sample_id,cluster
0,6
1,1
2,5
3,6
4,6
5,2
6,1
7,4
8,1
9,4
10,4
11,0
12,0
13,0
14,6
15,2
16,1
17,6
18,2
19,5
20,1
21,4
22,1
23,4
24,2
25,5
26,2
27,2
28,1
29,2
30,2
31,6
32,2
33,6
34,2
35,6
36,6
37,2
38,2
39,2
40,2
41,4
42,5
43,5
44,1
45,5
46,2
47,1
48,0
49,1
50,4
51,1
52,2
53,1
54,6
55,6
56,1
57,6
58,2
59,2
60,2
61,2
62,4
63,6
64,4
65,6
66,6
67,2
68,2
69,4
70,2
71,6
72,2
73,4
74,2
75,4
76,6
77,4
78,4
79,4
80,2
81,4
82,2
83,5
84,2
85,6
86,2
87,6
88,6
89,5
90,2
91,6
92,2
93,4
94,2
95,6
96,2
97,6
98,5
99,4
100,5
101,1
102,5
103,6
104,2
105,6
106,2
107,1
108,6
109,2
110,2
111,2
112,0
113,1
114,2
115,5
116,2
117,1
118,1
119,2
120,1
121,6
122,2
123,2
124,6
125,0
126,2
127,4
128,6
129,2
130,2
131,0
132,4
133,6
134,2
135,1
136,1
137,2
138,4
139,2
140,4
141,0
142,4
143,4
144,1
145,2
146,4
147,5
148,1
149,5
150,1
151,5
152,4
153,4
154,2
155,4
156,6
157,4
158,5
159,4
160,2
161,1
162,2
163,1
164,4
165,6
166,2
167,6
168,6
169,6
170,4
171,6
172,5
173,6
174,1
175,6
176,2
177,6
178,0
179,1
180,2
181,6
182,0
183,6
184,2
185,2
186,0
187,5
188,2
189,2
190,0
191,2
192,2
193,1
194,1
195,2
196,2
197,5
198,2
199,2
200,2
201,2
202,2
203,0
204,1
205,2
206,2
207,0
208,0
209,4
210,6
211,4
212,2
213,6
214,2
215,2
216,2
217,2
218,6
219,6
220,2
221,6
222,6
223,6
224,2
225,6
226,2
227,6
228,2
229,1
230,6
231,4
232,2
233,1
234,2
235,1
236,2
237,5
238,5
239,6
240,4
241,6
242,1
243,1
244,6
245,2
246,2
247,6
248,2
249,6
250,0
251,2
252,6
253,1
254,2
255,0
256,6
257,2
258,6
259,0
260,0
261,0
262,6
263,4
264,6
265,2
266,6
267,4
268,2
269,6
270,2
271,6
272,6
273,1
274,4
275,2
276,1
277,0
278,6
279,2
280,6
281,6
282,1
283,0
284,2
285,2
286,0
287,1
288,2
289,0
290,2
291,6
292,0
293,4
294,2
295,6
296,2
297,1
298,2
299,2
300,2
301,2
302,4
303,4
304,2
305,6
306,6
307,6
308,2
309,6
310,6
311,0
312,6
313,1
314,0
315,1
316,2
317,2
318,0
319,6
320,4
321,4
322,6
323,4
324,6
325,4
326,2
327,0
328,2
329,0
330,2
331,6
332,2
333,6
334,2
335,5
336,2
337,5
338,1
339,6
340,2
341,6
342,2
343,5
344,0
345,2
346,0
347,2
348,4
349,2
350,4
351,2
352,4
353,2
354,4
355,2
356,4
357,2
358,4
359,2
360,4
361,2
362,4
363,2
364,4
365,2
366,4
367,2
368,4
369,2
370,4
371,6
372,2
373,2
374,4
375,2
376,0
377,2
378,0
379,2
380,2
381,0
382,2
383,1
384,2
385,4
386,2
387,4
388,4
389,2
390,4
391,2
392,4
393,1
394,4
395,2
396,4
397,2
398,4
399,0
400,4
401,6
402,4
403,2
404,4
405,1
406,4
407,2
408,4
409,2
410,4
411,2
412,6
413,5
414,4
415,2
416,4
417,6
418,4
419,2
420,4
421,2
422,4
423,2
424,4
425,2
426,6
427,2
428,1
429,4
430,4
431,6
432,6
433,5
434,2
435,4
436,2
437,4
438,2
439,4
440,4
441,4
442,2
443,4
444,2
445,4
446,6
447,4
448,2
449,4
450,0
451,4
452,0
453,4
454,6
455,4
456,4
457,4
458,2
459,4
460,4
461,2
462,4
463,0
464,4
465,6
466,2
467,4
468,2
469,6
470,4
471,6
472,4
473,6
474,4
475,2
476,4
477,6
478,4
479,4
480,4
481,2
482,4
483,6
484,4
485,6
486,4
487,6
488,4
489,4
490,4
491,2
492,4
493,2
494,4
495,6
496,4
497,4
498,4
499,6
500,0
501,6
502,2
503,2
504,6
505,0
506,2
507,2
508,2
509,0
510,0
511,6
512,2
513,6
514,2
515,6
516,6
517,2
518,6
519,2
520,2
521,2
522,0
523,2
524,0
525,2
526,4
527,2
528,0
529,6
530,0
531,2
532,0
533,2
534,0
535,2
536,0
537,0
538,0
539,0
540,6
541,2
542,6
543,6
544,6
545,2
546,6
547,6
548,6
549,2
550,0
551,2
552,0
553,2
554,2
555,6
556,4
557,0
558,1
559,6
560,1
561,6
562,1
563,0
564,2
565,0
566,2
567,6
568,0
569,2
570,1
571,6
572,1
573,0
574,6
575,6
576,1
577,0
578,1
579,6
580,2
581,0
582,1
583,6
584,1
585,6
586,1
587,0
588,1
589,0
590,1
591,1
592,1
593,2
594,1
595,2
596,1
597,4
598,4
599,1
600,1
601,1
602,2
603,1
604,6
605,1
606,4
607,2
608,1
609,1
610,2
611,1
612,2
613,1
614,2
615,1
616,4
617,1
618,1
619,1
620,2
621,1
622,6
623,2
624,2
625,1
626,2
627,1
628,2
629,2
630,1
631,1
632,2
633,1
634,2
635,1
636,4
637,1
638,0
639,1
640,4
641,1
642,0
643,2
644,1
645,1
646,4
647,1
648,1
649,2
650,0
651,2
652,6
653,2
654,2
655,4
656,5
657,0
658,2
659,1
660,1
661,4
662,6
663,4
664,4
665,6
666,4
667,6
668,0
669,1
670,0
671,5
672,2
673,5
674,0
675,2
676,0
677,1
678,0
679,1
680,6
681,2
682,4
683,5
684,4
685,6
686,2
687,6
688,4
689,1
690,0
691,6
692,2
693,6
694,2
695,1
696,2
697,2
698,0
699,2
700,0
701,2
702,0
703,5
704,4
705,1
706,0
707,2
708,2
709,4
710,6
711,6
712,6
713,4
714,6
715,4
716,1
717,5
718,4
719,4
720,1
721,6
722,1
723,0
724,2
725,0
726,1
727,4
728,2
729,4
730,0
731,6
732,2
733,4
734,1
735,2
736,2
737,4
738,6
739,2
740,0
741,4
742,2
743,0
744,2
745,4
746,1
747,4
748,1
749,4
750,2
751,2
752,1
753,2
754,1
755,2
756,2
757,0
758,1
759,4
760,6
761,4
762,1
763,2
764,1
765,4
766,6
767,0
768,1
769,6
770,1
771,4
772,1
773,4
774,1
775,0
776,1
777,0
778,4
779,2
780,6
781,4
782,1
783,0
784,1
785,4
786,2
787,2
788,1
789,0
790,2
791,0
792,0
793,0
794,1
795,0
796,4
797,0
798,2
799,0
800,6
801,0
802,1
803,1
804,0
805,1
806,5
807,6
808,4
809,1
810,0
811,6
812,1
813,2
814,4
815,0
816,1
817,2
818,6
819,0
820,1
821,6
822,6
823,2
824,1
825,2
826,1
827,0
828,1
829,0
830,1
831,0
832,2
833,0
834,6
835,0
836,1
837,4
838,1
839,0
840,1
841,0
842,1
843,4
844,6
845,0
846,6
847,4
848,1
849,1
850,1
851,4
852,1
853,6
854,1
855,0
856,1
857,4
858,1
859,0
860,6
861,0
862,6
863,2
864,2
865,4
866,4
867,2
868,0
869,2
870,4
871,4
872,4
873,4
874,4
875,4
876,4
877,4
878,4
879,5
880,2
881,2
882,4
883,2
884,2
885,4
886,2
887,4
888,2
889,4
890,2
891,4
892,2
893,4
894,2
895,4
896,2
897,4
898,6
899,4
900,4
901,0
902,2
903,4
904,2
905,6
906,2
907,0
908,1
909,4
910,2
911,2
912,0
913,0
914,4
915,2
916,0
917,2
918,6
919,0
920,2
921,2
922,4
923,0
924,4
925,0
926,2
927,0
928,2
929,6
930,2
931,0
932,2
933,0
934,1
935,0
936,4
937,0
938,4
939,6
940,1
941,4
942,1
943,2
944,1
945,2
946,1
947,0
948,1
949,4
950,1
951,0
952,1
953,4
954,1
955,4
956,2
957,4
958,1
959,1
960,1
961,6
962,2
963,0
964,2
965,5
966,4
967,0
968,4
969,4
970,1
971,2
972,1
973,6
974,1
975,4
976,1
977,2
978,1
979,6
980,1
981,0
982,1
983,4
984,1
985,0
986,1
987,4
988,1
989,6
990,1
991,0
992,1
993,4
994,1
995,0
996,1
997,2
998,6
999,4
1000,1
1001,4
1002,0
1003,0
1004,2
1005,0
1006,2
1007,1
1008,0
1009,4
1010,1
1011,0
1012,2
1013,0
1014,2
1015,1
1016,2
1017,0
1018,2
1019,4
1020,1
1021,4
1022,1
1023,0
1024,1
1025,0
1026,4
1027,2
1028,1
1029,6
1030,1
1031,0
1032,1
1033,0
1034,0
1035,0
1036,1
1037,0
1038,1
1039,0
1040,1
1041,6
1042,1
1043,6
1044,6
1045,6
1046,1
1047,6
1048,2
1049,6
1050,2
1051,6
1052,5
1053,2
1054,2
1055,6
1056,2
1057,6
1058,6
1059,6
1060,1
1061,5
1062,1
1063,6
1064,1
1065,2
1066,1
1067,6
1068,6
1069,6
1070,6
1071,6
1072,2
1073,1
1074,1
1075,2
1076,2
1077,6
1078,6
1079,6
1080,1
1081,5
1082,2
1083,6
1084,0
1085,6
1086,6
1087,6
1088,1
1089,6
1090,2
1091,2
1092,6
1093,2
1094,2
1095,2
1096,2
1097,2
1098,6
1099,2
1100,4
1101,2
1102,6
1103,2
1104,6
1105,2
1106,6
1107,2
1108,2
1109,2
1110,0
1111,2
1112,6
1113,2
1114,6
1115,1
1116,6
1117,2
1118,6
1119,0
1120,5
1121,1
1122,4
1123,2
1124,6
1125,0
1126,2
1127,6
1128,2
1129,6
1130,4
1131,4
1132,2
1133,6
1134,2
1135,2
1136,6
1137,4
1138,6
1139,6
1140,1
1141,0
1142,0
1143,5
1144,2
1145,1
1146,6
1147,6
1148,6
1149,1
1150,0
1151,5
1152,4
1153,6
1154,0
1155,1
1156,0
1157,4
1158,4
1159,4
1160,6
1161,1
1162,4
1163,2
1164,6
1165,2
1166,6
1167,1
1168,4
1169,1
1170,0
1171,6
1172,6
1173,0
1174,6
1175,0
1176,6
1177,0
1178,6
1179,2
1180,6
1181,2
1182,2
1183,2
1184,0
1185,6
1186,6
1187,1
1188,0
1189,5
1190,4
1191,1
1192,6
1193,4
1194,6
1195,2
1196,2
1197,4
1198,6
1199,2
1200,6
1201,6
1202,4
1203,4
1204,4
1205,1
1206,2
1207,4
1208,0
1209,0
1210,0
1211,2
1212,0
1213,6
1214,2
1215,2
1216,0
1217,2
1218,2
1219,2
1220,0
1221,1
1222,6
1223,0
1224,2
1225,4
1226,0
1227,0
1228,2
1229,0
1230,2
1231,2
1232,2
1233,2
1234,6
1235,0
1236,2
1237,0
1238,4
1239,2
1240,4
1241,1
1242,6
1243,0
1244,0
1245,6
1246,0
1247,2
1248,0
1249,1
1250,0
1251,1
1252,2
1253,6
1254,0
1255,2
1256,0
1257,2
1258,6
1259,0
1260,6
1261,2
1262,6
1263,1
1264,0
1265,1
1266,5
1267,1
1268,6
1269,1
1270,6
1271,4
1272,0
1273,1
1274,6
1275,0
1276,1
1277,2
1278,1
1279,0
1280,1
1281,2
1282,1
1283,0
1284,1
1285,0
1286,2
1287,0
1288,1
1289,1
1290,1
1291,0
1292,1
1293,6
1294,1
1295,6
1296,1
1297,0
1298,1
1299,0
1300,1
1301,0
1302,1
1303,0
1304,1
1305,1
1306,2
1307,0
1308,1
1309,0
1310,1
1311,0
1312,1
1313,1
1314,6
1315,1
1316,2
1317,5
1318,0
1319,2
1320,2
1321,1
1322,1
1323,6
1324,2
1325,2
1326,2
1327,2
1328,0
1329,6
1330,0
1331,6
1332,0
1333,4
1334,0
1335,2
1336,0
1337,6
1338,1
1339,6
1340,6
1341,1
1342,2
1343,2
1344,2
1345,6
1346,2
1347,6
1348,2
1349,6
1350,4
1351,6
1352,6
1353,1
1354,6
1355,1
1356,2
1357,1
1358,2
1359,2
1360,2
1361,2
1362,5
1363,0
1364,1
1365,6
1366,2
1367,6
1368,2
1369,4
1370,6
1371,2
1372,1
1373,2
1374,2
1375,6
1376,2
1377,1
1378,2
1379,1
1380,2
1381,1
1382,6
1383,6
1384,2
1385,6
1386,6
1387,6
1388,6
1389,6
1390,2
1391,1
1392,0
1393,2
1394,2
1395,0
1396,2
1397,2
1398,2
1399,2
1400,1
1401,6
1402,1
1403,1
1404,6
1405,1
1406,4
1407,6
1408,2
1409,6
1410,2
1411,6
1412,6
1413,6
1414,6
1415,6
1416,2
1417,6
1418,2
1419,6
1420,5
1421,2
1422,6
1423,2
1424,5
1425,6
1426,2
1427,2
1428,2
1429,6
1430,6
1431,6
1432,6
1433,1
1434,2
1435,1
1436,2
1437,4
1438,2
1439,2
1440,6
1441,6
1442,2
1443,5
1444,0
1445,6
1446,2
1447,4
1448,6
1449,4
1450,1
1451,5
1452,4
1453,2
1454,6
1455,4
1456,1
1457,6
1458,6
1459,2
1460,6
1461,6
1462,1
1463,2
1464,2
1465,2
1466,2
1467,2
1468,2
1469,2
1470,2
1471,1
1472,0
1473,2
1474,1
1475,4
1476,2
1477,2
1478,6
1479,2
1480,4
1481,4
1482,1
1483,0
1484,1
1485,1
1486,2
1487,2
1488,1
1489,0
1490,1
1491,2
1492,1
1493,2
1494,2
1495,0
1496,1
1497,2
1498,1
1499,2
1500,2
1501,0
1502,2
1503,2
1504,2
1505,0
1506,2
1507,2
1508,2
1509,2
1510,1
1511,2
1512,5
1513,1
1514,6
1515,1
1516,2
1517,0
1518,6
1519,6
1520,6
1521,2
1522,2
1523,5
1524,2
1525,2
1526,2
1527,2
1528,2
1529,2
1530,2
1531,2
1532,2
1533,0
1534,2
1535,6
1536,4
1537,6
1538,6
1539,1
1540,2
1541,6
1542,6
1543,0
1544,6
1545,6
1546,6
1547,6
1548,6
1549,2
1550,2
1551,6
1552,6
1553,2
1554,6
1555,6
1556,6
1557,2
1558,1
1559,2
1560,5
1561,2
1562,1
1563,6
1564,1
1565,6
1566,6
1567,2
1568,6
1569,2
1570,1
1571,6
1572,6
1573,2
1574,6
1575,2
1576,6
1577,2
1578,1
1579,2
1580,1
1581,2
1582,1
1583,2
1584,6
1585,2
1586,6
1587,2
1588,6
1589,2
1590,6
1591,2
1592,0
1593,2
1594,2
1595,2
1596,2
1597,2
1598,2
1599,2
1600,6
1601,2
1602,1
1603,2
1604,1
1605,2
1606,6
1607,2
1608,2
1609,2
1610,0
1611,2
1612,5
1613,2
1614,2
1615,2
1616,1
1617,2
1618,6
1619,2
1620,2
1621,1
1622,2
1623,5
1624,6
1625,2
1626,6
1627,4
1628,2
1629,4
1630,2
1631,2
1632,4
1633,2
1634,2
1635,2
1636,3
1637,2
1638,2
1639,2
1640,1
1641,2
1642,6
1643,2
1644,2
1645,2
1646,2
1647,2
1648,2
1649,6
1650,2
1651,2
1652,2
1653,2
1654,2
1655,2
1656,6
1657,2
1658,2
1659,2
1660,5
1661,2
1662,2
1663,2
1664,2
1665,2
1666,5
1667,2
1668,1
1669,2
1670,4
1671,2
1672,5
1673,0
1674,2
1675,2
1676,2
1677,6
1678,2
1679,2
1680,2
1681,2
1682,2
1683,6
1684,2
1685,2
1686,2
1687,2
1688,2
1689,2
1690,6
1691,2
1692,2
1693,2
1694,2
1695,2
1696,4
1697,6
1698,2
1699,2
1700,2
1701,1
1702,1
1703,0
1704,1
1705,2
1706,1
1707,6
1708,1
1709,0
1710,1
1711,6
1712,2
1713,2
1714,6
1715,2
1716,1
1717,6
1718,2
1719,6
1720,2
1721,2
1722,2
1723,2
1724,1
1725,2
1726,1
1727,2
1728,1
1729,1
1730,1
1731,0
1732,1
1733,6
1734,1
1735,0
1736,1
1737,0
1738,2
1739,6
1740,2
1741,6
1742,4
1743,6
1744,2
1745,6
1746,2
1747,6
1748,2
1749,6
1750,1
1751,6
1752,1
1753,1
1754,1
1755,0
1756,1
1757,6
1758,1
1759,0
1760,1
1761,2
1762,2
1763,2
1764,1
1765,2
1766,1
1767,1
1768,1
1769,1
1770,1
1771,1
1772,5
1773,1
1774,0
1775,1
1776,4
1777,1
1778,1
1779,1
1780,4
1781,1
1782,2
1783,2
1784,0
1785,0
1786,1
1787,1
1788,0
1789,2
1790,1
1791,1
1792,6
1793,1
1794,2
1795,1
1796,1
1797,4
1798,1
1799,6
1800,1
1801,4
1802,2
1803,1
1804,6
1805,1
1806,6
1807,1
1808,2
1809,1
1810,1
1811,4
1812,0
1813,4
1814,0
1815,4
1816,2
1817,4
1818,2
1819,2
1820,0
1821,1
1822,4
1823,6
1824,2
1825,2
1826,2
1827,1
1828,1
1829,2
1830,1
1831,2
1832,4
1833,6
1834,6
1835,5
1836,4
1837,1
1838,6
1839,5
1840,6
1841,5
1842,1
1843,6
1844,4
1845,5
1846,1
1847,6
1848,1
1849,2
1850,2
1851,2
1852,1
1853,2
1854,2
1855,6
1856,5
1857,6
1858,6
1859,4
1860,6
1861,4
1862,6
1863,6
1864,6
1865,4
1866,6
1867,4
1868,6
1869,4
1870,5
1871,2
1872,5
1873,4
1874,6
1875,4
1876,6
1877,4
1878,6
1879,4
1880,6
1881,4
1882,6
1883,4
1884,6
1885,4
1886,6
1887,6
1888,6
1889,1
1890,6
1891,1
1892,6
1893,4
1894,6
1895,6
1896,6
1897,6
1898,4
1899,6
1900,1
1901,6
1902,4
1903,6
1904,1
1905,6
1906,1
1907,6
1908,1
1909,6
1910,1
1911,2
1912,4
1913,6
1914,6
1915,5
1916,6
1917,5
1918,6
1919,5
1920,1
1921,6
1922,1
1923,6
1924,6
1925,6
1926,6
1927,6
1928,6
1929,6
1930,5
1931,6
1932,6
1933,6
1934,2
1935,1
1936,2
1937,1
1938,6
1939,1
1940,6
1941,1
1942,6
1943,2
1944,6
1945,1
1946,6
1947,4
1948,2
1949,1
1950,2
1951,1
1952,6
1953,1
1954,6
1955,1
1956,6
1957,1
1958,6
1959,1
1960,6
1961,1
1962,6
1963,1
1964,6
1965,1
1966,6
1967,6
1968,2
1969,1
1970,6
1971,1
1972,2
1973,6
1974,1
1975,6
1976,1
1977,6
1978,2
1979,2
1980,1
1981,6
1982,1
1983,6
1984,1
1985,0
1986,6
1987,0
1988,6
1989,1
1990,2
1991,1
1992,6
1993,2
1994,6
1995,1
1996,6
1997,1
1998,6
1999,1
2000,2
2001,1
2002,2
2003,1
2004,4
2005,4
2006,6
2007,1
2008,5
2009,1
2010,2
2011,1
2012,4
2013,1
2014,6
2015,1
2016,0
2017,1
2018,6
2019,1
2020,1
2021,2
2022,6
2023,6
2024,1
2025,4
2026,1
2027,2
2028,1
2029,4
2030,1
2031,2
2032,1
2033,2
2034,2
2035,6
2036,1
2037,2
2038,1
2039,2
2040,1
2041,1
2042,1
2043,6
2044,1
2045,6
2046,2
2047,6
2048,1
2049,6
2050,1
2051,4
2052,1
2053,2
2054,1
2055,6
2056,1
2057,1
2058,6
2059,1
2060,6
2061,1
2062,2
2063,1
2064,6
2065,1
2066,2
2067,1
2068,6
2069,1
2070,6
2071,1
2072,6
2073,1
2074,4
2075,1
2076,6
2077,1
2078,6
2079,1
2080,6
2081,1
2082,2
2083,1
2084,2
2085,1
2086,6
2087,1
2088,5
2089,1
2090,5
2091,1
2092,2
2093,1
2094,6
2095,1
2096,6
2097,0
2098,6
2099,1
2100,6
2101,1
2102,6
2103,1
2104,6
2105,1
2106,6
2107,1
2108,6
2109,4
2110,4
2111,1
2112,2
2113,1
2114,2
2115,1
2116,6
2117,6
2118,6
2119,1
2120,6
2121,1
2122,6
2123,1
2124,6
2125,1
2126,6
2127,1
2128,2
2129,1
2130,2
2131,2
2132,2
2133,6
2134,4
2135,6
2136,2
2137,2
2138,2
2139,1
2140,1
2141,1
2142,6
2143,2
2144,1
2145,2
2146,4
2147,6
2148,1
2149,6
2150,2
2151,6
2152,1
2153,2
2154,1
2155,6
2156,4
2157,6
2158,1
2159,6
2160,1
2161,6
2162,5
2163,2
2164,2
2165,2
2166,6
2167,2
2168,2
2169,2
2170,2
2171,2
2172,0
2173,2
2174,2
2175,2
2176,2
2177,6
2178,2
2179,2
2180,2
2181,2
2182,2
2183,2
2184,2
2185,2
2186,2
2187,2
2188,2
2189,2
2190,2
2191,2
2192,2
2193,2
2194,2
2195,2
2196,2
2197,2
2198,2
2199,2
2200,2
2201,2
2202,2
2203,2
2204,2
2205,2
2206,2
2207,2
2208,2
2209,2
2210,2
2211,2
2212,2
2213,4
2214,2
2215,2
2216,2
2217,2
2218,4
2219,2
2220,5
2221,4
2222,2
2223,5
2224,2
2225,2
2226,2
2227,2
2228,2
2229,2
2230,6
2231,2
2232,2
2233,2
2234,2
2235,1
2236,1
2237,1
2238,1
2239,4
2240,4
2241,2
2242,6
2243,2
2244,2
2245,2
2246,2
2247,1
2248,2
2249,1
2250,2
2251,1
2252,6
2253,6
2254,6
2255,5
2256,2
2257,2
2258,1
2259,1
2260,1
2261,1
2262,4
2263,6
2264,2
2265,1
2266,1
2267,2
2268,2
2269,0
2270,2
2271,6
2272,6
2273,2
2274,2
2275,2
2276,2
2277,2
2278,2
2279,6
2280,5
2281,6
2282,2
2283,6
2284,6
2285,6
2286,6
2287,6
2288,2
2289,2
2290,2
2291,2
2292,6
2293,2
2294,2
2295,2
2296,2
2297,2
2298,2
2299,2
2300,2
2301,2
2302,2
2303,2
2304,2
2305,1
2306,1
2307,1
2308,0
2309,6
2310,1
2311,0
2312,1
2313,0
2314,1
2315,2
2316,1
2317,1
2318,2
2319,1
2320,1
2321,1
2322,2
2323,0
2324,0
2325,6
2326,0
2327,1
2328,6
2329,6
2330,6
2331,6
2332,1
2333,1
2334,1
2335,2
2336,2
2337,1
2338,2
2339,0
2340,2
2341,0
2342,6
2343,6
2344,6
2345,0
2346,1
2347,1
2348,1
2349,0
2350,4
2351,0
2352,1
2353,0
2354,2
2355,0
2356,5
2357,4
2358,1
2359,5
2360,6
2361,0
2362,6
2363,6
2364,6
2365,2
2366,6
2367,0
2368,0
2369,1
2370,1
2371,0
2372,1
2373,2
2374,5
2375,6
2376,5
2377,5
2378,6
2379,6
2380,6
2381,6
2382,5
2383,4
2384,5
2385,5
2386,4
2387,1
2388,4
2389,6
2390,2
2391,4
2392,6
2393,0
2394,1
2395,6
2396,6
2397,0
2398,6
2399,6
2400,5
2401,6
2402,6
2403,1
2404,5
2405,6
2406,5
2407,1
2408,1
2409,2
2410,1
2411,4
2412,5
2413,6
2414,0
2415,0
2416,0
2417,1
2418,0
2419,0
2420,4
2421,0
2422,5
2423,0
2424,0
2425,1
2426,0
2427,0
2428,0
2429,1
2430,1
2431,4
2432,0
2433,0
2434,0
2435,1
2436,6
2437,5
2438,1
2439,5
2440,1
2441,1
2442,1
2443,1
2444,4
2445,0
2446,0
2447,1
2448,0
2449,1
2450,6
2451,1
2452,6
2453,6
2454,1
2455,6
2456,0
2457,2
2458,1
2459,5
2460,0
2461,6
2462,1
2463,1
2464,1
2465,1
2466,5
2467,4
2468,1
2469,1
2470,1
2471,5
2472,4
2473,0
2474,0
2475,0
2476,0
2477,0
2478,6
2479,0
2480,6
2481,0
2482,1
2483,0
2484,1
2485,4
2486,5
2487,0
2488,2
2489,1
2490,1
2491,6
2492,1
2493,6
2494,5
2495,6
2496,6
2497,5
2498,6
2499,1
2500,5
2501,1
2502,0
2503,0
2504,5
2505,4
2506,0
2507,0
2508,0
2509,1
2510,1
2511,1
2512,0
2513,6
2514,6
2515,6
2516,6
2517,5
2518,6
2519,6
2520,6
2521,6
2522,6
2523,0
2524,1
2525,0
2526,1
2527,1
2528,0
2529,6
2530,6
2531,6
2532,0
2533,5
2534,5
2535,0
2536,6
2537,0
2538,4
2539,6
2540,4
2541,5
2542,6
2543,6
2544,6
2545,6
2546,6
2547,2
2548,1
2549,6
2550,1
2551,1
2552,1
2553,5
2554,4
2555,6
2556,6
2557,5
2558,0
2559,0
2560,5
2561,5
2562,5
2563,0
2564,6
2565,4
2566,4
2567,1
2568,0
2569,0
2570,0
2571,1
2572,0
2573,0
2574,0
2575,6
2576,0
2577,5
2578,0
2579,6
2580,6
2581,0
2582,0
2583,0
2584,6
2585,4
2586,4
2587,0
2588,4
2589,6
2590,4
2591,0
2592,0
2593,1
2594,0
2595,4
2596,6
2597,0
2598,1
2599,0
2600,0
2601,0
2602,0
2603,0
2604,4
2605,0
2606,0
2607,0
2608,1
2609,0
2610,1
2611,1
2612,0
2613,1
2614,0
2615,5
2616,1
2617,1
2618,4
2619,1
2620,6
2621,1
2622,1
2623,0
2624,5
2625,0
2626,4
2627,5
2628,5
2629,6
2630,0
2631,0
2632,0
2633,5
2634,4
2635,6
2636,0
2637,2
2638,0
2639,4
2640,0
2641,0
2642,0
2643,0
2644,4
2645,4
2646,0
2647,0
2648,1
2649,0
2650,1
2651,4
2652,0
2653,0
2654,1
2655,5
2656,6
2657,1
2658,0
2659,6
2660,1
2661,6
2662,4
2663,4
2664,0
2665,1
2666,1
2667,4
2668,0
2669,0
2670,5
2671,0
2672,0
2673,1
2674,1
2675,6
2676,4
2677,0
2678,1
2679,4
2680,0
2681,0
2682,1
2683,1
2684,1
2685,5
2686,1
2687,4
2688,1
2689,0
2690,5
2691,1
2692,0
2693,1
2694,0
2695,4
2696,4
2697,4
2698,0
2699,2
2700,6
2701,4
2702,6
2703,0
2704,0
2705,0
2706,4
2707,0
2708,0
2709,5
2710,5
2711,2
2712,6
2713,6
2714,4
2715,4
2716,1
2717,0
2718,1
2719,6
2720,6
2721,1
2722,1
2723,2
2724,4
2725,0
2726,4
2727,5
2728,1
2729,4
2730,4
2731,6
2732,0
2733,4
2734,4
2735,6
2736,5
2737,5
2738,1
2739,1
2740,4
2741,0
2742,4
2743,4
2744,4
2745,4
2746,5
2747,4
2748,0
2749,4
2750,0
2751,1
2752,5
2753,0
2754,0
2755,0
2756,1
2757,4
2758,1
2759,1
2760,4
2761,0
2762,1
2763,4
2764,6
2765,0
2766,0
2767,0
2768,0
2769,0
2770,0
2771,1
2772,4
2773,4
2774,2
2775,1
2776,1
2777,4
2778,4
2779,4
2780,4
2781,5
2782,4
2783,4
2784,0
2785,4
2786,4
2787,1
2788,4
2789,1
2790,4
2791,4
2792,6
2793,4
2794,4
2795,0
2796,4
2797,4
2798,1
2799,4
2800,4
2801,4
2802,4
2803,4
2804,2
2805,4
2806,5
2807,4
2808,6
2809,1
2810,4
2811,6
2812,0
2813,0
2814,1
2815,1
2816,0
2817,1
2818,1
2819,1
2820,5
2821,5
2822,1
2823,2
2824,6
2825,5
2826,4
2827,0
2828,6
2829,5
2830,4
2831,4
2832,5
2833,5
2834,6
2835,4
2836,4
2837,5
2838,0
2839,4
2840,1
2841,4
2842,1
2843,4
2844,4
2845,4
2846,1
2847,1
2848,4
2849,1
2850,4
2851,4
2852,4
2853,0
2854,5
2855,1
2856,4
2857,0
2858,4
2859,4
2860,1
2861,0
2862,0
2863,5
2864,1
2865,0
2866,1
2867,4
2868,1
2869,0
2870,4
2871,5
2872,4
2873,4
2874,1
2875,4
2876,1
2877,5
2878,6
2879,1
2880,1
2881,1
2882,2
2883,4
2884,0
2885,0
2886,0
2887,4
2888,4
2889,1
2890,4
2891,2
2892,4
2893,5
2894,0
2895,1
2896,4
2897,1
2898,0
2899,4
2900,1
2901,4
2902,1
2903,1
2904,1
2905,5
2906,4
2907,4
2908,4
2909,4
2910,4
2911,5
2912,0
2913,4
2914,0
2915,1
2916,1
2917,4
2918,0
2919,0
2920,0
2921,1
2922,1
2923,5
2924,6
2925,0
2926,5
2927,4
2928,1
2929,0
2930,5
2931,0
2932,4
2933,1
2934,5
2935,2
2936,2
2937,1
2938,0
2939,4
2940,4
2941,0
2942,0
2943,0
2944,4
2945,0
2946,5
2947,0
2948,6
2949,5
2950,1
2951,4
2952,0
2953,0
2954,1
2955,1
2956,1
2957,4
2958,6
2959,4
2960,0
2961,1
2962,4
2963,0
2964,0
2965,5
2966,4
2967,0
2968,4
2969,1
2970,4
2971,0
2972,0
2973,5
2974,0
2975,1
2976,6
2977,4
2978,4
2979,6
2980,0
2981,4
2982,2
2983,0
2984,1
2985,2
2986,0
2987,6
2988,6
2989,4
2990,1
2991,4
2992,1
2993,0
2994,4
2995,5
2996,1
2997,0
2998,0
2999,0
3000,1
3001,1
3002,0
3003,2
3004,4
3005,1
3006,6
3007,0
3008,4
3009,0
3010,5
3011,0
3012,4
3013,1
3014,0
3015,5
3016,5
3017,4
3018,5
3019,0
3020,4
3021,5
3022,4
3023,1
3024,0
3025,4
3026,5
3027,0
3028,1
3029,6
3030,0
3031,5
3032,6
3033,0
3034,0
3035,6
3036,0
3037,6
3038,1
3039,4
3040,0
3041,5
3042,1
3043,2
3044,1
3045,4
3046,1
3047,0
3048,5
3049,0
3050,0
3051,2
3052,0
3053,1
3054,1
3055,5
3056,1
3057,4
3058,4
3059,0
3060,2
3061,6
3062,4
3063,5
3064,0
3065,4
3066,6
3067,4
3068,0
3069,6
3070,4
3071,0
3072,1
3073,1
3074,0
3075,6
3076,4
3077,4
3078,4
3079,1
3080,5
3081,5
3082,5
3083,6
3084,0
3085,0
3086,6
3087,5
3088,6
3089,4
3090,4
3091,4
3092,0
3093,4
3094,1
3095,5
3096,4
3097,6
3098,6
3099,4
3100,4
3101,6
3102,5
3103,4
3104,0
3105,4
3106,1
3107,4
3108,4
3109,4
3110,1
3111,4
3112,4
3113,0
3114,0
3115,1
3116,4
3117,5
3118,5
3119,0
3120,4
3121,4
3122,5
3123,4
3124,0
3125,4
3126,1
3127,1
3128,5
3129,0
3130,5
3131,4
3132,1
3133,6
3134,1
3135,0
3136,1
3137,0
3138,6
3139,4
3140,0
3141,0
3142,0
3143,4
3144,0
3145,5
3146,6
3147,0
3148,0
3149,4
3150,5
3151,0
3152,0
3153,0
3154,5
3155,0
3156,6
3157,5
3158,2
3159,0
3160,0
3161,1
3162,1
3163,4
3164,4
3165,0
3166,5
3167,0
3168,1
3169,5
3170,1
3171,4
3172,4
3173,4
3174,4
3175,6
3176,5
3177,0
3178,4
3179,4
3180,5
3181,0
3182,4
3183,4
3184,0
3185,5
3186,0
3187,4
3188,4
3189,4
3190,0
3191,5
3192,4
3193,4
3194,2
3195,0
3196,4
3197,4
3198,6
3199,4
3200,1
3201,4
3202,1
3203,4
3204,4
3205,1
3206,4
3207,4
3208,4
3209,0
3210,4
3211,4
3212,0
3213,0
3214,4
3215,4
3216,6
3217,4
3218,5
3219,1
3220,4
3221,0
3222,1
3223,1
3224,1
3225,1
3226,1
3227,1
3228,1
3229,1
3230,1
3231,1
3232,1
3233,1
3234,1
3235,1
3236,1
3237,1
3238,1
3239,1
3240,1
3241,1
3242,5
3243,1
3244,1
3245,1
3246,1
3247,1
3248,1
3249,1
3250,1
3251,1
3252,1
3253,1
3254,1
3255,1
3256,1
3257,1
3258,1
3259,1
3260,1
3261,1
3262,1
3263,1
3264,1
3265,1
3266,1
3267,1
3268,1
3269,1
3270,1
3271,1
3272,1
3273,5
3274,5
3275,5
3276,1
3277,5
3278,5
3279,5
3280,1
3281,1
3282,1
3283,2
3284,5
3285,5
3286,5
3287,1
3288,1
3289,1
3290,1
3291,1
3292,5
3293,1
3294,1
3295,1
3296,1
3297,1
3298,5
3299,5
3300,6
3301,1
3302,1
3303,1
3304,1
3305,1
3306,1
3307,1
3308,1
3309,1
3310,1
3311,2
3312,1
3313,1
3314,1
3315,1
3316,1
3317,1
3318,1
3319,4
3320,1
3321,1
3322,1
3323,1
3324,0
3325,1
3326,1
3327,1
3328,1
3329,0
3330,1
3331,1
3332,1
3333,2
3334,1
3335,1
3336,1
3337,1
3338,1
3339,1
3340,1
3341,1
3342,1
3343,1
3344,1
3345,1
3346,6
3347,1
3348,1
3349,6
3350,1
3351,1
3352,0
3353,6
3354,1
3355,1
3356,1
3357,1
3358,1
3359,1
3360,1
3361,5
3362,1
3363,1
3364,1
3365,6
3366,1
3367,1
3368,1
3369,1
3370,1
3371,1
3372,1
3373,5
3374,1
3375,1
3376,1
3377,1
3378,5
3379,1
3380,5
3381,5
3382,1
3383,1
3384,1
3385,5
3386,1
3387,1
3388,5
3389,1
3390,1
3391,1
3392,1
3393,1
3394,1
3395,1
3396,1
3397,1
3398,1
3399,1
3400,1
3401,6
3402,1
3403,1
3404,1
3405,1
3406,1
3407,1
3408,1
3409,1
3410,5
3411,6
3412,5
3413,6
3414,6
3415,6
3416,6
3417,6
3418,6
3419,6
3420,6
3421,6
3422,6
3423,5
3424,6
3425,6
3426,5
3427,1
3428,6
3429,1
3430,1
3431,1
3432,1
3433,1
3434,1
3435,1
3436,1
3437,1
3438,1
3439,1
3440,1
3441,1
3442,1
3443,5
3444,1
3445,1
3446,1
3447,6
3448,1
3449,1
3450,1
3451,1
3452,1
3453,1
3454,1
3455,1
3456,1
3457,6
3458,5
3459,5
3460,5
3461,5
3462,5
3463,5
3464,6
3465,5
3466,0
3467,5
3468,6
3469,6
3470,5
3471,6
3472,5
3473,5
3474,5
3475,5
3476,5
3477,1
3478,5
3479,5
3480,5
3481,1
3482,5
3483,5
3484,5
3485,5
3486,1
3487,1
3488,0
3489,1
3490,1
3491,4
3492,1
3493,1
3494,1
3495,1
3496,1
3497,5
3498,1
3499,1
3500,1
3501,1
3502,1
3503,1
3504,1
3505,1
3506,1
3507,1
3508,1
3509,1
3510,1
3511,1
3512,1
3513,1
3514,1
3515,1
3516,1
3517,1
3518,1
3519,6
3520,4
3521,1
3522,5
3523,1
3524,5
3525,6
3526,6
3527,6
3528,5
3529,1
3530,1
3531,1
3532,6
3533,5
3534,6
3535,2
3536,5
3537,6
3538,5
3539,0
3540,1
3541,5
3542,5
3543,1
3544,6
3545,0
3546,1
3547,1
3548,1
3549,0
3550,6
3551,2
3552,6
3553,5
3554,6
3555,6
3556,0
3557,5
3558,1
3559,6
3560,1
3561,1
3562,5
3563,5
3564,4
3565,2
3566,2
3567,1
3568,1
3569,1
3570,6
3571,5
3572,6
3573,6
3574,1
3575,1
3576,1
3577,6
3578,1
3579,1
3580,1
3581,6
3582,1
3583,1
3584,1
3585,1
3586,5
3587,1
3588,1
3589,1
3590,1
3591,1
3592,1
3593,5
3594,1
3595,6
3596,5
3597,1
3598,4
3599,1
3600,4
3601,4
3602,6
3603,4
3604,1
3605,4
3606,4
3607,4
3608,4
3609,5
3610,4
3611,1
3612,1
3613,6
3614,1
3615,1
3616,1
3617,1
3618,5
3619,5
3620,5
3621,1
3622,6
3623,1
3624,1
3625,5
3626,1
3627,1
3628,5
3629,1
3630,0
3631,1
3632,1
3633,1
3634,1
3635,1
3636,1
3637,1
3638,5
3639,5
3640,1
3641,2
3642,1
3643,6
3644,1
3645,1
3646,2
3647,1
3648,1
3649,1
3650,1
3651,2
3652,2
3653,1
3654,5
3655,1
3656,2
3657,1
3658,1
3659,1
3660,1
3661,1
3662,1
3663,1
3664,5
3665,1
3666,1
3667,2
3668,1
3669,6
3670,6
3671,6
3672,5
3673,6
3674,1
3675,5
3676,6
3677,6
3678,6
3679,1
3680,5
3681,5
3682,1
3683,1
3684,6
3685,6
3686,4
3687,6
3688,5
3689,6
3690,6
3691,5
3692,6
3693,6
3694,6
3695,6
3696,5
3697,6
3698,6
3699,5
3700,1
3701,6
3702,6
3703,5
3704,6
3705,1
3706,5
3707,5
3708,6
3709,1
3710,4
3711,6
3712,5
3713,5
3714,1
3715,0
3716,6
3717,1
3718,6
3719,6
3720,6
3721,6
3722,6
3723,6
3724,1
3725,6
3726,6
3727,1
3728,6
3729,6
3730,6
3731,6
3732,6
3733,6
3734,6
3735,0
3736,6
3737,0
3738,6
3739,1
3740,6
3741,6
3742,6
3743,6
3744,6
3745,6
3746,1
3747,1
3748,1
3749,5
3750,1
3751,1
3752,1
3753,1
3754,1
3755,1
3756,1
3757,1
3758,1
3759,5
3760,1
3761,1
3762,1
3763,1
3764,1
3765,1
3766,1
3767,1
3768,6
3769,1
3770,1
3771,1
3772,1
3773,1
3774,1
3775,6
3776,1
3777,5
3778,1
3779,1
3780,1
3781,1
3782,5
3783,1
3784,1
3785,1
3786,1
3787,1
3788,1
3789,1
3790,1
3791,1
3792,6
3793,6
3794,1
3795,1
3796,1
3797,1
3798,6
3799,1
3800,1
3801,6
3802,4
3803,6
3804,1
3805,1
3806,6
3807,1
3808,1
3809,1
3810,6
3811,5
3812,1
3813,4
3814,1
3815,5
3816,1
3817,5
3818,2
3819,5
3820,3
3821,3
3822,3
3823,2
3824,3
3825,3
3826,5
3827,3
3828,3
3829,3
3830,3
3831,3
3832,3
3833,5
3834,3
3835,3
3836,3
3837,3
3838,3
3839,3
3840,3
3841,3
3842,3
3843,3
3844,3
3845,3
3846,3
3847,3
3848,3
3849,2
3850,2
3851,2
3852,2
3853,3
3854,3
3855,3
3856,3
3857,3
3858,3
3859,3
3860,3
3861,3
3862,3
3863,3
3864,3
3865,3
3866,3
3867,2
3868,3
3869,3
3870,3
3871,2
3872,2
3873,2
3874,2
3875,3
3876,2
3877,3
3878,2
3879,2
3880,2
3881,2
3882,3
3883,3
3884,3
3885,3
3886,3
3887,3
3888,3
3889,2
3890,2
3891,3
3892,2
3893,6
3894,2
3895,2
3896,2
3897,2
3898,3
3899,2
3900,3
3901,2
3902,2
3903,2
3904,2
3905,3
3906,2
3907,2
3908,2
3909,2
3910,2
3911,3
3912,3
3913,3
3914,3
3915,3
3916,3
3917,3
3918,3
3919,3
3920,3
3921,3
3922,3
3923,3
3924,3
3925,3
3926,3
3927,2
3928,3
3929,3
3930,3
3931,3
3932,2
3933,3
3934,2
3935,3
3936,2
3937,3
3938,2
3939,5
3940,2
3941,3
3942,3
3943,3
3944,3
3945,2
3946,2
3947,2
3948,2
3949,3
3950,5
3951,3
3952,3
3953,3
3954,2
3955,3
3956,2
3957,3
3958,3
3959,2
3960,3
3961,3
3962,3
3963,5
3964,3
3965,4
3966,3
3967,2
3968,3
3969,3
3970,2
3971,3
3972,3
3973,3
3974,3
3975,5
3976,3
3977,3
3978,3
3979,5
3980,3
3981,3
3982,5
3983,3
3984,3
3985,2
3986,2
3987,2
3988,5
3989,3
3990,3
3991,2
3992,3
3993,3
3994,3
3995,3
3996,2
3997,3
3998,2
3999,5
4000,2
4001,5
4002,2
4003,3
4004,3
4005,2
4006,5
4007,2
4008,1
4009,5
4010,1
4011,4
4012,3
4013,2
4014,2
4015,2
4016,2
4017,3
4018,2
4019,2
4020,3
4021,3
4022,2
4023,3
4024,5
4025,3
4026,2
4027,4
4028,2
4029,2
4030,2
4031,2
4032,2
4033,3
4034,5
4035,3
4036,3
4037,3
4038,3
4039,3
4040,3
4041,2
4042,4
4043,3
4044,3
4045,3
4046,3
4047,3
4048,3
4049,2
4050,3
4051,3
4052,2
4053,3
4054,2
4055,3
4056,2
4057,3
4058,2
4059,3
4060,2
4061,3
4062,3
4063,3
4064,5
4065,3
4066,3
4067,3
4068,3
4069,2
4070,3
4071,3
4072,3
4073,3
4074,3
4075,3
4076,3
4077,3
4078,3
4079,5
4080,5
4081,2
4082,5
4083,2
4084,2
4085,3
4086,3
4087,3
4088,2
4089,2
4090,2
4091,2
4092,2
4093,3
4094,2
4095,2
4096,2
4097,2
4098,2
4099,5
4100,3
4101,2
4102,2
4103,2
4104,2
4105,3
4106,2
4107,2
4108,2
4109,3
4110,3
4111,3
4112,2
4113,3
4114,3
4115,2
4116,2
4117,2
4118,2
4119,2
4120,2
4121,3
4122,2
4123,3
4124,2
4125,2
4126,2
4127,2
4128,3
4129,3
4130,2
4131,3
4132,3
4133,3
4134,3
4135,3
4136,5
4137,3
4138,5
4139,3
4140,2
4141,3
4142,2
4143,3
4144,2
4145,3
4146,3
4147,3
4148,2
4149,2
4150,2
4151,3
4152,3
4153,3
4154,2
4155,2
4156,2
4157,5
4158,3
4159,3
4160,0
4161,2
4162,2
4163,2
4164,3
4165,2
4166,3
4167,3
4168,2
4169,3
4170,3
4171,3
4172,2
4173,3
4174,2
4175,2
4176,2
4177,3
4178,3
4179,2
4180,3
4181,2
4182,3
4183,3
4184,2
4185,2
4186,2
4187,3
4188,5
4189,3
4190,2
4191,5
4192,3
4193,3
4194,2
4195,3
4196,3
4197,3
4198,3
4199,2
4200,2
4201,2
4202,3
4203,3
4204,5
4205,3
4206,3
4207,2
4208,3
4209,3
4210,3
4211,3
4212,2
4213,2
4214,3
4215,2
4216,3
4217,2
4218,2
4219,3
4220,2
4221,2
4222,3
4223,2
4224,3
4225,3
4226,2
4227,5
4228,2
4229,3
4230,2
4231,3
4232,3
4233,2
4234,2
4235,2
4236,3
4237,3
4238,2
4239,3
4240,3
4241,3
4242,2
4243,3
4244,3
4245,3
4246,3
4247,3
4248,3
4249,3
4250,3
4251,2
4252,2
4253,2
4254,2
4255,3
4256,2
4257,2
4258,2
4259,3
4260,3
4261,3
4262,2
4263,5
4264,2
4265,3
4266,3
4267,3
4268,3
4269,2
4270,2
4271,3
4272,2
4273,2
4274,3
4275,2
4276,3
4277,3
4278,3
4279,3
4280,2
4281,3
4282,2
4283,3
4284,2
4285,3
4286,2
4287,3
4288,3
4289,3
4290,3
4291,3
4292,3
4293,5
4294,5
4295,3
4296,3
4297,3
4298,3
4299,2
4300,3
4301,2
4302,3
4303,3
4304,3
4305,3
4306,3
4307,3
4308,3
4309,3
4310,3
4311,3
4312,2
4313,2
4314,2
4315,3
4316,4
4317,2
4318,3
4319,3
4320,2
4321,3
4322,3
4323,3
4324,3
4325,2
4326,2
4327,3
4328,3
4329,3
4330,3
4331,3
4332,3
4333,3
4334,3
4335,3
4336,3
4337,1
4338,1
4339,3
4340,3
4341,2
4342,3
4343,3
4344,3
4345,3
4346,3
4347,3
4348,2
4349,3
4350,3
4351,3
4352,2
4353,3
4354,3
4355,3
4356,3
4357,3
4358,3
4359,5
4360,3
4361,2
4362,2
4363,2
4364,2
4365,3
4366,2
4367,2
4368,3
4369,2
4370,2
4371,2
4372,5
4373,2
4374,3
4375,2
4376,3
4377,3
4378,2
4379,3
4380,3
4381,3
4382,3
4383,2
4384,3
4385,3
4386,3
4387,3
4388,3
4389,3
4390,3
4391,2
4392,5
4393,2
4394,5
4395,2
4396,3
4397,2
4398,2
4399,3
4400,2
4401,2
4402,3
4403,3
4404,3
4405,5
4406,3
4407,5
4408,2
4409,3
4410,3
4411,2
4412,3
4413,3
4414,5
4415,3
4416,3
4417,3
4418,2
4419,3
4420,2
4421,3
4422,3
4423,3
4424,3
4425,3
4426,3
4427,3
4428,2
4429,3
4430,3
4431,3
4432,3
4433,3
4434,3
4435,5
4436,3
4437,3
4438,6
4439,3
4440,2
4441,3
4442,2
4443,4
4444,2
4445,3
4446,3
4447,1
4448,2
4449,3
4450,3
4451,2
4452,2
4453,2
4454,2
4455,2
4456,2
4457,2
4458,2
4459,2
4460,2
4461,2
4462,2
4463,2
4464,2
4465,1
4466,2
4467,3
4468,2
4469,3
4470,3
4471,2
4472,3
4473,3
4474,3
4475,3
4476,3
4477,2
4478,2
4479,3
4480,2
4481,3
4482,3
4483,2
4484,3
4485,2
4486,3
4487,2
4488,2
4489,2
4490,2
4491,2
4492,3
4493,2
4494,3
4495,3
4496,3
4497,3
4498,2
4499,3
4500,2
4501,3
4502,3
4503,3
4504,3
4505,3
4506,3
4507,5
4508,3
4509,3
4510,3
4511,5
4512,3
4513,3
4514,3
4515,3
4516,3
4517,2
4518,3
4519,3
4520,3
4521,2
4522,2
4523,2
4524,2
4525,3
4526,3
4527,3
4528,2
4529,3
4530,2
4531,2
4532,3
4533,3
4534,2
4535,5
4536,3
4537,3
4538,3
4539,3
4540,3
4541,2
4542,2
4543,2
4544,2
4545,5
4546,2
4547,5
4548,3
4549,3
4550,5
4551,2
4552,3
4553,3
4554,2
4555,2
4556,2
4557,3
4558,2
4559,3
4560,3
4561,3
4562,2
4563,2
4564,2
4565,2
4566,2
4567,3
4568,2
4569,2
4570,3
4571,3
4572,2
4573,3
4574,2
4575,2
4576,2
4577,3
4578,3
4579,4
4580,3
4581,3
4582,3
4583,3
4584,3
4585,3
4586,3
4587,3
4588,3
4589,3
4590,3
4591,3
4592,3
4593,3
4594,3
4595,3
4596,3
4597,3
4598,3
4599,3
4600,3
4601,2
4602,2
4603,3
4604,3
4605,2
4606,2
4607,3
4608,3
4609,2
4610,3
4611,3
4612,2
4613,3
4614,3
4615,3
4616,3
4617,3
4618,2
4619,2
4620,3
4621,3
4622,3
4623,3
4624,3
4625,3
4626,3
4627,3
4628,3
4629,3
4630,3
4631,3
4632,2
4633,3
4634,2
4635,5
4636,5
4637,3
4638,3
4639,3
4640,3
4641,3
4642,3
4643,3
4644,3
4645,3
4646,3
4647,3
4648,5
4649,2
4650,1
4651,3
4652,3
4653,3
4654,3
4655,3
4656,2
4657,2
4658,3
4659,2
4660,2
4661,2
4662,3
4663,3
4664,3
4665,2
4666,2
4667,3
4668,2
4669,3
4670,2
4671,3
4672,2
4673,3
4674,3
4675,3
4676,2
4677,2
4678,3
4679,2
4680,3
4681,2
4682,3
4683,3
4684,3
4685,2
4686,3
4687,2
4688,2
4689,2
4690,3
4691,3
4692,3
4693,3
4694,3
4695,3
4696,3
4697,3
4698,3
4699,3
4700,3
4701,1
4702,3
4703,3
4704,3
4705,5
4706,5
4707,3
4708,3
4709,3
4710,3
4711,5
4712,3
4713,3
4714,3
4715,3
4716,3
4717,3
4718,3
4719,3
4720,2
4721,2
4722,2
4723,3
4724,3
4725,3
4726,3
4727,3
4728,3
4729,3
4730,3
4731,3
4732,2
4733,2
4734,2
4735,3
4736,3
4737,3
4738,3
4739,3
4740,3
4741,2
4742,5
4743,2
4744,3
4745,2
4746,5
4747,3
4748,2
4749,3
4750,2
4751,3
4752,2
4753,3
4754,2
4755,3
4756,3
4757,2
4758,3
4759,2
4760,2
4761,2
4762,2
4763,2
4764,2
4765,4
4766,3
4767,3
4768,2
4769,3
4770,3
4771,5
4772,5
4773,3
4774,3
4775,2
4776,3
4777,3
4778,3
4779,4
4780,3
4781,3
4782,5
4783,2
4784,5
4785,2
4786,5
4787,2
4788,2
4789,2
4790,2
4791,2
4792,2
4793,3
4794,2
4795,2
4796,3
4797,2
4798,3
4799,3
4800,3
4801,3
4802,2
4803,2
4804,2
4805,2
4806,2
4807,3
4808,2
4809,3
4810,2
4811,2
4812,2
4813,2
4814,2
4815,2
4816,2
4817,2
4818,2
4819,2
4820,2
4821,2
4822,2
4823,2
4824,2
4825,3
4826,3
4827,2
4828,3
4829,3
4830,2
4831,3
4832,2
4833,2
4834,2
4835,1
4836,1
4837,2
4838,3
4839,3
4840,3
4841,3
4842,3
4843,2
4844,2
4845,3
4846,3
4847,2
4848,2
4849,2
4850,2
4851,2
4852,3
4853,2
4854,1
4855,2
4856,3
4857,2
4858,3
4859,3
4860,5
4861,3
4862,2
4863,2
4864,2
4865,3
4866,2
4867,3
4868,3
4869,2
4870,3
4871,2
4872,3
4873,2
4874,2
4875,3
4876,3
4877,3
4878,3
4879,2
4880,3
4881,2
4882,2
4883,2
4884,1
4885,2
4886,2
4887,3
4888,2
4889,2
4890,3
4891,2
4892,2
4893,3
4894,2
4895,2
4896,2
4897,2
4898,5
4899,3
4900,3
4901,2
4902,2
4903,2
4904,2
4905,5
4906,2
4907,2
4908,2
4909,2
4910,3
4911,3
4912,2
4913,2
4914,3
4915,2
4916,2
4917,3
4918,3
4919,2
4920,3
4921,2
4922,3
4923,2
4924,2
4925,2
4926,2
4927,2
4928,2
4929,2
4930,2
4931,2
4932,2
4933,2
4934,3
4935,2
4936,2
4937,2
4938,2
4939,2
4940,2
4941,3
4942,1
4943,2
4944,2
4945,2
4946,2
4947,2
4948,5
4949,5
4950,3
4951,3
4952,3
4953,3
4954,3
4955,5
4956,5
4957,3
4958,3
4959,3
4960,3
4961,2
4962,3
4963,2
4964,3
4965,0
4966,2
4967,2
4968,2
4969,2
4970,2
4971,1
4972,2
4973,5
4974,2
4975,2
4976,3
4977,2
4978,5
4979,2
4980,2
4981,4
4982,3
4983,3
4984,3
4985,3
4986,3
4987,3
4988,3
4989,3
4990,3
4991,3
4992,3
4993,2
4994,3
4995,3
4996,3
4997,3
4998,3
4999,3
5000,3
5001,2
5002,3
5003,3
5004,3
5005,3
5006,3
5007,3
5008,3
5009,3
5010,3
5011,3
5012,2
5013,2
5014,3
5015,3
5016,3
5017,3
5018,3
5019,2
5020,3
5021,2
5022,3
5023,3
5024,3
5025,3
5026,3
5027,2
5028,3
5029,3
5030,3
5031,3
5032,3
5033,2
5034,2
5035,3
5036,3
5037,3
5038,3
5039,3
5040,3
5041,5
5042,0
5043,3
5044,2
5045,3
5046,3
5047,2
5048,2
5049,3
5050,2
5051,2
5052,3
5053,2
5054,2
5055,3
5056,3
5057,2
5058,3
5059,2
5060,2
5061,2
5062,5
5063,3
5064,5
5065,2
5066,2
5067,3
5068,2
5069,2
5070,3
5071,3
5072,5
5073,2
5074,2
5075,5
5076,2
5077,3
5078,2
5079,2
5080,2
5081,3
5082,5
5083,2
5084,2
5085,2
5086,3
5087,5
5088,5
5089,5
5090,2
5091,2
5092,2
5093,2
5094,2
5095,2
5096,2
5097,2
5098,5
5099,2
5100,2
5101,5
5102,3
5103,0
5104,5
5105,2
5106,3
5107,3
5108,2
5109,2
5110,2
5111,2
5112,2
5113,2
5114,3
5115,2
5116,3
5117,2
5118,2
5119,5
5120,3
5121,2
5122,5
5123,2
5124,2
5125,2
5126,3
5127,2
5128,3
5129,2
5130,5
5131,2
5132,2
5133,5
5134,2
5135,4
5136,2
5137,5
5138,5
5139,5
5140,4
5141,2
5142,2
5143,3
5144,5
5145,2
5146,2
5147,3
5148,2
5149,2
5150,2
5151,3
5152,2
5153,3
5154,2
5155,2
5156,3
5157,3
5158,2
5159,2
5160,2
5161,2
5162,2
5163,3
5164,2
5165,0
5166,2
5167,2
5168,2
5169,2
5170,2
5171,2
5172,2
5173,2
5174,3
5175,2
5176,3
5177,3
5178,2
5179,4
5180,2
5181,5
5182,1
5183,2
5184,2
5185,2
5186,2
5187,2
5188,2
5189,0
5190,2
5191,2
5192,3
5193,5
5194,2
5195,2
5196,5
5197,5
5198,2
5199,2
5200,5
5201,2
5202,2
5203,2
5204,2
5205,2
5206,2
5207,2
5208,2
5209,2
5210,2
5211,2
5212,2
5213,2
5214,2
5215,2
5216,2
5217,5
5218,5
5219,2
5220,4
5221,0
5222,2
5223,6
5224,6
5225,2
5226,5
5227,2
5228,2
5229,6
5230,2
5231,3
5232,2
5233,4
5234,2
5235,2
5236,2
5237,5
5238,2
5239,2
5240,2
5241,1
5242,6
5243,5
5244,5
5245,2
5246,5
5247,5
5248,2
5249,5
5250,2
5251,6
5252,4
5253,6
5254,0
5255,1
5256,4
5257,1
5258,0
5259,1
5260,4
5261,1
5262,1
5263,0
5264,0
5265,6
5266,1
5267,0
5268,4
5269,4
5270,1
5271,2
5272,1
5273,6
5274,1
5275,5
5276,5
5277,0
5278,6
5279,4
5280,6
5281,0
5282,5
5283,6
5284,5
5285,4
5286,5
5287,5
5288,6
5289,0
5290,0
5291,1
5292,1
5293,6
5294,1
5295,4
5296,6
5297,5
5298,6
5299,4
5300,5
5301,5
5302,4
5303,6
5304,1
5305,5
5306,5
5307,0
5308,1
5309,4
5310,5
5311,4
5312,6
5313,4
5314,6
5315,5
5316,6
5317,5
5318,6
5319,5
5320,5
5321,4
5322,0
5323,1
5324,5
5325,6
5326,4
5327,6
5328,1
5329,0
5330,6
5331,5
5332,4
5333,5
5334,5
5335,1
5336,6
5337,4
5338,1
5339,6
5340,1
5341,1
5342,5
5343,1
5344,5
5345,6
5346,5
5347,0
5348,5
5349,5
5350,5
5351,5
5352,1
5353,6
5354,0
5355,6
5356,1
5357,4
5358,4
5359,0
5360,5
5361,5
5362,0
5363,0
5364,2
5365,1
5366,5
5367,4
5368,6
5369,5
5370,6
5371,6
5372,5
5373,6
5374,5
5375,4
5376,6
5377,5
5378,6
5379,5
5380,1
5381,6
5382,5
5383,5
5384,0
5385,2
5386,6
5387,0
5388,5
5389,0
5390,5
5391,1
5392,4
5393,0
5394,6
5395,0
5396,0
5397,0
5398,4
5399,5
5400,5
5401,0
5402,0
5403,6
5404,6
5405,6
5406,5
5407,1
5408,1
5409,5
5410,0
5411,4
5412,4
5413,5
5414,4
5415,0
5416,0
5417,0
5418,5
5419,4
5420,5
5421,5
5422,1
5423,6
5424,5
5425,5
5426,5
5427,5
5428,4
5429,6
5430,4
5431,6
5432,5
5433,2
5434,1
5435,1
5436,6
5437,0
5438,1
5439,0
5440,0
5441,0
5442,4
5443,6
5444,5
5445,0
5446,2
5447,6
5448,6
5449,4
5450,0
5451,0
5452,5
5453,1
5454,5
5455,6
5456,0
5457,5
5458,0
5459,0
5460,5
5461,0
5462,0
5463,4
5464,0
5465,6
5466,4
5467,5
5468,5
5469,1
5470,2
5471,5
5472,0
5473,5
5474,1
5475,6
5476,1
5477,6
5478,6
5479,5
5480,0
5481,6
5482,5
5483,0
5484,1
5485,4
5486,6
5487,5
5488,1
5489,6
5490,0
5491,5
5492,4
5493,4
5494,0
5495,6
5496,1
5497,4
5498,5
5499,0
5500,0
5501,5
5502,6
5503,6
5504,6
5505,0
5506,1
5507,1
5508,5
5509,4
5510,4
5511,1
5512,5
5513,0
5514,6
5515,5
5516,4
5517,4
5518,5
5519,5
5520,6
5521,4
5522,5
5523,1
5524,6
5525,5
5526,5
5527,5
5528,5
5529,5
5530,5
5531,6
5532,5
5533,1
5534,1
5535,0
5536,1
5537,6
5538,5
5539,5
5540,5
5541,5
5542,1
5543,6
5544,5
5545,5
5546,6
5547,4
5548,5
5549,5
5550,6
5551,1
5552,5
5553,0
5554,5
5555,5
5556,5
5557,6
5558,4
5559,6
5560,4
5561,6
5562,1
5563,4
5564,5
5565,0
5566,4
5567,6
5568,5
5569,4
5570,6
5571,6
5572,6
5573,0
5574,0
5575,0
5576,0
5577,6
5578,0
5579,1
5580,6
5581,6
5582,5
5583,5
5584,5
5585,0
5586,0
5587,4
5588,6
5589,6
5590,0
5591,0
5592,5
5593,5
5594,0
5595,6
5596,5
5597,5
5598,4
5599,5
5600,5
5601,6
5602,0
5603,5
5604,5
5605,0
5606,4
5607,4
5608,6
5609,6
5610,5
5611,5
5612,4
5613,5
5614,0
5615,6
5616,6
5617,0
5618,0
5619,6
5620,0
5621,5
5622,1
5623,5
5624,5
5625,6
5626,4
5627,5
5628,6
5629,1
5630,6
5631,5
5632,0
5633,1
5634,5
5635,1
5636,5
5637,4
5638,5
5639,5
5640,0
5641,6
5642,6
5643,0
5644,5
5645,6
5646,4
5647,6
5648,6
5649,6
5650,0
5651,1
5652,1
5653,4
5654,6
5655,1
5656,6
5657,1
5658,4
5659,6
5660,5
5661,1
5662,4
5663,5
5664,5
5665,5
5666,0
5667,5
5668,5
5669,1
5670,4
5671,1
5672,0
5673,5
5674,5
5675,4
5676,1
5677,4
5678,5
5679,4
5680,1
5681,0
5682,0
5683,1
5684,6
5685,5
5686,4
5687,4
5688,2
5689,0
5690,4
5691,5
5692,4
5693,5
5694,1
5695,1
5696,5
5697,5
5698,4
5699,6
5700,1
5701,1
5702,5
5703,6
5704,4
5705,6
5706,5
5707,6
5708,5
5709,0
5710,0
5711,5
5712,1
5713,1
5714,5
5715,4
5716,5
5717,0
5718,6
5719,6
5720,4
5721,6
5722,4
5723,5
5724,1
5725,4
5726,5
5727,6
5728,6
5729,0
5730,4
5731,5
5732,4
5733,4
5734,4
5735,5
5736,5
5737,5
5738,5
5739,6
5740,5
5741,6
5742,5
5743,6
5744,6
5745,6
5746,6
5747,0
5748,6
5749,6
5750,6
5751,5
5752,6
5753,6
5754,6
5755,6
5756,5
5757,6
5758,6
5759,4
5760,4
5761,1
5762,5
5763,5
5764,6
5765,4
5766,1
5767,0
5768,0
5769,5
5770,5
5771,6
5772,6
5773,0
5774,2
5775,5
5776,4
5777,0
5778,0
5779,5
5780,5
5781,4
5782,5
5783,6
5784,5
5785,5
5786,6
5787,5
5788,5
5789,0
5790,0
5791,2
5792,2
5793,6
5794,5
5795,6
5796,6
5797,1
5798,5
5799,5
5800,1
5801,0
5802,5
5803,5
5804,6
5805,5
5806,6
5807,5
5808,1
5809,5
5810,5
5811,5
5812,1
5813,5
5814,4
5815,4
5816,5
5817,5
5818,1
5819,6
5820,1
5821,4
5822,4
5823,1
5824,1
5825,1
5826,4
5827,5
5828,1
5829,5
5830,2
5831,5
5832,6
5833,5
5834,4
5835,6
5836,1
5837,6
5838,4
5839,5
5840,6
5841,0
5842,6
5843,5
5844,0
5845,1
5846,4
5847,5
5848,4
5849,1
5850,5
5851,2
5852,2
5853,0
5854,5
5855,5
5856,2
5857,5
5858,5
5859,1
5860,5
5861,6
5862,6
5863,6
5864,5
5865,5
5866,2
5867,1
5868,1
5869,1
5870,6
5871,0
5872,6
5873,1
5874,1
5875,1
5876,6
5877,1
5878,4
5879,1
5880,5
5881,5
5882,6
5883,5
5884,6
5885,1
5886,6
5887,5
5888,1
5889,1
5890,0
5891,0
5892,0
5893,1
5894,0
5895,5
5896,4
5897,5
5898,5
5899,5
5900,5
5901,5
5902,5
5903,4
5904,4
5905,5
5906,5
5907,5
5908,1
5909,0
5910,5
5911,5
5912,1
5913,1
5914,0
5915,1
5916,1
5917,6
5918,4
5919,6
5920,6
5921,4
5922,4
5923,2
5924,1
5925,0
5926,4
5927,2
5928,2
5929,5
5930,1
5931,1
5932,0
5933,0
5934,0
5935,0
5936,4
5937,0
5938,5
5939,5
5940,0
5941,0
5942,1
5943,5
5944,0
5945,6
5946,0
5947,5
5948,1
5949,0
5950,0
5951,0
5952,0
5953,1
5954,2
5955,0
5956,0
5957,4
5958,0
5959,0
5960,0
5961,1
5962,4
5963,0
5964,5
5965,4
5966,4
5967,4
5968,4
5969,4
5970,4
5971,4
5972,0
5973,1
5974,6
5975,0
5976,0
5977,0
5978,0
5979,1
5980,4
5981,4
5982,0
5983,0
5984,6
5985,6
5986,6
5987,0
5988,6
5989,6
5990,5
5991,0
5992,5
5993,5
5994,5
5995,5
5996,5
5997,4
5998,0
5999,4
6000,5
6001,6
6002,0
6003,0
6004,6
6005,4
6006,4
6007,1
6008,4
6009,5
6010,0
6011,5
6012,5
6013,6
6014,6
6015,6
6016,6
6017,0
6018,0
6019,1
6020,6
6021,6
6022,6
6023,6
6024,1
6025,1
6026,1
6027,0
6028,2
6029,6
6030,6
6031,6
6032,6
6033,0
6034,5
6035,6
6036,2
6037,2
6038,2
6039,2
6040,2
6041,0
6042,6
6043,5
6044,0
6045,5
6046,5
6047,1
6048,4
6049,1
6050,6
6051,6
6052,6
6053,6
6054,5
6055,6
6056,5
6057,5
6058,5
6059,5
6060,4
6061,5
6062,6
6063,0
6064,4
6065,6
6066,4
6067,4
6068,6
6069,0
6070,0
6071,6
6072,6
6073,1
6074,6
6075,2
6076,0
6077,6
6078,6
6079,5
6080,5
6081,4
6082,4
6083,6
6084,4
6085,2
6086,4
6087,6
6088,6
6089,6
6090,6
6091,6
6092,4
6093,0
6094,6
6095,5
6096,0
6097,1
6098,5
6099,6
6100,6
6101,6
6102,6
6103,6
6104,4
6105,6
6106,1
6107,1
6108,0
6109,1
6110,6
6111,6
6112,4
6113,0
6114,1
6115,4
6116,4
6117,0
6118,0
6119,2
6120,5
6121,5
6122,1
6123,0
6124,0
6125,5
6126,6
6127,4
6128,1
6129,0
6130,5
6131,4
6132,0
6133,0
6134,5
6135,1
6136,1
6137,6
6138,6
6139,0
6140,6
6141,4
6142,5
6143,1
6144,4
6145,4
6146,4
6147,4
6148,5
6149,1
6150,5
6151,5
6152,5
6153,1
6154,0
6155,1
6156,6
6157,1
6158,1
6159,1
6160,1
6161,1
6162,5
6163,1
6164,6
6165,6
6166,6
6167,1
6168,5
6169,4
6170,5
6171,1
6172,0
6173,0
6174,6
6175,6
6176,6
6177,6
6178,6
6179,5
6180,5
6181,0
6182,1
6183,1
6184,4
6185,2
6186,4
6187,5
6188,4
6189,1
6190,1
6191,5
6192,0
6193,5
6194,6
6195,6
6196,4
6197,1
6198,0
6199,1
6200,4
6201,4
6202,0
6203,4
6204,6
6205,4
6206,6
6207,4
6208,0
6209,4
6210,1
6211,1
6212,0
6213,4
6214,0
6215,0
6216,4
6217,1
6218,5
6219,4
6220,0
6221,0
6222,1
6223,0
6224,4
6225,4
6226,6
6227,6
6228,6
6229,6
6230,1
6231,1
6232,1
6233,1
6234,1
6235,1
6236,1
6237,1
6238,6
6239,0
6240,0
6241,5
6242,0
6243,5
6244,5
6245,4
6246,1
6247,0
6248,1
6249,0
6250,0
6251,5
6252,6
6253,5
6254,5
6255,1
6256,5
6257,0
6258,0
6259,0
6260,5
6261,5
6262,5
6263,5
6264,0
6265,0
6266,0
6267,1
6268,1
6269,1
6270,6
6271,1
6272,1
6273,1
6274,0
6275,1
6276,1
6277,0
6278,1
6279,4
6280,5
6281,4
6282,0
6283,1
6284,1
6285,4
6286,0
6287,0
6288,1
6289,6
6290,4
6291,4
6292,0
6293,5
6294,1
6295,5
6296,5
6297,0
6298,6
6299,1
6300,6
6301,6
6302,5
6303,6
6304,5
6305,0
6306,6
6307,6
6308,5
6309,4
6310,4
6311,5
6312,0
6313,6
6314,6
6315,5
6316,6
6317,6
6318,0
6319,4
6320,6
6321,5
6322,6
6323,6
6324,6
6325,1
6326,6
6327,6
6328,5
6329,1
6330,1
6331,1
6332,1
6333,6
6334,5
6335,5
6336,4
6337,6
6338,5
6339,1
6340,4
6341,4
6342,0
6343,0
6344,0
6345,0
6346,6
6347,1
6348,1
6349,1
6350,1
6351,1
6352,5
6353,6
6354,5
6355,5
6356,5
6357,5
6358,5
6359,1
6360,5
6361,0
6362,6
6363,5
6364,5
6365,5
6366,0
6367,1
6368,6
6369,1
6370,0
6371,1
6372,6
6373,1
6374,1
6375,1
6376,1
6377,0
6378,0
6379,1
6380,1
6381,1
6382,4
6383,6
6384,5
6385,5
6386,5
6387,6
6388,6
6389,0
6390,0
6391,5
6392,0
6393,0
6394,0
6395,6
6396,6
6397,0
6398,5
6399,6
6400,5
6401,5
6402,5
6403,5
6404,6
6405,5
6406,5
6407,0
6408,4
6409,4
6410,4
6411,6
6412,0
6413,4
6414,1
6415,4
6416,4
6417,4
6418,6
6419,1
6420,1
6421,1
6422,1
6423,1
6424,0
6425,0
6426,0
6427,5
6428,5
6429,5
6430,6
6431,5
6432,5
6433,0
6434,6
6435,6
6436,6
6437,5
6438,5
6439,2
6440,2
6441,5
6442,5
6443,5
6444,5
6445,6
6446,2
6447,0
6448,4
6449,1
6450,6
6451,4
6452,4
6453,6
6454,0
6455,6
6456,0
6457,1
6458,6
6459,1
6460,1
6461,1
6462,4
6463,1
6464,5
6465,4
6466,1
6467,0
6468,6
6469,6
6470,6
6471,5
6472,5
6473,5
6474,6
6475,0
6476,1
6477,5
6478,5
6479,1
6480,1
6481,4
6482,4
6483,0
6484,5
6485,0
6486,0
6487,0
6488,6
6489,1
6490,0
6491,4
6492,4
6493,0
6494,2
6495,4
6496,1
6497,1
6498,6
6499,5
6500,1
6501,1
6502,0
6503,2
6504,5
6505,6
6506,1
6507,5
6508,1
6509,1
6510,4
6511,6
6512,6
6513,6
6514,1
6515,1
6516,1
6517,1
6518,5
6519,1
6520,5
6521,1
6522,1
6523,5
6524,1
6525,5
6526,5
6527,1
6528,4
6529,1
6530,1
6531,1
6532,1
6533,0
6534,6
6535,1
6536,6
6537,5
6538,6
6539,6
6540,6
6541,1
6542,6
6543,1
6544,1
6545,5
6546,1
6547,0
6548,0
6549,0
6550,0
6551,2
6552,2
6553,2
6554,5
6555,2
6556,2
6557,5
6558,6
6559,2
6560,2
6561,1
6562,1
6563,5
6564,5
6565,4
6566,2
6567,4
6568,2
6569,5
6570,2
6571,4
6572,1
6573,2
6574,2
6575,2
6576,6
6577,1
6578,1
6579,1
6580,1
6581,1
6582,1
6583,5
6584,5
6585,5
6586,5
6587,5
6588,1
6589,0
6590,5
6591,0
6592,0
6593,0
6594,6
6595,6
6596,5
6597,4
6598,1
6599,4
6600,0
6601,0
6602,4
6603,4
6604,0
6605,0
6606,0
6607,1
6608,0
6609,5
6610,1
6611,1
6612,5
6613,5
6614,0
6615,0
6616,1
6617,0
6618,1
6619,0
6620,4
6621,6
6622,0
6623,1
6624,1
6625,0
6626,1
6627,0
6628,2
6629,4
6630,4
6631,0
6632,4
6633,4
6634,0
6635,1
6636,1
6637,1
6638,4
6639,4
6640,4
6641,1
6642,2
6643,1
6644,5
6645,5
6646,5
6647,1
6648,1
6649,1
6650,6
6651,1
6652,1
6653,1
6654,5
6655,1
6656,1
6657,5
6658,5
6659,0
6660,1
6661,6
6662,4
6663,0
6664,0
6665,5
6666,5
6667,0
6668,4
6669,4
6670,1
6671,1
6672,5
6673,1
6674,1
6675,5
6676,5
6677,5
6678,1
6679,1
6680,1
6681,1
6682,2
6683,2
6684,4
6685,1
6686,0
6687,1
6688,1
6689,5
6690,5
6691,4
6692,1
6693,1
6694,1
6695,4
6696,1
6697,1
6698,1
6699,6
6700,1
6701,5
6702,5
6703,1
6704,2
6705,0
6706,1
6707,1
6708,5
6709,5
6710,5
6711,6
6712,4
6713,1
6714,4
6715,5
6716,6
6717,6
6718,1
6719,2
6720,1
6721,4
6722,5
6723,0
6724,4
6725,2
6726,2
6727,5
6728,4
6729,4
6730,1
6731,2
6732,1
6733,5
6734,1
6735,5
6736,1
6737,1
6738,4
6739,6
6740,1
6741,2
6742,1
6743,1
6744,1
6745,1
6746,1
6747,1
6748,1
6749,1
6750,2
6751,2
6752,2
6753,6
6754,2
6755,2
6756,2
6757,2
6758,2
6759,2
6760,2
6761,2
6762,6
6763,1
6764,2
6765,6
6766,2
6767,2
6768,1
6769,1
6770,0
6771,1
6772,4
6773,1
6774,6
6775,2
6776,6
6777,4
6778,4
6779,4
6780,4
6781,2
6782,2
6783,6
6784,2
6785,2
6786,0
6787,2
6788,6
6789,5
6790,1
6791,1
6792,1
6793,6
6794,1
6795,1
6796,4
6797,1
6798,6
6799,6
6800,6
6801,1
6802,5
6803,6
6804,4
6805,6
6806,5
6807,5
6808,6
6809,1
6810,1
6811,1
6812,5
6813,5
6814,5
6815,1
6816,1
6817,4
6818,1
6819,1
6820,1
6821,4
6822,6
6823,6
6824,1
6825,5
6826,1
6827,5
6828,5
6829,6
6830,6
6831,6
6832,2
6833,6
6834,5
6835,5
6836,5
6837,1
6838,1
6839,1
6840,1
6841,1
6842,6
6843,1
6844,1
6845,2
6846,5
6847,1
6848,2
6849,6
6850,2
6851,6
6852,6
6853,6
6854,2
6855,1
6856,1
6857,1
6858,5
6859,5
6860,2
6861,1
6862,6
6863,1
6864,5
6865,1
6866,1
6867,1
6868,5
6869,0
6870,0
6871,0
6872,1
6873,5
6874,6
6875,5
6876,6
6877,2
6878,2
6879,2
6880,2
6881,2
6882,2
6883,2
6884,2
6885,2
6886,2
6887,5
6888,2
6889,1
6890,4
6891,1
6892,5
6893,1
6894,1
6895,5
6896,1
6897,5
6898,1
6899,5
6900,6
6901,1
6902,6
6903,1
6904,1
6905,1
6906,2
6907,5
6908,2
6909,1
6910,5
6911,1
6912,1
6913,1
6914,5
6915,1
6916,1
6917,1
6918,5
6919,5
6920,0
6921,6
6922,6
6923,6
6924,6
6925,5
6926,5
6927,1
6928,5
6929,5
6930,5
6931,6
6932,1
6933,1
6934,1
6935,1
6936,2
6937,5
6938,6
6939,6
6940,4
6941,1
6942,1
6943,5
6944,1
6945,1
6946,1
6947,1
6948,5
6949,1
6950,2
6951,2
6952,2
6953,6
6954,6
6955,1
6956,6
6957,6
6958,1
6959,1
6960,6
6961,1
6962,1
6963,6
6964,6
6965,4
6966,1
6967,1
6968,0
6969,0
6970,4
6971,1
6972,0
6973,6
6974,6
6975,6
6976,0
6977,4
6978,5
6979,1
6980,1
6981,1
6982,1
6983,5
6984,2
6985,1
6986,6
6987,4
6988,4
6989,0
6990,1
6991,0
6992,4
6993,4
6994,1
6995,1
6996,1
6997,1
6998,0
6999,0
7000,1
7001,5
7002,2
7003,5
7004,1
7005,6
7006,1
7007,1
7008,1
7009,6
7010,1
7011,1
7012,0
7013,0
7014,5
7015,5
7016,1
7017,5
7018,6
7019,1
7020,1
7021,4
7022,5
7023,6
7024,0
7025,0
7026,1
7027,0
7028,5
7029,5
7030,1
7031,6
7032,1
7033,1
7034,5
7035,6
7036,4
7037,1
7038,1
7039,5
7040,5
7041,6
7042,4
7043,1
7044,5
7045,6
7046,2
7047,4
7048,6
7049,2
7050,0
7051,0
7052,6
7053,2
7054,5
7055,5
7056,5
7057,5
7058,5
7059,5
7060,6
7061,5
7062,1
7063,1
7064,6
7065,0
7066,0
7067,1
7068,5
7069,1
7070,1
7071,4
7072,4
7073,5
7074,1
7075,1
7076,1
7077,1
7078,0
7079,0
7080,1
7081,4
7082,5
7083,5
7084,5
7085,5
7086,5
7087,1
7088,1
7089,1
7090,4
7091,1
7092,1
7093,1
7094,1
7095,1
7096,1
7097,5
7098,1
7099,1
7100,1
7101,1
7102,1
7103,1
7104,5
7105,1
7106,1
7107,1
7108,5
7109,1
7110,5
7111,6
7112,0
7113,1
7114,1
7115,1
7116,4
7117,1
7118,1
7119,1
7120,5
7121,1
7122,0
7123,1
7124,1
7125,0
7126,1
7127,0
7128,0
7129,0
7130,0
7131,1
7132,6
7133,6
7134,1
7135,6
7136,6
7137,1
7138,4
7139,6
7140,5
7141,0
7142,1
7143,1
7144,1
7145,0
7146,1
7147,6
7148,5
7149,4
7150,1
7151,4
7152,1
7153,0
7154,0
7155,1
7156,5
7157,1
7158,2
7159,5
7160,1
7161,2
7162,1
7163,2
7164,0
7165,5
7166,2
7167,5
7168,4
7169,4
7170,0
7171,0
7172,5
7173,1
7174,1
7175,1
7176,1
7177,1
7178,1
7179,4
7180,1
7181,5
7182,1
7183,5
7184,0
7185,2
7186,2
7187,5
7188,4
7189,4
7190,1
7191,5
7192,0
7193,1
7194,1
7195,1
7196,0
7197,1
7198,1
7199,1
7200,1
7201,5
7202,1
7203,6
7204,6
7205,1
7206,1
7207,1
7208,1
7209,1
7210,1
7211,1
7212,1
7213,1
7214,1
7215,1
7216,5
7217,1
7218,0
7219,1
7220,0
7221,1
7222,6
7223,6
7224,0
7225,0
7226,6
7227,6
7228,5
7229,5
7230,5
7231,6
7232,6
7233,4
7234,1
7235,1
7236,1
7237,6
7238,6
7239,6
7240,2
7241,5
7242,0
7243,1
7244,5
7245,5
7246,5
7247,5
7248,6
7249,1
7250,6
7251,5
7252,5
7253,5
7254,6
7255,4
7256,0
7257,1
7258,1
7259,0
7260,1
7261,1
7262,1
7263,4
7264,1
7265,1
7266,5
7267,1
7268,5
7269,5
7270,5
7271,1
7272,5
7273,2
7274,2
7275,2
7276,0
7277,4
7278,2
7279,2
7280,6
7281,4
7282,1
7283,1
7284,5
7285,5
7286,5
7287,5
7288,0
7289,4
7290,1
7291,5
7292,5
7293,5
7294,0
7295,6
7296,5
7297,0
7298,6
7299,4
7300,6
7301,4
7302,4
7303,0
7304,6
7305,6
7306,6
7307,6
7308,1
7309,6
7310,5
7311,1
7312,5
7313,1
7314,1
7315,1
7316,1
7317,1
7318,6
7319,4
7320,4
7321,4
7322,4
7323,4
7324,4
7325,0
7326,5
7327,4
7328,4
7329,6
7330,6
7331,5
7332,6
7333,6
7334,0
7335,2
7336,4
7337,0
7338,0
7339,5
7340,5
7341,0
7342,4
7343,5
7344,4
7345,6
7346,4
7347,5
7348,5
7349,6
7350,6
7351,0
7352,0
7353,4
7354,0
7355,4
7356,4
7357,0
7358,6
7359,5
7360,6
7361,0
7362,1
7363,6
7364,6
7365,1
7366,6
7367,5
7368,5
7369,0
7370,0
7371,5
7372,6
7373,5
7374,5
7375,6
7376,0
7377,0
7378,0
7379,0
7380,2
7381,2
7382,6
7383,6
7384,1
7385,6
7386,6
7387,4
7388,0
7389,6
7390,5
7391,0
7392,0
7393,1
7394,0
7395,0
7396,0
7397,4
7398,0
7399,0
7400,1
7401,5
7402,0
7403,0
7404,0
7405,0
7406,5
7407,6
7408,4
7409,1
7410,5
7411,6
7412,0
7413,0
7414,6
7415,6
7416,5
7417,1
7418,5
7419,5
7420,0
7421,0
7422,5
7423,1
7424,0
7425,1
7426,0
7427,0
7428,0
7429,0
7430,5
7431,0
7432,6
7433,6
7434,0
7435,0
7436,0
7437,0
7438,4
7439,0
7440,4
7441,1
7442,1
7443,6
7444,6
7445,0
7446,1
7447,5
7448,6
7449,0
7450,0
7451,0
7452,1
7453,5
7454,5
7455,5
7456,5
7457,6
7458,0
7459,1
7460,0
7461,1
7462,0
7463,0
7464,0
7465,0
7466,5
7467,4
7468,0
7469,0
7470,0
7471,0
7472,0
7473,0
7474,6
7475,6
7476,1
7477,6
7478,4
7479,4
7480,4
7481,4
7482,4
7483,6
7484,5
7485,5
7486,5
7487,5
7488,0
7489,4
7490,5
7491,5
7492,6
7493,1
7494,1
7495,4
7496,0
7497,5
7498,0
7499,0
7500,2
7501,1
7502,1
7503,0
7504,6
7505,0
7506,0
7507,0
7508,6
7509,6
7510,5
7511,6
7512,0
7513,0
7514,6
7515,6
7516,6
7517,5
7518,6
7519,6
7520,0
7521,6
7522,6
7523,5
7524,5
7525,5
7526,2
7527,5
7528,1
7529,6
7530,0
7531,0
7532,4
7533,0
7534,0
7535,0
7536,6
7537,5
7538,0
7539,1
7540,0
7541,5
7542,0
7543,0
7544,2
7545,5
7546,5
7547,4
7548,6
7549,5
7550,0
7551,1
7552,0
7553,5
7554,0
7555,4
7556,4
7557,0
7558,0
7559,5
7560,5
7561,6
7562,5
7563,6
7564,6
7565,6
7566,0
7567,0
7568,6
7569,0
7570,6
7571,4
7572,0
7573,0
7574,0
7575,0
7576,0
7577,0
7578,5
7579,5
7580,2
7581,0
7582,6
7583,6
7584,0
7585,0
7586,5
7587,5
7588,5
7589,0
7590,4
7591,4
7592,1
7593,1
7594,5
7595,5
7596,1
7597,1
7598,5
7599,5
7600,5
7601,1
7602,5
7603,6
7604,6
7605,5
7606,5
7607,6
7608,2
7609,5
7610,2
7611,4
7612,5
7613,5
7614,1
7615,1
7616,1
7617,6
7618,6
7619,1
7620,1
7621,1
7622,1
7623,0
7624,6
7625,1
7626,1
7627,4
7628,4
7629,0
7630,5
7631,5
7632,6
7633,4
7634,1
7635,0
7636,1
7637,1
7638,1
7639,1
7640,1
7641,5
7642,6
7643,6
7644,4
7645,6
7646,1
7647,1
7648,1
7649,1
7650,0
7651,0
7652,0
7653,5
7654,5
7655,0
7656,1
7657,0
7658,0
7659,0
7660,0
7661,0
7662,5
7663,4
7664,1
7665,1
7666,5
7667,5
7668,4
7669,4
7670,5
7671,6
7672,6
7673,0
7674,1
7675,2
7676,0
7677,5
7678,1
7679,0
7680,1
7681,1
7682,1
7683,4
7684,1
7685,5
7686,6
7687,6
7688,6
7689,6
7690,1
7691,1
7692,1
7693,5
7694,5
7695,1
7696,1
7697,1
7698,1
7699,4
7700,5
7701,6
7702,1
7703,6
7704,6
7705,0
7706,5
7707,6
7708,4
7709,6
7710,0
7711,4
7712,4
7713,5
7714,0
7715,1
7716,1
7717,1
7718,1
7719,5
7720,1
7721,0
7722,1
7723,6
7724,6
7725,6
7726,4
7727,1
7728,0
7729,0
7730,0
7731,1
7732,1
7733,1
7734,1
7735,5
7736,1
7737,1
7738,1
7739,1
7740,4
7741,0
7742,1
7743,4
7744,4
7745,4
7746,1
7747,0
7748,1
7749,6
7750,1
7751,1
7752,1
7753,1
7754,2
7755,1
7756,1
7757,0
7758,6
7759,1
7760,1
7761,0
7762,0
7763,4
7764,4
7765,1
7766,6
7767,1
7768,1
7769,1
7770,1
7771,1
7772,2
7773,6
7774,4
7775,1
7776,0
7777,5
7778,6
7779,5
7780,1
7781,6
7782,1
7783,2
7784,5
7785,1
7786,1
7787,0
7788,5
7789,6
7790,6
7791,1
7792,2
7793,2
7794,6
7795,1
7796,6
7797,1
7798,6
7799,1
7800,4
7801,1
7802,1
7803,5
7804,5
7805,5
7806,0
7807,1
7808,2
7809,1
7810,1
7811,0
7812,5
7813,4
7814,1
7815,1
7816,1
7817,5
7818,6
7819,5
7820,1
7821,6
7822,5
7823,2
7824,5
7825,6
7826,1
7827,1
7828,1
7829,5
7830,2
7831,1
7832,4
7833,5
7834,4
7835,1
7836,5
7837,6
7838,5
7839,2
7840,4
7841,1
7842,1
7843,4
7844,5
7845,0
7846,0
7847,0
7848,0
7849,0
7850,1
7851,1
7852,0
7853,5
7854,4
7855,6
7856,6
7857,1
7858,0
7859,6
7860,2
7861,5
7862,6
7863,6
7864,0
7865,0
7866,6
7867,6
7868,4
7869,0
7870,0
7871,0
7872,2
7873,5
7874,6
7875,2
7876,6
7877,6
7878,0
7879,6
7880,1
7881,1
7882,0
7883,5
7884,6
7885,5
7886,0
7887,5
7888,0
7889,6
7890,5
7891,0
7892,4
7893,1
7894,4
7895,1
7896,0
7897,0
7898,5
7899,6
7900,5
7901,0
7902,0
7903,0
7904,0
7905,0
7906,0
7907,0
7908,4
7909,4
7910,0
7911,4
7912,5
7913,0
7914,0
7915,6
7916,0
7917,5
7918,5
7919,0
7920,5
7921,0
7922,4
7923,0
7924,0
7925,0
7926,5
7927,0
7928,5
7929,6
7930,5
7931,1
7932,4
7933,5
7934,5
7935,1
7936,0
7937,6
7938,6
7939,0
7940,4
7941,0
7942,6
7943,6
7944,6
7945,6
7946,0
7947,6
7948,6
7949,6
7950,1
7951,5
7952,0
7953,1
7954,0
7955,6
7956,1
7957,1
7958,0
7959,0
7960,2
7961,5
7962,4
7963,4
7964,4
7965,0
7966,6
7967,4
7968,4
7969,5
7970,5
7971,0
7972,0
7973,5
7974,2
7975,0
7976,0
7977,5
7978,0
7979,0
7980,0
7981,2
7982,0
7983,0
7984,0
7985,1
7986,0
7987,5
7988,6
7989,6
7990,0
7991,0
7992,4
7993,6
7994,0
7995,0
7996,1
7997,0
7998,0
7999,6
8000,5
8001,5
8002,5
8003,6
8004,6
8005,6
8006,0
8007,6
8008,0
8009,6
8010,1
8011,1
8012,4
8013,0
8014,0
8015,2
8016,5
8017,0
8018,0
8019,0
8020,2
8021,4
8022,5
8023,4
8024,0
8025,5
8026,0
8027,0
8028,0
8029,1
8030,0
8031,6
8032,6
8033,0
8034,0
8035,0
8036,0
8037,0
8038,0
8039,0
8040,0
8041,4
8042,4
8043,6
8044,6
8045,6
8046,6
8047,6
8048,6
8049,0
8050,0
8051,6
8052,6
8053,6
8054,0
8055,1
8056,1
8057,1
8058,6
8059,4
8060,1
8061,0
8062,0
8063,0
8064,0
8065,6
8066,1
8067,1
8068,5
8069,0
8070,0
8071,6
8072,5
8073,4
8074,1
8075,1
8076,4
8077,4
8078,4
8079,4
8080,4
8081,5
8082,5
8083,4
8084,4
8085,4
8086,4
8087,2
8088,4
8089,0
8090,1
8091,1
8092,6
8093,2
8094,2
8095,1
8096,1
8097,5
8098,5
8099,1
8100,1
8101,2
8102,4
8103,0
8104,6
8105,6
8106,1
8107,4
8108,1
8109,1
8110,1
8111,1
8112,2
8113,6
8114,2
8115,1
8116,5
8117,0
8118,5
8119,0
8120,6
8121,1
8122,1
8123,5
8124,5
8125,1
8126,1
8127,1
8128,5
8129,6
8130,0
8131,4
8132,2
8133,5
8134,5
8135,0
8136,0
8137,0
8138,0
8139,0
8140,0
8141,0
8142,0
8143,5
8144,0
8145,0
8146,0
8147,0
8148,0
8149,0
8150,6
8151,0
8152,0
8153,0
8154,2
8155,0
8156,2
8157,5
8158,1
8159,5
8160,5
8161,0
8162,5
8163,0
8164,5
8165,1
8166,6
8167,6
8168,6
8169,0
8170,0
8171,5
8172,0
8173,0
8174,5
8175,4
8176,6
8177,4
8178,6
8179,0
8180,1
8181,0
8182,1
8183,0
8184,4
8185,1
8186,1
8187,0
8188,0
8189,0
8190,1
8191,0
8192,0
8193,0
8194,0
8195,0
8196,4
8197,0
8198,0
8199,0
8200,5
8201,1
8202,2
8203,0
8204,0
8205,0
8206,0
8207,0
8208,0
8209,0
8210,0
8211,6
8212,0
8213,0
8214,1
8215,0
8216,0
8217,6
8218,1
8219,6
8220,0
8221,0
8222,6
8223,6
8224,5
8225,0
8226,6
8227,0
8228,0
8229,0
8230,0
8231,0
8232,0
8233,0
8234,5
8235,0
8236,0
8237,6
8238,0
8239,0
8240,6
8241,0
8242,6
8243,0
8244,0
8245,0
8246,0
8247,0
8248,0
8249,0
8250,0
8251,0
8252,0
8253,5
8254,6
8255,1
8256,1
8257,0
8258,0
8259,4
8260,4
8261,6
8262,4
8263,2
8264,4
8265,6
8266,5
8267,5
8268,0
8269,0
8270,0
8271,4
8272,2
8273,2
8274,2
8275,1
8276,2
8277,6
8278,6
8279,6
8280,6
8281,6
8282,2
8283,5
8284,2
8285,5
8286,5
8287,4
8288,6
8289,1
8290,5
8291,5
8292,6
8293,0
8294,0
8295,2
8296,0
8297,6
8298,6
8299,6
8300,2
8301,6
8302,2
8303,1
8304,0
8305,0
8306,5
8307,6
8308,6
8309,6
8310,2
8311,4
8312,1
8313,5
8314,1
8315,0
8316,1
8317,1
8318,5
8319,1
8320,0
8321,0
8322,4
8323,5
8324,5
8325,5
8326,1
8327,5
8328,1
8329,0
8330,1
8331,1
8332,5
8333,5
8334,1
8335,1
8336,5
8337,5
8338,4
8339,4
8340,5
8341,1
8342,5
8343,5
8344,6
8345,5
8346,5
8347,5
8348,1
8349,0
8350,4
8351,0
8352,4
8353,4
8354,4
8355,5
8356,6
8357,6
8358,6
8359,6
8360,6
8361,4
8362,6
8363,6
8364,1
8365,5
8366,4
8367,5
8368,2
8369,1
8370,1
8371,1
8372,2
8373,1
8374,1
8375,4
8376,1
8377,5
8378,5
8379,1
8380,1
8381,5
8382,0
8383,2
8384,5
8385,6
8386,5
8387,6
8388,1
8389,1
8390,2
8391,2
8392,1
8393,5
8394,5
8395,1
8396,2
8397,0
8398,1
8399,1
8400,2
8401,1
8402,5
8403,4
8404,5
8405,0
8406,5
8407,1
8408,1
8409,1
8410,2
8411,4
8412,5
8413,5
8414,0
8415,5
8416,4
8417,5
8418,2
8419,2
8420,1
8421,2
8422,6
8423,5
8424,6
8425,5
8426,1
8427,5
8428,6
8429,6
8430,5
8431,1
8432,6
8433,1
8434,1
8435,1
8436,2
8437,6
8438,4
8439,4
8440,1
8441,1
8442,1
8443,4
8444,5
8445,1
8446,1
8447,1
8448,0
8449,1
8450,6
8451,1
8452,1
8453,1
8454,6
8455,6
8456,6
8457,6
8458,6
8459,6
8460,6
8461,6
8462,6
8463,6
8464,1
8465,1
8466,1
8467,1
8468,1
8469,5
8470,6
8471,6
8472,6
8473,6
8474,6
8475,4
8476,1
8477,0
8478,4
8479,4
8480,0
8481,1
8482,0
8483,0
8484,1
8485,4
8486,6
8487,0
8488,0
8489,0
8490,1
8491,1
8492,1
8493,0
8494,0
8495,1
8496,5
8497,4
8498,0
8499,0
8500,1
8501,5
8502,1
8503,1
8504,4
8505,5
8506,1
8507,6
8508,6
8509,1
8510,5
8511,6
8512,1
8513,1
8514,1
8515,0
8516,5
8517,5
8518,0
8519,0
8520,1
8521,0
8522,5
8523,0
8524,0
8525,1
8526,1
8527,5
8528,0
8529,0
8530,0
8531,2
8532,1
8533,1
8534,0
8535,6
8536,6
8537,1
8538,2
8539,1
8540,6
8541,4
8542,1
8543,6
8544,1
8545,0
8546,0
8547,4
8548,0
8549,4
8550,4
8551,4
8552,1
8553,6
8554,6
8555,6
8556,6
8557,5
8558,0
8559,5
8560,5
8561,5
8562,0
8563,0
8564,1
8565,0
8566,5
8567,6
8568,5
8569,1
8570,0
8571,1
8572,6
8573,0
8574,5
8575,1
8576,6
8577,6
8578,2
8579,1
8580,6
8581,6
8582,5
8583,1
8584,0
8585,6
8586,1
8587,5
8588,0
8589,0
8590,0
8591,1
8592,0
8593,6
8594,1
8595,0
8596,0
8597,6
8598,0
8599,0
8600,2
8601,6
8602,0
8603,6
8604,5
8605,6
8606,6
8607,6
8608,6
8609,1
8610,5
8611,1
8612,4
8613,6
8614,6
8615,1
8616,0
8617,0
8618,5
8619,2
8620,4
8621,5
8622,5
8623,4
8624,6
8625,2
8626,2
8627,0
8628,1
8629,0
8630,4
8631,0
8632,6
8633,6
8634,0
8635,1
8636,1
8637,1
8638,0
8639,0
8640,0
8641,5
8642,0
8643,5
8644,6
8645,6
8646,6
8647,2
8648,5
8649,5
8650,5
8651,5
8652,2
8653,6
8654,0
8655,4
8656,4
8657,1
8658,4
8659,6
8660,4
8661,5
8662,0
8663,6
8664,1
8665,1
8666,0
8667,0
8668,6
8669,5
8670,5
8671,0
8672,1
8673,0
8674,6
8675,0
8676,6
8677,1
8678,0
8679,4
8680,4
8681,1
8682,1
8683,1
8684,0
8685,5
8686,5
8687,0
8688,1
8689,0
8690,0
8691,0
8692,0
8693,5
8694,4
8695,5
8696,4
8697,0
8698,4
8699,1
8700,6
8701,1
8702,5
8703,6
8704,5
8705,0
8706,0
8707,0
8708,1
8709,0
8710,5
8711,5
8712,1
8713,4
8714,4
8715,0
8716,6
8717,0
8718,5
8719,0
8720,0
8721,0
8722,0
8723,2
8724,0
8725,1
8726,2
8727,0
8728,1
8729,4
8730,0
8731,4
8732,4
8733,6
8734,0
8735,6
8736,6
8737,5
8738,6
8739,6
8740,0
8741,6
8742,6
8743,6
8744,1
8745,1
8746,0
8747,0
8748,0
8749,1
8750,0
8751,2
8752,1
8753,6
8754,0
8755,0
8756,0
8757,0
8758,1
8759,1
8760,0
8761,5
8762,6
8763,6
8764,1
8765,1
8766,0
8767,5
8768,6
8769,4
8770,6
8771,1
8772,0
8773,4
8774,2
8775,4
8776,1
8777,1
8778,0
8779,4
8780,0
8781,0
8782,1
8783,1
8784,6
8785,1
8786,1
8787,0
8788,4
8789,4
8790,6
8791,4
8792,0
8793,4
8794,6
8795,6
8796,6
8797,4
8798,0
8799,1
8800,6
8801,5
8802,0
8803,6
8804,4
8805,4
8806,4
8807,0
8808,4
8809,5
8810,6
8811,1
8812,6
8813,5
8814,6
8815,6
8816,0
8817,5
8818,4
8819,4
8820,0
8821,0
8822,4
8823,0
8824,1
8825,0
8826,2
8827,0
8828,0
8829,1
8830,0
8831,0
8832,6
8833,0
8834,4
8835,5
8836,2
8837,6
8838,2
8839,2
8840,2
8841,2
8842,2
8843,4
8844,6
8845,1
8846,6
8847,0
8848,5
8849,1
8850,5
8851,0
8852,1
8853,4
8854,4
8855,0
8856,2
8857,1
8858,0
8859,0
8860,1
8861,1
8862,5
8863,4
8864,5
8865,6
8866,5
8867,1
8868,1
8869,4
8870,6
8871,6
8872,0
8873,0
8874,0
8875,5
8876,5
8877,0
8878,6
8879,6
8880,6
8881,2
8882,6
8883,6
8884,6
8885,6
8886,4
8887,4
8888,5
8889,4
8890,6
8891,4
8892,0
8893,5
8894,4
8895,4
8896,4
8897,4
8898,4
8899,2
8900,6
8901,0
8902,0
8903,0
8904,6
8905,6
8906,6
8907,6
8908,5
8909,1
8910,6
8911,1
8912,5
8913,5
8914,5
8915,6
8916,6
8917,0
8918,6
8919,6
8920,6
8921,4
8922,5
8923,4
8924,6
8925,5
8926,4
8927,0
8928,0
8929,4
8930,1
8931,0
8932,5
8933,6
8934,2
8935,5
8936,5
8937,6
8938,0
8939,0
8940,1
8941,0
8942,5
8943,0
8944,0
8945,5
8946,0
8947,5
8948,6
8949,5
8950,0
8951,4
8952,6
8953,1
8954,4
8955,4
8956,0
8957,0
8958,4
8959,1
8960,0
8961,4
8962,1
8963,1
8964,6
8965,1
8966,4
8967,2
8968,2
8969,2
8970,1
8971,2
8972,0
8973,0
8974,0
8975,1
8976,4
8977,6
8978,0
8979,0
8980,0
8981,6
8982,6
8983,0
8984,4
8985,5
8986,4
8987,4
8988,5
8989,6
8990,5
8991,1
8992,2
8993,1
8994,5
8995,5
8996,2
8997,4
8998,4
8999,4
9000,4
9001,5
9002,1
9003,4
9004,1
9005,0
9006,4
9007,2
9008,2
9009,6
9010,0
9011,1
9012,0
9013,2
9014,1
9015,4
9016,0
9017,0
9018,1
9019,4
9020,4
9021,1
9022,1
9023,0
9024,4
9025,4
9026,4
9027,2
9028,1
9029,5
9030,1
9031,6
9032,5
9033,1
9034,6
9035,1
9036,4
9037,1
9038,0
9039,1
9040,1
9041,6
9042,4
9043,4
9044,1
9045,1
9046,4
9047,1
9048,0
9049,1
9050,1
9051,1
9052,4
9053,0
9054,1
9055,4
9056,4
9057,4
9058,4
9059,1
9060,0
9061,0
9062,4
9063,6
9064,6
9065,1
9066,4
9067,1
9068,4
9069,5
9070,6
9071,1
9072,5
9073,5
9074,6
9075,5
9076,0
9077,5
9078,1
9079,4
9080,1
9081,4
9082,2
9083,4
9084,0
9085,1
9086,2
9087,0
9088,1
9089,5
9090,1
9091,1
9092,1
9093,1
9094,6
9095,6
9096,6
9097,6
9098,0
9099,1
9100,1
9101,1
9102,1
9103,1
9104,1
9105,1
9106,5
9107,1
9108,1
9109,1
9110,1
9111,6
9112,1
9113,4
9114,4
9115,0
9116,1
9117,1
9118,0
9119,0
9120,4
9121,0
9122,0
9123,6
9124,4
9125,4
9126,2
9127,2
9128,2
9129,2
9130,0
9131,5
9132,4
9133,4
9134,1
9135,5
9136,2
9137,5
9138,1
9139,1
9140,2
9141,5
9142,1
9143,1
9144,5
9145,5
9146,4
9147,5
9148,5
9149,5
9150,4
9151,6
9152,6
9153,6
9154,5
9155,0
9156,2
9157,0
9158,2
9159,5
9160,4
9161,5
9162,1
9163,4
9164,5
9165,5
9166,5
9167,1
9168,2
9169,5
9170,1
9171,0
9172,4
9173,1
9174,6
9175,6
9176,1
9177,6
9178,1
9179,1
9180,5
9181,6
9182,2
9183,0
9184,6
9185,6
9186,5
9187,4
9188,5
9189,1
9190,1
9191,0
9192,0
9193,4
9194,1
9195,1
9196,1
9197,1
9198,5
9199,1
9200,0
9201,0
9202,4
9203,4
9204,1
9205,1
9206,1
9207,1
9208,4
9209,1
9210,1
9211,2
9212,2
9213,1
9214,4
9215,1
9216,6
9217,0
9218,0
9219,0
9220,1
9221,0
9222,1
9223,1
9224,5
9225,5
9226,1
9227,1
9228,1
9229,1
9230,1
9231,1
9232,2
9233,2
9234,1
9235,1
9236,1
9237,1
9238,2
9239,2
9240,1
9241,5
9242,1
9243,4
9244,6
9245,6
9246,4
9247,1
9248,1
9249,1
9250,1
9251,1
9252,1
9253,0
9254,2
9255,1
9256,2
9257,1
9258,2
9259,1
9260,1
9261,1
9262,6
9263,6
9264,1
9265,6
9266,0
9267,1
9268,1
9269,5
9270,1
9271,1
9272,5
9273,2
9274,5
9275,5
9276,5
9277,1
9278,1
9279,1
9280,1
9281,4
9282,1
9283,2
9284,1
9285,1
9286,5
9287,1
9288,1
9289,5
9290,0
9291,6
9292,0
9293,0
9294,0
9295,1
9296,1
9297,0
9298,6
9299,6
9300,0
9301,0
9302,5
9303,1
9304,4
9305,1
9306,1
9307,6
9308,0
9309,0
9310,1
9311,5
9312,6
9313,0
9314,2
9315,0
9316,5
9317,1
9318,5
9319,6
9320,1
9321,1
9322,6
9323,0
9324,5
9325,5
9326,5
9327,4
9328,6
9329,6
9330,5
9331,6
9332,6
9333,6
9334,0
9335,5
9336,0
9337,0
9338,0
9339,1
9340,5
9341,5
9342,1
9343,1
9344,0
9345,6
9346,4
9347,1
9348,0
9349,1
9350,1
9351,6
9352,5
9353,1
9354,1
9355,1
9356,5
9357,5
9358,0
9359,1
9360,4
9361,0
9362,0
9363,1
9364,6
9365,6
9366,1
9367,5
9368,6
9369,6
9370,5
9371,4
9372,1
9373,0
9374,0
9375,0
9376,5
9377,5
9378,2
9379,2
9380,5
9381,0
9382,0
9383,6
9384,2
9385,1
9386,1
9387,1
9388,1
9389,6
9390,4
9391,1
9392,1
9393,1
9394,1
9395,1
9396,1
9397,4
9398,2
9399,4
9400,4
9401,5
9402,4
9403,1
9404,1
9405,0
9406,1
9407,1
9408,5
9409,1
9410,1
9411,6
9412,4
9413,1
9414,0
9415,0
9416,1
9417,0
9418,6
9419,6
9420,1
9421,1
9422,1
9423,5
9424,5
9425,5
9426,4
9427,1
9428,4
9429,5
9430,5
9431,4
9432,0
9433,0
9434,1
9435,4
9436,5
9437,6
9438,6
9439,5
9440,6
9441,4
9442,6
9443,4
9444,4
9445,6
9446,1
9447,1
9448,1
9449,1
9450,1
9451,4
9452,4
9453,0
9454,5
9455,1
9456,0
9457,6
9458,6
9459,2
9460,5
9461,6
9462,6
9463,5
9464,1
9465,1
9466,1
9467,1
9468,1
9469,6
9470,5
9471,1
9472,1
9473,4
9474,1
9475,1
9476,1
9477,1
9478,1
9479,4
9480,1
9481,1
9482,5
9483,5
9484,1
9485,1
9486,5
9487,1
9488,1
9489,5
9490,1
9491,1
9492,4
9493,6
9494,4
9495,5
9496,6
9497,5
9498,5
9499,6
9500,6
9501,1
9502,1
9503,1
9504,1
9505,0
9506,4
9507,2
9508,5
9509,2
9510,1
9511,4
9512,6
9513,6
9514,1
9515,1
9516,1
9517,6
9518,1
9519,1
9520,1
9521,1
9522,0
9523,6
9524,2
9525,2
9526,2
9527,2
9528,2
9529,2
9530,2
9531,2
9532,2
9533,2
9534,2
9535,2
9536,2
9537,5
9538,2
9539,4
9540,1
9541,4
9542,1
9543,5
9544,1
9545,5
9546,6
9547,1
9548,2
9549,1
9550,5
9551,2
9552,4
9553,4
9554,5
9555,0
9556,2
9557,5
9558,0
9559,2
9560,2
9561,2
9562,2
9563,5
9564,5
9565,1
9566,1
9567,4
9568,1
9569,4
9570,1
9571,1
9572,1
9573,0
9574,1
9575,1
9576,6
9577,4
9578,5
9579,1
9580,5
9581,1
9582,6
9583,1
9584,1
9585,1
9586,1
9587,4
9588,1
9589,1
9590,1
9591,1
9592,2
9593,2
9594,2
9595,6
9596,2
9597,6
9598,2
9599,2
9600,2
9601,2
9602,2
9603,2
9604,2
9605,2
9606,2
9607,2
9608,2
9609,1
9610,2
9611,2
9612,1
9613,5
9614,6
9615,1
9616,1
9617,5
9618,1
9619,5
9620,4
9621,0
9622,6
9623,4
9624,6
9625,6
9626,4
9627,5
9628,4
9629,6
9630,1
9631,1
9632,1
9633,1
9634,1
9635,1
9636,1
9637,6
9638,6
9639,6
9640,1
9641,5
9642,2
9643,2
9644,4
9645,6
9646,5
9647,6
9648,6
9649,5
9650,5
9651,5
9652,1
9653,6
9654,5
9655,5
9656,1
9657,1
9658,0
9659,1
9660,1
9661,5
9662,5
9663,2
9664,5
9665,1
9666,6
9667,6
9668,1
9669,4
9670,0
9671,1
9672,0
9673,1
9674,1
9675,1
9676,5
9677,1
9678,1
9679,1
9680,4
9681,4
9682,1
9683,4
9684,4
9685,4
9686,4
9687,1
9688,1
9689,1
9690,0
9691,1
9692,5
9693,0
9694,1
9695,1
9696,4
9697,1
9698,1
9699,0
9700,1
9701,1
9702,6
9703,1
9704,1
9705,1
9706,4
9707,1
9708,4
9709,1
9710,1
9711,0
9712,6
9713,5
9714,1
9715,1
9716,2
9717,6
9718,6
9719,1
9720,6
9721,0
9722,0
9723,1
9724,4
9725,1
9726,1
9727,1
9728,4
9729,1
9730,1
9731,5
9732,1
9733,0
9734,6
9735,5
9736,4
9737,6
9738,5
9739,5
9740,6
9741,6
9742,1
9743,1
9744,0
9745,4
9746,5
9747,1
9748,1
9749,0
9750,0
9751,1
9752,1
9753,2
9754,1
9755,1
9756,2
9757,1
9758,1
9759,1
9760,4
9761,5
9762,5
9763,1
9764,1
9765,0
9766,6
9767,5
9768,1
9769,5
9770,6
9771,2
9772,1
9773,4
9774,0
9775,2
9776,5
9777,1
9778,4
9779,2
9780,2
9781,1
9782,4
9783,4
9784,4
9785,4
9786,4
9787,1
9788,0
9789,0
9790,0
9791,1
9792,4
9793,1
9794,1
9795,0
9796,6
9797,1
9798,1
9799,0
9800,0
9801,0
9802,0
9803,0
9804,0
9805,5
9806,6
9807,6
9808,0
9809,1
9810,1
9811,1
9812,4
9813,4
9814,0
9815,4
9816,5
9817,4
9818,4
9819,5
9820,2
9821,2
9822,2
9823,2
9824,0
9825,2
9826,2
9827,4
9828,2
9829,4
9830,2
9831,2
9832,2
9833,0
9834,4
9835,2
9836,2
9837,0
9838,6
9839,4
9840,2
9841,2
9842,2
9843,2
9844,2
9845,2
9846,4
9847,1
9848,2
9849,4
9850,1
9851,1
9852,0
9853,1
9854,4
9855,5
9856,2
9857,1
9858,5
9859,1
9860,6
9861,1
9862,1
9863,1
9864,1
9865,1
9866,6
9867,4
9868,4
9869,6
9870,4
9871,4
9872,1
9873,1
9874,2
9875,2
9876,4
9877,1
9878,1
9879,6
9880,1
9881,1
9882,1
9883,4
9884,4
9885,4
9886,1
9887,1
9888,1
9889,0
9890,6
9891,6
9892,6
9893,1
9894,1
9895,0
9896,4
9897,4
9898,0
9899,1
9900,1
9901,5
9902,1
9903,5
9904,5
9905,4
9906,5
9907,4
9908,1
9909,1
9910,4
9911,1
9912,1
9913,1
9914,0
9915,1
9916,1
9917,5
9918,2
9919,1
9920,6
9921,6
9922,4
9923,2
9924,2
9925,1
9926,2
9927,5
9928,2
9929,2
9930,4
9931,4
9932,4
9933,4
9934,6
9935,4
9936,6
9937,1
9938,1
9939,5
9940,4
9941,1
9942,4
9943,4
9944,4
9945,4
9946,1
9947,6
9948,1
9949,4
9950,1
9951,1
9952,1
9953,5
9954,5
9955,0
9956,0
9957,0
9958,1
9959,4
9960,4
9961,2
9962,5
9963,5
9964,6
9965,1
9966,6
9967,4
9968,4
9969,0
9970,5
9971,2
9972,2
9973,1
9974,1
9975,1
9976,1
9977,4
9978,1
9979,6
9980,1
9981,5
9982,2
9983,6
9984,1
9985,2
9986,2
9987,2
9988,2
9989,5
9990,5
9991,1
9992,1
9993,1
9994,1
9995,1
9996,5
9997,1
9998,5
9999,2
10000,5
10001,1
10002,1
10003,1
10004,2
10005,5
10006,6
10007,4
10008,4
10009,1
10010,5
10011,2
10012,1
10013,5
10014,4
10015,4
10016,2
10017,5
10018,2
10019,1
10020,1
10021,4
10022,1
10023,4
10024,1
10025,1
10026,1
10027,5
10028,5
10029,0
10030,1
10031,1
10032,4
10033,5
10034,1
10035,5
10036,1
10037,6
10038,6
10039,5
10040,5
10041,4
10042,5
10043,1
10044,5
10045,4
10046,4
10047,1
10048,1
10049,0
10050,0
10051,0
10052,1
10053,4
10054,1
10055,1
10056,0
10057,0
10058,1
10059,4
10060,5
10061,5
10062,2
10063,1
10064,1
10065,1
10066,1
10067,1
10068,1
10069,1
10070,1
10071,0
10072,4
10073,1
10074,1
10075,1
10076,1
10077,6
10078,1
10079,1
10080,1
10081,1
10082,1
10083,4
10084,0
10085,0
10086,6
10087,0
10088,0
10089,1
10090,1
10091,1
10092,1
10093,4
10094,4
10095,5
10096,5
10097,5
10098,5
10099,0
10100,0
10101,2
10102,0
10103,0
10104,0
10105,4
10106,6
10107,0
10108,1
10109,1
10110,1
10111,5
10112,0
10113,0
10114,0
10115,0
10116,5
10117,4
10118,5
10119,0
10120,0
10121,1
10122,0
10123,1
10124,0
10125,0
10126,6
10127,6
10128,1
10129,5
10130,1
10131,4
10132,4
10133,6
10134,0
10135,1
10136,0
10137,4
10138,5
10139,5
10140,4
10141,4
10142,1
10143,6
10144,6
10145,0
10146,5
10147,0
10148,0
10149,0
10150,1
10151,0
10152,6
10153,6
10154,6
10155,0
10156,6
10157,0
10158,0
10159,0
10160,4
10161,0
10162,0
10163,0
10164,0
10165,0
10166,0
10167,0
10168,0
10169,0
10170,0
10171,0
10172,0
10173,0
10174,5
10175,0
10176,0
10177,0
10178,0
10179,0
10180,0
10181,0
10182,6
10183,0
10184,0
10185,0
10186,4
10187,1
10188,4
10189,6
10190,6
10191,6
10192,6
10193,6
10194,0
10195,0
10196,0
10197,0
10198,5
10199,6
10200,4
10201,5
10202,1
10203,0
10204,0
10205,0
10206,4
10207,0
10208,0
10209,0
10210,0
10211,4
10212,5
10213,0
10214,4
10215,1
10216,0
10217,6
10218,6
10219,6
10220,6
10221,0
10222,6
10223,0
10224,0
10225,0
10226,0
10227,0
10228,0
10229,0
10230,0
10231,0
10232,0
10233,4
10234,0
10235,6
10236,4
10237,4
10238,1
10239,6
10240,6
10241,6
10242,4
10243,0
10244,0
10245,4
10246,4
10247,0
10248,0
10249,5
10250,0
10251,0
10252,0
10253,1
10254,1
10255,0
10256,5
10257,0
10258,0
10259,0
10260,4
10261,0
10262,0
10263,0
10264,0
10265,0
10266,1
10267,6
10268,1
10269,5
10270,5
10271,5
10272,4
10273,5
10274,5
10275,0
10276,5
10277,0
10278,5
10279,5
10280,0
10281,0
10282,4
10283,0
10284,0
10285,0
10286,4
10287,0
10288,0
10289,0
10290,0
10291,0
10292,6
10293,4
10294,0
10295,5
10296,6
10297,6
10298,6
10299,2
10300,5
10301,6
10302,6
10303,6
10304,4
10305,5
10306,0
10307,0
10308,0
10309,1
10310,0
10311,0
10312,0
10313,0
10314,0
10315,0
10316,4
10317,0
10318,0
10319,0
10320,5
10321,5
10322,5
10323,4
10324,0
10325,6
10326,0
10327,0
10328,4
10329,0
10330,0
10331,0
10332,0
10333,0
10334,1
10335,5
10336,6
10337,0
10338,0
10339,0
10340,1
10341,0
10342,0
10343,0
10344,0
10345,0
10346,0
10347,0
10348,6
10349,6
10350,0
10351,0
10352,5
10353,4
10354,6
10355,6
10356,0
10357,0
10358,0
10359,0
10360,0
10361,0
10362,1
10363,0
10364,1
10365,1
10366,1
10367,1
10368,0
10369,1
10370,1
10371,4
10372,0
10373,1
10374,5
10375,0
10376,0
10377,1
10378,0
10379,1
10380,1
10381,0
10382,0
10383,6
10384,4
10385,6
10386,6
10387,4
10388,6
10389,4
10390,6
10391,0
10392,6
10393,4
10394,0
10395,0
10396,0
10397,1
10398,6
10399,0
10400,1
10401,5
10402,1
10403,0
10404,6
10405,0
10406,0
10407,0
10408,1
10409,0
10410,0
10411,5
10412,4
10413,5
10414,6
10415,0
10416,1
10417,1
10418,0
10419,0
10420,1
10421,1
10422,1
10423,1
10424,1
10425,0
10426,0
10427,6
10428,6
10429,6
10430,0
10431,0
10432,5
10433,5
10434,5
10435,5
10436,0
10437,4
10438,0
10439,0
10440,1
10441,0
10442,0
10443,5
10444,5
10445,0
10446,4
10447,4
10448,4
10449,5
10450,0
10451,0
10452,4
10453,0
10454,0
10455,0
10456,2
10457,5
10458,6
10459,0
10460,0
10461,6
10462,5
10463,5
10464,5
10465,5
10466,1
10467,4
10468,0
10469,0
10470,0
10471,2
10472,6
10473,6
10474,0
10475,5
10476,5
10477,6
10478,6
10479,1
10480,1
10481,1
10482,1
10483,1
10484,0
10485,0
10486,0
10487,0
10488,0
10489,5
10490,5
10491,4
10492,6
10493,6
10494,4
10495,0
10496,6
10497,4
10498,4
10499,4
10500,4
10501,0
10502,5
10503,6
10504,6
10505,6
10506,6
10507,0
10508,4
10509,6
10510,6
10511,5
10512,6
10513,5
10514,6
10515,5
10516,4
10517,6
10518,0
10519,0
10520,5
10521,1
10522,0
10523,0
10524,0
10525,0
10526,1
10527,6
10528,5
10529,0
10530,5
10531,6
10532,6
10533,6
10534,6
10535,0
10536,6
10537,6
10538,0
10539,0
10540,6
10541,2
10542,5
10543,0
10544,5
10545,6
10546,5
10547,6
10548,5
10549,4
10550,0
10551,0
10552,0
10553,6
10554,1
10555,4
10556,6
10557,6
10558,6
10559,6
10560,6
10561,6
10562,6
10563,5
10564,6
10565,6
10566,0
10567,1
10568,0
10569,6
10570,1
10571,1
10572,0
10573,0
10574,4
10575,0
10576,6
10577,6
10578,6
10579,6
10580,6
10581,1
10582,6
10583,6
10584,6
10585,0
10586,0
10587,6
10588,6
10589,6
10590,6
10591,6
10592,0
10593,0
10594,0
10595,0
10596,0
10597,1
10598,5
10599,5
10600,0
10601,0
10602,6
10603,5
10604,6
10605,6
10606,0
10607,1
10608,0
10609,0
10610,0
10611,1
10612,1
10613,4
10614,4
10615,4
10616,4
10617,0
10618,0
10619,0
10620,1
10621,4
10622,0
10623,0
10624,0
10625,0
10626,0
10627,0
10628,0
10629,0
10630,0
10631,0
10632,0
10633,1
10634,5
10635,0
10636,5
10637,5
10638,2
10639,0
10640,1
10641,6
10642,5
10643,6
10644,1
10645,4
10646,4
10647,1
10648,1
10649,5
10650,1
10651,4
10652,1
10653,0
10654,5
10655,2
10656,0
10657,1
10658,1
10659,0
10660,5
10661,4
10662,1
10663,1
10664,5
10665,2
10666,2
10667,2
10668,5
10669,5
10670,6
10671,4
10672,4
10673,4
10674,1
10675,1
10676,2
10677,2
10678,2
10679,2
10680,6
10681,1
10682,1
10683,4
10684,0
10685,0
10686,0
10687,0
10688,0
10689,1
10690,1
10691,2
10692,2
10693,2
10694,0
10695,2
10696,2
10697,2
10698,5
10699,1
10700,1
10701,4
10702,1
10703,0
10704,0
10705,4
10706,0
10707,0
10708,0
10709,0
10710,4
10711,1
10712,0
10713,1
10714,5
10715,5
10716,2
10717,2
10718,2
10719,2
10720,2
10721,2
10722,2
10723,2
10724,2
10725,2
10726,5
10727,2
10728,5
10729,5
10730,1
10731,5
10732,5
10733,6
10734,2
10735,2
10736,5
10737,2
10738,1
10739,1
10740,5
10741,5
10742,5
10743,4
10744,1
10745,6
10746,1
10747,1
10748,0
10749,1
10750,1
10751,1
10752,1
10753,1
10754,2
10755,1
10756,1
10757,1
10758,4
10759,2
10760,4
10761,1
10762,1
10763,5
10764,5
10765,6
10766,6
10767,6
10768,1
10769,1
10770,1
10771,4
10772,0
10773,0
10774,4
10775,1
10776,1
10777,1
10778,5
10779,4
10780,1
10781,1
10782,6
10783,6
10784,5
10785,5
10786,1
10787,1
10788,1
10789,1
10790,1
10791,1
10792,5
10793,0
10794,0
10795,5
10796,4
10797,4
10798,4
10799,4
10800,5
10801,0
10802,1
10803,4
10804,5
10805,6
10806,4
10807,1
10808,5
10809,1
10810,5
10811,1
10812,5
10813,4
10814,4
10815,2
10816,2
10817,6
10818,6
10819,5
10820,1
10821,4
10822,6
10823,0
10824,0
10825,1
10826,2
10827,2
10828,6
10829,1
10830,1
10831,1
10832,6
10833,1
10834,6
10835,5
10836,6
10837,5
10838,6
10839,5
10840,1
10841,1
10842,6
10843,2
10844,6
10845,6
10846,6
10847,5
10848,6
10849,4
10850,2
10851,2
10852,0
10853,2
10854,2
10855,0
10856,1
10857,5
10858,5
10859,1
10860,2
10861,1
10862,1
10863,5
10864,4
10865,4
10866,4
10867,1
10868,0
10869,6
10870,0
10871,4
10872,6
10873,1
10874,5
10875,6
10876,2
10877,0
10878,1
10879,1
10880,1
10881,6
10882,5
10883,2
10884,2
10885,2
10886,4
10887,0
10888,1
10889,5
10890,5
10891,5
10892,5
10893,1
10894,5
10895,6
10896,6
10897,0
10898,0
10899,1
10900,1
10901,1
10902,5
10903,0
10904,1
10905,1
10906,4
10907,5
10908,1
10909,2
10910,6
10911,1
10912,6
10913,6
10914,6
10915,1
10916,2
10917,5
10918,1
10919,6
10920,1
10921,1
10922,1
10923,1
10924,0
10925,4
10926,6
10927,4
10928,5
10929,4
10930,1
10931,5
10932,5
10933,6
10934,5
10935,5
10936,1
10937,5
10938,1
10939,1
10940,4
10941,0
10942,1
10943,5
10944,5
10945,5
10946,1
10947,1
10948,1
10949,1
10950,5
10951,5
10952,4
10953,0
10954,5
10955,5
10956,0
10957,1
10958,1
10959,4
10960,6
10961,6
10962,1
10963,0
10964,0
10965,0
10966,4
10967,1
10968,1
10969,4
10970,4
10971,2
10972,2
10973,2
10974,5
10975,6
10976,2
10977,6
10978,6
10979,5
10980,5
10981,4
10982,4
10983,5
10984,5
10985,6
10986,1
10987,6
10988,5
10989,1
10990,5
10991,5
10992,5
10993,5
10994,5
10995,5
10996,1
10997,1
10998,0
10999,0
11000,6
11001,4
11002,6
11003,1
11004,1
11005,4
11006,5
11007,4
11008,2
11009,1
11010,1
11011,2
11012,6
11013,6
11014,6
11015,4
11016,4
11017,1
11018,6
11019,4
11020,0
11021,2
11022,2
11023,5
11024,5
11025,5
11026,2
11027,4
11028,4
11029,1
11030,2
11031,2
11032,2
11033,2
11034,2
11035,5
11036,1
11037,1
11038,4
11039,4
11040,5
11041,6
11042,6
11043,6
11044,5
11045,5
11046,6
11047,5
11048,4
11049,0
11050,5
11051,4
11052,6
11053,4
11054,5
11055,0
11056,4
11057,2
11058,2
11059,1
11060,4
11061,1
11062,1
11063,1
11064,1
11065,4
11066,1
11067,1
11068,1
11069,4
11070,5
11071,6
11072,5
11073,1
11074,0
11075,1
11076,1
11077,1
11078,5
11079,1
11080,4
11081,6
11082,6
11083,1
11084,1
11085,6
11086,4
11087,5
11088,0
11089,2
11090,6
11091,2
11092,2
11093,6
11094,6
11095,2
11096,6
11097,6
11098,0
11099,6
11100,2
11101,2
11102,2
11103,5
11104,5
11105,6
11106,0
11107,5
11108,6
11109,2
11110,2
11111,2
11112,2
11113,2
11114,2
11115,6
11116,2
11117,2
11118,1
11119,1
11120,5
11121,0
11122,5
11123,0
11124,1
11125,1
11126,6
11127,6
11128,5
11129,5
11130,6
11131,6
11132,6
11133,2
11134,0
11135,0
11136,0
11137,4
11138,1
11139,6
11140,6
11141,1
11142,5
11143,1
11144,1
11145,1
11146,6
11147,1
11148,0
11149,1
11150,5
11151,5
11152,6
11153,4
11154,6
11155,6
11156,6
11157,6
11158,6
11159,6
11160,5
11161,0
11162,5
11163,1
11164,4
11165,1
11166,4
11167,1
11168,4
11169,6
11170,5
11171,5
11172,5
11173,5
11174,5
11175,4
11176,1
11177,6
11178,2
11179,1
11180,1
11181,4
11182,6
11183,1
11184,5
11185,6
11186,5
11187,1
11188,4
11189,1
11190,0
11191,4
11192,4
11193,6
11194,6
11195,4
11196,6
11197,1
11198,6
11199,6
11200,6
11201,5
11202,6
11203,0
11204,1
11205,1
11206,0
11207,1
11208,2
11209,2
11210,6
11211,6
11212,2
11213,2
11214,5
11215,0
11216,1
11217,1
11218,1
11219,5
11220,1
11221,5
11222,5
11223,1
11224,4
11225,1
11226,6
11227,4
11228,6
11229,4
11230,5
11231,1
11232,6
11233,4
11234,5
11235,1
11236,5
11237,5
11238,6
11239,1
11240,1
11241,1
11242,6
11243,6
11244,6
11245,6
11246,0
11247,4
11248,6
11249,6
11250,1
11251,1
11252,1
11253,1
11254,1
11255,1
11256,1
11257,6
11258,1
11259,1
11260,4
11261,6
11262,4
11263,4
11264,4
11265,5
11266,6
11267,1
11268,0
11269,1
11270,1
11271,5
11272,4
11273,0
11274,0
11275,4
11276,5
11277,1
11278,1
11279,4
11280,6
11281,6
11282,2
11283,6
11284,1
11285,4
11286,4
11287,4
11288,5
11289,4
11290,1
11291,1
11292,0
11293,0
11294,0
11295,0
11296,4
11297,0
11298,2
11299,5
11300,5
11301,5
11302,1
11303,4
11304,0
11305,0
11306,0
11307,6
11308,1
11309,4
11310,1
11311,1
11312,5
11313,5
11314,5
11315,6
11316,6
11317,5
11318,1
11319,4
11320,4
11321,4
11322,4
11323,4
11324,4
11325,0
11326,5
11327,5
11328,0
11329,0
11330,1
11331,1
11332,1
11333,1
11334,1
11335,5
11336,4
11337,6
11338,5
11339,6
11340,1
11341,6
11342,6
11343,6
11344,6
11345,0
11346,5
11347,5
11348,5
11349,4
11350,1
11351,1
11352,1
11353,1
11354,1
11355,0
11356,0
11357,4
11358,4
11359,4
11360,5
11361,1
11362,1
11363,6
11364,1
11365,1
11366,1
11367,6
11368,5
11369,6
11370,1
11371,5
11372,5
11373,5
11374,6
11375,0
11376,1
11377,1
11378,1
11379,2
11380,2
11381,5
11382,6
11383,6
11384,2
11385,4
11386,1
11387,1
11388,1
11389,6
11390,5
11391,1
11392,1
11393,1
11394,1
11395,1
11396,1
11397,2
11398,4
11399,0
11400,1
11401,1
11402,1
11403,1
11404,1
11405,0
11406,4
11407,5
11408,1
11409,6
11410,6
11411,6
11412,1
11413,1
11414,0
11415,4
11416,1
11417,1
11418,6
11419,1
11420,4
11421,1
11422,6
11423,1
11424,5
11425,6
11426,1
11427,4
11428,1
11429,1
11430,5
11431,5
11432,4
11433,4
11434,4
11435,6
11436,0
11437,0
11438,1
11439,5
11440,5
11441,5
11442,0
11443,4
11444,4
11445,0
11446,2
11447,1
11448,1
11449,1
11450,1
11451,0
11452,1
11453,0
11454,1
11455,1
11456,1
11457,5
11458,6
11459,1
11460,6
11461,5
11462,5
11463,1
11464,1
11465,1
11466,5
11467,5
11468,5
11469,5
11470,6
11471,5
11472,6
11473,1
11474,1
11475,1
11476,4
11477,1
11478,1
11479,1
11480,1
11481,0
11482,1
11483,0
11484,2
11485,0
11486,1
11487,4
11488,5
11489,5
11490,4
11491,6
11492,1
11493,1
11494,1
11495,4
11496,0
11497,0
11498,0
11499,5
11500,2
11501,4
11502,0
11503,4
11504,0
11505,6
11506,4
11507,4
11508,4
11509,5
11510,4
11511,4
11512,4
11513,5
11514,2
11515,2
11516,4
11517,6
11518,1
11519,0
11520,0
11521,6
11522,1
11523,6
11524,5
11525,4
11526,4
11527,1
11528,0
11529,0
11530,5
11531,5
11532,4
11533,1
11534,4
11535,1
11536,1
11537,6
11538,1
11539,0
11540,0
11541,0
11542,0
11543,5
11544,0
11545,6
11546,1
11547,0
11548,1
11549,0
11550,6
11551,6
11552,6
11553,1
11554,5
11555,1
11556,5
11557,0
11558,0
11559,0
11560,6
11561,0
11562,0
11563,5
11564,0
11565,0
11566,0
11567,4
11568,0
11569,1
11570,4
11571,1
11572,6
11573,0
11574,5
11575,0
11576,0
11577,0
11578,1
11579,6
11580,1
11581,4
11582,4
11583,0
11584,6
11585,6
11586,2
11587,0
11588,5
11589,5
11590,6
11591,5
11592,5
11593,5
11594,6
11595,5
11596,0
11597,5
11598,5
11599,6
11600,1
11601,1
11602,4
11603,1
11604,5
11605,1
11606,1
11607,1
11608,0
11609,1
11610,0
11611,0
11612,5
11613,5
11614,5
11615,2
11616,4
11617,5
11618,6
11619,6
11620,1
11621,5
11622,1
11623,5
11624,2
11625,5
11626,0
11627,2
11628,5
11629,5
11630,2
11631,0
11632,1
11633,6
11634,5
11635,5
11636,4
11637,4
11638,5
11639,1
11640,0
11641,6
11642,6
11643,4
11644,5
11645,0
11646,5
11647,1
11648,6
11649,6
11650,5
11651,0
11652,1
11653,1
11654,1
11655,5
11656,1
11657,1
11658,0
11659,1
11660,0
11661,2
11662,5
11663,4
11664,1
11665,1
11666,1
11667,6
11668,6
11669,6
11670,1
11671,6
11672,6
11673,6
11674,6
11675,6
11676,1
11677,6
11678,1
11679,4
11680,4
11681,1
11682,1
11683,1
11684,1
11685,1
11686,1
11687,1
11688,1
11689,1
11690,1
11691,4
11692,0
11693,0
11694,0
11695,4
11696,2
11697,2
11698,1
11699,5
11700,4
11701,1
11702,1
11703,1
11704,5
11705,6
11706,5
11707,5
11708,0
11709,5
11710,4
11711,1
11712,1
11713,6
11714,1
11715,4
11716,4
11717,2
11718,6
11719,0
11720,1
11721,2
11722,0
11723,5
11724,0
11725,0
11726,5
11727,1
11728,4
11729,0
11730,4
11731,5
11732,0
11733,6
11734,4
11735,2
11736,4
11737,4
11738,0
11739,1
11740,5
11741,5
11742,5
11743,5
11744,1
11745,1
11746,1
11747,1
11748,5
11749,1
11750,1
11751,1
11752,5
11753,5
11754,5
11755,6
11756,1
11757,1
11758,5
11759,5
11760,1
11761,4
11762,1
11763,1
11764,1
11765,5
11766,1
11767,1
11768,1
11769,4
11770,1
11771,1
11772,1
11773,1
11774,1
11775,1
11776,1
11777,1
11778,0
11779,1
11780,5
11781,2
11782,1
11783,0
11784,0
11785,1
11786,4
11787,5
11788,5
11789,2
11790,2
11791,0
11792,1
11793,6
11794,5
11795,1
11796,6
11797,0
11798,1
11799,0
11800,5
11801,5
11802,5
11803,6
11804,6
11805,6
11806,6
11807,1
11808,4
11809,4
11810,6
11811,1
11812,5
11813,6
11814,0
11815,2
11816,0
11817,2
11818,2
11819,0
11820,5
11821,5
11822,1
11823,2
11824,4
11825,0
11826,0
11827,5
11828,5
11829,6
11830,1
11831,4
11832,1
11833,6
11834,6
11835,2
11836,1
11837,1
11838,1
11839,1
11840,5
11841,6
11842,1
11843,6
11844,2
11845,1
11846,1
11847,5
11848,2
11849,6
11850,2
11851,5
11852,5
11853,5
11854,5
11855,1
11856,1
11857,1
11858,4
11859,1
11860,0
11861,1
11862,6
11863,1
11864,6
11865,1
11866,0
11867,0
11868,6
11869,5
11870,5
11871,5
11872,0
11873,1
11874,0
11875,0
11876,1
11877,1
11878,1
11879,5
11880,5
11881,0
11882,6
11883,0
11884,1
11885,5
11886,0
11887,1
11888,4
11889,5
11890,2
11891,6
11892,6
11893,5
11894,5
11895,1
11896,0
11897,0
11898,1
11899,6
11900,1
11901,5
11902,5
11903,5
11904,5
11905,5
11906,5
11907,0
11908,1
11909,0
11910,0
11911,4
11912,0
11913,6
11914,1
11915,4
11916,4
11917,6
11918,5
11919,6
11920,6
11921,0
11922,6
11923,0
11924,4
11925,0
11926,0
11927,1
11928,0
11929,1
11930,1
11931,1
11932,5
11933,4
11934,0
11935,1
11936,0
11937,0
11938,5
11939,1
11940,1
11941,1
11942,6
11943,0
11944,6
11945,4
11946,6
11947,6
11948,1
11949,2
11950,5
11951,5
11952,1
11953,1
11954,1
11955,4
11956,5
11957,5
11958,1
11959,1
11960,1
11961,1
11962,1
11963,1
11964,5
11965,1
11966,1
11967,1
11968,6
11969,1
11970,0
11971,4
11972,0
11973,1
11974,5
11975,6
11976,5
11977,6
11978,5
11979,1
11980,1
11981,4
11982,1
11983,4
11984,2
11985,1
11986,1
11987,1
11988,1
11989,5
11990,6
11991,6
11992,6
11993,6
11994,1
11995,0
11996,6
11997,1
11998,1
11999,1
12000,1
12001,1
12002,6
12003,6
12004,4
12005,2
12006,2
12007,4
12008,5
12009,6
12010,2
12011,5
12012,5
12013,5
12014,5
12015,0
12016,4
12017,5
12018,4
12019,5
12020,1
12021,4
12022,1
12023,1
12024,5
12025,1
12026,1
12027,6
12028,0
12029,0
12030,5
12031,1
12032,1
12033,1
12034,1
12035,1
12036,4
12037,5
12038,5
12039,1
12040,1
12041,0
12042,0
12043,0
12044,1
12045,6
12046,6
12047,4
12048,6
12049,1
12050,1
12051,1
12052,1
12053,5
12054,1
12055,1
12056,1
12057,4
12058,4
12059,1
12060,4
12061,4
12062,1
12063,4
12064,6
12065,6
12066,1
12067,1
12068,5
12069,1
12070,6
12071,5
12072,1
12073,1
12074,0
12075,1
12076,5
12077,5
12078,5
12079,4
12080,0
12081,0
12082,4
12083,4
12084,4
12085,5
12086,5
12087,5
12088,5
12089,6
12090,4
12091,1
12092,4
12093,1
12094,1
12095,1
12096,1
12097,1
12098,5
12099,2
12100,4
12101,6
12102,4
12103,6
12104,6
12105,6
12106,6
12107,6
12108,6
12109,6
12110,6
12111,0
12112,4
12113,0
12114,0
12115,0
12116,0
12117,0
12118,5
12119,4
12120,1
12121,4
12122,4
12123,6
12124,0
12125,0
12126,0
12127,0
12128,5
12129,6
12130,6
12131,4
12132,6
12133,0
12134,4
12135,0
12136,0
12137,0
12138,5
12139,4
12140,5
12141,4
12142,1
12143,1
12144,1
12145,4
12146,1
12147,1
12148,0
12149,5
12150,0
12151,0
12152,5
12153,6
12154,5
12155,5
12156,6
12157,6
12158,0
12159,0
12160,5
12161,6
12162,0
12163,0
12164,5
12165,6
12166,6
12167,6
12168,5
12169,6
12170,6
12171,6
12172,1
12173,0
12174,0
12175,5
12176,0
12177,5
12178,2
12179,5
12180,5
12181,1
12182,1
12183,4
12184,0
12185,0
12186,4
12187,4
12188,0
12189,4
12190,0
12191,0
12192,0
12193,0
12194,5
12195,5
12196,1
12197,5
12198,5
12199,0
12200,1
12201,4
12202,0
12203,1
12204,6
12205,1
12206,5
12207,6
12208,6
12209,5
12210,5
12211,6
12212,5
12213,5
12214,6
12215,6
12216,1
12217,4
12218,6
12219,5
12220,0
12221,5
12222,4
12223,5
12224,4
12225,5
12226,0
12227,6
12228,0
12229,5
12230,0
12231,6
12232,5
12233,5
12234,6
12235,6
12236,2
12237,0
12238,2
12239,5
12240,0
12241,0
12242,0
12243,6
12244,6
12245,5
12246,1
12247,6
12248,5
12249,6
12250,6
12251,6
12252,6
12253,6
12254,0
12255,6
12256,0
12257,6
12258,6
12259,6
12260,5
12261,6
12262,6
12263,0
12264,4
12265,4
12266,5
12267,5
12268,6
12269,6
12270,6
12271,0
12272,0
12273,0
12274,6
12275,6
12276,6
12277,5
12278,6
12279,0
12280,4
12281,1
12282,0
12283,0
12284,2
12285,5
12286,6
12287,5
12288,6
12289,6
12290,6
12291,5
12292,0
12293,5
12294,0
12295,1
12296,1
12297,5
12298,6
12299,1
12300,4
12301,4
12302,6
12303,0
12304,0
12305,6
12306,5
12307,2
12308,5
12309,0
12310,6
12311,4
12312,5
12313,0
12314,0
12315,5
12316,6
12317,6
12318,1
12319,1
12320,0
12321,5
12322,0
12323,0
12324,1
12325,0
12326,0
12327,6
12328,6
12329,0
12330,1
12331,4
12332,5
12333,5
12334,4
12335,5
12336,6
12337,6
12338,6
12339,6
12340,6
12341,0
12342,2
12343,2
12344,6
12345,5
12346,0
12347,5
12348,6
12349,1
12350,1
12351,5
12352,5
12353,4
12354,0
12355,0
12356,4
12357,6
12358,0
12359,1
12360,0
12361,6
12362,6
12363,0
12364,1
12365,6
12366,6
12367,6
12368,6
12369,6
12370,1
12371,1
12372,1
12373,2
12374,5
12375,1
12376,2
12377,1
12378,2
12379,0
12380,1
12381,1
12382,1
12383,5
12384,4
12385,4
12386,0
12387,0
12388,1
12389,1
12390,6
12391,6
12392,1
12393,6
12394,6
12395,6
12396,6
12397,2
12398,2
12399,6
12400,2
12401,5
12402,2
12403,5
12404,2
12405,2
12406,2
12407,2
12408,6
12409,2
12410,5
12411,2
12412,0
12413,2
12414,2
12415,2
12416,2
12417,2
12418,2
12419,6
12420,6
12421,6
12422,6
12423,2
12424,2
12425,5
12426,0
12427,4
12428,5
12429,4
12430,4
12431,4
12432,4
12433,0
12434,6
12435,0
12436,5
12437,6
12438,5
12439,5
12440,0
12441,5
12442,4
12443,6
12444,4
12445,4
12446,4
12447,1
12448,4
12449,0
12450,2
12451,4
12452,1
12453,4
12454,1
12455,1
12456,1
12457,1
12458,1
12459,4
12460,6
12461,4
12462,6
12463,1
12464,6
12465,1
12466,1
12467,1
12468,1
12469,1
12470,1
12471,6
12472,6
12473,2
12474,2
12475,4
12476,6
12477,6
12478,5
12479,6
12480,5
12481,1
12482,5
12483,5
12484,1
12485,0
12486,5
12487,4
12488,4
12489,1
12490,4
12491,1
12492,1
12493,1
12494,5
12495,5
12496,4
12497,4
12498,4
12499,0
12500,1
12501,0
12502,5
12503,5
12504,2
12505,2
12506,5
12507,5
12508,1
12509,5
12510,6
12511,1
12512,6
12513,5
12514,6
12515,6
12516,5
12517,2
12518,6
12519,2
12520,4
12521,4
12522,4
12523,4
12524,5
12525,4
12526,4
12527,2
12528,4
12529,5
12530,5
12531,5
12532,4
12533,6
12534,0
12535,1
12536,2
12537,5
12538,0
12539,0
12540,5
12541,5
12542,5
12543,4
12544,4
12545,5
12546,0
12547,5
12548,1
12549,1
12550,5
12551,0
12552,0
12553,5
12554,5
12555,6
12556,4
12557,6
12558,0
12559,0
12560,6
12561,0
12562,0
12563,5
12564,5
12565,5
12566,6
12567,5
12568,5
12569,0
12570,5
12571,2
12572,2
12573,6
12574,5
12575,5
12576,5
12577,0
12578,1
12579,2
12580,5
12581,2
12582,2
12583,1
12584,1
12585,0
12586,5
12587,6
12588,2
12589,5
12590,6
12591,6
12592,0
12593,0
12594,1
12595,4
12596,6
12597,4
12598,4
12599,0
12600,0
12601,0
12602,0
12603,2
12604,1
12605,1
12606,1
12607,0
12608,0
12609,2
12610,5
12611,1
12612,4
12613,4
12614,5
12615,6
12616,5
12617,1
12618,5
12619,5
12620,5
12621,5
12622,5
12623,4
12624,4
12625,5
12626,4
12627,5
12628,4
12629,6
12630,6
12631,6
12632,6
12633,6
12634,6
12635,1
12636,6
12637,0
12638,0
12639,0
12640,0
12641,2
12642,2
12643,4
12644,6
12645,6
12646,2
12647,6
12648,1
12649,4
12650,2
12651,6
12652,4
12653,2
12654,5
12655,5
12656,0
12657,4
12658,6
12659,6
12660,6
12661,1
12662,4
12663,1
12664,2
12665,2
12666,4
12667,2
12668,1
12669,1
12670,1
12671,0
12672,2
12673,6
12674,0
12675,4
12676,0
12677,2
12678,2
12679,0
12680,0
12681,5
12682,5
12683,1
12684,0
12685,4
12686,0
12687,4
12688,4
12689,2
12690,4
12691,2
12692,2
12693,1
12694,1
12695,0
12696,5
12697,5
12698,5
12699,5
12700,5
12701,5
12702,5
12703,0
12704,1
12705,5
12706,6
12707,5
12708,5
12709,1
12710,6
12711,6
12712,4
12713,6
12714,5
12715,5
12716,5
12717,5
12718,6
12719,0
12720,2
12721,4
12722,0
12723,0
12724,5
12725,5
12726,6
12727,5
12728,5
12729,5
12730,5
12731,5
12732,6
12733,5
12734,6
12735,4
12736,0
12737,0
12738,5
12739,6
12740,5
12741,0
12742,0
12743,0
12744,6
12745,1
12746,0
12747,0
12748,5
12749,5
12750,5
12751,5
12752,5
12753,5
12754,6
12755,5
12756,5
12757,0
12758,1
12759,5
12760,2
12761,6
12762,6
12763,6
12764,6
12765,4
12766,5
12767,1
12768,5
12769,0
12770,5
12771,6
12772,6
12773,1
12774,2
12775,0
12776,0
12777,0
12778,6
12779,5
12780,0
12781,0
12782,1
12783,6
12784,6
12785,4
12786,2
12787,5
12788,5
12789,1
12790,1
12791,0
12792,0
12793,5
12794,2
12795,0
12796,5
12797,5
12798,0
12799,0
12800,2
12801,2
12802,1
12803,0
12804,0
12805,2
12806,0
12807,0
12808,0
12809,0
12810,5
12811,0
12812,5
12813,5
12814,5
12815,5
12816,6
12817,1
12818,6
12819,5
12820,4
12821,6
12822,0
12823,5
12824,6
12825,2
12826,0
12827,6
12828,5
12829,5
12830,5
12831,5
12832,0
12833,6
12834,6
12835,2
12836,2
12837,4
12838,0
12839,4
12840,1
12841,6
12842,0
12843,5
12844,0
12845,5
12846,4
12847,5
12848,6
12849,5
12850,5
12851,6
12852,1
12853,0
12854,6
12855,6
12856,6
12857,2
12858,0
12859,1
12860,5
12861,4
12862,4
12863,4
12864,4
12865,6
12866,2
12867,2
12868,4
12869,5
12870,0
12871,6
12872,4
12873,1
12874,1
12875,5
12876,1
12877,4
12878,1
12879,1
12880,1
12881,6
12882,6
12883,6
12884,4
12885,1
12886,1
12887,1
12888,1
12889,2
12890,1
12891,4
12892,1
12893,1
12894,1
12895,1
12896,5
12897,5
12898,2
12899,5
12900,2
12901,1
12902,1
12903,5
12904,6
12905,5
12906,4
12907,5
12908,1
12909,5
12910,1
12911,4
12912,4
12913,5
12914,4
12915,0
12916,5
12917,6
12918,6
12919,5
12920,1
12921,3
12922,1
12923,4
12924,1
12925,4
12926,2
12927,4
12928,0
12929,5
12930,0
12931,5
12932,2
12933,0
12934,2
12935,2
12936,2
12937,2
12938,0
12939,2
12940,2
12941,2
12942,2
12943,2
12944,2
12945,2
12946,2
12947,1
12948,0
12949,1
12950,1
12951,1
12952,1
12953,1
12954,1
12955,2
12956,1
12957,1
12958,0
12959,6
12960,4
12961,4
12962,0
12963,1
12964,1
12965,1
12966,1
12967,6
12968,5
12969,0
12970,1
12971,1
12972,1
12973,1
12974,0
12975,5
12976,6
12977,6
12978,0
12979,1
12980,1
12981,6
12982,5
12983,1
12984,0
12985,5
12986,6
12987,6
12988,1
12989,5
12990,5
12991,5
12992,6
12993,5
12994,1
12995,6
12996,5
12997,6
12998,6
12999,5
13000,1
13001,4
13002,6
13003,0
13004,1
13005,0
13006,6
13007,1
13008,1
13009,1
13010,1
13011,5
13012,6
13013,5
13014,6
13015,6
13016,1
13017,1
13018,1
13019,1
13020,6
13021,6
13022,6
13023,1
13024,1
13025,6
13026,1
13027,5
13028,2
13029,5
13030,5
13031,5
13032,1
13033,1
13034,1
13035,1
13036,1
13037,1
13038,5
13039,1
13040,1
13041,2
13042,4
13043,5
13044,1
13045,2
13046,0
13047,0
13048,1
13049,1
13050,1
13051,1
13052,1
13053,5
13054,1
13055,4
13056,5
13057,5
13058,1
13059,1
13060,1
13061,5
13062,1
13063,1
13064,6
13065,1
13066,1
13067,5
13068,0
13069,4
13070,4
13071,1
13072,1
13073,5
13074,6
13075,6
13076,6
13077,5
13078,0
13079,6
13080,5
13081,1
13082,1
13083,1
13084,1
13085,1
13086,2
13087,2
13088,6
13089,2
13090,2
13091,2
13092,2
13093,2
13094,1
13095,5
13096,1
13097,5
13098,5
13099,4
13100,5
13101,1
13102,1
13103,5
13104,1
13105,1
13106,5
13107,0
13108,4
13109,5
13110,6
13111,5
13112,5
13113,6
13114,0
13115,5
13116,2
13117,5
13118,6
13119,1
13120,1
13121,5
13122,5
13123,5
13124,6
13125,6
13126,4
13127,4
13128,4
13129,6
13130,1
13131,6
13132,4
13133,1
13134,6
13135,1
13136,5
13137,0
13138,0
13139,4
13140,5
13141,5
13142,2
13143,5
13144,0
13145,5
13146,5
13147,0
13148,1
13149,5
13150,6
13151,5
13152,6
13153,1
13154,1
13155,5
13156,0
13157,5
13158,5
13159,6
13160,1
13161,1
13162,5
13163,5
13164,5
13165,6
13166,2
13167,6
13168,2
13169,5
13170,6
13171,2
13172,5
13173,5
13174,1
13175,2
13176,5
13177,1
13178,5
13179,5
13180,1
13181,4
13182,4
13183,5
13184,4
13185,0
13186,1
13187,1
13188,1
13189,1
13190,1
13191,1
13192,1
13193,2
13194,1
13195,2
13196,2
13197,1
13198,1
13199,5
13200,6
13201,5
13202,5
13203,1
13204,1
13205,1
13206,0
13207,1
13208,4
13209,4
13210,4
13211,4
13212,5
13213,1
13214,1
13215,1
13216,1
13217,2
13218,1
13219,1
13220,6
13221,1
13222,1
13223,5
13224,5
13225,5
13226,5
13227,0
13228,1
13229,2
13230,1
13231,1
13232,0
13233,1
13234,1
13235,1
13236,1
13237,4
13238,1
13239,6
13240,5
13241,0
13242,4
13243,1
13244,5
13245,6
13246,6
13247,6
13248,2
13249,6
13250,2
13251,6
13252,6
13253,6
13254,6
13255,6
13256,6
13257,5
13258,6
13259,5
13260,5
13261,5
13262,1
13263,2
13264,2
13265,4
13266,2
13267,5
13268,0
13269,1
13270,4
13271,1
13272,1
13273,5
13274,6
13275,5
13276,6
13277,5
13278,4
13279,4
13280,6
13281,6
13282,6
13283,4
13284,5
13285,2
13286,0
13287,2
13288,1
13289,1
13290,1
13291,1
13292,4
13293,4
13294,4
13295,4
13296,5
13297,4
13298,4
13299,6
13300,4
13301,6
13302,4
13303,1
13304,5
13305,5
13306,5
13307,5
13308,4
13309,4
13310,1
13311,5
13312,6
13313,4
13314,1
13315,1
13316,1
13317,1
13318,5
13319,5
13320,2
13321,2
13322,5
13323,5
13324,2
13325,1
13326,0
13327,5
13328,5
13329,4
13330,1
13331,5
13332,1
13333,1
13334,1
13335,1
13336,2
13337,1
13338,4
13339,6
13340,4
13341,4
13342,6
13343,4
13344,4
13345,4
13346,4
13347,4
13348,1
13349,1
13350,6
13351,6
13352,5
13353,4
13354,1
13355,4
13356,6
13357,4
13358,0
13359,1
13360,4
13361,4
13362,4
13363,4
13364,1
13365,4
13366,4
13367,1
13368,1
13369,2
13370,1
13371,1
13372,1
13373,1
13374,1
13375,5
13376,2
13377,4
13378,1
13379,6
13380,1
13381,2
13382,1
13383,1
13384,2
13385,1
13386,1
13387,6
13388,0
13389,6
13390,6
13391,1
13392,6
13393,6
13394,6
13395,6
13396,6
13397,6
13398,1
13399,1
13400,1
13401,4
13402,6
13403,1
13404,1
13405,5
13406,1
13407,1
13408,4
13409,5
13410,1
13411,1
13412,5
13413,5
13414,5
13415,5
13416,5
13417,1
13418,5
13419,1
13420,1
13421,1
13422,4
13423,1
13424,4
13425,4
13426,6
13427,0
13428,0
13429,5
13430,5
13431,1
13432,1
13433,6
13434,1
13435,0
13436,6
13437,1
13438,6
13439,6
13440,6
13441,1
13442,1
13443,1
13444,1
13445,1
13446,1
13447,1
13448,1
13449,5
13450,5
13451,1
13452,1
13453,4
13454,1
13455,0
13456,0
13457,6
13458,5
13459,2
13460,4
13461,4
13462,4
13463,4
13464,4
13465,1
13466,6
13467,6
13468,1
13469,1
13470,4
13471,0
13472,4
13473,4
13474,5
13475,0
13476,1
13477,4
13478,1
13479,4
13480,4
13481,4
13482,5
13483,5
13484,1
13485,0
13486,1
13487,5
13488,2
13489,6
13490,6
13491,1
13492,5
13493,1
13494,1
13495,1
13496,1
13497,1
13498,1
13499,1
13500,1
13501,1
13502,1
13503,1
13504,1
13505,4
13506,1
13507,5
13508,4
13509,0
13510,4
13511,0
13512,4
13513,6
13514,5
13515,0
13516,4
13517,1
13518,1
13519,1
13520,1
13521,1
13522,5
13523,5
13524,1
13525,4
13526,1
13527,1
13528,5
13529,2
13530,2
13531,6
13532,6
13533,1
13534,2
13535,2
13536,1
13537,5
13538,1
13539,1
13540,0
13541,5
13542,0
13543,2
13544,5
13545,6
13546,0
13547,0
13548,6
13549,6
13550,5
13551,5
13552,6
13553,1
13554,2
13555,2
13556,6
13557,4
13558,0
13559,1
13560,2
13561,0
13562,6
13563,6
13564,6
13565,2
13566,5
13567,1
13568,1
13569,1
13570,5
13571,5
13572,5
13573,0
13574,0
13575,1
13576,6
13577,6
13578,6
13579,0
13580,0
13581,6
13582,4
13583,6
13584,1
13585,1
13586,5
13587,6
13588,5
13589,4
13590,2
13591,2
13592,2
13593,2
13594,4
13595,6
13596,1
13597,5
13598,1
13599,0
13600,5
13601,1
13602,6
13603,1
13604,6
13605,1
13606,5
13607,6
13608,5
13609,2
13610,2
13611,2
13612,2
13613,3
13614,0
13615,4
13616,5
13617,6
13618,6
13619,1
13620,2
13621,6
13622,5
13623,5
13624,6
13625,6
13626,5
13627,5
13628,5
13629,1
13630,1
13631,3
13632,5
13633,5
13634,5
13635,6
13636,5
13637,5
13638,4
13639,6
13640,6
13641,6
13642,1
13643,2
13644,4
13645,1
13646,6
13647,6
13648,1
13649,4
13650,6
13651,6
13652,1
13653,1
13654,4
13655,2
13656,1
13657,1
13658,1
13659,4
13660,4
13661,4
13662,1
13663,1
13664,2
13665,4
13666,4
13667,5
13668,1
13669,2
13670,0
13671,0
13672,0
13673,6
13674,2
13675,4
13676,4
13677,4
13678,4
13679,4
13680,4
13681,4
13682,6
13683,6
13684,6
13685,0
13686,5
13687,2
13688,6
13689,6
13690,6
13691,6
13692,1
13693,6
13694,6
13695,4
13696,0
13697,5
13698,4
13699,1
13700,4
13701,0
13702,4
13703,4
13704,4
13705,1
13706,3
13707,5
13708,6
13709,0
13710,0
13711,0
13712,0
13713,4
13714,6
13715,1
13716,1
13717,5
13718,6
13719,6
13720,6
13721,6
13722,6
13723,0
13724,6
13725,1
13726,1
13727,4
13728,6
13729,6
13730,4
13731,6
13732,6
13733,4
13734,0
13735,0
13736,4
13737,5
13738,0
13739,0
13740,1
13741,4
13742,4
13743,4
13744,6
13745,0
13746,2
13747,5
13748,6
13749,4
13750,5
13751,0
13752,5
13753,6
13754,0
13755,1
13756,0
13757,2
13758,4
13759,4
13760,4
13761,2
13762,4
13763,0
13764,0
13765,0
13766,0
13767,6
13768,6
13769,6
13770,4
13771,0
13772,4
13773,0
13774,1
13775,4
13776,5
13777,2
13778,4
13779,1
13780,5
13781,1
13782,5
13783,4
13784,6
13785,1
13786,1
13787,5
13788,2
13789,0
13790,1
13791,1
13792,1
13793,1
13794,1
13795,1
13796,1
13797,1
13798,1
13799,1
13800,1
13801,5
13802,1
13803,4
13804,1
13805,4
13806,4
13807,1
13808,6
13809,0
13810,0
13811,6
13812,0
13813,1
13814,6
13815,5
13816,5
13817,6
13818,6
13819,5
13820,5
13821,2
13822,6
13823,5
13824,4
13825,5
13826,6
13827,4
13828,0
13829,5
13830,1
13831,1
13832,1
13833,0
13834,4
13835,4
13836,6
13837,6
13838,4
13839,1
13840,4
13841,0
13842,1
13843,1
13844,1
13845,2
13846,4
13847,2
13848,5
13849,0
13850,2
13851,6
13852,6
13853,6
13854,6
13855,1
13856,5
13857,5
13858,1
13859,1
13860,1
13861,1
13862,1
13863,2
13864,1
13865,1
13866,6
13867,5
13868,4
13869,4
13870,2
13871,2
13872,5
13873,6
13874,5
13875,5
13876,5
13877,1
13878,0
13879,6
13880,5
13881,6
13882,0
13883,0
13884,1
13885,6
13886,1
13887,1
13888,5
13889,0
13890,6
13891,6
13892,1
13893,5
13894,1
13895,2
13896,2
13897,6
13898,2
13899,0
13900,4
13901,1
13902,5
13903,5
13904,1
13905,1
13906,5
13907,2
13908,0
13909,0
13910,2
13911,2
13912,0
13913,2
13914,6
13915,5
13916,2
13917,0
13918,2
13919,2
13920,2
13921,2
13922,2
13923,2
13924,2
13925,2
13926,2
13927,2
13928,2
13929,2
13930,2
13931,2
13932,2
13933,2
13934,6
13935,5
13936,5
13937,5
13938,4
13939,1
13940,4
13941,2
13942,6
13943,2
13944,2
13945,4
13946,4
13947,0
13948,1
13949,1
13950,1
13951,0
13952,2
13953,6
13954,1
13955,1
13956,5
13957,6
13958,1
13959,5
13960,4
13961,1
13962,6
13963,1
13964,5
13965,1
13966,6
13967,4
13968,4
13969,5
13970,1
13971,6
13972,6
13973,6
13974,6
13975,6
13976,6
13977,1
13978,5
13979,1
13980,5
13981,1
13982,4
13983,2
13984,2
13985,0
13986,1
13987,4
13988,0
13989,1
13990,0
13991,1
13992,1
13993,1
13994,0
13995,2
13996,5
13997,5
13998,1
13999,0
14000,4
14001,1
14002,4
14003,0
14004,6
14005,1
14006,5
14007,0
14008,1
14009,1
14010,5
14011,6
14012,0
14013,1
14014,1
14015,2
14016,2
14017,2
14018,5
14019,1
14020,1
14021,1
14022,4
14023,4
14024,6
14025,1
14026,0
14027,5
14028,6
14029,6
14030,5
14031,0
14032,0
14033,6
14034,1
14035,1
14036,6
14037,0
14038,6
14039,1
14040,1
14041,5
14042,6
14043,0
14044,1
14045,1
14046,0
14047,4
14048,6
14049,1
14050,1
14051,4
14052,6
14053,6
14054,0
14055,0
14056,0
14057,2
14058,0
14059,4
14060,6
14061,4
14062,4
14063,4
14064,4
14065,4
14066,4
14067,4
14068,1
14069,4
14070,5
14071,1
14072,6
14073,5
14074,1
14075,4
14076,4
14077,4
14078,4
14079,4
14080,4
14081,4
14082,5
14083,5
14084,0
14085,2
14086,0
14087,0
14088,0
14089,5
14090,1
14091,5
14092,1
14093,6
14094,6
14095,1
14096,5
14097,4
14098,2
14099,2
14100,4
14101,5
14102,0
14103,1
14104,4
14105,0
14106,1
14107,5
14108,1
14109,1
14110,1
14111,5
14112,2
14113,5
14114,5
14115,1
14116,5
14117,2
14118,5
14119,5
14120,1
14121,4
14122,1
14123,5
14124,1
14125,1
14126,4
14127,4
14128,2
14129,5
14130,1
14131,1
14132,1
14133,1
14134,1
14135,5
14136,5
14137,4
14138,4
14139,5
14140,1
14141,5
14142,0
14143,1
14144,5
14145,1
14146,1
14147,5
14148,5
14149,6
14150,1
14151,1
14152,4
14153,1
14154,1
14155,1
14156,1
14157,5
14158,5
14159,5
14160,4
14161,4
14162,4
14163,4
14164,4
14165,4
14166,0
14167,1
14168,6
14169,0
14170,0
14171,0
14172,5
14173,1
14174,4
14175,4
14176,5
14177,4
14178,5
14179,6
14180,1
14181,6
14182,5
14183,6
14184,5
14185,1
14186,1
14187,1
14188,1
14189,6
14190,1
14191,1
14192,1
14193,6
14194,1
14195,6
14196,5
14197,5
14198,5
14199,1
14200,0
14201,5
14202,6
14203,5
14204,4
14205,1
14206,1
14207,1
14208,6
14209,6
14210,2
14211,2
14212,2
14213,4
14214,1
14215,5
14216,5
14217,6
14218,2
14219,6
14220,1
14221,1
14222,6
14223,6
14224,1
14225,4
14226,5
14227,5
14228,5
14229,6
14230,6
14231,6
14232,5
14233,6
14234,6
14235,5
14236,6
14237,6
14238,0
14239,5
14240,5
14241,5
14242,6
14243,1
14244,6
14245,1
14246,6
14247,2
14248,0
14249,0
14250,1
14251,0
14252,0
14253,2
14254,5
14255,1
14256,2
14257,1
14258,0
14259,1
14260,1
14261,1
14262,0
14263,0
14264,0
14265,1
14266,1
14267,6
14268,1
14269,4
14270,1
14271,6
14272,6
14273,0
14274,0
14275,5
14276,0
14277,2
14278,4
14279,5
14280,4
14281,1
14282,5
14283,4
14284,1
14285,1
14286,1
14287,1
14288,5
14289,2
14290,1
14291,1
14292,4
14293,0
14294,0
14295,0
14296,5
14297,4
14298,5
14299,1
14300,1
14301,5
14302,1
14303,0
14304,1
14305,1
14306,1
14307,1
14308,1
14309,1
14310,1
14311,2
14312,6
14313,2
14314,5
14315,2
14316,0
14317,0
14318,5
14319,4
14320,2
14321,1
14322,1
14323,5
14324,6
14325,4
14326,4
14327,5
14328,5
14329,6
14330,0
14331,1
14332,4
14333,1
14334,1
14335,0
14336,5
14337,0
14338,0
14339,0
14340,0
14341,0
14342,0
14343,0
14344,4
14345,4
14346,0
14347,0
14348,0
14349,0
14350,4
14351,6
14352,4
14353,0
14354,4
14355,4
14356,0
14357,0
14358,0
14359,2
14360,0
14361,6
14362,4
14363,4
14364,1
14365,6
14366,0
14367,0
14368,6
14369,5
14370,6
14371,6
14372,1
14373,0
14374,1
14375,1
14376,1
14377,0
14378,0
14379,1
14380,0
14381,1
14382,4
14383,6
14384,4
14385,0
14386,6
14387,6
14388,1
14389,4
14390,0
14391,0
14392,4
14393,0
14394,5
14395,4
14396,0
14397,6
14398,0
14399,0
14400,4
14401,1
14402,4
14403,0
14404,0
14405,0
14406,0
14407,2
14408,6
14409,0
14410,5
14411,0
14412,0
14413,4
14414,4
14415,0
14416,6
14417,6
14418,4
14419,4
14420,5
14421,5
14422,1
14423,4
14424,6
14425,1
14426,6
14427,5
14428,5
14429,4
14430,0
14431,0
14432,0
14433,6
14434,4
14435,0
14436,4
14437,4
14438,4
14439,0
14440,0
14441,0
14442,0
14443,4
14444,0
14445,0
14446,0
14447,0
14448,5
14449,0
14450,0
14451,4
14452,4
14453,1
14454,6
14455,1
14456,0
14457,0
14458,4
14459,0
14460,0
14461,0
14462,4
14463,5
14464,4
14465,2
14466,0
14467,2
14468,0
14469,1
14470,5
14471,5
14472,5
14473,5
14474,2
14475,0
14476,5
14477,4
14478,4
14479,6
14480,1
14481,1
14482,6
14483,6
14484,1
14485,6
14486,5
14487,5
14488,5
14489,5
14490,4
14491,4
14492,5
14493,5
14494,4
14495,4
14496,5
14497,0
14498,0
14499,6
14500,5
14501,1
14502,4
14503,4
14504,5
14505,6
14506,2
14507,0
14508,1
14509,1
14510,4
14511,4
14512,4
14513,0
14514,1
14515,5
14516,6
14517,5
14518,6
14519,6
14520,6
14521,5
14522,5
14523,1
14524,1
14525,6
14526,6
14527,4
14528,1
14529,4
14530,1
14531,4
14532,1
14533,0
14534,5
14535,6
14536,1
14537,6
14538,1
14539,1
14540,1
14541,6
14542,1
14543,0
14544,4
14545,1
14546,4
14547,5
14548,0
14549,4
14550,0
14551,0
14552,4
14553,6
14554,5
14555,4
14556,0
14557,0
14558,5
14559,0
14560,4
14561,4
14562,1
14563,1
14564,0
14565,0
14566,1
14567,4
14568,0
14569,5
14570,5
14571,5
14572,0
14573,1
14574,0
14575,0
14576,0
14577,0
14578,0
14579,1
14580,5
14581,4
14582,0
14583,0
14584,5
14585,1
14586,6
14587,5
14588,1
14589,5
14590,5
14591,5
14592,5
14593,5
14594,1
14595,6
14596,6
14597,6
14598,4
14599,4
14600,1
14601,1
14602,0
14603,0
14604,0
14605,1
14606,0
14607,1
14608,6
14609,2
14610,1
14611,5
14612,5
14613,0
14614,6
14615,1
14616,1
14617,0
14618,6
14619,2
14620,4
14621,5
14622,2
14623,2
14624,2
14625,2
14626,1
14627,1
14628,1
14629,2
14630,1
14631,5
14632,5
14633,1
14634,1
14635,1
14636,1
14637,1
14638,1
14639,5
14640,1
14641,1
14642,1
14643,2
14644,4
14645,4
14646,5
14647,4
14648,1
14649,1
14650,1
14651,2
14652,2
14653,6
14654,2
14655,2
14656,5
14657,5
14658,1
14659,1
14660,1
14661,1
14662,1
14663,1
14664,2
14665,1
14666,1
14667,1
14668,1
14669,1
14670,4
14671,6
14672,6
14673,2
14674,2
14675,1
14676,1
14677,1
14678,1
14679,1
14680,5
14681,1
14682,1
14683,5
14684,5
14685,1
14686,1
14687,1
14688,4
14689,2
14690,1
14691,5
14692,4
14693,5
14694,4
14695,4
14696,4
14697,4
14698,4
14699,6
14700,4
14701,1
14702,1
14703,1
14704,1
14705,1
14706,1
14707,4
14708,1
14709,1
14710,1
14711,1
14712,5
14713,4
14714,6
14715,4
14716,4
14717,0
14718,2
14719,2
14720,1
14721,4
14722,0
14723,4
14724,4
14725,4
14726,4
14727,6
14728,5
14729,4
14730,1
14731,6
14732,4
14733,6
14734,4
14735,4
14736,1
14737,6
14738,5
14739,1
14740,1
14741,1
14742,1
14743,4
14744,4
14745,6
14746,2
14747,2
14748,2
14749,1
14750,5
14751,1
14752,6
14753,5
14754,5
14755,1
14756,2
14757,5
14758,1
14759,1
14760,0
14761,4
14762,1
14763,2
14764,4
14765,6
14766,4
14767,2
14768,5
14769,6
14770,0
14771,0
14772,1
14773,1
14774,1
14775,1
14776,1
14777,4
14778,4
14779,4
14780,1
14781,1
14782,1
14783,1
14784,1
14785,0
14786,5
14787,6
14788,6
14789,2
14790,1
14791,5
14792,5
14793,6
14794,6
14795,5
14796,6
14797,6
14798,1
14799,6
14800,6
14801,5
14802,5
14803,4
14804,4
14805,4
14806,4
14807,4
14808,1
14809,5
14810,4
14811,2
14812,1
14813,1
14814,0
14815,2
14816,1
14817,6
14818,2
14819,6
14820,0
14821,6
14822,5
14823,4
14824,0
14825,0
14826,1
14827,1
14828,2
14829,5
14830,1
14831,6
14832,1
14833,1
14834,4
14835,6
14836,6
14837,5
14838,1
14839,5
14840,4
14841,1
14842,1
14843,1
14844,1
14845,1
14846,1
14847,1
