sample_id,cluster
0,9
1,8
2,9
3,9
4,0
5,0
6,1
7,4
8,8
9,4
10,4
11,5
12,3
13,3
14,9
15,0
16,9
17,9
18,0
19,0
20,1
21,9
22,1
23,4
24,0
25,4
26,0
27,0
28,8
29,0
30,0
31,9
32,0
33,9
34,0
35,9
36,5
37,0
38,0
39,0
40,0
41,1
42,9
43,2
44,1
45,2
46,0
47,1
48,3
49,9
50,9
51,1
52,0
53,1
54,5
55,9
56,8
57,9
58,0
59,0
60,0
61,0
62,4
63,9
64,4
65,9
66,5
67,0
68,0
69,9
70,0
71,9
72,0
73,9
74,0
75,4
76,5
77,4
78,4
79,4
80,0
81,9
82,0
83,2
84,0
85,9
86,0
87,5
88,5
89,5
90,0
91,5
92,0
93,4
94,0
95,9
96,0
97,9
98,2
99,4
100,2
101,8
102,2
103,9
104,0
105,9
106,0
107,1
108,5
109,0
110,0
111,0
112,3
113,1
114,8
115,5
116,0
117,8
118,1
119,0
120,8
121,5
122,0
123,0
124,0
125,3
126,0
127,4
128,5
129,0
130,0
131,4
132,2
133,5
134,0
135,8
136,1
137,0
138,5
139,0
140,4
141,3
142,4
143,4
144,1
145,0
146,9
147,9
148,1
149,2
150,1
151,2
152,1
153,4
154,0
155,4
156,5
157,4
158,2
159,4
160,0
161,0
162,0
163,1
164,4
165,9
166,0
167,9
168,5
169,9
170,4
171,9
172,2
173,5
174,1
175,5
176,3
177,8
178,3
179,1
180,3
181,5
182,1
183,5
184,0
185,0
186,3
187,2
188,1
189,0
190,3
191,0
192,0
193,1
194,1
195,2
196,0
197,2
198,0
199,0
200,0
201,0
202,0
203,3
204,1
205,0
206,0
207,3
208,3
209,4
210,5
211,4
212,2
213,9
214,0
215,0
216,0
217,0
218,9
219,9
220,8
221,9
222,5
223,9
224,0
225,9
226,0
227,9
228,0
229,1
230,5
231,4
232,0
233,1
234,0
235,1
236,0
237,2
238,2
239,9
240,4
241,9
242,1
243,1
244,5
245,0
246,0
247,5
248,0
249,9
250,3
251,0
252,5
253,1
254,0
255,3
256,5
257,0
258,9
259,3
260,3
261,3
262,9
263,4
264,9
265,0
266,9
267,4
268,0
269,9
270,8
271,9
272,9
273,8
274,4
275,0
276,8
277,3
278,9
279,0
280,5
281,5
282,1
283,3
284,0
285,0
286,3
287,1
288,0
289,3
290,3
291,5
292,3
293,4
294,0
295,9
296,0
297,8
298,0
299,0
300,2
301,0
302,4
303,4
304,0
305,9
306,3
307,5
308,0
309,9
310,5
311,3
312,5
313,8
314,3
315,1
316,0
317,0
318,3
319,5
320,4
321,4
322,5
323,4
324,5
325,4
326,0
327,3
328,0
329,3
330,0
331,9
332,0
333,9
334,0
335,2
336,0
337,9
338,1
339,9
340,0
341,9
342,0
343,9
344,3
345,0
346,3
347,0
348,4
349,0
350,4
351,8
352,4
353,0
354,4
355,0
356,4
357,0
358,4
359,0
360,4
361,0
362,4
363,0
364,4
365,0
366,4
367,8
368,4
369,0
370,4
371,0
372,0
373,0
374,4
375,0
376,3
377,3
378,3
379,0
380,0
381,3
382,0
383,1
384,0
385,4
386,0
387,4
388,4
389,0
390,4
391,0
392,4
393,8
394,4
395,0
396,4
397,0
398,4
399,3
400,4
401,5
402,4
403,0
404,4
405,1
406,4
407,0
408,4
409,0
410,4
411,2
412,9
413,2
414,4
415,0
416,4
417,2
418,4
419,2
420,4
421,2
422,4
423,0
424,4
425,0
426,4
427,0
428,1
429,4
430,4
431,9
432,9
433,2
434,0
435,4
436,0
437,4
438,3
439,4
440,4
441,4
442,0
443,4
444,0
445,4
446,5
447,9
448,0
449,4
450,3
451,4
452,3
453,4
454,5
455,4
456,4
457,4
458,0
459,4
460,4
461,0
462,4
463,3
464,3
465,9
466,0
467,4
468,0
469,9
470,4
471,3
472,4
473,4
474,4
475,5
476,4
477,5
478,4
479,4
480,4
481,0
482,4
483,9
484,4
485,9
486,4
487,0
488,4
489,4
490,4
491,0
492,4
493,0
494,4
495,5
496,4
497,4
498,4
499,9
500,1
501,9
502,0
503,0
504,5
505,3
506,0
507,3
508,0
509,3
510,3
511,9
512,0
513,9
514,0
515,9
516,3
517,0
518,5
519,0
520,0
521,0
522,3
523,0
524,3
525,0
526,3
527,0
528,3
529,5
530,3
531,0
532,1
533,0
534,3
535,2
536,3
537,3
538,3
539,3
540,5
541,0
542,5
543,5
544,5
545,0
546,9
547,5
548,9
549,0
550,3
551,0
552,3
553,0
554,3
555,5
556,4
557,3
558,1
559,9
560,1
561,5
562,1
563,3
564,0
565,3
566,0
567,9
568,3
569,3
570,1
571,9
572,8
573,3
574,3
575,9
576,8
577,3
578,8
579,5
580,0
581,3
582,8
583,9
584,8
585,5
586,8
587,3
588,1
589,1
590,8
591,1
592,8
593,0
594,1
595,0
596,8
597,4
598,4
599,8
600,5
601,1
602,0
603,1
604,5
605,1
606,4
607,0
608,1
609,1
610,0
611,8
612,0
613,1
614,0
615,1
616,4
617,8
618,1
619,8
620,0
621,1
622,5
623,0
624,0
625,1
626,0
627,1
628,1
629,0
630,1
631,1
632,0
633,1
634,0
635,1
636,4
637,8
638,3
639,1
640,4
641,8
642,3
643,0
644,1
645,8
646,1
647,8
648,1
649,0
650,1
651,0
652,5
653,0
654,0
655,4
656,8
657,3
658,8
659,1
660,8
661,4
662,9
663,4
664,4
665,9
666,4
667,8
668,3
669,8
670,3
671,8
672,0
673,2
674,3
675,8
676,3
677,8
678,3
679,8
680,5
681,0
682,4
683,2
684,4
685,8
686,3
687,8
688,4
689,8
690,3
691,9
692,0
693,8
694,0
695,8
696,0
697,0
698,3
699,0
700,3
701,8
702,3
703,8
704,4
705,8
706,3
707,0
708,0
709,4
710,8
711,5
712,8
713,4
714,8
715,4
716,8
717,3
718,4
719,4
720,8
721,5
722,8
723,3
724,0
725,3
726,8
727,4
728,0
729,4
730,0
731,5
732,0
733,4
734,8
735,0
736,8
737,4
738,8
739,0
740,5
741,4
742,0
743,3
744,0
745,4
746,8
747,4
748,8
749,4
750,0
751,0
752,8
753,3
754,8
755,0
756,3
757,3
758,8
759,4
760,5
761,4
762,8
763,8
764,8
765,4
766,3
767,3
768,8
769,5
770,1
771,4
772,8
773,4
774,8
775,3
776,8
777,3
778,4
779,3
780,8
781,4
782,8
783,3
784,8
785,4
786,0
787,3
788,8
789,3
790,0
791,3
792,0
793,3
794,8
795,3
796,4
797,3
798,8
799,3
800,8
801,3
802,8
803,8
804,3
805,8
806,2
807,8
808,4
809,8
810,3
811,5
812,8
813,0
814,2
815,3
816,8
817,0
818,3
819,3
820,1
821,5
822,8
823,3
824,8
825,9
826,8
827,3
828,8
829,3
830,8
831,3
832,8
833,3
834,9
835,3
836,8
837,4
838,9
839,3
840,8
841,3
842,8
843,4
844,8
845,3
846,8
847,4
848,8
849,1
850,8
851,4
852,8
853,3
854,8
855,3
856,9
857,4
858,8
859,3
860,9
861,3
862,5
863,0
864,3
865,4
866,4
867,0
868,3
869,0
870,4
871,4
872,4
873,4
874,9
875,4
876,4
877,4
878,4
879,2
880,0
881,0
882,4
883,0
884,3
885,4
886,0
887,3
888,0
889,4
890,0
891,4
892,0
893,4
894,0
895,4
896,3
897,4
898,0
899,4
900,4
901,3
902,0
903,4
904,0
905,5
906,0
907,3
908,1
909,4
910,0
911,3
912,3
913,3
914,1
915,0
916,3
917,0
918,5
919,3
920,0
921,3
922,4
923,3
924,4
925,3
926,0
927,3
928,0
929,9
930,0
931,3
932,0
933,3
934,1
935,3
936,1
937,3
938,4
939,5
940,1
941,4
942,1
943,0
944,1
945,0
946,1
947,3
948,1
949,3
950,1
951,3
952,1
953,4
954,1
955,4
956,1
957,4
958,1
959,1
960,1
961,9
962,0
963,3
964,0
965,2
966,4
967,3
968,4
969,5
970,1
971,1
972,1
973,9
974,1
975,4
976,1
977,0
978,1
979,9
980,1
981,3
982,1
983,4
984,1
985,3
986,1
987,4
988,1
989,9
990,1
991,3
992,1
993,4
994,1
995,3
996,1
997,0
998,5
999,4
1000,1
1001,4
1002,3
1003,5
1004,3
1005,3
1006,0
1007,5
1008,3
1009,4
1010,1
1011,3
1012,0
1013,3
1014,0
1015,1
1016,0
1017,3
1018,8
1019,4
1020,8
1021,2
1022,1
1023,3
1024,8
1025,3
1026,1
1027,4
1028,8
1029,9
1030,8
1031,3
1032,8
1033,3
1034,3
1035,3
1036,1
1037,3
1038,1
1039,3
1040,1
1041,9
1042,1
1043,9
1044,8
1045,9
1046,1
1047,9
1048,0
1049,9
1050,3
1051,9
1052,3
1053,9
1054,0
1055,9
1056,0
1057,9
1058,8
1059,9
1060,1
1061,2
1062,1
1063,9
1064,8
1065,9
1066,1
1067,9
1068,9
1069,9
1070,9
1071,9
1072,0
1073,8
1074,1
1075,0
1076,0
1077,9
1078,0
1079,9
1080,8
1081,2
1082,0
1083,9
1084,3
1085,9
1086,3
1087,9
1088,1
1089,0
1090,0
1091,0
1092,9
1093,0
1094,0
1095,0
1096,0
1097,0
1098,3
1099,0
1100,4
1101,0
1102,5
1103,0
1104,5
1105,0
1106,5
1107,0
1108,0
1109,0
1110,3
1111,0
1112,5
1113,0
1114,5
1115,1
1116,5
1117,0
1118,5
1119,3
1120,9
1121,1
1122,4
1123,0
1124,5
1125,3
1126,0
1127,9
1128,0
1129,9
1130,1
1131,4
1132,0
1133,5
1134,0
1135,0
1136,5
1137,3
1138,9
1139,5
1140,8
1141,3
1142,3
1143,8
1144,0
1145,8
1146,5
1147,9
1148,9
1149,8
1150,3
1151,2
1152,4
1153,5
1154,3
1155,8
1156,3
1157,4
1158,4
1159,4
1160,9
1161,8
1162,4
1163,0
1164,5
1165,8
1166,5
1167,8
1168,4
1169,8
1170,3
1171,3
1172,5
1173,3
1174,5
1175,3
1176,5
1177,3
1178,5
1179,0
1180,5
1181,0
1182,0
1183,0
1184,3
1185,8
1186,9
1187,8
1188,3
1189,8
1190,4
1191,1
1192,5
1193,4
1194,3
1195,2
1196,3
1197,4
1198,9
1199,0
1200,5
1201,5
1202,3
1203,4
1204,2
1205,8
1206,0
1207,4
1208,3
1209,4
1210,3
1211,0
1212,3
1213,9
1214,3
1215,0
1216,3
1217,0
1218,3
1219,0
1220,3
1221,8
1222,3
1223,3
1224,0
1225,3
1226,3
1227,3
1228,0
1229,3
1230,0
1231,0
1232,0
1233,3
1234,8
1235,3
1236,8
1237,3
1238,4
1239,0
1240,1
1241,8
1242,3
1243,3
1244,3
1245,8
1246,3
1247,0
1248,3
1249,8
1250,3
1251,8
1252,3
1253,8
1254,3
1255,0
1256,3
1257,0
1258,5
1259,3
1260,5
1261,0
1262,5
1263,1
1264,3
1265,1
1266,2
1267,1
1268,3
1269,1
1270,3
1271,4
1272,3
1273,1
1274,9
1275,3
1276,1
1277,0
1278,1
1279,3
1280,1
1281,0
1282,9
1283,3
1284,1
1285,3
1286,0
1287,3
1288,1
1289,1
1290,1
1291,3
1292,1
1293,9
1294,8
1295,9
1296,8
1297,3
1298,1
1299,3
1300,1
1301,3
1302,1
1303,3
1304,1
1305,1
1306,8
1307,3
1308,9
1309,3
1310,1
1311,3
1312,1
1313,8
1314,3
1315,1
1316,0
1317,5
1318,3
1319,0
1320,3
1321,1
1322,1
1323,9
1324,0
1325,3
1326,9
1327,0
1328,8
1329,5
1330,3
1331,3
1332,3
1333,4
1334,3
1335,0
1336,3
1337,5
1338,1
1339,5
1340,5
1341,8
1342,0
1343,0
1344,0
1345,5
1346,0
1347,5
1348,0
1349,5
1350,3
1351,9
1352,0
1353,1
1354,5
1355,1
1356,0
1357,1
1358,0
1359,0
1360,0
1361,0
1362,2
1363,3
1364,1
1365,5
1366,0
1367,5
1368,0
1369,5
1370,9
1371,0
1372,1
1373,0
1374,3
1375,5
1376,0
1377,1
1378,0
1379,8
1380,0
1381,0
1382,5
1383,5
1384,0
1385,5
1386,5
1387,5
1388,5
1389,5
1390,0
1391,8
1392,3
1393,3
1394,0
1395,3
1396,0
1397,0
1398,0
1399,0
1400,8
1401,5
1402,1
1403,1
1404,5
1405,1
1406,9
1407,5
1408,9
1409,5
1410,9
1411,5
1412,9
1413,5
1414,9
1415,8
1416,9
1417,5
1418,9
1419,5
1420,9
1421,0
1422,9
1423,0
1424,9
1425,5
1426,9
1427,0
1428,0
1429,5
1430,9
1431,5
1432,9
1433,1
1434,9
1435,8
1436,9
1437,4
1438,9
1439,0
1440,9
1441,0
1442,0
1443,9
1444,1
1445,9
1446,1
1447,9
1448,5
1449,9
1450,8
1451,9
1452,4
1453,9
1454,5
1455,9
1456,1
1457,9
1458,5
1459,9
1460,5
1461,9
1462,1
1463,0
1464,0
1465,9
1466,9
1467,0
1468,0
1469,0
1470,0
1471,1
1472,3
1473,0
1474,1
1475,4
1476,0
1477,0
1478,5
1479,0
1480,4
1481,4
1482,8
1483,3
1484,1
1485,1
1486,0
1487,0
1488,1
1489,3
1490,8
1491,0
1492,1
1493,0
1494,0
1495,3
1496,1
1497,0
1498,1
1499,0
1500,0
1501,3
1502,0
1503,0
1504,0
1505,3
1506,0
1507,0
1508,0
1509,9
1510,5
1511,0
1512,2
1513,1
1514,5
1515,8
1516,0
1517,3
1518,5
1519,9
1520,5
1521,0
1522,8
1523,2
1524,0
1525,0
1526,0
1527,3
1528,0
1529,0
1530,3
1531,0
1532,0
1533,3
1534,0
1535,5
1536,4
1537,9
1538,5
1539,8
1540,0
1541,9
1542,5
1543,3
1544,0
1545,9
1546,5
1547,9
1548,9
1549,0
1550,0
1551,5
1552,9
1553,0
1554,9
1555,5
1556,9
1557,0
1558,8
1559,0
1560,2
1561,0
1562,9
1563,5
1564,8
1565,5
1566,9
1567,0
1568,3
1569,3
1570,8
1571,8
1572,9
1573,8
1574,9
1575,0
1576,9
1577,0
1578,1
1579,0
1580,9
1581,0
1582,9
1583,0
1584,9
1585,0
1586,9
1587,0
1588,9
1589,0
1590,8
1591,0
1592,3
1593,0
1594,9
1595,0
1596,0
1597,0
1598,0
1599,0
1600,9
1601,0
1602,8
1603,0
1604,8
1605,0
1606,8
1607,0
1608,0
1609,0
1610,3
1611,0
1612,2
1613,0
1614,0
1615,0
1616,8
1617,0
1618,9
1619,0
1620,0
1621,8
1622,0
1623,8
1624,8
1625,0
1626,9
1627,4
1628,0
1629,4
1630,0
1631,0
1632,4
1633,0
1634,0
1635,0
1636,7
1637,0
1638,0
1639,0
1640,8
1641,0
1642,9
1643,5
1644,0
1645,0
1646,0
1647,0
1648,0
1649,5
1650,0
1651,0
1652,0
1653,0
1654,0
1655,0
1656,8
1657,0
1658,0
1659,0
1660,2
1661,0
1662,0
1663,0
1664,0
1665,0
1666,2
1667,0
1668,8
1669,0
1670,4
1671,0
1672,2
1673,3
1674,0
1675,0
1676,0
1677,5
1678,0
1679,0
1680,0
1681,0
1682,0
1683,5
1684,0
1685,0
1686,0
1687,0
1688,0
1689,3
1690,8
1691,0
1692,0
1693,0
1694,0
1695,0
1696,4
1697,5
1698,0
1699,0
1700,0
1701,9
1702,1
1703,3
1704,1
1705,3
1706,1
1707,9
1708,1
1709,3
1710,1
1711,5
1712,0
1713,0
1714,5
1715,0
1716,1
1717,0
1718,0
1719,0
1720,1
1721,0
1722,0
1723,0
1724,1
1725,0
1726,1
1727,0
1728,1
1729,1
1730,1
1731,3
1732,1
1733,3
1734,1
1735,3
1736,1
1737,1
1738,0
1739,5
1740,0
1741,5
1742,4
1743,9
1744,0
1745,9
1746,0
1747,9
1748,0
1749,9
1750,1
1751,9
1752,5
1753,1
1754,1
1755,3
1756,1
1757,0
1758,1
1759,3
1760,1
1761,0
1762,0
1763,0
1764,1
1765,3
1766,1
1767,1
1768,1
1769,1
1770,1
1771,1
1772,1
1773,1
1774,3
1775,8
1776,4
1777,1
1778,1
1779,1
1780,1
1781,1
1782,0
1783,0
1784,3
1785,1
1786,1
1787,1
1788,3
1789,0
1790,1
1791,1
1792,5
1793,8
1794,0
1795,8
1796,1
1797,8
1798,1
1799,8
1800,1
1801,4
1802,0
1803,8
1804,0
1805,8
1806,0
1807,1
1808,0
1809,1
1810,1
1811,4
1812,3
1813,9
1814,3
1815,4
1816,0
1817,9
1818,0
1819,0
1820,3
1821,1
1822,1
1823,9
1824,0
1825,0
1826,9
1827,8
1828,1
1829,0
1830,8
1831,0
1832,9
1833,3
1834,9
1835,2
1836,9
1837,8
1838,9
1839,0
1840,8
1841,5
1842,1
1843,5
1844,2
1845,2
1846,1
1847,5
1848,8
1849,0
1850,0
1851,0
1852,5
1853,0
1854,0
1855,9
1856,1
1857,9
1858,5
1859,4
1860,5
1861,4
1862,5
1863,9
1864,5
1865,9
1866,5
1867,4
1868,9
1869,4
1870,2
1871,0
1872,2
1873,9
1874,5
1875,4
1876,5
1877,4
1878,5
1879,4
1880,5
1881,9
1882,5
1883,4
1884,5
1885,4
1886,5
1887,8
1888,5
1889,8
1890,5
1891,8
1892,5
1893,2
1894,9
1895,5
1896,9
1897,5
1898,1
1899,5
1900,1
1901,5
1902,4
1903,5
1904,8
1905,5
1906,1
1907,5
1908,1
1909,5
1910,1
1911,0
1912,9
1913,5
1914,9
1915,2
1916,9
1917,2
1918,8
1919,2
1920,1
1921,5
1922,8
1923,9
1924,8
1925,5
1926,8
1927,5
1928,8
1929,0
1930,2
1931,5
1932,5
1933,5
1934,0
1935,1
1936,0
1937,1
1938,2
1939,1
1940,5
1941,1
1942,5
1943,0
1944,5
1945,1
1946,5
1947,4
1948,0
1949,1
1950,0
1951,1
1952,5
1953,1
1954,5
1955,1
1956,5
1957,1
1958,5
1959,1
1960,5
1961,8
1962,5
1963,1
1964,5
1965,1
1966,2
1967,5
1968,0
1969,1
1970,5
1971,1
1972,0
1973,5
1974,1
1975,5
1976,1
1977,2
1978,0
1979,0
1980,1
1981,5
1982,1
1983,5
1984,1
1985,3
1986,5
1987,3
1988,5
1989,1
1990,0
1991,1
1992,5
1993,1
1994,5
1995,8
1996,5
1997,8
1998,5
1999,1
2000,0
2001,1
2002,0
2003,1
2004,4
2005,1
2006,5
2007,1
2008,5
2009,1
2010,0
2011,1
2012,5
2013,1
2014,5
2015,1
2016,3
2017,1
2018,5
2019,1
2020,1
2021,0
2022,9
2023,5
2024,1
2025,4
2026,1
2027,0
2028,1
2029,4
2030,1
2031,0
2032,1
2033,0
2034,0
2035,3
2036,1
2037,0
2038,1
2039,0
2040,8
2041,5
2042,1
2043,5
2044,1
2045,0
2046,1
2047,5
2048,1
2049,5
2050,1
2051,4
2052,1
2053,0
2054,1
2055,5
2056,1
2057,8
2058,5
2059,1
2060,5
2061,1
2062,0
2063,1
2064,9
2065,1
2066,0
2067,1
2068,9
2069,1
2070,5
2071,8
2072,9
2073,8
2074,4
2075,8
2076,9
2077,1
2078,9
2079,1
2080,9
2081,1
2082,0
2083,1
2084,0
2085,1
2086,0
2087,1
2088,2
2089,1
2090,2
2091,1
2092,9
2093,1
2094,9
2095,1
2096,0
2097,3
2098,5
2099,1
2100,5
2101,1
2102,9
2103,1
2104,9
2105,1
2106,5
2107,1
2108,9
2109,1
2110,4
2111,1
2112,0
2113,1
2114,0
2115,1
2116,5
2117,1
2118,5
2119,1
2120,9
2121,1
2122,2
2123,1
2124,9
2125,1
2126,5
2127,1
2128,0
2129,1
2130,0
2131,0
2132,0
2133,9
2134,4
2135,5
2136,0
2137,0
2138,0
2139,1
2140,1
2141,1
2142,5
2143,0
2144,1
2145,9
2146,4
2147,9
2148,1
2149,5
2150,0
2151,9
2152,1
2153,3
2154,1
2155,5
2156,4
2157,9
2158,1
2159,5
2160,1
2161,5
2162,9
2163,9
2164,0
2165,0
2166,5
2167,3
2168,3
2169,0
2170,0
2171,0
2172,3
2173,0
2174,0
2175,0
2176,0
2177,0
2178,3
2179,0
2180,3
2181,8
2182,0
2183,0
2184,0
2185,0
2186,0
2187,0
2188,0
2189,0
2190,0
2191,0
2192,0
2193,0
2194,0
2195,0
2196,0
2197,0
2198,0
2199,0
2200,0
2201,0
2202,0
2203,0
2204,0
2205,0
2206,0
2207,0
2208,0
2209,0
2210,2
2211,0
2212,3
2213,4
2214,0
2215,2
2216,0
2217,2
2218,4
2219,0
2220,2
2221,0
2222,0
2223,2
2224,0
2225,0
2226,0
2227,0
2228,0
2229,0
2230,9
2231,0
2232,0
2233,0
2234,0
2235,8
2236,8
2237,1
2238,1
2239,4
2240,4
2241,0
2242,9
2243,0
2244,0
2245,0
2246,0
2247,1
2248,0
2249,1
2250,0
2251,0
2252,5
2253,9
2254,9
2255,2
2256,0
2257,0
2258,8
2259,8
2260,8
2261,1
2262,1
2263,9
2264,0
2265,1
2266,8
2267,0
2268,0
2269,5
2270,0
2271,5
2272,5
2273,0
2274,0
2275,0
2276,0
2277,3
2278,0
2279,9
2280,9
2281,9
2282,9
2283,9
2284,9
2285,9
2286,5
2287,5
2288,9
2289,9
2290,0
2291,0
2292,9
2293,0
2294,0
2295,5
2296,0
2297,0
2298,0
2299,0
2300,0
2301,0
2302,0
2303,0
2304,0
2305,1
2306,8
2307,1
2308,3
2309,5
2310,8
2311,3
2312,1
2313,3
2314,1
2315,0
2316,1
2317,1
2318,0
2319,1
2320,1
2321,1
2322,3
2323,3
2324,3
2325,5
2326,1
2327,1
2328,8
2329,9
2330,8
2331,8
2332,1
2333,1
2334,1
2335,0
2336,0
2337,1
2338,0
2339,3
2340,0
2341,3
2342,9
2343,5
2344,1
2345,3
2346,8
2347,1
2348,8
2349,3
2350,4
2351,3
2352,1
2353,3
2354,0
2355,3
2356,2
2357,4
2358,1
2359,5
2360,5
2361,3
2362,8
2363,5
2364,5
2365,0
2366,5
2367,1
2368,3
2369,1
2370,5
2371,3
2372,8
2373,0
2374,0
2375,5
2376,9
2377,9
2378,9
2379,9
2380,5
2381,9
2382,2
2383,5
2384,8
2385,2
2386,4
2387,1
2388,4
2389,5
2390,1
2391,4
2392,5
2393,0
2394,1
2395,9
2396,5
2397,3
2398,5
2399,9
2400,2
2401,5
2402,5
2403,1
2404,5
2405,5
2406,5
2407,5
2408,1
2409,0
2410,1
2411,4
2412,5
2413,9
2414,1
2415,3
2416,3
2417,1
2418,5
2419,3
2420,4
2421,3
2422,2
2423,3
2424,3
2425,1
2426,3
2427,5
2428,3
2429,1
2430,1
2431,4
2432,9
2433,1
2434,3
2435,1
2436,5
2437,2
2438,1
2439,2
2440,1
2441,1
2442,1
2443,1
2444,4
2445,3
2446,1
2447,1
2448,3
2449,1
2450,5
2451,1
2452,5
2453,5
2454,8
2455,5
2456,3
2457,0
2458,1
2459,1
2460,3
2461,5
2462,1
2463,1
2464,8
2465,1
2466,1
2467,4
2468,1
2469,8
2470,1
2471,2
2472,4
2473,3
2474,3
2475,3
2476,5
2477,3
2478,5
2479,3
2480,5
2481,1
2482,1
2483,4
2484,8
2485,4
2486,2
2487,3
2488,0
2489,8
2490,8
2491,5
2492,8
2493,3
2494,2
2495,9
2496,9
2497,8
2498,5
2499,8
2500,2
2501,1
2502,3
2503,3
2504,2
2505,4
2506,3
2507,3
2508,4
2509,8
2510,1
2511,1
2512,3
2513,9
2514,9
2515,9
2516,9
2517,5
2518,9
2519,3
2520,9
2521,5
2522,9
2523,3
2524,8
2525,1
2526,1
2527,1
2528,3
2529,9
2530,5
2531,9
2532,1
2533,5
2534,2
2535,3
2536,9
2537,3
2538,9
2539,5
2540,4
2541,2
2542,9
2543,9
2544,9
2545,5
2546,9
2547,0
2548,1
2549,9
2550,1
2551,1
2552,1
2553,9
2554,4
2555,5
2556,9
2557,8
2558,3
2559,3
2560,2
2561,2
2562,2
2563,3
2564,3
2565,4
2566,4
2567,1
2568,3
2569,3
2570,3
2571,5
2572,3
2573,3
2574,3
2575,5
2576,3
2577,2
2578,3
2579,5
2580,5
2581,1
2582,3
2583,3
2584,5
2585,4
2586,4
2587,3
2588,4
2589,9
2590,4
2591,1
2592,3
2593,1
2594,3
2595,4
2596,5
2597,3
2598,1
2599,3
2600,3
2601,3
2602,3
2603,3
2604,4
2605,9
2606,3
2607,3
2608,1
2609,1
2610,8
2611,1
2612,5
2613,1
2614,3
2615,2
2616,1
2617,1
2618,4
2619,1
2620,5
2621,1
2622,1
2623,3
2624,2
2625,9
2626,4
2627,2
2628,2
2629,5
2630,3
2631,1
2632,3
2633,2
2634,4
2635,9
2636,3
2637,0
2638,3
2639,4
2640,3
2641,3
2642,4
2643,3
2644,4
2645,4
2646,3
2647,1
2648,1
2649,3
2650,1
2651,4
2652,3
2653,3
2654,1
2655,2
2656,5
2657,5
2658,5
2659,5
2660,1
2661,5
2662,4
2663,4
2664,5
2665,5
2666,8
2667,4
2668,3
2669,3
2670,5
2671,5
2672,4
2673,1
2674,1
2675,5
2676,4
2677,1
2678,1
2679,4
2680,5
2681,3
2682,1
2683,1
2684,1
2685,9
2686,1
2687,4
2688,1
2689,3
2690,2
2691,1
2692,3
2693,8
2694,1
2695,4
2696,4
2697,4
2698,3
2699,0
2700,5
2701,4
2702,5
2703,1
2704,3
2705,3
2706,4
2707,3
2708,5
2709,2
2710,2
2711,0
2712,9
2713,5
2714,4
2715,4
2716,1
2717,3
2718,5
2719,9
2720,9
2721,1
2722,1
2723,0
2724,4
2725,5
2726,4
2727,2
2728,8
2729,4
2730,4
2731,5
2732,1
2733,4
2734,4
2735,5
2736,2
2737,2
2738,1
2739,1
2740,4
2741,3
2742,4
2743,4
2744,4
2745,4
2746,5
2747,5
2748,5
2749,1
2750,3
2751,1
2752,2
2753,3
2754,3
2755,3
2756,1
2757,4
2758,1
2759,1
2760,4
2761,3
2762,1
2763,5
2764,5
2765,3
2766,5
2767,3
2768,3
2769,3
2770,3
2771,8
2772,4
2773,4
2774,0
2775,1
2776,1
2777,4
2778,4
2779,4
2780,4
2781,2
2782,4
2783,4
2784,3
2785,4
2786,5
2787,5
2788,4
2789,7
2790,4
2791,4
2792,5
2793,1
2794,4
2795,3
2796,2
2797,4
2798,1
2799,4
2800,4
2801,4
2802,9
2803,4
2804,0
2805,4
2806,5
2807,4
2808,5
2809,1
2810,1
2811,9
2812,5
2813,5
2814,1
2815,8
2816,3
2817,1
2818,1
2819,1
2820,9
2821,2
2822,1
2823,0
2824,8
2825,2
2826,4
2827,1
2828,5
2829,9
2830,4
2831,1
2832,2
2833,5
2834,9
2835,1
2836,4
2837,2
2838,5
2839,4
2840,1
2841,4
2842,1
2843,4
2844,4
2845,4
2846,1
2847,1
2848,4
2849,5
2850,4
2851,4
2852,4
2853,1
2854,1
2855,1
2856,4
2857,3
2858,1
2859,4
2860,8
2861,3
2862,8
2863,1
2864,5
2865,3
2866,8
2867,4
2868,1
2869,4
2870,4
2871,2
2872,3
2873,4
2874,1
2875,4
2876,1
2877,2
2878,9
2879,1
2880,1
2881,1
2882,0
2883,4
2884,1
2885,3
2886,3
2887,4
2888,4
2889,1
2890,4
2891,2
2892,4
2893,0
2894,3
2895,1
2896,4
2897,1
2898,3
2899,4
2900,1
2901,4
2902,1
2903,1
2904,1
2905,2
2906,4
2907,4
2908,4
2909,4
2910,2
2911,8
2912,3
2913,4
2914,1
2915,8
2916,1
2917,4
2918,5
2919,3
2920,3
2921,1
2922,1
2923,5
2924,5
2925,3
2926,5
2927,5
2928,8
2929,3
2930,1
2931,5
2932,4
2933,1
2934,9
2935,0
2936,0
2937,8
2938,3
2939,4
2940,4
2941,3
2942,3
2943,3
2944,4
2945,1
2946,1
2947,3
2948,8
2949,9
2950,1
2951,5
2952,3
2953,3
2954,1
2955,1
2956,8
2957,5
2958,5
2959,4
2960,3
2961,8
2962,4
2963,3
2964,3
2965,3
2966,4
2967,3
2968,5
2969,1
2970,4
2971,3
2972,3
2973,2
2974,3
2975,5
2976,5
2977,4
2978,4
2979,9
2980,5
2981,4
2982,0
2983,3
2984,1
2985,0
2986,3
2987,5
2988,4
2989,4
2990,1
2991,4
2992,1
2993,3
2994,4
2995,9
2996,1
2997,3
2998,5
2999,5
3000,1
3001,1
3002,3
3003,0
3004,4
3005,5
3006,5
3007,3
3008,4
3009,3
3010,5
3011,3
3012,4
3013,1
3014,3
3015,5
3016,1
3017,4
3018,5
3019,3
3020,4
3021,2
3022,4
3023,8
3024,3
3025,4
3026,2
3027,5
3028,8
3029,9
3030,9
3031,5
3032,5
3033,3
3034,3
3035,5
3036,5
3037,9
3038,1
3039,4
3040,3
3041,1
3042,1
3043,0
3044,8
3045,4
3046,8
3047,3
3048,2
3049,3
3050,1
3051,0
3052,3
3053,1
3054,1
3055,2
3056,8
3057,4
3058,4
3059,3
3060,0
3061,5
3062,4
3063,2
3064,3
3065,4
3066,5
3067,4
3068,1
3069,5
3070,4
3071,3
3072,1
3073,1
3074,4
3075,9
3076,4
3077,4
3078,4
3079,8
3080,2
3081,2
3082,2
3083,9
3084,1
3085,4
3086,9
3087,2
3088,9
3089,4
3090,4
3091,4
3092,3
3093,4
3094,1
3095,1
3096,4
3097,5
3098,5
3099,4
3100,4
3101,5
3102,2
3103,4
3104,3
3105,4
3106,8
3107,4
3108,4
3109,4
3110,8
3111,4
3112,4
3113,3
3114,3
3115,1
3116,4
3117,5
3118,9
3119,3
3120,4
3121,4
3122,2
3123,4
3124,3
3125,4
3126,1
3127,8
3128,1
3129,1
3130,2
3131,4
3132,1
3133,5
3134,1
3135,3
3136,1
3137,3
3138,9
3139,4
3140,3
3141,5
3142,1
3143,4
3144,5
3145,1
3146,5
3147,3
3148,3
3149,4
3150,2
3151,3
3152,3
3153,3
3154,2
3155,5
3156,5
3157,5
3158,2
3159,1
3160,3
3161,1
3162,1
3163,4
3164,4
3165,2
3166,9
3167,4
3168,1
3169,2
3170,1
3171,4
3172,4
3173,1
3174,4
3175,5
3176,1
3177,3
3178,4
3179,4
3180,2
3181,1
3182,4
3183,4
3184,3
3185,2
3186,1
3187,4
3188,4
3189,4
3190,0
3191,2
3192,4
3193,4
3194,1
3195,1
3196,4
3197,4
3198,3
3199,4
3200,1
3201,4
3202,1
3203,4
3204,4
3205,1
3206,1
3207,4
3208,5
3209,3
3210,4
3211,4
3212,3
3213,4
3214,4
3215,4
3216,5
3217,4
3218,2
3219,1
3220,4
3221,3
3222,8
3223,8
3224,8
3225,8
3226,8
3227,8
3228,8
3229,8
3230,8
3231,8
3232,1
3233,8
3234,1
3235,1
3236,1
3237,1
3238,1
3239,1
3240,1
3241,1
3242,1
3243,1
3244,1
3245,8
3246,8
3247,8
3248,8
3249,8
3250,8
3251,8
3252,8
3253,8
3254,8
3255,8
3256,8
3257,8
3258,8
3259,8
3260,8
3261,8
3262,8
3263,8
3264,8
3265,8
3266,8
3267,8
3268,8
3269,8
3270,8
3271,8
3272,8
3273,2
3274,2
3275,8
3276,8
3277,2
3278,2
3279,2
3280,8
3281,8
3282,8
3283,0
3284,5
3285,5
3286,2
3287,5
3288,1
3289,1
3290,5
3291,1
3292,2
3293,1
3294,8
3295,8
3296,8
3297,8
3298,2
3299,9
3300,5
3301,1
3302,1
3303,1
3304,1
3305,1
3306,1
3307,1
3308,1
3309,1
3310,1
3311,0
3312,1
3313,1
3314,1
3315,1
3316,1
3317,1
3318,8
3319,1
3320,1
3321,1
3322,1
3323,1
3324,3
3325,1
3326,8
3327,1
3328,1
3329,3
3330,1
3331,1
3332,1
3333,0
3334,1
3335,1
3336,5
3337,5
3338,1
3339,1
3340,5
3341,8
3342,1
3343,1
3344,8
3345,8
3346,8
3347,1
3348,8
3349,5
3350,8
3351,8
3352,1
3353,8
3354,8
3355,8
3356,8
3357,1
3358,1
3359,8
3360,8
3361,5
3362,8
3363,8
3364,8
3365,9
3366,8
3367,8
3368,1
3369,8
3370,8
3371,1
3372,1
3373,9
3374,8
3375,1
3376,8
3377,8
3378,8
3379,8
3380,8
3381,8
3382,8
3383,8
3384,8
3385,8
3386,8
3387,8
3388,8
3389,8
3390,8
3391,1
3392,1
3393,1
3394,1
3395,1
3396,1
3397,1
3398,1
3399,1
3400,1
3401,5
3402,1
3403,1
3404,1
3405,1
3406,1
3407,1
3408,1
3409,1
3410,5
3411,5
3412,2
3413,5
3414,5
3415,5
3416,5
3417,9
3418,9
3419,2
3420,9
3421,5
3422,5
3423,2
3424,9
3425,5
3426,2
3427,5
3428,5
3429,1
3430,1
3431,1
3432,1
3433,5
3434,8
3435,1
3436,1
3437,1
3438,1
3439,1
3440,1
3441,1
3442,1
3443,2
3444,1
3445,8
3446,1
3447,5
3448,1
3449,1
3450,1
3451,1
3452,1
3453,1
3454,1
3455,1
3456,1
3457,9
3458,9
3459,9
3460,2
3461,9
3462,2
3463,9
3464,9
3465,2
3466,3
3467,2
3468,9
3469,9
3470,9
3471,9
3472,2
3473,2
3474,2
3475,2
3476,2
3477,8
3478,2
3479,2
3480,2
3481,8
3482,2
3483,2
3484,2
3485,2
3486,8
3487,8
3488,3
3489,8
3490,8
3491,4
3492,8
3493,8
3494,8
3495,8
3496,1
3497,5
3498,8
3499,8
3500,8
3501,8
3502,8
3503,8
3504,8
3505,8
3506,8
3507,8
3508,8
3509,8
3510,8
3511,8
3512,1
3513,8
3514,8
3515,8
3516,8
3517,8
3518,8
3519,5
3520,4
3521,1
3522,5
3523,1
3524,5
3525,9
3526,5
3527,5
3528,2
3529,1
3530,8
3531,5
3532,5
3533,8
3534,5
3535,0
3536,5
3537,5
3538,2
3539,3
3540,8
3541,5
3542,1
3543,3
3544,9
3545,3
3546,8
3547,1
3548,1
3549,4
3550,9
3551,0
3552,9
3553,2
3554,5
3555,5
3556,3
3557,2
3558,1
3559,3
3560,5
3561,8
3562,5
3563,8
3564,1
3565,0
3566,8
3567,1
3568,1
3569,1
3570,5
3571,2
3572,9
3573,8
3574,8
3575,8
3576,8
3577,8
3578,8
3579,1
3580,8
3581,5
3582,8
3583,8
3584,8
3585,1
3586,2
3587,8
3588,1
3589,1
3590,1
3591,1
3592,1
3593,1
3594,1
3595,5
3596,2
3597,1
3598,9
3599,1
3600,4
3601,4
3602,5
3603,9
3604,9
3605,4
3606,4
3607,2
3608,4
3609,2
3610,2
3611,1
3612,8
3613,5
3614,5
3615,1
3616,5
3617,5
3618,5
3619,8
3620,2
3621,1
3622,5
3623,1
3624,8
3625,5
3626,1
3627,1
3628,8
3629,1
3630,3
3631,8
3632,1
3633,8
3634,1
3635,8
3636,8
3637,8
3638,2
3639,3
3640,8
3641,8
3642,8
3643,8
3644,8
3645,8
3646,0
3647,1
3648,8
3649,1
3650,8
3651,0
3652,0
3653,8
3654,2
3655,8
3656,8
3657,1
3658,8
3659,8
3660,1
3661,8
3662,8
3663,8
3664,2
3665,8
3666,1
3667,0
3668,8
3669,8
3670,5
3671,5
3672,8
3673,5
3674,8
3675,2
3676,5
3677,8
3678,5
3679,1
3680,2
3681,5
3682,1
3683,8
3684,5
3685,5
3686,4
3687,5
3688,2
3689,8
3690,5
3691,2
3692,5
3693,5
3694,5
3695,5
3696,8
3697,5
3698,5
3699,2
3700,8
3701,5
3702,5
3703,5
3704,5
3705,1
3706,2
3707,5
3708,5
3709,5
3710,4
3711,5
3712,2
3713,2
3714,1
3715,5
3716,5
3717,5
3718,5
3719,5
3720,5
3721,5
3722,5
3723,5
3724,1
3725,9
3726,5
3727,8
3728,5
3729,5
3730,5
3731,9
3732,8
3733,5
3734,5
3735,3
3736,5
3737,5
3738,5
3739,5
3740,5
3741,5
3742,3
3743,5
3744,5
3745,5
3746,1
3747,1
3748,1
3749,5
3750,1
3751,8
3752,1
3753,1
3754,1
3755,1
3756,9
3757,1
3758,1
3759,2
3760,1
3761,1
3762,1
3763,1
3764,1
3765,8
3766,1
3767,1
3768,5
3769,8
3770,8
3771,8
3772,1
3773,8
3774,5
3775,5
3776,8
3777,5
3778,8
3779,8
3780,1
3781,5
3782,8
3783,8
3784,5
3785,8
3786,1
3787,1
3788,1
3789,1
3790,8
3791,8
3792,9
3793,9
3794,8
3795,8
3796,8
3797,8
3798,9
3799,8
3800,1
3801,8
3802,4
3803,9
3804,8
3805,1
3806,8
3807,1
3808,8
3809,8
3810,8
3811,2
3812,8
3813,4
3814,8
3815,8
3816,1
3817,2
3818,8
3819,2
3820,6
3821,7
3822,7
3823,0
3824,7
3825,7
3826,2
3827,7
3828,7
3829,7
3830,6
3831,7
3832,7
3833,2
3834,7
3835,6
3836,7
3837,6
3838,6
3839,7
3840,6
3841,6
3842,6
3843,6
3844,6
3845,6
3846,6
3847,6
3848,7
3849,0
3850,0
3851,0
3852,0
3853,6
3854,6
3855,6
3856,6
3857,7
3858,6
3859,6
3860,6
3861,6
3862,6
3863,6
3864,6
3865,6
3866,6
3867,0
3868,6
3869,6
3870,7
3871,0
3872,0
3873,0
3874,0
3875,6
3876,0
3877,6
3878,0
3879,0
3880,5
3881,0
3882,6
3883,7
3884,7
3885,6
3886,7
3887,7
3888,7
3889,0
3890,0
3891,7
3892,0
3893,5
3894,0
3895,0
3896,2
3897,0
3898,7
3899,0
3900,6
3901,0
3902,0
3903,0
3904,0
3905,7
3906,0
3907,0
3908,0
3909,0
3910,0
3911,7
3912,6
3913,7
3914,6
3915,7
3916,7
3917,7
3918,7
3919,7
3920,6
3921,6
3922,6
3923,7
3924,6
3925,6
3926,7
3927,0
3928,7
3929,7
3930,6
3931,6
3932,0
3933,7
3934,0
3935,7
3936,0
3937,7
3938,0
3939,2
3940,0
3941,7
3942,6
3943,6
3944,7
3945,0
3946,0
3947,0
3948,0
3949,6
3950,2
3951,7
3952,6
3953,6
3954,0
3955,6
3956,0
3957,7
3958,7
3959,0
3960,7
3961,7
3962,7
3963,9
3964,7
3965,4
3966,6
3967,0
3968,6
3969,7
3970,0
3971,7
3972,6
3973,6
3974,6
3975,2
3976,7
3977,7
3978,6
3979,2
3980,6
3981,7
3982,2
3983,6
3984,6
3985,0
3986,0
3987,0
3988,2
3989,7
3990,7
3991,0
3992,6
3993,7
3994,7
3995,7
3996,0
3997,7
3998,0
3999,2
4000,0
4001,2
4002,0
4003,7
4004,7
4005,0
4006,2
4007,0
4008,8
4009,8
4010,8
4011,4
4012,6
4013,0
4014,0
4015,0
4016,0
4017,7
4018,0
4019,0
4020,7
4021,7
4022,0
4023,7
4024,2
4025,7
4026,0
4027,2
4028,0
4029,0
4030,0
4031,0
4032,0
4033,7
4034,2
4035,6
4036,7
4037,6
4038,7
4039,6
4040,7
4041,0
4042,2
4043,6
4044,6
4045,6
4046,6
4047,7
4048,6
4049,0
4050,6
4051,7
4052,0
4053,7
4054,0
4055,7
4056,0
4057,7
4058,0
4059,7
4060,0
4061,6
4062,7
4063,7
4064,2
4065,7
4066,6
4067,7
4068,6
4069,0
4070,7
4071,6
4072,7
4073,7
4074,6
4075,7
4076,7
4077,7
4078,6
4079,0
4080,0
4081,0
4082,2
4083,7
4084,0
4085,6
4086,7
4087,7
4088,0
4089,0
4090,0
4091,0
4092,0
4093,7
4094,0
4095,0
4096,0
4097,0
4098,0
4099,2
4100,6
4101,0
4102,0
4103,0
4104,0
4105,7
4106,0
4107,0
4108,0
4109,7
4110,6
4111,7
4112,0
4113,7
4114,7
4115,0
4116,0
4117,0
4118,0
4119,0
4120,0
4121,6
4122,0
4123,7
4124,0
4125,0
4126,0
4127,0
4128,6
4129,7
4130,0
4131,6
4132,7
4133,6
4134,7
4135,7
4136,2
4137,7
4138,2
4139,7
4140,0
4141,6
4142,0
4143,6
4144,0
4145,6
4146,6
4147,7
4148,0
4149,0
4150,0
4151,7
4152,7
4153,7
4154,0
4155,8
4156,0
4157,2
4158,7
4159,7
4160,3
4161,0
4162,0
4163,0
4164,7
4165,0
4166,6
4167,6
4168,0
4169,7
4170,6
4171,7
4172,0
4173,7
4174,0
4175,0
4176,0
4177,7
4178,6
4179,0
4180,7
4181,0
4182,6
4183,6
4184,0
4185,0
4186,0
4187,7
4188,2
4189,7
4190,0
4191,2
4192,7
4193,7
4194,0
4195,7
4196,7
4197,7
4198,7
4199,0
4200,0
4201,0
4202,7
4203,7
4204,2
4205,7
4206,7
4207,0
4208,7
4209,7
4210,6
4211,6
4212,0
4213,0
4214,6
4215,0
4216,6
4217,0
4218,0
4219,7
4220,0
4221,0
4222,6
4223,2
4224,7
4225,7
4226,0
4227,2
4228,0
4229,7
4230,0
4231,7
4232,7
4233,0
4234,0
4235,0
4236,6
4237,7
4238,0
4239,7
4240,6
4241,7
4242,0
4243,7
4244,7
4245,7
4246,7
4247,7
4248,7
4249,6
4250,7
4251,0
4252,0
4253,0
4254,0
4255,6
4256,0
4257,0
4258,0
4259,6
4260,7
4261,6
4262,0
4263,2
4264,0
4265,7
4266,7
4267,7
4268,6
4269,0
4270,0
4271,7
4272,0
4273,0
4274,6
4275,0
4276,7
4277,6
4278,6
4279,6
4280,0
4281,6
4282,2
4283,7
4284,0
4285,6
4286,0
4287,7
4288,7
4289,7
4290,7
4291,6
4292,7
4293,2
4294,2
4295,7
4296,7
4297,7
4298,6
4299,0
4300,6
4301,0
4302,7
4303,6
4304,6
4305,6
4306,6
4307,7
4308,6
4309,7
4310,6
4311,7
4312,0
4313,0
4314,0
4315,6
4316,4
4317,0
4318,7
4319,6
4320,0
4321,6
4322,6
4323,6
4324,7
4325,0
4326,0
4327,6
4328,6
4329,7
4330,7
4331,7
4332,6
4333,6
4334,7
4335,7
4336,6
4337,1
4338,8
4339,6
4340,7
4341,0
4342,6
4343,7
4344,7
4345,7
4346,6
4347,7
4348,0
4349,7
4350,7
4351,6
4352,0
4353,6
4354,6
4355,7
4356,7
4357,6
4358,6
4359,2
4360,6
4361,0
4362,0
4363,0
4364,0
4365,7
4366,0
4367,0
4368,6
4369,0
4370,7
4371,0
4372,2
4373,0
4374,6
4375,0
4376,7
4377,6
4378,0
4379,6
4380,7
4381,7
4382,7
4383,0
4384,7
4385,6
4386,6
4387,7
4388,6
4389,6
4390,6
4391,0
4392,2
4393,0
4394,2
4395,0
4396,6
4397,0
4398,0
4399,6
4400,0
4401,0
4402,6
4403,6
4404,7
4405,2
4406,7
4407,2
4408,0
4409,6
4410,6
4411,0
4412,7
4413,6
4414,2
4415,6
4416,7
4417,6
4418,0
4419,7
4420,2
4421,6
4422,7
4423,7
4424,7
4425,7
4426,6
4427,7
4428,0
4429,6
4430,7
4431,7
4432,7
4433,7
4434,7
4435,2
4436,6
4437,7
4438,5
4439,6
4440,0
4441,6
4442,0
4443,4
4444,0
4445,7
4446,6
4447,9
4448,0
4449,6
4450,6
4451,0
4452,0
4453,0
4454,0
4455,0
4456,0
4457,0
4458,0
4459,0
4460,0
4461,0
4462,0
4463,0
4464,0
4465,1
4466,0
4467,6
4468,0
4469,6
4470,7
4471,0
4472,7
4473,6
4474,6
4475,7
4476,7
4477,0
4478,0
4479,7
4480,0
4481,7
4482,6
4483,0
4484,7
4485,0
4486,6
4487,0
4488,0
4489,0
4490,0
4491,0
4492,7
4493,0
4494,7
4495,6
4496,7
4497,6
4498,0
4499,7
4500,0
4501,6
4502,7
4503,7
4504,7
4505,7
4506,6
4507,2
4508,7
4509,7
4510,6
4511,2
4512,6
4513,7
4514,6
4515,6
4516,6
4517,0
4518,6
4519,6
4520,7
4521,0
4522,0
4523,0
4524,0
4525,7
4526,7
4527,7
4528,0
4529,7
4530,0
4531,0
4532,6
4533,7
4534,0
4535,2
4536,7
4537,6
4538,7
4539,7
4540,7
4541,0
4542,0
4543,0
4544,0
4545,2
4546,0
4547,2
4548,7
4549,7
4550,2
4551,0
4552,7
4553,7
4554,0
4555,0
4556,0
4557,7
4558,0
4559,7
4560,7
4561,7
4562,0
4563,0
4564,0
4565,0
4566,0
4567,7
4568,0
4569,0
4570,6
4571,6
4572,0
4573,7
4574,0
4575,0
4576,0
4577,6
4578,7
4579,2
4580,7
4581,7
4582,7
4583,7
4584,7
4585,7
4586,6
4587,7
4588,7
4589,7
4590,7
4591,7
4592,7
4593,6
4594,6
4595,6
4596,7
4597,7
4598,6
4599,7
4600,6
4601,2
4602,0
4603,7
4604,6
4605,0
4606,0
4607,6
4608,7
4609,0
4610,6
4611,6
4612,0
4613,6
4614,6
4615,6
4616,7
4617,7
4618,0
4619,0
4620,7
4621,7
4622,7
4623,7
4624,7
4625,7
4626,6
4627,7
4628,6
4629,7
4630,6
4631,6
4632,0
4633,6
4634,0
4635,2
4636,2
4637,7
4638,7
4639,6
4640,6
4641,7
4642,7
4643,7
4644,6
4645,6
4646,7
4647,6
4648,2
4649,0
4650,1
4651,6
4652,6
4653,7
4654,7
4655,7
4656,0
4657,0
4658,7
4659,0
4660,0
4661,0
4662,6
4663,6
4664,6
4665,0
4666,0
4667,7
4668,0
4669,6
4670,0
4671,6
4672,0
4673,6
4674,6
4675,6
4676,0
4677,0
4678,6
4679,0
4680,6
4681,0
4682,6
4683,6
4684,7
4685,0
4686,6
4687,0
4688,0
4689,0
4690,6
4691,7
4692,7
4693,6
4694,7
4695,7
4696,7
4697,7
4698,7
4699,6
4700,7
4701,1
4702,7
4703,7
4704,7
4705,2
4706,2
4707,6
4708,6
4709,7
4710,6
4711,2
4712,6
4713,6
4714,7
4715,6
4716,6
4717,6
4718,6
4719,7
4720,9
4721,9
4722,2
4723,7
4724,7
4725,6
4726,7
4727,6
4728,7
4729,6
4730,7
4731,6
4732,0
4733,0
4734,0
4735,7
4736,6
4737,6
4738,7
4739,6
4740,7
4741,0
4742,2
4743,0
4744,6
4745,0
4746,2
4747,7
4748,0
4749,6
4750,0
4751,7
4752,0
4753,7
4754,0
4755,6
4756,6
4757,0
4758,6
4759,0
4760,0
4761,0
4762,0
4763,0
4764,0
4765,4
4766,6
4767,6
4768,0
4769,6
4770,6
4771,6
4772,2
4773,7
4774,6
4775,0
4776,6
4777,7
4778,6
4779,4
4780,6
4781,7
4782,2
4783,0
4784,2
4785,0
4786,2
4787,0
4788,0
4789,0
4790,0
4791,0
4792,0
4793,7
4794,0
4795,0
4796,7
4797,0
4798,6
4799,7
4800,7
4801,7
4802,0
4803,0
4804,8
4805,0
4806,0
4807,7
4808,0
4809,7
4810,0
4811,0
4812,0
4813,0
4814,0
4815,0
4816,0
4817,0
4818,0
4819,0
4820,0
4821,0
4822,0
4823,0
4824,0
4825,7
4826,7
4827,0
4828,7
4829,6
4830,0
4831,7
4832,7
4833,0
4834,0
4835,8
4836,8
4837,0
4838,6
4839,6
4840,6
4841,7
4842,6
4843,0
4844,0
4845,7
4846,7
4847,0
4848,0
4849,0
4850,0
4851,0
4852,6
4853,0
4854,7
4855,0
4856,6
4857,0
4858,6
4859,6
4860,0
4861,7
4862,0
4863,0
4864,0
4865,6
4866,0
4867,6
4868,6
4869,0
4870,7
4871,0
4872,6
4873,0
4874,0
4875,6
4876,6
4877,6
4878,6
4879,0
4880,6
4881,0
4882,0
4883,0
4884,1
4885,0
4886,0
4887,6
4888,0
4889,0
4890,6
4891,2
4892,0
4893,7
4894,0
4895,0
4896,0
4897,0
4898,2
4899,6
4900,7
4901,0
4902,0
4903,0
4904,0
4905,2
4906,0
4907,0
4908,0
4909,0
4910,7
4911,6
4912,0
4913,0
4914,7
4915,0
4916,0
4917,6
4918,6
4919,0
4920,7
4921,0
4922,7
4923,0
4924,0
4925,0
4926,0
4927,0
4928,0
4929,2
4930,0
4931,0
4932,0
4933,0
4934,7
4935,0
4936,0
4937,0
4938,0
4939,0
4940,0
4941,6
4942,1
4943,0
4944,0
4945,2
4946,0
4947,0
4948,2
4949,2
4950,6
4951,7
4952,7
4953,7
4954,6
4955,2
4956,2
4957,6
4958,6
4959,7
4960,6
4961,0
4962,6
4963,0
4964,6
4965,2
4966,0
4967,0
4968,0
4969,0
4970,0
4971,1
4972,0
4973,2
4974,0
4975,0
4976,6
4977,0
4978,2
4979,0
4980,0
4981,4
4982,6
4983,7
4984,6
4985,6
4986,7
4987,7
4988,7
4989,6
4990,7
4991,6
4992,7
4993,0
4994,6
4995,6
4996,6
4997,7
4998,7
4999,6
5000,6
5001,0
5002,6
5003,6
5004,6
5005,7
5006,6
5007,7
5008,6
5009,6
5010,7
5011,6
5012,0
5013,2
5014,6
5015,6
5016,7
5017,6
5018,7
5019,0
5020,7
5021,0
5022,6
5023,6
5024,6
5025,6
5026,6
5027,1
5028,6
5029,7
5030,6
5031,7
5032,6
5033,0
5034,0
5035,6
5036,7
5037,7
5038,7
5039,7
5040,7
5041,2
5042,3
5043,7
5044,0
5045,7
5046,7
5047,0
5048,0
5049,6
5050,0
5051,0
5052,6
5053,0
5054,0
5055,7
5056,6
5057,0
5058,7
5059,0
5060,0
5061,0
5062,2
5063,6
5064,2
5065,0
5066,0
5067,6
5068,0
5069,0
5070,6
5071,6
5072,2
5073,0
5074,0
5075,2
5076,0
5077,0
5078,0
5079,0
5080,0
5081,6
5082,2
5083,0
5084,0
5085,0
5086,6
5087,2
5088,5
5089,2
5090,0
5091,0
5092,0
5093,0
5094,0
5095,0
5096,0
5097,0
5098,8
5099,0
5100,0
5101,2
5102,6
5103,3
5104,2
5105,2
5106,7
5107,7
5108,0
5109,0
5110,0
5111,0
5112,0
5113,0
5114,6
5115,0
5116,6
5117,0
5118,0
5119,2
5120,7
5121,0
5122,2
5123,0
5124,0
5125,0
5126,6
5127,0
5128,7
5129,0
5130,2
5131,0
5132,2
5133,2
5134,0
5135,4
5136,0
5137,2
5138,8
5139,2
5140,4
5141,2
5142,0
5143,6
5144,2
5145,0
5146,0
5147,7
5148,0
5149,0
5150,0
5151,7
5152,0
5153,7
5154,0
5155,0
5156,6
5157,6
5158,0
5159,0
5160,0
5161,0
5162,0
5163,6
5164,0
5165,3
5166,0
5167,0
5168,0
5169,0
5170,0
5171,0
5172,0
5173,0
5174,6
5175,0
5176,6
5177,6
5178,0
5179,4
5180,0
5181,2
5182,5
5183,0
5184,0
5185,0
5186,0
5187,0
5188,0
5189,1
5190,0
5191,0
5192,6
5193,2
5194,0
5195,0
5196,2
5197,2
5198,0
5199,0
5200,2
5201,0
5202,0
5203,6
5204,0
5205,0
5206,0
5207,0
5208,0
5209,0
5210,0
5211,0
5212,0
5213,0
5214,0
5215,0
5216,0
5217,2
5218,2
5219,0
5220,4
5221,3
5222,0
5223,5
5224,2
5225,0
5226,2
5227,0
5228,0
5229,5
5230,0
5231,6
5232,0
5233,4
5234,0
5235,0
5236,2
5237,2
5238,0
5239,0
5240,0
5241,1
5242,9
5243,2
5244,2
5245,8
5246,2
5247,8
5248,0
5249,2
5250,0
5251,5
5252,5
5253,5
5254,3
5255,8
5256,4
5257,1
5258,3
5259,8
5260,4
5261,1
5262,1
5263,3
5264,3
5265,5
5266,1
5267,5
5268,4
5269,5
5270,1
5271,0
5272,8
5273,5
5274,8
5275,2
5276,2
5277,5
5278,9
5279,4
5280,5
5281,2
5282,9
5283,5
5284,2
5285,4
5286,8
5287,0
5288,5
5289,3
5290,3
5291,8
5292,1
5293,9
5294,1
5295,4
5296,9
5297,2
5298,3
5299,4
5300,2
5301,2
5302,4
5303,5
5304,1
5305,9
5306,1
5307,3
5308,1
5309,4
5310,2
5311,2
5312,5
5313,4
5314,5
5315,8
5316,5
5317,5
5318,5
5319,5
5320,2
5321,4
5322,3
5323,8
5324,2
5325,5
5326,4
5327,5
5328,1
5329,3
5330,5
5331,2
5332,4
5333,9
5334,2
5335,8
5336,9
5337,3
5338,1
5339,5
5340,8
5341,1
5342,9
5343,8
5344,2
5345,9
5346,5
5347,3
5348,5
5349,2
5350,2
5351,5
5352,1
5353,5
5354,3
5355,5
5356,1
5357,4
5358,4
5359,3
5360,8
5361,2
5362,5
5363,3
5364,0
5365,1
5366,2
5367,2
5368,5
5369,2
5370,9
5371,5
5372,8
5373,9
5374,2
5375,9
5376,5
5377,1
5378,5
5379,5
5380,1
5381,5
5382,5
5383,5
5384,4
5385,0
5386,5
5387,3
5388,5
5389,5
5390,5
5391,1
5392,2
5393,3
5394,5
5395,3
5396,3
5397,5
5398,4
5399,5
5400,5
5401,3
5402,3
5403,5
5404,5
5405,9
5406,2
5407,5
5408,5
5409,2
5410,4
5411,4
5412,4
5413,2
5414,4
5415,3
5416,5
5417,3
5418,2
5419,4
5420,2
5421,5
5422,1
5423,9
5424,5
5425,2
5426,5
5427,9
5428,4
5429,5
5430,4
5431,8
5432,9
5433,0
5434,1
5435,1
5436,5
5437,3
5438,8
5439,9
5440,3
5441,5
5442,4
5443,5
5444,5
5445,3
5446,0
5447,9
5448,5
5449,4
5450,5
5451,3
5452,5
5453,1
5454,5
5455,5
5456,4
5457,5
5458,3
5459,1
5460,5
5461,3
5462,3
5463,4
5464,3
5465,9
5466,4
5467,5
5468,2
5469,1
5470,0
5471,2
5472,3
5473,5
5474,1
5475,5
5476,8
5477,5
5478,9
5479,2
5480,3
5481,5
5482,1
5483,3
5484,8
5485,4
5486,5
5487,2
5488,8
5489,5
5490,3
5491,1
5492,5
5493,4
5494,3
5495,5
5496,8
5497,4
5498,2
5499,3
5500,1
5501,2
5502,5
5503,9
5504,9
5505,3
5506,1
5507,8
5508,5
5509,4
5510,4
5511,1
5512,2
5513,3
5514,5
5515,9
5516,5
5517,5
5518,2
5519,2
5520,5
5521,4
5522,2
5523,1
5524,5
5525,2
5526,5
5527,2
5528,9
5529,2
5530,2
5531,9
5532,2
5533,1
5534,8
5535,9
5536,8
5537,5
5538,5
5539,5
5540,2
5541,2
5542,8
5543,5
5544,5
5545,9
5546,5
5547,4
5548,5
5549,2
5550,5
5551,8
5552,2
5553,3
5554,5
5555,2
5556,2
5557,5
5558,4
5559,5
5560,5
5561,5
5562,1
5563,4
5564,1
5565,3
5566,4
5567,5
5568,1
5569,4
5570,8
5571,3
5572,5
5573,3
5574,5
5575,3
5576,3
5577,9
5578,3
5579,5
5580,9
5581,9
5582,2
5583,5
5584,5
5585,3
5586,3
5587,4
5588,5
5589,8
5590,3
5591,3
5592,2
5593,5
5594,3
5595,9
5596,5
5597,2
5598,4
5599,5
5600,5
5601,5
5602,5
5603,2
5604,5
5605,3
5606,4
5607,4
5608,5
5609,5
5610,5
5611,8
5612,4
5613,5
5614,3
5615,5
5616,9
5617,5
5618,3
5619,5
5620,3
5621,2
5622,1
5623,2
5624,2
5625,5
5626,3
5627,5
5628,9
5629,5
5630,5
5631,2
5632,3
5633,8
5634,9
5635,1
5636,2
5637,4
5638,2
5639,8
5640,5
5641,9
5642,5
5643,5
5644,5
5645,5
5646,2
5647,9
5648,5
5649,5
5650,1
5651,1
5652,1
5653,4
5654,5
5655,8
5656,8
5657,8
5658,5
5659,5
5660,2
5661,8
5662,2
5663,2
5664,2
5665,5
5666,3
5667,2
5668,1
5669,8
5670,1
5671,8
5672,3
5673,5
5674,1
5675,4
5676,8
5677,4
5678,5
5679,4
5680,1
5681,5
5682,3
5683,1
5684,5
5685,2
5686,4
5687,4
5688,8
5689,3
5690,4
5691,5
5692,4
5693,2
5694,8
5695,8
5696,2
5697,5
5698,4
5699,5
5700,8
5701,8
5702,2
5703,5
5704,5
5705,5
5706,5
5707,5
5708,2
5709,5
5710,5
5711,9
5712,1
5713,8
5714,2
5715,4
5716,5
5717,4
5718,5
5719,5
5720,4
5721,3
5722,4
5723,9
5724,5
5725,4
5726,2
5727,5
5728,5
5729,3
5730,4
5731,2
5732,4
5733,5
5734,4
5735,2
5736,2
5737,1
5738,5
5739,5
5740,5
5741,5
5742,2
5743,5
5744,5
5745,5
5746,9
5747,3
5748,5
5749,9
5750,9
5751,2
5752,5
5753,5
5754,5
5755,5
5756,2
5757,5
5758,5
5759,4
5760,4
5761,8
5762,2
5763,8
5764,9
5765,4
5766,1
5767,5
5768,3
5769,8
5770,2
5771,3
5772,3
5773,3
5774,0
5775,2
5776,4
5777,4
5778,3
5779,2
5780,2
5781,4
5782,2
5783,5
5784,8
5785,2
5786,5
5787,2
5788,2
5789,3
5790,3
5791,1
5792,0
5793,9
5794,2
5795,5
5796,3
5797,5
5798,5
5799,2
5800,8
5801,5
5802,2
5803,5
5804,5
5805,2
5806,9
5807,2
5808,5
5809,2
5810,2
5811,2
5812,1
5813,0
5814,4
5815,4
5816,5
5817,2
5818,1
5819,5
5820,1
5821,4
5822,4
5823,8
5824,8
5825,8
5826,4
5827,2
5828,8
5829,1
5830,0
5831,8
5832,5
5833,2
5834,4
5835,5
5836,1
5837,5
5838,1
5839,2
5840,5
5841,5
5842,9
5843,1
5844,3
5845,8
5846,4
5847,2
5848,4
5849,1
5850,2
5851,0
5852,0
5853,5
5854,1
5855,5
5856,5
5857,2
5858,5
5859,8
5860,2
5861,5
5862,5
5863,5
5864,2
5865,2
5866,0
5867,5
5868,1
5869,1
5870,5
5871,3
5872,5
5873,1
5874,1
5875,5
5876,5
5877,5
5878,4
5879,4
5880,2
5881,5
5882,8
5883,5
5884,8
5885,1
5886,9
5887,5
5888,1
5889,1
5890,3
5891,3
5892,5
5893,1
5894,3
5895,8
5896,4
5897,2
5898,8
5899,2
5900,5
5901,2
5902,9
5903,1
5904,4
5905,8
5906,2
5907,2
5908,1
5909,3
5910,5
5911,1
5912,5
5913,5
5914,3
5915,1
5916,8
5917,9
5918,4
5919,5
5920,8
5921,4
5922,4
5923,0
5924,1
5925,3
5926,4
5927,3
5928,3
5929,8
5930,1
5931,1
5932,1
5933,1
5934,3
5935,1
5936,4
5937,3
5938,5
5939,5
5940,3
5941,3
5942,1
5943,2
5944,3
5945,5
5946,4
5947,2
5948,8
5949,3
5950,3
5951,3
5952,1
5953,8
5954,3
5955,3
5956,3
5957,4
5958,1
5959,1
5960,1
5961,5
5962,4
5963,3
5964,2
5965,4
5966,4
5967,4
5968,4
5969,4
5970,4
5971,4
5972,3
5973,1
5974,5
5975,3
5976,3
5977,3
5978,3
5979,8
5980,4
5981,4
5982,3
5983,3
5984,5
5985,5
5986,5
5987,3
5988,5
5989,5
5990,2
5991,3
5992,2
5993,2
5994,2
5995,2
5996,2
5997,2
5998,3
5999,4
6000,2
6001,8
6002,5
6003,3
6004,5
6005,4
6006,5
6007,8
6008,4
6009,2
6010,3
6011,2
6012,2
6013,9
6014,5
6015,9
6016,9
6017,3
6018,4
6019,1
6020,5
6021,5
6022,5
6023,5
6024,1
6025,1
6026,1
6027,3
6028,0
6029,5
6030,5
6031,5
6032,9
6033,1
6034,8
6035,5
6036,0
6037,5
6038,0
6039,0
6040,0
6041,3
6042,5
6043,2
6044,5
6045,5
6046,2
6047,1
6048,4
6049,5
6050,3
6051,5
6052,5
6053,5
6054,5
6055,5
6056,2
6057,2
6058,9
6059,2
6060,4
6061,2
6062,3
6063,3
6064,4
6065,5
6066,4
6067,4
6068,3
6069,3
6070,3
6071,5
6072,3
6073,1
6074,5
6075,0
6076,3
6077,5
6078,5
6079,5
6080,2
6081,4
6082,4
6083,5
6084,4
6085,0
6086,4
6087,5
6088,3
6089,5
6090,5
6091,5
6092,4
6093,1
6094,5
6095,2
6096,3
6097,5
6098,5
6099,5
6100,5
6101,9
6102,5
6103,5
6104,4
6105,9
6106,8
6107,8
6108,3
6109,8
6110,9
6111,9
6112,4
6113,3
6114,8
6115,4
6116,4
6117,3
6118,3
6119,3
6120,2
6121,9
6122,1
6123,3
6124,3
6125,9
6126,9
6127,4
6128,1
6129,3
6130,2
6131,3
6132,3
6133,3
6134,2
6135,8
6136,1
6137,5
6138,5
6139,1
6140,5
6141,4
6142,2
6143,1
6144,4
6145,4
6146,4
6147,9
6148,2
6149,1
6150,2
6151,5
6152,5
6153,1
6154,3
6155,8
6156,8
6157,8
6158,8
6159,8
6160,1
6161,1
6162,2
6163,1
6164,5
6165,5
6166,5
6167,1
6168,5
6169,4
6170,1
6171,1
6172,3
6173,1
6174,9
6175,9
6176,9
6177,9
6178,5
6179,2
6180,2
6181,3
6182,1
6183,1
6184,4
6185,0
6186,2
6187,2
6188,4
6189,5
6190,1
6191,2
6192,3
6193,3
6194,3
6195,9
6196,4
6197,8
6198,3
6199,8
6200,4
6201,5
6202,1
6203,4
6204,5
6205,5
6206,5
6207,4
6208,3
6209,4
6210,8
6211,8
6212,3
6213,4
6214,1
6215,3
6216,5
6217,1
6218,9
6219,4
6220,4
6221,1
6222,1
6223,1
6224,4
6225,4
6226,5
6227,5
6228,5
6229,5
6230,8
6231,1
6232,5
6233,8
6234,8
6235,8
6236,8
6237,8
6238,5
6239,1
6240,3
6241,2
6242,3
6243,5
6244,5
6245,4
6246,1
6247,3
6248,1
6249,3
6250,3
6251,2
6252,9
6253,2
6254,9
6255,8
6256,9
6257,3
6258,3
6259,3
6260,2
6261,2
6262,2
6263,5
6264,3
6265,3
6266,3
6267,1
6268,1
6269,5
6270,5
6271,1
6272,1
6273,1
6274,3
6275,1
6276,1
6277,1
6278,1
6279,4
6280,8
6281,4
6282,3
6283,1
6284,1
6285,3
6286,3
6287,3
6288,1
6289,5
6290,4
6291,4
6292,3
6293,2
6294,1
6295,2
6296,2
6297,3
6298,5
6299,1
6300,9
6301,5
6302,2
6303,5
6304,2
6305,3
6306,9
6307,9
6308,2
6309,2
6310,2
6311,2
6312,4
6313,5
6314,5
6315,2
6316,5
6317,0
6318,3
6319,4
6320,0
6321,2
6322,5
6323,9
6324,5
6325,8
6326,8
6327,5
6328,8
6329,8
6330,8
6331,1
6332,1
6333,5
6334,2
6335,8
6336,4
6337,8
6338,8
6339,1
6340,4
6341,4
6342,3
6343,3
6344,5
6345,8
6346,3
6347,1
6348,1
6349,1
6350,8
6351,1
6352,8
6353,0
6354,5
6355,2
6356,5
6357,5
6358,5
6359,8
6360,2
6361,3
6362,3
6363,2
6364,2
6365,2
6366,5
6367,5
6368,5
6369,1
6370,5
6371,5
6372,5
6373,1
6374,5
6375,1
6376,8
6377,1
6378,5
6379,1
6380,8
6381,8
6382,4
6383,2
6384,2
6385,2
6386,2
6387,5
6388,5
6389,1
6390,1
6391,5
6392,3
6393,3
6394,3
6395,9
6396,5
6397,3
6398,5
6399,5
6400,2
6401,2
6402,5
6403,2
6404,5
6405,2
6406,2
6407,3
6408,4
6409,4
6410,4
6411,3
6412,3
6413,4
6414,8
6415,4
6416,4
6417,4
6418,9
6419,5
6420,1
6421,8
6422,8
6423,8
6424,3
6425,3
6426,1
6427,2
6428,2
6429,5
6430,5
6431,2
6432,3
6433,3
6434,5
6435,5
6436,5
6437,2
6438,2
6439,5
6440,0
6441,2
6442,2
6443,5
6444,5
6445,5
6446,0
6447,3
6448,4
6449,1
6450,5
6451,4
6452,4
6453,8
6454,4
6455,5
6456,3
6457,1
6458,5
6459,5
6460,5
6461,1
6462,4
6463,1
6464,2
6465,4
6466,1
6467,3
6468,5
6469,5
6470,5
6471,5
6472,5
6473,2
6474,5
6475,3
6476,8
6477,2
6478,2
6479,1
6480,1
6481,4
6482,4
6483,3
6484,5
6485,3
6486,3
6487,3
6488,0
6489,8
6490,3
6491,4
6492,4
6493,5
6494,8
6495,4
6496,1
6497,1
6498,5
6499,2
6500,1
6501,8
6502,3
6503,0
6504,2
6505,5
6506,1
6507,2
6508,1
6509,1
6510,4
6511,9
6512,9
6513,5
6514,1
6515,1
6516,1
6517,1
6518,2
6519,1
6520,3
6521,1
6522,1
6523,2
6524,1
6525,9
6526,2
6527,1
6528,4
6529,8
6530,1
6531,1
6532,8
6533,3
6534,5
6535,8
6536,5
6537,1
6538,5
6539,5
6540,5
6541,1
6542,5
6543,8
6544,1
6545,2
6546,2
6547,3
6548,3
6549,5
6550,3
6551,0
6552,0
6553,9
6554,3
6555,0
6556,0
6557,9
6558,9
6559,0
6560,0
6561,1
6562,1
6563,5
6564,2
6565,2
6566,0
6567,4
6568,0
6569,2
6570,0
6571,4
6572,1
6573,0
6574,0
6575,0
6576,5
6577,8
6578,1
6579,1
6580,1
6581,1
6582,1
6583,2
6584,2
6585,2
6586,2
6587,5
6588,1
6589,2
6590,2
6591,3
6592,3
6593,3
6594,5
6595,5
6596,8
6597,4
6598,1
6599,4
6600,3
6601,3
6602,4
6603,4
6604,3
6605,3
6606,3
6607,1
6608,3
6609,8
6610,8
6611,8
6612,2
6613,1
6614,3
6615,1
6616,8
6617,3
6618,1
6619,1
6620,4
6621,9
6622,3
6623,1
6624,8
6625,3
6626,1
6627,3
6628,3
6629,4
6630,4
6631,1
6632,4
6633,3
6634,3
6635,5
6636,8
6637,1
6638,2
6639,4
6640,4
6641,3
6642,8
6643,1
6644,9
6645,5
6646,2
6647,1
6648,8
6649,5
6650,5
6651,1
6652,1
6653,1
6654,2
6655,1
6656,1
6657,2
6658,2
6659,3
6660,1
6661,9
6662,4
6663,3
6664,3
6665,2
6666,5
6667,4
6668,4
6669,4
6670,1
6671,1
6672,1
6673,1
6674,1
6675,2
6676,2
6677,5
6678,1
6679,1
6680,1
6681,1
6682,0
6683,0
6684,4
6685,1
6686,3
6687,1
6688,1
6689,2
6690,5
6691,4
6692,8
6693,1
6694,1
6695,4
6696,1
6697,1
6698,1
6699,5
6700,1
6701,2
6702,2
6703,1
6704,3
6705,4
6706,1
6707,1
6708,2
6709,2
6710,2
6711,9
6712,4
6713,1
6714,4
6715,2
6716,9
6717,9
6718,1
6719,0
6720,1
6721,4
6722,2
6723,1
6724,4
6725,9
6726,9
6727,2
6728,4
6729,4
6730,1
6731,0
6732,1
6733,2
6734,1
6735,2
6736,8
6737,1
6738,1
6739,9
6740,1
6741,0
6742,1
6743,1
6744,1
6745,5
6746,1
6747,1
6748,9
6749,1
6750,3
6751,0
6752,0
6753,5
6754,3
6755,0
6756,0
6757,0
6758,0
6759,0
6760,0
6761,0
6762,5
6763,1
6764,0
6765,1
6766,1
6767,0
6768,1
6769,1
6770,3
6771,1
6772,4
6773,1
6774,9
6775,0
6776,5
6777,4
6778,4
6779,4
6780,4
6781,0
6782,0
6783,0
6784,0
6785,0
6786,3
6787,0
6788,5
6789,2
6790,1
6791,1
6792,1
6793,5
6794,5
6795,1
6796,4
6797,8
6798,5
6799,5
6800,8
6801,1
6802,5
6803,5
6804,4
6805,5
6806,2
6807,2
6808,9
6809,1
6810,1
6811,8
6812,2
6813,2
6814,5
6815,1
6816,1
6817,4
6818,1
6819,1
6820,1
6821,4
6822,9
6823,9
6824,8
6825,5
6826,1
6827,2
6828,2
6829,9
6830,9
6831,9
6832,0
6833,8
6834,2
6835,2
6836,1
6837,1
6838,8
6839,1
6840,1
6841,1
6842,5
6843,8
6844,1
6845,1
6846,2
6847,1
6848,0
6849,9
6850,0
6851,8
6852,9
6853,9
6854,0
6855,8
6856,1
6857,1
6858,2
6859,2
6860,9
6861,1
6862,5
6863,8
6864,2
6865,1
6866,8
6867,5
6868,2
6869,1
6870,1
6871,3
6872,1
6873,9
6874,9
6875,2
6876,5
6877,0
6878,0
6879,0
6880,0
6881,0
6882,0
6883,9
6884,0
6885,0
6886,2
6887,2
6888,0
6889,1
6890,4
6891,9
6892,9
6893,1
6894,1
6895,2
6896,1
6897,5
6898,1
6899,2
6900,9
6901,8
6902,8
6903,8
6904,1
6905,1
6906,0
6907,2
6908,3
6909,1
6910,1
6911,1
6912,1
6913,1
6914,2
6915,8
6916,1
6917,5
6918,2
6919,2
6920,3
6921,9
6922,9
6923,9
6924,9
6925,2
6926,2
6927,1
6928,5
6929,2
6930,8
6931,9
6932,1
6933,1
6934,1
6935,1
6936,0
6937,1
6938,5
6939,5
6940,4
6941,1
6942,1
6943,8
6944,1
6945,1
6946,1
6947,1
6948,2
6949,1
6950,0
6951,3
6952,0
6953,9
6954,9
6955,1
6956,9
6957,8
6958,1
6959,1
6960,9
6961,1
6962,5
6963,5
6964,5
6965,4
6966,1
6967,1
6968,5
6969,3
6970,4
6971,1
6972,1
6973,5
6974,5
6975,5
6976,3
6977,4
6978,5
6979,1
6980,1
6981,1
6982,8
6983,2
6984,0
6985,1
6986,5
6987,4
6988,3
6989,2
6990,1
6991,1
6992,4
6993,4
6994,5
6995,8
6996,1
6997,1
6998,3
6999,3
7000,1
7001,8
7002,0
7003,2
7004,1
7005,9
7006,1
7007,5
7008,5
7009,5
7010,1
7011,8
7012,3
7013,3
7014,2
7015,8
7016,1
7017,8
7018,5
7019,8
7020,1
7021,4
7022,5
7023,5
7024,3
7025,3
7026,1
7027,1
7028,2
7029,5
7030,1
7031,5
7032,1
7033,1
7034,5
7035,5
7036,5
7037,8
7038,8
7039,2
7040,2
7041,4
7042,4
7043,1
7044,2
7045,5
7046,0
7047,9
7048,5
7049,0
7050,3
7051,3
7052,3
7053,0
7054,2
7055,2
7056,1
7057,2
7058,2
7059,2
7060,5
7061,5
7062,1
7063,1
7064,5
7065,3
7066,5
7067,1
7068,2
7069,9
7070,1
7071,4
7072,4
7073,5
7074,8
7075,1
7076,1
7077,1
7078,3
7079,1
7080,9
7081,9
7082,2
7083,2
7084,2
7085,2
7086,2
7087,1
7088,1
7089,1
7090,1
7091,1
7092,1
7093,1
7094,5
7095,1
7096,1
7097,1
7098,1
7099,1
7100,1
7101,1
7102,1
7103,1
7104,1
7105,1
7106,1
7107,1
7108,2
7109,1
7110,2
7111,5
7112,3
7113,8
7114,1
7115,8
7116,4
7117,8
7118,1
7119,1
7120,8
7121,8
7122,5
7123,1
7124,1
7125,3
7126,8
7127,3
7128,3
7129,3
7130,3
7131,8
7132,5
7133,5
7134,8
7135,8
7136,8
7137,8
7138,2
7139,9
7140,2
7141,5
7142,1
7143,1
7144,1
7145,3
7146,0
7147,5
7148,2
7149,4
7150,8
7151,4
7152,5
7153,3
7154,1
7155,1
7156,2
7157,1
7158,0
7159,2
7160,1
7161,0
7162,1
7163,9
7164,3
7165,5
7166,0
7167,2
7168,4
7169,4
7170,3
7171,4
7172,2
7173,5
7174,8
7175,8
7176,8
7177,8
7178,5
7179,4
7180,1
7181,2
7182,1
7183,2
7184,3
7185,0
7186,0
7187,2
7188,4
7189,4
7190,8
7191,2
7192,5
7193,1
7194,1
7195,8
7196,3
7197,1
7198,8
7199,1
7200,1
7201,8
7202,1
7203,8
7204,5
7205,1
7206,1
7207,8
7208,8
7209,1
7210,1
7211,1
7212,1
7213,1
7214,1
7215,1
7216,2
7217,1
7218,3
7219,1
7220,3
7221,1
7222,5
7223,5
7224,3
7225,3
7226,5
7227,5
7228,2
7229,2
7230,9
7231,9
7232,9
7233,4
7234,1
7235,1
7236,1
7237,5
7238,5
7239,5
7240,0
7241,9
7242,3
7243,1
7244,2
7245,2
7246,2
7247,2
7248,5
7249,8
7250,5
7251,2
7252,9
7253,5
7254,5
7255,4
7256,3
7257,8
7258,8
7259,3
7260,8
7261,1
7262,1
7263,1
7264,1
7265,1
7266,5
7267,5
7268,2
7269,2
7270,2
7271,5
7272,5
7273,0
7274,0
7275,0
7276,3
7277,4
7278,0
7279,0
7280,5
7281,1
7282,1
7283,1
7284,2
7285,2
7286,2
7287,2
7288,3
7289,2
7290,1
7291,2
7292,2
7293,2
7294,3
7295,3
7296,2
7297,3
7298,9
7299,4
7300,5
7301,4
7302,4
7303,3
7304,5
7305,5
7306,5
7307,5
7308,1
7309,8
7310,8
7311,1
7312,8
7313,8
7314,8
7315,8
7316,1
7317,5
7318,9
7319,4
7320,4
7321,4
7322,4
7323,4
7324,4
7325,3
7326,2
7327,4
7328,4
7329,5
7330,5
7331,5
7332,5
7333,5
7334,3
7335,2
7336,4
7337,3
7338,3
7339,1
7340,2
7341,3
7342,4
7343,2
7344,4
7345,9
7346,4
7347,2
7348,2
7349,5
7350,5
7351,3
7352,3
7353,4
7354,3
7355,4
7356,4
7357,3
7358,5
7359,5
7360,5
7361,3
7362,1
7363,5
7364,5
7365,1
7366,5
7367,5
7368,5
7369,3
7370,1
7371,5
7372,5
7373,5
7374,5
7375,5
7376,3
7377,4
7378,3
7379,1
7380,0
7381,0
7382,5
7383,5
7384,5
7385,5
7386,5
7387,4
7388,3
7389,5
7390,9
7391,3
7392,5
7393,8
7394,3
7395,3
7396,4
7397,4
7398,3
7399,3
7400,8
7401,5
7402,3
7403,1
7404,3
7405,3
7406,2
7407,5
7408,2
7409,1
7410,1
7411,5
7412,5
7413,3
7414,3
7415,5
7416,1
7417,1
7418,5
7419,2
7420,3
7421,3
7422,2
7423,1
7424,8
7425,8
7426,3
7427,3
7428,3
7429,3
7430,2
7431,3
7432,5
7433,3
7434,3
7435,3
7436,3
7437,3
7438,4
7439,3
7440,2
7441,1
7442,8
7443,9
7444,9
7445,3
7446,8
7447,1
7448,5
7449,1
7450,3
7451,3
7452,1
7453,2
7454,2
7455,2
7456,2
7457,5
7458,3
7459,1
7460,1
7461,8
7462,3
7463,3
7464,5
7465,3
7466,2
7467,3
7468,3
7469,3
7470,3
7471,3
7472,3
7473,5
7474,3
7475,8
7476,8
7477,9
7478,2
7479,4
7480,4
7481,4
7482,4
7483,5
7484,2
7485,2
7486,5
7487,2
7488,5
7489,4
7490,5
7491,2
7492,9
7493,1
7494,1
7495,4
7496,4
7497,5
7498,3
7499,3
7500,0
7501,8
7502,8
7503,3
7504,5
7505,3
7506,5
7507,3
7508,5
7509,5
7510,5
7511,5
7512,3
7513,3
7514,5
7515,5
7516,9
7517,9
7518,9
7519,9
7520,3
7521,5
7522,9
7523,2
7524,2
7525,5
7526,0
7527,2
7528,1
7529,5
7530,1
7531,3
7532,4
7533,3
7534,3
7535,3
7536,5
7537,8
7538,3
7539,8
7540,3
7541,2
7542,3
7543,5
7544,0
7545,2
7546,2
7547,2
7548,5
7549,5
7550,1
7551,1
7552,3
7553,2
7554,4
7555,4
7556,4
7557,5
7558,3
7559,2
7560,2
7561,9
7562,2
7563,9
7564,9
7565,9
7566,3
7567,5
7568,5
7569,5
7570,5
7571,4
7572,3
7573,3
7574,3
7575,3
7576,3
7577,3
7578,5
7579,2
7580,0
7581,3
7582,5
7583,5
7584,5
7585,3
7586,5
7587,5
7588,5
7589,3
7590,4
7591,4
7592,8
7593,8
7594,1
7595,2
7596,1
7597,1
7598,8
7599,1
7600,2
7601,1
7602,2
7603,5
7604,5
7605,5
7606,5
7607,5
7608,0
7609,2
7610,0
7611,4
7612,2
7613,5
7614,1
7615,8
7616,1
7617,5
7618,5
7619,1
7620,1
7621,8
7622,8
7623,3
7624,9
7625,1
7626,1
7627,4
7628,4
7629,5
7630,5
7631,5
7632,5
7633,4
7634,8
7635,3
7636,1
7637,1
7638,1
7639,5
7640,1
7641,9
7642,9
7643,9
7644,9
7645,9
7646,1
7647,1
7648,1
7649,8
7650,3
7651,3
7652,3
7653,2
7654,5
7655,3
7656,1
7657,3
7658,3
7659,4
7660,4
7661,3
7662,2
7663,4
7664,8
7665,8
7666,2
7667,2
7668,4
7669,4
7670,2
7671,5
7672,5
7673,1
7674,1
7675,8
7676,3
7677,2
7678,5
7679,3
7680,1
7681,1
7682,1
7683,4
7684,1
7685,1
7686,5
7687,5
7688,5
7689,5
7690,8
7691,8
7692,8
7693,2
7694,2
7695,1
7696,8
7697,5
7698,8
7699,4
7700,5
7701,3
7702,8
7703,5
7704,5
7705,3
7706,2
7707,5
7708,4
7709,5
7710,3
7711,4
7712,4
7713,9
7714,3
7715,1
7716,1
7717,1
7718,1
7719,2
7720,1
7721,9
7722,8
7723,5
7724,5
7725,5
7726,4
7727,1
7728,3
7729,3
7730,3
7731,1
7732,9
7733,8
7734,8
7735,2
7736,8
7737,8
7738,8
7739,8
7740,4
7741,3
7742,1
7743,4
7744,4
7745,4
7746,1
7747,1
7748,1
7749,5
7750,1
7751,1
7752,1
7753,1
7754,0
7755,1
7756,1
7757,0
7758,5
7759,1
7760,1
7761,4
7762,3
7763,4
7764,4
7765,1
7766,8
7767,8
7768,8
7769,1
7770,1
7771,5
7772,8
7773,9
7774,4
7775,1
7776,1
7777,2
7778,9
7779,2
7780,8
7781,5
7782,1
7783,3
7784,5
7785,1
7786,1
7787,3
7788,2
7789,9
7790,9
7791,8
7792,9
7793,3
7794,5
7795,5
7796,5
7797,1
7798,5
7799,8
7800,4
7801,1
7802,1
7803,2
7804,2
7805,2
7806,3
7807,1
7808,0
7809,0
7810,0
7811,3
7812,2
7813,4
7814,1
7815,1
7816,1
7817,5
7818,5
7819,5
7820,5
7821,5
7822,2
7823,0
7824,1
7825,5
7826,1
7827,1
7828,1
7829,2
7830,0
7831,1
7832,1
7833,2
7834,4
7835,1
7836,2
7837,5
7838,2
7839,3
7840,4
7841,1
7842,1
7843,4
7844,1
7845,3
7846,5
7847,3
7848,1
7849,3
7850,1
7851,8
7852,3
7853,2
7854,1
7855,4
7856,5
7857,1
7858,3
7859,9
7860,2
7861,2
7862,5
7863,9
7864,9
7865,3
7866,5
7867,5
7868,4
7869,3
7870,3
7871,3
7872,3
7873,2
7874,9
7875,3
7876,9
7877,5
7878,1
7879,5
7880,1
7881,5
7882,1
7883,9
7884,9
7885,3
7886,3
7887,2
7888,3
7889,5
7890,2
7891,1
7892,4
7893,8
7894,4
7895,1
7896,3
7897,3
7898,2
7899,9
7900,2
7901,3
7902,3
7903,3
7904,3
7905,3
7906,3
7907,5
7908,4
7909,4
7910,3
7911,4
7912,2
7913,3
7914,3
7915,5
7916,3
7917,2
7918,2
7919,4
7920,2
7921,3
7922,4
7923,1
7924,3
7925,4
7926,2
7927,3
7928,2
7929,9
7930,2
7931,1
7932,4
7933,2
7934,1
7935,1
7936,3
7937,9
7938,5
7939,3
7940,4
7941,3
7942,3
7943,5
7944,5
7945,9
7946,3
7947,5
7948,5
7949,5
7950,1
7951,2
7952,3
7953,1
7954,3
7955,5
7956,1
7957,1
7958,3
7959,3
7960,3
7961,8
7962,4
7963,4
7964,4
7965,3
7966,3
7967,4
7968,1
7969,5
7970,1
7971,3
7972,3
7973,2
7974,8
7975,3
7976,3
7977,8
7978,3
7979,9
7980,3
7981,0
7982,3
7983,2
7984,1
7985,8
7986,1
7987,5
7988,9
7989,5
7990,3
7991,5
7992,4
7993,5
7994,3
7995,3
7996,8
7997,1
7998,3
7999,5
8000,2
8001,5
8002,5
8003,5
8004,5
8005,5
8006,3
8007,8
8008,1
8009,5
8010,5
8011,1
8012,4
8013,3
8014,3
8015,0
8016,2
8017,3
8018,3
8019,3
8020,0
8021,4
8022,2
8023,4
8024,5
8025,2
8026,5
8027,3
8028,3
8029,1
8030,3
8031,5
8032,5
8033,5
8034,3
8035,1
8036,3
8037,3
8038,3
8039,3
8040,3
8041,4
8042,4
8043,5
8044,9
8045,5
8046,5
8047,5
8048,5
8049,3
8050,3
8051,3
8052,5
8053,5
8054,3
8055,1
8056,1
8057,1
8058,1
8059,4
8060,1
8061,1
8062,1
8063,5
8064,1
8065,5
8066,1
8067,1
8068,2
8069,3
8070,3
8071,5
8072,2
8073,4
8074,1
8075,1
8076,4
8077,4
8078,4
8079,4
8080,4
8081,5
8082,5
8083,4
8084,4
8085,4
8086,4
8087,0
8088,4
8089,3
8090,1
8091,1
8092,5
8093,0
8094,3
8095,1
8096,8
8097,2
8098,5
8099,1
8100,1
8101,0
8102,4
8103,1
8104,5
8105,5
8106,1
8107,4
8108,8
8109,0
8110,1
8111,1
8112,9
8113,9
8114,9
8115,1
8116,2
8117,3
8118,2
8119,2
8120,5
8121,5
8122,5
8123,5
8124,2
8125,5
8126,1
8127,1
8128,2
8129,9
8130,3
8131,4
8132,0
8133,2
8134,2
8135,3
8136,3
8137,5
8138,3
8139,3
8140,3
8141,3
8142,3
8143,2
8144,3
8145,2
8146,3
8147,3
8148,1
8149,3
8150,5
8151,3
8152,3
8153,1
8154,0
8155,3
8156,0
8157,2
8158,1
8159,2
8160,2
8161,3
8162,9
8163,5
8164,5
8165,1
8166,5
8167,5
8168,5
8169,3
8170,3
8171,5
8172,3
8173,5
8174,5
8175,4
8176,5
8177,4
8178,5
8179,3
8180,1
8181,3
8182,5
8183,3
8184,1
8185,1
8186,1
8187,3
8188,3
8189,3
8190,1
8191,4
8192,3
8193,3
8194,3
8195,3
8196,4
8197,3
8198,3
8199,3
8200,2
8201,1
8202,0
8203,3
8204,1
8205,3
8206,1
8207,3
8208,3
8209,3
8210,4
8211,8
8212,3
8213,3
8214,1
8215,3
8216,1
8217,9
8218,8
8219,5
8220,3
8221,1
8222,5
8223,5
8224,2
8225,1
8226,9
8227,3
8228,3
8229,3
8230,3
8231,3
8232,3
8233,3
8234,2
8235,3
8236,3
8237,3
8238,1
8239,3
8240,5
8241,5
8242,5
8243,3
8244,3
8245,3
8246,3
8247,3
8248,3
8249,3
8250,3
8251,3
8252,3
8253,8
8254,8
8255,8
8256,8
8257,3
8258,3
8259,4
8260,4
8261,5
8262,4
8263,0
8264,1
8265,5
8266,9
8267,8
8268,3
8269,3
8270,3
8271,4
8272,0
8273,0
8274,0
8275,8
8276,0
8277,9
8278,9
8279,9
8280,9
8281,8
8282,0
8283,2
8284,0
8285,5
8286,5
8287,4
8288,5
8289,1
8290,5
8291,2
8292,5
8293,3
8294,3
8295,3
8296,3
8297,9
8298,9
8299,8
8300,0
8301,5
8302,0
8303,8
8304,3
8305,3
8306,5
8307,5
8308,5
8309,5
8310,0
8311,4
8312,1
8313,2
8314,8
8315,1
8316,1
8317,1
8318,2
8319,1
8320,3
8321,3
8322,2
8323,8
8324,2
8325,9
8326,1
8327,2
8328,8
8329,3
8330,1
8331,1
8332,2
8333,2
8334,1
8335,1
8336,2
8337,2
8338,3
8339,4
8340,2
8341,8
8342,0
8343,2
8344,5
8345,2
8346,5
8347,0
8348,1
8349,3
8350,4
8351,1
8352,4
8353,4
8354,4
8355,5
8356,5
8357,5
8358,9
8359,5
8360,5
8361,4
8362,9
8363,5
8364,1
8365,2
8366,4
8367,2
8368,0
8369,1
8370,1
8371,1
8372,1
8373,1
8374,1
8375,1
8376,8
8377,2
8378,2
8379,1
8380,1
8381,2
8382,3
8383,0
8384,2
8385,5
8386,2
8387,8
8388,1
8389,1
8390,0
8391,5
8392,1
8393,2
8394,2
8395,1
8396,0
8397,3
8398,1
8399,1
8400,0
8401,1
8402,5
8403,4
8404,2
8405,3
8406,2
8407,1
8408,1
8409,1
8410,0
8411,4
8412,2
8413,2
8414,3
8415,5
8416,4
8417,2
8418,0
8419,0
8420,1
8421,0
8422,5
8423,2
8424,5
8425,2
8426,8
8427,2
8428,9
8429,9
8430,2
8431,1
8432,9
8433,5
8434,8
8435,8
8436,0
8437,9
8438,4
8439,4
8440,8
8441,8
8442,8
8443,4
8444,2
8445,1
8446,1
8447,1
8448,1
8449,1
8450,9
8451,1
8452,8
8453,8
8454,9
8455,9
8456,8
8457,9
8458,9
8459,9
8460,9
8461,9
8462,8
8463,8
8464,1
8465,1
8466,1
8467,1
8468,8
8469,2
8470,5
8471,5
8472,5
8473,5
8474,5
8475,4
8476,1
8477,3
8478,4
8479,4
8480,3
8481,1
8482,3
8483,1
8484,1
8485,4
8486,5
8487,1
8488,3
8489,3
8490,1
8491,1
8492,1
8493,3
8494,3
8495,1
8496,2
8497,4
8498,1
8499,3
8500,1
8501,2
8502,1
8503,1
8504,4
8505,2
8506,1
8507,5
8508,5
8509,5
8510,5
8511,5
8512,5
8513,1
8514,5
8515,3
8516,1
8517,2
8518,3
8519,3
8520,1
8521,1
8522,2
8523,1
8524,3
8525,1
8526,8
8527,2
8528,1
8529,3
8530,1
8531,0
8532,1
8533,1
8534,1
8535,5
8536,5
8537,8
8538,8
8539,1
8540,9
8541,4
8542,1
8543,9
8544,1
8545,1
8546,3
8547,4
8548,3
8549,4
8550,4
8551,4
8552,8
8553,5
8554,9
8555,9
8556,9
8557,2
8558,3
8559,2
8560,2
8561,2
8562,5
8563,3
8564,1
8565,3
8566,5
8567,5
8568,2
8569,8
8570,3
8571,8
8572,9
8573,3
8574,5
8575,1
8576,5
8577,5
8578,2
8579,8
8580,5
8581,5
8582,2
8583,8
8584,3
8585,9
8586,1
8587,1
8588,3
8589,4
8590,3
8591,1
8592,3
8593,5
8594,1
8595,3
8596,3
8597,9
8598,0
8599,3
8600,0
8601,9
8602,3
8603,5
8604,1
8605,5
8606,5
8607,5
8608,5
8609,1
8610,2
8611,1
8612,2
8613,5
8614,5
8615,1
8616,4
8617,1
8618,2
8619,0
8620,4
8621,2
8622,2
8623,1
8624,9
8625,0
8626,0
8627,3
8628,1
8629,1
8630,4
8631,3
8632,5
8633,5
8634,3
8635,5
8636,1
8637,1
8638,3
8639,3
8640,3
8641,2
8642,4
8643,2
8644,9
8645,5
8646,3
8647,0
8648,2
8649,2
8650,2
8651,2
8652,0
8653,9
8654,1
8655,4
8656,4
8657,1
8658,4
8659,9
8660,4
8661,4
8662,3
8663,5
8664,8
8665,1
8666,3
8667,1
8668,9
8669,2
8670,5
8671,3
8672,8
8673,8
8674,8
8675,3
8676,8
8677,1
8678,3
8679,4
8680,4
8681,1
8682,1
8683,1
8684,3
8685,2
8686,2
8687,5
8688,1
8689,1
8690,1
8691,5
8692,5
8693,5
8694,4
8695,2
8696,4
8697,3
8698,4
8699,1
8700,9
8701,8
8702,2
8703,5
8704,2
8705,3
8706,3
8707,5
8708,8
8709,3
8710,1
8711,2
8712,1
8713,4
8714,4
8715,3
8716,5
8717,4
8718,2
8719,3
8720,3
8721,3
8722,3
8723,0
8724,3
8725,1
8726,0
8727,1
8728,1
8729,4
8730,3
8731,5
8732,4
8733,5
8734,3
8735,9
8736,5
8737,2
8738,5
8739,8
8740,3
8741,9
8742,9
8743,9
8744,8
8745,1
8746,3
8747,3
8748,3
8749,1
8750,1
8751,3
8752,1
8753,5
8754,3
8755,1
8756,1
8757,1
8758,8
8759,8
8760,3
8761,5
8762,5
8763,5
8764,1
8765,1
8766,3
8767,5
8768,5
8769,4
8770,5
8771,8
8772,1
8773,4
8774,0
8775,4
8776,1
8777,8
8778,3
8779,4
8780,5
8781,1
8782,1
8783,1
8784,5
8785,1
8786,1
8787,3
8788,4
8789,4
8790,5
8791,4
8792,3
8793,4
8794,5
8795,5
8796,5
8797,5
8798,3
8799,1
8800,8
8801,2
8802,3
8803,5
8804,4
8805,4
8806,5
8807,9
8808,4
8809,2
8810,8
8811,9
8812,9
8813,2
8814,9
8815,9
8816,3
8817,1
8818,4
8819,2
8820,3
8821,3
8822,4
8823,3
8824,8
8825,3
8826,0
8827,4
8828,3
8829,8
8830,3
8831,3
8832,5
8833,3
8834,4
8835,3
8836,0
8837,3
8838,0
8839,0
8840,0
8841,0
8842,0
8843,4
8844,9
8845,5
8846,5
8847,1
8848,2
8849,1
8850,1
8851,4
8852,8
8853,4
8854,4
8855,3
8856,0
8857,8
8858,3
8859,3
8860,1
8861,1
8862,9
8863,4
8864,2
8865,9
8866,9
8867,8
8868,8
8869,4
8870,9
8871,4
8872,3
8873,3
8874,1
8875,2
8876,9
8877,2
8878,9
8879,9
8880,9
8881,0
8882,9
8883,9
8884,9
8885,5
8886,4
8887,4
8888,2
8889,5
8890,5
8891,4
8892,3
8893,2
8894,4
8895,4
8896,4
8897,5
8898,5
8899,0
8900,9
8901,3
8902,3
8903,3
8904,8
8905,8
8906,5
8907,5
8908,8
8909,8
8910,5
8911,1
8912,2
8913,2
8914,2
8915,9
8916,5
8917,3
8918,5
8919,5
8920,5
8921,4
8922,2
8923,4
8924,5
8925,5
8926,4
8927,3
8928,3
8929,4
8930,1
8931,1
8932,2
8933,9
8934,0
8935,2
8936,5
8937,5
8938,3
8939,3
8940,1
8941,3
8942,2
8943,3
8944,1
8945,2
8946,3
8947,1
8948,5
8949,2
8950,3
8951,4
8952,9
8953,8
8954,4
8955,4
8956,3
8957,3
8958,4
8959,1
8960,3
8961,2
8962,1
8963,1
8964,5
8965,8
8966,5
8967,0
8968,0
8969,3
8970,8
8971,0
8972,3
8973,3
8974,3
8975,1
8976,4
8977,3
8978,4
8979,1
8980,5
8981,5
8982,8
8983,5
8984,4
8985,8
8986,4
8987,4
8988,2
8989,5
8990,2
8991,1
8992,0
8993,1
8994,2
8995,2
8996,0
8997,4
8998,4
8999,4
9000,4
9001,9
9002,8
9003,3
9004,1
9005,3
9006,4
9007,8
9008,0
9009,5
9010,3
9011,1
9012,4
9013,0
9014,1
9015,4
9016,3
9017,3
9018,1
9019,4
9020,4
9021,8
9022,9
9023,3
9024,4
9025,4
9026,4
9027,8
9028,1
9029,9
9030,8
9031,9
9032,2
9033,8
9034,9
9035,8
9036,4
9037,1
9038,1
9039,1
9040,9
9041,5
9042,4
9043,4
9044,1
9045,1
9046,4
9047,1
9048,3
9049,1
9050,1
9051,1
9052,4
9053,3
9054,8
9055,2
9056,4
9057,4
9058,4
9059,1
9060,3
9061,1
9062,4
9063,5
9064,9
9065,1
9066,4
9067,1
9068,5
9069,2
9070,5
9071,1
9072,2
9073,2
9074,5
9075,9
9076,3
9077,2
9078,1
9079,4
9080,1
9081,4
9082,0
9083,4
9084,1
9085,1
9086,0
9087,3
9088,1
9089,1
9090,1
9091,1
9092,1
9093,8
9094,5
9095,9
9096,1
9097,9
9098,1
9099,1
9100,1
9101,1
9102,1
9103,8
9104,8
9105,8
9106,5
9107,8
9108,1
9109,1
9110,1
9111,9
9112,1
9113,4
9114,9
9115,3
9116,1
9117,1
9118,4
9119,3
9120,4
9121,3
9122,3
9123,5
9124,4
9125,4
9126,0
9127,0
9128,0
9129,0
9130,4
9131,2
9132,4
9133,4
9134,1
9135,2
9136,3
9137,2
9138,1
9139,1
9140,1
9141,2
9142,1
9143,5
9144,5
9145,2
9146,4
9147,2
9148,2
9149,2
9150,4
9151,9
9152,9
9153,9
9154,9
9155,3
9156,0
9157,3
9158,5
9159,5
9160,5
9161,2
9162,1
9163,4
9164,2
9165,2
9166,9
9167,1
9168,0
9169,2
9170,1
9171,3
9172,9
9173,1
9174,5
9175,5
9176,1
9177,9
9178,8
9179,8
9180,2
9181,5
9182,0
9183,3
9184,5
9185,5
9186,2
9187,4
9188,2
9189,8
9190,1
9191,3
9192,3
9193,2
9194,1
9195,1
9196,1
9197,1
9198,2
9199,1
9200,3
9201,3
9202,1
9203,4
9204,1
9205,1
9206,1
9207,1
9208,4
9209,1
9210,1
9211,0
9212,0
9213,8
9214,4
9215,1
9216,5
9217,3
9218,3
9219,1
9220,8
9221,3
9222,8
9223,1
9224,1
9225,1
9226,1
9227,8
9228,8
9229,8
9230,8
9231,5
9232,0
9233,0
9234,1
9235,1
9236,1
9237,1
9238,1
9239,0
9240,5
9241,2
9242,1
9243,9
9244,9
9245,9
9246,5
9247,1
9248,1
9249,1
9250,5
9251,1
9252,1
9253,4
9254,0
9255,1
9256,0
9257,8
9258,8
9259,1
9260,1
9261,5
9262,5
9263,5
9264,5
9265,5
9266,1
9267,1
9268,1
9269,2
9270,8
9271,8
9272,2
9273,0
9274,2
9275,2
9276,5
9277,1
9278,1
9279,1
9280,8
9281,4
9282,1
9283,0
9284,8
9285,1
9286,5
9287,1
9288,8
9289,2
9290,3
9291,0
9292,3
9293,3
9294,3
9295,8
9296,1
9297,3
9298,9
9299,9
9300,9
9301,3
9302,5
9303,8
9304,4
9305,5
9306,8
9307,9
9308,1
9309,5
9310,8
9311,2
9312,5
9313,3
9314,0
9315,3
9316,2
9317,1
9318,5
9319,5
9320,1
9321,1
9322,5
9323,5
9324,5
9325,5
9326,2
9327,4
9328,5
9329,5
9330,5
9331,5
9332,5
9333,5
9334,3
9335,2
9336,3
9337,3
9338,4
9339,9
9340,2
9341,2
9342,1
9343,1
9344,1
9345,5
9346,2
9347,1
9348,3
9349,8
9350,1
9351,8
9352,8
9353,1
9354,1
9355,1
9356,2
9357,9
9358,1
9359,1
9360,1
9361,3
9362,3
9363,5
9364,5
9365,5
9366,5
9367,2
9368,5
9369,5
9370,9
9371,4
9372,1
9373,3
9374,3
9375,4
9376,2
9377,8
9378,0
9379,0
9380,2
9381,3
9382,3
9383,8
9384,0
9385,1
9386,1
9387,1
9388,1
9389,5
9390,4
9391,8
9392,1
9393,8
9394,8
9395,1
9396,5
9397,4
9398,1
9399,2
9400,1
9401,1
9402,4
9403,1
9404,1
9405,4
9406,2
9407,1
9408,8
9409,8
9410,1
9411,9
9412,1
9413,1
9414,3
9415,3
9416,1
9417,3
9418,9
9419,9
9420,1
9421,8
9422,1
9423,5
9424,9
9425,2
9426,4
9427,1
9428,4
9429,9
9430,2
9431,4
9432,3
9433,1
9434,1
9435,2
9436,5
9437,5
9438,5
9439,9
9440,5
9441,4
9442,5
9443,4
9444,4
9445,9
9446,1
9447,1
9448,1
9449,8
9450,1
9451,2
9452,4
9453,1
9454,2
9455,5
9456,3
9457,5
9458,9
9459,0
9460,2
9461,9
9462,9
9463,2
9464,8
9465,1
9466,8
9467,1
9468,1
9469,9
9470,2
9471,8
9472,1
9473,4
9474,1
9475,1
9476,1
9477,1
9478,1
9479,4
9480,1
9481,1
9482,2
9483,8
9484,1
9485,1
9486,1
9487,1
9488,8
9489,2
9490,1
9491,8
9492,4
9493,5
9494,4
9495,2
9496,9
9497,2
9498,5
9499,5
9500,1
9501,1
9502,1
9503,5
9504,1
9505,1
9506,1
9507,0
9508,2
9509,0
9510,1
9511,4
9512,5
9513,8
9514,8
9515,8
9516,8
9517,5
9518,8
9519,1
9520,1
9521,8
9522,5
9523,5
9524,0
9525,0
9526,0
9527,9
9528,0
9529,1
9530,0
9531,0
9532,0
9533,0
9534,0
9535,0
9536,0
9537,2
9538,0
9539,4
9540,1
9541,4
9542,1
9543,2
9544,1
9545,1
9546,5
9547,1
9548,0
9549,1
9550,2
9551,3
9552,4
9553,4
9554,9
9555,3
9556,0
9557,2
9558,3
9559,0
9560,0
9561,0
9562,0
9563,2
9564,2
9565,8
9566,8
9567,4
9568,1
9569,4
9570,1
9571,8
9572,1
9573,3
9574,1
9575,1
9576,5
9577,1
9578,8
9579,8
9580,2
9581,1
9582,5
9583,1
9584,1
9585,1
9586,1
9587,4
9588,1
9589,1
9590,1
9591,1
9592,0
9593,0
9594,0
9595,9
9596,0
9597,9
9598,0
9599,9
9600,0
9601,0
9602,0
9603,0
9604,0
9605,0
9606,0
9607,0
9608,0
9609,8
9610,0
9611,0
9612,1
9613,2
9614,5
9615,1
9616,1
9617,1
9618,8
9619,2
9620,4
9621,3
9622,5
9623,4
9624,5
9625,5
9626,9
9627,2
9628,4
9629,9
9630,1
9631,8
9632,1
9633,1
9634,1
9635,1
9636,1
9637,8
9638,5
9639,5
9640,1
9641,2
9642,0
9643,0
9644,4
9645,5
9646,5
9647,5
9648,5
9649,2
9650,1
9651,1
9652,1
9653,5
9654,9
9655,8
9656,1
9657,1
9658,4
9659,1
9660,1
9661,2
9662,2
9663,0
9664,5
9665,5
9666,5
9667,5
9668,8
9669,2
9670,4
9671,1
9672,4
9673,8
9674,1
9675,1
9676,5
9677,8
9678,8
9679,1
9680,4
9681,4
9682,1
9683,4
9684,4
9685,2
9686,4
9687,8
9688,1
9689,8
9690,1
9691,1
9692,8
9693,3
9694,1
9695,1
9696,1
9697,1
9698,1
9699,3
9700,1
9701,1
9702,9
9703,9
9704,1
9705,1
9706,4
9707,8
9708,4
9709,1
9710,8
9711,3
9712,5
9713,2
9714,8
9715,1
9716,0
9717,9
9718,9
9719,1
9720,9
9721,3
9722,1
9723,1
9724,1
9725,1
9726,1
9727,1
9728,4
9729,1
9730,1
9731,1
9732,1
9733,3
9734,9
9735,2
9736,4
9737,5
9738,5
9739,5
9740,5
9741,5
9742,1
9743,1
9744,3
9745,4
9746,1
9747,1
9748,1
9749,3
9750,3
9751,8
9752,8
9753,0
9754,1
9755,1
9756,0
9757,1
9758,1
9759,1
9760,4
9761,2
9762,8
9763,1
9764,1
9765,1
9766,9
9767,2
9768,1
9769,1
9770,5
9771,3
9772,1
9773,4
9774,3
9775,0
9776,2
9777,5
9778,2
9779,0
9780,0
9781,1
9782,4
9783,2
9784,2
9785,4
9786,4
9787,1
9788,3
9789,3
9790,1
9791,8
9792,4
9793,1
9794,1
9795,3
9796,5
9797,1
9798,1
9799,5
9800,3
9801,3
9802,3
9803,3
9804,5
9805,2
9806,5
9807,5
9808,1
9809,1
9810,8
9811,1
9812,4
9813,4
9814,3
9815,4
9816,2
9817,4
9818,1
9819,2
9820,0
9821,0
9822,0
9823,2
9824,3
9825,0
9826,0
9827,4
9828,0
9829,4
9830,0
9831,0
9832,0
9833,3
9834,4
9835,0
9836,0
9837,3
9838,5
9839,4
9840,0
9841,0
9842,3
9843,0
9844,0
9845,0
9846,4
9847,1
9848,3
9849,4
9850,1
9851,1
9852,3
9853,1
9854,4
9855,1
9856,0
9857,1
9858,2
9859,1
9860,5
9861,1
9862,1
9863,1
9864,1
9865,1
9866,9
9867,1
9868,1
9869,9
9870,4
9871,4
9872,1
9873,1
9874,0
9875,0
9876,4
9877,1
9878,1
9879,9
9880,1
9881,1
9882,1
9883,1
9884,4
9885,4
9886,1
9887,1
9888,1
9889,3
9890,8
9891,9
9892,5
9893,1
9894,8
9895,1
9896,4
9897,4
9898,3
9899,1
9900,1
9901,2
9902,8
9903,2
9904,2
9905,2
9906,2
9907,4
9908,1
9909,1
9910,4
9911,8
9912,8
9913,5
9914,3
9915,8
9916,1
9917,2
9918,0
9919,1
9920,5
9921,5
9922,2
9923,0
9924,0
9925,0
9926,0
9927,1
9928,0
9929,0
9930,4
9931,4
9932,4
9933,9
9934,9
9935,4
9936,5
9937,8
9938,8
9939,2
9940,4
9941,1
9942,4
9943,4
9944,4
9945,9
9946,8
9947,9
9948,8
9949,4
9950,8
9951,8
9952,8
9953,1
9954,2
9955,3
9956,3
9957,3
9958,1
9959,4
9960,4
9961,5
9962,2
9963,2
9964,5
9965,1
9966,5
9967,4
9968,4
9969,1
9970,2
9971,0
9972,0
9973,1
9974,1
9975,1
9976,1
9977,4
9978,1
9979,5
9980,1
9981,2
9982,0
9983,5
9984,8
9985,0
9986,0
9987,0
9988,3
9989,0
9990,2
9991,1
9992,1
9993,1
9994,3
9995,5
9996,2
9997,1
9998,8
9999,0
10000,8
10001,1
10002,5
10003,1
10004,0
10005,1
10006,5
10007,4
10008,4
10009,1
10010,2
10011,0
10012,1
10013,2
10014,4
10015,2
10016,0
10017,2
10018,0
10019,8
10020,1
10021,4
10022,4
10023,4
10024,1
10025,1
10026,8
10027,2
10028,2
10029,3
10030,1
10031,8
10032,4
10033,2
10034,8
10035,8
10036,9
10037,9
10038,8
10039,2
10040,2
10041,4
10042,2
10043,1
10044,2
10045,4
10046,4
10047,8
10048,1
10049,3
10050,1
10051,3
10052,5
10053,4
10054,1
10055,1
10056,3
10057,3
10058,1
10059,4
10060,2
10061,2
10062,0
10063,1
10064,1
10065,1
10066,8
10067,1
10068,1
10069,8
10070,1
10071,3
10072,1
10073,1
10074,1
10075,1
10076,5
10077,5
10078,1
10079,1
10080,1
10081,1
10082,1
10083,4
10084,1
10085,3
10086,5
10087,3
10088,1
10089,1
10090,1
10091,1
10092,1
10093,2
10094,4
10095,1
10096,2
10097,1
10098,2
10099,3
10100,3
10101,0
10102,3
10103,3
10104,3
10105,4
10106,5
10107,3
10108,1
10109,1
10110,1
10111,2
10112,1
10113,3
10114,3
10115,3
10116,2
10117,3
10118,2
10119,1
10120,3
10121,1
10122,5
10123,5
10124,3
10125,3
10126,5
10127,5
10128,1
10129,1
10130,5
10131,4
10132,4
10133,9
10134,3
10135,1
10136,3
10137,4
10138,5
10139,2
10140,9
10141,4
10142,5
10143,8
10144,8
10145,3
10146,2
10147,3
10148,3
10149,3
10150,1
10151,3
10152,3
10153,3
10154,9
10155,3
10156,5
10157,3
10158,3
10159,3
10160,4
10161,4
10162,3
10163,3
10164,3
10165,3
10166,3
10167,1
10168,3
10169,3
10170,3
10171,3
10172,3
10173,3
10174,8
10175,3
10176,3
10177,3
10178,3
10179,3
10180,3
10181,3
10182,5
10183,3
10184,3
10185,3
10186,4
10187,1
10188,4
10189,5
10190,5
10191,5
10192,5
10193,5
10194,3
10195,5
10196,3
10197,3
10198,2
10199,4
10200,4
10201,2
10202,1
10203,3
10204,3
10205,3
10206,4
10207,3
10208,1
10209,3
10210,3
10211,4
10212,1
10213,3
10214,4
10215,1
10216,3
10217,5
10218,5
10219,5
10220,5
10221,3
10222,5
10223,5
10224,3
10225,3
10226,1
10227,5
10228,3
10229,3
10230,3
10231,3
10232,3
10233,5
10234,3
10235,3
10236,4
10237,4
10238,8
10239,5
10240,5
10241,9
10242,4
10243,3
10244,3
10245,4
10246,4
10247,3
10248,3
10249,5
10250,3
10251,3
10252,3
10253,1
10254,8
10255,1
10256,2
10257,3
10258,3
10259,3
10260,4
10261,3
10262,3
10263,3
10264,3
10265,3
10266,8
10267,5
10268,1
10269,2
10270,2
10271,2
10272,4
10273,5
10274,2
10275,3
10276,2
10277,3
10278,2
10279,2
10280,3
10281,3
10282,4
10283,4
10284,3
10285,4
10286,4
10287,3
10288,3
10289,3
10290,3
10291,3
10292,9
10293,4
10294,3
10295,9
10296,9
10297,9
10298,9
10299,0
10300,2
10301,9
10302,9
10303,4
10304,4
10305,9
10306,3
10307,1
10308,3
10309,8
10310,3
10311,3
10312,3
10313,3
10314,3
10315,4
10316,4
10317,3
10318,3
10319,3
10320,2
10321,5
10322,2
10323,4
10324,1
10325,5
10326,1
10327,1
10328,4
10329,5
10330,3
10331,3
10332,3
10333,3
10334,1
10335,5
10336,5
10337,3
10338,3
10339,3
10340,8
10341,3
10342,3
10343,3
10344,0
10345,5
10346,0
10347,1
10348,5
10349,9
10350,3
10351,3
10352,5
10353,4
10354,9
10355,9
10356,3
10357,5
10358,4
10359,3
10360,4
10361,3
10362,9
10363,3
10364,1
10365,1
10366,1
10367,1
10368,3
10369,1
10370,1
10371,4
10372,1
10373,1
10374,2
10375,0
10376,3
10377,8
10378,1
10379,1
10380,1
10381,3
10382,3
10383,9
10384,4
10385,5
10386,3
10387,4
10388,5
10389,4
10390,5
10391,3
10392,8
10393,9
10394,3
10395,3
10396,3
10397,1
10398,5
10399,3
10400,1
10401,1
10402,1
10403,4
10404,5
10405,3
10406,3
10407,3
10408,1
10409,3
10410,4
10411,2
10412,4
10413,2
10414,5
10415,3
10416,1
10417,1
10418,3
10419,3
10420,1
10421,1
10422,8
10423,1
10424,1
10425,3
10426,4
10427,9
10428,9
10429,9
10430,3
10431,3
10432,9
10433,5
10434,2
10435,2
10436,3
10437,4
10438,3
10439,3
10440,1
10441,1
10442,3
10443,2
10444,8
10445,3
10446,4
10447,4
10448,4
10449,2
10450,3
10451,1
10452,4
10453,3
10454,1
10455,3
10456,0
10457,5
10458,5
10459,5
10460,3
10461,5
10462,2
10463,2
10464,5
10465,2
10466,5
10467,4
10468,5
10469,3
10470,3
10471,0
10472,5
10473,5
10474,5
10475,5
10476,5
10477,5
10478,5
10479,1
10480,5
10481,1
10482,1
10483,1
10484,3
10485,3
10486,2
10487,3
10488,5
10489,5
10490,5
10491,5
10492,5
10493,5
10494,4
10495,3
10496,5
10497,4
10498,4
10499,4
10500,5
10501,3
10502,5
10503,5
10504,5
10505,5
10506,5
10507,3
10508,4
10509,5
10510,5
10511,1
10512,5
10513,9
10514,9
10515,2
10516,4
10517,9
10518,3
10519,5
10520,2
10521,8
10522,3
10523,1
10524,3
10525,5
10526,1
10527,5
10528,5
10529,5
10530,5
10531,5
10532,5
10533,5
10534,5
10535,5
10536,5
10537,5
10538,5
10539,4
10540,5
10541,0
10542,2
10543,0
10544,5
10545,3
10546,2
10547,5
10548,2
10549,4
10550,3
10551,3
10552,5
10553,5
10554,8
10555,4
10556,5
10557,5
10558,9
10559,8
10560,9
10561,5
10562,5
10563,2
10564,5
10565,5
10566,4
10567,1
10568,3
10569,5
10570,1
10571,8
10572,3
10573,3
10574,4
10575,3
10576,5
10577,5
10578,5
10579,5
10580,5
10581,1
10582,9
10583,9
10584,9
10585,5
10586,3
10587,9
10588,5
10589,5
10590,9
10591,9
10592,3
10593,3
10594,3
10595,3
10596,3
10597,1
10598,2
10599,2
10600,5
10601,3
10602,5
10603,2
10604,5
10605,5
10606,3
10607,1
10608,4
10609,3
10610,3
10611,1
10612,1
10613,4
10614,4
10615,4
10616,4
10617,5
10618,3
10619,3
10620,1
10621,4
10622,4
10623,3
10624,3
10625,3
10626,3
10627,3
10628,3
10629,4
10630,1
10631,3
10632,3
10633,1
10634,2
10635,3
10636,2
10637,2
10638,0
10639,3
10640,1
10641,9
10642,2
10643,5
10644,1
10645,4
10646,4
10647,1
10648,1
10649,8
10650,1
10651,4
10652,1
10653,3
10654,2
10655,0
10656,3
10657,1
10658,1
10659,3
10660,2
10661,2
10662,1
10663,1
10664,2
10665,0
10666,0
10667,0
10668,2
10669,2
10670,5
10671,4
10672,4
10673,4
10674,1
10675,1
10676,0
10677,0
10678,0
10679,0
10680,5
10681,8
10682,1
10683,4
10684,1
10685,3
10686,3
10687,3
10688,3
10689,1
10690,1
10691,0
10692,0
10693,0
10694,3
10695,3
10696,0
10697,0
10698,8
10699,1
10700,1
10701,2
10702,8
10703,3
10704,3
10705,4
10706,3
10707,3
10708,3
10709,3
10710,4
10711,1
10712,3
10713,5
10714,2
10715,2
10716,2
10717,0
10718,0
10719,0
10720,0
10721,0
10722,0
10723,0
10724,0
10725,0
10726,1
10727,0
10728,2
10729,5
10730,1
10731,2
10732,2
10733,5
10734,0
10735,0
10736,2
10737,3
10738,8
10739,9
10740,8
10741,8
10742,2
10743,4
10744,1
10745,5
10746,8
10747,1
10748,1
10749,1
10750,1
10751,1
10752,1
10753,1
10754,0
10755,1
10756,1
10757,1
10758,4
10759,0
10760,4
10761,1
10762,5
10763,5
10764,5
10765,9
10766,9
10767,5
10768,8
10769,1
10770,1
10771,4
10772,3
10773,3
10774,4
10775,1
10776,1
10777,1
10778,2
10779,4
10780,1
10781,8
10782,9
10783,8
10784,2
10785,8
10786,8
10787,8
10788,5
10789,1
10790,1
10791,1
10792,2
10793,3
10794,3
10795,2
10796,9
10797,4
10798,4
10799,1
10800,8
10801,4
10802,1
10803,2
10804,2
10805,9
10806,4
10807,1
10808,2
10809,5
10810,2
10811,8
10812,1
10813,1
10814,4
10815,4
10816,3
10817,9
10818,9
10819,2
10820,1
10821,9
10822,9
10823,3
10824,3
10825,8
10826,0
10827,0
10828,5
10829,5
10830,5
10831,5
10832,5
10833,1
10834,5
10835,2
10836,5
10837,5
10838,3
10839,2
10840,1
10841,8
10842,0
10843,0
10844,5
10845,5
10846,5
10847,2
10848,9
10849,4
10850,0
10851,0
10852,3
10853,0
10854,0
10855,1
10856,1
10857,2
10858,2
10859,1
10860,0
10861,8
10862,8
10863,2
10864,4
10865,2
10866,4
10867,8
10868,3
10869,5
10870,3
10871,4
10872,8
10873,8
10874,2
10875,5
10876,0
10877,3
10878,1
10879,5
10880,1
10881,5
10882,2
10883,0
10884,0
10885,0
10886,1
10887,3
10888,1
10889,2
10890,2
10891,5
10892,2
10893,1
10894,9
10895,9
10896,5
10897,3
10898,3
10899,1
10900,1
10901,1
10902,2
10903,1
10904,1
10905,1
10906,4
10907,3
10908,8
10909,0
10910,9
10911,8
10912,9
10913,8
10914,8
10915,0
10916,0
10917,2
10918,1
10919,5
10920,1
10921,1
10922,1
10923,5
10924,4
10925,4
10926,5
10927,4
10928,2
10929,4
10930,1
10931,1
10932,2
10933,5
10934,2
10935,9
10936,1
10937,2
10938,1
10939,1
10940,1
10941,5
10942,1
10943,2
10944,2
10945,2
10946,1
10947,1
10948,1
10949,1
10950,2
10951,2
10952,2
10953,5
10954,5
10955,2
10956,1
10957,1
10958,1
10959,4
10960,5
10961,5
10962,1
10963,3
10964,3
10965,3
10966,4
10967,1
10968,1
10969,4
10970,4
10971,0
10972,0
10973,0
10974,8
10975,9
10976,2
10977,8
10978,9
10979,2
10980,2
10981,4
10982,4
10983,2
10984,8
10985,8
10986,8
10987,8
10988,8
10989,8
10990,8
10991,8
10992,8
10993,8
10994,2
10995,2
10996,8
10997,8
10998,1
10999,3
11000,8
11001,4
11002,9
11003,1
11004,1
11005,4
11006,2
11007,4
11008,8
11009,1
11010,1
11011,0
11012,9
11013,9
11014,9
11015,4
11016,4
11017,8
11018,9
11019,1
11020,3
11021,9
11022,0
11023,2
11024,2
11025,0
11026,0
11027,4
11028,4
11029,1
11030,0
11031,0
11032,9
11033,0
11034,0
11035,2
11036,8
11037,9
11038,4
11039,2
11040,2
11041,9
11042,9
11043,9
11044,2
11045,2
11046,9
11047,2
11048,1
11049,3
11050,1
11051,4
11052,9
11053,4
11054,2
11055,1
11056,4
11057,0
11058,0
11059,1
11060,1
11061,1
11062,1
11063,1
11064,1
11065,4
11066,1
11067,9
11068,1
11069,4
11070,1
11071,5
11072,2
11073,1
11074,3
11075,1
11076,1
11077,1
11078,2
11079,8
11080,4
11081,9
11082,9
11083,1
11084,1
11085,5
11086,4
11087,2
11088,3
11089,0
11090,5
11091,0
11092,0
11093,9
11094,9
11095,3
11096,5
11097,0
11098,3
11099,0
11100,3
11101,0
11102,0
11103,2
11104,5
11105,9
11106,3
11107,2
11108,5
11109,0
11110,0
11111,0
11112,0
11113,0
11114,0
11115,9
11116,0
11117,0
11118,1
11119,1
11120,5
11121,1
11122,1
11123,1
11124,1
11125,1
11126,5
11127,9
11128,2
11129,5
11130,5
11131,3
11132,9
11133,0
11134,5
11135,1
11136,5
11137,4
11138,8
11139,5
11140,5
11141,8
11142,8
11143,8
11144,1
11145,8
11146,5
11147,8
11148,3
11149,8
11150,1
11151,2
11152,5
11153,4
11154,9
11155,9
11156,9
11157,9
11158,9
11159,9
11160,5
11161,1
11162,2
11163,1
11164,4
11165,1
11166,4
11167,1
11168,4
11169,5
11170,2
11171,2
11172,2
11173,2
11174,5
11175,4
11176,1
11177,1
11178,0
11179,1
11180,1
11181,2
11182,5
11183,1
11184,5
11185,9
11186,2
11187,1
11188,4
11189,1
11190,1
11191,4
11192,4
11193,5
11194,5
11195,5
11196,5
11197,5
11198,5
11199,5
11200,5
11201,2
11202,5
11203,1
11204,1
11205,8
11206,5
11207,1
11208,0
11209,0
11210,5
11211,5
11212,0
11213,0
11214,2
11215,4
11216,1
11217,1
11218,1
11219,2
11220,5
11221,2
11222,2
11223,1
11224,2
11225,1
11226,5
11227,4
11228,5
11229,4
11230,2
11231,1
11232,9
11233,4
11234,2
11235,1
11236,2
11237,2
11238,5
11239,1
11240,8
11241,8
11242,5
11243,5
11244,5
11245,5
11246,1
11247,4
11248,5
11249,5
11250,1
11251,1
11252,1
11253,1
11254,1
11255,1
11256,1
11257,5
11258,8
11259,8
11260,4
11261,8
11262,4
11263,1
11264,4
11265,5
11266,5
11267,8
11268,3
11269,1
11270,8
11271,9
11272,4
11273,3
11274,3
11275,4
11276,2
11277,1
11278,1
11279,5
11280,5
11281,9
11282,3
11283,5
11284,8
11285,2
11286,1
11287,4
11288,2
11289,4
11290,1
11291,1
11292,3
11293,3
11294,3
11295,3
11296,4
11297,3
11298,3
11299,2
11300,2
11301,8
11302,1
11303,4
11304,3
11305,3
11306,3
11307,9
11308,1
11309,1
11310,5
11311,1
11312,2
11313,5
11314,2
11315,5
11316,5
11317,2
11318,5
11319,4
11320,9
11321,4
11322,9
11323,4
11324,4
11325,1
11326,2
11327,2
11328,3
11329,5
11330,1
11331,1
11332,1
11333,5
11334,1
11335,2
11336,4
11337,9
11338,5
11339,5
11340,1
11341,9
11342,9
11343,9
11344,9
11345,4
11346,2
11347,2
11348,2
11349,8
11350,1
11351,1
11352,8
11353,8
11354,1
11355,3
11356,3
11357,2
11358,4
11359,4
11360,2
11361,1
11362,1
11363,9
11364,1
11365,1
11366,5
11367,5
11368,1
11369,5
11370,1
11371,2
11372,2
11373,2
11374,8
11375,3
11376,1
11377,1
11378,1
11379,0
11380,0
11381,2
11382,5
11383,5
11384,0
11385,4
11386,1
11387,1
11388,1
11389,8
11390,2
11391,1
11392,1
11393,1
11394,1
11395,1
11396,1
11397,0
11398,4
11399,3
11400,1
11401,1
11402,1
11403,1
11404,1
11405,4
11406,4
11407,2
11408,1
11409,5
11410,9
11411,5
11412,1
11413,1
11414,3
11415,1
11416,8
11417,8
11418,8
11419,1
11420,1
11421,1
11422,5
11423,8
11424,8
11425,8
11426,8
11427,8
11428,8
11429,8
11430,8
11431,8
11432,4
11433,4
11434,4
11435,5
11436,3
11437,3
11438,1
11439,2
11440,2
11441,2
11442,3
11443,4
11444,2
11445,3
11446,9
11447,8
11448,8
11449,8
11450,1
11451,3
11452,1
11453,3
11454,1
11455,1
11456,8
11457,5
11458,5
11459,5
11460,5
11461,1
11462,2
11463,1
11464,1
11465,1
11466,2
11467,2
11468,2
11469,2
11470,8
11471,8
11472,8
11473,1
11474,8
11475,8
11476,4
11477,1
11478,1
11479,1
11480,1
11481,5
11482,1
11483,5
11484,0
11485,3
11486,1
11487,4
11488,8
11489,5
11490,4
11491,3
11492,8
11493,8
11494,8
11495,4
11496,3
11497,3
11498,3
11499,2
11500,0
11501,3
11502,3
11503,4
11504,3
11505,3
11506,4
11507,4
11508,2
11509,5
11510,2
11511,4
11512,2
11513,2
11514,2
11515,0
11516,5
11517,5
11518,1
11519,3
11520,1
11521,9
11522,1
11523,9
11524,5
11525,4
11526,4
11527,1
11528,3
11529,3
11530,2
11531,2
11532,4
11533,8
11534,1
11535,1
11536,1
11537,9
11538,8
11539,3
11540,3
11541,3
11542,3
11543,5
11544,3
11545,5
11546,5
11547,3
11548,1
11549,4
11550,5
11551,5
11552,5
11553,8
11554,5
11555,8
11556,5
11557,1
11558,4
11559,1
11560,5
11561,3
11562,4
11563,2
11564,3
11565,3
11566,3
11567,4
11568,3
11569,1
11570,4
11571,1
11572,5
11573,3
11574,2
11575,5
11576,3
11577,3
11578,8
11579,8
11580,8
11581,4
11582,4
11583,3
11584,5
11585,5
11586,0
11587,3
11588,2
11589,9
11590,5
11591,2
11592,2
11593,2
11594,5
11595,5
11596,3
11597,2
11598,5
11599,9
11600,8
11601,1
11602,4
11603,1
11604,2
11605,1
11606,1
11607,1
11608,3
11609,1
11610,3
11611,3
11612,2
11613,2
11614,4
11615,0
11616,4
11617,2
11618,9
11619,9
11620,1
11621,2
11622,1
11623,2
11624,9
11625,2
11626,3
11627,0
11628,2
11629,2
11630,0
11631,3
11632,1
11633,5
11634,2
11635,5
11636,4
11637,4
11638,2
11639,5
11640,3
11641,9
11642,9
11643,4
11644,9
11645,3
11646,2
11647,5
11648,9
11649,5
11650,2
11651,4
11652,1
11653,1
11654,8
11655,5
11656,5
11657,5
11658,3
11659,1
11660,1
11661,0
11662,2
11663,4
11664,1
11665,1
11666,1
11667,5
11668,0
11669,5
11670,5
11671,5
11672,5
11673,5
11674,5
11675,5
11676,8
11677,5
11678,8
11679,4
11680,4
11681,1
11682,1
11683,8
11684,1
11685,1
11686,1
11687,1
11688,1
11689,1
11690,1
11691,1
11692,3
11693,3
11694,3
11695,4
11696,0
11697,0
11698,1
11699,2
11700,2
11701,8
11702,1
11703,8
11704,2
11705,5
11706,2
11707,2
11708,3
11709,5
11710,4
11711,8
11712,8
11713,9
11714,1
11715,4
11716,4
11717,0
11718,8
11719,3
11720,8
11721,9
11722,1
11723,2
11724,3
11725,3
11726,2
11727,8
11728,4
11729,3
11730,4
11731,2
11732,3
11733,5
11734,4
11735,0
11736,4
11737,4
11738,3
11739,8
11740,2
11741,2
11742,9
11743,9
11744,1
11745,1
11746,1
11747,1
11748,2
11749,8
11750,8
11751,8
11752,2
11753,2
11754,2
11755,8
11756,1
11757,8
11758,2
11759,2
11760,1
11761,4
11762,1
11763,1
11764,1
11765,2
11766,1
11767,1
11768,1
11769,4
11770,1
11771,1
11772,1
11773,1
11774,1
11775,1
11776,1
11777,1
11778,3
11779,1
11780,2
11781,0
11782,5
11783,3
11784,4
11785,1
11786,5
11787,5
11788,5
11789,0
11790,0
11791,3
11792,8
11793,8
11794,8
11795,8
11796,5
11797,3
11798,1
11799,1
11800,2
11801,1
11802,5
11803,5
11804,5
11805,5
11806,5
11807,1
11808,4
11809,4
11810,9
11811,1
11812,2
11813,5
11814,3
11815,3
11816,3
11817,0
11818,0
11819,5
11820,2
11821,2
11822,1
11823,5
11824,4
11825,3
11826,5
11827,2
11828,2
11829,5
11830,8
11831,4
11832,8
11833,8
11834,5
11835,0
11836,1
11837,1
11838,8
11839,1
11840,8
11841,9
11842,1
11843,5
11844,0
11845,8
11846,8
11847,9
11848,9
11849,9
11850,0
11851,2
11852,9
11853,9
11854,9
11855,1
11856,3
11857,8
11858,8
11859,1
11860,4
11861,8
11862,5
11863,1
11864,5
11865,1
11866,3
11867,1
11868,5
11869,2
11870,2
11871,2
11872,3
11873,1
11874,4
11875,3
11876,1
11877,1
11878,1
11879,2
11880,9
11881,4
11882,5
11883,3
11884,1
11885,2
11886,5
11887,8
11888,4
11889,5
11890,0
11891,5
11892,5
11893,2
11894,5
11895,1
11896,3
11897,3
11898,1
11899,5
11900,1
11901,5
11902,1
11903,2
11904,2
11905,2
11906,2
11907,1
11908,5
11909,1
11910,3
11911,4
11912,3
11913,5
11914,1
11915,4
11916,1
11917,5
11918,5
11919,5
11920,5
11921,1
11922,3
11923,3
11924,4
11925,4
11926,1
11927,1
11928,5
11929,1
11930,1
11931,1
11932,5
11933,4
11934,4
11935,1
11936,5
11937,1
11938,1
11939,5
11940,1
11941,1
11942,9
11943,3
11944,5
11945,4
11946,5
11947,5
11948,5
11949,0
11950,2
11951,2
11952,8
11953,8
11954,8
11955,4
11956,2
11957,2
11958,1
11959,1
11960,1
11961,1
11962,5
11963,8
11964,2
11965,1
11966,8
11967,8
11968,5
11969,8
11970,3
11971,4
11972,3
11973,8
11974,5
11975,9
11976,2
11977,5
11978,5
11979,1
11980,1
11981,4
11982,8
11983,4
11984,0
11985,8
11986,8
11987,8
11988,8
11989,2
11990,5
11991,5
11992,5
11993,2
11994,1
11995,3
11996,5
11997,1
11998,8
11999,1
12000,1
12001,1
12002,5
12003,5
12004,4
12005,0
12006,0
12007,4
12008,2
12009,9
12010,0
12011,2
12012,2
12013,2
12014,2
12015,3
12016,4
12017,2
12018,2
12019,2
12020,1
12021,4
12022,1
12023,1
12024,2
12025,1
12026,8
12027,9
12028,5
12029,3
12030,2
12031,9
12032,8
12033,8
12034,1
12035,1
12036,4
12037,2
12038,5
12039,1
12040,1
12041,3
12042,5
12043,3
12044,8
12045,5
12046,5
12047,2
12048,3
12049,1
12050,1
12051,1
12052,1
12053,5
12054,1
12055,1
12056,8
12057,4
12058,3
12059,1
12060,9
12061,4
12062,1
12063,4
12064,9
12065,8
12066,8
12067,1
12068,2
12069,8
12070,9
12071,9
12072,5
12073,5
12074,3
12075,5
12076,2
12077,5
12078,5
12079,4
12080,2
12081,3
12082,4
12083,2
12084,4
12085,2
12086,2
12087,2
12088,2
12089,5
12090,4
12091,1
12092,4
12093,1
12094,1
12095,1
12096,1
12097,1
12098,2
12099,0
12100,4
12101,9
12102,4
12103,5
12104,5
12105,5
12106,5
12107,5
12108,5
12109,5
12110,5
12111,3
12112,4
12113,3
12114,1
12115,3
12116,3
12117,3
12118,5
12119,4
12120,1
12121,4
12122,4
12123,5
12124,3
12125,3
12126,4
12127,3
12128,2
12129,5
12130,5
12131,4
12132,5
12133,3
12134,4
12135,3
12136,4
12137,1
12138,2
12139,4
12140,2
12141,2
12142,1
12143,8
12144,8
12145,5
12146,1
12147,1
12148,3
12149,9
12150,3
12151,3
12152,2
12153,5
12154,5
12155,5
12156,5
12157,5
12158,3
12159,3
12160,5
12161,5
12162,3
12163,5
12164,2
12165,5
12166,5
12167,5
12168,2
12169,5
12170,5
12171,5
12172,1
12173,3
12174,3
12175,2
12176,5
12177,1
12178,0
12179,2
12180,2
12181,1
12182,1
12183,4
12184,3
12185,3
12186,4
12187,4
12188,3
12189,4
12190,3
12191,3
12192,3
12193,3
12194,2
12195,2
12196,1
12197,2
12198,2
12199,3
12200,1
12201,4
12202,9
12203,5
12204,5
12205,1
12206,5
12207,5
12208,5
12209,5
12210,2
12211,5
12212,5
12213,2
12214,5
12215,5
12216,8
12217,4
12218,5
12219,2
12220,3
12221,2
12222,1
12223,5
12224,4
12225,5
12226,3
12227,5
12228,3
12229,2
12230,3
12231,5
12232,2
12233,9
12234,5
12235,5
12236,3
12237,3
12238,0
12239,2
12240,3
12241,3
12242,3
12243,9
12244,5
12245,2
12246,1
12247,5
12248,2
12249,9
12250,9
12251,9
12252,5
12253,9
12254,3
12255,5
12256,3
12257,5
12258,5
12259,5
12260,2
12261,9
12262,9
12263,3
12264,4
12265,4
12266,5
12267,5
12268,5
12269,5
12270,5
12271,3
12272,3
12273,3
12274,5
12275,5
12276,5
12277,5
12278,5
12279,9
12280,4
12281,1
12282,4
12283,1
12284,2
12285,2
12286,9
12287,2
12288,9
12289,9
12290,9
12291,2
12292,4
12293,2
12294,3
12295,1
12296,1
12297,2
12298,5
12299,5
12300,4
12301,4
12302,5
12303,3
12304,4
12305,5
12306,2
12307,0
12308,2
12309,3
12310,5
12311,4
12312,2
12313,3
12314,1
12315,2
12316,9
12317,5
12318,1
12319,1
12320,3
12321,2
12322,3
12323,3
12324,1
12325,3
12326,3
12327,5
12328,5
12329,5
12330,1
12331,4
12332,2
12333,2
12334,5
12335,2
12336,3
12337,5
12338,9
12339,5
12340,9
12341,3
12342,0
12343,0
12344,5
12345,2
12346,3
12347,2
12348,2
12349,8
12350,8
12351,5
12352,2
12353,4
12354,3
12355,3
12356,1
12357,8
12358,3
12359,1
12360,5
12361,5
12362,8
12363,3
12364,1
12365,9
12366,9
12367,5
12368,5
12369,5
12370,1
12371,1
12372,1
12373,0
12374,2
12375,1
12376,0
12377,1
12378,1
12379,3
12380,1
12381,1
12382,1
12383,9
12384,1
12385,4
12386,5
12387,1
12388,1
12389,1
12390,5
12391,5
12392,1
12393,5
12394,9
12395,5
12396,1
12397,0
12398,0
12399,9
12400,0
12401,2
12402,0
12403,2
12404,0
12405,0
12406,9
12407,1
12408,5
12409,0
12410,5
12411,0
12412,3
12413,0
12414,0
12415,3
12416,0
12417,0
12418,0
12419,5
12420,5
12421,5
12422,5
12423,0
12424,0
12425,2
12426,1
12427,4
12428,2
12429,4
12430,4
12431,4
12432,4
12433,5
12434,9
12435,3
12436,2
12437,9
12438,5
12439,2
12440,3
12441,2
12442,2
12443,5
12444,4
12445,4
12446,4
12447,8
12448,1
12449,4
12450,0
12451,4
12452,1
12453,4
12454,1
12455,1
12456,1
12457,1
12458,1
12459,4
12460,9
12461,4
12462,5
12463,8
12464,8
12465,8
12466,8
12467,8
12468,8
12469,8
12470,8
12471,9
12472,9
12473,0
12474,0
12475,4
12476,9
12477,9
12478,2
12479,9
12480,2
12481,1
12482,2
12483,8
12484,5
12485,3
12486,1
12487,4
12488,4
12489,1
12490,4
12491,1
12492,1
12493,1
12494,9
12495,2
12496,4
12497,4
12498,4
12499,3
12500,1
12501,3
12502,2
12503,2
12504,0
12505,0
12506,2
12507,2
12508,1
12509,2
12510,5
12511,1
12512,5
12513,5
12514,5
12515,5
12516,2
12517,3
12518,5
12519,0
12520,4
12521,4
12522,4
12523,4
12524,9
12525,4
12526,4
12527,0
12528,4
12529,2
12530,2
12531,2
12532,4
12533,5
12534,3
12535,1
12536,0
12537,2
12538,3
12539,3
12540,2
12541,2
12542,2
12543,2
12544,2
12545,8
12546,3
12547,2
12548,1
12549,1
12550,2
12551,3
12552,1
12553,5
12554,2
12555,5
12556,2
12557,5
12558,3
12559,1
12560,5
12561,3
12562,5
12563,2
12564,5
12565,5
12566,5
12567,2
12568,2
12569,3
12570,2
12571,0
12572,0
12573,9
12574,2
12575,2
12576,5
12577,1
12578,1
12579,0
12580,2
12581,9
12582,9
12583,1
12584,1
12585,1
12586,9
12587,9
12588,0
12589,9
12590,9
12591,9
12592,5
12593,5
12594,1
12595,4
12596,5
12597,2
12598,1
12599,5
12600,3
12601,3
12602,4
12603,0
12604,1
12605,1
12606,8
12607,1
12608,3
12609,3
12610,2
12611,1
12612,4
12613,4
12614,1
12615,5
12616,8
12617,8
12618,2
12619,2
12620,2
12621,2
12622,2
12623,4
12624,4
12625,1
12626,9
12627,2
12628,4
12629,5
12630,9
12631,9
12632,5
12633,5
12634,5
12635,8
12636,3
12637,3
12638,3
12639,3
12640,3
12641,0
12642,0
12643,2
12644,5
12645,5
12646,0
12647,5
12648,8
12649,4
12650,0
12651,5
12652,4
12653,0
12654,2
12655,2
12656,3
12657,4
12658,5
12659,8
12660,4
12661,1
12662,4
12663,1
12664,0
12665,3
12666,4
12667,0
12668,3
12669,1
12670,1
12671,5
12672,8
12673,8
12674,4
12675,4
12676,3
12677,0
12678,0
12679,3
12680,3
12681,2
12682,2
12683,1
12684,3
12685,4
12686,3
12687,4
12688,4
12689,0
12690,4
12691,2
12692,0
12693,1
12694,1
12695,3
12696,2
12697,2
12698,2
12699,2
12700,2
12701,2
12702,5
12703,3
12704,5
12705,9
12706,9
12707,9
12708,2
12709,1
12710,8
12711,8
12712,4
12713,9
12714,2
12715,2
12716,2
12717,2
12718,5
12719,3
12720,0
12721,4
12722,3
12723,3
12724,2
12725,2
12726,9
12727,2
12728,2
12729,5
12730,2
12731,2
12732,5
12733,2
12734,5
12735,2
12736,0
12737,3
12738,2
12739,5
12740,2
12741,3
12742,3
12743,3
12744,5
12745,8
12746,3
12747,3
12748,2
12749,2
12750,2
12751,2
12752,2
12753,2
12754,5
12755,2
12756,2
12757,3
12758,8
12759,2
12760,0
12761,3
12762,4
12763,5
12764,5
12765,4
12766,8
12767,1
12768,2
12769,3
12770,8
12771,8
12772,8
12773,8
12774,0
12775,3
12776,3
12777,3
12778,5
12779,2
12780,1
12781,1
12782,8
12783,5
12784,5
12785,4
12786,0
12787,2
12788,5
12789,1
12790,1
12791,1
12792,1
12793,2
12794,0
12795,3
12796,2
12797,2
12798,3
12799,3
12800,0
12801,0
12802,5
12803,3
12804,3
12805,2
12806,3
12807,3
12808,3
12809,3
12810,2
12811,3
12812,2
12813,5
12814,2
12815,2
12816,5
12817,8
12818,9
12819,2
12820,4
12821,9
12822,1
12823,2
12824,5
12825,0
12826,3
12827,5
12828,2
12829,2
12830,2
12831,9
12832,3
12833,5
12834,5
12835,0
12836,0
12837,4
12838,3
12839,5
12840,1
12841,9
12842,1
12843,2
12844,3
12845,2
12846,4
12847,2
12848,5
12849,2
12850,5
12851,9
12852,1
12853,3
12854,9
12855,5
12856,9
12857,0
12858,3
12859,1
12860,2
12861,9
12862,9
12863,9
12864,9
12865,9
12866,0
12867,8
12868,4
12869,3
12870,4
12871,5
12872,4
12873,1
12874,1
12875,2
12876,8
12877,2
12878,1
12879,8
12880,8
12881,9
12882,9
12883,9
12884,4
12885,1
12886,1
12887,1
12888,8
12889,8
12890,8
12891,1
12892,1
12893,1
12894,1
12895,1
12896,2
12897,5
12898,0
12899,2
12900,0
12901,8
12902,8
12903,8
12904,5
12905,2
12906,4
12907,2
12908,1
12909,5
12910,5
12911,4
12912,4
12913,1
12914,1
12915,3
12916,2
12917,8
12918,5
12919,2
12920,8
12921,7
12922,1
12923,4
12924,1
12925,4
12926,0
12927,4
12928,3
12929,2
12930,3
12931,2
12932,0
12933,3
12934,0
12935,0
12936,0
12937,0
12938,3
12939,0
12940,0
12941,9
12942,9
12943,0
12944,0
12945,8
12946,0
12947,8
12948,3
12949,8
12950,8
12951,1
12952,8
12953,1
12954,1
12955,0
12956,1
12957,1
12958,3
12959,3
12960,4
12961,4
12962,3
12963,1
12964,8
12965,8
12966,8
12967,9
12968,2
12969,1
12970,1
12971,1
12972,1
12973,1
12974,3
12975,5
12976,5
12977,5
12978,3
12979,8
12980,1
12981,8
12982,5
12983,8
12984,3
12985,2
12986,9
12987,5
12988,8
12989,2
12990,2
12991,2
12992,9
12993,2
12994,1
12995,5
12996,2
12997,5
12998,5
12999,1
13000,1
13001,4
13002,9
13003,4
13004,1
13005,5
13006,5
13007,5
13008,8
13009,1
13010,1
13011,2
13012,5
13013,5
13014,5
13015,9
13016,8
13017,8
13018,8
13019,1
13020,5
13021,5
13022,5
13023,5
13024,1
13025,5
13026,1
13027,2
13028,0
13029,0
13030,2
13031,2
13032,1
13033,1
13034,8
13035,1
13036,1
13037,1
13038,1
13039,1
13040,1
13041,0
13042,4
13043,2
13044,1
13045,0
13046,3
13047,3
13048,1
13049,8
13050,1
13051,1
13052,8
13053,2
13054,1
13055,5
13056,5
13057,5
13058,1
13059,8
13060,1
13061,2
13062,1
13063,9
13064,5
13065,8
13066,8
13067,2
13068,3
13069,4
13070,1
13071,1
13072,1
13073,2
13074,5
13075,9
13076,9
13077,2
13078,3
13079,8
13080,2
13081,1
13082,8
13083,8
13084,8
13085,1
13086,9
13087,0
13088,9
13089,0
13090,0
13091,0
13092,0
13093,0
13094,1
13095,2
13096,5
13097,2
13098,2
13099,4
13100,2
13101,1
13102,1
13103,5
13104,8
13105,5
13106,2
13107,3
13108,4
13109,2
13110,5
13111,2
13112,5
13113,5
13114,1
13115,2
13116,9
13117,2
13118,5
13119,5
13120,1
13121,2
13122,2
13123,2
13124,5
13125,5
13126,1
13127,4
13128,4
13129,5
13130,8
13131,5
13132,4
13133,5
13134,5
13135,1
13136,2
13137,4
13138,1
13139,9
13140,2
13141,2
13142,5
13143,2
13144,3
13145,5
13146,2
13147,3
13148,1
13149,1
13150,5
13151,2
13152,5
13153,1
13154,1
13155,2
13156,3
13157,2
13158,2
13159,5
13160,1
13161,1
13162,2
13163,2
13164,2
13165,9
13166,0
13167,5
13168,0
13169,2
13170,5
13171,0
13172,2
13173,8
13174,8
13175,0
13176,2
13177,8
13178,2
13179,2
13180,1
13181,4
13182,4
13183,1
13184,4
13185,3
13186,1
13187,1
13188,1
13189,1
13190,1
13191,1
13192,1
13193,0
13194,1
13195,5
13196,0
13197,1
13198,5
13199,2
13200,9
13201,2
13202,2
13203,1
13204,1
13205,1
13206,3
13207,1
13208,4
13209,4
13210,4
13211,1
13212,5
13213,1
13214,1
13215,1
13216,1
13217,8
13218,1
13219,1
13220,5
13221,1
13222,1
13223,2
13224,2
13225,2
13226,2
13227,3
13228,1
13229,0
13230,1
13231,1
13232,1
13233,1
13234,1
13235,1
13236,8
13237,4
13238,8
13239,9
13240,2
13241,3
13242,2
13243,8
13244,2
13245,9
13246,9
13247,9
13248,0
13249,9
13250,9
13251,9
13252,5
13253,9
13254,9
13255,5
13256,5
13257,5
13258,5
13259,2
13260,2
13261,2
13262,1
13263,0
13264,0
13265,2
13266,0
13267,2
13268,3
13269,8
13270,4
13271,5
13272,1
13273,2
13274,5
13275,5
13276,5
13277,2
13278,4
13279,4
13280,9
13281,9
13282,9
13283,4
13284,1
13285,0
13286,0
13287,0
13288,1
13289,1
13290,1
13291,1
13292,4
13293,4
13294,5
13295,4
13296,3
13297,4
13298,5
13299,5
13300,4
13301,4
13302,4
13303,1
13304,5
13305,5
13306,9
13307,5
13308,4
13309,4
13310,1
13311,2
13312,8
13313,4
13314,1
13315,8
13316,8
13317,1
13318,2
13319,2
13320,0
13321,4
13322,2
13323,2
13324,0
13325,1
13326,3
13327,5
13328,2
13329,1
13330,8
13331,5
13332,1
13333,1
13334,8
13335,8
13336,0
13337,1
13338,4
13339,9
13340,9
13341,9
13342,9
13343,4
13344,4
13345,4
13346,4
13347,4
13348,1
13349,1
13350,8
13351,5
13352,2
13353,2
13354,5
13355,4
13356,0
13357,4
13358,3
13359,1
13360,2
13361,4
13362,9
13363,4
13364,1
13365,4
13366,4
13367,1
13368,1
13369,0
13370,1
13371,1
13372,1
13373,1
13374,1
13375,2
13376,0
13377,4
13378,1
13379,5
13380,8
13381,0
13382,1
13383,1
13384,0
13385,1
13386,1
13387,9
13388,3
13389,1
13390,5
13391,1
13392,5
13393,5
13394,8
13395,5
13396,5
13397,5
13398,1
13399,1
13400,1
13401,1
13402,5
13403,8
13404,1
13405,2
13406,1
13407,1
13408,4
13409,2
13410,1
13411,8
13412,2
13413,2
13414,5
13415,2
13416,2
13417,1
13418,5
13419,8
13420,1
13421,1
13422,2
13423,5
13424,2
13425,4
13426,5
13427,1
13428,1
13429,2
13430,2
13431,1
13432,8
13433,9
13434,1
13435,3
13436,9
13437,1
13438,9
13439,9
13440,8
13441,8
13442,8
13443,8
13444,8
13445,8
13446,8
13447,8
13448,8
13449,5
13450,2
13451,1
13452,1
13453,4
13454,5
13455,3
13456,3
13457,8
13458,8
13459,0
13460,4
13461,5
13462,4
13463,4
13464,4
13465,0
13466,5
13467,5
13468,5
13469,1
13470,4
13471,5
13472,4
13473,4
13474,2
13475,4
13476,8
13477,4
13478,5
13479,4
13480,4
13481,4
13482,5
13483,1
13484,1
13485,3
13486,1
13487,9
13488,9
13489,9
13490,9
13491,9
13492,2
13493,8
13494,8
13495,1
13496,1
13497,1
13498,1
13499,1
13500,1
13501,0
13502,0
13503,1
13504,8
13505,4
13506,1
13507,2
13508,4
13509,3
13510,4
13511,3
13512,4
13513,9
13514,2
13515,3
13516,4
13517,1
13518,8
13519,8
13520,1
13521,1
13522,2
13523,3
13524,1
13525,4
13526,1
13527,1
13528,0
13529,0
13530,9
13531,5
13532,5
13533,8
13534,0
13535,3
13536,1
13537,2
13538,1
13539,1
13540,4
13541,8
13542,1
13543,0
13544,2
13545,5
13546,3
13547,5
13548,8
13549,9
13550,2
13551,2
13552,5
13553,5
13554,3
13555,3
13556,5
13557,4
13558,7
13559,1
13560,0
13561,3
13562,5
13563,5
13564,3
13565,0
13566,1
13567,1
13568,1
13569,1
13570,2
13571,1
13572,2
13573,3
13574,1
13575,7
13576,5
13577,5
13578,5
13579,3
13580,1
13581,9
13582,4
13583,5
13584,8
13585,1
13586,8
13587,5
13588,2
13589,1
13590,0
13591,0
13592,0
13593,0
13594,1
13595,9
13596,1
13597,9
13598,1
13599,3
13600,2
13601,1
13602,5
13603,1
13604,9
13605,1
13606,2
13607,5
13608,2
13609,0
13610,0
13611,0
13612,0
13613,7
13614,3
13615,4
13616,2
13617,9
13618,5
13619,1
13620,9
13621,7
13622,2
13623,9
13624,9
13625,9
13626,9
13627,2
13628,2
13629,1
13630,1
13631,7
13632,2
13633,9
13634,2
13635,9
13636,2
13637,9
13638,4
13639,5
13640,5
13641,5
13642,1
13643,0
13644,4
13645,1
13646,5
13647,5
13648,1
13649,1
13650,5
13651,5
13652,1
13653,1
13654,4
13655,0
13656,1
13657,1
13658,8
13659,4
13660,4
13661,4
13662,1
13663,1
13664,0
13665,4
13666,4
13667,1
13668,1
13669,0
13670,5
13671,1
13672,3
13673,5
13674,8
13675,4
13676,4
13677,4
13678,4
13679,1
13680,4
13681,4
13682,5
13683,5
13684,5
13685,3
13686,2
13687,0
13688,5
13689,5
13690,5
13691,5
13692,8
13693,5
13694,5
13695,2
13696,1
13697,2
13698,2
13699,8
13700,4
13701,3
13702,4
13703,1
13704,1
13705,1
13706,7
13707,2
13708,5
13709,3
13710,3
13711,3
13712,3
13713,4
13714,5
13715,1
13716,1
13717,2
13718,5
13719,5
13720,9
13721,5
13722,5
13723,5
13724,8
13725,1
13726,1
13727,9
13728,9
13729,9
13730,9
13731,9
13732,9
13733,4
13734,3
13735,3
13736,5
13737,1
13738,3
13739,5
13740,8
13741,4
13742,4
13743,4
13744,5
13745,3
13746,0
13747,2
13748,4
13749,4
13750,2
13751,3
13752,5
13753,5
13754,3
13755,1
13756,0
13757,0
13758,4
13759,4
13760,4
13761,0
13762,4
13763,3
13764,3
13765,3
13766,3
13767,9
13768,9
13769,9
13770,2
13771,3
13772,4
13773,1
13774,1
13775,2
13776,2
13777,0
13778,4
13779,1
13780,2
13781,1
13782,2
13783,4
13784,5
13785,8
13786,8
13787,2
13788,0
13789,4
13790,1
13791,1
13792,1
13793,0
13794,8
13795,1
13796,1
13797,1
13798,8
13799,8
13800,1
13801,2
13802,5
13803,4
13804,1
13805,4
13806,4
13807,9
13808,5
13809,3
13810,5
13811,5
13812,3
13813,1
13814,9
13815,2
13816,2
13817,9
13818,9
13819,9
13820,2
13821,0
13822,5
13823,2
13824,3
13825,2
13826,5
13827,4
13828,3
13829,2
13830,1
13831,1
13832,1
13833,3
13834,4
13835,4
13836,9
13837,9
13838,4
13839,0
13840,4
13841,5
13842,5
13843,8
13844,8
13845,0
13846,4
13847,0
13848,2
13849,3
13850,0
13851,9
13852,9
13853,9
13854,9
13855,8
13856,2
13857,2
13858,8
13859,8
13860,1
13861,1
13862,1
13863,0
13864,1
13865,1
13866,0
13867,2
13868,1
13869,4
13870,0
13871,0
13872,2
13873,5
13874,2
13875,0
13876,0
13877,1
13878,5
13879,5
13880,1
13881,5
13882,3
13883,1
13884,1
13885,5
13886,1
13887,1
13888,5
13889,5
13890,5
13891,5
13892,1
13893,5
13894,1
13895,0
13896,0
13897,5
13898,3
13899,1
13900,3
13901,1
13902,2
13903,1
13904,1
13905,1
13906,2
13907,0
13908,3
13909,3
13910,0
13911,0
13912,3
13913,0
13914,9
13915,2
13916,0
13917,3
13918,0
13919,0
13920,0
13921,0
13922,0
13923,0
13924,0
13925,0
13926,0
13927,0
13928,0
13929,0
13930,0
13931,0
13932,0
13933,0
13934,5
13935,2
13936,2
13937,2
13938,4
13939,1
13940,4
13941,0
13942,9
13943,4
13944,0
13945,4
13946,1
13947,1
13948,1
13949,5
13950,1
13951,5
13952,0
13953,5
13954,1
13955,1
13956,2
13957,9
13958,1
13959,5
13960,1
13961,1
13962,5
13963,1
13964,9
13965,5
13966,5
13967,4
13968,5
13969,2
13970,1
13971,5
13972,5
13973,5
13974,5
13975,5
13976,5
13977,8
13978,2
13979,1
13980,8
13981,5
13982,4
13983,0
13984,9
13985,3
13986,1
13987,4
13988,1
13989,1
13990,3
13991,1
13992,1
13993,9
13994,3
13995,0
13996,2
13997,2
13998,1
13999,1
14000,1
14001,1
14002,4
14003,1
14004,5
14005,1
14006,2
14007,1
14008,8
14009,8
14010,2
14011,5
14012,3
14013,1
14014,5
14015,0
14016,0
14017,0
14018,2
14019,5
14020,8
14021,8
14022,4
14023,4
14024,8
14025,8
14026,1
14027,5
14028,5
14029,5
14030,2
14031,3
14032,3
14033,5
14034,5
14035,1
14036,9
14037,3
14038,5
14039,8
14040,9
14041,2
14042,5
14043,3
14044,8
14045,8
14046,3
14047,4
14048,5
14049,1
14050,1
14051,5
14052,5
14053,5
14054,1
14055,1
14056,3
14057,8
14058,3
14059,4
14060,5
14061,4
14062,1
14063,4
14064,4
14065,4
14066,4
14067,1
14068,1
14069,1
14070,2
14071,8
14072,5
14073,2
14074,1
14075,4
14076,4
14077,4
14078,4
14079,4
14080,4
14081,4
14082,2
14083,2
14084,3
14085,0
14086,3
14087,3
14088,3
14089,2
14090,1
14091,5
14092,1
14093,9
14094,9
14095,1
14096,2
14097,5
14098,0
14099,0
14100,4
14101,2
14102,3
14103,1
14104,4
14105,3
14106,1
14107,2
14108,1
14109,8
14110,1
14111,2
14112,0
14113,2
14114,2
14115,1
14116,2
14117,0
14118,1
14119,2
14120,1
14121,4
14122,1
14123,2
14124,1
14125,1
14126,1
14127,2
14128,0
14129,2
14130,1
14131,1
14132,1
14133,1
14134,8
14135,2
14136,2
14137,4
14138,1
14139,2
14140,1
14141,2
14142,3
14143,1
14144,2
14145,1
14146,1
14147,2
14148,1
14149,5
14150,1
14151,1
14152,4
14153,1
14154,1
14155,1
14156,1
14157,2
14158,2
14159,2
14160,4
14161,4
14162,4
14163,4
14164,4
14165,4
14166,1
14167,1
14168,5
14169,1
14170,3
14171,1
14172,2
14173,1
14174,4
14175,4
14176,2
14177,4
14178,8
14179,8
14180,8
14181,8
14182,2
14183,8
14184,2
14185,8
14186,8
14187,1
14188,1
14189,5
14190,5
14191,1
14192,1
14193,5
14194,1
14195,5
14196,5
14197,2
14198,5
14199,5
14200,4
14201,2
14202,9
14203,2
14204,4
14205,8
14206,1
14207,8
14208,8
14209,9
14210,0
14211,8
14212,0
14213,4
14214,8
14215,2
14216,8
14217,5
14218,8
14219,5
14220,1
14221,5
14222,5
14223,5
14224,8
14225,5
14226,2
14227,2
14228,2
14229,5
14230,5
14231,5
14232,2
14233,5
14234,5
14235,1
14236,8
14237,5
14238,5
14239,2
14240,2
14241,5
14242,5
14243,1
14244,8
14245,8
14246,8
14247,0
14248,3
14249,3
14250,1
14251,3
14252,3
14253,8
14254,8
14255,8
14256,8
14257,8
14258,3
14259,1
14260,1
14261,1
14262,1
14263,1
14264,1
14265,8
14266,1
14267,8
14268,8
14269,4
14270,1
14271,9
14272,9
14273,1
14274,3
14275,8
14276,3
14277,0
14278,4
14279,2
14280,4
14281,1
14282,2
14283,4
14284,8
14285,8
14286,8
14287,8
14288,2
14289,0
14290,8
14291,1
14292,4
14293,3
14294,3
14295,3
14296,2
14297,4
14298,2
14299,1
14300,1
14301,1
14302,1
14303,3
14304,1
14305,8
14306,1
14307,1
14308,1
14309,1
14310,8
14311,0
14312,9
14313,0
14314,2
14315,0
14316,1
14317,1
14318,2
14319,4
14320,0
14321,8
14322,1
14323,2
14324,5
14325,4
14326,4
14327,5
14328,2
14329,5
14330,1
14331,1
14332,4
14333,1
14334,1
14335,3
14336,2
14337,3
14338,3
14339,3
14340,3
14341,3
14342,3
14343,3
14344,4
14345,3
14346,3
14347,4
14348,4
14349,1
14350,4
14351,5
14352,1
14353,1
14354,4
14355,4
14356,3
14357,3
14358,2
14359,0
14360,3
14361,9
14362,4
14363,4
14364,1
14365,9
14366,3
14367,3
14368,5
14369,5
14370,5
14371,5
14372,8
14373,3
14374,1
14375,5
14376,8
14377,3
14378,3
14379,8
14380,3
14381,8
14382,4
14383,5
14384,4
14385,5
14386,5
14387,3
14388,8
14389,4
14390,3
14391,3
14392,4
14393,3
14394,2
14395,4
14396,3
14397,9
14398,3
14399,3
14400,4
14401,8
14402,4
14403,1
14404,2
14405,8
14406,3
14407,1
14408,5
14409,5
14410,5
14411,1
14412,1
14413,4
14414,4
14415,3
14416,9
14417,9
14418,4
14419,4
14420,2
14421,2
14422,8
14423,4
14424,5
14425,8
14426,8
14427,2
14428,9
14429,4
14430,3
14431,3
14432,3
14433,9
14434,4
14435,3
14436,4
14437,4
14438,4
14439,4
14440,3
14441,3
14442,3
14443,4
14444,3
14445,3
14446,3
14447,3
14448,2
14449,3
14450,3
14451,4
14452,4
14453,1
14454,9
14455,1
14456,1
14457,1
14458,4
14459,3
14460,1
14461,1
14462,4
14463,2
14464,4
14465,0
14466,3
14467,0
14468,3
14469,1
14470,2
14471,2
14472,2
14473,9
14474,0
14475,3
14476,2
14477,4
14478,4
14479,2
14480,8
14481,8
14482,8
14483,8
14484,8
14485,5
14486,2
14487,2
14488,2
14489,2
14490,4
14491,4
14492,2
14493,2
14494,4
14495,4
14496,2
14497,3
14498,3
14499,5
14500,2
14501,8
14502,4
14503,4
14504,8
14505,8
14506,8
14507,3
14508,1
14509,1
14510,4
14511,1
14512,4
14513,3
14514,8
14515,9
14516,9
14517,9
14518,9
14519,9
14520,9
14521,2
14522,8
14523,1
14524,1
14525,5
14526,5
14527,5
14528,1
14529,1
14530,8
14531,4
14532,1
14533,4
14534,8
14535,9
14536,1
14537,9
14538,1
14539,1
14540,8
14541,9
14542,1
14543,5
14544,4
14545,1
14546,2
14547,2
14548,3
14549,4
14550,1
14551,3
14552,4
14553,5
14554,2
14555,4
14556,3
14557,3
14558,2
14559,3
14560,4
14561,4
14562,1
14563,1
14564,3
14565,3
14566,8
14567,4
14568,3
14569,2
14570,2
14571,2
14572,3
14573,1
14574,3
14575,1
14576,3
14577,3
14578,3
14579,1
14580,5
14581,4
14582,3
14583,1
14584,1
14585,1
14586,5
14587,1
14588,5
14589,8
14590,8
14591,8
14592,8
14593,8
14594,5
14595,5
14596,5
14597,5
14598,1
14599,4
14600,1
14601,5
14602,5
14603,1
14604,3
14605,1
14606,1
14607,8
14608,9
14609,0
14610,8
14611,2
14612,2
14613,1
14614,8
14615,1
14616,1
14617,3
14618,9
14619,0
14620,2
14621,2
14622,0
14623,0
14624,0
14625,0
14626,8
14627,1
14628,1
14629,8
14630,1
14631,2
14632,2
14633,3
14634,1
14635,1
14636,8
14637,1
14638,1
14639,2
14640,1
14641,1
14642,1
14643,0
14644,4
14645,4
14646,3
14647,4
14648,1
14649,1
14650,1
14651,1
14652,9
14653,9
14654,0
14655,0
14656,2
14657,2
14658,1
14659,1
14660,8
14661,1
14662,8
14663,1
14664,0
14665,5
14666,1
14667,5
14668,1
14669,1
14670,4
14671,9
14672,9
14673,0
14674,0
14675,1
14676,1
14677,8
14678,8
14679,1
14680,5
14681,1
14682,1
14683,2
14684,2
14685,8
14686,1
14687,1
14688,4
14689,1
14690,1
14691,2
14692,4
14693,2
14694,4
14695,4
14696,4
14697,4
14698,4
14699,9
14700,4
14701,8
14702,8
14703,8
14704,1
14705,1
14706,1
14707,4
14708,1
14709,1
14710,1
14711,1
14712,2
14713,4
14714,5
14715,4
14716,2
14717,1
14718,8
14719,0
14720,1
14721,4
14722,4
14723,4
14724,4
14725,4
14726,4
14727,8
14728,8
14729,4
14730,1
14731,8
14732,4
14733,9
14734,4
14735,4
14736,8
14737,9
14738,5
14739,1
14740,8
14741,1
14742,8
14743,4
14744,4
14745,9
14746,3
14747,0
14748,0
14749,1
14750,2
14751,1
14752,9
14753,2
14754,2
14755,8
14756,0
14757,2
14758,1
14759,8
14760,3
14761,4
14762,1
14763,0
14764,3
14765,5
14766,4
14767,0
14768,8
14769,5
14770,3
14771,3
14772,1
14773,1
14774,1
14775,1
14776,1
14777,4
14778,4
14779,4
14780,1
14781,8
14782,1
14783,8
14784,1
14785,3
14786,2
14787,5
14788,9
14789,0
14790,8
14791,2
14792,2
14793,9
14794,9
14795,2
14796,5
14797,5
14798,8
14799,8
14800,8
14801,8
14802,2
14803,4
14804,4
14805,4
14806,4
14807,4
14808,1
14809,2
14810,4
14811,0
14812,1
14813,1
14814,3
14815,3
14816,1
14817,5
14818,9
14819,5
14820,2
14821,5
14822,2
14823,4
14824,3
14825,3
14826,8
14827,1
14828,0
14829,2
14830,8
14831,9
14832,1
14833,1
14834,4
14835,9
14836,9
14837,2
14838,1
14839,1
14840,1
14841,1
14842,1
14843,1
14844,1
14845,8
14846,8
14847,8
