sample_id,cluster
0,3
1,5
2,3
3,3
4,3
5,0
6,5
7,2
8,5
9,2
10,1
11,1
12,1
13,3
14,3
15,1
16,5
17,1
18,0
19,0
20,5
21,2
22,5
23,2
24,0
25,2
26,0
27,0
28,5
29,0
30,0
31,3
32,0
33,3
34,0
35,3
36,3
37,2
38,0
39,0
40,0
41,5
42,2
43,2
44,5
45,5
46,0
47,5
48,1
49,5
50,5
51,5
52,0
53,5
54,3
55,3
56,3
57,3
58,0
59,0
60,0
61,0
62,1
63,3
64,1
65,3
66,3
67,0
68,0
69,2
70,0
71,3
72,0
73,2
74,0
75,2
76,3
77,2
78,2
79,2
80,0
81,2
82,0
83,2
84,0
85,3
86,0
87,3
88,3
89,3
90,0
91,3
92,0
93,1
94,0
95,3
96,0
97,3
98,2
99,1
100,2
101,5
102,2
103,3
104,0
105,3
106,0
107,5
108,0
109,0
110,0
111,0
112,0
113,5
114,0
115,3
116,0
117,5
118,5
119,0
120,5
121,3
122,0
123,0
124,0
125,1
126,0
127,1
128,3
129,0
130,0
131,1
132,2
133,3
134,0
135,5
136,5
137,0
138,1
139,0
140,1
141,0
142,1
143,2
144,5
145,0
146,3
147,3
148,1
149,3
150,5
151,3
152,5
153,2
154,0
155,2
156,3
157,2
158,2
159,2
160,0
161,5
162,0
163,5
164,2
165,3
166,0
167,3
168,3
169,3
170,2
171,3
172,3
173,3
174,5
175,3
176,0
177,3
178,1
179,5
180,0
181,3
182,1
183,1
184,0
185,0
186,1
187,2
188,1
189,0
190,1
191,0
192,0
193,5
194,1
195,0
196,0
197,0
198,0
199,0
200,0
201,0
202,0
203,1
204,5
205,0
206,0
207,1
208,1
209,1
210,3
211,1
212,0
213,3
214,0
215,0
216,0
217,0
218,3
219,3
220,0
221,3
222,3
223,3
224,0
225,3
226,0
227,3
228,0
229,5
230,3
231,2
232,0
233,5
234,0
235,5
236,0
237,3
238,2
239,3
240,2
241,3
242,0
243,1
244,3
245,0
246,0
247,3
248,0
249,3
250,1
251,0
252,3
253,5
254,0
255,1
256,3
257,0
258,3
259,1
260,1
261,1
262,3
263,1
264,3
265,0
266,3
267,1
268,0
269,3
270,3
271,3
272,3
273,5
274,2
275,0
276,5
277,1
278,3
279,0
280,3
281,3
282,1
283,1
284,0
285,0
286,1
287,5
288,0
289,0
290,0
291,1
292,1
293,2
294,0
295,3
296,0
297,5
298,0
299,0
300,0
301,0
302,1
303,2
304,0
305,3
306,1
307,3
308,1
309,3
310,3
311,1
312,0
313,5
314,1
315,5
316,0
317,0
318,1
319,3
320,2
321,2
322,3
323,1
324,3
325,1
326,0
327,5
328,0
329,1
330,0
331,3
332,0
333,3
334,0
335,3
336,0
337,2
338,1
339,3
340,0
341,3
342,0
343,3
344,0
345,0
346,3
347,0
348,1
349,0
350,0
351,0
352,1
353,0
354,2
355,0
356,2
357,0
358,2
359,0
360,1
361,0
362,1
363,0
364,2
365,0
366,2
367,0
368,2
369,0
370,1
371,3
372,0
373,0
374,1
375,0
376,1
377,0
378,1
379,0
380,0
381,1
382,0
383,1
384,1
385,1
386,0
387,1
388,1
389,0
390,1
391,0
392,1
393,5
394,0
395,0
396,1
397,0
398,1
399,1
400,1
401,3
402,1
403,0
404,3
405,5
406,1
407,0
408,1
409,0
410,2
411,2
412,3
413,2
414,2
415,0
416,2
417,3
418,1
419,2
420,1
421,2
422,3
423,0
424,1
425,0
426,3
427,0
428,5
429,2
430,2
431,3
432,2
433,2
434,0
435,2
436,0
437,2
438,0
439,5
440,2
441,2
442,0
443,2
444,0
445,1
446,3
447,2
448,1
449,2
450,1
451,2
452,1
453,2
454,3
455,2
456,0
457,2
458,0
459,2
460,1
461,0
462,2
463,1
464,1
465,3
466,0
467,1
468,0
469,3
470,2
471,3
472,1
473,2
474,2
475,0
476,2
477,0
478,2
479,1
480,1
481,0
482,1
483,3
484,1
485,3
486,2
487,0
488,1
489,0
490,1
491,0
492,1
493,0
494,1
495,3
496,1
497,1
498,1
499,0
500,1
501,3
502,0
503,0
504,3
505,1
506,0
507,1
508,0
509,1
510,1
511,3
512,0
513,3
514,0
515,3
516,0
517,0
518,3
519,0
520,0
521,0
522,1
523,0
524,1
525,0
526,1
527,0
528,1
529,3
530,1
531,0
532,1
533,0
534,1
535,0
536,1
537,1
538,1
539,1
540,3
541,0
542,3
543,3
544,3
545,0
546,3
547,3
548,3
549,0
550,1
551,0
552,1
553,0
554,0
555,3
556,2
557,1
558,5
559,3
560,5
561,3
562,5
563,1
564,0
565,1
566,0
567,3
568,1
569,0
570,5
571,3
572,5
573,1
574,3
575,3
576,5
577,1
578,5
579,3
580,0
581,1
582,5
583,3
584,5
585,3
586,5
587,1
588,5
589,1
590,5
591,1
592,5
593,0
594,5
595,0
596,5
597,2
598,1
599,5
600,5
601,5
602,0
603,5
604,3
605,5
606,2
607,0
608,5
609,5
610,0
611,5
612,2
613,5
614,0
615,5
616,2
617,5
618,5
619,5
620,0
621,5
622,3
623,0
624,0
625,5
626,0
627,5
628,5
629,0
630,5
631,5
632,0
633,5
634,0
635,5
636,1
637,5
638,1
639,5
640,1
641,5
642,1
643,0
644,1
645,5
646,1
647,5
648,1
649,0
650,1
651,0
652,3
653,0
654,0
655,1
656,5
657,1
658,0
659,5
660,5
661,1
662,3
663,1
664,1
665,3
666,1
667,3
668,1
669,5
670,1
671,3
672,0
673,3
674,1
675,0
676,1
677,5
678,1
679,5
680,1
681,0
682,1
683,2
684,1
685,3
686,0
687,3
688,1
689,5
690,1
691,3
692,0
693,3
694,0
695,5
696,0
697,0
698,1
699,0
700,2
701,0
702,3
703,3
704,0
705,3
706,1
707,0
708,0
709,0
710,3
711,3
712,3
713,1
714,3
715,1
716,5
717,2
718,1
719,1
720,5
721,3
722,5
723,1
724,0
725,1
726,5
727,1
728,0
729,1
730,0
731,1
732,0
733,1
734,5
735,0
736,0
737,2
738,3
739,0
740,1
741,1
742,0
743,1
744,0
745,1
746,5
747,1
748,5
749,0
750,0
751,0
752,5
753,0
754,5
755,0
756,0
757,1
758,5
759,1
760,3
761,1
762,5
763,3
764,5
765,1
766,3
767,1
768,5
769,3
770,5
771,0
772,5
773,2
774,5
775,1
776,5
777,1
778,2
779,0
780,3
781,5
782,5
783,1
784,5
785,1
786,0
787,0
788,5
789,1
790,0
791,1
792,1
793,1
794,5
795,1
796,2
797,0
798,3
799,0
800,3
801,1
802,5
803,5
804,1
805,5
806,2
807,3
808,2
809,5
810,3
811,3
812,5
813,0
814,2
815,1
816,5
817,0
818,3
819,1
820,5
821,3
822,3
823,0
824,5
825,0
826,3
827,1
828,5
829,1
830,5
831,1
832,0
833,1
834,3
835,1
836,5
837,2
838,5
839,1
840,5
841,1
842,5
843,1
844,3
845,1
846,3
847,2
848,5
849,5
850,5
851,1
852,5
853,1
854,5
855,1
856,5
857,2
858,5
859,1
860,3
861,1
862,1
863,0
864,0
865,1
866,1
867,0
868,1
869,0
870,1
871,2
872,2
873,1
874,2
875,2
876,1
877,2
878,1
879,2
880,0
881,2
882,1
883,0
884,0
885,1
886,0
887,1
888,0
889,2
890,0
891,1
892,0
893,1
894,0
895,2
896,0
897,1
898,1
899,1
900,1
901,1
902,0
903,1
904,0
905,3
906,0
907,1
908,1
909,1
910,0
911,0
912,1
913,1
914,1
915,0
916,3
917,0
918,3
919,1
920,0
921,0
922,1
923,1
924,1
925,1
926,0
927,1
928,0
929,3
930,0
931,1
932,0
933,1
934,5
935,1
936,1
937,1
938,1
939,3
940,5
941,2
942,5
943,0
944,5
945,0
946,5
947,1
948,5
949,1
950,5
951,1
952,5
953,2
954,5
955,1
956,0
957,2
958,5
959,5
960,5
961,3
962,0
963,1
964,0
965,2
966,1
967,1
968,1
969,3
970,5
971,5
972,5
973,3
974,5
975,2
976,5
977,0
978,5
979,3
980,5
981,1
982,5
983,1
984,5
985,1
986,5
987,1
988,5
989,3
990,5
991,1
992,5
993,1
994,5
995,1
996,5
997,0
998,3
999,1
1000,5
1001,0
1002,1
1003,1
1004,0
1005,1
1006,0
1007,1
1008,1
1009,2
1010,5
1011,1
1012,0
1013,1
1014,0
1015,5
1016,0
1017,1
1018,5
1019,2
1020,5
1021,2
1022,5
1023,1
1024,5
1025,1
1026,2
1027,0
1028,5
1029,3
1030,5
1031,1
1032,5
1033,1
1034,1
1035,1
1036,5
1037,1
1038,5
1039,1
1040,5
1041,3
1042,5
1043,3
1044,3
1045,3
1046,5
1047,3
1048,0
1049,3
1050,0
1051,3
1052,3
1053,0
1054,0
1055,3
1056,0
1057,3
1058,3
1059,3
1060,5
1061,0
1062,5
1063,3
1064,5
1065,0
1066,5
1067,3
1068,3
1069,3
1070,3
1071,3
1072,0
1073,1
1074,5
1075,0
1076,0
1077,3
1078,3
1079,3
1080,5
1081,2
1082,0
1083,3
1084,1
1085,3
1086,3
1087,3
1088,5
1089,0
1090,0
1091,2
1092,3
1093,0
1094,0
1095,0
1096,0
1097,0
1098,1
1099,0
1100,1
1101,0
1102,3
1103,0
1104,3
1105,0
1106,3
1107,0
1108,0
1109,0
1110,1
1111,0
1112,3
1113,0
1114,3
1115,5
1116,3
1117,0
1118,3
1119,1
1120,3
1121,5
1122,2
1123,0
1124,3
1125,1
1126,0
1127,3
1128,0
1129,3
1130,2
1131,1
1132,0
1133,3
1134,0
1135,0
1136,3
1137,1
1138,3
1139,3
1140,5
1141,3
1142,1
1143,3
1144,0
1145,5
1146,3
1147,3
1148,3
1149,5
1150,1
1151,2
1152,1
1153,3
1154,3
1155,5
1156,1
1157,1
1158,1
1159,2
1160,3
1161,5
1162,1
1163,0
1164,3
1165,0
1166,3
1167,5
1168,1
1169,5
1170,1
1171,1
1172,3
1173,1
1174,1
1175,1
1176,3
1177,1
1178,3
1179,0
1180,3
1181,0
1182,0
1183,0
1184,1
1185,3
1186,0
1187,3
1188,3
1189,3
1190,1
1191,5
1192,3
1193,2
1194,3
1195,2
1196,0
1197,2
1198,3
1199,0
1200,3
1201,3
1202,1
1203,1
1204,2
1205,5
1206,0
1207,2
1208,1
1209,1
1210,1
1211,0
1212,3
1213,1
1214,0
1215,0
1216,0
1217,0
1218,0
1219,0
1220,0
1221,5
1222,3
1223,3
1224,0
1225,1
1226,1
1227,1
1228,0
1229,1
1230,0
1231,0
1232,0
1233,0
1234,3
1235,1
1236,5
1237,1
1238,1
1239,0
1240,5
1241,5
1242,3
1243,1
1244,1
1245,3
1246,1
1247,0
1248,0
1249,3
1250,0
1251,5
1252,0
1253,3
1254,0
1255,0
1256,1
1257,0
1258,3
1259,1
1260,3
1261,0
1262,3
1263,5
1264,0
1265,5
1266,2
1267,5
1268,3
1269,5
1270,3
1271,2
1272,1
1273,5
1274,3
1275,3
1276,5
1277,0
1278,5
1279,1
1280,5
1281,0
1282,5
1283,1
1284,5
1285,0
1286,0
1287,1
1288,5
1289,5
1290,5
1291,1
1292,5
1293,3
1294,5
1295,3
1296,5
1297,1
1298,5
1299,5
1300,5
1301,1
1302,5
1303,3
1304,5
1305,1
1306,0
1307,5
1308,5
1309,1
1310,5
1311,1
1312,5
1313,5
1314,3
1315,5
1316,0
1317,3
1318,0
1319,0
1320,0
1321,5
1322,5
1323,3
1324,0
1325,0
1326,0
1327,0
1328,5
1329,3
1330,3
1331,1
1332,1
1333,1
1334,3
1335,0
1336,3
1337,3
1338,5
1339,3
1340,3
1341,3
1342,0
1343,0
1344,0
1345,3
1346,0
1347,3
1348,0
1349,3
1350,1
1351,3
1352,3
1353,5
1354,3
1355,5
1356,0
1357,5
1358,0
1359,0
1360,0
1361,0
1362,2
1363,1
1364,5
1365,3
1366,0
1367,3
1368,0
1369,3
1370,3
1371,0
1372,5
1373,0
1374,0
1375,3
1376,0
1377,5
1378,0
1379,5
1380,0
1381,0
1382,3
1383,3
1384,0
1385,3
1386,3
1387,3
1388,3
1389,3
1390,0
1391,5
1392,0
1393,0
1394,0
1395,1
1396,0
1397,0
1398,0
1399,0
1400,5
1401,3
1402,5
1403,5
1404,3
1405,3
1406,2
1407,3
1408,0
1409,3
1410,0
1411,3
1412,3
1413,3
1414,3
1415,3
1416,0
1417,3
1418,0
1419,3
1420,2
1421,0
1422,3
1423,0
1424,2
1425,3
1426,0
1427,0
1428,0
1429,3
1430,3
1431,3
1432,3
1433,5
1434,0
1435,5
1436,0
1437,0
1438,0
1439,0
1440,3
1441,3
1442,0
1443,2
1444,1
1445,3
1446,1
1447,2
1448,3
1449,2
1450,5
1451,2
1452,2
1453,0
1454,3
1455,3
1456,5
1457,3
1458,3
1459,0
1460,3
1461,3
1462,5
1463,0
1464,0
1465,0
1466,0
1467,0
1468,0
1469,0
1470,0
1471,5
1472,1
1473,0
1474,5
1475,2
1476,0
1477,0
1478,3
1479,0
1480,2
1481,5
1482,5
1483,0
1484,5
1485,5
1486,0
1487,0
1488,5
1489,1
1490,5
1491,0
1492,5
1493,0
1494,0
1495,1
1496,5
1497,0
1498,5
1499,0
1500,0
1501,1
1502,0
1503,0
1504,0
1505,1
1506,3
1507,0
1508,0
1509,0
1510,3
1511,0
1512,0
1513,5
1514,3
1515,5
1516,0
1517,3
1518,3
1519,3
1520,3
1521,0
1522,0
1523,2
1524,0
1525,0
1526,0
1527,3
1528,0
1529,0
1530,0
1531,0
1532,0
1533,1
1534,0
1535,3
1536,2
1537,3
1538,3
1539,5
1540,0
1541,3
1542,3
1543,1
1544,3
1545,3
1546,3
1547,3
1548,3
1549,0
1550,0
1551,3
1552,3
1553,0
1554,3
1555,3
1556,3
1557,0
1558,5
1559,0
1560,2
1561,0
1562,1
1563,3
1564,5
1565,3
1566,3
1567,0
1568,3
1569,0
1570,5
1571,0
1572,3
1573,0
1574,3
1575,0
1576,0
1577,0
1578,5
1579,0
1580,5
1581,0
1582,5
1583,0
1584,3
1585,0
1586,3
1587,0
1588,3
1589,0
1590,5
1591,0
1592,1
1593,0
1594,0
1595,0
1596,0
1597,0
1598,0
1599,0
1600,3
1601,0
1602,5
1603,0
1604,5
1605,0
1606,3
1607,0
1608,0
1609,0
1610,1
1611,0
1612,3
1613,0
1614,0
1615,0
1616,5
1617,0
1618,3
1619,0
1620,0
1621,5
1622,0
1623,5
1624,3
1625,0
1626,3
1627,2
1628,0
1629,2
1630,0
1631,0
1632,2
1633,0
1634,5
1635,0
1636,4
1637,0
1638,0
1639,0
1640,5
1641,0
1642,3
1643,0
1644,0
1645,0
1646,0
1647,0
1648,0
1649,0
1650,0
1651,0
1652,0
1653,0
1654,0
1655,0
1656,3
1657,0
1658,0
1659,0
1660,5
1661,0
1662,0
1663,0
1664,0
1665,0
1666,2
1667,0
1668,5
1669,0
1670,2
1671,0
1672,2
1673,0
1674,0
1675,0
1676,0
1677,3
1678,0
1679,0
1680,0
1681,0
1682,0
1683,3
1684,0
1685,0
1686,0
1687,0
1688,0
1689,0
1690,3
1691,0
1692,0
1693,0
1694,2
1695,0
1696,1
1697,3
1698,0
1699,0
1700,0
1701,3
1702,5
1703,1
1704,5
1705,0
1706,5
1707,3
1708,5
1709,3
1710,5
1711,3
1712,0
1713,3
1714,3
1715,3
1716,5
1717,3
1718,0
1719,3
1720,0
1721,0
1722,0
1723,0
1724,1
1725,0
1726,1
1727,0
1728,1
1729,5
1730,5
1731,1
1732,5
1733,3
1734,5
1735,1
1736,5
1737,1
1738,0
1739,3
1740,0
1741,3
1742,1
1743,3
1744,0
1745,3
1746,0
1747,3
1748,0
1749,3
1750,5
1751,3
1752,5
1753,1
1754,5
1755,1
1756,5
1757,3
1758,5
1759,0
1760,5
1761,0
1762,0
1763,0
1764,5
1765,0
1766,5
1767,0
1768,5
1769,5
1770,5
1771,5
1772,3
1773,1
1774,1
1775,5
1776,2
1777,5
1778,5
1779,5
1780,1
1781,5
1782,0
1783,0
1784,1
1785,1
1786,5
1787,1
1788,1
1789,0
1790,5
1791,5
1792,3
1793,5
1794,0
1795,5
1796,1
1797,3
1798,5
1799,3
1800,5
1801,2
1802,0
1803,5
1804,0
1805,5
1806,3
1807,5
1808,0
1809,5
1810,5
1811,2
1812,1
1813,2
1814,1
1815,2
1816,0
1817,2
1818,0
1819,2
1820,1
1821,5
1822,1
1823,3
1824,0
1825,0
1826,0
1827,5
1828,5
1829,0
1830,5
1831,0
1832,2
1833,3
1834,3
1835,2
1836,2
1837,3
1838,3
1839,3
1840,3
1841,3
1842,5
1843,3
1844,2
1845,3
1846,5
1847,3
1848,5
1849,0
1850,0
1851,0
1852,5
1853,0
1854,0
1855,3
1856,5
1857,3
1858,3
1859,2
1860,3
1861,2
1862,3
1863,3
1864,3
1865,3
1866,3
1867,2
1868,3
1869,2
1870,2
1871,0
1872,2
1873,2
1874,3
1875,1
1876,3
1877,2
1878,3
1879,1
1880,3
1881,3
1882,3
1883,2
1884,3
1885,1
1886,3
1887,3
1888,3
1889,5
1890,3
1891,5
1892,3
1893,2
1894,3
1895,3
1896,3
1897,3
1898,1
1899,3
1900,5
1901,3
1902,2
1903,3
1904,5
1905,3
1906,5
1907,3
1908,5
1909,3
1910,5
1911,0
1912,2
1913,3
1914,3
1915,2
1916,3
1917,2
1918,3
1919,2
1920,5
1921,3
1922,5
1923,3
1924,3
1925,3
1926,3
1927,3
1928,3
1929,0
1930,3
1931,3
1932,3
1933,3
1934,0
1935,5
1936,0
1937,5
1938,2
1939,5
1940,3
1941,5
1942,0
1943,0
1944,3
1945,5
1946,3
1947,5
1948,0
1949,5
1950,0
1951,1
1952,3
1953,5
1954,3
1955,5
1956,3
1957,5
1958,3
1959,5
1960,3
1961,5
1962,3
1963,5
1964,3
1965,5
1966,3
1967,3
1968,0
1969,5
1970,3
1971,5
1972,0
1973,3
1974,5
1975,3
1976,1
1977,3
1978,0
1979,0
1980,5
1981,3
1982,5
1983,3
1984,5
1985,1
1986,3
1987,1
1988,3
1989,5
1990,0
1991,5
1992,3
1993,0
1994,3
1995,5
1996,3
1997,5
1998,1
1999,5
2000,0
2001,5
2002,0
2003,5
2004,2
2005,5
2006,3
2007,5
2008,2
2009,5
2010,0
2011,5
2012,3
2013,5
2014,3
2015,5
2016,1
2017,5
2018,3
2019,5
2020,5
2021,0
2022,5
2023,3
2024,5
2025,0
2026,5
2027,0
2028,5
2029,2
2030,5
2031,0
2032,5
2033,0
2034,0
2035,0
2036,5
2037,0
2038,5
2039,0
2040,5
2041,3
2042,5
2043,3
2044,5
2045,3
2046,0
2047,3
2048,5
2049,3
2050,5
2051,0
2052,5
2053,0
2054,5
2055,3
2056,5
2057,5
2058,3
2059,5
2060,3
2061,5
2062,0
2063,5
2064,3
2065,5
2066,0
2067,5
2068,3
2069,5
2070,3
2071,5
2072,3
2073,5
2074,3
2075,5
2076,3
2077,5
2078,3
2079,5
2080,3
2081,5
2082,0
2083,5
2084,0
2085,5
2086,3
2087,5
2088,5
2089,5
2090,2
2091,5
2092,0
2093,5
2094,3
2095,5
2096,3
2097,1
2098,3
2099,5
2100,3
2101,5
2102,3
2103,5
2104,3
2105,5
2106,3
2107,1
2108,3
2109,1
2110,2
2111,5
2112,0
2113,5
2114,0
2115,5
2116,3
2117,1
2118,3
2119,5
2120,3
2121,5
2122,3
2123,5
2124,3
2125,5
2126,3
2127,5
2128,0
2129,5
2130,0
2131,0
2132,0
2133,3
2134,2
2135,3
2136,0
2137,0
2138,0
2139,0
2140,3
2141,1
2142,3
2143,0
2144,1
2145,0
2146,1
2147,3
2148,5
2149,3
2150,0
2151,3
2152,5
2153,0
2154,5
2155,3
2156,1
2157,3
2158,1
2159,3
2160,5
2161,3
2162,3
2163,0
2164,0
2165,0
2166,3
2167,0
2168,0
2169,0
2170,0
2171,0
2172,1
2173,0
2174,0
2175,0
2176,0
2177,0
2178,1
2179,0
2180,0
2181,0
2182,0
2183,0
2184,0
2185,0
2186,0
2187,0
2188,0
2189,0
2190,0
2191,0
2192,0
2193,0
2194,0
2195,0
2196,0
2197,0
2198,0
2199,0
2200,0
2201,0
2202,0
2203,0
2204,0
2205,0
2206,0
2207,0
2208,0
2209,0
2210,2
2211,0
2212,0
2213,2
2214,0
2215,2
2216,0
2217,2
2218,2
2219,0
2220,2
2221,0
2222,2
2223,2
2224,0
2225,0
2226,0
2227,0
2228,0
2229,0
2230,0
2231,0
2232,0
2233,0
2234,0
2235,5
2236,5
2237,5
2238,5
2239,2
2240,2
2241,0
2242,3
2243,0
2244,0
2245,0
2246,0
2247,5
2248,0
2249,5
2250,0
2251,5
2252,3
2253,3
2254,3
2255,2
2256,0
2257,0
2258,5
2259,5
2260,5
2261,5
2262,2
2263,3
2264,0
2265,5
2266,5
2267,0
2268,0
2269,1
2270,0
2271,3
2272,3
2273,0
2274,0
2275,0
2276,0
2277,0
2278,0
2279,3
2280,3
2281,3
2282,0
2283,3
2284,3
2285,3
2286,3
2287,3
2288,0
2289,0
2290,0
2291,0
2292,3
2293,0
2294,0
2295,3
2296,0
2297,0
2298,0
2299,0
2300,0
2301,0
2302,0
2303,0
2304,0
2305,5
2306,5
2307,5
2308,1
2309,3
2310,5
2311,1
2312,5
2313,1
2314,5
2315,0
2316,5
2317,5
2318,0
2319,5
2320,1
2321,5
2322,1
2323,1
2324,1
2325,3
2326,1
2327,5
2328,3
2329,3
2330,3
2331,3
2332,5
2333,5
2334,5
2335,0
2336,0
2337,1
2338,0
2339,1
2340,0
2341,1
2342,3
2343,3
2344,3
2345,1
2346,5
2347,5
2348,5
2349,1
2350,1
2351,5
2352,5
2353,1
2354,0
2355,1
2356,2
2357,1
2358,5
2359,2
2360,3
2361,1
2362,3
2363,3
2364,3
2365,0
2366,3
2367,5
2368,0
2369,5
2370,3
2371,1
2372,5
2373,0
2374,0
2375,1
2376,3
2377,3
2378,3
2379,3
2380,3
2381,3
2382,3
2383,3
2384,5
2385,0
2386,1
2387,5
2388,2
2389,3
2390,0
2391,2
2392,3
2393,0
2394,5
2395,3
2396,3
2397,1
2398,3
2399,3
2400,2
2401,3
2402,3
2403,5
2404,5
2405,3
2406,5
2407,5
2408,5
2409,0
2410,5
2411,2
2412,3
2413,3
2414,1
2415,1
2416,1
2417,5
2418,1
2419,0
2420,1
2421,0
2422,2
2423,1
2424,1
2425,1
2426,1
2427,1
2428,1
2429,5
2430,5
2431,1
2432,5
2433,1
2434,1
2435,2
2436,3
2437,0
2438,2
2439,5
2440,5
2441,5
2442,5
2443,5
2444,1
2445,1
2446,1
2447,5
2448,1
2449,5
2450,3
2451,5
2452,3
2453,3
2454,5
2455,3
2456,1
2457,0
2458,5
2459,5
2460,1
2461,3
2462,5
2463,5
2464,5
2465,5
2466,5
2467,2
2468,1
2469,5
2470,5
2471,2
2472,1
2473,1
2474,1
2475,1
2476,1
2477,1
2478,3
2479,1
2480,3
2481,1
2482,5
2483,1
2484,1
2485,2
2486,2
2487,1
2488,0
2489,5
2490,5
2491,3
2492,5
2493,3
2494,2
2495,3
2496,3
2497,3
2498,3
2499,5
2500,5
2501,5
2502,1
2503,0
2504,2
2505,1
2506,1
2507,1
2508,1
2509,5
2510,5
2511,1
2512,1
2513,3
2514,3
2515,3
2516,3
2517,3
2518,3
2519,3
2520,3
2521,3
2522,3
2523,1
2524,5
2525,1
2526,5
2527,5
2528,3
2529,3
2530,3
2531,3
2532,1
2533,3
2534,3
2535,3
2536,3
2537,1
2538,2
2539,3
2540,1
2541,2
2542,3
2543,3
2544,3
2545,3
2546,3
2547,0
2548,5
2549,3
2550,5
2551,5
2552,5
2553,3
2554,1
2555,3
2556,3
2557,5
2558,1
2559,3
2560,2
2561,3
2562,2
2563,1
2564,3
2565,2
2566,1
2567,5
2568,5
2569,1
2570,1
2571,5
2572,1
2573,1
2574,1
2575,3
2576,1
2577,2
2578,1
2579,3
2580,3
2581,5
2582,1
2583,1
2584,3
2585,1
2586,2
2587,1
2588,2
2589,3
2590,1
2591,5
2592,0
2593,5
2594,1
2595,1
2596,3
2597,1
2598,5
2599,1
2600,1
2601,1
2602,1
2603,1
2604,1
2605,3
2606,1
2607,0
2608,5
2609,1
2610,5
2611,5
2612,1
2613,5
2614,1
2615,2
2616,2
2617,5
2618,1
2619,5
2620,3
2621,5
2622,5
2623,1
2624,2
2625,3
2626,1
2627,2
2628,2
2629,3
2630,1
2631,1
2632,1
2633,3
2634,1
2635,3
2636,1
2637,0
2638,1
2639,1
2640,1
2641,1
2642,1
2643,1
2644,1
2645,2
2646,1
2647,1
2648,1
2649,1
2650,5
2651,1
2652,1
2653,1
2654,5
2655,2
2656,3
2657,1
2658,1
2659,3
2660,1
2661,3
2662,1
2663,1
2664,1
2665,3
2666,5
2667,1
2668,1
2669,1
2670,3
2671,1
2672,1
2673,5
2674,5
2675,3
2676,2
2677,1
2678,5
2679,2
2680,1
2681,1
2682,5
2683,5
2684,5
2685,5
2686,1
2687,1
2688,5
2689,1
2690,2
2691,5
2692,1
2693,3
2694,1
2695,2
2696,3
2697,2
2698,1
2699,0
2700,1
2701,2
2702,3
2703,1
2704,1
2705,1
2706,1
2707,0
2708,1
2709,0
2710,2
2711,0
2712,3
2713,3
2714,2
2715,1
2716,5
2717,1
2718,5
2719,3
2720,3
2721,5
2722,5
2723,2
2724,1
2725,1
2726,2
2727,2
2728,5
2729,2
2730,1
2731,3
2732,1
2733,1
2734,2
2735,3
2736,2
2737,2
2738,5
2739,5
2740,2
2741,1
2742,1
2743,1
2744,2
2745,1
2746,3
2747,1
2748,1
2749,2
2750,1
2751,1
2752,2
2753,1
2754,1
2755,1
2756,5
2757,2
2758,5
2759,5
2760,2
2761,1
2762,1
2763,1
2764,3
2765,1
2766,1
2767,1
2768,1
2769,1
2770,1
2771,5
2772,2
2773,2
2774,0
2775,1
2776,5
2777,1
2778,2
2779,1
2780,2
2781,5
2782,2
2783,2
2784,1
2785,2
2786,1
2787,5
2788,1
2789,4
2790,1
2791,1
2792,3
2793,1
2794,2
2795,0
2796,2
2797,2
2798,5
2799,1
2800,1
2801,2
2802,3
2803,1
2804,0
2805,1
2806,3
2807,2
2808,3
2809,5
2810,2
2811,3
2812,1
2813,1
2814,5
2815,5
2816,1
2817,5
2818,5
2819,5
2820,3
2821,2
2822,5
2823,0
2824,3
2825,2
2826,2
2827,1
2828,3
2829,3
2830,5
2831,5
2832,2
2833,3
2834,3
2835,5
2836,2
2837,2
2838,1
2839,2
2840,5
2841,2
2842,5
2843,5
2844,2
2845,1
2846,5
2847,5
2848,1
2849,5
2850,1
2851,1
2852,2
2853,1
2854,5
2855,1
2856,1
2857,1
2858,5
2859,1
2860,5
2861,1
2862,1
2863,5
2864,5
2865,1
2866,5
2867,1
2868,5
2869,1
2870,1
2871,3
2872,1
2873,2
2874,5
2875,1
2876,5
2877,2
2878,3
2879,5
2880,1
2881,5
2882,0
2883,1
2884,1
2885,1
2886,1
2887,2
2888,2
2889,5
2890,2
2891,2
2892,2
2893,0
2894,1
2895,5
2896,2
2897,5
2898,1
2899,1
2900,5
2901,1
2902,2
2903,5
2904,5
2905,2
2906,1
2907,2
2908,1
2909,1
2910,2
2911,2
2912,1
2913,1
2914,1
2915,5
2916,5
2917,2
2918,1
2919,1
2920,1
2921,5
2922,5
2923,3
2924,3
2925,1
2926,3
2927,1
2928,5
2929,1
2930,5
2931,3
2932,2
2933,5
2934,3
2935,0
2936,0
2937,5
2938,1
2939,1
2940,5
2941,1
2942,1
2943,2
2944,1
2945,1
2946,5
2947,1
2948,3
2949,3
2950,5
2951,2
2952,1
2953,1
2954,5
2955,5
2956,5
2957,2
2958,1
2959,2
2960,1
2961,5
2962,1
2963,1
2964,3
2965,2
2966,2
2967,0
2968,2
2969,5
2970,3
2971,1
2972,1
2973,2
2974,1
2975,5
2976,3
2977,2
2978,1
2979,3
2980,1
2981,1
2982,0
2983,1
2984,1
2985,0
2986,1
2987,3
2988,1
2989,1
2990,5
2991,1
2992,5
2993,1
2994,1
2995,2
2996,5
2997,1
2998,1
2999,1
3000,3
3001,5
3002,1
3003,0
3004,2
3005,1
3006,3
3007,1
3008,2
3009,5
3010,3
3011,1
3012,5
3013,1
3014,5
3015,3
3016,5
3017,1
3018,3
3019,1
3020,1
3021,2
3022,2
3023,5
3024,1
3025,2
3026,0
3027,1
3028,5
3029,3
3030,2
3031,3
3032,3
3033,1
3034,1
3035,3
3036,1
3037,3
3038,5
3039,2
3040,1
3041,2
3042,5
3043,0
3044,5
3045,1
3046,5
3047,1
3048,2
3049,1
3050,1
3051,0
3052,1
3053,5
3054,5
3055,2
3056,5
3057,1
3058,3
3059,1
3060,0
3061,3
3062,1
3063,3
3064,1
3065,1
3066,1
3067,2
3068,1
3069,3
3070,2
3071,1
3072,5
3073,5
3074,1
3075,3
3076,1
3077,1
3078,2
3079,5
3080,2
3081,0
3082,2
3083,3
3084,1
3085,1
3086,1
3087,2
3088,3
3089,1
3090,1
3091,1
3092,1
3093,2
3094,5
3095,2
3096,2
3097,3
3098,3
3099,2
3100,1
3101,3
3102,2
3103,1
3104,1
3105,1
3106,5
3107,2
3108,2
3109,1
3110,5
3111,2
3112,1
3113,1
3114,1
3115,5
3116,1
3117,3
3118,3
3119,2
3120,1
3121,1
3122,2
3123,2
3124,1
3125,2
3126,5
3127,5
3128,5
3129,1
3130,2
3131,1
3132,2
3133,3
3134,5
3135,1
3136,5
3137,1
3138,3
3139,2
3140,1
3141,1
3142,1
3143,2
3144,1
3145,5
3146,3
3147,1
3148,1
3149,1
3150,3
3151,1
3152,1
3153,1
3154,2
3155,1
3156,3
3157,1
3158,2
3159,1
3160,1
3161,5
3162,5
3163,1
3164,1
3165,2
3166,3
3167,1
3168,5
3169,5
3170,5
3171,1
3172,2
3173,2
3174,1
3175,3
3176,2
3177,1
3178,1
3179,2
3180,2
3181,1
3182,2
3183,0
3184,0
3185,2
3186,1
3187,1
3188,2
3189,1
3190,0
3191,2
3192,2
3193,1
3194,1
3195,1
3196,2
3197,2
3198,3
3199,2
3200,1
3201,2
3202,5
3203,2
3204,2
3205,5
3206,2
3207,1
3208,1
3209,3
3210,2
3211,1
3212,1
3213,1
3214,2
3215,2
3216,3
3217,2
3218,2
3219,5
3220,2
3221,3
3222,5
3223,5
3224,5
3225,5
3226,5
3227,5
3228,5
3229,5
3230,5
3231,5
3232,5
3233,5
3234,5
3235,5
3236,5
3237,5
3238,5
3239,5
3240,5
3241,5
3242,5
3243,5
3244,5
3245,5
3246,5
3247,5
3248,5
3249,5
3250,5
3251,5
3252,5
3253,5
3254,5
3255,5
3256,5
3257,5
3258,5
3259,5
3260,5
3261,5
3262,5
3263,5
3264,5
3265,5
3266,5
3267,5
3268,5
3269,5
3270,5
3271,5
3272,5
3273,5
3274,2
3275,5
3276,5
3277,2
3278,5
3279,2
3280,5
3281,5
3282,5
3283,0
3284,5
3285,3
3286,5
3287,5
3288,5
3289,5
3290,3
3291,5
3292,5
3293,5
3294,5
3295,5
3296,5
3297,5
3298,5
3299,3
3300,3
3301,5
3302,5
3303,5
3304,5
3305,5
3306,5
3307,5
3308,5
3309,5
3310,5
3311,0
3312,5
3313,5
3314,5
3315,5
3316,5
3317,5
3318,5
3319,5
3320,5
3321,5
3322,5
3323,5
3324,1
3325,5
3326,5
3327,5
3328,5
3329,1
3330,5
3331,5
3332,5
3333,0
3334,5
3335,5
3336,5
3337,5
3338,5
3339,5
3340,5
3341,5
3342,5
3343,5
3344,5
3345,5
3346,3
3347,5
3348,5
3349,3
3350,5
3351,5
3352,1
3353,3
3354,5
3355,5
3356,5
3357,5
3358,5
3359,3
3360,3
3361,3
3362,5
3363,5
3364,5
3365,3
3366,5
3367,5
3368,5
3369,5
3370,5
3371,5
3372,5
3373,3
3374,5
3375,5
3376,5
3377,5
3378,3
3379,5
3380,5
3381,5
3382,5
3383,5
3384,5
3385,3
3386,5
3387,5
3388,5
3389,5
3390,5
3391,5
3392,5
3393,5
3394,5
3395,5
3396,5
3397,5
3398,5
3399,5
3400,5
3401,1
3402,5
3403,5
3404,5
3405,5
3406,5
3407,5
3408,5
3409,1
3410,3
3411,3
3412,2
3413,3
3414,3
3415,3
3416,3
3417,3
3418,3
3419,3
3420,3
3421,3
3422,3
3423,2
3424,3
3425,3
3426,2
3427,5
3428,3
3429,5
3430,5
3431,5
3432,5
3433,5
3434,5
3435,5
3436,5
3437,5
3438,5
3439,5
3440,5
3441,5
3442,5
3443,2
3444,5
3445,5
3446,5
3447,3
3448,5
3449,5
3450,5
3451,5
3452,5
3453,5
3454,5
3455,5
3456,5
3457,3
3458,3
3459,3
3460,2
3461,3
3462,2
3463,3
3464,3
3465,2
3466,1
3467,2
3468,3
3469,3
3470,3
3471,3
3472,2
3473,3
3474,5
3475,2
3476,5
3477,5
3478,5
3479,2
3480,2
3481,5
3482,2
3483,5
3484,5
3485,5
3486,5
3487,5
3488,1
3489,5
3490,5
3491,2
3492,5
3493,5
3494,5
3495,5
3496,5
3497,3
3498,5
3499,5
3500,5
3501,5
3502,5
3503,5
3504,5
3505,5
3506,5
3507,5
3508,5
3509,5
3510,5
3511,5
3512,5
3513,5
3514,5
3515,5
3516,5
3517,5
3518,5
3519,3
3520,1
3521,5
3522,5
3523,5
3524,3
3525,3
3526,3
3527,3
3528,2
3529,5
3530,5
3531,5
3532,3
3533,5
3534,1
3535,0
3536,5
3537,3
3538,2
3539,1
3540,5
3541,3
3542,5
3543,3
3544,3
3545,1
3546,3
3547,5
3548,5
3549,1
3550,3
3551,0
3552,3
3553,2
3554,3
3555,3
3556,1
3557,3
3558,5
3559,3
3560,5
3561,5
3562,3
3563,5
3564,5
3565,0
3566,0
3567,5
3568,5
3569,5
3570,3
3571,2
3572,3
3573,3
3574,5
3575,5
3576,5
3577,3
3578,5
3579,5
3580,5
3581,3
3582,5
3583,5
3584,5
3585,5
3586,3
3587,5
3588,5
3589,5
3590,5
3591,5
3592,5
3593,5
3594,5
3595,3
3596,5
3597,5
3598,2
3599,5
3600,1
3601,2
3602,3
3603,2
3604,5
3605,2
3606,2
3607,2
3608,2
3609,2
3610,2
3611,5
3612,5
3613,3
3614,3
3615,5
3616,5
3617,5
3618,3
3619,5
3620,2
3621,5
3622,3
3623,5
3624,5
3625,3
3626,5
3627,5
3628,5
3629,5
3630,5
3631,5
3632,5
3633,5
3634,5
3635,5
3636,5
3637,5
3638,5
3639,5
3640,5
3641,0
3642,5
3643,3
3644,5
3645,5
3646,0
3647,5
3648,5
3649,5
3650,5
3651,0
3652,0
3653,5
3654,2
3655,5
3656,0
3657,5
3658,5
3659,5
3660,5
3661,5
3662,5
3663,5
3664,2
3665,5
3666,5
3667,0
3668,5
3669,3
3670,3
3671,3
3672,3
3673,3
3674,5
3675,3
3676,3
3677,3
3678,3
3679,5
3680,2
3681,3
3682,5
3683,5
3684,3
3685,3
3686,2
3687,3
3688,2
3689,3
3690,3
3691,2
3692,3
3693,3
3694,3
3695,3
3696,3
3697,3
3698,3
3699,2
3700,5
3701,3
3702,3
3703,3
3704,3
3705,5
3706,2
3707,5
3708,3
3709,5
3710,2
3711,3
3712,3
3713,2
3714,5
3715,1
3716,3
3717,3
3718,3
3719,3
3720,3
3721,3
3722,3
3723,3
3724,5
3725,3
3726,3
3727,5
3728,3
3729,3
3730,3
3731,3
3732,3
3733,3
3734,3
3735,3
3736,3
3737,3
3738,3
3739,5
3740,1
3741,3
3742,3
3743,3
3744,3
3745,3
3746,5
3747,5
3748,5
3749,3
3750,5
3751,5
3752,5
3753,5
3754,5
3755,5
3756,5
3757,5
3758,5
3759,2
3760,5
3761,5
3762,5
3763,5
3764,5
3765,5
3766,5
3767,5
3768,3
3769,5
3770,5
3771,5
3772,5
3773,5
3774,5
3775,3
3776,5
3777,5
3778,5
3779,5
3780,5
3781,5
3782,5
3783,5
3784,5
3785,5
3786,5
3787,5
3788,5
3789,5
3790,5
3791,5
3792,3
3793,3
3794,5
3795,5
3796,5
3797,5
3798,3
3799,5
3800,5
3801,3
3802,2
3803,5
3804,5
3805,5
3806,3
3807,5
3808,5
3809,5
3810,3
3811,2
3812,5
3813,2
3814,5
3815,3
3816,5
3817,2
3818,0
3819,2
3820,6
3821,4
3822,4
3823,0
3824,4
3825,4
3826,2
3827,4
3828,4
3829,4
3830,6
3831,4
3832,4
3833,2
3834,4
3835,6
3836,4
3837,6
3838,6
3839,4
3840,6
3841,6
3842,6
3843,6
3844,6
3845,6
3846,6
3847,6
3848,4
3849,0
3850,0
3851,0
3852,0
3853,6
3854,6
3855,6
3856,6
3857,4
3858,6
3859,6
3860,6
3861,6
3862,6
3863,6
3864,6
3865,6
3866,6
3867,0
3868,6
3869,6
3870,4
3871,0
3872,0
3873,0
3874,0
3875,6
3876,0
3877,6
3878,0
3879,0
3880,0
3881,0
3882,6
3883,4
3884,4
3885,6
3886,4
3887,4
3888,4
3889,0
3890,0
3891,4
3892,0
3893,3
3894,0
3895,0
3896,0
3897,0
3898,4
3899,0
3900,6
3901,0
3902,0
3903,0
3904,0
3905,4
3906,0
3907,0
3908,0
3909,0
3910,0
3911,4
3912,6
3913,4
3914,6
3915,4
3916,4
3917,4
3918,4
3919,4
3920,6
3921,6
3922,6
3923,4
3924,6
3925,6
3926,4
3927,0
3928,4
3929,4
3930,6
3931,6
3932,0
3933,4
3934,0
3935,4
3936,0
3937,4
3938,0
3939,2
3940,0
3941,4
3942,6
3943,6
3944,4
3945,0
3946,0
3947,0
3948,0
3949,6
3950,0
3951,4
3952,6
3953,6
3954,0
3955,6
3956,0
3957,4
3958,4
3959,0
3960,4
3961,4
3962,4
3963,3
3964,4
3965,2
3966,6
3967,0
3968,6
3969,4
3970,0
3971,4
3972,6
3973,6
3974,6
3975,2
3976,4
3977,4
3978,6
3979,2
3980,6
3981,4
3982,2
3983,6
3984,6
3985,0
3986,0
3987,0
3988,2
3989,4
3990,4
3991,0
3992,6
3993,4
3994,4
3995,4
3996,0
3997,4
3998,0
3999,0
4000,0
4001,2
4002,0
4003,4
4004,4
4005,0
4006,2
4007,0
4008,5
4009,0
4010,5
4011,0
4012,6
4013,0
4014,0
4015,0
4016,0
4017,4
4018,0
4019,0
4020,4
4021,4
4022,0
4023,4
4024,2
4025,4
4026,0
4027,2
4028,0
4029,0
4030,0
4031,0
4032,0
4033,4
4034,2
4035,6
4036,4
4037,6
4038,4
4039,6
4040,4
4041,0
4042,2
4043,6
4044,6
4045,6
4046,6
4047,4
4048,6
4049,0
4050,6
4051,4
4052,0
4053,4
4054,0
4055,4
4056,0
4057,4
4058,0
4059,4
4060,0
4061,6
4062,4
4063,4
4064,2
4065,4
4066,6
4067,4
4068,6
4069,0
4070,4
4071,6
4072,4
4073,4
4074,6
4075,4
4076,4
4077,4
4078,6
4079,2
4080,2
4081,0
4082,0
4083,4
4084,0
4085,6
4086,4
4087,4
4088,0
4089,0
4090,0
4091,0
4092,0
4093,4
4094,0
4095,0
4096,0
4097,0
4098,0
4099,0
4100,6
4101,0
4102,0
4103,0
4104,0
4105,4
4106,0
4107,0
4108,0
4109,4
4110,6
4111,4
4112,0
4113,4
4114,4
4115,0
4116,0
4117,0
4118,0
4119,0
4120,0
4121,6
4122,0
4123,4
4124,0
4125,0
4126,0
4127,0
4128,6
4129,4
4130,0
4131,6
4132,4
4133,6
4134,4
4135,4
4136,2
4137,4
4138,2
4139,4
4140,0
4141,6
4142,0
4143,6
4144,0
4145,6
4146,6
4147,4
4148,0
4149,2
4150,0
4151,4
4152,4
4153,4
4154,0
4155,0
4156,0
4157,2
4158,4
4159,4
4160,1
4161,0
4162,0
4163,0
4164,4
4165,0
4166,6
4167,6
4168,0
4169,4
4170,6
4171,4
4172,0
4173,4
4174,0
4175,0
4176,0
4177,4
4178,6
4179,0
4180,4
4181,0
4182,6
4183,6
4184,0
4185,0
4186,0
4187,4
4188,0
4189,4
4190,0
4191,2
4192,4
4193,4
4194,0
4195,4
4196,4
4197,4
4198,4
4199,0
4200,0
4201,0
4202,4
4203,4
4204,2
4205,4
4206,4
4207,0
4208,4
4209,4
4210,6
4211,6
4212,2
4213,0
4214,6
4215,0
4216,6
4217,0
4218,0
4219,4
4220,0
4221,0
4222,6
4223,0
4224,4
4225,4
4226,0
4227,2
4228,0
4229,4
4230,0
4231,4
4232,4
4233,0
4234,0
4235,0
4236,6
4237,4
4238,0
4239,4
4240,6
4241,4
4242,0
4243,4
4244,4
4245,4
4246,4
4247,4
4248,4
4249,6
4250,4
4251,0
4252,0
4253,0
4254,2
4255,6
4256,0
4257,0
4258,0
4259,6
4260,4
4261,6
4262,0
4263,2
4264,0
4265,4
4266,4
4267,4
4268,6
4269,0
4270,0
4271,4
4272,0
4273,0
4274,6
4275,0
4276,4
4277,6
4278,6
4279,6
4280,0
4281,6
4282,2
4283,4
4284,0
4285,6
4286,2
4287,4
4288,4
4289,4
4290,4
4291,6
4292,4
4293,2
4294,0
4295,4
4296,4
4297,4
4298,6
4299,0
4300,6
4301,0
4302,4
4303,6
4304,6
4305,6
4306,6
4307,4
4308,6
4309,4
4310,6
4311,4
4312,0
4313,0
4314,0
4315,6
4316,2
4317,0
4318,4
4319,6
4320,0
4321,6
4322,6
4323,6
4324,4
4325,0
4326,0
4327,6
4328,6
4329,4
4330,4
4331,4
4332,6
4333,6
4334,4
4335,4
4336,6
4337,5
4338,5
4339,6
4340,4
4341,0
4342,6
4343,4
4344,4
4345,4
4346,6
4347,4
4348,0
4349,4
4350,4
4351,6
4352,0
4353,6
4354,6
4355,4
4356,4
4357,6
4358,6
4359,2
4360,6
4361,0
4362,0
4363,0
4364,0
4365,4
4366,0
4367,0
4368,6
4369,0
4370,4
4371,0
4372,2
4373,0
4374,6
4375,0
4376,4
4377,6
4378,0
4379,6
4380,4
4381,4
4382,4
4383,0
4384,4
4385,6
4386,6
4387,4
4388,6
4389,6
4390,6
4391,0
4392,2
4393,0
4394,2
4395,0
4396,6
4397,0
4398,0
4399,6
4400,0
4401,0
4402,6
4403,6
4404,4
4405,2
4406,4
4407,2
4408,0
4409,6
4410,6
4411,0
4412,4
4413,6
4414,2
4415,6
4416,4
4417,6
4418,0
4419,4
4420,2
4421,6
4422,4
4423,4
4424,4
4425,4
4426,6
4427,4
4428,0
4429,6
4430,4
4431,4
4432,4
4433,4
4434,4
4435,2
4436,6
4437,4
4438,3
4439,6
4440,0
4441,6
4442,0
4443,2
4444,0
4445,4
4446,6
4447,3
4448,0
4449,6
4450,6
4451,0
4452,0
4453,0
4454,0
4455,0
4456,0
4457,0
4458,0
4459,0
4460,0
4461,0
4462,0
4463,0
4464,0
4465,5
4466,0
4467,6
4468,0
4469,6
4470,4
4471,0
4472,4
4473,6
4474,6
4475,4
4476,4
4477,0
4478,0
4479,4
4480,0
4481,4
4482,6
4483,0
4484,4
4485,0
4486,6
4487,0
4488,0
4489,0
4490,0
4491,0
4492,4
4493,0
4494,4
4495,6
4496,4
4497,6
4498,0
4499,4
4500,0
4501,6
4502,4
4503,4
4504,4
4505,4
4506,6
4507,2
4508,4
4509,4
4510,6
4511,0
4512,6
4513,4
4514,6
4515,6
4516,6
4517,0
4518,6
4519,6
4520,4
4521,0
4522,0
4523,0
4524,0
4525,4
4526,4
4527,4
4528,0
4529,4
4530,0
4531,0
4532,6
4533,4
4534,0
4535,2
4536,4
4537,6
4538,4
4539,4
4540,4
4541,0
4542,0
4543,0
4544,0
4545,2
4546,0
4547,0
4548,4
4549,4
4550,2
4551,0
4552,4
4553,4
4554,0
4555,0
4556,0
4557,4
4558,0
4559,4
4560,4
4561,4
4562,0
4563,0
4564,0
4565,0
4566,0
4567,4
4568,0
4569,0
4570,6
4571,6
4572,0
4573,4
4574,0
4575,0
4576,0
4577,6
4578,4
4579,2
4580,4
4581,4
4582,4
4583,4
4584,4
4585,4
4586,6
4587,4
4588,4
4589,4
4590,4
4591,4
4592,4
4593,6
4594,6
4595,6
4596,4
4597,4
4598,6
4599,4
4600,6
4601,0
4602,0
4603,4
4604,6
4605,0
4606,0
4607,6
4608,4
4609,0
4610,6
4611,6
4612,0
4613,6
4614,6
4615,6
4616,4
4617,4
4618,0
4619,0
4620,4
4621,4
4622,4
4623,4
4624,4
4625,4
4626,6
4627,4
4628,6
4629,4
4630,6
4631,6
4632,0
4633,6
4634,0
4635,2
4636,2
4637,4
4638,4
4639,6
4640,6
4641,4
4642,4
4643,4
4644,6
4645,6
4646,4
4647,6
4648,0
4649,0
4650,5
4651,6
4652,6
4653,4
4654,4
4655,4
4656,0
4657,0
4658,4
4659,0
4660,0
4661,0
4662,6
4663,6
4664,6
4665,0
4666,0
4667,4
4668,0
4669,6
4670,0
4671,6
4672,0
4673,6
4674,6
4675,6
4676,0
4677,0
4678,6
4679,0
4680,6
4681,0
4682,6
4683,6
4684,4
4685,0
4686,6
4687,0
4688,0
4689,0
4690,6
4691,4
4692,4
4693,6
4694,4
4695,4
4696,4
4697,4
4698,4
4699,6
4700,4
4701,5
4702,4
4703,4
4704,4
4705,2
4706,2
4707,6
4708,6
4709,4
4710,6
4711,2
4712,6
4713,6
4714,4
4715,6
4716,6
4717,6
4718,6
4719,4
4720,0
4721,0
4722,0
4723,4
4724,4
4725,6
4726,4
4727,6
4728,4
4729,6
4730,4
4731,6
4732,0
4733,0
4734,0
4735,4
4736,6
4737,6
4738,4
4739,6
4740,4
4741,0
4742,2
4743,0
4744,6
4745,0
4746,2
4747,4
4748,0
4749,6
4750,0
4751,4
4752,0
4753,4
4754,0
4755,6
4756,6
4757,0
4758,6
4759,0
4760,0
4761,0
4762,0
4763,0
4764,0
4765,2
4766,6
4767,6
4768,0
4769,6
4770,6
4771,6
4772,2
4773,4
4774,6
4775,0
4776,6
4777,4
4778,6
4779,0
4780,6
4781,4
4782,2
4783,0
4784,2
4785,0
4786,2
4787,0
4788,0
4789,0
4790,0
4791,0
4792,0
4793,4
4794,0
4795,0
4796,4
4797,0
4798,6
4799,4
4800,4
4801,4
4802,0
4803,0
4804,0
4805,0
4806,0
4807,4
4808,0
4809,4
4810,0
4811,0
4812,0
4813,0
4814,0
4815,0
4816,0
4817,0
4818,0
4819,0
4820,0
4821,0
4822,0
4823,0
4824,2
4825,4
4826,4
4827,0
4828,4
4829,6
4830,0
4831,4
4832,4
4833,0
4834,0
4835,5
4836,5
4837,0
4838,6
4839,6
4840,6
4841,4
4842,6
4843,0
4844,0
4845,4
4846,4
4847,0
4848,0
4849,0
4850,0
4851,0
4852,6
4853,0
4854,4
4855,0
4856,6
4857,0
4858,6
4859,6
4860,0
4861,4
4862,0
4863,0
4864,0
4865,6
4866,0
4867,6
4868,6
4869,0
4870,4
4871,0
4872,6
4873,0
4874,0
4875,6
4876,6
4877,6
4878,6
4879,0
4880,6
4881,0
4882,0
4883,0
4884,5
4885,0
4886,0
4887,6
4888,0
4889,0
4890,6
4891,0
4892,0
4893,4
4894,0
4895,0
4896,0
4897,0
4898,2
4899,6
4900,4
4901,0
4902,0
4903,0
4904,0
4905,0
4906,0
4907,0
4908,0
4909,0
4910,4
4911,6
4912,0
4913,0
4914,4
4915,0
4916,0
4917,6
4918,6
4919,0
4920,4
4921,0
4922,4
4923,0
4924,0
4925,0
4926,0
4927,0
4928,0
4929,2
4930,0
4931,0
4932,0
4933,0
4934,4
4935,0
4936,0
4937,0
4938,0
4939,0
4940,0
4941,6
4942,5
4943,0
4944,0
4945,2
4946,0
4947,0
4948,2
4949,2
4950,6
4951,4
4952,4
4953,4
4954,6
4955,0
4956,3
4957,6
4958,6
4959,4
4960,6
4961,0
4962,6
4963,0
4964,6
4965,2
4966,0
4967,0
4968,0
4969,0
4970,0
4971,5
4972,0
4973,2
4974,0
4975,0
4976,6
4977,0
4978,2
4979,0
4980,0
4981,1
4982,6
4983,4
4984,6
4985,6
4986,4
4987,4
4988,4
4989,6
4990,4
4991,6
4992,4
4993,0
4994,6
4995,6
4996,6
4997,4
4998,4
4999,6
5000,6
5001,0
5002,6
5003,6
5004,6
5005,4
5006,6
5007,4
5008,6
5009,6
5010,4
5011,6
5012,0
5013,2
5014,6
5015,6
5016,4
5017,6
5018,4
5019,0
5020,4
5021,0
5022,6
5023,6
5024,6
5025,6
5026,6
5027,0
5028,6
5029,4
5030,6
5031,4
5032,6
5033,0
5034,0
5035,6
5036,4
5037,4
5038,4
5039,4
5040,4
5041,2
5042,0
5043,4
5044,0
5045,4
5046,4
5047,0
5048,0
5049,6
5050,0
5051,0
5052,6
5053,0
5054,0
5055,4
5056,6
5057,0
5058,4
5059,0
5060,0
5061,0
5062,0
5063,6
5064,2
5065,0
5066,0
5067,6
5068,0
5069,0
5070,6
5071,6
5072,2
5073,0
5074,0
5075,2
5076,0
5077,0
5078,0
5079,0
5080,0
5081,6
5082,2
5083,0
5084,0
5085,0
5086,6
5087,2
5088,3
5089,3
5090,0
5091,0
5092,0
5093,0
5094,0
5095,0
5096,0
5097,0
5098,5
5099,0
5100,0
5101,2
5102,6
5103,1
5104,2
5105,2
5106,4
5107,4
5108,0
5109,0
5110,0
5111,0
5112,0
5113,0
5114,6
5115,0
5116,6
5117,0
5118,0
5119,0
5120,4
5121,0
5122,2
5123,0
5124,0
5125,0
5126,6
5127,0
5128,4
5129,0
5130,2
5131,0
5132,2
5133,2
5134,0
5135,1
5136,0
5137,3
5138,2
5139,2
5140,2
5141,2
5142,0
5143,6
5144,2
5145,2
5146,0
5147,4
5148,0
5149,0
5150,0
5151,4
5152,0
5153,4
5154,0
5155,0
5156,6
5157,6
5158,0
5159,0
5160,0
5161,0
5162,0
5163,6
5164,0
5165,0
5166,0
5167,0
5168,0
5169,0
5170,0
5171,0
5172,0
5173,0
5174,6
5175,0
5176,6
5177,6
5178,0
5179,5
5180,0
5181,2
5182,5
5183,0
5184,0
5185,0
5186,0
5187,0
5188,0
5189,1
5190,0
5191,0
5192,6
5193,5
5194,0
5195,0
5196,2
5197,2
5198,2
5199,0
5200,2
5201,0
5202,0
5203,6
5204,0
5205,0
5206,0
5207,0
5208,0
5209,0
5210,0
5211,0
5212,0
5213,0
5214,0
5215,0
5216,0
5217,0
5218,2
5219,0
5220,2
5221,3
5222,0
5223,3
5224,3
5225,0
5226,2
5227,0
5228,0
5229,3
5230,0
5231,6
5232,0
5233,2
5234,0
5235,0
5236,0
5237,2
5238,0
5239,0
5240,0
5241,5
5242,3
5243,2
5244,2
5245,0
5246,0
5247,5
5248,0
5249,0
5250,0
5251,3
5252,2
5253,3
5254,3
5255,5
5256,1
5257,5
5258,1
5259,5
5260,1
5261,5
5262,1
5263,1
5264,3
5265,1
5266,3
5267,2
5268,5
5269,0
5270,5
5271,3
5272,5
5273,2
5274,3
5275,3
5276,3
5277,3
5278,3
5279,0
5280,2
5281,3
5282,1
5283,1
5284,5
5285,5
5286,3
5287,5
5288,2
5289,3
5290,2
5291,3
5292,1
5293,2
5294,2
5295,1
5296,5
5297,3
5298,5
5299,5
5300,1
5301,3
5302,2
5303,3
5304,2
5305,1
5306,5
5307,1
5308,3
5309,3
5310,2
5311,2
5312,1
5313,5
5314,2
5315,3
5316,5
5317,3
5318,3
5319,2
5320,2
5321,3
5322,2
5323,5
5324,3
5325,1
5326,5
5327,3
5328,5
5329,5
5330,5
5331,5
5332,2
5333,3
5334,5
5335,0
5336,2
5337,5
5338,2
5339,3
5340,5
5341,3
5342,1
5343,3
5344,2
5345,1
5346,5
5347,3
5348,1
5349,1
5350,0
5351,5
5352,2
5353,2
5354,3
5355,0
5356,3
5357,3
5358,5
5359,3
5360,2
5361,5
5362,5
5363,3
5364,3
5365,3
5366,1
5367,0
5368,1
5369,3
5370,1
5371,3
5372,5
5373,2
5374,1
5375,3
5376,1
5377,1
5378,2
5379,2
5380,3
5381,3
5382,1
5383,3
5384,3
5385,3
5386,3
5387,2
5388,3
5389,1
5390,1
5391,1
5392,3
5393,1
5394,1
5395,1
5396,1
5397,3
5398,0
5399,3
5400,3
5401,3
5402,3
5403,2
5404,3
5405,2
5406,2
5407,3
5408,2
5409,0
5410,5
5411,5
5412,3
5413,1
5414,5
5415,1
5416,1
5417,2
5418,3
5419,3
5420,1
5421,0
5422,3
5423,3
5424,2
5425,1
5426,1
5427,3
5428,5
5429,3
5430,3
5431,1
5432,5
5433,1
5434,3
5435,3
5436,0
5437,1
5438,2
5439,1
5440,3
5441,1
5442,3
5443,3
5444,5
5445,0
5446,3
5447,1
5448,3
5449,5
5450,3
5451,5
5452,3
5453,3
5454,2
5455,1
5456,2
5457,5
5458,5
5459,1
5460,3
5461,2
5462,5
5463,3
5464,1
5465,5
5466,1
5467,2
5468,2
5469,3
5470,5
5471,1
5472,2
5473,1
5474,5
5475,2
5476,3
5477,3
5478,3
5479,1
5480,5
5481,5
5482,3
5483,1
5484,2
5485,5
5486,2
5487,0
5488,3
5489,3
5490,2
5491,1
5492,2
5493,3
5494,3
5495,3
5496,5
5497,3
5498,2
5499,3
5500,2
5501,2
5502,2
5503,3
5504,2
5505,5
5506,3
5507,5
5508,3
5509,3
5510,3
5511,2
5512,2
5513,5
5514,3
5515,3
5516,3
5517,3
5518,2
5519,5
5520,3
5521,3
5522,5
5523,2
5524,1
5525,2
5526,5
5527,2
5528,3
5529,2
5530,3
5531,2
5532,3
5533,5
5534,2
5535,5
5536,1
5537,1
5538,3
5539,5
5540,3
5541,3
5542,1
5543,1
5544,1
5545,1
5546,5
5547,3
5548,3
5549,3
5550,3
5551,3
5552,1
5553,2
5554,3
5555,3
5556,1
5557,2
5558,1
5559,3
5560,3
5561,3
5562,1
5563,3
5564,5
5565,3
5566,1
5567,3
5568,3
5569,1
5570,2
5571,3
5572,3
5573,3
5574,3
5575,1
5576,3
5577,0
5578,3
5579,3
5580,3
5581,1
5582,3
5583,1
5584,2
5585,5
5586,2
5587,2
5588,3
5589,5
5590,3
5591,5
5592,2
5593,1
5594,5
5595,3
5596,5
5597,3
5598,2
5599,2
5600,5
5601,3
5602,3
5603,3
5604,3
5605,3
5606,2
5607,3
5608,3
5609,3
5610,1
5611,5
5612,5
5613,1
5614,3
5615,5
5616,3
5617,5
5618,2
5619,3
5620,2
5621,5
5622,2
5623,2
5624,2
5625,3
5626,1
5627,5
5628,1
5629,5
5630,1
5631,5
5632,1
5633,3
5634,1
5635,1
5636,5
5637,2
5638,3
5639,2
5640,5
5641,1
5642,1
5643,5
5644,3
5645,2
5646,2
5647,2
5648,0
5649,1
5650,2
5651,3
5652,2
5653,5
5654,5
5655,2
5656,3
5657,2
5658,5
5659,5
5660,5
5661,3
5662,1
5663,3
5664,3
5665,2
5666,1
5667,2
5668,5
5669,5
5670,5
5671,1
5672,1
5673,3
5674,2
5675,3
5676,2
5677,2
5678,5
5679,2
5680,2
5681,3
5682,1
5683,1
5684,2
5685,1
5686,2
5687,2
5688,2
5689,2
5690,3
5691,3
5692,2
5693,3
5694,0
5695,3
5696,3
5697,3
5698,3
5699,1
5700,3
5701,3
5702,3
5703,2
5704,3
5705,3
5706,3
5707,3
5708,3
5709,3
5710,1
5711,1
5712,5
5713,2
5714,2
5715,1
5716,5
5717,1
5718,3
5719,5
5720,3
5721,3
5722,3
5723,2
5724,0
5725,2
5726,2
5727,1
5728,0
5729,2
5730,2
5731,5
5732,3
5733,3
5734,3
5735,2
5736,3
5737,2
5738,2
5739,1
5740,3
5741,0
5742,3
5743,2
5744,3
5745,3
5746,3
5747,3
5748,5
5749,3
5750,3
5751,2
5752,3
5753,3
5754,3
5755,2
5756,5
5757,2
5758,2
5759,5
5760,0
5761,2
5762,2
5763,3
5764,2
5765,5
5766,3
5767,5
5768,2
5769,5
5770,5
5771,5
5772,2
5773,2
5774,5
5775,2
5776,0
5777,5
5778,2
5779,2
5780,3
5781,1
5782,3
5783,5
5784,2
5785,3
5786,1
5787,2
5788,1
5789,5
5790,2
5791,2
5792,2
5793,5
5794,2
5795,0
5796,3
5797,0
5798,2
5799,3
5800,5
5801,3
5802,1
5803,3
5804,2
5805,0
5806,3
5807,5
5808,5
5809,3
5810,1
5811,3
5812,5
5813,5
5814,3
5815,3
5816,5
5817,5
5818,5
5819,3
5820,3
5821,3
5822,3
5823,5
5824,5
5825,5
5826,5
5827,1
5828,1
5829,3
5830,1
5831,3
5832,2
5833,3
5834,2
5835,3
5836,2
5837,2
5838,3
5839,5
5840,2
5841,5
5842,2
5843,2
5844,5
5845,1
5846,5
5847,5
5848,5
5849,5
5850,3
5851,5
5852,5
5853,3
5854,2
5855,3
5856,3
5857,1
5858,2
5859,0
5860,5
5861,1
5862,1
5863,0
5864,0
5865,2
5866,5
5867,5
5868,5
5869,1
5870,1
5871,1
5872,1
5873,1
5874,2
5875,2
5876,1
5877,1
5878,5
5879,2
5880,1
5881,3
5882,1
5883,2
5884,5
5885,1
5886,1
5887,1
5888,1
5889,5
5890,0
5891,1
5892,0
5893,2
5894,1
5895,1
5896,1
5897,3
5898,1
5899,1
5900,2
5901,2
5902,2
5903,2
5904,1
5905,1
5906,2
5907,2
5908,1
5909,5
5910,3
5911,1
5912,1
5913,1
5914,1
5915,5
5916,1
5917,1
5918,1
5919,1
5920,3
5921,3
5922,3
5923,1
5924,3
5925,3
5926,2
5927,1
5928,2
5929,2
5930,2
5931,2
5932,2
5933,1
5934,1
5935,3
5936,1
5937,3
5938,2
5939,1
5940,5
5941,2
5942,2
5943,3
5944,3
5945,3
5946,3
5947,3
5948,3
5949,3
5950,1
5951,1
5952,2
5953,3
5954,3
5955,3
5956,5
5957,5
5958,5
5959,1
5960,0
5961,3
5962,3
5963,3
5964,3
5965,1
5966,5
5967,0
5968,0
5969,0
5970,0
5971,0
5972,0
5973,5
5974,2
5975,3
5976,3
5977,2
5978,5
5979,2
5980,5
5981,3
5982,3
5983,3
5984,3
5985,2
5986,3
5987,2
5988,2
5989,3
5990,2
5991,2
5992,2
5993,3
5994,1
5995,2
5996,3
5997,1
5998,3
5999,1
6000,3
6001,3
6002,3
6003,5
6004,3
6005,0
6006,1
6007,3
6008,3
6009,3
6010,2
6011,2
6012,3
6013,2
6014,0
6015,2
6016,3
6017,3
6018,3
6019,3
6020,3
6021,2
6022,1
6023,1
6024,2
6025,1
6026,3
6027,3
6028,3
6029,3
6030,3
6031,3
6032,3
6033,1
6034,3
6035,5
6036,5
6037,1
6038,5
6039,3
6040,3
6041,2
6042,1
6043,5
6044,1
6045,1
6046,1
6047,0
6048,2
6049,3
6050,5
6051,1
6052,1
6053,2
6054,3
6055,2
6056,1
6057,5
6058,2
6059,1
6060,1
6061,2
6062,5
6063,5
6064,3
6065,3
6066,1
6067,3
6068,1
6069,2
6070,5
6071,2
6072,2
6073,2
6074,2
6075,2
6076,5
6077,2
6078,5
6079,5
6080,1
6081,5
6082,3
6083,5
6084,5
6085,5
6086,5
6087,5
6088,2
6089,5
6090,3
6091,3
6092,3
6093,5
6094,3
6095,2
6096,2
6097,5
6098,1
6099,1
6100,3
6101,3
6102,3
6103,3
6104,3
6105,2
6106,2
6107,1
6108,5
6109,5
6110,2
6111,0
6112,2
6113,2
6114,1
6115,5
6116,5
6117,2
6118,1
6119,1
6120,3
6121,2
6122,5
6123,1
6124,5
6125,1
6126,2
6127,1
6128,2
6129,3
6130,3
6131,3
6132,1
6133,1
6134,1
6135,5
6136,5
6137,1
6138,2
6139,1
6140,3
6141,2
6142,5
6143,2
6144,1
6145,1
6146,1
6147,5
6148,1
6149,1
6150,3
6151,3
6152,3
6153,3
6154,5
6155,5
6156,5
6157,5
6158,5
6159,5
6160,5
6161,5
6162,3
6163,1
6164,1
6165,2
6166,1
6167,5
6168,3
6169,1
6170,5
6171,1
6172,5
6173,1
6174,1
6175,2
6176,3
6177,2
6178,5
6179,3
6180,1
6181,1
6182,5
6183,2
6184,2
6185,2
6186,2
6187,1
6188,1
6189,1
6190,5
6191,5
6192,5
6193,3
6194,5
6195,5
6196,5
6197,1
6198,1
6199,5
6200,1
6201,1
6202,2
6203,5
6204,2
6205,1
6206,5
6207,5
6208,2
6209,1
6210,1
6211,2
6212,3
6213,2
6214,1
6215,2
6216,5
6217,2
6218,2
6219,1
6220,3
6221,3
6222,3
6223,3
6224,2
6225,3
6226,3
6227,1
6228,3
6229,3
6230,2
6231,2
6232,2
6233,1
6234,3
6235,2
6236,3
6237,0
6238,1
6239,2
6240,3
6241,2
6242,3
6243,3
6244,3
6245,5
6246,3
6247,3
6248,5
6249,5
6250,5
6251,5
6252,5
6253,3
6254,2
6255,3
6256,1
6257,3
6258,5
6259,1
6260,2
6261,1
6262,1
6263,1
6264,1
6265,3
6266,1
6267,5
6268,5
6269,5
6270,5
6271,2
6272,1
6273,3
6274,2
6275,3
6276,3
6277,5
6278,5
6279,2
6280,1
6281,3
6282,2
6283,2
6284,0
6285,5
6286,5
6287,3
6288,5
6289,1
6290,5
6291,1
6292,5
6293,5
6294,5
6295,5
6296,1
6297,1
6298,5
6299,5
6300,5
6301,2
6302,3
6303,2
6304,2
6305,2
6306,3
6307,3
6308,1
6309,1
6310,1
6311,2
6312,1
6313,3
6314,3
6315,1
6316,3
6317,2
6318,3
6319,2
6320,3
6321,2
6322,2
6323,1
6324,2
6325,1
6326,3
6327,2
6328,5
6329,1
6330,2
6331,1
6332,3
6333,5
6334,5
6335,5
6336,5
6337,1
6338,1
6339,1
6340,2
6341,3
6342,3
6343,2
6344,2
6345,2
6346,3
6347,3
6348,2
6349,0
6350,0
6351,0
6352,2
6353,2
6354,3
6355,3
6356,3
6357,0
6358,1
6359,2
6360,5
6361,3
6362,2
6363,1
6364,3
6365,1
6366,3
6367,1
6368,1
6369,3
6370,5
6371,5
6372,5
6373,1
6374,5
6375,2
6376,1
6377,1
6378,3
6379,3
6380,2
6381,5
6382,2
6383,3
6384,1
6385,5
6386,3
6387,5
6388,5
6389,2
6390,2
6391,1
6392,5
6393,1
6394,1
6395,0
6396,0
6397,5
6398,3
6399,2
6400,1
6401,0
6402,2
6403,5
6404,5
6405,3
6406,2
6407,5
6408,5
6409,0
6410,0
6411,2
6412,3
6413,5
6414,0
6415,5
6416,1
6417,1
6418,3
6419,3
6420,3
6421,5
6422,5
6423,5
6424,5
6425,2
6426,5
6427,2
6428,5
6429,5
6430,2
6431,5
6432,5
6433,5
6434,2
6435,5
6436,5
6437,5
6438,5
6439,1
6440,3
6441,5
6442,3
6443,5
6444,3
6445,3
6446,3
6447,5
6448,3
6449,5
6450,5
6451,5
6452,5
6453,1
6454,1
6455,1
6456,0
6457,0
6458,0
6459,0
6460,3
6461,0
6462,0
6463,2
6464,3
6465,0
6466,0
6467,5
6468,5
6469,5
6470,2
6471,2
6472,0
6473,5
6474,0
6475,2
6476,2
6477,2
6478,5
6479,0
6480,0
6481,0
6482,3
6483,5
6484,5
6485,5
6486,5
6487,5
6488,5
6489,2
6490,2
6491,2
6492,2
6493,2
6494,5
6495,2
6496,0
6497,1
6498,1
6499,3
6500,3
6501,2
6502,1
6503,5
6504,2
6505,1
6506,1
6507,2
6508,1
6509,1
6510,1
6511,1
6512,5
6513,1
6514,0
6515,3
6516,5
6517,2
6518,5
6519,1
6520,1
6521,5
6522,1
6523,5
6524,1
6525,3
6526,3
6527,1
6528,5
6529,5
6530,0
6531,5
6532,0
6533,0
6534,2
6535,2
6536,1
6537,1
6538,1
6539,5
6540,5
6541,5
6542,2
6543,2
6544,2
6545,1
6546,5
6547,5
6548,2
6549,3
6550,5
6551,5
6552,5
6553,5
6554,3
6555,5
6556,5
6557,5
6558,2
6559,5
6560,5
6561,2
6562,2
6563,1
6564,5
6565,3
6566,2
6567,1
6568,1
6569,2
6570,3
6571,1
6572,1
6573,1
6574,5
6575,5
6576,5
6577,2
6578,5
6579,0
6580,2
6581,5
6582,5
6583,5
6584,5
6585,5
6586,0
6587,0
6588,2
6589,5
6590,0
6591,5
6592,5
6593,2
6594,5
6595,1
6596,5
6597,5
6598,5
6599,2
6600,5
6601,5
6602,5
6603,1
6604,5
6605,5
6606,5
6607,5
6608,0
6609,1
6610,5
6611,5
6612,2
6613,2
6614,2
6615,3
6616,2
6617,5
6618,2
6619,5
6620,3
6621,3
6622,5
6623,0
6624,5
6625,5
6626,2
6627,1
6628,1
6629,0
6630,0
6631,2
6632,2
6633,2
6634,5
6635,0
6636,5
6637,2
6638,5
6639,2
6640,5
6641,3
6642,1
6643,3
6644,5
6645,0
6646,5
6647,5
6648,5
6649,5
6650,5
6651,5
6652,3
6653,5
6654,0
6655,0
6656,0
6657,0
6658,0
6659,0
6660,0
6661,0
6662,0
6663,0
6664,0
6665,0
6666,3
6667,5
6668,0
6669,3
6670,0
6671,0
6672,5
6673,5
6674,1
6675,5
6676,1
6677,5
6678,3
6679,0
6680,2
6681,2
6682,2
6683,5
6684,0
6685,0
6686,0
6687,0
6688,0
6689,0
6690,0
6691,0
6692,3
6693,5
6694,5
6695,5
6696,1
6697,5
6698,5
6699,1
6700,5
6701,3
6702,3
6703,3
6704,5
6705,3
6706,3
6707,1
6708,3
6709,2
6710,2
6711,3
6712,5
6713,5
6714,2
6715,2
6716,3
6717,5
6718,5
6719,2
6720,5
6721,1
6722,5
6723,2
6724,3
6725,3
6726,5
6727,5
6728,5
6729,2
6730,2
6731,3
6732,3
6733,3
6734,0
6735,3
6736,2
6737,2
6738,5
6739,5
6740,5
6741,5
6742,5
6743,5
6744,3
6745,5
6746,5
6747,2
6748,2
6749,5
6750,0
6751,3
6752,0
6753,3
6754,3
6755,3
6756,0
6757,5
6758,5
6759,5
6760,2
6761,2
6762,0
6763,5
6764,3
6765,5
6766,0
6767,5
6768,5
6769,3
6770,5
6771,1
6772,5
6773,1
6774,5
6775,3
6776,3
6777,3
6778,3
6779,0
6780,0
6781,0
6782,0
6783,0
6784,0
6785,0
6786,0
6787,0
6788,0
6789,2
6790,0
6791,1
6792,1
6793,3
6794,3
6795,5
6796,5
6797,2
6798,5
6799,5
6800,5
6801,5
6802,3
6803,5
6804,3
6805,5
6806,5
6807,0
6808,2
6809,0
6810,5
6811,2
6812,5
6813,5
6814,5
6815,2
6816,5
6817,5
6818,5
6819,5
6820,1
6821,3
6822,3
6823,0
6824,2
6825,2
6826,5
6827,3
6828,2
6829,5
6830,3
6831,5
6832,5
6833,5
6834,5
6835,2
6836,2
6837,3
6838,3
6839,2
6840,5
6841,5
6842,5
6843,1
6844,5
6845,5
6846,5
6847,2
6848,5
6849,0
6850,0
6851,0
6852,3
6853,3
6854,5
6855,3
6856,3
6857,5
6858,5
6859,3
6860,5
6861,5
6862,3
6863,3
6864,2
6865,5
6866,5
6867,3
6868,5
6869,2
6870,5
6871,1
6872,3
6873,3
6874,3
6875,1
6876,2
6877,5
6878,5
6879,5
6880,5
6881,2
6882,0
6883,5
6884,3
6885,2
6886,2
6887,2
6888,5
6889,1
6890,2
6891,1
6892,3
6893,5
6894,5
6895,5
6896,0
6897,5
6898,5
6899,0
6900,2
6901,5
6902,3
6903,5
6904,5
6905,3
6906,3
6907,5
6908,5
6909,1
6910,1
6911,2
6912,5
6913,5
6914,5
6915,3
6916,5
6917,5
6918,2
6919,3
6920,3
6921,1
6922,1
6923,5
6924,1
6925,5
6926,3
6927,5
6928,3
6929,5
6930,5
6931,3
6932,1
6933,5
6934,5
6935,2
6936,2
6937,3
6938,2
6939,5
6940,2
6941,3
6942,0
6943,2
6944,3
6945,0
6946,1
6947,1
6948,3
6949,0
6950,2
6951,2
6952,2
6953,2
6954,2
6955,3
6956,3
6957,5
6958,5
6959,1
6960,1
6961,1
6962,5
6963,2
6964,5
6965,5
6966,2
6967,2
6968,5
6969,5
6970,5
6971,5
6972,1
6973,1
6974,5
6975,2
6976,2
6977,2
6978,2
6979,2
6980,2
6981,5
6982,5
6983,1
6984,5
6985,5
6986,5
6987,5
6988,5
6989,5
6990,5
6991,5
6992,5
6993,5
6994,5
6995,5
6996,5
6997,5
6998,5
6999,5
7000,5
7001,2
7002,5
7003,2
7004,3
7005,1
7006,5
7007,5
7008,5
7009,2
7010,5
7011,5
7012,5
7013,5
7014,5
7015,1
7016,5
7017,1
7018,1
7019,5
7020,1
7021,1
7022,1
7023,5
7024,3
7025,5
7026,3
7027,5
7028,5
7029,2
7030,3
7031,2
7032,1
7033,5
7034,5
7035,5
7036,5
7037,5
7038,3
7039,5
7040,1
7041,5
7042,5
7043,1
7044,5
7045,2
7046,5
7047,0
7048,2
7049,1
7050,0
7051,5
7052,0
7053,1
7054,3
7055,0
7056,2
7057,2
7058,2
7059,1
7060,1
7061,2
7062,1
7063,5
7064,5
7065,5
7066,5
7067,1
7068,1
7069,5
7070,5
7071,5
7072,2
7073,1
7074,0
7075,0
7076,2
7077,2
7078,2
7079,2
7080,2
7081,3
7082,5
7083,5
7084,5
7085,1
7086,5
7087,5
7088,5
7089,5
7090,5
7091,3
7092,3
7093,5
7094,5
7095,5
7096,5
7097,5
7098,5
7099,5
7100,5
7101,5
7102,5
7103,5
7104,5
7105,1
7106,5
7107,1
7108,5
7109,3
7110,1
7111,1
7112,1
7113,3
7114,3
7115,5
7116,5
7117,5
7118,3
7119,3
7120,2
7121,5
7122,5
7123,5
7124,3
7125,3
7126,3
7127,3
7128,1
7129,2
7130,2
7131,3
7132,2
7133,3
7134,5
7135,3
7136,3
7137,3
7138,3
7139,3
7140,1
7141,3
7142,5
7143,3
7144,3
7145,5
7146,5
7147,5
7148,5
7149,5
7150,5
7151,3
7152,5
7153,2
7154,2
7155,2
7156,5
7157,3
7158,0
7159,0
7160,0
7161,1
7162,3
7163,0
7164,0
7165,3
7166,2
7167,5
7168,5
7169,2
7170,2
7171,2
7172,1
7173,5
7174,2
7175,2
7176,0
7177,3
7178,2
7179,1
7180,3
7181,5
7182,3
7183,5
7184,1
7185,1
7186,3
7187,3
7188,3
7189,5
7190,3
7191,5
7192,3
7193,5
7194,5
7195,5
7196,5
7197,5
7198,2
7199,1
7200,2
7201,1
7202,2
7203,2
7204,1
7205,1
7206,1
7207,3
7208,3
7209,3
7210,3
7211,3
7212,1
7213,2
7214,2
7215,2
7216,1
7217,2
7218,1
7219,5
7220,2
7221,2
7222,1
7223,2
7224,2
7225,2
7226,3
7227,3
7228,3
7229,1
7230,2
7231,1
7232,2
7233,1
7234,0
7235,3
7236,5
7237,3
7238,1
7239,5
7240,3
7241,5
7242,3
7243,3
7244,1
7245,1
7246,3
7247,3
7248,5
7249,3
7250,1
7251,1
7252,5
7253,0
7254,3
7255,3
7256,1
7257,3
7258,3
7259,2
7260,1
7261,3
7262,3
7263,1
7264,1
7265,5
7266,1
7267,1
7268,1
7269,1
7270,1
7271,5
7272,1
7273,5
7274,1
7275,1
7276,3
7277,3
7278,2
7279,5
7280,3
7281,3
7282,3
7283,3
7284,3
7285,3
7286,5
7287,3
7288,1
7289,3
7290,3
7291,5
7292,3
7293,1
7294,3
7295,1
7296,2
7297,1
7298,3
7299,3
7300,1
7301,1
7302,1
7303,1
7304,2
7305,1
7306,2
7307,1
7308,5
7309,3
7310,3
7311,0
7312,5
7313,1
7314,3
7315,5
7316,1
7317,1
7318,5
7319,2
7320,2
7321,2
7322,2
7323,3
7324,1
7325,5
7326,1
7327,5
7328,1
7329,1
7330,1
7331,1
7332,2
7333,1
7334,1
7335,1
7336,1
7337,3
7338,3
7339,5
7340,3
7341,2
7342,2
7343,2
7344,2
7345,3
7346,2
7347,3
7348,2
7349,1
7350,1
7351,3
7352,2
7353,3
7354,5
7355,5
7356,1
7357,1
7358,1
7359,1
7360,0
7361,5
7362,5
7363,1
7364,3
7365,3
7366,3
7367,3
7368,3
7369,1
7370,1
7371,3
7372,2
7373,3
7374,3
7375,1
7376,3
7377,3
7378,2
7379,3
7380,0
7381,2
7382,5
7383,3
7384,1
7385,1
7386,2
7387,1
7388,1
7389,1
7390,3
7391,3
7392,1
7393,5
7394,1
7395,2
7396,1
7397,1
7398,0
7399,2
7400,2
7401,2
7402,3
7403,3
7404,1
7405,5
7406,1
7407,2
7408,1
7409,1
7410,2
7411,3
7412,2
7413,3
7414,3
7415,3
7416,1
7417,3
7418,3
7419,3
7420,3
7421,1
7422,1
7423,1
7424,1
7425,1
7426,3
7427,2
7428,0
7429,1
7430,3
7431,3
7432,3
7433,3
7434,3
7435,1
7436,2
7437,1
7438,1
7439,5
7440,5
7441,2
7442,5
7443,5
7444,2
7445,2
7446,2
7447,5
7448,3
7449,3
7450,3
7451,3
7452,0
7453,2
7454,0
7455,1
7456,2
7457,3
7458,5
7459,5
7460,5
7461,3
7462,3
7463,5
7464,5
7465,5
7466,5
7467,3
7468,5
7469,1
7470,2
7471,2
7472,2
7473,3
7474,3
7475,1
7476,5
7477,1
7478,5
7479,5
7480,5
7481,1
7482,5
7483,3
7484,3
7485,3
7486,2
7487,3
7488,5
7489,5
7490,5
7491,5
7492,3
7493,1
7494,1
7495,2
7496,3
7497,1
7498,5
7499,1
7500,1
7501,1
7502,1
7503,1
7504,2
7505,2
7506,5
7507,5
7508,2
7509,1
7510,1
7511,2
7512,3
7513,3
7514,1
7515,5
7516,0
7517,0
7518,2
7519,5
7520,1
7521,5
7522,5
7523,5
7524,2
7525,5
7526,5
7527,3
7528,3
7529,3
7530,3
7531,5
7532,5
7533,5
7534,2
7535,2
7536,5
7537,5
7538,5
7539,5
7540,2
7541,1
7542,3
7543,3
7544,1
7545,1
7546,2
7547,3
7548,2
7549,3
7550,1
7551,1
7552,1
7553,1
7554,1
7555,5
7556,5
7557,5
7558,5
7559,5
7560,1
7561,5
7562,3
7563,3
7564,1
7565,5
7566,1
7567,1
7568,1
7569,5
7570,5
7571,5
7572,5
7573,2
7574,5
7575,5
7576,5
7577,5
7578,2
7579,1
7580,5
7581,1
7582,2
7583,2
7584,5
7585,1
7586,5
7587,3
7588,5
7589,5
7590,5
7591,5
7592,0
7593,5
7594,5
7595,1
7596,3
7597,5
7598,5
7599,1
7600,1
7601,1
7602,2
7603,5
7604,1
7605,5
7606,5
7607,5
7608,5
7609,5
7610,0
7611,3
7612,2
7613,5
7614,1
7615,2
7616,3
7617,2
7618,5
7619,3
7620,5
7621,0
7622,3
7623,5
7624,5
7625,1
7626,2
7627,3
7628,3
7629,5
7630,0
7631,0
7632,3
7633,3
7634,3
7635,3
7636,5
7637,1
7638,5
7639,5
7640,2
7641,2
7642,2
7643,1
7644,5
7645,0
7646,5
7647,5
7648,5
7649,2
7650,1
7651,5
7652,5
7653,5
7654,3
7655,3
7656,3
7657,3
7658,2
7659,5
7660,5
7661,3
7662,5
7663,5
7664,5
7665,2
7666,0
7667,5
7668,5
7669,2
7670,2
7671,5
7672,2
7673,3
7674,3
7675,0
7676,2
7677,5
7678,5
7679,1
7680,5
7681,1
7682,1
7683,1
7684,1
7685,5
7686,5
7687,1
7688,5
7689,1
7690,3
7691,3
7692,5
7693,1
7694,3
7695,0
7696,2
7697,2
7698,3
7699,3
7700,1
7701,3
7702,3
7703,1
7704,3
7705,1
7706,1
7707,0
7708,3
7709,3
7710,0
7711,3
7712,3
7713,1
7714,3
7715,5
7716,5
7717,1
7718,3
7719,3
7720,2
7721,1
7722,2
7723,3
7724,3
7725,1
7726,2
7727,5
7728,1
7729,5
7730,1
7731,2
7732,2
7733,3
7734,2
7735,1
7736,1
7737,1
7738,5
7739,1
7740,1
7741,2
7742,1
7743,2
7744,2
7745,1
7746,1
7747,3
7748,1
7749,2
7750,2
7751,1
7752,2
7753,1
7754,1
7755,1
7756,1
7757,1
7758,2
7759,0
7760,2
7761,3
7762,5
7763,5
7764,1
7765,2
7766,5
7767,5
7768,1
7769,3
7770,3
7771,3
7772,1
7773,1
7774,3
7775,3
7776,3
7777,3
7778,1
7779,3
7780,3
7781,5
7782,2
7783,1
7784,5
7785,1
7786,3
7787,5
7788,5
7789,1
7790,0
7791,0
7792,2
7793,1
7794,1
7795,1
7796,3
7797,2
7798,2
7799,5
7800,2
7801,1
7802,1
7803,2
7804,3
7805,1
7806,3
7807,5
7808,1
7809,1
7810,1
7811,1
7812,1
7813,1
7814,5
7815,5
7816,3
7817,3
7818,3
7819,1
7820,1
7821,2
7822,1
7823,1
7824,1
7825,5
7826,1
7827,1
7828,5
7829,3
7830,2
7831,3
7832,3
7833,3
7834,1
7835,3
7836,1
7837,3
7838,5
7839,1
7840,1
7841,1
7842,0
7843,2
7844,1
7845,1
7846,1
7847,0
7848,2
7849,3
7850,2
7851,2
7852,3
7853,0
7854,1
7855,1
7856,1
7857,3
7858,3
7859,1
7860,1
7861,1
7862,1
7863,1
7864,1
7865,1
7866,1
7867,2
7868,2
7869,3
7870,3
7871,3
7872,3
7873,3
7874,3
7875,1
7876,1
7877,3
7878,3
7879,1
7880,5
7881,5
7882,3
7883,1
7884,1
7885,1
7886,1
7887,1
7888,1
7889,3
7890,5
7891,5
7892,5
7893,1
7894,1
7895,3
7896,2
7897,1
7898,5
7899,5
7900,2
7901,3
7902,1
7903,2
7904,2
7905,3
7906,2
7907,1
7908,2
7909,2
7910,0
7911,1
7912,1
7913,5
7914,5
7915,3
7916,0
7917,0
7918,5
7919,5
7920,2
7921,3
7922,5
7923,5
7924,0
7925,1
7926,1
7927,3
7928,3
7929,5
7930,2
7931,5
7932,5
7933,5
7934,5
7935,0
7936,0
7937,0
7938,5
7939,2
7940,1
7941,2
7942,2
7943,3
7944,5
7945,5
7946,0
7947,2
7948,5
7949,5
7950,5
7951,2
7952,3
7953,1
7954,1
7955,0
7956,2
7957,2
7958,0
7959,1
7960,3
7961,1
7962,1
7963,1
7964,1
7965,0
7966,5
7967,1
7968,2
7969,1
7970,1
7971,5
7972,1
7973,3
7974,1
7975,3
7976,1
7977,0
7978,1
7979,0
7980,2
7981,1
7982,5
7983,2
7984,1
7985,3
7986,1
7987,3
7988,5
7989,3
7990,3
7991,3
7992,1
7993,1
7994,1
7995,1
7996,2
7997,2
7998,3
7999,2
8000,3
8001,1
8002,5
8003,1
8004,5
8005,1
8006,1
8007,5
8008,1
8009,1
8010,1
8011,1
8012,5
8013,1
8014,1
8015,1
8016,1
8017,1
8018,1
8019,1
8020,1
8021,1
8022,2
8023,5
8024,0
8025,0
8026,1
8027,1
8028,1
8029,1
8030,1
8031,1
8032,1
8033,3
8034,1
8035,3
8036,5
8037,1
8038,1
8039,3
8040,5
8041,3
8042,1
8043,3
8044,3
8045,2
8046,5
8047,3
8048,1
8049,1
8050,1
8051,1
8052,1
8053,1
8054,2
8055,1
8056,1
8057,3
8058,1
8059,1
8060,3
8061,1
8062,3
8063,1
8064,1
8065,1
8066,1
8067,1
8068,3
8069,1
8070,1
8071,1
8072,1
8073,3
8074,3
8075,5
8076,5
8077,1
8078,1
8079,1
8080,1
8081,3
8082,2
8083,0
8084,1
8085,3
8086,3
8087,5
8088,1
8089,1
8090,1
8091,1
8092,0
8093,0
8094,0
8095,5
8096,0
8097,3
8098,3
8099,3
8100,3
8101,3
8102,0
8103,2
8104,0
8105,3
8106,3
8107,1
8108,3
8109,2
8110,3
8111,3
8112,3
8113,0
8114,1
8115,0
8116,3
8117,3
8118,3
8119,3
8120,0
8121,0
8122,0
8123,5
8124,1
8125,1
8126,3
8127,3
8128,3
8129,0
8130,2
8131,5
8132,2
8133,5
8134,1
8135,5
8136,5
8137,1
8138,1
8139,2
8140,5
8141,0
8142,3
8143,5
8144,5
8145,5
8146,3
8147,5
8148,5
8149,2
8150,2
8151,5
8152,5
8153,3
8154,2
8155,1
8156,1
8157,2
8158,5
8159,5
8160,2
8161,3
8162,0
8163,0
8164,5
8165,1
8166,1
8167,2
8168,1
8169,2
8170,5
8171,3
8172,3
8173,3
8174,3
8175,3
8176,1
8177,3
8178,3
8179,5
8180,5
8181,2
8182,2
8183,0
8184,5
8185,5
8186,5
8187,1
8188,5
8189,5
8190,5
8191,5
8192,2
8193,5
8194,5
8195,5
8196,2
8197,1
8198,0
8199,2
8200,3
8201,2
8202,3
8203,5
8204,5
8205,0
8206,0
8207,5
8208,2
8209,0
8210,5
8211,0
8212,1
8213,5
8214,5
8215,0
8216,5
8217,3
8218,2
8219,2
8220,5
8221,2
8222,5
8223,1
8224,5
8225,0
8226,2
8227,2
8228,2
8229,1
8230,1
8231,2
8232,0
8233,0
8234,5
8235,0
8236,3
8237,2
8238,1
8239,2
8240,5
8241,2
8242,3
8243,3
8244,2
8245,5
8246,3
8247,5
8248,5
8249,0
8250,3
8251,2
8252,2
8253,5
8254,5
8255,5
8256,2
8257,2
8258,2
8259,5
8260,5
8261,1
8262,5
8263,3
8264,5
8265,3
8266,5
8267,3
8268,3
8269,3
8270,3
8271,3
8272,3
8273,3
8274,3
8275,3
8276,1
8277,5
8278,5
8279,5
8280,5
8281,3
8282,3
8283,3
8284,3
8285,3
8286,2
8287,5
8288,1
8289,2
8290,1
8291,1
8292,1
8293,1
8294,5
8295,2
8296,5
8297,1
8298,1
8299,5
8300,5
8301,5
8302,1
8303,1
8304,5
8305,2
8306,2
8307,1
8308,1
8309,5
8310,2
8311,5
8312,5
8313,2
8314,2
8315,5
8316,3
8317,3
8318,5
8319,3
8320,3
8321,3
8322,5
8323,5
8324,3
8325,5
8326,2
8327,1
8328,1
8329,1
8330,1
8331,2
8332,1
8333,1
8334,5
8335,5
8336,2
8337,1
8338,1
8339,5
8340,0
8341,5
8342,1
8343,1
8344,3
8345,3
8346,5
8347,0
8348,5
8349,3
8350,1
8351,5
8352,3
8353,5
8354,1
8355,1
8356,1
8357,1
8358,1
8359,1
8360,1
8361,5
8362,3
8363,3
8364,3
8365,2
8366,0
8367,2
8368,3
8369,1
8370,1
8371,5
8372,1
8373,3
8374,3
8375,5
8376,1
8377,5
8378,3
8379,1
8380,3
8381,5
8382,3
8383,3
8384,2
8385,5
8386,3
8387,3
8388,2
8389,5
8390,1
8391,3
8392,5
8393,5
8394,1
8395,1
8396,1
8397,5
8398,1
8399,5
8400,3
8401,3
8402,0
8403,1
8404,0
8405,3
8406,1
8407,1
8408,3
8409,3
8410,3
8411,3
8412,5
8413,2
8414,5
8415,2
8416,3
8417,3
8418,5
8419,1
8420,1
8421,2
8422,0
8423,2
8424,2
8425,2
8426,5
8427,3
8428,0
8429,0
8430,1
8431,5
8432,1
8433,2
8434,1
8435,3
8436,3
8437,1
8438,5
8439,5
8440,5
8441,1
8442,1
8443,2
8444,1
8445,2
8446,3
8447,3
8448,3
8449,0
8450,0
8451,2
8452,2
8453,2
8454,0
8455,3
8456,1
8457,2
8458,2
8459,1
8460,2
8461,1
8462,2
8463,2
8464,1
8465,5
8466,5
8467,1
8468,1
8469,3
8470,3
8471,3
8472,1
8473,5
8474,1
8475,3
8476,1
8477,3
8478,5
8479,1
8480,2
8481,3
8482,5
8483,5
8484,5
8485,1
8486,2
8487,5
8488,1
8489,5
8490,1
8491,1
8492,1
8493,1
8494,5
8495,1
8496,2
8497,2
8498,1
8499,5
8500,3
8501,5
8502,3
8503,2
8504,1
8505,1
8506,5
8507,1
8508,2
8509,2
8510,5
8511,2
8512,2
8513,1
8514,3
8515,1
8516,1
8517,3
8518,1
8519,1
8520,0
8521,0
8522,5
8523,0
8524,1
8525,5
8526,2
8527,1
8528,5
8529,1
8530,3
8531,3
8532,3
8533,2
8534,3
8535,3
8536,1
8537,3
8538,3
8539,5
8540,5
8541,1
8542,1
8543,1
8544,0
8545,5
8546,3
8547,1
8548,1
8549,1
8550,1
8551,5
8552,1
8553,3
8554,3
8555,5
8556,5
8557,1
8558,3
8559,3
8560,3
8561,5
8562,1
8563,2
8564,0
8565,2
8566,2
8567,5
8568,1
8569,1
8570,1
8571,5
8572,5
8573,1
8574,1
8575,5
8576,1
8577,2
8578,1
8579,3
8580,1
8581,1
8582,1
8583,3
8584,3
8585,3
8586,2
8587,1
8588,5
8589,3
8590,1
8591,3
8592,2
8593,1
8594,1
8595,1
8596,1
8597,3
8598,3
8599,1
8600,3
8601,2
8602,3
8603,3
8604,1
8605,1
8606,1
8607,2
8608,2
8609,2
8610,3
8611,5
8612,1
8613,0
8614,1
8615,1
8616,5
8617,1
8618,0
8619,3
8620,1
8621,1
8622,3
8623,0
8624,3
8625,0
8626,0
8627,0
8628,0
8629,0
8630,1
8631,3
8632,5
8633,3
8634,1
8635,2
8636,5
8637,5
8638,1
8639,5
8640,2
8641,2
8642,1
8643,0
8644,5
8645,1
8646,1
8647,5
8648,5
8649,3
8650,2
8651,3
8652,3
8653,5
8654,5
8655,2
8656,3
8657,3
8658,1
8659,1
8660,1
8661,2
8662,2
8663,1
8664,3
8665,3
8666,3
8667,0
8668,3
8669,3
8670,3
8671,1
8672,2
8673,2
8674,2
8675,3
8676,2
8677,1
8678,2
8679,2
8680,1
8681,2
8682,1
8683,0
8684,3
8685,1
8686,3
8687,3
8688,3
8689,3
8690,3
8691,3
8692,5
8693,5
8694,3
8695,5
8696,3
8697,2
8698,3
8699,2
8700,3
8701,3
8702,3
8703,2
8704,3
8705,1
8706,3
8707,3
8708,1
8709,1
8710,1
8711,2
8712,5
8713,1
8714,3
8715,3
8716,0
8717,2
8718,3
8719,3
8720,1
8721,1
8722,5
8723,1
8724,1
8725,1
8726,2
8727,3
8728,5
8729,3
8730,2
8731,1
8732,1
8733,3
8734,5
8735,5
8736,2
8737,1
8738,1
8739,1
8740,5
8741,1
8742,2
8743,5
8744,5
8745,3
8746,5
8747,1
8748,0
8749,0
8750,0
8751,5
8752,0
8753,0
8754,1
8755,3
8756,5
8757,2
8758,3
8759,1
8760,1
8761,3
8762,3
8763,3
8764,1
8765,2
8766,5
8767,1
8768,1
8769,3
8770,5
8771,5
8772,0
8773,2
8774,2
8775,2
8776,0
8777,1
8778,2
8779,2
8780,2
8781,3
8782,5
8783,1
8784,5
8785,1
8786,2
8787,0
8788,0
8789,3
8790,1
8791,5
8792,1
8793,0
8794,5
8795,2
8796,1
8797,3
8798,5
8799,5
8800,1
8801,5
8802,5
8803,1
8804,1
8805,2
8806,1
8807,0
8808,5
8809,3
8810,5
8811,3
8812,2
8813,5
8814,3
8815,5
8816,2
8817,5
8818,1
8819,5
8820,5
8821,3
8822,2
8823,2
8824,5
8825,5
8826,5
8827,2
8828,1
8829,5
8830,5
8831,5
8832,1
8833,1
8834,5
8835,2
8836,2
8837,2
8838,2
8839,5
8840,1
8841,1
8842,1
8843,3
8844,3
8845,5
8846,2
8847,5
8848,2
8849,2
8850,3
8851,5
8852,2
8853,3
8854,1
8855,3
8856,5
8857,2
8858,5
8859,1
8860,0
8861,2
8862,2
8863,5
8864,0
8865,1
8866,2
8867,5
8868,5
8869,5
8870,5
8871,5
8872,1
8873,3
8874,3
8875,3
8876,5
8877,5
8878,5
8879,5
8880,5
8881,5
8882,5
8883,5
8884,3
8885,3
8886,5
8887,5
8888,5
8889,3
8890,5
8891,2
8892,2
8893,1
8894,5
8895,5
8896,1
8897,1
8898,1
8899,1
8900,1
8901,3
8902,1
8903,1
8904,0
8905,0
8906,0
8907,0
8908,1
8909,2
8910,2
8911,2
8912,5
8913,0
8914,2
8915,5
8916,5
8917,0
8918,2
8919,5
8920,5
8921,5
8922,2
8923,2
8924,5
8925,5
8926,2
8927,3
8928,3
8929,3
8930,1
8931,0
8932,1
8933,3
8934,3
8935,1
8936,2
8937,5
8938,5
8939,2
8940,2
8941,3
8942,5
8943,0
8944,2
8945,5
8946,1
8947,2
8948,5
8949,3
8950,3
8951,5
8952,3
8953,5
8954,5
8955,2
8956,3
8957,0
8958,1
8959,3
8960,3
8961,2
8962,2
8963,2
8964,5
8965,5
8966,0
8967,1
8968,2
8969,5
8970,5
8971,5
8972,5
8973,5
8974,5
8975,1
8976,1
8977,5
8978,1
8979,5
8980,5
8981,5
8982,2
8983,1
8984,5
8985,5
8986,0
8987,0
8988,5
8989,1
8990,5
8991,3
8992,1
8993,1
8994,1
8995,1
8996,5
8997,5
8998,5
8999,5
9000,5
9001,5
9002,5
9003,5
9004,5
9005,5
9006,5
9007,5
9008,5
9009,5
9010,5
9011,5
9012,0
9013,0
9014,5
9015,2
9016,5
9017,1
9018,3
9019,3
9020,5
9021,5
9022,5
9023,5
9024,3
9025,5
9026,5
9027,1
9028,0
9029,5
9030,0
9031,0
9032,5
9033,5
9034,5
9035,3
9036,5
9037,3
9038,1
9039,5
9040,5
9041,5
9042,5
9043,5
9044,2
9045,0
9046,2
9047,2
9048,2
9049,5
9050,5
9051,5
9052,5
9053,1
9054,5
9055,0
9056,5
9057,5
9058,3
9059,5
9060,5
9061,2
9062,1
9063,0
9064,0
9065,1
9066,1
9067,5
9068,5
9069,1
9070,3
9071,3
9072,0
9073,1
9074,3
9075,5
9076,2
9077,3
9078,5
9079,3
9080,1
9081,1
9082,5
9083,2
9084,3
9085,1
9086,2
9087,2
9088,2
9089,5
9090,3
9091,3
9092,5
9093,5
9094,3
9095,1
9096,3
9097,5
9098,2
9099,3
9100,3
9101,3
9102,3
9103,3
9104,0
9105,1
9106,1
9107,1
9108,5
9109,2
9110,2
9111,5
9112,5
9113,1
9114,3
9115,2
9116,5
9117,1
9118,5
9119,3
9120,3
9121,5
9122,5
9123,5
9124,2
9125,3
9126,1
9127,5
9128,1
9129,1
9130,1
9131,5
9132,3
9133,3
9134,5
9135,5
9136,3
9137,5
9138,1
9139,5
9140,1
9141,1
9142,1
9143,2
9144,5
9145,0
9146,0
9147,2
9148,3
9149,1
9150,3
9151,0
9152,5
9153,5
9154,1
9155,5
9156,3
9157,2
9158,5
9159,5
9160,5
9161,5
9162,5
9163,3
9164,2
9165,2
9166,2
9167,2
9168,2
9169,1
9170,5
9171,5
9172,1
9173,2
9174,1
9175,5
9176,5
9177,5
9178,3
9179,1
9180,5
9181,1
9182,1
9183,5
9184,1
9185,3
9186,3
9187,5
9188,5
9189,5
9190,3
9191,3
9192,2
9193,2
9194,5
9195,2
9196,2
9197,2
9198,2
9199,1
9200,1
9201,5
9202,2
9203,3
9204,3
9205,3
9206,3
9207,1
9208,3
9209,1
9210,1
9211,3
9212,5
9213,5
9214,5
9215,5
9216,5
9217,2
9218,1
9219,5
9220,5
9221,1
9222,3
9223,3
9224,0
9225,2
9226,3
9227,3
9228,5
9229,5
9230,5
9231,5
9232,5
9233,5
9234,3
9235,2
9236,5
9237,5
9238,5
9239,5
9240,5
9241,1
9242,5
9243,5
9244,1
9245,5
9246,5
9247,2
9248,3
9249,5
9250,5
9251,3
9252,5
9253,5
9254,5
9255,5
9256,5
9257,2
9258,3
9259,1
9260,3
9261,2
9262,3
9263,1
9264,1
9265,5
9266,5
9267,5
9268,5
9269,1
9270,1
9271,0
9272,2
9273,0
9274,5
9275,2
9276,3
9277,3
9278,5
9279,5
9280,5
9281,3
9282,5
9283,5
9284,5
9285,5
9286,1
9287,3
9288,0
9289,0
9290,0
9291,0
9292,0
9293,0
9294,0
9295,0
9296,0
9297,0
9298,0
9299,0
9300,0
9301,2
9302,0
9303,2
9304,5
9305,1
9306,5
9307,2
9308,5
9309,2
9310,3
9311,5
9312,0
9313,5
9314,2
9315,0
9316,1
9317,1
9318,3
9319,1
9320,0
9321,3
9322,3
9323,0
9324,0
9325,0
9326,0
9327,2
9328,2
9329,5
9330,5
9331,2
9332,5
9333,2
9334,5
9335,5
9336,5
9337,1
9338,5
9339,5
9340,3
9341,2
9342,3
9343,2
9344,5
9345,3
9346,5
9347,5
9348,5
9349,5
9350,2
9351,5
9352,5
9353,5
9354,5
9355,0
9356,0
9357,0
9358,3
9359,0
9360,3
9361,0
9362,0
9363,0
9364,0
9365,0
9366,0
9367,0
9368,0
9369,0
9370,0
9371,0
9372,5
9373,0
9374,0
9375,5
9376,3
9377,5
9378,5
9379,2
9380,5
9381,2
9382,2
9383,1
9384,3
9385,2
9386,3
9387,3
9388,2
9389,2
9390,2
9391,3
9392,5
9393,5
9394,5
9395,5
9396,5
9397,5
9398,5
9399,3
9400,3
9401,3
9402,5
9403,2
9404,0
9405,0
9406,2
9407,3
9408,3
9409,3
9410,2
9411,5
9412,5
9413,5
9414,3
9415,3
9416,5
9417,5
9418,5
9419,1
9420,5
9421,5
9422,3
9423,0
9424,5
9425,5
9426,3
9427,3
9428,5
9429,2
9430,1
9431,2
9432,1
9433,5
9434,5
9435,5
9436,3
9437,5
9438,5
9439,5
9440,2
9441,2
9442,5
9443,2
9444,2
9445,2
9446,3
9447,5
9448,5
9449,5
9450,1
9451,5
9452,5
9453,1
9454,5
9455,5
9456,2
9457,1
9458,5
9459,1
9460,5
9461,5
9462,3
9463,5
9464,5
9465,5
9466,2
9467,5
9468,2
9469,5
9470,5
9471,1
9472,3
9473,5
9474,5
9475,5
9476,0
9477,3
9478,3
9479,5
9480,3
9481,1
9482,1
9483,5
9484,1
9485,5
9486,5
9487,5
9488,1
9489,5
9490,5
9491,2
9492,5
9493,5
9494,3
9495,2
9496,2
9497,3
9498,3
9499,2
9500,3
9501,5
9502,5
9503,1
9504,1
9505,5
9506,5
9507,5
9508,1
9509,1
9510,5
9511,5
9512,0
9513,1
9514,5
9515,0
9516,5
9517,5
9518,5
9519,2
9520,2
9521,5
9522,5
9523,5
9524,1
9525,3
9526,2
9527,5
9528,5
9529,3
9530,0
9531,5
9532,2
9533,0
9534,0
9535,2
9536,5
9537,2
9538,0
9539,0
9540,5
9541,1
9542,2
9543,2
9544,2
9545,2
9546,5
9547,1
9548,1
9549,1
9550,5
9551,2
9552,5
9553,5
9554,1
9555,3
9556,5
9557,5
9558,1
9559,1
9560,2
9561,1
9562,1
9563,1
9564,5
9565,3
9566,3
9567,1
9568,5
9569,5
9570,5
9571,2
9572,2
9573,0
9574,2
9575,2
9576,2
9577,2
9578,2
9579,0
9580,0
9581,0
9582,2
9583,1
9584,0
9585,0
9586,2
9587,0
9588,1
9589,0
9590,0
9591,0
9592,1
9593,2
9594,0
9595,0
9596,0
9597,3
9598,2
9599,0
9600,0
9601,0
9602,0
9603,0
9604,0
9605,2
9606,5
9607,1
9608,2
9609,5
9610,5
9611,5
9612,5
9613,1
9614,5
9615,0
9616,5
9617,2
9618,5
9619,2
9620,5
9621,5
9622,5
9623,5
9624,5
9625,3
9626,2
9627,5
9628,3
9629,1
9630,2
9631,5
9632,5
9633,0
9634,0
9635,2
9636,5
9637,5
9638,3
9639,2
9640,5
9641,5
9642,5
9643,2
9644,1
9645,5
9646,5
9647,1
9648,1
9649,3
9650,3
9651,3
9652,5
9653,5
9654,1
9655,1
9656,2
9657,1
9658,1
9659,5
9660,2
9661,5
9662,2
9663,2
9664,2
9665,2
9666,5
9667,5
9668,2
9669,5
9670,5
9671,5
9672,1
9673,5
9674,5
9675,2
9676,0
9677,5
9678,3
9679,3
9680,2
9681,0
9682,3
9683,5
9684,0
9685,5
9686,0
9687,0
9688,2
9689,2
9690,2
9691,3
9692,3
9693,2
9694,3
9695,5
9696,5
9697,2
9698,2
9699,5
9700,2
9701,2
9702,1
9703,2
9704,5
9705,3
9706,5
9707,1
9708,5
9709,5
9710,5
9711,2
9712,2
9713,1
9714,1
9715,1
9716,5
9717,2
9718,2
9719,0
9720,3
9721,2
9722,3
9723,5
9724,3
9725,2
9726,2
9727,1
9728,2
9729,0
9730,0
9731,5
9732,5
9733,5
9734,5
9735,2
9736,5
9737,3
9738,5
9739,0
9740,0
9741,3
9742,3
9743,0
9744,0
9745,0
9746,0
9747,0
9748,2
9749,5
9750,1
9751,5
9752,5
9753,5
9754,5
9755,5
9756,5
9757,0
9758,2
9759,5
9760,1
9761,1
9762,0
9763,2
9764,3
9765,2
9766,2
9767,5
9768,2
9769,0
9770,5
9771,0
9772,2
9773,2
9774,0
9775,0
9776,0
9777,5
9778,5
9779,1
9780,5
9781,2
9782,5
9783,5
9784,5
9785,5
9786,5
9787,1
9788,5
9789,5
9790,2
9791,2
9792,5
9793,5
9794,3
9795,3
9796,3
9797,5
9798,5
9799,2
9800,5
9801,5
9802,2
9803,2
9804,2
9805,5
9806,5
9807,1
9808,1
9809,1
9810,5
9811,1
9812,5
9813,5
9814,1
9815,1
9816,5
9817,1
9818,2
9819,2
9820,0
9821,5
9822,5
9823,5
9824,5
9825,5
9826,5
9827,5
9828,5
9829,1
9830,2
9831,5
9832,5
9833,5
9834,5
9835,3
9836,5
9837,5
9838,1
9839,5
9840,5
9841,1
9842,1
9843,1
9844,1
9845,1
9846,5
9847,5
9848,5
9849,5
9850,2
9851,5
9852,2
9853,2
9854,3
9855,0
9856,1
9857,1
9858,1
9859,2
9860,3
9861,1
9862,5
9863,1
9864,5
9865,5
9866,1
9867,1
9868,0
9869,1
9870,2
9871,2
9872,2
9873,5
9874,1
9875,5
9876,5
9877,5
9878,1
9879,1
9880,3
9881,5
9882,5
9883,1
9884,2
9885,3
9886,1
9887,5
9888,1
9889,5
9890,1
9891,2
9892,3
9893,2
9894,5
9895,3
9896,1
9897,2
9898,1
9899,1
9900,1
9901,5
9902,1
9903,3
9904,3
9905,1
9906,3
9907,1
9908,1
9909,1
9910,1
9911,1
9912,1
9913,1
9914,1
9915,1
9916,1
9917,1
9918,1
9919,1
9920,1
9921,1
9922,1
9923,1
9924,5
9925,1
9926,1
9927,1
9928,1
9929,1
9930,1
9931,1
9932,1
9933,1
9934,1
9935,1
9936,1
9937,5
9938,1
9939,3
9940,3
9941,3
9942,3
9943,3
9944,1
9945,1
9946,2
9947,3
9948,2
9949,2
9950,5
9951,1
9952,1
9953,2
9954,1
9955,1
9956,1
9957,1
9958,1
9959,5
9960,1
9961,1
9962,1
9963,1
9964,2
9965,3
9966,3
9967,3
9968,1
9969,3
9970,1
9971,1
9972,1
9973,5
9974,1
9975,1
9976,1
9977,1
9978,3
9979,1
9980,3
9981,1
9982,3
9983,1
9984,1
9985,5
9986,1
9987,3
9988,3
9989,1
9990,1
9991,1
9992,2
9993,1
9994,1
9995,1
9996,3
9997,1
9998,1
9999,1
10000,5
10001,5
10002,1
10003,2
10004,1
10005,1
10006,1
10007,1
10008,1
10009,1
10010,1
10011,1
10012,5
10013,1
10014,1
10015,2
10016,2
10017,2
10018,2
10019,3
10020,2
10021,1
10022,2
10023,1
10024,2
10025,2
10026,1
10027,1
10028,1
10029,1
10030,1
10031,1
10032,1
10033,1
10034,1
10035,1
10036,1
10037,1
10038,2
10039,1
10040,2
10041,3
10042,3
10043,3
10044,0
10045,2
10046,3
10047,3
10048,3
10049,2
10050,3
10051,1
10052,1
10053,1
10054,5
10055,1
10056,1
10057,1
10058,1
10059,1
10060,1
10061,1
10062,1
10063,1
10064,1
10065,2
10066,1
10067,1
10068,3
10069,1
10070,5
10071,1
10072,3
10073,1
10074,1
10075,1
10076,1
10077,5
10078,2
10079,3
10080,1
10081,1
10082,1
10083,5
10084,1
10085,1
10086,0
10087,3
10088,0
10089,1
10090,3
10091,3
10092,1
10093,1
10094,3
10095,1
10096,3
10097,3
10098,1
10099,1
10100,1
10101,1
10102,1
10103,1
10104,2
10105,1
10106,5
10107,5
10108,5
10109,5
10110,1
10111,5
10112,5
10113,1
10114,5
10115,2
10116,0
10117,1
10118,5
10119,1
10120,5
10121,5
10122,1
10123,1
10124,3
10125,1
10126,3
10127,1
10128,1
10129,3
10130,1
10131,1
10132,1
10133,1
10134,3
10135,1
10136,5
10137,3
10138,1
10139,5
10140,5
10141,5
10142,1
10143,3
10144,1
10145,1
10146,1
10147,5
10148,1
10149,1
10150,2
10151,2
10152,3
10153,1
10154,2
10155,5
10156,1
10157,1
10158,5
10159,5
10160,5
10161,5
10162,5
10163,1
10164,1
10165,3
10166,3
10167,1
10168,3
10169,3
10170,2
10171,3
10172,1
10173,1
10174,1
10175,1
10176,5
10177,1
10178,1
10179,5
10180,1
10181,2
10182,1
10183,5
10184,1
10185,5
10186,1
10187,1
10188,1
10189,1
10190,0
10191,1
10192,1
10193,1
10194,3
10195,2
10196,2
10197,2
10198,5
10199,2
10200,3
10201,1
10202,1
10203,0
10204,3
10205,2
10206,3
10207,3
10208,3
10209,5
10210,3
10211,5
10212,5
10213,5
10214,1
10215,1
10216,1
10217,1
10218,1
10219,3
10220,1
10221,1
10222,3
10223,1
10224,1
10225,3
10226,2
10227,1
10228,1
10229,1
10230,3
10231,3
10232,3
10233,3
10234,1
10235,1
10236,3
10237,3
10238,1
10239,3
10240,3
10241,3
10242,2
10243,2
10244,3
10245,1
10246,1
10247,2
10248,5
10249,1
10250,1
10251,1
10252,1
10253,2
10254,3
10255,1
10256,3
10257,3
10258,3
10259,3
10260,3
10261,1
10262,3
10263,3
10264,1
10265,1
10266,3
10267,0
10268,2
10269,1
10270,3
10271,3
10272,3
10273,3
10274,2
10275,1
10276,1
10277,1
10278,3
10279,3
10280,1
10281,1
10282,3
10283,3
10284,3
10285,3
10286,3
10287,3
10288,2
10289,3
10290,3
10291,1
10292,5
10293,5
10294,3
10295,5
10296,5
10297,1
10298,1
10299,1
10300,1
10301,3
10302,3
10303,3
10304,3
10305,3
10306,5
10307,3
10308,3
10309,3
10310,3
10311,3
10312,3
10313,3
10314,3
10315,3
10316,1
10317,1
10318,1
10319,1
10320,1
10321,5
10322,2
10323,2
10324,1
10325,1
10326,2
10327,3
10328,3
10329,1
10330,5
10331,1
10332,1
10333,2
10334,5
10335,5
10336,1
10337,1
10338,1
10339,1
10340,1
10341,1
10342,1
10343,1
10344,2
10345,1
10346,1
10347,1
10348,1
10349,1
10350,1
10351,1
10352,1
10353,1
10354,1
10355,5
10356,1
10357,2
10358,2
10359,0
10360,1
10361,5
10362,3
10363,3
10364,5
10365,2
10366,1
10367,5
10368,5
10369,5
10370,2
10371,2
10372,5
10373,1
10374,5
10375,0
10376,5
10377,5
10378,5
10379,1
10380,2
10381,5
10382,5
10383,2
10384,0
10385,0
10386,0
10387,2
10388,2
10389,3
10390,2
10391,2
10392,2
10393,5
10394,5
10395,0
10396,0
10397,0
10398,0
10399,5
10400,5
10401,2
10402,1
10403,1
10404,1
10405,1
10406,1
10407,5
10408,5
10409,0
10410,0
10411,0
10412,1
10413,0
10414,0
10415,0
10416,5
10417,5
10418,5
10419,2
10420,5
10421,1
10422,5
10423,2
10424,1
10425,1
10426,1
10427,1
10428,2
10429,5
10430,1
10431,5
10432,2
10433,2
10434,2
10435,0
10436,0
10437,0
10438,0
10439,0
10440,0
10441,0
10442,0
10443,0
10444,5
10445,0
10446,2
10447,3
10448,5
10449,2
10450,5
10451,3
10452,0
10453,0
10454,2
10455,2
10456,5
10457,5
10458,3
10459,3
10460,2
10461,2
10462,5
10463,3
10464,5
10465,5
10466,1
10467,5
10468,5
10469,5
10470,5
10471,5
10472,0
10473,5
10474,5
10475,5
10476,2
10477,0
10478,2
10479,5
10480,5
10481,3
10482,3
10483,3
10484,5
10485,5
10486,5
10487,1
10488,1
10489,1
10490,2
10491,5
10492,5
10493,5
10494,2
10495,1
10496,5
10497,5
10498,3
10499,3
10500,2
10501,5
10502,5
10503,5
10504,5
10505,5
10506,1
10507,5
10508,5
10509,1
10510,1
10511,2
10512,2
10513,2
10514,2
10515,5
10516,2
10517,1
10518,1
10519,2
10520,2
10521,3
10522,1
10523,5
10524,2
10525,5
10526,2
10527,5
10528,2
10529,1
10530,2
10531,0
10532,0
10533,3
10534,3
10535,2
10536,5
10537,2
10538,3
10539,0
10540,0
10541,5
10542,0
10543,0
10544,3
10545,5
10546,5
10547,3
10548,5
10549,3
10550,2
10551,3
10552,3
10553,3
10554,3
10555,5
10556,5
10557,0
10558,0
10559,3
10560,3
10561,3
10562,2
10563,3
10564,2
10565,0
10566,0
10567,0
10568,0
10569,0
10570,1
10571,5
10572,5
10573,2
10574,5
10575,0
10576,5
10577,5
10578,2
10579,2
10580,2
10581,5
10582,3
10583,1
10584,2
10585,3
10586,5
10587,2
10588,3
10589,0
10590,1
10591,5
10592,5
10593,5
10594,3
10595,2
10596,0
10597,0
10598,0
10599,1
10600,2
10601,5
10602,2
10603,5
10604,3
10605,5
10606,5
10607,3
10608,3
10609,1
10610,1
10611,5
10612,1
10613,5
10614,1
10615,5
10616,5
10617,2
10618,3
10619,5
10620,0
10621,3
10622,5
10623,3
10624,3
10625,3
10626,5
10627,0
10628,2
10629,5
10630,3
10631,5
10632,5
10633,5
10634,5
10635,1
10636,2
10637,3
10638,2
10639,2
10640,5
10641,5
10642,0
10643,3
10644,2
10645,3
10646,5
10647,5
10648,5
10649,5
10650,1
10651,1
10652,5
10653,2
10654,2
10655,5
10656,5
10657,5
10658,5
10659,2
10660,2
10661,2
10662,1
10663,2
10664,2
10665,1
10666,5
10667,5
10668,1
10669,3
10670,3
10671,5
10672,1
10673,1
10674,1
10675,1
10676,5
10677,5
10678,2
10679,1
10680,0
10681,0
10682,0
10683,2
10684,3
10685,2
10686,5
10687,3
10688,2
10689,2
10690,1
10691,1
10692,3
10693,2
10694,3
10695,5
10696,3
10697,3
10698,5
10699,2
10700,5
10701,5
10702,5
10703,2
10704,5
10705,5
10706,1
10707,0
10708,3
10709,2
10710,3
10711,5
10712,5
10713,2
10714,2
10715,2
10716,3
10717,5
10718,5
10719,0
10720,3
10721,3
10722,3
10723,2
10724,2
10725,5
10726,3
10727,1
10728,0
10729,0
10730,0
10731,2
10732,2
10733,0
10734,0
10735,1
10736,2
10737,1
10738,0
10739,0
10740,0
10741,0
10742,0
10743,2
10744,5
10745,5
10746,2
10747,2
10748,2
10749,3
10750,3
10751,3
10752,2
10753,2
10754,3
10755,2
10756,2
10757,1
10758,2
10759,2
10760,3
10761,1
10762,2
10763,1
10764,2
10765,0
10766,0
10767,5
10768,5
10769,5
10770,1
10771,5
10772,5
10773,1
10774,1
10775,5
10776,5
10777,2
10778,5
10779,3
10780,2
10781,5
10782,1
10783,5
10784,5
10785,5
10786,2
10787,5
10788,2
10789,3
10790,3
10791,5
10792,5
10793,2
10794,2
10795,0
10796,0
10797,3
10798,0
10799,0
10800,3
10801,3
10802,0
10803,3
10804,3
10805,0
10806,0
10807,0
10808,0
10809,0
10810,2
10811,3
10812,3
10813,1
10814,3
10815,3
10816,0
10817,0
10818,0
10819,0
10820,0
10821,0
10822,3
10823,0
10824,0
10825,5
10826,5
10827,3
10828,1
10829,5
10830,1
10831,1
10832,5
10833,3
10834,3
10835,2
10836,3
10837,3
10838,3
10839,3
10840,0
10841,3
10842,1
10843,1
10844,5
10845,3
10846,3
10847,5
10848,5
10849,5
10850,5
10851,5
10852,5
10853,1
10854,5
10855,2
10856,2
10857,3
10858,1
10859,3
10860,3
10861,3
10862,3
10863,3
10864,3
10865,5
10866,1
10867,2
10868,5
10869,2
10870,5
10871,2
10872,1
10873,1
10874,3
10875,2
10876,2
10877,2
10878,2
10879,3
10880,2
10881,5
10882,3
10883,0
10884,5
10885,5
10886,3
10887,5
10888,3
10889,3
10890,2
10891,5
10892,1
10893,5
10894,1
10895,2
10896,2
10897,3
10898,3
10899,3
10900,3
10901,5
10902,3
10903,3
10904,2
10905,5
10906,1
10907,5
10908,0
10909,0
10910,3
10911,3
10912,0
10913,0
10914,3
10915,1
10916,5
10917,2
10918,5
10919,2
10920,3
10921,3
10922,3
10923,5
10924,2
10925,1
10926,3
10927,1
10928,2
10929,5
10930,5
10931,3
10932,1
10933,2
10934,5
10935,2
10936,2
10937,3
10938,5
10939,5
10940,5
10941,3
10942,3
10943,3
10944,1
10945,1
10946,3
10947,3
10948,5
10949,5
10950,5
10951,5
10952,5
10953,5
10954,5
10955,3
10956,5
10957,2
10958,1
10959,1
10960,1
10961,3
10962,3
10963,1
10964,5
10965,5
10966,2
10967,2
10968,1
10969,1
10970,1
10971,2
10972,5
10973,5
10974,1
10975,3
10976,0
10977,5
10978,2
10979,2
10980,2
10981,5
10982,1
10983,1
10984,1
10985,1
10986,1
10987,1
10988,1
10989,0
10990,2
10991,2
10992,3
10993,5
10994,1
10995,1
10996,3
10997,1
10998,3
10999,5
11000,2
11001,5
11002,5
11003,5
11004,2
11005,3
11006,3
11007,2
11008,5
11009,2
11010,3
11011,1
11012,3
11013,1
11014,1
11015,1
11016,2
11017,2
11018,1
11019,3
11020,5
11021,5
11022,5
11023,5
11024,2
11025,2
11026,1
11027,3
11028,3
11029,5
11030,3
11031,3
11032,3
11033,1
11034,1
11035,2
11036,2
11037,2
11038,5
11039,5
11040,5
11041,5
11042,5
11043,5
11044,1
11045,1
11046,2
11047,1
11048,1
11049,2
11050,5
11051,5
11052,3
11053,5
11054,5
11055,5
11056,3
11057,5
11058,3
11059,5
11060,5
11061,2
11062,3
11063,1
11064,5
11065,5
11066,5
11067,0
11068,0
11069,2
11070,3
11071,3
11072,0
11073,2
11074,5
11075,5
11076,5
11077,3
11078,2
11079,1
11080,5
11081,5
11082,5
11083,5
11084,5
11085,0
11086,1
11087,1
11088,5
11089,3
11090,5
11091,5
11092,5
11093,1
11094,1
11095,2
11096,5
11097,1
11098,3
11099,3
11100,5
11101,5
11102,1
11103,1
11104,5
11105,3
11106,5
11107,5
11108,3
11109,0
11110,3
11111,5
11112,2
11113,5
11114,5
11115,5
11116,2
11117,2
11118,2
11119,2
11120,3
11121,1
11122,1
11123,5
11124,2
11125,2
11126,2
11127,1
11128,2
11129,2
11130,1
11131,3
11132,5
11133,5
11134,5
11135,5
11136,1
11137,5
11138,1
11139,5
11140,1
11141,5
11142,3
11143,5
11144,3
11145,2
11146,5
11147,5
11148,5
11149,2
11150,2
11151,2
11152,3
11153,3
11154,5
11155,3
11156,5
11157,5
11158,5
11159,2
11160,5
11161,5
11162,5
11163,5
11164,1
11165,5
11166,1
11167,0
11168,1
11169,5
11170,5
11171,3
11172,5
11173,5
11174,5
11175,1
11176,1
11177,0
11178,0
11179,2
11180,0
11181,1
11182,1
11183,2
11184,1
11185,1
11186,2
11187,1
11188,2
11189,5
11190,2
11191,2
11192,2
11193,2
11194,0
11195,0
11196,2
11197,1
11198,5
11199,1
11200,1
11201,3
11202,3
11203,2
11204,1
11205,1
11206,1
11207,1
11208,2
11209,2
11210,2
11211,5
11212,2
11213,5
11214,5
11215,3
11216,5
11217,1
11218,1
11219,0
11220,1
11221,5
11222,1
11223,5
11224,1
11225,5
11226,1
11227,3
11228,3
11229,3
11230,5
11231,3
11232,3
11233,2
11234,1
11235,1
11236,1
11237,3
11238,1
11239,1
11240,3
11241,1
11242,1
11243,1
11244,1
11245,1
11246,1
11247,3
11248,2
11249,1
11250,1
11251,1
11252,5
11253,3
11254,5
11255,1
11256,1
11257,1
11258,3
11259,3
11260,0
11261,5
11262,2
11263,3
11264,3
11265,2
11266,2
11267,2
11268,3
11269,5
11270,1
11271,2
11272,3
11273,5
11274,5
11275,2
11276,5
11277,2
11278,5
11279,2
11280,1
11281,1
11282,5
11283,1
11284,1
11285,2
11286,2
11287,2
11288,0
11289,2
11290,2
11291,3
11292,3
11293,1
11294,2
11295,5
11296,2
11297,0
11298,0
11299,1
11300,0
11301,2
11302,2
11303,0
11304,1
11305,5
11306,3
11307,2
11308,3
11309,2
11310,2
11311,5
11312,5
11313,1
11314,3
11315,3
11316,1
11317,3
11318,1
11319,2
11320,5
11321,3
11322,3
11323,1
11324,5
11325,5
11326,5
11327,3
11328,5
11329,3
11330,1
11331,5
11332,1
11333,0
11334,2
11335,1
11336,5
11337,5
11338,5
11339,3
11340,3
11341,3
11342,5
11343,3
11344,3
11345,3
11346,3
11347,3
11348,3
11349,2
11350,2
11351,5
11352,5
11353,5
11354,5
11355,5
11356,5
11357,5
11358,5
11359,5
11360,5
11361,1
11362,1
11363,1
11364,1
11365,2
11366,0
11367,0
11368,5
11369,2
11370,5
11371,5
11372,5
11373,3
11374,3
11375,3
11376,2
11377,1
11378,2
11379,5
11380,5
11381,3
11382,5
11383,0
11384,0
11385,3
11386,1
11387,5
11388,0
11389,2
11390,2
11391,1
11392,1
11393,3
11394,1
11395,1
11396,1
11397,5
11398,0
11399,3
11400,1
11401,0
11402,1
11403,1
11404,1
11405,5
11406,2
11407,2
11408,3
11409,3
11410,5
11411,5
11412,5
11413,5
11414,2
11415,5
11416,5
11417,5
11418,2
11419,2
11420,2
11421,3
11422,5
11423,5
11424,2
11425,2
11426,2
11427,2
11428,5
11429,5
11430,5
11431,2
11432,5
11433,5
11434,5
11435,1
11436,5
11437,5
11438,5
11439,5
11440,5
11441,5
11442,1
11443,5
11444,0
11445,5
11446,0
11447,5
11448,1
11449,1
11450,5
11451,3
11452,0
11453,0
11454,1
11455,5
11456,3
11457,5
11458,5
11459,3
11460,1
11461,5
11462,1
11463,2
11464,2
11465,3
11466,3
11467,3
11468,3
11469,5
11470,2
11471,2
11472,3
11473,5
11474,5
11475,3
11476,0
11477,0
11478,0
11479,0
11480,0
11481,3
11482,2
11483,5
11484,5
11485,0
11486,1
11487,1
11488,2
11489,2
11490,3
11491,5
11492,2
11493,5
11494,3
11495,3
11496,0
11497,2
11498,5
11499,5
11500,5
11501,3
11502,3
11503,5
11504,3
11505,0
11506,5
11507,5
11508,2
11509,0
11510,3
11511,0
11512,2
11513,2
11514,2
11515,3
11516,5
11517,5
11518,5
11519,5
11520,5
11521,1
11522,5
11523,3
11524,5
11525,3
11526,5
11527,1
11528,1
11529,3
11530,2
11531,2
11532,2
11533,1
11534,5
11535,1
11536,1
11537,5
11538,5
11539,5
11540,2
11541,1
11542,1
11543,1
11544,5
11545,2
11546,1
11547,5
11548,2
11549,3
11550,0
11551,3
11552,3
11553,2
11554,3
11555,5
11556,1
11557,1
11558,3
11559,5
11560,3
11561,2
11562,2
11563,3
11564,3
11565,2
11566,1
11567,3
11568,1
11569,1
11570,1
11571,0
11572,3
11573,5
11574,2
11575,1
11576,1
11577,3
11578,3
11579,1
11580,1
11581,1
11582,1
11583,1
11584,1
11585,1
11586,5
11587,1
11588,5
11589,5
11590,5
11591,1
11592,5
11593,1
11594,1
11595,5
11596,5
11597,5
11598,5
11599,3
11600,1
11601,3
11602,2
11603,1
11604,3
11605,5
11606,0
11607,2
11608,2
11609,5
11610,5
11611,5
11612,1
11613,2
11614,2
11615,1
11616,5
11617,5
11618,5
11619,5
11620,5
11621,2
11622,5
11623,5
11624,5
11625,3
11626,5
11627,1
11628,2
11629,1
11630,5
11631,3
11632,3
11633,2
11634,3
11635,3
11636,5
11637,5
11638,1
11639,5
11640,1
11641,2
11642,5
11643,5
11644,5
11645,5
11646,2
11647,3
11648,3
11649,3
11650,3
11651,5
11652,1
11653,3
11654,5
11655,5
11656,5
11657,5
11658,5
11659,3
11660,3
11661,2
11662,0
11663,0
11664,0
11665,0
11666,3
11667,0
11668,2
11669,2
11670,5
11671,2
11672,0
11673,2
11674,2
11675,2
11676,2
11677,5
11678,1
11679,5
11680,2
11681,2
11682,5
11683,5
11684,3
11685,1
11686,5
11687,5
11688,3
11689,5
11690,5
11691,5
11692,5
11693,2
11694,2
11695,3
11696,5
11697,5
11698,1
11699,1
11700,1
11701,5
11702,3
11703,3
11704,2
11705,3
11706,5
11707,5
11708,5
11709,5
11710,3
11711,5
11712,1
11713,5
11714,1
11715,5
11716,2
11717,2
11718,5
11719,2
11720,3
11721,3
11722,5
11723,5
11724,2
11725,5
11726,3
11727,5
11728,0
11729,5
11730,2
11731,5
11732,5
11733,2
11734,1
11735,2
11736,2
11737,2
11738,2
11739,2
11740,5
11741,2
11742,3
11743,1
11744,5
11745,2
11746,5
11747,5
11748,5
11749,5
11750,5
11751,2
11752,0
11753,2
11754,3
11755,2
11756,3
11757,3
11758,3
11759,3
11760,3
11761,3
11762,3
11763,1
11764,1
11765,1
11766,1
11767,1
11768,1
11769,3
11770,2
11771,1
11772,1
11773,3
11774,1
11775,1
11776,1
11777,1
11778,3
11779,3
11780,2
11781,3
11782,3
11783,2
11784,1
11785,1
11786,1
11787,2
11788,1
11789,2
11790,2
11791,5
11792,5
11793,5
11794,1
11795,1
11796,1
11797,2
11798,3
11799,1
11800,2
11801,3
11802,0
11803,3
11804,3
11805,3
11806,1
11807,1
11808,3
11809,3
11810,1
11811,1
11812,2
11813,3
11814,3
11815,3
11816,2
11817,3
11818,3
11819,3
11820,1
11821,0
11822,1
11823,2
11824,1
11825,5
11826,0
11827,2
11828,0
11829,5
11830,5
11831,1
11832,1
11833,1
11834,2
11835,2
11836,1
11837,1
11838,1
11839,0
11840,1
11841,1
11842,2
11843,5
11844,2
11845,2
11846,1
11847,5
11848,2
11849,1
11850,3
11851,3
11852,5
11853,3
11854,3
11855,2
11856,3
11857,2
11858,3
11859,5
11860,2
11861,3
11862,2
11863,3
11864,3
11865,5
11866,3
11867,2
11868,5
11869,3
11870,3
11871,1
11872,2
11873,2
11874,3
11875,3
11876,3
11877,3
11878,0
11879,3
11880,0
11881,2
11882,1
11883,1
11884,1
11885,3
11886,3
11887,2
11888,5
11889,3
11890,2
11891,3
11892,3
11893,3
11894,3
11895,3
11896,1
11897,1
11898,3
11899,3
11900,2
11901,3
11902,1
11903,1
11904,1
11905,3
11906,3
11907,3
11908,3
11909,3
11910,1
11911,1
11912,3
11913,3
11914,3
11915,3
11916,1
11917,1
11918,5
11919,2
11920,1
11921,2
11922,2
11923,3
11924,3
11925,3
11926,3
11927,3
11928,3
11929,1
11930,2
11931,1
11932,5
11933,5
11934,2
11935,3
11936,5
11937,2
11938,2
11939,3
11940,1
11941,1
11942,3
11943,3
11944,0
11945,2
11946,1
11947,3
11948,1
11949,2
11950,1
11951,1
11952,3
11953,3
11954,1
11955,5
11956,0
11957,2
11958,1
11959,1
11960,5
11961,0
11962,1
11963,3
11964,3
11965,5
11966,1
11967,2
11968,2
11969,1
11970,3
11971,3
11972,3
11973,3
11974,3
11975,3
11976,3
11977,0
11978,0
11979,3
11980,2
11981,3
11982,3
11983,3
11984,5
11985,5
11986,3
11987,2
11988,1
11989,1
11990,1
11991,1
11992,3
11993,1
11994,5
11995,1
11996,3
11997,3
11998,1
11999,5
12000,3
12001,3
12002,3
12003,3
12004,5
12005,1
12006,5
12007,0
12008,2
12009,5
12010,0
12011,5
12012,0
12013,1
12014,5
12015,5
12016,5
12017,2
12018,5
12019,2
12020,3
12021,1
12022,5
12023,5
12024,3
12025,3
12026,5
12027,3
12028,3
12029,3
12030,0
12031,0
12032,3
12033,0
12034,2
12035,0
12036,2
12037,0
12038,0
12039,0
12040,0
12041,3
12042,0
12043,3
12044,0
12045,0
12046,0
12047,0
12048,0
12049,0
12050,0
12051,0
12052,3
12053,3
12054,3
12055,0
12056,0
12057,2
12058,1
12059,1
12060,2
12061,2
12062,1
12063,2
12064,1
12065,1
12066,3
12067,1
12068,2
12069,3
12070,3
12071,2
12072,1
12073,3
12074,2
12075,3
12076,2
12077,2
12078,2
12079,5
12080,5
12081,1
12082,0
12083,2
12084,5
12085,5
12086,5
12087,5
12088,5
12089,5
12090,3
12091,1
12092,3
12093,5
12094,3
12095,5
12096,5
12097,5
12098,5
12099,5
12100,3
12101,3
12102,0
12103,0
12104,2
12105,3
12106,3
12107,5
12108,3
12109,2
12110,5
12111,5
12112,1
12113,2
12114,2
12115,2
12116,5
12117,2
12118,5
12119,5
12120,5
12121,2
12122,2
12123,2
12124,1
12125,1
12126,5
12127,0
12128,2
12129,3
12130,0
12131,0
12132,2
12133,2
12134,2
12135,3
12136,5
12137,3
12138,3
12139,3
12140,3
12141,2
12142,0
12143,3
12144,0
12145,2
12146,2
12147,2
12148,1
12149,2
12150,2
12151,2
12152,0
12153,2
12154,2
12155,2
12156,2
12157,2
12158,1
12159,1
12160,5
12161,0
12162,2
12163,1
12164,1
12165,2
12166,5
12167,3
12168,2
12169,2
12170,3
12171,1
12172,5
12173,5
12174,5
12175,3
12176,1
12177,5
12178,2
12179,2
12180,3
12181,2
12182,3
12183,1
12184,5
12185,3
12186,1
12187,3
12188,2
12189,5
12190,3
12191,3
12192,2
12193,2
12194,1
12195,2
12196,0
12197,0
12198,3
12199,2
12200,3
12201,5
12202,5
12203,5
12204,0
12205,2
12206,0
12207,0
12208,5
12209,5
12210,1
12211,3
12212,3
12213,0
12214,2
12215,3
12216,3
12217,3
12218,3
12219,5
12220,2
12221,3
12222,2
12223,1
12224,1
12225,1
12226,1
12227,1
12228,0
12229,5
12230,3
12231,5
12232,1
12233,0
12234,0
12235,2
12236,5
12237,1
12238,2
12239,5
12240,3
12241,5
12242,2
12243,3
12244,3
12245,3
12246,2
12247,1
12248,2
12249,2
12250,2
12251,2
12252,3
12253,3
12254,3
12255,3
12256,3
12257,0
12258,5
12259,1
12260,1
12261,0
12262,0
12263,0
12264,0
12265,2
12266,3
12267,3
12268,0
12269,3
12270,5
12271,2
12272,1
12273,1
12274,0
12275,2
12276,2
12277,1
12278,3
12279,3
12280,3
12281,5
12282,1
12283,5
12284,0
12285,0
12286,2
12287,0
12288,5
12289,1
12290,5
12291,1
12292,0
12293,3
12294,1
12295,0
12296,0
12297,0
12298,2
12299,2
12300,2
12301,5
12302,0
12303,2
12304,1
12305,2
12306,2
12307,0
12308,2
12309,2
12310,0
12311,5
12312,5
12313,1
12314,2
12315,3
12316,2
12317,2
12318,5
12319,1
12320,3
12321,3
12322,3
12323,3
12324,2
12325,5
12326,3
12327,3
12328,3
12329,2
12330,2
12331,2
12332,2
12333,3
12334,1
12335,0
12336,2
12337,1
12338,1
12339,2
12340,2
12341,3
12342,2
12343,2
12344,0
12345,2
12346,2
12347,3
12348,3
12349,3
12350,2
12351,0
12352,1
12353,2
12354,3
12355,2
12356,1
12357,1
12358,1
12359,3
12360,5
12361,1
12362,1
12363,2
12364,3
12365,2
12366,2
12367,3
12368,3
12369,2
12370,2
12371,2
12372,5
12373,2
12374,0
12375,3
12376,3
12377,3
12378,3
12379,1
12380,5
12381,5
12382,2
12383,1
12384,5
12385,3
12386,3
12387,5
12388,0
12389,0
12390,1
12391,1
12392,3
12393,1
12394,1
12395,5
12396,3
12397,2
12398,0
12399,2
12400,2
12401,5
12402,5
12403,1
12404,1
12405,0
12406,1
12407,2
12408,2
12409,3
12410,3
12411,2
12412,0
12413,3
12414,1
12415,0
12416,0
12417,1
12418,1
12419,2
12420,3
12421,2
12422,3
12423,2
12424,2
12425,3
12426,5
12427,3
12428,2
12429,2
12430,3
12431,1
12432,2
12433,3
12434,0
12435,1
12436,3
12437,0
12438,2
12439,0
12440,3
12441,1
12442,3
12443,1
12444,0
12445,0
12446,2
12447,1
12448,2
12449,5
12450,1
12451,1
12452,2
12453,2
12454,2
12455,2
12456,2
12457,3
12458,5
12459,1
12460,3
12461,3
12462,3
12463,0
12464,1
12465,5
12466,2
12467,3
12468,3
12469,5
12470,2
12471,3
12472,2
12473,0
12474,2
12475,3
12476,1
12477,1
12478,2
12479,5
12480,5
12481,2
12482,5
12483,2
12484,5
12485,5
12486,5
12487,3
12488,3
12489,3
12490,2
12491,5
12492,5
12493,5
12494,5
12495,0
12496,5
12497,2
12498,5
12499,5
12500,5
12501,5
12502,5
12503,0
12504,2
12505,0
12506,5
12507,5
12508,5
12509,3
12510,2
12511,2
12512,2
12513,5
12514,5
12515,5
12516,2
12517,2
12518,2
12519,5
12520,1
12521,3
12522,3
12523,5
12524,5
12525,4
12526,5
12527,2
12528,5
12529,2
12530,0
12531,2
12532,1
12533,2
12534,5
12535,2
12536,0
12537,0
12538,0
12539,0
12540,0
12541,0
12542,0
12543,0
12544,0
12545,0
12546,0
12547,0
12548,0
12549,0
12550,0
12551,5
12552,1
12553,5
12554,5
12555,5
12556,5
12557,5
12558,5
12559,0
12560,5
12561,5
12562,1
12563,3
12564,2
12565,2
12566,1
12567,5
12568,5
12569,5
12570,5
12571,3
12572,2
12573,1
12574,5
12575,5
12576,5
12577,5
12578,1
12579,3
12580,3
12581,3
12582,1
12583,5
12584,5
12585,3
12586,3
12587,3
12588,1
12589,2
12590,3
12591,3
12592,5
12593,2
12594,2
12595,2
12596,3
12597,2
12598,5
12599,3
12600,3
12601,3
12602,3
12603,2
12604,5
12605,2
12606,3
12607,1
12608,5
12609,3
12610,5
12611,5
12612,5
12613,5
12614,2
12615,3
12616,3
12617,3
12618,5
12619,5
12620,5
12621,5
12622,3
12623,3
12624,3
12625,5
12626,5
12627,5
12628,2
12629,0
12630,3
12631,2
12632,2
12633,5
12634,5
12635,5
12636,5
12637,5
12638,2
12639,3
12640,5
12641,5
12642,0
12643,2
12644,5
12645,5
12646,0
12647,1
12648,1
12649,5
12650,5
12651,5
12652,5
12653,5
12654,2
12655,5
12656,1
12657,3
12658,3
12659,5
12660,5
12661,5
12662,2
12663,5
12664,5
12665,3
12666,5
12667,5
12668,2
12669,1
12670,2
12671,5
12672,5
12673,5
12674,3
12675,3
12676,3
12677,3
12678,2
12679,5
12680,5
12681,5
12682,5
12683,1
12684,0
12685,0
12686,3
12687,0
12688,0
12689,0
12690,0
12691,0
12692,5
12693,2
12694,3
12695,2
12696,2
12697,2
12698,5
12699,5
12700,3
12701,5
12702,5
12703,2
12704,0
12705,2
12706,3
12707,2
12708,3
12709,3
12710,1
12711,2
12712,0
12713,2
12714,3
12715,5
12716,5
12717,3
12718,2
12719,2
12720,3
12721,3
12722,2
12723,2
12724,2
12725,3
12726,5
12727,3
12728,1
12729,3
12730,3
12731,5
12732,2
12733,1
12734,1
12735,1
12736,2
12737,2
12738,0
12739,5
12740,1
12741,3
12742,5
12743,1
12744,5
12745,5
12746,3
12747,3
12748,1
12749,5
12750,0
12751,0
12752,2
12753,3
12754,3
12755,5
12756,5
12757,2
12758,3
12759,2
12760,3
12761,0
12762,3
12763,0
12764,2
12765,3
12766,0
12767,3
12768,2
12769,5
12770,0
12771,3
12772,5
12773,2
12774,2
12775,5
12776,2
12777,1
12778,2
12779,1
12780,1
12781,5
12782,5
12783,5
12784,5
12785,5
12786,5
12787,0
12788,5
12789,0
12790,0
12791,5
12792,5
12793,2
12794,3
12795,2
12796,2
12797,5
12798,1
12799,5
12800,1
12801,5
12802,5
12803,1
12804,1
12805,5
12806,3
12807,5
12808,5
12809,5
12810,5
12811,5
12812,5
12813,5
12814,3
12815,5
12816,5
12817,2
12818,2
12819,2
12820,2
12821,3
12822,5
12823,0
12824,5
12825,5
12826,1
12827,5
12828,5
12829,5
12830,5
12831,2
12832,5
12833,3
12834,2
12835,0
12836,2
12837,5
12838,2
12839,3
12840,3
12841,3
12842,0
12843,3
12844,0
12845,3
12846,3
12847,3
12848,3
12849,3
12850,3
12851,3
12852,3
12853,2
12854,2
12855,2
12856,5
12857,0
12858,0
12859,2
12860,0
12861,2
12862,1
12863,5
12864,2
12865,5
12866,5
12867,2
12868,3
12869,3
12870,3
12871,2
12872,3
12873,3
12874,3
12875,3
12876,2
12877,2
12878,0
12879,0
12880,0
12881,1
12882,5
12883,5
12884,5
12885,2
12886,1
12887,2
12888,3
12889,1
12890,3
12891,3
12892,1
12893,1
12894,2
12895,5
12896,3
12897,3
12898,3
12899,2
12900,2
12901,5
12902,2
12903,3
12904,1
12905,5
12906,5
12907,5
12908,5
12909,2
12910,0
12911,2
12912,2
12913,2
12914,0
12915,5
12916,1
12917,5
12918,2
12919,5
12920,5
12921,2
12922,5
12923,5
12924,5
12925,5
12926,0
12927,5
12928,2
12929,3
12930,2
12931,2
12932,3
12933,2
12934,2
12935,1
12936,2
12937,2
12938,5
12939,5
12940,3
12941,3
12942,2
12943,2
12944,5
12945,2
12946,3
12947,2
12948,1
12949,5
12950,2
12951,2
12952,2
12953,2
12954,5
12955,2
12956,2
12957,5
12958,5
12959,0
12960,5
12961,5
12962,5
12963,5
12964,5
12965,2
12966,0
12967,2
12968,2
12969,3
12970,5
12971,2
12972,5
12973,5
12974,0
12975,5
12976,5
12977,3
12978,1
12979,3
12980,3
12981,5
12982,3
12983,3
12984,3
12985,3
12986,3
12987,5
12988,5
12989,1
12990,5
12991,3
12992,5
12993,5
12994,2
12995,5
12996,2
12997,2
12998,1
12999,5
13000,5
13001,2
13002,3
13003,3
13004,2
13005,5
13006,3
13007,5
13008,5
13009,1
13010,2
13011,5
13012,2
13013,1
13014,1
13015,1
13016,1
13017,2
13018,2
13019,5
13020,5
13021,3
13022,5
13023,1
13024,3
13025,5
13026,3
13027,3
13028,3
13029,5
13030,5
13031,5
13032,5
13033,5
13034,5
13035,5
13036,5
13037,2
13038,5
13039,5
13040,2
13041,5
13042,1
13043,3
13044,3
13045,5
13046,0
13047,2
13048,1
13049,1
13050,2
13051,2
13052,5
13053,3
13054,3
13055,5
13056,5
13057,2
13058,1
13059,2
13060,1
13061,5
13062,2
13063,5
13064,2
13065,1
13066,1
13067,5
13068,2
13069,5
13070,1
13071,5
13072,3
13073,0
13074,0
13075,3
13076,5
13077,2
13078,5
13079,5
13080,5
13081,5
13082,5
13083,5
13084,5
13085,5
13086,5
13087,5
13088,5
13089,2
13090,5
13091,2
13092,2
13093,1
13094,2
13095,1
13096,2
13097,3
13098,2
13099,1
13100,1
13101,5
13102,5
13103,5
13104,5
13105,5
13106,2
13107,1
13108,5
13109,2
13110,5
13111,5
13112,3
13113,0
13114,0
13115,3
13116,3
13117,5
13118,0
13119,0
13120,5
13121,3
13122,5
13123,5
13124,1
13125,5
13126,2
13127,0
13128,2
13129,3
13130,1
13131,1
13132,3
13133,3
13134,5
13135,5
13136,3
13137,5
13138,0
13139,0
13140,3
13141,1
13142,4
13143,5
13144,0
13145,3
13146,3
13147,3
13148,0
13149,5
13150,5
13151,5
13152,5
13153,2
13154,5
13155,2
13156,1
13157,1
13158,4
13159,3
13160,3
13161,3
13162,1
13163,1
13164,3
13165,2
13166,3
13167,5
13168,5
13169,3
13170,1
13171,0
13172,0
13173,0
13174,0
13175,1
13176,3
13177,5
13178,0
13179,5
13180,1
13181,5
13182,5
13183,3
13184,5
13185,3
13186,5
13187,0
13188,3
13189,2
13190,0
13191,0
13192,0
13193,0
13194,4
13195,1
13196,2
13197,2
13198,3
13199,1
13200,5
13201,0
13202,4
13203,3
13204,5
13205,3
13206,3
13207,3
13208,2
13209,2
13210,5
13211,5
13212,4
13213,2
13214,3
13215,3
13216,3
13217,2
13218,3
13219,2
13220,1
13221,3
13222,3
13223,5
13224,0
13225,2
13226,5
13227,3
13228,5
13229,5
13230,3
13231,1
13232,1
13233,1
13234,0
13235,2
13236,5
13237,5
13238,1
13239,1
13240,1
13241,5
13242,5
13243,0
13244,1
13245,1
13246,5
13247,5
13248,0
13249,1
13250,1
13251,1
13252,3
13253,0
13254,2
13255,1
13256,1
13257,2
13258,5
13259,2
13260,1
13261,3
13262,3
13263,3
13264,1
13265,2
13266,0
13267,3
13268,3
13269,3
13270,3
13271,5
13272,3
13273,3
13274,2
13275,1
13276,2
13277,2
13278,5
13279,2
13280,1
13281,2
13282,2
13283,5
13284,4
13285,2
13286,3
13287,3
13288,3
13289,1
13290,1
13291,1
13292,3
13293,5
13294,5
13295,3
13296,3
13297,3
13298,3
13299,3
13300,5
13301,5
13302,3
13303,3
13304,3
13305,3
13306,3
13307,3
13308,1
13309,1
13310,1
13311,1
13312,1
13313,1
13314,5
13315,1
13316,1
13317,1
13318,3
13319,1
13320,0
13321,2
13322,2
13323,2
13324,2
13325,1
13326,2
13327,3
13328,5
13329,0
13330,2
13331,2
13332,2
13333,2
13334,0
13335,2
13336,1
13337,2
13338,1
13339,1
13340,3
13341,3
13342,3
13343,2
13344,1
13345,1
13346,5
13347,2
13348,2
13349,0
13350,2
13351,5
13352,2
13353,5
13354,1
13355,3
13356,5
13357,5
13358,2
13359,0
13360,1
13361,5
13362,5
13363,5
13364,5
13365,5
13366,5
13367,5
13368,5
13369,5
13370,5
13371,5
13372,2
13373,5
13374,2
13375,5
13376,1
13377,1
13378,5
13379,3
13380,1
13381,3
13382,3
13383,1
13384,3
13385,3
13386,2
13387,3
13388,3
13389,3
13390,2
13391,0
13392,3
13393,2
13394,2
13395,2
13396,3
13397,2
13398,1
13399,2
13400,5
13401,5
13402,5
13403,5
13404,2
13405,2
13406,3
13407,3
13408,2
13409,5
13410,2
13411,1
13412,5
13413,5
13414,5
13415,0
13416,2
13417,0
13418,2
13419,1
13420,0
13421,3
13422,3
13423,3
13424,3
13425,5
13426,2
13427,0
13428,5
13429,5
13430,5
13431,5
13432,5
13433,0
13434,5
13435,5
13436,0
13437,2
13438,2
13439,2
13440,0
13441,0
13442,0
13443,3
13444,2
13445,0
13446,2
13447,5
13448,1
13449,3
13450,5
13451,3
13452,1
13453,1
13454,5
13455,3
13456,5
13457,5
13458,1
13459,3
13460,3
13461,5
13462,3
13463,5
13464,0
13465,5
13466,3
13467,0
13468,1
13469,2
13470,5
13471,2
13472,5
13473,5
13474,5
13475,2
13476,0
13477,0
13478,1
13479,0
13480,0
13481,0
13482,0
13483,3
13484,2
13485,0
13486,0
13487,0
13488,0
13489,0
13490,0
13491,0
13492,0
13493,0
13494,0
13495,0
13496,0
13497,0
13498,0
13499,0
13500,0
13501,0
13502,0
13503,3
13504,2
13505,2
13506,2
13507,5
13508,5
13509,2
13510,0
13511,3
13512,0
13513,0
13514,2
13515,5
13516,1
13517,5
13518,3
13519,5
13520,1
13521,0
13522,3
13523,5
13524,5
13525,3
13526,5
13527,2
13528,5
13529,3
13530,1
13531,3
13532,5
13533,3
13534,2
13535,2
13536,2
13537,5
13538,3
13539,3
13540,3
13541,5
13542,2
13543,5
13544,5
13545,5
13546,2
13547,0
13548,0
13549,1
13550,5
13551,2
13552,1
13553,1
13554,1
13555,5
13556,5
13557,3
13558,1
13559,0
13560,2
13561,2
13562,5
13563,1
13564,5
13565,5
13566,1
13567,1
13568,3
13569,5
13570,1
13571,5
13572,5
13573,2
13574,3
13575,1
13576,5
13577,5
13578,0
13579,0
13580,2
13581,5
13582,5
13583,5
13584,2
13585,2
13586,3
13587,3
13588,1
13589,2
13590,3
13591,3
13592,2
13593,0
13594,1
13595,3
13596,5
13597,3
13598,1
13599,3
13600,5
13601,5
13602,2
13603,3
13604,1
13605,5
13606,5
13607,1
13608,1
13609,3
13610,5
13611,3
13612,3
13613,1
13614,1
13615,1
13616,0
13617,2
13618,5
13619,5
13620,2
13621,1
13622,1
13623,1
13624,1
13625,1
13626,5
13627,2
13628,5
13629,3
13630,2
13631,5
13632,2
13633,1
13634,1
13635,2
13636,2
13637,1
13638,2
13639,2
13640,2
13641,1
13642,0
13643,0
13644,1
13645,1
13646,2
13647,5
13648,3
13649,5
13650,3
13651,3
13652,5
13653,2
13654,2
13655,0
13656,0
13657,2
13658,2
13659,1
13660,5
13661,2
13662,1
13663,5
13664,2
13665,5
13666,5
13667,5
13668,2
13669,0
13670,2
13671,5
13672,5
13673,2
13674,0
13675,2
13676,2
13677,5
13678,2
13679,2
13680,5
13681,5
13682,5
13683,2
13684,0
13685,2
13686,5
13687,5
13688,5
13689,5
13690,5
13691,2
13692,0
13693,1
13694,2
13695,2
13696,5
13697,2
13698,1
13699,5
13700,2
13701,5
13702,5
13703,2
13704,5
13705,3
13706,5
13707,5
13708,2
13709,5
13710,5
13711,5
13712,1
13713,2
13714,2
13715,2
13716,2
13717,2
13718,1
13719,2
13720,0
13721,2
13722,1
13723,5
13724,3
13725,1
13726,1
13727,1
13728,2
13729,5
13730,2
13731,2
13732,2
13733,2
13734,5
13735,3
13736,5
13737,3
13738,5
13739,3
13740,5
13741,5
13742,5
13743,5
13744,5
13745,3
13746,5
13747,5
13748,3
13749,5
13750,3
13751,3
13752,2
13753,3
13754,5
13755,1
13756,2
13757,3
13758,2
13759,5
13760,5
13761,5
13762,3
13763,3
13764,0
13765,0
13766,0
13767,1
13768,5
13769,2
13770,3
13771,3
13772,0
13773,3
13774,5
13775,5
13776,1
13777,3
13778,5
13779,1
13780,2
13781,3
13782,3
13783,3
13784,1
13785,2
13786,3
13787,3
13788,1
13789,3
13790,1
13791,2
13792,2
13793,3
13794,5
13795,3
13796,5
13797,3
13798,0
13799,0
13800,5
13801,1
13802,1
13803,0
13804,5
13805,5
13806,0
13807,5
13808,1
13809,5
13810,5
13811,5
13812,2
13813,1
13814,1
13815,5
13816,5
13817,3
13818,5
13819,2
13820,5
13821,3
13822,1
13823,3
13824,5
13825,1
13826,0
13827,2
13828,2
13829,2
13830,5
13831,2
13832,1
13833,5
13834,5
13835,5
13836,5
13837,2
13838,0
13839,5
13840,5
13841,2
13842,1
13843,1
13844,1
13845,2
13846,2
13847,2
13848,5
13849,5
13850,5
13851,5
13852,1
13853,5
13854,5
13855,5
13856,5
13857,5
13858,5
13859,5
13860,0
13861,3
13862,0
13863,2
13864,0
13865,5
13866,1
13867,2
13868,2
13869,0
13870,3
13871,5
13872,2
13873,3
13874,2
13875,2
13876,3
13877,2
13878,3
13879,1
13880,2
13881,5
13882,5
13883,1
13884,2
13885,1
13886,1
13887,1
13888,1
13889,1
13890,1
13891,1
13892,2
13893,1
13894,1
13895,1
13896,1
13897,1
13898,2
13899,1
13900,5
13901,1
13902,1
13903,2
13904,1
13905,1
13906,1
13907,0
13908,1
13909,3
13910,5
13911,1
13912,5
13913,3
13914,1
13915,3
13916,3
13917,3
13918,3
13919,5
13920,5
13921,5
13922,5
13923,1
13924,1
13925,5
13926,1
13927,5
13928,2
13929,3
13930,2
13931,3
13932,3
13933,5
13934,1
13935,1
13936,1
13937,2
13938,1
13939,5
13940,1
13941,1
13942,3
13943,1
13944,1
13945,1
13946,5
13947,2
13948,1
13949,1
13950,1
13951,1
13952,1
13953,3
13954,1
13955,3
13956,1
13957,1
13958,1
13959,1
13960,1
13961,3
13962,3
13963,2
13964,2
13965,2
13966,5
13967,1
13968,3
13969,5
13970,3
13971,2
13972,3
13973,2
13974,1
13975,1
13976,1
13977,3
13978,1
13979,0
13980,1
13981,1
13982,1
13983,1
13984,1
13985,1
13986,1
13987,2
13988,1
13989,1
13990,1
13991,1
13992,5
13993,3
13994,1
13995,1
13996,1
13997,1
13998,3
13999,1
14000,1
14001,1
14002,1
14003,1
14004,1
14005,1
14006,1
14007,2
14008,5
14009,0
14010,1
14011,0
14012,1
14013,5
14014,2
14015,2
14016,2
14017,3
14018,0
14019,1
14020,2
14021,2
14022,1
14023,3
14024,5
14025,5
14026,3
14027,3
14028,5
14029,1
14030,2
14031,5
14032,2
14033,2
14034,2
14035,2
14036,2
14037,2
14038,2
14039,2
14040,1
14041,1
14042,3
14043,5
14044,1
14045,1
14046,5
14047,3
14048,0
14049,5
14050,5
14051,5
14052,2
14053,1
14054,2
14055,1
14056,5
14057,2
14058,3
14059,3
14060,3
14061,3
14062,2
14063,5
14064,5
14065,5
14066,1
14067,3
14068,1
14069,5
14070,5
14071,2
14072,5
14073,1
14074,3
14075,5
14076,3
14077,5
14078,5
14079,5
14080,3
14081,5
14082,1
14083,1
14084,5
14085,2
14086,2
14087,1
14088,1
14089,1
14090,1
14091,1
14092,1
14093,2
14094,1
14095,1
14096,1
14097,2
14098,2
14099,5
14100,5
14101,1
14102,1
14103,5
14104,1
14105,1
14106,2
14107,2
14108,2
14109,1
14110,5
14111,1
14112,1
14113,1
14114,1
14115,1
14116,5
14117,1
14118,1
14119,1
14120,5
14121,5
14122,5
14123,2
14124,2
14125,3
14126,5
14127,3
14128,3
14129,3
14130,3
14131,5
14132,1
14133,5
14134,5
14135,1
14136,1
14137,1
14138,5
14139,1
14140,5
14141,3
14142,0
14143,3
14144,2
14145,2
14146,5
14147,3
14148,1
14149,5
14150,1
14151,3
14152,0
14153,2
14154,2
14155,0
14156,0
14157,0
14158,0
14159,5
14160,5
14161,5
14162,0
14163,5
14164,2
14165,2
14166,5
14167,5
14168,5
14169,5
14170,2
14171,5
14172,2
14173,5
14174,5
14175,5
14176,0
14177,2
14178,2
14179,2
14180,2
14181,5
14182,5
14183,5
14184,2
14185,0
14186,1
14187,2
14188,0
14189,2
14190,2
14191,5
14192,5
14193,5
14194,5
14195,5
14196,5
14197,0
14198,5
14199,5
14200,5
14201,5
14202,5
14203,1
14204,3
14205,3
14206,0
14207,0
14208,5
14209,5
14210,5
14211,5
14212,5
14213,5
14214,5
14215,5
14216,2
14217,5
14218,5
14219,5
14220,1
14221,0
14222,5
14223,2
14224,2
14225,2
14226,2
14227,2
14228,2
14229,1
14230,5
14231,3
14232,2
14233,5
14234,5
14235,5
14236,5
14237,5
14238,2
14239,5
14240,5
14241,5
14242,5
14243,2
14244,2
14245,2
14246,1
14247,0
14248,0
14249,5
14250,2
14251,1
14252,1
14253,2
14254,5
14255,2
14256,3
14257,3
14258,3
14259,5
14260,3
14261,3
14262,3
14263,2
14264,1
14265,5
14266,3
14267,3
14268,5
14269,5
14270,5
14271,5
14272,1
14273,1
14274,3
14275,0
14276,0
14277,0
14278,5
14279,5
14280,5
14281,3
14282,2
14283,2
14284,5
14285,0
14286,2
14287,5
14288,3
14289,1
14290,1
14291,5
14292,0
14293,1
14294,3
14295,1
14296,0
14297,5
14298,3
14299,1
14300,1
14301,1
14302,5
14303,5
14304,5
14305,5
14306,2
14307,5
14308,2
14309,5
14310,5
14311,5
14312,5
14313,5
14314,1
14315,2
14316,3
14317,3
14318,0
14319,5
14320,2
14321,2
14322,3
14323,3
14324,2
14325,3
14326,3
14327,5
14328,3
14329,3
14330,3
14331,2
14332,2
14333,2
14334,2
14335,2
14336,2
14337,5
14338,2
14339,2
14340,0
14341,5
14342,5
14343,1
14344,0
14345,5
14346,3
14347,0
14348,3
14349,2
14350,3
14351,2
14352,2
14353,1
14354,1
14355,5
14356,5
14357,0
14358,2
14359,5
14360,3
14361,5
14362,5
14363,2
14364,3
14365,3
14366,2
14367,5
14368,2
14369,2
14370,5
14371,5
14372,1
14373,5
14374,5
14375,5
14376,5
