sample_id,cluster
0,1
1,8
2,1
3,1
4,7
5,4
6,0
7,6
8,8
9,6
10,6
11,2
12,2
13,2
14,1
15,2
16,0
17,1
18,4
19,3
20,0
21,6
22,0
23,6
24,4
25,6
26,4
27,4
28,8
29,4
30,4
31,1
32,4
33,1
34,4
35,1
36,7
37,4
38,4
39,4
40,4
41,0
42,1
43,3
44,0
45,3
46,4
47,0
48,2
49,1
50,1
51,0
52,4
53,0
54,7
55,1
56,3
57,1
58,4
59,1
60,4
61,4
62,6
63,1
64,6
65,1
66,7
67,4
68,4
69,1
70,4
71,1
72,4
73,1
74,4
75,6
76,7
77,6
78,6
79,6
80,4
81,1
82,4
83,3
84,4
85,1
86,4
87,1
88,7
89,7
90,4
91,7
92,4
93,2
94,4
95,1
96,4
97,1
98,3
99,6
100,3
101,8
102,3
103,1
104,4
105,1
106,4
107,0
108,7
109,8
110,4
111,4
112,4
113,0
114,8
115,3
116,4
117,8
118,0
119,4
120,8
121,7
122,4
123,4
124,4
125,2
126,4
127,6
128,7
129,4
130,4
131,2
132,6
133,7
134,4
135,8
136,0
137,4
138,0
139,4
140,6
141,2
142,6
143,6
144,0
145,4
146,1
147,1
148,0
149,3
150,0
151,3
152,0
153,6
154,4
155,6
156,7
157,6
158,3
159,6
160,4
161,4
162,4
163,0
164,6
165,1
166,4
167,1
168,7
169,1
170,6
171,1
172,3
173,7
174,0
175,7
176,2
177,8
178,2
179,0
180,2
181,3
182,2
183,7
184,4
185,4
186,2
187,3
188,2
189,4
190,2
191,4
192,2
193,0
194,2
195,3
196,4
197,3
198,4
199,4
200,4
201,4
202,4
203,2
204,0
205,4
206,4
207,2
208,2
209,6
210,7
211,6
212,3
213,7
214,4
215,4
216,4
217,4
218,1
219,1
220,8
221,1
222,7
223,1
224,4
225,1
226,4
227,1
228,4
229,0
230,7
231,6
232,4
233,0
234,4
235,0
236,4
237,3
238,3
239,1
240,6
241,1
242,0
243,0
244,7
245,4
246,4
247,7
248,4
249,1
250,2
251,4
252,7
253,0
254,4
255,2
256,1
257,4
258,1
259,2
260,2
261,2
262,1
263,6
264,1
265,4
266,1
267,6
268,4
269,1
270,8
271,1
272,1
273,8
274,6
275,4
276,8
277,2
278,1
279,4
280,8
281,7
282,0
283,7
284,4
285,4
286,2
287,0
288,4
289,2
290,4
291,7
292,2
293,6
294,4
295,1
296,4
297,8
298,4
299,4
300,3
301,4
302,6
303,6
304,4
305,1
306,7
307,7
308,4
309,1
310,7
311,2
312,7
313,8
314,4
315,0
316,4
317,4
318,2
319,7
320,6
321,6
322,7
323,6
324,7
325,6
326,4
327,2
328,4
329,2
330,4
331,1
332,4
333,1
334,4
335,3
336,4
337,1
338,0
339,1
340,4
341,1
342,4
343,1
344,4
345,8
346,2
347,4
348,6
349,4
350,6
351,8
352,6
353,8
354,6
355,4
356,6
357,4
358,6
359,4
360,6
361,4
362,6
363,4
364,6
365,4
366,6
367,8
368,6
369,4
370,6
371,7
372,4
373,4
374,6
375,4
376,2
377,4
378,2
379,4
380,4
381,2
382,4
383,2
384,4
385,6
386,4
387,6
388,6
389,4
390,6
391,4
392,6
393,8
394,6
395,4
396,6
397,4
398,6
399,2
400,6
401,7
402,2
403,4
404,6
405,0
406,6
407,4
408,6
409,4
410,6
411,3
412,1
413,3
414,6
415,4
416,6
417,3
418,6
419,3
420,6
421,3
422,6
423,4
424,6
425,4
426,7
427,4
428,0
429,6
430,6
431,1
432,6
433,3
434,4
435,6
436,4
437,6
438,2
439,6
440,6
441,6
442,4
443,6
444,4
445,6
446,7
447,1
448,2
449,6
450,2
451,6
452,2
453,6
454,7
455,6
456,6
457,6
458,4
459,6
460,6
461,4
462,6
463,2
464,2
465,7
466,4
467,6
468,4
469,7
470,6
471,7
472,6
473,6
474,6
475,7
476,6
477,7
478,6
479,6
480,6
481,4
482,6
483,1
484,6
485,1
486,6
487,4
488,6
489,4
490,6
491,4
492,6
493,4
494,6
495,7
496,6
497,6
498,6
499,1
500,2
501,1
502,4
503,4
504,7
505,2
506,4
507,4
508,4
509,2
510,2
511,1
512,4
513,1
514,4
515,1
516,4
517,4
518,7
519,4
520,4
521,4
522,2
523,4
524,2
525,4
526,2
527,4
528,2
529,7
530,2
531,4
532,2
533,4
534,2
535,4
536,2
537,2
538,2
539,2
540,7
541,4
542,7
543,7
544,7
545,4
546,1
547,3
548,7
549,4
550,2
551,4
552,2
553,4
554,4
555,7
556,6
557,2
558,0
559,1
560,0
561,7
562,0
563,2
564,4
565,2
566,4
567,1
568,2
569,4
570,0
571,1
572,0
573,2
574,2
575,1
576,8
577,7
578,8
579,7
580,4
581,2
582,0
583,1
584,8
585,7
586,8
587,2
588,0
589,2
590,8
591,0
592,8
593,4
594,0
595,4
596,0
597,6
598,6
599,0
600,0
601,0
602,4
603,0
604,7
605,0
606,6
607,4
608,0
609,0
610,4
611,0
612,6
613,0
614,4
615,0
616,6
617,8
618,0
619,8
620,4
621,0
622,7
623,4
624,4
625,0
626,4
627,0
628,0
629,4
630,0
631,0
632,4
633,0
634,4
635,0
636,6
637,8
638,2
639,0
640,6
641,1
642,2
643,4
644,0
645,8
646,0
647,8
648,0
649,4
650,0
651,4
652,7
653,4
654,4
655,6
656,8
657,2
658,8
659,6
660,8
661,6
662,1
663,6
664,6
665,8
666,6
667,8
668,6
669,8
670,2
671,8
672,4
673,3
674,2
675,8
676,2
677,8
678,2
679,8
680,7
681,4
682,6
683,3
684,6
685,8
686,4
687,8
688,6
689,8
690,2
691,1
692,4
693,8
694,4
695,8
696,4
697,8
698,2
699,8
700,3
701,8
702,2
703,8
704,6
705,8
706,2
707,4
708,8
709,6
710,8
711,4
712,8
713,6
714,8
715,6
716,8
717,3
718,6
719,6
720,8
721,7
722,8
723,2
724,4
725,2
726,8
727,6
728,4
729,6
730,8
731,7
732,4
733,6
734,8
735,4
736,8
737,6
738,8
739,4
740,7
741,6
742,4
743,2
744,4
745,6
746,8
747,6
748,8
749,6
750,8
751,4
752,8
753,4
754,8
755,4
756,2
757,7
758,8
759,6
760,7
761,6
762,8
763,8
764,8
765,6
766,1
767,2
768,8
769,7
770,0
771,6
772,8
773,6
774,8
775,2
776,8
777,2
778,6
779,4
780,8
781,0
782,8
783,2
784,8
785,6
786,4
787,4
788,8
789,2
790,4
791,2
792,2
793,2
794,8
795,2
796,6
797,2
798,8
799,2
800,8
801,2
802,8
803,8
804,2
805,8
806,3
807,8
808,6
809,8
810,2
811,7
812,8
813,4
814,6
815,2
816,8
817,4
818,7
819,2
820,0
821,7
822,8
823,4
824,8
825,4
826,8
827,2
828,8
829,7
830,8
831,2
832,8
833,2
834,1
835,2
836,8
837,6
838,1
839,2
840,8
841,2
842,8
843,6
844,8
845,2
846,8
847,6
848,8
849,0
850,8
851,6
852,8
853,0
854,8
855,2
856,1
857,6
858,8
859,2
860,1
861,2
862,7
863,4
864,4
865,6
866,6
867,4
868,4
869,4
870,6
871,6
872,6
873,6
874,6
875,6
876,6
877,6
878,6
879,3
880,4
881,4
882,6
883,4
884,4
885,6
886,4
887,2
888,4
889,6
890,4
891,6
892,4
893,6
894,4
895,6
896,4
897,6
898,7
899,6
900,6
901,2
902,4
903,6
904,4
905,7
906,4
907,2
908,0
909,6
910,4
911,4
912,2
913,2
914,0
915,4
916,7
917,4
918,7
919,2
920,4
921,4
922,7
923,2
924,6
925,2
926,4
927,2
928,4
929,1
930,4
931,2
932,4
933,2
934,0
935,2
936,0
937,2
938,6
939,7
940,0
941,6
942,0
943,4
944,0
945,4
946,0
947,2
948,0
949,2
950,0
951,2
952,0
953,6
954,0
955,6
956,0
957,6
958,0
959,0
960,0
961,1
962,4
963,2
964,4
965,3
966,6
967,2
968,6
969,6
970,0
971,0
972,0
973,1
974,0
975,6
976,0
977,4
978,0
979,7
980,6
981,2
982,0
983,6
984,0
985,2
986,0
987,6
988,0
989,1
990,0
991,2
992,0
993,6
994,0
995,2
996,0
997,4
998,7
999,6
1000,0
1001,6
1002,2
1003,7
1004,4
1005,2
1006,4
1007,7
1008,2
1009,6
1010,0
1011,2
1012,4
1013,2
1014,4
1015,0
1016,4
1017,2
1018,8
1019,6
1020,8
1021,3
1022,0
1023,2
1024,8
1025,6
1026,0
1027,6
1028,8
1029,1
1030,8
1031,2
1032,8
1033,2
1034,2
1035,2
1036,0
1037,2
1038,0
1039,2
1040,0
1041,1
1042,0
1043,1
1044,8
1045,1
1046,0
1047,1
1048,4
1049,1
1050,4
1051,1
1052,3
1053,1
1054,4
1055,1
1056,4
1057,1
1058,7
1059,7
1060,0
1061,3
1062,0
1063,1
1064,8
1065,1
1066,0
1067,1
1068,1
1069,1
1070,1
1071,1
1072,4
1073,8
1074,0
1075,4
1076,4
1077,1
1078,4
1079,1
1080,8
1081,3
1082,4
1083,1
1084,2
1085,1
1086,4
1087,1
1088,0
1089,4
1090,4
1091,4
1092,1
1093,4
1094,4
1095,4
1096,4
1097,4
1098,7
1099,4
1100,6
1101,4
1102,7
1103,4
1104,7
1105,4
1106,7
1107,4
1108,4
1109,4
1110,2
1111,4
1112,7
1113,4
1114,7
1115,4
1116,7
1117,4
1118,7
1119,4
1120,3
1121,0
1122,6
1123,4
1124,7
1125,2
1126,4
1127,1
1128,4
1129,1
1130,0
1131,6
1132,4
1133,7
1134,4
1135,4
1136,3
1137,6
1138,1
1139,7
1140,8
1141,7
1142,2
1143,8
1144,4
1145,8
1146,7
1147,1
1148,1
1149,8
1150,2
1151,3
1152,6
1153,7
1154,1
1155,8
1156,7
1157,6
1158,7
1159,6
1160,7
1161,8
1162,6
1163,4
1164,7
1165,8
1166,7
1167,8
1168,6
1169,8
1170,7
1171,2
1172,7
1173,7
1174,7
1175,2
1176,7
1177,2
1178,7
1179,4
1180,7
1181,4
1182,4
1183,4
1184,7
1185,8
1186,1
1187,8
1188,2
1189,8
1190,6
1191,0
1192,7
1193,6
1194,7
1195,3
1196,4
1197,6
1198,1
1199,4
1200,7
1201,7
1202,6
1203,6
1204,6
1205,0
1206,4
1207,6
1208,2
1209,2
1210,2
1211,4
1212,7
1213,1
1214,4
1215,4
1216,4
1217,4
1218,4
1219,4
1220,2
1221,8
1222,7
1223,2
1224,4
1225,6
1226,2
1227,2
1228,4
1229,2
1230,4
1231,4
1232,4
1233,4
1234,8
1235,2
1236,8
1237,2
1238,6
1239,4
1240,0
1241,8
1242,7
1243,2
1244,2
1245,8
1246,2
1247,4
1248,2
1249,8
1250,2
1251,8
1252,4
1253,8
1254,4
1255,4
1256,2
1257,4
1258,7
1259,2
1260,7
1261,4
1262,7
1263,0
1264,2
1265,0
1266,3
1267,0
1268,7
1269,0
1270,7
1271,6
1272,2
1273,0
1274,1
1275,2
1276,0
1277,4
1278,0
1279,2
1280,0
1281,4
1282,1
1283,2
1284,0
1285,2
1286,4
1287,2
1288,0
1289,0
1290,0
1291,2
1292,0
1293,1
1294,8
1295,1
1296,8
1297,2
1298,0
1299,7
1300,0
1301,2
1302,0
1303,2
1304,0
1305,0
1306,8
1307,2
1308,1
1309,2
1310,0
1311,2
1312,0
1313,8
1314,7
1315,0
1316,4
1317,3
1318,2
1319,0
1320,4
1321,0
1322,0
1323,1
1324,4
1325,4
1326,1
1327,4
1328,8
1329,7
1330,2
1331,7
1332,2
1333,6
1334,2
1335,7
1336,2
1337,7
1338,0
1339,7
1340,7
1341,8
1342,4
1343,4
1344,4
1345,7
1346,4
1347,7
1348,4
1349,7
1350,6
1351,7
1352,8
1353,0
1354,7
1355,0
1356,4
1357,0
1358,4
1359,4
1360,4
1361,4
1362,3
1363,2
1364,0
1365,7
1366,4
1367,3
1368,4
1369,7
1370,1
1371,4
1372,0
1373,4
1374,2
1375,7
1376,4
1377,0
1378,4
1379,8
1380,4
1381,4
1382,7
1383,7
1384,4
1385,7
1386,7
1387,7
1388,7
1389,7
1390,4
1391,8
1392,2
1393,4
1394,4
1395,2
1396,4
1397,4
1398,4
1399,4
1400,8
1401,7
1402,0
1403,0
1404,7
1405,7
1406,1
1407,7
1408,1
1409,7
1410,1
1411,7
1412,1
1413,7
1414,1
1415,7
1416,1
1417,7
1418,4
1419,7
1420,1
1421,4
1422,1
1423,7
1424,1
1425,7
1426,1
1427,4
1428,4
1429,7
1430,1
1431,7
1432,1
1433,0
1434,1
1435,8
1436,1
1437,6
1438,1
1439,4
1440,1
1441,4
1442,4
1443,3
1444,2
1445,1
1446,4
1447,6
1448,7
1449,6
1450,8
1451,1
1452,6
1453,1
1454,7
1455,1
1456,0
1457,1
1458,7
1459,1
1460,7
1461,1
1462,0
1463,4
1464,4
1465,4
1466,1
1467,4
1468,4
1469,4
1470,4
1471,0
1472,2
1473,4
1474,0
1475,6
1476,4
1477,4
1478,7
1479,4
1480,6
1481,6
1482,8
1483,2
1484,7
1485,0
1486,4
1487,4
1488,0
1489,2
1490,8
1491,4
1492,0
1493,4
1494,4
1495,2
1496,0
1497,4
1498,0
1499,4
1500,4
1501,2
1502,4
1503,4
1504,4
1505,2
1506,0
1507,4
1508,4
1509,1
1510,0
1511,4
1512,3
1513,0
1514,7
1515,8
1516,4
1517,7
1518,7
1519,1
1520,7
1521,4
1522,8
1523,3
1524,4
1525,4
1526,4
1527,4
1528,4
1529,4
1530,4
1531,4
1532,4
1533,2
1534,4
1535,7
1536,6
1537,1
1538,7
1539,8
1540,4
1541,1
1542,7
1543,2
1544,7
1545,1
1546,7
1547,1
1548,1
1549,4
1550,4
1551,7
1552,1
1553,4
1554,1
1555,7
1556,1
1557,4
1558,8
1559,4
1560,3
1561,4
1562,1
1563,7
1564,8
1565,7
1566,1
1567,4
1568,1
1569,4
1570,8
1571,8
1572,1
1573,8
1574,1
1575,4
1576,1
1577,4
1578,0
1579,4
1580,1
1581,4
1582,1
1583,4
1584,1
1585,8
1586,1
1587,4
1588,1
1589,4
1590,8
1591,4
1592,2
1593,4
1594,1
1595,4
1596,4
1597,4
1598,4
1599,4
1600,1
1601,4
1602,8
1603,4
1604,8
1605,4
1606,1
1607,4
1608,4
1609,4
1610,2
1611,4
1612,3
1613,4
1614,4
1615,4
1616,8
1617,4
1618,1
1619,4
1620,4
1621,8
1622,4
1623,8
1624,8
1625,4
1626,1
1627,6
1628,4
1629,6
1630,4
1631,4
1632,6
1633,4
1634,4
1635,4
1636,5
1637,4
1638,4
1639,4
1640,8
1641,4
1642,7
1643,4
1644,4
1645,4
1646,4
1647,4
1648,4
1649,7
1650,4
1651,4
1652,4
1653,4
1654,4
1655,4
1656,8
1657,4
1658,4
1659,4
1660,3
1661,4
1662,4
1663,4
1664,4
1665,4
1666,3
1667,4
1668,8
1669,4
1670,6
1671,4
1672,3
1673,4
1674,4
1675,4
1676,4
1677,1
1678,4
1679,4
1680,4
1681,4
1682,4
1683,7
1684,4
1685,4
1686,4
1687,4
1688,4
1689,4
1690,8
1691,4
1692,4
1693,4
1694,4
1695,4
1696,6
1697,7
1698,4
1699,4
1700,4
1701,0
1702,0
1703,2
1704,2
1705,4
1706,0
1707,1
1708,0
1709,2
1710,0
1711,7
1712,4
1713,4
1714,3
1715,4
1716,0
1717,4
1718,4
1719,4
1720,4
1721,4
1722,4
1723,4
1724,0
1725,4
1726,0
1727,4
1728,0
1729,0
1730,0
1731,2
1732,0
1733,2
1734,0
1735,2
1736,0
1737,2
1738,4
1739,7
1740,4
1741,7
1742,6
1743,1
1744,4
1745,1
1746,4
1747,1
1748,4
1749,1
1750,0
1751,1
1752,0
1753,0
1754,0
1755,2
1756,0
1757,4
1758,0
1759,2
1760,0
1761,4
1762,4
1763,4
1764,0
1765,2
1766,0
1767,0
1768,0
1769,0
1770,0
1771,0
1772,2
1773,0
1774,2
1775,8
1776,6
1777,0
1778,2
1779,0
1780,2
1781,0
1782,4
1783,4
1784,2
1785,2
1786,0
1787,0
1788,2
1789,4
1790,0
1791,0
1792,1
1793,8
1794,4
1795,0
1796,2
1797,8
1798,2
1799,8
1800,0
1801,6
1802,4
1803,8
1804,4
1805,8
1806,4
1807,0
1808,4
1809,0
1810,0
1811,6
1812,2
1813,1
1814,2
1815,6
1816,4
1817,1
1818,2
1819,4
1820,2
1821,0
1822,2
1823,1
1824,4
1825,4
1826,1
1827,8
1828,0
1829,4
1830,8
1831,4
1832,1
1833,3
1834,1
1835,3
1836,1
1837,8
1838,1
1839,3
1840,8
1841,3
1842,0
1843,7
1844,6
1845,3
1846,0
1847,7
1848,8
1849,4
1850,4
1851,4
1852,7
1853,4
1854,4
1855,1
1856,0
1857,1
1858,7
1859,6
1860,7
1861,6
1862,7
1863,1
1864,7
1865,1
1866,7
1867,6
1868,7
1869,6
1870,3
1871,4
1872,3
1873,1
1874,7
1875,6
1876,7
1877,6
1878,7
1879,1
1880,7
1881,1
1882,7
1883,6
1884,7
1885,6
1886,7
1887,8
1888,7
1889,8
1890,7
1891,8
1892,7
1893,6
1894,1
1895,7
1896,1
1897,7
1898,0
1899,7
1900,0
1901,7
1902,6
1903,7
1904,8
1905,7
1906,0
1907,7
1908,0
1909,7
1910,0
1911,4
1912,1
1913,7
1914,1
1915,3
1916,1
1917,3
1918,8
1919,3
1920,0
1921,7
1922,8
1923,7
1924,8
1925,7
1926,8
1927,7
1928,8
1929,4
1930,3
1931,7
1932,7
1933,7
1934,4
1935,0
1936,4
1937,0
1938,7
1939,0
1940,7
1941,0
1942,7
1943,4
1944,7
1945,0
1946,7
1947,0
1948,4
1949,0
1950,4
1951,0
1952,7
1953,0
1954,7
1955,0
1956,7
1957,0
1958,7
1959,0
1960,7
1961,8
1962,7
1963,0
1964,7
1965,0
1966,3
1967,7
1968,4
1969,0
1970,7
1971,0
1972,4
1973,7
1974,0
1975,7
1976,0
1977,3
1978,4
1979,4
1980,0
1981,7
1982,0
1983,7
1984,0
1985,2
1986,7
1987,2
1988,7
1989,0
1990,4
1991,0
1992,7
1993,0
1994,7
1995,8
1996,1
1997,8
1998,7
1999,0
2000,4
2001,0
2002,4
2003,0
2004,6
2005,0
2006,7
2007,0
2008,3
2009,0
2010,4
2011,0
2012,7
2013,0
2014,7
2015,0
2016,4
2017,0
2018,7
2019,0
2020,0
2021,4
2022,1
2023,7
2024,0
2025,6
2026,0
2027,4
2028,0
2029,6
2030,0
2031,4
2032,0
2033,4
2034,4
2035,1
2036,0
2037,4
2038,0
2039,4
2040,0
2041,0
2042,0
2043,7
2044,0
2045,4
2046,0
2047,7
2048,0
2049,7
2050,0
2051,6
2052,0
2053,4
2054,0
2055,7
2056,0
2057,8
2058,7
2059,0
2060,7
2061,0
2062,4
2063,0
2064,1
2065,0
2066,4
2067,0
2068,7
2069,0
2070,7
2071,8
2072,1
2073,8
2074,6
2075,8
2076,7
2077,0
2078,7
2079,0
2080,7
2081,0
2082,4
2083,0
2084,4
2085,0
2086,7
2087,0
2088,3
2089,0
2090,3
2091,0
2092,4
2093,0
2094,1
2095,0
2096,7
2097,2
2098,7
2099,0
2100,7
2101,0
2102,7
2103,0
2104,1
2105,0
2106,7
2107,0
2108,7
2109,0
2110,6
2111,0
2112,4
2113,0
2114,4
2115,0
2116,7
2117,7
2118,7
2119,0
2120,4
2121,0
2122,7
2123,0
2124,1
2125,0
2126,7
2127,0
2128,4
2129,0
2130,4
2131,4
2132,4
2133,1
2134,6
2135,7
2136,4
2137,4
2138,4
2139,0
2140,0
2141,0
2142,7
2143,2
2144,0
2145,1
2146,6
2147,1
2148,0
2149,7
2150,4
2151,1
2152,0
2153,4
2154,0
2155,7
2156,0
2157,1
2158,0
2159,7
2160,0
2161,7
2162,1
2163,1
2164,4
2165,4
2166,7
2167,4
2168,2
2169,4
2170,4
2171,4
2172,2
2173,4
2174,4
2175,4
2176,4
2177,4
2178,4
2179,4
2180,2
2181,8
2182,4
2183,4
2184,4
2185,4
2186,4
2187,4
2188,4
2189,4
2190,4
2191,4
2192,4
2193,4
2194,4
2195,4
2196,4
2197,4
2198,4
2199,4
2200,4
2201,4
2202,4
2203,4
2204,4
2205,4
2206,4
2207,4
2208,4
2209,4
2210,3
2211,4
2212,4
2213,6
2214,4
2215,3
2216,4
2217,3
2218,6
2219,4
2220,3
2221,4
2222,4
2223,3
2224,4
2225,4
2226,4
2227,4
2228,4
2229,4
2230,1
2231,4
2232,4
2233,4
2234,4
2235,8
2236,8
2237,0
2238,0
2239,6
2240,6
2241,4
2242,1
2243,4
2244,4
2245,4
2246,4
2247,0
2248,4
2249,0
2250,4
2251,2
2252,7
2253,1
2254,1
2255,3
2256,4
2257,4
2258,8
2259,8
2260,8
2261,0
2262,0
2263,1
2264,4
2265,0
2266,8
2267,4
2268,4
2269,7
2270,4
2271,7
2272,7
2273,4
2274,4
2275,4
2276,4
2277,4
2278,4
2279,1
2280,3
2281,1
2282,1
2283,1
2284,1
2285,1
2286,7
2287,7
2288,1
2289,1
2290,4
2291,4
2292,1
2293,4
2294,4
2295,4
2296,4
2297,4
2298,4
2299,4
2300,4
2301,4
2302,4
2303,4
2304,4
2305,0
2306,8
2307,0
2308,2
2309,7
2310,8
2311,2
2312,8
2313,2
2314,0
2315,4
2316,0
2317,0
2318,4
2319,0
2320,0
2321,0
2322,4
2323,2
2324,2
2325,7
2326,2
2327,0
2328,8
2329,1
2330,8
2331,8
2332,0
2333,0
2334,0
2335,4
2336,4
2337,0
2338,4
2339,2
2340,4
2341,2
2342,1
2343,7
2344,1
2345,2
2346,8
2347,0
2348,0
2349,2
2350,2
2351,2
2352,0
2353,2
2354,4
2355,2
2356,3
2357,6
2358,0
2359,7
2360,7
2361,2
2362,8
2363,7
2364,7
2365,4
2366,7
2367,2
2368,2
2369,0
2370,0
2371,2
2372,8
2373,4
2374,4
2375,7
2376,1
2377,1
2378,1
2379,1
2380,7
2381,1
2382,3
2383,7
2384,8
2385,3
2386,6
2387,0
2388,6
2389,7
2390,0
2391,6
2392,7
2393,4
2394,0
2395,1
2396,7
2397,2
2398,7
2399,7
2400,3
2401,1
2402,7
2403,0
2404,3
2405,7
2406,3
2407,0
2408,0
2409,4
2410,0
2411,6
2412,3
2413,7
2414,2
2415,2
2416,2
2417,0
2418,2
2419,4
2420,6
2421,2
2422,3
2423,2
2424,2
2425,0
2426,2
2427,2
2428,2
2429,0
2430,0
2431,2
2432,1
2433,2
2434,2
2435,0
2436,7
2437,3
2438,2
2439,3
2440,0
2441,0
2442,0
2443,0
2444,6
2445,2
2446,2
2447,0
2448,2
2449,0
2450,7
2451,0
2452,7
2453,7
2454,8
2455,7
2456,2
2457,4
2458,0
2459,0
2460,2
2461,7
2462,2
2463,0
2464,8
2465,0
2466,0
2467,6
2468,2
2469,8
2470,0
2471,3
2472,6
2473,2
2474,6
2475,2
2476,7
2477,2
2478,7
2479,2
2480,7
2481,2
2482,0
2483,6
2484,8
2485,6
2486,3
2487,2
2488,4
2489,8
2490,8
2491,7
2492,8
2493,2
2494,3
2495,1
2496,1
2497,8
2498,7
2499,8
2500,3
2501,0
2502,2
2503,4
2504,3
2505,6
2506,2
2507,2
2508,2
2509,8
2510,0
2511,2
2512,2
2513,1
2514,1
2515,1
2516,1
2517,8
2518,1
2519,7
2520,1
2521,7
2522,1
2523,2
2524,8
2525,2
2526,0
2527,0
2528,7
2529,1
2530,7
2531,1
2532,2
2533,7
2534,3
2535,2
2536,1
2537,2
2538,1
2539,7
2540,6
2541,3
2542,1
2543,7
2544,1
2545,7
2546,1
2547,4
2548,0
2549,1
2550,0
2551,0
2552,0
2553,1
2554,6
2555,7
2556,1
2557,8
2558,2
2559,7
2560,3
2561,3
2562,3
2563,2
2564,7
2565,6
2566,6
2567,0
2568,2
2569,2
2570,2
2571,7
2572,2
2573,2
2574,2
2575,7
2576,2
2577,3
2578,2
2579,7
2580,7
2581,2
2582,2
2583,2
2584,7
2585,6
2586,6
2587,2
2588,6
2589,1
2590,6
2591,2
2592,2
2593,0
2594,2
2595,6
2596,7
2597,2
2598,0
2599,2
2600,2
2601,2
2602,2
2603,2
2604,6
2605,1
2606,2
2607,2
2608,2
2609,2
2610,8
2611,0
2612,7
2613,0
2614,2
2615,3
2616,0
2617,0
2618,6
2619,0
2620,7
2621,0
2622,0
2623,2
2624,3
2625,1
2626,6
2627,3
2628,3
2629,7
2630,2
2631,2
2632,2
2633,3
2634,6
2635,1
2636,2
2637,4
2638,2
2639,6
2640,2
2641,2
2642,2
2643,2
2644,6
2645,6
2646,2
2647,2
2648,0
2649,2
2650,0
2651,6
2652,2
2653,2
2654,0
2655,3
2656,7
2657,7
2658,7
2659,7
2660,0
2661,7
2662,6
2663,7
2664,7
2665,7
2666,8
2667,6
2668,2
2669,2
2670,3
2671,7
2672,2
2673,0
2674,0
2675,7
2676,6
2677,7
2678,0
2679,6
2680,7
2681,2
2682,0
2683,0
2684,0
2685,1
2686,0
2687,6
2688,0
2689,2
2690,3
2691,0
2692,2
2693,8
2694,2
2695,6
2696,6
2697,6
2698,2
2699,4
2700,7
2701,6
2702,7
2703,2
2704,2
2705,2
2706,6
2707,2
2708,7
2709,3
2710,6
2711,4
2712,1
2713,1
2714,6
2715,6
2716,0
2717,2
2718,7
2719,1
2720,1
2721,0
2722,0
2723,4
2724,6
2725,7
2726,6
2727,3
2728,8
2729,6
2730,6
2731,7
2732,0
2733,2
2734,6
2735,7
2736,3
2737,3
2738,0
2739,0
2740,6
2741,2
2742,6
2743,6
2744,6
2745,6
2746,7
2747,7
2748,7
2749,6
2750,2
2751,0
2752,3
2753,2
2754,2
2755,2
2756,0
2757,6
2758,0
2759,0
2760,6
2761,2
2762,0
2763,7
2764,7
2765,2
2766,7
2767,2
2768,2
2769,7
2770,2
2771,8
2772,6
2773,6
2774,4
2775,0
2776,0
2777,6
2778,6
2779,6
2780,6
2781,3
2782,6
2783,6
2784,2
2785,6
2786,0
2787,0
2788,6
2789,0
2790,6
2791,6
2792,7
2793,6
2794,6
2795,2
2796,6
2797,6
2798,0
2799,6
2800,6
2801,6
2802,1
2803,6
2804,4
2805,6
2806,7
2807,6
2808,7
2809,0
2810,0
2811,1
2812,7
2813,7
2814,0
2815,8
2816,2
2817,1
2818,0
2819,0
2820,1
2821,3
2822,0
2823,4
2824,8
2825,3
2826,6
2827,2
2828,7
2829,1
2830,6
2831,0
2832,3
2833,3
2834,1
2835,0
2836,6
2837,3
2838,7
2839,6
2840,0
2841,6
2842,0
2843,6
2844,6
2845,6
2846,0
2847,0
2848,6
2849,7
2850,6
2851,6
2852,6
2853,0
2854,3
2855,0
2856,6
2857,2
2858,0
2859,6
2860,8
2861,2
2862,8
2863,0
2864,0
2865,2
2866,8
2867,6
2868,0
2869,2
2870,6
2871,3
2872,6
2873,6
2874,0
2875,2
2876,0
2877,3
2878,1
2879,0
2880,0
2881,0
2882,4
2883,6
2884,2
2885,2
2886,2
2887,6
2888,6
2889,0
2890,6
2891,3
2892,6
2893,3
2894,2
2895,8
2896,6
2897,0
2898,2
2899,6
2900,0
2901,7
2902,0
2903,0
2904,0
2905,3
2906,6
2907,6
2908,2
2909,6
2910,6
2911,8
2912,2
2913,6
2914,2
2915,8
2916,0
2917,6
2918,7
2919,2
2920,2
2921,0
2922,0
2923,3
2924,7
2925,2
2926,7
2927,7
2928,8
2929,2
2930,3
2931,7
2932,6
2933,0
2934,1
2935,4
2936,4
2937,8
2938,2
2939,6
2940,6
2941,2
2942,2
2943,3
2944,6
2945,7
2946,0
2947,2
2948,8
2949,1
2950,0
2951,6
2952,2
2953,2
2954,0
2955,0
2956,8
2957,7
2958,7
2959,6
2960,2
2961,8
2962,6
2963,2
2964,3
2965,7
2966,6
2967,4
2968,7
2969,2
2970,6
2971,2
2972,2
2973,3
2974,2
2975,7
2976,7
2977,6
2978,6
2979,1
2980,2
2981,6
2982,4
2983,2
2984,0
2985,4
2986,2
2987,1
2988,7
2989,6
2990,0
2991,6
2992,0
2993,2
2994,6
2995,1
2996,0
2997,2
2998,7
2999,7
3000,0
3001,0
3002,7
3003,4
3004,6
3005,7
3006,7
3007,2
3008,6
3009,2
3010,7
3011,2
3012,6
3013,0
3014,2
3015,7
3016,0
3017,6
3018,7
3019,2
3020,6
3021,3
3022,6
3023,8
3024,2
3025,6
3026,3
3027,7
3028,8
3029,1
3030,1
3031,8
3032,7
3033,2
3034,2
3035,7
3036,7
3037,1
3038,0
3039,6
3040,2
3041,3
3042,0
3043,4
3044,8
3045,6
3046,8
3047,2
3048,3
3049,2
3050,2
3051,4
3052,2
3053,0
3054,0
3055,3
3056,1
3057,6
3058,1
3059,2
3060,4
3061,7
3062,6
3063,3
3064,2
3065,6
3066,7
3067,6
3068,2
3069,7
3070,6
3071,2
3072,0
3073,0
3074,2
3075,1
3076,6
3077,6
3078,6
3079,8
3080,3
3081,3
3082,3
3083,1
3084,2
3085,2
3086,1
3087,3
3088,1
3089,6
3090,1
3091,6
3092,2
3093,6
3094,0
3095,0
3096,6
3097,7
3098,7
3099,6
3100,6
3101,7
3102,3
3103,6
3104,2
3105,6
3106,8
3107,6
3108,6
3109,6
3110,8
3111,6
3112,6
3113,2
3114,2
3115,0
3116,6
3117,3
3118,1
3119,2
3120,6
3121,6
3122,3
3123,6
3124,2
3125,6
3126,0
3127,8
3128,0
3129,2
3130,3
3131,2
3132,6
3133,7
3134,0
3135,2
3136,0
3137,2
3138,7
3139,6
3140,2
3141,7
3142,2
3143,6
3144,2
3145,0
3146,7
3147,2
3148,2
3149,6
3150,3
3151,2
3152,2
3153,2
3154,3
3155,7
3156,7
3157,0
3158,3
3159,0
3160,2
3161,0
3162,0
3163,6
3164,6
3165,3
3166,1
3167,2
3168,0
3169,3
3170,0
3171,6
3172,6
3173,6
3174,6
3175,7
3176,3
3177,2
3178,7
3179,6
3180,3
3181,0
3182,6
3183,6
3184,2
3185,3
3186,2
3187,6
3188,6
3189,6
3190,2
3191,3
3192,6
3193,6
3194,0
3195,2
3196,6
3197,6
3198,7
3199,6
3200,0
3201,6
3202,0
3203,6
3204,6
3205,0
3206,0
3207,6
3208,7
3209,7
3210,6
3211,6
3212,2
3213,2
3214,6
3215,6
3216,7
3217,6
3218,3
3219,0
3220,7
3221,7
3222,8
3223,8
3224,8
3225,8
3226,8
3227,8
3228,8
3229,8
3230,8
3231,8
3232,0
3233,8
3234,0
3235,0
3236,0
3237,0
3238,0
3239,0
3240,0
3241,0
3242,0
3243,0
3244,0
3245,8
3246,8
3247,8
3248,8
3249,8
3250,8
3251,8
3252,8
3253,8
3254,8
3255,8
3256,8
3257,8
3258,8
3259,8
3260,8
3261,8
3262,8
3263,8
3264,8
3265,8
3266,8
3267,8
3268,8
3269,8
3270,8
3271,8
3272,8
3273,3
3274,3
3275,8
3276,8
3277,3
3278,3
3279,3
3280,8
3281,8
3282,8
3283,4
3284,3
3285,3
3286,3
3287,0
3288,0
3289,0
3290,0
3291,0
3292,3
3293,0
3294,8
3295,8
3296,8
3297,8
3298,3
3299,1
3300,7
3301,0
3302,0
3303,0
3304,0
3305,0
3306,0
3307,0
3308,0
3309,0
3310,0
3311,4
3312,0
3313,0
3314,0
3315,0
3316,0
3317,0
3318,8
3319,0
3320,0
3321,0
3322,0
3323,0
3324,2
3325,0
3326,8
3327,0
3328,0
3329,2
3330,0
3331,0
3332,0
3333,4
3334,0
3335,0
3336,7
3337,8
3338,0
3339,0
3340,7
3341,8
3342,0
3343,0
3344,8
3345,8
3346,8
3347,0
3348,8
3349,7
3350,8
3351,8
3352,2
3353,8
3354,8
3355,8
3356,8
3357,0
3358,0
3359,8
3360,8
3361,7
3362,8
3363,8
3364,8
3365,1
3366,8
3367,8
3368,0
3369,8
3370,8
3371,0
3372,0
3373,1
3374,8
3375,0
3376,8
3377,8
3378,8
3379,8
3380,8
3381,8
3382,8
3383,8
3384,8
3385,8
3386,8
3387,8
3388,8
3389,8
3390,8
3391,0
3392,0
3393,0
3394,0
3395,0
3396,0
3397,0
3398,0
3399,0
3400,0
3401,7
3402,0
3403,0
3404,0
3405,0
3406,0
3407,0
3408,0
3409,0
3410,3
3411,7
3412,3
3413,7
3414,7
3415,7
3416,7
3417,7
3418,1
3419,3
3420,1
3421,7
3422,7
3423,3
3424,1
3425,7
3426,3
3427,7
3428,7
3429,0
3430,0
3431,0
3432,0
3433,0
3434,0
3435,0
3436,0
3437,0
3438,0
3439,0
3440,0
3441,0
3442,0
3443,3
3444,0
3445,8
3446,0
3447,7
3448,0
3449,0
3450,0
3451,0
3452,0
3453,0
3454,0
3455,0
3456,0
3457,1
3458,1
3459,1
3460,3
3461,1
3462,3
3463,1
3464,1
3465,3
3466,2
3467,3
3468,1
3469,1
3470,1
3471,1
3472,3
3473,3
3474,3
3475,3
3476,3
3477,8
3478,3
3479,3
3480,3
3481,8
3482,3
3483,3
3484,3
3485,3
3486,8
3487,8
3488,2
3489,8
3490,8
3491,6
3492,8
3493,2
3494,8
3495,8
3496,0
3497,7
3498,8
3499,8
3500,8
3501,8
3502,8
3503,8
3504,8
3505,8
3506,8
3507,8
3508,8
3509,8
3510,8
3511,8
3512,0
3513,8
3514,8
3515,8
3516,8
3517,8
3518,8
3519,7
3520,6
3521,0
3522,3
3523,0
3524,3
3525,1
3526,7
3527,7
3528,3
3529,0
3530,8
3531,7
3532,7
3533,8
3534,7
3535,4
3536,7
3537,7
3538,3
3539,2
3540,8
3541,7
3542,0
3543,2
3544,1
3545,7
3546,8
3547,0
3548,0
3549,7
3550,1
3551,4
3552,1
3553,3
3554,7
3555,7
3556,2
3557,3
3558,0
3559,2
3560,0
3561,8
3562,3
3563,8
3564,0
3565,4
3566,8
3567,0
3568,0
3569,0
3570,7
3571,3
3572,1
3573,8
3574,8
3575,8
3576,8
3577,8
3578,8
3579,0
3580,8
3581,7
3582,8
3583,8
3584,8
3585,0
3586,3
3587,8
3588,0
3589,0
3590,0
3591,0
3592,0
3593,3
3594,0
3595,7
3596,3
3597,0
3598,6
3599,0
3600,6
3601,6
3602,1
3603,1
3604,1
3605,6
3606,6
3607,6
3608,6
3609,3
3610,6
3611,0
3612,8
3613,7
3614,7
3615,0
3616,0
3617,7
3618,7
3619,8
3620,3
3621,0
3622,7
3623,0
3624,8
3625,8
3626,0
3627,0
3628,8
3629,0
3630,2
3631,8
3632,0
3633,8
3634,0
3635,0
3636,8
3637,8
3638,3
3639,8
3640,8
3641,8
3642,8
3643,8
3644,8
3645,8
3646,4
3647,0
3648,8
3649,0
3650,8
3651,4
3652,4
3653,8
3654,3
3655,8
3656,8
3657,0
3658,8
3659,8
3660,0
3661,8
3662,8
3663,8
3664,3
3665,0
3666,0
3667,8
3668,8
3669,8
3670,7
3671,7
3672,8
3673,7
3674,0
3675,3
3676,7
3677,7
3678,7
3679,0
3680,3
3681,7
3682,0
3683,8
3684,7
3685,7
3686,6
3687,7
3688,3
3689,8
3690,7
3691,3
3692,7
3693,7
3694,7
3695,7
3696,8
3697,7
3698,7
3699,3
3700,8
3701,7
3702,7
3703,3
3704,7
3705,0
3706,3
3707,3
3708,7
3709,7
3710,6
3711,7
3712,3
3713,3
3714,0
3715,7
3716,7
3717,7
3718,7
3719,7
3720,7
3721,7
3722,7
3723,7
3724,7
3725,1
3726,7
3727,8
3728,7
3729,7
3730,7
3731,1
3732,8
3733,7
3734,7
3735,7
3736,7
3737,7
3738,7
3739,7
3740,7
3741,7
3742,7
3743,7
3744,7
3745,7
3746,0
3747,0
3748,0
3749,7
3750,0
3751,8
3752,0
3753,0
3754,0
3755,0
3756,1
3757,0
3758,0
3759,3
3760,0
3761,0
3762,0
3763,0
3764,0
3765,8
3766,0
3767,0
3768,7
3769,8
3770,8
3771,8
3772,0
3773,8
3774,0
3775,7
3776,8
3777,3
3778,8
3779,8
3780,0
3781,7
3782,8
3783,8
3784,7
3785,8
3786,0
3787,0
3788,0
3789,0
3790,8
3791,0
3792,1
3793,1
3794,8
3795,8
3796,8
3797,0
3798,1
3799,8
3800,0
3801,1
3802,6
3803,1
3804,8
3805,0
3806,1
3807,0
3808,8
3809,8
3810,7
3811,3
3812,8
3813,6
3814,8
3815,8
3816,0
3817,3
3818,8
3819,3
3820,5
3821,5
3822,5
3823,4
3824,5
3825,5
3826,3
3827,5
3828,5
3829,5
3830,5
3831,5
3832,5
3833,3
3834,5
3835,5
3836,5
3837,5
3838,5
3839,5
3840,5
3841,5
3842,5
3843,5
3844,5
3845,5
3846,5
3847,5
3848,5
3849,4
3850,4
3851,4
3852,4
3853,5
3854,5
3855,5
3856,5
3857,5
3858,5
3859,5
3860,5
3861,5
3862,5
3863,5
3864,5
3865,5
3866,5
3867,4
3868,5
3869,5
3870,5
3871,4
3872,4
3873,4
3874,4
3875,5
3876,4
3877,5
3878,4
3879,4
3880,4
3881,4
3882,5
3883,5
3884,5
3885,5
3886,5
3887,5
3888,5
3889,4
3890,4
3891,5
3892,4
3893,7
3894,4
3895,4
3896,3
3897,4
3898,5
3899,4
3900,5
3901,4
3902,4
3903,4
3904,4
3905,5
3906,4
3907,4
3908,4
3909,4
3910,4
3911,5
3912,5
3913,5
3914,5
3915,5
3916,5
3917,5
3918,5
3919,5
3920,5
3921,5
3922,5
3923,5
3924,5
3925,5
3926,5
3927,4
3928,5
3929,5
3930,5
3931,5
3932,4
3933,5
3934,4
3935,5
3936,3
3937,5
3938,4
3939,3
3940,4
3941,5
3942,5
3943,5
3944,5
3945,4
3946,4
3947,4
3948,4
3949,5
3950,3
3951,5
3952,5
3953,5
3954,4
3955,5
3956,4
3957,5
3958,5
3959,4
3960,5
3961,5
3962,5
3963,1
3964,5
3965,6
3966,5
3967,4
3968,5
3969,5
3970,4
3971,5
3972,5
3973,5
3974,5
3975,3
3976,5
3977,5
3978,5
3979,3
3980,5
3981,5
3982,3
3983,5
3984,5
3985,4
3986,4
3987,4
3988,3
3989,5
3990,5
3991,4
3992,5
3993,5
3994,5
3995,5
3996,4
3997,5
3998,4
3999,3
4000,4
4001,3
4002,4
4003,5
4004,5
4005,4
4006,3
4007,4
4008,8
4009,8
4010,8
4011,6
4012,5
4013,4
4014,4
4015,4
4016,4
4017,5
4018,4
4019,4
4020,5
4021,5
4022,4
4023,5
4024,3
4025,5
4026,4
4027,6
4028,4
4029,4
4030,4
4031,4
4032,4
4033,5
4034,3
4035,5
4036,5
4037,5
4038,5
4039,5
4040,5
4041,4
4042,6
4043,5
4044,5
4045,5
4046,5
4047,5
4048,5
4049,4
4050,5
4051,5
4052,4
4053,5
4054,4
4055,5
4056,4
4057,5
4058,4
4059,5
4060,4
4061,5
4062,5
4063,5
4064,3
4065,5
4066,5
4067,5
4068,5
4069,4
4070,5
4071,5
4072,5
4073,5
4074,5
4075,5
4076,5
4077,5
4078,5
4079,3
4080,3
4081,4
4082,3
4083,4
4084,4
4085,5
4086,5
4087,5
4088,4
4089,4
4090,4
4091,4
4092,4
4093,5
4094,4
4095,4
4096,4
4097,4
4098,4
4099,3
4100,5
4101,4
4102,4
4103,4
4104,4
4105,5
4106,4
4107,4
4108,4
4109,5
4110,5
4111,5
4112,4
4113,5
4114,5
4115,4
4116,4
4117,4
4118,4
4119,4
4120,4
4121,5
4122,4
4123,5
4124,4
4125,4
4126,4
4127,4
4128,5
4129,5
4130,4
4131,5
4132,5
4133,5
4134,5
4135,5
4136,3
4137,5
4138,3
4139,5
4140,4
4141,5
4142,4
4143,5
4144,4
4145,5
4146,5
4147,5
4148,4
4149,4
4150,4
4151,5
4152,5
4153,5
4154,4
4155,8
4156,4
4157,3
4158,5
4159,5
4160,2
4161,4
4162,4
4163,4
4164,5
4165,4
4166,5
4167,5
4168,4
4169,5
4170,5
4171,5
4172,4
4173,5
4174,4
4175,4
4176,4
4177,5
4178,5
4179,4
4180,5
4181,4
4182,5
4183,5
4184,4
4185,4
4186,4
4187,5
4188,3
4189,5
4190,4
4191,3
4192,5
4193,5
4194,4
4195,5
4196,5
4197,5
4198,5
4199,4
4200,4
4201,4
4202,5
4203,5
4204,3
4205,5
4206,5
4207,4
4208,5
4209,5
4210,5
4211,5
4212,4
4213,4
4214,5
4215,4
4216,5
4217,4
4218,4
4219,5
4220,4
4221,4
4222,5
4223,3
4224,5
4225,5
4226,4
4227,3
4228,4
4229,5
4230,4
4231,5
4232,5
4233,4
4234,4
4235,4
4236,5
4237,5
4238,4
4239,5
4240,5
4241,5
4242,4
4243,5
4244,5
4245,5
4246,5
4247,5
4248,5
4249,5
4250,5
4251,4
4252,4
4253,4
4254,4
4255,5
4256,4
4257,4
4258,4
4259,5
4260,5
4261,5
4262,4
4263,3
4264,4
4265,5
4266,5
4267,5
4268,5
4269,4
4270,4
4271,5
4272,4
4273,4
4274,5
4275,4
4276,5
4277,5
4278,5
4279,5
4280,4
4281,5
4282,3
4283,5
4284,4
4285,5
4286,6
4287,5
4288,5
4289,5
4290,5
4291,5
4292,5
4293,3
4294,3
4295,5
4296,5
4297,5
4298,5
4299,4
4300,5
4301,4
4302,5
4303,5
4304,5
4305,5
4306,5
4307,5
4308,5
4309,5
4310,5
4311,5
4312,4
4313,4
4314,4
4315,5
4316,6
4317,4
4318,5
4319,5
4320,4
4321,5
4322,5
4323,5
4324,5
4325,4
4326,4
4327,5
4328,5
4329,5
4330,5
4331,5
4332,5
4333,5
4334,5
4335,5
4336,5
4337,0
4338,8
4339,5
4340,5
4341,4
4342,5
4343,5
4344,5
4345,5
4346,5
4347,5
4348,4
4349,5
4350,5
4351,5
4352,4
4353,5
4354,5
4355,5
4356,5
4357,5
4358,5
4359,3
4360,5
4361,4
4362,4
4363,4
4364,4
4365,5
4366,4
4367,4
4368,5
4369,4
4370,4
4371,4
4372,3
4373,4
4374,5
4375,4
4376,5
4377,5
4378,4
4379,5
4380,5
4381,5
4382,5
4383,4
4384,5
4385,5
4386,5
4387,5
4388,5
4389,5
4390,5
4391,4
4392,3
4393,4
4394,3
4395,4
4396,5
4397,4
4398,4
4399,5
4400,4
4401,4
4402,5
4403,5
4404,5
4405,3
4406,5
4407,3
4408,4
4409,5
4410,5
4411,4
4412,5
4413,5
4414,3
4415,5
4416,5
4417,5
4418,4
4419,5
4420,4
4421,5
4422,5
4423,5
4424,5
4425,5
4426,5
4427,5
4428,4
4429,5
4430,5
4431,5
4432,5
4433,5
4434,5
4435,3
4436,5
4437,5
4438,4
4439,5
4440,4
4441,5
4442,4
4443,6
4444,4
4445,5
4446,5
4447,1
4448,4
4449,5
4450,5
4451,4
4452,4
4453,4
4454,4
4455,4
4456,4
4457,4
4458,4
4459,4
4460,4
4461,4
4462,4
4463,4
4464,4
4465,0
4466,4
4467,5
4468,4
4469,5
4470,5
4471,4
4472,5
4473,5
4474,5
4475,5
4476,5
4477,4
4478,4
4479,5
4480,4
4481,5
4482,5
4483,4
4484,5
4485,4
4486,5
4487,4
4488,4
4489,4
4490,4
4491,4
4492,5
4493,4
4494,5
4495,5
4496,5
4497,5
4498,4
4499,5
4500,4
4501,5
4502,5
4503,5
4504,5
4505,5
4506,5
4507,3
4508,5
4509,5
4510,5
4511,3
4512,5
4513,5
4514,5
4515,5
4516,5
4517,4
4518,5
4519,5
4520,5
4521,4
4522,4
4523,4
4524,4
4525,5
4526,5
4527,5
4528,4
4529,5
4530,4
4531,4
4532,5
4533,5
4534,4
4535,3
4536,5
4537,5
4538,5
4539,5
4540,5
4541,4
4542,4
4543,4
4544,4
4545,3
4546,4
4547,3
4548,5
4549,5
4550,3
4551,4
4552,5
4553,5
4554,4
4555,4
4556,4
4557,5
4558,4
4559,5
4560,5
4561,5
4562,4
4563,4
4564,4
4565,4
4566,4
4567,5
4568,4
4569,4
4570,5
4571,5
4572,4
4573,5
4574,4
4575,4
4576,4
4577,5
4578,5
4579,6
4580,5
4581,5
4582,5
4583,5
4584,5
4585,5
4586,5
4587,5
4588,5
4589,5
4590,5
4591,5
4592,5
4593,5
4594,5
4595,5
4596,5
4597,5
4598,5
4599,5
4600,5
4601,3
4602,4
4603,5
4604,5
4605,4
4606,4
4607,5
4608,5
4609,8
4610,5
4611,5
4612,4
4613,5
4614,5
4615,5
4616,5
4617,5
4618,4
4619,4
4620,5
4621,5
4622,5
4623,5
4624,5
4625,5
4626,5
4627,5
4628,5
4629,5
4630,5
4631,5
4632,4
4633,5
4634,4
4635,3
4636,3
4637,5
4638,5
4639,5
4640,5
4641,5
4642,5
4643,5
4644,5
4645,5
4646,5
4647,5
4648,3
4649,4
4650,0
4651,5
4652,5
4653,5
4654,5
4655,5
4656,4
4657,4
4658,5
4659,4
4660,4
4661,4
4662,5
4663,5
4664,5
4665,4
4666,4
4667,5
4668,4
4669,5
4670,4
4671,5
4672,4
4673,5
4674,5
4675,5
4676,4
4677,4
4678,5
4679,4
4680,5
4681,4
4682,5
4683,5
4684,5
4685,4
4686,5
4687,4
4688,4
4689,4
4690,5
4691,5
4692,5
4693,5
4694,5
4695,5
4696,5
4697,5
4698,5
4699,5
4700,5
4701,0
4702,5
4703,5
4704,5
4705,3
4706,3
4707,5
4708,5
4709,5
4710,5
4711,3
4712,5
4713,5
4714,5
4715,5
4716,5
4717,5
4718,5
4719,5
4720,1
4721,1
4722,4
4723,5
4724,5
4725,3
4726,5
4727,5
4728,5
4729,5
4730,5
4731,5
4732,4
4733,4
4734,4
4735,5
4736,5
4737,5
4738,5
4739,5
4740,5
4741,4
4742,3
4743,4
4744,5
4745,4
4746,3
4747,5
4748,4
4749,5
4750,4
4751,5
4752,4
4753,5
4754,4
4755,5
4756,5
4757,4
4758,5
4759,4
4760,4
4761,4
4762,8
4763,4
4764,4
4765,6
4766,5
4767,5
4768,4
4769,5
4770,5
4771,5
4772,3
4773,5
4774,5
4775,4
4776,5
4777,5
4778,5
4779,6
4780,5
4781,5
4782,3
4783,4
4784,3
4785,4
4786,3
4787,4
4788,4
4789,4
4790,4
4791,4
4792,4
4793,5
4794,4
4795,4
4796,5
4797,4
4798,5
4799,5
4800,5
4801,5
4802,4
4803,4
4804,8
4805,4
4806,4
4807,5
4808,4
4809,5
4810,4
4811,4
4812,4
4813,4
4814,4
4815,4
4816,4
4817,4
4818,4
4819,4
4820,4
4821,4
4822,4
4823,4
4824,4
4825,5
4826,5
4827,4
4828,5
4829,5
4830,4
4831,5
4832,5
4833,4
4834,4
4835,8
4836,8
4837,4
4838,5
4839,5
4840,5
4841,5
4842,5
4843,4
4844,4
4845,5
4846,5
4847,4
4848,4
4849,4
4850,4
4851,4
4852,5
4853,4
4854,8
4855,4
4856,5
4857,4
4858,5
4859,5
4860,3
4861,5
4862,4
4863,4
4864,4
4865,5
4866,4
4867,5
4868,5
4869,4
4870,5
4871,4
4872,5
4873,4
4874,4
4875,5
4876,5
4877,5
4878,5
4879,4
4880,5
4881,4
4882,4
4883,4
4884,0
4885,4
4886,4
4887,5
4888,4
4889,4
4890,5
4891,4
4892,4
4893,5
4894,4
4895,4
4896,4
4897,4
4898,3
4899,5
4900,5
4901,4
4902,4
4903,4
4904,4
4905,3
4906,4
4907,4
4908,4
4909,4
4910,5
4911,5
4912,4
4913,4
4914,5
4915,4
4916,4
4917,5
4918,5
4919,4
4920,5
4921,4
4922,5
4923,4
4924,4
4925,4
4926,4
4927,4
4928,4
4929,3
4930,4
4931,4
4932,4
4933,4
4934,5
4935,4
4936,4
4937,4
4938,4
4939,4
4940,4
4941,5
4942,0
4943,4
4944,4
4945,3
4946,4
4947,4
4948,3
4949,3
4950,5
4951,5
4952,5
4953,5
4954,5
4955,3
4956,3
4957,5
4958,5
4959,5
4960,5
4961,4
4962,5
4963,4
4964,5
4965,3
4966,4
4967,4
4968,4
4969,4
4970,4
4971,0
4972,4
4973,3
4974,4
4975,4
4976,5
4977,4
4978,3
4979,4
4980,4
4981,6
4982,5
4983,5
4984,5
4985,5
4986,5
4987,5
4988,5
4989,5
4990,5
4991,5
4992,5
4993,4
4994,5
4995,5
4996,5
4997,5
4998,5
4999,5
5000,5
5001,4
5002,5
5003,5
5004,5
5005,5
5006,5
5007,5
5008,5
5009,5
5010,5
5011,5
5012,4
5013,3
5014,5
5015,5
5016,5
5017,5
5018,5
5019,4
5020,5
5021,4
5022,5
5023,5
5024,5
5025,5
5026,5
5027,0
5028,5
5029,5
5030,5
5031,5
5032,5
5033,4
5034,4
5035,5
5036,5
5037,5
5038,5
5039,5
5040,5
5041,3
5042,2
5043,5
5044,4
5045,5
5046,5
5047,4
5048,4
5049,5
5050,4
5051,4
5052,5
5053,4
5054,4
5055,5
5056,5
5057,4
5058,5
5059,4
5060,4
5061,4
5062,3
5063,5
5064,3
5065,4
5066,4
5067,5
5068,4
5069,4
5070,5
5071,5
5072,3
5073,4
5074,4
5075,3
5076,4
5077,5
5078,4
5079,4
5080,4
5081,5
5082,3
5083,4
5084,4
5085,4
5086,5
5087,3
5088,3
5089,3
5090,4
5091,4
5092,4
5093,4
5094,4
5095,4
5096,4
5097,4
5098,8
5099,4
5100,4
5101,3
5102,5
5103,2
5104,3
5105,3
5106,5
5107,5
5108,4
5109,4
5110,4
5111,4
5112,4
5113,4
5114,5
5115,4
5116,5
5117,4
5118,4
5119,3
5120,5
5121,4
5122,3
5123,4
5124,4
5125,4
5126,5
5127,4
5128,5
5129,4
5130,3
5131,4
5132,4
5133,3
5134,4
5135,6
5136,4
5137,3
5138,8
5139,3
5140,6
5141,4
5142,4
5143,5
5144,3
5145,4
5146,4
5147,5
5148,4
5149,4
5150,4
5151,5
5152,4
5153,5
5154,4
5155,4
5156,5
5157,5
5158,4
5159,4
5160,4
5161,4
5162,4
5163,5
5164,4
5165,2
5166,4
5167,4
5168,4
5169,4
5170,4
5171,4
5172,4
5173,4
5174,5
5175,4
5176,5
5177,5
5178,4
5179,6
5180,4
5181,3
5182,4
5183,4
5184,4
5185,4
5186,4
5187,4
5188,4
5189,2
5190,4
5191,4
5192,5
5193,3
5194,4
5195,4
5196,3
5197,3
5198,6
5199,8
5200,3
5201,4
5202,4
5203,4
5204,4
5205,4
5206,4
5207,4
5208,4
5209,4
5210,4
5211,4
5212,4
5213,4
5214,4
5215,4
5216,4
5217,3
5218,3
5219,4
5220,6
5221,2
5222,4
5223,7
5224,3
5225,4
5226,3
5227,4
5228,4
5229,7
5230,4
5231,5
5232,4
5233,6
5234,4
5235,4
5236,3
5237,3
5238,4
5239,4
5240,4
5241,0
5242,1
5243,3
5244,3
5245,8
5246,3
5247,8
5248,4
5249,3
5250,4
5251,7
5252,6
5253,7
5254,1
5255,8
5256,6
5257,0
5258,2
5259,8
5260,7
5261,0
5262,2
5263,2
5264,7
5265,2
5266,6
5267,7
5268,0
5269,4
5270,8
5271,7
5272,8
5273,3
5274,3
5275,7
5276,1
5277,7
5278,1
5279,7
5280,6
5281,7
5282,2
5283,2
5284,8
5285,0
5286,1
5287,0
5288,6
5289,1
5290,3
5291,2
5292,6
5293,3
5294,3
5295,7
5296,0
5297,1
5298,0
5299,0
5300,6
5301,3
5302,6
5303,7
5304,6
5305,7
5306,8
5307,7
5308,7
5309,7
5310,3
5311,6
5312,2
5313,8
5314,3
5315,7
5316,0
5317,7
5318,7
5319,3
5320,6
5321,1
5322,3
5323,8
5324,1
5325,6
5326,0
5327,7
5328,0
5329,0
5330,1
5331,8
5332,3
5333,1
5334,3
5335,2
5336,7
5337,3
5338,3
5339,3
5340,0
5341,7
5342,2
5343,7
5344,6
5345,2
5346,8
5347,3
5348,7
5349,2
5350,4
5351,0
5352,3
5353,6
5354,7
5355,3
5356,1
5357,7
5358,3
5359,1
5360,3
5361,0
5362,3
5363,7
5364,3
5365,3
5366,2
5367,4
5368,2
5369,7
5370,7
5371,3
5372,0
5373,6
5374,2
5375,7
5376,2
5377,2
5378,6
5379,6
5380,7
5381,1
5382,7
5383,2
5384,7
5385,7
5386,1
5387,3
5388,3
5389,2
5390,6
5391,7
5392,3
5393,6
5394,2
5395,7
5396,2
5397,3
5398,6
5399,3
5400,8
5401,1
5402,7
5403,3
5404,3
5405,3
5406,6
5407,7
5408,6
5409,4
5410,0
5411,0
5412,7
5413,7
5414,8
5415,2
5416,7
5417,6
5418,7
5419,3
5420,2
5421,2
5422,1
5423,7
5424,6
5425,7
5426,2
5427,3
5428,0
5429,3
5430,7
5431,2
5432,3
5433,2
5434,2
5435,3
5436,2
5437,2
5438,6
5439,2
5440,1
5441,6
5442,7
5443,3
5444,0
5445,4
5446,3
5447,2
5448,3
5449,0
5450,7
5451,8
5452,8
5453,1
5454,3
5455,2
5456,7
5457,0
5458,8
5459,6
5460,7
5461,3
5462,8
5463,1
5464,2
5465,0
5466,7
5467,6
5468,2
5469,7
5470,8
5471,6
5472,3
5473,2
5474,2
5475,3
5476,7
5477,1
5478,1
5479,2
5480,0
5481,0
5482,3
5483,6
5484,6
5485,0
5486,3
5487,2
5488,7
5489,1
5490,7
5491,7
5492,3
5493,3
5494,7
5495,3
5496,0
5497,3
5498,7
5499,3
5500,3
5501,3
5502,3
5503,1
5504,3
5505,8
5506,1
5507,8
5508,7
5509,3
5510,1
5511,3
5512,3
5513,8
5514,7
5515,3
5516,1
5517,7
5518,6
5519,7
5520,3
5521,7
5522,8
5523,3
5524,2
5525,3
5526,3
5527,3
5528,7
5529,6
5530,7
5531,6
5532,7
5533,0
5534,6
5535,0
5536,2
5537,6
5538,7
5539,0
5540,8
5541,1
5542,7
5543,2
5544,2
5545,2
5546,8
5547,1
5548,1
5549,3
5550,7
5551,7
5552,2
5553,6
5554,7
5555,7
5556,2
5557,3
5558,2
5559,7
5560,3
5561,3
5562,6
5563,7
5564,3
5565,7
5566,7
5567,3
5568,3
5569,2
5570,6
5571,7
5572,7
5573,7
5574,8
5575,6
5576,3
5577,4
5578,7
5579,1
5580,7
5581,2
5582,7
5583,2
5584,3
5585,0
5586,3
5587,3
5588,7
5589,0
5590,1
5591,0
5592,3
5593,2
5594,0
5595,1
5596,0
5597,3
5598,6
5599,3
5600,8
5601,1
5602,7
5603,2
5604,7
5605,1
5606,6
5607,1
5608,7
5609,7
5610,2
5611,7
5612,0
5613,6
5614,7
5615,8
5616,8
5617,8
5618,6
5619,1
5620,3
5621,8
5622,6
5623,3
5624,3
5625,3
5626,7
5627,3
5628,0
5629,8
5630,0
5631,8
5632,2
5633,3
5634,0
5635,6
5636,8
5637,6
5638,0
5639,6
5640,0
5641,7
5642,2
5643,0
5644,7
5645,3
5646,6
5647,6
5648,8
5649,2
5650,6
5651,3
5652,3
5653,8
5654,8
5655,3
5656,3
5657,6
5658,8
5659,8
5660,3
5661,7
5662,7
5663,3
5664,7
5665,3
5666,7
5667,1
5668,0
5669,8
5670,7
5671,2
5672,7
5673,7
5674,6
5675,7
5676,6
5677,1
5678,0
5679,6
5680,3
5681,7
5682,2
5683,6
5684,3
5685,6
5686,7
5687,6
5688,3
5689,3
5690,7
5691,7
5692,7
5693,7
5694,3
5695,7
5696,7
5697,7
5698,1
5699,2
5700,7
5701,1
5702,1
5703,3
5704,7
5705,7
5706,7
5707,7
5708,7
5709,7
5710,6
5711,2
5712,8
5713,3
5714,8
5715,6
5716,0
5717,7
5718,7
5719,8
5720,3
5721,7
5722,1
5723,3
5724,4
5725,3
5726,6
5727,2
5728,4
5729,3
5730,3
5731,6
5732,3
5733,7
5734,8
5735,3
5736,7
5737,3
5738,3
5739,2
5740,2
5741,4
5742,1
5743,3
5744,7
5745,2
5746,7
5747,3
5748,8
5749,7
5750,3
5751,3
5752,7
5753,3
5754,1
5755,3
5756,7
5757,3
5758,3
5759,0
5760,3
5761,6
5762,6
5763,3
5764,3
5765,0
5766,7
5767,0
5768,6
5769,8
5770,8
5771,8
5772,6
5773,3
5774,8
5775,3
5776,4
5777,8
5778,3
5779,6
5780,7
5781,2
5782,7
5783,0
5784,3
5785,7
5786,7
5787,3
5788,2
5789,8
5790,6
5791,3
5792,6
5793,0
5794,3
5795,4
5796,3
5797,7
5798,3
5799,7
5800,8
5801,7
5802,7
5803,7
5804,3
5805,4
5806,7
5807,0
5808,0
5809,7
5810,2
5811,7
5812,0
5813,0
5814,0
5815,7
5816,0
5817,6
5818,0
5819,3
5820,8
5821,7
5822,8
5823,0
5824,1
5825,0
5826,0
5827,2
5828,2
5829,7
5830,2
5831,3
5832,6
5833,3
5834,8
5835,3
5836,3
5837,6
5838,1
5839,0
5840,6
5841,8
5842,3
5843,3
5844,0
5845,2
5846,7
5847,0
5848,7
5849,7
5850,7
5851,0
5852,8
5853,1
5854,6
5855,7
5856,8
5857,6
5858,6
5859,4
5860,0
5861,2
5862,6
5863,4
5864,4
5865,8
5866,0
5867,0
5868,2
5869,2
5870,2
5871,2
5872,6
5873,2
5874,7
5875,7
5876,2
5877,2
5878,0
5879,3
5880,2
5881,7
5882,2
5883,3
5884,8
5885,2
5886,2
5887,2
5888,2
5889,8
5890,2
5891,2
5892,2
5893,6
5894,2
5895,2
5896,2
5897,7
5898,6
5899,2
5900,3
5901,6
5902,6
5903,6
5904,6
5905,6
5906,6
5907,6
5908,2
5909,0
5910,7
5911,2
5912,2
5913,2
5914,2
5915,1
5916,6
5917,6
5918,2
5919,2
5920,7
5921,7
5922,7
5923,2
5924,7
5925,7
5926,3
5927,7
5928,3
5929,3
5930,3
5931,3
5932,3
5933,2
5934,6
5935,8
5936,2
5937,7
5938,6
5939,7
5940,0
5941,6
5942,3
5943,7
5944,3
5945,3
5946,1
5947,1
5948,1
5949,1
5950,2
5951,2
5952,0
5953,7
5954,7
5955,7
5956,0
5957,0
5958,0
5959,2
5960,4
5961,7
5962,7
5963,7
5964,1
5965,2
5966,8
5967,4
5968,7
5969,4
5970,4
5971,4
5972,7
5973,7
5974,3
5975,7
5976,7
5977,3
5978,0
5979,6
5980,7
5981,7
5982,7
5983,7
5984,7
5985,7
5986,7
5987,3
5988,3
5989,1
5990,3
5991,6
5992,3
5993,7
5994,2
5995,6
5996,7
5997,6
5998,7
5999,7
6000,7
6001,7
6002,7
6003,0
6004,7
6005,4
6006,2
6007,7
6008,7
6009,3
6010,6
6011,6
6012,7
6013,6
6014,4
6015,6
6016,7
6017,7
6018,7
6019,7
6020,7
6021,6
6022,2
6023,7
6024,3
6025,2
6026,7
6027,7
6028,7
6029,7
6030,1
6031,7
6032,7
6033,6
6034,1
6035,8
6036,8
6037,2
6038,8
6039,1
6040,1
6041,6
6042,2
6043,8
6044,6
6045,2
6046,2
6047,4
6048,3
6049,1
6050,0
6051,2
6052,2
6053,1
6054,1
6055,6
6056,6
6057,3
6058,6
6059,2
6060,2
6061,3
6062,8
6063,0
6064,7
6065,7
6066,2
6067,7
6068,6
6069,3
6070,0
6071,6
6072,6
6073,6
6074,1
6075,3
6076,3
6077,3
6078,7
6079,0
6080,2
6081,0
6082,8
6083,8
6084,8
6085,8
6086,0
6087,0
6088,3
6089,0
6090,7
6091,7
6092,7
6093,0
6094,3
6095,6
6096,0
6097,0
6098,2
6099,2
6100,1
6101,7
6102,1
6103,1
6104,1
6105,3
6106,3
6107,2
6108,0
6109,0
6110,6
6111,4
6112,6
6113,3
6114,6
6115,0
6116,0
6117,3
6118,2
6119,3
6120,1
6121,6
6122,8
6123,2
6124,7
6125,6
6126,7
6127,2
6128,6
6129,7
6130,7
6131,7
6132,6
6133,2
6134,6
6135,8
6136,8
6137,2
6138,6
6139,2
6140,2
6141,7
6142,0
6143,1
6144,6
6145,2
6146,2
6147,0
6148,2
6149,6
6150,7
6151,7
6152,7
6153,7
6154,2
6155,0
6156,7
6157,8
6158,8
6159,8
6160,8
6161,8
6162,7
6163,0
6164,2
6165,3
6166,2
6167,0
6168,7
6169,2
6170,0
6171,2
6172,0
6173,2
6174,2
6175,3
6176,1
6177,3
6178,8
6179,1
6180,2
6181,2
6182,2
6183,3
6184,3
6185,3
6186,7
6187,2
6188,2
6189,2
6190,0
6191,0
6192,7
6193,7
6194,0
6195,0
6196,0
6197,2
6198,0
6199,0
6200,2
6201,0
6202,6
6203,8
6204,6
6205,2
6206,0
6207,0
6208,2
6209,2
6210,2
6211,0
6212,7
6213,6
6214,2
6215,3
6216,0
6217,3
6218,3
6219,2
6220,7
6221,0
6222,0
6223,7
6224,3
6225,7
6226,3
6227,2
6228,1
6229,1
6230,3
6231,3
6232,3
6233,2
6234,7
6235,3
6236,7
6237,4
6238,2
6239,6
6240,4
6241,3
6242,1
6243,1
6244,7
6245,8
6246,8
6247,7
6248,8
6249,8
6250,8
6251,0
6252,0
6253,7
6254,3
6255,8
6256,2
6257,8
6258,0
6259,6
6260,6
6261,2
6262,2
6263,7
6264,8
6265,7
6266,7
6267,0
6268,0
6269,8
6270,0
6271,8
6272,7
6273,7
6274,3
6275,3
6276,3
6277,0
6278,8
6279,3
6280,7
6281,3
6282,3
6283,3
6284,3
6285,7
6286,7
6287,7
6288,0
6289,7
6290,0
6291,7
6292,0
6293,0
6294,0
6295,8
6296,0
6297,2
6298,0
6299,8
6300,8
6301,6
6302,3
6303,3
6304,3
6305,3
6306,7
6307,7
6308,2
6309,0
6310,2
6311,6
6312,2
6313,1
6314,7
6315,2
6316,7
6317,3
6318,7
6319,3
6320,7
6321,3
6322,3
6323,2
6324,6
6325,6
6326,7
6327,6
6328,8
6329,6
6330,6
6331,6
6332,1
6333,8
6334,0
6335,0
6336,8
6337,2
6338,2
6339,2
6340,3
6341,3
6342,7
6343,3
6344,2
6345,2
6346,7
6347,7
6348,3
6349,3
6350,7
6351,4
6352,3
6353,3
6354,7
6355,7
6356,7
6357,4
6358,2
6359,6
6360,0
6361,7
6362,6
6363,7
6364,8
6365,2
6366,7
6367,2
6368,0
6369,7
6370,7
6371,7
6372,0
6373,6
6374,0
6375,3
6376,6
6377,2
6378,7
6379,7
6380,7
6381,0
6382,3
6383,7
6384,7
6385,8
6386,3
6387,0
6388,0
6389,6
6390,6
6391,2
6392,7
6393,2
6394,2
6395,2
6396,4
6397,8
6398,1
6399,6
6400,7
6401,8
6402,6
6403,0
6404,0
6405,7
6406,3
6407,0
6408,8
6409,2
6410,4
6411,3
6412,7
6413,0
6414,3
6415,0
6416,0
6417,6
6418,1
6419,1
6420,1
6421,0
6422,0
6423,0
6424,0
6425,3
6426,0
6427,3
6428,0
6429,0
6430,3
6431,0
6432,3
6433,0
6434,6
6435,8
6436,0
6437,0
6438,8
6439,2
6440,7
6441,8
6442,7
6443,0
6444,7
6445,7
6446,7
6447,0
6448,7
6449,8
6450,0
6451,3
6452,3
6453,2
6454,7
6455,7
6456,4
6457,4
6458,4
6459,1
6460,7
6461,4
6462,4
6463,3
6464,7
6465,4
6466,4
6467,0
6468,0
6469,3
6470,3
6471,6
6472,4
6473,6
6474,4
6475,3
6476,4
6477,6
6478,0
6479,4
6480,4
6481,4
6482,7
6483,8
6484,0
6485,0
6486,0
6487,0
6488,0
6489,3
6490,3
6491,3
6492,3
6493,7
6494,0
6495,3
6496,2
6497,2
6498,7
6499,7
6500,7
6501,8
6502,7
6503,0
6504,6
6505,7
6506,7
6507,6
6508,6
6509,6
6510,2
6511,2
6512,0
6513,2
6514,4
6515,8
6516,8
6517,3
6518,0
6519,2
6520,2
6521,8
6522,2
6523,0
6524,0
6525,6
6526,1
6527,2
6528,0
6529,8
6530,2
6531,0
6532,2
6533,4
6534,6
6535,6
6536,2
6537,6
6538,7
6539,7
6540,8
6541,0
6542,6
6543,6
6544,6
6545,2
6546,8
6547,0
6548,1
6549,3
6550,3
6551,0
6552,8
6553,7
6554,7
6555,0
6556,0
6557,0
6558,3
6559,0
6560,0
6561,3
6562,3
6563,2
6564,0
6565,1
6566,6
6567,2
6568,2
6569,3
6570,3
6571,2
6572,2
6573,6
6574,0
6575,0
6576,0
6577,0
6578,0
6579,3
6580,3
6581,3
6582,0
6583,0
6584,0
6585,0
6586,4
6587,4
6588,6
6589,0
6590,2
6591,0
6592,0
6593,3
6594,3
6595,6
6596,8
6597,0
6598,0
6599,6
6600,0
6601,0
6602,0
6603,7
6604,0
6605,3
6606,3
6607,0
6608,4
6609,2
6610,0
6611,0
6612,3
6613,3
6614,3
6615,7
6616,6
6617,0
6618,6
6619,3
6620,1
6621,1
6622,0
6623,4
6624,0
6625,0
6626,3
6627,2
6628,6
6629,1
6630,1
6631,3
6632,6
6633,6
6634,0
6635,4
6636,0
6637,3
6638,0
6639,3
6640,8
6641,1
6642,0
6643,1
6644,0
6645,4
6646,0
6647,0
6648,0
6649,7
6650,0
6651,0
6652,0
6653,0
6654,1
6655,4
6656,4
6657,4
6658,4
6659,4
6660,4
6661,4
6662,4
6663,4
6664,4
6665,4
6666,1
6667,0
6668,4
6669,0
6670,0
6671,4
6672,0
6673,0
6674,2
6675,0
6676,6
6677,0
6678,1
6679,4
6680,6
6681,6
6682,6
6683,0
6684,4
6685,4
6686,1
6687,4
6688,4
6689,4
6690,4
6691,7
6692,3
6693,0
6694,0
6695,0
6696,7
6697,7
6698,0
6699,7
6700,8
6701,7
6702,7
6703,8
6704,0
6705,7
6706,7
6707,6
6708,7
6709,3
6710,3
6711,1
6712,0
6713,0
6714,3
6715,3
6716,7
6717,0
6718,0
6719,6
6720,0
6721,0
6722,0
6723,6
6724,1
6725,1
6726,8
6727,0
6728,0
6729,3
6730,3
6731,1
6732,1
6733,1
6734,4
6735,8
6736,3
6737,3
6738,0
6739,0
6740,8
6741,0
6742,0
6743,0
6744,7
6745,8
6746,0
6747,0
6748,3
6749,0
6750,4
6751,1
6752,4
6753,8
6754,1
6755,1
6756,4
6757,8
6758,0
6759,0
6760,3
6761,3
6762,1
6763,0
6764,7
6765,8
6766,3
6767,0
6768,8
6769,8
6770,3
6771,2
6772,0
6773,2
6774,0
6775,1
6776,1
6777,3
6778,7
6779,4
6780,4
6781,4
6782,4
6783,4
6784,4
6785,1
6786,4
6787,4
6788,3
6789,3
6790,4
6791,0
6792,6
6793,1
6794,1
6795,0
6796,0
6797,3
6798,0
6799,3
6800,0
6801,3
6802,1
6803,8
6804,8
6805,0
6806,0
6807,4
6808,3
6809,4
6810,0
6811,0
6812,0
6813,0
6814,0
6815,3
6816,8
6817,0
6818,0
6819,3
6820,2
6821,1
6822,1
6823,1
6824,3
6825,3
6826,3
6827,7
6828,3
6829,0
6830,1
6831,0
6832,0
6833,0
6834,0
6835,4
6836,0
6837,7
6838,7
6839,6
6840,0
6841,0
6842,8
6843,0
6844,0
6845,0
6846,8
6847,3
6848,0
6849,4
6850,4
6851,4
6852,1
6853,1
6854,0
6855,1
6856,8
6857,0
6858,0
6859,1
6860,0
6861,0
6862,7
6863,7
6864,6
6865,0
6866,0
6867,7
6868,2
6869,6
6870,0
6871,2
6872,0
6873,7
6874,7
6875,2
6876,6
6877,0
6878,0
6879,0
6880,3
6881,3
6882,4
6883,0
6884,7
6885,6
6886,6
6887,2
6888,0
6889,2
6890,6
6891,6
6892,7
6893,8
6894,0
6895,0
6896,2
6897,0
6898,8
6899,4
6900,3
6901,0
6902,1
6903,0
6904,0
6905,7
6906,7
6907,0
6908,8
6909,2
6910,2
6911,3
6912,8
6913,0
6914,8
6915,7
6916,8
6917,0
6918,6
6919,3
6920,7
6921,2
6922,2
6923,0
6924,2
6925,3
6926,7
6927,0
6928,7
6929,0
6930,0
6931,7
6932,7
6933,8
6934,0
6935,3
6936,3
6937,7
6938,6
6939,0
6940,3
6941,7
6942,4
6943,1
6944,7
6945,4
6946,2
6947,2
6948,4
6949,4
6950,3
6951,3
6952,3
6953,3
6954,3
6955,7
6956,7
6957,2
6958,0
6959,7
6960,7
6961,7
6962,0
6963,3
6964,1
6965,0
6966,6
6967,6
6968,8
6969,0
6970,0
6971,0
6972,2
6973,2
6974,1
6975,1
6976,3
6977,3
6978,3
6979,3
6980,3
6981,0
6982,0
6983,0
6984,0
6985,0
6986,0
6987,8
6988,0
6989,0
6990,0
6991,0
6992,0
6993,0
6994,0
6995,0
6996,0
6997,0
6998,0
6999,0
7000,0
7001,3
7002,0
7003,3
7004,7
7005,2
7006,8
7007,0
7008,8
7009,6
7010,8
7011,0
7012,0
7013,8
7014,8
7015,7
7016,0
7017,0
7018,2
7019,8
7020,2
7021,2
7022,2
7023,8
7024,7
7025,8
7026,8
7027,8
7028,8
7029,6
7030,1
7031,3
7032,7
7033,0
7034,0
7035,0
7036,2
7037,4
7038,7
7039,3
7040,7
7041,8
7042,7
7043,2
7044,0
7045,3
7046,0
7047,4
7048,3
7049,0
7050,4
7051,0
7052,1
7053,7
7054,3
7055,4
7056,3
7057,6
7058,6
7059,2
7060,2
7061,3
7062,7
7063,8
7064,8
7065,8
7066,8
7067,7
7068,6
7069,0
7070,3
7071,0
7072,3
7073,2
7074,4
7075,4
7076,3
7077,6
7078,6
7079,8
7080,3
7081,7
7082,0
7083,0
7084,0
7085,2
7086,0
7087,0
7088,0
7089,0
7090,0
7091,8
7092,7
7093,0
7094,0
7095,8
7096,8
7097,0
7098,0
7099,0
7100,0
7101,0
7102,0
7103,0
7104,0
7105,2
7106,0
7107,2
7108,0
7109,7
7110,7
7111,2
7112,2
7113,7
7114,7
7115,3
7116,3
7117,1
7118,1
7119,1
7120,6
7121,0
7122,0
7123,0
7124,7
7125,7
7126,7
7127,1
7128,2
7129,3
7130,3
7131,3
7132,3
7133,7
7134,8
7135,7
7136,3
7137,1
7138,3
7139,7
7140,6
7141,2
7142,8
7143,8
7144,2
7145,8
7146,0
7147,0
7148,0
7149,0
7150,0
7151,3
7152,7
7153,3
7154,3
7155,3
7156,0
7157,7
7158,4
7159,4
7160,4
7161,7
7162,6
7163,4
7164,4
7165,7
7166,6
7167,0
7168,0
7169,3
7170,3
7171,3
7172,2
7173,0
7174,3
7175,3
7176,2
7177,7
7178,3
7179,2
7180,1
7181,6
7182,7
7183,6
7184,6
7185,2
7186,7
7187,7
7188,7
7189,0
7190,8
7191,0
7192,8
7193,8
7194,8
7195,8
7196,0
7197,8
7198,6
7199,6
7200,6
7201,6
7202,6
7203,6
7204,2
7205,6
7206,6
7207,7
7208,7
7209,3
7210,7
7211,7
7212,2
7213,6
7214,6
7215,3
7216,2
7217,3
7218,2
7219,6
7220,3
7221,6
7222,1
7223,6
7224,3
7225,3
7226,7
7227,7
7228,7
7229,2
7230,6
7231,2
7232,6
7233,6
7234,2
7235,7
7236,7
7237,7
7238,2
7239,0
7240,7
7241,0
7242,7
7243,7
7244,2
7245,2
7246,7
7247,7
7248,3
7249,7
7250,2
7251,2
7252,0
7253,4
7254,7
7255,1
7256,8
7257,7
7258,7
7259,6
7260,2
7261,7
7262,1
7263,2
7264,7
7265,8
7266,7
7267,7
7268,6
7269,2
7270,2
7271,8
7272,2
7273,0
7274,2
7275,2
7276,3
7277,7
7278,6
7279,0
7280,0
7281,1
7282,7
7283,7
7284,7
7285,3
7286,0
7287,3
7288,2
7289,7
7290,3
7291,8
7292,8
7293,2
7294,2
7295,2
7296,3
7297,2
7298,7
7299,7
7300,2
7301,2
7302,2
7303,2
7304,6
7305,2
7306,3
7307,0
7308,8
7309,1
7310,1
7311,2
7312,8
7313,3
7314,2
7315,2
7316,2
7317,2
7318,8
7319,3
7320,3
7321,3
7322,3
7323,7
7324,2
7325,0
7326,2
7327,8
7328,2
7329,2
7330,7
7331,2
7332,3
7333,6
7334,2
7335,2
7336,2
7337,1
7338,8
7339,8
7340,1
7341,6
7342,6
7343,6
7344,6
7345,7
7346,3
7347,3
7348,3
7349,7
7350,6
7351,7
7352,3
7353,1
7354,0
7355,0
7356,6
7357,6
7358,2
7359,2
7360,4
7361,8
7362,8
7363,2
7364,7
7365,7
7366,7
7367,7
7368,7
7369,7
7370,2
7371,7
7372,1
7373,1
7374,1
7375,2
7376,7
7377,1
7378,3
7379,7
7380,4
7381,3
7382,0
7383,7
7384,2
7385,2
7386,6
7387,2
7388,2
7389,2
7390,7
7391,8
7392,2
7393,8
7394,2
7395,3
7396,2
7397,7
7398,4
7399,3
7400,3
7401,3
7402,7
7403,3
7404,2
7405,0
7406,2
7407,3
7408,7
7409,2
7410,3
7411,1
7412,3
7413,1
7414,1
7415,7
7416,2
7417,7
7418,7
7419,7
7420,7
7421,2
7422,2
7423,2
7424,2
7425,2
7426,7
7427,3
7428,4
7429,2
7430,7
7431,7
7432,3
7433,3
7434,3
7435,2
7436,6
7437,6
7438,8
7439,8
7440,0
7441,3
7442,0
7443,0
7444,8
7445,0
7446,0
7447,0
7448,7
7449,7
7450,7
7451,7
7452,4
7453,3
7454,4
7455,6
7456,3
7457,7
7458,0
7459,0
7460,0
7461,7
7462,7
7463,0
7464,0
7465,8
7466,8
7467,7
7468,0
7469,0
7470,6
7471,6
7472,7
7473,7
7474,7
7475,6
7476,8
7477,2
7478,0
7479,0
7480,0
7481,0
7482,0
7483,1
7484,1
7485,1
7486,1
7487,1
7488,0
7489,0
7490,0
7491,8
7492,7
7493,2
7494,2
7495,3
7496,3
7497,2
7498,0
7499,2
7500,2
7501,6
7502,2
7503,2
7504,3
7505,6
7506,8
7507,8
7508,3
7509,6
7510,6
7511,3
7512,7
7513,7
7514,2
7515,0
7516,8
7517,7
7518,3
7519,0
7520,2
7521,0
7522,0
7523,0
7524,6
7525,0
7526,3
7527,7
7528,7
7529,7
7530,7
7531,8
7532,8
7533,8
7534,3
7535,3
7536,0
7537,8
7538,3
7539,8
7540,6
7541,7
7542,0
7543,7
7544,7
7545,2
7546,3
7547,7
7548,6
7549,7
7550,2
7551,6
7552,6
7553,2
7554,0
7555,0
7556,8
7557,0
7558,3
7559,0
7560,2
7561,2
7562,7
7563,7
7564,7
7565,2
7566,2
7567,2
7568,7
7569,0
7570,1
7571,8
7572,8
7573,3
7574,8
7575,8
7576,8
7577,8
7578,6
7579,2
7580,0
7581,6
7582,6
7583,6
7584,0
7585,2
7586,0
7587,7
7588,0
7589,0
7590,0
7591,0
7592,4
7593,0
7594,0
7595,4
7596,7
7597,0
7598,0
7599,2
7600,2
7601,6
7602,6
7603,0
7604,7
7605,8
7606,8
7607,0
7608,0
7609,7
7610,8
7611,1
7612,6
7613,0
7614,2
7615,3
7616,1
7617,3
7618,8
7619,7
7620,0
7621,4
7622,0
7623,0
7624,0
7625,2
7626,3
7627,1
7628,7
7629,8
7630,1
7631,4
7632,7
7633,7
7634,7
7635,8
7636,8
7637,6
7638,0
7639,2
7640,3
7641,3
7642,3
7643,2
7644,0
7645,4
7646,0
7647,4
7648,2
7649,3
7650,6
7651,0
7652,0
7653,0
7654,8
7655,7
7656,7
7657,7
7658,3
7659,4
7660,3
7661,7
7662,0
7663,0
7664,0
7665,3
7666,4
7667,0
7668,0
7669,3
7670,6
7671,0
7672,3
7673,7
7674,3
7675,4
7676,6
7677,0
7678,0
7679,6
7680,3
7681,7
7682,7
7683,2
7684,2
7685,0
7686,8
7687,2
7688,3
7689,0
7690,6
7691,7
7692,1
7693,2
7694,1
7695,4
7696,3
7697,7
7698,1
7699,1
7700,2
7701,7
7702,7
7703,6
7704,2
7705,2
7706,2
7707,4
7708,3
7709,1
7710,4
7711,1
7712,7
7713,2
7714,7
7715,0
7716,7
7717,2
7718,1
7719,1
7720,3
7721,2
7722,3
7723,7
7724,3
7725,2
7726,6
7727,8
7728,6
7729,0
7730,2
7731,2
7732,3
7733,1
7734,3
7735,2
7736,2
7737,2
7738,2
7739,2
7740,2
7741,6
7742,2
7743,6
7744,3
7745,2
7746,2
7747,7
7748,2
7749,3
7750,3
7751,2
7752,3
7753,2
7754,6
7755,0
7756,2
7757,2
7758,3
7759,7
7760,3
7761,1
7762,3
7763,0
7764,6
7765,3
7766,0
7767,0
7768,2
7769,1
7770,7
7771,2
7772,6
7773,2
7774,7
7775,7
7776,7
7777,1
7778,2
7779,7
7780,7
7781,0
7782,3
7783,2
7784,0
7785,2
7786,1
7787,0
7788,0
7789,2
7790,4
7791,8
7792,6
7793,6
7794,6
7795,1
7796,1
7797,6
7798,0
7799,7
7800,3
7801,2
7802,2
7803,3
7804,8
7805,2
7806,2
7807,8
7808,2
7809,1
7810,2
7811,2
7812,2
7813,2
7814,8
7815,0
7816,3
7817,1
7818,7
7819,2
7820,7
7821,6
7822,7
7823,2
7824,2
7825,8
7826,2
7827,2
7828,3
7829,7
7830,7
7831,7
7832,7
7833,7
7834,2
7835,8
7836,0
7837,7
7838,8
7839,0
7840,2
7841,2
7842,2
7843,3
7844,2
7845,2
7846,2
7847,2
7848,6
7849,3
7850,6
7851,3
7852,7
7853,2
7854,2
7855,2
7856,2
7857,7
7858,7
7859,7
7860,2
7861,2
7862,2
7863,2
7864,2
7865,2
7866,2
7867,6
7868,6
7869,7
7870,1
7871,7
7872,7
7873,7
7874,7
7875,2
7876,2
7877,7
7878,7
7879,2
7880,8
7881,0
7882,0
7883,6
7884,0
7885,2
7886,2
7887,7
7888,2
7889,7
7890,0
7891,0
7892,3
7893,2
7894,2
7895,7
7896,3
7897,6
7898,0
7899,0
7900,6
7901,6
7902,6
7903,6
7904,6
7905,0
7906,6
7907,6
7908,6
7909,6
7910,4
7911,2
7912,2
7913,0
7914,0
7915,1
7916,4
7917,4
7918,0
7919,8
7920,3
7921,7
7922,0
7923,0
7924,4
7925,6
7926,0
7927,7
7928,1
7929,0
7930,6
7931,8
7932,0
7933,0
7934,0
7935,1
7936,1
7937,1
7938,0
7939,3
7940,2
7941,3
7942,2
7943,7
7944,8
7945,8
7946,3
7947,3
7948,7
7949,0
7950,0
7951,3
7952,1
7953,2
7954,6
7955,4
7956,3
7957,3
7958,2
7959,2
7960,2
7961,2
7962,2
7963,2
7964,2
7965,2
7966,3
7967,2
7968,2
7969,2
7970,2
7971,2
7972,7
7973,7
7974,2
7975,7
7976,2
7977,3
7978,2
7979,4
7980,3
7981,0
7982,3
7983,3
7984,2
7985,1
7986,7
7987,7
7988,0
7989,7
7990,7
7991,7
7992,2
7993,2
7994,7
7995,2
7996,7
7997,6
7998,7
7999,6
8000,7
8001,2
8002,0
8003,2
8004,7
8005,2
8006,2
8007,0
8008,0
8009,2
8010,2
8011,2
8012,0
8013,2
8014,2
8015,2
8016,2
8017,2
8018,6
8019,2
8020,2
8021,2
8022,3
8023,2
8024,4
8025,4
8026,2
8027,2
8028,2
8029,2
8030,2
8031,2
8032,2
8033,8
8034,2
8035,2
8036,0
8037,2
8038,2
8039,1
8040,8
8041,1
8042,2
8043,8
8044,7
8045,3
8046,2
8047,1
8048,2
8049,2
8050,2
8051,2
8052,2
8053,2
8054,3
8055,2
8056,2
8057,1
8058,2
8059,2
8060,7
8061,7
8062,7
8063,2
8064,2
8065,2
8066,2
8067,2
8068,2
8069,2
8070,2
8071,2
8072,2
8073,8
8074,8
8075,8
8076,8
8077,2
8078,7
8079,6
8080,6
8081,7
8082,6
8083,4
8084,2
8085,7
8086,1
8087,8
8088,2
8089,2
8090,2
8091,6
8092,4
8093,4
8094,4
8095,8
8096,4
8097,1
8098,1
8099,1
8100,1
8101,7
8102,4
8103,3
8104,4
8105,1
8106,3
8107,6
8108,1
8109,0
8110,3
8111,3
8112,7
8113,2
8114,2
8115,4
8116,7
8117,1
8118,7
8119,8
8120,4
8121,7
8122,4
8123,8
8124,2
8125,2
8126,7
8127,7
8128,7
8129,4
8130,6
8131,0
8132,3
8133,0
8134,2
8135,0
8136,0
8137,2
8138,7
8139,3
8140,3
8141,3
8142,1
8143,0
8144,3
8145,8
8146,7
8147,0
8148,0
8149,3
8150,3
8151,0
8152,0
8153,3
8154,3
8155,2
8156,6
8157,3
8158,8
8159,3
8160,3
8161,7
8162,3
8163,3
8164,0
8165,2
8166,2
8167,6
8168,6
8169,6
8170,3
8171,7
8172,7
8173,1
8174,7
8175,7
8176,6
8177,1
8178,7
8179,0
8180,3
8181,6
8182,3
8183,4
8184,0
8185,0
8186,0
8187,0
8188,0
8189,0
8190,0
8191,8
8192,3
8193,3
8194,0
8195,0
8196,3
8197,2
8198,4
8199,3
8200,7
8201,3
8202,8
8203,0
8204,0
8205,4
8206,7
8207,0
8208,3
8209,3
8210,0
8211,4
8212,2
8213,0
8214,0
8215,4
8216,0
8217,3
8218,6
8219,3
8220,2
8221,3
8222,0
8223,2
8224,0
8225,4
8226,6
8227,3
8228,3
8229,2
8230,6
8231,3
8232,4
8233,4
8234,0
8235,4
8236,7
8237,3
8238,7
8239,3
8240,8
8241,3
8242,1
8243,1
8244,3
8245,0
8246,1
8247,0
8248,8
8249,4
8250,1
8251,6
8252,6
8253,8
8254,8
8255,8
8256,6
8257,3
8258,0
8259,0
8260,0
8261,2
8262,0
8263,1
8264,0
8265,8
8266,8
8267,1
8268,1
8269,8
8270,1
8271,1
8272,1
8273,1
8274,8
8275,8
8276,0
8277,0
8278,0
8279,0
8280,8
8281,7
8282,7
8283,7
8284,7
8285,7
8286,6
8287,0
8288,6
8289,6
8290,2
8291,0
8292,7
8293,2
8294,0
8295,6
8296,2
8297,2
8298,2
8299,0
8300,0
8301,0
8302,2
8303,2
8304,0
8305,3
8306,6
8307,0
8308,7
8309,0
8310,3
8311,0
8312,0
8313,6
8314,3
8315,0
8316,7
8317,0
8318,0
8319,7
8320,7
8321,0
8322,0
8323,0
8324,2
8325,3
8326,3
8327,2
8328,2
8329,0
8330,2
8331,3
8332,2
8333,2
8334,2
8335,8
8336,3
8337,2
8338,2
8339,0
8340,4
8341,0
8342,0
8343,2
8344,7
8345,7
8346,8
8347,8
8348,0
8349,1
8350,6
8351,0
8352,1
8353,0
8354,2
8355,2
8356,6
8357,2
8358,6
8359,6
8360,6
8361,8
8362,1
8363,1
8364,7
8365,3
8366,4
8367,3
8368,3
8369,7
8370,7
8371,0
8372,2
8373,3
8374,7
8375,3
8376,2
8377,8
8378,1
8379,2
8380,7
8381,0
8382,7
8383,7
8384,4
8385,8
8386,7
8387,7
8388,3
8389,8
8390,2
8391,1
8392,0
8393,0
8394,2
8395,2
8396,2
8397,0
8398,2
8399,0
8400,2
8401,1
8402,4
8403,2
8404,4
8405,1
8406,2
8407,7
8408,7
8409,7
8410,7
8411,7
8412,0
8413,3
8414,0
8415,3
8416,7
8417,7
8418,0
8419,2
8420,2
8421,3
8422,4
8423,6
8424,3
8425,3
8426,0
8427,1
8428,4
8429,4
8430,2
8431,0
8432,2
8433,6
8434,2
8435,3
8436,7
8437,2
8438,7
8439,0
8440,0
8441,2
8442,2
8443,3
8444,6
8445,3
8446,1
8447,7
8448,3
8449,4
8450,3
8451,3
8452,3
8453,3
8454,7
8455,7
8456,2
8457,6
8458,6
8459,0
8460,6
8461,1
8462,6
8463,6
8464,2
8465,8
8466,0
8467,2
8468,2
8469,1
8470,3
8471,3
8472,2
8473,8
8474,2
8475,8
8476,2
8477,7
8478,0
8479,2
8480,6
8481,1
8482,0
8483,2
8484,0
8485,2
8486,3
8487,3
8488,7
8489,0
8490,0
8491,0
8492,7
8493,7
8494,3
8495,6
8496,3
8497,6
8498,2
8499,0
8500,1
8501,8
8502,7
8503,3
8504,2
8505,2
8506,8
8507,2
8508,0
8509,3
8510,0
8511,6
8512,6
8513,2
8514,7
8515,2
8516,2
8517,2
8518,2
8519,2
8520,4
8521,2
8522,0
8523,4
8524,2
8525,0
8526,6
8527,2
8528,7
8529,6
8530,2
8531,4
8532,7
8533,3
8534,7
8535,8
8536,7
8537,1
8538,1
8539,8
8540,0
8541,2
8542,2
8543,2
8544,4
8545,0
8546,7
8547,2
8548,2
8549,2
8550,2
8551,8
8552,2
8553,7
8554,7
8555,0
8556,0
8557,2
8558,7
8559,7
8560,7
8561,8
8562,2
8563,6
8564,4
8565,6
8566,0
8567,8
8568,2
8569,7
8570,2
8571,0
8572,0
8573,7
8574,0
8575,0
8576,2
8577,6
8578,6
8579,7
8580,6
8581,2
8582,6
8583,7
8584,7
8585,7
8586,7
8587,2
8588,0
8589,8
8590,2
8591,7
8592,6
8593,6
8594,7
8595,1
8596,6
8597,3
8598,3
8599,1
8600,1
8601,3
8602,1
8603,1
8604,2
8605,3
8606,6
8607,6
8608,3
8609,6
8610,2
8611,8
8612,2
8613,4
8614,2
8615,2
8616,8
8617,2
8618,2
8619,7
8620,2
8621,6
8622,3
8623,4
8624,7
8625,4
8626,4
8627,4
8628,4
8629,4
8630,6
8631,1
8632,7
8633,7
8634,2
8635,3
8636,0
8637,0
8638,2
8639,8
8640,6
8641,6
8642,2
8643,4
8644,8
8645,2
8646,2
8647,0
8648,0
8649,6
8650,3
8651,1
8652,1
8653,8
8654,8
8655,6
8656,1
8657,7
8658,2
8659,2
8660,2
8661,3
8662,1
8663,2
8664,1
8665,1
8666,1
8667,4
8668,1
8669,1
8670,1
8671,7
8672,6
8673,7
8674,3
8675,7
8676,7
8677,2
8678,3
8679,6
8680,6
8681,6
8682,7
8683,4
8684,1
8685,2
8686,2
8687,2
8688,8
8689,8
8690,7
8691,7
8692,8
8693,8
8694,7
8695,0
8696,3
8697,3
8698,1
8699,2
8700,7
8701,7
8702,7
8703,6
8704,3
8705,6
8706,7
8707,3
8708,6
8709,2
8710,2
8711,6
8712,8
8713,2
8714,3
8715,1
8716,4
8717,3
8718,8
8719,7
8720,2
8721,2
8722,0
8723,2
8724,2
8725,2
8726,3
8727,1
8728,3
8729,7
8730,3
8731,2
8732,6
8733,1
8734,8
8735,6
8736,6
8737,2
8738,2
8739,2
8740,0
8741,2
8742,3
8743,0
8744,0
8745,7
8746,8
8747,7
8748,4
8749,8
8750,4
8751,8
8752,4
8753,2
8754,4
8755,2
8756,0
8757,6
8758,2
8759,2
8760,2
8761,7
8762,7
8763,8
8764,2
8765,6
8766,3
8767,6
8768,6
8769,7
8770,3
8771,0
8772,4
8773,0
8774,3
8775,3
8776,4
8777,6
8778,6
8779,6
8780,6
8781,1
8782,8
8783,6
8784,0
8785,2
8786,6
8787,8
8788,4
8789,7
8790,2
8791,8
8792,2
8793,4
8794,0
8795,6
8796,2
8797,2
8798,0
8799,6
8800,6
8801,8
8802,2
8803,2
8804,6
8805,6
8806,6
8807,8
8808,0
8809,1
8810,8
8811,1
8812,3
8813,0
8814,1
8815,8
8816,6
8817,0
8818,2
8819,0
8820,0
8821,7
8822,6
8823,6
8824,0
8825,0
8826,6
8827,2
8828,2
8829,0
8830,0
8831,0
8832,6
8833,2
8834,8
8835,6
8836,6
8837,6
8838,6
8839,0
8840,2
8841,2
8842,2
8843,7
8844,1
8845,0
8846,6
8847,0
8848,7
8849,3
8850,7
8851,0
8852,3
8853,7
8854,2
8855,3
8856,0
8857,6
8858,0
8859,6
8860,4
8861,6
8862,0
8863,0
8864,4
8865,2
8866,0
8867,0
8868,0
8869,0
8870,0
8871,8
8872,7
8873,1
8874,0
8875,1
8876,2
8877,0
8878,0
8879,0
8880,0
8881,8
8882,8
8883,8
8884,8
8885,8
8886,0
8887,0
8888,0
8889,1
8890,0
8891,6
8892,1
8893,2
8894,0
8895,0
8896,2
8897,2
8898,6
8899,2
8900,7
8901,7
8902,2
8903,6
8904,4
8905,4
8906,4
8907,4
8908,2
8909,3
8910,6
8911,6
8912,0
8913,4
8914,3
8915,0
8916,0
8917,4
8918,3
8919,0
8920,7
8921,3
8922,3
8923,6
8924,3
8925,3
8926,6
8927,1
8928,1
8929,1
8930,2
8931,4
8932,2
8933,4
8934,3
8935,7
8936,3
8937,0
8938,6
8939,3
8940,3
8941,1
8942,0
8943,4
8944,3
8945,0
8946,2
8947,1
8948,0
8949,7
8950,7
8951,0
8952,1
8953,8
8954,8
8955,3
8956,7
8957,4
8958,2
8959,7
8960,7
8961,3
8962,6
8963,3
8964,8
8965,0
8966,2
8967,2
8968,3
8969,0
8970,0
8971,0
8972,0
8973,3
8974,0
8975,2
8976,2
8977,0
8978,6
8979,0
8980,0
8981,0
8982,0
8983,6
8984,0
8985,0
8986,4
8987,4
8988,8
8989,2
8990,0
8991,7
8992,2
8993,2
8994,2
8995,2
8996,8
8997,0
8998,0
8999,0
9000,0
9001,8
9002,8
9003,8
9004,8
9005,8
9006,4
9007,4
9008,0
9009,0
9010,0
9011,0
9012,0
9013,4
9014,7
9015,3
9016,0
9017,1
9018,1
9019,1
9020,7
9021,0
9022,0
9023,0
9024,7
9025,0
9026,0
9027,2
9028,4
9029,0
9030,4
9031,8
9032,0
9033,0
9034,7
9035,7
9036,7
9037,7
9038,2
9039,0
9040,0
9041,3
9042,8
9043,8
9044,3
9045,4
9046,3
9047,3
9048,3
9049,0
9050,0
9051,0
9052,8
9053,6
9054,0
9055,4
9056,8
9057,0
9058,3
9059,0
9060,8
9061,3
9062,2
9063,4
9064,2
9065,2
9066,2
9067,8
9068,0
9069,2
9070,1
9071,1
9072,1
9073,2
9074,7
9075,8
9076,6
9077,7
9078,8
9079,1
9080,2
9081,7
9082,8
9083,3
9084,7
9085,2
9086,4
9087,2
9088,3
9089,0
9090,3
9091,7
9092,0
9093,0
9094,7
9095,7
9096,7
9097,3
9098,6
9099,7
9100,7
9101,7
9102,7
9103,7
9104,2
9105,2
9106,2
9107,2
9108,1
9109,3
9110,3
9111,0
9112,0
9113,2
9114,7
9115,3
9116,0
9117,2
9118,8
9119,8
9120,8
9121,0
9122,0
9123,0
9124,3
9125,3
9126,2
9127,0
9128,0
9129,2
9130,2
9131,0
9132,1
9133,7
9134,0
9135,3
9136,7
9137,1
9138,6
9139,0
9140,2
9141,2
9142,2
9143,3
9144,8
9145,4
9146,4
9147,3
9148,2
9149,2
9150,8
9151,4
9152,0
9153,0
9154,0
9155,0
9156,7
9157,6
9158,8
9159,0
9160,8
9161,0
9162,0
9163,0
9164,6
9165,0
9166,6
9167,6
9168,0
9169,2
9170,0
9171,0
9172,2
9173,0
9174,2
9175,8
9176,8
9177,0
9178,1
9179,0
9180,0
9181,2
9182,2
9183,0
9184,2
9185,1
9186,1
9187,0
9188,8
9189,0
9190,3
9191,1
9192,3
9193,6
9194,0
9195,6
9196,3
9197,3
9198,6
9199,2
9200,2
9201,0
9202,6
9203,7
9204,7
9205,7
9206,1
9207,6
9208,7
9209,6
9210,6
9211,1
9212,0
9213,0
9214,0
9215,8
9216,0
9217,6
9218,2
9219,3
9220,0
9221,2
9222,7
9223,1
9224,4
9225,3
9226,1
9227,1
9228,3
9229,8
9230,0
9231,8
9232,0
9233,0
9234,1
9235,3
9236,8
9237,0
9238,6
9239,0
9240,0
9241,0
9242,0
9243,0
9244,2
9245,0
9246,0
9247,3
9248,8
9249,0
9250,0
9251,0
9252,0
9253,8
9254,0
9255,0
9256,8
9257,6
9258,7
9259,6
9260,1
9261,3
9262,3
9263,7
9264,7
9265,0
9266,7
9267,7
9268,0
9269,2
9270,6
9271,4
9272,3
9273,4
9274,0
9275,6
9276,7
9277,8
9278,8
9279,8
9280,8
9281,7
9282,8
9283,0
9284,0
9285,8
9286,2
9287,7
9288,4
9289,4
9290,4
9291,1
9292,4
9293,0
9294,4
9295,4
9296,4
9297,4
9298,4
9299,4
9300,4
9301,3
9302,4
9303,6
9304,0
9305,6
9306,0
9307,3
9308,0
9309,0
9310,7
9311,0
9312,4
9313,0
9314,3
9315,4
9316,6
9317,6
9318,3
9319,2
9320,4
9321,3
9322,2
9323,4
9324,4
9325,4
9326,4
9327,3
9328,3
9329,8
9330,8
9331,6
9332,0
9333,6
9334,0
9335,8
9336,0
9337,2
9338,0
9339,0
9340,7
9341,0
9342,8
9343,3
9344,0
9345,7
9346,0
9347,0
9348,0
9349,0
9350,6
9351,0
9352,0
9353,0
9354,0
9355,4
9356,4
9357,4
9358,1
9359,4
9360,1
9361,4
9362,1
9363,4
9364,4
9365,4
9366,4
9367,4
9368,4
9369,4
9370,4
9371,4
9372,8
9373,4
9374,4
9375,0
9376,7
9377,0
9378,0
9379,0
9380,8
9381,3
9382,6
9383,6
9384,7
9385,6
9386,7
9387,7
9388,6
9389,3
9390,6
9391,1
9392,0
9393,8
9394,0
9395,0
9396,2
9397,0
9398,0
9399,7
9400,7
9401,7
9402,0
9403,3
9404,4
9405,4
9406,6
9407,7
9408,7
9409,7
9410,3
9411,3
9412,0
9413,0
9414,7
9415,1
9416,8
9417,0
9418,0
9419,2
9420,0
9421,0
9422,3
9423,4
9424,0
9425,7
9426,7
9427,7
9428,8
9429,6
9430,2
9431,0
9432,2
9433,8
9434,2
9435,0
9436,3
9437,8
9438,8
9439,0
9440,6
9441,6
9442,0
9443,6
9444,6
9445,6
9446,6
9447,8
9448,0
9449,8
9450,0
9451,0
9452,8
9453,2
9454,0
9455,0
9456,0
9457,0
9458,0
9459,2
9460,0
9461,0
9462,1
9463,1
9464,0
9465,0
9466,6
9467,8
9468,6
9469,2
9470,8
9471,2
9472,7
9473,3
9474,8
9475,0
9476,4
9477,1
9478,1
9479,0
9480,1
9481,2
9482,2
9483,0
9484,2
9485,0
9486,0
9487,0
9488,6
9489,0
9490,0
9491,0
9492,0
9493,7
9494,1
9495,3
9496,6
9497,7
9498,7
9499,7
9500,7
9501,0
9502,0
9503,2
9504,6
9505,0
9506,0
9507,0
9508,2
9509,2
9510,8
9511,8
9512,4
9513,7
9514,0
9515,4
9516,0
9517,0
9518,0
9519,6
9520,3
9521,8
9522,0
9523,2
9524,2
9525,1
9526,3
9527,0
9528,0
9529,7
9530,4
9531,0
9532,6
9533,2
9534,4
9535,3
9536,7
9537,6
9538,4
9539,4
9540,0
9541,6
9542,6
9543,6
9544,6
9545,6
9546,0
9547,2
9548,2
9549,2
9550,8
9551,6
9552,0
9553,0
9554,2
9555,7
9556,0
9557,0
9558,2
9559,2
9560,2
9561,2
9562,2
9563,2
9564,3
9565,7
9566,7
9567,0
9568,0
9569,8
9570,0
9571,6
9572,6
9573,2
9574,6
9575,3
9576,6
9577,6
9578,3
9579,4
9580,4
9581,4
9582,4
9583,2
9584,4
9585,4
9586,6
9587,4
9588,6
9589,4
9590,4
9591,4
9592,2
9593,6
9594,4
9595,4
9596,4
9597,7
9598,6
9599,4
9600,4
9601,4
9602,4
9603,4
9604,4
9605,6
9606,0
9607,2
9608,6
9609,2
9610,0
9611,2
9612,0
9613,6
9614,0
9615,4
9616,0
9617,3
9618,0
9619,7
9620,0
9621,0
9622,0
9623,0
9624,0
9625,7
9626,0
9627,6
9628,1
9629,6
9630,6
9631,7
9632,0
9633,4
9634,4
9635,6
9636,0
9637,0
9638,1
9639,0
9640,0
9641,0
9642,0
9643,6
9644,6
9645,0
9646,0
9647,2
9648,2
9649,8
9650,1
9651,7
9652,0
9653,8
9654,2
9655,6
9656,6
9657,2
9658,0
9659,0
9660,3
9661,8
9662,3
9663,3
9664,6
9665,3
9666,0
9667,0
9668,6
9669,8
9670,8
9671,8
9672,2
9673,8
9674,0
9675,3
9676,4
9677,0
9678,7
9679,7
9680,6
9681,4
9682,4
9683,4
9684,4
9685,0
9686,4
9687,4
9688,6
9689,6
9690,6
9691,1
9692,1
9693,6
9694,7
9695,8
9696,8
9697,3
9698,6
9699,0
9700,6
9701,6
9702,6
9703,6
9704,8
9705,1
9706,8
9707,6
9708,8
9709,8
9710,8
9711,0
9712,3
9713,2
9714,2
9715,2
9716,0
9717,6
9718,6
9719,7
9720,3
9721,3
9722,7
9723,0
9724,7
9725,6
9726,6
9727,2
9728,3
9729,4
9730,4
9731,0
9732,0
9733,0
9734,0
9735,6
9736,0
9737,7
9738,0
9739,3
9740,4
9741,7
9742,8
9743,4
9744,4
9745,4
9746,4
9747,3
9748,3
9749,0
9750,0
9751,0
9752,2
9753,7
9754,3
9755,0
9756,8
9757,4
9758,8
9759,6
9760,0
9761,0
9762,4
9763,0
9764,7
9765,6
9766,6
9767,0
9768,3
9769,4
9770,0
9771,3
9772,6
9773,6
9774,4
9775,3
9776,4
9777,8
9778,0
9779,2
9780,6
9781,6
9782,0
9783,0
9784,0
9785,3
9786,3
9787,2
9788,0
9789,8
9790,6
9791,3
9792,8
9793,8
9794,1
9795,1
9796,8
9797,0
9798,3
9799,6
9800,0
9801,0
9802,3
9803,6
9804,6
9805,8
9806,0
9807,2
9808,2
9809,7
9810,7
9811,6
9812,0
9813,0
9814,2
9815,2
9816,0
9817,6
9818,3
9819,3
9820,4
9821,0
9822,0
9823,0
9824,8
9825,0
9826,0
9827,8
9828,0
9829,2
9830,0
9831,0
9832,0
9833,0
9834,0
9835,8
9836,0
9837,0
9838,2
9839,0
9840,0
9841,2
9842,2
9843,2
9844,2
9845,2
9846,0
9847,0
9848,0
9849,0
9850,6
9851,3
9852,3
9853,3
9854,2
9855,4
9856,2
9857,2
9858,2
9859,6
9860,7
9861,2
9862,0
9863,0
9864,0
9865,3
9866,2
9867,2
9868,4
9869,2
9870,3
9871,2
9872,3
9873,2
9874,2
9875,0
9876,2
9877,7
9878,2
9879,2
9880,7
9881,8
9882,7
9883,6
9884,6
9885,1
9886,2
9887,0
9888,2
9889,6
9890,7
9891,3
9892,1
9893,6
9894,7
9895,8
9896,2
9897,3
9898,2
9899,2
9900,2
9901,0
9902,2
9903,1
9904,1
9905,2
9906,7
9907,2
9908,2
9909,2
9910,6
9911,2
9912,2
9913,2
9914,2
9915,2
9916,2
9917,2
9918,2
9919,2
9920,2
9921,2
9922,2
9923,2
9924,8
9925,2
9926,2
9927,2
9928,2
9929,2
9930,2
9931,2
9932,7
9933,2
9934,2
9935,2
9936,6
9937,0
9938,6
9939,7
9940,7
9941,7
9942,7
9943,7
9944,2
9945,2
9946,3
9947,7
9948,6
9949,3
9950,0
9951,2
9952,2
9953,6
9954,2
9955,2
9956,2
9957,2
9958,6
9959,0
9960,2
9961,6
9962,2
9963,2
9964,7
9965,7
9966,7
9967,7
9968,2
9969,7
9970,7
9971,2
9972,2
9973,0
9974,7
9975,2
9976,2
9977,2
9978,7
9979,2
9980,7
9981,2
9982,7
9983,7
9984,6
9985,8
9986,7
9987,7
9988,1
9989,6
9990,2
9991,2
9992,6
9993,6
9994,2
9995,2
9996,3
9997,2
9998,2
9999,2
10000,0
10001,8
10002,2
10003,3
10004,2
10005,2
10006,6
10007,2
10008,2
10009,2
10010,2
10011,2
10012,2
10013,2
10014,0
10015,3
10016,3
10017,3
10018,6
10019,7
10020,3
10021,2
10022,3
10023,2
10024,3
10025,3
10026,2
10027,2
10028,6
10029,2
10030,2
10031,2
10032,6
10033,2
10034,2
10035,2
10036,2
10037,2
10038,6
10039,2
10040,1
10041,1
10042,1
10043,1
10044,4
10045,3
10046,1
10047,1
10048,7
10049,6
10050,3
10051,2
10052,2
10053,2
10054,8
10055,2
10056,2
10057,2
10058,2
10059,2
10060,6
10061,6
10062,2
10063,2
10064,2
10065,3
10066,6
10067,2
10068,7
10069,2
10070,0
10071,6
10072,7
10073,2
10074,2
10075,2
10076,2
10077,0
10078,6
10079,7
10080,2
10081,2
10082,2
10083,8
10084,2
10085,7
10086,3
10087,7
10088,4
10089,2
10090,7
10091,1
10092,2
10093,2
10094,3
10095,6
10096,1
10097,1
10098,2
10099,2
10100,2
10101,2
10102,6
10103,2
10104,1
10105,2
10106,6
10107,0
10108,0
10109,0
10110,2
10111,0
10112,0
10113,2
10114,0
10115,3
10116,2
10117,2
10118,8
10119,2
10120,0
10121,0
10122,2
10123,2
10124,7
10125,6
10126,7
10127,7
10128,6
10129,7
10130,6
10131,2
10132,1
10133,2
10134,2
10135,2
10136,0
10137,7
10138,2
10139,0
10140,3
10141,0
10142,6
10143,7
10144,2
10145,2
10146,2
10147,0
10148,2
10149,2
10150,6
10151,3
10152,7
10153,2
10154,0
10155,0
10156,2
10157,2
10158,0
10159,0
10160,8
10161,7
10162,0
10163,2
10164,2
10165,7
10166,7
10167,2
10168,2
10169,1
10170,3
10171,3
10172,2
10173,6
10174,2
10175,2
10176,0
10177,2
10178,2
10179,8
10180,2
10181,6
10182,6
10183,3
10184,2
10185,2
10186,6
10187,2
10188,2
10189,2
10190,4
10191,7
10192,7
10193,2
10194,7
10195,3
10196,3
10197,3
10198,7
10199,6
10200,7
10201,2
10202,2
10203,4
10204,7
10205,7
10206,7
10207,7
10208,7
10209,0
10210,7
10211,0
10212,0
10213,0
10214,2
10215,2
10216,2
10217,2
10218,2
10219,3
10220,7
10221,7
10222,7
10223,6
10224,2
10225,7
10226,6
10227,6
10228,7
10229,7
10230,3
10231,7
10232,7
10233,7
10234,2
10235,6
10236,7
10237,7
10238,3
10239,7
10240,1
10241,1
10242,3
10243,6
10244,7
10245,2
10246,7
10247,3
10248,8
10249,2
10250,2
10251,2
10252,7
10253,0
10254,7
10255,7
10256,7
10257,7
10258,7
10259,7
10260,7
10261,7
10262,7
10263,7
10264,7
10265,2
10266,7
10267,4
10268,3
10269,2
10270,7
10271,3
10272,7
10273,7
10274,6
10275,2
10276,2
10277,7
10278,7
10279,8
10280,6
10281,7
10282,7
10283,1
10284,8
10285,1
10286,7
10287,7
10288,3
10289,7
10290,7
10291,2
10292,2
10293,2
10294,7
10295,0
10296,8
10297,2
10298,2
10299,6
10300,2
10301,7
10302,7
10303,7
10304,7
10305,7
10306,0
10307,1
10308,1
10309,1
10310,2
10311,1
10312,7
10313,7
10314,1
10315,1
10316,2
10317,2
10318,2
10319,2
10320,2
10321,0
10322,3
10323,3
10324,3
10325,2
10326,3
10327,7
10328,7
10329,2
10330,0
10331,2
10332,2
10333,2
10334,0
10335,0
10336,6
10337,6
10338,6
10339,6
10340,2
10341,2
10342,2
10343,0
10344,6
10345,2
10346,2
10347,2
10348,2
10349,2
10350,2
10351,2
10352,2
10353,2
10354,2
10355,0
10356,2
10357,3
10358,3
10359,4
10360,2
10361,0
10362,1
10363,7
10364,0
10365,6
10366,6
10367,0
10368,0
10369,8
10370,0
10371,6
10372,0
10373,2
10374,3
10375,4
10376,2
10377,0
10378,0
10379,2
10380,6
10381,0
10382,0
10383,3
10384,4
10385,4
10386,4
10387,3
10388,3
10389,7
10390,6
10391,6
10392,6
10393,0
10394,0
10395,4
10396,4
10397,4
10398,4
10399,8
10400,0
10401,6
10402,2
10403,2
10404,2
10405,6
10406,2
10407,0
10408,0
10409,4
10410,4
10411,4
10412,7
10413,4
10414,3
10415,4
10416,8
10417,0
10418,0
10419,6
10420,8
10421,2
10422,2
10423,6
10424,2
10425,2
10426,2
10427,2
10428,6
10429,0
10430,2
10431,7
10432,3
10433,3
10434,4
10435,4
10436,4
10437,4
10438,4
10439,4
10440,4
10441,4
10442,4
10443,4
10444,0
10445,4
10446,3
10447,7
10448,0
10449,3
10450,3
10451,7
10452,4
10453,4
10454,3
10455,2
10456,0
10457,0
10458,8
10459,8
10460,3
10461,6
10462,0
10463,0
10464,8
10465,0
10466,2
10467,0
10468,0
10469,0
10470,0
10471,0
10472,4
10473,0
10474,0
10475,0
10476,6
10477,4
10478,6
10479,0
10480,0
10481,7
10482,1
10483,7
10484,8
10485,0
10486,0
10487,7
10488,2
10489,2
10490,6
10491,0
10492,0
10493,0
10494,3
10495,6
10496,0
10497,8
10498,1
10499,8
10500,8
10501,8
10502,8
10503,8
10504,7
10505,0
10506,0
10507,0
10508,3
10509,2
10510,2
10511,3
10512,6
10513,6
10514,6
10515,0
10516,6
10517,2
10518,2
10519,6
10520,3
10521,1
10522,6
10523,0
10524,3
10525,8
10526,3
10527,8
10528,0
10529,6
10530,6
10531,6
10532,4
10533,1
10534,1
10535,3
10536,0
10537,1
10538,1
10539,4
10540,2
10541,8
10542,4
10543,4
10544,7
10545,0
10546,7
10547,8
10548,0
10549,7
10550,3
10551,7
10552,7
10553,7
10554,3
10555,0
10556,8
10557,7
10558,4
10559,7
10560,7
10561,7
10562,3
10563,1
10564,6
10565,4
10566,4
10567,4
10568,4
10569,4
10570,0
10571,0
10572,3
10573,3
10574,0
10575,4
10576,8
10577,8
10578,6
10579,6
10580,6
10581,8
10582,7
10583,7
10584,6
10585,8
10586,8
10587,3
10588,7
10589,4
10590,2
10591,0
10592,0
10593,0
10594,7
10595,3
10596,4
10597,4
10598,4
10599,2
10600,3
10601,0
10602,3
10603,3
10604,3
10605,3
10606,0
10607,1
10608,7
10609,2
10610,2
10611,0
10612,0
10613,0
10614,2
10615,0
10616,0
10617,6
10618,3
10619,0
10620,4
10621,7
10622,8
10623,1
10624,8
10625,8
10626,0
10627,4
10628,3
10629,0
10630,7
10631,0
10632,0
10633,0
10634,0
10635,2
10636,6
10637,7
10638,6
10639,3
10640,0
10641,0
10642,3
10643,7
10644,3
10645,1
10646,0
10647,3
10648,0
10649,0
10650,0
10651,7
10652,0
10653,3
10654,3
10655,0
10656,0
10657,0
10658,0
10659,3
10660,3
10661,3
10662,7
10663,7
10664,3
10665,2
10666,0
10667,0
10668,6
10669,7
10670,7
10671,0
10672,2
10673,2
10674,2
10675,6
10676,0
10677,0
10678,6
10679,6
10680,4
10681,4
10682,4
10683,8
10684,1
10685,6
10686,8
10687,1
10688,3
10689,3
10690,6
10691,6
10692,3
10693,8
10694,8
10695,8
10696,8
10697,8
10698,8
10699,8
10700,8
10701,8
10702,3
10703,3
10704,0
10705,8
10706,2
10707,2
10708,8
10709,6
10710,1
10711,0
10712,0
10713,6
10714,3
10715,6
10716,8
10717,0
10718,0
10719,8
10720,1
10721,1
10722,1
10723,6
10724,6
10725,8
10726,1
10727,0
10728,2
10729,1
10730,4
10731,3
10732,3
10733,3
10734,4
10735,6
10736,6
10737,0
10738,4
10739,4
10740,1
10741,4
10742,4
10743,3
10744,8
10745,1
10746,6
10747,3
10748,3
10749,1
10750,1
10751,1
10752,3
10753,3
10754,1
10755,3
10756,0
10757,2
10758,3
10759,6
10760,1
10761,6
10762,3
10763,2
10764,6
10765,4
10766,4
10767,0
10768,0
10769,0
10770,0
10771,0
10772,0
10773,2
10774,2
10775,1
10776,0
10777,6
10778,0
10779,7
10780,3
10781,0
10782,2
10783,0
10784,0
10785,0
10786,3
10787,8
10788,6
10789,1
10790,1
10791,0
10792,0
10793,6
10794,3
10795,2
10796,4
10797,7
10798,4
10799,4
10800,1
10801,1
10802,4
10803,7
10804,4
10805,4
10806,4
10807,4
10808,4
10809,4
10810,3
10811,3
10812,1
10813,2
10814,3
10815,0
10816,4
10817,4
10818,4
10819,4
10820,4
10821,4
10822,1
10823,4
10824,4
10825,0
10826,0
10827,3
10828,2
10829,0
10830,2
10831,0
10832,0
10833,7
10834,1
10835,3
10836,7
10837,7
10838,7
10839,1
10840,4
10841,7
10842,2
10843,6
10844,8
10845,7
10846,7
10847,8
10848,8
10849,8
10850,0
10851,8
10852,0
10853,2
10854,8
10855,3
10856,3
10857,7
10858,6
10859,1
10860,1
10861,1
10862,1
10863,1
10864,1
10865,0
10866,0
10867,3
10868,0
10869,6
10870,0
10871,6
10872,2
10873,2
10874,7
10875,3
10876,3
10877,3
10878,3
10879,7
10880,6
10881,0
10882,0
10883,4
10884,0
10885,0
10886,7
10887,0
10888,1
10889,1
10890,3
10891,0
10892,6
10893,0
10894,2
10895,6
10896,6
10897,7
10898,7
10899,7
10900,7
10901,0
10902,7
10903,7
10904,3
10905,8
10906,7
10907,0
10908,4
10909,4
10910,7
10911,7
10912,4
10913,4
10914,3
10915,2
10916,0
10917,0
10918,0
10919,3
10920,7
10921,3
10922,3
10923,2
10924,3
10925,0
10926,7
10927,7
10928,6
10929,3
10930,0
10931,1
10932,6
10933,3
10934,0
10935,3
10936,3
10937,0
10938,0
10939,8
10940,8
10941,7
10942,7
10943,7
10944,2
10945,6
10946,7
10947,7
10948,0
10949,0
10950,0
10951,0
10952,0
10953,0
10954,0
10955,0
10956,8
10957,6
10958,6
10959,0
10960,6
10961,3
10962,7
10963,2
10964,0
10965,8
10966,1
10967,6
10968,2
10969,2
10970,6
10971,3
10972,0
10973,0
10974,7
10975,1
10976,2
10977,0
10978,6
10979,3
10980,6
10981,0
10982,2
10983,2
10984,2
10985,2
10986,2
10987,6
10988,2
10989,4
10990,3
10991,3
10992,8
10993,0
10994,6
10995,2
10996,2
10997,2
10998,1
10999,0
11000,0
11001,0
11002,0
11003,3
11004,7
11005,7
11006,7
11007,3
11008,7
11009,6
11010,1
11011,6
11012,1
11013,2
11014,6
11015,2
11016,3
11017,3
11018,2
11019,7
11020,0
11021,0
11022,0
11023,0
11024,0
11025,3
11026,6
11027,1
11028,7
11029,0
11030,1
11031,1
11032,1
11033,1
11034,2
11035,3
11036,3
11037,3
11038,8
11039,0
11040,0
11041,8
11042,8
11043,0
11044,2
11045,2
11046,6
11047,6
11048,6
11049,3
11050,0
11051,0
11052,1
11053,0
11054,0
11055,7
11056,7
11057,0
11058,7
11059,0
11060,3
11061,3
11062,8
11063,2
11064,0
11065,0
11066,0
11067,4
11068,4
11069,3
11070,7
11071,7
11072,4
11073,6
11074,0
11075,0
11076,0
11077,8
11078,3
11079,0
11080,0
11081,0
11082,0
11083,0
11084,0
11085,4
11086,6
11087,2
11088,0
11089,0
11090,0
11091,0
11092,0
11093,2
11094,6
11095,3
11096,0
11097,7
11098,1
11099,7
11100,0
11101,0
11102,2
11103,0
11104,8
11105,8
11106,0
11107,0
11108,7
11109,8
11110,8
11111,8
11112,8
11113,8
11114,8
11115,8
11116,8
11117,6
11118,6
11119,6
11120,7
11121,2
11122,2
11123,0
11124,3
11125,3
11126,3
11127,2
11128,6
11129,3
11130,2
11131,1
11132,8
11133,8
11134,8
11135,0
11136,2
11137,0
11138,2
11139,0
11140,0
11141,8
11142,7
11143,7
11144,7
11145,3
11146,0
11147,0
11148,0
11149,3
11150,3
11151,3
11152,7
11153,8
11154,8
11155,8
11156,0
11157,8
11158,8
11159,6
11160,0
11161,0
11162,0
11163,0
11164,7
11165,0
11166,7
11167,4
11168,2
11169,0
11170,8
11171,7
11172,8
11173,8
11174,8
11175,6
11176,2
11177,2
11178,2
11179,3
11180,4
11181,2
11182,2
11183,6
11184,2
11185,2
11186,6
11187,6
11188,6
11189,3
11190,3
11191,6
11192,6
11193,3
11194,3
11195,4
11196,7
11197,7
11198,0
11199,2
11200,1
11201,0
11202,1
11203,3
11204,6
11205,6
11206,2
11207,2
11208,3
11209,3
11210,6
11211,8
11212,0
11213,0
11214,0
11215,1
11216,8
11217,2
11218,2
11219,2
11220,2
11221,7
11222,2
11223,0
11224,2
11225,0
11226,2
11227,7
11228,7
11229,8
11230,8
11231,7
11232,8
11233,7
11234,2
11235,2
11236,2
11237,7
11238,2
11239,2
11240,3
11241,2
11242,2
11243,2
11244,2
11245,2
11246,2
11247,7
11248,3
11249,7
11250,2
11251,2
11252,8
11253,8
11254,8
11255,6
11256,2
11257,7
11258,7
11259,7
11260,4
11261,2
11262,3
11263,1
11264,7
11265,3
11266,3
11267,3
11268,7
11269,7
11270,2
11271,3
11272,1
11273,8
11274,0
11275,6
11276,0
11277,3
11278,0
11279,0
11280,2
11281,2
11282,0
11283,2
11284,2
11285,3
11286,3
11287,3
11288,4
11289,6
11290,3
11291,1
11292,1
11293,2
11294,3
11295,0
11296,3
11297,4
11298,3
11299,2
11300,4
11301,3
11302,3
11303,4
11304,7
11305,0
11306,7
11307,3
11308,7
11309,6
11310,6
11311,3
11312,7
11313,7
11314,1
11315,1
11316,6
11317,1
11318,2
11319,3
11320,7
11321,1
11322,1
11323,2
11324,0
11325,0
11326,8
11327,8
11328,7
11329,7
11330,2
11331,0
11332,2
11333,4
11334,3
11335,6
11336,0
11337,0
11338,0
11339,7
11340,4
11341,7
11342,7
11343,7
11344,7
11345,7
11346,7
11347,7
11348,7
11349,6
11350,6
11351,0
11352,0
11353,8
11354,0
11355,0
11356,0
11357,0
11358,0
11359,0
11360,0
11361,2
11362,2
11363,2
11364,2
11365,6
11366,4
11367,4
11368,0
11369,6
11370,8
11371,0
11372,8
11373,3
11374,7
11375,3
11376,3
11377,2
11378,6
11379,8
11380,8
11381,1
11382,8
11383,6
11384,4
11385,8
11386,2
11387,8
11388,1
11389,0
11390,3
11391,2
11392,2
11393,3
11394,6
11395,2
11396,2
11397,3
11398,2
11399,7
11400,2
11401,4
11402,6
11403,6
11404,2
11405,0
11406,3
11407,3
11408,1
11409,1
11410,0
11411,0
11412,0
11413,0
11414,3
11415,8
11416,8
11417,8
11418,3
11419,3
11420,3
11421,8
11422,0
11423,8
11424,3
11425,3
11426,0
11427,6
11428,0
11429,0
11430,0
11431,3
11432,0
11433,0
11434,0
11435,6
11436,0
11437,0
11438,0
11439,0
11440,0
11441,0
11442,0
11443,0
11444,2
11445,0
11446,4
11447,7
11448,2
11449,2
11450,0
11451,7
11452,4
11453,4
11454,2
11455,8
11456,8
11457,8
11458,8
11459,7
11460,2
11461,0
11462,2
11463,3
11464,0
11465,7
11466,7
11467,7
11468,7
11469,0
11470,6
11471,6
11472,1
11473,0
11474,3
11475,7
11476,2
11477,4
11478,2
11479,4
11480,4
11481,7
11482,3
11483,3
11484,0
11485,4
11486,6
11487,2
11488,3
11489,3
11490,7
11491,8
11492,6
11493,8
11494,8
11495,7
11496,4
11497,0
11498,0
11499,8
11500,0
11501,8
11502,1
11503,0
11504,7
11505,4
11506,8
11507,8
11508,1
11509,1
11510,1
11511,4
11512,3
11513,3
11514,3
11515,1
11516,0
11517,2
11518,8
11519,8
11520,0
11521,2
11522,8
11523,8
11524,0
11525,7
11526,0
11527,2
11528,2
11529,7
11530,3
11531,3
11532,3
11533,2
11534,0
11535,2
11536,2
11537,0
11538,0
11539,0
11540,3
11541,2
11542,7
11543,2
11544,0
11545,3
11546,7
11547,8
11548,6
11549,7
11550,4
11551,7
11552,7
11553,3
11554,7
11555,0
11556,2
11557,2
11558,1
11559,0
11560,7
11561,0
11562,3
11563,3
11564,3
11565,3
11566,2
11567,8
11568,2
11569,2
11570,6
11571,3
11572,7
11573,0
11574,6
11575,7
11576,7
11577,7
11578,7
11579,7
11580,2
11581,7
11582,2
11583,6
11584,2
11585,2
11586,7
11587,2
11588,0
11589,0
11590,0
11591,6
11592,0
11593,7
11594,2
11595,0
11596,0
11597,0
11598,0
11599,1
11600,2
11601,7
11602,6
11603,7
11604,7
11605,0
11606,4
11607,3
11608,3
11609,8
11610,8
11611,8
11612,6
11613,3
11614,3
11615,0
11616,0
11617,0
11618,0
11619,8
11620,8
11621,3
11622,0
11623,8
11624,8
11625,7
11626,8
11627,2
11628,6
11629,2
11630,8
11631,3
11632,1
11633,3
11634,7
11635,3
11636,0
11637,0
11638,6
11639,8
11640,6
11641,4
11642,8
11643,8
11644,8
11645,8
11646,3
11647,7
11648,7
11649,7
11650,3
11651,0
11652,2
11653,7
11654,0
11655,8
11656,0
11657,0
11658,0
11659,7
11660,7
11661,6
11662,4
11663,4
11664,6
11665,3
11666,1
11667,4
11668,3
11669,3
11670,3
11671,3
11672,2
11673,6
11674,3
11675,6
11676,3
11677,0
11678,6
11679,0
11680,0
11681,3
11682,0
11683,8
11684,1
11685,7
11686,2
11687,3
11688,1
11689,8
11690,8
11691,0
11692,0
11693,6
11694,3
11695,7
11696,0
11697,0
11698,2
11699,0
11700,2
11701,8
11702,7
11703,7
11704,6
11705,7
11706,0
11707,0
11708,0
11709,0
11710,3
11711,0
11712,0
11713,8
11714,6
11715,0
11716,1
11717,6
11718,0
11719,6
11720,1
11721,8
11722,8
11723,0
11724,3
11725,8
11726,1
11727,7
11728,2
11729,0
11730,3
11731,3
11732,8
11733,2
11734,2
11735,6
11736,6
11737,6
11738,3
11739,3
11740,3
11741,3
11742,7
11743,6
11744,0
11745,6
11746,0
11747,0
11748,0
11749,0
11750,0
11751,3
11752,4
11753,6
11754,1
11755,6
11756,7
11757,7
11758,7
11759,7
11760,7
11761,7
11762,7
11763,2
11764,6
11765,2
11766,2
11767,2
11768,2
11769,7
11770,6
11771,0
11772,6
11773,7
11774,2
11775,2
11776,2
11777,2
11778,7
11779,7
11780,6
11781,7
11782,2
11783,6
11784,2
11785,2
11786,2
11787,3
11788,6
11789,3
11790,3
11791,0
11792,8
11793,0
11794,0
11795,0
11796,2
11797,1
11798,2
11799,7
11800,3
11801,7
11802,7
11803,3
11804,7
11805,7
11806,2
11807,2
11808,3
11809,7
11810,2
11811,7
11812,3
11813,7
11814,7
11815,7
11816,3
11817,7
11818,7
11819,7
11820,0
11821,2
11822,2
11823,3
11824,7
11825,0
11826,4
11827,3
11828,3
11829,0
11830,0
11831,6
11832,2
11833,2
11834,6
11835,6
11836,2
11837,6
11838,2
11839,2
11840,2
11841,2
11842,3
11843,0
11844,3
11845,3
11846,2
11847,2
11848,6
11849,1
11850,7
11851,7
11852,0
11853,7
11854,3
11855,3
11856,7
11857,3
11858,7
11859,8
11860,6
11861,7
11862,3
11863,7
11864,3
11865,0
11866,3
11867,6
11868,0
11869,2
11870,7
11871,2
11872,3
11873,2
11874,7
11875,1
11876,7
11877,7
11878,4
11879,1
11880,4
11881,3
11882,2
11883,2
11884,2
11885,1
11886,7
11887,3
11888,0
11889,7
11890,3
11891,1
11892,1
11893,1
11894,7
11895,1
11896,2
11897,2
11898,7
11899,7
11900,3
11901,1
11902,2
11903,6
11904,6
11905,7
11906,7
11907,7
11908,7
11909,7
11910,2
11911,2
11912,7
11913,7
11914,7
11915,7
11916,1
11917,6
11918,0
11919,2
11920,2
11921,4
11922,3
11923,1
11924,3
11925,1
11926,1
11927,1
11928,3
11929,6
11930,3
11931,2
11932,0
11933,0
11934,3
11935,7
11936,0
11937,6
11938,6
11939,7
11940,2
11941,6
11942,7
11943,3
11944,4
11945,3
11946,2
11947,7
11948,6
11949,3
11950,2
11951,0
11952,1
11953,7
11954,0
11955,0
11956,2
11957,3
11958,2
11959,2
11960,0
11961,2
11962,2
11963,7
11964,2
11965,0
11966,6
11967,3
11968,3
11969,7
11970,3
11971,1
11972,7
11973,1
11974,7
11975,7
11976,1
11977,4
11978,4
11979,7
11980,3
11981,2
11982,3
11983,3
11984,8
11985,8
11986,7
11987,3
11988,6
11989,2
11990,2
11991,6
11992,8
11993,2
11994,0
11995,7
11996,7
11997,7
11998,2
11999,0
12000,1
12001,7
12002,7
12003,7
12004,0
12005,0
12006,0
12007,4
12008,3
12009,0
12010,4
12011,0
12012,0
12013,2
12014,0
12015,0
12016,0
12017,1
12018,0
12019,6
12020,7
12021,0
12022,0
12023,0
12024,7
12025,7
12026,0
12027,1
12028,7
12029,0
12030,4
12031,8
12032,1
12033,4
12034,3
12035,4
12036,3
12037,4
12038,4
12039,1
12040,0
12041,7
12042,4
12043,3
12044,4
12045,2
12046,4
12047,4
12048,4
12049,4
12050,4
12051,4
12052,7
12053,7
12054,7
12055,4
12056,4
12057,3
12058,2
12059,6
12060,3
12061,6
12062,7
12063,6
12064,6
12065,7
12066,1
12067,2
12068,3
12069,1
12070,1
12071,3
12072,2
12073,3
12074,6
12075,7
12076,6
12077,6
12078,6
12079,8
12080,0
12081,2
12082,4
12083,6
12084,0
12085,0
12086,0
12087,0
12088,0
12089,0
12090,1
12091,2
12092,7
12093,8
12094,8
12095,8
12096,8
12097,8
12098,8
12099,8
12100,1
12101,1
12102,4
12103,4
12104,6
12105,1
12106,1
12107,3
12108,1
12109,3
12110,0
12111,0
12112,2
12113,3
12114,6
12115,6
12116,0
12117,6
12118,0
12119,0
12120,0
12121,1
12122,3
12123,6
12124,6
12125,2
12126,0
12127,4
12128,3
12129,3
12130,4
12131,4
12132,3
12133,3
12134,3
12135,7
12136,0
12137,7
12138,7
12139,7
12140,7
12141,3
12142,4
12143,7
12144,4
12145,6
12146,6
12147,6
12148,6
12149,1
12150,6
12151,6
12152,4
12153,6
12154,3
12155,3
12156,3
12157,6
12158,7
12159,2
12160,0
12161,4
12162,3
12163,2
12164,2
12165,3
12166,3
12167,3
12168,6
12169,6
12170,8
12171,2
12172,3
12173,0
12174,0
12175,3
12176,2
12177,2
12178,3
12179,3
12180,7
12181,6
12182,7
12183,2
12184,2
12185,8
12186,2
12187,7
12188,3
12189,3
12190,7
12191,7
12192,3
12193,3
12194,2
12195,3
12196,4
12197,2
12198,1
12199,3
12200,3
12201,8
12202,2
12203,2
12204,4
12205,3
12206,1
12207,1
12208,0
12209,0
12210,0
12211,1
12212,1
12213,4
12214,1
12215,1
12216,1
12217,1
12218,7
12219,0
12220,6
12221,7
12222,6
12223,0
12224,7
12225,2
12226,2
12227,2
12228,4
12229,0
12230,0
12231,8
12232,2
12233,2
12234,4
12235,3
12236,0
12237,6
12238,6
12239,0
12240,7
12241,8
12242,3
12243,3
12244,3
12245,3
12246,6
12247,6
12248,0
12249,1
12250,3
12251,6
12252,7
12253,1
12254,1
12255,7
12256,7
12257,7
12258,8
12259,2
12260,2
12261,2
12262,4
12263,4
12264,4
12265,6
12266,7
12267,7
12268,4
12269,7
12270,8
12271,6
12272,7
12273,6
12274,4
12275,3
12276,3
12277,2
12278,7
12279,8
12280,6
12281,0
12282,6
12283,0
12284,4
12285,4
12286,6
12287,4
12288,7
12289,0
12290,0
12291,7
12292,8
12293,8
12294,6
12295,4
12296,4
12297,2
12298,2
12299,3
12300,3
12301,0
12302,2
12303,6
12304,2
12305,6
12306,6
12307,4
12308,6
12309,4
12310,4
12311,0
12312,2
12313,2
12314,3
12315,3
12316,3
12317,3
12318,0
12319,2
12320,7
12321,1
12322,1
12323,3
12324,3
12325,0
12326,8
12327,8
12328,1
12329,3
12330,3
12331,3
12332,3
12333,7
12334,2
12335,4
12336,6
12337,2
12338,2
12339,3
12340,3
12341,1
12342,3
12343,3
12344,3
12345,3
12346,3
12347,7
12348,3
12349,7
12350,6
12351,2
12352,2
12353,3
12354,7
12355,3
12356,2
12357,2
12358,2
12359,7
12360,8
12361,2
12362,2
12363,3
12364,3
12365,3
12366,3
12367,3
12368,7
12369,3
12370,3
12371,2
12372,8
12373,3
12374,4
12375,7
12376,7
12377,7
12378,7
12379,0
12380,8
12381,0
12382,3
12383,2
12384,8
12385,8
12386,8
12387,8
12388,4
12389,2
12390,2
12391,2
12392,7
12393,0
12394,0
12395,8
12396,7
12397,6
12398,4
12399,3
12400,3
12401,0
12402,0
12403,2
12404,2
12405,4
12406,2
12407,3
12408,3
12409,7
12410,7
12411,4
12412,4
12413,2
12414,2
12415,2
12416,3
12417,2
12418,2
12419,3
12420,7
12421,3
12422,3
12423,3
12424,3
12425,7
12426,8
12427,1
12428,3
12429,6
12430,1
12431,2
12432,3
12433,7
12434,4
12435,2
12436,7
12437,3
12438,3
12439,3
12440,1
12441,2
12442,1
12443,7
12444,4
12445,4
12446,6
12447,7
12448,7
12449,2
12450,2
12451,2
12452,3
12453,6
12454,3
12455,3
12456,3
12457,1
12458,0
12459,2
12460,1
12461,7
12462,7
12463,4
12464,2
12465,0
12466,3
12467,1
12468,1
12469,1
12470,1
12471,1
12472,4
12473,8
12474,6
12475,3
12476,2
12477,7
12478,6
12479,0
12480,0
12481,3
12482,2
12483,6
12484,0
12485,8
12486,8
12487,1
12488,1
12489,1
12490,6
12491,0
12492,7
12493,0
12494,8
12495,8
12496,8
12497,0
12498,0
12499,0
12500,0
12501,0
12502,3
12503,4
12504,3
12505,4
12506,8
12507,8
12508,8
12509,7
12510,3
12511,6
12512,3
12513,0
12514,0
12515,0
12516,6
12517,6
12518,0
12519,0
12520,2
12521,8
12522,7
12523,3
12524,8
12525,5
12526,0
12527,6
12528,0
12529,6
12530,4
12531,6
12532,2
12533,3
12534,2
12535,3
12536,4
12537,2
12538,4
12539,4
12540,4
12541,4
12542,2
12543,4
12544,4
12545,1
12546,1
12547,4
12548,4
12549,8
12550,4
12551,8
12552,2
12553,8
12554,8
12555,0
12556,8
12557,0
12558,0
12559,4
12560,0
12561,0
12562,2
12563,7
12564,6
12565,6
12566,2
12567,0
12568,8
12569,8
12570,8
12571,1
12572,3
12573,0
12574,0
12575,0
12576,0
12577,0
12578,2
12579,3
12580,7
12581,7
12582,2
12583,8
12584,0
12585,7
12586,3
12587,8
12588,2
12589,3
12590,1
12591,7
12592,8
12593,3
12594,3
12595,3
12596,1
12597,3
12598,0
12599,7
12600,3
12601,7
12602,7
12603,0
12604,0
12605,6
12606,1
12607,2
12608,0
12609,7
12610,8
12611,8
12612,0
12613,0
12614,3
12615,7
12616,7
12617,7
12618,8
12619,8
12620,8
12621,0
12622,7
12623,7
12624,7
12625,7
12626,0
12627,0
12628,3
12629,4
12630,3
12631,3
12632,3
12633,0
12634,0
12635,8
12636,0
12637,0
12638,0
12639,0
12640,0
12641,0
12642,4
12643,6
12644,3
12645,0
12646,4
12647,2
12648,2
12649,0
12650,8
12651,0
12652,0
12653,8
12654,3
12655,0
12656,7
12657,3
12658,7
12659,0
12660,8
12661,0
12662,3
12663,0
12664,1
12665,7
12666,8
12667,8
12668,3
12669,2
12670,6
12671,0
12672,0
12673,0
12674,7
12675,1
12676,2
12677,8
12678,3
12679,8
12680,0
12681,0
12682,8
12683,0
12684,1
12685,4
12686,1
12687,4
12688,4
12689,4
12690,4
12691,4
12692,0
12693,3
12694,3
12695,3
12696,6
12697,3
12698,0
12699,0
12700,8
12701,8
12702,0
12703,3
12704,2
12705,6
12706,7
12707,3
12708,3
12709,7
12710,0
12711,3
12712,1
12713,3
12714,7
12715,0
12716,0
12717,3
12718,3
12719,3
12720,7
12721,7
12722,6
12723,6
12724,6
12725,7
12726,8
12727,7
12728,6
12729,7
12730,7
12731,0
12732,3
12733,7
12734,0
12735,1
12736,3
12737,3
12738,4
12739,3
12740,2
12741,7
12742,3
12743,2
12744,0
12745,0
12746,7
12747,7
12748,2
12749,0
12750,3
12751,4
12752,3
12753,3
12754,7
12755,0
12756,0
12757,3
12758,3
12759,3
12760,1
12761,4
12762,7
12763,4
12764,3
12765,7
12766,4
12767,3
12768,8
12769,8
12770,4
12771,3
12772,8
12773,3
12774,3
12775,0
12776,6
12777,6
12778,3
12779,6
12780,2
12781,0
12782,0
12783,0
12784,0
12785,0
12786,0
12787,4
12788,0
12789,7
12790,4
12791,0
12792,0
12793,3
12794,1
12795,3
12796,3
12797,0
12798,0
12799,0
12800,2
12801,0
12802,6
12803,6
12804,6
12805,0
12806,7
12807,0
12808,0
12809,0
12810,0
12811,8
12812,0
12813,0
12814,7
12815,0
12816,0
12817,3
12818,3
12819,3
12820,3
12821,2
12822,0
12823,4
12824,0
12825,0
12826,2
12827,0
12828,0
12829,0
12830,8
12831,6
12832,8
12833,1
12834,3
12835,2
12836,6
12837,8
12838,3
12839,1
12840,1
12841,1
12842,4
12843,1
12844,1
12845,1
12846,7
12847,1
12848,1
12849,7
12850,7
12851,7
12852,7
12853,3
12854,3
12855,3
12856,0
12857,4
12858,4
12859,6
12860,4
12861,3
12862,2
12863,8
12864,6
12865,7
12866,0
12867,3
12868,7
12869,7
12870,7
12871,3
12872,6
12873,1
12874,1
12875,1
12876,6
12877,0
12878,4
12879,2
12880,4
12881,0
12882,0
12883,0
12884,0
12885,6
12886,7
12887,6
12888,7
12889,6
12890,7
12891,7
12892,6
12893,7
12894,6
12895,0
12896,3
12897,1
12898,7
12899,6
12900,6
12901,0
12902,3
12903,8
12904,6
12905,0
12906,8
12907,8
12908,0
12909,3
12910,4
12911,6
12912,3
12913,3
12914,4
12915,0
12916,2
12917,3
12918,3
12919,0
12920,8
12921,7
12922,0
12923,0
12924,8
12925,8
12926,4
12927,0
12928,6
12929,1
12930,1
12931,1
12932,1
12933,6
12934,6
12935,6
12936,6
12937,6
12938,0
12939,0
12940,1
12941,1
12942,3
12943,6
12944,0
12945,6
12946,1
12947,6
12948,2
12949,0
12950,3
12951,6
12952,1
12953,6
12954,0
12955,6
12956,7
12957,0
12958,0
12959,4
12960,0
12961,0
12962,0
12963,0
12964,0
12965,3
12966,4
12967,6
12968,0
12969,7
12970,8
12971,6
12972,0
12973,0
12974,4
12975,0
12976,0
12977,1
12978,2
12979,7
12980,7
12981,0
12982,7
12983,7
12984,7
12985,7
12986,7
12987,0
12988,0
12989,0
12990,0
12991,7
12992,8
12993,0
12994,3
12995,0
12996,6
12997,3
12998,0
12999,8
13000,3
13001,3
13002,3
13003,3
13004,3
13005,0
13006,3
13007,8
13008,0
13009,0
13010,6
13011,7
13012,6
13013,6
13014,7
13015,2
13016,2
13017,3
13018,3
13019,0
13020,8
13021,1
13022,0
13023,2
13024,1
13025,7
13026,1
13027,1
13028,7
13029,8
13030,8
13031,8
13032,8
13033,8
13034,8
13035,8
13036,8
13037,3
13038,0
13039,0
13040,6
13041,0
13042,2
13043,2
13044,8
13045,8
13046,7
13047,6
13048,7
13049,6
13050,6
13051,6
13052,8
13053,7
13054,7
13055,0
13056,0
13057,6
13058,7
13059,6
13060,2
13061,8
13062,6
13063,7
13064,6
13065,6
13066,6
13067,0
13068,0
13069,0
13070,2
13071,0
13072,1
13073,1
13074,1
13075,1
13076,1
13077,3
13078,8
13079,0
13080,0
13081,0
13082,0
13083,0
13084,0
13085,0
13086,4
13087,0
13088,8
13089,6
13090,0
13091,3
13092,6
13093,2
13094,6
13095,2
13096,6
13097,1
13098,3
13099,2
13100,6
13101,0
13102,8
13103,8
13104,0
13105,0
13106,3
13107,3
13108,0
13109,6
13110,0
13111,0
13112,3
13113,4
13114,4
13115,7
13116,7
13117,8
13118,4
13119,4
13120,0
13121,3
13122,0
13123,0
13124,2
13125,8
13126,2
13127,4
13128,3
13129,1
13130,2
13131,2
13132,8
13133,1
13134,3
13135,3
13136,7
13137,7
13138,4
13139,4
13140,7
13141,6
13142,2
13143,0
13144,2
13145,7
13146,7
13147,7
13148,8
13149,0
13150,0
13151,0
13152,0
13153,3
13154,0
13155,3
13156,2
13157,2
13158,0
13159,7
13160,7
13161,7
13162,2
13163,2
13164,1
13165,6
13166,7
13167,8
13168,0
13169,8
13170,0
13171,4
13172,4
13173,4
13174,4
13175,0
13176,1
13177,0
13178,3
13179,0
13180,2
13181,3
13182,0
13183,1
13184,0
13185,1
13186,0
13187,3
13188,7
13189,3
13190,4
13191,4
13192,4
13193,4
13194,0
13195,2
13196,6
13197,3
13198,1
13199,7
13200,0
13201,1
13202,5
13203,3
13204,1
13205,1
13206,1
13207,1
13208,3
13209,3
13210,0
13211,0
13212,5
13213,3
13214,1
13215,3
13216,1
13217,3
13218,1
13219,6
13220,7
13221,7
13222,7
13223,0
13224,4
13225,6
13226,0
13227,7
13228,0
13229,0
13230,7
13231,7
13232,0
13233,2
13234,0
13235,0
13236,0
13237,8
13238,6
13239,6
13240,6
13241,0
13242,0
13243,4
13244,6
13245,6
13246,0
13247,0
13248,4
13249,2
13250,2
13251,2
13252,7
13253,8
13254,6
13255,7
13256,6
13257,6
13258,0
13259,6
13260,6
13261,7
13262,7
13263,7
13264,2
13265,3
13266,4
13267,7
13268,7
13269,7
13270,7
13271,8
13272,7
13273,7
13274,6
13275,0
13276,3
13277,3
13278,8
13279,6
13280,2
13281,6
13282,0
13283,0
13284,5
13285,3
13286,7
13287,7
13288,7
13289,2
13290,2
13291,6
13292,7
13293,0
13294,0
13295,7
13296,7
13297,1
13298,7
13299,8
13300,0
13301,0
13302,1
13303,1
13304,1
13305,1
13306,1
13307,1
13308,6
13309,2
13310,2
13311,7
13312,2
13313,2
13314,8
13315,6
13316,6
13317,6
13318,7
13319,2
13320,4
13321,3
13322,6
13323,6
13324,3
13325,2
13326,3
13327,7
13328,0
13329,2
13330,4
13331,6
13332,6
13333,6
13334,4
13335,6
13336,2
13337,2
13338,2
13339,2
13340,1
13341,1
13342,1
13343,3
13344,2
13345,2
13346,0
13347,6
13348,3
13349,4
13350,6
13351,0
13352,3
13353,0
13354,6
13355,7
13356,8
13357,8
13358,3
13359,4
13360,2
13361,0
13362,0
13363,0
13364,4
13365,8
13366,0
13367,0
13368,0
13369,8
13370,8
13371,0
13372,3
13373,0
13374,6
13375,0
13376,6
13377,6
13378,8
13379,7
13380,2
13381,7
13382,7
13383,2
13384,1
13385,3
13386,3
13387,1
13388,1
13389,1
13390,3
13391,4
13392,7
13393,3
13394,6
13395,3
13396,7
13397,6
13398,2
13399,3
13400,0
13401,0
13402,0
13403,2
13404,6
13405,6
13406,1
13407,1
13408,6
13409,4
13410,6
13411,7
13412,8
13413,8
13414,8
13415,2
13416,6
13417,4
13418,3
13419,2
13420,4
13421,1
13422,1
13423,1
13424,1
13425,8
13426,3
13427,3
13428,8
13429,8
13430,0
13431,0
13432,0
13433,4
13434,0
13435,0
13436,4
13437,3
13438,0
13439,6
13440,4
13441,4
13442,3
13443,7
13444,3
13445,3
13446,3
13447,0
13448,7
13449,7
13450,0
13451,7
13452,2
13453,2
13454,0
13455,7
13456,0
13457,0
13458,7
13459,7
13460,1
13461,0
13462,3
13463,8
13464,4
13465,4
13466,7
13467,4
13468,2
13469,6
13470,0
13471,3
13472,0
13473,0
13474,0
13475,3
13476,4
13477,2
13478,6
13479,4
13480,4
13481,2
13482,4
13483,1
13484,3
13485,4
13486,4
13487,4
13488,4
13489,4
13490,4
13491,4
13492,4
13493,4
13494,4
13495,4
13496,4
13497,4
13498,4
13499,4
13500,4
13501,4
13502,4
13503,7
13504,3
13505,3
13506,3
13507,6
13508,7
13509,6
13510,4
13511,1
13512,4
13513,4
13514,0
13515,0
13516,2
13517,0
13518,8
13519,0
13520,2
13521,4
13522,7
13523,0
13524,0
13525,1
13526,0
13527,0
13528,0
13529,7
13530,0
13531,1
13532,7
13533,7
13534,6
13535,7
13536,3
13537,0
13538,7
13539,7
13540,7
13541,8
13542,3
13543,0
13544,8
13545,8
13546,6
13547,4
13548,1
13549,2
13550,0
13551,6
13552,2
13553,0
13554,2
13555,0
13556,0
13557,1
13558,2
13559,4
13560,3
13561,3
13562,2
13563,0
13564,0
13565,0
13566,6
13567,2
13568,7
13569,0
13570,2
13571,8
13572,0
13573,3
13574,7
13575,2
13576,0
13577,7
13578,4
13579,4
13580,3
13581,7
13582,8
13583,8
13584,6
13585,6
13586,8
13587,8
13588,2
13589,3
13590,7
13591,7
13592,3
13593,2
13594,2
13595,7
13596,0
13597,1
13598,2
13599,7
13600,8
13601,1
13602,3
13603,7
13604,2
13605,8
13606,8
13607,2
13608,6
13609,7
13610,0
13611,7
13612,7
13613,2
13614,2
13615,2
13616,8
13617,6
13618,0
13619,0
13620,6
13621,6
13622,6
13623,7
13624,0
13625,0
13626,0
13627,3
13628,8
13629,7
13630,3
13631,0
13632,6
13633,6
13634,6
13635,6
13636,6
13637,6
13638,6
13639,3
13640,3
13641,2
13642,4
13643,2
13644,2
13645,2
13646,3
13647,0
13648,3
13649,7
13650,1
13651,1
13652,0
13653,3
13654,6
13655,4
13656,4
13657,6
13658,3
13659,2
13660,0
13661,6
13662,2
13663,0
13664,3
13665,0
13666,8
13667,0
13668,3
13669,4
13670,3
13671,3
13672,0
13673,0
13674,4
13675,0
13676,3
13677,0
13678,6
13679,3
13680,0
13681,0
13682,0
13683,6
13684,4
13685,3
13686,0
13687,0
13688,0
13689,0
13690,8
13691,3
13692,3
13693,6
13694,6
13695,3
13696,0
13697,3
13698,2
13699,0
13700,3
13701,0
13702,0
13703,3
13704,0
13705,7
13706,0
13707,0
13708,6
13709,0
13710,0
13711,0
13712,0
13713,3
13714,3
13715,3
13716,6
13717,6
13718,1
13719,6
13720,6
13721,6
13722,2
13723,0
13724,7
13725,2
13726,2
13727,2
13728,3
13729,0
13730,6
13731,6
13732,3
13733,6
13734,8
13735,8
13736,8
13737,8
13738,3
13739,8
13740,8
13741,8
13742,8
13743,0
13744,0
13745,7
13746,0
13747,0
13748,7
13749,0
13750,7
13751,8
13752,3
13753,7
13754,7
13755,2
13756,3
13757,1
13758,3
13759,8
13760,0
13761,8
13762,8
13763,1
13764,4
13765,8
13766,1
13767,6
13768,8
13769,3
13770,8
13771,7
13772,8
13773,7
13774,0
13775,0
13776,7
13777,8
13778,8
13779,7
13780,3
13781,3
13782,7
13783,7
13784,7
13785,3
13786,7
13787,7
13788,2
13789,7
13790,2
13791,3
13792,3
13793,7
13794,0
13795,8
13796,8
13797,8
13798,4
13799,2
13800,2
13801,2
13802,2
13803,8
13804,8
13805,8
13806,8
13807,8
13808,2
13809,0
13810,0
13811,0
13812,2
13813,2
13814,2
13815,8
13816,0
13817,8
13818,8
13819,6
13820,0
13821,1
13822,2
13823,2
13824,8
13825,2
13826,4
13827,6
13828,3
13829,6
13830,0
13831,3
13832,6
13833,8
13834,8
13835,8
13836,8
13837,3
13838,4
13839,8
13840,0
13841,6
13842,2
13843,2
13844,2
13845,3
13846,6
13847,3
13848,0
13849,0
13850,0
13851,4
13852,2
13853,0
13854,8
13855,0
13856,0
13857,0
13858,0
13859,8
13860,4
13861,1
13862,4
13863,3
13864,4
13865,2
13866,2
13867,3
13868,6
13869,4
13870,8
13871,7
13872,3
13873,7
13874,6
13875,6
13876,7
13877,3
13878,7
13879,2
13880,6
13881,0
13882,0
13883,2
13884,3
13885,2
13886,2
13887,2
13888,2
13889,2
13890,2
13891,2
13892,6
13893,6
13894,2
13895,2
13896,2
13897,0
13898,6
13899,7
13900,0
13901,2
13902,6
13903,6
13904,2
13905,2
13906,2
13907,4
13908,2
13909,1
13910,6
13911,6
13912,0
13913,1
13914,2
13915,7
13916,7
13917,7
13918,7
13919,8
13920,0
13921,7
13922,8
13923,2
13924,2
13925,8
13926,2
13927,8
13928,6
13929,7
13930,6
13931,7
13932,7
13933,8
13934,6
13935,7
13936,2
13937,6
13938,2
13939,3
13940,6
13941,2
13942,1
13943,2
13944,2
13945,6
13946,8
13947,6
13948,2
13949,2
13950,2
13951,2
13952,2
13953,7
13954,7
13955,3
13956,2
13957,2
13958,6
13959,2
13960,2
13961,1
13962,1
13963,6
13964,6
13965,3
13966,8
13967,6
13968,7
13969,8
13970,8
13971,3
13972,1
13973,6
13974,2
13975,2
13976,2
13977,1
13978,2
13979,2
13980,6
13981,6
13982,6
13983,2
13984,2
13985,2
13986,2
13987,6
13988,2
13989,2
13990,2
13991,2
13992,3
13993,2
13994,2
13995,2
13996,2
13997,0
13998,8
13999,0
14000,2
14001,2
14002,6
14003,2
14004,2
14005,2
14006,6
14007,3
14008,6
14009,4
14010,2
14011,4
14012,2
14013,0
14014,3
14015,3
14016,3
14017,1
14018,4
14019,7
14020,3
14021,6
14022,6
14023,3
14024,8
14025,8
14026,8
14027,8
14028,8
14029,7
14030,3
14031,3
14032,3
14033,6
14034,6
14035,3
14036,3
14037,6
14038,6
14039,3
14040,2
14041,2
14042,1
14043,8
14044,6
14045,6
14046,8
14047,8
14048,8
14049,2
14050,0
14051,0
14052,6
14053,0
14054,6
14055,2
14056,8
14057,1
14058,1
14059,1
14060,1
14061,1
14062,3
14063,8
14064,0
14065,0
14066,7
14067,7
14068,7
14069,0
14070,8
14071,6
14072,0
14073,2
14074,1
14075,0
14076,1
14077,0
14078,0
14079,0
14080,1
14081,0
14082,7
14083,6
14084,0
14085,6
14086,3
14087,2
14088,6
14089,0
14090,7
14091,7
14092,7
14093,6
14094,2
14095,2
14096,2
14097,6
14098,6
14099,0
14100,0
14101,2
14102,2
14103,8
14104,2
14105,2
14106,3
14107,3
14108,3
14109,2
14110,0
14111,2
14112,2
14113,2
14114,2
14115,2
14116,0
14117,6
14118,2
14119,2
14120,0
14121,0
14122,7
14123,8
14124,8
14125,8
14126,8
14127,8
14128,7
14129,7
14130,7
14131,0
14132,6
14133,0
14134,7
14135,7
14136,2
14137,2
14138,0
14139,2
14140,8
14141,1
14142,4
14143,8
14144,3
14145,3
14146,2
14147,8
14148,0
14149,0
14150,2
14151,1
14152,4
14153,6
14154,3
14155,4
14156,4
14157,4
14158,4
14159,8
14160,0
14161,0
14162,8
14163,8
14164,3
14165,3
14166,2
14167,0
14168,0
14169,8
14170,0
14171,0
14172,3
14173,0
14174,0
14175,0
14176,4
14177,6
14178,6
14179,3
14180,6
14181,0
14182,0
14183,0
14184,0
14185,1
14186,1
14187,4
14188,4
14189,3
14190,3
14191,0
14192,0
14193,8
14194,0
14195,8
14196,0
14197,4
14198,0
14199,0
14200,0
14201,0
14202,0
14203,6
14204,1
14205,1
14206,4
14207,4
14208,0
14209,0
14210,8
14211,8
14212,0
14213,7
14214,0
14215,0
14216,3
14217,3
14218,8
14219,0
14220,6
14221,0
14222,0
14223,3
14224,6
14225,3
14226,6
14227,6
14228,6
14229,6
14230,6
14231,1
14232,6
14233,8
14234,8
14235,0
14236,0
14237,0
14238,6
14239,0
14240,0
14241,0
14242,0
14243,3
14244,6
14245,6
14246,2
14247,8
14248,4
14249,0
14250,6
14251,2
14252,6
14253,6
14254,0
14255,6
14256,8
14257,8
14258,6
14259,0
14260,8
14261,6
14262,1
14263,0
14264,6
14265,8
14266,1
14267,3
14268,0
14269,8
14270,0
14271,8
14272,6
14273,6
14274,7
14275,4
14276,4
14277,4
14278,0
14279,3
14280,0
14281,1
14282,3
14283,3
14284,8
14285,4
14286,3
14287,0
14288,8
14289,2
14290,2
14291,0
14292,4
14293,6
14294,7
14295,6
14296,4
14297,8
14298,7
14299,2
14300,2
14301,0
14302,0
14303,0
14304,0
14305,0
14306,6
14307,6
14308,6
14309,0
14310,8
14311,0
14312,8
14313,0
14314,2
14315,3
14316,7
14317,1
14318,4
14319,8
14320,3
14321,3
14322,1
14323,1
14324,3
14325,7
14326,7
14327,8
14328,8
14329,8
14330,8
14331,0
14332,6
14333,6
14334,6
14335,6
14336,6
14337,0
14338,3
14339,6
14340,4
14341,0
14342,0
14343,2
14344,4
14345,0
14346,7
14347,1
14348,7
14349,3
14350,7
14351,3
14352,6
14353,2
14354,2
14355,8
14356,0
14357,4
14358,3
14359,8
14360,1
14361,0
14362,0
14363,6
14364,1
14365,1
14366,3
14367,0
14368,0
14369,0
14370,0
14371,0
14372,0
14373,0
14374,8
14375,8
14376,8
