sample_id,cluster
0,4
1,0
2,6
3,4
4,4
5,5
6,2
7,7
8,0
9,7
10,7
11,6
12,9
13,4
14,6
15,5
16,2
17,7
18,4
19,5
20,2
21,7
22,0
23,7
24,5
25,6
26,5
27,5
28,0
29,5
30,5
31,6
32,5
33,6
34,5
35,6
36,5
37,5
38,5
39,5
40,5
41,6
42,1
43,1
44,2
45,1
46,5
47,2
48,9
49,2
50,7
51,2
52,5
53,2
54,4
55,6
56,4
57,4
58,5
59,6
60,5
61,5
62,7
63,6
64,7
65,6
66,4
67,5
68,5
69,7
70,5
71,6
72,5
73,7
74,5
75,7
76,4
77,7
78,7
79,7
80,5
81,7
82,5
83,6
84,5
85,4
86,5
87,6
88,6
89,6
90,5
91,6
92,5
93,7
94,5
95,4
96,5
97,4
98,1
99,7
100,1
101,0
102,1
103,4
104,5
105,6
106,5
107,2
108,5
109,0
110,5
111,5
112,9
113,2
114,0
115,6
116,5
117,0
118,2
119,5
120,0
121,6
122,4
123,5
124,4
125,9
126,5
127,7
128,4
129,5
130,5
131,9
132,7
133,6
134,5
135,0
136,2
137,5
138,6
139,5
140,7
141,9
142,7
143,7
144,2
145,5
146,6
147,4
148,2
149,1
150,2
151,1
152,2
153,7
154,5
155,7
156,4
157,7
158,1
159,7
160,5
161,2
162,5
163,2
164,7
165,6
166,5
167,4
168,4
169,4
170,7
171,6
172,1
173,6
174,2
175,6
176,5
177,6
178,9
179,2
180,5
181,6
182,2
183,6
184,5
185,5
186,9
187,6
188,2
189,5
190,9
191,5
192,5
193,6
194,2
195,1
196,5
197,1
198,5
199,5
200,5
201,5
202,5
203,9
204,2
205,5
206,5
207,9
208,9
209,7
210,4
211,7
212,1
213,4
214,5
215,5
216,5
217,5
218,4
219,4
220,0
221,4
222,4
223,4
224,5
225,4
226,5
227,4
228,5
229,2
230,6
231,7
232,5
233,2
234,5
235,2
236,5
237,1
238,1
239,4
240,7
241,4
242,2
243,2
244,6
245,5
246,5
247,6
248,5
249,4
250,6
251,5
252,6
253,2
254,5
255,9
256,6
257,5
258,4
259,9
260,9
261,9
262,4
263,7
264,5
265,5
266,4
267,7
268,5
269,4
270,0
271,4
272,4
273,0
274,7
275,5
276,0
277,9
278,4
279,5
280,6
281,6
282,2
283,6
284,5
285,5
286,9
287,2
288,5
289,9
290,5
291,9
292,9
293,7
294,5
295,4
296,5
297,0
298,5
299,5
300,5
301,5
302,7
303,7
304,5
305,4
306,9
307,6
308,5
309,4
310,6
311,9
312,5
313,0
314,9
315,2
316,5
317,5
318,9
319,6
320,7
321,7
322,4
323,7
324,6
325,7
326,5
327,9
328,5
329,9
330,5
331,4
332,5
333,4
334,5
335,1
336,5
337,4
338,2
339,4
340,5
341,4
342,5
343,4
344,9
345,0
346,9
347,5
348,7
349,5
350,7
351,0
352,7
353,5
354,7
355,5
356,7
357,5
358,7
359,5
360,7
361,5
362,7
363,5
364,7
365,6
366,7
367,0
368,7
369,6
370,7
371,4
372,5
373,5
374,7
375,5
376,9
377,5
378,9
379,5
380,5
381,9
382,5
383,2
384,9
385,7
386,5
387,7
388,7
389,5
390,7
391,5
392,7
393,0
394,7
395,5
396,7
397,5
398,7
399,9
400,7
401,6
402,7
403,5
404,7
405,2
406,7
407,5
408,7
409,5
410,7
411,1
412,4
413,6
414,7
415,5
416,7
417,4
418,7
419,1
420,7
421,1
422,7
423,5
424,7
425,5
426,4
427,5
428,2
429,7
430,7
431,4
432,4
433,1
434,5
435,7
436,5
437,7
438,5
439,7
440,7
441,7
442,5
443,7
444,5
445,7
446,4
447,7
448,9
449,7
450,6
451,7
452,9
453,7
454,6
455,7
456,7
457,7
458,5
459,7
460,7
461,5
462,7
463,9
464,9
465,4
466,5
467,7
468,5
469,4
470,7
471,4
472,7
473,4
474,7
475,5
476,7
477,5
478,7
479,7
480,7
481,5
482,7
483,4
484,7
485,4
486,7
487,4
488,7
489,5
490,7
491,5
492,7
493,5
494,7
495,7
496,7
497,7
498,7
499,4
500,9
501,4
502,5
503,5
504,6
505,9
506,5
507,5
508,5
509,9
510,9
511,4
512,5
513,4
514,5
515,4
516,5
517,5
518,6
519,5
520,5
521,4
522,9
523,5
524,9
525,5
526,7
527,5
528,9
529,6
530,9
531,5
532,9
533,5
534,9
535,5
536,9
537,9
538,9
539,9
540,6
541,5
542,6
543,6
544,6
545,5
546,6
547,6
548,4
549,5
550,9
551,5
552,6
553,5
554,5
555,4
556,7
557,9
558,2
559,6
560,2
561,6
562,2
563,9
564,5
565,9
566,5
567,4
568,9
569,5
570,2
571,6
572,0
573,9
574,0
575,6
576,0
577,6
578,0
579,6
580,5
581,6
582,0
583,6
584,0
585,6
586,0
587,9
588,2
589,9
590,0
591,2
592,0
593,6
594,2
595,5
596,0
597,7
598,7
599,0
600,0
601,2
602,5
603,2
604,6
605,2
606,7
607,5
608,2
609,2
610,5
611,0
612,5
613,2
614,5
615,2
616,7
617,0
618,2
619,0
620,5
621,2
622,6
623,5
624,5
625,2
626,5
627,2
628,2
629,5
630,2
631,2
632,5
633,2
634,5
635,2
636,7
637,0
638,6
639,0
640,7
641,0
642,9
643,5
644,2
645,0
646,2
647,0
648,2
649,5
650,2
651,5
652,6
653,5
654,5
655,7
656,2
657,9
658,6
659,7
660,0
661,7
662,4
663,7
664,7
665,4
666,7
667,0
668,9
669,0
670,9
671,0
672,5
673,1
674,9
675,0
676,9
677,0
678,9
679,0
680,6
681,5
682,7
683,1
684,7
685,0
686,5
687,0
688,7
689,0
690,9
691,4
692,5
693,0
694,5
695,0
696,5
697,0
698,9
699,0
700,9
701,0
702,9
703,0
704,7
705,0
706,9
707,5
708,0
709,7
710,0
711,5
712,0
713,7
714,0
715,7
716,0
717,1
718,7
719,7
720,0
721,4
722,0
723,9
724,5
725,9
726,0
727,7
728,5
729,7
730,9
731,9
732,5
733,7
734,0
735,5
736,0
737,7
738,0
739,5
740,0
741,7
742,5
743,9
744,5
745,7
746,0
747,7
748,0
749,7
750,5
751,5
752,0
753,5
754,0
755,5
756,9
757,9
758,0
759,7
760,6
761,7
762,6
763,6
764,0
765,7
766,0
767,9
768,0
769,6
770,6
771,7
772,0
773,7
774,0
775,9
776,0
777,9
778,7
779,5
780,6
781,7
782,0
783,9
784,0
785,7
786,5
787,5
788,0
789,9
790,5
791,9
792,6
793,9
794,0
795,9
796,7
797,9
798,0
799,9
800,0
801,9
802,0
803,0
804,9
805,0
806,1
807,0
808,7
809,0
810,9
811,6
812,0
813,0
814,1
815,9
816,0
817,5
818,6
819,9
820,2
821,6
822,0
823,5
824,0
825,5
826,0
827,9
828,0
829,9
830,0
831,9
832,0
833,9
834,4
835,9
836,0
837,7
838,4
839,9
840,0
841,9
842,0
843,7
844,0
845,9
846,0
847,7
848,0
849,2
850,0
851,7
852,0
853,4
854,0
855,9
856,4
857,7
858,0
859,9
860,6
861,9
862,6
863,5
864,5
865,7
866,7
867,5
868,9
869,5
870,9
871,7
872,7
873,7
874,4
875,7
876,7
877,7
878,7
879,1
880,5
881,5
882,7
883,5
884,5
885,7
886,5
887,9
888,5
889,7
890,5
891,7
892,5
893,7
894,5
895,7
896,5
897,7
898,4
899,7
900,7
901,9
902,5
903,7
904,5
905,4
906,5
907,9
908,2
909,7
910,5
911,5
912,9
913,9
914,2
915,5
916,4
917,5
918,4
919,9
920,5
921,5
922,6
923,9
924,7
925,9
926,5
927,9
928,5
929,6
930,5
931,9
932,5
933,9
934,2
935,9
936,2
937,9
938,7
939,6
940,2
941,7
942,2
943,5
944,2
945,5
946,2
947,9
948,2
949,9
950,2
951,9
952,2
953,7
954,2
955,7
956,2
957,7
958,2
959,2
960,2
961,4
962,5
963,9
964,5
965,1
966,7
967,9
968,7
969,7
970,2
971,2
972,2
973,4
974,2
975,7
976,2
977,5
978,2
979,4
980,2
981,9
982,2
983,7
984,2
985,9
986,2
987,7
988,2
989,4
990,2
991,9
992,2
993,7
994,2
995,9
996,2
997,5
998,4
999,7
1000,2
1001,7
1002,9
1003,6
1004,5
1005,9
1006,5
1007,6
1008,9
1009,7
1010,2
1011,9
1012,5
1013,9
1014,5
1015,2
1016,5
1017,9
1018,0
1019,7
1020,0
1021,1
1022,2
1023,9
1024,0
1025,9
1026,4
1027,7
1028,0
1029,4
1030,0
1031,9
1032,0
1033,9
1034,9
1035,9
1036,2
1037,9
1038,2
1039,9
1040,2
1041,4
1042,4
1043,4
1044,4
1045,4
1046,2
1047,4
1048,5
1049,4
1050,5
1051,4
1052,4
1053,5
1054,5
1055,4
1056,4
1057,4
1058,4
1059,4
1060,2
1061,1
1062,2
1063,4
1064,0
1065,5
1066,2
1067,4
1068,4
1069,4
1070,4
1071,4
1072,5
1073,4
1074,2
1075,5
1076,5
1077,4
1078,4
1079,4
1080,0
1081,1
1082,5
1083,4
1084,9
1085,4
1086,4
1087,4
1088,2
1089,4
1090,5
1091,5
1092,4
1093,5
1094,5
1095,5
1096,4
1097,5
1098,9
1099,5
1100,7
1101,5
1102,4
1103,5
1104,6
1105,5
1106,6
1107,5
1108,5
1109,5
1110,9
1111,5
1112,6
1113,5
1114,4
1115,2
1116,4
1117,5
1118,6
1119,9
1120,4
1121,2
1122,7
1123,5
1124,4
1125,9
1126,5
1127,6
1128,5
1129,4
1130,2
1131,7
1132,5
1133,4
1134,5
1135,5
1136,6
1137,7
1138,4
1139,6
1140,0
1141,9
1142,9
1143,0
1144,5
1145,0
1146,6
1147,4
1148,6
1149,0
1150,9
1151,1
1152,7
1153,6
1154,4
1155,0
1156,9
1157,7
1158,6
1159,7
1160,4
1161,0
1162,7
1163,5
1164,6
1165,0
1166,6
1167,0
1168,7
1169,0
1170,9
1171,9
1172,6
1173,9
1174,6
1175,9
1176,6
1177,9
1178,6
1179,5
1180,5
1181,5
1182,5
1183,5
1184,9
1185,0
1186,4
1187,6
1188,9
1189,0
1190,6
1191,2
1192,6
1193,7
1194,6
1195,1
1196,5
1197,7
1198,4
1199,5
1200,7
1201,6
1202,7
1203,7
1204,1
1205,0
1206,5
1207,7
1208,6
1209,9
1210,9
1211,5
1212,9
1213,4
1214,9
1215,5
1216,9
1217,5
1218,5
1219,5
1220,9
1221,0
1222,4
1223,9
1224,5
1225,7
1226,9
1227,9
1228,5
1229,9
1230,5
1231,5
1232,5
1233,5
1234,4
1235,9
1236,0
1237,9
1238,7
1239,5
1240,2
1241,0
1242,9
1243,9
1244,9
1245,0
1246,9
1247,5
1248,9
1249,0
1250,9
1251,0
1252,5
1253,0
1254,9
1255,5
1256,9
1257,5
1258,4
1259,9
1260,4
1261,5
1262,4
1263,2
1264,9
1265,2
1266,1
1267,2
1268,6
1269,2
1270,4
1271,7
1272,9
1273,2
1274,4
1275,9
1276,2
1277,5
1278,2
1279,9
1280,2
1281,5
1282,4
1283,9
1284,2
1285,9
1286,5
1287,9
1288,2
1289,2
1290,2
1291,9
1292,2
1293,4
1294,0
1295,4
1296,0
1297,9
1298,2
1299,9
1300,2
1301,9
1302,2
1303,9
1304,2
1305,2
1306,0
1307,9
1308,4
1309,9
1310,2
1311,9
1312,2
1313,0
1314,4
1315,2
1316,5
1317,6
1318,9
1319,2
1320,9
1321,2
1322,2
1323,6
1324,5
1325,5
1326,4
1327,5
1328,0
1329,6
1330,9
1331,9
1332,9
1333,7
1334,9
1335,5
1336,9
1337,6
1338,2
1339,0
1340,6
1341,0
1342,5
1343,5
1344,5
1345,4
1346,5
1347,4
1348,5
1349,4
1350,7
1351,4
1352,4
1353,2
1354,6
1355,2
1356,5
1357,2
1358,5
1359,5
1360,5
1361,5
1362,1
1363,9
1364,2
1365,6
1366,5
1367,4
1368,5
1369,7
1370,4
1371,5
1372,2
1373,5
1374,9
1375,6
1376,5
1377,2
1378,5
1379,0
1380,5
1381,5
1382,4
1383,9
1384,5
1385,4
1386,6
1387,6
1388,4
1389,6
1390,5
1391,0
1392,9
1393,9
1394,5
1395,9
1396,5
1397,5
1398,5
1399,5
1400,0
1401,4
1402,4
1403,2
1404,6
1405,4
1406,4
1407,4
1408,4
1409,6
1410,4
1411,4
1412,4
1413,4
1414,4
1415,0
1416,4
1417,4
1418,5
1419,6
1420,1
1421,5
1422,4
1423,5
1424,1
1425,4
1426,4
1427,5
1428,5
1429,6
1430,4
1431,6
1432,4
1433,2
1434,4
1435,6
1436,5
1437,7
1438,5
1439,5
1440,4
1441,4
1442,5
1443,1
1444,9
1445,4
1446,5
1447,7
1448,6
1449,7
1450,0
1451,1
1452,7
1453,4
1454,4
1455,4
1456,2
1457,4
1458,6
1459,4
1460,6
1461,4
1462,2
1463,5
1464,5
1465,5
1466,4
1467,0
1468,5
1469,5
1470,5
1471,2
1472,9
1473,5
1474,2
1475,7
1476,5
1477,5
1478,6
1479,5
1480,7
1481,7
1482,0
1483,9
1484,2
1485,2
1486,5
1487,5
1488,2
1489,9
1490,0
1491,5
1492,2
1493,5
1494,5
1495,9
1496,2
1497,5
1498,2
1499,5
1500,5
1501,9
1502,5
1503,5
1504,6
1505,9
1506,6
1507,5
1508,5
1509,4
1510,6
1511,5
1512,1
1513,0
1514,6
1515,0
1516,5
1517,9
1518,4
1519,4
1520,4
1521,5
1522,0
1523,1
1524,5
1525,5
1526,5
1527,4
1528,5
1529,5
1530,5
1531,5
1532,5
1533,9
1534,5
1535,6
1536,7
1537,4
1538,4
1539,0
1540,5
1541,4
1542,6
1543,9
1544,4
1545,4
1546,6
1547,0
1548,4
1549,5
1550,5
1551,6
1552,0
1553,5
1554,4
1555,6
1556,6
1557,5
1558,0
1559,5
1560,1
1561,5
1562,0
1563,6
1564,0
1565,4
1566,4
1567,5
1568,9
1569,5
1570,0
1571,4
1572,4
1573,0
1574,4
1575,5
1576,4
1577,5
1578,2
1579,5
1580,4
1581,5
1582,2
1583,5
1584,4
1585,0
1586,4
1587,5
1588,6
1589,5
1590,4
1591,5
1592,9
1593,5
1594,4
1595,5
1596,5
1597,5
1598,5
1599,5
1600,4
1601,5
1602,0
1603,5
1604,0
1605,5
1606,0
1607,5
1608,5
1609,5
1610,4
1611,5
1612,6
1613,5
1614,5
1615,5
1616,0
1617,5
1618,4
1619,5
1620,5
1621,0
1622,5
1623,0
1624,0
1625,5
1626,6
1627,7
1628,5
1629,7
1630,5
1631,5
1632,7
1633,5
1634,5
1635,5
1636,8
1637,5
1638,4
1639,5
1640,0
1641,5
1642,4
1643,6
1644,4
1645,5
1646,5
1647,5
1648,4
1649,5
1650,5
1651,5
1652,5
1653,4
1654,5
1655,5
1656,0
1657,5
1658,5
1659,5
1660,1
1661,5
1662,5
1663,5
1664,5
1665,5
1666,1
1667,5
1668,0
1669,5
1670,7
1671,5
1672,1
1673,9
1674,5
1675,5
1676,5
1677,6
1678,5
1679,5
1680,5
1681,5
1682,5
1683,6
1684,5
1685,5
1686,5
1687,5
1688,5
1689,5
1690,0
1691,5
1692,5
1693,5
1694,5
1695,5
1696,0
1697,6
1698,5
1699,5
1700,5
1701,4
1702,2
1703,9
1704,2
1705,5
1706,2
1707,6
1708,2
1709,9
1710,0
1711,4
1712,5
1713,5
1714,6
1715,5
1716,2
1717,4
1718,5
1719,4
1720,5
1721,5
1722,5
1723,5
1724,2
1725,5
1726,2
1727,5
1728,2
1729,2
1730,2
1731,9
1732,2
1733,4
1734,0
1735,9
1736,2
1737,2
1738,5
1739,4
1740,5
1741,6
1742,7
1743,4
1744,5
1745,4
1746,5
1747,4
1748,5
1749,4
1750,2
1751,4
1752,6
1753,2
1754,2
1755,9
1756,2
1757,4
1758,2
1759,5
1760,2
1761,5
1762,5
1763,5
1764,2
1765,5
1766,6
1767,2
1768,0
1769,2
1770,2
1771,2
1772,6
1773,2
1774,9
1775,0
1776,7
1777,0
1778,0
1779,2
1780,2
1781,2
1782,5
1783,5
1784,9
1785,9
1786,2
1787,2
1788,9
1789,5
1790,2
1791,2
1792,6
1793,0
1794,5
1795,0
1796,2
1797,0
1798,2
1799,6
1800,2
1801,7
1802,5
1803,0
1804,4
1805,0
1806,4
1807,2
1808,5
1809,2
1810,2
1811,7
1812,9
1813,7
1814,9
1815,7
1816,5
1817,4
1818,5
1819,7
1820,9
1821,2
1822,2
1823,4
1824,6
1825,5
1826,4
1827,0
1828,2
1829,5
1830,0
1831,5
1832,7
1833,4
1834,6
1835,1
1836,7
1837,6
1838,6
1839,6
1840,0
1841,6
1842,2
1843,6
1844,7
1845,1
1846,2
1847,6
1848,0
1849,5
1850,5
1851,5
1852,6
1853,5
1854,5
1855,4
1856,6
1857,4
1858,4
1859,7
1860,6
1861,7
1862,4
1863,7
1864,6
1865,7
1866,6
1867,7
1868,4
1869,7
1870,1
1871,5
1872,1
1873,7
1874,4
1875,7
1876,4
1877,7
1878,4
1879,6
1880,4
1881,6
1882,4
1883,7
1884,4
1885,7
1886,6
1887,0
1888,4
1889,0
1890,4
1891,0
1892,6
1893,7
1894,6
1895,4
1896,6
1897,4
1898,2
1899,4
1900,2
1901,6
1902,7
1903,4
1904,0
1905,4
1906,2
1907,4
1908,2
1909,4
1910,2
1911,5
1912,7
1913,4
1914,6
1915,1
1916,6
1917,1
1918,0
1919,1
1920,2
1921,4
1922,0
1923,4
1924,6
1925,4
1926,0
1927,4
1928,0
1929,4
1930,6
1931,4
1932,6
1933,6
1934,5
1935,2
1936,5
1937,2
1938,6
1939,2
1940,6
1941,2
1942,5
1943,5
1944,6
1945,6
1946,4
1947,7
1948,5
1949,6
1950,5
1951,2
1952,4
1953,2
1954,4
1955,2
1956,4
1957,2
1958,4
1959,2
1960,4
1961,0
1962,4
1963,2
1964,4
1965,2
1966,1
1967,6
1968,5
1969,2
1970,4
1971,6
1972,5
1973,4
1974,2
1975,4
1976,2
1977,4
1978,5
1979,5
1980,2
1981,4
1982,2
1983,4
1984,2
1985,9
1986,6
1987,9
1988,4
1989,2
1990,5
1991,2
1992,6
1993,2
1994,4
1995,0
1996,6
1997,0
1998,6
1999,2
2000,5
2001,2
2002,5
2003,2
2004,7
2005,2
2006,4
2007,2
2008,6
2009,2
2010,5
2011,2
2012,7
2013,2
2014,6
2015,2
2016,5
2017,2
2018,6
2019,2
2020,2
2021,5
2022,6
2023,6
2024,2
2025,7
2026,2
2027,5
2028,2
2029,7
2030,2
2031,5
2032,2
2033,5
2034,5
2035,5
2036,2
2037,5
2038,2
2039,5
2040,2
2041,6
2042,2
2043,6
2044,2
2045,5
2046,2
2047,6
2048,2
2049,4
2050,2
2051,7
2052,2
2053,5
2054,2
2055,4
2056,2
2057,0
2058,6
2059,2
2060,4
2061,2
2062,5
2063,2
2064,4
2065,2
2066,5
2067,2
2068,4
2069,2
2070,4
2071,0
2072,4
2073,0
2074,4
2075,0
2076,4
2077,2
2078,4
2079,2
2080,4
2081,2
2082,4
2083,2
2084,4
2085,2
2086,4
2087,2
2088,1
2089,2
2090,1
2091,2
2092,4
2093,2
2094,4
2095,2
2096,4
2097,9
2098,6
2099,2
2100,4
2101,2
2102,4
2103,2
2104,4
2105,2
2106,6
2107,2
2108,4
2109,2
2110,7
2111,2
2112,5
2113,2
2114,5
2115,2
2116,4
2117,4
2118,4
2119,2
2120,4
2121,2
2122,4
2123,2
2124,4
2125,2
2126,4
2127,2
2128,5
2129,2
2130,5
2131,5
2132,5
2133,4
2134,7
2135,6
2136,5
2137,5
2138,5
2139,2
2140,2
2141,2
2142,4
2143,5
2144,2
2145,4
2146,7
2147,4
2148,2
2149,4
2150,5
2151,4
2152,2
2153,5
2154,2
2155,6
2156,2
2157,4
2158,2
2159,4
2160,2
2161,4
2162,4
2163,4
2164,5
2165,5
2166,4
2167,5
2168,5
2169,5
2170,5
2171,5
2172,9
2173,4
2174,5
2175,4
2176,4
2177,4
2178,5
2179,5
2180,5
2181,0
2182,5
2183,5
2184,5
2185,5
2186,5
2187,5
2188,5
2189,5
2190,5
2191,5
2192,5
2193,5
2194,5
2195,5
2196,5
2197,5
2198,5
2199,5
2200,5
2201,5
2202,5
2203,5
2204,5
2205,5
2206,5
2207,5
2208,5
2209,5
2210,1
2211,5
2212,5
2213,7
2214,5
2215,1
2216,5
2217,1
2218,7
2219,5
2220,1
2221,5
2222,7
2223,1
2224,5
2225,5
2226,5
2227,5
2228,5
2229,5
2230,4
2231,5
2232,5
2233,5
2234,5
2235,0
2236,0
2237,2
2238,2
2239,7
2240,7
2241,5
2242,4
2243,5
2244,5
2245,5
2246,5
2247,2
2248,5
2249,2
2250,5
2251,9
2252,6
2253,4
2254,4
2255,1
2256,5
2257,5
2258,0
2259,0
2260,0
2261,2
2262,2
2263,4
2264,5
2265,2
2266,0
2267,5
2268,5
2269,9
2270,5
2271,4
2272,4
2273,5
2274,5
2275,5
2276,5
2277,5
2278,5
2279,4
2280,4
2281,4
2282,4
2283,4
2284,4
2285,4
2286,6
2287,6
2288,5
2289,4
2290,5
2291,4
2292,4
2293,5
2294,5
2295,6
2296,5
2297,5
2298,5
2299,5
2300,5
2301,5
2302,4
2303,5
2304,5
2305,6
2306,0
2307,0
2308,9
2309,6
2310,0
2311,9
2312,0
2313,9
2314,2
2315,5
2316,2
2317,2
2318,5
2319,2
2320,2
2321,0
2322,5
2323,9
2324,9
2325,6
2326,9
2327,2
2328,0
2329,4
2330,0
2331,0
2332,0
2333,2
2334,2
2335,5
2336,5
2337,2
2338,5
2339,9
2340,5
2341,9
2342,6
2343,4
2344,4
2345,9
2346,0
2347,6
2348,6
2349,9
2350,7
2351,6
2352,2
2353,9
2354,5
2355,9
2356,1
2357,7
2358,2
2359,6
2360,4
2361,9
2362,0
2363,6
2364,6
2365,5
2366,6
2367,2
2368,9
2369,2
2370,6
2371,9
2372,0
2373,5
2374,5
2375,6
2376,6
2377,6
2378,6
2379,6
2380,6
2381,6
2382,6
2383,6
2384,0
2385,6
2386,7
2387,2
2388,6
2389,6
2390,2
2391,7
2392,6
2393,9
2394,2
2395,6
2396,6
2397,9
2398,6
2399,4
2400,1
2401,4
2402,6
2403,2
2404,6
2405,6
2406,6
2407,6
2408,2
2409,6
2410,0
2411,7
2412,6
2413,4
2414,6
2415,9
2416,9
2417,2
2418,9
2419,5
2420,7
2421,9
2422,1
2423,9
2424,9
2425,2
2426,9
2427,9
2428,9
2429,2
2430,2
2431,9
2432,9
2433,2
2434,9
2435,2
2436,6
2437,1
2438,2
2439,1
2440,2
2441,2
2442,2
2443,2
2444,7
2445,9
2446,2
2447,2
2448,9
2449,2
2450,6
2451,2
2452,6
2453,6
2454,0
2455,4
2456,9
2457,5
2458,2
2459,2
2460,9
2461,4
2462,2
2463,4
2464,0
2465,6
2466,2
2467,7
2468,9
2469,0
2470,2
2471,1
2472,7
2473,9
2474,9
2475,9
2476,9
2477,9
2478,6
2479,9
2480,4
2481,9
2482,2
2483,9
2484,0
2485,7
2486,1
2487,9
2488,5
2489,0
2490,0
2491,6
2492,0
2493,6
2494,1
2495,6
2496,4
2497,0
2498,6
2499,0
2500,1
2501,2
2502,9
2503,9
2504,1
2505,7
2506,9
2507,9
2508,9
2509,0
2510,2
2511,9
2512,9
2513,6
2514,4
2515,4
2516,4
2517,6
2518,4
2519,4
2520,4
2521,6
2522,6
2523,9
2524,0
2525,2
2526,4
2527,2
2528,4
2529,4
2530,6
2531,4
2532,9
2533,6
2534,1
2535,4
2536,4
2537,9
2538,6
2539,6
2540,7
2541,1
2542,4
2543,4
2544,4
2545,4
2546,4
2547,5
2548,2
2549,4
2550,2
2551,2
2552,2
2553,4
2554,7
2555,6
2556,4
2557,0
2558,9
2559,4
2560,2
2561,4
2562,1
2563,9
2564,4
2565,7
2566,7
2567,2
2568,9
2569,9
2570,9
2571,2
2572,9
2573,9
2574,9
2575,4
2576,9
2577,1
2578,9
2579,6
2580,6
2581,9
2582,9
2583,9
2584,6
2585,7
2586,7
2587,9
2588,7
2589,4
2590,7
2591,2
2592,5
2593,2
2594,9
2595,7
2596,4
2597,9
2598,2
2599,9
2600,9
2601,9
2602,9
2603,9
2604,7
2605,4
2606,9
2607,9
2608,2
2609,9
2610,0
2611,6
2612,6
2613,2
2614,9
2615,1
2616,2
2617,6
2618,7
2619,2
2620,4
2621,2
2622,2
2623,9
2624,1
2625,6
2626,7
2627,1
2628,1
2629,6
2630,9
2631,9
2632,9
2633,1
2634,7
2635,6
2636,9
2637,5
2638,9
2639,7
2640,9
2641,9
2642,9
2643,9
2644,7
2645,7
2646,9
2647,9
2648,2
2649,9
2650,2
2651,7
2652,9
2653,9
2654,2
2655,1
2656,6
2657,6
2658,6
2659,6
2660,2
2661,6
2662,7
2663,7
2664,9
2665,6
2666,0
2667,7
2668,9
2669,9
2670,6
2671,9
2672,9
2673,2
2674,2
2675,6
2676,7
2677,9
2678,2
2679,7
2680,9
2681,9
2682,2
2683,2
2684,2
2685,2
2686,2
2687,7
2688,2
2689,9
2690,1
2691,2
2692,9
2693,0
2694,9
2695,7
2696,4
2697,7
2698,9
2699,5
2700,6
2701,7
2702,6
2703,9
2704,9
2705,9
2706,7
2707,9
2708,6
2709,1
2710,1
2711,5
2712,4
2713,4
2714,7
2715,7
2716,2
2717,9
2718,0
2719,6
2720,4
2721,2
2722,2
2723,5
2724,7
2725,6
2726,7
2727,1
2728,0
2729,7
2730,7
2731,6
2732,2
2733,9
2734,7
2735,6
2736,1
2737,1
2738,2
2739,6
2740,7
2741,9
2742,7
2743,7
2744,7
2745,7
2746,1
2747,6
2748,9
2749,2
2750,9
2751,2
2752,1
2753,9
2754,9
2755,9
2756,2
2757,7
2758,2
2759,2
2760,7
2761,9
2762,2
2763,6
2764,4
2765,9
2766,6
2767,9
2768,9
2769,9
2770,9
2771,0
2772,7
2773,7
2774,5
2775,2
2776,2
2777,7
2778,7
2779,7
2780,7
2781,1
2782,7
2783,7
2784,9
2785,7
2786,6
2787,6
2788,7
2789,8
2790,7
2791,7
2792,6
2793,2
2794,7
2795,9
2796,7
2797,7
2798,2
2799,7
2800,7
2801,7
2802,4
2803,7
2804,5
2805,7
2806,6
2807,7
2808,6
2809,2
2810,2
2811,4
2812,9
2813,6
2814,2
2815,0
2816,9
2817,2
2818,2
2819,2
2820,4
2821,1
2822,6
2823,5
2824,0
2825,1
2826,7
2827,9
2828,6
2829,4
2830,7
2831,2
2832,1
2833,6
2834,4
2835,2
2836,7
2837,1
2838,6
2839,7
2840,2
2841,7
2842,2
2843,7
2844,7
2845,7
2846,2
2847,2
2848,7
2849,2
2850,7
2851,7
2852,7
2853,6
2854,2
2855,2
2856,7
2857,9
2858,2
2859,7
2860,0
2861,6
2862,0
2863,6
2864,2
2865,9
2866,0
2867,7
2868,2
2869,7
2870,7
2871,6
2872,9
2873,7
2874,2
2875,7
2876,2
2877,1
2878,4
2879,2
2880,6
2881,2
2882,5
2883,7
2884,2
2885,9
2886,9
2887,7
2888,7
2889,2
2890,7
2891,1
2892,7
2893,6
2894,9
2895,2
2896,7
2897,2
2898,9
2899,7
2900,2
2901,7
2902,2
2903,2
2904,2
2905,0
2906,7
2907,7
2908,9
2909,7
2910,7
2911,0
2912,9
2913,7
2914,9
2915,0
2916,2
2917,7
2918,6
2919,9
2920,9
2921,2
2922,2
2923,6
2924,6
2925,9
2926,6
2927,7
2928,0
2929,9
2930,2
2931,6
2932,7
2933,2
2934,4
2935,5
2936,5
2937,0
2938,9
2939,7
2940,7
2941,9
2942,9
2943,1
2944,7
2945,2
2946,2
2947,9
2948,0
2949,6
2950,2
2951,7
2952,9
2953,9
2954,2
2955,2
2956,0
2957,7
2958,6
2959,7
2960,9
2961,0
2962,7
2963,9
2964,9
2965,9
2966,7
2967,9
2968,7
2969,2
2970,6
2971,9
2972,9
2973,1
2974,9
2975,6
2976,6
2977,7
2978,7
2979,6
2980,6
2981,7
2982,5
2983,9
2984,2
2985,5
2986,9
2987,6
2988,6
2989,7
2990,2
2991,7
2992,6
2993,9
2994,6
2995,6
2996,2
2997,9
2998,6
2999,6
3000,2
3001,2
3002,9
3003,5
3004,7
3005,0
3006,4
3007,9
3008,7
3009,9
3010,6
3011,9
3012,7
3013,2
3014,2
3015,6
3016,2
3017,7
3018,1
3019,9
3020,7
3021,1
3022,7
3023,0
3024,9
3025,7
3026,1
3027,2
3028,0
3029,4
3030,1
3031,6
3032,6
3033,9
3034,9
3035,6
3036,6
3037,4
3038,2
3039,7
3040,9
3041,6
3042,2
3043,5
3044,0
3045,7
3046,0
3047,9
3048,1
3049,9
3050,9
3051,5
3052,9
3053,2
3054,2
3055,1
3056,0
3057,7
3058,6
3059,9
3060,5
3061,7
3062,7
3063,1
3064,9
3065,7
3066,6
3067,7
3068,9
3069,6
3070,7
3071,9
3072,6
3073,2
3074,9
3075,6
3076,7
3077,7
3078,7
3079,0
3080,1
3081,1
3082,1
3083,4
3084,2
3085,9
3086,4
3087,6
3088,4
3089,7
3090,7
3091,7
3092,9
3093,7
3094,2
3095,2
3096,7
3097,4
3098,6
3099,7
3100,7
3101,6
3102,1
3103,7
3104,9
3105,7
3106,0
3107,7
3108,7
3109,7
3110,0
3111,7
3112,7
3113,9
3114,9
3115,2
3116,7
3117,6
3118,6
3119,9
3120,7
3121,7
3122,1
3123,7
3124,9
3125,7
3126,2
3127,0
3128,2
3129,9
3130,1
3131,9
3132,2
3133,6
3134,2
3135,9
3136,2
3137,9
3138,4
3139,7
3140,9
3141,6
3142,2
3143,7
3144,6
3145,6
3146,6
3147,9
3148,9
3149,7
3150,1
3151,9
3152,9
3153,9
3154,6
3155,6
3156,4
3157,6
3158,1
3159,2
3160,9
3161,2
3162,2
3163,7
3164,7
3165,9
3166,1
3167,9
3168,2
3169,1
3170,2
3171,7
3172,7
3173,2
3174,7
3175,4
3176,6
3177,9
3178,7
3179,7
3180,6
3181,9
3182,7
3183,5
3184,5
3185,1
3186,9
3187,7
3188,7
3189,7
3190,9
3191,1
3192,7
3193,7
3194,2
3195,9
3196,7
3197,7
3198,4
3199,7
3200,2
3201,7
3202,0
3203,7
3204,7
3205,6
3206,2
3207,7
3208,7
3209,4
3210,7
3211,7
3212,9
3213,9
3214,7
3215,7
3216,4
3217,7
3218,1
3219,2
3220,7
3221,4
3222,0
3223,0
3224,0
3225,0
3226,0
3227,0
3228,0
3229,0
3230,0
3231,0
3232,2
3233,0
3234,2
3235,2
3236,2
3237,2
3238,2
3239,2
3240,2
3241,2
3242,2
3243,2
3244,2
3245,0
3246,0
3247,0
3248,0
3249,0
3250,0
3251,0
3252,0
3253,0
3254,0
3255,0
3256,0
3257,0
3258,0
3259,0
3260,0
3261,0
3262,0
3263,0
3264,0
3265,0
3266,0
3267,0
3268,0
3269,0
3270,0
3271,0
3272,0
3273,1
3274,1
3275,0
3276,0
3277,1
3278,1
3279,1
3280,0
3281,0
3282,0
3283,5
3284,6
3285,6
3286,1
3287,6
3288,2
3289,2
3290,6
3291,2
3292,1
3293,2
3294,0
3295,0
3296,0
3297,0
3298,1
3299,0
3300,4
3301,2
3302,2
3303,2
3304,2
3305,2
3306,2
3307,2
3308,2
3309,2
3310,2
3311,5
3312,2
3313,2
3314,2
3315,2
3316,2
3317,2
3318,0
3319,2
3320,2
3321,2
3322,2
3323,2
3324,9
3325,2
3326,0
3327,2
3328,2
3329,9
3330,2
3331,2
3332,2
3333,5
3334,2
3335,2
3336,6
3337,6
3338,2
3339,2
3340,6
3341,0
3342,2
3343,2
3344,0
3345,0
3346,0
3347,2
3348,0
3349,6
3350,0
3351,0
3352,9
3353,0
3354,0
3355,0
3356,0
3357,2
3358,2
3359,0
3360,0
3361,6
3362,0
3363,0
3364,0
3365,4
3366,0
3367,0
3368,2
3369,0
3370,0
3371,2
3372,2
3373,4
3374,0
3375,2
3376,0
3377,0
3378,0
3379,0
3380,0
3381,0
3382,0
3383,0
3384,0
3385,0
3386,0
3387,0
3388,0
3389,0
3390,0
3391,2
3392,2
3393,2
3394,2
3395,2
3396,2
3397,2
3398,2
3399,2
3400,2
3401,6
3402,2
3403,2
3404,2
3405,2
3406,2
3407,2
3408,2
3409,2
3410,1
3411,4
3412,1
3413,4
3414,4
3415,4
3416,4
3417,4
3418,4
3419,4
3420,6
3421,6
3422,4
3423,1
3424,6
3425,4
3426,1
3427,4
3428,4
3429,2
3430,2
3431,2
3432,2
3433,6
3434,2
3435,2
3436,2
3437,2
3438,2
3439,2
3440,2
3441,2
3442,2
3443,1
3444,2
3445,0
3446,2
3447,6
3448,2
3449,2
3450,2
3451,2
3452,2
3453,2
3454,2
3455,2
3456,2
3457,4
3458,4
3459,4
3460,1
3461,4
3462,1
3463,4
3464,4
3465,1
3466,9
3467,1
3468,4
3469,4
3470,4
3471,4
3472,1
3473,4
3474,1
3475,1
3476,0
3477,0
3478,0
3479,1
3480,1
3481,0
3482,1
3483,1
3484,0
3485,0
3486,0
3487,0
3488,9
3489,0
3490,0
3491,7
3492,0
3493,0
3494,0
3495,0
3496,2
3497,6
3498,0
3499,0
3500,0
3501,0
3502,0
3503,0
3504,0
3505,0
3506,0
3507,0
3508,0
3509,0
3510,0
3511,0
3512,2
3513,0
3514,0
3515,0
3516,0
3517,0
3518,0
3519,6
3520,7
3521,2
3522,6
3523,2
3524,6
3525,4
3526,6
3527,4
3528,1
3529,2
3530,0
3531,6
3532,6
3533,0
3534,6
3535,5
3536,2
3537,4
3538,1
3539,9
3540,0
3541,2
3542,2
3543,4
3544,4
3545,9
3546,0
3547,2
3548,2
3549,9
3550,4
3551,5
3552,4
3553,1
3554,6
3555,6
3556,9
3557,1
3558,2
3559,6
3560,2
3561,0
3562,4
3563,0
3564,2
3565,5
3566,0
3567,6
3568,2
3569,2
3570,6
3571,1
3572,4
3573,4
3574,0
3575,0
3576,0
3577,0
3578,0
3579,2
3580,0
3581,0
3582,0
3583,0
3584,0
3585,2
3586,1
3587,0
3588,2
3589,2
3590,2
3591,2
3592,2
3593,6
3594,2
3595,6
3596,1
3597,2
3598,1
3599,2
3600,7
3601,7
3602,6
3603,7
3604,4
3605,7
3606,7
3607,1
3608,7
3609,1
3610,7
3611,2
3612,0
3613,6
3614,6
3615,6
3616,6
3617,6
3618,6
3619,6
3620,6
3621,6
3622,6
3623,2
3624,6
3625,6
3626,6
3627,2
3628,6
3629,6
3630,9
3631,0
3632,2
3633,0
3634,2
3635,0
3636,0
3637,0
3638,1
3639,9
3640,0
3641,0
3642,0
3643,0
3644,0
3645,0
3646,5
3647,2
3648,0
3649,2
3650,0
3651,5
3652,5
3653,0
3654,1
3655,0
3656,0
3657,2
3658,0
3659,0
3660,2
3661,0
3662,0
3663,0
3664,1
3665,0
3666,2
3667,0
3668,0
3669,0
3670,6
3671,6
3672,0
3673,4
3674,2
3675,1
3676,6
3677,4
3678,0
3679,6
3680,1
3681,4
3682,2
3683,0
3684,4
3685,4
3686,7
3687,6
3688,1
3689,0
3690,4
3691,6
3692,4
3693,4
3694,6
3695,6
3696,0
3697,6
3698,6
3699,1
3700,6
3701,6
3702,0
3703,6
3704,6
3705,2
3706,1
3707,6
3708,4
3709,6
3710,7
3711,4
3712,1
3713,1
3714,2
3715,9
3716,4
3717,6
3718,4
3719,6
3720,6
3721,6
3722,6
3723,6
3724,2
3725,4
3726,0
3727,0
3728,6
3729,6
3730,6
3731,4
3732,0
3733,0
3734,4
3735,9
3736,4
3737,6
3738,6
3739,0
3740,9
3741,6
3742,4
3743,4
3744,6
3745,6
3746,2
3747,2
3748,2
3749,6
3750,2
3751,0
3752,2
3753,2
3754,2
3755,2
3756,0
3757,2
3758,2
3759,1
3760,2
3761,2
3762,2
3763,2
3764,2
3765,0
3766,2
3767,2
3768,6
3769,0
3770,0
3771,0
3772,0
3773,0
3774,6
3775,0
3776,0
3777,6
3778,0
3779,0
3780,2
3781,6
3782,0
3783,0
3784,4
3785,0
3786,2
3787,2
3788,2
3789,2
3790,0
3791,0
3792,0
3793,6
3794,0
3795,0
3796,0
3797,0
3798,6
3799,0
3800,2
3801,0
3802,7
3803,0
3804,0
3805,2
3806,6
3807,2
3808,0
3809,0
3810,4
3811,1
3812,0
3813,7
3814,0
3815,4
3816,2
3817,1
3818,0
3819,1
3820,3
3821,8
3822,8
3823,5
3824,8
3825,8
3826,1
3827,8
3828,8
3829,8
3830,3
3831,8
3832,8
3833,1
3834,8
3835,3
3836,8
3837,3
3838,3
3839,8
3840,3
3841,3
3842,3
3843,3
3844,3
3845,3
3846,3
3847,3
3848,8
3849,5
3850,5
3851,5
3852,5
3853,3
3854,3
3855,3
3856,3
3857,8
3858,3
3859,3
3860,3
3861,3
3862,3
3863,3
3864,3
3865,3
3866,3
3867,5
3868,3
3869,3
3870,8
3871,5
3872,5
3873,5
3874,5
3875,3
3876,5
3877,3
3878,5
3879,5
3880,6
3881,5
3882,3
3883,8
3884,8
3885,3
3886,8
3887,8
3888,8
3889,5
3890,5
3891,8
3892,5
3893,4
3894,5
3895,5
3896,1
3897,5
3898,8
3899,5
3900,3
3901,5
3902,5
3903,5
3904,5
3905,8
3906,5
3907,5
3908,5
3909,5
3910,5
3911,8
3912,3
3913,8
3914,3
3915,8
3916,8
3917,8
3918,8
3919,8
3920,3
3921,3
3922,3
3923,8
3924,3
3925,3
3926,8
3927,5
3928,8
3929,8
3930,3
3931,3
3932,5
3933,8
3934,5
3935,8
3936,1
3937,8
3938,5
3939,1
3940,5
3941,8
3942,3
3943,3
3944,8
3945,5
3946,1
3947,5
3948,5
3949,3
3950,1
3951,8
3952,3
3953,3
3954,5
3955,3
3956,5
3957,8
3958,8
3959,5
3960,8
3961,8
3962,8
3963,4
3964,8
3965,7
3966,3
3967,5
3968,3
3969,8
3970,5
3971,8
3972,3
3973,3
3974,3
3975,1
3976,8
3977,8
3978,3
3979,1
3980,3
3981,8
3982,1
3983,3
3984,3
3985,5
3986,5
3987,5
3988,1
3989,8
3990,8
3991,5
3992,3
3993,8
3994,8
3995,8
3996,5
3997,8
3998,5
3999,1
4000,5
4001,1
4002,5
4003,8
4004,8
4005,5
4006,1
4007,5
4008,0
4009,0
4010,0
4011,7
4012,3
4013,5
4014,5
4015,5
4016,5
4017,8
4018,5
4019,5
4020,8
4021,8
4022,5
4023,8
4024,1
4025,8
4026,5
4027,7
4028,5
4029,5
4030,5
4031,5
4032,5
4033,8
4034,1
4035,3
4036,8
4037,3
4038,8
4039,3
4040,8
4041,5
4042,7
4043,3
4044,3
4045,3
4046,3
4047,8
4048,3
4049,5
4050,3
4051,8
4052,5
4053,8
4054,5
4055,8
4056,5
4057,8
4058,5
4059,8
4060,5
4061,3
4062,8
4063,8
4064,1
4065,8
4066,3
4067,8
4068,3
4069,5
4070,8
4071,3
4072,8
4073,8
4074,3
4075,8
4076,8
4077,8
4078,3
4079,1
4080,5
4081,5
4082,1
4083,8
4084,5
4085,3
4086,8
4087,8
4088,5
4089,5
4090,5
4091,5
4092,5
4093,8
4094,5
4095,5
4096,5
4097,5
4098,5
4099,1
4100,3
4101,5
4102,5
4103,5
4104,5
4105,8
4106,5
4107,5
4108,5
4109,8
4110,3
4111,8
4112,5
4113,8
4114,8
4115,5
4116,5
4117,5
4118,5
4119,5
4120,5
4121,3
4122,5
4123,8
4124,5
4125,5
4126,5
4127,5
4128,3
4129,8
4130,5
4131,3
4132,8
4133,3
4134,8
4135,8
4136,1
4137,8
4138,1
4139,8
4140,5
4141,3
4142,5
4143,3
4144,5
4145,3
4146,3
4147,8
4148,5
4149,5
4150,5
4151,8
4152,8
4153,8
4154,5
4155,0
4156,5
4157,1
4158,8
4159,8
4160,9
4161,5
4162,5
4163,5
4164,8
4165,5
4166,3
4167,3
4168,5
4169,8
4170,3
4171,8
4172,5
4173,8
4174,5
4175,5
4176,5
4177,8
4178,3
4179,5
4180,8
4181,5
4182,3
4183,3
4184,5
4185,5
4186,5
4187,8
4188,1
4189,8
4190,5
4191,1
4192,8
4193,8
4194,5
4195,8
4196,8
4197,8
4198,8
4199,5
4200,5
4201,5
4202,8
4203,8
4204,1
4205,8
4206,8
4207,5
4208,8
4209,8
4210,3
4211,3
4212,5
4213,5
4214,3
4215,5
4216,3
4217,5
4218,5
4219,8
4220,5
4221,5
4222,3
4223,1
4224,8
4225,8
4226,5
4227,1
4228,5
4229,8
4230,5
4231,8
4232,8
4233,5
4234,5
4235,5
4236,3
4237,8
4238,5
4239,8
4240,3
4241,8
4242,5
4243,8
4244,8
4245,8
4246,8
4247,8
4248,8
4249,3
4250,8
4251,5
4252,5
4253,5
4254,5
4255,3
4256,5
4257,5
4258,5
4259,3
4260,8
4261,3
4262,5
4263,1
4264,5
4265,8
4266,8
4267,8
4268,3
4269,5
4270,5
4271,8
4272,5
4273,5
4274,3
4275,5
4276,8
4277,3
4278,3
4279,3
4280,5
4281,3
4282,1
4283,8
4284,5
4285,3
4286,7
4287,8
4288,8
4289,8
4290,8
4291,3
4292,8
4293,1
4294,1
4295,8
4296,8
4297,8
4298,3
4299,5
4300,3
4301,5
4302,8
4303,3
4304,3
4305,3
4306,3
4307,8
4308,3
4309,8
4310,3
4311,8
4312,5
4313,5
4314,5
4315,3
4316,7
4317,5
4318,8
4319,3
4320,5
4321,3
4322,3
4323,3
4324,8
4325,5
4326,5
4327,3
4328,3
4329,8
4330,8
4331,8
4332,3
4333,3
4334,8
4335,8
4336,3
4337,2
4338,0
4339,3
4340,8
4341,5
4342,3
4343,8
4344,8
4345,8
4346,3
4347,8
4348,5
4349,8
4350,8
4351,3
4352,5
4353,3
4354,3
4355,8
4356,8
4357,3
4358,3
4359,1
4360,3
4361,5
4362,5
4363,5
4364,5
4365,8
4366,5
4367,5
4368,3
4369,5
4370,8
4371,5
4372,1
4373,5
4374,3
4375,5
4376,8
4377,3
4378,5
4379,3
4380,8
4381,8
4382,8
4383,5
4384,8
4385,3
4386,3
4387,8
4388,3
4389,3
4390,3
4391,5
4392,1
4393,5
4394,1
4395,5
4396,3
4397,5
4398,5
4399,3
4400,5
4401,5
4402,3
4403,3
4404,8
4405,1
4406,8
4407,1
4408,5
4409,3
4410,3
4411,5
4412,8
4413,3
4414,1
4415,3
4416,8
4417,3
4418,5
4419,8
4420,1
4421,3
4422,8
4423,8
4424,8
4425,8
4426,3
4427,8
4428,5
4429,3
4430,8
4431,8
4432,8
4433,8
4434,8
4435,1
4436,3
4437,8
4438,6
4439,3
4440,5
4441,3
4442,5
4443,7
4444,5
4445,8
4446,3
4447,2
4448,5
4449,3
4450,3
4451,5
4452,5
4453,5
4454,5
4455,5
4456,5
4457,5
4458,5
4459,5
4460,5
4461,5
4462,5
4463,5
4464,5
4465,2
4466,5
4467,3
4468,5
4469,3
4470,8
4471,5
4472,8
4473,3
4474,3
4475,8
4476,8
4477,5
4478,5
4479,8
4480,5
4481,8
4482,3
4483,5
4484,8
4485,5
4486,3
4487,5
4488,5
4489,5
4490,5
4491,5
4492,8
4493,5
4494,8
4495,3
4496,8
4497,3
4498,5
4499,8
4500,5
4501,3
4502,8
4503,8
4504,8
4505,8
4506,3
4507,1
4508,8
4509,8
4510,3
4511,1
4512,3
4513,8
4514,3
4515,3
4516,3
4517,5
4518,3
4519,3
4520,8
4521,5
4522,5
4523,5
4524,5
4525,8
4526,8
4527,8
4528,5
4529,8
4530,5
4531,5
4532,3
4533,8
4534,5
4535,1
4536,8
4537,3
4538,8
4539,8
4540,8
4541,5
4542,5
4543,5
4544,5
4545,1
4546,5
4547,1
4548,8
4549,8
4550,1
4551,5
4552,8
4553,8
4554,5
4555,5
4556,5
4557,8
4558,5
4559,8
4560,8
4561,8
4562,5
4563,5
4564,5
4565,5
4566,5
4567,8
4568,5
4569,5
4570,3
4571,3
4572,5
4573,8
4574,5
4575,5
4576,5
4577,3
4578,8
4579,1
4580,8
4581,8
4582,8
4583,8
4584,8
4585,8
4586,3
4587,8
4588,8
4589,8
4590,8
4591,8
4592,8
4593,3
4594,3
4595,3
4596,8
4597,8
4598,3
4599,8
4600,3
4601,1
4602,5
4603,8
4604,3
4605,5
4606,5
4607,3
4608,8
4609,6
4610,3
4611,3
4612,5
4613,3
4614,3
4615,3
4616,8
4617,8
4618,1
4619,5
4620,8
4621,8
4622,8
4623,8
4624,8
4625,8
4626,3
4627,8
4628,3
4629,8
4630,3
4631,3
4632,5
4633,3
4634,5
4635,1
4636,1
4637,8
4638,8
4639,3
4640,3
4641,8
4642,8
4643,8
4644,3
4645,3
4646,8
4647,3
4648,1
4649,5
4650,2
4651,3
4652,3
4653,8
4654,8
4655,8
4656,5
4657,5
4658,8
4659,5
4660,5
4661,5
4662,3
4663,3
4664,3
4665,5
4666,5
4667,8
4668,5
4669,3
4670,5
4671,3
4672,5
4673,3
4674,3
4675,3
4676,5
4677,5
4678,3
4679,5
4680,3
4681,5
4682,3
4683,3
4684,8
4685,5
4686,3
4687,5
4688,5
4689,5
4690,3
4691,8
4692,8
4693,3
4694,8
4695,8
4696,8
4697,8
4698,8
4699,3
4700,8
4701,2
4702,8
4703,8
4704,8
4705,1
4706,1
4707,3
4708,3
4709,8
4710,3
4711,1
4712,3
4713,3
4714,8
4715,3
4716,3
4717,3
4718,3
4719,8
4720,5
4721,5
4722,1
4723,8
4724,8
4725,3
4726,8
4727,3
4728,8
4729,3
4730,8
4731,3
4732,5
4733,5
4734,5
4735,8
4736,3
4737,3
4738,8
4739,3
4740,8
4741,5
4742,1
4743,5
4744,3
4745,5
4746,1
4747,8
4748,5
4749,3
4750,5
4751,8
4752,5
4753,8
4754,5
4755,3
4756,3
4757,5
4758,3
4759,5
4760,5
4761,5
4762,4
4763,5
4764,5
4765,7
4766,3
4767,3
4768,5
4769,3
4770,3
4771,3
4772,1
4773,8
4774,3
4775,5
4776,3
4777,8
4778,3
4779,7
4780,3
4781,8
4782,1
4783,5
4784,1
4785,5
4786,1
4787,5
4788,5
4789,5
4790,5
4791,5
4792,5
4793,8
4794,5
4795,5
4796,8
4797,5
4798,3
4799,8
4800,8
4801,8
4802,5
4803,5
4804,0
4805,5
4806,5
4807,8
4808,5
4809,8
4810,5
4811,5
4812,5
4813,5
4814,5
4815,5
4816,5
4817,5
4818,5
4819,5
4820,5
4821,5
4822,5
4823,5
4824,5
4825,8
4826,8
4827,5
4828,8
4829,3
4830,5
4831,8
4832,8
4833,5
4834,5
4835,0
4836,0
4837,5
4838,3
4839,3
4840,3
4841,8
4842,3
4843,5
4844,5
4845,8
4846,8
4847,5
4848,5
4849,5
4850,5
4851,5
4852,3
4853,5
4854,8
4855,5
4856,3
4857,5
4858,3
4859,3
4860,1
4861,8
4862,5
4863,5
4864,5
4865,3
4866,5
4867,3
4868,3
4869,5
4870,8
4871,5
4872,3
4873,5
4874,5
4875,3
4876,3
4877,3
4878,3
4879,5
4880,3
4881,5
4882,5
4883,5
4884,2
4885,5
4886,5
4887,3
4888,5
4889,5
4890,3
4891,1
4892,5
4893,8
4894,5
4895,5
4896,5
4897,5
4898,1
4899,3
4900,8
4901,5
4902,5
4903,5
4904,5
4905,1
4906,5
4907,5
4908,5
4909,5
4910,8
4911,3
4912,5
4913,5
4914,8
4915,5
4916,5
4917,3
4918,3
4919,5
4920,8
4921,5
4922,8
4923,5
4924,5
4925,5
4926,5
4927,5
4928,5
4929,1
4930,5
4931,5
4932,5
4933,5
4934,8
4935,5
4936,5
4937,5
4938,5
4939,5
4940,5
4941,3
4942,6
4943,5
4944,5
4945,1
4946,5
4947,5
4948,1
4949,1
4950,3
4951,8
4952,8
4953,8
4954,3
4955,1
4956,1
4957,3
4958,3
4959,8
4960,3
4961,5
4962,3
4963,5
4964,3
4965,9
4966,5
4967,5
4968,5
4969,5
4970,5
4971,2
4972,5
4973,1
4974,5
4975,5
4976,3
4977,5
4978,1
4979,5
4980,5
4981,7
4982,3
4983,8
4984,3
4985,3
4986,8
4987,8
4988,8
4989,3
4990,8
4991,3
4992,8
4993,5
4994,3
4995,3
4996,3
4997,8
4998,8
4999,3
5000,3
5001,5
5002,3
5003,3
5004,3
5005,8
5006,3
5007,8
5008,3
5009,3
5010,8
5011,3
5012,5
5013,1
5014,3
5015,3
5016,8
5017,3
5018,8
5019,5
5020,8
5021,5
5022,3
5023,3
5024,3
5025,3
5026,3
5027,2
5028,3
5029,8
5030,3
5031,8
5032,3
5033,5
5034,5
5035,3
5036,8
5037,8
5038,8
5039,8
5040,8
5041,1
5042,9
5043,8
5044,5
5045,8
5046,8
5047,5
5048,5
5049,3
5050,5
5051,5
5052,3
5053,5
5054,5
5055,8
5056,3
5057,5
5058,8
5059,5
5060,5
5061,5
5062,1
5063,3
5064,1
5065,5
5066,5
5067,3
5068,5
5069,5
5070,3
5071,3
5072,1
5073,5
5074,5
5075,1
5076,5
5077,8
5078,5
5079,5
5080,5
5081,3
5082,1
5083,5
5084,5
5085,5
5086,3
5087,1
5088,6
5089,1
5090,5
5091,5
5092,5
5093,5
5094,5
5095,5
5096,5
5097,5
5098,0
5099,5
5100,5
5101,1
5102,3
5103,9
5104,1
5105,1
5106,8
5107,8
5108,5
5109,5
5110,5
5111,5
5112,5
5113,5
5114,3
5115,5
5116,3
5117,5
5118,5
5119,1
5120,8
5121,5
5122,1
5123,5
5124,5
5125,5
5126,3
5127,5
5128,8
5129,5
5130,1
5131,5
5132,1
5133,1
5134,5
5135,7
5136,5
5137,4
5138,0
5139,1
5140,7
5141,1
5142,5
5143,3
5144,1
5145,5
5146,5
5147,8
5148,5
5149,5
5150,5
5151,8
5152,5
5153,8
5154,5
5155,5
5156,3
5157,3
5158,5
5159,5
5160,5
5161,5
5162,5
5163,3
5164,5
5165,9
5166,5
5167,5
5168,5
5169,5
5170,5
5171,5
5172,5
5173,5
5174,3
5175,5
5176,3
5177,3
5178,5
5179,7
5180,5
5181,1
5182,6
5183,5
5184,5
5185,5
5186,5
5187,5
5188,5
5189,9
5190,5
5191,5
5192,3
5193,1
5194,5
5195,5
5196,1
5197,1
5198,5
5199,0
5200,1
5201,5
5202,5
5203,3
5204,5
5205,5
5206,5
5207,5
5208,5
5209,5
5210,5
5211,5
5212,5
5213,5
5214,5
5215,5
5216,5
5217,1
5218,1
5219,5
5220,7
5221,9
5222,5
5223,4
5224,4
5225,5
5226,1
5227,5
5228,5
5229,4
5230,5
5231,3
5232,5
5233,7
5234,5
5235,5
5236,1
5237,1
5238,5
5239,5
5240,5
5241,2
5242,6
5243,1
5244,1
5245,0
5246,1
5247,0
5248,5
5249,1
5250,5
5251,6
5252,6
5253,6
5254,9
5255,0
5256,7
5257,2
5258,9
5259,0
5260,7
5261,2
5262,9
5263,9
5264,6
5265,6
5266,7
5267,7
5268,2
5269,5
5270,0
5271,6
5272,0
5273,1
5274,1
5275,6
5276,6
5277,6
5278,1
5279,5
5280,7
5281,4
5282,9
5283,9
5284,0
5285,2
5286,6
5287,4
5288,7
5289,6
5290,1
5291,4
5292,7
5293,1
5294,2
5295,6
5296,2
5297,1
5298,2
5299,2
5300,7
5301,1
5302,1
5303,6
5304,6
5305,6
5306,0
5307,6
5308,6
5309,6
5310,1
5311,7
5312,9
5313,0
5314,1
5315,4
5316,2
5317,4
5318,6
5319,1
5320,7
5321,4
5322,1
5323,0
5324,4
5325,9
5326,2
5327,6
5328,2
5329,2
5330,2
5331,0
5332,1
5333,6
5334,1
5335,9
5336,6
5337,1
5338,1
5339,6
5340,2
5341,6
5342,9
5343,4
5344,7
5345,9
5346,0
5347,1
5348,6
5349,9
5350,5
5351,2
5352,1
5353,1
5354,4
5355,1
5356,4
5357,6
5358,0
5359,4
5360,1
5361,6
5362,6
5363,6
5364,6
5365,6
5366,9
5367,6
5368,9
5369,6
5370,9
5371,1
5372,6
5373,7
5374,9
5375,6
5376,9
5377,9
5378,7
5379,7
5380,6
5381,6
5382,9
5383,6
5384,6
5385,4
5386,4
5387,1
5388,1
5389,9
5390,7
5391,6
5392,4
5393,7
5394,9
5395,6
5396,9
5397,1
5398,5
5399,4
5400,6
5401,4
5402,6
5403,1
5404,1
5405,1
5406,7
5407,6
5408,7
5409,5
5410,6
5411,2
5412,6
5413,9
5414,0
5415,9
5416,9
5417,7
5418,6
5419,6
5420,9
5421,5
5422,6
5423,6
5424,7
5425,6
5426,9
5427,6
5428,4
5429,6
5430,6
5431,9
5432,6
5433,9
5434,6
5435,6
5436,9
5437,9
5438,7
5439,9
5440,6
5441,7
5442,6
5443,1
5444,2
5445,5
5446,1
5447,9
5448,6
5449,2
5450,6
5451,0
5452,4
5453,4
5454,1
5455,6
5456,4
5457,6
5458,0
5459,7
5460,6
5461,1
5462,0
5463,6
5464,9
5465,2
5466,6
5467,7
5468,9
5469,6
5470,0
5471,7
5472,1
5473,6
5474,2
5475,1
5476,4
5477,4
5478,6
5479,9
5480,2
5481,2
5482,6
5483,7
5484,7
5485,2
5486,1
5487,9
5488,6
5489,6
5490,7
5491,6
5492,1
5493,1
5494,6
5495,1
5496,2
5497,6
5498,6
5499,4
5500,1
5501,1
5502,1
5503,4
5504,6
5505,0
5506,6
5507,0
5508,6
5509,6
5510,6
5511,1
5512,1
5513,0
5514,6
5515,6
5516,4
5517,6
5518,7
5519,2
5520,6
5521,4
5522,0
5523,1
5524,9
5525,1
5526,1
5527,1
5528,6
5529,7
5530,6
5531,7
5532,6
5533,2
5534,7
5535,2
5536,9
5537,7
5538,6
5539,2
5540,0
5541,6
5542,6
5543,9
5544,9
5545,9
5546,6
5547,4
5548,4
5549,6
5550,6
5551,2
5552,9
5553,7
5554,6
5555,4
5556,9
5557,1
5558,9
5559,4
5560,6
5561,1
5562,7
5563,6
5564,1
5565,4
5566,9
5567,6
5568,6
5569,9
5570,7
5571,6
5572,6
5573,6
5574,0
5575,7
5576,6
5577,5
5578,6
5579,4
5580,9
5581,9
5582,4
5583,9
5584,1
5585,2
5586,1
5587,1
5588,4
5589,6
5590,4
5591,6
5592,1
5593,9
5594,0
5595,4
5596,2
5597,4
5598,7
5599,1
5600,0
5601,4
5602,4
5603,6
5604,1
5605,6
5606,7
5607,6
5608,6
5609,4
5610,9
5611,2
5612,2
5613,7
5614,6
5615,0
5616,0
5617,0
5618,6
5619,6
5620,1
5621,0
5622,7
5623,1
5624,1
5625,6
5626,9
5627,1
5628,2
5629,0
5630,2
5631,0
5632,9
5633,6
5634,2
5635,7
5636,0
5637,7
5638,6
5639,7
5640,2
5641,9
5642,9
5643,2
5644,6
5645,1
5646,7
5647,7
5648,0
5649,9
5650,7
5651,6
5652,1
5653,0
5654,0
5655,1
5656,6
5657,7
5658,0
5659,0
5660,1
5661,6
5662,6
5663,6
5664,4
5665,1
5666,6
5667,7
5668,2
5669,0
5670,6
5671,6
5672,9
5673,6
5674,7
5675,4
5676,7
5677,1
5678,6
5679,7
5680,1
5681,4
5682,9
5683,6
5684,6
5685,7
5686,7
5687,7
5688,1
5689,1
5690,4
5691,6
5692,1
5693,6
5694,1
5695,6
5696,4
5697,4
5698,4
5699,9
5700,6
5701,4
5702,6
5703,1
5704,6
5705,4
5706,4
5707,4
5708,4
5709,6
5710,7
5711,6
5712,0
5713,1
5714,6
5715,6
5716,6
5717,6
5718,0
5719,0
5720,1
5721,4
5722,6
5723,1
5724,5
5725,1
5726,7
5727,9
5728,5
5729,1
5730,1
5731,7
5732,1
5733,4
5734,0
5735,1
5736,6
5737,1
5738,1
5739,9
5740,9
5741,5
5742,4
5743,1
5744,6
5745,6
5746,4
5747,1
5748,0
5749,6
5750,1
5751,6
5752,6
5753,1
5754,4
5755,1
5756,6
5757,1
5758,1
5759,2
5760,6
5761,7
5762,7
5763,6
5764,1
5765,2
5766,4
5767,2
5768,7
5769,0
5770,0
5771,0
5772,7
5773,1
5774,0
5775,6
5776,5
5777,0
5778,1
5779,7
5780,4
5781,2
5782,6
5783,2
5784,1
5785,6
5786,6
5787,2
5788,9
5789,0
5790,7
5791,1
5792,7
5793,2
5794,1
5795,5
5796,6
5797,5
5798,1
5799,6
5800,0
5801,6
5802,6
5803,6
5804,1
5805,5
5806,6
5807,2
5808,2
5809,6
5810,9
5811,6
5812,2
5813,2
5814,6
5815,6
5816,6
5817,7
5818,2
5819,1
5820,0
5821,6
5822,0
5823,2
5824,6
5825,6
5826,2
5827,9
5828,9
5829,9
5830,9
5831,4
5832,7
5833,1
5834,0
5835,1
5836,1
5837,1
5838,6
5839,2
5840,7
5841,0
5842,1
5843,1
5844,2
5845,9
5846,6
5847,6
5848,6
5849,6
5850,4
5851,2
5852,0
5853,4
5854,7
5855,6
5856,0
5857,7
5858,7
5859,5
5860,2
5861,9
5862,7
5863,5
5864,5
5865,0
5866,2
5867,2
5868,9
5869,9
5870,9
5871,9
5872,7
5873,9
5874,6
5875,6
5876,9
5877,9
5878,2
5879,1
5880,6
5881,6
5882,7
5883,1
5884,0
5885,9
5886,9
5887,9
5888,9
5889,0
5890,5
5891,9
5892,9
5893,7
5894,2
5895,9
5896,9
5897,6
5898,7
5899,9
5900,1
5901,7
5902,7
5903,7
5904,7
5905,7
5906,7
5907,7
5908,9
5909,2
5910,6
5911,9
5912,9
5913,9
5914,9
5915,0
5916,7
5917,7
5918,9
5919,9
5920,4
5921,4
5922,4
5923,9
5924,6
5925,6
5926,1
5927,9
5928,1
5929,1
5930,1
5931,1
5932,1
5933,9
5934,7
5935,0
5936,9
5937,4
5938,7
5939,7
5940,2
5941,7
5942,1
5943,9
5944,1
5945,1
5946,4
5947,6
5948,6
5949,6
5950,9
5951,9
5952,2
5953,6
5954,6
5955,6
5956,2
5957,2
5958,2
5959,9
5960,4
5961,4
5962,4
5963,4
5964,4
5965,9
5966,0
5967,5
5968,5
5969,5
5970,5
5971,5
5972,9
5973,2
5974,1
5975,6
5976,6
5977,1
5978,2
5979,7
5980,6
5981,9
5982,6
5983,6
5984,6
5985,6
5986,6
5987,1
5988,1
5989,6
5990,1
5991,7
5992,1
5993,6
5994,9
5995,7
5996,6
5997,7
5998,9
5999,9
6000,9
6001,6
6002,4
6003,2
6004,6
6005,5
6006,9
6007,6
6008,4
6009,4
6010,7
6011,7
6012,4
6013,7
6014,5
6015,7
6016,6
6017,4
6018,4
6019,4
6020,4
6021,7
6022,9
6023,6
6024,2
6025,9
6026,4
6027,6
6028,4
6029,6
6030,4
6031,4
6032,6
6033,7
6034,4
6035,0
6036,0
6037,9
6038,0
6039,4
6040,4
6041,7
6042,9
6043,0
6044,7
6045,9
6046,9
6047,6
6048,1
6049,4
6050,2
6051,9
6052,9
6053,4
6054,4
6055,7
6056,9
6057,0
6058,7
6059,9
6060,9
6061,1
6062,0
6063,2
6064,4
6065,4
6066,9
6067,6
6068,7
6069,1
6070,2
6071,7
6072,7
6073,7
6074,7
6075,1
6076,1
6077,1
6078,6
6079,2
6080,9
6081,0
6082,0
6083,0
6084,0
6085,0
6086,2
6087,2
6088,1
6089,2
6090,6
6091,6
6092,6
6093,2
6094,6
6095,7
6096,2
6097,2
6098,9
6099,9
6100,6
6101,4
6102,4
6103,4
6104,6
6105,1
6106,1
6107,9
6108,2
6109,2
6110,7
6111,5
6112,1
6113,1
6114,2
6115,2
6116,2
6117,1
6118,6
6119,6
6120,4
6121,7
6122,0
6123,9
6124,4
6125,7
6126,4
6127,9
6128,7
6129,0
6130,6
6131,4
6132,7
6133,9
6134,7
6135,0
6136,0
6137,9
6138,7
6139,9
6140,9
6141,7
6142,2
6143,1
6144,7
6145,9
6146,6
6147,2
6148,2
6149,7
6150,6
6151,6
6152,6
6153,6
6154,0
6155,2
6156,6
6157,0
6158,0
6159,0
6160,0
6161,0
6162,6
6163,6
6164,9
6165,1
6166,9
6167,6
6168,6
6169,9
6170,2
6171,9
6172,6
6173,9
6174,9
6175,1
6176,4
6177,1
6178,0
6179,4
6180,9
6181,9
6182,9
6183,1
6184,1
6185,1
6186,1
6187,9
6188,9
6189,9
6190,2
6191,2
6192,0
6193,4
6194,2
6195,2
6196,2
6197,9
6198,2
6199,2
6200,2
6201,2
6202,7
6203,0
6204,7
6205,9
6206,2
6207,2
6208,9
6209,9
6210,9
6211,2
6212,6
6213,7
6214,9
6215,1
6216,2
6217,1
6218,1
6219,9
6220,6
6221,2
6222,4
6223,6
6224,1
6225,4
6226,1
6227,9
6228,4
6229,4
6230,1
6231,1
6232,1
6233,9
6234,6
6235,1
6236,6
6237,6
6238,9
6239,7
6240,4
6241,1
6242,6
6243,6
6244,6
6245,0
6246,0
6247,6
6248,6
6249,0
6250,0
6251,2
6252,2
6253,4
6254,1
6255,0
6256,9
6257,0
6258,2
6259,7
6260,7
6261,9
6262,9
6263,6
6264,0
6265,4
6266,4
6267,2
6268,2
6269,0
6270,2
6271,1
6272,4
6273,6
6274,1
6275,1
6276,6
6277,6
6278,0
6279,1
6280,9
6281,4
6282,1
6283,1
6284,1
6285,6
6286,2
6287,4
6288,2
6289,9
6290,6
6291,6
6292,2
6293,2
6294,2
6295,0
6296,2
6297,9
6298,2
6299,0
6300,0
6301,7
6302,4
6303,1
6304,1
6305,1
6306,6
6307,4
6308,9
6309,2
6310,9
6311,9
6312,9
6313,6
6314,6
6315,9
6316,6
6317,1
6318,4
6319,1
6320,4
6321,1
6322,1
6323,9
6324,7
6325,7
6326,6
6327,7
6328,0
6329,7
6330,7
6331,7
6332,4
6333,6
6334,2
6335,0
6336,0
6337,9
6338,9
6339,2
6340,1
6341,1
6342,6
6343,1
6344,1
6345,9
6346,4
6347,4
6348,1
6349,1
6350,5
6351,4
6352,1
6353,1
6354,0
6355,4
6356,6
6357,5
6358,9
6359,7
6360,2
6361,6
6362,7
6363,6
6364,0
6365,9
6366,6
6367,9
6368,2
6369,4
6370,6
6371,2
6372,2
6373,7
6374,2
6375,1
6376,7
6377,9
6378,6
6379,4
6380,6
6381,6
6382,1
6383,6
6384,9
6385,0
6386,1
6387,2
6388,2
6389,7
6390,7
6391,9
6392,6
6393,9
6394,9
6395,9
6396,4
6397,0
6398,4
6399,7
6400,9
6401,0
6402,7
6403,2
6404,2
6405,4
6406,1
6407,2
6408,0
6409,9
6410,5
6411,1
6412,6
6413,2
6414,1
6415,2
6416,2
6417,7
6418,6
6419,4
6420,6
6421,2
6422,2
6423,2
6424,2
6425,1
6426,2
6427,1
6428,2
6429,2
6430,1
6431,2
6432,1
6433,2
6434,7
6435,0
6436,2
6437,2
6438,0
6439,9
6440,6
6441,6
6442,6
6443,6
6444,4
6445,6
6446,6
6447,2
6448,6
6449,0
6450,2
6451,1
6452,0
6453,9
6454,9
6455,9
6456,9
6457,5
6458,5
6459,4
6460,4
6461,5
6462,5
6463,1
6464,4
6465,5
6466,5
6467,2
6468,2
6469,6
6470,1
6471,1
6472,5
6473,2
6474,5
6475,1
6476,5
6477,2
6478,2
6479,4
6480,5
6481,5
6482,4
6483,0
6484,2
6485,2
6486,2
6487,2
6488,2
6489,1
6490,1
6491,1
6492,1
6493,1
6494,2
6495,1
6496,9
6497,9
6498,9
6499,6
6500,6
6501,1
6502,7
6503,2
6504,7
6505,9
6506,9
6507,7
6508,7
6509,9
6510,9
6511,9
6512,2
6513,9
6514,5
6515,0
6516,2
6517,1
6518,2
6519,9
6520,9
6521,0
6522,9
6523,2
6524,2
6525,7
6526,4
6527,9
6528,2
6529,0
6530,9
6531,2
6532,9
6533,5
6534,7
6535,7
6536,9
6537,7
6538,9
6539,6
6540,0
6541,2
6542,7
6543,7
6544,7
6545,9
6546,0
6547,2
6548,4
6549,6
6550,1
6551,2
6552,0
6553,2
6554,4
6555,2
6556,2
6557,2
6558,1
6559,2
6560,2
6561,1
6562,1
6563,9
6564,2
6565,4
6566,7
6567,9
6568,9
6569,1
6570,6
6571,9
6572,9
6573,7
6574,2
6575,2
6576,2
6577,2
6578,2
6579,1
6580,1
6581,6
6582,2
6583,2
6584,2
6585,2
6586,5
6587,5
6588,7
6589,2
6590,9
6591,2
6592,2
6593,1
6594,1
6595,7
6596,0
6597,2
6598,2
6599,7
6600,2
6601,2
6602,2
6603,6
6604,2
6605,1
6606,1
6607,2
6608,5
6609,9
6610,2
6611,2
6612,1
6613,1
6614,1
6615,4
6616,7
6617,0
6618,7
6619,1
6620,4
6621,4
6622,2
6623,5
6624,2
6625,2
6626,1
6627,6
6628,7
6629,1
6630,5
6631,1
6632,7
6633,7
6634,2
6635,5
6636,2
6637,1
6638,2
6639,1
6640,0
6641,6
6642,2
6643,4
6644,2
6645,5
6646,2
6647,2
6648,2
6649,2
6650,2
6651,2
6652,4
6653,2
6654,4
6655,5
6656,5
6657,6
6658,5
6659,5
6660,5
6661,5
6662,5
6663,5
6664,5
6665,5
6666,6
6667,2
6668,5
6669,6
6670,2
6671,5
6672,2
6673,2
6674,9
6675,2
6676,7
6677,2
6678,4
6679,5
6680,7
6681,7
6682,7
6683,7
6684,5
6685,5
6686,5
6687,5
6688,5
6689,9
6690,5
6691,5
6692,1
6693,2
6694,2
6695,2
6696,6
6697,6
6698,2
6699,7
6700,0
6701,6
6702,6
6703,0
6704,2
6705,1
6706,7
6707,7
6708,4
6709,1
6710,1
6711,4
6712,2
6713,0
6714,1
6715,1
6716,1
6717,2
6718,2
6719,7
6720,2
6721,2
6722,2
6723,7
6724,4
6725,4
6726,0
6727,6
6728,2
6729,1
6730,1
6731,4
6732,4
6733,6
6734,5
6735,0
6736,1
6737,1
6738,2
6739,2
6740,0
6741,2
6742,2
6743,2
6744,4
6745,0
6746,2
6747,2
6748,1
6749,2
6750,5
6751,6
6752,6
6753,6
6754,4
6755,4
6756,5
6757,0
6758,2
6759,2
6760,1
6761,1
6762,4
6763,2
6764,6
6765,0
6766,1
6767,2
6768,0
6769,4
6770,1
6771,9
6772,2
6773,9
6774,2
6775,6
6776,6
6777,1
6778,6
6779,5
6780,5
6781,5
6782,5
6783,5
6784,5
6785,4
6786,5
6787,5
6788,1
6789,1
6790,5
6791,2
6792,7
6793,6
6794,6
6795,2
6796,2
6797,1
6798,2
6799,6
6800,2
6801,1
6802,4
6803,0
6804,0
6805,2
6806,2
6807,5
6808,1
6809,5
6810,2
6811,2
6812,2
6813,2
6814,2
6815,1
6816,0
6817,2
6818,6
6819,1
6820,9
6821,4
6822,4
6823,5
6824,1
6825,1
6826,1
6827,6
6828,1
6829,2
6830,4
6831,2
6832,2
6833,2
6834,2
6835,5
6836,2
6837,4
6838,4
6839,7
6840,4
6841,2
6842,0
6843,2
6844,2
6845,2
6846,0
6847,1
6848,2
6849,5
6850,5
6851,5
6852,4
6853,4
6854,2
6855,6
6856,0
6857,2
6858,2
6859,4
6860,2
6861,2
6862,6
6863,6
6864,7
6865,2
6866,2
6867,6
6868,9
6869,7
6870,2
6871,9
6872,6
6873,6
6874,6
6875,6
6876,7
6877,2
6878,2
6879,2
6880,0
6881,1
6882,5
6883,2
6884,6
6885,7
6886,7
6887,1
6888,2
6889,2
6890,7
6891,7
6892,6
6893,0
6894,2
6895,2
6896,5
6897,2
6898,0
6899,5
6900,1
6901,2
6902,4
6903,2
6904,6
6905,6
6906,6
6907,2
6908,0
6909,9
6910,9
6911,1
6912,0
6913,2
6914,0
6915,6
6916,0
6917,2
6918,7
6919,4
6920,4
6921,9
6922,9
6923,2
6924,9
6925,6
6926,6
6927,2
6928,6
6929,2
6930,2
6931,6
6932,7
6933,0
6934,0
6935,1
6936,1
6937,4
6938,7
6939,2
6940,1
6941,6
6942,5
6943,7
6944,6
6945,5
6946,9
6947,9
6948,6
6949,5
6950,1
6951,1
6952,2
6953,1
6954,1
6955,6
6956,6
6957,0
6958,2
6959,6
6960,9
6961,6
6962,2
6963,1
6964,4
6965,2
6966,7
6967,7
6968,0
6969,2
6970,2
6971,2
6972,9
6973,9
6974,4
6975,4
6976,1
6977,1
6978,1
6979,1
6980,1
6981,2
6982,2
6983,2
6984,2
6985,2
6986,2
6987,6
6988,2
6989,2
6990,2
6991,2
6992,2
6993,2
6994,2
6995,2
6996,2
6997,2
6998,2
6999,2
7000,2
7001,1
7002,2
7003,1
7004,6
7005,9
7006,0
7007,2
7008,0
7009,7
7010,0
7011,2
7012,2
7013,6
7014,0
7015,6
7016,2
7017,2
7018,9
7019,0
7020,9
7021,9
7022,9
7023,0
7024,4
7025,0
7026,0
7027,0
7028,0
7029,7
7030,4
7031,1
7032,6
7033,2
7034,2
7035,2
7036,9
7037,5
7038,6
7039,1
7040,7
7041,0
7042,6
7043,9
7044,2
7045,1
7046,2
7047,5
7048,1
7049,2
7050,5
7051,2
7052,4
7053,9
7054,6
7055,5
7056,1
7057,7
7058,7
7059,9
7060,9
7061,1
7062,6
7063,0
7064,0
7065,0
7066,0
7067,2
7068,7
7069,2
7070,1
7071,2
7072,1
7073,9
7074,5
7075,5
7076,1
7077,7
7078,7
7079,0
7080,1
7081,6
7082,2
7083,2
7084,0
7085,9
7086,2
7087,0
7088,2
7089,2
7090,2
7091,0
7092,4
7093,4
7094,2
7095,0
7096,0
7097,2
7098,2
7099,2
7100,2
7101,2
7102,2
7103,2
7104,2
7105,9
7106,2
7107,9
7108,2
7109,6
7110,6
7111,9
7112,9
7113,6
7114,4
7115,1
7116,1
7117,1
7118,6
7119,6
7120,7
7121,2
7122,2
7123,2
7124,4
7125,4
7126,6
7127,4
7128,9
7129,1
7130,1
7131,1
7132,1
7133,6
7134,0
7135,6
7136,1
7137,4
7138,6
7139,6
7140,7
7141,9
7142,0
7143,0
7144,9
7145,0
7146,2
7147,2
7148,7
7149,2
7150,2
7151,6
7152,6
7153,1
7154,6
7155,1
7156,6
7157,6
7158,5
7159,5
7160,5
7161,9
7162,7
7163,5
7164,5
7165,4
7166,2
7167,2
7168,2
7169,1
7170,1
7171,1
7172,9
7173,2
7174,1
7175,1
7176,9
7177,4
7178,1
7179,9
7180,4
7181,7
7182,4
7183,7
7184,7
7185,9
7186,6
7187,6
7188,6
7189,2
7190,0
7191,2
7192,0
7193,0
7194,0
7195,6
7196,2
7197,6
7198,7
7199,7
7200,7
7201,7
7202,7
7203,7
7204,9
7205,7
7206,7
7207,6
7208,4
7209,1
7210,6
7211,4
7212,9
7213,5
7214,7
7215,9
7216,9
7217,1
7218,9
7219,7
7220,1
7221,7
7222,4
7223,7
7224,1
7225,1
7226,6
7227,6
7228,9
7229,9
7230,7
7231,9
7232,7
7233,7
7234,9
7235,6
7236,6
7237,6
7238,9
7239,6
7240,4
7241,6
7242,6
7243,6
7244,9
7245,9
7246,6
7247,6
7248,1
7249,6
7250,9
7251,9
7252,2
7253,5
7254,6
7255,6
7256,6
7257,6
7258,6
7259,7
7260,9
7261,6
7262,4
7263,9
7264,6
7265,0
7266,9
7267,7
7268,7
7269,9
7270,9
7271,0
7272,9
7273,6
7274,9
7275,9
7276,6
7277,6
7278,1
7279,2
7280,6
7281,6
7282,9
7283,4
7284,6
7285,6
7286,2
7287,1
7288,9
7289,9
7290,1
7291,0
7292,0
7293,9
7294,9
7295,9
7296,1
7297,9
7298,6
7299,9
7300,9
7301,9
7302,9
7303,9
7304,7
7305,9
7306,1
7307,2
7308,0
7309,6
7310,0
7311,9
7312,0
7313,6
7314,6
7315,9
7316,9
7317,9
7318,0
7319,1
7320,1
7321,1
7322,1
7323,6
7324,9
7325,2
7326,9
7327,0
7328,9
7329,9
7330,6
7331,9
7332,1
7333,7
7334,9
7335,9
7336,9
7337,9
7338,0
7339,0
7340,4
7341,1
7342,7
7343,7
7344,7
7345,7
7346,1
7347,1
7348,1
7349,6
7350,7
7351,6
7352,1
7353,6
7354,2
7355,2
7356,9
7357,7
7358,9
7359,9
7360,5
7361,0
7362,0
7363,9
7364,6
7365,6
7366,6
7367,6
7368,6
7369,9
7370,9
7371,4
7372,1
7373,4
7374,4
7375,9
7376,4
7377,4
7378,1
7379,6
7380,5
7381,1
7382,2
7383,6
7384,9
7385,9
7386,7
7387,6
7388,9
7389,9
7390,6
7391,6
7392,9
7393,0
7394,9
7395,1
7396,6
7397,6
7398,5
7399,1
7400,1
7401,1
7402,6
7403,6
7404,6
7405,6
7406,9
7407,1
7408,6
7409,9
7410,1
7411,4
7412,1
7413,4
7414,4
7415,4
7416,9
7417,9
7418,6
7419,6
7420,6
7421,9
7422,9
7423,9
7424,9
7425,9
7426,6
7427,6
7428,6
7429,9
7430,6
7431,6
7432,6
7433,6
7434,6
7435,9
7436,7
7437,7
7438,0
7439,0
7440,6
7441,6
7442,2
7443,2
7444,0
7445,2
7446,2
7447,6
7448,4
7449,4
7450,6
7451,6
7452,5
7453,1
7454,5
7455,7
7456,1
7457,6
7458,2
7459,0
7460,2
7461,6
7462,6
7463,2
7464,2
7465,0
7466,0
7467,9
7468,2
7469,2
7470,7
7471,7
7472,6
7473,6
7474,6
7475,7
7476,0
7477,9
7478,2
7479,2
7480,2
7481,6
7482,2
7483,4
7484,4
7485,4
7486,7
7487,4
7488,2
7489,2
7490,2
7491,0
7492,9
7493,9
7494,9
7495,1
7496,6
7497,9
7498,2
7499,9
7500,9
7501,9
7502,9
7503,9
7504,1
7505,7
7506,0
7507,0
7508,1
7509,7
7510,7
7511,1
7512,4
7513,4
7514,9
7515,2
7516,0
7517,9
7518,1
7519,6
7520,9
7521,2
7522,2
7523,2
7524,7
7525,2
7526,2
7527,6
7528,4
7529,6
7530,4
7531,0
7532,0
7533,0
7534,1
7535,1
7536,2
7537,0
7538,2
7539,0
7540,7
7541,9
7542,6
7543,6
7544,9
7545,6
7546,1
7547,6
7548,7
7549,4
7550,9
7551,7
7552,7
7553,9
7554,2
7555,2
7556,0
7557,2
7558,1
7559,2
7560,0
7561,0
7562,6
7563,6
7564,7
7565,2
7566,9
7567,9
7568,9
7569,2
7570,2
7571,0
7572,0
7573,1
7574,0
7575,0
7576,0
7577,0
7578,7
7579,9
7580,2
7581,7
7582,7
7583,7
7584,2
7585,2
7586,2
7587,6
7588,2
7589,2
7590,2
7591,2
7592,5
7593,2
7594,2
7595,9
7596,6
7597,2
7598,2
7599,9
7600,9
7601,7
7602,7
7603,2
7604,0
7605,0
7606,0
7607,2
7608,2
7609,0
7610,0
7611,4
7612,7
7613,2
7614,9
7615,1
7616,4
7617,1
7618,6
7619,4
7620,6
7621,5
7622,6
7623,2
7624,2
7625,9
7626,1
7627,4
7628,4
7629,0
7630,5
7631,5
7632,6
7633,6
7634,6
7635,6
7636,6
7637,7
7638,2
7639,2
7640,1
7641,1
7642,1
7643,9
7644,2
7645,5
7646,2
7647,0
7648,9
7649,1
7650,7
7651,2
7652,2
7653,2
7654,6
7655,6
7656,6
7657,6
7658,1
7659,5
7660,1
7661,6
7662,2
7663,2
7664,0
7665,1
7666,5
7667,6
7668,2
7669,1
7670,7
7671,2
7672,1
7673,6
7674,1
7675,5
7676,7
7677,2
7678,2
7679,7
7680,1
7681,9
7682,9
7683,2
7684,9
7685,2
7686,0
7687,9
7688,1
7689,2
7690,7
7691,6
7692,6
7693,9
7694,4
7695,5
7696,1
7697,7
7698,6
7699,6
7700,9
7701,4
7702,4
7703,7
7704,9
7705,9
7706,9
7707,5
7708,1
7709,4
7710,5
7711,4
7712,6
7713,9
7714,6
7715,2
7716,6
7717,9
7718,6
7719,6
7720,1
7721,9
7722,1
7723,6
7724,1
7725,9
7726,7
7727,0
7728,7
7729,2
7730,9
7731,9
7732,1
7733,4
7734,1
7735,9
7736,9
7737,9
7738,9
7739,9
7740,9
7741,7
7742,9
7743,7
7744,1
7745,9
7746,9
7747,4
7748,9
7749,1
7750,1
7751,9
7752,1
7753,9
7754,7
7755,2
7756,9
7757,9
7758,1
7759,9
7760,1
7761,4
7762,1
7763,0
7764,7
7765,1
7766,2
7767,2
7768,9
7769,4
7770,6
7771,4
7772,9
7773,9
7774,4
7775,4
7776,4
7777,4
7778,9
7779,6
7780,6
7781,2
7782,1
7783,9
7784,2
7785,9
7786,6
7787,6
7788,2
7789,9
7790,5
7791,0
7792,7
7793,7
7794,7
7795,9
7796,4
7797,7
7798,2
7799,6
7800,1
7801,9
7802,9
7803,1
7804,0
7805,9
7806,9
7807,0
7808,9
7809,9
7810,9
7811,9
7812,9
7813,9
7814,0
7815,2
7816,6
7817,4
7818,6
7819,9
7820,6
7821,7
7822,6
7823,9
7824,9
7825,0
7826,9
7827,9
7828,1
7829,6
7830,6
7831,4
7832,4
7833,6
7834,9
7835,0
7836,2
7837,6
7838,6
7839,2
7840,9
7841,4
7842,5
7843,1
7844,9
7845,9
7846,9
7847,5
7848,7
7849,1
7850,7
7851,1
7852,6
7853,9
7854,9
7855,2
7856,9
7857,6
7858,6
7859,6
7860,9
7861,9
7862,9
7863,9
7864,9
7865,9
7866,9
7867,7
7868,7
7869,4
7870,4
7871,4
7872,4
7873,4
7874,4
7875,9
7876,6
7877,6
7878,6
7879,9
7880,0
7881,4
7882,4
7883,7
7884,2
7885,9
7886,2
7887,6
7888,2
7889,6
7890,2
7891,2
7892,1
7893,9
7894,9
7895,4
7896,1
7897,7
7898,2
7899,2
7900,7
7901,7
7902,7
7903,7
7904,7
7905,6
7906,7
7907,7
7908,7
7909,7
7910,5
7911,7
7912,9
7913,2
7914,2
7915,6
7916,5
7917,5
7918,2
7919,0
7920,1
7921,6
7922,2
7923,2
7924,5
7925,7
7926,2
7927,6
7928,6
7929,2
7930,7
7931,0
7932,2
7933,2
7934,2
7935,4
7936,4
7937,4
7938,2
7939,1
7940,9
7941,1
7942,9
7943,4
7944,6
7945,6
7946,6
7947,1
7948,4
7949,2
7950,2
7951,1
7952,4
7953,9
7954,7
7955,5
7956,1
7957,1
7958,9
7959,9
7960,6
7961,9
7962,9
7963,9
7964,9
7965,9
7966,1
7967,9
7968,1
7969,9
7970,9
7971,9
7972,9
7973,4
7974,9
7975,4
7976,9
7977,1
7978,9
7979,1
7980,1
7981,2
7982,1
7983,1
7984,9
7985,4
7986,9
7987,6
7988,2
7989,6
7990,6
7991,6
7992,9
7993,9
7994,9
7995,6
7996,1
7997,7
7998,6
7999,7
8000,6
8001,9
8002,2
8003,9
8004,6
8005,9
8006,2
8007,2
8008,2
8009,9
8010,9
8011,9
8012,2
8013,9
8014,9
8015,9
8016,9
8017,9
8018,7
8019,9
8020,6
8021,9
8022,1
8023,9
8024,5
8025,5
8026,2
8027,9
8028,2
8029,9
8030,9
8031,9
8032,9
8033,0
8034,9
8035,9
8036,2
8037,9
8038,9
8039,4
8040,0
8041,6
8042,9
8043,6
8044,6
8045,1
8046,9
8047,4
8048,9
8049,9
8050,9
8051,9
8052,9
8053,9
8054,1
8055,6
8056,6
8057,4
8058,9
8059,9
8060,6
8061,9
8062,6
8063,9
8064,9
8065,9
8066,9
8067,9
8068,6
8069,6
8070,9
8071,9
8072,9
8073,6
8074,6
8075,0
8076,0
8077,9
8078,9
8079,7
8080,7
8081,4
8082,7
8083,5
8084,2
8085,6
8086,6
8087,0
8088,9
8089,9
8090,6
8091,7
8092,5
8093,5
8094,5
8095,0
8096,5
8097,6
8098,4
8099,4
8100,4
8101,0
8102,5
8103,1
8104,5
8105,6
8106,6
8107,7
8108,6
8109,2
8110,6
8111,6
8112,6
8113,9
8114,9
8115,5
8116,9
8117,4
8118,4
8119,0
8120,5
8121,6
8122,5
8123,0
8124,9
8125,9
8126,0
8127,6
8128,6
8129,5
8130,7
8131,2
8132,1
8133,0
8134,9
8135,2
8136,2
8137,9
8138,9
8139,7
8140,0
8141,1
8142,4
8143,0
8144,1
8145,0
8146,9
8147,2
8148,2
8149,1
8150,1
8151,2
8152,2
8153,1
8154,1
8155,9
8156,7
8157,1
8158,0
8159,6
8160,1
8161,6
8162,6
8163,1
8164,2
8165,7
8166,6
8167,7
8168,7
8169,7
8170,6
8171,6
8172,6
8173,4
8174,6
8175,4
8176,7
8177,4
8178,6
8179,2
8180,1
8181,7
8182,1
8183,5
8184,2
8185,2
8186,2
8187,2
8188,2
8189,2
8190,2
8191,0
8192,1
8193,1
8194,2
8195,2
8196,1
8197,9
8198,5
8199,1
8200,6
8201,1
8202,0
8203,2
8204,2
8205,5
8206,5
8207,2
8208,1
8209,1
8210,2
8211,5
8212,9
8213,2
8214,2
8215,5
8216,2
8217,6
8218,7
8219,1
8220,9
8221,1
8222,2
8223,2
8224,2
8225,5
8226,7
8227,1
8228,1
8229,9
8230,7
8231,1
8232,5
8233,5
8234,2
8235,5
8236,6
8237,1
8238,6
8239,1
8240,0
8241,1
8242,4
8243,4
8244,1
8245,2
8246,4
8247,6
8248,0
8249,6
8250,6
8251,7
8252,7
8253,0
8254,0
8255,0
8256,7
8257,1
8258,2
8259,2
8260,2
8261,2
8262,2
8263,4
8264,2
8265,0
8266,0
8267,4
8268,4
8269,0
8270,4
8271,4
8272,4
8273,4
8274,0
8275,0
8276,2
8277,2
8278,2
8279,2
8280,0
8281,4
8282,4
8283,4
8284,4
8285,4
8286,7
8287,2
8288,7
8289,7
8290,9
8291,2
8292,9
8293,9
8294,2
8295,7
8296,9
8297,9
8298,9
8299,2
8300,2
8301,2
8302,9
8303,9
8304,2
8305,1
8306,7
8307,2
8308,9
8309,2
8310,1
8311,6
8312,6
8313,7
8314,1
8315,2
8316,6
8317,6
8318,6
8319,6
8320,6
8321,6
8322,2
8323,6
8324,9
8325,2
8326,1
8327,6
8328,9
8329,2
8330,9
8331,1
8332,9
8333,9
8334,2
8335,0
8336,1
8337,9
8338,9
8339,2
8340,5
8341,2
8342,2
8343,9
8344,6
8345,6
8346,0
8347,0
8348,2
8349,4
8350,7
8351,2
8352,6
8353,2
8354,9
8355,9
8356,7
8357,9
8358,7
8359,7
8360,7
8361,0
8362,4
8363,4
8364,4
8365,1
8366,9
8367,1
8368,1
8369,9
8370,9
8371,2
8372,9
8373,6
8374,6
8375,1
8376,6
8377,0
8378,4
8379,9
8380,6
8381,2
8382,6
8383,6
8384,1
8385,0
8386,4
8387,4
8388,1
8389,0
8390,9
8391,4
8392,2
8393,2
8394,9
8395,9
8396,9
8397,2
8398,9
8399,2
8400,9
8401,4
8402,5
8403,9
8404,5
8405,4
8406,9
8407,9
8408,4
8409,4
8410,4
8411,4
8412,2
8413,1
8414,0
8415,1
8416,6
8417,6
8418,6
8419,9
8420,9
8421,1
8422,5
8423,7
8424,1
8425,1
8426,2
8427,6
8428,5
8429,5
8430,9
8431,2
8432,9
8433,7
8434,9
8435,4
8436,4
8437,9
8438,6
8439,2
8440,2
8441,9
8442,9
8443,1
8444,9
8445,1
8446,4
8447,5
8448,4
8449,5
8450,1
8451,1
8452,1
8453,1
8454,5
8455,4
8456,9
8457,7
8458,7
8459,2
8460,7
8461,4
8462,7
8463,7
8464,9
8465,0
8466,2
8467,9
8468,9
8469,4
8470,1
8471,6
8472,9
8473,0
8474,0
8475,0
8476,9
8477,0
8478,2
8479,9
8480,7
8481,6
8482,2
8483,2
8484,2
8485,9
8486,1
8487,1
8488,9
8489,2
8490,9
8491,2
8492,6
8493,6
8494,6
8495,7
8496,6
8497,7
8498,9
8499,2
8500,6
8501,0
8502,6
8503,1
8504,4
8505,6
8506,0
8507,9
8508,2
8509,1
8510,2
8511,7
8512,7
8513,9
8514,4
8515,9
8516,9
8517,6
8518,9
8519,9
8520,5
8521,9
8522,2
8523,5
8524,9
8525,2
8526,7
8527,9
8528,2
8529,7
8530,4
8531,4
8532,4
8533,1
8534,6
8535,0
8536,9
8537,6
8538,6
8539,0
8540,2
8541,9
8542,9
8543,9
8544,5
8545,2
8546,6
8547,9
8548,9
8549,2
8550,9
8551,0
8552,9
8553,6
8554,6
8555,2
8556,6
8557,9
8558,6
8559,6
8560,6
8561,0
8562,9
8563,7
8564,5
8565,7
8566,2
8567,0
8568,9
8569,9
8570,2
8571,2
8572,6
8573,6
8574,2
8575,2
8576,9
8577,7
8578,7
8579,6
8580,7
8581,9
8582,7
8583,6
8584,6
8585,6
8586,6
8587,9
8588,2
8589,0
8590,9
8591,6
8592,7
8593,7
8594,6
8595,9
8596,7
8597,1
8598,4
8599,4
8600,6
8601,1
8602,4
8603,4
8604,9
8605,1
8606,7
8607,1
8608,9
8609,7
8610,6
8611,4
8612,9
8613,5
8614,9
8615,9
8616,0
8617,9
8618,9
8619,4
8620,9
8621,7
8622,4
8623,5
8624,4
8625,5
8626,5
8627,5
8628,5
8629,5
8630,7
8631,4
8632,6
8633,0
8634,9
8635,1
8636,2
8637,2
8638,9
8639,0
8640,7
8641,7
8642,9
8643,5
8644,0
8645,9
8646,9
8647,2
8648,6
8649,6
8650,1
8651,6
8652,6
8653,0
8654,0
8655,7
8656,6
8657,4
8658,9
8659,9
8660,9
8661,1
8662,1
8663,9
8664,4
8665,4
8666,4
8667,5
8668,4
8669,4
8670,4
8671,9
8672,7
8673,7
8674,1
8675,4
8676,7
8677,9
8678,1
8679,7
8680,7
8681,7
8682,6
8683,5
8684,4
8685,9
8686,9
8687,9
8688,0
8689,0
8690,6
8691,4
8692,0
8693,0
8694,6
8695,2
8696,6
8697,1
8698,4
8699,9
8700,6
8701,6
8702,6
8703,7
8704,1
8705,7
8706,6
8707,6
8708,7
8709,9
8710,9
8711,7
8712,0
8713,9
8714,6
8715,4
8716,5
8717,1
8718,6
8719,4
8720,9
8721,9
8722,2
8723,9
8724,9
8725,9
8726,1
8727,9
8728,2
8729,4
8730,1
8731,9
8732,7
8733,6
8734,0
8735,7
8736,7
8737,9
8738,9
8739,7
8740,2
8741,9
8742,1
8743,2
8744,2
8745,6
8746,0
8747,6
8748,5
8749,0
8750,5
8751,0
8752,5
8753,9
8754,9
8755,9
8756,2
8757,7
8758,4
8759,9
8760,9
8761,9
8762,6
8763,0
8764,6
8765,7
8766,0
8767,7
8768,7
8769,6
8770,4
8771,2
8772,5
8773,2
8774,1
8775,1
8776,5
8777,7
8778,7
8779,7
8780,7
8781,6
8782,0
8783,7
8784,0
8785,9
8786,7
8787,0
8788,5
8789,6
8790,9
8791,0
8792,9
8793,5
8794,2
8795,7
8796,9
8797,9
8798,2
8799,7
8800,7
8801,0
8802,0
8803,9
8804,7
8805,7
8806,7
8807,0
8808,2
8809,0
8810,0
8811,4
8812,1
8813,0
8814,4
8815,0
8816,7
8817,2
8818,2
8819,2
8820,4
8821,6
8822,7
8823,7
8824,2
8825,2
8826,7
8827,2
8828,9
8829,2
8830,2
8831,2
8832,7
8833,9
8834,0
8835,7
8836,7
8837,7
8838,7
8839,2
8840,9
8841,2
8842,7
8843,6
8844,4
8845,2
8846,7
8847,2
8848,6
8849,1
8850,6
8851,2
8852,1
8853,4
8854,9
8855,1
8856,2
8857,7
8858,2
8859,7
8860,5
8861,7
8862,2
8863,2
8864,5
8865,9
8866,2
8867,2
8868,2
8869,2
8870,2
8871,0
8872,4
8873,4
8874,6
8875,2
8876,2
8877,2
8878,2
8879,2
8880,2
8881,0
8882,0
8883,0
8884,0
8885,0
8886,2
8887,0
8888,2
8889,4
8890,2
8891,7
8892,7
8893,9
8894,2
8895,2
8896,9
8897,9
8898,7
8899,9
8900,4
8901,6
8902,7
8903,7
8904,5
8905,5
8906,5
8907,5
8908,9
8909,1
8910,7
8911,7
8912,2
8913,5
8914,1
8915,2
8916,2
8917,5
8918,1
8919,2
8920,0
8921,6
8922,1
8923,7
8924,1
8925,1
8926,7
8927,4
8928,4
8929,6
8930,9
8931,5
8932,9
8933,6
8934,6
8935,7
8936,1
8937,2
8938,7
8939,1
8940,1
8941,6
8942,2
8943,5
8944,1
8945,2
8946,9
8947,4
8948,2
8949,4
8950,6
8951,2
8952,4
8953,0
8954,0
8955,1
8956,6
8957,5
8958,9
8959,4
8960,4
8961,1
8962,6
8963,1
8964,0
8965,2
8966,9
8967,9
8968,1
8969,2
8970,2
8971,2
8972,2
8973,1
8974,6
8975,9
8976,9
8977,2
8978,7
8979,2
8980,2
8981,2
8982,2
8983,7
8984,2
8985,2
8986,5
8987,5
8988,0
8989,7
8990,2
8991,6
8992,9
8993,9
8994,6
8995,9
8996,0
8997,2
8998,6
8999,6
9000,6
9001,0
9002,0
9003,0
9004,0
9005,6
9006,5
9007,5
9008,2
9009,2
9010,2
9011,2
9012,2
9013,5
9014,6
9015,1
9016,2
9017,6
9018,6
9019,6
9020,6
9021,2
9022,2
9023,2
9024,6
9025,2
9026,2
9027,7
9028,5
9029,2
9030,5
9031,0
9032,2
9033,2
9034,6
9035,6
9036,6
9037,6
9038,9
9039,2
9040,2
9041,1
9042,0
9043,0
9044,1
9045,5
9046,1
9047,1
9048,1
9049,2
9050,2
9051,2
9052,0
9053,7
9054,2
9055,5
9056,0
9057,2
9058,1
9059,2
9060,0
9061,1
9062,9
9063,6
9064,9
9065,9
9066,9
9067,0
9068,2
9069,9
9070,6
9071,6
9072,9
9073,9
9074,4
9075,0
9076,7
9077,2
9078,0
9079,4
9080,9
9081,9
9082,0
9083,1
9084,4
9085,9
9086,5
9087,9
9088,1
9089,2
9090,1
9091,6
9092,2
9093,2
9094,4
9095,6
9096,6
9097,1
9098,7
9099,6
9100,6
9101,6
9102,6
9103,6
9104,9
9105,9
9106,9
9107,9
9108,4
9109,1
9110,1
9111,2
9112,2
9113,9
9114,4
9115,1
9116,2
9117,9
9118,2
9119,0
9120,4
9121,4
9122,2
9123,2
9124,1
9125,6
9126,9
9127,2
9128,2
9129,9
9130,9
9131,6
9132,6
9133,6
9134,6
9135,6
9136,6
9137,4
9138,7
9139,2
9140,9
9141,9
9142,9
9143,1
9144,0
9145,5
9146,5
9147,1
9148,9
9149,9
9150,0
9151,5
9152,2
9153,2
9154,2
9155,2
9156,6
9157,7
9158,0
9159,2
9160,0
9161,0
9162,2
9163,6
9164,7
9165,2
9166,7
9167,2
9168,2
9169,7
9170,2
9171,2
9172,9
9173,1
9174,2
9175,1
9176,0
9177,2
9178,4
9179,2
9180,2
9181,9
9182,9
9183,2
9184,9
9185,7
9186,4
9187,2
9188,0
9189,2
9190,1
9191,4
9192,1
9193,7
9194,2
9195,7
9196,1
9197,1
9198,7
9199,9
9200,2
9201,2
9202,7
9203,6
9204,6
9205,6
9206,6
9207,7
9208,6
9209,7
9210,7
9211,4
9212,2
9213,2
9214,2
9215,2
9216,2
9217,7
9218,2
9219,1
9220,6
9221,9
9222,4
9223,4
9224,5
9225,1
9226,4
9227,4
9228,1
9229,0
9230,2
9231,0
9232,2
9233,2
9234,4
9235,1
9236,0
9237,2
9238,7
9239,2
9240,2
9241,2
9242,2
9243,2
9244,7
9245,2
9246,6
9247,1
9248,0
9249,2
9250,2
9251,6
9252,2
9253,0
9254,1
9255,2
9256,0
9257,7
9258,6
9259,7
9260,4
9261,1
9262,6
9263,6
9264,2
9265,2
9266,0
9267,0
9268,2
9269,9
9270,2
9271,5
9272,1
9273,5
9274,2
9275,7
9276,6
9277,0
9278,0
9279,0
9280,0
9281,6
9282,0
9283,2
9284,2
9285,0
9286,6
9287,6
9288,5
9289,5
9290,5
9291,4
9292,5
9293,2
9294,5
9295,5
9296,5
9297,5
9298,5
9299,5
9300,5
9301,1
9302,5
9303,7
9304,2
9305,7
9306,2
9307,1
9308,2
9309,4
9310,4
9311,2
9312,5
9313,2
9314,1
9315,9
9316,7
9317,7
9318,1
9319,9
9320,5
9321,4
9322,9
9323,5
9324,5
9325,5
9326,5
9327,1
9328,1
9329,0
9330,0
9331,7
9332,2
9333,7
9334,2
9335,0
9336,2
9337,9
9338,6
9339,6
9340,6
9341,2
9342,0
9343,1
9344,2
9345,6
9346,2
9347,2
9348,2
9349,2
9350,7
9351,2
9352,2
9353,2
9354,2
9355,5
9356,5
9357,5
9358,4
9359,5
9360,4
9361,5
9362,4
9363,5
9364,5
9365,5
9366,4
9367,5
9368,5
9369,5
9370,5
9371,5
9372,0
9373,5
9374,5
9375,2
9376,4
9377,2
9378,2
9379,2
9380,0
9381,1
9382,7
9383,9
9384,4
9385,7
9386,4
9387,4
9388,7
9389,1
9390,7
9391,4
9392,2
9393,0
9394,2
9395,2
9396,2
9397,2
9398,2
9399,4
9400,4
9401,4
9402,2
9403,1
9404,5
9405,5
9406,7
9407,6
9408,6
9409,4
9410,1
9411,2
9412,2
9413,2
9414,6
9415,6
9416,0
9417,2
9418,2
9419,9
9420,2
9421,2
9422,4
9423,5
9424,6
9425,6
9426,4
9427,4
9428,0
9429,7
9430,9
9431,2
9432,9
9433,0
9434,2
9435,2
9436,6
9437,6
9438,0
9439,2
9440,7
9441,7
9442,2
9443,7
9444,7
9445,1
9446,7
9447,0
9448,2
9449,0
9450,2
9451,2
9452,6
9453,9
9454,2
9455,2
9456,2
9457,2
9458,2
9459,9
9460,2
9461,2
9462,4
9463,2
9464,2
9465,2
9466,7
9467,0
9468,7
9469,9
9470,0
9471,9
9472,6
9473,1
9474,0
9475,2
9476,5
9477,4
9478,6
9479,2
9480,4
9481,9
9482,9
9483,2
9484,2
9485,2
9486,2
9487,2
9488,7
9489,2
9490,2
9491,2
9492,2
9493,9
9494,4
9495,1
9496,7
9497,4
9498,1
9499,6
9500,4
9501,2
9502,2
9503,9
9504,7
9505,2
9506,2
9507,2
9508,9
9509,9
9510,0
9511,0
9512,5
9513,9
9514,2
9515,5
9516,2
9517,2
9518,2
9519,7
9520,1
9521,0
9522,4
9523,9
9524,9
9525,4
9526,1
9527,2
9528,2
9529,6
9530,5
9531,2
9532,7
9533,9
9534,5
9535,1
9536,6
9537,7
9538,5
9539,5
9540,2
9541,7
9542,1
9543,7
9544,7
9545,7
9546,2
9547,9
9548,9
9549,9
9550,0
9551,7
9552,2
9553,2
9554,0
9555,6
9556,2
9557,2
9558,6
9559,9
9560,9
9561,9
9562,9
9563,6
9564,1
9565,4
9566,4
9567,2
9568,2
9569,0
9570,2
9571,7
9572,7
9573,9
9574,7
9575,1
9576,7
9577,2
9578,1
9579,5
9580,5
9581,5
9582,1
9583,9
9584,5
9585,5
9586,7
9587,5
9588,7
9589,5
9590,5
9591,5
9592,9
9593,7
9594,5
9595,5
9596,9
9597,6
9598,7
9599,5
9600,5
9601,5
9602,5
9603,5
9604,5
9605,7
9606,2
9607,9
9608,7
9609,2
9610,2
9611,9
9612,2
9613,7
9614,2
9615,5
9616,2
9617,1
9618,2
9619,7
9620,2
9621,2
9622,2
9623,2
9624,2
9625,4
9626,2
9627,2
9628,4
9629,7
9630,7
9631,2
9632,2
9633,5
9634,5
9635,7
9636,2
9637,2
9638,6
9639,2
9640,2
9641,2
9642,2
9643,7
9644,7
9645,2
9646,2
9647,2
9648,4
9649,0
9650,6
9651,6
9652,2
9653,0
9654,2
9655,7
9656,7
9657,9
9658,2
9659,2
9660,1
9661,0
9662,1
9663,1
9664,7
9665,1
9666,2
9667,2
9668,7
9669,0
9670,0
9671,6
9672,9
9673,0
9674,2
9675,1
9676,5
9677,2
9678,6
9679,6
9680,7
9681,5
9682,6
9683,5
9684,5
9685,2
9686,5
9687,5
9688,7
9689,7
9690,7
9691,4
9692,4
9693,7
9694,6
9695,0
9696,0
9697,1
9698,7
9699,2
9700,7
9701,7
9702,7
9703,7
9704,0
9705,4
9706,0
9707,7
9708,0
9709,0
9710,0
9711,2
9712,1
9713,9
9714,9
9715,9
9716,2
9717,7
9718,7
9719,6
9720,4
9721,1
9722,4
9723,2
9724,4
9725,7
9726,7
9727,9
9728,1
9729,5
9730,5
9731,2
9732,2
9733,2
9734,2
9735,7
9736,2
9737,4
9738,2
9739,1
9740,5
9741,6
9742,0
9743,5
9744,5
9745,5
9746,5
9747,1
9748,1
9749,2
9750,2
9751,2
9752,0
9753,6
9754,1
9755,2
9756,0
9757,5
9758,0
9759,2
9760,6
9761,2
9762,5
9763,2
9764,4
9765,7
9766,7
9767,2
9768,1
9769,5
9770,2
9771,1
9772,7
9773,7
9774,0
9775,1
9776,5
9777,0
9778,2
9779,9
9780,7
9781,7
9782,2
9783,2
9784,0
9785,1
9786,1
9787,9
9788,2
9789,0
9790,7
9791,1
9792,0
9793,0
9794,4
9795,4
9796,0
9797,1
9798,1
9799,7
9800,2
9801,2
9802,1
9803,7
9804,7
9805,0
9806,2
9807,9
9808,2
9809,9
9810,0
9811,2
9812,2
9813,2
9814,9
9815,9
9816,2
9817,7
9818,1
9819,1
9820,5
9821,2
9822,2
9823,2
9824,0
9825,2
9826,2
9827,0
9828,2
9829,9
9830,2
9831,2
9832,2
9833,2
9834,6
9835,6
9836,2
9837,2
9838,2
9839,2
9840,2
9841,9
9842,2
9843,9
9844,9
9845,9
9846,2
9847,2
9848,2
9849,2
9850,7
9851,2
9852,1
9853,1
9854,9
9855,5
9856,9
9857,9
9858,9
9859,7
9860,6
9861,9
9862,2
9863,2
9864,2
9865,1
9866,9
9867,9
9868,5
9869,9
9870,1
9871,7
9872,1
9873,2
9874,9
9875,2
9876,6
9877,6
9878,6
9879,9
9880,6
9881,0
9882,6
9883,7
9884,7
9885,6
9886,9
9887,2
9888,9
9889,2
9890,1
9891,1
9892,7
9893,7
9894,6
9895,0
9896,9
9897,1
9898,9
9899,9
9900,9
9901,2
9902,9
9903,6
9904,6
9905,9
9906,9
9907,9
9908,9
9909,9
9910,9
9911,9
9912,9
9913,9
9914,9
9915,9
9916,9
9917,2
9918,9
9919,9
9920,9
9921,9
9922,9
9923,9
9924,0
9925,9
9926,9
9927,9
9928,9
9929,9
9930,9
9931,9
9932,6
9933,9
9934,9
9935,9
9936,7
9937,2
9938,7
9939,6
9940,4
9941,6
9942,6
9943,6
9944,9
9945,9
9946,1
9947,7
9948,7
9949,1
9950,2
9951,9
9952,9
9953,7
9954,9
9955,9
9956,9
9957,9
9958,7
9959,2
9960,9
9961,7
9962,9
9963,9
9964,6
9965,6
9966,6
9967,6
9968,9
9969,6
9970,9
9971,9
9972,9
9973,2
9974,6
9975,9
9976,9
9977,9
9978,9
9979,9
9980,6
9981,9
9982,6
9983,6
9984,9
9985,0
9986,6
9987,6
9988,4
9989,7
9990,9
9991,9
9992,7
9993,9
9994,9
9995,9
9996,1
9997,9
9998,9
9999,9
10000,2
10001,0
10002,9
10003,1
10004,9
10005,9
10006,7
10007,9
10008,9
10009,9
10010,9
10011,9
10012,0
10013,6
10014,6
10015,1
10016,1
10017,1
10018,7
10019,6
10020,1
10021,9
10022,1
10023,9
10024,1
10025,1
10026,9
10027,9
10028,7
10029,9
10030,9
10031,9
10032,7
10033,9
10034,9
10035,9
10036,9
10037,9
10038,7
10039,9
10040,1
10041,6
10042,6
10043,6
10044,5
10045,1
10046,6
10047,6
10048,7
10049,7
10050,6
10051,9
10052,2
10053,9
10054,0
10055,9
10056,9
10057,9
10058,9
10059,9
10060,9
10061,7
10062,9
10063,9
10064,9
10065,1
10066,7
10067,2
10068,6
10069,2
10070,2
10071,7
10072,6
10073,9
10074,9
10075,9
10076,9
10077,2
10078,6
10079,4
10080,9
10081,9
10082,9
10083,0
10084,9
10085,9
10086,9
10087,6
10088,9
10089,9
10090,4
10091,4
10092,9
10093,9
10094,6
10095,7
10096,6
10097,6
10098,9
10099,6
10100,9
10101,9
10102,7
10103,9
10104,4
10105,9
10106,2
10107,2
10108,2
10109,2
10110,9
10111,2
10112,2
10113,9
10114,2
10115,6
10116,5
10117,9
10118,0
10119,9
10120,2
10121,2
10122,9
10123,9
10124,4
10125,7
10126,4
10127,6
10128,7
10129,6
10130,7
10131,9
10132,7
10133,9
10134,9
10135,9
10136,2
10137,6
10138,9
10139,2
10140,2
10141,2
10142,9
10143,4
10144,9
10145,9
10146,9
10147,2
10148,6
10149,9
10150,7
10151,1
10152,4
10153,9
10154,2
10155,2
10156,9
10157,9
10158,2
10159,2
10160,0
10161,2
10162,2
10163,9
10164,9
10165,4
10166,4
10167,9
10168,6
10169,6
10170,1
10171,1
10172,9
10173,7
10174,9
10175,9
10176,2
10177,9
10178,9
10179,0
10180,9
10181,7
10182,7
10183,1
10184,9
10185,2
10186,7
10187,9
10188,9
10189,9
10190,5
10191,7
10192,9
10193,6
10194,6
10195,1
10196,1
10197,1
10198,6
10199,7
10200,6
10201,9
10202,9
10203,5
10204,4
10205,1
10206,1
10207,6
10208,4
10209,2
10210,6
10211,2
10212,2
10213,2
10214,9
10215,9
10216,9
10217,9
10218,6
10219,6
10220,7
10221,4
10222,6
10223,7
10224,9
10225,4
10226,7
10227,7
10228,6
10229,9
10230,1
10231,6
10232,6
10233,6
10234,9
10235,7
10236,4
10237,6
10238,9
10239,6
10240,4
10241,4
10242,1
10243,7
10244,4
10245,9
10246,6
10247,1
10248,0
10249,9
10250,9
10251,9
10252,6
10253,2
10254,4
10255,9
10256,0
10257,4
10258,4
10259,4
10260,4
10261,6
10262,6
10263,6
10264,9
10265,9
10266,6
10267,6
10268,1
10269,9
10270,4
10271,1
10272,4
10273,1
10274,7
10275,9
10276,9
10277,6
10278,6
10279,0
10280,7
10281,6
10282,6
10283,4
10284,0
10285,4
10286,4
10287,4
10288,1
10289,6
10290,6
10291,9
10292,2
10293,9
10294,6
10295,2
10296,0
10297,9
10298,9
10299,7
10300,9
10301,4
10302,4
10303,4
10304,6
10305,4
10306,2
10307,4
10308,4
10309,4
10310,9
10311,4
10312,6
10313,6
10314,4
10315,4
10316,9
10317,9
10318,9
10319,9
10320,9
10321,2
10322,1
10323,1
10324,6
10325,9
10326,1
10327,4
10328,6
10329,9
10330,2
10331,9
10332,9
10333,9
10334,2
10335,2
10336,7
10337,7
10338,7
10339,7
10340,9
10341,9
10342,9
10343,2
10344,7
10345,9
10346,9
10347,9
10348,9
10349,9
10350,9
10351,9
10352,9
10353,9
10354,9
10355,6
10356,9
10357,1
10358,1
10359,5
10360,9
10361,2
10362,6
10363,6
10364,2
10365,7
10366,7
10367,2
10368,2
10369,0
10370,2
10371,7
10372,2
10373,9
10374,1
10375,5
10376,9
10377,2
10378,2
10379,9
10380,4
10381,2
10382,2
10383,1
10384,5
10385,5
10386,4
10387,1
10388,1
10389,4
10390,7
10391,7
10392,7
10393,2
10394,2
10395,5
10396,5
10397,5
10398,5
10399,0
10400,2
10401,7
10402,9
10403,9
10404,9
10405,9
10406,9
10407,2
10408,2
10409,5
10410,5
10411,5
10412,9
10413,5
10414,1
10415,5
10416,0
10417,2
10418,0
10419,1
10420,0
10421,9
10422,9
10423,7
10424,9
10425,9
10426,9
10427,9
10428,7
10429,2
10430,9
10431,6
10432,1
10433,1
10434,1
10435,5
10436,5
10437,5
10438,5
10439,5
10440,5
10441,5
10442,5
10443,5
10444,2
10445,5
10446,1
10447,6
10448,2
10449,1
10450,1
10451,6
10452,5
10453,5
10454,1
10455,5
10456,2
10457,2
10458,6
10459,6
10460,2
10461,7
10462,2
10463,6
10464,0
10465,2
10466,9
10467,2
10468,2
10469,2
10470,2
10471,2
10472,5
10473,2
10474,2
10475,2
10476,7
10477,5
10478,7
10479,2
10480,2
10481,6
10482,4
10483,6
10484,0
10485,2
10486,2
10487,4
10488,9
10489,9
10490,7
10491,2
10492,2
10493,2
10494,1
10495,7
10496,2
10497,0
10498,4
10499,0
10500,1
10501,0
10502,0
10503,0
10504,2
10505,2
10506,2
10507,2
10508,1
10509,9
10510,9
10511,1
10512,7
10513,7
10514,7
10515,2
10516,7
10517,9
10518,6
10519,1
10520,1
10521,4
10522,7
10523,2
10524,1
10525,6
10526,1
10527,0
10528,2
10529,2
10530,7
10531,7
10532,5
10533,4
10534,4
10535,1
10536,2
10537,4
10538,4
10539,9
10540,9
10541,0
10542,5
10543,5
10544,6
10545,2
10546,6
10547,6
10548,2
10549,4
10550,1
10551,4
10552,1
10553,4
10554,1
10555,2
10556,0
10557,4
10558,5
10559,4
10560,6
10561,4
10562,1
10563,4
10564,7
10565,5
10566,5
10567,9
10568,5
10569,5
10570,2
10571,2
10572,1
10573,1
10574,2
10575,5
10576,0
10577,0
10578,7
10579,1
10580,7
10581,0
10582,4
10583,9
10584,7
10585,0
10586,0
10587,1
10588,6
10589,5
10590,9
10591,2
10592,6
10593,2
10594,4
10595,1
10596,5
10597,5
10598,5
10599,7
10600,1
10601,2
10602,1
10603,1
10604,6
10605,1
10606,2
10607,4
10608,6
10609,9
10610,9
10611,2
10612,2
10613,2
10614,9
10615,2
10616,2
10617,7
10618,9
10619,0
10620,5
10621,4
10622,4
10623,4
10624,4
10625,4
10626,6
10627,5
10628,1
10629,6
10630,6
10631,2
10632,2
10633,2
10634,6
10635,9
10636,7
10637,6
10638,7
10639,1
10640,2
10641,2
10642,1
10643,6
10644,1
10645,6
10646,2
10647,1
10648,2
10649,2
10650,2
10651,6
10652,2
10653,1
10654,1
10655,2
10656,2
10657,2
10658,2
10659,1
10660,1
10661,1
10662,6
10663,1
10664,1
10665,2
10666,2
10667,2
10668,7
10669,4
10670,4
10671,2
10672,9
10673,9
10674,9
10675,7
10676,2
10677,2
10678,7
10679,7
10680,5
10681,5
10682,5
10683,0
10684,4
10685,1
10686,4
10687,4
10688,1
10689,1
10690,7
10691,7
10692,1
10693,0
10694,0
10695,0
10696,0
10697,0
10698,0
10699,0
10700,0
10701,0
10702,1
10703,1
10704,2
10705,0
10706,9
10707,9
10708,0
10709,7
10710,4
10711,2
10712,2
10713,7
10714,1
10715,7
10716,0
10717,2
10718,2
10719,0
10720,4
10721,4
10722,4
10723,7
10724,7
10725,0
10726,4
10727,2
10728,9
10729,4
10730,5
10731,1
10732,1
10733,1
10734,5
10735,7
10736,7
10737,2
10738,5
10739,5
10740,4
10741,5
10742,5
10743,1
10744,0
10745,4
10746,7
10747,1
10748,1
10749,4
10750,4
10751,4
10752,1
10753,1
10754,6
10755,1
10756,2
10757,4
10758,1
10759,7
10760,4
10761,7
10762,1
10763,9
10764,7
10765,5
10766,5
10767,6
10768,6
10769,2
10770,2
10771,2
10772,2
10773,7
10774,9
10775,4
10776,2
10777,7
10778,2
10779,6
10780,1
10781,2
10782,9
10783,4
10784,6
10785,6
10786,1
10787,0
10788,7
10789,4
10790,4
10791,2
10792,2
10793,7
10794,1
10795,9
10796,5
10797,6
10798,5
10799,5
10800,4
10801,4
10802,5
10803,4
10804,4
10805,9
10806,4
10807,5
10808,5
10809,5
10810,1
10811,6
10812,6
10813,9
10814,1
10815,4
10816,5
10817,4
10818,5
10819,5
10820,5
10821,5
10822,4
10823,5
10824,5
10825,2
10826,2
10827,1
10828,9
10829,2
10830,9
10831,2
10832,2
10833,4
10834,6
10835,1
10836,4
10837,4
10838,4
10839,6
10840,5
10841,0
10842,9
10843,7
10844,0
10845,4
10846,6
10847,0
10848,0
10849,0
10850,2
10851,0
10852,2
10853,9
10854,0
10855,2
10856,1
10857,6
10858,7
10859,4
10860,4
10861,4
10862,4
10863,4
10864,4
10865,6
10866,2
10867,1
10868,2
10869,7
10870,2
10871,7
10872,2
10873,7
10874,4
10875,1
10876,1
10877,1
10878,1
10879,6
10880,7
10881,2
10882,2
10883,4
10884,2
10885,2
10886,4
10887,2
10888,6
10889,6
10890,1
10891,2
10892,7
10893,2
10894,9
10895,7
10896,7
10897,6
10898,6
10899,6
10900,6
10901,6
10902,6
10903,6
10904,1
10905,0
10906,6
10907,2
10908,5
10909,5
10910,4
10911,4
10912,5
10913,5
10914,1
10915,9
10916,2
10917,2
10918,2
10919,1
10920,4
10921,1
10922,4
10923,2
10924,1
10925,2
10926,6
10927,6
10928,7
10929,1
10930,2
10931,4
10932,7
10933,1
10934,2
10935,1
10936,1
10937,6
10938,2
10939,0
10940,0
10941,6
10942,6
10943,6
10944,9
10945,7
10946,6
10947,6
10948,2
10949,2
10950,2
10951,2
10952,2
10953,2
10954,6
10955,6
10956,0
10957,7
10958,7
10959,2
10960,7
10961,6
10962,4
10963,9
10964,2
10965,0
10966,1
10967,7
10968,9
10969,9
10970,7
10971,1
10972,2
10973,2
10974,6
10975,4
10976,6
10977,2
10978,7
10979,1
10980,7
10981,2
10982,2
10983,9
10984,9
10985,9
10986,9
10987,7
10988,9
10989,5
10990,1
10991,1
10992,0
10993,2
10994,7
10995,9
10996,6
10997,9
10998,6
10999,2
11000,2
11001,6
11002,6
11003,1
11004,6
11005,6
11006,6
11007,1
11008,7
11009,7
11010,4
11011,7
11012,7
11013,7
11014,7
11015,2
11016,6
11017,1
11018,9
11019,6
11020,2
11021,2
11022,2
11023,6
11024,2
11025,1
11026,7
11027,4
11028,6
11029,2
11030,6
11031,4
11032,4
11033,6
11034,9
11035,1
11036,1
11037,1
11038,0
11039,2
11040,2
11041,0
11042,0
11043,2
11044,9
11045,9
11046,7
11047,7
11048,7
11049,1
11050,2
11051,2
11052,4
11053,2
11054,2
11055,6
11056,4
11057,6
11058,6
11059,2
11060,1
11061,1
11062,6
11063,9
11064,2
11065,2
11066,2
11067,5
11068,5
11069,1
11070,6
11071,6
11072,5
11073,7
11074,2
11075,2
11076,2
11077,6
11078,1
11079,2
11080,2
11081,2
11082,2
11083,2
11084,2
11085,5
11086,7
11087,9
11088,2
11089,6
11090,0
11091,2
11092,2
11093,9
11094,7
11095,1
11096,2
11097,9
11098,4
11099,6
11100,2
11101,2
11102,9
11103,2
11104,0
11105,0
11106,2
11107,2
11108,4
11109,0
11110,0
11111,0
11112,0
11113,0
11114,0
11115,0
11116,1
11117,7
11118,7
11119,7
11120,6
11121,9
11122,9
11123,2
11124,1
11125,1
11126,1
11127,9
11128,7
11129,1
11130,9
11131,4
11132,0
11133,0
11134,0
11135,2
11136,9
11137,2
11138,9
11139,2
11140,2
11141,0
11142,6
11143,6
11144,6
11145,1
11146,2
11147,2
11148,2
11149,1
11150,1
11151,1
11152,4
11153,0
11154,0
11155,0
11156,2
11157,0
11158,0
11159,7
11160,2
11161,2
11162,2
11163,2
11164,6
11165,2
11166,6
11167,6
11168,9
11169,2
11170,0
11171,6
11172,0
11173,0
11174,0
11175,7
11176,9
11177,9
11178,9
11179,1
11180,5
11181,9
11182,9
11183,7
11184,9
11185,6
11186,7
11187,7
11188,7
11189,1
11190,1
11191,7
11192,7
11193,1
11194,1
11195,5
11196,6
11197,6
11198,2
11199,2
11200,4
11201,6
11202,6
11203,1
11204,7
11205,7
11206,9
11207,6
11208,1
11209,1
11210,7
11211,4
11212,2
11213,2
11214,2
11215,2
11216,0
11217,9
11218,9
11219,9
11220,9
11221,6
11222,9
11223,6
11224,9
11225,2
11226,9
11227,6
11228,6
11229,0
11230,0
11231,6
11232,0
11233,6
11234,9
11235,9
11236,9
11237,6
11238,9
11239,9
11240,1
11241,9
11242,9
11243,9
11244,9
11245,2
11246,9
11247,4
11248,1
11249,6
11250,9
11251,9
11252,0
11253,0
11254,0
11255,7
11256,9
11257,9
11258,6
11259,4
11260,5
11261,9
11262,1
11263,4
11264,6
11265,1
11266,1
11267,1
11268,4
11269,2
11270,9
11271,1
11272,6
11273,0
11274,2
11275,7
11276,2
11277,1
11278,2
11279,2
11280,2
11281,9
11282,2
11283,9
11284,9
11285,1
11286,1
11287,7
11288,5
11289,7
11290,1
11291,4
11292,4
11293,6
11294,1
11295,2
11296,1
11297,4
11298,1
11299,9
11300,5
11301,1
11302,1
11303,5
11304,9
11305,2
11306,6
11307,1
11308,6
11309,7
11310,7
11311,1
11312,6
11313,9
11314,4
11315,4
11316,7
11317,6
11318,9
11319,1
11320,6
11321,6
11322,6
11323,9
11324,2
11325,2
11326,0
11327,6
11328,6
11329,6
11330,9
11331,2
11332,9
11333,5
11334,1
11335,7
11336,2
11337,2
11338,2
11339,4
11340,4
11341,4
11342,2
11343,4
11344,4
11345,6
11346,6
11347,0
11348,6
11349,7
11350,7
11351,2
11352,2
11353,0
11354,2
11355,2
11356,2
11357,2
11358,2
11359,2
11360,6
11361,6
11362,9
11363,9
11364,9
11365,7
11366,5
11367,5
11368,2
11369,7
11370,0
11371,2
11372,0
11373,1
11374,6
11375,1
11376,1
11377,9
11378,7
11379,0
11380,0
11381,4
11382,6
11383,7
11384,5
11385,0
11386,9
11387,0
11388,5
11389,2
11390,1
11391,9
11392,9
11393,1
11394,7
11395,9
11396,9
11397,0
11398,9
11399,6
11400,7
11401,5
11402,7
11403,7
11404,9
11405,2
11406,1
11407,1
11408,4
11409,4
11410,2
11411,2
11412,2
11413,2
11414,1
11415,0
11416,0
11417,0
11418,1
11419,1
11420,1
11421,0
11422,2
11423,0
11424,1
11425,1
11426,2
11427,7
11428,2
11429,2
11430,2
11431,1
11432,2
11433,2
11434,2
11435,7
11436,2
11437,2
11438,0
11439,2
11440,2
11441,2
11442,2
11443,2
11444,9
11445,2
11446,5
11447,2
11448,6
11449,9
11450,2
11451,6
11452,5
11453,5
11454,9
11455,0
11456,0
11457,0
11458,0
11459,6
11460,9
11461,2
11462,9
11463,1
11464,2
11465,6
11466,6
11467,4
11468,4
11469,6
11470,7
11471,7
11472,4
11473,2
11474,1
11475,4
11476,9
11477,4
11478,9
11479,5
11480,5
11481,6
11482,1
11483,1
11484,2
11485,5
11486,7
11487,9
11488,1
11489,1
11490,4
11491,0
11492,7
11493,0
11494,0
11495,6
11496,5
11497,2
11498,2
11499,0
11500,2
11501,0
11502,4
11503,2
11504,6
11505,5
11506,0
11507,0
11508,4
11509,5
11510,4
11511,4
11512,1
11513,1
11514,1
11515,1
11516,2
11517,2
11518,0
11519,0
11520,2
11521,9
11522,0
11523,6
11524,2
11525,4
11526,2
11527,9
11528,9
11529,6
11530,1
11531,1
11532,1
11533,9
11534,2
11535,9
11536,9
11537,2
11538,2
11539,2
11540,1
11541,9
11542,6
11543,9
11544,2
11545,1
11546,6
11547,0
11548,7
11549,6
11550,5
11551,6
11552,6
11553,1
11554,1
11555,2
11556,9
11557,9
11558,6
11559,2
11560,6
11561,2
11562,1
11563,1
11564,4
11565,1
11566,9
11567,6
11568,9
11569,9
11570,7
11571,1
11572,6
11573,2
11574,7
11575,2
11576,6
11577,1
11578,4
11579,6
11580,9
11581,9
11582,9
11583,7
11584,9
11585,9
11586,2
11587,9
11588,2
11589,2
11590,2
11591,7
11592,2
11593,9
11594,9
11595,2
11596,2
11597,2
11598,2
11599,6
11600,9
11601,6
11602,7
11603,6
11604,6
11605,2
11606,5
11607,1
11608,1
11609,0
11610,0
11611,0
11612,7
11613,1
11614,1
11615,2
11616,2
11617,2
11618,2
11619,0
11620,0
11621,1
11622,2
11623,0
11624,0
11625,4
11626,0
11627,9
11628,7
11629,9
11630,0
11631,1
11632,4
11633,1
11634,6
11635,1
11636,2
11637,2
11638,7
11639,0
11640,7
11641,5
11642,0
11643,0
11644,0
11645,6
11646,1
11647,4
11648,4
11649,0
11650,4
11651,2
11652,6
11653,6
11654,2
11655,0
11656,2
11657,2
11658,2
11659,6
11660,6
11661,7
11662,5
11663,5
11664,7
11665,1
11666,4
11667,5
11668,1
11669,1
11670,1
11671,1
11672,9
11673,7
11674,1
11675,7
11676,1
11677,2
11678,6
11679,2
11680,2
11681,1
11682,2
11683,0
11684,4
11685,6
11686,9
11687,1
11688,4
11689,0
11690,0
11691,2
11692,2
11693,7
11694,1
11695,6
11696,2
11697,2
11698,6
11699,6
11700,9
11701,0
11702,4
11703,4
11704,1
11705,4
11706,2
11707,2
11708,2
11709,2
11710,6
11711,2
11712,9
11713,0
11714,9
11715,2
11716,4
11717,7
11718,2
11719,7
11720,4
11721,0
11722,0
11723,2
11724,1
11725,0
11726,4
11727,6
11728,9
11729,6
11730,1
11731,6
11732,6
11733,1
11734,9
11735,7
11736,7
11737,7
11738,1
11739,1
11740,1
11741,1
11742,6
11743,7
11744,2
11745,7
11746,2
11747,2
11748,2
11749,2
11750,2
11751,6
11752,5
11753,7
11754,4
11755,7
11756,4
11757,6
11758,4
11759,4
11760,6
11761,4
11762,4
11763,9
11764,7
11765,9
11766,9
11767,9
11768,9
11769,6
11770,7
11771,2
11772,7
11773,6
11774,9
11775,9
11776,9
11777,9
11778,6
11779,6
11780,7
11781,6
11782,9
11783,7
11784,9
11785,9
11786,9
11787,1
11788,7
11789,1
11790,1
11791,2
11792,0
11793,0
11794,2
11795,2
11796,9
11797,1
11798,9
11799,9
11800,1
11801,0
11802,5
11803,1
11804,4
11805,4
11806,9
11807,9
11808,1
11809,4
11810,9
11811,9
11812,1
11813,6
11814,6
11815,6
11816,1
11817,6
11818,4
11819,9
11820,2
11821,9
11822,9
11823,1
11824,6
11825,2
11826,5
11827,1
11828,1
11829,2
11830,6
11831,7
11832,9
11833,9
11834,7
11835,7
11836,9
11837,7
11838,9
11839,9
11840,9
11841,9
11842,1
11843,2
11844,1
11845,1
11846,9
11847,9
11848,7
11849,4
11850,4
11851,6
11852,2
11853,6
11854,6
11855,1
11856,6
11857,1
11858,6
11859,0
11860,7
11861,6
11862,1
11863,4
11864,4
11865,2
11866,6
11867,7
11868,6
11869,9
11870,6
11871,9
11872,1
11873,6
11874,6
11875,4
11876,6
11877,6
11878,5
11879,6
11880,5
11881,4
11882,9
11883,9
11884,9
11885,4
11886,6
11887,1
11888,2
11889,4
11890,1
11891,4
11892,6
11893,4
11894,4
11895,4
11896,9
11897,9
11898,4
11899,4
11900,1
11901,4
11902,9
11903,7
11904,7
11905,6
11906,6
11907,6
11908,6
11909,6
11910,9
11911,9
11912,6
11913,6
11914,6
11915,4
11916,9
11917,7
11918,2
11919,9
11920,9
11921,5
11922,1
11923,4
11924,4
11925,4
11926,4
11927,4
11928,1
11929,7
11930,1
11931,9
11932,2
11933,2
11934,1
11935,6
11936,6
11937,7
11938,7
11939,6
11940,9
11941,9
11942,4
11943,1
11944,5
11945,1
11946,9
11947,6
11948,7
11949,1
11950,9
11951,2
11952,4
11953,6
11954,2
11955,2
11956,9
11957,1
11958,9
11959,9
11960,2
11961,9
11962,9
11963,6
11964,6
11965,2
11966,7
11967,6
11968,1
11969,6
11970,4
11971,4
11972,4
11973,4
11974,6
11975,4
11976,4
11977,5
11978,5
11979,6
11980,1
11981,9
11982,1
11983,4
11984,0
11985,0
11986,6
11987,1
11988,7
11989,9
11990,9
11991,2
11992,6
11993,9
11994,2
11995,9
11996,4
11997,4
11998,9
11999,2
12000,4
12001,4
12002,6
12003,4
12004,2
12005,2
12006,2
12007,5
12008,1
12009,2
12010,5
12011,2
12012,2
12013,9
12014,2
12015,2
12016,2
12017,1
12018,2
12019,7
12020,6
12021,2
12022,2
12023,2
12024,1
12025,4
12026,2
12027,4
12028,4
12029,4
12030,5
12031,0
12032,4
12033,5
12034,1
12035,5
12036,1
12037,5
12038,5
12039,5
12040,2
12041,4
12042,5
12043,6
12044,5
12045,9
12046,6
12047,5
12048,5
12049,5
12050,5
12051,5
12052,4
12053,6
12054,6
12055,5
12056,5
12057,1
12058,9
12059,7
12060,1
12061,7
12062,7
12063,7
12064,7
12065,6
12066,6
12067,6
12068,1
12069,4
12070,6
12071,1
12072,9
12073,1
12074,7
12075,6
12076,7
12077,7
12078,7
12079,0
12080,2
12081,9
12082,5
12083,7
12084,2
12085,2
12086,2
12087,2
12088,2
12089,6
12090,6
12091,7
12092,6
12093,0
12094,0
12095,0
12096,0
12097,0
12098,0
12099,0
12100,4
12101,4
12102,5
12103,5
12104,7
12105,4
12106,4
12107,1
12108,4
12109,1
12110,2
12111,6
12112,9
12113,6
12114,7
12115,7
12116,2
12117,7
12118,2
12119,2
12120,2
12121,1
12122,1
12123,7
12124,7
12125,9
12126,2
12127,9
12128,1
12129,1
12130,5
12131,5
12132,1
12133,1
12134,1
12135,6
12136,2
12137,4
12138,2
12139,4
12140,6
12141,1
12142,5
12143,6
12144,4
12145,7
12146,7
12147,7
12148,7
12149,1
12150,7
12151,7
12152,5
12153,7
12154,1
12155,1
12156,1
12157,7
12158,6
12159,9
12160,2
12161,5
12162,1
12163,9
12164,9
12165,1
12166,1
12167,1
12168,7
12169,7
12170,0
12171,9
12172,1
12173,2
12174,2
12175,1
12176,9
12177,9
12178,1
12179,1
12180,6
12181,7
12182,4
12183,9
12184,9
12185,0
12186,9
12187,6
12188,1
12189,6
12190,6
12191,6
12192,1
12193,1
12194,9
12195,1
12196,5
12197,5
12198,4
12199,1
12200,4
12201,6
12202,6
12203,9
12204,6
12205,1
12206,5
12207,5
12208,2
12209,2
12210,2
12211,6
12212,4
12213,5
12214,6
12215,6
12216,6
12217,6
12218,6
12219,2
12220,7
12221,6
12222,1
12223,2
12224,6
12225,9
12226,9
12227,9
12228,5
12229,2
12230,2
12231,0
12232,9
12233,9
12234,5
12235,1
12236,2
12237,7
12238,7
12239,2
12240,6
12241,0
12242,1
12243,1
12244,4
12245,1
12246,7
12247,7
12248,2
12249,4
12250,1
12251,7
12252,4
12253,4
12254,4
12255,4
12256,4
12257,5
12258,0
12259,9
12260,9
12261,9
12262,9
12263,5
12264,5
12265,7
12266,6
12267,6
12268,5
12269,6
12270,0
12271,7
12272,6
12273,7
12274,5
12275,1
12276,1
12277,9
12278,6
12279,0
12280,7
12281,2
12282,7
12283,2
12284,5
12285,5
12286,7
12287,5
12288,9
12289,2
12290,2
12291,6
12292,0
12293,0
12294,7
12295,5
12296,5
12297,9
12298,9
12299,1
12300,1
12301,2
12302,9
12303,7
12304,9
12305,7
12306,7
12307,5
12308,7
12309,5
12310,5
12311,2
12312,2
12313,9
12314,1
12315,1
12316,1
12317,1
12318,6
12319,9
12320,6
12321,1
12322,4
12323,1
12324,1
12325,2
12326,0
12327,0
12328,4
12329,1
12330,1
12331,1
12332,1
12333,4
12334,9
12335,5
12336,7
12337,9
12338,9
12339,1
12340,1
12341,4
12342,1
12343,1
12344,6
12345,1
12346,1
12347,6
12348,6
12349,6
12350,7
12351,9
12352,9
12353,1
12354,6
12355,1
12356,9
12357,9
12358,9
12359,6
12360,0
12361,9
12362,9
12363,1
12364,1
12365,1
12366,1
12367,1
12368,4
12369,1
12370,1
12371,9
12372,0
12373,1
12374,5
12375,4
12376,7
12377,4
12378,4
12379,2
12380,0
12381,6
12382,1
12383,9
12384,0
12385,0
12386,0
12387,0
12388,5
12389,9
12390,9
12391,9
12392,6
12393,2
12394,2
12395,0
12396,4
12397,7
12398,5
12399,1
12400,6
12401,2
12402,2
12403,9
12404,9
12405,5
12406,9
12407,1
12408,1
12409,4
12410,9
12411,1
12412,5
12413,0
12414,9
12415,9
12416,1
12417,9
12418,9
12419,1
12420,9
12421,1
12422,6
12423,1
12424,1
12425,4
12426,0
12427,4
12428,1
12429,7
12430,4
12431,9
12432,1
12433,4
12434,5
12435,9
12436,6
12437,1
12438,1
12439,1
12440,1
12441,9
12442,6
12443,4
12444,5
12445,5
12446,7
12447,9
12448,6
12449,2
12450,9
12451,9
12452,1
12453,7
12454,1
12455,1
12456,6
12457,4
12458,0
12459,9
12460,6
12461,6
12462,4
12463,5
12464,9
12465,2
12466,1
12467,4
12468,4
12469,4
12470,4
12471,4
12472,5
12473,0
12474,7
12475,4
12476,6
12477,6
12478,7
12479,2
12480,2
12481,1
12482,0
12483,7
12484,2
12485,0
12486,0
12487,4
12488,4
12489,4
12490,7
12491,2
12492,9
12493,2
12494,0
12495,0
12496,0
12497,2
12498,2
12499,2
12500,2
12501,2
12502,1
12503,5
12504,1
12505,5
12506,0
12507,0
12508,0
12509,6
12510,1
12511,7
12512,1
12513,2
12514,6
12515,6
12516,7
12517,7
12518,2
12519,6
12520,9
12521,0
12522,6
12523,1
12524,0
12525,8
12526,2
12527,7
12528,2
12529,7
12530,5
12531,7
12532,9
12533,1
12534,9
12535,1
12536,5
12537,9
12538,5
12539,5
12540,5
12541,5
12542,9
12543,5
12544,5
12545,5
12546,4
12547,5
12548,5
12549,0
12550,5
12551,0
12552,9
12553,0
12554,0
12555,2
12556,0
12557,2
12558,2
12559,5
12560,2
12561,2
12562,9
12563,4
12564,7
12565,7
12566,9
12567,2
12568,0
12569,0
12570,0
12571,4
12572,1
12573,2
12574,2
12575,2
12576,2
12577,2
12578,9
12579,6
12580,6
12581,6
12582,9
12583,0
12584,2
12585,4
12586,4
12587,0
12588,9
12589,1
12590,4
12591,4
12592,0
12593,1
12594,1
12595,1
12596,4
12597,1
12598,2
12599,6
12600,1
12601,6
12602,6
12603,2
12604,2
12605,7
12606,4
12607,9
12608,6
12609,6
12610,0
12611,0
12612,2
12613,2
12614,1
12615,4
12616,4
12617,4
12618,0
12619,0
12620,0
12621,2
12622,4
12623,6
12624,6
12625,2
12626,2
12627,2
12628,1
12629,5
12630,6
12631,1
12632,1
12633,2
12634,2
12635,0
12636,2
12637,2
12638,2
12639,2
12640,2
12641,2
12642,5
12643,7
12644,2
12645,2
12646,5
12647,9
12648,9
12649,2
12650,0
12651,2
12652,2
12653,0
12654,1
12655,2
12656,6
12657,1
12658,1
12659,2
12660,0
12661,0
12662,1
12663,2
12664,0
12665,4
12666,0
12667,0
12668,1
12669,9
12670,7
12671,2
12672,4
12673,2
12674,6
12675,4
12676,4
12677,0
12678,1
12679,2
12680,0
12681,0
12682,0
12683,2
12684,5
12685,5
12686,4
12687,5
12688,5
12689,5
12690,5
12691,5
12692,2
12693,1
12694,1
12695,1
12696,7
12697,1
12698,2
12699,2
12700,6
12701,0
12702,6
12703,1
12704,9
12705,7
12706,4
12707,1
12708,1
12709,6
12710,2
12711,1
12712,4
12713,1
12714,4
12715,6
12716,2
12717,1
12718,1
12719,1
12720,4
12721,4
12722,2
12723,7
12724,7
12725,4
12726,0
12727,4
12728,7
12729,6
12730,6
12731,2
12732,1
12733,9
12734,9
12735,2
12736,1
12737,1
12738,6
12739,0
12740,9
12741,6
12742,1
12743,9
12744,2
12745,2
12746,6
12747,6
12748,2
12749,2
12750,1
12751,9
12752,1
12753,1
12754,4
12755,2
12756,2
12757,1
12758,1
12759,1
12760,6
12761,5
12762,6
12763,6
12764,1
12765,4
12766,5
12767,1
12768,0
12769,0
12770,5
12771,1
12772,6
12773,1
12774,1
12775,2
12776,7
12777,7
12778,1
12779,7
12780,9
12781,2
12782,2
12783,2
12784,2
12785,2
12786,2
12787,5
12788,2
12789,6
12790,5
12791,2
12792,6
12793,1
12794,6
12795,1
12796,1
12797,2
12798,2
12799,2
12800,9
12801,2
12802,7
12803,7
12804,7
12805,2
12806,6
12807,2
12808,2
12809,2
12810,2
12811,0
12812,2
12813,2
12814,6
12815,2
12816,2
12817,1
12818,1
12819,1
12820,1
12821,4
12822,2
12823,5
12824,2
12825,2
12826,2
12827,2
12828,2
12829,2
12830,0
12831,7
12832,0
12833,4
12834,1
12835,9
12836,7
12837,0
12838,1
12839,6
12840,6
12841,6
12842,5
12843,4
12844,5
12845,6
12846,6
12847,6
12848,6
12849,4
12850,6
12851,6
12852,6
12853,1
12854,1
12855,1
12856,2
12857,5
12858,5
12859,1
12860,5
12861,1
12862,9
12863,0
12864,7
12865,6
12866,2
12867,1
12868,4
12869,6
12870,6
12871,1
12872,7
12873,6
12874,6
12875,6
12876,7
12877,6
12878,5
12879,5
12880,5
12881,2
12882,2
12883,2
12884,2
12885,7
12886,6
12887,7
12888,6
12889,7
12890,6
12891,6
12892,6
12893,6
12894,7
12895,2
12896,6
12897,6
12898,6
12899,7
12900,7
12901,2
12902,1
12903,6
12904,7
12905,2
12906,0
12907,0
12908,2
12909,1
12910,5
12911,7
12912,1
12913,1
12914,5
12915,2
12916,9
12917,6
12918,1
12919,2
12920,0
12921,2
12922,2
12923,2
12924,0
12925,0
12926,5
12927,2
12928,7
12929,6
12930,6
12931,6
12932,6
12933,7
12934,7
12935,7
12936,7
12937,7
12938,2
12939,2
12940,6
12941,6
12942,1
12943,7
12944,6
12945,7
12946,6
12947,7
12948,9
12949,2
12950,1
12951,7
12952,7
12953,7
12954,6
12955,7
12956,7
12957,2
12958,2
12959,5
12960,2
12961,2
12962,2
12963,2
12964,2
12965,1
12966,5
12967,7
12968,2
12969,6
12970,0
12971,5
12972,2
12973,2
12974,5
12975,2
12976,2
12977,4
12978,9
12979,4
12980,6
12981,2
12982,4
12983,4
12984,4
12985,4
12986,4
12987,2
12988,2
12989,2
12990,2
12991,6
12992,0
12993,2
12994,1
12995,2
12996,7
12997,1
12998,2
12999,0
13000,1
13001,1
13002,6
13003,6
13004,1
13005,2
13006,6
13007,0
13008,2
13009,2
13010,7
13011,6
13012,7
13013,7
13014,6
13015,9
13016,9
13017,1
13018,1
13019,2
13020,0
13021,4
13022,2
13023,9
13024,4
13025,2
13026,4
13027,4
13028,4
13029,0
13030,0
13031,0
13032,0
13033,0
13034,0
13035,0
13036,6
13037,1
13038,2
13039,2
13040,7
13041,6
13042,6
13043,9
13044,0
13045,0
13046,5
13047,7
13048,7
13049,7
13050,7
13051,7
13052,0
13053,4
13054,4
13055,6
13056,2
13057,7
13058,6
13059,7
13060,9
13061,0
13062,7
13063,6
13064,7
13065,7
13066,7
13067,6
13068,2
13069,2
13070,9
13071,2
13072,4
13073,4
13074,4
13075,4
13076,4
13077,1
13078,6
13079,2
13080,2
13081,2
13082,2
13083,2
13084,6
13085,6
13086,5
13087,2
13088,0
13089,7
13090,2
13091,1
13092,7
13093,9
13094,7
13095,9
13096,7
13097,4
13098,1
13099,9
13100,7
13101,2
13102,0
13103,0
13104,2
13105,2
13106,1
13107,6
13108,2
13109,7
13110,2
13111,2
13112,6
13113,5
13114,5
13115,6
13116,6
13117,0
13118,5
13119,5
13120,2
13121,1
13122,2
13123,2
13124,9
13125,6
13126,2
13127,5
13128,1
13129,6
13130,6
13131,6
13132,0
13133,6
13134,1
13135,1
13136,6
13137,6
13138,5
13139,5
13140,6
13141,7
13142,8
13143,2
13144,9
13145,6
13146,6
13147,9
13148,6
13149,2
13150,2
13151,2
13152,2
13153,1
13154,2
13155,1
13156,9
13157,2
13158,8
13159,6
13160,4
13161,5
13162,9
13163,9
13164,4
13165,7
13166,6
13167,0
13168,6
13169,6
13170,2
13171,5
13172,5
13173,5
13174,5
13175,2
13176,4
13177,2
13178,1
13179,2
13180,9
13181,1
13182,2
13183,6
13184,2
13185,4
13186,2
13187,1
13188,6
13189,1
13190,5
13191,5
13192,5
13193,5
13194,8
13195,9
13196,7
13197,1
13198,4
13199,6
13200,2
13201,4
13202,8
13203,1
13204,1
13205,6
13206,6
13207,1
13208,1
13209,1
13210,2
13211,2
13212,8
13213,1
13214,6
13215,1
13216,4
13217,1
13218,6
13219,7
13220,9
13221,6
13222,6
13223,2
13224,6
13225,7
13226,2
13227,6
13228,2
13229,2
13230,6
13231,4
13232,2
13233,7
13234,5
13235,2
13236,2
13237,0
13238,7
13239,7
13240,7
13241,2
13242,2
13243,6
13244,7
13245,7
13246,2
13247,2
13248,5
13249,9
13250,9
13251,9
13252,4
13253,0
13254,7
13255,7
13256,7
13257,7
13258,2
13259,7
13260,7
13261,6
13262,6
13263,6
13264,9
13265,1
13266,5
13267,4
13268,4
13269,6
13270,4
13271,0
13272,4
13273,6
13274,7
13275,2
13276,1
13277,1
13278,0
13279,7
13280,9
13281,7
13282,2
13283,2
13284,8
13285,1
13286,6
13287,9
13288,9
13289,9
13290,9
13291,7
13292,6
13293,2
13294,2
13295,4
13296,4
13297,6
13298,6
13299,4
13300,2
13301,2
13302,7
13303,6
13304,4
13305,6
13306,6
13307,4
13308,7
13309,9
13310,9
13311,6
13312,9
13313,6
13314,0
13315,7
13316,7
13317,7
13318,6
13319,9
13320,5
13321,1
13322,4
13323,7
13324,1
13325,9
13326,6
13327,6
13328,2
13329,9
13330,5
13331,7
13332,7
13333,7
13334,5
13335,7
13336,9
13337,9
13338,9
13339,9
13340,4
13341,4
13342,4
13343,1
13344,9
13345,2
13346,2
13347,7
13348,1
13349,5
13350,7
13351,2
13352,1
13353,2
13354,7
13355,6
13356,0
13357,0
13358,1
13359,5
13360,9
13361,2
13362,2
13363,2
13364,5
13365,0
13366,2
13367,2
13368,2
13369,0
13370,0
13371,2
13372,1
13373,6
13374,7
13375,2
13376,7
13377,7
13378,0
13379,6
13380,9
13381,9
13382,4
13383,9
13384,4
13385,1
13386,1
13387,4
13388,4
13389,1
13390,1
13391,4
13392,6
13393,1
13394,7
13395,1
13396,6
13397,7
13398,9
13399,1
13400,2
13401,2
13402,2
13403,2
13404,7
13405,7
13406,4
13407,4
13408,7
13409,5
13410,7
13411,6
13412,6
13413,0
13414,0
13415,5
13416,7
13417,5
13418,1
13419,9
13420,5
13421,4
13422,4
13423,4
13424,4
13425,0
13426,1
13427,1
13428,0
13429,0
13430,2
13431,2
13432,2
13433,5
13434,4
13435,2
13436,6
13437,1
13438,2
13439,7
13440,5
13441,5
13442,1
13443,6
13444,1
13445,1
13446,1
13447,2
13448,6
13449,6
13450,6
13451,6
13452,9
13453,2
13454,2
13455,6
13456,2
13457,2
13458,9
13459,6
13460,6
13461,2
13462,6
13463,0
13464,5
13465,5
13466,6
13467,5
13468,9
13469,7
13470,2
13471,1
13472,2
13473,2
13474,2
13475,1
13476,5
13477,9
13478,9
13479,5
13480,5
13481,9
13482,5
13483,4
13484,1
13485,5
13486,9
13487,5
13488,5
13489,5
13490,5
13491,5
13492,5
13493,5
13494,5
13495,5
13496,5
13497,5
13498,5
13499,5
13500,5
13501,5
13502,5
13503,5
13504,1
13505,1
13506,1
13507,7
13508,2
13509,7
13510,5
13511,4
13512,5
13513,5
13514,2
13515,2
13516,2
13517,2
13518,6
13519,2
13520,6
13521,5
13522,6
13523,2
13524,2
13525,4
13526,2
13527,2
13528,2
13529,4
13530,2
13531,4
13532,4
13533,4
13534,7
13535,7
13536,1
13537,2
13538,6
13539,6
13540,6
13541,0
13542,1
13543,2
13544,0
13545,6
13546,7
13547,5
13548,4
13549,9
13550,2
13551,7
13552,6
13553,2
13554,9
13555,2
13556,2
13557,6
13558,9
13559,5
13560,1
13561,1
13562,9
13563,6
13564,2
13565,2
13566,7
13567,9
13568,4
13569,2
13570,6
13571,0
13572,2
13573,1
13574,6
13575,9
13576,2
13577,6
13578,5
13579,5
13580,1
13581,2
13582,0
13583,0
13584,7
13585,7
13586,0
13587,0
13588,9
13589,6
13590,6
13591,6
13592,1
13593,9
13594,9
13595,6
13596,2
13597,4
13598,9
13599,6
13600,0
13601,4
13602,1
13603,4
13604,9
13605,0
13606,0
13607,9
13608,7
13609,4
13610,2
13611,6
13612,6
13613,9
13614,9
13615,9
13616,0
13617,7
13618,2
13619,2
13620,7
13621,7
13622,7
13623,7
13624,2
13625,2
13626,2
13627,1
13628,0
13629,4
13630,1
13631,2
13632,7
13633,7
13634,7
13635,7
13636,7
13637,7
13638,7
13639,1
13640,1
13641,9
13642,5
13643,9
13644,9
13645,9
13646,1
13647,2
13648,6
13649,2
13650,4
13651,4
13652,2
13653,1
13654,7
13655,5
13656,5
13657,7
13658,1
13659,9
13660,2
13661,7
13662,9
13663,2
13664,1
13665,2
13666,0
13667,2
13668,1
13669,5
13670,1
13671,1
13672,2
13673,1
13674,6
13675,2
13676,1
13677,0
13678,7
13679,1
13680,2
13681,2
13682,2
13683,7
13684,5
13685,1
13686,2
13687,2
13688,2
13689,2
13690,0
13691,1
13692,1
13693,7
13694,2
13695,1
13696,2
13697,1
13698,9
13699,2
13700,1
13701,2
13702,2
13703,1
13704,2
13705,6
13706,2
13707,2
13708,7
13709,2
13710,2
13711,2
13712,2
13713,1
13714,1
13715,1
13716,7
13717,7
13718,4
13719,7
13720,7
13721,7
13722,9
13723,2
13724,6
13725,9
13726,9
13727,9
13728,1
13729,2
13730,7
13731,7
13732,1
13733,7
13734,0
13735,0
13736,0
13737,0
13738,1
13739,0
13740,1
13741,0
13742,0
13743,2
13744,2
13745,6
13746,2
13747,2
13748,6
13749,2
13750,6
13751,6
13752,1
13753,6
13754,6
13755,9
13756,1
13757,4
13758,1
13759,0
13760,2
13761,0
13762,0
13763,0
13764,5
13765,0
13766,5
13767,7
13768,0
13769,1
13770,0
13771,6
13772,0
13773,4
13774,2
13775,2
13776,2
13777,6
13778,0
13779,6
13780,1
13781,4
13782,6
13783,6
13784,6
13785,6
13786,6
13787,6
13788,6
13789,6
13790,9
13791,1
13792,1
13793,6
13794,6
13795,0
13796,0
13797,0
13798,5
13799,6
13800,6
13801,9
13802,9
13803,0
13804,0
13805,0
13806,0
13807,0
13808,9
13809,2
13810,2
13811,2
13812,2
13813,2
13814,2
13815,0
13816,2
13817,0
13818,0
13819,7
13820,2
13821,4
13822,9
13823,9
13824,6
13825,9
13826,5
13827,7
13828,1
13829,7
13830,2
13831,1
13832,7
13833,0
13834,0
13835,0
13836,0
13837,1
13838,5
13839,0
13840,2
13841,7
13842,9
13843,9
13844,9
13845,1
13846,7
13847,1
13848,2
13849,2
13850,2
13851,5
13852,9
13853,2
13854,0
13855,2
13856,2
13857,6
13858,2
13859,0
13860,5
13861,4
13862,5
13863,1
13864,5
13865,9
13866,9
13867,1
13868,7
13869,5
13870,6
13871,2
13872,1
13873,6
13874,7
13875,7
13876,6
13877,1
13878,6
13879,9
13880,7
13881,2
13882,2
13883,9
13884,1
13885,9
13886,9
13887,9
13888,9
13889,9
13890,9
13891,9
13892,7
13893,9
13894,9
13895,9
13896,9
13897,2
13898,7
13899,6
13900,2
13901,9
13902,7
13903,7
13904,9
13905,9
13906,9
13907,5
13908,9
13909,4
13910,7
13911,7
13912,2
13913,6
13914,9
13915,6
13916,6
13917,4
13918,4
13919,0
13920,2
13921,6
13922,0
13923,6
13924,6
13925,0
13926,9
13927,2
13928,7
13929,6
13930,7
13931,4
13932,4
13933,0
13934,9
13935,9
13936,9
13937,7
13938,9
13939,1
13940,7
13941,9
13942,4
13943,9
13944,9
13945,6
13946,0
13947,7
13948,9
13949,9
13950,0
13951,9
13952,2
13953,6
13954,6
13955,6
13956,9
13957,9
13958,7
13959,9
13960,9
13961,4
13962,4
13963,7
13964,7
13965,1
13966,0
13967,7
13968,6
13969,0
13970,4
13971,1
13972,6
13973,7
13974,9
13975,9
13976,9
13977,4
13978,7
13979,9
13980,7
13981,7
13982,7
13983,9
13984,9
13985,9
13986,9
13987,7
13988,9
13989,9
13990,9
13991,9
13992,0
13993,6
13994,9
13995,7
13996,7
13997,2
13998,4
13999,2
14000,6
14001,9
14002,7
14003,9
14004,9
14005,9
14006,7
14007,1
14008,7
14009,5
14010,9
14011,5
14012,9
14013,2
14014,1
14015,1
14016,1
14017,1
14018,5
14019,4
14020,1
14021,7
14022,7
14023,1
14024,6
14025,0
14026,0
14027,0
14028,0
14029,6
14030,1
14031,1
14032,1
14033,7
14034,7
14035,1
14036,1
14037,7
14038,7
14039,1
14040,4
14041,9
14042,6
14043,0
14044,7
14045,7
14046,0
14047,0
14048,0
14049,9
14050,2
14051,2
14052,7
14053,2
14054,7
14055,9
14056,0
14057,1
14058,4
14059,4
14060,6
14061,4
14062,1
14063,0
14064,2
14065,2
14066,6
14067,6
14068,6
14069,2
14070,0
14071,7
14072,2
14073,9
14074,6
14075,2
14076,4
14077,2
14078,2
14079,2
14080,4
14081,2
14082,6
14083,7
14084,2
14085,7
14086,1
14087,9
14088,7
14089,2
14090,9
14091,6
14092,6
14093,7
14094,9
14095,6
14096,9
14097,7
14098,7
14099,2
14100,6
14101,9
14102,9
14103,0
14104,9
14105,9
14106,1
14107,1
14108,1
14109,9
14110,2
14111,9
14112,2
14113,9
14114,9
14115,9
14116,2
14117,7
14118,9
14119,2
14120,2
14121,2
14122,6
14123,0
14124,0
14125,0
14126,0
14127,0
14128,6
14129,6
14130,6
14131,2
14132,7
14133,2
14134,6
14135,6
14136,9
14137,9
14138,2
14139,9
14140,0
14141,6
14142,4
14143,0
14144,1
14145,1
14146,9
14147,0
14148,2
14149,2
14150,9
14151,4
14152,5
14153,7
14154,1
14155,5
14156,5
14157,4
14158,5
14159,0
14160,2
14161,2
14162,0
14163,0
14164,1
14165,1
14166,2
14167,2
14168,2
14169,0
14170,2
14171,2
14172,1
14173,2
14174,2
14175,2
14176,5
14177,7
14178,7
14179,1
14180,7
14181,2
14182,2
14183,2
14184,2
14185,0
14186,4
14187,5
14188,5
14189,1
14190,1
14191,2
14192,2
14193,0
14194,2
14195,0
14196,6
14197,5
14198,6
14199,2
14200,6
14201,2
14202,2
14203,7
14204,4
14205,4
14206,5
14207,5
14208,2
14209,2
14210,0
14211,0
14212,2
14213,1
14214,2
14215,2
14216,1
14217,1
14218,0
14219,2
14220,7
14221,2
14222,2
14223,1
14224,7
14225,1
14226,7
14227,7
14228,7
14229,4
14230,7
14231,4
14232,7
14233,0
14234,0
14235,2
14236,2
14237,2
14238,7
14239,2
14240,2
14241,2
14242,2
14243,1
14244,7
14245,7
14246,2
14247,0
14248,5
14249,2
14250,7
14251,9
14252,7
14253,7
14254,7
14255,7
14256,0
14257,6
14258,6
14259,6
14260,0
14261,7
14262,6
14263,6
14264,7
14265,0
14266,0
14267,6
14268,2
14269,0
14270,2
14271,0
14272,7
14273,7
14274,4
14275,5
14276,5
14277,5
14278,2
14279,1
14280,2
14281,4
14282,1
14283,1
14284,0
14285,5
14286,1
14287,2
14288,0
14289,9
14290,7
14291,2
14292,5
14293,9
14294,4
14295,7
14296,5
14297,0
14298,6
14299,9
14300,9
14301,2
14302,2
14303,2
14304,2
14305,2
14306,7
14307,7
14308,7
14309,2
14310,0
14311,2
14312,0
14313,2
14314,9
14315,1
14316,4
14317,4
14318,5
14319,0
14320,1
14321,1
14322,6
14323,6
14324,1
14325,0
14326,4
14327,0
14328,6
14329,0
14330,0
14331,1
14332,7
14333,7
14334,7
14335,7
14336,7
14337,2
14338,1
14339,7
14340,5
14341,2
14342,2
14343,9
14344,5
14345,2
14346,4
14347,5
14348,4
14349,1
14350,4
14351,1
14352,7
14353,9
14354,9
14355,0
14356,2
14357,5
14358,1
14359,0
14360,4
14361,2
14362,2
14363,7
14364,6
14365,6
14366,1
14367,2
14368,2
14369,2
14370,2
14371,4
14372,2
14373,2
14374,0
14375,0
14376,0
