sample_id,cluster
0,2
1,2
2,2
3,2
4,0
5,1
6,2
7,0
8,2
9,0
10,0
11,0
12,0
13,0
14,0
15,0
16,2
17,0
18,1
19,1
20,2
21,0
22,2
23,0
24,1
25,2
26,1
27,1
28,2
29,1
30,1
31,1
32,1
33,2
34,1
35,2
36,2
37,0
38,1
39,1
40,1
41,2
42,2
43,2
44,2
45,2
46,1
47,2
48,0
49,2
50,0
51,0
52,1
53,2
54,1
55,1
56,2
57,2
58,1
59,0
60,1
61,0
62,0
63,2
64,0
65,1
66,1
67,1
68,1
69,0
70,1
71,0
72,1
73,0
74,1
75,0
76,2
77,0
78,0
79,0
80,1
81,2
82,1
83,2
84,1
85,2
86,1
87,2
88,0
89,2
90,1
91,2
92,1
93,0
94,1
95,0
96,1
97,0
98,2
99,0
100,1
101,2
102,2
103,2
104,1
105,2
106,1
107,2
108,0
109,1
110,1
111,1
112,1
113,2
114,1
115,2
116,1
117,2
118,2
119,0
120,2
121,2
122,1
123,1
124,1
125,0
126,1
127,0
128,2
129,1
130,1
131,0
132,0
133,2
134,1
135,2
136,0
137,1
138,0
139,1
140,0
141,1
142,0
143,0
144,2
145,1
146,2
147,2
148,0
149,0
150,2
151,1
152,0
153,2
154,1
155,1
156,2
157,0
158,2
159,2
160,1
161,2
162,1
163,2
164,0
165,0
166,1
167,0
168,2
169,2
170,1
171,2
172,1
173,2
174,2
175,2
176,0
177,2
178,0
179,2
180,0
181,2
182,0
183,0
184,0
185,0
186,0
187,0
188,0
189,1
190,0
191,2
192,0
193,2
194,0
195,1
196,1
197,2
198,1
199,1
200,1
201,1
202,1
203,0
204,2
205,1
206,1
207,0
208,0
209,0
210,0
211,0
212,1
213,0
214,1
215,1
216,1
217,0
218,1
219,2
220,1
221,2
222,1
223,2
224,1
225,2
226,1
227,2
228,1
229,2
230,0
231,0
232,1
233,2
234,1
235,2
236,1
237,2
238,2
239,2
240,0
241,2
242,0
243,0
244,2
245,1
246,1
247,0
248,1
249,2
250,0
251,1
252,0
253,0
254,1
255,0
256,2
257,0
258,2
259,0
260,0
261,0
262,1
263,0
264,1
265,1
266,1
267,0
268,1
269,0
270,2
271,0
272,2
273,2
274,0
275,1
276,2
277,0
278,1
279,1
280,2
281,2
282,0
283,0
284,1
285,1
286,0
287,2
288,0
289,1
290,1
291,0
292,0
293,2
294,1
295,1
296,1
297,2
298,1
299,1
300,1
301,1
302,0
303,0
304,1
305,0
306,0
307,0
308,0
309,2
310,0
311,0
312,0
313,2
314,0
315,2
316,1
317,1
318,0
319,2
320,2
321,0
322,0
323,0
324,2
325,0
326,1
327,0
328,1
329,0
330,1
331,2
332,1
333,1
334,1
335,2
336,1
337,2
338,0
339,2
340,1
341,1
342,1
343,1
344,1
345,1
346,2
347,1
348,0
349,1
350,1
351,1
352,0
353,1
354,0
355,1
356,0
357,1
358,1
359,1
360,0
361,1
362,0
363,1
364,0
365,1
366,0
367,1
368,0
369,1
370,0
371,1
372,1
373,1
374,0
375,1
376,0
377,1
378,0
379,1
380,1
381,0
382,0
383,0
384,0
385,0
386,1
387,0
388,0
389,1
390,0
391,1
392,0
393,2
394,0
395,1
396,0
397,1
398,0
399,0
400,0
401,2
402,0
403,1
404,0
405,2
406,0
407,1
408,0
409,1
410,0
411,1
412,0
413,0
414,0
415,1
416,0
417,1
418,0
419,1
420,0
421,2
422,0
423,1
424,0
425,1
426,0
427,1
428,2
429,0
430,0
431,2
432,1
433,2
434,1
435,0
436,1
437,0
438,0
439,0
440,0
441,2
442,1
443,0
444,1
445,0
446,0
447,2
448,0
449,0
450,0
451,2
452,0
453,0
454,0
455,2
456,0
457,0
458,1
459,0
460,0
461,1
462,0
463,0
464,0
465,1
466,1
467,0
468,1
469,0
470,0
471,0
472,0
473,0
474,2
475,0
476,0
477,0
478,0
479,0
480,0
481,1
482,0
483,0
484,0
485,2
486,0
487,1
488,0
489,0
490,0
491,1
492,0
493,1
494,0
495,0
496,0
497,0
498,0
499,1
500,0
501,0
502,2
503,0
504,0
505,0
506,1
507,0
508,1
509,0
510,0
511,0
512,1
513,0
514,1
515,0
516,0
517,1
518,0
519,1
520,0
521,1
522,0
523,1
524,0
525,1
526,0
527,1
528,0
529,0
530,0
531,1
532,0
533,1
534,0
535,1
536,0
537,0
538,0
539,0
540,0
541,1
542,0
543,0
544,0
545,1
546,0
547,1
548,0
549,1
550,0
551,0
552,0
553,1
554,0
555,0
556,0
557,0
558,2
559,0
560,2
561,0
562,2
563,0
564,1
565,0
566,1
567,0
568,0
569,0
570,2
571,0
572,2
573,0
574,1
575,0
576,2
577,0
578,2
579,0
580,1
581,0
582,2
583,0
584,2
585,0
586,2
587,0
588,2
589,0
590,2
591,0
592,2
593,1
594,2
595,1
596,2
597,0
598,0
599,2
600,2
601,2
602,1
603,2
604,2
605,2
606,0
607,1
608,2
609,2
610,1
611,2
612,1
613,2
614,1
615,2
616,0
617,2
618,2
619,1
620,1
621,2
622,0
623,1
624,1
625,2
626,1
627,2
628,2
629,1
630,0
631,2
632,1
633,2
634,0
635,2
636,0
637,2
638,0
639,2
640,0
641,0
642,0
643,1
644,0
645,2
646,0
647,2
648,0
649,1
650,0
651,1
652,2
653,1
654,1
655,0
656,2
657,0
658,2
659,2
660,2
661,0
662,2
663,0
664,0
665,2
666,0
667,2
668,0
669,2
670,0
671,2
672,1
673,2
674,0
675,2
676,0
677,2
678,0
679,2
680,0
681,1
682,0
683,2
684,0
685,2
686,1
687,2
688,0
689,2
690,0
691,1
692,1
693,2
694,1
695,2
696,1
697,1
698,0
699,1
700,0
701,2
702,0
703,2
704,0
705,2
706,0
707,0
708,2
709,0
710,2
711,2
712,2
713,0
714,2
715,0
716,2
717,0
718,0
719,0
720,2
721,0
722,0
723,0
724,1
725,0
726,2
727,0
728,1
729,0
730,0
731,0
732,1
733,0
734,2
735,1
736,0
737,0
738,0
739,0
740,0
741,0
742,1
743,0
744,1
745,0
746,2
747,0
748,2
749,0
750,1
751,1
752,2
753,1
754,2
755,1
756,1
757,0
758,2
759,0
760,2
761,0
762,2
763,2
764,2
765,0
766,0
767,0
768,2
769,0
770,2
771,0
772,2
773,0
774,2
775,0
776,2
777,0
778,0
779,1
780,2
781,0
782,2
783,0
784,2
785,0
786,1
787,0
788,2
789,0
790,1
791,0
792,0
793,0
794,2
795,0
796,0
797,0
798,1
799,1
800,2
801,0
802,2
803,2
804,0
805,2
806,0
807,2
808,0
809,2
810,0
811,2
812,2
813,2
814,2
815,0
816,2
817,0
818,0
819,0
820,0
821,0
822,2
823,1
824,2
825,1
826,2
827,0
828,2
829,0
830,2
831,0
832,1
833,0
834,2
835,0
836,2
837,0
838,2
839,0
840,2
841,0
842,2
843,0
844,2
845,0
846,1
847,0
848,2
849,2
850,2
851,0
852,2
853,0
854,2
855,0
856,2
857,0
858,2
859,0
860,2
861,0
862,0
863,0
864,1
865,0
866,0
867,1
868,0
869,1
870,0
871,0
872,0
873,0
874,2
875,0
876,0
877,0
878,0
879,0
880,0
881,1
882,0
883,0
884,0
885,0
886,1
887,0
888,1
889,0
890,1
891,0
892,1
893,0
894,1
895,0
896,1
897,0
898,0
899,0
900,0
901,0
902,1
903,0
904,1
905,0
906,1
907,0
908,0
909,0
910,0
911,0
912,0
913,0
914,0
915,1
916,0
917,1
918,0
919,0
920,1
921,1
922,0
923,0
924,0
925,0
926,1
927,0
928,1
929,2
930,1
931,0
932,1
933,0
934,2
935,0
936,0
937,0
938,0
939,0
940,2
941,0
942,2
943,1
944,2
945,1
946,2
947,0
948,2
949,0
950,2
951,0
952,2
953,0
954,2
955,0
956,1
957,0
958,2
959,2
960,2
961,2
962,1
963,0
964,1
965,1
966,0
967,0
968,0
969,0
970,2
971,1
972,2
973,2
974,2
975,2
976,2
977,0
978,2
979,0
980,2
981,0
982,2
983,0
984,2
985,0
986,2
987,0
988,2
989,2
990,2
991,0
992,2
993,0
994,2
995,0
996,2
997,0
998,0
999,0
1000,0
1001,0
1002,0
1003,0
1004,2
1005,0
1006,2
1007,0
1008,0
1009,0
1010,2
1011,0
1012,1
1013,0
1014,0
1015,0
1016,1
1017,0
1018,2
1019,0
1020,2
1021,2
1022,2
1023,0
1024,2
1025,0
1026,1
1027,0
1028,2
1029,0
1030,2
1031,0
1032,2
1033,0
1034,0
1035,0
1036,2
1037,0
1038,2
1039,0
1040,2
1041,2
1042,0
1043,2
1044,2
1045,2
1046,2
1047,1
1048,1
1049,1
1050,1
1051,2
1052,2
1053,1
1054,1
1055,2
1056,0
1057,2
1058,2
1059,0
1060,2
1061,1
1062,2
1063,2
1064,2
1065,1
1066,2
1067,1
1068,0
1069,1
1070,1
1071,0
1072,1
1073,0
1074,2
1075,1
1076,1
1077,1
1078,2
1079,2
1080,2
1081,1
1082,1
1083,2
1084,0
1085,1
1086,1
1087,2
1088,2
1089,1
1090,1
1091,2
1092,0
1093,0
1094,1
1095,1
1096,1
1097,1
1098,0
1099,1
1100,0
1101,0
1102,1
1103,1
1104,0
1105,1
1106,0
1107,1
1108,1
1109,1
1110,0
1111,1
1112,0
1113,1
1114,0
1115,0
1116,1
1117,0
1118,0
1119,0
1120,2
1121,2
1122,0
1123,1
1124,0
1125,0
1126,2
1127,2
1128,1
1129,2
1130,2
1131,0
1132,1
1133,0
1134,1
1135,1
1136,2
1137,0
1138,2
1139,0
1140,2
1141,0
1142,0
1143,2
1144,1
1145,2
1146,0
1147,0
1148,0
1149,2
1150,0
1151,2
1152,0
1153,0
1154,0
1155,2
1156,0
1157,0
1158,0
1159,0
1160,1
1161,2
1162,0
1163,1
1164,0
1165,1
1166,0
1167,2
1168,0
1169,2
1170,0
1171,0
1172,0
1173,0
1174,0
1175,0
1176,0
1177,0
1178,0
1179,0
1180,0
1181,1
1182,1
1183,0
1184,0
1185,2
1186,1
1187,2
1188,0
1189,2
1190,0
1191,2
1192,0
1193,0
1194,0
1195,2
1196,1
1197,0
1198,1
1199,0
1200,0
1201,0
1202,0
1203,0
1204,0
1205,2
1206,1
1207,0
1208,0
1209,0
1210,0
1211,1
1212,0
1213,0
1214,1
1215,1
1216,0
1217,1
1218,1
1219,0
1220,0
1221,2
1222,0
1223,0
1224,1
1225,0
1226,0
1227,0
1228,1
1229,0
1230,1
1231,1
1232,1
1233,1
1234,2
1235,0
1236,2
1237,0
1238,0
1239,0
1240,2
1241,2
1242,0
1243,0
1244,0
1245,0
1246,0
1247,1
1248,0
1249,2
1250,0
1251,2
1252,1
1253,2
1254,1
1255,1
1256,0
1257,1
1258,0
1259,0
1260,2
1261,1
1262,0
1263,2
1264,0
1265,2
1266,0
1267,2
1268,0
1269,2
1270,0
1271,2
1272,0
1273,2
1274,2
1275,0
1276,2
1277,1
1278,2
1279,0
1280,2
1281,1
1282,2
1283,0
1284,2
1285,1
1286,1
1287,0
1288,2
1289,2
1290,2
1291,0
1292,2
1293,2
1294,2
1295,2
1296,2
1297,0
1298,2
1299,2
1300,2
1301,0
1302,1
1303,0
1304,2
1305,0
1306,1
1307,2
1308,2
1309,0
1310,2
1311,0
1312,2
1313,2
1314,1
1315,2
1316,1
1317,2
1318,0
1319,1
1320,0
1321,2
1322,2
1323,0
1324,1
1325,1
1326,1
1327,1
1328,2
1329,0
1330,0
1331,0
1332,0
1333,0
1334,2
1335,2
1336,2
1337,0
1338,2
1339,2
1340,0
1341,2
1342,1
1343,2
1344,1
1345,2
1346,1
1347,2
1348,2
1349,2
1350,0
1351,2
1352,1
1353,2
1354,2
1355,2
1356,1
1357,2
1358,1
1359,1
1360,1
1361,1
1362,2
1363,0
1364,2
1365,2
1366,1
1367,2
1368,1
1369,0
1370,2
1371,0
1372,2
1373,2
1374,0
1375,0
1376,0
1377,2
1378,1
1379,2
1380,1
1381,2
1382,0
1383,2
1384,1
1385,2
1386,2
1387,2
1388,0
1389,1
1390,1
1391,2
1392,0
1393,0
1394,1
1395,0
1396,1
1397,1
1398,1
1399,1
1400,2
1401,2
1402,2
1403,2
1404,0
1405,2
1406,2
1407,2
1408,1
1409,2
1410,1
1411,0
1412,2
1413,2
1414,2
1415,2
1416,1
1417,0
1418,1
1419,0
1420,2
1421,2
1422,2
1423,2
1424,2
1425,2
1426,1
1427,2
1428,1
1429,2
1430,1
1431,2
1432,1
1433,2
1434,1
1435,2
1436,1
1437,0
1438,1
1439,2
1440,2
1441,2
1442,1
1443,2
1444,0
1445,1
1446,0
1447,2
1448,2
1449,2
1450,2
1451,2
1452,1
1453,1
1454,0
1455,2
1456,2
1457,1
1458,2
1459,1
1460,2
1461,2
1462,2
1463,1
1464,2
1465,1
1466,1
1467,1
1468,1
1469,1
1470,1
1471,2
1472,0
1473,1
1474,0
1475,0
1476,1
1477,1
1478,2
1479,1
1480,0
1481,0
1482,2
1483,0
1484,2
1485,0
1486,1
1487,1
1488,2
1489,0
1490,2
1491,1
1492,2
1493,1
1494,1
1495,0
1496,2
1497,1
1498,2
1499,1
1500,1
1501,0
1502,1
1503,1
1504,2
1505,0
1506,1
1507,1
1508,1
1509,1
1510,2
1511,1
1512,1
1513,2
1514,0
1515,2
1516,1
1517,0
1518,0
1519,2
1520,0
1521,1
1522,1
1523,2
1524,1
1525,1
1526,1
1527,0
1528,1
1529,1
1530,0
1531,1
1532,1
1533,0
1534,1
1535,2
1536,0
1537,0
1538,1
1539,0
1540,1
1541,2
1542,2
1543,0
1544,1
1545,2
1546,1
1547,2
1548,0
1549,1
1550,1
1551,2
1552,2
1553,1
1554,2
1555,2
1556,0
1557,1
1558,2
1559,1
1560,2
1561,1
1562,0
1563,0
1564,0
1565,2
1566,2
1567,1
1568,0
1569,1
1570,2
1571,1
1572,2
1573,1
1574,0
1575,1
1576,1
1577,1
1578,2
1579,1
1580,2
1581,1
1582,2
1583,1
1584,2
1585,1
1586,1
1587,1
1588,2
1589,1
1590,2
1591,1
1592,0
1593,1
1594,1
1595,1
1596,1
1597,1
1598,1
1599,1
1600,0
1601,1
1602,2
1603,1
1604,2
1605,1
1606,2
1607,1
1608,1
1609,1
1610,0
1611,1
1612,2
1613,1
1614,1
1615,1
1616,2
1617,1
1618,2
1619,1
1620,1
1621,2
1622,1
1623,2
1624,2
1625,1
1626,2
1627,0
1628,1
1629,0
1630,1
1631,1
1632,1
1633,1
1634,2
1635,1
1636,2
1637,1
1638,2
1639,2
1640,2
1641,1
1642,2
1643,1
1644,1
1645,1
1646,1
1647,1
1648,1
1649,1
1650,1
1651,1
1652,1
1653,1
1654,1
1655,1
1656,0
1657,1
1658,1
1659,1
1660,2
1661,1
1662,1
1663,1
1664,1
1665,2
1666,2
1667,1
1668,2
1669,2
1670,2
1671,2
1672,1
1673,1
1674,1
1675,1
1676,1
1677,2
1678,1
1679,1
1680,1
1681,1
1682,1
1683,2
1684,1
1685,1
1686,1
1687,1
1688,1
1689,1
1690,2
1691,1
1692,1
1693,1
1694,1
1695,1
1696,0
1697,2
1698,1
1699,1
1700,1
1701,2
1702,2
1703,0
1704,0
1705,0
1706,2
1707,2
1708,2
1709,0
1710,2
1711,0
1712,1
1713,0
1714,2
1715,0
1716,2
1717,0
1718,0
1719,0
1720,0
1721,1
1722,0
1723,1
1724,0
1725,1
1726,0
1727,1
1728,0
1729,1
1730,2
1731,0
1732,2
1733,2
1734,2
1735,2
1736,2
1737,0
1738,1
1739,0
1740,1
1741,2
1742,0
1743,0
1744,1
1745,2
1746,1
1747,0
1748,1
1749,2
1750,2
1751,2
1752,2
1753,0
1754,2
1755,0
1756,0
1757,1
1758,2
1759,0
1760,2
1761,1
1762,2
1763,1
1764,2
1765,1
1766,1
1767,1
1768,2
1769,2
1770,0
1771,2
1772,1
1773,0
1774,0
1775,2
1776,2
1777,2
1778,2
1779,2
1780,0
1781,2
1782,1
1783,1
1784,0
1785,0
1786,0
1787,0
1788,0
1789,2
1790,0
1791,2
1792,2
1793,2
1794,1
1795,2
1796,0
1797,2
1798,0
1799,2
1800,2
1801,0
1802,1
1803,0
1804,1
1805,2
1806,0
1807,2
1808,1
1809,2
1810,2
1811,0
1812,0
1813,0
1814,0
1815,0
1816,1
1817,2
1818,1
1819,1
1820,0
1821,2
1822,0
1823,2
1824,2
1825,1
1826,1
1827,2
1828,2
1829,1
1830,2
1831,1
1832,2
1833,2
1834,2
1835,2
1836,2
1837,2
1838,2
1839,2
1840,2
1841,2
1842,2
1843,2
1844,0
1845,2
1846,2
1847,0
1848,2
1849,1
1850,1
1851,1
1852,2
1853,1
1854,1
1855,2
1856,2
1857,0
1858,2
1859,0
1860,2
1861,0
1862,2
1863,0
1864,0
1865,0
1866,2
1867,0
1868,2
1869,0
1870,1
1871,1
1872,2
1873,0
1874,2
1875,0
1876,1
1877,0
1878,2
1879,0
1880,2
1881,0
1882,0
1883,0
1884,2
1885,0
1886,2
1887,2
1888,2
1889,2
1890,2
1891,2
1892,0
1893,2
1894,0
1895,1
1896,0
1897,1
1898,0
1899,1
1900,2
1901,2
1902,0
1903,0
1904,2
1905,1
1906,2
1907,2
1908,2
1909,1
1910,2
1911,1
1912,2
1913,2
1914,0
1915,2
1916,2
1917,2
1918,2
1919,2
1920,2
1921,2
1922,2
1923,1
1924,1
1925,1
1926,2
1927,1
1928,2
1929,1
1930,2
1931,2
1932,2
1933,0
1934,1
1935,0
1936,1
1937,2
1938,0
1939,2
1940,0
1941,2
1942,1
1943,1
1944,0
1945,2
1946,2
1947,0
1948,1
1949,2
1950,1
1951,0
1952,2
1953,2
1954,2
1955,0
1956,2
1957,2
1958,0
1959,2
1960,2
1961,2
1962,2
1963,2
1964,0
1965,2
1966,2
1967,2
1968,1
1969,2
1970,0
1971,2
1972,0
1973,2
1974,2
1975,0
1976,0
1977,2
1978,1
1979,1
1980,0
1981,1
1982,2
1983,1
1984,2
1985,0
1986,0
1987,0
1988,2
1989,2
1990,1
1991,2
1992,2
1993,1
1994,0
1995,2
1996,2
1997,2
1998,0
1999,2
2000,1
2001,2
2002,1
2003,2
2004,0
2005,0
2006,0
2007,2
2008,0
2009,2
2010,1
2011,2
2012,0
2013,2
2014,0
2015,2
2016,0
2017,2
2018,2
2019,2
2020,2
2021,1
2022,2
2023,2
2024,2
2025,0
2026,2
2027,1
2028,2
2029,0
2030,2
2031,1
2032,2
2033,1
2034,1
2035,0
2036,2
2037,1
2038,2
2039,1
2040,2
2041,2
2042,2
2043,0
2044,2
2045,1
2046,1
2047,2
2048,2
2049,2
2050,2
2051,0
2052,2
2053,1
2054,2
2055,0
2056,0
2057,2
2058,2
2059,2
2060,0
2061,2
2062,1
2063,2
2064,1
2065,2
2066,1
2067,2
2068,0
2069,2
2070,0
2071,2
2072,2
2073,2
2074,0
2075,2
2076,2
2077,2
2078,0
2079,2
2080,2
2081,2
2082,1
2083,2
2084,1
2085,2
2086,1
2087,2
2088,2
2089,2
2090,2
2091,2
2092,1
2093,2
2094,0
2095,2
2096,1
2097,0
2098,2
2099,2
2100,2
2101,2
2102,0
2103,2
2104,0
2105,2
2106,0
2107,0
2108,2
2109,0
2110,0
2111,2
2112,1
2113,0
2114,1
2115,2
2116,2
2117,0
2118,2
2119,2
2120,1
2121,2
2122,2
2123,2
2124,2
2125,2
2126,0
2127,2
2128,1
2129,2
2130,1
2131,1
2132,1
2133,2
2134,0
2135,2
2136,1
2137,1
2138,1
2139,1
2140,2
2141,0
2142,1
2143,0
2144,0
2145,1
2146,0
2147,2
2148,0
2149,0
2150,1
2151,0
2152,0
2153,1
2154,0
2155,2
2156,0
2157,2
2158,0
2159,2
2160,0
2161,0
2162,1
2163,1
2164,1
2165,1
2166,0
2167,1
2168,0
2169,1
2170,1
2171,1
2172,0
2173,1
2174,1
2175,1
2176,1
2177,0
2178,0
2179,0
2180,0
2181,2
2182,1
2183,1
2184,1
2185,1
2186,1
2187,1
2188,1
2189,1
2190,1
2191,1
2192,1
2193,1
2194,1
2195,1
2196,1
2197,1
2198,1
2199,1
2200,1
2201,1
2202,1
2203,1
2204,1
2205,1
2206,1
2207,1
2208,1
2209,1
2210,1
2211,1
2212,0
2213,0
2214,1
2215,1
2216,2
2217,1
2218,0
2219,1
2220,1
2221,0
2222,0
2223,0
2224,1
2225,1
2226,1
2227,1
2228,1
2229,1
2230,1
2231,1
2232,1
2233,1
2234,1
2235,2
2236,2
2237,2
2238,2
2239,1
2240,0
2241,1
2242,1
2243,1
2244,1
2245,1
2246,1
2247,2
2248,2
2249,2
2250,1
2251,2
2252,0
2253,2
2254,2
2255,2
2256,1
2257,1
2258,2
2259,2
2260,2
2261,2
2262,2
2263,1
2264,1
2265,2
2266,2
2267,1
2268,1
2269,0
2270,2
2271,0
2272,0
2273,1
2274,1
2275,2
2276,1
2277,1
2278,1
2279,2
2280,2
2281,1
2282,1
2283,1
2284,2
2285,0
2286,2
2287,2
2288,1
2289,1
2290,1
2291,1
2292,1
2293,1
2294,1
2295,2
2296,1
2297,1
2298,1
2299,2
2300,1
2301,1
2302,2
2303,0
2304,1
2305,2
2306,2
2307,0
2308,0
2309,0
2310,2
2311,0
2312,2
2313,0
2314,0
2315,2
2316,2
2317,0
2318,2
2319,2
2320,0
2321,2
2322,0
2323,0
2324,0
2325,0
2326,0
2327,2
2328,2
2329,2
2330,2
2331,2
2332,2
2333,2
2334,2
2335,0
2336,0
2337,0
2338,1
2339,0
2340,1
2341,0
2342,2
2343,2
2344,2
2345,0
2346,2
2347,2
2348,2
2349,0
2350,0
2351,2
2352,2
2353,0
2354,1
2355,0
2356,0
2357,0
2358,2
2359,2
2360,0
2361,0
2362,2
2363,2
2364,2
2365,1
2366,2
2367,2
2368,0
2369,2
2370,2
2371,0
2372,2
2373,1
2374,1
2375,0
2376,2
2377,2
2378,2
2379,2
2380,2
2381,2
2382,2
2383,0
2384,2
2385,2
2386,0
2387,2
2388,0
2389,2
2390,0
2391,0
2392,2
2393,1
2394,2
2395,2
2396,0
2397,0
2398,2
2399,0
2400,2
2401,2
2402,2
2403,2
2404,2
2405,0
2406,2
2407,2
2408,2
2409,1
2410,2
2411,0
2412,2
2413,2
2414,0
2415,0
2416,0
2417,2
2418,0
2419,0
2420,0
2421,0
2422,2
2423,0
2424,0
2425,0
2426,0
2427,0
2428,0
2429,2
2430,2
2431,0
2432,2
2433,0
2434,0
2435,2
2436,2
2437,0
2438,0
2439,2
2440,2
2441,2
2442,2
2443,2
2444,0
2445,0
2446,0
2447,2
2448,0
2449,2
2450,2
2451,2
2452,2
2453,0
2454,2
2455,0
2456,0
2457,0
2458,2
2459,2
2460,0
2461,0
2462,2
2463,2
2464,2
2465,2
2466,2
2467,0
2468,0
2469,2
2470,2
2471,0
2472,0
2473,0
2474,0
2475,0
2476,0
2477,0
2478,0
2479,0
2480,2
2481,2
2482,2
2483,0
2484,0
2485,0
2486,2
2487,0
2488,1
2489,2
2490,2
2491,2
2492,2
2493,2
2494,2
2495,2
2496,0
2497,2
2498,2
2499,2
2500,2
2501,0
2502,0
2503,1
2504,0
2505,0
2506,0
2507,0
2508,0
2509,2
2510,2
2511,0
2512,0
2513,2
2514,2
2515,2
2516,2
2517,2
2518,2
2519,0
2520,2
2521,2
2522,2
2523,0
2524,2
2525,0
2526,2
2527,2
2528,0
2529,0
2530,2
2531,2
2532,0
2533,2
2534,2
2535,0
2536,2
2537,0
2538,0
2539,2
2540,0
2541,2
2542,0
2543,0
2544,2
2545,0
2546,0
2547,1
2548,2
2549,0
2550,2
2551,2
2552,2
2553,2
2554,0
2555,2
2556,2
2557,2
2558,0
2559,0
2560,2
2561,2
2562,2
2563,0
2564,0
2565,0
2566,0
2567,2
2568,2
2569,0
2570,0
2571,2
2572,0
2573,0
2574,0
2575,0
2576,0
2577,0
2578,0
2579,2
2580,0
2581,2
2582,0
2583,0
2584,0
2585,0
2586,0
2587,0
2588,0
2589,0
2590,0
2591,2
2592,1
2593,2
2594,0
2595,0
2596,0
2597,0
2598,2
2599,0
2600,0
2601,1
2602,0
2603,0
2604,0
2605,2
2606,0
2607,2
2608,0
2609,0
2610,2
2611,2
2612,0
2613,2
2614,0
2615,2
2616,2
2617,2
2618,0
2619,0
2620,2
2621,2
2622,2
2623,0
2624,2
2625,0
2626,0
2627,0
2628,2
2629,0
2630,0
2631,0
2632,0
2633,2
2634,0
2635,0
2636,0
2637,1
2638,0
2639,0
2640,0
2641,0
2642,0
2643,0
2644,0
2645,0
2646,0
2647,0
2648,0
2649,0
2650,2
2651,0
2652,0
2653,0
2654,2
2655,0
2656,2
2657,0
2658,0
2659,2
2660,0
2661,0
2662,0
2663,0
2664,0
2665,2
2666,2
2667,0
2668,0
2669,0
2670,2
2671,0
2672,0
2673,2
2674,2
2675,2
2676,0
2677,0
2678,2
2679,0
2680,0
2681,0
2682,2
2683,2
2684,2
2685,2
2686,0
2687,0
2688,2
2689,0
2690,2
2691,2
2692,0
2693,2
2694,0
2695,0
2696,0
2697,0
2698,0
2699,1
2700,0
2701,0
2702,0
2703,0
2704,0
2705,0
2706,0
2707,0
2708,0
2709,1
2710,0
2711,1
2712,0
2713,2
2714,0
2715,0
2716,2
2717,0
2718,2
2719,2
2720,0
2721,2
2722,0
2723,2
2724,0
2725,0
2726,0
2727,2
2728,2
2729,0
2730,0
2731,0
2732,0
2733,0
2734,0
2735,2
2736,0
2737,2
2738,2
2739,2
2740,0
2741,0
2742,0
2743,0
2744,0
2745,0
2746,2
2747,0
2748,0
2749,0
2750,0
2751,0
2752,0
2753,1
2754,0
2755,0
2756,2
2757,0
2758,2
2759,2
2760,0
2761,0
2762,0
2763,0
2764,0
2765,0
2766,0
2767,0
2768,0
2769,0
2770,0
2771,2
2772,0
2773,0
2774,1
2775,0
2776,2
2777,0
2778,0
2779,0
2780,2
2781,2
2782,0
2783,0
2784,0
2785,0
2786,0
2787,2
2788,0
2789,1
2790,0
2791,0
2792,2
2793,0
2794,0
2795,0
2796,0
2797,0
2798,2
2799,0
2800,0
2801,0
2802,0
2803,0
2804,0
2805,0
2806,2
2807,0
2808,2
2809,2
2810,2
2811,2
2812,0
2813,0
2814,2
2815,2
2816,0
2817,2
2818,2
2819,2
2820,2
2821,2
2822,2
2823,1
2824,2
2825,2
2826,0
2827,0
2828,2
2829,2
2830,0
2831,2
2832,2
2833,2
2834,2
2835,2
2836,0
2837,2
2838,0
2839,0
2840,2
2841,0
2842,2
2843,0
2844,0
2845,0
2846,2
2847,0
2848,0
2849,2
2850,0
2851,0
2852,2
2853,0
2854,2
2855,0
2856,0
2857,0
2858,0
2859,0
2860,2
2861,0
2862,0
2863,2
2864,2
2865,0
2866,2
2867,0
2868,2
2869,0
2870,0
2871,2
2872,0
2873,0
2874,2
2875,0
2876,2
2877,2
2878,0
2879,2
2880,0
2881,2
2882,1
2883,0
2884,0
2885,0
2886,0
2887,0
2888,0
2889,2
2890,0
2891,1
2892,0
2893,2
2894,0
2895,2
2896,0
2897,2
2898,0
2899,0
2900,2
2901,0
2902,2
2903,2
2904,2
2905,2
2906,0
2907,0
2908,0
2909,0
2910,0
2911,0
2912,0
2913,0
2914,0
2915,2
2916,2
2917,2
2918,0
2919,0
2920,0
2921,0
2922,2
2923,2
2924,2
2925,0
2926,2
2927,0
2928,2
2929,0
2930,2
2931,2
2932,0
2933,2
2934,2
2935,1
2936,2
2937,2
2938,0
2939,0
2940,0
2941,0
2942,0
2943,0
2944,0
2945,0
2946,2
2947,0
2948,2
2949,2
2950,2
2951,0
2952,0
2953,0
2954,0
2955,2
2956,2
2957,0
2958,0
2959,0
2960,0
2961,2
2962,0
2963,0
2964,0
2965,0
2966,0
2967,0
2968,0
2969,2
2970,0
2971,0
2972,0
2973,2
2974,0
2975,2
2976,2
2977,0
2978,0
2979,2
2980,0
2981,0
2982,0
2983,0
2984,0
2985,1
2986,0
2987,0
2988,0
2989,0
2990,2
2991,0
2992,2
2993,0
2994,0
2995,2
2996,2
2997,0
2998,0
2999,0
3000,2
3001,2
3002,0
3003,1
3004,0
3005,0
3006,0
3007,0
3008,0
3009,0
3010,2
3011,0
3012,2
3013,0
3014,0
3015,2
3016,2
3017,0
3018,1
3019,0
3020,0
3021,0
3022,0
3023,2
3024,0
3025,0
3026,1
3027,0
3028,2
3029,2
3030,0
3031,2
3032,2
3033,0
3034,0
3035,2
3036,0
3037,0
3038,2
3039,0
3040,0
3041,0
3042,2
3043,1
3044,2
3045,0
3046,2
3047,0
3048,2
3049,0
3050,0
3051,1
3052,0
3053,2
3054,2
3055,2
3056,2
3057,0
3058,0
3059,0
3060,0
3061,0
3062,0
3063,2
3064,0
3065,0
3066,0
3067,0
3068,0
3069,2
3070,0
3071,0
3072,2
3073,2
3074,0
3075,2
3076,0
3077,0
3078,0
3079,2
3080,0
3081,1
3082,2
3083,2
3084,0
3085,0
3086,0
3087,0
3088,2
3089,0
3090,0
3091,0
3092,0
3093,0
3094,2
3095,2
3096,0
3097,0
3098,0
3099,0
3100,0
3101,2
3102,0
3103,0
3104,0
3105,0
3106,2
3107,0
3108,0
3109,0
3110,2
3111,0
3112,0
3113,0
3114,0
3115,2
3116,0
3117,2
3118,2
3119,0
3120,0
3121,0
3122,2
3123,0
3124,0
3125,2
3126,2
3127,2
3128,2
3129,0
3130,2
3131,0
3132,2
3133,0
3134,2
3135,0
3136,2
3137,0
3138,0
3139,2
3140,0
3141,0
3142,2
3143,0
3144,0
3145,2
3146,2
3147,0
3148,0
3149,0
3150,2
3151,0
3152,0
3153,0
3154,2
3155,0
3156,2
3157,2
3158,1
3159,0
3160,0
3161,2
3162,2
3163,0
3164,0
3165,0
3166,2
3167,0
3168,2
3169,2
3170,2
3171,0
3172,0
3173,0
3174,0
3175,0
3176,2
3177,0
3178,0
3179,0
3180,2
3181,0
3182,0
3183,0
3184,0
3185,0
3186,0
3187,0
3188,0
3189,0
3190,1
3191,2
3192,0
3193,0
3194,0
3195,0
3196,0
3197,2
3198,0
3199,0
3200,0
3201,0
3202,2
3203,0
3204,0
3205,2
3206,2
3207,0
3208,0
3209,0
3210,0
3211,0
3212,0
3213,0
3214,0
3215,0
3216,2
3217,0
3218,2
3219,2
3220,2
3221,0
3222,2
3223,2
3224,2
3225,2
3226,2
3227,2
3228,2
3229,2
3230,2
3231,2
3232,2
3233,2
3234,2
3235,2
3236,2
3237,2
3238,2
3239,2
3240,2
3241,2
3242,2
3243,2
3244,2
3245,2
3246,2
3247,2
3248,2
3249,2
3250,2
3251,2
3252,2
3253,2
3254,2
3255,2
3256,2
3257,2
3258,2
3259,2
3260,2
3261,2
3262,2
3263,2
3264,2
3265,2
3266,2
3267,2
3268,2
3269,2
3270,2
3271,2
3272,2
3273,2
3274,2
3275,2
3276,2
3277,2
3278,2
3279,2
3280,2
3281,2
3282,2
3283,2
3284,2
3285,2
3286,2
3287,2
3288,2
3289,2
3290,2
3291,2
3292,2
3293,2
3294,2
3295,2
3296,2
3297,2
3298,2
3299,2
3300,2
3301,2
3302,2
3303,2
3304,2
3305,2
3306,2
3307,2
3308,2
3309,2
3310,2
3311,1
3312,2
3313,2
3314,2
3315,2
3316,2
3317,2
3318,2
3319,2
3320,2
3321,2
3322,2
3323,2
3324,0
3325,2
3326,2
3327,2
3328,2
3329,0
3330,2
3331,2
3332,2
3333,2
3334,2
3335,2
3336,2
3337,2
3338,2
3339,2
3340,2
3341,2
3342,2
3343,2
3344,2
3345,2
3346,2
3347,2
3348,2
3349,2
3350,2
3351,2
3352,0
3353,2
3354,2
3355,2
3356,2
3357,2
3358,2
3359,2
3360,2
3361,2
3362,2
3363,2
3364,2
3365,2
3366,2
3367,2
3368,2
3369,2
3370,2
3371,2
3372,2
3373,2
3374,2
3375,2
3376,2
3377,2
3378,2
3379,2
3380,2
3381,2
3382,2
3383,2
3384,2
3385,2
3386,2
3387,2
3388,2
3389,2
3390,2
3391,2
3392,2
3393,2
3394,2
3395,2
3396,2
3397,2
3398,2
3399,2
3400,2
3401,0
3402,2
3403,2
3404,2
3405,2
3406,2
3407,2
3408,2
3409,0
3410,2
3411,2
3412,2
3413,2
3414,2
3415,2
3416,2
3417,0
3418,2
3419,2
3420,2
3421,0
3422,2
3423,2
3424,2
3425,0
3426,2
3427,2
3428,2
3429,2
3430,2
3431,2
3432,2
3433,2
3434,2
3435,2
3436,2
3437,2
3438,2
3439,2
3440,2
3441,2
3442,2
3443,2
3444,2
3445,2
3446,2
3447,2
3448,2
3449,2
3450,2
3451,2
3452,2
3453,2
3454,2
3455,2
3456,2
3457,2
3458,2
3459,2
3460,2
3461,2
3462,2
3463,2
3464,2
3465,2
3466,0
3467,2
3468,2
3469,2
3470,2
3471,2
3472,2
3473,2
3474,2
3475,2
3476,2
3477,2
3478,2
3479,2
3480,2
3481,2
3482,2
3483,2
3484,2
3485,2
3486,2
3487,2
3488,0
3489,2
3490,2
3491,0
3492,0
3493,0
3494,2
3495,2
3496,2
3497,2
3498,2
3499,2
3500,2
3501,2
3502,2
3503,2
3504,2
3505,2
3506,2
3507,2
3508,2
3509,2
3510,2
3511,2
3512,2
3513,2
3514,2
3515,2
3516,2
3517,2
3518,2
3519,2
3520,0
3521,2
3522,2
3523,2
3524,2
3525,2
3526,2
3527,0
3528,0
3529,2
3530,2
3531,2
3532,2
3533,2
3534,0
3535,1
3536,2
3537,2
3538,0
3539,0
3540,2
3541,2
3542,2
3543,2
3544,0
3545,0
3546,2
3547,2
3548,2
3549,0
3550,2
3551,1
3552,2
3553,2
3554,2
3555,0
3556,0
3557,2
3558,2
3559,0
3560,2
3561,2
3562,2
3563,2
3564,0
3565,1
3566,1
3567,2
3568,2
3569,2
3570,2
3571,2
3572,2
3573,2
3574,2
3575,2
3576,2
3577,2
3578,2
3579,2
3580,2
3581,2
3582,2
3583,2
3584,2
3585,2
3586,2
3587,2
3588,2
3589,2
3590,2
3591,2
3592,2
3593,2
3594,2
3595,2
3596,2
3597,2
3598,2
3599,2
3600,0
3601,0
3602,0
3603,2
3604,2
3605,0
3606,0
3607,2
3608,0
3609,0
3610,2
3611,2
3612,2
3613,2
3614,2
3615,2
3616,2
3617,2
3618,2
3619,2
3620,2
3621,2
3622,2
3623,2
3624,2
3625,2
3626,2
3627,2
3628,2
3629,2
3630,2
3631,2
3632,2
3633,2
3634,2
3635,2
3636,2
3637,2
3638,2
3639,2
3640,2
3641,2
3642,2
3643,2
3644,2
3645,2
3646,1
3647,2
3648,2
3649,2
3650,2
3651,1
3652,1
3653,2
3654,0
3655,2
3656,1
3657,2
3658,2
3659,2
3660,2
3661,2
3662,2
3663,2
3664,2
3665,2
3666,2
3667,1
3668,2
3669,2
3670,2
3671,0
3672,2
3673,2
3674,2
3675,2
3676,2
3677,2
3678,2
3679,2
3680,2
3681,2
3682,2
3683,2
3684,2
3685,2
3686,0
3687,0
3688,2
3689,2
3690,2
3691,0
3692,2
3693,0
3694,1
3695,0
3696,2
3697,2
3698,0
3699,2
3700,2
3701,2
3702,2
3703,2
3704,0
3705,2
3706,2
3707,2
3708,0
3709,2
3710,0
3711,0
3712,2
3713,2
3714,2
3715,0
3716,2
3717,2
3718,2
3719,2
3720,2
3721,2
3722,2
3723,2
3724,0
3725,2
3726,2
3727,2
3728,2
3729,2
3730,2
3731,2
3732,2
3733,2
3734,2
3735,0
3736,2
3737,0
3738,2
3739,2
3740,0
3741,2
3742,0
3743,0
3744,2
3745,2
3746,2
3747,2
3748,2
3749,2
3750,2
3751,2
3752,2
3753,2
3754,2
3755,2
3756,2
3757,2
3758,2
3759,2
3760,2
3761,2
3762,2
3763,2
3764,2
3765,2
3766,2
3767,2
3768,2
3769,2
3770,2
3771,2
3772,2
3773,2
3774,2
3775,2
3776,2
3777,2
3778,2
3779,2
3780,2
3781,2
3782,2
3783,2
3784,2
3785,2
3786,2
3787,2
3788,2
3789,2
3790,2
3791,2
3792,2
3793,0
3794,2
3795,2
3796,2
3797,2
3798,2
3799,2
3800,2
3801,2
3802,0
3803,2
3804,2
3805,2
3806,2
3807,2
3808,2
3809,2
3810,2
3811,2
3812,2
3813,0
3814,2
3815,2
3816,2
3817,2
3818,2
3819,2
3820,1
3821,1
3822,1
3823,1
3824,1
3825,1
3826,2
3827,1
3828,1
3829,1
3830,1
3831,1
3832,1
3833,2
3834,1
3835,1
3836,1
3837,1
3838,1
3839,1
3840,1
3841,1
3842,1
3843,1
3844,1
3845,1
3846,1
3847,1
3848,1
3849,1
3850,1
3851,1
3852,1
3853,1
3854,1
3855,1
3856,1
3857,1
3858,1
3859,1
3860,1
3861,1
3862,1
3863,1
3864,1
3865,1
3866,1
3867,1
3868,1
3869,1
3870,1
3871,1
3872,1
3873,1
3874,1
3875,1
3876,1
3877,1
3878,1
3879,1
3880,0
3881,1
3882,1
3883,1
3884,1
3885,1
3886,1
3887,1
3888,1
3889,1
3890,1
3891,1
3892,1
3893,2
3894,1
3895,1
3896,1
3897,1
3898,1
3899,1
3900,1
3901,1
3902,1
3903,1
3904,1
3905,1
3906,1
3907,1
3908,1
3909,1
3910,0
3911,1
3912,1
3913,1
3914,1
3915,1
3916,1
3917,1
3918,1
3919,1
3920,1
3921,1
3922,1
3923,1
3924,1
3925,1
3926,1
3927,1
3928,1
3929,1
3930,1
3931,1
3932,1
3933,1
3934,1
3935,1
3936,1
3937,1
3938,1
3939,2
3940,1
3941,1
3942,1
3943,1
3944,1
3945,1
3946,1
3947,1
3948,1
3949,1
3950,1
3951,1
3952,1
3953,1
3954,1
3955,1
3956,1
3957,1
3958,1
3959,1
3960,1
3961,1
3962,1
3963,2
3964,1
3965,0
3966,1
3967,1
3968,1
3969,1
3970,1
3971,1
3972,1
3973,1
3974,1
3975,2
3976,1
3977,1
3978,1
3979,2
3980,1
3981,1
3982,2
3983,1
3984,1
3985,1
3986,1
3987,1
3988,2
3989,1
3990,1
3991,1
3992,1
3993,1
3994,1
3995,1
3996,1
3997,1
3998,1
3999,2
4000,1
4001,2
4002,1
4003,1
4004,1
4005,1
4006,2
4007,1
4008,2
4009,2
4010,2
4011,0
4012,1
4013,1
4014,1
4015,1
4016,1
4017,1
4018,1
4019,1
4020,1
4021,1
4022,1
4023,1
4024,1
4025,1
4026,1
4027,0
4028,1
4029,1
4030,1
4031,1
4032,1
4033,1
4034,1
4035,1
4036,1
4037,1
4038,1
4039,1
4040,1
4041,1
4042,1
4043,1
4044,1
4045,1
4046,1
4047,1
4048,1
4049,0
4050,1
4051,1
4052,1
4053,1
4054,1
4055,1
4056,1
4057,1
4058,1
4059,1
4060,1
4061,1
4062,1
4063,1
4064,1
4065,1
4066,1
4067,1
4068,1
4069,1
4070,1
4071,1
4072,1
4073,1
4074,1
4075,1
4076,1
4077,1
4078,1
4079,1
4080,1
4081,1
4082,1
4083,1
4084,1
4085,1
4086,1
4087,1
4088,1
4089,1
4090,1
4091,1
4092,1
4093,1
4094,1
4095,1
4096,1
4097,1
4098,1
4099,1
4100,1
4101,1
4102,1
4103,1
4104,1
4105,1
4106,1
4107,1
4108,1
4109,1
4110,1
4111,1
4112,1
4113,1
4114,1
4115,1
4116,1
4117,1
4118,1
4119,1
4120,1
4121,1
4122,1
4123,1
4124,1
4125,1
4126,1
4127,1
4128,1
4129,1
4130,1
4131,1
4132,2
4133,1
4134,1
4135,1
4136,2
4137,1
4138,2
4139,1
4140,1
4141,1
4142,1
4143,1
4144,1
4145,1
4146,1
4147,1
4148,1
4149,1
4150,1
4151,1
4152,1
4153,1
4154,1
4155,1
4156,2
4157,1
4158,1
4159,1
4160,0
4161,1
4162,1
4163,1
4164,1
4165,1
4166,1
4167,1
4168,1
4169,1
4170,1
4171,1
4172,1
4173,1
4174,1
4175,1
4176,1
4177,1
4178,1
4179,1
4180,1
4181,1
4182,1
4183,1
4184,1
4185,1
4186,1
4187,1
4188,1
4189,1
4190,1
4191,1
4192,1
4193,1
4194,1
4195,1
4196,1
4197,1
4198,1
4199,1
4200,1
4201,1
4202,1
4203,1
4204,1
4205,1
4206,1
4207,1
4208,1
4209,1
4210,1
4211,1
4212,1
4213,1
4214,1
4215,1
4216,1
4217,1
4218,1
4219,1
4220,1
4221,1
4222,1
4223,1
4224,1
4225,1
4226,1
4227,1
4228,1
4229,1
4230,1
4231,1
4232,1
4233,1
4234,1
4235,1
4236,1
4237,1
4238,1
4239,1
4240,1
4241,1
4242,1
4243,1
4244,1
4245,1
4246,1
4247,1
4248,1
4249,1
4250,1
4251,1
4252,1
4253,1
4254,1
4255,1
4256,1
4257,1
4258,1
4259,1
4260,1
4261,1
4262,1
4263,1
4264,1
4265,1
4266,1
4267,1
4268,1
4269,1
4270,1
4271,1
4272,1
4273,1
4274,1
4275,1
4276,1
4277,1
4278,1
4279,1
4280,1
4281,1
4282,1
4283,1
4284,1
4285,1
4286,1
4287,1
4288,1
4289,1
4290,1
4291,1
4292,1
4293,1
4294,1
4295,1
4296,1
4297,1
4298,1
4299,1
4300,1
4301,1
4302,1
4303,1
4304,1
4305,1
4306,1
4307,1
4308,1
4309,1
4310,1
4311,1
4312,1
4313,1
4314,1
4315,1
4316,0
4317,1
4318,1
4319,1
4320,1
4321,1
4322,1
4323,1
4324,1
4325,1
4326,1
4327,1
4328,1
4329,1
4330,1
4331,1
4332,1
4333,1
4334,1
4335,1
4336,1
4337,0
4338,2
4339,1
4340,1
4341,1
4342,1
4343,1
4344,1
4345,1
4346,1
4347,1
4348,1
4349,1
4350,1
4351,1
4352,1
4353,1
4354,1
4355,1
4356,1
4357,1
4358,1
4359,1
4360,1
4361,1
4362,1
4363,0
4364,1
4365,1
4366,1
4367,1
4368,1
4369,1
4370,1
4371,1
4372,1
4373,1
4374,1
4375,1
4376,1
4377,1
4378,1
4379,1
4380,1
4381,1
4382,1
4383,1
4384,1
4385,1
4386,1
4387,1
4388,1
4389,1
4390,1
4391,1
4392,2
4393,1
4394,2
4395,1
4396,1
4397,1
4398,1
4399,1
4400,1
4401,1
4402,1
4403,1
4404,1
4405,2
4406,1
4407,1
4408,1
4409,1
4410,1
4411,1
4412,1
4413,1
4414,2
4415,1
4416,1
4417,1
4418,1
4419,1
4420,1
4421,1
4422,1
4423,1
4424,1
4425,1
4426,1
4427,1
4428,1
4429,1
4430,1
4431,1
4432,1
4433,1
4434,1
4435,2
4436,1
4437,1
4438,2
4439,1
4440,1
4441,1
4442,1
4443,0
4444,1
4445,1
4446,1
4447,2
4448,1
4449,1
4450,1
4451,1
4452,1
4453,1
4454,1
4455,1
4456,1
4457,1
4458,1
4459,1
4460,1
4461,1
4462,1
4463,1
4464,0
4465,2
4466,0
4467,1
4468,1
4469,1
4470,1
4471,1
4472,1
4473,1
4474,1
4475,1
4476,1
4477,1
4478,1
4479,1
4480,1
4481,1
4482,1
4483,1
4484,1
4485,1
4486,1
4487,1
4488,1
4489,1
4490,1
4491,1
4492,1
4493,1
4494,1
4495,1
4496,1
4497,1
4498,1
4499,1
4500,1
4501,1
4502,1
4503,1
4504,1
4505,1
4506,1
4507,1
4508,1
4509,1
4510,1
4511,2
4512,1
4513,1
4514,1
4515,1
4516,1
4517,1
4518,1
4519,1
4520,1
4521,1
4522,1
4523,1
4524,1
4525,1
4526,1
4527,1
4528,1
4529,1
4530,1
4531,1
4532,1
4533,1
4534,1
4535,2
4536,1
4537,1
4538,1
4539,1
4540,1
4541,1
4542,1
4543,1
4544,1
4545,2
4546,1
4547,1
4548,1
4549,1
4550,1
4551,1
4552,1
4553,1
4554,1
4555,1
4556,1
4557,1
4558,1
4559,1
4560,1
4561,1
4562,1
4563,1
4564,1
4565,1
4566,1
4567,1
4568,1
4569,1
4570,1
4571,1
4572,1
4573,1
4574,1
4575,1
4576,1
4577,1
4578,1
4579,1
4580,1
4581,1
4582,1
4583,1
4584,1
4585,1
4586,1
4587,1
4588,1
4589,1
4590,1
4591,1
4592,1
4593,1
4594,1
4595,1
4596,1
4597,1
4598,1
4599,1
4600,1
4601,1
4602,1
4603,1
4604,1
4605,1
4606,1
4607,1
4608,1
4609,1
4610,1
4611,1
4612,1
4613,1
4614,1
4615,1
4616,1
4617,1
4618,1
4619,1
4620,1
4621,1
4622,1
4623,1
4624,1
4625,1
4626,1
4627,1
4628,1
4629,1
4630,1
4631,1
4632,1
4633,1
4634,1
4635,2
4636,1
4637,1
4638,1
4639,1
4640,1
4641,1
4642,1
4643,1
4644,1
4645,1
4646,1
4647,1
4648,2
4649,1
4650,2
4651,1
4652,1
4653,1
4654,1
4655,1
4656,1
4657,1
4658,1
4659,1
4660,1
4661,0
4662,1
4663,1
4664,1
4665,1
4666,1
4667,1
4668,1
4669,1
4670,1
4671,1
4672,1
4673,1
4674,1
4675,1
4676,1
4677,1
4678,1
4679,1
4680,1
4681,1
4682,1
4683,1
4684,1
4685,1
4686,1
4687,1
4688,1
4689,1
4690,1
4691,1
4692,1
4693,1
4694,1
4695,1
4696,1
4697,1
4698,1
4699,1
4700,1
4701,2
4702,1
4703,1
4704,1
4705,2
4706,2
4707,1
4708,1
4709,1
4710,1
4711,1
4712,1
4713,1
4714,1
4715,1
4716,1
4717,1
4718,1
4719,1
4720,1
4721,1
4722,1
4723,1
4724,1
4725,1
4726,1
4727,1
4728,1
4729,1
4730,1
4731,1
4732,1
4733,1
4734,1
4735,1
4736,1
4737,1
4738,1
4739,1
4740,1
4741,1
4742,2
4743,1
4744,1
4745,1
4746,1
4747,1
4748,1
4749,1
4750,1
4751,1
4752,1
4753,1
4754,1
4755,1
4756,1
4757,1
4758,1
4759,1
4760,1
4761,1
4762,1
4763,1
4764,1
4765,1
4766,1
4767,1
4768,1
4769,1
4770,1
4771,1
4772,1
4773,1
4774,1
4775,1
4776,1
4777,1
4778,1
4779,1
4780,1
4781,1
4782,2
4783,1
4784,1
4785,1
4786,1
4787,1
4788,1
4789,1
4790,1
4791,1
4792,1
4793,1
4794,1
4795,1
4796,1
4797,1
4798,1
4799,1
4800,1
4801,1
4802,1
4803,1
4804,2
4805,1
4806,1
4807,1
4808,1
4809,1
4810,1
4811,1
4812,1
4813,1
4814,1
4815,1
4816,1
4817,1
4818,1
4819,1
4820,1
4821,1
4822,1
4823,1
4824,1
4825,1
4826,1
4827,1
4828,1
4829,1
4830,1
4831,1
4832,1
4833,1
4834,1
4835,2
4836,2
4837,1
4838,1
4839,1
4840,1
4841,1
4842,1
4843,1
4844,1
4845,1
4846,1
4847,1
4848,1
4849,1
4850,1
4851,1
4852,1
4853,1
4854,2
4855,1
4856,1
4857,1
4858,1
4859,1
4860,1
4861,1
4862,0
4863,1
4864,1
4865,1
4866,1
4867,1
4868,1
4869,1
4870,1
4871,1
4872,1
4873,1
4874,1
4875,1
4876,1
4877,1
4878,1
4879,1
4880,1
4881,1
4882,1
4883,1
4884,2
4885,1
4886,1
4887,1
4888,1
4889,1
4890,1
4891,1
4892,1
4893,1
4894,1
4895,1
4896,1
4897,1
4898,2
4899,1
4900,1
4901,1
4902,1
4903,1
4904,1
4905,1
4906,1
4907,1
4908,1
4909,1
4910,1
4911,1
4912,1
4913,1
4914,1
4915,1
4916,1
4917,1
4918,1
4919,1
4920,1
4921,2
4922,1
4923,1
4924,1
4925,1
4926,1
4927,1
4928,1
4929,1
4930,1
4931,1
4932,1
4933,1
4934,1
4935,1
4936,1
4937,1
4938,1
4939,1
4940,1
4941,1
4942,2
4943,1
4944,1
4945,1
4946,1
4947,1
4948,0
4949,0
4950,1
4951,1
4952,1
4953,1
4954,1
4955,1
4956,2
4957,1
4958,1
4959,1
4960,1
4961,1
4962,1
4963,1
4964,1
4965,0
4966,1
4967,1
4968,1
4969,1
4970,1
4971,2
4972,1
4973,1
4974,1
4975,1
4976,1
4977,1
4978,2
4979,1
4980,1
4981,0
4982,1
4983,1
4984,1
4985,1
4986,1
4987,1
4988,1
4989,1
4990,1
4991,1
4992,1
4993,1
4994,1
4995,1
4996,1
4997,1
4998,1
4999,1
5000,1
5001,1
5002,1
5003,1
5004,1
5005,1
5006,1
5007,1
5008,1
5009,1
5010,1
5011,1
5012,1
5013,1
5014,1
5015,1
5016,1
5017,1
5018,1
5019,1
5020,1
5021,1
5022,1
5023,1
5024,1
5025,1
5026,1
5027,1
5028,1
5029,1
5030,1
5031,1
5032,1
5033,1
5034,1
5035,1
5036,1
5037,1
5038,1
5039,1
5040,1
5041,1
5042,0
5043,1
5044,1
5045,1
5046,1
5047,1
5048,1
5049,1
5050,1
5051,1
5052,1
5053,1
5054,1
5055,1
5056,1
5057,1
5058,1
5059,1
5060,1
5061,1
5062,1
5063,1
5064,1
5065,1
5066,1
5067,1
5068,1
5069,1
5070,1
5071,1
5072,2
5073,1
5074,1
5075,2
5076,1
5077,1
5078,1
5079,1
5080,1
5081,1
5082,2
5083,1
5084,1
5085,1
5086,1
5087,2
5088,1
5089,2
5090,1
5091,1
5092,1
5093,1
5094,1
5095,1
5096,1
5097,0
5098,2
5099,1
5100,1
5101,0
5102,1
5103,0
5104,1
5105,1
5106,1
5107,1
5108,1
5109,1
5110,1
5111,1
5112,1
5113,1
5114,1
5115,1
5116,1
5117,1
5118,1
5119,1
5120,1
5121,1
5122,1
5123,1
5124,1
5125,1
5126,1
5127,1
5128,1
5129,1
5130,2
5131,1
5132,1
5133,1
5134,2
5135,0
5136,1
5137,1
5138,2
5139,0
5140,1
5141,1
5142,1
5143,1
5144,1
5145,1
5146,1
5147,1
5148,1
5149,1
5150,1
5151,1
5152,1
5153,1
5154,1
5155,1
5156,1
5157,1
5158,1
5159,1
5160,1
5161,1
5162,1
5163,1
5164,1
5165,0
5166,1
5167,1
5168,1
5169,1
5170,1
5171,1
5172,1
5173,1
5174,1
5175,1
5176,1
5177,1
5178,1
5179,0
5180,1
5181,2
5182,2
5183,1
5184,1
5185,1
5186,1
5187,1
5188,1
5189,0
5190,2
5191,1
5192,1
5193,2
5194,1
5195,1
5196,1
5197,2
5198,1
5199,1
5200,1
5201,0
5202,1
5203,1
5204,1
5205,1
5206,1
5207,1
5208,1
5209,1
5210,1
5211,1
5212,1
5213,1
5214,1
5215,1
5216,1
5217,1
5218,1
5219,1
5220,0
5221,0
5222,1
5223,2
5224,2
5225,1
5226,1
5227,1
5228,1
5229,0
5230,1
5231,1
5232,1
5233,1
5234,1
5235,1
5236,1
5237,1
5238,1
5239,1
5240,1
5241,2
5242,1
5243,2
5244,1
5245,2
5246,2
5247,2
5248,1
5249,2
5250,1
5251,0
5252,0
5253,0
5254,0
5255,2
5256,0
5257,2
5258,0
5259,2
5260,0
5261,0
5262,0
5263,0
5264,2
5265,0
5266,0
5267,0
5268,2
5269,1
5270,2
5271,2
5272,2
5273,2
5274,2
5275,2
5276,2
5277,0
5278,2
5279,0
5280,0
5281,2
5282,0
5283,0
5284,2
5285,2
5286,2
5287,2
5288,0
5289,2
5290,2
5291,0
5292,0
5293,0
5294,2
5295,0
5296,2
5297,2
5298,2
5299,2
5300,0
5301,2
5302,0
5303,0
5304,2
5305,0
5306,2
5307,0
5308,2
5309,2
5310,2
5311,0
5312,0
5313,2
5314,2
5315,0
5316,2
5317,0
5318,2
5319,2
5320,0
5321,2
5322,2
5323,2
5324,0
5325,0
5326,2
5327,0
5328,2
5329,2
5330,2
5331,2
5332,0
5333,2
5334,2
5335,1
5336,2
5337,2
5338,2
5339,2
5340,2
5341,2
5342,0
5343,0
5344,0
5345,0
5346,2
5347,2
5348,0
5349,0
5350,0
5351,2
5352,0
5353,0
5354,2
5355,1
5356,2
5357,0
5358,2
5359,2
5360,2
5361,2
5362,2
5363,0
5364,2
5365,2
5366,0
5367,1
5368,0
5369,2
5370,0
5371,2
5372,2
5373,0
5374,0
5375,0
5376,0
5377,0
5378,0
5379,0
5380,2
5381,2
5382,0
5383,0
5384,2
5385,0
5386,2
5387,2
5388,2
5389,0
5390,0
5391,0
5392,2
5393,0
5394,0
5395,0
5396,0
5397,2
5398,0
5399,2
5400,2
5401,2
5402,2
5403,2
5404,2
5405,2
5406,0
5407,0
5408,0
5409,1
5410,2
5411,2
5412,2
5413,0
5414,2
5415,0
5416,0
5417,0
5418,0
5419,2
5420,0
5421,0
5422,2
5423,2
5424,0
5425,0
5426,0
5427,2
5428,2
5429,2
5430,2
5431,0
5432,2
5433,0
5434,2
5435,2
5436,0
5437,0
5438,0
5439,0
5440,2
5441,0
5442,2
5443,2
5444,2
5445,0
5446,2
5447,0
5448,2
5449,2
5450,2
5451,2
5452,2
5453,2
5454,2
5455,0
5456,0
5457,2
5458,2
5459,0
5460,2
5461,2
5462,2
5463,2
5464,0
5465,2
5466,0
5467,0
5468,0
5469,2
5470,2
5471,0
5472,0
5473,0
5474,2
5475,2
5476,0
5477,2
5478,2
5479,0
5480,2
5481,2
5482,2
5483,0
5484,0
5485,2
5486,2
5487,0
5488,2
5489,2
5490,0
5491,0
5492,2
5493,2
5494,0
5495,2
5496,2
5497,2
5498,2
5499,2
5500,2
5501,2
5502,2
5503,2
5504,2
5505,2
5506,0
5507,2
5508,0
5509,2
5510,2
5511,0
5512,0
5513,2
5514,2
5515,2
5516,2
5517,2
5518,0
5519,2
5520,2
5521,0
5522,2
5523,2
5524,0
5525,2
5526,2
5527,0
5528,0
5529,0
5530,2
5531,0
5532,0
5533,2
5534,0
5535,2
5536,0
5537,0
5538,0
5539,2
5540,2
5541,0
5542,0
5543,0
5544,0
5545,0
5546,2
5547,2
5548,2
5549,2
5550,0
5551,2
5552,0
5553,0
5554,2
5555,2
5556,0
5557,2
5558,0
5559,0
5560,2
5561,2
5562,0
5563,2
5564,2
5565,2
5566,0
5567,2
5568,2
5569,0
5570,0
5571,2
5572,0
5573,2
5574,2
5575,0
5576,2
5577,0
5578,0
5579,2
5580,0
5581,0
5582,0
5583,0
5584,2
5585,2
5586,2
5587,2
5588,2
5589,2
5590,2
5591,2
5592,2
5593,0
5594,2
5595,2
5596,0
5597,2
5598,0
5599,2
5600,2
5601,2
5602,2
5603,0
5604,2
5605,2
5606,0
5607,2
5608,0
5609,2
5610,0
5611,2
5612,2
5613,0
5614,0
5615,2
5616,2
5617,2
5618,2
5619,2
5620,2
5621,2
5622,2
5623,2
5624,2
5625,2
5626,0
5627,2
5628,2
5629,2
5630,0
5631,2
5632,0
5633,2
5634,2
5635,0
5636,2
5637,0
5638,2
5639,2
5640,2
5641,0
5642,0
5643,2
5644,0
5645,2
5646,0
5647,0
5648,1
5649,0
5650,2
5651,2
5652,2
5653,2
5654,2
5655,0
5656,2
5657,2
5658,2
5659,2
5660,2
5661,0
5662,0
5663,2
5664,2
5665,2
5666,0
5667,2
5668,2
5669,2
5670,2
5671,0
5672,0
5673,2
5674,0
5675,0
5676,0
5677,2
5678,2
5679,0
5680,0
5681,2
5682,0
5683,0
5684,2
5685,0
5686,0
5687,0
5688,0
5689,2
5690,2
5691,0
5692,0
5693,2
5694,1
5695,2
5696,2
5697,2
5698,2
5699,0
5700,2
5701,0
5702,2
5703,2
5704,2
5705,0
5706,0
5707,2
5708,0
5709,0
5710,0
5711,0
5712,2
5713,2
5714,2
5715,0
5716,2
5717,0
5718,0
5719,2
5720,2
5721,0
5722,0
5723,0
5724,1
5725,2
5726,0
5727,0
5728,0
5729,2
5730,2
5731,2
5732,2
5733,0
5734,2
5735,0
5736,2
5737,0
5738,2
5739,0
5740,0
5741,0
5742,2
5743,0
5744,0
5745,0
5746,2
5747,2
5748,2
5749,0
5750,2
5751,2
5752,2
5753,2
5754,2
5755,0
5756,2
5757,2
5758,2
5759,2
5760,2
5761,0
5762,0
5763,1
5764,2
5765,2
5766,0
5767,2
5768,0
5769,2
5770,2
5771,2
5772,2
5773,2
5774,2
5775,2
5776,2
5777,2
5778,2
5779,0
5780,1
5781,0
5782,2
5783,2
5784,2
5785,2
5786,0
5787,2
5788,0
5789,2
5790,0
5791,2
5792,0
5793,2
5794,2
5795,1
5796,2
5797,2
5798,2
5799,2
5800,2
5801,2
5802,0
5803,2
5804,0
5805,1
5806,2
5807,2
5808,2
5809,0
5810,0
5811,0
5812,2
5813,2
5814,2
5815,2
5816,2
5817,0
5818,2
5819,2
5820,2
5821,2
5822,2
5823,2
5824,2
5825,2
5826,2
5827,0
5828,0
5829,0
5830,0
5831,2
5832,0
5833,2
5834,2
5835,2
5836,2
5837,0
5838,2
5839,2
5840,0
5841,2
5842,2
5843,2
5844,2
5845,0
5846,2
5847,2
5848,2
5849,2
5850,0
5851,2
5852,2
5853,2
5854,0
5855,0
5856,2
5857,0
5858,0
5859,2
5860,2
5861,0
5862,0
5863,1
5864,1
5865,2
5866,2
5867,2
5868,2
5869,0
5870,0
5871,0
5872,0
5873,0
5874,0
5875,0
5876,0
5877,0
5878,2
5879,2
5880,0
5881,0
5882,0
5883,2
5884,2
5885,0
5886,0
5887,0
5888,0
5889,2
5890,1
5891,0
5892,1
5893,0
5894,0
5895,0
5896,0
5897,2
5898,0
5899,0
5900,2
5901,0
5902,0
5903,0
5904,0
5905,0
5906,0
5907,0
5908,0
5909,2
5910,2
5911,0
5912,0
5913,0
5914,0
5915,2
5916,0
5917,0
5918,0
5919,0
5920,2
5921,2
5922,2
5923,0
5924,2
5925,2
5926,2
5927,0
5928,2
5929,2
5930,2
5931,2
5932,0
5933,0
5934,0
5935,2
5936,0
5937,0
5938,0
5939,0
5940,2
5941,0
5942,2
5943,0
5944,2
5945,2
5946,0
5947,2
5948,0
5949,2
5950,0
5951,0
5952,2
5953,0
5954,0
5955,2
5956,2
5957,2
5958,2
5959,0
5960,0
5961,0
5962,0
5963,2
5964,2
5965,0
5966,2
5967,1
5968,0
5969,1
5970,1
5971,1
5972,0
5973,2
5974,0
5975,0
5976,2
5977,2
5978,2
5979,0
5980,2
5981,0
5982,0
5983,0
5984,2
5985,0
5986,2
5987,2
5988,2
5989,2
5990,2
5991,0
5992,2
5993,0
5994,0
5995,0
5996,2
5997,0
5998,0
5999,0
6000,0
6001,0
6002,0
6003,2
6004,2
6005,1
6006,0
6007,0
6008,2
6009,2
6010,0
6011,0
6012,2
6013,0
6014,1
6015,0
6016,2
6017,0
6018,0
6019,0
6020,0
6021,0
6022,0
6023,0
6024,2
6025,0
6026,2
6027,2
6028,2
6029,0
6030,0
6031,2
6032,2
6033,0
6034,0
6035,2
6036,2
6037,0
6038,2
6039,2
6040,2
6041,0
6042,0
6043,2
6044,0
6045,0
6046,0
6047,0
6048,0
6049,2
6050,2
6051,0
6052,0
6053,2
6054,0
6055,0
6056,0
6057,2
6058,0
6059,0
6060,0
6061,2
6062,2
6063,2
6064,2
6065,0
6066,0
6067,2
6068,0
6069,2
6070,0
6071,0
6072,0
6073,0
6074,0
6075,1
6076,2
6077,0
6078,2
6079,2
6080,0
6081,2
6082,2
6083,2
6084,2
6085,2
6086,2
6087,2
6088,0
6089,2
6090,2
6091,2
6092,2
6093,2
6094,2
6095,0
6096,2
6097,2
6098,0
6099,2
6100,0
6101,2
6102,2
6103,2
6104,2
6105,0
6106,2
6107,0
6108,2
6109,2
6110,0
6111,1
6112,2
6113,2
6114,0
6115,2
6116,2
6117,1
6118,0
6119,0
6120,2
6121,0
6122,2
6123,0
6124,2
6125,0
6126,2
6127,0
6128,0
6129,0
6130,0
6131,0
6132,0
6133,0
6134,0
6135,2
6136,2
6137,0
6138,0
6139,0
6140,0
6141,2
6142,2
6143,2
6144,0
6145,0
6146,0
6147,2
6148,0
6149,0
6150,0
6151,0
6152,2
6153,0
6154,2
6155,2
6156,2
6157,2
6158,2
6159,2
6160,2
6161,2
6162,2
6163,0
6164,0
6165,2
6166,0
6167,2
6168,2
6169,0
6170,2
6171,0
6172,2
6173,0
6174,0
6175,2
6176,1
6177,2
6178,2
6179,2
6180,0
6181,0
6182,2
6183,2
6184,2
6185,2
6186,2
6187,0
6188,0
6189,0
6190,2
6191,2
6192,2
6193,2
6194,2
6195,2
6196,2
6197,0
6198,0
6199,2
6200,0
6201,0
6202,0
6203,2
6204,0
6205,0
6206,0
6207,0
6208,0
6209,0
6210,0
6211,0
6212,2
6213,0
6214,0
6215,2
6216,2
6217,2
6218,2
6219,0
6220,2
6221,2
6222,2
6223,2
6224,2
6225,2
6226,2
6227,2
6228,2
6229,2
6230,0
6231,0
6232,0
6233,0
6234,0
6235,2
6236,0
6237,1
6238,0
6239,0
6240,1
6241,2
6242,0
6243,2
6244,2
6245,2
6246,2
6247,2
6248,2
6249,2
6250,2
6251,0
6252,2
6253,2
6254,2
6255,2
6256,0
6257,0
6258,2
6259,0
6260,0
6261,0
6262,0
6263,0
6264,0
6265,0
6266,0
6267,2
6268,2
6269,2
6270,2
6271,2
6272,0
6273,2
6274,2
6275,2
6276,2
6277,2
6278,2
6279,2
6280,0
6281,0
6282,2
6283,2
6284,2
6285,2
6286,2
6287,0
6288,0
6289,0
6290,2
6291,0
6292,2
6293,2
6294,2
6295,2
6296,0
6297,0
6298,2
6299,2
6300,2
6301,0
6302,1
6303,2
6304,2
6305,2
6306,0
6307,0
6308,0
6309,0
6310,0
6311,0
6312,0
6313,0
6314,0
6315,0
6316,2
6317,2
6318,2
6319,0
6320,2
6321,2
6322,2
6323,0
6324,0
6325,0
6326,0
6327,0
6328,2
6329,0
6330,0
6331,0
6332,2
6333,2
6334,2
6335,2
6336,2
6337,0
6338,0
6339,0
6340,2
6341,2
6342,2
6343,2
6344,0
6345,0
6346,0
6347,0
6348,2
6349,2
6350,1
6351,1
6352,2
6353,2
6354,2
6355,2
6356,0
6357,0
6358,0
6359,0
6360,2
6361,0
6362,0
6363,0
6364,2
6365,0
6366,2
6367,0
6368,0
6369,0
6370,2
6371,2
6372,2
6373,0
6374,2
6375,2
6376,0
6377,0
6378,0
6379,0
6380,2
6381,2
6382,2
6383,2
6384,0
6385,2
6386,2
6387,2
6388,2
6389,2
6390,2
6391,0
6392,2
6393,0
6394,0
6395,0
6396,0
6397,2
6398,0
6399,0
6400,0
6401,1
6402,0
6403,2
6404,2
6405,2
6406,2
6407,2
6408,2
6409,0
6410,1
6411,2
6412,2
6413,2
6414,1
6415,2
6416,0
6417,0
6418,2
6419,0
6420,0
6421,2
6422,2
6423,2
6424,2
6425,2
6426,2
6427,0
6428,2
6429,2
6430,2
6431,2
6432,2
6433,2
6434,0
6435,2
6436,2
6437,2
6438,2
6439,0
6440,0
6441,2
6442,0
6443,2
6444,2
6445,2
6446,0
6447,2
6448,2
6449,2
6450,2
6451,2
6452,2
6453,0
6454,0
6455,0
6456,0
6457,1
6458,1
6459,1
6460,2
6461,1
6462,1
6463,1
6464,0
6465,1
6466,1
6467,2
6468,2
6469,2
6470,2
6471,2
6472,1
6473,0
6474,1
6475,2
6476,0
6477,0
6478,2
6479,0
6480,1
6481,0
6482,0
6483,2
6484,2
6485,2
6486,2
6487,2
6488,2
6489,0
6490,2
6491,2
6492,2
6493,2
6494,2
6495,0
6496,0
6497,0
6498,0
6499,0
6500,0
6501,2
6502,0
6503,2
6504,0
6505,0
6506,0
6507,0
6508,0
6509,0
6510,0
6511,0
6512,2
6513,0
6514,2
6515,2
6516,2
6517,2
6518,2
6519,0
6520,0
6521,2
6522,0
6523,2
6524,0
6525,0
6526,0
6527,0
6528,2
6529,2
6530,1
6531,2
6532,0
6533,1
6534,0
6535,0
6536,0
6537,0
6538,0
6539,2
6540,2
6541,2
6542,2
6543,2
6544,2
6545,0
6546,2
6547,2
6548,2
6549,2
6550,2
6551,2
6552,2
6553,2
6554,2
6555,2
6556,2
6557,2
6558,2
6559,2
6560,2
6561,2
6562,2
6563,0
6564,0
6565,2
6566,0
6567,0
6568,0
6569,2
6570,2
6571,0
6572,0
6573,0
6574,2
6575,2
6576,2
6577,2
6578,2
6579,2
6580,2
6581,2
6582,2
6583,2
6584,2
6585,2
6586,1
6587,2
6588,0
6589,2
6590,1
6591,2
6592,2
6593,2
6594,2
6595,0
6596,2
6597,2
6598,2
6599,0
6600,2
6601,2
6602,2
6603,0
6604,2
6605,2
6606,2
6607,2
6608,1
6609,0
6610,2
6611,2
6612,2
6613,2
6614,2
6615,2
6616,0
6617,2
6618,2
6619,2
6620,2
6621,2
6622,2
6623,1
6624,2
6625,0
6626,2
6627,0
6628,0
6629,1
6630,1
6631,2
6632,0
6633,0
6634,2
6635,1
6636,2
6637,2
6638,2
6639,2
6640,2
6641,2
6642,0
6643,2
6644,2
6645,1
6646,0
6647,2
6648,2
6649,2
6650,0
6651,2
6652,2
6653,2
6654,1
6655,1
6656,1
6657,1
6658,1
6659,1
6660,1
6661,1
6662,1
6663,1
6664,1
6665,1
6666,2
6667,2
6668,2
6669,0
6670,2
6671,1
6672,2
6673,2
6674,0
6675,2
6676,0
6677,2
6678,0
6679,1
6680,0
6681,0
6682,0
6683,0
6684,1
6685,1
6686,0
6687,1
6688,1
6689,0
6690,1
6691,0
6692,2
6693,2
6694,0
6695,2
6696,0
6697,2
6698,2
6699,0
6700,2
6701,0
6702,2
6703,2
6704,2
6705,2
6706,0
6707,0
6708,2
6709,2
6710,2
6711,2
6712,2
6713,2
6714,2
6715,2
6716,2
6717,2
6718,2
6719,0
6720,2
6721,0
6722,2
6723,0
6724,2
6725,2
6726,2
6727,2
6728,2
6729,2
6730,2
6731,0
6732,1
6733,1
6734,1
6735,2
6736,2
6737,2
6738,2
6739,2
6740,2
6741,2
6742,0
6743,2
6744,0
6745,2
6746,2
6747,0
6748,2
6749,2
6750,0
6751,2
6752,2
6753,2
6754,2
6755,2
6756,1
6757,2
6758,2
6759,2
6760,2
6761,2
6762,1
6763,2
6764,2
6765,2
6766,1
6767,2
6768,2
6769,2
6770,2
6771,0
6772,2
6773,0
6774,2
6775,2
6776,2
6777,2
6778,2
6779,1
6780,1
6781,1
6782,1
6783,1
6784,1
6785,1
6786,1
6787,1
6788,1
6789,2
6790,1
6791,0
6792,0
6793,2
6794,2
6795,2
6796,2
6797,2
6798,2
6799,2
6800,2
6801,2
6802,2
6803,2
6804,2
6805,2
6806,2
6807,1
6808,2
6809,1
6810,2
6811,2
6812,2
6813,2
6814,2
6815,0
6816,2
6817,0
6818,2
6819,2
6820,0
6821,2
6822,2
6823,1
6824,2
6825,2
6826,2
6827,2
6828,2
6829,2
6830,2
6831,2
6832,2
6833,2
6834,2
6835,1
6836,2
6837,2
6838,2
6839,0
6840,2
6841,2
6842,2
6843,0
6844,2
6845,2
6846,2
6847,2
6848,2
6849,2
6850,1
6851,1
6852,1
6853,2
6854,2
6855,2
6856,2
6857,2
6858,2
6859,2
6860,2
6861,2
6862,2
6863,0
6864,0
6865,2
6866,2
6867,2
6868,2
6869,2
6870,2
6871,0
6872,2
6873,2
6874,2
6875,0
6876,0
6877,2
6878,2
6879,0
6880,2
6881,2
6882,2
6883,2
6884,0
6885,0
6886,0
6887,0
6888,2
6889,0
6890,0
6891,0
6892,2
6893,2
6894,2
6895,2
6896,0
6897,2
6898,2
6899,1
6900,0
6901,2
6902,0
6903,2
6904,2
6905,2
6906,2
6907,2
6908,2
6909,0
6910,0
6911,2
6912,2
6913,2
6914,2
6915,2
6916,2
6917,2
6918,0
6919,2
6920,2
6921,0
6922,0
6923,2
6924,0
6925,2
6926,2
6927,2
6928,2
6929,2
6930,2
6931,2
6932,0
6933,2
6934,2
6935,2
6936,2
6937,0
6938,2
6939,2
6940,1
6941,0
6942,1
6943,1
6944,0
6945,1
6946,0
6947,0
6948,0
6949,1
6950,2
6951,2
6952,0
6953,2
6954,2
6955,2
6956,2
6957,2
6958,2
6959,0
6960,0
6961,0
6962,2
6963,2
6964,2
6965,0
6966,0
6967,0
6968,2
6969,2
6970,2
6971,2
6972,0
6973,0
6974,2
6975,2
6976,2
6977,2
6978,2
6979,2
6980,2
6981,0
6982,0
6983,0
6984,2
6985,2
6986,2
6987,2
6988,2
6989,2
6990,2
6991,2
6992,2
6993,2
6994,2
6995,2
6996,2
6997,2
6998,2
6999,2
7000,2
7001,2
7002,2
7003,2
7004,2
7005,0
7006,2
7007,2
7008,2
7009,0
7010,2
7011,2
7012,2
7013,2
7014,2
7015,0
7016,2
7017,0
7018,0
7019,2
7020,0
7021,0
7022,0
7023,2
7024,0
7025,2
7026,2
7027,2
7028,2
7029,0
7030,0
7031,2
7032,0
7033,2
7034,2
7035,2
7036,2
7037,2
7038,0
7039,2
7040,0
7041,2
7042,2
7043,0
7044,2
7045,2
7046,2
7047,1
7048,2
7049,0
7050,2
7051,2
7052,1
7053,0
7054,0
7055,1
7056,2
7057,0
7058,0
7059,0
7060,0
7061,2
7062,2
7063,2
7064,2
7065,2
7066,2
7067,0
7068,0
7069,2
7070,2
7071,2
7072,2
7073,0
7074,1
7075,1
7076,2
7077,0
7078,2
7079,2
7080,2
7081,2
7082,2
7083,2
7084,2
7085,0
7086,2
7087,2
7088,2
7089,2
7090,2
7091,2
7092,0
7093,2
7094,2
7095,2
7096,2
7097,2
7098,2
7099,2
7100,2
7101,2
7102,2
7103,2
7104,2
7105,0
7106,2
7107,0
7108,2
7109,0
7110,0
7111,0
7112,0
7113,0
7114,0
7115,2
7116,2
7117,2
7118,1
7119,2
7120,0
7121,2
7122,2
7123,2
7124,2
7125,2
7126,2
7127,2
7128,0
7129,2
7130,2
7131,2
7132,2
7133,2
7134,2
7135,2
7136,2
7137,2
7138,2
7139,2
7140,0
7141,0
7142,2
7143,2
7144,0
7145,2
7146,2
7147,2
7148,2
7149,2
7150,2
7151,2
7152,2
7153,2
7154,2
7155,2
7156,2
7157,2
7158,1
7159,1
7160,1
7161,0
7162,1
7163,1
7164,1
7165,1
7166,1
7167,0
7168,2
7169,2
7170,0
7171,0
7172,0
7173,2
7174,2
7175,2
7176,1
7177,0
7178,2
7179,0
7180,2
7181,2
7182,0
7183,0
7184,0
7185,0
7186,0
7187,0
7188,0
7189,2
7190,2
7191,2
7192,2
7193,2
7194,2
7195,2
7196,2
7197,2
7198,0
7199,0
7200,0
7201,0
7202,0
7203,0
7204,0
7205,0
7206,0
7207,2
7208,2
7209,2
7210,2
7211,2
7212,0
7213,0
7214,0
7215,0
7216,0
7217,2
7218,0
7219,0
7220,2
7221,0
7222,0
7223,0
7224,2
7225,2
7226,0
7227,0
7228,0
7229,0
7230,0
7231,0
7232,0
7233,0
7234,0
7235,2
7236,2
7237,2
7238,0
7239,2
7240,0
7241,2
7242,2
7243,2
7244,0
7245,0
7246,2
7247,2
7248,2
7249,2
7250,0
7251,0
7252,2
7253,1
7254,2
7255,2
7256,0
7257,0
7258,0
7259,0
7260,0
7261,0
7262,2
7263,0
7264,0
7265,2
7266,0
7267,0
7268,0
7269,0
7270,0
7271,2
7272,0
7273,2
7274,0
7275,0
7276,2
7277,0
7278,0
7279,2
7280,2
7281,2
7282,0
7283,0
7284,0
7285,2
7286,2
7287,2
7288,0
7289,0
7290,2
7291,2
7292,2
7293,0
7294,1
7295,0
7296,0
7297,0
7298,2
7299,0
7300,0
7301,0
7302,0
7303,0
7304,0
7305,0
7306,0
7307,0
7308,2
7309,2
7310,2
7311,0
7312,2
7313,2
7314,0
7315,2
7316,0
7317,0
7318,2
7319,2
7320,2
7321,2
7322,2
7323,2
7324,0
7325,2
7326,0
7327,2
7328,0
7329,0
7330,0
7331,0
7332,2
7333,0
7334,0
7335,0
7336,0
7337,0
7338,2
7339,2
7340,0
7341,0
7342,0
7343,0
7344,0
7345,0
7346,2
7347,2
7348,2
7349,0
7350,0
7351,2
7352,2
7353,2
7354,2
7355,2
7356,0
7357,0
7358,0
7359,0
7360,0
7361,2
7362,2
7363,0
7364,2
7365,0
7366,2
7367,2
7368,2
7369,0
7370,0
7371,2
7372,2
7373,2
7374,2
7375,0
7376,0
7377,2
7378,2
7379,2
7380,1
7381,2
7382,2
7383,2
7384,0
7385,0
7386,0
7387,0
7388,0
7389,0
7390,0
7391,2
7392,0
7393,2
7394,0
7395,0
7396,0
7397,0
7398,1
7399,0
7400,0
7401,0
7402,0
7403,2
7404,0
7405,2
7406,0
7407,2
7408,0
7409,0
7410,2
7411,0
7412,0
7413,0
7414,0
7415,0
7416,2
7417,2
7418,2
7419,0
7420,0
7421,0
7422,0
7423,0
7424,0
7425,0
7426,2
7427,2
7428,1
7429,0
7430,0
7431,2
7432,2
7433,2
7434,2
7435,0
7436,0
7437,0
7438,0
7439,2
7440,2
7441,0
7442,2
7443,2
7444,2
7445,2
7446,2
7447,2
7448,0
7449,0
7450,2
7451,0
7452,0
7453,2
7454,0
7455,0
7456,2
7457,2
7458,2
7459,2
7460,2
7461,0
7462,0
7463,2
7464,2
7465,2
7466,2
7467,0
7468,2
7469,0
7470,2
7471,0
7472,0
7473,0
7474,2
7475,0
7476,2
7477,0
7478,0
7479,2
7480,2
7481,0
7482,2
7483,2
7484,2
7485,2
7486,2
7487,2
7488,2
7489,2
7490,2
7491,2
7492,2
7493,0
7494,0
7495,2
7496,2
7497,0
7498,2
7499,0
7500,0
7501,0
7502,0
7503,0
7504,2
7505,2
7506,2
7507,2
7508,2
7509,0
7510,0
7511,2
7512,2
7513,2
7514,0
7515,2
7516,1
7517,0
7518,2
7519,2
7520,0
7521,2
7522,2
7523,2
7524,0
7525,2
7526,2
7527,2
7528,2
7529,2
7530,2
7531,2
7532,2
7533,2
7534,2
7535,2
7536,2
7537,2
7538,2
7539,2
7540,0
7541,0
7542,2
7543,0
7544,0
7545,0
7546,2
7547,2
7548,0
7549,2
7550,0
7551,0
7552,0
7553,0
7554,0
7555,2
7556,2
7557,2
7558,2
7559,2
7560,0
7561,0
7562,0
7563,0
7564,0
7565,0
7566,0
7567,0
7568,0
7569,2
7570,2
7571,2
7572,2
7573,2
7574,2
7575,2
7576,2
7577,2
7578,0
7579,0
7580,2
7581,0
7582,0
7583,0
7584,2
7585,0
7586,2
7587,2
7588,2
7589,2
7590,2
7591,2
7592,1
7593,2
7594,2
7595,0
7596,2
7597,2
7598,2
7599,0
7600,0
7601,0
7602,0
7603,2
7604,0
7605,2
7606,2
7607,2
7608,0
7609,2
7610,1
7611,0
7612,0
7613,2
7614,0
7615,2
7616,2
7617,2
7618,2
7619,2
7620,2
7621,1
7622,2
7623,2
7624,2
7625,0
7626,2
7627,0
7628,0
7629,2
7630,1
7631,1
7632,2
7633,2
7634,2
7635,2
7636,2
7637,0
7638,2
7639,2
7640,2
7641,2
7642,2
7643,0
7644,2
7645,2
7646,2
7647,2
7648,0
7649,2
7650,0
7651,2
7652,2
7653,2
7654,2
7655,2
7656,2
7657,2
7658,2
7659,2
7660,2
7661,0
7662,2
7663,2
7664,2
7665,2
7666,2
7667,2
7668,0
7669,2
7670,0
7671,2
7672,2
7673,0
7674,2
7675,0
7676,0
7677,0
7678,2
7679,0
7680,2
7681,0
7682,0
7683,0
7684,0
7685,2
7686,2
7687,0
7688,2
7689,0
7690,0
7691,0
7692,2
7693,0
7694,0
7695,1
7696,2
7697,0
7698,2
7699,0
7700,0
7701,0
7702,0
7703,0
7704,0
7705,0
7706,0
7707,0
7708,2
7709,2
7710,1
7711,0
7712,2
7713,0
7714,2
7715,2
7716,2
7717,0
7718,1
7719,0
7720,0
7721,0
7722,2
7723,0
7724,2
7725,0
7726,0
7727,2
7728,0
7729,2
7730,0
7731,0
7732,2
7733,1
7734,0
7735,0
7736,0
7737,0
7738,2
7739,0
7740,0
7741,0
7742,0
7743,0
7744,2
7745,0
7746,0
7747,2
7748,0
7749,2
7750,2
7751,0
7752,1
7753,0
7754,0
7755,0
7756,0
7757,0
7758,2
7759,0
7760,2
7761,2
7762,2
7763,2
7764,0
7765,2
7766,1
7767,2
7768,0
7769,2
7770,0
7771,0
7772,0
7773,0
7774,0
7775,2
7776,2
7777,2
7778,0
7779,0
7780,0
7781,2
7782,0
7783,0
7784,2
7785,0
7786,2
7787,2
7788,2
7789,0
7790,1
7791,1
7792,0
7793,0
7794,0
7795,0
7796,0
7797,0
7798,0
7799,2
7800,2
7801,0
7802,0
7803,2
7804,2
7805,0
7806,2
7807,2
7808,0
7809,0
7810,0
7811,0
7812,2
7813,0
7814,2
7815,2
7816,2
7817,0
7818,0
7819,0
7820,0
7821,0
7822,0
7823,0
7824,0
7825,2
7826,0
7827,0
7828,2
7829,2
7830,0
7831,2
7832,2
7833,2
7834,0
7835,2
7836,0
7837,0
7838,2
7839,0
7840,0
7841,0
7842,1
7843,0
7844,0
7845,0
7846,0
7847,1
7848,0
7849,2
7850,0
7851,2
7852,0
7853,0
7854,0
7855,0
7856,0
7857,0
7858,0
7859,0
7860,0
7861,0
7862,0
7863,0
7864,0
7865,0
7866,0
7867,0
7868,0
7869,0
7870,0
7871,0
7872,2
7873,2
7874,2
7875,0
7876,0
7877,2
7878,0
7879,0
7880,2
7881,2
7882,2
7883,0
7884,0
7885,0
7886,0
7887,0
7888,0
7889,2
7890,2
7891,2
7892,2
7893,0
7894,0
7895,0
7896,2
7897,0
7898,2
7899,2
7900,0
7901,0
7902,0
7903,0
7904,0
7905,2
7906,0
7907,0
7908,0
7909,0
7910,1
7911,0
7912,0
7913,2
7914,2
7915,2
7916,1
7917,1
7918,2
7919,2
7920,2
7921,2
7922,0
7923,2
7924,1
7925,0
7926,0
7927,0
7928,0
7929,0
7930,0
7931,2
7932,2
7933,2
7934,2
7935,1
7936,1
7937,1
7938,2
7939,2
7940,0
7941,2
7942,0
7943,2
7944,2
7945,0
7946,1
7947,2
7948,2
7949,2
7950,2
7951,2
7952,0
7953,0
7954,0
7955,1
7956,2
7957,2
7958,0
7959,0
7960,2
7961,0
7962,0
7963,0
7964,0
7965,1
7966,2
7967,0
7968,0
7969,0
7970,0
7971,2
7972,0
7973,2
7974,0
7975,0
7976,0
7977,1
7978,0
7979,1
7980,2
7981,0
7982,2
7983,2
7984,0
7985,2
7986,0
7987,2
7988,2
7989,2
7990,0
7991,2
7992,0
7993,0
7994,0
7995,0
7996,0
7997,0
7998,0
7999,0
8000,0
8001,0
8002,2
8003,0
8004,2
8005,0
8006,0
8007,2
8008,2
8009,0
8010,0
8011,0
8012,2
8013,0
8014,0
8015,0
8016,0
8017,2
8018,0
8019,0
8020,0
8021,0
8022,0
8023,2
8024,1
8025,1
8026,0
8027,0
8028,0
8029,0
8030,0
8031,0
8032,0
8033,2
8034,0
8035,2
8036,2
8037,0
8038,0
8039,2
8040,2
8041,2
8042,0
8043,2
8044,0
8045,2
8046,2
8047,2
8048,0
8049,0
8050,0
8051,0
8052,0
8053,0
8054,2
8055,0
8056,0
8057,0
8058,0
8059,0
8060,0
8061,0
8062,0
8063,0
8064,0
8065,0
8066,0
8067,0
8068,0
8069,0
8070,0
8071,0
8072,0
8073,2
8074,2
8075,2
8076,2
8077,0
8078,0
8079,0
8080,0
8081,0
8082,0
8083,0
8084,0
8085,2
8086,2
8087,2
8088,0
8089,0
8090,0
8091,0
8092,1
8093,2
8094,1
8095,2
8096,0
8097,0
8098,2
8099,2
8100,2
8101,0
8102,1
8103,1
8104,0
8105,2
8106,2
8107,0
8108,2
8109,2
8110,2
8111,2
8112,2
8113,2
8114,0
8115,0
8116,0
8117,1
8118,2
8119,1
8120,1
8121,1
8122,1
8123,2
8124,0
8125,0
8126,2
8127,2
8128,2
8129,1
8130,0
8131,2
8132,2
8133,2
8134,0
8135,2
8136,2
8137,0
8138,0
8139,0
8140,2
8141,1
8142,2
8143,2
8144,2
8145,2
8146,0
8147,2
8148,2
8149,2
8150,2
8151,2
8152,2
8153,2
8154,2
8155,0
8156,0
8157,2
8158,2
8159,2
8160,2
8161,0
8162,2
8163,2
8164,2
8165,0
8166,0
8167,0
8168,0
8169,0
8170,2
8171,2
8172,0
8173,1
8174,2
8175,1
8176,0
8177,0
8178,2
8179,2
8180,2
8181,0
8182,2
8183,1
8184,2
8185,2
8186,2
8187,1
8188,2
8189,2
8190,0
8191,2
8192,2
8193,2
8194,2
8195,2
8196,2
8197,0
8198,1
8199,2
8200,0
8201,2
8202,2
8203,2
8204,2
8205,1
8206,1
8207,2
8208,2
8209,1
8210,2
8211,1
8212,0
8213,2
8214,2
8215,1
8216,2
8217,2
8218,0
8219,0
8220,2
8221,2
8222,2
8223,0
8224,0
8225,1
8226,0
8227,2
8228,2
8229,0
8230,0
8231,2
8232,1
8233,2
8234,2
8235,2
8236,2
8237,2
8238,0
8239,2
8240,2
8241,1
8242,2
8243,1
8244,2
8245,2
8246,2
8247,2
8248,2
8249,0
8250,2
8251,0
8252,0
8253,2
8254,2
8255,2
8256,2
8257,2
8258,2
8259,2
8260,2
8261,0
8262,2
8263,2
8264,2
8265,2
8266,2
8267,2
8268,2
8269,2
8270,2
8271,2
8272,2
8273,2
8274,2
8275,2
8276,0
8277,2
8278,2
8279,2
8280,2
8281,0
8282,0
8283,2
8284,2
8285,2
8286,0
8287,2
8288,0
8289,0
8290,0
8291,0
8292,0
8293,2
8294,2
8295,0
8296,2
8297,0
8298,0
8299,2
8300,2
8301,2
8302,0
8303,0
8304,2
8305,2
8306,0
8307,0
8308,0
8309,2
8310,0
8311,2
8312,2
8313,0
8314,2
8315,2
8316,2
8317,2
8318,2
8319,2
8320,2
8321,2
8322,2
8323,2
8324,0
8325,2
8326,2
8327,0
8328,0
8329,0
8330,0
8331,2
8332,0
8333,0
8334,2
8335,2
8336,2
8337,0
8338,0
8339,2
8340,0
8341,2
8342,0
8343,0
8344,0
8345,0
8346,2
8347,2
8348,2
8349,2
8350,0
8351,2
8352,2
8353,2
8354,0
8355,0
8356,0
8357,0
8358,0
8359,0
8360,0
8361,2
8362,2
8363,2
8364,2
8365,2
8366,0
8367,2
8368,0
8369,0
8370,0
8371,2
8372,0
8373,2
8374,0
8375,2
8376,0
8377,2
8378,0
8379,0
8380,2
8381,2
8382,0
8383,2
8384,1
8385,2
8386,2
8387,2
8388,2
8389,0
8390,0
8391,2
8392,2
8393,2
8394,0
8395,0
8396,0
8397,2
8398,0
8399,2
8400,0
8401,0
8402,0
8403,0
8404,1
8405,0
8406,0
8407,0
8408,2
8409,2
8410,2
8411,2
8412,2
8413,2
8414,2
8415,0
8416,0
8417,0
8418,2
8419,0
8420,2
8421,2
8422,1
8423,0
8424,0
8425,0
8426,0
8427,2
8428,1
8429,1
8430,0
8431,2
8432,0
8433,0
8434,0
8435,1
8436,2
8437,0
8438,2
8439,2
8440,2
8441,0
8442,0
8443,0
8444,0
8445,2
8446,1
8447,0
8448,1
8449,1
8450,1
8451,1
8452,2
8453,2
8454,0
8455,0
8456,0
8457,0
8458,0
8459,0
8460,2
8461,0
8462,0
8463,2
8464,2
8465,2
8466,2
8467,2
8468,0
8469,2
8470,2
8471,2
8472,0
8473,2
8474,0
8475,2
8476,0
8477,0
8478,2
8479,0
8480,0
8481,0
8482,2
8483,2
8484,2
8485,0
8486,2
8487,2
8488,0
8489,2
8490,0
8491,0
8492,0
8493,0
8494,2
8495,0
8496,0
8497,0
8498,0
8499,2
8500,2
8501,2
8502,2
8503,2
8504,0
8505,0
8506,2
8507,0
8508,2
8509,2
8510,0
8511,0
8512,0
8513,0
8514,2
8515,0
8516,0
8517,0
8518,0
8519,0
8520,1
8521,1
8522,2
8523,1
8524,0
8525,0
8526,0
8527,0
8528,2
8529,0
8530,0
8531,1
8532,0
8533,0
8534,2
8535,2
8536,0
8537,2
8538,2
8539,2
8540,0
8541,0
8542,0
8543,2
8544,0
8545,0
8546,2
8547,0
8548,0
8549,0
8550,0
8551,2
8552,0
8553,0
8554,0
8555,2
8556,2
8557,0
8558,2
8559,2
8560,2
8561,2
8562,0
8563,2
8564,2
8565,2
8566,2
8567,2
8568,0
8569,0
8570,0
8571,2
8572,2
8573,0
8574,0
8575,2
8576,0
8577,2
8578,0
8579,0
8580,0
8581,0
8582,0
8583,2
8584,0
8585,0
8586,0
8587,0
8588,2
8589,2
8590,0
8591,2
8592,0
8593,0
8594,0
8595,0
8596,0
8597,2
8598,2
8599,2
8600,2
8601,2
8602,2
8603,2
8604,0
8605,0
8606,0
8607,0
8608,0
8609,0
8610,0
8611,2
8612,0
8613,1
8614,0
8615,0
8616,2
8617,0
8618,1
8619,2
8620,0
8621,0
8622,2
8623,1
8624,0
8625,1
8626,0
8627,2
8628,1
8629,0
8630,0
8631,0
8632,2
8633,2
8634,0
8635,0
8636,2
8637,2
8638,0
8639,2
8640,0
8641,0
8642,0
8643,1
8644,2
8645,0
8646,0
8647,2
8648,2
8649,0
8650,2
8651,2
8652,2
8653,2
8654,2
8655,0
8656,2
8657,0
8658,0
8659,0
8660,0
8661,2
8662,2
8663,0
8664,2
8665,2
8666,0
8667,1
8668,0
8669,0
8670,0
8671,0
8672,0
8673,0
8674,0
8675,0
8676,0
8677,0
8678,2
8679,0
8680,0
8681,0
8682,0
8683,1
8684,0
8685,0
8686,0
8687,0
8688,2
8689,2
8690,1
8691,1
8692,2
8693,2
8694,2
8695,2
8696,2
8697,2
8698,2
8699,0
8700,2
8701,2
8702,2
8703,0
8704,2
8705,0
8706,0
8707,2
8708,0
8709,0
8710,0
8711,0
8712,2
8713,0
8714,2
8715,1
8716,1
8717,2
8718,2
8719,0
8720,0
8721,0
8722,2
8723,0
8724,0
8725,0
8726,2
8727,0
8728,2
8729,2
8730,2
8731,0
8732,0
8733,2
8734,2
8735,0
8736,0
8737,2
8738,0
8739,0
8740,2
8741,0
8742,0
8743,2
8744,2
8745,2
8746,2
8747,0
8748,1
8749,1
8750,0
8751,2
8752,0
8753,0
8754,0
8755,0
8756,2
8757,0
8758,0
8759,0
8760,0
8761,0
8762,0
8763,2
8764,0
8765,0
8766,2
8767,0
8768,0
8769,0
8770,2
8771,2
8772,1
8773,2
8774,0
8775,0
8776,1
8777,0
8778,0
8779,0
8780,0
8781,0
8782,2
8783,0
8784,2
8785,0
8786,0
8787,2
8788,1
8789,0
8790,0
8791,2
8792,0
8793,2
8794,2
8795,0
8796,0
8797,0
8798,2
8799,2
8800,0
8801,2
8802,2
8803,0
8804,0
8805,0
8806,0
8807,1
8808,2
8809,2
8810,2
8811,2
8812,2
8813,2
8814,2
8815,2
8816,0
8817,2
8818,0
8819,2
8820,2
8821,2
8822,2
8823,2
8824,2
8825,2
8826,0
8827,0
8828,0
8829,2
8830,2
8831,2
8832,0
8833,0
8834,2
8835,0
8836,2
8837,0
8838,0
8839,2
8840,0
8841,0
8842,0
8843,0
8844,0
8845,2
8846,2
8847,2
8848,2
8849,2
8850,2
8851,2
8852,2
8853,2
8854,0
8855,2
8856,2
8857,0
8858,1
8859,0
8860,0
8861,0
8862,1
8863,2
8864,1
8865,0
8866,2
8867,2
8868,2
8869,2
8870,0
8871,2
8872,0
8873,0
8874,2
8875,2
8876,2
8877,2
8878,2
8879,2
8880,2
8881,2
8882,2
8883,2
8884,2
8885,2
8886,2
8887,2
8888,2
8889,0
8890,2
8891,2
8892,2
8893,0
8894,2
8895,2
8896,0
8897,0
8898,0
8899,0
8900,0
8901,2
8902,0
8903,0
8904,1
8905,0
8906,1
8907,2
8908,0
8909,2
8910,0
8911,0
8912,2
8913,2
8914,2
8915,0
8916,2
8917,0
8918,2
8919,2
8920,2
8921,2
8922,2
8923,0
8924,2
8925,2
8926,0
8927,2
8928,2
8929,2
8930,0
8931,1
8932,0
8933,2
8934,2
8935,0
8936,0
8937,2
8938,0
8939,2
8940,2
8941,2
8942,2
8943,0
8944,0
8945,2
8946,0
8947,2
8948,2
8949,0
8950,0
8951,2
8952,2
8953,2
8954,2
8955,2
8956,0
8957,1
8958,0
8959,2
8960,2
8961,2
8962,0
8963,2
8964,2
8965,2
8966,0
8967,0
8968,0
8969,0
8970,0
8971,2
8972,2
8973,2
8974,2
8975,0
8976,0
8977,0
8978,0
8979,2
8980,2
8981,2
8982,2
8983,0
8984,0
8985,2
8986,1
8987,1
8988,2
8989,0
8990,2
8991,0
8992,0
8993,0
8994,0
8995,0
8996,2
8997,2
8998,2
8999,2
9000,2
9001,2
9002,2
9003,2
9004,2
9005,2
9006,2
9007,2
9008,2
9009,2
9010,2
9011,0
9012,1
9013,1
9014,2
9015,2
9016,2
9017,0
9018,2
9019,2
9020,2
9021,2
9022,2
9023,2
9024,2
9025,0
9026,2
9027,0
9028,1
9029,2
9030,2
9031,2
9032,2
9033,2
9034,2
9035,2
9036,2
9037,0
9038,0
9039,2
9040,2
9041,2
9042,2
9043,2
9044,2
9045,1
9046,2
9047,2
9048,0
9049,2
9050,2
9051,2
9052,2
9053,0
9054,2
9055,1
9056,2
9057,2
9058,2
9059,2
9060,2
9061,2
9062,0
9063,1
9064,0
9065,0
9066,0
9067,2
9068,2
9069,0
9070,2
9071,2
9072,1
9073,0
9074,2
9075,2
9076,0
9077,2
9078,2
9079,0
9080,0
9081,0
9082,2
9083,2
9084,0
9085,0
9086,1
9087,0
9088,0
9089,2
9090,2
9091,0
9092,2
9093,2
9094,0
9095,0
9096,2
9097,2
9098,0
9099,2
9100,2
9101,2
9102,0
9103,0
9104,1
9105,0
9106,0
9107,0
9108,2
9109,2
9110,2
9111,2
9112,2
9113,0
9114,0
9115,0
9116,2
9117,0
9118,2
9119,2
9120,2
9121,2
9122,2
9123,2
9124,2
9125,2
9126,0
9127,2
9128,0
9129,0
9130,0
9131,2
9132,2
9133,0
9134,2
9135,2
9136,2
9137,2
9138,0
9139,2
9140,0
9141,0
9142,0
9143,2
9144,2
9145,1
9146,1
9147,2
9148,0
9149,0
9150,0
9151,2
9152,2
9153,2
9154,0
9155,2
9156,2
9157,0
9158,2
9159,2
9160,2
9161,2
9162,2
9163,2
9164,0
9165,2
9166,2
9167,0
9168,2
9169,0
9170,2
9171,2
9172,0
9173,2
9174,0
9175,2
9176,2
9177,2
9178,2
9179,0
9180,2
9181,0
9182,0
9183,2
9184,0
9185,0
9186,2
9187,2
9188,2
9189,2
9190,0
9191,2
9192,2
9193,0
9194,2
9195,2
9196,2
9197,2
9198,0
9199,0
9200,0
9201,2
9202,2
9203,2
9204,2
9205,2
9206,0
9207,0
9208,0
9209,0
9210,0
9211,2
9212,2
9213,2
9214,2
9215,2
9216,2
9217,0
9218,0
9219,2
9220,2
9221,0
9222,2
9223,2
9224,1
9225,2
9226,2
9227,2
9228,2
9229,2
9230,2
9231,2
9232,2
9233,2
9234,2
9235,2
9236,2
9237,2
9238,0
9239,2
9240,2
9241,0
9242,2
9243,2
9244,0
9245,2
9246,2
9247,2
9248,2
9249,2
9250,0
9251,2
9252,2
9253,2
9254,2
9255,2
9256,2
9257,0
9258,0
9259,0
9260,2
9261,2
9262,2
9263,0
9264,0
9265,2
9266,2
9267,2
9268,2
9269,0
9270,0
9271,1
9272,2
9273,1
9274,2
9275,0
9276,2
9277,2
9278,2
9279,2
9280,2
9281,2
9282,2
9283,2
9284,2
9285,2
9286,0
9287,2
9288,1
9289,1
9290,1
9291,1
9292,1
9293,1
9294,1
9295,1
9296,1
9297,1
9298,1
9299,1
9300,1
9301,2
9302,1
9303,0
9304,2
9305,0
9306,2
9307,2
9308,2
9309,2
9310,0
9311,2
9312,1
9313,2
9314,0
9315,0
9316,0
9317,0
9318,2
9319,0
9320,1
9321,1
9322,0
9323,1
9324,1
9325,1
9326,1
9327,2
9328,2
9329,2
9330,2
9331,2
9332,2
9333,0
9334,2
9335,2
9336,2
9337,0
9338,2
9339,2
9340,0
9341,2
9342,2
9343,2
9344,2
9345,2
9346,2
9347,2
9348,2
9349,2
9350,0
9351,2
9352,2
9353,2
9354,2
9355,1
9356,1
9357,1
9358,1
9359,1
9360,1
9361,1
9362,1
9363,1
9364,1
9365,1
9366,1
9367,1
9368,1
9369,1
9370,1
9371,1
9372,2
9373,1
9374,1
9375,2
9376,0
9377,2
9378,1
9379,2
9380,2
9381,2
9382,0
9383,0
9384,2
9385,0
9386,0
9387,0
9388,2
9389,2
9390,0
9391,2
9392,2
9393,2
9394,2
9395,2
9396,0
9397,2
9398,2
9399,2
9400,0
9401,2
9402,2
9403,1
9404,1
9405,1
9406,0
9407,0
9408,2
9409,2
9410,2
9411,2
9412,2
9413,2
9414,0
9415,2
9416,2
9417,2
9418,2
9419,0
9420,2
9421,2
9422,2
9423,2
9424,2
9425,2
9426,0
9427,0
9428,2
9429,0
9430,0
9431,2
9432,0
9433,2
9434,0
9435,2
9436,2
9437,2
9438,2
9439,2
9440,0
9441,0
9442,2
9443,0
9444,0
9445,0
9446,0
9447,2
9448,2
9449,2
9450,0
9451,2
9452,2
9453,0
9454,2
9455,2
9456,2
9457,0
9458,2
9459,0
9460,2
9461,0
9462,2
9463,2
9464,2
9465,2
9466,0
9467,2
9468,0
9469,2
9470,2
9471,0
9472,2
9473,2
9474,2
9475,2
9476,2
9477,2
9478,0
9479,2
9480,2
9481,0
9482,0
9483,0
9484,0
9485,0
9486,0
9487,2
9488,0
9489,0
9490,2
9491,2
9492,2
9493,2
9494,0
9495,2
9496,2
9497,0
9498,2
9499,0
9500,0
9501,2
9502,2
9503,0
9504,0
9505,2
9506,2
9507,2
9508,0
9509,0
9510,2
9511,2
9512,0
9513,0
9514,2
9515,1
9516,2
9517,2
9518,2
9519,2
9520,2
9521,2
9522,2
9523,0
9524,0
9525,1
9526,2
9527,2
9528,2
9529,2
9530,1
9531,2
9532,2
9533,0
9534,1
9535,0
9536,2
9537,2
9538,1
9539,1
9540,0
9541,0
9542,0
9543,0
9544,0
9545,0
9546,2
9547,0
9548,0
9549,0
9550,2
9551,0
9552,2
9553,2
9554,0
9555,2
9556,2
9557,2
9558,0
9559,0
9560,0
9561,0
9562,0
9563,0
9564,2
9565,2
9566,2
9567,0
9568,2
9569,2
9570,2
9571,0
9572,0
9573,0
9574,0
9575,2
9576,0
9577,0
9578,2
9579,1
9580,1
9581,1
9582,1
9583,0
9584,1
9585,1
9586,0
9587,1
9588,0
9589,1
9590,1
9591,1
9592,0
9593,2
9594,1
9595,1
9596,0
9597,1
9598,0
9599,1
9600,1
9601,0
9602,1
9603,1
9604,1
9605,0
9606,2
9607,0
9608,0
9609,2
9610,2
9611,0
9612,2
9613,0
9614,2
9615,1
9616,2
9617,1
9618,2
9619,0
9620,2
9621,2
9622,2
9623,2
9624,2
9625,2
9626,0
9627,0
9628,2
9629,0
9630,0
9631,0
9632,2
9633,1
9634,1
9635,0
9636,2
9637,2
9638,2
9639,2
9640,2
9641,2
9642,2
9643,0
9644,0
9645,2
9646,2
9647,0
9648,0
9649,2
9650,2
9651,0
9652,2
9653,2
9654,0
9655,0
9656,0
9657,0
9658,0
9659,2
9660,2
9661,2
9662,1
9663,0
9664,0
9665,2
9666,2
9667,2
9668,0
9669,2
9670,2
9671,2
9672,0
9673,2
9674,2
9675,2
9676,1
9677,2
9678,2
9679,0
9680,2
9681,1
9682,2
9683,2
9684,1
9685,2
9686,1
9687,0
9688,2
9689,0
9690,0
9691,0
9692,0
9693,2
9694,2
9695,2
9696,2
9697,2
9698,2
9699,2
9700,0
9701,2
9702,0
9703,0
9704,2
9705,2
9706,2
9707,0
9708,2
9709,2
9710,2
9711,2
9712,2
9713,0
9714,0
9715,0
9716,2
9717,2
9718,0
9719,0
9720,1
9721,2
9722,2
9723,2
9724,2
9725,2
9726,0
9727,0
9728,1
9729,1
9730,1
9731,2
9732,2
9733,2
9734,2
9735,0
9736,0
9737,2
9738,2
9739,1
9740,1
9741,0
9742,2
9743,1
9744,1
9745,1
9746,1
9747,1
9748,2
9749,2
9750,0
9751,2
9752,2
9753,2
9754,2
9755,0
9756,2
9757,1
9758,2
9759,0
9760,2
9761,0
9762,0
9763,2
9764,0
9765,0
9766,0
9767,2
9768,2
9769,1
9770,2
9771,2
9772,0
9773,0
9774,0
9775,1
9776,1
9777,2
9778,2
9779,0
9780,2
9781,0
9782,2
9783,2
9784,2
9785,2
9786,2
9787,0
9788,2
9789,2
9790,2
9791,2
9792,2
9793,2
9794,2
9795,2
9796,2
9797,2
9798,2
9799,0
9800,2
9801,2
9802,2
9803,2
9804,2
9805,2
9806,2
9807,0
9808,0
9809,0
9810,2
9811,0
9812,2
9813,2
9814,0
9815,0
9816,2
9817,0
9818,2
9819,2
9820,2
9821,2
9822,2
9823,2
9824,2
9825,2
9826,2
9827,2
9828,2
9829,0
9830,0
9831,2
9832,2
9833,2
9834,2
9835,2
9836,2
9837,2
9838,0
9839,2
9840,2
9841,0
9842,0
9843,0
9844,0
9845,0
9846,2
9847,2
9848,2
9849,2
9850,0
9851,2
9852,2
9853,2
9854,2
9855,0
9856,0
9857,0
9858,0
9859,0
9860,2
9861,0
9862,2
9863,0
9864,2
9865,2
9866,0
9867,0
9868,0
9869,0
9870,2
9871,0
9872,2
9873,2
9874,0
9875,0
9876,0
9877,2
9878,0
9879,0
9880,2
9881,2
9882,2
9883,0
9884,0
9885,0
9886,0
9887,2
9888,0
9889,0
9890,0
9891,2
9892,0
9893,0
9894,2
9895,2
9896,0
9897,2
9898,0
9899,0
9900,0
9901,2
9902,0
9903,0
9904,0
9905,0
9906,0
9907,0
9908,0
9909,0
9910,0
9911,0
9912,0
9913,0
9914,0
9915,0
9916,0
9917,2
9918,0
9919,0
9920,0
9921,0
9922,0
9923,0
9924,2
9925,0
9926,0
9927,0
9928,0
9929,0
9930,0
9931,0
9932,0
9933,0
9934,0
9935,0
9936,0
9937,2
9938,0
9939,1
9940,1
9941,2
9942,2
9943,2
9944,0
9945,0
9946,2
9947,0
9948,0
9949,2
9950,2
9951,0
9952,0
9953,0
9954,0
9955,0
9956,0
9957,0
9958,0
9959,2
9960,0
9961,0
9962,2
9963,0
9964,0
9965,0
9966,0
9967,0
9968,0
9969,0
9970,0
9971,0
9972,0
9973,2
9974,0
9975,0
9976,0
9977,0
9978,0
9979,0
9980,0
9981,0
9982,0
9983,0
9984,0
9985,2
9986,0
9987,0
9988,2
9989,0
9990,0
9991,0
9992,0
9993,0
9994,0
9995,0
9996,2
9997,0
9998,0
9999,0
10000,2
10001,2
10002,0
10003,2
10004,0
10005,0
10006,0
10007,0
10008,0
10009,2
10010,0
10011,0
10012,2
10013,0
10014,0
10015,2
10016,2
10017,2
10018,0
10019,2
10020,0
10021,0
10022,2
10023,0
10024,2
10025,0
10026,0
10027,0
10028,0
10029,0
10030,0
10031,0
10032,0
10033,0
10034,0
10035,0
10036,0
10037,0
10038,0
10039,0
10040,2
10041,2
10042,1
10043,0
10044,1
10045,2
10046,2
10047,0
10048,0
10049,0
10050,2
10051,0
10052,2
10053,0
10054,2
10055,0
10056,0
10057,0
10058,0
10059,0
10060,0
10061,0
10062,0
10063,2
10064,0
10065,2
10066,0
10067,0
10068,2
10069,2
10070,2
10071,0
10072,0
10073,0
10074,0
10075,0
10076,0
10077,2
10078,2
10079,2
10080,0
10081,0
10082,0
10083,2
10084,0
10085,0
10086,2
10087,0
10088,0
10089,0
10090,2
10091,2
10092,0
10093,0
10094,2
10095,0
10096,2
10097,2
10098,0
10099,0
10100,0
10101,0
10102,0
10103,0
10104,2
10105,0
10106,0
10107,2
10108,0
10109,2
10110,0
10111,0
10112,2
10113,0
10114,2
10115,2
10116,0
10117,0
10118,2
10119,0
10120,2
10121,2
10122,0
10123,0
10124,0
10125,0
10126,0
10127,0
10128,0
10129,0
10130,0
10131,0
10132,0
10133,0
10134,0
10135,0
10136,2
10137,0
10138,0
10139,2
10140,2
10141,2
10142,0
10143,2
10144,0
10145,0
10146,0
10147,0
10148,0
10149,0
10150,0
10151,2
10152,2
10153,0
10154,2
10155,2
10156,0
10157,0
10158,0
10159,2
10160,2
10161,0
10162,2
10163,0
10164,0
10165,0
10166,2
10167,0
10168,0
10169,2
10170,2
10171,2
10172,0
10173,0
10174,0
10175,2
10176,2
10177,0
10178,0
10179,2
10180,0
10181,0
10182,0
10183,2
10184,0
10185,2
10186,0
10187,0
10188,0
10189,0
10190,0
10191,0
10192,0
10193,0
10194,2
10195,2
10196,2
10197,2
10198,2
10199,0
10200,0
10201,0
10202,0
10203,1
10204,2
10205,0
10206,2
10207,0
10208,2
10209,2
10210,2
10211,2
10212,2
10213,2
10214,0
10215,0
10216,0
10217,0
10218,0
10219,2
10220,0
10221,0
10222,0
10223,0
10224,0
10225,0
10226,0
10227,0
10228,0
10229,0
10230,2
10231,0
10232,2
10233,2
10234,0
10235,0
10236,2
10237,2
10238,2
10239,2
10240,2
10241,1
10242,2
10243,0
10244,2
10245,0
10246,0
10247,2
10248,2
10249,2
10250,2
10251,0
10252,2
10253,2
10254,2
10255,0
10256,2
10257,2
10258,2
10259,2
10260,0
10261,0
10262,2
10263,2
10264,0
10265,0
10266,0
10267,1
10268,1
10269,0
10270,0
10271,2
10272,0
10273,2
10274,2
10275,0
10276,0
10277,0
10278,2
10279,2
10280,0
10281,0
10282,0
10283,0
10284,0
10285,2
10286,0
10287,0
10288,2
10289,0
10290,2
10291,0
10292,2
10293,2
10294,0
10295,2
10296,2
10297,2
10298,0
10299,0
10300,0
10301,0
10302,0
10303,0
10304,2
10305,2
10306,2
10307,2
10308,1
10309,1
10310,0
10311,1
10312,0
10313,0
10314,2
10315,2
10316,0
10317,0
10318,0
10319,0
10320,0
10321,2
10322,2
10323,2
10324,0
10325,0
10326,2
10327,0
10328,0
10329,0
10330,2
10331,0
10332,0
10333,0
10334,2
10335,2
10336,0
10337,0
10338,0
10339,0
10340,0
10341,0
10342,0
10343,0
10344,0
10345,0
10346,0
10347,0
10348,0
10349,0
10350,0
10351,2
10352,0
10353,0
10354,0
10355,2
10356,0
10357,2
10358,0
10359,1
10360,0
10361,2
10362,0
10363,2
10364,2
10365,0
10366,0
10367,2
10368,2
10369,2
10370,2
10371,0
10372,2
10373,0
10374,2
10375,2
10376,2
10377,2
10378,2
10379,0
10380,0
10381,2
10382,2
10383,2
10384,1
10385,1
10386,1
10387,2
10388,2
10389,0
10390,0
10391,0
10392,0
10393,2
10394,2
10395,1
10396,1
10397,1
10398,1
10399,2
10400,2
10401,0
10402,2
10403,0
10404,0
10405,0
10406,0
10407,2
10408,0
10409,1
10410,1
10411,1
10412,0
10413,0
10414,1
10415,1
10416,2
10417,2
10418,2
10419,2
10420,2
10421,0
10422,2
10423,0
10424,0
10425,0
10426,0
10427,0
10428,0
10429,2
10430,0
10431,2
10432,2
10433,2
10434,1
10435,1
10436,1
10437,1
10438,1
10439,1
10440,1
10441,1
10442,1
10443,1
10444,2
10445,1
10446,2
10447,2
10448,2
10449,2
10450,2
10451,2
10452,1
10453,1
10454,2
10455,0
10456,2
10457,2
10458,2
10459,2
10460,2
10461,2
10462,2
10463,2
10464,2
10465,2
10466,0
10467,2
10468,2
10469,2
10470,2
10471,2
10472,1
10473,2
10474,2
10475,2
10476,0
10477,0
10478,0
10479,2
10480,2
10481,2
10482,0
10483,2
10484,2
10485,2
10486,2
10487,0
10488,0
10489,0
10490,0
10491,2
10492,2
10493,2
10494,2
10495,0
10496,2
10497,2
10498,1
10499,2
10500,2
10501,2
10502,2
10503,2
10504,2
10505,2
10506,0
10507,2
10508,2
10509,0
10510,0
10511,2
10512,0
10513,0
10514,2
10515,2
10516,2
10517,0
10518,0
10519,0
10520,0
10521,0
10522,0
10523,0
10524,2
10525,0
10526,2
10527,2
10528,2
10529,0
10530,0
10531,0
10532,1
10533,2
10534,1
10535,2
10536,2
10537,2
10538,0
10539,1
10540,1
10541,2
10542,1
10543,1
10544,1
10545,2
10546,2
10547,2
10548,2
10549,2
10550,2
10551,2
10552,0
10553,0
10554,2
10555,2
10556,2
10557,1
10558,1
10559,2
10560,2
10561,2
10562,2
10563,2
10564,0
10565,1
10566,1
10567,1
10568,1
10569,1
10570,0
10571,2
10572,2
10573,2
10574,2
10575,1
10576,2
10577,2
10578,0
10579,2
10580,0
10581,2
10582,2
10583,0
10584,0
10585,2
10586,2
10587,2
10588,2
10589,1
10590,0
10591,2
10592,2
10593,2
10594,0
10595,1
10596,1
10597,1
10598,1
10599,0
10600,0
10601,2
10602,2
10603,2
10604,2
10605,2
10606,2
10607,2
10608,2
10609,0
10610,0
10611,2
10612,0
10613,2
10614,0
10615,2
10616,2
10617,0
10618,2
10619,2
10620,1
10621,0
10622,2
10623,0
10624,2
10625,2
10626,2
10627,1
10628,2
10629,2
10630,2
10631,2
10632,2
10633,2
10634,2
10635,0
10636,0
10637,0
10638,0
10639,2
10640,2
10641,2
10642,2
10643,0
10644,2
10645,2
10646,2
10647,2
10648,2
10649,2
10650,0
10651,0
10652,2
10653,2
10654,2
10655,2
10656,2
10657,2
10658,2
10659,2
10660,2
10661,0
10662,0
10663,2
10664,2
10665,2
10666,2
10667,2
10668,0
10669,2
10670,0
10671,2
10672,0
10673,0
10674,0
10675,0
10676,2
10677,2
10678,2
10679,0
10680,1
10681,1
10682,1
10683,2
10684,0
10685,2
10686,2
10687,2
10688,2
10689,2
10690,0
10691,0
10692,2
10693,2
10694,2
10695,2
10696,2
10697,2
10698,2
10699,2
10700,2
10701,2
10702,2
10703,2
10704,2
10705,2
10706,0
10707,0
10708,2
10709,0
10710,2
10711,2
10712,2
10713,1
10714,2
10715,0
10716,2
10717,2
10718,2
10719,0
10720,0
10721,0
10722,1
10723,0
10724,2
10725,2
10726,0
10727,0
10728,1
10729,1
10730,1
10731,2
10732,2
10733,2
10734,1
10735,0
10736,0
10737,0
10738,1
10739,1
10740,1
10741,1
10742,0
10743,0
10744,2
10745,2
10746,0
10747,2
10748,2
10749,2
10750,2
10751,2
10752,2
10753,2
10754,1
10755,2
10756,0
10757,0
10758,2
10759,0
10760,2
10761,0
10762,2
10763,0
10764,0
10765,0
10766,1
10767,2
10768,2
10769,2
10770,0
10771,2
10772,2
10773,0
10774,0
10775,2
10776,2
10777,0
10778,2
10779,2
10780,2
10781,2
10782,0
10783,2
10784,2
10785,2
10786,2
10787,2
10788,0
10789,0
10790,2
10791,2
10792,2
10793,0
10794,2
10795,0
10796,1
10797,2
10798,1
10799,1
10800,1
10801,1
10802,1
10803,1
10804,1
10805,0
10806,0
10807,1
10808,1
10809,1
10810,1
10811,2
10812,2
10813,0
10814,2
10815,2
10816,1
10817,1
10818,1
10819,1
10820,1
10821,1
10822,0
10823,1
10824,1
10825,0
10826,2
10827,2
10828,0
10829,2
10830,0
10831,0
10832,0
10833,2
10834,2
10835,2
10836,2
10837,2
10838,0
10839,2
10840,1
10841,2
10842,0
10843,0
10844,2
10845,2
10846,2
10847,2
10848,2
10849,2
10850,2
10851,2
10852,2
10853,0
10854,2
10855,2
10856,2
10857,0
10858,0
10859,2
10860,2
10861,2
10862,2
10863,2
10864,2
10865,2
10866,0
10867,2
10868,2
10869,0
10870,2
10871,2
10872,0
10873,0
10874,2
10875,2
10876,2
10877,2
10878,2
10879,2
10880,0
10881,2
10882,2
10883,2
10884,0
10885,2
10886,2
10887,2
10888,2
10889,2
10890,2
10891,2
10892,0
10893,2
10894,0
10895,0
10896,0
10897,0
10898,2
10899,2
10900,2
10901,2
10902,2
10903,0
10904,2
10905,2
10906,0
10907,2
10908,1
10909,1
10910,0
10911,2
10912,1
10913,1
10914,2
10915,0
10916,2
10917,2
10918,2
10919,2
10920,2
10921,2
10922,2
10923,2
10924,2
10925,0
10926,2
10927,0
10928,0
10929,2
10930,2
10931,0
10932,0
10933,2
10934,2
10935,2
10936,2
10937,2
10938,2
10939,0
10940,2
10941,0
10942,0
10943,0
10944,0
10945,0
10946,2
10947,2
10948,2
10949,2
10950,2
10951,2
10952,2
10953,2
10954,2
10955,2
10956,2
10957,0
10958,0
10959,0
10960,0
10961,2
10962,2
10963,0
10964,2
10965,2
10966,2
10967,2
10968,0
10969,0
10970,0
10971,2
10972,2
10973,2
10974,0
10975,0
10976,0
10977,0
10978,0
10979,2
10980,0
10981,2
10982,0
10983,0
10984,0
10985,0
10986,0
10987,0
10988,0
10989,1
10990,2
10991,2
10992,2
10993,2
10994,0
10995,0
10996,0
10997,0
10998,0
10999,2
11000,2
11001,2
11002,2
11003,2
11004,0
11005,2
11006,2
11007,2
11008,2
11009,2
11010,0
11011,0
11012,0
11013,0
11014,0
11015,0
11016,0
11017,2
11018,0
11019,0
11020,2
11021,2
11022,2
11023,2
11024,2
11025,0
11026,0
11027,2
11028,2
11029,2
11030,0
11031,2
11032,2
11033,0
11034,0
11035,2
11036,2
11037,2
11038,2
11039,0
11040,2
11041,2
11042,2
11043,2
11044,0
11045,0
11046,0
11047,0
11048,0
11049,2
11050,2
11051,0
11052,0
11053,2
11054,2
11055,2
11056,0
11057,2
11058,2
11059,2
11060,2
11061,2
11062,2
11063,0
11064,2
11065,2
11066,2
11067,1
11068,1
11069,2
11070,2
11071,2
11072,1
11073,0
11074,2
11075,2
11076,2
11077,2
11078,2
11079,0
11080,2
11081,2
11082,2
11083,2
11084,2
11085,1
11086,0
11087,0
11088,2
11089,2
11090,2
11091,2
11092,2
11093,0
11094,0
11095,2
11096,2
11097,0
11098,1
11099,2
11100,2
11101,0
11102,0
11103,0
11104,2
11105,2
11106,2
11107,0
11108,0
11109,2
11110,2
11111,2
11112,2
11113,2
11114,2
11115,2
11116,2
11117,0
11118,0
11119,0
11120,0
11121,0
11122,0
11123,2
11124,2
11125,2
11126,2
11127,0
11128,0
11129,0
11130,0
11131,1
11132,2
11133,2
11134,2
11135,2
11136,0
11137,2
11138,0
11139,2
11140,0
11141,2
11142,2
11143,2
11144,2
11145,2
11146,2
11147,2
11148,2
11149,2
11150,2
11151,2
11152,2
11153,2
11154,2
11155,2
11156,2
11157,2
11158,2
11159,0
11160,2
11161,2
11162,2
11163,2
11164,0
11165,0
11166,0
11167,2
11168,0
11169,2
11170,2
11171,0
11172,2
11173,2
11174,2
11175,0
11176,0
11177,0
11178,0
11179,1
11180,1
11181,0
11182,0
11183,0
11184,0
11185,0
11186,0
11187,0
11188,0
11189,2
11190,0
11191,0
11192,0
11193,2
11194,1
11195,1
11196,0
11197,0
11198,0
11199,0
11200,0
11201,2
11202,0
11203,2
11204,0
11205,0
11206,0
11207,2
11208,2
11209,2
11210,0
11211,2
11212,0
11213,2
11214,2
11215,2
11216,2
11217,0
11218,0
11219,0
11220,0
11221,2
11222,0
11223,0
11224,0
11225,2
11226,0
11227,0
11228,2
11229,2
11230,2
11231,0
11232,2
11233,0
11234,0
11235,0
11236,0
11237,0
11238,0
11239,0
11240,2
11241,0
11242,0
11243,0
11244,0
11245,0
11246,0
11247,2
11248,0
11249,0
11250,0
11251,0
11252,2
11253,2
11254,2
11255,0
11256,0
11257,0
11258,0
11259,0
11260,1
11261,2
11262,2
11263,1
11264,0
11265,2
11266,2
11267,2
11268,2
11269,2
11270,0
11271,2
11272,2
11273,2
11274,2
11275,0
11276,2
11277,2
11278,2
11279,2
11280,0
11281,0
11282,2
11283,0
11284,0
11285,2
11286,2
11287,2
11288,1
11289,0
11290,2
11291,2
11292,2
11293,0
11294,2
11295,2
11296,2
11297,1
11298,2
11299,0
11300,1
11301,2
11302,2
11303,2
11304,0
11305,2
11306,2
11307,2
11308,2
11309,0
11310,0
11311,2
11312,2
11313,0
11314,2
11315,0
11316,0
11317,2
11318,0
11319,2
11320,2
11321,2
11322,2
11323,0
11324,2
11325,2
11326,2
11327,2
11328,2
11329,2
11330,0
11331,2
11332,0
11333,1
11334,2
11335,0
11336,2
11337,2
11338,2
11339,2
11340,2
11341,2
11342,2
11343,2
11344,2
11345,2
11346,2
11347,2
11348,2
11349,0
11350,0
11351,0
11352,0
11353,2
11354,2
11355,2
11356,2
11357,2
11358,2
11359,2
11360,2
11361,0
11362,0
11363,0
11364,0
11365,0
11366,0
11367,1
11368,2
11369,2
11370,2
11371,2
11372,2
11373,2
11374,2
11375,2
11376,2
11377,0
11378,0
11379,2
11380,2
11381,2
11382,0
11383,0
11384,1
11385,2
11386,0
11387,2
11388,1
11389,0
11390,2
11391,0
11392,0
11393,2
11394,0
11395,0
11396,0
11397,2
11398,0
11399,2
11400,0
11401,0
11402,0
11403,0
11404,0
11405,2
11406,2
11407,2
11408,2
11409,2
11410,2
11411,2
11412,2
11413,2
11414,2
11415,2
11416,2
11417,2
11418,2
11419,2
11420,2
11421,2
11422,2
11423,2
11424,2
11425,2
11426,0
11427,0
11428,2
11429,2
11430,2
11431,2
11432,2
11433,2
11434,2
11435,0
11436,2
11437,2
11438,2
11439,2
11440,2
11441,2
11442,0
11443,2
11444,0
11445,2
11446,1
11447,2
11448,0
11449,0
11450,2
11451,2
11452,1
11453,1
11454,0
11455,2
11456,2
11457,2
11458,2
11459,2
11460,0
11461,2
11462,0
11463,2
11464,2
11465,2
11466,2
11467,0
11468,0
11469,2
11470,0
11471,0
11472,2
11473,2
11474,2
11475,1
11476,0
11477,1
11478,0
11479,1
11480,1
11481,2
11482,2
11483,2
11484,2
11485,1
11486,0
11487,0
11488,2
11489,2
11490,2
11491,2
11492,0
11493,2
11494,2
11495,2
11496,0
11497,0
11498,0
11499,2
11500,2
11501,2
11502,2
11503,2
11504,2
11505,1
11506,2
11507,2
11508,2
11509,1
11510,2
11511,1
11512,0
11513,2
11514,2
11515,2
11516,2
11517,0
11518,2
11519,2
11520,2
11521,0
11522,2
11523,2
11524,2
11525,2
11526,2
11527,0
11528,0
11529,2
11530,2
11531,2
11532,2
11533,0
11534,2
11535,0
11536,0
11537,2
11538,2
11539,2
11540,2
11541,0
11542,0
11543,0
11544,2
11545,2
11546,0
11547,2
11548,0
11549,2
11550,1
11551,1
11552,2
11553,2
11554,2
11555,2
11556,0
11557,0
11558,2
11559,2
11560,2
11561,2
11562,2
11563,2
11564,2
11565,2
11566,0
11567,2
11568,0
11569,0
11570,0
11571,0
11572,0
11573,2
11574,0
11575,0
11576,0
11577,2
11578,2
11579,0
11580,0
11581,0
11582,0
11583,0
11584,0
11585,0
11586,2
11587,0
11588,2
11589,2
11590,2
11591,0
11592,2
11593,0
11594,0
11595,2
11596,2
11597,2
11598,2
11599,2
11600,0
11601,2
11602,0
11603,0
11604,0
11605,2
11606,1
11607,2
11608,2
11609,2
11610,2
11611,2
11612,0
11613,2
11614,2
11615,0
11616,2
11617,2
11618,2
11619,2
11620,2
11621,2
11622,2
11623,2
11624,2
11625,2
11626,2
11627,0
11628,0
11629,0
11630,2
11631,2
11632,1
11633,2
11634,2
11635,2
11636,2
11637,2
11638,0
11639,2
11640,0
11641,1
11642,2
11643,2
11644,2
11645,2
11646,2
11647,2
11648,2
11649,2
11650,2
11651,2
11652,0
11653,2
11654,2
11655,2
11656,2
11657,2
11658,2
11659,2
11660,0
11661,0
11662,1
11663,1
11664,1
11665,1
11666,1
11667,1
11668,2
11669,2
11670,2
11671,2
11672,0
11673,0
11674,0
11675,0
11676,0
11677,2
11678,0
11679,2
11680,1
11681,2
11682,2
11683,2
11684,1
11685,0
11686,0
11687,2
11688,2
11689,2
11690,2
11691,0
11692,2
11693,0
11694,2
11695,2
11696,2
11697,0
11698,0
11699,0
11700,0
11701,2
11702,0
11703,2
11704,0
11705,0
11706,2
11707,2
11708,2
11709,2
11710,2
11711,2
11712,0
11713,2
11714,0
11715,2
11716,0
11717,0
11718,2
11719,2
11720,2
11721,2
11722,2
11723,2
11724,2
11725,2
11726,2
11727,2
11728,0
11729,2
11730,2
11731,2
11732,2
11733,2
11734,0
11735,0
11736,0
11737,0
11738,2
11739,2
11740,2
11741,2
11742,0
11743,0
11744,2
11745,0
11746,2
11747,2
11748,2
11749,2
11750,2
11751,0
11752,1
11753,0
11754,0
11755,0
11756,0
11757,1
11758,1
11759,1
11760,0
11761,1
11762,0
11763,0
11764,0
11765,0
11766,0
11767,0
11768,0
11769,0
11770,0
11771,0
11772,0
11773,2
11774,0
11775,0
11776,0
11777,0
11778,2
11779,2
11780,2
11781,2
11782,0
11783,0
11784,0
11785,0
11786,0
11787,2
11788,0
11789,2
11790,2
11791,2
11792,2
11793,2
11794,0
11795,0
11796,0
11797,2
11798,0
11799,0
11800,2
11801,2
11802,1
11803,2
11804,0
11805,2
11806,0
11807,0
11808,2
11809,2
11810,0
11811,0
11812,2
11813,0
11814,2
11815,2
11816,0
11817,0
11818,0
11819,0
11820,0
11821,0
11822,0
11823,2
11824,0
11825,2
11826,1
11827,2
11828,2
11829,2
11830,2
11831,0
11832,0
11833,0
11834,0
11835,2
11836,0
11837,0
11838,0
11839,0
11840,0
11841,0
11842,0
11843,2
11844,2
11845,2
11846,0
11847,0
11848,0
11849,0
11850,2
11851,2
11852,0
11853,0
11854,2
11855,2
11856,2
11857,2
11858,0
11859,2
11860,2
11861,2
11862,2
11863,0
11864,2
11865,2
11866,2
11867,0
11868,2
11869,0
11870,1
11871,0
11872,2
11873,0
11874,2
11875,2
11876,2
11877,2
11878,0
11879,0
11880,1
11881,2
11882,0
11883,0
11884,0
11885,2
11886,0
11887,2
11888,2
11889,2
11890,2
11891,2
11892,2
11893,2
11894,0
11895,0
11896,0
11897,0
11898,2
11899,2
11900,2
11901,2
11902,0
11903,0
11904,0
11905,2
11906,2
11907,2
11908,0
11909,0
11910,0
11911,0
11912,2
11913,2
11914,2
11915,2
11916,0
11917,0
11918,2
11919,0
11920,0
11921,1
11922,0
11923,0
11924,2
11925,0
11926,0
11927,2
11928,2
11929,0
11930,0
11931,0
11932,2
11933,2
11934,0
11935,0
11936,2
11937,0
11938,0
11939,2
11940,0
11941,0
11942,0
11943,0
11944,1
11945,0
11946,0
11947,2
11948,0
11949,0
11950,0
11951,0
11952,2
11953,2
11954,0
11955,2
11956,0
11957,2
11958,0
11959,0
11960,2
11961,0
11962,0
11963,2
11964,2
11965,2
11966,0
11967,0
11968,0
11969,0
11970,0
11971,0
11972,0
11973,0
11974,0
11975,0
11976,0
11977,0
11978,1
11979,2
11980,2
11981,0
11982,2
11983,0
11984,2
11985,2
11986,0
11987,2
11988,0
11989,0
11990,0
11991,0
11992,2
11993,0
11994,2
11995,0
11996,0
11997,2
11998,0
11999,2
12000,2
12001,0
12002,0
12003,0
12004,2
12005,0
12006,2
12007,1
12008,2
12009,2
12010,1
12011,2
12012,1
12013,0
12014,0
12015,2
12016,2
12017,2
12018,2
12019,1
12020,0
12021,0
12022,2
12023,2
12024,0
12025,0
12026,2
12027,1
12028,0
12029,2
12030,1
12031,1
12032,1
12033,1
12034,1
12035,1
12036,2
12037,1
12038,1
12039,1
12040,0
12041,2
12042,1
12043,2
12044,1
12045,1
12046,1
12047,1
12048,1
12049,1
12050,1
12051,1
12052,2
12053,0
12054,0
12055,1
12056,1
12057,2
12058,0
12059,0
12060,2
12061,0
12062,0
12063,0
12064,0
12065,0
12066,2
12067,0
12068,2
12069,2
12070,2
12071,0
12072,0
12073,2
12074,2
12075,2
12076,2
12077,2
12078,2
12079,2
12080,2
12081,0
12082,1
12083,0
12084,2
12085,2
12086,2
12087,2
12088,2
12089,2
12090,0
12091,0
12092,2
12093,2
12094,2
12095,2
12096,2
12097,2
12098,2
12099,2
12100,1
12101,1
12102,1
12103,1
12104,0
12105,2
12106,2
12107,2
12108,0
12109,1
12110,2
12111,2
12112,0
12113,2
12114,0
12115,2
12116,0
12117,2
12118,2
12119,2
12120,2
12121,2
12122,2
12123,0
12124,0
12125,0
12126,2
12127,0
12128,2
12129,0
12130,1
12131,1
12132,2
12133,1
12134,0
12135,2
12136,2
12137,2
12138,2
12139,0
12140,2
12141,2
12142,1
12143,2
12144,1
12145,0
12146,0
12147,0
12148,0
12149,2
12150,0
12151,1
12152,1
12153,2
12154,2
12155,2
12156,2
12157,0
12158,0
12159,0
12160,2
12161,1
12162,2
12163,0
12164,0
12165,2
12166,2
12167,2
12168,2
12169,2
12170,2
12171,0
12172,2
12173,2
12174,2
12175,2
12176,0
12177,2
12178,2
12179,2
12180,0
12181,2
12182,2
12183,0
12184,2
12185,2
12186,0
12187,0
12188,2
12189,2
12190,2
12191,2
12192,2
12193,0
12194,0
12195,2
12196,0
12197,0
12198,1
12199,2
12200,2
12201,2
12202,2
12203,2
12204,1
12205,2
12206,2
12207,1
12208,0
12209,2
12210,0
12211,0
12212,1
12213,1
12214,0
12215,0
12216,0
12217,0
12218,0
12219,2
12220,0
12221,2
12222,0
12223,0
12224,0
12225,0
12226,0
12227,0
12228,0
12229,2
12230,2
12231,2
12232,0
12233,1
12234,1
12235,0
12236,2
12237,0
12238,0
12239,2
12240,2
12241,2
12242,2
12243,2
12244,2
12245,2
12246,0
12247,0
12248,2
12249,2
12250,2
12251,0
12252,2
12253,0
12254,0
12255,2
12256,0
12257,2
12258,2
12259,0
12260,0
12261,1
12262,1
12263,0
12264,0
12265,2
12266,0
12267,0
12268,1
12269,2
12270,2
12271,0
12272,0
12273,0
12274,2
12275,2
12276,2
12277,0
12278,0
12279,2
12280,0
12281,2
12282,0
12283,0
12284,1
12285,1
12286,0
12287,1
12288,2
12289,0
12290,2
12291,0
12292,1
12293,2
12294,0
12295,0
12296,1
12297,0
12298,0
12299,2
12300,2
12301,2
12302,1
12303,0
12304,0
12305,0
12306,0
12307,1
12308,0
12309,0
12310,0
12311,2
12312,0
12313,0
12314,2
12315,2
12316,0
12317,2
12318,2
12319,0
12320,2
12321,2
12322,2
12323,2
12324,2
12325,2
12326,2
12327,2
12328,2
12329,2
12330,2
12331,2
12332,2
12333,2
12334,0
12335,1
12336,0
12337,0
12338,0
12339,2
12340,2
12341,2
12342,2
12343,2
12344,2
12345,1
12346,0
12347,2
12348,2
12349,0
12350,0
12351,1
12352,0
12353,2
12354,0
12355,2
12356,0
12357,0
12358,0
12359,0
12360,2
12361,0
12362,0
12363,2
12364,2
12365,2
12366,2
12367,2
12368,2
12369,2
12370,2
12371,0
12372,2
12373,2
12374,1
12375,0
12376,0
12377,2
12378,0
12379,0
12380,2
12381,2
12382,2
12383,0
12384,2
12385,2
12386,2
12387,2
12388,1
12389,0
12390,0
12391,0
12392,2
12393,0
12394,0
12395,2
12396,2
12397,0
12398,1
12399,2
12400,0
12401,2
12402,2
12403,2
12404,0
12405,1
12406,0
12407,2
12408,0
12409,0
12410,0
12411,1
12412,1
12413,2
12414,0
12415,0
12416,1
12417,0
12418,0
12419,2
12420,0
12421,0
12422,2
12423,0
12424,0
12425,2
12426,0
12427,2
12428,2
12429,0
12430,0
12431,0
12432,2
12433,1
12434,1
12435,0
12436,0
12437,1
12438,2
12439,1
12440,2
12441,0
12442,2
12443,0
12444,0
12445,1
12446,0
12447,0
12448,0
12449,2
12450,0
12451,0
12452,2
12453,0
12454,2
12455,0
12456,0
12457,0
12458,0
12459,0
12460,0
12461,0
12462,0
12463,0
12464,0
12465,2
12466,2
12467,2
12468,2
12469,0
12470,2
12471,2
12472,1
12473,2
12474,0
12475,2
12476,0
12477,0
12478,0
12479,2
12480,2
12481,2
12482,2
12483,2
12484,2
12485,2
12486,2
12487,0
12488,0
12489,0
12490,0
12491,2
12492,0
12493,2
12494,2
12495,1
12496,2
12497,2
12498,2
12499,2
12500,2
12501,2
12502,2
12503,1
12504,2
12505,1
12506,2
12507,2
12508,2
12509,0
12510,2
12511,0
12512,2
12513,2
12514,2
12515,2
12516,0
12517,0
12518,2
12519,2
12520,0
12521,2
12522,2
12523,2
12524,2
12525,1
12526,2
12527,0
12528,2
12529,2
12530,1
12531,0
12532,0
12533,0
12534,0
12535,2
12536,1
12537,0
12538,1
12539,1
12540,1
12541,0
12542,1
12543,1
12544,1
12545,1
12546,1
12547,1
12548,1
12549,1
12550,1
12551,2
12552,0
12553,2
12554,2
12555,2
12556,2
12557,2
12558,2
12559,1
12560,2
12561,0
12562,0
12563,0
12564,0
12565,0
12566,0
12567,2
12568,2
12569,2
12570,2
12571,2
12572,2
12573,0
12574,2
12575,2
12576,2
12577,0
12578,0
12579,2
12580,2
12581,2
12582,0
12583,2
12584,2
12585,2
12586,2
12587,2
12588,0
12589,0
12590,2
12591,0
12592,2
12593,1
12594,2
12595,2
12596,2
12597,2
12598,2
12599,2
12600,2
12601,2
12602,2
12603,2
12604,2
12605,2
12606,0
12607,0
12608,2
12609,2
12610,2
12611,2
12612,2
12613,2
12614,2
12615,2
12616,2
12617,2
12618,2
12619,2
12620,2
12621,2
12622,2
12623,2
12624,0
12625,2
12626,2
12627,2
12628,2
12629,1
12630,2
12631,2
12632,2
12633,2
12634,2
12635,2
12636,2
12637,2
12638,2
12639,2
12640,2
12641,2
12642,1
12643,0
12644,2
12645,2
12646,2
12647,0
12648,0
12649,2
12650,2
12651,2
12652,2
12653,2
12654,2
12655,2
12656,0
12657,2
12658,2
12659,2
12660,2
12661,2
12662,2
12663,2
12664,2
12665,2
12666,2
12667,2
12668,2
12669,0
12670,2
12671,2
12672,2
12673,2
12674,2
12675,2
12676,0
12677,2
12678,2
12679,2
12680,2
12681,2
12682,2
12683,0
12684,0
12685,1
12686,0
12687,1
12688,1
12689,1
12690,1
12691,1
12692,2
12693,0
12694,1
12695,2
12696,0
12697,2
12698,2
12699,0
12700,2
12701,2
12702,2
12703,0
12704,0
12705,0
12706,2
12707,2
12708,2
12709,2
12710,0
12711,2
12712,1
12713,2
12714,2
12715,2
12716,0
12717,2
12718,2
12719,2
12720,0
12721,0
12722,0
12723,0
12724,0
12725,0
12726,0
12727,0
12728,0
12729,2
12730,2
12731,2
12732,2
12733,0
12734,0
12735,0
12736,2
12737,2
12738,2
12739,2
12740,0
12741,2
12742,2
12743,0
12744,0
12745,2
12746,2
12747,2
12748,0
12749,2
12750,2
12751,1
12752,2
12753,2
12754,2
12755,2
12756,2
12757,2
12758,2
12759,2
12760,1
12761,1
12762,2
12763,1
12764,1
12765,0
12766,1
12767,2
12768,2
12769,2
12770,0
12771,2
12772,2
12773,2
12774,2
12775,2
12776,2
12777,0
12778,2
12779,0
12780,0
12781,2
12782,2
12783,2
12784,2
12785,2
12786,2
12787,1
12788,2
12789,0
12790,1
12791,2
12792,2
12793,2
12794,2
12795,2
12796,2
12797,2
12798,0
12799,2
12800,0
12801,2
12802,0
12803,0
12804,0
12805,2
12806,2
12807,2
12808,2
12809,2
12810,2
12811,2
12812,2
12813,2
12814,2
12815,2
12816,2
12817,2
12818,2
12819,2
12820,2
12821,0
12822,0
12823,1
12824,2
12825,2
12826,0
12827,2
12828,2
12829,2
12830,2
12831,0
12832,2
12833,2
12834,2
12835,1
12836,0
12837,2
12838,0
12839,0
12840,1
12841,1
12842,1
12843,0
12844,1
12845,0
12846,0
12847,1
12848,1
12849,2
12850,2
12851,2
12852,2
12853,0
12854,2
12855,2
12856,2
12857,1
12858,1
12859,2
12860,1
12861,2
12862,0
12863,2
12864,0
12865,2
12866,0
12867,2
12868,1
12869,2
12870,2
12871,2
12872,0
12873,0
12874,0
12875,0
12876,0
12877,2
12878,0
12879,0
12880,0
12881,0
12882,2
12883,2
12884,2
12885,0
12886,0
12887,0
12888,0
12889,0
12890,0
12891,2
12892,0
12893,0
12894,0
12895,2
12896,2
12897,2
12898,2
12899,0
12900,0
12901,2
12902,2
12903,2
12904,0
12905,0
12906,2
12907,2
12908,2
12909,2
12910,2
12911,0
12912,2
12913,2
12914,1
12915,2
12916,0
12917,2
12918,2
12919,0
12920,2
12921,2
12922,2
12923,2
12924,2
12925,2
12926,1
12927,2
12928,0
12929,0
12930,0
12931,2
12932,0
12933,0
12934,0
12935,0
12936,0
12937,0
12938,2
12939,2
12940,2
12941,2
12942,2
12943,2
12944,2
12945,2
12946,2
12947,0
12948,0
12949,1
12950,2
12951,0
12952,0
12953,2
12954,2
12955,0
12956,0
12957,2
12958,2
12959,1
12960,2
12961,2
12962,2
12963,2
12964,2
12965,2
12966,1
12967,2
12968,2
12969,0
12970,2
12971,0
12972,2
12973,2
12974,1
12975,2
12976,2
12977,0
12978,0
12979,2
12980,2
12981,0
12982,2
12983,0
12984,2
12985,0
12986,0
12987,2
12988,2
12989,0
12990,2
12991,2
12992,2
12993,2
12994,2
12995,2
12996,0
12997,2
12998,0
12999,2
13000,2
13001,2
13002,2
13003,2
13004,2
13005,2
13006,2
13007,2
13008,2
13009,0
13010,0
13011,2
13012,2
13013,0
13014,0
13015,0
13016,0
13017,2
13018,0
13019,2
13020,2
13021,1
13022,2
13023,0
13024,2
13025,0
13026,2
13027,2
13028,2
13029,2
13030,2
13031,2
13032,2
13033,2
13034,2
13035,2
13036,2
13037,2
13038,2
13039,0
13040,0
13041,2
13042,0
13043,0
13044,2
13045,2
13046,0
13047,0
13048,0
13049,0
13050,0
13051,0
13052,2
13053,2
13054,0
13055,2
13056,2
13057,0
13058,0
13059,0
13060,0
13061,2
13062,0
13063,2
13064,0
13065,0
13066,0
13067,2
13068,2
13069,2
13070,0
13071,2
13072,2
13073,1
13074,1
13075,2
13076,2
13077,2
13078,2
13079,2
13080,2
13081,2
13082,2
13083,2
13084,2
13085,2
13086,0
13087,0
13088,2
13089,0
13090,2
13091,2
13092,0
13093,0
13094,0
13095,0
13096,0
13097,2
13098,2
13099,0
13100,0
13101,2
13102,2
13103,2
13104,2
13105,2
13106,2
13107,0
13108,2
13109,0
13110,2
13111,2
13112,2
13113,1
13114,0
13115,2
13116,2
13117,2
13118,0
13119,0
13120,2
13121,2
13122,2
13123,2
13124,0
13125,2
13126,0
13127,1
13128,2
13129,0
13130,0
13131,0
13132,2
13133,0
13134,2
13135,2
13136,2
13137,2
13138,1
13139,1
13140,2
13141,0
13142,0
13143,2
13144,0
13145,0
13146,2
13147,0
13148,2
13149,2
13150,2
13151,2
13152,2
13153,2
13154,2
13155,2
13156,0
13157,0
13158,2
13159,1
13160,0
13161,0
13162,0
13163,0
13164,2
13165,0
13166,0
13167,2
13168,2
13169,2
13170,0
13171,1
13172,1
13173,1
13174,1
13175,0
13176,2
13177,2
13178,1
13179,2
13180,0
13181,2
13182,2
13183,2
13184,2
13185,0
13186,2
13187,1
13188,2
13189,2
13190,1
13191,2
13192,1
13193,1
13194,1
13195,0
13196,0
13197,0
13198,0
13199,0
13200,2
13201,0
13202,1
13203,0
13204,2
13205,2
13206,2
13207,2
13208,2
13209,2
13210,2
13211,2
13212,1
13213,1
13214,2
13215,2
13216,2
13217,2
13218,2
13219,0
13220,0
13221,0
13222,0
13223,2
13224,1
13225,2
13226,2
13227,2
13228,2
13229,0
13230,0
13231,0
13232,0
13233,0
13234,2
13235,2
13236,2
13237,2
13238,0
13239,0
13240,0
13241,2
13242,2
13243,1
13244,0
13245,0
13246,2
13247,2
13248,1
13249,0
13250,0
13251,0
13252,2
13253,1
13254,0
13255,0
13256,0
13257,0
13258,2
13259,0
13260,0
13261,2
13262,2
13263,2
13264,0
13265,2
13266,1
13267,2
13268,2
13269,0
13270,0
13271,2
13272,0
13273,2
13274,2
13275,2
13276,2
13277,2
13278,2
13279,0
13280,0
13281,0
13282,2
13283,2
13284,1
13285,2
13286,2
13287,0
13288,0
13289,0
13290,0
13291,0
13292,2
13293,2
13294,2
13295,0
13296,2
13297,0
13298,0
13299,2
13300,2
13301,0
13302,0
13303,0
13304,0
13305,0
13306,0
13307,0
13308,0
13309,0
13310,0
13311,0
13312,0
13313,0
13314,2
13315,0
13316,0
13317,0
13318,2
13319,0
13320,1
13321,0
13322,0
13323,0
13324,0
13325,0
13326,0
13327,2
13328,2
13329,1
13330,1
13331,0
13332,0
13333,0
13334,2
13335,0
13336,0
13337,0
13338,0
13339,0
13340,0
13341,0
13342,0
13343,0
13344,0
13345,0
13346,2
13347,0
13348,2
13349,2
13350,0
13351,2
13352,2
13353,2
13354,0
13355,0
13356,2
13357,2
13358,2
13359,1
13360,0
13361,2
13362,2
13363,2
13364,1
13365,2
13366,2
13367,2
13368,2
13369,2
13370,2
13371,2
13372,2
13373,2
13374,0
13375,2
13376,0
13377,0
13378,2
13379,2
13380,0
13381,0
13382,0
13383,0
13384,2
13385,2
13386,2
13387,2
13388,2
13389,2
13390,0
13391,1
13392,0
13393,2
13394,0
13395,2
13396,0
13397,0
13398,0
13399,2
13400,2
13401,2
13402,2
13403,0
13404,0
13405,0
13406,2
13407,2
13408,0
13409,2
13410,0
13411,0
13412,2
13413,2
13414,2
13415,0
13416,0
13417,0
13418,2
13419,0
13420,0
13421,2
13422,0
13423,0
13424,2
13425,2
13426,2
13427,1
13428,2
13429,2
13430,2
13431,2
13432,2
13433,1
13434,2
13435,2
13436,0
13437,2
13438,2
13439,0
13440,1
13441,1
13442,1
13443,2
13444,2
13445,1
13446,2
13447,2
13448,0
13449,0
13450,2
13451,2
13452,0
13453,0
13454,2
13455,2
13456,2
13457,2
13458,0
13459,2
13460,2
13461,2
13462,2
13463,2
13464,2
13465,1
13466,1
13467,0
13468,0
13469,0
13470,2
13471,2
13472,2
13473,2
13474,2
13475,1
13476,1
13477,0
13478,0
13479,1
13480,1
13481,1
13482,1
13483,1
13484,1
13485,1
13486,1
13487,1
13488,1
13489,1
13490,0
13491,1
13492,1
13493,1
13494,1
13495,1
13496,1
13497,0
13498,1
13499,1
13500,1
13501,1
13502,1
13503,1
13504,1
13505,2
13506,2
13507,0
13508,2
13509,0
13510,0
13511,1
13512,0
13513,0
13514,2
13515,2
13516,0
13517,2
13518,2
13519,2
13520,0
13521,1
13522,2
13523,2
13524,2
13525,2
13526,2
13527,0
13528,2
13529,0
13530,0
13531,2
13532,2
13533,2
13534,0
13535,2
13536,2
13537,0
13538,0
13539,2
13540,2
13541,2
13542,1
13543,2
13544,2
13545,2
13546,0
13547,1
13548,1
13549,0
13550,2
13551,0
13552,0
13553,0
13554,0
13555,2
13556,2
13557,2
13558,0
13559,1
13560,2
13561,2
13562,0
13563,0
13564,0
13565,0
13566,0
13567,0
13568,0
13569,2
13570,0
13571,2
13572,2
13573,2
13574,0
13575,0
13576,2
13577,2
13578,1
13579,1
13580,2
13581,2
13582,2
13583,2
13584,0
13585,0
13586,2
13587,2
13588,0
13589,0
13590,0
13591,0
13592,0
13593,0
13594,0
13595,0
13596,2
13597,0
13598,0
13599,0
13600,2
13601,2
13602,2
13603,0
13604,0
13605,2
13606,2
13607,0
13608,0
13609,0
13610,2
13611,0
13612,0
13613,0
13614,0
13615,0
13616,1
13617,0
13618,0
13619,0
13620,0
13621,0
13622,0
13623,0
13624,0
13625,0
13626,0
13627,2
13628,2
13629,0
13630,2
13631,2
13632,0
13633,0
13634,0
13635,0
13636,0
13637,0
13638,0
13639,2
13640,2
13641,0
13642,1
13643,0
13644,0
13645,0
13646,2
13647,2
13648,2
13649,2
13650,0
13651,2
13652,2
13653,2
13654,0
13655,1
13656,1
13657,0
13658,2
13659,0
13660,2
13661,0
13662,0
13663,2
13664,2
13665,2
13666,2
13667,2
13668,2
13669,1
13670,2
13671,2
13672,2
13673,2
13674,2
13675,2
13676,2
13677,2
13678,0
13679,2
13680,2
13681,2
13682,2
13683,2
13684,1
13685,2
13686,2
13687,2
13688,2
13689,2
13690,2
13691,2
13692,1
13693,0
13694,0
13695,2
13696,2
13697,2
13698,0
13699,2
13700,2
13701,2
13702,2
13703,2
13704,2
13705,2
13706,2
13707,2
13708,2
13709,2
13710,2
13711,2
13712,0
13713,2
13714,2
13715,2
13716,0
13717,2
13718,0
13719,0
13720,0
13721,2
13722,0
13723,2
13724,2
13725,0
13726,0
13727,0
13728,2
13729,2
13730,0
13731,2
13732,2
13733,0
13734,2
13735,2
13736,2
13737,2
13738,2
13739,2
13740,2
13741,2
13742,2
13743,2
13744,2
13745,2
13746,2
13747,2
13748,2
13749,2
13750,2
13751,2
13752,2
13753,2
13754,2
13755,0
13756,2
13757,0
13758,2
13759,0
13760,2
13761,2
13762,2
13763,2
13764,1
13765,2
13766,1
13767,0
13768,2
13769,1
13770,2
13771,2
13772,2
13773,2
13774,2
13775,2
13776,0
13777,2
13778,2
13779,0
13780,2
13781,2
13782,2
13783,2
13784,0
13785,0
13786,0
13787,2
13788,0
13789,2
13790,2
13791,2
13792,2
13793,0
13794,2
13795,2
13796,2
13797,2
13798,2
13799,2
13800,2
13801,0
13802,0
13803,2
13804,2
13805,2
13806,2
13807,2
13808,0
13809,2
13810,2
13811,0
13812,0
13813,0
13814,0
13815,2
13816,2
13817,2
13818,2
13819,0
13820,2
13821,2
13822,0
13823,0
13824,2
13825,0
13826,0
13827,0
13828,2
13829,0
13830,2
13831,2
13832,0
13833,2
13834,2
13835,2
13836,2
13837,2
13838,1
13839,2
13840,2
13841,0
13842,0
13843,0
13844,0
13845,0
13846,0
13847,2
13848,2
13849,2
13850,2
13851,2
13852,0
13853,2
13854,2
13855,2
13856,2
13857,2
13858,2
13859,2
13860,1
13861,1
13862,1
13863,2
13864,1
13865,2
13866,0
13867,2
13868,0
13869,0
13870,2
13871,2
13872,2
13873,2
13874,0
13875,0
13876,2
13877,2
13878,2
13879,0
13880,0
13881,2
13882,2
13883,0
13884,2
13885,0
13886,0
13887,0
13888,0
13889,0
13890,0
13891,0
13892,0
13893,0
13894,0
13895,0
13896,0
13897,0
13898,0
13899,0
13900,0
13901,0
13902,0
13903,2
13904,0
13905,0
13906,0
13907,0
13908,0
13909,0
13910,0
13911,0
13912,2
13913,0
13914,0
13915,0
13916,2
13917,2
13918,2
13919,2
13920,2
13921,2
13922,2
13923,0
13924,0
13925,2
13926,0
13927,2
13928,0
13929,0
13930,0
13931,0
13932,0
13933,2
13934,0
13935,0
13936,0
13937,0
13938,0
13939,2
13940,0
13941,0
13942,0
13943,0
13944,0
13945,0
13946,2
13947,0
13948,0
13949,0
13950,0
13951,0
13952,0
13953,2
13954,0
13955,2
13956,0
13957,0
13958,0
13959,0
13960,0
13961,0
13962,2
13963,0
13964,0
13965,2
13966,2
13967,0
13968,2
13969,2
13970,2
13971,2
13972,2
13973,0
13974,0
13975,0
13976,0
13977,2
13978,0
13979,1
13980,0
13981,0
13982,0
13983,0
13984,0
13985,0
13986,0
13987,0
13988,0
13989,0
13990,0
13991,0
13992,2
13993,0
13994,0
13995,0
13996,0
13997,0
13998,2
13999,0
14000,0
14001,0
14002,0
14003,0
14004,0
14005,0
14006,0
14007,2
14008,0
14009,1
14010,0
14011,1
14012,0
14013,2
14014,2
14015,2
14016,2
14017,2
14018,1
14019,0
14020,2
14021,0
14022,0
14023,2
14024,2
14025,2
14026,2
14027,2
14028,2
14029,0
14030,2
14031,2
14032,2
14033,0
14034,2
14035,2
14036,2
14037,2
14038,0
14039,2
14040,0
14041,0
14042,2
14043,2
14044,0
14045,0
14046,2
14047,2
14048,2
14049,2
14050,2
14051,2
14052,2
14053,0
14054,0
14055,0
14056,2
14057,2
14058,0
14059,2
14060,2
14061,2
14062,2
14063,2
14064,2
14065,2
14066,0
14067,2
14068,0
14069,2
14070,2
14071,0
14072,2
14073,0
14074,2
14075,2
14076,2
14077,2
14078,2
14079,2
14080,2
14081,0
14082,0
14083,0
14084,2
14085,0
14086,0
14087,0
14088,0
14089,0
14090,0
14091,0
14092,0
14093,0
14094,0
14095,0
14096,0
14097,0
14098,0
14099,2
14100,2
14101,0
14102,2
14103,2
14104,0
14105,0
14106,2
14107,2
14108,2
14109,0
14110,2
14111,0
14112,0
14113,0
14114,0
14115,0
14116,2
14117,0
14118,0
14119,0
14120,2
14121,0
14122,2
14123,2
14124,2
14125,2
14126,2
14127,2
14128,2
14129,2
14130,2
14131,0
14132,0
14133,2
14134,2
14135,0
14136,0
14137,0
14138,2
14139,0
14140,2
14141,2
14142,2
14143,2
14144,1
14145,2
14146,2
14147,2
14148,0
14149,2
14150,0
14151,2
14152,0
14153,2
14154,0
14155,1
14156,1
14157,1
14158,1
14159,2
14160,2
14161,2
14162,1
14163,2
14164,2
14165,2
14166,2
14167,2
14168,2
14169,2
14170,2
14171,2
14172,2
14173,2
14174,2
14175,2
14176,0
14177,0
14178,0
14179,2
14180,0
14181,2
14182,2
14183,2
14184,2
14185,2
14186,0
14187,1
14188,1
14189,0
14190,2
14191,2
14192,2
14193,2
14194,2
14195,2
14196,2
14197,1
14198,2
14199,2
14200,2
14201,2
14202,2
14203,0
14204,2
14205,0
14206,1
14207,0
14208,2
14209,2
14210,2
14211,2
14212,2
14213,2
14214,0
14215,2
14216,2
14217,2
14218,2
14219,2
14220,0
14221,2
14222,2
14223,2
14224,0
14225,0
14226,0
14227,0
14228,0
14229,0
14230,2
14231,2
14232,0
14233,2
14234,2
14235,2
14236,0
14237,2
14238,0
14239,2
14240,2
14241,2
14242,2
14243,2
14244,0
14245,0
14246,0
14247,2
14248,2
14249,2
14250,2
14251,0
14252,0
14253,0
14254,2
14255,2
14256,2
14257,2
14258,2
14259,2
14260,2
14261,0
14262,2
14263,2
14264,0
14265,2
14266,0
14267,2
14268,2
14269,2
14270,2
14271,2
14272,0
14273,0
14274,1
14275,1
14276,1
14277,1
14278,2
14279,2
14280,2
14281,2
14282,2
14283,0
14284,2
14285,1
14286,2
14287,2
14288,2
14289,0
14290,0
14291,2
14292,1
14293,0
14294,2
14295,0
14296,1
14297,2
14298,0
14299,0
14300,0
14301,0
14302,0
14303,2
14304,2
14305,2
14306,0
14307,2
14308,0
14309,2
14310,2
14311,2
14312,2
14313,2
14314,0
14315,2
14316,2
14317,2
14318,1
14319,2
14320,2
14321,2
14322,0
14323,2
14324,2
14325,2
14326,2
14327,2
14328,0
14329,2
14330,2
14331,2
14332,0
14333,0
14334,0
14335,0
14336,0
14337,2
14338,2
14339,0
14340,1
14341,2
14342,2
14343,0
14344,0
14345,2
14346,0
14347,1
14348,2
14349,0
14350,0
14351,0
14352,0
14353,0
14354,0
14355,2
14356,2
14357,1
14358,2
14359,2
14360,2
14361,0
14362,2
14363,0
14364,2
14365,2
14366,2
14367,2
14368,2
14369,2
14370,2
14371,2
14372,0
14373,2
14374,2
14375,2
14376,2
