sample_id,cluster
0,0
1,2
2,0
3,0
4,0
5,1
6,2
7,3
8,2
9,3
10,3
11,0
12,3
13,0
14,0
15,3
16,2
17,3
18,0
19,1
20,2
21,3
22,2
23,0
24,1
25,2
26,1
27,1
28,2
29,1
30,1
31,0
32,1
33,0
34,1
35,0
36,0
37,0
38,1
39,1
40,1
41,2
42,2
43,2
44,2
45,2
46,1
47,2
48,3
49,2
50,3
51,3
52,1
53,2
54,0
55,0
56,0
57,0
58,1
59,0
60,1
61,0
62,3
63,0
64,3
65,0
66,0
67,1
68,1
69,0
70,1
71,0
72,0
73,3
74,1
75,3
76,0
77,3
78,3
79,3
80,1
81,2
82,1
83,2
84,1
85,0
86,1
87,0
88,0
89,0
90,1
91,0
92,1
93,3
94,1
95,0
96,1
97,0
98,0
99,0
100,1
101,2
102,2
103,0
104,1
105,0
106,1
107,2
108,0
109,1
110,1
111,1
112,0
113,2
114,0
115,2
116,1
117,2
118,2
119,0
120,2
121,0
122,0
123,1
124,0
125,3
126,1
127,3
128,0
129,1
130,1
131,3
132,3
133,0
134,1
135,2
136,2
137,1
138,3
139,1
140,3
141,1
142,3
143,3
144,2
145,1
146,0
147,0
148,3
149,0
150,2
151,0
152,3
153,2
154,1
155,3
156,0
157,3
158,2
159,2
160,0
161,2
162,1
163,2
164,3
165,0
166,1
167,0
168,0
169,0
170,1
171,0
172,0
173,0
174,2
175,0
176,3
177,0
178,3
179,2
180,3
181,0
182,3
183,0
184,3
185,3
186,3
187,0
188,3
189,1
190,3
191,2
192,3
193,2
194,3
195,2
196,3
197,2
198,1
199,1
200,1
201,3
202,1
203,3
204,2
205,1
206,1
207,3
208,3
209,3
210,0
211,3
212,1
213,0
214,1
215,1
216,0
217,3
218,0
219,0
220,1
221,0
222,0
223,0
224,0
225,0
226,1
227,0
228,1
229,2
230,0
231,3
232,1
233,2
234,1
235,2
236,1
237,0
238,2
239,0
240,0
241,0
242,0
243,3
244,0
245,1
246,1
247,0
248,1
249,0
250,3
251,1
252,0
253,2
254,1
255,3
256,0
257,3
258,0
259,3
260,3
261,3
262,0
263,3
264,0
265,1
266,0
267,3
268,1
269,0
270,0
271,0
272,0
273,2
274,3
275,1
276,0
277,3
278,0
279,1
280,0
281,0
282,3
283,0
284,1
285,0
286,3
287,2
288,3
289,0
290,0
291,0
292,3
293,3
294,1
295,0
296,1
297,2
298,3
299,1
300,1
301,1
302,3
303,3
304,1
305,0
306,0
307,0
308,3
309,0
310,0
311,0
312,0
313,2
314,3
315,2
316,1
317,1
318,3
319,0
320,3
321,3
322,0
323,3
324,0
325,3
326,1
327,2
328,1
329,0
330,3
331,2
332,1
333,0
334,1
335,0
336,3
337,2
338,3
339,0
340,1
341,0
342,1
343,0
344,0
345,0
346,0
347,1
348,3
349,1
350,3
351,1
352,3
353,1
354,3
355,1
356,3
357,1
358,3
359,1
360,3
361,1
362,3
363,1
364,3
365,0
366,3
367,1
368,3
369,0
370,3
371,0
372,1
373,1
374,3
375,0
376,3
377,1
378,3
379,1
380,3
381,3
382,3
383,3
384,3
385,3
386,1
387,3
388,3
389,1
390,3
391,1
392,3
393,0
394,3
395,1
396,3
397,1
398,3
399,3
400,3
401,0
402,3
403,1
404,0
405,2
406,3
407,1
408,3
409,1
410,3
411,1
412,0
413,0
414,3
415,1
416,3
417,0
418,3
419,1
420,3
421,2
422,0
423,1
424,3
425,1
426,0
427,1
428,2
429,3
430,3
431,0
432,0
433,2
434,1
435,3
436,1
437,3
438,0
439,3
440,3
441,3
442,1
443,3
444,1
445,3
446,0
447,3
448,3
449,3
450,0
451,3
452,3
453,3
454,0
455,3
456,0
457,3
458,1
459,3
460,3
461,0
462,3
463,3
464,3
465,0
466,1
467,3
468,1
469,0
470,3
471,0
472,3
473,0
474,0
475,0
476,3
477,0
478,3
479,3
480,3
481,1
482,3
483,0
484,3
485,0
486,3
487,0
488,3
489,3
490,3
491,0
492,3
493,1
494,3
495,0
496,3
497,3
498,3
499,0
500,3
501,0
502,2
503,3
504,0
505,3
506,1
507,3
508,0
509,3
510,3
511,0
512,1
513,0
514,1
515,0
516,0
517,1
518,0
519,1
520,0
521,1
522,3
523,1
524,3
525,1
526,3
527,1
528,3
529,0
530,3
531,1
532,3
533,1
534,0
535,3
536,3
537,3
538,3
539,3
540,0
541,1
542,0
543,0
544,0
545,1
546,0
547,0
548,0
549,0
550,3
551,0
552,0
553,1
554,3
555,0
556,3
557,3
558,2
559,0
560,2
561,0
562,2
563,3
564,1
565,3
566,2
567,0
568,0
569,3
570,2
571,0
572,2
573,3
574,0
575,0
576,2
577,0
578,2
579,0
580,1
581,0
582,2
583,0
584,2
585,0
586,2
587,3
588,2
589,3
590,2
591,3
592,2
593,1
594,2
595,1
596,2
597,3
598,3
599,2
600,2
601,2
602,1
603,2
604,0
605,2
606,3
607,1
608,2
609,2
610,1
611,2
612,3
613,2
614,1
615,2
616,3
617,2
618,2
619,1
620,1
621,2
622,0
623,1
624,1
625,2
626,3
627,2
628,2
629,1
630,3
631,2
632,3
633,2
634,3
635,2
636,3
637,2
638,3
639,2
640,3
641,0
642,3
643,1
644,3
645,2
646,3
647,0
648,3
649,1
650,3
651,1
652,0
653,1
654,1
655,3
656,2
657,3
658,0
659,2
660,2
661,3
662,0
663,3
664,3
665,0
666,3
667,0
668,3
669,2
670,3
671,2
672,1
673,0
674,3
675,2
676,3
677,2
678,3
679,2
680,0
681,0
682,3
683,2
684,3
685,0
686,1
687,2
688,3
689,2
690,3
691,0
692,1
693,0
694,1
695,2
696,1
697,1
698,3
699,1
700,3
701,2
702,0
703,0
704,3
705,2
706,3
707,3
708,0
709,3
710,0
711,0
712,0
713,3
714,0
715,3
716,2
717,0
718,3
719,3
720,2
721,0
722,2
723,3
724,1
725,3
726,2
727,3
728,1
729,3
730,3
731,0
732,1
733,3
734,2
735,1
736,0
737,3
738,0
739,3
740,3
741,3
742,3
743,3
744,1
745,3
746,2
747,3
748,2
749,3
750,1
751,1
752,2
753,0
754,2
755,1
756,3
757,0
758,2
759,3
760,0
761,3
762,2
763,0
764,2
765,3
766,0
767,3
768,2
769,0
770,2
771,3
772,2
773,3
774,2
775,3
776,2
777,3
778,3
779,1
780,0
781,2
782,2
783,3
784,2
785,3
786,1
787,3
788,2
789,3
790,1
791,0
792,3
793,3
794,2
795,3
796,3
797,3
798,1
799,1
800,0
801,0
802,2
803,2
804,3
805,2
806,3
807,0
808,3
809,0
810,0
811,0
812,2
813,2
814,2
815,0
816,2
817,3
818,0
819,3
820,3
821,0
822,2
823,1
824,2
825,1
826,2
827,0
828,2
829,0
830,2
831,3
832,1
833,3
834,0
835,3
836,2
837,3
838,2
839,3
840,2
841,0
842,2
843,3
844,2
845,3
846,0
847,3
848,2
849,2
850,2
851,3
852,2
853,0
854,2
855,3
856,2
857,3
858,2
859,3
860,0
861,3
862,3
863,3
864,3
865,3
866,3
867,1
868,3
869,1
870,3
871,3
872,3
873,3
874,2
875,3
876,3
877,3
878,3
879,3
880,3
881,1
882,3
883,3
884,3
885,3
886,1
887,3
888,1
889,3
890,1
891,3
892,1
893,3
894,1
895,3
896,1
897,3
898,0
899,3
900,3
901,3
902,1
903,3
904,1
905,0
906,1
907,3
908,3
909,3
910,3
911,3
912,3
913,3
914,3
915,1
916,0
917,1
918,0
919,3
920,0
921,1
922,3
923,3
924,3
925,3
926,1
927,3
928,1
929,0
930,1
931,3
932,1
933,3
934,2
935,3
936,3
937,3
938,3
939,0
940,2
941,3
942,2
943,1
944,2
945,1
946,2
947,3
948,2
949,3
950,2
951,3
952,2
953,3
954,2
955,3
956,3
957,3
958,2
959,2
960,2
961,0
962,1
963,3
964,1
965,1
966,3
967,3
968,3
969,0
970,2
971,1
972,2
973,0
974,2
975,3
976,2
977,3
978,2
979,0
980,3
981,3
982,2
983,3
984,2
985,3
986,2
987,3
988,2
989,0
990,2
991,3
992,2
993,3
994,2
995,3
996,2
997,3
998,0
999,3
1000,2
1001,3
1002,3
1003,0
1004,0
1005,3
1006,0
1007,0
1008,3
1009,3
1010,2
1011,3
1012,1
1013,3
1014,0
1015,3
1016,1
1017,3
1018,2
1019,3
1020,2
1021,3
1022,2
1023,3
1024,2
1025,3
1026,0
1027,3
1028,2
1029,0
1030,2
1031,3
1032,2
1033,3
1034,3
1035,3
1036,2
1037,3
1038,2
1039,3
1040,2
1041,0
1042,0
1043,0
1044,0
1045,0
1046,2
1047,0
1048,1
1049,0
1050,0
1051,0
1052,0
1053,1
1054,1
1055,0
1056,0
1057,0
1058,0
1059,0
1060,2
1061,1
1062,2
1063,0
1064,2
1065,1
1066,2
1067,0
1068,0
1069,0
1070,0
1071,0
1072,1
1073,3
1074,2
1075,1
1076,1
1077,0
1078,0
1079,0
1080,2
1081,0
1082,1
1083,2
1084,0
1085,0
1086,0
1087,0
1088,2
1089,0
1090,1
1091,2
1092,0
1093,3
1094,1
1095,0
1096,0
1097,1
1098,0
1099,1
1100,3
1101,0
1102,0
1103,0
1104,0
1105,1
1106,0
1107,1
1108,1
1109,1
1110,0
1111,1
1112,0
1113,1
1114,0
1115,3
1116,0
1117,2
1118,0
1119,3
1120,0
1121,2
1122,3
1123,1
1124,0
1125,0
1126,2
1127,0
1128,1
1129,0
1130,2
1131,3
1132,1
1133,0
1134,1
1135,0
1136,0
1137,3
1138,0
1139,0
1140,2
1141,0
1142,3
1143,0
1144,1
1145,2
1146,0
1147,0
1148,0
1149,2
1150,3
1151,0
1152,3
1153,0
1154,0
1155,2
1156,0
1157,3
1158,3
1159,3
1160,0
1161,2
1162,3
1163,1
1164,0
1165,1
1166,0
1167,2
1168,3
1169,2
1170,0
1171,3
1172,0
1173,3
1174,0
1175,3
1176,0
1177,3
1178,0
1179,3
1180,0
1181,1
1182,1
1183,3
1184,3
1185,2
1186,0
1187,2
1188,0
1189,2
1190,3
1191,2
1192,0
1193,3
1194,0
1195,2
1196,1
1197,3
1198,0
1199,3
1200,0
1201,0
1202,3
1203,3
1204,0
1205,2
1206,1
1207,3
1208,0
1209,3
1210,0
1211,1
1212,0
1213,0
1214,0
1215,1
1216,0
1217,1
1218,1
1219,3
1220,0
1221,2
1222,0
1223,0
1224,1
1225,3
1226,3
1227,3
1228,1
1229,3
1230,1
1231,1
1232,1
1233,1
1234,0
1235,3
1236,2
1237,3
1238,3
1239,3
1240,2
1241,2
1242,0
1243,3
1244,0
1245,0
1246,0
1247,1
1248,0
1249,2
1250,0
1251,2
1252,0
1253,0
1254,0
1255,1
1256,3
1257,1
1258,0
1259,3
1260,0
1261,1
1262,0
1263,2
1264,0
1265,2
1266,0
1267,2
1268,0
1269,2
1270,0
1271,2
1272,3
1273,2
1274,0
1275,0
1276,2
1277,1
1278,2
1279,0
1280,2
1281,1
1282,2
1283,0
1284,2
1285,1
1286,1
1287,3
1288,2
1289,2
1290,2
1291,0
1292,2
1293,0
1294,2
1295,0
1296,2
1297,0
1298,2
1299,2
1300,2
1301,3
1302,0
1303,0
1304,2
1305,3
1306,1
1307,2
1308,2
1309,3
1310,2
1311,3
1312,2
1313,2
1314,0
1315,2
1316,1
1317,0
1318,0
1319,1
1320,0
1321,2
1322,2
1323,0
1324,1
1325,0
1326,0
1327,1
1328,2
1329,0
1330,0
1331,0
1332,0
1333,3
1334,0
1335,0
1336,0
1337,0
1338,2
1339,0
1340,0
1341,0
1342,0
1343,0
1344,0
1345,0
1346,1
1347,0
1348,2
1349,0
1350,3
1351,0
1352,0
1353,2
1354,0
1355,2
1356,1
1357,2
1358,0
1359,1
1360,1
1361,0
1362,2
1363,3
1364,2
1365,0
1366,1
1367,0
1368,1
1369,3
1370,0
1371,0
1372,2
1373,2
1374,3
1375,0
1376,0
1377,2
1378,1
1379,2
1380,1
1381,2
1382,0
1383,0
1384,0
1385,0
1386,0
1387,0
1388,0
1389,0
1390,1
1391,2
1392,0
1393,0
1394,1
1395,3
1396,1
1397,1
1398,1
1399,1
1400,2
1401,0
1402,2
1403,2
1404,0
1405,0
1406,0
1407,0
1408,0
1409,0
1410,0
1411,0
1412,0
1413,0
1414,0
1415,0
1416,1
1417,0
1418,1
1419,0
1420,2
1421,0
1422,0
1423,0
1424,2
1425,0
1426,0
1427,0
1428,1
1429,0
1430,0
1431,0
1432,0
1433,2
1434,1
1435,2
1436,1
1437,3
1438,1
1439,0
1440,0
1441,0
1442,0
1443,2
1444,3
1445,0
1446,3
1447,2
1448,2
1449,2
1450,2
1451,2
1452,3
1453,0
1454,0
1455,0
1456,2
1457,0
1458,0
1459,0
1460,0
1461,0
1462,2
1463,1
1464,2
1465,1
1466,0
1467,1
1468,1
1469,1
1470,1
1471,2
1472,3
1473,1
1474,3
1475,3
1476,0
1477,1
1478,0
1479,1
1480,3
1481,3
1482,2
1483,0
1484,2
1485,3
1486,1
1487,0
1488,2
1489,0
1490,2
1491,1
1492,2
1493,1
1494,1
1495,3
1496,2
1497,1
1498,2
1499,1
1500,1
1501,0
1502,0
1503,1
1504,0
1505,3
1506,1
1507,0
1508,1
1509,0
1510,0
1511,1
1512,1
1513,2
1514,0
1515,2
1516,0
1517,0
1518,0
1519,0
1520,0
1521,1
1522,1
1523,2
1524,1
1525,1
1526,1
1527,0
1528,1
1529,1
1530,0
1531,1
1532,0
1533,0
1534,3
1535,0
1536,3
1537,0
1538,0
1539,2
1540,0
1541,0
1542,0
1543,3
1544,0
1545,0
1546,0
1547,0
1548,0
1549,0
1550,0
1551,0
1552,0
1553,1
1554,0
1555,0
1556,0
1557,0
1558,2
1559,0
1560,2
1561,1
1562,3
1563,0
1564,3
1565,0
1566,0
1567,1
1568,0
1569,1
1570,2
1571,0
1572,0
1573,1
1574,0
1575,1
1576,0
1577,1
1578,2
1579,1
1580,2
1581,1
1582,0
1583,1
1584,0
1585,1
1586,0
1587,1
1588,0
1589,1
1590,0
1591,1
1592,3
1593,1
1594,0
1595,1
1596,1
1597,1
1598,1
1599,1
1600,0
1601,1
1602,2
1603,0
1604,2
1605,1
1606,0
1607,1
1608,1
1609,1
1610,0
1611,1
1612,0
1613,1
1614,1
1615,1
1616,2
1617,1
1618,0
1619,1
1620,1
1621,2
1622,1
1623,2
1624,0
1625,1
1626,0
1627,3
1628,1
1629,3
1630,1
1631,1
1632,1
1633,1
1634,2
1635,1
1636,2
1637,1
1638,0
1639,0
1640,2
1641,1
1642,0
1643,1
1644,0
1645,1
1646,1
1647,1
1648,0
1649,0
1650,1
1651,0
1652,1
1653,0
1654,1
1655,1
1656,0
1657,1
1658,2
1659,1
1660,2
1661,1
1662,1
1663,0
1664,1
1665,2
1666,2
1667,1
1668,2
1669,2
1670,2
1671,2
1672,2
1673,1
1674,1
1675,1
1676,1
1677,0
1678,1
1679,0
1680,3
1681,0
1682,1
1683,0
1684,1
1685,1
1686,1
1687,1
1688,1
1689,1
1690,0
1691,1
1692,1
1693,1
1694,1
1695,1
1696,3
1697,0
1698,1
1699,1
1700,1
1701,2
1702,2
1703,3
1704,3
1705,3
1706,2
1707,0
1708,2
1709,0
1710,2
1711,0
1712,1
1713,0
1714,0
1715,0
1716,2
1717,0
1718,3
1719,0
1720,3
1721,1
1722,3
1723,1
1724,3
1725,1
1726,3
1727,1
1728,3
1729,2
1730,2
1731,0
1732,2
1733,0
1734,2
1735,0
1736,2
1737,3
1738,1
1739,0
1740,1
1741,0
1742,3
1743,0
1744,1
1745,0
1746,1
1747,0
1748,1
1749,0
1750,2
1751,0
1752,0
1753,3
1754,2
1755,3
1756,3
1757,0
1758,2
1759,1
1760,2
1761,0
1762,0
1763,1
1764,2
1765,1
1766,1
1767,1
1768,2
1769,2
1770,3
1771,0
1772,1
1773,3
1774,3
1775,2
1776,2
1777,2
1778,2
1779,2
1780,3
1781,2
1782,1
1783,1
1784,3
1785,3
1786,3
1787,3
1788,3
1789,2
1790,3
1791,2
1792,0
1793,2
1794,1
1795,2
1796,3
1797,2
1798,3
1799,0
1800,2
1801,3
1802,1
1803,2
1804,0
1805,2
1806,0
1807,2
1808,1
1809,2
1810,2
1811,3
1812,3
1813,0
1814,3
1815,3
1816,1
1817,0
1818,1
1819,3
1820,3
1821,2
1822,3
1823,0
1824,0
1825,1
1826,0
1827,2
1828,2
1829,1
1830,2
1831,1
1832,2
1833,0
1834,0
1835,2
1836,0
1837,2
1838,0
1839,2
1840,0
1841,0
1842,2
1843,0
1844,3
1845,0
1846,2
1847,0
1848,2
1849,1
1850,1
1851,0
1852,2
1853,0
1854,1
1855,0
1856,2
1857,0
1858,0
1859,3
1860,0
1861,3
1862,0
1863,0
1864,0
1865,0
1866,0
1867,3
1868,0
1869,3
1870,0
1871,1
1872,0
1873,0
1874,0
1875,3
1876,0
1877,3
1878,0
1879,3
1880,0
1881,0
1882,0
1883,3
1884,0
1885,3
1886,0
1887,0
1888,0
1889,2
1890,0
1891,2
1892,0
1893,3
1894,0
1895,0
1896,0
1897,0
1898,3
1899,0
1900,2
1901,0
1902,3
1903,0
1904,2
1905,0
1906,2
1907,0
1908,2
1909,0
1910,2
1911,1
1912,2
1913,0
1914,0
1915,2
1916,0
1917,0
1918,2
1919,2
1920,2
1921,0
1922,2
1923,0
1924,0
1925,0
1926,0
1927,0
1928,0
1929,0
1930,0
1931,0
1932,0
1933,0
1934,1
1935,2
1936,1
1937,2
1938,0
1939,2
1940,0
1941,2
1942,0
1943,2
1944,0
1945,2
1946,0
1947,3
1948,0
1949,2
1950,1
1951,3
1952,0
1953,2
1954,0
1955,3
1956,0
1957,2
1958,0
1959,2
1960,0
1961,2
1962,0
1963,2
1964,0
1965,2
1966,0
1967,0
1968,0
1969,2
1970,0
1971,2
1972,3
1973,0
1974,2
1975,0
1976,3
1977,0
1978,1
1979,1
1980,3
1981,0
1982,2
1983,0
1984,2
1985,3
1986,0
1987,3
1988,0
1989,2
1990,1
1991,2
1992,0
1993,1
1994,0
1995,2
1996,0
1997,2
1998,0
1999,2
2000,1
2001,2
2002,1
2003,2
2004,3
2005,3
2006,0
2007,2
2008,0
2009,2
2010,1
2011,2
2012,3
2013,2
2014,0
2015,2
2016,3
2017,2
2018,0
2019,2
2020,2
2021,0
2022,0
2023,0
2024,2
2025,3
2026,2
2027,0
2028,2
2029,3
2030,2
2031,1
2032,2
2033,1
2034,1
2035,0
2036,2
2037,1
2038,2
2039,1
2040,2
2041,2
2042,2
2043,0
2044,2
2045,0
2046,3
2047,0
2048,2
2049,0
2050,2
2051,3
2052,2
2053,1
2054,2
2055,0
2056,3
2057,2
2058,0
2059,2
2060,0
2061,2
2062,1
2063,2
2064,0
2065,2
2066,0
2067,2
2068,0
2069,2
2070,0
2071,2
2072,0
2073,2
2074,0
2075,2
2076,0
2077,2
2078,0
2079,2
2080,0
2081,2
2082,1
2083,2
2084,0
2085,2
2086,0
2087,2
2088,2
2089,2
2090,2
2091,2
2092,0
2093,2
2094,0
2095,2
2096,0
2097,3
2098,0
2099,2
2100,0
2101,2
2102,0
2103,2
2104,0
2105,2
2106,0
2107,3
2108,0
2109,3
2110,3
2111,2
2112,1
2113,3
2114,1
2115,2
2116,0
2117,0
2118,0
2119,2
2120,0
2121,2
2122,0
2123,2
2124,0
2125,2
2126,0
2127,2
2128,1
2129,2
2130,1
2131,1
2132,1
2133,0
2134,3
2135,0
2136,1
2137,1
2138,1
2139,1
2140,0
2141,3
2142,0
2143,3
2144,3
2145,0
2146,3
2147,0
2148,3
2149,0
2150,1
2151,0
2152,3
2153,1
2154,3
2155,0
2156,3
2157,0
2158,3
2159,0
2160,3
2161,0
2162,0
2163,1
2164,1
2165,1
2166,0
2167,0
2168,3
2169,0
2170,1
2171,3
2172,3
2173,1
2174,0
2175,0
2176,0
2177,0
2178,3
2179,3
2180,3
2181,2
2182,1
2183,3
2184,1
2185,1
2186,1
2187,1
2188,1
2189,0
2190,3
2191,1
2192,1
2193,1
2194,1
2195,1
2196,1
2197,1
2198,1
2199,1
2200,0
2201,0
2202,1
2203,1
2204,1
2205,1
2206,1
2207,1
2208,1
2209,1
2210,1
2211,1
2212,3
2213,3
2214,1
2215,3
2216,2
2217,1
2218,3
2219,1
2220,3
2221,3
2222,0
2223,3
2224,1
2225,1
2226,1
2227,1
2228,1
2229,1
2230,0
2231,1
2232,1
2233,1
2234,1
2235,2
2236,2
2237,2
2238,2
2239,1
2240,3
2241,0
2242,0
2243,1
2244,1
2245,1
2246,1
2247,2
2248,3
2249,2
2250,1
2251,2
2252,0
2253,0
2254,0
2255,2
2256,1
2257,0
2258,2
2259,2
2260,2
2261,2
2262,2
2263,0
2264,1
2265,2
2266,2
2267,0
2268,1
2269,0
2270,2
2271,0
2272,0
2273,1
2274,1
2275,0
2276,0
2277,1
2278,1
2279,0
2280,0
2281,0
2282,0
2283,0
2284,0
2285,0
2286,0
2287,0
2288,1
2289,1
2290,0
2291,0
2292,0
2293,1
2294,1
2295,0
2296,1
2297,1
2298,1
2299,0
2300,0
2301,0
2302,0
2303,0
2304,1
2305,2
2306,2
2307,3
2308,3
2309,0
2310,2
2311,3
2312,2
2313,3
2314,3
2315,2
2316,2
2317,3
2318,2
2319,2
2320,3
2321,2
2322,3
2323,3
2324,3
2325,0
2326,3
2327,0
2328,2
2329,0
2330,0
2331,0
2332,2
2333,2
2334,2
2335,3
2336,3
2337,3
2338,1
2339,3
2340,1
2341,3
2342,0
2343,0
2344,0
2345,3
2346,2
2347,0
2348,2
2349,3
2350,3
2351,2
2352,2
2353,3
2354,1
2355,3
2356,3
2357,3
2358,2
2359,2
2360,0
2361,3
2362,0
2363,0
2364,0
2365,1
2366,0
2367,2
2368,3
2369,2
2370,2
2371,3
2372,2
2373,2
2374,1
2375,0
2376,0
2377,0
2378,0
2379,0
2380,0
2381,0
2382,2
2383,0
2384,2
2385,2
2386,3
2387,2
2388,3
2389,0
2390,2
2391,3
2392,0
2393,0
2394,2
2395,0
2396,0
2397,3
2398,0
2399,0
2400,2
2401,0
2402,0
2403,2
2404,2
2405,0
2406,2
2407,2
2408,2
2409,1
2410,2
2411,3
2412,0
2413,0
2414,3
2415,3
2416,3
2417,2
2418,3
2419,0
2420,3
2421,3
2422,2
2423,3
2424,3
2425,3
2426,3
2427,0
2428,3
2429,2
2430,2
2431,3
2432,2
2433,3
2434,3
2435,2
2436,0
2437,0
2438,3
2439,2
2440,2
2441,2
2442,2
2443,2
2444,3
2445,3
2446,3
2447,2
2448,3
2449,2
2450,0
2451,2
2452,0
2453,0
2454,2
2455,0
2456,3
2457,0
2458,2
2459,2
2460,3
2461,0
2462,2
2463,2
2464,2
2465,0
2466,2
2467,3
2468,3
2469,2
2470,2
2471,3
2472,3
2473,3
2474,3
2475,3
2476,0
2477,3
2478,0
2479,3
2480,0
2481,2
2482,2
2483,3
2484,3
2485,3
2486,2
2487,3
2488,1
2489,2
2490,2
2491,0
2492,2
2493,0
2494,2
2495,0
2496,0
2497,0
2498,0
2499,2
2500,2
2501,2
2502,3
2503,1
2504,3
2505,3
2506,3
2507,0
2508,3
2509,2
2510,2
2511,3
2512,3
2513,0
2514,0
2515,0
2516,0
2517,2
2518,0
2519,0
2520,0
2521,0
2522,0
2523,3
2524,2
2525,3
2526,2
2527,2
2528,0
2529,0
2530,0
2531,2
2532,3
2533,0
2534,2
2535,0
2536,0
2537,0
2538,0
2539,0
2540,3
2541,2
2542,0
2543,0
2544,0
2545,0
2546,0
2547,1
2548,2
2549,0
2550,2
2551,2
2552,2
2553,2
2554,3
2555,0
2556,0
2557,2
2558,0
2559,0
2560,2
2561,0
2562,2
2563,3
2564,0
2565,3
2566,3
2567,2
2568,2
2569,3
2570,3
2571,2
2572,2
2573,3
2574,3
2575,0
2576,3
2577,0
2578,3
2579,0
2580,0
2581,2
2582,3
2583,3
2584,0
2585,3
2586,3
2587,3
2588,3
2589,0
2590,3
2591,2
2592,1
2593,2
2594,0
2595,3
2596,0
2597,3
2598,2
2599,0
2600,3
2601,3
2602,3
2603,3
2604,3
2605,0
2606,3
2607,2
2608,3
2609,3
2610,2
2611,0
2612,0
2613,2
2614,3
2615,2
2616,2
2617,2
2618,3
2619,3
2620,0
2621,2
2622,2
2623,3
2624,2
2625,0
2626,3
2627,2
2628,2
2629,0
2630,3
2631,3
2632,3
2633,2
2634,3
2635,0
2636,3
2637,1
2638,3
2639,3
2640,3
2641,3
2642,3
2643,3
2644,3
2645,3
2646,3
2647,3
2648,3
2649,3
2650,2
2651,3
2652,3
2653,0
2654,2
2655,3
2656,0
2657,2
2658,3
2659,0
2660,3
2661,0
2662,3
2663,3
2664,3
2665,2
2666,2
2667,3
2668,3
2669,3
2670,2
2671,3
2672,3
2673,2
2674,2
2675,0
2676,3
2677,3
2678,2
2679,3
2680,0
2681,3
2682,2
2683,2
2684,2
2685,2
2686,3
2687,3
2688,2
2689,0
2690,2
2691,2
2692,3
2693,2
2694,3
2695,3
2696,3
2697,3
2698,3
2699,1
2700,0
2701,3
2702,0
2703,3
2704,3
2705,3
2706,3
2707,0
2708,0
2709,1
2710,3
2711,1
2712,0
2713,0
2714,3
2715,3
2716,2
2717,3
2718,2
2719,0
2720,0
2721,2
2722,2
2723,2
2724,3
2725,0
2726,3
2727,2
2728,2
2729,3
2730,3
2731,0
2732,3
2733,3
2734,3
2735,0
2736,0
2737,2
2738,2
2739,2
2740,3
2741,0
2742,3
2743,3
2744,3
2745,3
2746,0
2747,3
2748,0
2749,3
2750,3
2751,3
2752,2
2753,1
2754,3
2755,3
2756,2
2757,3
2758,2
2759,2
2760,3
2761,3
2762,3
2763,3
2764,0
2765,3
2766,0
2767,3
2768,3
2769,0
2770,3
2771,2
2772,3
2773,3
2774,1
2775,3
2776,2
2777,3
2778,3
2779,3
2780,2
2781,2
2782,3
2783,3
2784,3
2785,3
2786,3
2787,2
2788,3
2789,1
2790,3
2791,3
2792,0
2793,3
2794,3
2795,3
2796,3
2797,3
2798,2
2799,3
2800,3
2801,3
2802,0
2803,3
2804,3
2805,3
2806,0
2807,3
2808,0
2809,2
2810,2
2811,0
2812,0
2813,3
2814,2
2815,2
2816,3
2817,2
2818,2
2819,2
2820,0
2821,0
2822,2
2823,2
2824,0
2825,2
2826,3
2827,3
2828,0
2829,2
2830,2
2831,2
2832,2
2833,0
2834,0
2835,2
2836,3
2837,2
2838,0
2839,3
2840,2
2841,3
2842,2
2843,3
2844,3
2845,3
2846,2
2847,3
2848,3
2849,2
2850,3
2851,3
2852,3
2853,3
2854,2
2855,3
2856,3
2857,3
2858,3
2859,3
2860,2
2861,0
2862,3
2863,2
2864,2
2865,0
2866,2
2867,3
2868,2
2869,3
2870,3
2871,2
2872,3
2873,3
2874,2
2875,3
2876,2
2877,2
2878,0
2879,2
2880,2
2881,2
2882,1
2883,3
2884,3
2885,3
2886,3
2887,3
2888,3
2889,2
2890,3
2891,3
2892,3
2893,2
2894,3
2895,2
2896,0
2897,2
2898,3
2899,3
2900,2
2901,3
2902,2
2903,2
2904,2
2905,2
2906,3
2907,3
2908,3
2909,3
2910,3
2911,3
2912,3
2913,3
2914,3
2915,2
2916,2
2917,3
2918,3
2919,0
2920,3
2921,2
2922,2
2923,0
2924,0
2925,3
2926,2
2927,3
2928,2
2929,3
2930,2
2931,0
2932,3
2933,2
2934,0
2935,1
2936,2
2937,2
2938,3
2939,3
2940,3
2941,3
2942,3
2943,3
2944,3
2945,3
2946,2
2947,3
2948,0
2949,0
2950,2
2951,3
2952,3
2953,3
2954,2
2955,2
2956,2
2957,3
2958,3
2959,3
2960,3
2961,2
2962,3
2963,3
2964,0
2965,3
2966,3
2967,3
2968,3
2969,2
2970,0
2971,3
2972,3
2973,2
2974,3
2975,2
2976,0
2977,3
2978,3
2979,0
2980,0
2981,3
2982,3
2983,3
2984,3
2985,1
2986,3
2987,0
2988,0
2989,3
2990,2
2991,3
2992,2
2993,0
2994,3
2995,2
2996,2
2997,3
2998,3
2999,0
3000,0
3001,2
3002,0
3003,1
3004,3
3005,2
3006,0
3007,3
3008,3
3009,3
3010,0
3011,3
3012,2
3013,3
3014,3
3015,2
3016,2
3017,3
3018,0
3019,3
3020,3
3021,2
3022,3
3023,2
3024,3
3025,3
3026,1
3027,3
3028,2
3029,0
3030,3
3031,2
3032,0
3033,3
3034,3
3035,0
3036,3
3037,0
3038,2
3039,3
3040,3
3041,2
3042,2
3043,1
3044,2
3045,3
3046,2
3047,3
3048,2
3049,3
3050,3
3051,1
3052,3
3053,2
3054,2
3055,2
3056,2
3057,3
3058,0
3059,3
3060,2
3061,0
3062,3
3063,0
3064,3
3065,3
3066,3
3067,3
3068,3
3069,0
3070,3
3071,3
3072,2
3073,2
3074,3
3075,0
3076,3
3077,3
3078,3
3079,2
3080,2
3081,1
3082,2
3083,2
3084,3
3085,3
3086,3
3087,0
3088,0
3089,3
3090,3
3091,3
3092,3
3093,3
3094,2
3095,2
3096,3
3097,0
3098,0
3099,3
3100,3
3101,0
3102,3
3103,3
3104,3
3105,3
3106,2
3107,3
3108,3
3109,3
3110,2
3111,3
3112,3
3113,3
3114,0
3115,2
3116,3
3117,0
3118,0
3119,3
3120,3
3121,3
3122,2
3123,3
3124,3
3125,2
3126,2
3127,2
3128,2
3129,3
3130,2
3131,3
3132,2
3133,0
3134,2
3135,3
3136,2
3137,3
3138,0
3139,3
3140,3
3141,0
3142,2
3143,3
3144,3
3145,2
3146,0
3147,3
3148,3
3149,3
3150,0
3151,3
3152,3
3153,3
3154,2
3155,3
3156,0
3157,2
3158,1
3159,3
3160,3
3161,2
3162,2
3163,3
3164,3
3165,3
3166,0
3167,3
3168,2
3169,2
3170,2
3171,3
3172,3
3173,3
3174,3
3175,0
3176,2
3177,3
3178,3
3179,3
3180,2
3181,3
3182,3
3183,3
3184,3
3185,3
3186,3
3187,3
3188,3
3189,3
3190,1
3191,2
3192,3
3193,3
3194,3
3195,3
3196,3
3197,2
3198,0
3199,3
3200,3
3201,3
3202,2
3203,3
3204,3
3205,2
3206,2
3207,3
3208,3
3209,0
3210,3
3211,3
3212,3
3213,3
3214,3
3215,3
3216,0
3217,3
3218,2
3219,2
3220,2
3221,0
3222,2
3223,2
3224,2
3225,2
3226,2
3227,2
3228,2
3229,2
3230,2
3231,2
3232,2
3233,2
3234,2
3235,2
3236,2
3237,2
3238,2
3239,2
3240,2
3241,2
3242,2
3243,2
3244,2
3245,2
3246,2
3247,2
3248,2
3249,2
3250,2
3251,2
3252,2
3253,2
3254,2
3255,2
3256,2
3257,2
3258,2
3259,2
3260,2
3261,2
3262,2
3263,2
3264,2
3265,2
3266,2
3267,2
3268,2
3269,2
3270,2
3271,2
3272,2
3273,2
3274,2
3275,2
3276,2
3277,2
3278,2
3279,2
3280,2
3281,2
3282,2
3283,2
3284,2
3285,2
3286,2
3287,2
3288,2
3289,2
3290,2
3291,2
3292,2
3293,2
3294,2
3295,2
3296,2
3297,2
3298,2
3299,2
3300,0
3301,2
3302,2
3303,2
3304,2
3305,2
3306,2
3307,2
3308,2
3309,2
3310,2
3311,1
3312,2
3313,2
3314,2
3315,2
3316,2
3317,2
3318,2
3319,2
3320,2
3321,2
3322,2
3323,2
3324,3
3325,2
3326,2
3327,2
3328,2
3329,3
3330,2
3331,2
3332,2
3333,2
3334,2
3335,2
3336,2
3337,2
3338,2
3339,2
3340,2
3341,2
3342,2
3343,2
3344,2
3345,2
3346,0
3347,2
3348,2
3349,0
3350,2
3351,2
3352,3
3353,2
3354,2
3355,2
3356,2
3357,2
3358,2
3359,2
3360,2
3361,0
3362,2
3363,2
3364,2
3365,0
3366,2
3367,2
3368,2
3369,2
3370,2
3371,2
3372,2
3373,0
3374,2
3375,2
3376,2
3377,2
3378,2
3379,2
3380,2
3381,2
3382,2
3383,2
3384,2
3385,2
3386,2
3387,2
3388,2
3389,2
3390,2
3391,2
3392,2
3393,2
3394,2
3395,2
3396,2
3397,2
3398,2
3399,2
3400,2
3401,0
3402,2
3403,2
3404,2
3405,2
3406,2
3407,2
3408,2
3409,3
3410,2
3411,0
3412,2
3413,0
3414,0
3415,0
3416,0
3417,0
3418,0
3419,2
3420,0
3421,0
3422,0
3423,2
3424,0
3425,0
3426,2
3427,2
3428,0
3429,2
3430,2
3431,2
3432,2
3433,2
3434,2
3435,2
3436,2
3437,2
3438,2
3439,2
3440,2
3441,2
3442,2
3443,2
3444,2
3445,2
3446,2
3447,0
3448,2
3449,2
3450,2
3451,2
3452,2
3453,2
3454,2
3455,2
3456,2
3457,0
3458,2
3459,0
3460,2
3461,2
3462,0
3463,0
3464,0
3465,2
3466,2
3467,0
3468,0
3469,0
3470,2
3471,0
3472,2
3473,0
3474,2
3475,2
3476,2
3477,2
3478,2
3479,2
3480,2
3481,2
3482,2
3483,2
3484,2
3485,2
3486,2
3487,2
3488,3
3489,2
3490,2
3491,3
3492,0
3493,3
3494,2
3495,2
3496,2
3497,2
3498,2
3499,2
3500,2
3501,2
3502,2
3503,2
3504,2
3505,2
3506,2
3507,2
3508,2
3509,2
3510,2
3511,2
3512,2
3513,2
3514,2
3515,2
3516,2
3517,2
3518,2
3519,0
3520,3
3521,2
3522,2
3523,2
3524,0
3525,0
3526,0
3527,0
3528,3
3529,2
3530,2
3531,2
3532,0
3533,2
3534,0
3535,3
3536,2
3537,0
3538,3
3539,0
3540,2
3541,2
3542,2
3543,0
3544,0
3545,3
3546,2
3547,2
3548,2
3549,3
3550,0
3551,1
3552,0
3553,2
3554,0
3555,0
3556,0
3557,0
3558,2
3559,0
3560,2
3561,2
3562,2
3563,2
3564,3
3565,1
3566,0
3567,2
3568,2
3569,2
3570,2
3571,2
3572,0
3573,2
3574,2
3575,2
3576,2
3577,0
3578,2
3579,2
3580,2
3581,0
3582,2
3583,2
3584,2
3585,2
3586,2
3587,2
3588,0
3589,2
3590,2
3591,2
3592,2
3593,2
3594,2
3595,0
3596,2
3597,2
3598,2
3599,2
3600,3
3601,3
3602,0
3603,2
3604,2
3605,3
3606,3
3607,3
3608,3
3609,3
3610,3
3611,2
3612,2
3613,2
3614,2
3615,2
3616,2
3617,2
3618,0
3619,2
3620,2
3621,2
3622,0
3623,2
3624,2
3625,2
3626,2
3627,2
3628,2
3629,2
3630,2
3631,2
3632,2
3633,2
3634,2
3635,2
3636,2
3637,2
3638,2
3639,2
3640,2
3641,0
3642,2
3643,0
3644,2
3645,2
3646,1
3647,2
3648,2
3649,2
3650,2
3651,1
3652,1
3653,2
3654,3
3655,2
3656,2
3657,2
3658,2
3659,2
3660,2
3661,2
3662,2
3663,2
3664,2
3665,2
3666,2
3667,1
3668,2
3669,0
3670,0
3671,0
3672,0
3673,0
3674,2
3675,0
3676,0
3677,2
3678,0
3679,2
3680,2
3681,2
3682,2
3683,2
3684,0
3685,0
3686,3
3687,0
3688,2
3689,0
3690,2
3691,0
3692,0
3693,0
3694,0
3695,0
3696,2
3697,0
3698,0
3699,2
3700,2
3701,0
3702,2
3703,2
3704,0
3705,2
3706,2
3707,2
3708,0
3709,2
3710,3
3711,0
3712,2
3713,2
3714,2
3715,0
3716,2
3717,2
3718,2
3719,0
3720,0
3721,0
3722,0
3723,0
3724,2
3725,0
3726,0
3727,2
3728,0
3729,0
3730,0
3731,0
3732,0
3733,2
3734,0
3735,0
3736,0
3737,0
3738,0
3739,2
3740,0
3741,0
3742,0
3743,0
3744,0
3745,0
3746,2
3747,2
3748,2
3749,2
3750,2
3751,2
3752,2
3753,2
3754,2
3755,2
3756,2
3757,2
3758,2
3759,2
3760,2
3761,2
3762,2
3763,2
3764,2
3765,2
3766,2
3767,2
3768,0
3769,2
3770,2
3771,2
3772,2
3773,2
3774,2
3775,2
3776,2
3777,2
3778,2
3779,2
3780,2
3781,2
3782,2
3783,2
3784,2
3785,2
3786,2
3787,2
3788,2
3789,2
3790,2
3791,2
3792,0
3793,0
3794,2
3795,2
3796,2
3797,0
3798,0
3799,2
3800,2
3801,0
3802,3
3803,0
3804,2
3805,2
3806,2
3807,2
3808,2
3809,2
3810,0
3811,2
3812,2
3813,3
3814,2
3815,0
3816,2
3817,2
3818,2
3819,2
3820,1
3821,1
3822,1
3823,1
3824,1
3825,1
3826,2
3827,1
3828,1
3829,1
3830,1
3831,1
3832,1
3833,2
3834,1
3835,1
3836,1
3837,1
3838,1
3839,1
3840,1
3841,1
3842,1
3843,1
3844,1
3845,1
3846,1
3847,1
3848,1
3849,1
3850,1
3851,1
3852,1
3853,1
3854,1
3855,1
3856,1
3857,1
3858,1
3859,1
3860,1
3861,1
3862,1
3863,1
3864,1
3865,1
3866,1
3867,1
3868,1
3869,1
3870,1
3871,1
3872,1
3873,1
3874,1
3875,1
3876,1
3877,1
3878,1
3879,1
3880,0
3881,3
3882,1
3883,1
3884,1
3885,1
3886,1
3887,1
3888,1
3889,1
3890,1
3891,1
3892,1
3893,0
3894,1
3895,1
3896,1
3897,1
3898,1
3899,1
3900,1
3901,1
3902,1
3903,1
3904,1
3905,1
3906,1
3907,1
3908,1
3909,1
3910,3
3911,1
3912,1
3913,1
3914,1
3915,1
3916,1
3917,1
3918,1
3919,1
3920,1
3921,1
3922,1
3923,1
3924,1
3925,1
3926,1
3927,1
3928,1
3929,1
3930,1
3931,1
3932,1
3933,1
3934,1
3935,1
3936,1
3937,1
3938,1
3939,2
3940,1
3941,1
3942,1
3943,1
3944,1
3945,1
3946,1
3947,1
3948,1
3949,1
3950,1
3951,1
3952,1
3953,1
3954,1
3955,1
3956,3
3957,1
3958,1
3959,1
3960,1
3961,1
3962,1
3963,0
3964,1
3965,3
3966,1
3967,1
3968,1
3969,1
3970,1
3971,1
3972,1
3973,1
3974,1
3975,2
3976,1
3977,1
3978,1
3979,2
3980,1
3981,1
3982,2
3983,1
3984,1
3985,1
3986,1
3987,1
3988,2
3989,1
3990,1
3991,1
3992,1
3993,1
3994,1
3995,1
3996,1
3997,1
3998,1
3999,2
4000,1
4001,2
4002,1
4003,1
4004,1
4005,1
4006,2
4007,1
4008,2
4009,2
4010,2
4011,3
4012,1
4013,1
4014,1
4015,1
4016,1
4017,1
4018,1
4019,1
4020,1
4021,1
4022,1
4023,1
4024,1
4025,1
4026,1
4027,3
4028,1
4029,1
4030,1
4031,1
4032,1
4033,1
4034,1
4035,1
4036,1
4037,1
4038,1
4039,1
4040,1
4041,1
4042,3
4043,1
4044,1
4045,1
4046,1
4047,1
4048,1
4049,3
4050,1
4051,1
4052,2
4053,1
4054,1
4055,1
4056,1
4057,1
4058,1
4059,1
4060,1
4061,1
4062,1
4063,1
4064,1
4065,1
4066,1
4067,1
4068,1
4069,1
4070,1
4071,1
4072,1
4073,1
4074,1
4075,1
4076,1
4077,1
4078,1
4079,1
4080,1
4081,1
4082,1
4083,1
4084,1
4085,1
4086,1
4087,1
4088,1
4089,1
4090,1
4091,1
4092,1
4093,1
4094,1
4095,1
4096,1
4097,1
4098,1
4099,1
4100,1
4101,1
4102,1
4103,1
4104,1
4105,1
4106,1
4107,1
4108,1
4109,1
4110,1
4111,1
4112,1
4113,1
4114,1
4115,1
4116,1
4117,1
4118,1
4119,1
4120,1
4121,1
4122,1
4123,1
4124,1
4125,1
4126,1
4127,1
4128,1
4129,1
4130,1
4131,1
4132,2
4133,1
4134,1
4135,1
4136,2
4137,1
4138,2
4139,1
4140,1
4141,1
4142,1
4143,1
4144,1
4145,1
4146,1
4147,1
4148,1
4149,3
4150,1
4151,1
4152,1
4153,1
4154,1
4155,1
4156,2
4157,1
4158,1
4159,1
4160,3
4161,1
4162,1
4163,1
4164,1
4165,1
4166,1
4167,1
4168,1
4169,1
4170,1
4171,1
4172,1
4173,1
4174,1
4175,1
4176,1
4177,1
4178,1
4179,1
4180,1
4181,1
4182,1
4183,1
4184,1
4185,1
4186,1
4187,1
4188,1
4189,1
4190,1
4191,2
4192,1
4193,1
4194,1
4195,1
4196,1
4197,1
4198,1
4199,1
4200,1
4201,1
4202,1
4203,1
4204,1
4205,1
4206,1
4207,1
4208,1
4209,1
4210,1
4211,1
4212,1
4213,1
4214,1
4215,1
4216,1
4217,1
4218,1
4219,1
4220,1
4221,1
4222,1
4223,1
4224,1
4225,1
4226,1
4227,1
4228,1
4229,1
4230,1
4231,1
4232,1
4233,1
4234,1
4235,1
4236,1
4237,1
4238,1
4239,1
4240,1
4241,1
4242,1
4243,1
4244,1
4245,1
4246,1
4247,1
4248,1
4249,1
4250,1
4251,1
4252,1
4253,1
4254,1
4255,1
4256,1
4257,1
4258,1
4259,1
4260,1
4261,1
4262,1
4263,1
4264,1
4265,1
4266,1
4267,1
4268,1
4269,1
4270,1
4271,1
4272,1
4273,1
4274,1
4275,1
4276,1
4277,1
4278,1
4279,1
4280,1
4281,1
4282,1
4283,1
4284,1
4285,1
4286,1
4287,1
4288,1
4289,1
4290,1
4291,1
4292,1
4293,1
4294,1
4295,1
4296,1
4297,1
4298,1
4299,1
4300,1
4301,1
4302,1
4303,1
4304,1
4305,1
4306,1
4307,1
4308,1
4309,1
4310,1
4311,1
4312,1
4313,1
4314,1
4315,1
4316,3
4317,1
4318,1
4319,1
4320,3
4321,1
4322,1
4323,1
4324,1
4325,1
4326,1
4327,1
4328,1
4329,1
4330,1
4331,1
4332,1
4333,1
4334,1
4335,1
4336,1
4337,2
4338,2
4339,1
4340,1
4341,1
4342,1
4343,1
4344,1
4345,1
4346,1
4347,1
4348,1
4349,1
4350,1
4351,1
4352,1
4353,1
4354,1
4355,1
4356,1
4357,1
4358,1
4359,1
4360,1
4361,1
4362,1
4363,3
4364,1
4365,1
4366,1
4367,1
4368,1
4369,1
4370,1
4371,1
4372,1
4373,1
4374,1
4375,1
4376,1
4377,1
4378,1
4379,1
4380,1
4381,1
4382,1
4383,1
4384,1
4385,1
4386,1
4387,1
4388,1
4389,1
4390,1
4391,1
4392,2
4393,1
4394,2
4395,1
4396,1
4397,1
4398,1
4399,1
4400,1
4401,1
4402,1
4403,1
4404,1
4405,2
4406,1
4407,3
4408,1
4409,1
4410,1
4411,1
4412,1
4413,1
4414,2
4415,1
4416,1
4417,1
4418,1
4419,1
4420,1
4421,1
4422,1
4423,1
4424,1
4425,1
4426,1
4427,1
4428,1
4429,1
4430,1
4431,1
4432,1
4433,1
4434,1
4435,2
4436,1
4437,1
4438,0
4439,1
4440,1
4441,1
4442,1
4443,3
4444,1
4445,1
4446,1
4447,2
4448,1
4449,1
4450,1
4451,1
4452,1
4453,1
4454,1
4455,1
4456,1
4457,1
4458,1
4459,1
4460,1
4461,1
4462,1
4463,1
4464,3
4465,2
4466,2
4467,1
4468,1
4469,1
4470,1
4471,1
4472,1
4473,1
4474,1
4475,1
4476,1
4477,1
4478,1
4479,1
4480,1
4481,1
4482,1
4483,1
4484,1
4485,1
4486,1
4487,1
4488,1
4489,1
4490,1
4491,1
4492,1
4493,1
4494,1
4495,1
4496,1
4497,1
4498,1
4499,1
4500,1
4501,1
4502,1
4503,1
4504,1
4505,1
4506,1
4507,1
4508,1
4509,1
4510,1
4511,2
4512,1
4513,1
4514,1
4515,1
4516,1
4517,1
4518,1
4519,1
4520,1
4521,1
4522,1
4523,1
4524,1
4525,1
4526,1
4527,1
4528,1
4529,1
4530,1
4531,1
4532,1
4533,1
4534,1
4535,2
4536,1
4537,1
4538,1
4539,1
4540,1
4541,1
4542,1
4543,1
4544,2
4545,2
4546,1
4547,2
4548,1
4549,1
4550,1
4551,1
4552,1
4553,1
4554,1
4555,1
4556,1
4557,1
4558,1
4559,1
4560,1
4561,1
4562,1
4563,1
4564,1
4565,1
4566,1
4567,1
4568,1
4569,1
4570,1
4571,1
4572,1
4573,1
4574,1
4575,1
4576,1
4577,1
4578,1
4579,3
4580,1
4581,1
4582,1
4583,1
4584,1
4585,1
4586,1
4587,1
4588,1
4589,1
4590,1
4591,1
4592,1
4593,1
4594,1
4595,1
4596,1
4597,1
4598,1
4599,1
4600,1
4601,1
4602,1
4603,1
4604,1
4605,1
4606,1
4607,1
4608,1
4609,1
4610,1
4611,1
4612,1
4613,1
4614,1
4615,1
4616,1
4617,1
4618,1
4619,1
4620,1
4621,1
4622,1
4623,1
4624,1
4625,1
4626,1
4627,1
4628,1
4629,1
4630,1
4631,1
4632,1
4633,1
4634,1
4635,2
4636,1
4637,1
4638,1
4639,1
4640,1
4641,1
4642,1
4643,1
4644,1
4645,1
4646,1
4647,1
4648,2
4649,1
4650,2
4651,1
4652,1
4653,1
4654,1
4655,1
4656,1
4657,1
4658,1
4659,1
4660,1
4661,3
4662,1
4663,1
4664,1
4665,1
4666,1
4667,1
4668,1
4669,1
4670,1
4671,1
4672,1
4673,1
4674,1
4675,1
4676,1
4677,1
4678,1
4679,1
4680,1
4681,1
4682,1
4683,1
4684,1
4685,1
4686,1
4687,1
4688,1
4689,1
4690,1
4691,1
4692,1
4693,1
4694,1
4695,1
4696,1
4697,1
4698,1
4699,1
4700,1
4701,2
4702,1
4703,1
4704,1
4705,2
4706,2
4707,1
4708,1
4709,1
4710,1
4711,1
4712,1
4713,1
4714,1
4715,1
4716,1
4717,1
4718,1
4719,1
4720,1
4721,1
4722,1
4723,1
4724,1
4725,1
4726,1
4727,1
4728,1
4729,1
4730,1
4731,1
4732,1
4733,1
4734,1
4735,1
4736,1
4737,1
4738,1
4739,1
4740,1
4741,1
4742,2
4743,1
4744,1
4745,1
4746,1
4747,1
4748,1
4749,1
4750,1
4751,1
4752,1
4753,1
4754,1
4755,1
4756,1
4757,1
4758,1
4759,1
4760,1
4761,1
4762,0
4763,1
4764,1
4765,3
4766,1
4767,1
4768,1
4769,1
4770,1
4771,1
4772,1
4773,1
4774,1
4775,1
4776,1
4777,1
4778,1
4779,3
4780,1
4781,1
4782,2
4783,1
4784,1
4785,1
4786,1
4787,1
4788,1
4789,1
4790,1
4791,1
4792,1
4793,1
4794,1
4795,1
4796,1
4797,1
4798,1
4799,1
4800,1
4801,1
4802,1
4803,1
4804,2
4805,1
4806,1
4807,1
4808,1
4809,1
4810,1
4811,1
4812,1
4813,1
4814,1
4815,1
4816,1
4817,1
4818,1
4819,1
4820,1
4821,1
4822,1
4823,1
4824,1
4825,1
4826,1
4827,1
4828,1
4829,1
4830,1
4831,1
4832,1
4833,1
4834,1
4835,2
4836,2
4837,1
4838,1
4839,1
4840,1
4841,1
4842,1
4843,1
4844,1
4845,1
4846,1
4847,1
4848,1
4849,1
4850,1
4851,1
4852,1
4853,1
4854,2
4855,1
4856,1
4857,1
4858,1
4859,1
4860,1
4861,1
4862,0
4863,1
4864,1
4865,1
4866,1
4867,1
4868,1
4869,1
4870,1
4871,1
4872,1
4873,1
4874,1
4875,1
4876,1
4877,1
4878,1
4879,1
4880,1
4881,1
4882,1
4883,1
4884,2
4885,1
4886,1
4887,1
4888,1
4889,1
4890,1
4891,1
4892,1
4893,1
4894,1
4895,1
4896,1
4897,1
4898,2
4899,1
4900,1
4901,1
4902,1
4903,1
4904,1
4905,1
4906,1
4907,1
4908,1
4909,1
4910,1
4911,1
4912,1
4913,1
4914,1
4915,1
4916,1
4917,1
4918,1
4919,3
4920,1
4921,2
4922,1
4923,1
4924,1
4925,1
4926,1
4927,1
4928,1
4929,1
4930,1
4931,1
4932,1
4933,1
4934,1
4935,1
4936,1
4937,1
4938,1
4939,1
4940,1
4941,1
4942,2
4943,1
4944,1
4945,3
4946,1
4947,1
4948,3
4949,3
4950,1
4951,1
4952,1
4953,1
4954,1
4955,1
4956,0
4957,1
4958,1
4959,1
4960,1
4961,1
4962,1
4963,1
4964,1
4965,3
4966,3
4967,1
4968,1
4969,1
4970,1
4971,2
4972,1
4973,1
4974,1
4975,1
4976,1
4977,1
4978,2
4979,1
4980,1
4981,3
4982,1
4983,1
4984,1
4985,1
4986,1
4987,1
4988,1
4989,1
4990,1
4991,1
4992,1
4993,1
4994,1
4995,1
4996,1
4997,1
4998,1
4999,1
5000,1
5001,1
5002,1
5003,1
5004,1
5005,1
5006,1
5007,1
5008,1
5009,1
5010,1
5011,1
5012,1
5013,1
5014,1
5015,1
5016,1
5017,1
5018,1
5019,1
5020,1
5021,1
5022,1
5023,1
5024,1
5025,1
5026,1
5027,1
5028,1
5029,1
5030,1
5031,1
5032,1
5033,1
5034,1
5035,1
5036,1
5037,1
5038,1
5039,1
5040,1
5041,2
5042,3
5043,1
5044,1
5045,1
5046,1
5047,1
5048,1
5049,1
5050,1
5051,1
5052,1
5053,1
5054,1
5055,1
5056,1
5057,1
5058,1
5059,1
5060,1
5061,1
5062,1
5063,1
5064,1
5065,1
5066,1
5067,1
5068,1
5069,1
5070,1
5071,1
5072,2
5073,1
5074,1
5075,2
5076,1
5077,1
5078,1
5079,1
5080,1
5081,1
5082,2
5083,1
5084,1
5085,1
5086,1
5087,0
5088,0
5089,2
5090,3
5091,1
5092,1
5093,1
5094,1
5095,1
5096,1
5097,3
5098,2
5099,1
5100,1
5101,3
5102,1
5103,3
5104,1
5105,1
5106,1
5107,1
5108,1
5109,1
5110,1
5111,1
5112,1
5113,1
5114,1
5115,1
5116,1
5117,1
5118,1
5119,1
5120,1
5121,1
5122,1
5123,1
5124,1
5125,1
5126,1
5127,1
5128,1
5129,1
5130,1
5131,3
5132,3
5133,1
5134,2
5135,3
5136,1
5137,0
5138,2
5139,3
5140,3
5141,1
5142,1
5143,1
5144,1
5145,1
5146,1
5147,1
5148,1
5149,1
5150,1
5151,1
5152,1
5153,1
5154,1
5155,1
5156,1
5157,1
5158,1
5159,1
5160,1
5161,1
5162,1
5163,1
5164,1
5165,3
5166,1
5167,1
5168,1
5169,1
5170,1
5171,1
5172,1
5173,1
5174,1
5175,1
5176,1
5177,1
5178,1
5179,3
5180,1
5181,2
5182,2
5183,1
5184,1
5185,1
5186,1
5187,1
5188,1
5189,3
5190,0
5191,1
5192,1
5193,2
5194,1
5195,1
5196,1
5197,2
5198,1
5199,1
5200,1
5201,3
5202,1
5203,1
5204,1
5205,1
5206,1
5207,1
5208,1
5209,1
5210,1
5211,1
5212,1
5213,1
5214,1
5215,1
5216,1
5217,1
5218,1
5219,1
5220,3
5221,0
5222,1
5223,0
5224,0
5225,1
5226,1
5227,1
5228,0
5229,0
5230,1
5231,1
5232,1
5233,3
5234,1
5235,1
5236,1
5237,0
5238,1
5239,1
5240,1
5241,2
5242,0
5243,2
5244,1
5245,2
5246,2
5247,2
5248,1
5249,2
5250,1
5251,0
5252,0
5253,0
5254,0
5255,2
5256,3
5257,2
5258,0
5259,2
5260,3
5261,2
5262,3
5263,0
5264,0
5265,0
5266,0
5267,3
5268,2
5269,1
5270,2
5271,0
5272,2
5273,2
5274,0
5275,0
5276,0
5277,0
5278,0
5279,0
5280,3
5281,0
5282,0
5283,3
5284,2
5285,2
5286,0
5287,2
5288,3
5289,0
5290,2
5291,0
5292,3
5293,3
5294,2
5295,3
5296,2
5297,2
5298,2
5299,2
5300,3
5301,2
5302,3
5303,0
5304,0
5305,0
5306,2
5307,0
5308,0
5309,0
5310,2
5311,3
5312,3
5313,2
5314,2
5315,0
5316,2
5317,0
5318,0
5319,2
5320,3
5321,2
5322,2
5323,2
5324,0
5325,3
5326,2
5327,0
5328,2
5329,2
5330,2
5331,2
5332,3
5333,0
5334,2
5335,1
5336,2
5337,2
5338,2
5339,2
5340,2
5341,0
5342,3
5343,0
5344,3
5345,0
5346,2
5347,2
5348,3
5349,3
5350,3
5351,2
5352,0
5353,3
5354,0
5355,0
5356,0
5357,0
5358,2
5359,2
5360,2
5361,2
5362,2
5363,0
5364,0
5365,0
5366,3
5367,0
5368,3
5369,0
5370,0
5371,2
5372,2
5373,3
5374,3
5375,0
5376,0
5377,3
5378,3
5379,3
5380,0
5381,0
5382,0
5383,0
5384,0
5385,0
5386,0
5387,2
5388,0
5389,3
5390,3
5391,3
5392,0
5393,3
5394,2
5395,3
5396,3
5397,0
5398,3
5399,0
5400,2
5401,0
5402,0
5403,2
5404,0
5405,3
5406,3
5407,0
5408,0
5409,1
5410,2
5411,2
5412,0
5413,0
5414,2
5415,3
5416,3
5417,3
5418,0
5419,2
5420,3
5421,3
5422,0
5423,0
5424,3
5425,0
5426,3
5427,2
5428,2
5429,0
5430,0
5431,3
5432,2
5433,3
5434,2
5435,0
5436,0
5437,3
5438,3
5439,3
5440,0
5441,3
5442,0
5443,2
5444,2
5445,0
5446,2
5447,3
5448,0
5449,2
5450,0
5451,2
5452,0
5453,0
5454,2
5455,3
5456,0
5457,2
5458,2
5459,3
5460,0
5461,0
5462,2
5463,0
5464,0
5465,2
5466,3
5467,3
5468,0
5469,0
5470,2
5471,3
5472,3
5473,3
5474,2
5475,2
5476,0
5477,0
5478,0
5479,0
5480,2
5481,2
5482,0
5483,3
5484,3
5485,2
5486,2
5487,0
5488,0
5489,0
5490,3
5491,3
5492,2
5493,2
5494,0
5495,2
5496,2
5497,2
5498,2
5499,2
5500,2
5501,2
5502,2
5503,0
5504,2
5505,2
5506,0
5507,2
5508,0
5509,0
5510,0
5511,0
5512,3
5513,2
5514,0
5515,0
5516,0
5517,0
5518,3
5519,2
5520,0
5521,0
5522,2
5523,2
5524,3
5525,2
5526,2
5527,3
5528,0
5529,3
5530,0
5531,3
5532,0
5533,2
5534,3
5535,2
5536,3
5537,3
5538,0
5539,2
5540,0
5541,0
5542,3
5543,3
5544,0
5545,3
5546,2
5547,0
5548,0
5549,2
5550,0
5551,2
5552,0
5553,3
5554,0
5555,0
5556,3
5557,2
5558,3
5559,0
5560,2
5561,0
5562,3
5563,0
5564,2
5565,0
5566,0
5567,2
5568,0
5569,0
5570,3
5571,0
5572,0
5573,2
5574,2
5575,3
5576,0
5577,0
5578,0
5579,0
5580,0
5581,3
5582,0
5583,0
5584,2
5585,2
5586,2
5587,2
5588,0
5589,2
5590,0
5591,2
5592,2
5593,3
5594,2
5595,2
5596,2
5597,0
5598,3
5599,2
5600,2
5601,0
5602,2
5603,0
5604,2
5605,0
5606,3
5607,0
5608,0
5609,0
5610,3
5611,2
5612,2
5613,3
5614,0
5615,2
5616,0
5617,2
5618,2
5619,0
5620,2
5621,2
5622,2
5623,2
5624,2
5625,2
5626,3
5627,2
5628,2
5629,2
5630,3
5631,2
5632,3
5633,2
5634,2
5635,3
5636,2
5637,3
5638,2
5639,3
5640,2
5641,0
5642,3
5643,2
5644,0
5645,0
5646,3
5647,3
5648,0
5649,3
5650,3
5651,0
5652,2
5653,2
5654,2
5655,3
5656,0
5657,3
5658,2
5659,2
5660,2
5661,0
5662,3
5663,0
5664,0
5665,2
5666,0
5667,0
5668,2
5669,2
5670,2
5671,3
5672,0
5673,0
5674,3
5675,0
5676,3
5677,0
5678,2
5679,3
5680,3
5681,0
5682,0
5683,3
5684,0
5685,3
5686,0
5687,3
5688,3
5689,2
5690,2
5691,0
5692,3
5693,0
5694,1
5695,0
5696,2
5697,2
5698,0
5699,3
5700,0
5701,0
5702,0
5703,2
5704,0
5705,0
5706,0
5707,0
5708,0
5709,0
5710,3
5711,3
5712,2
5713,2
5714,2
5715,3
5716,2
5717,0
5718,0
5719,2
5720,0
5721,0
5722,0
5723,3
5724,1
5725,2
5726,3
5727,3
5728,3
5729,2
5730,2
5731,2
5732,0
5733,0
5734,0
5735,3
5736,0
5737,3
5738,2
5739,3
5740,0
5741,3
5742,0
5743,3
5744,0
5745,0
5746,0
5747,2
5748,2
5749,0
5750,2
5751,2
5752,0
5753,2
5754,0
5755,0
5756,2
5757,2
5758,2
5759,2
5760,2
5761,3
5762,3
5763,0
5764,2
5765,2
5766,0
5767,2
5768,3
5769,2
5770,2
5771,2
5772,2
5773,2
5774,2
5775,2
5776,2
5777,2
5778,2
5779,3
5780,0
5781,3
5782,0
5783,2
5784,0
5785,0
5786,0
5787,2
5788,0
5789,2
5790,3
5791,2
5792,3
5793,2
5794,2
5795,1
5796,2
5797,0
5798,2
5799,0
5800,2
5801,0
5802,0
5803,0
5804,3
5805,1
5806,2
5807,2
5808,2
5809,0
5810,3
5811,0
5812,2
5813,2
5814,2
5815,0
5816,2
5817,3
5818,2
5819,0
5820,0
5821,0
5822,0
5823,2
5824,2
5825,2
5826,2
5827,3
5828,3
5829,0
5830,3
5831,2
5832,3
5833,2
5834,2
5835,0
5836,2
5837,3
5838,0
5839,2
5840,3
5841,2
5842,2
5843,2
5844,2
5845,3
5846,2
5847,2
5848,2
5849,2
5850,0
5851,2
5852,2
5853,0
5854,3
5855,0
5856,0
5857,3
5858,3
5859,2
5860,2
5861,3
5862,3
5863,0
5864,1
5865,2
5866,2
5867,2
5868,2
5869,3
5870,3
5871,3
5872,3
5873,0
5874,0
5875,2
5876,3
5877,3
5878,2
5879,2
5880,0
5881,0
5882,3
5883,2
5884,2
5885,3
5886,0
5887,0
5888,3
5889,2
5890,1
5891,3
5892,1
5893,3
5894,3
5895,3
5896,3
5897,0
5898,3
5899,3
5900,2
5901,3
5902,3
5903,3
5904,3
5905,3
5906,3
5907,3
5908,3
5909,2
5910,0
5911,3
5912,3
5913,3
5914,3
5915,2
5916,3
5917,3
5918,3
5919,3
5920,0
5921,0
5922,0
5923,3
5924,0
5925,0
5926,2
5927,0
5928,2
5929,0
5930,2
5931,2
5932,3
5933,3
5934,3
5935,0
5936,3
5937,0
5938,3
5939,3
5940,2
5941,3
5942,2
5943,0
5944,2
5945,2
5946,0
5947,0
5948,0
5949,0
5950,3
5951,3
5952,2
5953,0
5954,0
5955,0
5956,2
5957,0
5958,2
5959,3
5960,0
5961,0
5962,0
5963,0
5964,0
5965,3
5966,2
5967,1
5968,0
5969,1
5970,1
5971,1
5972,3
5973,0
5974,0
5975,0
5976,0
5977,2
5978,2
5979,3
5980,2
5981,0
5982,0
5983,0
5984,0
5985,3
5986,0
5987,2
5988,2
5989,0
5990,2
5991,3
5992,2
5993,0
5994,0
5995,3
5996,0
5997,3
5998,0
5999,0
6000,0
6001,0
6002,0
6003,2
6004,0
6005,0
6006,0
6007,0
6008,2
6009,0
6010,3
6011,3
6012,0
6013,3
6014,1
6015,3
6016,2
6017,0
6018,0
6019,0
6020,0
6021,3
6022,3
6023,0
6024,2
6025,3
6026,2
6027,0
6028,0
6029,0
6030,0
6031,0
6032,0
6033,3
6034,0
6035,2
6036,2
6037,3
6038,2
6039,0
6040,0
6041,3
6042,0
6043,2
6044,3
6045,3
6046,3
6047,0
6048,3
6049,0
6050,2
6051,3
6052,3
6053,0
6054,0
6055,3
6056,3
6057,2
6058,3
6059,3
6060,3
6061,2
6062,2
6063,2
6064,0
6065,0
6066,3
6067,0
6068,3
6069,2
6070,3
6071,3
6072,3
6073,3
6074,0
6075,1
6076,2
6077,0
6078,2
6079,2
6080,0
6081,2
6082,2
6083,2
6084,2
6085,2
6086,2
6087,2
6088,3
6089,2
6090,0
6091,0
6092,0
6093,2
6094,0
6095,3
6096,2
6097,2
6098,3
6099,2
6100,0
6101,0
6102,0
6103,0
6104,0
6105,0
6106,2
6107,0
6108,2
6109,2
6110,3
6111,1
6112,2
6113,2
6114,3
6115,2
6116,2
6117,3
6118,3
6119,0
6120,0
6121,3
6122,2
6123,3
6124,2
6125,3
6126,2
6127,3
6128,3
6129,0
6130,0
6131,0
6132,3
6133,3
6134,3
6135,2
6136,0
6137,3
6138,3
6139,3
6140,0
6141,2
6142,3
6143,2
6144,3
6145,3
6146,3
6147,2
6148,3
6149,3
6150,0
6151,0
6152,0
6153,0
6154,2
6155,2
6156,2
6157,2
6158,2
6159,2
6160,2
6161,2
6162,0
6163,3
6164,3
6165,2
6166,3
6167,2
6168,2
6169,3
6170,2
6171,3
6172,2
6173,3
6174,3
6175,0
6176,0
6177,2
6178,2
6179,0
6180,3
6181,3
6182,2
6183,2
6184,2
6185,2
6186,0
6187,3
6188,3
6189,3
6190,2
6191,2
6192,2
6193,0
6194,2
6195,2
6196,2
6197,3
6198,2
6199,2
6200,3
6201,3
6202,3
6203,2
6204,3
6205,3
6206,2
6207,3
6208,3
6209,3
6210,3
6211,3
6212,0
6213,3
6214,3
6215,2
6216,2
6217,2
6218,2
6219,3
6220,0
6221,2
6222,2
6223,0
6224,0
6225,0
6226,2
6227,2
6228,0
6229,0
6230,3
6231,3
6232,3
6233,3
6234,0
6235,0
6236,0
6237,0
6238,0
6239,3
6240,0
6241,2
6242,0
6243,0
6244,0
6245,2
6246,2
6247,0
6248,2
6249,2
6250,2
6251,2
6252,2
6253,0
6254,2
6255,2
6256,3
6257,0
6258,2
6259,3
6260,3
6261,3
6262,3
6263,0
6264,3
6265,0
6266,0
6267,2
6268,2
6269,2
6270,2
6271,2
6272,0
6273,0
6274,2
6275,2
6276,0
6277,2
6278,2
6279,2
6280,0
6281,0
6282,2
6283,2
6284,2
6285,2
6286,2
6287,0
6288,3
6289,3
6290,2
6291,0
6292,2
6293,2
6294,2
6295,2
6296,3
6297,0
6298,2
6299,2
6300,2
6301,3
6302,0
6303,2
6304,2
6305,2
6306,0
6307,0
6308,3
6309,3
6310,0
6311,3
6312,3
6313,0
6314,0
6315,3
6316,0
6317,2
6318,2
6319,0
6320,0
6321,2
6322,2
6323,3
6324,3
6325,3
6326,0
6327,3
6328,2
6329,3
6330,3
6331,3
6332,0
6333,2
6334,2
6335,2
6336,2
6337,3
6338,3
6339,3
6340,2
6341,2
6342,0
6343,2
6344,3
6345,3
6346,0
6347,0
6348,2
6349,0
6350,0
6351,0
6352,2
6353,2
6354,2
6355,0
6356,0
6357,0
6358,3
6359,3
6360,2
6361,0
6362,3
6363,3
6364,2
6365,3
6366,0
6367,3
6368,3
6369,0
6370,2
6371,2
6372,2
6373,3
6374,2
6375,3
6376,3
6377,3
6378,0
6379,0
6380,2
6381,2
6382,0
6383,0
6384,0
6385,2
6386,0
6387,2
6388,2
6389,2
6390,2
6391,3
6392,2
6393,3
6394,3
6395,0
6396,0
6397,2
6398,0
6399,3
6400,0
6401,2
6402,3
6403,2
6404,2
6405,2
6406,2
6407,2
6408,2
6409,0
6410,1
6411,2
6412,0
6413,2
6414,1
6415,2
6416,3
6417,3
6418,0
6419,0
6420,0
6421,2
6422,2
6423,2
6424,2
6425,2
6426,2
6427,3
6428,2
6429,2
6430,2
6431,2
6432,2
6433,2
6434,3
6435,2
6436,2
6437,2
6438,2
6439,3
6440,0
6441,2
6442,0
6443,2
6444,0
6445,0
6446,0
6447,2
6448,0
6449,2
6450,2
6451,2
6452,2
6453,0
6454,0
6455,0
6456,0
6457,1
6458,1
6459,0
6460,0
6461,1
6462,1
6463,0
6464,0
6465,1
6466,1
6467,2
6468,2
6469,2
6470,2
6471,2
6472,1
6473,3
6474,3
6475,2
6476,3
6477,3
6478,2
6479,0
6480,1
6481,0
6482,0
6483,2
6484,2
6485,2
6486,2
6487,2
6488,2
6489,3
6490,2
6491,2
6492,0
6493,2
6494,2
6495,3
6496,0
6497,3
6498,0
6499,0
6500,0
6501,2
6502,3
6503,2
6504,3
6505,3
6506,0
6507,3
6508,3
6509,3
6510,3
6511,3
6512,2
6513,3
6514,2
6515,2
6516,2
6517,2
6518,2
6519,3
6520,3
6521,2
6522,3
6523,2
6524,3
6525,0
6526,0
6527,3
6528,2
6529,2
6530,3
6531,2
6532,3
6533,3
6534,3
6535,3
6536,3
6537,3
6538,3
6539,2
6540,2
6541,2
6542,2
6543,2
6544,2
6545,3
6546,2
6547,2
6548,2
6549,2
6550,2
6551,2
6552,2
6553,0
6554,0
6555,2
6556,2
6557,2
6558,2
6559,2
6560,2
6561,2
6562,2
6563,3
6564,3
6565,0
6566,3
6567,3
6568,3
6569,2
6570,0
6571,3
6572,3
6573,3
6574,2
6575,2
6576,2
6577,2
6578,2
6579,2
6580,2
6581,2
6582,2
6583,2
6584,2
6585,2
6586,1
6587,2
6588,3
6589,2
6590,1
6591,2
6592,2
6593,2
6594,2
6595,3
6596,2
6597,2
6598,2
6599,3
6600,2
6601,2
6602,2
6603,0
6604,2
6605,2
6606,2
6607,2
6608,1
6609,3
6610,2
6611,2
6612,2
6613,2
6614,2
6615,2
6616,3
6617,2
6618,2
6619,2
6620,0
6621,0
6622,2
6623,0
6624,2
6625,3
6626,2
6627,3
6628,3
6629,1
6630,1
6631,2
6632,3
6633,3
6634,2
6635,1
6636,2
6637,2
6638,2
6639,2
6640,2
6641,0
6642,3
6643,0
6644,2
6645,1
6646,2
6647,2
6648,2
6649,2
6650,3
6651,2
6652,2
6653,2
6654,0
6655,1
6656,1
6657,0
6658,1
6659,1
6660,1
6661,1
6662,1
6663,1
6664,1
6665,1
6666,0
6667,2
6668,2
6669,0
6670,2
6671,1
6672,2
6673,2
6674,3
6675,2
6676,3
6677,2
6678,0
6679,1
6680,3
6681,3
6682,3
6683,2
6684,1
6685,1
6686,0
6687,1
6688,1
6689,0
6690,1
6691,0
6692,0
6693,2
6694,3
6695,2
6696,0
6697,2
6698,2
6699,0
6700,2
6701,0
6702,0
6703,2
6704,2
6705,2
6706,0
6707,3
6708,0
6709,2
6710,2
6711,0
6712,2
6713,2
6714,2
6715,2
6716,2
6717,2
6718,2
6719,3
6720,2
6721,3
6722,2
6723,3
6724,0
6725,0
6726,2
6727,2
6728,2
6729,2
6730,2
6731,0
6732,0
6733,0
6734,1
6735,0
6736,2
6737,2
6738,2
6739,2
6740,2
6741,2
6742,3
6743,2
6744,0
6745,2
6746,2
6747,3
6748,2
6749,2
6750,3
6751,0
6752,0
6753,0
6754,0
6755,0
6756,3
6757,2
6758,2
6759,2
6760,2
6761,2
6762,0
6763,2
6764,0
6765,2
6766,1
6767,2
6768,2
6769,2
6770,2
6771,3
6772,2
6773,3
6774,2
6775,0
6776,0
6777,2
6778,0
6779,1
6780,1
6781,1
6782,0
6783,1
6784,1
6785,1
6786,1
6787,1
6788,1
6789,2
6790,1
6791,3
6792,3
6793,2
6794,2
6795,2
6796,2
6797,2
6798,2
6799,2
6800,2
6801,2
6802,0
6803,2
6804,2
6805,2
6806,2
6807,1
6808,2
6809,1
6810,2
6811,2
6812,2
6813,2
6814,2
6815,3
6816,2
6817,3
6818,2
6819,2
6820,3
6821,0
6822,0
6823,0
6824,2
6825,2
6826,2
6827,0
6828,2
6829,2
6830,0
6831,2
6832,2
6833,2
6834,2
6835,3
6836,2
6837,0
6838,0
6839,3
6840,2
6841,2
6842,2
6843,3
6844,2
6845,2
6846,2
6847,2
6848,2
6849,2
6850,0
6851,1
6852,0
6853,0
6854,2
6855,0
6856,0
6857,2
6858,2
6859,0
6860,2
6861,2
6862,0
6863,0
6864,3
6865,2
6866,2
6867,0
6868,2
6869,2
6870,2
6871,3
6872,0
6873,0
6874,0
6875,3
6876,3
6877,2
6878,2
6879,3
6880,2
6881,2
6882,2
6883,2
6884,0
6885,3
6886,3
6887,3
6888,2
6889,3
6890,3
6891,3
6892,0
6893,2
6894,2
6895,2
6896,0
6897,2
6898,2
6899,1
6900,2
6901,2
6902,0
6903,2
6904,2
6905,2
6906,2
6907,2
6908,2
6909,3
6910,3
6911,2
6912,2
6913,2
6914,2
6915,0
6916,2
6917,2
6918,3
6919,0
6920,0
6921,0
6922,3
6923,2
6924,3
6925,2
6926,0
6927,2
6928,0
6929,2
6930,2
6931,0
6932,3
6933,2
6934,2
6935,2
6936,2
6937,0
6938,3
6939,2
6940,1
6941,0
6942,0
6943,3
6944,0
6945,0
6946,0
6947,3
6948,0
6949,1
6950,2
6951,2
6952,2
6953,2
6954,0
6955,0
6956,2
6957,2
6958,2
6959,3
6960,3
6961,3
6962,2
6963,2
6964,2
6965,2
6966,3
6967,3
6968,2
6969,2
6970,2
6971,2
6972,3
6973,2
6974,2
6975,0
6976,2
6977,2
6978,2
6979,2
6980,2
6981,3
6982,3
6983,3
6984,2
6985,2
6986,2
6987,2
6988,2
6989,2
6990,2
6991,2
6992,2
6993,2
6994,2
6995,2
6996,2
6997,2
6998,2
6999,2
7000,2
7001,2
7002,2
7003,2
7004,0
7005,3
7006,2
7007,2
7008,2
7009,3
7010,2
7011,2
7012,2
7013,2
7014,2
7015,3
7016,2
7017,3
7018,0
7019,2
7020,3
7021,3
7022,3
7023,2
7024,0
7025,2
7026,2
7027,2
7028,2
7029,3
7030,0
7031,2
7032,0
7033,2
7034,2
7035,2
7036,2
7037,2
7038,0
7039,2
7040,3
7041,2
7042,2
7043,3
7044,2
7045,2
7046,2
7047,1
7048,2
7049,3
7050,0
7051,2
7052,1
7053,3
7054,0
7055,1
7056,2
7057,3
7058,3
7059,3
7060,3
7061,2
7062,2
7063,2
7064,2
7065,2
7066,2
7067,0
7068,3
7069,2
7070,2
7071,2
7072,2
7073,3
7074,1
7075,1
7076,2
7077,3
7078,2
7079,2
7080,2
7081,0
7082,2
7083,2
7084,2
7085,3
7086,2
7087,2
7088,2
7089,2
7090,2
7091,2
7092,0
7093,2
7094,2
7095,2
7096,2
7097,2
7098,2
7099,2
7100,2
7101,2
7102,2
7103,2
7104,2
7105,3
7106,2
7107,0
7108,2
7109,0
7110,0
7111,3
7112,3
7113,0
7114,0
7115,2
7116,2
7117,2
7118,0
7119,0
7120,3
7121,2
7122,2
7123,2
7124,0
7125,0
7126,0
7127,0
7128,3
7129,2
7130,2
7131,2
7132,2
7133,0
7134,2
7135,0
7136,2
7137,2
7138,2
7139,0
7140,3
7141,0
7142,2
7143,0
7144,0
7145,2
7146,2
7147,2
7148,2
7149,2
7150,2
7151,0
7152,2
7153,2
7154,0
7155,2
7156,2
7157,0
7158,3
7159,1
7160,1
7161,0
7162,1
7163,0
7164,1
7165,0
7166,3
7167,3
7168,2
7169,2
7170,3
7171,3
7172,3
7173,2
7174,3
7175,2
7176,1
7177,0
7178,2
7179,3
7180,0
7181,3
7182,0
7183,3
7184,3
7185,0
7186,0
7187,0
7188,0
7189,2
7190,2
7191,2
7192,2
7193,2
7194,2
7195,2
7196,2
7197,2
7198,3
7199,3
7200,3
7201,3
7202,3
7203,3
7204,3
7205,3
7206,3
7207,0
7208,0
7209,2
7210,0
7211,0
7212,3
7213,3
7214,3
7215,3
7216,3
7217,2
7218,3
7219,3
7220,2
7221,3
7222,0
7223,3
7224,2
7225,0
7226,0
7227,0
7228,0
7229,3
7230,3
7231,3
7232,3
7233,3
7234,0
7235,0
7236,2
7237,0
7238,3
7239,2
7240,0
7241,2
7242,0
7243,0
7244,3
7245,3
7246,0
7247,0
7248,2
7249,0
7250,3
7251,0
7252,2
7253,0
7254,0
7255,0
7256,2
7257,0
7258,0
7259,3
7260,3
7261,0
7262,0
7263,3
7264,3
7265,2
7266,3
7267,3
7268,3
7269,3
7270,3
7271,2
7272,3
7273,0
7274,3
7275,3
7276,0
7277,0
7278,3
7279,2
7280,2
7281,0
7282,0
7283,0
7284,0
7285,2
7286,2
7287,2
7288,3
7289,0
7290,2
7291,2
7292,0
7293,0
7294,0
7295,0
7296,3
7297,3
7298,0
7299,0
7300,3
7301,3
7302,3
7303,3
7304,3
7305,3
7306,3
7307,3
7308,0
7309,0
7310,0
7311,0
7312,2
7313,2
7314,0
7315,2
7316,3
7317,0
7318,2
7319,2
7320,2
7321,2
7322,2
7323,0
7324,3
7325,2
7326,3
7327,2
7328,3
7329,3
7330,3
7331,0
7332,2
7333,3
7334,3
7335,3
7336,3
7337,0
7338,0
7339,2
7340,0
7341,3
7342,0
7343,3
7344,3
7345,0
7346,2
7347,0
7348,2
7349,3
7350,3
7351,0
7352,2
7353,0
7354,2
7355,2
7356,3
7357,3
7358,3
7359,3
7360,3
7361,2
7362,2
7363,3
7364,0
7365,0
7366,0
7367,2
7368,0
7369,3
7370,0
7371,0
7372,2
7373,0
7374,0
7375,3
7376,0
7377,0
7378,2
7379,0
7380,1
7381,2
7382,2
7383,0
7384,3
7385,3
7386,3
7387,0
7388,3
7389,3
7390,0
7391,2
7392,3
7393,2
7394,0
7395,3
7396,3
7397,0
7398,1
7399,3
7400,3
7401,3
7402,0
7403,0
7404,3
7405,2
7406,2
7407,2
7408,3
7409,3
7410,2
7411,0
7412,3
7413,0
7414,0
7415,0
7416,0
7417,0
7418,0
7419,0
7420,0
7421,0
7422,3
7423,3
7424,3
7425,3
7426,0
7427,0
7428,0
7429,3
7430,0
7431,0
7432,0
7433,0
7434,2
7435,3
7436,3
7437,3
7438,2
7439,2
7440,2
7441,3
7442,2
7443,2
7444,2
7445,2
7446,2
7447,2
7448,0
7449,0
7450,0
7451,0
7452,3
7453,2
7454,3
7455,3
7456,2
7457,0
7458,2
7459,2
7460,2
7461,0
7462,0
7463,2
7464,2
7465,2
7466,2
7467,0
7468,2
7469,3
7470,2
7471,3
7472,3
7473,3
7474,0
7475,3
7476,2
7477,3
7478,3
7479,2
7480,2
7481,0
7482,2
7483,2
7484,0
7485,0
7486,0
7487,0
7488,2
7489,2
7490,2
7491,2
7492,0
7493,0
7494,3
7495,2
7496,2
7497,3
7498,2
7499,0
7500,3
7501,3
7502,3
7503,3
7504,2
7505,2
7506,2
7507,2
7508,2
7509,3
7510,3
7511,2
7512,0
7513,0
7514,3
7515,2
7516,1
7517,0
7518,2
7519,2
7520,3
7521,2
7522,2
7523,2
7524,3
7525,2
7526,2
7527,0
7528,2
7529,0
7530,0
7531,2
7532,2
7533,2
7534,2
7535,2
7536,2
7537,2
7538,2
7539,2
7540,3
7541,0
7542,0
7543,0
7544,3
7545,0
7546,2
7547,0
7548,3
7549,2
7550,3
7551,3
7552,3
7553,0
7554,3
7555,2
7556,2
7557,2
7558,2
7559,2
7560,3
7561,3
7562,0
7563,0
7564,3
7565,3
7566,3
7567,3
7568,3
7569,2
7570,2
7571,2
7572,2
7573,2
7574,2
7575,2
7576,2
7577,2
7578,3
7579,3
7580,2
7581,3
7582,3
7583,3
7584,2
7585,3
7586,2
7587,0
7588,2
7589,2
7590,2
7591,2
7592,2
7593,2
7594,2
7595,3
7596,0
7597,2
7598,2
7599,3
7600,3
7601,3
7602,3
7603,2
7604,3
7605,2
7606,2
7607,2
7608,3
7609,2
7610,1
7611,0
7612,3
7613,2
7614,3
7615,2
7616,0
7617,2
7618,2
7619,0
7620,2
7621,1
7622,2
7623,2
7624,2
7625,0
7626,2
7627,0
7628,0
7629,2
7630,0
7631,0
7632,0
7633,2
7634,0
7635,0
7636,2
7637,3
7638,2
7639,2
7640,2
7641,2
7642,2
7643,3
7644,2
7645,2
7646,2
7647,2
7648,3
7649,2
7650,3
7651,2
7652,2
7653,2
7654,2
7655,0
7656,2
7657,0
7658,2
7659,2
7660,2
7661,0
7662,2
7663,2
7664,2
7665,2
7666,2
7667,2
7668,3
7669,2
7670,3
7671,2
7672,2
7673,0
7674,2
7675,0
7676,3
7677,2
7678,2
7679,3
7680,2
7681,0
7682,0
7683,2
7684,3
7685,2
7686,2
7687,3
7688,2
7689,3
7690,0
7691,0
7692,2
7693,3
7694,0
7695,1
7696,2
7697,0
7698,0
7699,0
7700,0
7701,0
7702,0
7703,3
7704,0
7705,3
7706,3
7707,0
7708,0
7709,0
7710,1
7711,0
7712,2
7713,3
7714,0
7715,2
7716,2
7717,3
7718,0
7719,0
7720,0
7721,3
7722,3
7723,0
7724,2
7725,3
7726,3
7727,2
7728,3
7729,2
7730,3
7731,3
7732,2
7733,0
7734,3
7735,3
7736,3
7737,3
7738,2
7739,3
7740,3
7741,3
7742,3
7743,3
7744,2
7745,3
7746,3
7747,0
7748,3
7749,2
7750,2
7751,3
7752,3
7753,3
7754,3
7755,3
7756,3
7757,3
7758,2
7759,0
7760,2
7761,0
7762,2
7763,2
7764,3
7765,2
7766,1
7767,2
7768,2
7769,0
7770,0
7771,0
7772,3
7773,3
7774,0
7775,0
7776,0
7777,0
7778,3
7779,0
7780,0
7781,2
7782,3
7783,3
7784,2
7785,3
7786,0
7787,2
7788,2
7789,0
7790,1
7791,1
7792,3
7793,3
7794,3
7795,0
7796,0
7797,3
7798,3
7799,2
7800,3
7801,3
7802,3
7803,2
7804,0
7805,3
7806,0
7807,2
7808,3
7809,0
7810,3
7811,0
7812,2
7813,3
7814,2
7815,2
7816,0
7817,0
7818,0
7819,3
7820,3
7821,3
7822,0
7823,3
7824,3
7825,2
7826,3
7827,3
7828,2
7829,2
7830,2
7831,2
7832,2
7833,0
7834,3
7835,0
7836,3
7837,0
7838,2
7839,3
7840,3
7841,3
7842,3
7843,3
7844,3
7845,3
7846,3
7847,1
7848,3
7849,0
7850,3
7851,2
7852,0
7853,3
7854,3
7855,3
7856,3
7857,0
7858,0
7859,0
7860,0
7861,3
7862,3
7863,3
7864,3
7865,3
7866,3
7867,3
7868,3
7869,0
7870,0
7871,0
7872,0
7873,0
7874,0
7875,3
7876,0
7877,0
7878,0
7879,3
7880,2
7881,2
7882,2
7883,3
7884,3
7885,3
7886,3
7887,3
7888,3
7889,0
7890,2
7891,2
7892,2
7893,3
7894,3
7895,0
7896,3
7897,3
7898,2
7899,2
7900,3
7901,0
7902,3
7903,3
7904,3
7905,2
7906,3
7907,3
7908,3
7909,3
7910,3
7911,3
7912,3
7913,2
7914,2
7915,0
7916,1
7917,0
7918,2
7919,2
7920,2
7921,2
7922,3
7923,2
7924,3
7925,3
7926,3
7927,0
7928,0
7929,3
7930,3
7931,2
7932,2
7933,2
7934,2
7935,1
7936,0
7937,0
7938,2
7939,2
7940,3
7941,2
7942,3
7943,0
7944,2
7945,2
7946,1
7947,2
7948,2
7949,2
7950,2
7951,2
7952,0
7953,3
7954,3
7955,1
7956,2
7957,2
7958,3
7959,3
7960,0
7961,3
7962,3
7963,3
7964,3
7965,1
7966,2
7967,3
7968,3
7969,3
7970,3
7971,2
7972,0
7973,0
7974,3
7975,0
7976,3
7977,1
7978,3
7979,1
7980,2
7981,3
7982,2
7983,2
7984,0
7985,0
7986,0
7987,2
7988,2
7989,0
7990,0
7991,0
7992,3
7993,3
7994,0
7995,0
7996,0
7997,3
7998,0
7999,3
8000,0
8001,3
8002,2
8003,3
8004,2
8005,3
8006,3
8007,2
8008,2
8009,3
8010,3
8011,3
8012,2
8013,3
8014,0
8015,3
8016,3
8017,2
8018,3
8019,3
8020,3
8021,3
8022,3
8023,2
8024,1
8025,1
8026,3
8027,3
8028,3
8029,3
8030,3
8031,3
8032,3
8033,0
8034,3
8035,0
8036,2
8037,3
8038,3
8039,0
8040,2
8041,0
8042,3
8043,0
8044,0
8045,2
8046,0
8047,0
8048,0
8049,3
8050,3
8051,3
8052,3
8053,3
8054,2
8055,0
8056,0
8057,0
8058,2
8059,3
8060,0
8061,0
8062,0
8063,3
8064,3
8065,3
8066,3
8067,3
8068,0
8069,3
8070,3
8071,3
8072,3
8073,2
8074,0
8075,2
8076,2
8077,3
8078,3
8079,3
8080,3
8081,0
8082,3
8083,0
8084,3
8085,0
8086,0
8087,2
8088,3
8089,3
8090,0
8091,3
8092,1
8093,2
8094,1
8095,2
8096,3
8097,0
8098,0
8099,0
8100,0
8101,0
8102,1
8103,1
8104,3
8105,0
8106,2
8107,3
8108,0
8109,2
8110,2
8111,2
8112,0
8113,2
8114,3
8115,0
8116,0
8117,0
8118,0
8119,0
8120,1
8121,0
8122,1
8123,2
8124,3
8125,0
8126,0
8127,0
8128,0
8129,1
8130,3
8131,2
8132,2
8133,2
8134,3
8135,2
8136,2
8137,0
8138,0
8139,3
8140,2
8141,1
8142,0
8143,2
8144,2
8145,2
8146,0
8147,2
8148,2
8149,2
8150,2
8151,2
8152,2
8153,2
8154,2
8155,3
8156,3
8157,2
8158,2
8159,2
8160,2
8161,0
8162,2
8163,2
8164,2
8165,3
8166,3
8167,3
8168,3
8169,3
8170,2
8171,0
8172,0
8173,0
8174,0
8175,0
8176,3
8177,0
8178,2
8179,2
8180,2
8181,3
8182,2
8183,1
8184,2
8185,2
8186,2
8187,1
8188,2
8189,2
8190,3
8191,2
8192,2
8193,2
8194,2
8195,2
8196,2
8197,3
8198,1
8199,2
8200,0
8201,2
8202,0
8203,2
8204,2
8205,1
8206,0
8207,2
8208,2
8209,1
8210,2
8211,1
8212,3
8213,2
8214,2
8215,1
8216,2
8217,2
8218,3
8219,3
8220,2
8221,2
8222,2
8223,3
8224,3
8225,1
8226,3
8227,2
8228,2
8229,3
8230,3
8231,2
8232,1
8233,2
8234,2
8235,2
8236,0
8237,2
8238,0
8239,2
8240,2
8241,1
8242,0
8243,0
8244,2
8245,2
8246,0
8247,2
8248,2
8249,0
8250,0
8251,3
8252,3
8253,2
8254,2
8255,2
8256,3
8257,2
8258,2
8259,2
8260,2
8261,3
8262,2
8263,0
8264,2
8265,1
8266,2
8267,0
8268,0
8269,0
8270,0
8271,0
8272,0
8273,0
8274,0
8275,0
8276,3
8277,2
8278,2
8279,2
8280,2
8281,0
8282,0
8283,0
8284,0
8285,0
8286,3
8287,2
8288,3
8289,3
8290,3
8291,3
8292,0
8293,2
8294,2
8295,3
8296,2
8297,3
8298,3
8299,2
8300,2
8301,2
8302,3
8303,3
8304,2
8305,2
8306,3
8307,3
8308,0
8309,2
8310,3
8311,2
8312,0
8313,3
8314,2
8315,2
8316,2
8317,2
8318,2
8319,2
8320,0
8321,2
8322,2
8323,2
8324,0
8325,2
8326,2
8327,0
8328,3
8329,3
8330,3
8331,2
8332,2
8333,3
8334,2
8335,2
8336,2
8337,3
8338,3
8339,2
8340,3
8341,2
8342,3
8343,3
8344,0
8345,0
8346,2
8347,0
8348,2
8349,0
8350,3
8351,2
8352,0
8353,2
8354,3
8355,3
8356,3
8357,3
8358,3
8359,3
8360,3
8361,2
8362,0
8363,0
8364,0
8365,2
8366,3
8367,2
8368,0
8369,0
8370,0
8371,2
8372,3
8373,2
8374,0
8375,2
8376,3
8377,2
8378,0
8379,3
8380,0
8381,2
8382,0
8383,0
8384,3
8385,2
8386,0
8387,0
8388,2
8389,2
8390,3
8391,0
8392,2
8393,2
8394,3
8395,3
8396,3
8397,2
8398,3
8399,2
8400,0
8401,0
8402,0
8403,0
8404,0
8405,0
8406,3
8407,0
8408,0
8409,0
8410,0
8411,0
8412,2
8413,2
8414,2
8415,3
8416,0
8417,0
8418,2
8419,3
8420,2
8421,2
8422,1
8423,3
8424,3
8425,3
8426,3
8427,0
8428,1
8429,1
8430,3
8431,2
8432,3
8433,3
8434,3
8435,0
8436,0
8437,3
8438,2
8439,2
8440,2
8441,3
8442,0
8443,0
8444,3
8445,2
8446,0
8447,0
8448,0
8449,1
8450,1
8451,1
8452,2
8453,2
8454,0
8455,0
8456,2
8457,3
8458,3
8459,2
8460,2
8461,0
8462,3
8463,2
8464,2
8465,2
8466,2
8467,0
8468,3
8469,0
8470,2
8471,2
8472,3
8473,2
8474,0
8475,0
8476,3
8477,0
8478,2
8479,3
8480,3
8481,0
8482,2
8483,2
8484,2
8485,3
8486,2
8487,2
8488,3
8489,2
8490,2
8491,3
8492,3
8493,0
8494,2
8495,3
8496,0
8497,3
8498,3
8499,2
8500,0
8501,2
8502,0
8503,2
8504,0
8505,0
8506,2
8507,3
8508,2
8509,2
8510,3
8511,3
8512,3
8513,3
8514,0
8515,3
8516,3
8517,0
8518,3
8519,3
8520,1
8521,1
8522,2
8523,1
8524,3
8525,3
8526,3
8527,3
8528,2
8529,3
8530,0
8531,0
8532,0
8533,3
8534,0
8535,0
8536,3
8537,0
8538,0
8539,2
8540,2
8541,0
8542,0
8543,2
8544,3
8545,2
8546,0
8547,3
8548,3
8549,3
8550,3
8551,2
8552,3
8553,0
8554,0
8555,2
8556,2
8557,3
8558,2
8559,0
8560,0
8561,2
8562,3
8563,2
8564,2
8565,2
8566,2
8567,2
8568,3
8569,0
8570,3
8571,2
8572,0
8573,3
8574,3
8575,2
8576,3
8577,3
8578,3
8579,0
8580,3
8581,3
8582,3
8583,0
8584,0
8585,0
8586,3
8587,0
8588,2
8589,0
8590,0
8591,0
8592,3
8593,3
8594,3
8595,3
8596,3
8597,0
8598,2
8599,3
8600,0
8601,2
8602,0
8603,0
8604,3
8605,3
8606,3
8607,3
8608,3
8609,3
8610,0
8611,2
8612,3
8613,1
8614,3
8615,3
8616,2
8617,3
8618,0
8619,0
8620,3
8621,3
8622,0
8623,0
8624,0
8625,0
8626,0
8627,0
8628,1
8629,3
8630,3
8631,0
8632,2
8633,0
8634,3
8635,3
8636,2
8637,2
8638,3
8639,2
8640,3
8641,3
8642,3
8643,1
8644,2
8645,3
8646,3
8647,2
8648,2
8649,3
8650,2
8651,0
8652,2
8653,2
8654,2
8655,3
8656,0
8657,0
8658,3
8659,3
8660,3
8661,2
8662,0
8663,3
8664,0
8665,0
8666,0
8667,1
8668,0
8669,0
8670,0
8671,3
8672,3
8673,3
8674,3
8675,0
8676,3
8677,3
8678,2
8679,3
8680,3
8681,3
8682,3
8683,1
8684,0
8685,0
8686,0
8687,0
8688,0
8689,0
8690,0
8691,0
8692,2
8693,2
8694,0
8695,2
8696,0
8697,2
8698,0
8699,3
8700,0
8701,0
8702,0
8703,3
8704,0
8705,3
8706,0
8707,0
8708,3
8709,3
8710,0
8711,3
8712,2
8713,3
8714,0
8715,0
8716,0
8717,2
8718,2
8719,0
8720,3
8721,3
8722,2
8723,3
8724,3
8725,3
8726,2
8727,0
8728,2
8729,0
8730,2
8731,3
8732,3
8733,0
8734,2
8735,3
8736,3
8737,2
8738,3
8739,3
8740,2
8741,3
8742,3
8743,2
8744,2
8745,0
8746,2
8747,3
8748,1
8749,1
8750,0
8751,2
8752,0
8753,3
8754,3
8755,0
8756,2
8757,3
8758,0
8759,3
8760,3
8761,0
8762,0
8763,2
8764,0
8765,3
8766,2
8767,3
8768,3
8769,0
8770,2
8771,2
8772,1
8773,2
8774,3
8775,3
8776,1
8777,3
8778,3
8779,3
8780,3
8781,0
8782,2
8783,3
8784,2
8785,3
8786,3
8787,2
8788,1
8789,0
8790,3
8791,2
8792,3
8793,2
8794,2
8795,3
8796,3
8797,0
8798,2
8799,3
8800,3
8801,2
8802,2
8803,3
8804,3
8805,3
8806,3
8807,2
8808,2
8809,2
8810,2
8811,0
8812,2
8813,2
8814,0
8815,2
8816,3
8817,2
8818,3
8819,2
8820,2
8821,0
8822,2
8823,2
8824,2
8825,2
8826,3
8827,3
8828,3
8829,2
8830,2
8831,2
8832,3
8833,3
8834,2
8835,3
8836,2
8837,3
8838,3
8839,2
8840,3
8841,3
8842,3
8843,0
8844,0
8845,2
8846,2
8847,2
8848,2
8849,2
8850,0
8851,2
8852,2
8853,0
8854,3
8855,2
8856,2
8857,3
8858,3
8859,3
8860,3
8861,3
8862,2
8863,2
8864,2
8865,3
8866,2
8867,2
8868,2
8869,2
8870,3
8871,2
8872,0
8873,0
8874,0
8875,0
8876,2
8877,2
8878,2
8879,2
8880,2
8881,2
8882,2
8883,2
8884,2
8885,0
8886,2
8887,2
8888,2
8889,0
8890,2
8891,3
8892,0
8893,3
8894,2
8895,2
8896,3
8897,3
8898,3
8899,3
8900,0
8901,0
8902,3
8903,3
8904,2
8905,0
8906,1
8907,2
8908,3
8909,2
8910,3
8911,3
8912,2
8913,0
8914,2
8915,3
8916,2
8917,3
8918,2
8919,2
8920,2
8921,2
8922,2
8923,3
8924,2
8925,2
8926,3
8927,0
8928,0
8929,0
8930,3
8931,0
8932,3
8933,0
8934,2
8935,3
8936,3
8937,2
8938,3
8939,2
8940,2
8941,0
8942,2
8943,0
8944,3
8945,2
8946,3
8947,3
8948,2
8949,0
8950,0
8951,2
8952,0
8953,2
8954,2
8955,2
8956,0
8957,0
8958,3
8959,0
8960,0
8961,2
8962,3
8963,2
8964,2
8965,2
8966,2
8967,3
8968,3
8969,2
8970,3
8971,2
8972,2
8973,2
8974,2
8975,3
8976,3
8977,3
8978,3
8979,2
8980,2
8981,2
8982,2
8983,3
8984,3
8985,2
8986,1
8987,1
8988,2
8989,3
8990,2
8991,0
8992,3
8993,3
8994,3
8995,3
8996,2
8997,2
8998,2
8999,2
9000,2
9001,2
9002,2
9003,2
9004,2
9005,2
9006,2
9007,2
9008,2
9009,2
9010,2
9011,3
9012,1
9013,1
9014,2
9015,2
9016,2
9017,3
9018,0
9019,0
9020,2
9021,2
9022,2
9023,2
9024,0
9025,3
9026,2
9027,3
9028,1
9029,2
9030,2
9031,0
9032,2
9033,2
9034,2
9035,0
9036,2
9037,0
9038,3
9039,2
9040,2
9041,2
9042,2
9043,2
9044,0
9045,1
9046,2
9047,0
9048,0
9049,2
9050,2
9051,2
9052,2
9053,3
9054,2
9055,1
9056,2
9057,2
9058,2
9059,2
9060,2
9061,2
9062,3
9063,0
9064,0
9065,3
9066,0
9067,2
9068,2
9069,3
9070,0
9071,0
9072,1
9073,3
9074,2
9075,2
9076,3
9077,2
9078,2
9079,0
9080,3
9081,3
9082,2
9083,2
9084,0
9085,3
9086,1
9087,3
9088,3
9089,2
9090,0
9091,0
9092,2
9093,2
9094,0
9095,0
9096,0
9097,2
9098,3
9099,0
9100,0
9101,0
9102,0
9103,0
9104,3
9105,3
9106,3
9107,3
9108,2
9109,2
9110,2
9111,2
9112,2
9113,3
9114,0
9115,3
9116,2
9117,3
9118,2
9119,0
9120,2
9121,2
9122,2
9123,2
9124,2
9125,0
9126,3
9127,2
9128,3
9129,3
9130,3
9131,2
9132,0
9133,0
9134,2
9135,2
9136,0
9137,2
9138,3
9139,2
9140,3
9141,3
9142,3
9143,2
9144,2
9145,1
9146,1
9147,2
9148,0
9149,0
9150,0
9151,2
9152,2
9153,2
9154,3
9155,2
9156,0
9157,3
9158,2
9159,2
9160,2
9161,2
9162,2
9163,0
9164,3
9165,2
9166,3
9167,3
9168,2
9169,3
9170,2
9171,2
9172,3
9173,2
9174,3
9175,2
9176,2
9177,2
9178,0
9179,3
9180,0
9181,3
9182,3
9183,2
9184,3
9185,0
9186,0
9187,2
9188,2
9189,2
9190,0
9191,0
9192,2
9193,3
9194,2
9195,2
9196,2
9197,2
9198,3
9199,3
9200,3
9201,2
9202,2
9203,0
9204,0
9205,0
9206,0
9207,3
9208,0
9209,3
9210,3
9211,0
9212,2
9213,2
9214,2
9215,2
9216,2
9217,0
9218,3
9219,2
9220,2
9221,3
9222,0
9223,0
9224,0
9225,2
9226,0
9227,0
9228,2
9229,2
9230,2
9231,2
9232,2
9233,2
9234,0
9235,2
9236,2
9237,2
9238,3
9239,2
9240,2
9241,3
9242,2
9243,2
9244,3
9245,2
9246,2
9247,2
9248,2
9249,2
9250,3
9251,0
9252,2
9253,2
9254,2
9255,2
9256,2
9257,3
9258,0
9259,3
9260,0
9261,2
9262,0
9263,3
9264,0
9265,2
9266,2
9267,2
9268,2
9269,3
9270,3
9271,1
9272,2
9273,3
9274,2
9275,3
9276,0
9277,0
9278,2
9279,2
9280,2
9281,0
9282,2
9283,2
9284,2
9285,0
9286,0
9287,0
9288,1
9289,1
9290,1
9291,1
9292,1
9293,1
9294,1
9295,1
9296,0
9297,1
9298,1
9299,1
9300,0
9301,2
9302,1
9303,3
9304,2
9305,3
9306,2
9307,2
9308,2
9309,2
9310,0
9311,2
9312,1
9313,2
9314,3
9315,3
9316,3
9317,3
9318,0
9319,3
9320,1
9321,0
9322,0
9323,1
9324,1
9325,1
9326,1
9327,2
9328,0
9329,2
9330,2
9331,2
9332,2
9333,3
9334,2
9335,2
9336,2
9337,3
9338,2
9339,0
9340,0
9341,2
9342,2
9343,2
9344,2
9345,0
9346,2
9347,2
9348,2
9349,2
9350,3
9351,2
9352,2
9353,2
9354,2
9355,1
9356,1
9357,1
9358,0
9359,1
9360,0
9361,1
9362,1
9363,1
9364,1
9365,1
9366,1
9367,1
9368,1
9369,1
9370,1
9371,1
9372,2
9373,1
9374,1
9375,2
9376,0
9377,2
9378,1
9379,2
9380,2
9381,2
9382,3
9383,3
9384,0
9385,3
9386,0
9387,0
9388,0
9389,2
9390,3
9391,0
9392,2
9393,2
9394,2
9395,2
9396,2
9397,2
9398,2
9399,0
9400,0
9401,0
9402,2
9403,2
9404,1
9405,1
9406,3
9407,0
9408,0
9409,0
9410,2
9411,2
9412,2
9413,2
9414,0
9415,2
9416,2
9417,2
9418,2
9419,3
9420,2
9421,2
9422,0
9423,2
9424,2
9425,0
9426,0
9427,0
9428,2
9429,3
9430,3
9431,2
9432,3
9433,2
9434,3
9435,2
9436,2
9437,2
9438,2
9439,2
9440,3
9441,3
9442,2
9443,3
9444,3
9445,3
9446,0
9447,2
9448,2
9449,2
9450,3
9451,2
9452,2
9453,3
9454,2
9455,2
9456,3
9457,3
9458,2
9459,3
9460,2
9461,3
9462,2
9463,2
9464,2
9465,2
9466,3
9467,2
9468,3
9469,2
9470,2
9471,0
9472,0
9473,2
9474,2
9475,2
9476,0
9477,0
9478,0
9479,2
9480,0
9481,3
9482,3
9483,3
9484,3
9485,3
9486,3
9487,2
9488,3
9489,3
9490,2
9491,3
9492,2
9493,2
9494,0
9495,2
9496,2
9497,0
9498,0
9499,0
9500,0
9501,2
9502,2
9503,3
9504,3
9505,2
9506,2
9507,2
9508,3
9509,3
9510,2
9511,2
9512,0
9513,3
9514,2
9515,0
9516,2
9517,2
9518,2
9519,2
9520,2
9521,2
9522,2
9523,2
9524,3
9525,0
9526,2
9527,2
9528,2
9529,0
9530,1
9531,2
9532,2
9533,3
9534,1
9535,3
9536,2
9537,2
9538,1
9539,1
9540,2
9541,3
9542,3
9543,3
9544,3
9545,3
9546,2
9547,3
9548,3
9549,3
9550,2
9551,3
9552,2
9553,2
9554,3
9555,0
9556,2
9557,2
9558,0
9559,3
9560,3
9561,0
9562,3
9563,3
9564,2
9565,0
9566,0
9567,2
9568,2
9569,2
9570,2
9571,3
9572,3
9573,3
9574,3
9575,2
9576,3
9577,3
9578,2
9579,1
9580,1
9581,1
9582,1
9583,3
9584,1
9585,1
9586,3
9587,1
9588,3
9589,1
9590,1
9591,1
9592,3
9593,2
9594,0
9595,1
9596,0
9597,0
9598,3
9599,1
9600,1
9601,3
9602,1
9603,1
9604,1
9605,3
9606,2
9607,3
9608,3
9609,2
9610,2
9611,2
9612,2
9613,3
9614,2
9615,1
9616,2
9617,1
9618,2
9619,0
9620,2
9621,2
9622,2
9623,2
9624,2
9625,0
9626,3
9627,3
9628,0
9629,3
9630,3
9631,2
9632,2
9633,1
9634,2
9635,3
9636,2
9637,2
9638,0
9639,2
9640,2
9641,2
9642,2
9643,3
9644,3
9645,2
9646,2
9647,3
9648,0
9649,0
9650,0
9651,0
9652,2
9653,2
9654,3
9655,3
9656,3
9657,3
9658,3
9659,2
9660,2
9661,2
9662,2
9663,3
9664,3
9665,0
9666,2
9667,2
9668,3
9669,2
9670,2
9671,2
9672,3
9673,2
9674,2
9675,2
9676,1
9677,2
9678,0
9679,0
9680,3
9681,2
9682,0
9683,2
9684,3
9685,2
9686,1
9687,2
9688,2
9689,3
9690,3
9691,0
9692,0
9693,2
9694,0
9695,2
9696,2
9697,2
9698,2
9699,2
9700,3
9701,2
9702,3
9703,0
9704,2
9705,0
9706,2
9707,3
9708,2
9709,2
9710,2
9711,2
9712,2
9713,3
9714,0
9715,3
9716,2
9717,2
9718,3
9719,0
9720,0
9721,2
9722,0
9723,2
9724,0
9725,2
9726,3
9727,3
9728,1
9729,1
9730,1
9731,2
9732,2
9733,2
9734,2
9735,3
9736,2
9737,0
9738,2
9739,1
9740,1
9741,0
9742,0
9743,1
9744,1
9745,1
9746,1
9747,2
9748,2
9749,2
9750,2
9751,2
9752,2
9753,2
9754,2
9755,3
9756,2
9757,1
9758,2
9759,3
9760,0
9761,3
9762,0
9763,2
9764,0
9765,3
9766,3
9767,2
9768,2
9769,0
9770,2
9771,2
9772,3
9773,3
9774,3
9775,2
9776,1
9777,2
9778,2
9779,3
9780,2
9781,3
9782,2
9783,2
9784,0
9785,2
9786,2
9787,3
9788,2
9789,2
9790,2
9791,2
9792,2
9793,2
9794,2
9795,0
9796,2
9797,2
9798,2
9799,3
9800,2
9801,2
9802,2
9803,2
9804,3
9805,2
9806,2
9807,3
9808,3
9809,0
9810,2
9811,3
9812,2
9813,2
9814,3
9815,3
9816,2
9817,3
9818,2
9819,2
9820,2
9821,2
9822,2
9823,2
9824,2
9825,2
9826,2
9827,2
9828,2
9829,3
9830,3
9831,2
9832,2
9833,2
9834,2
9835,0
9836,2
9837,2
9838,3
9839,2
9840,2
9841,3
9842,3
9843,3
9844,3
9845,3
9846,2
9847,2
9848,2
9849,2
9850,0
9851,2
9852,2
9853,2
9854,0
9855,3
9856,3
9857,3
9858,3
9859,3
9860,0
9861,3
9862,2
9863,3
9864,2
9865,2
9866,3
9867,3
9868,3
9869,3
9870,2
9871,3
9872,2
9873,2
9874,3
9875,2
9876,2
9877,0
9878,3
9879,3
9880,2
9881,2
9882,2
9883,3
9884,3
9885,0
9886,3
9887,2
9888,3
9889,3
9890,3
9891,2
9892,3
9893,3
9894,2
9895,0
9896,3
9897,2
9898,3
9899,3
9900,3
9901,2
9902,3
9903,0
9904,0
9905,3
9906,0
9907,3
9908,3
9909,0
9910,3
9911,3
9912,3
9913,3
9914,3
9915,3
9916,3
9917,2
9918,3
9919,3
9920,3
9921,0
9922,3
9923,3
9924,2
9925,3
9926,3
9927,3
9928,3
9929,3
9930,3
9931,3
9932,0
9933,3
9934,3
9935,3
9936,3
9937,2
9938,3
9939,0
9940,0
9941,0
9942,0
9943,0
9944,3
9945,0
9946,2
9947,0
9948,3
9949,2
9950,2
9951,0
9952,0
9953,3
9954,3
9955,3
9956,3
9957,3
9958,3
9959,2
9960,3
9961,3
9962,3
9963,3
9964,0
9965,0
9966,0
9967,0
9968,3
9969,0
9970,0
9971,3
9972,3
9973,2
9974,0
9975,3
9976,3
9977,3
9978,0
9979,3
9980,0
9981,0
9982,0
9983,3
9984,3
9985,2
9986,0
9987,0
9988,0
9989,3
9990,3
9991,3
9992,3
9993,3
9994,0
9995,3
9996,2
9997,3
9998,3
9999,3
10000,2
10001,2
10002,3
10003,2
10004,3
10005,3
10006,3
10007,3
10008,3
10009,2
10010,3
10011,3
10012,2
10013,0
10014,2
10015,0
10016,2
10017,2
10018,3
10019,0
10020,3
10021,3
10022,2
10023,3
10024,2
10025,3
10026,3
10027,3
10028,3
10029,3
10030,3
10031,3
10032,3
10033,3
10034,3
10035,3
10036,3
10037,3
10038,3
10039,3
10040,0
10041,0
10042,0
10043,0
10044,1
10045,2
10046,0
10047,0
10048,0
10049,3
10050,0
10051,3
10052,2
10053,3
10054,2
10055,0
10056,3
10057,3
10058,3
10059,3
10060,3
10061,3
10062,3
10063,2
10064,3
10065,2
10066,3
10067,3
10068,0
10069,2
10070,2
10071,3
10072,0
10073,3
10074,3
10075,3
10076,3
10077,2
10078,2
10079,0
10080,0
10081,3
10082,3
10083,2
10084,3
10085,0
10086,0
10087,0
10088,3
10089,3
10090,0
10091,0
10092,3
10093,3
10094,2
10095,3
10096,0
10097,0
10098,3
10099,0
10100,3
10101,3
10102,3
10103,3
10104,2
10105,3
10106,3
10107,2
10108,3
10109,2
10110,3
10111,3
10112,2
10113,2
10114,2
10115,2
10116,0
10117,0
10118,2
10119,3
10120,2
10121,2
10122,3
10123,3
10124,0
10125,3
10126,0
10127,0
10128,3
10129,0
10130,3
10131,3
10132,3
10133,3
10134,0
10135,3
10136,2
10137,0
10138,3
10139,2
10140,2
10141,2
10142,3
10143,0
10144,3
10145,0
10146,3
10147,2
10148,3
10149,3
10150,3
10151,2
10152,0
10153,3
10154,2
10155,2
10156,3
10157,3
10158,2
10159,2
10160,2
10161,2
10162,2
10163,3
10164,3
10165,0
10166,0
10167,3
10168,0
10169,0
10170,2
10171,0
10172,3
10173,3
10174,0
10175,2
10176,2
10177,3
10178,3
10179,2
10180,3
10181,3
10182,3
10183,2
10184,3
10185,2
10186,3
10187,3
10188,3
10189,3
10190,3
10191,3
10192,0
10193,3
10194,0
10195,2
10196,2
10197,2
10198,2
10199,3
10200,0
10201,3
10202,3
10203,1
10204,0
10205,0
10206,0
10207,0
10208,0
10209,2
10210,2
10211,2
10212,2
10213,2
10214,3
10215,3
10216,3
10217,3
10218,3
10219,0
10220,3
10221,0
10222,0
10223,3
10224,0
10225,0
10226,3
10227,3
10228,3
10229,3
10230,2
10231,0
10232,0
10233,0
10234,0
10235,3
10236,0
10237,0
10238,2
10239,0
10240,0
10241,0
10242,2
10243,3
10244,0
10245,3
10246,0
10247,2
10248,2
10249,2
10250,2
10251,3
10252,2
10253,2
10254,0
10255,0
10256,2
10257,0
10258,0
10259,0
10260,0
10261,0
10262,0
10263,0
10264,3
10265,3
10266,0
10267,1
10268,3
10269,3
10270,0
10271,0
10272,0
10273,0
10274,2
10275,3
10276,3
10277,3
10278,0
10279,2
10280,3
10281,0
10282,0
10283,0
10284,0
10285,0
10286,0
10287,0
10288,2
10289,0
10290,0
10291,3
10292,2
10293,2
10294,0
10295,2
10296,2
10297,2
10298,3
10299,3
10300,3
10301,0
10302,0
10303,0
10304,0
10305,0
10306,2
10307,0
10308,0
10309,0
10310,0
10311,0
10312,0
10313,0
10314,0
10315,0
10316,3
10317,3
10318,3
10319,3
10320,3
10321,2
10322,2
10323,2
10324,0
10325,3
10326,2
10327,0
10328,0
10329,3
10330,2
10331,3
10332,3
10333,3
10334,2
10335,2
10336,3
10337,3
10338,3
10339,3
10340,0
10341,3
10342,3
10343,3
10344,3
10345,3
10346,3
10347,3
10348,3
10349,3
10350,0
10351,2
10352,3
10353,3
10354,0
10355,2
10356,3
10357,2
10358,3
10359,3
10360,3
10361,2
10362,0
10363,0
10364,2
10365,3
10366,3
10367,2
10368,2
10369,2
10370,2
10371,3
10372,2
10373,3
10374,2
10375,2
10376,2
10377,2
10378,2
10379,3
10380,3
10381,2
10382,2
10383,2
10384,1
10385,1
10386,0
10387,2
10388,2
10389,0
10390,3
10391,3
10392,3
10393,2
10394,2
10395,1
10396,1
10397,1
10398,1
10399,2
10400,2
10401,3
10402,2
10403,2
10404,3
10405,3
10406,3
10407,2
10408,2
10409,1
10410,1
10411,1
10412,0
10413,0
10414,1
10415,2
10416,2
10417,2
10418,2
10419,2
10420,2
10421,0
10422,2
10423,3
10424,3
10425,3
10426,3
10427,3
10428,3
10429,2
10430,3
10431,2
10432,2
10433,2
10434,1
10435,1
10436,1
10437,1
10438,1
10439,1
10440,1
10441,1
10442,1
10443,3
10444,2
10445,0
10446,2
10447,0
10448,2
10449,2
10450,2
10451,0
10452,1
10453,1
10454,2
10455,3
10456,2
10457,2
10458,2
10459,2
10460,2
10461,2
10462,2
10463,0
10464,2
10465,2
10466,3
10467,2
10468,2
10469,2
10470,2
10471,2
10472,1
10473,2
10474,2
10475,2
10476,3
10477,3
10478,3
10479,2
10480,2
10481,2
10482,0
10483,0
10484,2
10485,2
10486,2
10487,3
10488,3
10489,3
10490,3
10491,2
10492,2
10493,2
10494,2
10495,3
10496,2
10497,2
10498,0
10499,0
10500,2
10501,2
10502,2
10503,2
10504,2
10505,2
10506,3
10507,2
10508,2
10509,3
10510,3
10511,2
10512,0
10513,3
10514,2
10515,2
10516,2
10517,3
10518,3
10519,3
10520,3
10521,0
10522,3
10523,3
10524,2
10525,2
10526,2
10527,2
10528,2
10529,3
10530,3
10531,3
10532,1
10533,0
10534,0
10535,2
10536,2
10537,3
10538,0
10539,0
10540,0
10541,2
10542,1
10543,1
10544,0
10545,2
10546,2
10547,2
10548,2
10549,0
10550,2
10551,0
10552,0
10553,0
10554,2
10555,2
10556,2
10557,0
10558,0
10559,0
10560,0
10561,0
10562,2
10563,0
10564,3
10565,1
10566,1
10567,1
10568,1
10569,1
10570,3
10571,2
10572,2
10573,2
10574,2
10575,1
10576,0
10577,2
10578,3
10579,2
10580,3
10581,2
10582,0
10583,0
10584,3
10585,0
10586,2
10587,2
10588,0
10589,1
10590,3
10591,2
10592,2
10593,2
10594,0
10595,1
10596,1
10597,1
10598,1
10599,3
10600,3
10601,2
10602,2
10603,2
10604,2
10605,2
10606,2
10607,0
10608,0
10609,3
10610,3
10611,2
10612,3
10613,2
10614,3
10615,2
10616,2
10617,3
10618,2
10619,2
10620,1
10621,0
10622,2
10623,0
10624,0
10625,0
10626,2
10627,1
10628,2
10629,2
10630,0
10631,2
10632,2
10633,2
10634,2
10635,3
10636,3
10637,0
10638,3
10639,2
10640,2
10641,2
10642,0
10643,0
10644,2
10645,0
10646,2
10647,2
10648,2
10649,2
10650,3
10651,3
10652,2
10653,2
10654,2
10655,2
10656,2
10657,2
10658,0
10659,2
10660,2
10661,3
10662,2
10663,2
10664,2
10665,2
10666,2
10667,2
10668,3
10669,0
10670,0
10671,2
10672,3
10673,3
10674,0
10675,3
10676,2
10677,2
10678,2
10679,3
10680,1
10681,1
10682,0
10683,2
10684,0
10685,3
10686,2
10687,0
10688,2
10689,2
10690,3
10691,3
10692,2
10693,2
10694,0
10695,2
10696,2
10697,2
10698,2
10699,2
10700,2
10701,2
10702,2
10703,2
10704,2
10705,2
10706,3
10707,3
10708,2
10709,3
10710,0
10711,2
10712,2
10713,3
10714,2
10715,3
10716,2
10717,2
10718,2
10719,0
10720,0
10721,0
10722,0
10723,3
10724,2
10725,2
10726,0
10727,3
10728,0
10729,1
10730,1
10731,2
10732,2
10733,2
10734,1
10735,3
10736,3
10737,3
10738,1
10739,1
10740,0
10741,1
10742,3
10743,3
10744,2
10745,2
10746,3
10747,3
10748,2
10749,0
10750,0
10751,0
10752,2
10753,2
10754,0
10755,2
10756,3
10757,3
10758,2
10759,3
10760,0
10761,3
10762,2
10763,3
10764,3
10765,3
10766,1
10767,2
10768,2
10769,2
10770,3
10771,2
10772,2
10773,3
10774,3
10775,2
10776,2
10777,3
10778,2
10779,0
10780,2
10781,2
10782,3
10783,2
10784,2
10785,2
10786,2
10787,2
10788,3
10789,0
10790,0
10791,2
10792,2
10793,3
10794,2
10795,3
10796,1
10797,0
10798,1
10799,1
10800,0
10801,0
10802,1
10803,0
10804,0
10805,0
10806,0
10807,3
10808,0
10809,1
10810,1
10811,0
10812,0
10813,0
10814,2
10815,0
10816,1
10817,0
10818,1
10819,1
10820,1
10821,1
10822,0
10823,1
10824,1
10825,3
10826,2
10827,0
10828,3
10829,2
10830,3
10831,3
10832,3
10833,0
10834,0
10835,2
10836,2
10837,0
10838,0
10839,0
10840,1
10841,0
10842,3
10843,3
10844,2
10845,0
10846,0
10847,2
10848,2
10849,2
10850,2
10851,2
10852,2
10853,3
10854,2
10855,2
10856,2
10857,0
10858,3
10859,0
10860,0
10861,0
10862,0
10863,0
10864,0
10865,2
10866,2
10867,2
10868,2
10869,3
10870,2
10871,2
10872,3
10873,3
10874,0
10875,2
10876,2
10877,2
10878,2
10879,0
10880,3
10881,2
10882,0
10883,0
10884,2
10885,2
10886,0
10887,2
10888,2
10889,0
10890,2
10891,2
10892,3
10893,2
10894,3
10895,3
10896,3
10897,0
10898,0
10899,0
10900,0
10901,2
10902,0
10903,0
10904,2
10905,2
10906,0
10907,2
10908,1
10909,0
10910,0
10911,0
10912,1
10913,1
10914,0
10915,3
10916,2
10917,2
10918,2
10919,2
10920,2
10921,2
10922,2
10923,2
10924,3
10925,3
10926,0
10927,0
10928,3
10929,2
10930,2
10931,0
10932,3
10933,0
10934,2
10935,2
10936,2
10937,0
10938,2
10939,2
10940,2
10941,0
10942,0
10943,0
10944,3
10945,3
10946,2
10947,0
10948,2
10949,2
10950,2
10951,2
10952,2
10953,2
10954,2
10955,0
10956,2
10957,3
10958,3
10959,3
10960,3
10961,0
10962,0
10963,3
10964,2
10965,2
10966,2
10967,2
10968,3
10969,3
10970,3
10971,2
10972,2
10973,2
10974,0
10975,0
10976,0
10977,3
10978,3
10979,2
10980,3
10981,2
10982,3
10983,3
10984,3
10985,3
10986,3
10987,3
10988,3
10989,1
10990,2
10991,2
10992,2
10993,2
10994,3
10995,0
10996,0
10997,0
10998,0
10999,2
11000,2
11001,2
11002,2
11003,2
11004,0
11005,0
11006,0
11007,2
11008,2
11009,3
11010,0
11011,3
11012,0
11013,3
11014,3
11015,3
11016,0
11017,2
11018,3
11019,0
11020,2
11021,2
11022,2
11023,2
11024,2
11025,2
11026,3
11027,0
11028,0
11029,2
11030,0
11031,0
11032,0
11033,0
11034,3
11035,2
11036,2
11037,2
11038,2
11039,3
11040,2
11041,2
11042,2
11043,2
11044,3
11045,0
11046,3
11047,3
11048,3
11049,2
11050,2
11051,2
11052,0
11053,2
11054,2
11055,0
11056,0
11057,2
11058,0
11059,2
11060,2
11061,2
11062,0
11063,3
11064,2
11065,2
11066,2
11067,1
11068,1
11069,2
11070,0
11071,0
11072,1
11073,3
11074,2
11075,2
11076,2
11077,0
11078,2
11079,3
11080,2
11081,2
11082,2
11083,2
11084,2
11085,1
11086,3
11087,3
11088,2
11089,2
11090,2
11091,2
11092,2
11093,3
11094,3
11095,2
11096,2
11097,0
11098,0
11099,0
11100,2
11101,3
11102,3
11103,3
11104,2
11105,2
11106,2
11107,2
11108,0
11109,0
11110,2
11111,2
11112,2
11113,2
11114,2
11115,2
11116,2
11117,3
11118,3
11119,3
11120,0
11121,3
11122,3
11123,2
11124,2
11125,2
11126,2
11127,3
11128,3
11129,3
11130,3
11131,0
11132,2
11133,2
11134,2
11135,2
11136,3
11137,2
11138,0
11139,2
11140,3
11141,2
11142,0
11143,2
11144,0
11145,2
11146,2
11147,2
11148,2
11149,2
11150,2
11151,2
11152,0
11153,0
11154,2
11155,0
11156,2
11157,2
11158,2
11159,3
11160,2
11161,2
11162,2
11163,2
11164,0
11165,2
11166,0
11167,0
11168,3
11169,2
11170,2
11171,0
11172,2
11173,2
11174,2
11175,3
11176,3
11177,3
11178,3
11179,1
11180,1
11181,3
11182,3
11183,3
11184,3
11185,0
11186,3
11187,3
11188,3
11189,2
11190,3
11191,3
11192,3
11193,2
11194,3
11195,1
11196,3
11197,0
11198,3
11199,3
11200,0
11201,0
11202,0
11203,2
11204,3
11205,3
11206,3
11207,0
11208,2
11209,2
11210,3
11211,2
11212,3
11213,2
11214,2
11215,0
11216,2
11217,3
11218,3
11219,1
11220,3
11221,2
11222,3
11223,2
11224,3
11225,2
11226,3
11227,0
11228,0
11229,0
11230,2
11231,0
11232,0
11233,0
11234,3
11235,3
11236,3
11237,0
11238,3
11239,3
11240,0
11241,3
11242,3
11243,3
11244,3
11245,3
11246,2
11247,0
11248,3
11249,0
11250,3
11251,3
11252,2
11253,0
11254,2
11255,3
11256,3
11257,0
11258,0
11259,0
11260,1
11261,2
11262,2
11263,0
11264,0
11265,2
11266,2
11267,2
11268,2
11269,2
11270,3
11271,2
11272,0
11273,2
11274,2
11275,3
11276,2
11277,2
11278,2
11279,2
11280,3
11281,3
11282,2
11283,3
11284,3
11285,2
11286,2
11287,2
11288,1
11289,3
11290,2
11291,0
11292,0
11293,3
11294,2
11295,2
11296,2
11297,1
11298,0
11299,3
11300,1
11301,2
11302,2
11303,2
11304,0
11305,2
11306,0
11307,2
11308,0
11309,3
11310,3
11311,2
11312,2
11313,0
11314,0
11315,0
11316,3
11317,0
11318,3
11319,2
11320,2
11321,0
11322,0
11323,3
11324,2
11325,2
11326,2
11327,2
11328,2
11329,2
11330,3
11331,2
11332,3
11333,1
11334,2
11335,3
11336,2
11337,2
11338,2
11339,0
11340,0
11341,0
11342,2
11343,0
11344,0
11345,0
11346,2
11347,0
11348,0
11349,3
11350,3
11351,3
11352,2
11353,2
11354,2
11355,2
11356,2
11357,2
11358,2
11359,2
11360,2
11361,3
11362,3
11363,3
11364,3
11365,3
11366,3
11367,1
11368,2
11369,2
11370,2
11371,2
11372,2
11373,2
11374,0
11375,0
11376,3
11377,3
11378,3
11379,2
11380,2
11381,0
11382,2
11383,3
11384,0
11385,0
11386,3
11387,2
11388,0
11389,3
11390,2
11391,3
11392,0
11393,0
11394,3
11395,3
11396,3
11397,2
11398,3
11399,0
11400,3
11401,3
11402,3
11403,3
11404,3
11405,2
11406,2
11407,2
11408,2
11409,0
11410,2
11411,2
11412,2
11413,2
11414,2
11415,2
11416,2
11417,2
11418,2
11419,2
11420,2
11421,0
11422,2
11423,2
11424,2
11425,2
11426,3
11427,3
11428,2
11429,2
11430,2
11431,2
11432,2
11433,2
11434,2
11435,3
11436,2
11437,2
11438,2
11439,2
11440,2
11441,2
11442,3
11443,2
11444,3
11445,2
11446,1
11447,2
11448,0
11449,3
11450,2
11451,0
11452,1
11453,1
11454,3
11455,2
11456,0
11457,2
11458,2
11459,0
11460,3
11461,2
11462,3
11463,3
11464,2
11465,0
11466,0
11467,0
11468,0
11469,2
11470,3
11471,3
11472,0
11473,2
11474,2
11475,0
11476,3
11477,0
11478,3
11479,1
11480,1
11481,0
11482,2
11483,2
11484,2
11485,0
11486,3
11487,3
11488,2
11489,2
11490,0
11491,2
11492,3
11493,2
11494,2
11495,0
11496,0
11497,3
11498,3
11499,2
11500,2
11501,2
11502,0
11503,2
11504,0
11505,1
11506,2
11507,2
11508,0
11509,1
11510,0
11511,1
11512,3
11513,3
11514,0
11515,0
11516,2
11517,2
11518,2
11519,2
11520,2
11521,3
11522,2
11523,0
11524,2
11525,0
11526,2
11527,3
11528,3
11529,0
11530,0
11531,2
11532,0
11533,2
11534,2
11535,3
11536,3
11537,2
11538,2
11539,2
11540,2
11541,3
11542,3
11543,3
11544,2
11545,2
11546,0
11547,2
11548,3
11549,0
11550,1
11551,0
11552,0
11553,2
11554,2
11555,2
11556,3
11557,3
11558,0
11559,2
11560,2
11561,2
11562,2
11563,0
11564,0
11565,2
11566,3
11567,2
11568,3
11569,3
11570,3
11571,3
11572,0
11573,2
11574,3
11575,3
11576,3
11577,0
11578,0
11579,0
11580,3
11581,0
11582,0
11583,3
11584,3
11585,3
11586,2
11587,3
11588,2
11589,2
11590,2
11591,3
11592,2
11593,3
11594,3
11595,2
11596,2
11597,2
11598,2
11599,0
11600,3
11601,0
11602,3
11603,0
11604,0
11605,2
11606,1
11607,2
11608,2
11609,2
11610,2
11611,2
11612,3
11613,2
11614,2
11615,3
11616,2
11617,2
11618,2
11619,2
11620,2
11621,2
11622,2
11623,2
11624,2
11625,0
11626,2
11627,3
11628,3
11629,0
11630,2
11631,0
11632,0
11633,2
11634,0
11635,0
11636,2
11637,2
11638,3
11639,2
11640,3
11641,1
11642,2
11643,2
11644,2
11645,2
11646,2
11647,0
11648,0
11649,0
11650,0
11651,2
11652,0
11653,0
11654,2
11655,2
11656,2
11657,2
11658,2
11659,0
11660,0
11661,3
11662,1
11663,1
11664,3
11665,1
11666,0
11667,1
11668,2
11669,2
11670,2
11671,2
11672,3
11673,3
11674,3
11675,3
11676,3
11677,2
11678,3
11679,2
11680,3
11681,2
11682,2
11683,2
11684,0
11685,0
11686,2
11687,2
11688,2
11689,2
11690,2
11691,2
11692,2
11693,3
11694,2
11695,0
11696,2
11697,3
11698,3
11699,3
11700,3
11701,2
11702,0
11703,0
11704,3
11705,0
11706,2
11707,2
11708,2
11709,0
11710,0
11711,2
11712,2
11713,2
11714,3
11715,0
11716,3
11717,3
11718,2
11719,2
11720,0
11721,0
11722,2
11723,2
11724,2
11725,2
11726,0
11727,2
11728,3
11729,2
11730,2
11731,2
11732,2
11733,2
11734,3
11735,3
11736,3
11737,3
11738,2
11739,2
11740,2
11741,2
11742,0
11743,3
11744,2
11745,3
11746,2
11747,2
11748,2
11749,2
11750,2
11751,2
11752,1
11753,3
11754,0
11755,3
11756,0
11757,0
11758,0
11759,0
11760,0
11761,0
11762,0
11763,3
11764,3
11765,0
11766,3
11767,3
11768,0
11769,0
11770,3
11771,3
11772,3
11773,0
11774,3
11775,3
11776,3
11777,3
11778,0
11779,0
11780,2
11781,0
11782,0
11783,3
11784,3
11785,3
11786,3
11787,2
11788,3
11789,2
11790,2
11791,2
11792,2
11793,2
11794,3
11795,3
11796,3
11797,2
11798,0
11799,0
11800,2
11801,0
11802,0
11803,2
11804,0
11805,0
11806,3
11807,3
11808,0
11809,0
11810,0
11811,3
11812,2
11813,0
11814,0
11815,0
11816,3
11817,0
11818,0
11819,0
11820,2
11821,0
11822,0
11823,2
11824,0
11825,2
11826,0
11827,2
11828,2
11829,2
11830,2
11831,3
11832,3
11833,3
11834,3
11835,3
11836,3
11837,3
11838,3
11839,0
11840,3
11841,0
11842,3
11843,2
11844,2
11845,2
11846,3
11847,3
11848,3
11849,3
11850,2
11851,0
11852,2
11853,0
11854,2
11855,2
11856,0
11857,0
11858,0
11859,2
11860,2
11861,0
11862,2
11863,0
11864,0
11865,2
11866,2
11867,3
11868,2
11869,0
11870,0
11871,3
11872,0
11873,0
11874,0
11875,0
11876,0
11877,0
11878,3
11879,0
11880,1
11881,0
11882,3
11883,3
11884,3
11885,0
11886,0
11887,2
11888,2
11889,0
11890,2
11891,0
11892,0
11893,0
11894,0
11895,0
11896,3
11897,3
11898,0
11899,0
11900,2
11901,0
11902,3
11903,3
11904,3
11905,0
11906,0
11907,0
11908,0
11909,0
11910,3
11911,3
11912,0
11913,0
11914,2
11915,0
11916,0
11917,3
11918,2
11919,3
11920,3
11921,3
11922,3
11923,0
11924,0
11925,0
11926,0
11927,0
11928,0
11929,3
11930,2
11931,0
11932,2
11933,2
11934,0
11935,0
11936,2
11937,3
11938,3
11939,0
11940,0
11941,3
11942,0
11943,0
11944,1
11945,0
11946,3
11947,0
11948,3
11949,3
11950,3
11951,3
11952,0
11953,0
11954,3
11955,2
11956,0
11957,2
11958,0
11959,0
11960,2
11961,0
11962,3
11963,0
11964,0
11965,2
11966,3
11967,0
11968,0
11969,3
11970,0
11971,0
11972,0
11973,0
11974,0
11975,0
11976,0
11977,3
11978,0
11979,0
11980,2
11981,0
11982,0
11983,0
11984,2
11985,2
11986,0
11987,2
11988,3
11989,3
11990,3
11991,3
11992,0
11993,3
11994,2
11995,3
11996,0
11997,0
11998,3
11999,2
12000,0
12001,0
12002,0
12003,0
12004,2
12005,3
12006,2
12007,1
12008,2
12009,2
12010,1
12011,2
12012,2
12013,3
12014,3
12015,2
12016,2
12017,0
12018,3
12019,3
12020,0
12021,3
12022,2
12023,2
12024,0
12025,0
12026,2
12027,0
12028,0
12029,2
12030,1
12031,0
12032,0
12033,1
12034,1
12035,1
12036,2
12037,0
12038,1
12039,1
12040,3
12041,0
12042,1
12043,0
12044,1
12045,0
12046,1
12047,1
12048,1
12049,1
12050,1
12051,1
12052,0
12053,0
12054,0
12055,1
12056,1
12057,2
12058,3
12059,3
12060,0
12061,0
12062,3
12063,3
12064,3
12065,0
12066,0
12067,3
12068,2
12069,0
12070,2
12071,3
12072,3
12073,2
12074,3
12075,0
12076,2
12077,2
12078,3
12079,2
12080,2
12081,3
12082,1
12083,3
12084,2
12085,2
12086,2
12087,2
12088,2
12089,2
12090,0
12091,3
12092,0
12093,2
12094,0
12095,2
12096,2
12097,2
12098,2
12099,2
12100,0
12101,0
12102,1
12103,1
12104,2
12105,0
12106,0
12107,2
12108,0
12109,2
12110,2
12111,2
12112,3
12113,2
12114,3
12115,2
12116,3
12117,2
12118,2
12119,2
12120,2
12121,2
12122,2
12123,3
12124,3
12125,3
12126,2
12127,0
12128,2
12129,0
12130,1
12131,0
12132,2
12133,0
12134,3
12135,0
12136,2
12137,0
12138,2
12139,0
12140,0
12141,2
12142,0
12143,0
12144,0
12145,3
12146,3
12147,3
12148,3
12149,2
12150,3
12151,0
12152,1
12153,3
12154,2
12155,2
12156,2
12157,3
12158,0
12159,3
12160,2
12161,1
12162,2
12163,3
12164,2
12165,2
12166,2
12167,0
12168,2
12169,2
12170,2
12171,3
12172,2
12173,2
12174,2
12175,0
12176,3
12177,2
12178,2
12179,2
12180,0
12181,2
12182,2
12183,3
12184,2
12185,0
12186,3
12187,0
12188,2
12189,2
12190,0
12191,0
12192,2
12193,3
12194,0
12195,2
12196,3
12197,3
12198,0
12199,2
12200,0
12201,2
12202,2
12203,2
12204,1
12205,2
12206,2
12207,0
12208,3
12209,2
12210,3
12211,0
12212,0
12213,1
12214,0
12215,0
12216,0
12217,0
12218,0
12219,2
12220,3
12221,0
12222,3
12223,3
12224,3
12225,3
12226,0
12227,3
12228,1
12229,2
12230,0
12231,2
12232,3
12233,1
12234,1
12235,3
12236,2
12237,3
12238,3
12239,2
12240,0
12241,2
12242,2
12243,0
12244,2
12245,0
12246,3
12247,3
12248,2
12249,2
12250,0
12251,0
12252,0
12253,0
12254,0
12255,0
12256,0
12257,0
12258,2
12259,0
12260,3
12261,0
12262,1
12263,3
12264,3
12265,2
12266,0
12267,0
12268,1
12269,0
12270,2
12271,3
12272,0
12273,3
12274,2
12275,2
12276,0
12277,3
12278,0
12279,0
12280,0
12281,2
12282,3
12283,3
12284,1
12285,0
12286,3
12287,1
12288,2
12289,3
12290,2
12291,0
12292,0
12293,0
12294,3
12295,3
12296,1
12297,3
12298,3
12299,2
12300,2
12301,2
12302,1
12303,3
12304,3
12305,3
12306,3
12307,1
12308,3
12309,3
12310,3
12311,2
12312,2
12313,3
12314,2
12315,0
12316,3
12317,2
12318,2
12319,3
12320,2
12321,0
12322,0
12323,0
12324,2
12325,2
12326,0
12327,0
12328,0
12329,2
12330,2
12331,2
12332,2
12333,2
12334,0
12335,1
12336,3
12337,3
12338,3
12339,2
12340,2
12341,0
12342,2
12343,2
12344,0
12345,1
12346,3
12347,2
12348,0
12349,0
12350,3
12351,3
12352,3
12353,2
12354,0
12355,2
12356,3
12357,3
12358,0
12359,0
12360,2
12361,3
12362,3
12363,2
12364,0
12365,2
12366,2
12367,0
12368,0
12369,0
12370,2
12371,3
12372,2
12373,2
12374,1
12375,0
12376,0
12377,0
12378,0
12379,3
12380,2
12381,2
12382,2
12383,3
12384,2
12385,2
12386,0
12387,2
12388,1
12389,3
12390,3
12391,3
12392,0
12393,3
12394,3
12395,2
12396,0
12397,3
12398,1
12399,2
12400,3
12401,0
12402,2
12403,2
12404,3
12405,1
12406,0
12407,2
12408,3
12409,0
12410,0
12411,1
12412,1
12413,0
12414,3
12415,0
12416,0
12417,3
12418,3
12419,2
12420,0
12421,3
12422,0
12423,3
12424,3
12425,0
12426,2
12427,0
12428,2
12429,3
12430,0
12431,3
12432,2
12433,0
12434,1
12435,3
12436,0
12437,1
12438,2
12439,1
12440,0
12441,3
12442,0
12443,0
12444,3
12445,1
12446,3
12447,3
12448,3
12449,2
12450,3
12451,1
12452,2
12453,3
12454,2
12455,3
12456,0
12457,0
12458,2
12459,3
12460,0
12461,0
12462,0
12463,3
12464,3
12465,2
12466,2
12467,2
12468,0
12469,0
12470,2
12471,0
12472,3
12473,2
12474,3
12475,0
12476,3
12477,0
12478,3
12479,2
12480,2
12481,2
12482,2
12483,3
12484,2
12485,2
12486,2
12487,0
12488,0
12489,0
12490,3
12491,2
12492,2
12493,2
12494,2
12495,0
12496,2
12497,3
12498,2
12499,2
12500,2
12501,2
12502,2
12503,1
12504,2
12505,2
12506,2
12507,2
12508,2
12509,0
12510,2
12511,3
12512,2
12513,2
12514,2
12515,2
12516,3
12517,3
12518,2
12519,2
12520,3
12521,0
12522,0
12523,2
12524,2
12525,1
12526,2
12527,3
12528,2
12529,3
12530,1
12531,3
12532,3
12533,3
12534,2
12535,2
12536,1
12537,3
12538,1
12539,1
12540,0
12541,3
12542,1
12543,1
12544,1
12545,1
12546,1
12547,1
12548,1
12549,1
12550,2
12551,2
12552,3
12553,2
12554,2
12555,2
12556,2
12557,2
12558,2
12559,1
12560,2
12561,2
12562,3
12563,0
12564,3
12565,3
12566,0
12567,2
12568,2
12569,2
12570,2
12571,0
12572,2
12573,3
12574,2
12575,2
12576,2
12577,3
12578,2
12579,0
12580,0
12581,0
12582,3
12583,2
12584,2
12585,0
12586,0
12587,2
12588,3
12589,3
12590,0
12591,0
12592,2
12593,1
12594,2
12595,0
12596,0
12597,2
12598,2
12599,0
12600,2
12601,0
12602,0
12603,2
12604,2
12605,2
12606,0
12607,3
12608,2
12609,0
12610,2
12611,2
12612,2
12613,2
12614,2
12615,0
12616,0
12617,0
12618,2
12619,2
12620,2
12621,2
12622,0
12623,0
12624,0
12625,2
12626,2
12627,2
12628,2
12629,0
12630,0
12631,2
12632,2
12633,2
12634,2
12635,2
12636,2
12637,2
12638,2
12639,2
12640,2
12641,2
12642,1
12643,3
12644,2
12645,2
12646,2
12647,3
12648,3
12649,2
12650,2
12651,2
12652,2
12653,2
12654,2
12655,2
12656,3
12657,2
12658,2
12659,2
12660,2
12661,2
12662,2
12663,2
12664,2
12665,0
12666,2
12667,2
12668,2
12669,3
12670,2
12671,2
12672,2
12673,2
12674,0
12675,0
12676,0
12677,0
12678,2
12679,2
12680,2
12681,2
12682,2
12683,3
12684,3
12685,1
12686,0
12687,1
12688,0
12689,1
12690,1
12691,1
12692,2
12693,3
12694,0
12695,2
12696,3
12697,2
12698,2
12699,3
12700,0
12701,2
12702,2
12703,2
12704,0
12705,3
12706,0
12707,2
12708,0
12709,0
12710,3
12711,2
12712,1
12713,2
12714,0
12715,2
12716,2
12717,0
12718,2
12719,2
12720,0
12721,0
12722,3
12723,3
12724,3
12725,0
12726,2
12727,0
12728,3
12729,2
12730,2
12731,2
12732,2
12733,3
12734,3
12735,3
12736,2
12737,2
12738,0
12739,2
12740,3
12741,0
12742,2
12743,3
12744,2
12745,2
12746,0
12747,0
12748,3
12749,2
12750,2
12751,1
12752,2
12753,2
12754,0
12755,2
12756,2
12757,2
12758,2
12759,2
12760,0
12761,1
12762,0
12763,0
12764,1
12765,0
12766,1
12767,0
12768,2
12769,2
12770,0
12771,2
12772,2
12773,2
12774,2
12775,2
12776,2
12777,3
12778,2
12779,3
12780,3
12781,2
12782,2
12783,2
12784,2
12785,2
12786,2
12787,1
12788,2
12789,0
12790,1
12791,2
12792,2
12793,2
12794,0
12795,2
12796,2
12797,2
12798,3
12799,2
12800,3
12801,2
12802,3
12803,3
12804,3
12805,2
12806,2
12807,2
12808,2
12809,2
12810,2
12811,2
12812,2
12813,2
12814,0
12815,2
12816,2
12817,2
12818,2
12819,2
12820,2
12821,0
12822,3
12823,1
12824,2
12825,2
12826,3
12827,2
12828,2
12829,2
12830,2
12831,3
12832,2
12833,0
12834,2
12835,3
12836,3
12837,2
12838,3
12839,0
12840,0
12841,0
12842,1
12843,0
12844,0
12845,0
12846,0
12847,0
12848,0
12849,0
12850,0
12851,2
12852,0
12853,3
12854,0
12855,2
12856,2
12857,1
12858,1
12859,3
12860,1
12861,2
12862,3
12863,2
12864,3
12865,2
12866,3
12867,2
12868,0
12869,0
12870,0
12871,0
12872,3
12873,0
12874,0
12875,0
12876,3
12877,2
12878,2
12879,3
12880,3
12881,3
12882,2
12883,2
12884,2
12885,3
12886,3
12887,3
12888,0
12889,3
12890,0
12891,0
12892,3
12893,0
12894,3
12895,2
12896,0
12897,0
12898,0
12899,3
12900,3
12901,2
12902,2
12903,0
12904,3
12905,3
12906,2
12907,2
12908,2
12909,2
12910,2
12911,3
12912,2
12913,2
12914,1
12915,2
12916,3
12917,2
12918,2
12919,3
12920,2
12921,2
12922,2
12923,2
12924,2
12925,2
12926,1
12927,2
12928,3
12929,0
12930,0
12931,0
12932,0
12933,3
12934,3
12935,3
12936,3
12937,3
12938,2
12939,2
12940,0
12941,0
12942,2
12943,2
12944,2
12945,3
12946,0
12947,3
12948,3
12949,2
12950,2
12951,3
12952,0
12953,2
12954,2
12955,3
12956,3
12957,2
12958,2
12959,3
12960,2
12961,2
12962,2
12963,2
12964,2
12965,2
12966,1
12967,3
12968,2
12969,0
12970,2
12971,3
12972,2
12973,2
12974,1
12975,2
12976,2
12977,0
12978,0
12979,0
12980,0
12981,2
12982,0
12983,0
12984,0
12985,0
12986,0
12987,2
12988,2
12989,3
12990,2
12991,0
12992,2
12993,2
12994,2
12995,2
12996,3
12997,0
12998,3
12999,2
13000,2
13001,2
13002,0
13003,0
13004,2
13005,2
13006,0
13007,2
13008,2
13009,3
13010,3
13011,2
13012,2
13013,3
13014,0
13015,3
13016,3
13017,2
13018,2
13019,2
13020,2
13021,0
13022,2
13023,3
13024,0
13025,0
13026,0
13027,0
13028,0
13029,2
13030,2
13031,2
13032,2
13033,2
13034,2
13035,2
13036,2
13037,2
13038,2
13039,3
13040,3
13041,2
13042,0
13043,0
13044,0
13045,2
13046,3
13047,3
13048,3
13049,3
13050,3
13051,3
13052,2
13053,0
13054,0
13055,2
13056,2
13057,3
13058,0
13059,0
13060,3
13061,2
13062,3
13063,2
13064,3
13065,3
13066,3
13067,2
13068,2
13069,2
13070,3
13071,2
13072,0
13073,1
13074,0
13075,0
13076,2
13077,2
13078,2
13079,2
13080,2
13081,2
13082,2
13083,2
13084,2
13085,2
13086,3
13087,2
13088,2
13089,3
13090,2
13091,2
13092,3
13093,3
13094,3
13095,3
13096,3
13097,0
13098,2
13099,3
13100,3
13101,2
13102,2
13103,2
13104,2
13105,2
13106,2
13107,0
13108,2
13109,3
13110,2
13111,2
13112,0
13113,1
13114,0
13115,0
13116,0
13117,2
13118,3
13119,1
13120,2
13121,2
13122,2
13123,2
13124,3
13125,2
13126,3
13127,1
13128,2
13129,0
13130,0
13131,0
13132,0
13133,0
13134,2
13135,2
13136,0
13137,2
13138,0
13139,0
13140,0
13141,3
13142,3
13143,2
13144,0
13145,0
13146,0
13147,0
13148,2
13149,2
13150,2
13151,2
13152,2
13153,2
13154,2
13155,2
13156,3
13157,0
13158,2
13159,0
13160,0
13161,0
13162,3
13163,3
13164,0
13165,3
13166,0
13167,2
13168,2
13169,0
13170,3
13171,1
13172,1
13173,1
13174,1
13175,3
13176,0
13177,2
13178,1
13179,2
13180,3
13181,2
13182,2
13183,0
13184,2
13185,0
13186,2
13187,0
13188,0
13189,2
13190,1
13191,2
13192,1
13193,1
13194,1
13195,3
13196,3
13197,3
13198,0
13199,0
13200,2
13201,3
13202,1
13203,0
13204,2
13205,0
13206,0
13207,0
13208,2
13209,2
13210,2
13211,2
13212,1
13213,1
13214,2
13215,2
13216,0
13217,2
13218,0
13219,3
13220,3
13221,0
13222,0
13223,2
13224,1
13225,3
13226,2
13227,0
13228,2
13229,2
13230,0
13231,0
13232,3
13233,3
13234,2
13235,2
13236,2
13237,2
13238,3
13239,3
13240,3
13241,2
13242,2
13243,1
13244,3
13245,3
13246,2
13247,2
13248,1
13249,3
13250,3
13251,3
13252,0
13253,1
13254,3
13255,3
13256,3
13257,3
13258,2
13259,3
13260,3
13261,0
13262,0
13263,0
13264,3
13265,2
13266,1
13267,0
13268,0
13269,0
13270,0
13271,2
13272,0
13273,0
13274,2
13275,2
13276,2
13277,2
13278,2
13279,3
13280,3
13281,3
13282,2
13283,2
13284,1
13285,2
13286,0
13287,0
13288,0
13289,3
13290,3
13291,3
13292,0
13293,2
13294,2
13295,0
13296,0
13297,0
13298,0
13299,0
13300,2
13301,2
13302,0
13303,0
13304,0
13305,0
13306,0
13307,0
13308,3
13309,3
13310,3
13311,3
13312,3
13313,0
13314,2
13315,3
13316,3
13317,3
13318,0
13319,3
13320,0
13321,3
13322,0
13323,3
13324,3
13325,0
13326,0
13327,0
13328,2
13329,3
13330,1
13331,3
13332,3
13333,3
13334,2
13335,3
13336,3
13337,3
13338,3
13339,0
13340,0
13341,0
13342,0
13343,3
13344,3
13345,3
13346,2
13347,0
13348,2
13349,2
13350,3
13351,2
13352,2
13353,2
13354,3
13355,0
13356,2
13357,2
13358,2
13359,1
13360,3
13361,2
13362,2
13363,2
13364,2
13365,2
13366,2
13367,2
13368,2
13369,2
13370,2
13371,2
13372,2
13373,2
13374,3
13375,2
13376,3
13377,3
13378,2
13379,0
13380,3
13381,0
13382,0
13383,3
13384,0
13385,0
13386,2
13387,0
13388,0
13389,2
13390,0
13391,0
13392,0
13393,2
13394,3
13395,0
13396,0
13397,3
13398,3
13399,2
13400,2
13401,2
13402,2
13403,2
13404,3
13405,3
13406,0
13407,0
13408,3
13409,2
13410,3
13411,0
13412,2
13413,2
13414,2
13415,0
13416,3
13417,0
13418,2
13419,3
13420,3
13421,0
13422,0
13423,0
13424,0
13425,2
13426,2
13427,1
13428,2
13429,0
13430,2
13431,2
13432,2
13433,1
13434,0
13435,2
13436,0
13437,2
13438,2
13439,3
13440,2
13441,0
13442,1
13443,0
13444,2
13445,1
13446,2
13447,2
13448,0
13449,0
13450,2
13451,0
13452,3
13453,3
13454,2
13455,0
13456,2
13457,2
13458,3
13459,0
13460,0
13461,2
13462,2
13463,2
13464,2
13465,2
13466,0
13467,0
13468,3
13469,3
13470,2
13471,2
13472,2
13473,2
13474,2
13475,1
13476,1
13477,3
13478,3
13479,1
13480,1
13481,1
13482,1
13483,0
13484,1
13485,1
13486,0
13487,1
13488,0
13489,1
13490,3
13491,1
13492,1
13493,1
13494,1
13495,1
13496,1
13497,3
13498,1
13499,1
13500,1
13501,1
13502,1
13503,0
13504,1
13505,2
13506,2
13507,3
13508,2
13509,3
13510,3
13511,0
13512,3
13513,3
13514,2
13515,2
13516,3
13517,2
13518,0
13519,2
13520,0
13521,2
13522,0
13523,2
13524,2
13525,0
13526,2
13527,3
13528,2
13529,0
13530,3
13531,0
13532,2
13533,0
13534,3
13535,2
13536,2
13537,3
13538,0
13539,0
13540,0
13541,2
13542,1
13543,2
13544,2
13545,2
13546,3
13547,1
13548,0
13549,3
13550,2
13551,3
13552,3
13553,3
13554,3
13555,2
13556,2
13557,0
13558,3
13559,3
13560,2
13561,2
13562,3
13563,3
13564,3
13565,3
13566,3
13567,3
13568,0
13569,2
13570,3
13571,2
13572,2
13573,2
13574,0
13575,3
13576,2
13577,2
13578,1
13579,1
13580,2
13581,2
13582,2
13583,2
13584,3
13585,3
13586,0
13587,2
13588,3
13589,0
13590,0
13591,0
13592,3
13593,3
13594,3
13595,0
13596,2
13597,0
13598,3
13599,0
13600,2
13601,2
13602,2
13603,0
13604,3
13605,2
13606,2
13607,3
13608,3
13609,0
13610,2
13611,0
13612,0
13613,3
13614,2
13615,3
13616,1
13617,3
13618,3
13619,3
13620,3
13621,3
13622,3
13623,3
13624,3
13625,3
13626,3
13627,2
13628,2
13629,0
13630,2
13631,2
13632,3
13633,3
13634,3
13635,3
13636,3
13637,3
13638,3
13639,2
13640,2
13641,3
13642,1
13643,3
13644,3
13645,3
13646,2
13647,2
13648,0
13649,2
13650,0
13651,0
13652,2
13653,2
13654,2
13655,1
13656,1
13657,3
13658,2
13659,0
13660,2
13661,3
13662,3
13663,2
13664,2
13665,2
13666,2
13667,2
13668,2
13669,1
13670,2
13671,2
13672,2
13673,2
13674,0
13675,2
13676,2
13677,2
13678,3
13679,2
13680,2
13681,2
13682,3
13683,2
13684,1
13685,2
13686,2
13687,2
13688,2
13689,2
13690,2
13691,2
13692,1
13693,3
13694,3
13695,2
13696,2
13697,2
13698,3
13699,2
13700,2
13701,2
13702,2
13703,2
13704,2
13705,0
13706,2
13707,2
13708,2
13709,2
13710,2
13711,2
13712,3
13713,2
13714,2
13715,2
13716,3
13717,3
13718,0
13719,3
13720,3
13721,2
13722,3
13723,2
13724,0
13725,3
13726,3
13727,3
13728,2
13729,2
13730,3
13731,2
13732,2
13733,3
13734,2
13735,0
13736,2
13737,0
13738,2
13739,0
13740,2
13741,2
13742,2
13743,2
13744,2
13745,0
13746,2
13747,2
13748,2
13749,2
13750,0
13751,2
13752,2
13753,0
13754,2
13755,3
13756,2
13757,0
13758,2
13759,3
13760,2
13761,2
13762,0
13763,0
13764,0
13765,0
13766,1
13767,3
13768,2
13769,1
13770,2
13771,0
13772,2
13773,0
13774,2
13775,2
13776,3
13777,0
13778,2
13779,3
13780,2
13781,0
13782,0
13783,0
13784,0
13785,3
13786,0
13787,0
13788,2
13789,0
13790,2
13791,2
13792,2
13793,0
13794,2
13795,0
13796,2
13797,0
13798,2
13799,0
13800,0
13801,3
13802,3
13803,0
13804,2
13805,2
13806,0
13807,2
13808,3
13809,2
13810,2
13811,2
13812,3
13813,0
13814,3
13815,2
13816,2
13817,0
13818,2
13819,3
13820,2
13821,0
13822,3
13823,0
13824,2
13825,0
13826,3
13827,3
13828,2
13829,3
13830,2
13831,2
13832,3
13833,2
13834,2
13835,2
13836,2
13837,3
13838,1
13839,2
13840,2
13841,3
13842,3
13843,3
13844,3
13845,3
13846,3
13847,2
13848,2
13849,2
13850,2
13851,2
13852,3
13853,2
13854,2
13855,2
13856,2
13857,2
13858,2
13859,2
13860,1
13861,0
13862,1
13863,2
13864,1
13865,2
13866,3
13867,2
13868,3
13869,3
13870,0
13871,0
13872,2
13873,2
13874,3
13875,3
13876,2
13877,2
13878,2
13879,3
13880,3
13881,2
13882,2
13883,3
13884,2
13885,3
13886,3
13887,3
13888,3
13889,3
13890,3
13891,3
13892,3
13893,3
13894,3
13895,3
13896,3
13897,3
13898,3
13899,0
13900,3
13901,3
13902,3
13903,2
13904,3
13905,3
13906,3
13907,2
13908,3
13909,0
13910,3
13911,3
13912,2
13913,0
13914,0
13915,0
13916,2
13917,0
13918,0
13919,2
13920,2
13921,2
13922,2
13923,3
13924,3
13925,2
13926,3
13927,2
13928,3
13929,0
13930,3
13931,0
13932,0
13933,2
13934,3
13935,3
13936,3
13937,3
13938,3
13939,2
13940,3
13941,3
13942,0
13943,3
13944,3
13945,3
13946,2
13947,3
13948,3
13949,3
13950,3
13951,3
13952,3
13953,0
13954,0
13955,2
13956,3
13957,3
13958,3
13959,3
13960,3
13961,0
13962,0
13963,3
13964,3
13965,2
13966,2
13967,3
13968,2
13969,2
13970,2
13971,2
13972,0
13973,3
13974,3
13975,3
13976,3
13977,0
13978,3
13979,3
13980,3
13981,3
13982,3
13983,3
13984,3
13985,3
13986,3
13987,3
13988,3
13989,3
13990,3
13991,3
13992,2
13993,0
13994,0
13995,3
13996,3
13997,3
13998,0
13999,3
14000,3
14001,3
14002,3
14003,3
14004,3
14005,3
14006,3
14007,2
14008,3
14009,1
14010,3
14011,1
14012,3
14013,2
14014,2
14015,2
14016,2
14017,0
14018,0
14019,0
14020,2
14021,3
14022,3
14023,0
14024,2
14025,2
14026,0
14027,0
14028,2
14029,0
14030,2
14031,2
14032,2
14033,3
14034,3
14035,2
14036,2
14037,3
14038,3
14039,2
14040,0
14041,0
14042,0
14043,2
14044,3
14045,3
14046,2
14047,0
14048,2
14049,0
14050,2
14051,2
14052,3
14053,3
14054,3
14055,0
14056,2
14057,2
14058,0
14059,0
14060,0
14061,0
14062,2
14063,2
14064,2
14065,2
14066,0
14067,0
14068,0
14069,2
14070,2
14071,3
14072,2
14073,3
14074,0
14075,2
14076,0
14077,2
14078,2
14079,2
14080,0
14081,3
14082,0
14083,3
14084,2
14085,3
14086,0
14087,3
14088,3
14089,2
14090,3
14091,3
14092,0
14093,3
14094,3
14095,0
14096,3
14097,3
14098,0
14099,2
14100,2
14101,3
14102,2
14103,2
14104,3
14105,3
14106,2
14107,2
14108,2
14109,3
14110,2
14111,3
14112,3
14113,3
14114,3
14115,3
14116,2
14117,3
14118,3
14119,3
14120,2
14121,2
14122,2
14123,2
14124,2
14125,2
14126,2
14127,2
14128,0
14129,0
14130,0
14131,3
14132,3
14133,2
14134,2
14135,3
14136,3
14137,3
14138,2
14139,3
14140,2
14141,0
14142,0
14143,2
14144,2
14145,2
14146,2
14147,0
14148,3
14149,2
14150,0
14151,0
14152,3
14153,2
14154,3
14155,1
14156,1
14157,1
14158,1
14159,2
14160,2
14161,2
14162,1
14163,2
14164,2
14165,2
14166,2
14167,2
14168,2
14169,2
14170,2
14171,2
14172,2
14173,2
14174,2
14175,2
14176,3
14177,3
14178,3
14179,2
14180,3
14181,2
14182,2
14183,2
14184,2
14185,0
14186,0
14187,2
14188,1
14189,3
14190,2
14191,2
14192,2
14193,2
14194,2
14195,2
14196,2
14197,2
14198,2
14199,2
14200,2
14201,2
14202,2
14203,3
14204,0
14205,0
14206,1
14207,3
14208,0
14209,2
14210,2
14211,2
14212,2
14213,2
14214,3
14215,2
14216,2
14217,2
14218,2
14219,2
14220,3
14221,2
14222,2
14223,2
14224,3
14225,3
14226,3
14227,3
14228,3
14229,3
14230,2
14231,0
14232,3
14233,2
14234,2
14235,2
14236,3
14237,2
14238,3
14239,2
14240,2
14241,2
14242,2
14243,2
14244,3
14245,3
14246,3
14247,2
14248,2
14249,2
14250,2
14251,3
14252,3
14253,3
14254,2
14255,2
14256,2
14257,2
14258,0
14259,2
14260,2
14261,3
14262,0
14263,2
14264,3
14265,2
14266,0
14267,2
14268,2
14269,2
14270,2
14271,2
14272,3
14273,3
14274,0
14275,1
14276,1
14277,1
14278,2
14279,2
14280,2
14281,0
14282,2
14283,3
14284,2
14285,1
14286,2
14287,2
14288,2
14289,3
14290,3
14291,2
14292,1
14293,3
14294,0
14295,3
14296,1
14297,2
14298,0
14299,3
14300,3
14301,3
14302,3
14303,2
14304,2
14305,2
14306,3
14307,2
14308,3
14309,2
14310,2
14311,2
14312,2
14313,2
14314,3
14315,0
14316,0
14317,0
14318,1
14319,2
14320,2
14321,2
14322,0
14323,0
14324,2
14325,0
14326,0
14327,2
14328,0
14329,2
14330,2
14331,2
14332,3
14333,3
14334,3
14335,3
14336,3
14337,2
14338,2
14339,3
14340,1
14341,2
14342,2
14343,3
14344,0
14345,2
14346,0
14347,1
14348,2
14349,3
14350,0
14351,3
14352,3
14353,3
14354,3
14355,2
14356,2
14357,1
14358,2
14359,2
14360,0
14361,3
14362,2
14363,3
14364,0
14365,0
14366,2
14367,2
14368,2
14369,2
14370,2
14371,2
14372,3
14373,2
14374,2
14375,2
14376,2
