sample_id,cluster
0,1
1,1
2,0
3,1
4,0
5,0
6,1
7,1
8,1
9,1
10,1
11,1
12,1
13,1
14,1
15,1
16,1
17,1
18,0
19,0
20,1
21,1
22,1
23,1
24,0
25,1
26,0
27,0
28,1
29,0
30,0
31,0
32,0
33,1
34,0
35,1
36,0
37,0
38,0
39,0
40,0
41,1
42,1
43,1
44,1
45,1
46,0
47,1
48,1
49,1
50,1
51,1
52,0
53,1
54,0
55,0
56,1
57,0
58,0
59,0
60,0
61,0
62,1
63,1
64,1
65,0
66,0
67,0
68,0
69,1
70,0
71,1
72,0
73,1
74,0
75,1
76,0
77,1
78,1
79,1
80,0
81,1
82,0
83,1
84,0
85,1
86,0
87,1
88,0
89,1
90,0
91,1
92,0
93,1
94,0
95,1
96,0
97,1
98,0
99,1
100,0
101,1
102,1
103,1
104,0
105,1
106,0
107,1
108,0
109,0
110,0
111,0
112,0
113,1
114,0
115,1
116,0
117,1
118,1
119,0
120,1
121,1
122,0
123,0
124,0
125,1
126,0
127,1
128,1
129,0
130,0
131,1
132,1
133,1
134,0
135,1
136,1
137,0
138,1
139,0
140,1
141,0
142,1
143,1
144,1
145,0
146,1
147,0
148,1
149,0
150,1
151,0
152,1
153,1
154,0
155,0
156,1
157,1
158,1
159,1
160,0
161,1
162,0
163,1
164,1
165,1
166,0
167,1
168,1
169,1
170,0
171,1
172,0
173,1
174,1
175,1
176,0
177,1
178,1
179,1
180,0
181,1
182,1
183,1
184,0
185,0
186,0
187,1
188,1
189,0
190,1
191,0
192,0
193,1
194,1
195,0
196,0
197,1
198,0
199,0
200,0
201,0
202,0
203,0
204,1
205,0
206,0
207,1
208,1
209,1
210,0
211,1
212,0
213,0
214,0
215,0
216,0
217,0
218,0
219,1
220,0
221,1
222,0
223,1
224,0
225,0
226,0
227,1
228,0
229,1
230,0
231,1
232,0
233,1
234,0
235,1
236,0
237,1
238,0
239,1
240,1
241,1
242,1
243,1
244,1
245,0
246,0
247,0
248,0
249,0
250,1
251,0
252,1
253,1
254,0
255,1
256,1
257,0
258,0
259,1
260,1
261,1
262,0
263,1
264,0
265,0
266,0
267,0
268,0
269,0
270,0
271,1
272,1
273,1
274,1
275,0
276,1
277,0
278,0
279,0
280,1
281,1
282,1
283,0
284,0
285,0
286,1
287,1
288,0
289,0
290,0
291,0
292,1
293,1
294,0
295,0
296,0
297,1
298,0
299,0
300,0
301,0
302,1
303,0
304,0
305,0
306,1
307,0
308,1
309,1
310,1
311,1
312,0
313,1
314,0
315,1
316,0
317,0
318,0
319,1
320,1
321,1
322,0
323,1
324,0
325,1
326,0
327,1
328,0
329,0
330,0
331,1
332,0
333,0
334,0
335,1
336,0
337,1
338,1
339,1
340,0
341,0
342,0
343,0
344,0
345,0
346,1
347,0
348,1
349,0
350,0
351,0
352,1
353,0
354,1
355,0
356,1
357,0
358,0
359,0
360,0
361,0
362,1
363,0
364,1
365,0
366,1
367,0
368,1
369,0
370,0
371,0
372,0
373,0
374,1
375,0
376,1
377,0
378,1
379,0
380,0
381,0
382,0
383,1
384,0
385,1
386,0
387,1
388,1
389,0
390,1
391,0
392,1
393,1
394,1
395,0
396,1
397,0
398,1
399,1
400,1
401,0
402,1
403,0
404,1
405,1
406,1
407,0
408,1
409,0
410,1
411,0
412,1
413,1
414,1
415,0
416,1
417,0
418,1
419,0
420,0
421,1
422,1
423,0
424,1
425,0
426,1
427,0
428,1
429,1
430,1
431,1
432,0
433,1
434,0
435,1
436,0
437,1
438,0
439,1
440,1
441,1
442,0
443,1
444,0
445,1
446,1
447,1
448,1
449,1
450,1
451,1
452,0
453,1
454,1
455,1
456,0
457,1
458,0
459,1
460,1
461,0
462,1
463,1
464,1
465,0
466,0
467,1
468,0
469,1
470,0
471,0
472,1
473,1
474,1
475,0
476,1
477,0
478,1
479,1
480,1
481,0
482,1
483,0
484,1
485,0
486,1
487,0
488,1
489,0
490,1
491,0
492,1
493,0
494,1
495,1
496,1
497,1
498,1
499,0
500,1
501,1
502,0
503,0
504,1
505,1
506,0
507,0
508,0
509,1
510,0
511,0
512,0
513,0
514,0
515,1
516,0
517,0
518,0
519,0
520,0
521,0
522,0
523,0
524,1
525,0
526,0
527,0
528,1
529,1
530,1
531,0
532,1
533,0
534,1
535,0
536,1
537,0
538,0
539,0
540,1
541,0
542,1
543,0
544,1
545,0
546,0
547,0
548,0
549,0
550,0
551,0
552,0
553,0
554,0
555,0
556,1
557,1
558,0
559,0
560,1
561,1
562,1
563,1
564,0
565,1
566,0
567,1
568,1
569,0
570,1
571,0
572,1
573,1
574,0
575,1
576,1
577,1
578,1
579,1
580,0
581,1
582,1
583,0
584,1
585,1
586,1
587,1
588,1
589,1
590,1
591,1
592,1
593,0
594,1
595,0
596,1
597,0
598,1
599,1
600,1
601,1
602,0
603,1
604,1
605,1
606,1
607,0
608,1
609,1
610,0
611,1
612,0
613,1
614,0
615,1
616,1
617,1
618,1
619,0
620,0
621,1
622,1
623,0
624,0
625,1
626,0
627,1
628,1
629,0
630,1
631,1
632,0
633,1
634,0
635,1
636,1
637,1
638,1
639,1
640,1
641,1
642,1
643,0
644,1
645,0
646,1
647,1
648,1
649,0
650,1
651,0
652,1
653,0
654,0
655,0
656,1
657,1
658,0
659,1
660,0
661,1
662,1
663,0
664,0
665,0
666,0
667,0
668,0
669,0
670,1
671,1
672,0
673,0
674,1
675,0
676,1
677,1
678,1
679,0
680,1
681,0
682,1
683,1
684,1
685,1
686,0
687,1
688,1
689,1
690,1
691,0
692,0
693,1
694,0
695,1
696,0
697,0
698,1
699,0
700,1
701,1
702,0
703,0
704,0
705,1
706,1
707,0
708,1
709,0
710,1
711,0
712,1
713,0
714,1
715,1
716,1
717,1
718,1
719,1
720,1
721,1
722,1
723,1
724,0
725,1
726,1
727,1
728,0
729,1
730,1
731,1
732,0
733,1
734,1
735,0
736,0
737,0
738,1
739,0
740,1
741,0
742,0
743,0
744,0
745,0
746,1
747,0
748,1
749,0
750,0
751,0
752,1
753,0
754,1
755,0
756,0
757,1
758,1
759,1
760,1
761,1
762,1
763,0
764,1
765,1
766,1
767,1
768,1
769,1
770,0
771,0
772,1
773,0
774,1
775,0
776,1
777,1
778,1
779,0
780,1
781,1
782,1
783,1
784,1
785,1
786,0
787,0
788,1
789,1
790,0
791,0
792,1
793,0
794,1
795,0
796,1
797,0
798,0
799,0
800,1
801,0
802,1
803,1
804,0
805,1
806,1
807,1
808,1
809,1
810,0
811,0
812,1
813,1
814,1
815,0
816,1
817,0
818,1
819,1
820,1
821,0
822,1
823,0
824,1
825,0
826,1
827,0
828,1
829,0
830,1
831,0
832,0
833,0
834,1
835,0
836,1
837,1
838,1
839,1
840,1
841,1
842,1
843,1
844,1
845,1
846,0
847,1
848,1
849,1
850,1
851,1
852,1
853,1
854,1
855,0
856,1
857,1
858,1
859,1
860,1
861,1
862,1
863,0
864,0
865,1
866,1
867,0
868,0
869,0
870,1
871,1
872,1
873,1
874,1
875,1
876,1
877,1
878,0
879,1
880,0
881,0
882,1
883,0
884,0
885,1
886,0
887,0
888,0
889,1
890,0
891,1
892,0
893,1
894,0
895,1
896,0
897,1
898,1
899,1
900,1
901,1
902,0
903,1
904,0
905,1
906,0
907,1
908,1
909,1
910,0
911,0
912,0
913,0
914,1
915,0
916,1
917,0
918,1
919,1
920,0
921,0
922,1
923,1
924,1
925,1
926,0
927,1
928,0
929,1
930,0
931,0
932,0
933,0
934,1
935,1
936,1
937,1
938,1
939,1
940,1
941,1
942,1
943,0
944,1
945,0
946,1
947,1
948,1
949,1
950,1
951,0
952,1
953,1
954,1
955,1
956,0
957,0
958,1
959,1
960,1
961,1
962,0
963,1
964,0
965,0
966,1
967,1
968,1
969,1
970,1
971,0
972,1
973,0
974,1
975,1
976,1
977,0
978,1
979,1
980,1
981,0
982,1
983,1
984,1
985,1
986,1
987,1
988,1
989,0
990,1
991,1
992,1
993,1
994,1
995,0
996,1
997,0
998,1
999,1
1000,1
1001,0
1002,1
1003,1
1004,0
1005,1
1006,1
1007,1
1008,1
1009,0
1010,1
1011,1
1012,0
1013,1
1014,0
1015,1
1016,0
1017,1
1018,1
1019,1
1020,1
1021,1
1022,1
1023,1
1024,1
1025,0
1026,0
1027,0
1028,1
1029,0
1030,1
1031,0
1032,1
1033,1
1034,1
1035,1
1036,1
1037,0
1038,1
1039,1
1040,1
1041,0
1042,1
1043,0
1044,1
1045,0
1046,1
1047,0
1048,0
1049,0
1050,0
1051,1
1052,0
1053,0
1054,0
1055,1
1056,1
1057,1
1058,1
1059,1
1060,1
1061,0
1062,1
1063,0
1064,1
1065,0
1066,1
1067,0
1068,0
1069,0
1070,0
1071,1
1072,0
1073,1
1074,1
1075,0
1076,0
1077,0
1078,1
1079,1
1080,1
1081,0
1082,0
1083,1
1084,1
1085,0
1086,0
1087,1
1088,1
1089,0
1090,0
1091,1
1092,1
1093,1
1094,0
1095,0
1096,0
1097,0
1098,1
1099,0
1100,1
1101,0
1102,0
1103,0
1104,1
1105,0
1106,1
1107,0
1108,0
1109,0
1110,0
1111,0
1112,1
1113,0
1114,1
1115,1
1116,0
1117,1
1118,1
1119,0
1120,1
1121,1
1122,1
1123,0
1124,1
1125,1
1126,1
1127,1
1128,0
1129,0
1130,1
1131,1
1132,0
1133,0
1134,0
1135,0
1136,1
1137,1
1138,1
1139,1
1140,1
1141,1
1142,1
1143,1
1144,0
1145,1
1146,1
1147,1
1148,1
1149,1
1150,0
1151,1
1152,1
1153,1
1154,0
1155,1
1156,1
1157,1
1158,1
1159,1
1160,0
1161,1
1162,0
1163,0
1164,1
1165,0
1166,1
1167,1
1168,1
1169,1
1170,1
1171,1
1172,1
1173,1
1174,1
1175,1
1176,0
1177,1
1178,1
1179,0
1180,0
1181,0
1182,0
1183,0
1184,0
1185,1
1186,0
1187,1
1188,0
1189,1
1190,1
1191,1
1192,1
1193,1
1194,0
1195,1
1196,0
1197,0
1198,0
1199,0
1200,1
1201,1
1202,1
1203,1
1204,0
1205,1
1206,0
1207,1
1208,0
1209,1
1210,0
1211,0
1212,1
1213,1
1214,0
1215,0
1216,0
1217,0
1218,0
1219,0
1220,0
1221,1
1222,0
1223,0
1224,0
1225,0
1226,0
1227,0
1228,0
1229,1
1230,0
1231,0
1232,0
1233,0
1234,1
1235,1
1236,0
1237,1
1238,1
1239,0
1240,1
1241,1
1242,0
1243,1
1244,0
1245,0
1246,1
1247,0
1248,0
1249,1
1250,0
1251,1
1252,0
1253,1
1254,0
1255,0
1256,0
1257,0
1258,1
1259,1
1260,1
1261,0
1262,0
1263,1
1264,0
1265,1
1266,1
1267,1
1268,1
1269,1
1270,1
1271,1
1272,1
1273,1
1274,1
1275,1
1276,1
1277,0
1278,1
1279,1
1280,1
1281,0
1282,1
1283,1
1284,1
1285,0
1286,0
1287,1
1288,1
1289,1
1290,1
1291,0
1292,1
1293,1
1294,1
1295,1
1296,1
1297,1
1298,1
1299,1
1300,1
1301,1
1302,0
1303,0
1304,1
1305,1
1306,0
1307,1
1308,1
1309,1
1310,1
1311,1
1312,1
1313,1
1314,0
1315,1
1316,0
1317,0
1318,0
1319,0
1320,0
1321,1
1322,1
1323,1
1324,0
1325,0
1326,0
1327,0
1328,1
1329,1
1330,0
1331,1
1332,0
1333,1
1334,1
1335,0
1336,1
1337,1
1338,1
1339,1
1340,0
1341,1
1342,0
1343,0
1344,0
1345,1
1346,0
1347,1
1348,1
1349,1
1350,1
1351,1
1352,0
1353,1
1354,1
1355,1
1356,0
1357,1
1358,0
1359,0
1360,0
1361,0
1362,1
1363,0
1364,1
1365,1
1366,0
1367,1
1368,0
1369,1
1370,0
1371,0
1372,1
1373,1
1374,1
1375,1
1376,0
1377,1
1378,0
1379,1
1380,0
1381,1
1382,1
1383,1
1384,0
1385,1
1386,1
1387,1
1388,0
1389,0
1390,0
1391,1
1392,0
1393,0
1394,0
1395,0
1396,0
1397,0
1398,0
1399,0
1400,1
1401,1
1402,1
1403,1
1404,0
1405,1
1406,1
1407,0
1408,0
1409,1
1410,0
1411,0
1412,0
1413,1
1414,0
1415,1
1416,0
1417,0
1418,0
1419,1
1420,1
1421,0
1422,1
1423,1
1424,1
1425,0
1426,0
1427,0
1428,0
1429,0
1430,0
1431,1
1432,0
1433,1
1434,0
1435,1
1436,0
1437,0
1438,0
1439,0
1440,1
1441,0
1442,0
1443,1
1444,1
1445,0
1446,1
1447,1
1448,1
1449,1
1450,1
1451,1
1452,0
1453,0
1454,1
1455,1
1456,1
1457,0
1458,1
1459,0
1460,1
1461,1
1462,1
1463,0
1464,1
1465,0
1466,0
1467,0
1468,0
1469,0
1470,0
1471,1
1472,1
1473,0
1474,1
1475,1
1476,0
1477,0
1478,1
1479,0
1480,1
1481,1
1482,1
1483,0
1484,1
1485,1
1486,0
1487,0
1488,1
1489,1
1490,1
1491,0
1492,1
1493,0
1494,0
1495,1
1496,1
1497,0
1498,1
1499,0
1500,0
1501,1
1502,0
1503,0
1504,0
1505,1
1506,0
1507,0
1508,0
1509,0
1510,0
1511,0
1512,0
1513,1
1514,1
1515,1
1516,0
1517,1
1518,1
1519,1
1520,0
1521,0
1522,0
1523,0
1524,0
1525,0
1526,0
1527,0
1528,0
1529,0
1530,0
1531,0
1532,0
1533,1
1534,0
1535,0
1536,1
1537,1
1538,0
1539,1
1540,0
1541,1
1542,0
1543,1
1544,0
1545,1
1546,0
1547,1
1548,1
1549,0
1550,0
1551,1
1552,1
1553,0
1554,1
1555,0
1556,1
1557,0
1558,1
1559,0
1560,1
1561,0
1562,1
1563,0
1564,1
1565,1
1566,1
1567,0
1568,1
1569,0
1570,1
1571,0
1572,1
1573,0
1574,1
1575,0
1576,0
1577,0
1578,1
1579,0
1580,1
1581,0
1582,1
1583,0
1584,1
1585,0
1586,0
1587,0
1588,1
1589,0
1590,1
1591,0
1592,1
1593,0
1594,0
1595,0
1596,0
1597,0
1598,0
1599,0
1600,1
1601,0
1602,1
1603,0
1604,1
1605,0
1606,1
1607,0
1608,0
1609,0
1610,1
1611,0
1612,1
1613,0
1614,0
1615,0
1616,1
1617,0
1618,0
1619,0
1620,0
1621,1
1622,0
1623,1
1624,1
1625,0
1626,1
1627,1
1628,0
1629,1
1630,0
1631,0
1632,0
1633,0
1634,1
1635,0
1636,1
1637,0
1638,1
1639,0
1640,1
1641,0
1642,1
1643,0
1644,0
1645,0
1646,0
1647,0
1648,0
1649,0
1650,0
1651,0
1652,0
1653,0
1654,0
1655,0
1656,1
1657,0
1658,0
1659,0
1660,0
1661,0
1662,0
1663,0
1664,0
1665,0
1666,1
1667,0
1668,1
1669,0
1670,1
1671,0
1672,0
1673,0
1674,0
1675,0
1676,0
1677,1
1678,0
1679,0
1680,0
1681,0
1682,0
1683,1
1684,0
1685,0
1686,0
1687,0
1688,0
1689,0
1690,1
1691,0
1692,0
1693,0
1694,0
1695,0
1696,1
1697,1
1698,0
1699,0
1700,0
1701,1
1702,1
1703,1
1704,1
1705,0
1706,1
1707,1
1708,1
1709,0
1710,1
1711,1
1712,0
1713,0
1714,1
1715,1
1716,1
1717,1
1718,0
1719,1
1720,1
1721,0
1722,1
1723,0
1724,1
1725,0
1726,1
1727,0
1728,1
1729,0
1730,1
1731,0
1732,1
1733,1
1734,1
1735,1
1736,1
1737,1
1738,0
1739,1
1740,0
1741,1
1742,0
1743,1
1744,0
1745,1
1746,0
1747,1
1748,0
1749,1
1750,1
1751,1
1752,1
1753,1
1754,1
1755,1
1756,1
1757,0
1758,1
1759,0
1760,1
1761,0
1762,0
1763,0
1764,1
1765,0
1766,0
1767,0
1768,1
1769,1
1770,1
1771,1
1772,0
1773,1
1774,1
1775,1
1776,1
1777,1
1778,1
1779,1
1780,1
1781,1
1782,0
1783,0
1784,1
1785,1
1786,1
1787,1
1788,1
1789,0
1790,1
1791,1
1792,1
1793,1
1794,0
1795,1
1796,1
1797,1
1798,1
1799,0
1800,1
1801,1
1802,0
1803,1
1804,0
1805,1
1806,1
1807,1
1808,0
1809,1
1810,0
1811,1
1812,1
1813,1
1814,1
1815,1
1816,0
1817,1
1818,0
1819,0
1820,1
1821,1
1822,1
1823,1
1824,1
1825,0
1826,0
1827,1
1828,1
1829,0
1830,1
1831,0
1832,1
1833,1
1834,1
1835,1
1836,1
1837,1
1838,1
1839,1
1840,1
1841,1
1842,1
1843,1
1844,1
1845,1
1846,1
1847,1
1848,1
1849,0
1850,0
1851,0
1852,1
1853,0
1854,0
1855,1
1856,1
1857,1
1858,1
1859,1
1860,1
1861,1
1862,0
1863,1
1864,1
1865,1
1866,1
1867,1
1868,1
1869,1
1870,0
1871,0
1872,1
1873,1
1874,1
1875,1
1876,0
1877,1
1878,1
1879,1
1880,1
1881,1
1882,1
1883,1
1884,1
1885,1
1886,1
1887,1
1888,0
1889,1
1890,1
1891,1
1892,1
1893,1
1894,1
1895,0
1896,1
1897,0
1898,1
1899,0
1900,1
1901,1
1902,1
1903,0
1904,1
1905,0
1906,1
1907,1
1908,1
1909,0
1910,1
1911,0
1912,1
1913,0
1914,1
1915,1
1916,1
1917,1
1918,1
1919,1
1920,1
1921,1
1922,1
1923,0
1924,0
1925,0
1926,0
1927,0
1928,1
1929,0
1930,1
1931,1
1932,1
1933,1
1934,0
1935,1
1936,0
1937,1
1938,0
1939,1
1940,1
1941,1
1942,0
1943,0
1944,1
1945,1
1946,1
1947,1
1948,0
1949,1
1950,0
1951,1
1952,0
1953,1
1954,0
1955,1
1956,1
1957,1
1958,0
1959,1
1960,0
1961,1
1962,0
1963,0
1964,1
1965,1
1966,1
1967,1
1968,0
1969,1
1970,0
1971,1
1972,0
1973,1
1974,1
1975,1
1976,1
1977,1
1978,0
1979,0
1980,1
1981,0
1982,1
1983,0
1984,1
1985,1
1986,0
1987,1
1988,1
1989,1
1990,0
1991,1
1992,1
1993,0
1994,1
1995,1
1996,1
1997,1
1998,1
1999,1
2000,0
2001,1
2002,0
2003,1
2004,1
2005,1
2006,1
2007,1
2008,1
2009,1
2010,0
2011,1
2012,1
2013,1
2014,1
2015,1
2016,0
2017,1
2018,1
2019,1
2020,1
2021,0
2022,1
2023,1
2024,1
2025,1
2026,1
2027,0
2028,1
2029,0
2030,1
2031,0
2032,1
2033,0
2034,0
2035,0
2036,1
2037,0
2038,1
2039,0
2040,1
2041,1
2042,1
2043,1
2044,1
2045,0
2046,0
2047,1
2048,1
2049,1
2050,1
2051,0
2052,1
2053,0
2054,1
2055,1
2056,1
2057,1
2058,1
2059,1
2060,0
2061,1
2062,0
2063,1
2064,0
2065,1
2066,0
2067,1
2068,1
2069,1
2070,1
2071,1
2072,1
2073,1
2074,1
2075,1
2076,1
2077,1
2078,1
2079,1
2080,1
2081,1
2082,0
2083,1
2084,0
2085,1
2086,0
2087,1
2088,1
2089,1
2090,1
2091,1
2092,0
2093,1
2094,0
2095,1
2096,0
2097,1
2098,0
2099,1
2100,1
2101,1
2102,1
2103,1
2104,1
2105,1
2106,1
2107,1
2108,1
2109,1
2110,1
2111,1
2112,0
2113,1
2114,0
2115,1
2116,0
2117,1
2118,0
2119,1
2120,0
2121,1
2122,0
2123,1
2124,1
2125,1
2126,1
2127,1
2128,0
2129,1
2130,0
2131,0
2132,0
2133,1
2134,0
2135,1
2136,0
2137,0
2138,0
2139,0
2140,1
2141,1
2142,0
2143,0
2144,1
2145,0
2146,0
2147,1
2148,1
2149,1
2150,0
2151,1
2152,1
2153,0
2154,1
2155,0
2156,1
2157,0
2158,1
2159,1
2160,1
2161,0
2162,0
2163,0
2164,0
2165,0
2166,0
2167,0
2168,0
2169,0
2170,0
2171,0
2172,1
2173,0
2174,0
2175,0
2176,0
2177,0
2178,0
2179,0
2180,0
2181,0
2182,0
2183,0
2184,0
2185,0
2186,0
2187,0
2188,0
2189,0
2190,0
2191,0
2192,0
2193,0
2194,0
2195,0
2196,0
2197,0
2198,0
2199,0
2200,0
2201,0
2202,0
2203,0
2204,0
2205,0
2206,0
2207,0
2208,0
2209,0
2210,0
2211,0
2212,0
2213,0
2214,0
2215,0
2216,0
2217,0
2218,0
2219,0
2220,0
2221,0
2222,0
2223,1
2224,0
2225,0
2226,0
2227,0
2228,0
2229,0
2230,0
2231,0
2232,0
2233,0
2234,0
2235,1
2236,1
2237,1
2238,1
2239,0
2240,0
2241,0
2242,0
2243,0
2244,0
2245,0
2246,0
2247,1
2248,1
2249,1
2250,0
2251,1
2252,1
2253,1
2254,1
2255,1
2256,0
2257,0
2258,1
2259,1
2260,1
2261,1
2262,1
2263,0
2264,0
2265,1
2266,1
2267,0
2268,0
2269,1
2270,1
2271,0
2272,1
2273,0
2274,0
2275,0
2276,0
2277,0
2278,0
2279,0
2280,0
2281,0
2282,0
2283,0
2284,0
2285,0
2286,1
2287,1
2288,0
2289,0
2290,0
2291,0
2292,0
2293,0
2294,0
2295,0
2296,0
2297,0
2298,0
2299,0
2300,0
2301,0
2302,0
2303,0
2304,0
2305,1
2306,1
2307,1
2308,0
2309,1
2310,1
2311,1
2312,1
2313,1
2314,1
2315,0
2316,1
2317,1
2318,1
2319,1
2320,1
2321,1
2322,1
2323,1
2324,1
2325,1
2326,1
2327,1
2328,1
2329,1
2330,1
2331,1
2332,1
2333,1
2334,1
2335,0
2336,0
2337,1
2338,0
2339,0
2340,0
2341,1
2342,1
2343,1
2344,1
2345,1
2346,1
2347,1
2348,1
2349,1
2350,1
2351,1
2352,1
2353,0
2354,0
2355,0
2356,1
2357,1
2358,1
2359,1
2360,1
2361,1
2362,1
2363,1
2364,1
2365,0
2366,1
2367,1
2368,0
2369,1
2370,1
2371,1
2372,1
2373,0
2374,0
2375,1
2376,1
2377,1
2378,1
2379,1
2380,1
2381,1
2382,1
2383,1
2384,1
2385,1
2386,1
2387,1
2388,1
2389,1
2390,1
2391,1
2392,1
2393,0
2394,1
2395,1
2396,1
2397,1
2398,1
2399,1
2400,1
2401,1
2402,1
2403,1
2404,1
2405,1
2406,1
2407,1
2408,1
2409,0
2410,1
2411,1
2412,0
2413,1
2414,1
2415,1
2416,1
2417,1
2418,1
2419,0
2420,1
2421,0
2422,1
2423,1
2424,1
2425,1
2426,0
2427,1
2428,1
2429,1
2430,1
2431,1
2432,1
2433,1
2434,1
2435,1
2436,1
2437,0
2438,1
2439,1
2440,1
2441,1
2442,1
2443,1
2444,1
2445,1
2446,1
2447,1
2448,1
2449,1
2450,1
2451,1
2452,1
2453,1
2454,1
2455,1
2456,1
2457,0
2458,1
2459,1
2460,1
2461,1
2462,1
2463,1
2464,1
2465,1
2466,1
2467,1
2468,1
2469,1
2470,1
2471,1
2472,1
2473,1
2474,1
2475,1
2476,1
2477,1
2478,1
2479,1
2480,1
2481,1
2482,1
2483,1
2484,1
2485,1
2486,1
2487,1
2488,0
2489,1
2490,1
2491,1
2492,1
2493,1
2494,1
2495,1
2496,1
2497,1
2498,1
2499,1
2500,1
2501,1
2502,1
2503,0
2504,1
2505,1
2506,1
2507,1
2508,1
2509,1
2510,1
2511,1
2512,1
2513,1
2514,1
2515,1
2516,1
2517,1
2518,1
2519,1
2520,1
2521,1
2522,1
2523,1
2524,1
2525,1
2526,1
2527,1
2528,1
2529,1
2530,1
2531,1
2532,1
2533,1
2534,1
2535,1
2536,1
2537,1
2538,1
2539,1
2540,1
2541,1
2542,1
2543,1
2544,1
2545,1
2546,1
2547,0
2548,1
2549,1
2550,1
2551,1
2552,1
2553,1
2554,1
2555,1
2556,1
2557,1
2558,1
2559,1
2560,1
2561,1
2562,1
2563,1
2564,1
2565,1
2566,1
2567,1
2568,1
2569,1
2570,1
2571,1
2572,1
2573,1
2574,1
2575,1
2576,1
2577,1
2578,1
2579,1
2580,1
2581,1
2582,1
2583,1
2584,1
2585,1
2586,1
2587,1
2588,1
2589,1
2590,1
2591,1
2592,0
2593,1
2594,1
2595,1
2596,1
2597,1
2598,1
2599,1
2600,1
2601,0
2602,1
2603,1
2604,1
2605,1
2606,0
2607,1
2608,1
2609,1
2610,1
2611,1
2612,1
2613,1
2614,1
2615,1
2616,1
2617,1
2618,1
2619,1
2620,1
2621,1
2622,1
2623,0
2624,1
2625,1
2626,1
2627,1
2628,1
2629,1
2630,1
2631,1
2632,0
2633,1
2634,1
2635,1
2636,1
2637,0
2638,1
2639,1
2640,1
2641,1
2642,1
2643,1
2644,1
2645,1
2646,1
2647,1
2648,1
2649,1
2650,1
2651,1
2652,1
2653,1
2654,1
2655,1
2656,1
2657,1
2658,1
2659,1
2660,1
2661,1
2662,1
2663,1
2664,1
2665,1
2666,1
2667,1
2668,1
2669,1
2670,1
2671,1
2672,1
2673,1
2674,1
2675,1
2676,1
2677,1
2678,1
2679,1
2680,1
2681,1
2682,1
2683,1
2684,1
2685,1
2686,1
2687,1
2688,1
2689,1
2690,1
2691,1
2692,1
2693,1
2694,1
2695,1
2696,1
2697,1
2698,1
2699,0
2700,1
2701,1
2702,1
2703,1
2704,1
2705,1
2706,1
2707,0
2708,1
2709,0
2710,1
2711,0
2712,1
2713,1
2714,1
2715,1
2716,1
2717,0
2718,1
2719,1
2720,0
2721,1
2722,1
2723,1
2724,1
2725,1
2726,1
2727,1
2728,1
2729,1
2730,1
2731,1
2732,1
2733,1
2734,1
2735,1
2736,0
2737,1
2738,1
2739,1
2740,1
2741,0
2742,1
2743,1
2744,1
2745,1
2746,1
2747,1
2748,1
2749,1
2750,1
2751,1
2752,1
2753,0
2754,1
2755,1
2756,1
2757,1
2758,1
2759,1
2760,1
2761,1
2762,1
2763,1
2764,1
2765,1
2766,1
2767,1
2768,1
2769,0
2770,1
2771,1
2772,1
2773,1
2774,0
2775,1
2776,1
2777,1
2778,1
2779,1
2780,1
2781,1
2782,1
2783,1
2784,1
2785,1
2786,1
2787,1
2788,1
2789,1
2790,1
2791,1
2792,1
2793,1
2794,1
2795,1
2796,1
2797,1
2798,1
2799,1
2800,1
2801,1
2802,1
2803,1
2804,1
2805,1
2806,1
2807,1
2808,1
2809,1
2810,1
2811,1
2812,1
2813,1
2814,1
2815,1
2816,1
2817,1
2818,1
2819,1
2820,0
2821,1
2822,1
2823,0
2824,1
2825,1
2826,1
2827,1
2828,1
2829,1
2830,1
2831,1
2832,1
2833,1
2834,1
2835,1
2836,1
2837,1
2838,1
2839,1
2840,1
2841,1
2842,1
2843,1
2844,1
2845,1
2846,1
2847,1
2848,1
2849,1
2850,1
2851,1
2852,1
2853,1
2854,1
2855,1
2856,1
2857,1
2858,1
2859,1
2860,1
2861,1
2862,1
2863,1
2864,1
2865,1
2866,1
2867,1
2868,1
2869,1
2870,1
2871,1
2872,1
2873,1
2874,1
2875,1
2876,1
2877,1
2878,1
2879,1
2880,1
2881,1
2882,0
2883,1
2884,1
2885,1
2886,1
2887,1
2888,1
2889,1
2890,1
2891,0
2892,1
2893,0
2894,1
2895,1
2896,1
2897,1
2898,0
2899,1
2900,1
2901,1
2902,1
2903,1
2904,1
2905,1
2906,1
2907,1
2908,1
2909,1
2910,1
2911,1
2912,1
2913,1
2914,1
2915,1
2916,1
2917,1
2918,1
2919,1
2920,1
2921,1
2922,1
2923,1
2924,1
2925,1
2926,1
2927,1
2928,1
2929,1
2930,1
2931,1
2932,1
2933,1
2934,1
2935,0
2936,0
2937,1
2938,1
2939,1
2940,1
2941,1
2942,1
2943,0
2944,1
2945,1
2946,1
2947,1
2948,1
2949,1
2950,1
2951,1
2952,1
2953,1
2954,1
2955,1
2956,1
2957,1
2958,1
2959,1
2960,1
2961,1
2962,1
2963,1
2964,0
2965,1
2966,1
2967,0
2968,1
2969,1
2970,1
2971,1
2972,1
2973,1
2974,1
2975,1
2976,1
2977,1
2978,1
2979,1
2980,1
2981,1
2982,1
2983,0
2984,1
2985,0
2986,1
2987,1
2988,1
2989,1
2990,1
2991,1
2992,1
2993,1
2994,1
2995,1
2996,1
2997,1
2998,1
2999,1
3000,1
3001,1
3002,1
3003,0
3004,1
3005,1
3006,1
3007,1
3008,1
3009,1
3010,1
3011,1
3012,1
3013,1
3014,1
3015,1
3016,1
3017,1
3018,0
3019,1
3020,1
3021,1
3022,1
3023,1
3024,0
3025,1
3026,0
3027,1
3028,1
3029,1
3030,1
3031,1
3032,1
3033,1
3034,1
3035,1
3036,1
3037,1
3038,1
3039,1
3040,1
3041,1
3042,1
3043,0
3044,1
3045,1
3046,1
3047,1
3048,1
3049,1
3050,1
3051,0
3052,1
3053,1
3054,1
3055,1
3056,1
3057,1
3058,1
3059,1
3060,0
3061,1
3062,1
3063,1
3064,1
3065,1
3066,1
3067,1
3068,1
3069,1
3070,1
3071,1
3072,1
3073,1
3074,1
3075,1
3076,1
3077,1
3078,1
3079,1
3080,1
3081,0
3082,1
3083,1
3084,1
3085,1
3086,1
3087,1
3088,1
3089,1
3090,1
3091,1
3092,0
3093,1
3094,1
3095,1
3096,1
3097,1
3098,1
3099,1
3100,1
3101,1
3102,1
3103,1
3104,1
3105,1
3106,1
3107,1
3108,1
3109,1
3110,1
3111,1
3112,1
3113,1
3114,1
3115,1
3116,1
3117,1
3118,1
3119,1
3120,1
3121,1
3122,1
3123,1
3124,0
3125,1
3126,1
3127,1
3128,1
3129,1
3130,1
3131,1
3132,1
3133,1
3134,1
3135,1
3136,1
3137,1
3138,0
3139,1
3140,1
3141,1
3142,1
3143,1
3144,1
3145,1
3146,1
3147,1
3148,1
3149,1
3150,1
3151,1
3152,1
3153,1
3154,1
3155,1
3156,1
3157,1
3158,0
3159,1
3160,0
3161,1
3162,1
3163,1
3164,1
3165,1
3166,1
3167,1
3168,1
3169,1
3170,1
3171,1
3172,1
3173,1
3174,1
3175,1
3176,1
3177,1
3178,1
3179,1
3180,1
3181,1
3182,1
3183,0
3184,0
3185,1
3186,1
3187,1
3188,1
3189,1
3190,0
3191,1
3192,1
3193,1
3194,1
3195,1
3196,1
3197,1
3198,1
3199,1
3200,1
3201,1
3202,1
3203,1
3204,1
3205,1
3206,1
3207,1
3208,1
3209,1
3210,1
3211,1
3212,1
3213,1
3214,1
3215,1
3216,1
3217,1
3218,1
3219,1
3220,1
3221,1
3222,1
3223,1
3224,1
3225,1
3226,1
3227,1
3228,1
3229,1
3230,1
3231,1
3232,1
3233,1
3234,1
3235,1
3236,1
3237,1
3238,1
3239,1
3240,1
3241,1
3242,1
3243,1
3244,1
3245,1
3246,1
3247,1
3248,1
3249,1
3250,1
3251,1
3252,1
3253,1
3254,1
3255,1
3256,1
3257,1
3258,1
3259,1
3260,1
3261,1
3262,1
3263,1
3264,1
3265,1
3266,1
3267,1
3268,1
3269,1
3270,1
3271,1
3272,1
3273,1
3274,1
3275,0
3276,1
3277,1
3278,1
3279,1
3280,1
3281,1
3282,1
3283,0
3284,1
3285,1
3286,1
3287,1
3288,1
3289,1
3290,1
3291,1
3292,1
3293,1
3294,1
3295,1
3296,1
3297,1
3298,1
3299,1
3300,1
3301,1
3302,1
3303,1
3304,1
3305,1
3306,1
3307,1
3308,1
3309,1
3310,1
3311,0
3312,1
3313,1
3314,1
3315,1
3316,1
3317,1
3318,1
3319,1
3320,1
3321,1
3322,1
3323,1
3324,1
3325,1
3326,1
3327,1
3328,1
3329,1
3330,1
3331,1
3332,1
3333,1
3334,1
3335,1
3336,1
3337,1
3338,1
3339,1
3340,1
3341,1
3342,1
3343,1
3344,1
3345,1
3346,1
3347,1
3348,1
3349,1
3350,1
3351,1
3352,1
3353,1
3354,1
3355,1
3356,1
3357,1
3358,1
3359,1
3360,1
3361,1
3362,1
3363,1
3364,1
3365,1
3366,1
3367,1
3368,1
3369,1
3370,1
3371,1
3372,1
3373,1
3374,1
3375,1
3376,1
3377,1
3378,1
3379,1
3380,1
3381,1
3382,1
3383,1
3384,1
3385,1
3386,1
3387,1
3388,1
3389,1
3390,1
3391,1
3392,1
3393,1
3394,1
3395,1
3396,1
3397,1
3398,1
3399,1
3400,1
3401,1
3402,1
3403,1
3404,1
3405,1
3406,1
3407,1
3408,1
3409,1
3410,1
3411,1
3412,1
3413,1
3414,1
3415,1
3416,1
3417,1
3418,1
3419,1
3420,1
3421,1
3422,1
3423,1
3424,1
3425,0
3426,1
3427,1
3428,1
3429,1
3430,1
3431,1
3432,1
3433,1
3434,1
3435,1
3436,1
3437,1
3438,1
3439,1
3440,1
3441,1
3442,1
3443,1
3444,1
3445,1
3446,1
3447,1
3448,1
3449,1
3450,1
3451,1
3452,1
3453,1
3454,1
3455,1
3456,1
3457,1
3458,1
3459,1
3460,1
3461,1
3462,1
3463,1
3464,1
3465,1
3466,1
3467,1
3468,1
3469,1
3470,1
3471,1
3472,1
3473,1
3474,1
3475,1
3476,1
3477,1
3478,1
3479,1
3480,1
3481,1
3482,1
3483,1
3484,1
3485,1
3486,1
3487,1
3488,1
3489,1
3490,1
3491,1
3492,1
3493,1
3494,1
3495,1
3496,1
3497,1
3498,1
3499,1
3500,1
3501,1
3502,1
3503,1
3504,1
3505,1
3506,1
3507,1
3508,1
3509,1
3510,1
3511,1
3512,1
3513,1
3514,1
3515,1
3516,1
3517,1
3518,1
3519,1
3520,1
3521,1
3522,1
3523,1
3524,1
3525,1
3526,1
3527,1
3528,1
3529,1
3530,1
3531,1
3532,1
3533,1
3534,1
3535,0
3536,1
3537,1
3538,1
3539,1
3540,1
3541,1
3542,1
3543,1
3544,1
3545,1
3546,1
3547,1
3548,1
3549,1
3550,1
3551,0
3552,1
3553,1
3554,1
3555,1
3556,1
3557,1
3558,1
3559,1
3560,1
3561,1
3562,1
3563,1
3564,1
3565,0
3566,0
3567,1
3568,1
3569,1
3570,1
3571,0
3572,1
3573,1
3574,1
3575,1
3576,1
3577,1
3578,1
3579,1
3580,1
3581,1
3582,1
3583,1
3584,1
3585,1
3586,1
3587,1
3588,1
3589,1
3590,1
3591,1
3592,1
3593,1
3594,1
3595,1
3596,1
3597,1
3598,1
3599,1
3600,1
3601,1
3602,1
3603,1
3604,1
3605,1
3606,1
3607,1
3608,1
3609,1
3610,1
3611,1
3612,1
3613,1
3614,1
3615,1
3616,1
3617,1
3618,1
3619,1
3620,1
3621,1
3622,1
3623,1
3624,1
3625,1
3626,1
3627,1
3628,1
3629,1
3630,1
3631,1
3632,1
3633,1
3634,1
3635,1
3636,1
3637,1
3638,1
3639,1
3640,1
3641,1
3642,1
3643,1
3644,1
3645,1
3646,0
3647,1
3648,1
3649,1
3650,1
3651,0
3652,0
3653,1
3654,1
3655,1
3656,0
3657,1
3658,1
3659,1
3660,1
3661,1
3662,1
3663,1
3664,1
3665,1
3666,1
3667,0
3668,1
3669,1
3670,1
3671,1
3672,1
3673,1
3674,1
3675,1
3676,1
3677,1
3678,1
3679,1
3680,1
3681,1
3682,1
3683,1
3684,1
3685,1
3686,1
3687,1
3688,1
3689,1
3690,1
3691,1
3692,1
3693,1
3694,0
3695,1
3696,1
3697,1
3698,1
3699,1
3700,1
3701,1
3702,1
3703,1
3704,1
3705,1
3706,1
3707,1
3708,1
3709,1
3710,1
3711,1
3712,1
3713,1
3714,1
3715,1
3716,1
3717,1
3718,1
3719,1
3720,1
3721,1
3722,1
3723,1
3724,1
3725,1
3726,1
3727,1
3728,1
3729,1
3730,1
3731,1
3732,1
3733,1
3734,1
3735,1
3736,1
3737,1
3738,1
3739,1
3740,1
3741,1
3742,1
3743,1
3744,1
3745,1
3746,1
3747,1
3748,1
3749,1
3750,1
3751,1
3752,1
3753,1
3754,1
3755,1
3756,1
3757,1
3758,1
3759,1
3760,1
3761,1
3762,1
3763,1
3764,1
3765,1
3766,1
3767,1
3768,1
3769,1
3770,1
3771,1
3772,1
3773,1
3774,1
3775,1
3776,1
3777,1
3778,1
3779,1
3780,1
3781,1
3782,1
3783,1
3784,1
3785,1
3786,1
3787,1
3788,1
3789,1
3790,1
3791,1
3792,1
3793,1
3794,1
3795,1
3796,1
3797,1
3798,1
3799,1
3800,1
3801,1
3802,1
3803,1
3804,1
3805,1
3806,1
3807,1
3808,1
3809,1
3810,1
3811,1
3812,1
3813,1
3814,1
3815,1
3816,1
3817,1
3818,0
3819,1
3820,0
3821,0
3822,0
3823,0
3824,0
3825,0
3826,1
3827,0
3828,0
3829,0
3830,0
3831,0
3832,0
3833,1
3834,0
3835,0
3836,0
3837,0
3838,0
3839,0
3840,0
3841,0
3842,0
3843,0
3844,0
3845,0
3846,0
3847,0
3848,0
3849,0
3850,0
3851,0
3852,0
3853,0
3854,0
3855,0
3856,0
3857,0
3858,0
3859,0
3860,0
3861,0
3862,0
3863,0
3864,0
3865,0
3866,0
3867,0
3868,0
3869,0
3870,0
3871,0
3872,0
3873,0
3874,0
3875,0
3876,0
3877,0
3878,0
3879,0
3880,0
3881,0
3882,0
3883,0
3884,0
3885,0
3886,0
3887,0
3888,0
3889,0
3890,0
3891,0
3892,0
3893,1
3894,0
3895,0
3896,0
3897,0
3898,0
3899,0
3900,0
3901,0
3902,0
3903,0
3904,0
3905,0
3906,0
3907,0
3908,0
3909,0
3910,0
3911,0
3912,0
3913,0
3914,0
3915,0
3916,0
3917,0
3918,0
3919,0
3920,0
3921,0
3922,0
3923,0
3924,0
3925,0
3926,0
3927,0
3928,0
3929,0
3930,0
3931,0
3932,0
3933,0
3934,0
3935,0
3936,0
3937,0
3938,0
3939,1
3940,0
3941,0
3942,0
3943,0
3944,0
3945,0
3946,0
3947,0
3948,0
3949,0
3950,0
3951,0
3952,0
3953,0
3954,0
3955,0
3956,0
3957,0
3958,0
3959,0
3960,0
3961,0
3962,0
3963,0
3964,0
3965,0
3966,0
3967,0
3968,0
3969,0
3970,0
3971,0
3972,0
3973,0
3974,0
3975,1
3976,0
3977,0
3978,0
3979,1
3980,0
3981,0
3982,1
3983,0
3984,0
3985,0
3986,0
3987,0
3988,0
3989,0
3990,0
3991,0
3992,0
3993,0
3994,0
3995,0
3996,0
3997,0
3998,0
3999,0
4000,0
4001,0
4002,0
4003,0
4004,0
4005,0
4006,1
4007,0
4008,1
4009,0
4010,1
4011,0
4012,0
4013,0
4014,0
4015,0
4016,0
4017,0
4018,0
4019,0
4020,0
4021,0
4022,0
4023,0
4024,0
4025,0
4026,0
4027,1
4028,0
4029,0
4030,0
4031,0
4032,0
4033,0
4034,0
4035,0
4036,0
4037,0
4038,0
4039,0
4040,0
4041,0
4042,0
4043,0
4044,0
4045,0
4046,0
4047,0
4048,0
4049,1
4050,0
4051,0
4052,0
4053,0
4054,0
4055,0
4056,0
4057,0
4058,0
4059,0
4060,0
4061,0
4062,0
4063,0
4064,0
4065,0
4066,0
4067,0
4068,0
4069,0
4070,0
4071,0
4072,0
4073,0
4074,0
4075,0
4076,0
4077,0
4078,0
4079,0
4080,0
4081,0
4082,0
4083,0
4084,0
4085,0
4086,0
4087,0
4088,0
4089,0
4090,0
4091,0
4092,0
4093,0
4094,0
4095,0
4096,0
4097,0
4098,0
4099,0
4100,0
4101,0
4102,0
4103,0
4104,0
4105,0
4106,0
4107,0
4108,0
4109,0
4110,0
4111,0
4112,0
4113,0
4114,0
4115,0
4116,0
4117,0
4118,0
4119,0
4120,0
4121,0
4122,0
4123,0
4124,0
4125,0
4126,0
4127,0
4128,0
4129,0
4130,0
4131,0
4132,0
4133,0
4134,0
4135,0
4136,0
4137,0
4138,1
4139,0
4140,0
4141,0
4142,0
4143,0
4144,0
4145,0
4146,0
4147,0
4148,0
4149,0
4150,0
4151,0
4152,0
4153,0
4154,0
4155,0
4156,1
4157,0
4158,0
4159,0
4160,0
4161,0
4162,0
4163,0
4164,0
4165,0
4166,0
4167,0
4168,0
4169,0
4170,0
4171,0
4172,0
4173,0
4174,0
4175,0
4176,0
4177,0
4178,0
4179,0
4180,0
4181,0
4182,0
4183,0
4184,0
4185,0
4186,0
4187,0
4188,0
4189,0
4190,0
4191,0
4192,0
4193,0
4194,0
4195,0
4196,0
4197,0
4198,0
4199,0
4200,0
4201,0
4202,0
4203,0
4204,0
4205,0
4206,0
4207,0
4208,0
4209,0
4210,0
4211,0
4212,0
4213,0
4214,0
4215,0
4216,0
4217,0
4218,0
4219,0
4220,0
4221,0
4222,0
4223,0
4224,0
4225,0
4226,0
4227,0
4228,0
4229,0
4230,0
4231,0
4232,0
4233,0
4234,0
4235,0
4236,0
4237,0
4238,0
4239,0
4240,0
4241,0
4242,0
4243,0
4244,0
4245,0
4246,0
4247,0
4248,0
4249,0
4250,0
4251,0
4252,0
4253,0
4254,0
4255,0
4256,0
4257,0
4258,0
4259,0
4260,0
4261,0
4262,0
4263,0
4264,0
4265,0
4266,0
4267,0
4268,0
4269,0
4270,0
4271,0
4272,0
4273,0
4274,0
4275,0
4276,0
4277,0
4278,0
4279,0
4280,0
4281,0
4282,0
4283,0
4284,0
4285,0
4286,0
4287,0
4288,0
4289,0
4290,0
4291,0
4292,0
4293,0
4294,0
4295,0
4296,0
4297,0
4298,0
4299,0
4300,0
4301,0
4302,0
4303,0
4304,0
4305,0
4306,0
4307,0
4308,0
4309,0
4310,0
4311,0
4312,0
4313,0
4314,0
4315,0
4316,0
4317,0
4318,0
4319,0
4320,0
4321,0
4322,0
4323,0
4324,0
4325,0
4326,0
4327,0
4328,0
4329,0
4330,0
4331,0
4332,0
4333,0
4334,0
4335,0
4336,0
4337,1
4338,1
4339,0
4340,0
4341,0
4342,0
4343,0
4344,0
4345,0
4346,0
4347,0
4348,0
4349,0
4350,0
4351,0
4352,0
4353,0
4354,0
4355,0
4356,0
4357,0
4358,0
4359,0
4360,0
4361,0
4362,0
4363,0
4364,0
4365,0
4366,0
4367,0
4368,0
4369,0
4370,0
4371,0
4372,0
4373,0
4374,0
4375,0
4376,0
4377,0
4378,0
4379,0
4380,0
4381,0
4382,0
4383,0
4384,0
4385,0
4386,0
4387,0
4388,0
4389,0
4390,0
4391,0
4392,1
4393,0
4394,1
4395,0
4396,0
4397,0
4398,0
4399,0
4400,0
4401,0
4402,0
4403,0
4404,0
4405,0
4406,0
4407,0
4408,0
4409,0
4410,0
4411,0
4412,0
4413,0
4414,1
4415,0
4416,0
4417,0
4418,0
4419,0
4420,0
4421,0
4422,0
4423,0
4424,0
4425,0
4426,0
4427,0
4428,0
4429,0
4430,0
4431,0
4432,0
4433,0
4434,0
4435,1
4436,0
4437,0
4438,0
4439,0
4440,0
4441,0
4442,0
4443,0
4444,0
4445,0
4446,0
4447,1
4448,0
4449,0
4450,0
4451,0
4452,0
4453,0
4454,0
4455,0
4456,0
4457,0
4458,0
4459,0
4460,0
4461,0
4462,0
4463,0
4464,0
4465,1
4466,0
4467,0
4468,0
4469,0
4470,0
4471,0
4472,0
4473,0
4474,0
4475,0
4476,0
4477,0
4478,0
4479,0
4480,0
4481,0
4482,0
4483,0
4484,0
4485,0
4486,0
4487,0
4488,0
4489,0
4490,0
4491,0
4492,0
4493,0
4494,0
4495,0
4496,0
4497,0
4498,0
4499,0
4500,0
4501,0
4502,0
4503,0
4504,0
4505,0
4506,0
4507,0
4508,0
4509,0
4510,0
4511,0
4512,0
4513,0
4514,0
4515,0
4516,0
4517,0
4518,0
4519,0
4520,0
4521,0
4522,0
4523,0
4524,0
4525,0
4526,0
4527,0
4528,0
4529,0
4530,0
4531,0
4532,0
4533,0
4534,0
4535,1
4536,0
4537,0
4538,0
4539,0
4540,0
4541,0
4542,0
4543,0
4544,0
4545,1
4546,0
4547,0
4548,0
4549,0
4550,0
4551,0
4552,0
4553,0
4554,0
4555,0
4556,0
4557,0
4558,0
4559,0
4560,0
4561,0
4562,0
4563,0
4564,0
4565,0
4566,0
4567,0
4568,0
4569,0
4570,0
4571,0
4572,0
4573,0
4574,0
4575,0
4576,0
4577,0
4578,0
4579,0
4580,0
4581,0
4582,0
4583,0
4584,0
4585,0
4586,0
4587,0
4588,0
4589,0
4590,0
4591,0
4592,0
4593,0
4594,0
4595,0
4596,0
4597,0
4598,0
4599,0
4600,0
4601,0
4602,0
4603,0
4604,0
4605,0
4606,0
4607,0
4608,0
4609,0
4610,0
4611,0
4612,0
4613,0
4614,0
4615,0
4616,0
4617,0
4618,0
4619,0
4620,0
4621,0
4622,0
4623,0
4624,0
4625,0
4626,0
4627,0
4628,0
4629,0
4630,0
4631,0
4632,0
4633,0
4634,0
4635,1
4636,0
4637,0
4638,0
4639,0
4640,0
4641,0
4642,0
4643,0
4644,0
4645,0
4646,0
4647,0
4648,1
4649,0
4650,1
4651,0
4652,0
4653,0
4654,0
4655,0
4656,0
4657,0
4658,0
4659,0
4660,0
4661,0
4662,0
4663,0
4664,0
4665,0
4666,0
4667,0
4668,0
4669,0
4670,0
4671,0
4672,0
4673,0
4674,0
4675,0
4676,0
4677,0
4678,0
4679,0
4680,0
4681,0
4682,0
4683,0
4684,0
4685,0
4686,0
4687,0
4688,0
4689,0
4690,0
4691,0
4692,0
4693,0
4694,0
4695,0
4696,0
4697,0
4698,0
4699,0
4700,0
4701,1
4702,0
4703,0
4704,0
4705,1
4706,1
4707,0
4708,0
4709,0
4710,0
4711,0
4712,0
4713,0
4714,0
4715,0
4716,0
4717,0
4718,0
4719,0
4720,0
4721,0
4722,0
4723,0
4724,0
4725,0
4726,0
4727,0
4728,0
4729,0
4730,0
4731,0
4732,0
4733,0
4734,0
4735,0
4736,0
4737,0
4738,0
4739,0
4740,0
4741,0
4742,0
4743,0
4744,0
4745,0
4746,0
4747,0
4748,0
4749,0
4750,0
4751,0
4752,0
4753,0
4754,0
4755,0
4756,0
4757,0
4758,0
4759,0
4760,0
4761,0
4762,0
4763,0
4764,0
4765,0
4766,0
4767,0
4768,0
4769,0
4770,0
4771,0
4772,0
4773,0
4774,0
4775,0
4776,0
4777,0
4778,0
4779,0
4780,0
4781,0
4782,0
4783,0
4784,0
4785,0
4786,0
4787,0
4788,0
4789,0
4790,0
4791,0
4792,0
4793,0
4794,0
4795,0
4796,0
4797,0
4798,0
4799,0
4800,0
4801,0
4802,0
4803,0
4804,1
4805,0
4806,0
4807,0
4808,0
4809,0
4810,0
4811,0
4812,0
4813,0
4814,0
4815,0
4816,0
4817,0
4818,0
4819,0
4820,0
4821,0
4822,0
4823,0
4824,0
4825,0
4826,0
4827,0
4828,0
4829,0
4830,0
4831,0
4832,0
4833,0
4834,0
4835,1
4836,1
4837,0
4838,0
4839,0
4840,0
4841,0
4842,0
4843,0
4844,0
4845,0
4846,0
4847,0
4848,0
4849,0
4850,0
4851,0
4852,0
4853,0
4854,0
4855,0
4856,0
4857,0
4858,0
4859,0
4860,0
4861,0
4862,0
4863,0
4864,0
4865,0
4866,0
4867,0
4868,0
4869,0
4870,0
4871,0
4872,0
4873,0
4874,0
4875,0
4876,0
4877,0
4878,0
4879,0
4880,0
4881,0
4882,0
4883,0
4884,1
4885,0
4886,0
4887,0
4888,0
4889,0
4890,0
4891,0
4892,0
4893,0
4894,0
4895,0
4896,0
4897,0
4898,0
4899,0
4900,0
4901,0
4902,0
4903,0
4904,0
4905,0
4906,0
4907,0
4908,0
4909,0
4910,0
4911,0
4912,0
4913,0
4914,0
4915,0
4916,0
4917,0
4918,0
4919,0
4920,0
4921,0
4922,0
4923,0
4924,0
4925,0
4926,0
4927,0
4928,0
4929,0
4930,0
4931,0
4932,0
4933,0
4934,0
4935,0
4936,0
4937,0
4938,0
4939,0
4940,0
4941,0
4942,1
4943,0
4944,0
4945,0
4946,0
4947,0
4948,1
4949,1
4950,0
4951,0
4952,0
4953,0
4954,0
4955,0
4956,1
4957,0
4958,0
4959,0
4960,0
4961,0
4962,0
4963,0
4964,0
4965,0
4966,0
4967,0
4968,0
4969,0
4970,0
4971,1
4972,0
4973,0
4974,0
4975,0
4976,0
4977,0
4978,1
4979,0
4980,0
4981,0
4982,0
4983,0
4984,0
4985,0
4986,0
4987,0
4988,0
4989,0
4990,0
4991,0
4992,0
4993,0
4994,0
4995,0
4996,0
4997,0
4998,0
4999,0
5000,0
5001,0
5002,0
5003,0
5004,0
5005,0
5006,0
5007,0
5008,0
5009,0
5010,0
5011,0
5012,0
5013,0
5014,0
5015,0
5016,0
5017,0
5018,0
5019,0
5020,0
5021,0
5022,0
5023,0
5024,0
5025,0
5026,0
5027,0
5028,0
5029,0
5030,0
5031,0
5032,0
5033,0
5034,0
5035,0
5036,0
5037,0
5038,0
5039,0
5040,0
5041,0
5042,0
5043,0
5044,0
5045,0
5046,0
5047,0
5048,0
5049,0
5050,0
5051,0
5052,0
5053,0
5054,0
5055,0
5056,0
5057,0
5058,0
5059,0
5060,0
5061,0
5062,0
5063,0
5064,0
5065,0
5066,0
5067,0
5068,0
5069,0
5070,0
5071,0
5072,0
5073,0
5074,0
5075,0
5076,0
5077,0
5078,0
5079,0
5080,0
5081,0
5082,1
5083,0
5084,0
5085,0
5086,0
5087,1
5088,0
5089,1
5090,0
5091,0
5092,0
5093,0
5094,0
5095,0
5096,0
5097,0
5098,1
5099,0
5100,0
5101,1
5102,0
5103,1
5104,0
5105,0
5106,0
5107,0
5108,0
5109,0
5110,0
5111,0
5112,0
5113,0
5114,0
5115,0
5116,0
5117,0
5118,0
5119,0
5120,0
5121,0
5122,0
5123,0
5124,0
5125,0
5126,0
5127,0
5128,0
5129,0
5130,0
5131,0
5132,0
5133,0
5134,0
5135,1
5136,0
5137,0
5138,0
5139,1
5140,0
5141,0
5142,0
5143,0
5144,0
5145,0
5146,0
5147,0
5148,0
5149,0
5150,0
5151,0
5152,0
5153,0
5154,0
5155,0
5156,0
5157,0
5158,0
5159,0
5160,0
5161,0
5162,0
5163,0
5164,0
5165,0
5166,0
5167,0
5168,0
5169,0
5170,0
5171,0
5172,0
5173,0
5174,0
5175,0
5176,0
5177,0
5178,0
5179,1
5180,0
5181,1
5182,1
5183,0
5184,0
5185,0
5186,0
5187,0
5188,0
5189,1
5190,1
5191,0
5192,0
5193,1
5194,0
5195,0
5196,0
5197,1
5198,0
5199,0
5200,0
5201,0
5202,0
5203,0
5204,0
5205,0
5206,0
5207,0
5208,0
5209,0
5210,0
5211,0
5212,0
5213,0
5214,0
5215,0
5216,0
5217,0
5218,0
5219,0
5220,1
5221,0
5222,0
5223,1
5224,0
5225,0
5226,0
5227,0
5228,0
5229,0
5230,0
5231,0
5232,0
5233,0
5234,0
5235,0
5236,0
5237,0
5238,0
5239,0
5240,0
5241,1
5242,0
5243,1
5244,0
5245,0
5246,1
5247,1
5248,0
5249,1
5250,0
5251,1
5252,1
5253,1
5254,1
5255,1
5256,1
5257,1
5258,1
5259,1
5260,1
5261,1
5262,1
5263,1
5264,1
5265,1
5266,1
5267,1
5268,1
5269,0
5270,1
5271,1
5272,1
5273,1
5274,1
5275,1
5276,1
5277,1
5278,1
5279,0
5280,1
5281,1
5282,1
5283,1
5284,1
5285,1
5286,1
5287,1
5288,1
5289,1
5290,1
5291,1
5292,1
5293,1
5294,1
5295,1
5296,1
5297,1
5298,1
5299,1
5300,1
5301,1
5302,1
5303,0
5304,1
5305,1
5306,1
5307,1
5308,1
5309,1
5310,1
5311,1
5312,1
5313,1
5314,1
5315,1
5316,1
5317,1
5318,1
5319,1
5320,1
5321,1
5322,1
5323,1
5324,1
5325,1
5326,1
5327,1
5328,1
5329,1
5330,1
5331,1
5332,1
5333,1
5334,1
5335,0
5336,1
5337,1
5338,1
5339,1
5340,1
5341,1
5342,1
5343,1
5344,1
5345,1
5346,1
5347,1
5348,1
5349,1
5350,1
5351,1
5352,1
5353,1
5354,1
5355,0
5356,1
5357,1
5358,1
5359,1
5360,1
5361,1
5362,1
5363,1
5364,1
5365,1
5366,1
5367,0
5368,0
5369,1
5370,1
5371,1
5372,1
5373,1
5374,1
5375,1
5376,1
5377,1
5378,1
5379,1
5380,1
5381,1
5382,1
5383,1
5384,1
5385,1
5386,1
5387,1
5388,1
5389,1
5390,1
5391,1
5392,0
5393,1
5394,1
5395,1
5396,1
5397,1
5398,0
5399,1
5400,1
5401,1
5402,1
5403,1
5404,1
5405,1
5406,1
5407,1
5408,1
5409,0
5410,1
5411,1
5412,1
5413,1
5414,1
5415,1
5416,1
5417,1
5418,1
5419,1
5420,0
5421,0
5422,1
5423,1
5424,1
5425,1
5426,0
5427,1
5428,1
5429,1
5430,1
5431,1
5432,1
5433,1
5434,1
5435,1
5436,0
5437,1
5438,1
5439,1
5440,1
5441,1
5442,1
5443,1
5444,1
5445,0
5446,1
5447,1
5448,1
5449,1
5450,1
5451,1
5452,1
5453,1
5454,1
5455,1
5456,1
5457,1
5458,1
5459,1
5460,1
5461,1
5462,1
5463,1
5464,0
5465,1
5466,1
5467,1
5468,1
5469,1
5470,1
5471,1
5472,1
5473,1
5474,1
5475,1
5476,1
5477,1
5478,1
5479,1
5480,1
5481,1
5482,1
5483,1
5484,1
5485,1
5486,1
5487,0
5488,1
5489,1
5490,1
5491,1
5492,1
5493,1
5494,1
5495,1
5496,1
5497,1
5498,1
5499,1
5500,1
5501,1
5502,1
5503,1
5504,1
5505,1
5506,1
5507,1
5508,1
5509,1
5510,1
5511,1
5512,1
5513,1
5514,1
5515,1
5516,1
5517,1
5518,1
5519,1
5520,1
5521,1
5522,1
5523,1
5524,1
5525,1
5526,1
5527,1
5528,0
5529,1
5530,1
5531,1
5532,1
5533,1
5534,1
5535,1
5536,1
5537,1
5538,1
5539,1
5540,1
5541,1
5542,1
5543,1
5544,0
5545,1
5546,1
5547,1
5548,1
5549,1
5550,1
5551,1
5552,1
5553,1
5554,1
5555,1
5556,1
5557,1
5558,1
5559,1
5560,1
5561,1
5562,1
5563,1
5564,1
5565,1
5566,1
5567,1
5568,1
5569,1
5570,1
5571,1
5572,1
5573,1
5574,1
5575,1
5576,1
5577,0
5578,1
5579,0
5580,1
5581,1
5582,1
5583,0
5584,1
5585,1
5586,1
5587,1
5588,1
5589,1
5590,1
5591,1
5592,1
5593,1
5594,1
5595,1
5596,1
5597,1
5598,1
5599,1
5600,1
5601,1
5602,1
5603,1
5604,1
5605,1
5606,1
5607,1
5608,1
5609,1
5610,1
5611,1
5612,1
5613,1
5614,1
5615,1
5616,0
5617,1
5618,1
5619,1
5620,1
5621,1
5622,1
5623,1
5624,1
5625,1
5626,1
5627,1
5628,1
5629,1
5630,1
5631,1
5632,1
5633,1
5634,1
5635,1
5636,1
5637,1
5638,1
5639,1
5640,1
5641,1
5642,1
5643,1
5644,1
5645,1
5646,1
5647,0
5648,0
5649,1
5650,1
5651,1
5652,0
5653,1
5654,1
5655,1
5656,1
5657,1
5658,1
5659,1
5660,1
5661,1
5662,1
5663,1
5664,1
5665,1
5666,1
5667,1
5668,1
5669,1
5670,1
5671,1
5672,1
5673,1
5674,1
5675,1
5676,1
5677,1
5678,1
5679,1
5680,1
5681,1
5682,1
5683,1
5684,1
5685,1
5686,1
5687,1
5688,1
5689,1
5690,1
5691,1
5692,1
5693,1
5694,0
5695,1
5696,1
5697,1
5698,1
5699,1
5700,1
5701,1
5702,1
5703,1
5704,1
5705,1
5706,1
5707,1
5708,0
5709,1
5710,1
5711,1
5712,1
5713,1
5714,1
5715,1
5716,1
5717,1
5718,1
5719,1
5720,1
5721,1
5722,1
5723,0
5724,0
5725,1
5726,1
5727,1
5728,0
5729,1
5730,1
5731,1
5732,1
5733,1
5734,1
5735,1
5736,1
5737,1
5738,1
5739,0
5740,0
5741,1
5742,1
5743,1
5744,0
5745,1
5746,1
5747,1
5748,1
5749,1
5750,1
5751,1
5752,1
5753,1
5754,1
5755,1
5756,1
5757,1
5758,1
5759,1
5760,0
5761,1
5762,1
5763,0
5764,1
5765,1
5766,1
5767,1
5768,1
5769,1
5770,1
5771,1
5772,1
5773,1
5774,1
5775,1
5776,0
5777,1
5778,1
5779,1
5780,0
5781,1
5782,1
5783,1
5784,0
5785,1
5786,1
5787,1
5788,1
5789,1
5790,1
5791,1
5792,1
5793,1
5794,1
5795,0
5796,1
5797,1
5798,1
5799,1
5800,1
5801,1
5802,1
5803,1
5804,1
5805,0
5806,1
5807,1
5808,1
5809,1
5810,1
5811,1
5812,1
5813,1
5814,1
5815,1
5816,1
5817,1
5818,1
5819,1
5820,1
5821,1
5822,1
5823,1
5824,1
5825,1
5826,1
5827,1
5828,1
5829,1
5830,1
5831,1
5832,1
5833,1
5834,1
5835,1
5836,1
5837,1
5838,1
5839,1
5840,1
5841,1
5842,1
5843,1
5844,1
5845,1
5846,1
5847,1
5848,1
5849,1
5850,1
5851,1
5852,1
5853,1
5854,1
5855,1
5856,1
5857,1
5858,1
5859,1
5860,1
5861,1
5862,1
5863,0
5864,0
5865,1
5866,1
5867,1
5868,1
5869,1
5870,1
5871,1
5872,1
5873,0
5874,1
5875,1
5876,0
5877,0
5878,1
5879,1
5880,1
5881,1
5882,1
5883,1
5884,1
5885,1
5886,1
5887,1
5888,1
5889,1
5890,0
5891,0
5892,0
5893,1
5894,1
5895,1
5896,1
5897,1
5898,1
5899,1
5900,1
5901,1
5902,1
5903,1
5904,1
5905,1
5906,1
5907,1
5908,0
5909,1
5910,1
5911,0
5912,1
5913,1
5914,1
5915,1
5916,1
5917,1
5918,1
5919,1
5920,1
5921,1
5922,1
5923,1
5924,1
5925,1
5926,1
5927,1
5928,1
5929,1
5930,1
5931,1
5932,1
5933,1
5934,1
5935,1
5936,1
5937,0
5938,1
5939,1
5940,1
5941,1
5942,1
5943,1
5944,1
5945,1
5946,1
5947,1
5948,1
5949,1
5950,1
5951,1
5952,1
5953,1
5954,1
5955,1
5956,1
5957,1
5958,1
5959,1
5960,0
5961,0
5962,0
5963,1
5964,1
5965,1
5966,1
5967,0
5968,0
5969,0
5970,0
5971,0
5972,1
5973,1
5974,1
5975,1
5976,1
5977,1
5978,1
5979,1
5980,1
5981,0
5982,1
5983,1
5984,1
5985,1
5986,1
5987,1
5988,1
5989,1
5990,1
5991,1
5992,1
5993,0
5994,0
5995,1
5996,1
5997,1
5998,0
5999,0
6000,0
6001,0
6002,0
6003,1
6004,1
6005,0
6006,0
6007,1
6008,1
6009,1
6010,1
6011,1
6012,1
6013,0
6014,0
6015,1
6016,1
6017,1
6018,0
6019,1
6020,1
6021,1
6022,1
6023,1
6024,1
6025,1
6026,1
6027,1
6028,1
6029,1
6030,1
6031,1
6032,1
6033,1
6034,1
6035,1
6036,1
6037,1
6038,1
6039,1
6040,1
6041,1
6042,1
6043,1
6044,1
6045,1
6046,1
6047,0
6048,1
6049,1
6050,1
6051,1
6052,1
6053,1
6054,1
6055,1
6056,1
6057,1
6058,1
6059,0
6060,0
6061,1
6062,1
6063,1
6064,1
6065,1
6066,1
6067,1
6068,1
6069,1
6070,1
6071,1
6072,1
6073,1
6074,1
6075,0
6076,1
6077,1
6078,1
6079,1
6080,0
6081,1
6082,1
6083,1
6084,1
6085,1
6086,1
6087,1
6088,1
6089,1
6090,1
6091,1
6092,1
6093,1
6094,1
6095,1
6096,1
6097,1
6098,1
6099,1
6100,1
6101,1
6102,1
6103,1
6104,1
6105,1
6106,1
6107,1
6108,1
6109,1
6110,1
6111,0
6112,1
6113,1
6114,1
6115,1
6116,1
6117,0
6118,1
6119,1
6120,1
6121,1
6122,1
6123,1
6124,1
6125,1
6126,1
6127,1
6128,1
6129,1
6130,1
6131,1
6132,1
6133,1
6134,1
6135,1
6136,1
6137,1
6138,1
6139,1
6140,1
6141,1
6142,1
6143,1
6144,1
6145,1
6146,1
6147,1
6148,1
6149,1
6150,1
6151,1
6152,1
6153,1
6154,1
6155,1
6156,1
6157,1
6158,1
6159,1
6160,1
6161,1
6162,1
6163,1
6164,1
6165,1
6166,1
6167,1
6168,1
6169,1
6170,1
6171,1
6172,1
6173,1
6174,1
6175,0
6176,0
6177,1
6178,1
6179,1
6180,1
6181,1
6182,1
6183,1
6184,1
6185,1
6186,1
6187,1
6188,1
6189,1
6190,1
6191,1
6192,1
6193,1
6194,1
6195,1
6196,1
6197,1
6198,1
6199,1
6200,1
6201,1
6202,1
6203,1
6204,1
6205,1
6206,1
6207,1
6208,1
6209,1
6210,1
6211,1
6212,1
6213,1
6214,1
6215,1
6216,1
6217,1
6218,1
6219,1
6220,1
6221,1
6222,1
6223,1
6224,0
6225,1
6226,1
6227,1
6228,1
6229,1
6230,1
6231,1
6232,1
6233,1
6234,1
6235,1
6236,1
6237,0
6238,1
6239,1
6240,0
6241,1
6242,1
6243,1
6244,1
6245,1
6246,1
6247,1
6248,1
6249,1
6250,1
6251,1
6252,1
6253,1
6254,1
6255,1
6256,1
6257,1
6258,1
6259,0
6260,1
6261,1
6262,1
6263,1
6264,1
6265,1
6266,1
6267,1
6268,1
6269,1
6270,1
6271,1
6272,0
6273,1
6274,1
6275,1
6276,1
6277,1
6278,1
6279,1
6280,0
6281,0
6282,1
6283,1
6284,1
6285,1
6286,1
6287,1
6288,1
6289,1
6290,1
6291,1
6292,1
6293,1
6294,1
6295,1
6296,1
6297,1
6298,1
6299,1
6300,1
6301,1
6302,0
6303,1
6304,1
6305,1
6306,1
6307,1
6308,1
6309,1
6310,1
6311,1
6312,1
6313,1
6314,1
6315,1
6316,1
6317,1
6318,1
6319,1
6320,1
6321,1
6322,1
6323,1
6324,1
6325,1
6326,1
6327,1
6328,1
6329,1
6330,1
6331,1
6332,1
6333,1
6334,1
6335,1
6336,1
6337,1
6338,1
6339,1
6340,1
6341,1
6342,1
6343,1
6344,1
6345,1
6346,1
6347,1
6348,1
6349,0
6350,0
6351,0
6352,1
6353,1
6354,1
6355,1
6356,1
6357,0
6358,1
6359,1
6360,1
6361,1
6362,1
6363,1
6364,1
6365,1
6366,1
6367,1
6368,1
6369,1
6370,1
6371,1
6372,1
6373,1
6374,1
6375,1
6376,1
6377,1
6378,1
6379,1
6380,1
6381,1
6382,1
6383,1
6384,1
6385,1
6386,1
6387,1
6388,1
6389,1
6390,1
6391,1
6392,1
6393,0
6394,1
6395,0
6396,0
6397,1
6398,1
6399,1
6400,1
6401,0
6402,1
6403,1
6404,1
6405,1
6406,1
6407,1
6408,1
6409,0
6410,0
6411,1
6412,1
6413,1
6414,0
6415,1
6416,1
6417,1
6418,1
6419,0
6420,1
6421,1
6422,1
6423,1
6424,1
6425,1
6426,1
6427,0
6428,1
6429,1
6430,1
6431,1
6432,1
6433,1
6434,1
6435,1
6436,1
6437,1
6438,1
6439,1
6440,1
6441,1
6442,1
6443,1
6444,1
6445,1
6446,1
6447,1
6448,1
6449,1
6450,1
6451,1
6452,1
6453,0
6454,0
6455,0
6456,0
6457,0
6458,0
6459,0
6460,0
6461,0
6462,0
6463,0
6464,1
6465,0
6466,0
6467,1
6468,1
6469,1
6470,1
6471,1
6472,0
6473,1
6474,0
6475,1
6476,1
6477,1
6478,1
6479,0
6480,0
6481,0
6482,1
6483,1
6484,1
6485,1
6486,1
6487,1
6488,1
6489,1
6490,0
6491,1
6492,1
6493,1
6494,1
6495,1
6496,0
6497,1
6498,1
6499,1
6500,1
6501,1
6502,1
6503,1
6504,1
6505,1
6506,1
6507,1
6508,1
6509,1
6510,1
6511,0
6512,1
6513,1
6514,1
6515,1
6516,1
6517,1
6518,1
6519,1
6520,1
6521,1
6522,1
6523,1
6524,1
6525,1
6526,1
6527,1
6528,1
6529,1
6530,0
6531,1
6532,0
6533,0
6534,1
6535,1
6536,1
6537,1
6538,1
6539,1
6540,1
6541,1
6542,1
6543,1
6544,1
6545,1
6546,1
6547,1
6548,1
6549,1
6550,1
6551,1
6552,1
6553,1
6554,1
6555,1
6556,1
6557,1
6558,1
6559,1
6560,1
6561,1
6562,1
6563,1
6564,1
6565,1
6566,1
6567,0
6568,1
6569,1
6570,1
6571,1
6572,1
6573,1
6574,1
6575,1
6576,1
6577,1
6578,1
6579,0
6580,1
6581,1
6582,1
6583,1
6584,1
6585,1
6586,0
6587,1
6588,1
6589,1
6590,0
6591,1
6592,1
6593,1
6594,1
6595,0
6596,1
6597,1
6598,1
6599,1
6600,1
6601,1
6602,1
6603,1
6604,1
6605,1
6606,1
6607,1
6608,0
6609,1
6610,1
6611,1
6612,1
6613,1
6614,1
6615,1
6616,0
6617,1
6618,1
6619,1
6620,1
6621,1
6622,1
6623,0
6624,1
6625,1
6626,1
6627,1
6628,1
6629,0
6630,0
6631,1
6632,1
6633,1
6634,1
6635,0
6636,1
6637,1
6638,1
6639,1
6640,1
6641,1
6642,1
6643,1
6644,1
6645,0
6646,1
6647,1
6648,1
6649,1
6650,1
6651,1
6652,1
6653,1
6654,0
6655,0
6656,0
6657,0
6658,0
6659,0
6660,0
6661,0
6662,0
6663,0
6664,0
6665,0
6666,1
6667,1
6668,1
6669,1
6670,1
6671,0
6672,1
6673,1
6674,1
6675,1
6676,1
6677,1
6678,1
6679,0
6680,1
6681,0
6682,1
6683,1
6684,0
6685,0
6686,0
6687,0
6688,0
6689,0
6690,0
6691,0
6692,1
6693,1
6694,1
6695,1
6696,1
6697,1
6698,1
6699,1
6700,1
6701,1
6702,1
6703,1
6704,1
6705,1
6706,1
6707,1
6708,1
6709,1
6710,1
6711,0
6712,1
6713,1
6714,1
6715,1
6716,1
6717,1
6718,1
6719,1
6720,1
6721,1
6722,1
6723,1
6724,1
6725,0
6726,1
6727,1
6728,1
6729,1
6730,1
6731,1
6732,0
6733,0
6734,0
6735,1
6736,1
6737,1
6738,1
6739,1
6740,1
6741,1
6742,1
6743,1
6744,1
6745,1
6746,1
6747,1
6748,1
6749,1
6750,0
6751,1
6752,1
6753,1
6754,1
6755,1
6756,0
6757,1
6758,1
6759,1
6760,0
6761,1
6762,0
6763,1
6764,0
6765,1
6766,0
6767,1
6768,1
6769,1
6770,1
6771,1
6772,1
6773,1
6774,1
6775,1
6776,1
6777,1
6778,1
6779,0
6780,0
6781,0
6782,0
6783,0
6784,0
6785,0
6786,0
6787,0
6788,0
6789,1
6790,0
6791,1
6792,1
6793,1
6794,1
6795,1
6796,1
6797,1
6798,1
6799,1
6800,1
6801,1
6802,1
6803,1
6804,1
6805,1
6806,1
6807,0
6808,1
6809,0
6810,1
6811,1
6812,1
6813,1
6814,1
6815,1
6816,1
6817,1
6818,1
6819,1
6820,1
6821,1
6822,1
6823,0
6824,1
6825,1
6826,1
6827,1
6828,1
6829,1
6830,1
6831,1
6832,1
6833,1
6834,1
6835,0
6836,1
6837,1
6838,1
6839,1
6840,1
6841,1
6842,1
6843,1
6844,1
6845,1
6846,1
6847,1
6848,1
6849,0
6850,0
6851,0
6852,0
6853,0
6854,1
6855,1
6856,1
6857,1
6858,1
6859,1
6860,1
6861,1
6862,1
6863,1
6864,1
6865,1
6866,1
6867,1
6868,1
6869,1
6870,1
6871,1
6872,1
6873,1
6874,1
6875,1
6876,1
6877,1
6878,1
6879,1
6880,1
6881,1
6882,1
6883,1
6884,1
6885,1
6886,1
6887,1
6888,1
6889,1
6890,1
6891,1
6892,1
6893,1
6894,1
6895,1
6896,0
6897,1
6898,1
6899,0
6900,1
6901,1
6902,1
6903,1
6904,1
6905,1
6906,1
6907,1
6908,1
6909,1
6910,1
6911,1
6912,1
6913,1
6914,1
6915,1
6916,1
6917,1
6918,1
6919,1
6920,1
6921,1
6922,0
6923,1
6924,1
6925,1
6926,1
6927,1
6928,1
6929,1
6930,1
6931,1
6932,1
6933,1
6934,1
6935,1
6936,1
6937,1
6938,1
6939,1
6940,0
6941,1
6942,0
6943,0
6944,0
6945,0
6946,0
6947,0
6948,0
6949,0
6950,1
6951,0
6952,1
6953,1
6954,1
6955,1
6956,1
6957,1
6958,1
6959,1
6960,1
6961,1
6962,1
6963,1
6964,1
6965,1
6966,1
6967,1
6968,1
6969,1
6970,1
6971,1
6972,1
6973,1
6974,1
6975,1
6976,1
6977,1
6978,1
6979,1
6980,0
6981,1
6982,1
6983,1
6984,1
6985,1
6986,1
6987,1
6988,1
6989,1
6990,1
6991,1
6992,1
6993,1
6994,1
6995,1
6996,1
6997,1
6998,1
6999,1
7000,1
7001,1
7002,1
7003,1
7004,1
7005,1
7006,1
7007,1
7008,1
7009,1
7010,1
7011,1
7012,1
7013,1
7014,1
7015,1
7016,1
7017,1
7018,1
7019,1
7020,1
7021,1
7022,1
7023,1
7024,1
7025,1
7026,1
7027,1
7028,1
7029,1
7030,0
7031,1
7032,1
7033,1
7034,1
7035,1
7036,1
7037,1
7038,1
7039,1
7040,1
7041,1
7042,1
7043,1
7044,1
7045,1
7046,1
7047,0
7048,1
7049,1
7050,1
7051,1
7052,0
7053,1
7054,0
7055,0
7056,1
7057,1
7058,1
7059,1
7060,0
7061,1
7062,1
7063,1
7064,1
7065,1
7066,1
7067,1
7068,1
7069,1
7070,1
7071,1
7072,1
7073,1
7074,0
7075,0
7076,1
7077,1
7078,1
7079,1
7080,0
7081,1
7082,1
7083,1
7084,1
7085,0
7086,1
7087,1
7088,1
7089,1
7090,1
7091,1
7092,1
7093,1
7094,1
7095,1
7096,1
7097,1
7098,1
7099,1
7100,1
7101,1
7102,1
7103,1
7104,1
7105,1
7106,1
7107,1
7108,1
7109,1
7110,1
7111,1
7112,1
7113,1
7114,1
7115,1
7116,1
7117,1
7118,0
7119,1
7120,1
7121,1
7122,1
7123,1
7124,1
7125,1
7126,1
7127,1
7128,1
7129,1
7130,1
7131,1
7132,1
7133,1
7134,1
7135,1
7136,1
7137,1
7138,1
7139,1
7140,1
7141,1
7142,1
7143,1
7144,1
7145,1
7146,1
7147,1
7148,1
7149,1
7150,1
7151,1
7152,1
7153,1
7154,1
7155,1
7156,1
7157,1
7158,0
7159,0
7160,0
7161,0
7162,0
7163,0
7164,0
7165,0
7166,1
7167,1
7168,1
7169,1
7170,1
7171,1
7172,1
7173,1
7174,1
7175,1
7176,0
7177,0
7178,1
7179,1
7180,1
7181,1
7182,1
7183,1
7184,1
7185,1
7186,1
7187,1
7188,1
7189,1
7190,1
7191,1
7192,1
7193,1
7194,1
7195,1
7196,1
7197,1
7198,1
7199,1
7200,1
7201,1
7202,1
7203,1
7204,1
7205,1
7206,1
7207,1
7208,1
7209,1
7210,1
7211,1
7212,1
7213,0
7214,1
7215,1
7216,1
7217,1
7218,1
7219,1
7220,1
7221,1
7222,1
7223,1
7224,1
7225,1
7226,1
7227,1
7228,1
7229,1
7230,1
7231,1
7232,1
7233,1
7234,0
7235,1
7236,1
7237,1
7238,1
7239,1
7240,1
7241,1
7242,1
7243,1
7244,1
7245,1
7246,1
7247,1
7248,1
7249,1
7250,1
7251,1
7252,1
7253,0
7254,1
7255,1
7256,1
7257,1
7258,1
7259,1
7260,1
7261,1
7262,1
7263,1
7264,1
7265,1
7266,1
7267,1
7268,1
7269,1
7270,1
7271,1
7272,1
7273,1
7274,1
7275,1
7276,1
7277,1
7278,1
7279,1
7280,1
7281,1
7282,0
7283,0
7284,1
7285,1
7286,1
7287,1
7288,1
7289,1
7290,1
7291,1
7292,1
7293,1
7294,0
7295,1
7296,1
7297,1
7298,1
7299,0
7300,1
7301,0
7302,0
7303,0
7304,1
7305,1
7306,1
7307,1
7308,1
7309,1
7310,1
7311,1
7312,1
7313,1
7314,1
7315,1
7316,1
7317,1
7318,1
7319,1
7320,1
7321,1
7322,1
7323,1
7324,1
7325,1
7326,1
7327,1
7328,1
7329,1
7330,1
7331,1
7332,1
7333,1
7334,1
7335,1
7336,1
7337,1
7338,1
7339,1
7340,1
7341,1
7342,1
7343,1
7344,1
7345,1
7346,1
7347,1
7348,1
7349,1
7350,1
7351,1
7352,1
7353,1
7354,1
7355,1
7356,1
7357,1
7358,0
7359,1
7360,1
7361,1
7362,1
7363,1
7364,1
7365,1
7366,1
7367,1
7368,1
7369,1
7370,1
7371,1
7372,1
7373,1
7374,1
7375,1
7376,1
7377,1
7378,1
7379,1
7380,0
7381,1
7382,1
7383,1
7384,1
7385,1
7386,1
7387,1
7388,1
7389,0
7390,1
7391,1
7392,1
7393,1
7394,1
7395,1
7396,1
7397,1
7398,0
7399,1
7400,1
7401,0
7402,1
7403,1
7404,1
7405,1
7406,1
7407,1
7408,1
7409,1
7410,1
7411,1
7412,1
7413,1
7414,1
7415,1
7416,1
7417,1
7418,1
7419,1
7420,0
7421,0
7422,1
7423,1
7424,1
7425,1
7426,1
7427,1
7428,0
7429,1
7430,1
7431,1
7432,1
7433,1
7434,1
7435,1
7436,1
7437,1
7438,1
7439,1
7440,1
7441,1
7442,1
7443,1
7444,1
7445,1
7446,1
7447,1
7448,1
7449,1
7450,1
7451,1
7452,0
7453,1
7454,0
7455,1
7456,1
7457,1
7458,1
7459,1
7460,1
7461,1
7462,1
7463,1
7464,1
7465,1
7466,1
7467,0
7468,1
7469,1
7470,1
7471,1
7472,1
7473,1
7474,1
7475,1
7476,1
7477,1
7478,1
7479,1
7480,1
7481,1
7482,1
7483,1
7484,1
7485,1
7486,1
7487,1
7488,1
7489,1
7490,1
7491,1
7492,1
7493,1
7494,1
7495,1
7496,1
7497,1
7498,1
7499,1
7500,1
7501,1
7502,1
7503,1
7504,1
7505,1
7506,1
7507,1
7508,1
7509,1
7510,1
7511,1
7512,1
7513,1
7514,1
7515,1
7516,0
7517,0
7518,1
7519,1
7520,1
7521,1
7522,1
7523,1
7524,1
7525,1
7526,1
7527,1
7528,1
7529,1
7530,1
7531,1
7532,1
7533,1
7534,1
7535,1
7536,1
7537,1
7538,1
7539,1
7540,1
7541,0
7542,1
7543,1
7544,1
7545,1
7546,1
7547,1
7548,1
7549,1
7550,1
7551,1
7552,1
7553,1
7554,1
7555,1
7556,1
7557,1
7558,1
7559,1
7560,1
7561,1
7562,1
7563,1
7564,1
7565,1
7566,1
7567,1
7568,1
7569,1
7570,1
7571,1
7572,1
7573,1
7574,1
7575,1
7576,1
7577,1
7578,1
7579,1
7580,1
7581,1
7582,0
7583,1
7584,1
7585,1
7586,1
7587,1
7588,1
7589,1
7590,1
7591,1
7592,0
7593,1
7594,1
7595,1
7596,1
7597,1
7598,1
7599,1
7600,1
7601,1
7602,1
7603,1
7604,1
7605,1
7606,1
7607,1
7608,1
7609,1
7610,0
7611,0
7612,1
7613,1
7614,1
7615,1
7616,1
7617,1
7618,1
7619,1
7620,1
7621,0
7622,1
7623,1
7624,1
7625,1
7626,1
7627,1
7628,1
7629,1
7630,0
7631,0
7632,1
7633,1
7634,1
7635,1
7636,1
7637,1
7638,1
7639,1
7640,1
7641,1
7642,1
7643,1
7644,1
7645,0
7646,1
7647,1
7648,1
7649,1
7650,1
7651,1
7652,1
7653,1
7654,1
7655,1
7656,1
7657,1
7658,1
7659,1
7660,1
7661,1
7662,1
7663,1
7664,1
7665,1
7666,0
7667,1
7668,1
7669,1
7670,1
7671,1
7672,0
7673,0
7674,1
7675,0
7676,1
7677,1
7678,1
7679,1
7680,1
7681,1
7682,1
7683,1
7684,1
7685,1
7686,1
7687,1
7688,1
7689,1
7690,1
7691,1
7692,1
7693,1
7694,1
7695,0
7696,1
7697,1
7698,1
7699,1
7700,1
7701,1
7702,1
7703,1
7704,1
7705,0
7706,0
7707,0
7708,1
7709,1
7710,0
7711,1
7712,1
7713,1
7714,1
7715,1
7716,1
7717,1
7718,0
7719,1
7720,1
7721,1
7722,1
7723,1
7724,1
7725,1
7726,1
7727,1
7728,1
7729,1
7730,1
7731,1
7732,1
7733,0
7734,1
7735,1
7736,1
7737,1
7738,1
7739,1
7740,1
7741,1
7742,1
7743,1
7744,1
7745,1
7746,1
7747,1
7748,1
7749,1
7750,1
7751,1
7752,0
7753,1
7754,1
7755,1
7756,1
7757,1
7758,1
7759,0
7760,1
7761,1
7762,1
7763,1
7764,1
7765,1
7766,0
7767,1
7768,1
7769,1
7770,1
7771,1
7772,1
7773,1
7774,1
7775,1
7776,1
7777,1
7778,1
7779,1
7780,1
7781,1
7782,1
7783,1
7784,1
7785,1
7786,1
7787,1
7788,1
7789,0
7790,0
7791,0
7792,1
7793,1
7794,1
7795,1
7796,1
7797,1
7798,1
7799,1
7800,1
7801,1
7802,1
7803,1
7804,0
7805,1
7806,1
7807,1
7808,0
7809,1
7810,1
7811,1
7812,1
7813,1
7814,1
7815,1
7816,1
7817,1
7818,1
7819,1
7820,1
7821,1
7822,1
7823,1
7824,1
7825,1
7826,1
7827,1
7828,1
7829,1
7830,1
7831,1
7832,1
7833,1
7834,1
7835,1
7836,1
7837,1
7838,1
7839,1
7840,1
7841,1
7842,0
7843,1
7844,1
7845,1
7846,1
7847,0
7848,1
7849,1
7850,1
7851,1
7852,1
7853,0
7854,1
7855,1
7856,1
7857,1
7858,1
7859,1
7860,1
7861,1
7862,1
7863,1
7864,1
7865,1
7866,1
7867,1
7868,1
7869,1
7870,0
7871,1
7872,1
7873,1
7874,1
7875,1
7876,1
7877,1
7878,1
7879,1
7880,1
7881,1
7882,1
7883,1
7884,1
7885,1
7886,1
7887,1
7888,1
7889,1
7890,1
7891,1
7892,1
7893,1
7894,1
7895,1
7896,1
7897,1
7898,1
7899,1
7900,1
7901,1
7902,1
7903,1
7904,1
7905,1
7906,1
7907,1
7908,1
7909,1
7910,0
7911,1
7912,1
7913,1
7914,1
7915,1
7916,0
7917,0
7918,1
7919,1
7920,1
7921,1
7922,1
7923,1
7924,0
7925,1
7926,1
7927,1
7928,1
7929,1
7930,1
7931,1
7932,1
7933,1
7934,1
7935,0
7936,0
7937,0
7938,1
7939,1
7940,1
7941,1
7942,1
7943,1
7944,1
7945,1
7946,0
7947,1
7948,1
7949,1
7950,1
7951,1
7952,1
7953,1
7954,1
7955,0
7956,1
7957,1
7958,0
7959,1
7960,1
7961,1
7962,0
7963,0
7964,0
7965,0
7966,1
7967,0
7968,1
7969,1
7970,1
7971,1
7972,1
7973,1
7974,1
7975,1
7976,1
7977,0
7978,1
7979,0
7980,1
7981,1
7982,1
7983,1
7984,1
7985,1
7986,1
7987,1
7988,1
7989,1
7990,1
7991,1
7992,1
7993,1
7994,1
7995,1
7996,1
7997,1
7998,1
7999,1
8000,1
8001,1
8002,1
8003,1
8004,1
8005,1
8006,1
8007,1
8008,1
8009,1
8010,1
8011,1
8012,1
8013,1
8014,1
8015,1
8016,1
8017,1
8018,1
8019,1
8020,1
8021,1
8022,1
8023,1
8024,0
8025,0
8026,1
8027,1
8028,1
8029,1
8030,1
8031,1
8032,1
8033,1
8034,0
8035,1
8036,1
8037,1
8038,1
8039,1
8040,1
8041,1
8042,1
8043,1
8044,1
8045,1
8046,1
8047,1
8048,1
8049,1
8050,1
8051,1
8052,1
8053,1
8054,1
8055,1
8056,1
8057,1
8058,1
8059,1
8060,1
8061,1
8062,1
8063,1
8064,1
8065,1
8066,1
8067,1
8068,1
8069,1
8070,1
8071,1
8072,1
8073,1
8074,1
8075,1
8076,1
8077,1
8078,1
8079,1
8080,1
8081,1
8082,1
8083,0
8084,1
8085,1
8086,1
8087,1
8088,1
8089,1
8090,1
8091,1
8092,0
8093,0
8094,0
8095,1
8096,1
8097,1
8098,1
8099,1
8100,1
8101,1
8102,0
8103,0
8104,1
8105,1
8106,1
8107,1
8108,1
8109,1
8110,1
8111,1
8112,1
8113,1
8114,1
8115,0
8116,1
8117,0
8118,0
8119,0
8120,0
8121,0
8122,0
8123,1
8124,1
8125,1
8126,1
8127,1
8128,1
8129,0
8130,1
8131,1
8132,1
8133,1
8134,1
8135,1
8136,1
8137,1
8138,1
8139,1
8140,1
8141,0
8142,1
8143,1
8144,1
8145,1
8146,1
8147,1
8148,1
8149,1
8150,1
8151,1
8152,1
8153,1
8154,1
8155,1
8156,1
8157,1
8158,1
8159,1
8160,1
8161,1
8162,1
8163,1
8164,0
8165,1
8166,1
8167,1
8168,1
8169,1
8170,1
8171,0
8172,1
8173,0
8174,1
8175,0
8176,0
8177,0
8178,1
8179,1
8180,1
8181,1
8182,1
8183,0
8184,1
8185,1
8186,1
8187,0
8188,1
8189,1
8190,1
8191,1
8192,1
8193,1
8194,1
8195,1
8196,1
8197,0
8198,0
8199,1
8200,1
8201,1
8202,1
8203,1
8204,1
8205,0
8206,0
8207,1
8208,1
8209,0
8210,1
8211,0
8212,1
8213,1
8214,1
8215,0
8216,1
8217,1
8218,1
8219,1
8220,1
8221,1
8222,1
8223,1
8224,1
8225,0
8226,1
8227,1
8228,1
8229,1
8230,1
8231,1
8232,0
8233,1
8234,1
8235,1
8236,1
8237,1
8238,1
8239,1
8240,1
8241,0
8242,0
8243,0
8244,1
8245,1
8246,1
8247,1
8248,1
8249,1
8250,0
8251,1
8252,1
8253,1
8254,1
8255,1
8256,1
8257,1
8258,1
8259,1
8260,1
8261,1
8262,1
8263,1
8264,0
8265,0
8266,1
8267,1
8268,1
8269,1
8270,1
8271,1
8272,1
8273,1
8274,1
8275,1
8276,1
8277,1
8278,1
8279,1
8280,1
8281,0
8282,1
8283,1
8284,1
8285,1
8286,1
8287,1
8288,1
8289,1
8290,1
8291,1
8292,1
8293,1
8294,1
8295,1
8296,1
8297,1
8298,1
8299,1
8300,1
8301,1
8302,1
8303,1
8304,1
8305,1
8306,1
8307,1
8308,1
8309,1
8310,1
8311,1
8312,1
8313,1
8314,1
8315,1
8316,1
8317,1
8318,1
8319,1
8320,1
8321,1
8322,1
8323,1
8324,1
8325,1
8326,1
8327,0
8328,1
8329,1
8330,1
8331,1
8332,1
8333,0
8334,1
8335,1
8336,1
8337,1
8338,1
8339,1
8340,0
8341,1
8342,1
8343,1
8344,1
8345,1
8346,1
8347,0
8348,1
8349,1
8350,1
8351,1
8352,1
8353,1
8354,1
8355,1
8356,1
8357,1
8358,1
8359,1
8360,1
8361,1
8362,1
8363,1
8364,1
8365,1
8366,0
8367,1
8368,1
8369,1
8370,1
8371,1
8372,1
8373,1
8374,1
8375,1
8376,1
8377,1
8378,1
8379,1
8380,1
8381,1
8382,1
8383,1
8384,0
8385,1
8386,1
8387,1
8388,1
8389,1
8390,1
8391,1
8392,1
8393,1
8394,1
8395,1
8396,1
8397,1
8398,1
8399,1
8400,1
8401,1
8402,0
8403,0
8404,0
8405,1
8406,1
8407,1
8408,1
8409,1
8410,1
8411,1
8412,1
8413,1
8414,1
8415,1
8416,1
8417,1
8418,1
8419,1
8420,1
8421,1
8422,0
8423,1
8424,1
8425,1
8426,1
8427,1
8428,0
8429,0
8430,1
8431,1
8432,1
8433,1
8434,1
8435,0
8436,0
8437,1
8438,1
8439,1
8440,1
8441,1
8442,1
8443,1
8444,1
8445,1
8446,0
8447,0
8448,0
8449,0
8450,0
8451,0
8452,1
8453,1
8454,1
8455,1
8456,1
8457,1
8458,1
8459,1
8460,1
8461,1
8462,1
8463,1
8464,1
8465,1
8466,1
8467,1
8468,1
8469,1
8470,1
8471,1
8472,1
8473,1
8474,1
8475,1
8476,1
8477,1
8478,1
8479,1
8480,1
8481,1
8482,1
8483,1
8484,1
8485,1
8486,1
8487,1
8488,1
8489,1
8490,1
8491,1
8492,1
8493,1
8494,1
8495,1
8496,1
8497,1
8498,1
8499,1
8500,1
8501,1
8502,1
8503,1
8504,1
8505,1
8506,1
8507,1
8508,1
8509,1
8510,1
8511,1
8512,1
8513,1
8514,1
8515,1
8516,1
8517,1
8518,1
8519,1
8520,0
8521,0
8522,1
8523,0
8524,1
8525,1
8526,1
8527,1
8528,1
8529,1
8530,0
8531,0
8532,1
8533,1
8534,1
8535,1
8536,1
8537,1
8538,1
8539,1
8540,1
8541,1
8542,1
8543,1
8544,0
8545,1
8546,1
8547,1
8548,1
8549,1
8550,1
8551,1
8552,1
8553,1
8554,1
8555,1
8556,1
8557,1
8558,1
8559,1
8560,1
8561,1
8562,1
8563,1
8564,0
8565,1
8566,1
8567,1
8568,1
8569,1
8570,1
8571,1
8572,1
8573,1
8574,1
8575,1
8576,1
8577,1
8578,1
8579,1
8580,1
8581,1
8582,1
8583,1
8584,1
8585,1
8586,1
8587,1
8588,1
8589,1
8590,1
8591,1
8592,1
8593,1
8594,1
8595,1
8596,1
8597,1
8598,1
8599,1
8600,0
8601,1
8602,1
8603,1
8604,1
8605,1
8606,1
8607,1
8608,1
8609,1
8610,1
8611,1
8612,1
8613,0
8614,1
8615,1
8616,1
8617,1
8618,0
8619,1
8620,1
8621,1
8622,1
8623,0
8624,0
8625,0
8626,0
8627,0
8628,0
8629,1
8630,1
8631,0
8632,1
8633,1
8634,1
8635,1
8636,1
8637,1
8638,1
8639,1
8640,1
8641,1
8642,1
8643,0
8644,1
8645,1
8646,1
8647,1
8648,1
8649,1
8650,1
8651,1
8652,1
8653,1
8654,1
8655,0
8656,1
8657,1
8658,1
8659,1
8660,1
8661,1
8662,1
8663,1
8664,1
8665,1
8666,0
8667,0
8668,1
8669,0
8670,0
8671,1
8672,1
8673,1
8674,1
8675,1
8676,1
8677,1
8678,1
8679,1
8680,1
8681,1
8682,1
8683,0
8684,1
8685,1
8686,1
8687,1
8688,1
8689,1
8690,0
8691,0
8692,1
8693,1
8694,1
8695,1
8696,1
8697,1
8698,1
8699,1
8700,1
8701,1
8702,1
8703,1
8704,1
8705,1
8706,1
8707,1
8708,1
8709,1
8710,1
8711,1
8712,1
8713,1
8714,1
8715,0
8716,0
8717,1
8718,1
8719,1
8720,1
8721,1
8722,1
8723,1
8724,1
8725,1
8726,1
8727,1
8728,1
8729,1
8730,1
8731,1
8732,1
8733,1
8734,1
8735,1
8736,1
8737,1
8738,0
8739,1
8740,1
8741,1
8742,1
8743,1
8744,1
8745,1
8746,1
8747,1
8748,0
8749,0
8750,0
8751,1
8752,0
8753,0
8754,0
8755,1
8756,1
8757,1
8758,1
8759,1
8760,1
8761,1
8762,1
8763,1
8764,1
8765,1
8766,1
8767,1
8768,1
8769,1
8770,1
8771,1
8772,0
8773,1
8774,0
8775,1
8776,0
8777,1
8778,1
8779,1
8780,1
8781,1
8782,1
8783,1
8784,1
8785,1
8786,1
8787,1
8788,0
8789,0
8790,1
8791,1
8792,1
8793,0
8794,1
8795,1
8796,1
8797,0
8798,1
8799,1
8800,1
8801,1
8802,1
8803,1
8804,1
8805,1
8806,1
8807,0
8808,1
8809,1
8810,1
8811,1
8812,1
8813,1
8814,1
8815,1
8816,1
8817,1
8818,1
8819,1
8820,1
8821,1
8822,1
8823,1
8824,1
8825,1
8826,1
8827,1
8828,1
8829,1
8830,1
8831,1
8832,1
8833,1
8834,1
8835,1
8836,1
8837,1
8838,1
8839,1
8840,1
8841,1
8842,1
8843,1
8844,1
8845,1
8846,1
8847,1
8848,1
8849,1
8850,1
8851,1
8852,1
8853,1
8854,0
8855,1
8856,1
8857,1
8858,1
8859,1
8860,0
8861,1
8862,1
8863,1
8864,0
8865,1
8866,1
8867,1
8868,1
8869,1
8870,1
8871,1
8872,1
8873,1
8874,1
8875,1
8876,1
8877,1
8878,1
8879,1
8880,1
8881,1
8882,1
8883,1
8884,1
8885,1
8886,1
8887,1
8888,1
8889,1
8890,1
8891,1
8892,1
8893,1
8894,1
8895,1
8896,1
8897,1
8898,1
8899,1
8900,1
8901,1
8902,1
8903,1
8904,0
8905,0
8906,0
8907,1
8908,1
8909,1
8910,1
8911,1
8912,1
8913,0
8914,1
8915,1
8916,1
8917,0
8918,1
8919,1
8920,1
8921,1
8922,1
8923,1
8924,1
8925,1
8926,1
8927,1
8928,1
8929,1
8930,0
8931,0
8932,0
8933,0
8934,1
8935,1
8936,1
8937,1
8938,1
8939,1
8940,1
8941,1
8942,1
8943,0
8944,1
8945,1
8946,1
8947,1
8948,1
8949,1
8950,1
8951,1
8952,1
8953,1
8954,1
8955,1
8956,1
8957,0
8958,1
8959,1
8960,1
8961,1
8962,1
8963,1
8964,1
8965,1
8966,1
8967,1
8968,1
8969,1
8970,1
8971,1
8972,1
8973,1
8974,1
8975,1
8976,1
8977,1
8978,1
8979,1
8980,1
8981,1
8982,1
8983,1
8984,1
8985,1
8986,0
8987,0
8988,1
8989,1
8990,1
8991,1
8992,1
8993,1
8994,1
8995,1
8996,1
8997,1
8998,1
8999,1
9000,1
9001,1
9002,1
9003,1
9004,1
9005,1
9006,1
9007,1
9008,1
9009,1
9010,1
9011,1
9012,0
9013,0
9014,1
9015,1
9016,1
9017,1
9018,1
9019,1
9020,1
9021,1
9022,1
9023,1
9024,1
9025,1
9026,1
9027,1
9028,0
9029,1
9030,0
9031,0
9032,1
9033,1
9034,1
9035,1
9036,1
9037,1
9038,1
9039,1
9040,1
9041,1
9042,1
9043,1
9044,0
9045,0
9046,1
9047,1
9048,1
9049,1
9050,1
9051,1
9052,1
9053,1
9054,1
9055,0
9056,1
9057,1
9058,1
9059,1
9060,1
9061,1
9062,1
9063,0
9064,0
9065,1
9066,1
9067,1
9068,1
9069,1
9070,1
9071,1
9072,0
9073,1
9074,1
9075,1
9076,1
9077,1
9078,1
9079,1
9080,1
9081,1
9082,1
9083,1
9084,0
9085,1
9086,0
9087,1
9088,1
9089,1
9090,1
9091,1
9092,1
9093,1
9094,1
9095,1
9096,1
9097,1
9098,1
9099,1
9100,1
9101,1
9102,1
9103,1
9104,0
9105,0
9106,0
9107,1
9108,1
9109,1
9110,1
9111,1
9112,1
9113,1
9114,1
9115,1
9116,1
9117,1
9118,1
9119,1
9120,1
9121,1
9122,1
9123,1
9124,1
9125,1
9126,1
9127,1
9128,1
9129,1
9130,1
9131,1
9132,1
9133,1
9134,1
9135,1
9136,1
9137,1
9138,1
9139,1
9140,1
9141,1
9142,1
9143,1
9144,1
9145,0
9146,0
9147,1
9148,1
9149,1
9150,1
9151,0
9152,1
9153,1
9154,1
9155,1
9156,1
9157,1
9158,1
9159,1
9160,1
9161,1
9162,1
9163,1
9164,1
9165,1
9166,1
9167,1
9168,1
9169,1
9170,1
9171,1
9172,1
9173,1
9174,1
9175,1
9176,1
9177,1
9178,1
9179,1
9180,1
9181,1
9182,1
9183,1
9184,1
9185,1
9186,1
9187,1
9188,1
9189,1
9190,1
9191,1
9192,1
9193,1
9194,1
9195,1
9196,0
9197,1
9198,1
9199,1
9200,1
9201,1
9202,1
9203,1
9204,1
9205,1
9206,1
9207,1
9208,1
9209,1
9210,1
9211,1
9212,1
9213,1
9214,1
9215,1
9216,1
9217,1
9218,1
9219,1
9220,1
9221,1
9222,1
9223,0
9224,0
9225,1
9226,1
9227,1
9228,1
9229,1
9230,1
9231,1
9232,1
9233,1
9234,1
9235,1
9236,1
9237,1
9238,1
9239,1
9240,1
9241,1
9242,1
9243,1
9244,1
9245,1
9246,1
9247,1
9248,1
9249,1
9250,1
9251,1
9252,1
9253,1
9254,1
9255,1
9256,1
9257,1
9258,1
9259,1
9260,1
9261,1
9262,1
9263,1
9264,1
9265,1
9266,1
9267,1
9268,1
9269,1
9270,1
9271,0
9272,1
9273,0
9274,1
9275,1
9276,1
9277,1
9278,1
9279,1
9280,1
9281,1
9282,1
9283,1
9284,1
9285,1
9286,1
9287,1
9288,0
9289,0
9290,0
9291,0
9292,0
9293,0
9294,0
9295,0
9296,0
9297,0
9298,0
9299,0
9300,0
9301,1
9302,0
9303,1
9304,1
9305,1
9306,1
9307,1
9308,1
9309,1
9310,1
9311,1
9312,0
9313,1
9314,1
9315,0
9316,1
9317,1
9318,0
9319,1
9320,0
9321,0
9322,0
9323,0
9324,0
9325,0
9326,0
9327,1
9328,1
9329,1
9330,1
9331,0
9332,1
9333,1
9334,1
9335,1
9336,1
9337,1
9338,1
9339,1
9340,1
9341,1
9342,1
9343,1
9344,1
9345,1
9346,1
9347,1
9348,1
9349,1
9350,1
9351,1
9352,1
9353,1
9354,1
9355,0
9356,0
9357,0
9358,0
9359,0
9360,0
9361,0
9362,0
9363,0
9364,0
9365,0
9366,0
9367,0
9368,0
9369,0
9370,0
9371,0
9372,0
9373,0
9374,0
9375,1
9376,1
9377,1
9378,0
9379,1
9380,1
9381,1
9382,1
9383,1
9384,1
9385,1
9386,1
9387,1
9388,1
9389,1
9390,1
9391,1
9392,1
9393,1
9394,1
9395,1
9396,1
9397,1
9398,1
9399,1
9400,1
9401,1
9402,1
9403,0
9404,0
9405,0
9406,1
9407,1
9408,1
9409,1
9410,1
9411,1
9412,1
9413,1
9414,1
9415,1
9416,1
9417,1
9418,1
9419,1
9420,1
9421,1
9422,1
9423,0
9424,1
9425,1
9426,1
9427,1
9428,1
9429,1
9430,1
9431,1
9432,1
9433,1
9434,1
9435,1
9436,1
9437,1
9438,1
9439,1
9440,1
9441,1
9442,1
9443,1
9444,1
9445,1
9446,1
9447,1
9448,1
9449,1
9450,1
9451,1
9452,1
9453,1
9454,1
9455,1
9456,1
9457,1
9458,1
9459,1
9460,1
9461,1
9462,1
9463,1
9464,1
9465,1
9466,1
9467,1
9468,1
9469,1
9470,1
9471,1
9472,1
9473,1
9474,1
9475,1
9476,0
9477,1
9478,1
9479,1
9480,1
9481,1
9482,1
9483,1
9484,1
9485,1
9486,1
9487,1
9488,0
9489,1
9490,1
9491,1
9492,1
9493,1
9494,1
9495,1
9496,1
9497,1
9498,1
9499,1
9500,1
9501,1
9502,1
9503,1
9504,1
9505,1
9506,1
9507,1
9508,1
9509,1
9510,1
9511,1
9512,1
9513,1
9514,1
9515,0
9516,1
9517,1
9518,1
9519,1
9520,1
9521,1
9522,1
9523,1
9524,1
9525,0
9526,1
9527,1
9528,1
9529,0
9530,0
9531,1
9532,1
9533,0
9534,0
9535,1
9536,1
9537,1
9538,0
9539,0
9540,1
9541,1
9542,1
9543,0
9544,1
9545,1
9546,1
9547,1
9548,1
9549,0
9550,1
9551,1
9552,1
9553,1
9554,1
9555,1
9556,1
9557,1
9558,1
9559,1
9560,1
9561,1
9562,1
9563,1
9564,1
9565,1
9566,1
9567,1
9568,1
9569,1
9570,1
9571,1
9572,0
9573,0
9574,1
9575,1
9576,1
9577,1
9578,1
9579,0
9580,0
9581,0
9582,0
9583,0
9584,0
9585,0
9586,1
9587,0
9588,1
9589,0
9590,0
9591,0
9592,1
9593,1
9594,0
9595,0
9596,0
9597,0
9598,0
9599,0
9600,0
9601,0
9602,0
9603,0
9604,0
9605,1
9606,1
9607,0
9608,1
9609,1
9610,1
9611,1
9612,1
9613,1
9614,1
9615,0
9616,1
9617,0
9618,1
9619,1
9620,1
9621,1
9622,0
9623,1
9624,1
9625,1
9626,1
9627,1
9628,1
9629,1
9630,0
9631,1
9632,1
9633,0
9634,0
9635,1
9636,1
9637,1
9638,1
9639,1
9640,1
9641,1
9642,1
9643,1
9644,1
9645,1
9646,1
9647,1
9648,1
9649,1
9650,1
9651,1
9652,1
9653,1
9654,1
9655,1
9656,1
9657,1
9658,1
9659,1
9660,1
9661,1
9662,0
9663,1
9664,1
9665,1
9666,1
9667,1
9668,1
9669,1
9670,1
9671,1
9672,1
9673,1
9674,1
9675,1
9676,0
9677,1
9678,1
9679,1
9680,1
9681,0
9682,1
9683,1
9684,0
9685,1
9686,0
9687,0
9688,1
9689,1
9690,1
9691,1
9692,1
9693,1
9694,1
9695,1
9696,1
9697,1
9698,1
9699,1
9700,1
9701,1
9702,1
9703,1
9704,1
9705,0
9706,1
9707,1
9708,1
9709,1
9710,1
9711,1
9712,1
9713,1
9714,0
9715,0
9716,1
9717,1
9718,1
9719,1
9720,0
9721,1
9722,1
9723,1
9724,1
9725,1
9726,1
9727,1
9728,0
9729,0
9730,0
9731,1
9732,1
9733,1
9734,1
9735,1
9736,1
9737,1
9738,1
9739,0
9740,0
9741,0
9742,1
9743,0
9744,0
9745,0
9746,0
9747,0
9748,1
9749,1
9750,1
9751,1
9752,1
9753,1
9754,1
9755,1
9756,1
9757,0
9758,0
9759,1
9760,1
9761,1
9762,0
9763,1
9764,0
9765,1
9766,1
9767,1
9768,1
9769,0
9770,1
9771,1
9772,1
9773,1
9774,1
9775,0
9776,0
9777,1
9778,1
9779,1
9780,1
9781,1
9782,1
9783,1
9784,1
9785,1
9786,1
9787,1
9788,1
9789,1
9790,1
9791,1
9792,1
9793,1
9794,1
9795,1
9796,1
9797,1
9798,1
9799,1
9800,1
9801,1
9802,1
9803,1
9804,1
9805,1
9806,1
9807,1
9808,1
9809,1
9810,1
9811,1
9812,1
9813,1
9814,1
9815,1
9816,1
9817,1
9818,1
9819,1
9820,0
9821,1
9822,1
9823,1
9824,1
9825,1
9826,1
9827,1
9828,1
9829,0
9830,1
9831,1
9832,1
9833,1
9834,1
9835,1
9836,1
9837,1
9838,1
9839,1
9840,1
9841,1
9842,0
9843,0
9844,1
9845,1
9846,1
9847,1
9848,1
9849,1
9850,1
9851,1
9852,1
9853,1
9854,1
9855,0
9856,1
9857,1
9858,1
9859,1
9860,1
9861,1
9862,1
9863,1
9864,1
9865,1
9866,1
9867,1
9868,0
9869,0
9870,1
9871,1
9872,1
9873,1
9874,1
9875,1
9876,1
9877,1
9878,1
9879,1
9880,1
9881,1
9882,1
9883,1
9884,1
9885,1
9886,1
9887,1
9888,1
9889,1
9890,1
9891,1
9892,1
9893,1
9894,1
9895,1
9896,1
9897,1
9898,1
9899,1
9900,0
9901,1
9902,1
9903,1
9904,1
9905,1
9906,1
9907,1
9908,1
9909,1
9910,1
9911,1
9912,1
9913,1
9914,1
9915,1
9916,1
9917,1
9918,1
9919,1
9920,1
9921,1
9922,1
9923,1
9924,1
9925,1
9926,1
9927,1
9928,1
9929,1
9930,1
9931,1
9932,1
9933,1
9934,1
9935,1
9936,1
9937,1
9938,1
9939,0
9940,0
9941,1
9942,1
9943,1
9944,1
9945,0
9946,1
9947,1
9948,1
9949,1
9950,1
9951,1
9952,1
9953,1
9954,1
9955,1
9956,1
9957,1
9958,1
9959,1
9960,1
9961,1
9962,1
9963,1
9964,1
9965,1
9966,1
9967,1
9968,1
9969,1
9970,1
9971,1
9972,1
9973,1
9974,1
9975,1
9976,1
9977,1
9978,1
9979,1
9980,1
9981,1
9982,1
9983,1
9984,1
9985,1
9986,1
9987,1
9988,1
9989,1
9990,1
9991,1
9992,1
9993,1
9994,0
9995,1
9996,1
9997,1
9998,1
9999,1
10000,1
10001,1
10002,1
10003,1
10004,1
10005,1
10006,1
10007,1
10008,1
10009,1
10010,1
10011,1
10012,1
10013,1
10014,1
10015,1
10016,1
10017,1
10018,1
10019,1
10020,1
10021,1
10022,1
10023,1
10024,1
10025,1
10026,1
10027,1
10028,1
10029,1
10030,1
10031,1
10032,1
10033,1
10034,0
10035,1
10036,1
10037,1
10038,1
10039,1
10040,1
10041,0
10042,0
10043,1
10044,0
10045,1
10046,1
10047,1
10048,1
10049,1
10050,1
10051,1
10052,1
10053,1
10054,1
10055,1
10056,1
10057,1
10058,1
10059,1
10060,1
10061,1
10062,1
10063,1
10064,1
10065,1
10066,1
10067,1
10068,1
10069,1
10070,1
10071,1
10072,1
10073,1
10074,1
10075,1
10076,1
10077,1
10078,1
10079,1
10080,1
10081,1
10082,1
10083,1
10084,1
10085,1
10086,1
10087,1
10088,0
10089,1
10090,1
10091,1
10092,1
10093,1
10094,1
10095,1
10096,1
10097,1
10098,1
10099,1
10100,1
10101,1
10102,1
10103,1
10104,1
10105,1
10106,1
10107,1
10108,1
10109,1
10110,1
10111,1
10112,1
10113,1
10114,1
10115,1
10116,1
10117,1
10118,1
10119,1
10120,1
10121,1
10122,1
10123,1
10124,1
10125,1
10126,1
10127,1
10128,1
10129,1
10130,1
10131,1
10132,1
10133,1
10134,1
10135,1
10136,1
10137,1
10138,1
10139,1
10140,1
10141,1
10142,1
10143,1
10144,1
10145,1
10146,1
10147,1
10148,1
10149,1
10150,1
10151,1
10152,1
10153,1
10154,1
10155,1
10156,1
10157,1
10158,1
10159,1
10160,1
10161,1
10162,1
10163,1
10164,1
10165,1
10166,1
10167,1
10168,1
10169,1
10170,1
10171,1
10172,1
10173,1
10174,1
10175,1
10176,1
10177,1
10178,1
10179,1
10180,1
10181,1
10182,1
10183,1
10184,1
10185,1
10186,1
10187,1
10188,1
10189,1
10190,1
10191,1
10192,1
10193,1
10194,1
10195,1
10196,1
10197,1
10198,1
10199,1
10200,1
10201,1
10202,1
10203,0
10204,1
10205,1
10206,0
10207,1
10208,1
10209,1
10210,1
10211,1
10212,1
10213,1
10214,1
10215,1
10216,1
10217,1
10218,1
10219,1
10220,1
10221,1
10222,1
10223,1
10224,1
10225,1
10226,1
10227,1
10228,1
10229,1
10230,1
10231,1
10232,1
10233,1
10234,1
10235,1
10236,1
10237,1
10238,1
10239,1
10240,1
10241,0
10242,1
10243,1
10244,1
10245,0
10246,1
10247,1
10248,1
10249,1
10250,1
10251,1
10252,1
10253,1
10254,1
10255,1
10256,1
10257,1
10258,1
10259,1
10260,1
10261,1
10262,1
10263,1
10264,1
10265,1
10266,1
10267,0
10268,1
10269,1
10270,1
10271,1
10272,1
10273,1
10274,1
10275,1
10276,1
10277,1
10278,1
10279,1
10280,1
10281,1
10282,1
10283,0
10284,0
10285,0
10286,1
10287,1
10288,1
10289,1
10290,1
10291,1
10292,1
10293,1
10294,1
10295,1
10296,1
10297,1
10298,1
10299,1
10300,1
10301,1
10302,1
10303,1
10304,1
10305,1
10306,1
10307,0
10308,0
10309,0
10310,0
10311,0
10312,1
10313,1
10314,1
10315,1
10316,1
10317,1
10318,1
10319,1
10320,1
10321,1
10322,1
10323,1
10324,1
10325,1
10326,1
10327,1
10328,1
10329,1
10330,1
10331,1
10332,1
10333,1
10334,1
10335,1
10336,1
10337,1
10338,1
10339,1
10340,1
10341,1
10342,1
10343,1
10344,1
10345,1
10346,1
10347,1
10348,1
10349,1
10350,1
10351,1
10352,1
10353,1
10354,1
10355,1
10356,0
10357,1
10358,1
10359,0
10360,0
10361,1
10362,0
10363,1
10364,1
10365,1
10366,1
10367,1
10368,1
10369,1
10370,1
10371,1
10372,1
10373,0
10374,1
10375,0
10376,1
10377,1
10378,1
10379,1
10380,1
10381,1
10382,1
10383,0
10384,0
10385,0
10386,0
10387,1
10388,0
10389,1
10390,1
10391,1
10392,1
10393,1
10394,1
10395,0
10396,0
10397,0
10398,0
10399,1
10400,1
10401,1
10402,1
10403,1
10404,0
10405,1
10406,1
10407,1
10408,1
10409,0
10410,0
10411,0
10412,0
10413,0
10414,0
10415,0
10416,1
10417,1
10418,1
10419,1
10420,1
10421,1
10422,1
10423,1
10424,1
10425,1
10426,1
10427,1
10428,1
10429,1
10430,1
10431,1
10432,1
10433,1
10434,0
10435,0
10436,0
10437,0
10438,0
10439,0
10440,0
10441,0
10442,0
10443,0
10444,1
10445,0
10446,1
10447,1
10448,1
10449,1
10450,1
10451,1
10452,0
10453,0
10454,1
10455,1
10456,1
10457,1
10458,1
10459,1
10460,1
10461,1
10462,1
10463,1
10464,1
10465,1
10466,1
10467,1
10468,1
10469,1
10470,1
10471,1
10472,0
10473,1
10474,1
10475,1
10476,0
10477,0
10478,1
10479,1
10480,1
10481,1
10482,1
10483,1
10484,1
10485,1
10486,1
10487,1
10488,1
10489,1
10490,1
10491,1
10492,1
10493,1
10494,1
10495,1
10496,1
10497,1
10498,0
10499,1
10500,1
10501,1
10502,1
10503,1
10504,1
10505,1
10506,1
10507,1
10508,1
10509,1
10510,1
10511,1
10512,1
10513,1
10514,1
10515,1
10516,1
10517,1
10518,1
10519,1
10520,1
10521,1
10522,1
10523,1
10524,1
10525,1
10526,1
10527,1
10528,1
10529,1
10530,0
10531,0
10532,0
10533,0
10534,0
10535,1
10536,1
10537,1
10538,1
10539,0
10540,0
10541,1
10542,0
10543,0
10544,0
10545,1
10546,1
10547,1
10548,1
10549,0
10550,1
10551,1
10552,1
10553,1
10554,1
10555,1
10556,1
10557,0
10558,0
10559,1
10560,1
10561,1
10562,1
10563,1
10564,1
10565,0
10566,0
10567,0
10568,0
10569,0
10570,1
10571,1
10572,1
10573,1
10574,1
10575,0
10576,1
10577,1
10578,1
10579,1
10580,1
10581,1
10582,1
10583,1
10584,1
10585,1
10586,1
10587,0
10588,1
10589,0
10590,1
10591,1
10592,1
10593,1
10594,1
10595,0
10596,0
10597,0
10598,0
10599,1
10600,0
10601,1
10602,1
10603,1
10604,1
10605,1
10606,1
10607,0
10608,1
10609,1
10610,1
10611,1
10612,1
10613,1
10614,1
10615,1
10616,1
10617,1
10618,1
10619,1
10620,0
10621,1
10622,1
10623,1
10624,1
10625,1
10626,1
10627,0
10628,1
10629,1
10630,1
10631,1
10632,1
10633,1
10634,1
10635,1
10636,1
10637,1
10638,1
10639,1
10640,1
10641,1
10642,0
10643,1
10644,1
10645,1
10646,1
10647,1
10648,1
10649,1
10650,1
10651,1
10652,1
10653,1
10654,1
10655,1
10656,1
10657,1
10658,1
10659,1
10660,1
10661,1
10662,1
10663,1
10664,1
10665,1
10666,1
10667,1
10668,1
10669,1
10670,1
10671,1
10672,1
10673,1
10674,1
10675,1
10676,1
10677,1
10678,1
10679,1
10680,0
10681,0
10682,0
10683,1
10684,1
10685,1
10686,1
10687,1
10688,1
10689,1
10690,1
10691,1
10692,1
10693,1
10694,1
10695,1
10696,1
10697,1
10698,1
10699,1
10700,1
10701,1
10702,1
10703,1
10704,1
10705,1
10706,1
10707,0
10708,1
10709,1
10710,1
10711,1
10712,1
10713,0
10714,1
10715,1
10716,1
10717,1
10718,1
10719,0
10720,1
10721,0
10722,0
10723,1
10724,1
10725,1
10726,1
10727,1
10728,0
10729,0
10730,0
10731,1
10732,1
10733,0
10734,0
10735,1
10736,1
10737,1
10738,0
10739,0
10740,0
10741,0
10742,1
10743,1
10744,1
10745,1
10746,1
10747,1
10748,1
10749,1
10750,1
10751,1
10752,1
10753,1
10754,0
10755,1
10756,1
10757,1
10758,1
10759,1
10760,1
10761,1
10762,1
10763,1
10764,1
10765,0
10766,0
10767,1
10768,1
10769,1
10770,1
10771,1
10772,1
10773,1
10774,1
10775,1
10776,1
10777,1
10778,1
10779,1
10780,1
10781,1
10782,1
10783,1
10784,1
10785,1
10786,1
10787,1
10788,1
10789,1
10790,1
10791,1
10792,1
10793,1
10794,1
10795,0
10796,0
10797,1
10798,0
10799,0
10800,0
10801,0
10802,0
10803,0
10804,0
10805,0
10806,0
10807,0
10808,0
10809,0
10810,0
10811,0
10812,0
10813,0
10814,0
10815,1
10816,0
10817,0
10818,0
10819,0
10820,0
10821,0
10822,0
10823,0
10824,0
10825,1
10826,1
10827,1
10828,1
10829,1
10830,1
10831,1
10832,1
10833,1
10834,1
10835,1
10836,1
10837,1
10838,1
10839,1
10840,0
10841,1
10842,1
10843,1
10844,1
10845,1
10846,1
10847,1
10848,1
10849,1
10850,1
10851,1
10852,1
10853,1
10854,1
10855,1
10856,1
10857,1
10858,1
10859,1
10860,1
10861,1
10862,1
10863,1
10864,1
10865,1
10866,1
10867,1
10868,1
10869,1
10870,1
10871,1
10872,1
10873,1
10874,1
10875,1
10876,1
10877,1
10878,1
10879,1
10880,1
10881,1
10882,1
10883,0
10884,1
10885,1
10886,1
10887,1
10888,1
10889,1
10890,1
10891,1
10892,1
10893,1
10894,1
10895,1
10896,1
10897,1
10898,1
10899,1
10900,1
10901,1
10902,1
10903,1
10904,1
10905,1
10906,1
10907,1
10908,0
10909,0
10910,1
10911,0
10912,0
10913,0
10914,1
10915,1
10916,1
10917,1
10918,1
10919,1
10920,1
10921,1
10922,1
10923,1
10924,1
10925,1
10926,1
10927,1
10928,1
10929,1
10930,1
10931,1
10932,1
10933,1
10934,1
10935,1
10936,1
10937,1
10938,1
10939,1
10940,1
10941,1
10942,1
10943,1
10944,1
10945,1
10946,1
10947,1
10948,1
10949,1
10950,1
10951,1
10952,1
10953,1
10954,1
10955,1
10956,1
10957,0
10958,1
10959,1
10960,1
10961,1
10962,1
10963,1
10964,1
10965,1
10966,1
10967,1
10968,1
10969,1
10970,1
10971,1
10972,1
10973,1
10974,1
10975,0
10976,0
10977,1
10978,1
10979,1
10980,1
10981,1
10982,1
10983,1
10984,1
10985,1
10986,1
10987,1
10988,1
10989,0
10990,1
10991,1
10992,1
10993,1
10994,1
10995,0
10996,1
10997,0
10998,0
10999,1
11000,1
11001,1
11002,1
11003,1
11004,1
11005,1
11006,1
11007,1
11008,1
11009,1
11010,1
11011,1
11012,1
11013,1
11014,1
11015,1
11016,1
11017,1
11018,1
11019,1
11020,1
11021,1
11022,1
11023,1
11024,1
11025,1
11026,1
11027,1
11028,1
11029,1
11030,1
11031,1
11032,1
11033,1
11034,1
11035,1
11036,1
11037,1
11038,1
11039,1
11040,1
11041,1
11042,1
11043,1
11044,1
11045,1
11046,1
11047,1
11048,1
11049,1
11050,1
11051,1
11052,1
11053,1
11054,1
11055,1
11056,1
11057,1
11058,1
11059,1
11060,1
11061,1
11062,1
11063,1
11064,1
11065,1
11066,1
11067,0
11068,0
11069,1
11070,1
11071,1
11072,0
11073,1
11074,1
11075,1
11076,1
11077,1
11078,1
11079,1
11080,1
11081,1
11082,1
11083,1
11084,1
11085,0
11086,1
11087,1
11088,1
11089,1
11090,1
11091,1
11092,1
11093,1
11094,1
11095,1
11096,1
11097,1
11098,0
11099,1
11100,1
11101,1
11102,1
11103,1
11104,1
11105,1
11106,1
11107,1
11108,1
11109,0
11110,1
11111,1
11112,1
11113,1
11114,1
11115,1
11116,1
11117,1
11118,1
11119,1
11120,1
11121,1
11122,1
11123,1
11124,1
11125,1
11126,1
11127,1
11128,1
11129,1
11130,1
11131,0
11132,1
11133,1
11134,1
11135,1
11136,1
11137,1
11138,1
11139,1
11140,1
11141,1
11142,1
11143,1
11144,1
11145,1
11146,1
11147,1
11148,1
11149,1
11150,1
11151,1
11152,1
11153,0
11154,1
11155,0
11156,1
11157,1
11158,1
11159,1
11160,1
11161,1
11162,1
11163,1
11164,1
11165,1
11166,1
11167,1
11168,1
11169,1
11170,1
11171,1
11172,1
11173,1
11174,1
11175,1
11176,0
11177,0
11178,0
11179,0
11180,0
11181,0
11182,1
11183,0
11184,1
11185,1
11186,1
11187,1
11188,1
11189,1
11190,1
11191,1
11192,1
11193,1
11194,0
11195,0
11196,1
11197,1
11198,1
11199,0
11200,1
11201,1
11202,1
11203,1
11204,1
11205,1
11206,1
11207,1
11208,1
11209,1
11210,1
11211,1
11212,1
11213,1
11214,1
11215,1
11216,1
11217,1
11218,1
11219,0
11220,1
11221,1
11222,1
11223,1
11224,1
11225,1
11226,1
11227,1
11228,1
11229,1
11230,1
11231,1
11232,1
11233,1
11234,1
11235,1
11236,1
11237,1
11238,1
11239,1
11240,0
11241,1
11242,1
11243,1
11244,1
11245,1
11246,1
11247,1
11248,1
11249,1
11250,1
11251,1
11252,1
11253,1
11254,1
11255,1
11256,1
11257,1
11258,1
11259,1
11260,0
11261,1
11262,1
11263,0
11264,1
11265,1
11266,1
11267,1
11268,1
11269,1
11270,1
11271,1
11272,0
11273,1
11274,1
11275,0
11276,1
11277,1
11278,1
11279,1
11280,1
11281,1
11282,1
11283,1
11284,0
11285,1
11286,1
11287,1
11288,0
11289,1
11290,1
11291,1
11292,1
11293,1
11294,1
11295,1
11296,1
11297,0
11298,0
11299,1
11300,0
11301,1
11302,1
11303,0
11304,1
11305,1
11306,1
11307,1
11308,1
11309,1
11310,1
11311,1
11312,1
11313,1
11314,1
11315,0
11316,1
11317,1
11318,1
11319,1
11320,1
11321,1
11322,1
11323,1
11324,1
11325,1
11326,1
11327,1
11328,1
11329,1
11330,1
11331,1
11332,1
11333,0
11334,1
11335,1
11336,1
11337,1
11338,1
11339,1
11340,0
11341,1
11342,1
11343,1
11344,1
11345,1
11346,1
11347,1
11348,1
11349,1
11350,1
11351,1
11352,1
11353,1
11354,1
11355,1
11356,1
11357,1
11358,1
11359,1
11360,1
11361,1
11362,1
11363,1
11364,1
11365,1
11366,0
11367,0
11368,1
11369,1
11370,1
11371,1
11372,1
11373,1
11374,1
11375,1
11376,1
11377,0
11378,1
11379,1
11380,1
11381,1
11382,1
11383,1
11384,0
11385,1
11386,1
11387,1
11388,0
11389,1
11390,1
11391,0
11392,1
11393,1
11394,1
11395,0
11396,1
11397,1
11398,0
11399,1
11400,1
11401,1
11402,1
11403,1
11404,1
11405,1
11406,1
11407,1
11408,1
11409,1
11410,1
11411,1
11412,1
11413,1
11414,0
11415,1
11416,1
11417,1
11418,1
11419,1
11420,1
11421,1
11422,1
11423,1
11424,1
11425,1
11426,1
11427,1
11428,1
11429,1
11430,1
11431,1
11432,1
11433,1
11434,1
11435,1
11436,1
11437,1
11438,1
11439,1
11440,1
11441,1
11442,1
11443,1
11444,0
11445,1
11446,0
11447,1
11448,1
11449,1
11450,1
11451,1
11452,0
11453,0
11454,1
11455,1
11456,0
11457,1
11458,1
11459,1
11460,1
11461,1
11462,1
11463,1
11464,1
11465,1
11466,1
11467,1
11468,1
11469,1
11470,1
11471,1
11472,1
11473,1
11474,1
11475,0
11476,0
11477,0
11478,0
11479,0
11480,0
11481,1
11482,1
11483,1
11484,1
11485,0
11486,1
11487,1
11488,1
11489,1
11490,1
11491,1
11492,1
11493,1
11494,1
11495,1
11496,0
11497,1
11498,1
11499,1
11500,1
11501,1
11502,1
11503,1
11504,1
11505,0
11506,1
11507,1
11508,1
11509,0
11510,0
11511,0
11512,1
11513,1
11514,1
11515,1
11516,1
11517,1
11518,1
11519,1
11520,1
11521,1
11522,1
11523,1
11524,1
11525,1
11526,1
11527,1
11528,1
11529,1
11530,1
11531,1
11532,1
11533,1
11534,1
11535,1
11536,1
11537,1
11538,1
11539,1
11540,1
11541,1
11542,1
11543,1
11544,1
11545,1
11546,1
11547,1
11548,1
11549,1
11550,0
11551,0
11552,1
11553,1
11554,1
11555,1
11556,1
11557,1
11558,1
11559,1
11560,1
11561,1
11562,1
11563,1
11564,1
11565,1
11566,1
11567,1
11568,1
11569,1
11570,1
11571,0
11572,1
11573,1
11574,1
11575,1
11576,1
11577,1
11578,1
11579,1
11580,1
11581,1
11582,1
11583,1
11584,1
11585,1
11586,1
11587,1
11588,1
11589,1
11590,1
11591,1
11592,1
11593,1
11594,1
11595,1
11596,1
11597,1
11598,1
11599,1
11600,1
11601,1
11602,1
11603,1
11604,1
11605,1
11606,0
11607,1
11608,1
11609,1
11610,1
11611,1
11612,1
11613,1
11614,1
11615,1
11616,1
11617,1
11618,1
11619,1
11620,1
11621,1
11622,1
11623,1
11624,1
11625,1
11626,1
11627,1
11628,1
11629,0
11630,1
11631,0
11632,0
11633,1
11634,1
11635,1
11636,1
11637,1
11638,1
11639,1
11640,1
11641,0
11642,1
11643,1
11644,1
11645,1
11646,1
11647,1
11648,1
11649,1
11650,1
11651,1
11652,1
11653,1
11654,1
11655,1
11656,1
11657,1
11658,1
11659,1
11660,1
11661,1
11662,0
11663,0
11664,0
11665,0
11666,0
11667,0
11668,1
11669,1
11670,1
11671,1
11672,0
11673,1
11674,1
11675,1
11676,1
11677,1
11678,1
11679,1
11680,1
11681,1
11682,1
11683,1
11684,0
11685,1
11686,1
11687,1
11688,1
11689,1
11690,1
11691,1
11692,1
11693,1
11694,1
11695,1
11696,1
11697,1
11698,1
11699,1
11700,1
11701,1
11702,1
11703,1
11704,1
11705,1
11706,1
11707,1
11708,1
11709,1
11710,1
11711,1
11712,1
11713,1
11714,1
11715,1
11716,1
11717,1
11718,1
11719,1
11720,1
11721,1
11722,1
11723,1
11724,1
11725,1
11726,1
11727,1
11728,0
11729,1
11730,1
11731,1
11732,1
11733,1
11734,1
11735,1
11736,1
11737,1
11738,1
11739,1
11740,1
11741,1
11742,1
11743,1
11744,1
11745,1
11746,1
11747,1
11748,1
11749,1
11750,1
11751,1
11752,0
11753,1
11754,1
11755,1
11756,1
11757,0
11758,0
11759,0
11760,1
11761,0
11762,1
11763,1
11764,1
11765,0
11766,1
11767,1
11768,1
11769,1
11770,0
11771,1
11772,1
11773,1
11774,1
11775,1
11776,1
11777,1
11778,1
11779,1
11780,1
11781,1
11782,1
11783,1
11784,1
11785,1
11786,1
11787,1
11788,1
11789,1
11790,1
11791,1
11792,1
11793,1
11794,1
11795,1
11796,1
11797,1
11798,0
11799,1
11800,1
11801,1
11802,0
11803,1
11804,1
11805,0
11806,1
11807,1
11808,1
11809,1
11810,1
11811,1
11812,1
11813,1
11814,1
11815,1
11816,1
11817,1
11818,1
11819,1
11820,1
11821,1
11822,1
11823,1
11824,1
11825,1
11826,0
11827,1
11828,0
11829,1
11830,1
11831,1
11832,1
11833,1
11834,1
11835,1
11836,1
11837,1
11838,1
11839,0
11840,1
11841,0
11842,1
11843,1
11844,1
11845,1
11846,1
11847,1
11848,1
11849,1
11850,1
11851,1
11852,1
11853,1
11854,1
11855,1
11856,1
11857,1
11858,1
11859,1
11860,1
11861,1
11862,1
11863,1
11864,1
11865,1
11866,1
11867,1
11868,1
11869,1
11870,0
11871,1
11872,1
11873,1
11874,1
11875,1
11876,1
11877,1
11878,0
11879,1
11880,0
11881,1
11882,1
11883,1
11884,1
11885,1
11886,1
11887,1
11888,1
11889,1
11890,1
11891,1
11892,1
11893,1
11894,1
11895,1
11896,1
11897,1
11898,1
11899,1
11900,1
11901,1
11902,1
11903,1
11904,1
11905,1
11906,1
11907,1
11908,1
11909,1
11910,1
11911,1
11912,1
11913,1
11914,1
11915,1
11916,1
11917,1
11918,1
11919,1
11920,1
11921,0
11922,0
11923,0
11924,1
11925,1
11926,1
11927,1
11928,0
11929,1
11930,1
11931,1
11932,1
11933,1
11934,1
11935,1
11936,1
11937,1
11938,1
11939,1
11940,1
11941,1
11942,1
11943,1
11944,0
11945,1
11946,1
11947,1
11948,1
11949,1
11950,1
11951,1
11952,1
11953,1
11954,1
11955,1
11956,1
11957,1
11958,1
11959,1
11960,1
11961,1
11962,1
11963,1
11964,1
11965,1
11966,1
11967,1
11968,1
11969,1
11970,1
11971,0
11972,1
11973,1
11974,1
11975,1
11976,0
11977,0
11978,0
11979,1
11980,1
11981,1
11982,1
11983,1
11984,1
11985,1
11986,1
11987,1
11988,1
11989,0
11990,1
11991,1
11992,1
11993,1
11994,1
11995,1
11996,1
11997,1
11998,1
11999,1
12000,1
12001,0
12002,1
12003,1
12004,1
12005,1
12006,1
12007,0
12008,1
12009,0
12010,0
12011,1
12012,0
12013,1
12014,1
12015,1
12016,1
12017,1
12018,1
12019,0
12020,1
12021,1
12022,1
12023,1
12024,1
12025,1
12026,1
12027,0
12028,0
12029,1
12030,0
12031,0
12032,0
12033,0
12034,0
12035,0
12036,1
12037,0
12038,0
12039,0
12040,1
12041,1
12042,0
12043,0
12044,0
12045,0
12046,0
12047,0
12048,0
12049,0
12050,0
12051,0
12052,1
12053,1
12054,0
12055,0
12056,0
12057,1
12058,1
12059,1
12060,1
12061,1
12062,1
12063,1
12064,1
12065,1
12066,1
12067,1
12068,1
12069,1
12070,1
12071,1
12072,1
12073,1
12074,1
12075,1
12076,1
12077,1
12078,1
12079,1
12080,1
12081,1
12082,0
12083,1
12084,1
12085,1
12086,1
12087,1
12088,1
12089,1
12090,0
12091,1
12092,1
12093,1
12094,1
12095,1
12096,1
12097,1
12098,1
12099,1
12100,0
12101,0
12102,0
12103,0
12104,1
12105,1
12106,1
12107,1
12108,1
12109,0
12110,1
12111,1
12112,1
12113,1
12114,1
12115,1
12116,1
12117,1
12118,1
12119,1
12120,1
12121,1
12122,1
12123,1
12124,1
12125,1
12126,1
12127,0
12128,1
12129,0
12130,0
12131,0
12132,1
12133,0
12134,1
12135,1
12136,1
12137,0
12138,1
12139,1
12140,1
12141,0
12142,0
12143,1
12144,0
12145,1
12146,1
12147,1
12148,1
12149,1
12150,1
12151,0
12152,0
12153,1
12154,1
12155,1
12156,1
12157,1
12158,1
12159,1
12160,1
12161,0
12162,1
12163,1
12164,1
12165,1
12166,1
12167,1
12168,1
12169,1
12170,1
12171,1
12172,1
12173,1
12174,1
12175,1
12176,1
12177,1
12178,1
12179,1
12180,1
12181,1
12182,1
12183,0
12184,1
12185,1
12186,0
12187,1
12188,1
12189,1
12190,1
12191,1
12192,1
12193,1
12194,1
12195,1
12196,1
12197,0
12198,0
12199,1
12200,0
12201,1
12202,1
12203,1
12204,0
12205,1
12206,1
12207,0
12208,1
12209,1
12210,1
12211,0
12212,0
12213,0
12214,1
12215,0
12216,0
12217,1
12218,1
12219,1
12220,1
12221,1
12222,1
12223,1
12224,1
12225,1
12226,1
12227,1
12228,0
12229,1
12230,1
12231,1
12232,1
12233,0
12234,0
12235,1
12236,1
12237,1
12238,1
12239,1
12240,1
12241,1
12242,1
12243,1
12244,1
12245,1
12246,1
12247,0
12248,1
12249,1
12250,0
12251,0
12252,1
12253,1
12254,1
12255,1
12256,1
12257,0
12258,1
12259,1
12260,0
12261,0
12262,0
12263,0
12264,0
12265,1
12266,1
12267,1
12268,0
12269,1
12270,1
12271,1
12272,1
12273,1
12274,1
12275,1
12276,1
12277,1
12278,1
12279,0
12280,1
12281,1
12282,1
12283,1
12284,0
12285,0
12286,1
12287,0
12288,1
12289,1
12290,1
12291,1
12292,0
12293,1
12294,1
12295,0
12296,0
12297,0
12298,1
12299,1
12300,1
12301,1
12302,0
12303,1
12304,1
12305,0
12306,1
12307,0
12308,1
12309,0
12310,0
12311,1
12312,1
12313,0
12314,1
12315,1
12316,1
12317,1
12318,1
12319,1
12320,1
12321,0
12322,1
12323,1
12324,1
12325,1
12326,1
12327,1
12328,1
12329,0
12330,1
12331,1
12332,1
12333,1
12334,1
12335,0
12336,1
12337,1
12338,1
12339,1
12340,1
12341,1
12342,1
12343,1
12344,0
12345,0
12346,1
12347,1
12348,1
12349,1
12350,1
12351,0
12352,1
12353,1
12354,1
12355,1
12356,0
12357,0
12358,1
12359,1
12360,1
12361,0
12362,1
12363,1
12364,1
12365,1
12366,1
12367,1
12368,1
12369,1
12370,1
12371,0
12372,1
12373,1
12374,0
12375,1
12376,1
12377,1
12378,1
12379,1
12380,1
12381,1
12382,1
12383,1
12384,1
12385,1
12386,1
12387,1
12388,0
12389,0
12390,1
12391,1
12392,1
12393,1
12394,1
12395,1
12396,1
12397,1
12398,0
12399,1
12400,1
12401,1
12402,1
12403,1
12404,1
12405,0
12406,0
12407,1
12408,1
12409,1
12410,1
12411,0
12412,0
12413,1
12414,1
12415,0
12416,0
12417,1
12418,1
12419,1
12420,1
12421,1
12422,1
12423,1
12424,1
12425,1
12426,1
12427,1
12428,1
12429,1
12430,1
12431,1
12432,1
12433,0
12434,0
12435,1
12436,1
12437,0
12438,1
12439,0
12440,0
12441,1
12442,1
12443,0
12444,0
12445,0
12446,1
12447,1
12448,1
12449,1
12450,1
12451,0
12452,1
12453,1
12454,1
12455,1
12456,1
12457,1
12458,1
12459,1
12460,1
12461,1
12462,1
12463,0
12464,1
12465,1
12466,1
12467,1
12468,1
12469,1
12470,1
12471,1
12472,0
12473,1
12474,1
12475,1
12476,1
12477,1
12478,1
12479,1
12480,1
12481,1
12482,1
12483,1
12484,1
12485,1
12486,1
12487,1
12488,1
12489,0
12490,1
12491,1
12492,1
12493,1
12494,1
12495,0
12496,1
12497,1
12498,1
12499,1
12500,1
12501,1
12502,1
12503,0
12504,1
12505,0
12506,1
12507,1
12508,1
12509,1
12510,1
12511,1
12512,1
12513,1
12514,1
12515,1
12516,1
12517,1
12518,1
12519,1
12520,1
12521,1
12522,1
12523,1
12524,1
12525,0
12526,1
12527,1
12528,1
12529,1
12530,0
12531,1
12532,1
12533,1
12534,1
12535,1
12536,0
12537,1
12538,0
12539,0
12540,0
12541,0
12542,0
12543,0
12544,0
12545,0
12546,0
12547,0
12548,0
12549,0
12550,0
12551,1
12552,1
12553,1
12554,1
12555,1
12556,1
12557,1
12558,1
12559,0
12560,1
12561,1
12562,1
12563,0
12564,1
12565,1
12566,1
12567,1
12568,1
12569,1
12570,1
12571,1
12572,1
12573,1
12574,1
12575,1
12576,1
12577,1
12578,1
12579,1
12580,1
12581,1
12582,1
12583,1
12584,1
12585,1
12586,1
12587,1
12588,1
12589,1
12590,1
12591,1
12592,1
12593,0
12594,1
12595,0
12596,1
12597,1
12598,1
12599,1
12600,1
12601,1
12602,1
12603,1
12604,1
12605,1
12606,1
12607,1
12608,1
12609,1
12610,1
12611,1
12612,1
12613,1
12614,1
12615,1
12616,1
12617,1
12618,1
12619,1
12620,1
12621,1
12622,1
12623,1
12624,1
12625,1
12626,1
12627,1
12628,1
12629,0
12630,0
12631,1
12632,1
12633,1
12634,1
12635,1
12636,1
12637,1
12638,1
12639,1
12640,1
12641,1
12642,0
12643,1
12644,1
12645,1
12646,0
12647,1
12648,1
12649,1
12650,1
12651,1
12652,1
12653,1
12654,1
12655,1
12656,1
12657,1
12658,1
12659,1
12660,1
12661,1
12662,0
12663,1
12664,1
12665,1
12666,1
12667,1
12668,1
12669,1
12670,1
12671,1
12672,1
12673,1
12674,1
12675,1
12676,1
12677,0
12678,1
12679,1
12680,1
12681,1
12682,1
12683,1
12684,0
12685,0
12686,0
12687,0
12688,0
12689,0
12690,0
12691,0
12692,1
12693,1
12694,0
12695,1
12696,1
12697,1
12698,1
12699,1
12700,1
12701,1
12702,1
12703,1
12704,0
12705,1
12706,1
12707,1
12708,1
12709,1
12710,1
12711,0
12712,0
12713,1
12714,1
12715,1
12716,1
12717,0
12718,1
12719,1
12720,0
12721,1
12722,1
12723,1
12724,1
12725,1
12726,1
12727,1
12728,1
12729,1
12730,1
12731,1
12732,1
12733,1
12734,1
12735,1
12736,1
12737,1
12738,1
12739,1
12740,1
12741,1
12742,1
12743,1
12744,1
12745,1
12746,1
12747,1
12748,1
12749,1
12750,0
12751,0
12752,1
12753,1
12754,1
12755,1
12756,1
12757,1
12758,1
12759,1
12760,0
12761,0
12762,0
12763,0
12764,0
12765,0
12766,0
12767,1
12768,1
12769,1
12770,0
12771,1
12772,1
12773,1
12774,1
12775,1
12776,1
12777,1
12778,1
12779,1
12780,1
12781,1
12782,1
12783,1
12784,1
12785,1
12786,1
12787,0
12788,1
12789,1
12790,0
12791,1
12792,1
12793,1
12794,0
12795,1
12796,1
12797,1
12798,1
12799,1
12800,0
12801,1
12802,1
12803,1
12804,1
12805,1
12806,1
12807,1
12808,1
12809,1
12810,1
12811,1
12812,1
12813,1
12814,1
12815,1
12816,1
12817,1
12818,0
12819,1
12820,1
12821,0
12822,1
12823,0
12824,1
12825,1
12826,1
12827,1
12828,1
12829,1
12830,1
12831,1
12832,1
12833,1
12834,1
12835,0
12836,1
12837,1
12838,1
12839,0
12840,0
12841,0
12842,0
12843,1
12844,0
12845,0
12846,1
12847,0
12848,0
12849,1
12850,1
12851,1
12852,1
12853,1
12854,1
12855,1
12856,1
12857,0
12858,0
12859,1
12860,0
12861,1
12862,1
12863,1
12864,0
12865,1
12866,1
12867,1
12868,0
12869,1
12870,1
12871,1
12872,1
12873,1
12874,1
12875,1
12876,1
12877,1
12878,0
12879,0
12880,0
12881,1
12882,1
12883,1
12884,1
12885,1
12886,1
12887,1
12888,0
12889,1
12890,1
12891,1
12892,1
12893,1
12894,1
12895,1
12896,1
12897,1
12898,1
12899,1
12900,1
12901,1
12902,1
12903,1
12904,1
12905,1
12906,1
12907,1
12908,1
12909,1
12910,0
12911,1
12912,1
12913,1
12914,0
12915,1
12916,1
12917,1
12918,1
12919,1
12920,1
12921,1
12922,1
12923,1
12924,1
12925,1
12926,0
12927,1
12928,1
12929,0
12930,1
12931,1
12932,1
12933,1
12934,1
12935,1
12936,1
12937,1
12938,1
12939,1
12940,1
12941,1
12942,1
12943,1
12944,1
12945,1
12946,1
12947,1
12948,0
12949,0
12950,1
12951,1
12952,1
12953,1
12954,1
12955,1
12956,1
12957,1
12958,1
12959,0
12960,1
12961,1
12962,1
12963,1
12964,1
12965,1
12966,0
12967,1
12968,1
12969,1
12970,1
12971,0
12972,1
12973,0
12974,0
12975,1
12976,1
12977,1
12978,1
12979,1
12980,1
12981,1
12982,1
12983,1
12984,1
12985,1
12986,1
12987,1
12988,1
12989,1
12990,1
12991,1
12992,1
12993,1
12994,1
12995,1
12996,1
12997,1
12998,1
12999,1
13000,1
13001,1
13002,1
13003,1
13004,1
13005,1
13006,1
13007,1
13008,1
13009,1
13010,1
13011,1
13012,1
13013,1
13014,1
13015,1
13016,1
13017,1
13018,1
13019,1
13020,1
13021,0
13022,1
13023,1
13024,1
13025,1
13026,1
13027,1
13028,1
13029,1
13030,1
13031,1
13032,1
13033,1
13034,1
13035,1
13036,1
13037,1
13038,1
13039,1
13040,1
13041,1
13042,1
13043,1
13044,1
13045,1
13046,1
13047,1
13048,0
13049,1
13050,1
13051,1
13052,1
13053,1
13054,1
13055,1
13056,1
13057,1
13058,1
13059,1
13060,1
13061,1
13062,1
13063,1
13064,1
13065,1
13066,1
13067,1
13068,1
13069,1
13070,1
13071,1
13072,0
13073,0
13074,0
13075,1
13076,1
13077,1
13078,1
13079,1
13080,1
13081,1
13082,1
13083,1
13084,1
13085,1
13086,1
13087,1
13088,1
13089,1
13090,1
13091,0
13092,1
13093,1
13094,1
13095,1
13096,1
13097,1
13098,1
13099,1
13100,1
13101,1
13102,1
13103,1
13104,1
13105,1
13106,1
13107,0
13108,1
13109,1
13110,1
13111,1
13112,1
13113,0
13114,0
13115,1
13116,1
13117,1
13118,0
13119,0
13120,1
13121,1
13122,1
13123,1
13124,1
13125,1
13126,1
13127,0
13128,1
13129,1
13130,1
13131,1
13132,1
13133,1
13134,1
13135,1
13136,1
13137,1
13138,0
13139,0
13140,1
13141,1
13142,0
13143,1
13144,0
13145,1
13146,1
13147,0
13148,1
13149,1
13150,1
13151,1
13152,1
13153,1
13154,1
13155,0
13156,1
13157,1
13158,1
13159,0
13160,1
13161,0
13162,1
13163,1
13164,0
13165,1
13166,1
13167,1
13168,1
13169,1
13170,1
13171,0
13172,0
13173,0
13174,0
13175,1
13176,1
13177,1
13178,0
13179,1
13180,1
13181,1
13182,1
13183,1
13184,1
13185,0
13186,1
13187,0
13188,0
13189,1
13190,0
13191,0
13192,0
13193,0
13194,1
13195,1
13196,1
13197,1
13198,1
13199,1
13200,1
13201,0
13202,0
13203,1
13204,1
13205,1
13206,1
13207,1
13208,1
13209,1
13210,1
13211,1
13212,0
13213,0
13214,1
13215,1
13216,1
13217,1
13218,1
13219,1
13220,1
13221,1
13222,1
13223,1
13224,0
13225,1
13226,1
13227,1
13228,1
13229,1
13230,1
13231,0
13232,1
13233,1
13234,0
13235,1
13236,1
13237,1
13238,1
13239,1
13240,1
13241,1
13242,1
13243,0
13244,1
13245,1
13246,1
13247,1
13248,0
13249,1
13250,1
13251,0
13252,0
13253,0
13254,1
13255,1
13256,1
13257,1
13258,1
13259,1
13260,1
13261,1
13262,1
13263,1
13264,1
13265,1
13266,0
13267,1
13268,1
13269,1
13270,1
13271,1
13272,1
13273,1
13274,1
13275,1
13276,1
13277,1
13278,1
13279,1
13280,1
13281,1
13282,1
13283,1
13284,1
13285,1
13286,1
13287,1
13288,1
13289,1
13290,1
13291,1
13292,1
13293,1
13294,1
13295,0
13296,0
13297,1
13298,1
13299,1
13300,1
13301,1
13302,1
13303,1
13304,1
13305,1
13306,1
13307,1
13308,1
13309,1
13310,1
13311,1
13312,1
13313,1
13314,1
13315,1
13316,1
13317,1
13318,1
13319,1
13320,0
13321,1
13322,1
13323,1
13324,1
13325,1
13326,1
13327,1
13328,1
13329,0
13330,0
13331,1
13332,1
13333,1
13334,1
13335,1
13336,0
13337,0
13338,0
13339,1
13340,0
13341,0
13342,0
13343,1
13344,1
13345,1
13346,1
13347,1
13348,1
13349,0
13350,1
13351,1
13352,1
13353,1
13354,1
13355,1
13356,1
13357,1
13358,1
13359,0
13360,1
13361,1
13362,1
13363,1
13364,0
13365,1
13366,1
13367,1
13368,1
13369,1
13370,1
13371,1
13372,1
13373,1
13374,1
13375,1
13376,1
13377,1
13378,1
13379,1
13380,1
13381,1
13382,0
13383,1
13384,0
13385,1
13386,1
13387,1
13388,1
13389,1
13390,1
13391,0
13392,1
13393,1
13394,1
13395,1
13396,1
13397,1
13398,0
13399,1
13400,1
13401,1
13402,1
13403,1
13404,1
13405,1
13406,1
13407,1
13408,1
13409,1
13410,1
13411,1
13412,1
13413,1
13414,1
13415,1
13416,1
13417,0
13418,1
13419,1
13420,0
13421,1
13422,1
13423,1
13424,1
13425,1
13426,0
13427,0
13428,1
13429,1
13430,1
13431,1
13432,1
13433,0
13434,1
13435,1
13436,0
13437,1
13438,1
13439,1
13440,0
13441,0
13442,0
13443,0
13444,1
13445,0
13446,1
13447,1
13448,1
13449,1
13450,1
13451,1
13452,0
13453,1
13454,1
13455,1
13456,1
13457,1
13458,1
13459,1
13460,1
13461,1
13462,1
13463,1
13464,0
13465,0
13466,0
13467,0
13468,1
13469,1
13470,1
13471,1
13472,1
13473,1
13474,1
13475,0
13476,0
13477,0
13478,0
13479,0
13480,0
13481,0
13482,0
13483,0
13484,0
13485,0
13486,0
13487,0
13488,0
13489,0
13490,0
13491,0
13492,0
13493,0
13494,0
13495,0
13496,0
13497,0
13498,0
13499,0
13500,0
13501,0
13502,0
13503,0
13504,0
13505,1
13506,0
13507,1
13508,1
13509,1
13510,0
13511,0
13512,0
13513,0
13514,1
13515,1
13516,1
13517,1
13518,1
13519,1
13520,1
13521,0
13522,1
13523,1
13524,1
13525,1
13526,1
13527,1
13528,1
13529,1
13530,1
13531,1
13532,1
13533,1
13534,1
13535,1
13536,1
13537,1
13538,1
13539,1
13540,1
13541,1
13542,0
13543,1
13544,1
13545,1
13546,1
13547,0
13548,0
13549,0
13550,1
13551,1
13552,1
13553,1
13554,1
13555,1
13556,1
13557,1
13558,1
13559,0
13560,1
13561,1
13562,1
13563,1
13564,1
13565,1
13566,1
13567,1
13568,1
13569,1
13570,1
13571,1
13572,1
13573,1
13574,1
13575,1
13576,1
13577,1
13578,0
13579,0
13580,1
13581,1
13582,1
13583,1
13584,1
13585,1
13586,1
13587,1
13588,1
13589,1
13590,1
13591,1
13592,1
13593,0
13594,1
13595,1
13596,1
13597,1
13598,0
13599,1
13600,1
13601,1
13602,1
13603,1
13604,1
13605,1
13606,1
13607,1
13608,1
13609,1
13610,1
13611,1
13612,1
13613,1
13614,1
13615,1
13616,0
13617,1
13618,1
13619,1
13620,1
13621,1
13622,0
13623,1
13624,1
13625,1
13626,1
13627,1
13628,1
13629,1
13630,1
13631,1
13632,1
13633,1
13634,1
13635,1
13636,1
13637,1
13638,1
13639,1
13640,1
13641,1
13642,0
13643,0
13644,1
13645,1
13646,1
13647,1
13648,1
13649,1
13650,1
13651,1
13652,1
13653,0
13654,1
13655,0
13656,0
13657,1
13658,1
13659,0
13660,1
13661,1
13662,1
13663,1
13664,1
13665,1
13666,1
13667,1
13668,0
13669,0
13670,1
13671,1
13672,1
13673,1
13674,0
13675,1
13676,1
13677,1
13678,1
13679,1
13680,1
13681,1
13682,1
13683,1
13684,0
13685,1
13686,1
13687,1
13688,1
13689,1
13690,1
13691,1
13692,0
13693,1
13694,1
13695,1
13696,1
13697,1
13698,1
13699,1
13700,1
13701,1
13702,1
13703,1
13704,1
13705,1
13706,1
13707,1
13708,1
13709,1
13710,1
13711,1
13712,1
13713,1
13714,1
13715,1
13716,1
13717,1
13718,1
13719,1
13720,0
13721,1
13722,1
13723,1
13724,1
13725,1
13726,1
13727,1
13728,1
13729,1
13730,1
13731,1
13732,1
13733,1
13734,1
13735,1
13736,1
13737,1
13738,1
13739,1
13740,1
13741,1
13742,1
13743,1
13744,1
13745,1
13746,1
13747,1
13748,1
13749,1
13750,1
13751,1
13752,1
13753,1
13754,1
13755,1
13756,1
13757,1
13758,1
13759,1
13760,1
13761,1
13762,1
13763,0
13764,0
13765,0
13766,0
13767,1
13768,1
13769,0
13770,1
13771,1
13772,0
13773,1
13774,1
13775,1
13776,1
13777,1
13778,1
13779,1
13780,1
13781,0
13782,1
13783,1
13784,1
13785,1
13786,1
13787,1
13788,1
13789,1
13790,1
13791,1
13792,1
13793,1
13794,1
13795,1
13796,1
13797,1
13798,1
13799,1
13800,1
13801,1
13802,1
13803,1
13804,1
13805,1
13806,0
13807,1
13808,0
13809,1
13810,1
13811,1
13812,1
13813,1
13814,1
13815,1
13816,1
13817,1
13818,1
13819,1
13820,1
13821,1
13822,1
13823,1
13824,1
13825,1
13826,0
13827,1
13828,1
13829,1
13830,1
13831,1
13832,1
13833,1
13834,1
13835,1
13836,1
13837,1
13838,0
13839,1
13840,1
13841,1
13842,1
13843,1
13844,0
13845,1
13846,1
13847,1
13848,1
13849,1
13850,1
13851,1
13852,1
13853,1
13854,1
13855,1
13856,1
13857,1
13858,1
13859,1
13860,0
13861,0
13862,0
13863,1
13864,0
13865,1
13866,1
13867,1
13868,1
13869,0
13870,1
13871,1
13872,1
13873,1
13874,1
13875,1
13876,1
13877,1
13878,1
13879,1
13880,1
13881,1
13882,1
13883,1
13884,1
13885,1
13886,1
13887,1
13888,1
13889,1
13890,1
13891,1
13892,1
13893,1
13894,1
13895,1
13896,1
13897,1
13898,1
13899,1
13900,1
13901,1
13902,1
13903,1
13904,1
13905,1
13906,1
13907,1
13908,1
13909,0
13910,1
13911,1
13912,1
13913,0
13914,0
13915,0
13916,1
13917,1
13918,1
13919,1
13920,1
13921,1
13922,1
13923,1
13924,1
13925,1
13926,1
13927,1
13928,1
13929,1
13930,1
13931,0
13932,1
13933,1
13934,1
13935,1
13936,1
13937,1
13938,1
13939,1
13940,1
13941,1
13942,1
13943,1
13944,1
13945,1
13946,1
13947,1
13948,1
13949,1
13950,1
13951,1
13952,1
13953,1
13954,1
13955,1
13956,1
13957,1
13958,1
13959,1
13960,1
13961,1
13962,1
13963,1
13964,1
13965,1
13966,1
13967,1
13968,1
13969,1
13970,1
13971,1
13972,1
13973,1
13974,1
13975,0
13976,1
13977,1
13978,1
13979,0
13980,1
13981,1
13982,1
13983,1
13984,1
13985,1
13986,1
13987,1
13988,1
13989,1
13990,1
13991,0
13992,1
13993,1
13994,1
13995,1
13996,1
13997,1
13998,1
13999,1
14000,1
14001,1
14002,1
14003,1
14004,1
14005,1
14006,1
14007,1
14008,1
14009,0
14010,1
14011,0
14012,1
14013,1
14014,1
14015,1
14016,1
14017,1
14018,0
14019,1
14020,1
14021,1
14022,1
14023,1
14024,1
14025,1
14026,1
14027,1
14028,1
14029,1
14030,1
14031,1
14032,1
14033,1
14034,1
14035,1
14036,1
14037,1
14038,1
14039,1
14040,1
14041,1
14042,1
14043,1
14044,1
14045,1
14046,1
14047,1
14048,1
14049,1
14050,1
14051,1
14052,1
14053,1
14054,1
14055,1
14056,1
14057,1
14058,1
14059,1
14060,1
14061,1
14062,1
14063,1
14064,1
14065,1
14066,1
14067,1
14068,1
14069,1
14070,1
14071,1
14072,1
14073,1
14074,1
14075,1
14076,1
14077,1
14078,1
14079,1
14080,1
14081,1
14082,1
14083,1
14084,1
14085,1
14086,1
14087,1
14088,1
14089,1
14090,1
14091,1
14092,1
14093,0
14094,1
14095,1
14096,1
14097,1
14098,1
14099,1
14100,1
14101,1
14102,1
14103,1
14104,1
14105,1
14106,1
14107,1
14108,1
14109,1
14110,1
14111,1
14112,1
14113,1
14114,1
14115,1
14116,1
14117,1
14118,1
14119,1
14120,1
14121,1
14122,1
14123,1
14124,1
14125,1
14126,1
14127,1
14128,1
14129,1
14130,1
14131,1
14132,1
14133,1
14134,1
14135,1
14136,1
14137,1
14138,1
14139,1
14140,1
14141,1
14142,0
14143,1
14144,0
14145,1
14146,1
14147,1
14148,1
14149,1
14150,1
14151,1
14152,0
14153,1
14154,1
14155,0
14156,0
14157,0
14158,0
14159,1
14160,1
14161,1
14162,0
14163,1
14164,1
14165,1
14166,1
14167,1
14168,1
14169,1
14170,1
14171,1
14172,1
14173,1
14174,1
14175,1
14176,0
14177,0
14178,1
14179,1
14180,1
14181,1
14182,1
14183,1
14184,1
14185,0
14186,1
14187,0
14188,0
14189,1
14190,1
14191,1
14192,1
14193,1
14194,1
14195,1
14196,1
14197,0
14198,1
14199,1
14200,1
14201,1
14202,1
14203,1
14204,1
14205,1
14206,0
14207,0
14208,0
14209,1
14210,1
14211,1
14212,1
14213,1
14214,1
14215,1
14216,1
14217,1
14218,1
14219,1
14220,1
14221,0
14222,1
14223,1
14224,1
14225,1
14226,1
14227,1
14228,1
14229,1
14230,1
14231,1
14232,1
14233,1
14234,1
14235,1
14236,1
14237,1
14238,0
14239,1
14240,1
14241,1
14242,1
14243,1
14244,1
14245,1
14246,1
14247,0
14248,0
14249,1
14250,1
14251,1
14252,1
14253,1
14254,1
14255,1
14256,1
14257,1
14258,1
14259,1
14260,1
14261,1
14262,0
14263,1
14264,1
14265,1
14266,1
14267,1
14268,1
14269,1
14270,1
14271,1
14272,1
14273,1
14274,0
14275,0
14276,0
14277,0
14278,1
14279,1
14280,0
14281,0
14282,1
14283,1
14284,1
14285,0
14286,1
14287,1
14288,1
14289,1
14290,1
14291,1
14292,0
14293,0
14294,1
14295,1
14296,0
14297,1
14298,1
14299,1
14300,0
14301,1
14302,1
14303,1
14304,1
14305,1
14306,1
14307,1
14308,1
14309,1
14310,1
14311,1
14312,1
14313,1
14314,1
14315,1
14316,0
14317,1
14318,0
14319,1
14320,1
14321,1
14322,1
14323,1
14324,1
14325,1
14326,1
14327,1
14328,1
14329,1
14330,1
14331,1
14332,1
14333,1
14334,1
14335,1
14336,1
14337,1
14338,1
14339,0
14340,0
14341,1
14342,1
14343,0
14344,0
14345,1
14346,1
14347,0
14348,1
14349,1
14350,1
14351,1
14352,1
14353,0
14354,1
14355,1
14356,1
14357,0
14358,1
14359,1
14360,1
14361,1
14362,1
14363,1
14364,1
14365,1
14366,1
14367,1
14368,1
14369,1
14370,1
14371,1
14372,1
14373,1
14374,1
14375,1
14376,1
