sample_id,cluster
0,2
1,1
2,2
3,2
4,2
5,4
6,1
7,0
8,1
9,0
10,0
11,2
12,0
13,2
14,2
15,0
16,1
17,0
18,4
19,4
20,1
21,0
22,1
23,2
24,4
25,1
26,4
27,4
28,1
29,4
30,4
31,2
32,4
33,2
34,4
35,2
36,2
37,4
38,4
39,4
40,4
41,1
42,1
43,1
44,1
45,1
46,4
47,1
48,0
49,1
50,0
51,0
52,4
53,1
54,2
55,2
56,1
57,2
58,4
59,2
60,4
61,4
62,0
63,2
64,0
65,2
66,2
67,4
68,4
69,2
70,4
71,2
72,4
73,0
74,4
75,0
76,2
77,0
78,0
79,0
80,4
81,1
82,4
83,1
84,4
85,2
86,4
87,2
88,2
89,2
90,4
91,2
92,4
93,0
94,4
95,2
96,4
97,2
98,4
99,2
100,4
101,1
102,1
103,2
104,4
105,2
106,4
107,1
108,2
109,4
110,4
111,4
112,4
113,1
114,4
115,1
116,4
117,1
118,1
119,4
120,1
121,2
122,4
123,4
124,2
125,0
126,4
127,0
128,2
129,4
130,4
131,0
132,0
133,2
134,4
135,1
136,1
137,4
138,0
139,4
140,0
141,4
142,0
143,0
144,1
145,4
146,2
147,2
148,0
149,2
150,1
151,2
152,0
153,1
154,4
155,4
156,2
157,0
158,1
159,1
160,4
161,1
162,4
163,1
164,0
165,2
166,4
167,2
168,2
169,2
170,4
171,2
172,4
173,2
174,4
175,2
176,4
177,2
178,0
179,1
180,4
181,2
182,0
183,2
184,4
185,4
186,0
187,2
188,0
189,4
190,0
191,4
192,4
193,1
194,0
195,4
196,4
197,4
198,4
199,4
200,4
201,4
202,4
203,4
204,1
205,4
206,4
207,0
208,0
209,0
210,2
211,0
212,4
213,2
214,4
215,4
216,4
217,4
218,2
219,2
220,4
221,2
222,2
223,2
224,4
225,2
226,4
227,2
228,4
229,1
230,2
231,0
232,4
233,1
234,4
235,1
236,4
237,2
238,1
239,2
240,2
241,2
242,2
243,0
244,2
245,4
246,4
247,2
248,4
249,2
250,0
251,4
252,2
253,4
254,4
255,0
256,2
257,4
258,2
259,0
260,0
261,0
262,2
263,0
264,2
265,4
266,2
267,0
268,4
269,2
270,2
271,2
272,2
273,1
274,0
275,4
276,2
277,0
278,2
279,4
280,1
281,1
282,0
283,2
284,4
285,4
286,0
287,1
288,4
289,4
290,4
291,2
292,0
293,0
294,4
295,2
296,4
297,1
298,4
299,4
300,4
301,4
302,0
303,0
304,4
305,2
306,2
307,2
308,0
309,2
310,2
311,2
312,2
313,1
314,4
315,1
316,4
317,4
318,0
319,2
320,0
321,0
322,2
323,0
324,2
325,0
326,4
327,1
328,4
329,4
330,4
331,1
332,4
333,2
334,4
335,2
336,4
337,1
338,0
339,2
340,4
341,2
342,4
343,2
344,4
345,4
346,1
347,4
348,0
349,4
350,4
351,4
352,0
353,4
354,0
355,4
356,0
357,4
358,0
359,4
360,0
361,4
362,0
363,4
364,0
365,4
366,0
367,4
368,0
369,4
370,0
371,2
372,4
373,4
374,0
375,4
376,0
377,4
378,0
379,4
380,4
381,0
382,0
383,0
384,0
385,0
386,4
387,0
388,0
389,4
390,0
391,4
392,0
393,4
394,0
395,4
396,0
397,4
398,0
399,0
400,0
401,2
402,0
403,4
404,0
405,1
406,0
407,4
408,0
409,4
410,0
411,4
412,2
413,2
414,0
415,4
416,0
417,4
418,0
419,4
420,0
421,4
422,2
423,4
424,0
425,4
426,2
427,4
428,1
429,0
430,0
431,2
432,2
433,1
434,4
435,0
436,4
437,0
438,4
439,0
440,0
441,0
442,4
443,0
444,4
445,0
446,2
447,0
448,0
449,0
450,2
451,0
452,0
453,0
454,2
455,0
456,2
457,0
458,4
459,0
460,0
461,4
462,0
463,0
464,0
465,2
466,4
467,0
468,4
469,2
470,0
471,2
472,0
473,2
474,0
475,4
476,0
477,2
478,0
479,0
480,0
481,4
482,0
483,2
484,0
485,2
486,0
487,2
488,0
489,0
490,0
491,4
492,0
493,4
494,0
495,2
496,0
497,0
498,0
499,2
500,0
501,2
502,4
503,4
504,2
505,0
506,4
507,0
508,4
509,0
510,4
511,2
512,4
513,2
514,4
515,2
516,2
517,4
518,2
519,4
520,4
521,4
522,4
523,4
524,0
525,4
526,0
527,4
528,0
529,2
530,4
531,4
532,0
533,4
534,2
535,4
536,0
537,0
538,0
539,0
540,2
541,4
542,2
543,2
544,2
545,4
546,2
547,2
548,2
549,4
550,0
551,4
552,2
553,4
554,4
555,2
556,0
557,0
558,4
559,2
560,1
561,2
562,1
563,0
564,4
565,0
566,4
567,2
568,2
569,4
570,1
571,2
572,1
573,0
574,2
575,2
576,1
577,2
578,1
579,2
580,4
581,2
582,1
583,2
584,1
585,2
586,1
587,0
588,1
589,0
590,1
591,0
592,1
593,4
594,1
595,4
596,1
597,0
598,0
599,1
600,1
601,1
602,4
603,1
604,2
605,1
606,0
607,4
608,1
609,1
610,4
611,1
612,4
613,1
614,4
615,1
616,0
617,1
618,1
619,4
620,4
621,1
622,2
623,4
624,4
625,1
626,4
627,1
628,4
629,4
630,0
631,1
632,4
633,1
634,4
635,1
636,0
637,1
638,0
639,1
640,0
641,4
642,0
643,4
644,0
645,1
646,0
647,2
648,0
649,4
650,0
651,4
652,2
653,4
654,4
655,0
656,1
657,0
658,4
659,1
660,1
661,0
662,2
663,0
664,0
665,2
666,0
667,2
668,0
669,1
670,0
671,1
672,4
673,4
674,0
675,4
676,0
677,1
678,0
679,1
680,2
681,4
682,0
683,1
684,0
685,2
686,4
687,1
688,0
689,1
690,0
691,2
692,4
693,2
694,4
695,1
696,4
697,4
698,0
699,4
700,0
701,4
702,2
703,1
704,0
705,1
706,0
707,4
708,4
709,0
710,2
711,4
712,2
713,0
714,2
715,0
716,1
717,2
718,0
719,0
720,1
721,2
722,0
723,0
724,4
725,0
726,1
727,0
728,4
729,0
730,4
731,2
732,4
733,0
734,1
735,4
736,4
737,0
738,2
739,4
740,0
741,0
742,4
743,0
744,4
745,0
746,1
747,0
748,1
749,4
750,4
751,4
752,1
753,4
754,1
755,4
756,4
757,2
758,1
759,0
760,2
761,0
762,1
763,2
764,1
765,0
766,2
767,0
768,1
769,2
770,4
771,0
772,1
773,0
774,1
775,0
776,1
777,0
778,0
779,4
780,2
781,0
782,1
783,0
784,1
785,0
786,4
787,4
788,1
789,0
790,4
791,4
792,4
793,0
794,1
795,4
796,0
797,4
798,1
799,4
800,2
801,2
802,1
803,1
804,0
805,1
806,0
807,2
808,0
809,2
810,2
811,2
812,1
813,4
814,1
815,2
816,1
817,4
818,2
819,0
820,0
821,2
822,2
823,4
824,1
825,4
826,1
827,2
828,1
829,2
830,1
831,4
832,4
833,4
834,2
835,0
836,1
837,0
838,1
839,0
840,1
841,2
842,1
843,0
844,1
845,0
846,2
847,0
848,1
849,1
850,1
851,0
852,1
853,2
854,1
855,0
856,1
857,0
858,1
859,0
860,2
861,0
862,0
863,4
864,4
865,0
866,0
867,4
868,0
869,4
870,0
871,0
872,0
873,0
874,1
875,0
876,0
877,0
878,0
879,0
880,4
881,4
882,0
883,4
884,4
885,0
886,4
887,0
888,4
889,0
890,4
891,0
892,4
893,0
894,4
895,0
896,4
897,0
898,2
899,0
900,0
901,0
902,4
903,0
904,4
905,2
906,4
907,0
908,0
909,0
910,4
911,4
912,0
913,0
914,0
915,4
916,2
917,4
918,2
919,0
920,4
921,4
922,0
923,0
924,0
925,0
926,4
927,0
928,4
929,2
930,4
931,0
932,4
933,0
934,1
935,0
936,0
937,0
938,0
939,2
940,1
941,0
942,1
943,4
944,1
945,4
946,1
947,0
948,1
949,0
950,1
951,4
952,1
953,0
954,1
955,0
956,4
957,0
958,1
959,1
960,1
961,2
962,4
963,0
964,4
965,4
966,0
967,0
968,0
969,2
970,1
971,1
972,1
973,2
974,1
975,0
976,1
977,4
978,1
979,2
980,0
981,0
982,1
983,0
984,1
985,0
986,1
987,0
988,1
989,2
990,1
991,0
992,1
993,0
994,1
995,0
996,1
997,4
998,2
999,0
1000,0
1001,0
1002,0
1003,2
1004,4
1005,0
1006,4
1007,2
1008,0
1009,0
1010,1
1011,0
1012,4
1013,0
1014,4
1015,0
1016,4
1017,0
1018,1
1019,0
1020,4
1021,1
1022,1
1023,0
1024,1
1025,0
1026,0
1027,0
1028,1
1029,2
1030,1
1031,4
1032,1
1033,0
1034,0
1035,0
1036,1
1037,0
1038,1
1039,0
1040,1
1041,2
1042,4
1043,2
1044,2
1045,2
1046,1
1047,2
1048,4
1049,2
1050,4
1051,2
1052,2
1053,4
1054,4
1055,2
1056,4
1057,2
1058,2
1059,2
1060,1
1061,4
1062,1
1063,2
1064,1
1065,4
1066,1
1067,4
1068,2
1069,2
1070,2
1071,2
1072,4
1073,0
1074,1
1075,4
1076,4
1077,2
1078,2
1079,2
1080,1
1081,4
1082,4
1083,1
1084,2
1085,2
1086,2
1087,2
1088,1
1089,4
1090,4
1091,4
1092,2
1093,0
1094,4
1095,4
1096,4
1097,4
1098,2
1099,4
1100,0
1101,4
1102,2
1103,4
1104,2
1105,4
1106,2
1107,4
1108,4
1109,4
1110,2
1111,4
1112,2
1113,4
1114,2
1115,0
1116,2
1117,4
1118,2
1119,4
1120,2
1121,1
1122,0
1123,4
1124,2
1125,2
1126,4
1127,2
1128,4
1129,2
1130,1
1131,0
1132,4
1133,2
1134,4
1135,4
1136,2
1137,0
1138,2
1139,2
1140,1
1141,2
1142,0
1143,2
1144,4
1145,1
1146,2
1147,2
1148,2
1149,1
1150,0
1151,2
1152,0
1153,2
1154,2
1155,1
1156,2
1157,0
1158,0
1159,0
1160,2
1161,1
1162,0
1163,4
1164,2
1165,4
1166,2
1167,1
1168,0
1169,1
1170,2
1171,0
1172,2
1173,0
1174,2
1175,0
1176,2
1177,0
1178,2
1179,4
1180,2
1181,4
1182,4
1183,0
1184,0
1185,2
1186,2
1187,1
1188,2
1189,1
1190,0
1191,1
1192,2
1193,0
1194,2
1195,4
1196,4
1197,0
1198,2
1199,4
1200,2
1201,2
1202,0
1203,0
1204,4
1205,1
1206,4
1207,0
1208,2
1209,0
1210,2
1211,4
1212,2
1213,0
1214,4
1215,4
1216,4
1217,4
1218,4
1219,4
1220,4
1221,1
1222,2
1223,2
1224,4
1225,0
1226,0
1227,4
1228,4
1229,0
1230,4
1231,4
1232,4
1233,4
1234,2
1235,0
1236,1
1237,0
1238,0
1239,4
1240,1
1241,1
1242,2
1243,0
1244,2
1245,2
1246,2
1247,4
1248,4
1249,1
1250,2
1251,1
1252,4
1253,2
1254,4
1255,4
1256,4
1257,4
1258,2
1259,0
1260,2
1261,4
1262,2
1263,1
1264,4
1265,1
1266,2
1267,1
1268,2
1269,1
1270,2
1271,1
1272,0
1273,1
1274,2
1275,2
1276,1
1277,4
1278,1
1279,2
1280,1
1281,4
1282,1
1283,2
1284,1
1285,4
1286,4
1287,0
1288,1
1289,1
1290,1
1291,0
1292,1
1293,2
1294,1
1295,2
1296,1
1297,0
1298,1
1299,1
1300,1
1301,0
1302,4
1303,2
1304,1
1305,0
1306,4
1307,1
1308,1
1309,0
1310,2
1311,0
1312,1
1313,1
1314,2
1315,4
1316,4
1317,1
1318,4
1319,4
1320,2
1321,1
1322,1
1323,2
1324,4
1325,4
1326,4
1327,4
1328,1
1329,2
1330,2
1331,2
1332,4
1333,0
1334,2
1335,4
1336,2
1337,2
1338,1
1339,2
1340,2
1341,2
1342,4
1343,4
1344,4
1345,2
1346,4
1347,2
1348,4
1349,2
1350,0
1351,2
1352,2
1353,1
1354,2
1355,1
1356,4
1357,1
1358,4
1359,4
1360,4
1361,4
1362,1
1363,0
1364,1
1365,2
1366,4
1367,2
1368,4
1369,0
1370,2
1371,4
1372,1
1373,4
1374,4
1375,2
1376,4
1377,1
1378,4
1379,1
1380,4
1381,4
1382,2
1383,2
1384,4
1385,2
1386,2
1387,2
1388,2
1389,2
1390,4
1391,1
1392,4
1393,4
1394,4
1395,4
1396,4
1397,4
1398,4
1399,4
1400,1
1401,2
1402,1
1403,1
1404,2
1405,1
1406,2
1407,2
1408,4
1409,2
1410,4
1411,2
1412,2
1413,2
1414,2
1415,2
1416,4
1417,2
1418,4
1419,2
1420,1
1421,4
1422,2
1423,4
1424,1
1425,2
1426,4
1427,4
1428,4
1429,2
1430,2
1431,2
1432,2
1433,1
1434,4
1435,1
1436,4
1437,0
1438,4
1439,4
1440,2
1441,4
1442,4
1443,1
1444,0
1445,2
1446,4
1447,1
1448,1
1449,1
1450,1
1451,1
1452,0
1453,4
1454,2
1455,2
1456,1
1457,2
1458,2
1459,4
1460,2
1461,2
1462,1
1463,4
1464,4
1465,4
1466,4
1467,4
1468,4
1469,4
1470,4
1471,1
1472,0
1473,4
1474,0
1475,0
1476,4
1477,4
1478,2
1479,4
1480,0
1481,0
1482,1
1483,4
1484,1
1485,0
1486,4
1487,4
1488,1
1489,2
1490,1
1491,4
1492,1
1493,4
1494,4
1495,0
1496,1
1497,4
1498,1
1499,4
1500,4
1501,4
1502,4
1503,4
1504,4
1505,0
1506,4
1507,4
1508,4
1509,2
1510,2
1511,4
1512,1
1513,1
1514,2
1515,1
1516,4
1517,2
1518,2
1519,2
1520,2
1521,4
1522,4
1523,1
1524,4
1525,4
1526,4
1527,2
1528,4
1529,4
1530,4
1531,4
1532,4
1533,2
1534,4
1535,2
1536,4
1537,2
1538,2
1539,1
1540,4
1541,2
1542,2
1543,0
1544,2
1545,2
1546,2
1547,2
1548,2
1549,4
1550,4
1551,2
1552,2
1553,4
1554,2
1555,2
1556,2
1557,4
1558,1
1559,4
1560,1
1561,4
1562,0
1563,2
1564,0
1565,2
1566,2
1567,4
1568,2
1569,4
1570,1
1571,4
1572,2
1573,4
1574,2
1575,4
1576,2
1577,4
1578,1
1579,4
1580,1
1581,4
1582,2
1583,4
1584,2
1585,4
1586,2
1587,4
1588,2
1589,4
1590,2
1591,4
1592,0
1593,4
1594,4
1595,4
1596,4
1597,4
1598,4
1599,4
1600,2
1601,4
1602,1
1603,4
1604,1
1605,4
1606,2
1607,4
1608,4
1609,4
1610,2
1611,4
1612,2
1613,4
1614,4
1615,4
1616,1
1617,4
1618,2
1619,4
1620,4
1621,1
1622,4
1623,1
1624,2
1625,4
1626,2
1627,0
1628,4
1629,0
1630,4
1631,4
1632,4
1633,4
1634,4
1635,4
1636,3
1637,4
1638,4
1639,4
1640,1
1641,4
1642,2
1643,4
1644,4
1645,4
1646,4
1647,4
1648,4
1649,4
1650,4
1651,4
1652,4
1653,4
1654,4
1655,4
1656,2
1657,4
1658,4
1659,4
1660,1
1661,4
1662,4
1663,4
1664,4
1665,4
1666,1
1667,4
1668,1
1669,4
1670,1
1671,4
1672,4
1673,4
1674,4
1675,4
1676,4
1677,2
1678,4
1679,4
1680,4
1681,4
1682,4
1683,2
1684,4
1685,4
1686,4
1687,4
1688,4
1689,4
1690,2
1691,4
1692,4
1693,4
1694,4
1695,4
1696,0
1697,2
1698,4
1699,4
1700,4
1701,1
1702,1
1703,0
1704,0
1705,4
1706,1
1707,2
1708,1
1709,2
1710,1
1711,2
1712,4
1713,4
1714,1
1715,4
1716,1
1717,2
1718,4
1719,2
1720,4
1721,4
1722,0
1723,4
1724,0
1725,4
1726,0
1727,4
1728,0
1729,4
1730,1
1731,2
1732,1
1733,2
1734,1
1735,1
1736,1
1737,0
1738,4
1739,2
1740,4
1741,2
1742,0
1743,2
1744,4
1745,2
1746,4
1747,2
1748,4
1749,2
1750,1
1751,2
1752,1
1753,0
1754,1
1755,0
1756,0
1757,2
1758,1
1759,4
1760,1
1761,4
1762,4
1763,4
1764,1
1765,4
1766,1
1767,4
1768,1
1769,1
1770,0
1771,1
1772,1
1773,0
1774,0
1775,1
1776,1
1777,1
1778,1
1779,1
1780,0
1781,1
1782,4
1783,4
1784,0
1785,0
1786,0
1787,0
1788,0
1789,4
1790,0
1791,1
1792,2
1793,1
1794,4
1795,1
1796,0
1797,1
1798,0
1799,2
1800,1
1801,0
1802,4
1803,0
1804,4
1805,1
1806,2
1807,1
1808,4
1809,1
1810,1
1811,0
1812,0
1813,2
1814,0
1815,0
1816,4
1817,2
1818,4
1819,4
1820,0
1821,1
1822,0
1823,2
1824,2
1825,4
1826,4
1827,1
1828,1
1829,4
1830,1
1831,4
1832,1
1833,2
1834,2
1835,1
1836,2
1837,1
1838,2
1839,1
1840,2
1841,2
1842,1
1843,2
1844,0
1845,2
1846,1
1847,2
1848,1
1849,4
1850,4
1851,4
1852,1
1853,4
1854,4
1855,2
1856,1
1857,2
1858,2
1859,0
1860,2
1861,0
1862,2
1863,2
1864,2
1865,2
1866,2
1867,2
1868,2
1869,0
1870,4
1871,4
1872,2
1873,2
1874,2
1875,0
1876,2
1877,0
1878,2
1879,0
1880,2
1881,2
1882,2
1883,0
1884,2
1885,0
1886,2
1887,2
1888,2
1889,1
1890,2
1891,1
1892,2
1893,0
1894,2
1895,2
1896,2
1897,2
1898,0
1899,2
1900,1
1901,2
1902,0
1903,2
1904,1
1905,2
1906,1
1907,2
1908,1
1909,2
1910,1
1911,4
1912,1
1913,2
1914,2
1915,1
1916,2
1917,2
1918,1
1919,1
1920,1
1921,2
1922,1
1923,2
1924,2
1925,2
1926,2
1927,2
1928,2
1929,4
1930,1
1931,2
1932,2
1933,2
1934,4
1935,1
1936,4
1937,1
1938,2
1939,1
1940,2
1941,1
1942,4
1943,4
1944,2
1945,4
1946,2
1947,0
1948,4
1949,1
1950,4
1951,0
1952,2
1953,1
1954,2
1955,0
1956,2
1957,1
1958,2
1959,1
1960,2
1961,1
1962,2
1963,4
1964,2
1965,1
1966,2
1967,2
1968,4
1969,1
1970,2
1971,1
1972,4
1973,2
1974,1
1975,2
1976,0
1977,2
1978,4
1979,4
1980,0
1981,2
1982,1
1983,2
1984,1
1985,0
1986,2
1987,0
1988,2
1989,1
1990,4
1991,1
1992,2
1993,4
1994,2
1995,1
1996,2
1997,1
1998,2
1999,1
2000,4
2001,1
2002,4
2003,1
2004,0
2005,0
2006,2
2007,1
2008,2
2009,1
2010,4
2011,1
2012,0
2013,1
2014,2
2015,1
2016,4
2017,1
2018,2
2019,1
2020,1
2021,4
2022,2
2023,2
2024,1
2025,4
2026,1
2027,4
2028,1
2029,4
2030,1
2031,4
2032,1
2033,4
2034,4
2035,2
2036,1
2037,4
2038,1
2039,4
2040,1
2041,1
2042,1
2043,2
2044,1
2045,2
2046,4
2047,2
2048,1
2049,2
2050,1
2051,4
2052,1
2053,4
2054,1
2055,2
2056,0
2057,1
2058,2
2059,1
2060,2
2061,1
2062,4
2063,1
2064,2
2065,1
2066,4
2067,1
2068,2
2069,1
2070,2
2071,1
2072,2
2073,1
2074,0
2075,1
2076,2
2077,1
2078,2
2079,1
2080,2
2081,1
2082,4
2083,1
2084,4
2085,1
2086,2
2087,1
2088,1
2089,1
2090,1
2091,1
2092,4
2093,1
2094,2
2095,1
2096,2
2097,0
2098,2
2099,1
2100,2
2101,1
2102,2
2103,1
2104,2
2105,1
2106,2
2107,0
2108,2
2109,0
2110,0
2111,1
2112,4
2113,0
2114,4
2115,1
2116,2
2117,2
2118,2
2119,1
2120,2
2121,1
2122,2
2123,1
2124,2
2125,1
2126,2
2127,1
2128,4
2129,1
2130,4
2131,4
2132,4
2133,2
2134,4
2135,2
2136,4
2137,4
2138,4
2139,4
2140,2
2141,0
2142,2
2143,4
2144,0
2145,4
2146,0
2147,2
2148,0
2149,2
2150,4
2151,2
2152,0
2153,4
2154,0
2155,2
2156,0
2157,2
2158,0
2159,2
2160,0
2161,2
2162,4
2163,4
2164,4
2165,4
2166,2
2167,4
2168,4
2169,4
2170,4
2171,4
2172,0
2173,4
2174,4
2175,4
2176,4
2177,2
2178,0
2179,4
2180,4
2181,4
2182,4
2183,4
2184,4
2185,4
2186,4
2187,4
2188,4
2189,4
2190,4
2191,4
2192,4
2193,4
2194,4
2195,4
2196,4
2197,4
2198,4
2199,4
2200,4
2201,4
2202,4
2203,4
2204,4
2205,4
2206,4
2207,4
2208,4
2209,4
2210,4
2211,4
2212,4
2213,4
2214,4
2215,4
2216,4
2217,4
2218,4
2219,4
2220,4
2221,4
2222,4
2223,4
2224,4
2225,4
2226,4
2227,4
2228,4
2229,4
2230,4
2231,4
2232,4
2233,4
2234,4
2235,1
2236,1
2237,1
2238,1
2239,4
2240,0
2241,4
2242,2
2243,4
2244,4
2245,4
2246,4
2247,1
2248,4
2249,1
2250,4
2251,4
2252,2
2253,2
2254,2
2255,1
2256,4
2257,4
2258,1
2259,1
2260,1
2261,1
2262,1
2263,2
2264,4
2265,1
2266,1
2267,4
2268,4
2269,0
2270,4
2271,2
2272,2
2273,4
2274,4
2275,4
2276,4
2277,4
2278,4
2279,2
2280,2
2281,2
2282,4
2283,2
2284,2
2285,2
2286,2
2287,2
2288,4
2289,4
2290,4
2291,4
2292,2
2293,4
2294,4
2295,4
2296,4
2297,4
2298,4
2299,4
2300,4
2301,4
2302,4
2303,4
2304,4
2305,1
2306,1
2307,1
2308,0
2309,2
2310,1
2311,0
2312,1
2313,0
2314,0
2315,4
2316,1
2317,0
2318,4
2319,1
2320,0
2321,1
2322,0
2323,0
2324,0
2325,2
2326,0
2327,1
2328,1
2329,2
2330,2
2331,2
2332,1
2333,1
2334,1
2335,4
2336,4
2337,0
2338,4
2339,4
2340,4
2341,0
2342,2
2343,2
2344,2
2345,0
2346,1
2347,2
2348,1
2349,0
2350,0
2351,1
2352,1
2353,0
2354,4
2355,0
2356,4
2357,0
2358,1
2359,2
2360,2
2361,0
2362,2
2363,2
2364,2
2365,4
2366,2
2367,1
2368,4
2369,1
2370,1
2371,0
2372,1
2373,4
2374,4
2375,2
2376,2
2377,2
2378,2
2379,2
2380,2
2381,2
2382,1
2383,2
2384,1
2385,4
2386,0
2387,1
2388,0
2389,2
2390,4
2391,0
2392,2
2393,2
2394,1
2395,2
2396,2
2397,0
2398,2
2399,2
2400,1
2401,2
2402,2
2403,1
2404,1
2405,2
2406,1
2407,1
2408,1
2409,4
2410,1
2411,0
2412,2
2413,2
2414,0
2415,0
2416,0
2417,1
2418,0
2419,4
2420,0
2421,4
2422,1
2423,0
2424,0
2425,0
2426,0
2427,2
2428,0
2429,1
2430,1
2431,0
2432,1
2433,0
2434,0
2435,1
2436,2
2437,4
2438,0
2439,1
2440,1
2441,1
2442,1
2443,1
2444,0
2445,0
2446,0
2447,1
2448,0
2449,1
2450,2
2451,1
2452,2
2453,2
2454,1
2455,2
2456,1
2457,4
2458,1
2459,1
2460,0
2461,2
2462,1
2463,1
2464,1
2465,2
2466,1
2467,0
2468,0
2469,1
2470,1
2471,2
2472,0
2473,0
2474,0
2475,0
2476,2
2477,0
2478,2
2479,0
2480,2
2481,1
2482,1
2483,0
2484,0
2485,0
2486,1
2487,0
2488,4
2489,1
2490,1
2491,2
2492,1
2493,2
2494,1
2495,2
2496,2
2497,2
2498,2
2499,1
2500,1
2501,0
2502,0
2503,4
2504,0
2505,0
2506,0
2507,2
2508,0
2509,1
2510,1
2511,0
2512,0
2513,2
2514,2
2515,2
2516,2
2517,1
2518,2
2519,2
2520,2
2521,2
2522,2
2523,0
2524,1
2525,0
2526,1
2527,1
2528,2
2529,2
2530,2
2531,2
2532,0
2533,2
2534,1
2535,2
2536,2
2537,2
2538,2
2539,2
2540,0
2541,1
2542,2
2543,2
2544,2
2545,2
2546,2
2547,4
2548,1
2549,2
2550,1
2551,1
2552,1
2553,1
2554,0
2555,2
2556,2
2557,1
2558,2
2559,2
2560,1
2561,2
2562,1
2563,0
2564,2
2565,0
2566,0
2567,1
2568,1
2569,0
2570,0
2571,1
2572,1
2573,0
2574,0
2575,2
2576,0
2577,2
2578,0
2579,2
2580,2
2581,1
2582,0
2583,0
2584,2
2585,0
2586,0
2587,0
2588,0
2589,2
2590,0
2591,1
2592,4
2593,1
2594,2
2595,0
2596,2
2597,0
2598,1
2599,2
2600,0
2601,4
2602,0
2603,0
2604,0
2605,2
2606,0
2607,4
2608,0
2609,0
2610,1
2611,2
2612,2
2613,1
2614,0
2615,1
2616,1
2617,1
2618,0
2619,0
2620,2
2621,1
2622,1
2623,4
2624,1
2625,2
2626,0
2627,2
2628,1
2629,2
2630,0
2631,0
2632,0
2633,1
2634,0
2635,2
2636,0
2637,4
2638,0
2639,0
2640,0
2641,0
2642,0
2643,0
2644,0
2645,0
2646,0
2647,0
2648,0
2649,0
2650,1
2651,0
2652,0
2653,2
2654,1
2655,0
2656,2
2657,2
2658,0
2659,2
2660,0
2661,2
2662,0
2663,0
2664,0
2665,1
2666,1
2667,0
2668,0
2669,0
2670,1
2671,0
2672,0
2673,1
2674,1
2675,2
2676,0
2677,0
2678,1
2679,0
2680,2
2681,0
2682,1
2683,1
2684,1
2685,1
2686,0
2687,0
2688,1
2689,2
2690,1
2691,1
2692,0
2693,1
2694,0
2695,0
2696,0
2697,0
2698,0
2699,4
2700,2
2701,0
2702,2
2703,0
2704,0
2705,0
2706,0
2707,2
2708,2
2709,4
2710,0
2711,4
2712,2
2713,2
2714,0
2715,0
2716,1
2717,0
2718,1
2719,2
2720,2
2721,1
2722,0
2723,4
2724,0
2725,2
2726,0
2727,1
2728,1
2729,0
2730,0
2731,2
2732,0
2733,0
2734,0
2735,2
2736,2
2737,1
2738,1
2739,1
2740,0
2741,2
2742,0
2743,0
2744,0
2745,0
2746,2
2747,0
2748,2
2749,0
2750,0
2751,0
2752,4
2753,4
2754,0
2755,0
2756,1
2757,0
2758,1
2759,1
2760,0
2761,0
2762,0
2763,0
2764,2
2765,0
2766,2
2767,0
2768,0
2769,2
2770,0
2771,1
2772,0
2773,0
2774,4
2775,0
2776,1
2777,0
2778,0
2779,0
2780,0
2781,1
2782,0
2783,0
2784,0
2785,0
2786,0
2787,1
2788,0
2789,1
2790,0
2791,0
2792,2
2793,0
2794,0
2795,4
2796,0
2797,0
2798,1
2799,0
2800,0
2801,0
2802,2
2803,0
2804,4
2805,0
2806,2
2807,0
2808,2
2809,1
2810,1
2811,2
2812,2
2813,0
2814,1
2815,1
2816,0
2817,1
2818,1
2819,1
2820,2
2821,2
2822,1
2823,4
2824,2
2825,1
2826,0
2827,0
2828,2
2829,1
2830,1
2831,1
2832,1
2833,2
2834,2
2835,1
2836,0
2837,1
2838,2
2839,0
2840,1
2841,0
2842,1
2843,0
2844,0
2845,0
2846,1
2847,0
2848,0
2849,1
2850,0
2851,0
2852,0
2853,0
2854,1
2855,0
2856,0
2857,0
2858,0
2859,0
2860,1
2861,2
2862,0
2863,1
2864,1
2865,2
2866,1
2867,0
2868,1
2869,0
2870,0
2871,1
2872,0
2873,0
2874,1
2875,0
2876,1
2877,1
2878,2
2879,1
2880,0
2881,1
2882,4
2883,0
2884,0
2885,0
2886,0
2887,0
2888,0
2889,1
2890,0
2891,4
2892,0
2893,1
2894,0
2895,1
2896,2
2897,1
2898,0
2899,0
2900,1
2901,0
2902,1
2903,1
2904,1
2905,1
2906,0
2907,0
2908,0
2909,0
2910,0
2911,1
2912,0
2913,0
2914,0
2915,1
2916,1
2917,0
2918,0
2919,2
2920,0
2921,0
2922,1
2923,2
2924,2
2925,0
2926,1
2927,0
2928,1
2929,0
2930,1
2931,2
2932,0
2933,1
2934,2
2935,4
2936,4
2937,1
2938,0
2939,0
2940,0
2941,0
2942,0
2943,0
2944,0
2945,0
2946,1
2947,0
2948,2
2949,2
2950,1
2951,0
2952,0
2953,0
2954,1
2955,1
2956,1
2957,0
2958,0
2959,0
2960,0
2961,1
2962,0
2963,0
2964,2
2965,0
2966,0
2967,4
2968,2
2969,1
2970,2
2971,0
2972,0
2973,1
2974,0
2975,1
2976,2
2977,0
2978,0
2979,2
2980,2
2981,0
2982,4
2983,0
2984,0
2985,4
2986,0
2987,2
2988,2
2989,0
2990,1
2991,0
2992,1
2993,2
2994,0
2995,0
2996,1
2997,0
2998,0
2999,2
3000,2
3001,1
3002,2
3003,4
3004,0
3005,1
3006,2
3007,0
3008,0
3009,0
3010,2
3011,0
3012,1
3013,0
3014,4
3015,1
3016,1
3017,0
3018,2
3019,4
3020,0
3021,0
3022,0
3023,0
3024,4
3025,0
3026,4
3027,0
3028,1
3029,2
3030,2
3031,1
3032,2
3033,0
3034,0
3035,2
3036,0
3037,2
3038,1
3039,0
3040,0
3041,1
3042,1
3043,4
3044,1
3045,0
3046,1
3047,0
3048,1
3049,0
3050,0
3051,4
3052,0
3053,1
3054,1
3055,1
3056,1
3057,0
3058,2
3059,0
3060,4
3061,2
3062,0
3063,2
3064,0
3065,0
3066,2
3067,0
3068,0
3069,2
3070,0
3071,0
3072,1
3073,1
3074,0
3075,2
3076,0
3077,0
3078,0
3079,1
3080,1
3081,4
3082,1
3083,1
3084,0
3085,0
3086,0
3087,2
3088,2
3089,0
3090,0
3091,0
3092,0
3093,0
3094,1
3095,1
3096,0
3097,2
3098,2
3099,0
3100,0
3101,2
3102,0
3103,0
3104,0
3105,0
3106,1
3107,0
3108,0
3109,0
3110,1
3111,0
3112,0
3113,0
3114,2
3115,1
3116,0
3117,2
3118,2
3119,0
3120,0
3121,0
3122,1
3123,0
3124,4
3125,1
3126,1
3127,1
3128,1
3129,0
3130,1
3131,0
3132,0
3133,2
3134,1
3135,0
3136,1
3137,0
3138,2
3139,0
3140,0
3141,2
3142,1
3143,0
3144,0
3145,1
3146,2
3147,0
3148,0
3149,0
3150,2
3151,0
3152,0
3153,0
3154,1
3155,0
3156,2
3157,1
3158,4
3159,0
3160,4
3161,1
3162,1
3163,0
3164,0
3165,0
3166,2
3167,0
3168,1
3169,1
3170,1
3171,0
3172,0
3173,0
3174,0
3175,2
3176,1
3177,0
3178,0
3179,0
3180,1
3181,0
3182,0
3183,4
3184,4
3185,0
3186,0
3187,0
3188,0
3189,0
3190,4
3191,1
3192,0
3193,0
3194,0
3195,0
3196,0
3197,1
3198,2
3199,0
3200,0
3201,0
3202,1
3203,0
3204,0
3205,1
3206,1
3207,0
3208,0
3209,2
3210,0
3211,0
3212,0
3213,0
3214,0
3215,0
3216,2
3217,0
3218,1
3219,4
3220,1
3221,2
3222,1
3223,1
3224,1
3225,1
3226,1
3227,1
3228,1
3229,1
3230,1
3231,1
3232,1
3233,1
3234,1
3235,1
3236,1
3237,1
3238,1
3239,1
3240,1
3241,1
3242,1
3243,1
3244,1
3245,1
3246,1
3247,1
3248,1
3249,1
3250,1
3251,1
3252,1
3253,1
3254,1
3255,1
3256,1
3257,1
3258,1
3259,1
3260,1
3261,1
3262,1
3263,1
3264,1
3265,1
3266,1
3267,1
3268,1
3269,1
3270,1
3271,1
3272,1
3273,1
3274,1
3275,1
3276,1
3277,1
3278,1
3279,1
3280,1
3281,1
3282,1
3283,4
3284,1
3285,1
3286,1
3287,1
3288,1
3289,1
3290,1
3291,1
3292,1
3293,1
3294,1
3295,1
3296,1
3297,1
3298,1
3299,1
3300,2
3301,1
3302,1
3303,1
3304,1
3305,1
3306,1
3307,1
3308,1
3309,1
3310,1
3311,4
3312,1
3313,1
3314,1
3315,1
3316,1
3317,1
3318,1
3319,1
3320,1
3321,1
3322,1
3323,1
3324,4
3325,1
3326,1
3327,1
3328,1
3329,0
3330,1
3331,1
3332,1
3333,4
3334,1
3335,1
3336,1
3337,1
3338,1
3339,1
3340,1
3341,1
3342,1
3343,1
3344,1
3345,1
3346,2
3347,1
3348,1
3349,2
3350,1
3351,1
3352,0
3353,1
3354,1
3355,1
3356,1
3357,1
3358,1
3359,1
3360,1
3361,2
3362,1
3363,1
3364,1
3365,2
3366,1
3367,1
3368,1
3369,1
3370,1
3371,1
3372,1
3373,2
3374,1
3375,1
3376,1
3377,1
3378,1
3379,1
3380,1
3381,1
3382,1
3383,1
3384,1
3385,1
3386,1
3387,1
3388,1
3389,1
3390,1
3391,1
3392,1
3393,1
3394,1
3395,1
3396,1
3397,1
3398,1
3399,1
3400,1
3401,2
3402,1
3403,1
3404,1
3405,1
3406,1
3407,1
3408,1
3409,0
3410,1
3411,2
3412,1
3413,2
3414,2
3415,2
3416,2
3417,2
3418,2
3419,1
3420,2
3421,2
3422,2
3423,1
3424,2
3425,2
3426,2
3427,1
3428,2
3429,1
3430,1
3431,1
3432,1
3433,1
3434,1
3435,1
3436,1
3437,1
3438,1
3439,1
3440,1
3441,1
3442,1
3443,1
3444,1
3445,1
3446,1
3447,2
3448,1
3449,1
3450,1
3451,1
3452,1
3453,2
3454,1
3455,1
3456,1
3457,2
3458,1
3459,2
3460,1
3461,1
3462,1
3463,2
3464,2
3465,1
3466,4
3467,2
3468,2
3469,2
3470,1
3471,2
3472,1
3473,1
3474,1
3475,1
3476,1
3477,1
3478,1
3479,1
3480,1
3481,1
3482,1
3483,1
3484,1
3485,1
3486,1
3487,1
3488,0
3489,1
3490,1
3491,0
3492,2
3493,0
3494,1
3495,1
3496,1
3497,1
3498,1
3499,1
3500,1
3501,1
3502,1
3503,1
3504,1
3505,1
3506,1
3507,1
3508,1
3509,1
3510,1
3511,1
3512,1
3513,1
3514,1
3515,1
3516,1
3517,1
3518,1
3519,2
3520,0
3521,1
3522,1
3523,1
3524,2
3525,2
3526,2
3527,2
3528,0
3529,1
3530,1
3531,1
3532,2
3533,1
3534,2
3535,4
3536,1
3537,2
3538,0
3539,2
3540,1
3541,1
3542,1
3543,2
3544,2
3545,0
3546,1
3547,1
3548,1
3549,0
3550,2
3551,4
3552,2
3553,1
3554,2
3555,2
3556,2
3557,2
3558,1
3559,2
3560,1
3561,1
3562,1
3563,1
3564,0
3565,4
3566,4
3567,1
3568,1
3569,1
3570,2
3571,1
3572,2
3573,1
3574,1
3575,1
3576,1
3577,2
3578,1
3579,1
3580,1
3581,2
3582,1
3583,1
3584,1
3585,1
3586,1
3587,1
3588,2
3589,1
3590,1
3591,1
3592,1
3593,1
3594,1
3595,2
3596,1
3597,1
3598,1
3599,1
3600,0
3601,0
3602,2
3603,1
3604,1
3605,0
3606,0
3607,0
3608,0
3609,0
3610,0
3611,1
3612,1
3613,1
3614,1
3615,1
3616,1
3617,1
3618,2
3619,1
3620,1
3621,1
3622,2
3623,1
3624,1
3625,1
3626,1
3627,1
3628,1
3629,1
3630,1
3631,1
3632,1
3633,1
3634,1
3635,1
3636,1
3637,1
3638,1
3639,1
3640,1
3641,4
3642,1
3643,2
3644,1
3645,1
3646,4
3647,1
3648,1
3649,1
3650,1
3651,4
3652,4
3653,1
3654,0
3655,1
3656,4
3657,1
3658,1
3659,1
3660,1
3661,1
3662,1
3663,1
3664,1
3665,1
3666,1
3667,4
3668,1
3669,2
3670,2
3671,2
3672,2
3673,2
3674,1
3675,2
3676,2
3677,1
3678,2
3679,1
3680,1
3681,1
3682,1
3683,1
3684,2
3685,2
3686,0
3687,2
3688,1
3689,2
3690,2
3691,2
3692,2
3693,2
3694,2
3695,2
3696,1
3697,2
3698,2
3699,1
3700,1
3701,2
3702,2
3703,1
3704,2
3705,1
3706,1
3707,1
3708,2
3709,1
3710,0
3711,2
3712,1
3713,1
3714,1
3715,2
3716,1
3717,2
3718,1
3719,2
3720,2
3721,2
3722,2
3723,2
3724,1
3725,2
3726,2
3727,1
3728,2
3729,2
3730,2
3731,2
3732,2
3733,2
3734,2
3735,2
3736,2
3737,2
3738,2
3739,1
3740,2
3741,2
3742,2
3743,2
3744,2
3745,2
3746,1
3747,1
3748,1
3749,1
3750,1
3751,1
3752,1
3753,1
3754,1
3755,1
3756,1
3757,1
3758,1
3759,1
3760,1
3761,1
3762,1
3763,1
3764,1
3765,1
3766,1
3767,1
3768,2
3769,1
3770,1
3771,1
3772,1
3773,1
3774,1
3775,1
3776,1
3777,1
3778,1
3779,1
3780,1
3781,1
3782,1
3783,1
3784,1
3785,1
3786,1
3787,1
3788,1
3789,1
3790,1
3791,1
3792,2
3793,2
3794,1
3795,1
3796,1
3797,2
3798,2
3799,1
3800,1
3801,2
3802,0
3803,2
3804,1
3805,1
3806,1
3807,1
3808,1
3809,1
3810,2
3811,1
3812,1
3813,0
3814,1
3815,2
3816,1
3817,1
3818,4
3819,1
3820,3
3821,3
3822,3
3823,4
3824,3
3825,3
3826,1
3827,3
3828,3
3829,3
3830,3
3831,3
3832,3
3833,4
3834,3
3835,3
3836,3
3837,3
3838,3
3839,3
3840,3
3841,3
3842,3
3843,3
3844,3
3845,3
3846,3
3847,3
3848,3
3849,4
3850,4
3851,4
3852,4
3853,3
3854,3
3855,3
3856,3
3857,3
3858,3
3859,3
3860,3
3861,3
3862,3
3863,3
3864,3
3865,3
3866,3
3867,4
3868,3
3869,3
3870,3
3871,4
3872,4
3873,4
3874,4
3875,3
3876,4
3877,3
3878,4
3879,4
3880,4
3881,4
3882,3
3883,3
3884,3
3885,3
3886,3
3887,3
3888,3
3889,4
3890,4
3891,3
3892,4
3893,2
3894,4
3895,4
3896,4
3897,4
3898,3
3899,4
3900,3
3901,4
3902,4
3903,4
3904,4
3905,3
3906,4
3907,4
3908,4
3909,4
3910,4
3911,3
3912,3
3913,3
3914,3
3915,3
3916,3
3917,3
3918,3
3919,3
3920,3
3921,3
3922,3
3923,3
3924,3
3925,3
3926,3
3927,4
3928,3
3929,3
3930,3
3931,3
3932,4
3933,3
3934,4
3935,3
3936,4
3937,3
3938,4
3939,4
3940,4
3941,3
3942,3
3943,3
3944,3
3945,4
3946,4
3947,4
3948,4
3949,3
3950,4
3951,3
3952,3
3953,3
3954,4
3955,3
3956,4
3957,3
3958,3
3959,4
3960,3
3961,3
3962,3
3963,4
3964,3
3965,0
3966,3
3967,4
3968,3
3969,3
3970,4
3971,3
3972,3
3973,3
3974,3
3975,1
3976,3
3977,3
3978,3
3979,1
3980,3
3981,3
3982,1
3983,3
3984,3
3985,4
3986,4
3987,4
3988,4
3989,3
3990,3
3991,4
3992,3
3993,3
3994,3
3995,3
3996,4
3997,3
3998,4
3999,4
4000,4
4001,4
4002,4
4003,3
4004,3
4005,4
4006,4
4007,4
4008,1
4009,1
4010,1
4011,4
4012,3
4013,4
4014,4
4015,4
4016,4
4017,3
4018,4
4019,4
4020,3
4021,3
4022,4
4023,3
4024,4
4025,3
4026,4
4027,0
4028,4
4029,4
4030,4
4031,4
4032,4
4033,3
4034,4
4035,3
4036,3
4037,3
4038,3
4039,3
4040,3
4041,4
4042,4
4043,3
4044,3
4045,3
4046,3
4047,3
4048,3
4049,4
4050,3
4051,3
4052,4
4053,3
4054,4
4055,3
4056,4
4057,3
4058,4
4059,3
4060,4
4061,3
4062,3
4063,3
4064,1
4065,3
4066,3
4067,3
4068,3
4069,4
4070,3
4071,3
4072,3
4073,3
4074,3
4075,3
4076,3
4077,3
4078,3
4079,4
4080,4
4081,4
4082,4
4083,4
4084,4
4085,3
4086,3
4087,3
4088,4
4089,4
4090,4
4091,4
4092,4
4093,3
4094,4
4095,4
4096,4
4097,4
4098,4
4099,4
4100,3
4101,4
4102,4
4103,4
4104,4
4105,3
4106,4
4107,4
4108,4
4109,3
4110,3
4111,3
4112,4
4113,3
4114,3
4115,4
4116,4
4117,4
4118,4
4119,4
4120,4
4121,3
4122,4
4123,3
4124,4
4125,4
4126,4
4127,4
4128,3
4129,3
4130,4
4131,3
4132,3
4133,3
4134,3
4135,3
4136,4
4137,3
4138,1
4139,3
4140,4
4141,3
4142,4
4143,3
4144,4
4145,3
4146,3
4147,3
4148,4
4149,4
4150,4
4151,3
4152,3
4153,3
4154,4
4155,4
4156,4
4157,4
4158,3
4159,3
4160,0
4161,4
4162,4
4163,4
4164,3
4165,4
4166,3
4167,3
4168,4
4169,3
4170,3
4171,3
4172,4
4173,3
4174,4
4175,4
4176,4
4177,3
4178,3
4179,4
4180,3
4181,4
4182,3
4183,3
4184,4
4185,4
4186,4
4187,3
4188,4
4189,3
4190,4
4191,4
4192,3
4193,3
4194,4
4195,3
4196,3
4197,3
4198,3
4199,4
4200,4
4201,4
4202,3
4203,3
4204,4
4205,3
4206,3
4207,4
4208,3
4209,3
4210,3
4211,3
4212,4
4213,4
4214,3
4215,4
4216,3
4217,4
4218,4
4219,3
4220,4
4221,4
4222,3
4223,4
4224,3
4225,3
4226,4
4227,4
4228,4
4229,3
4230,4
4231,3
4232,3
4233,4
4234,4
4235,4
4236,3
4237,3
4238,4
4239,3
4240,3
4241,3
4242,4
4243,3
4244,3
4245,3
4246,3
4247,3
4248,3
4249,3
4250,3
4251,4
4252,4
4253,4
4254,4
4255,3
4256,4
4257,4
4258,4
4259,3
4260,3
4261,3
4262,4
4263,4
4264,4
4265,3
4266,3
4267,3
4268,3
4269,4
4270,4
4271,3
4272,4
4273,4
4274,3
4275,4
4276,3
4277,3
4278,3
4279,3
4280,4
4281,3
4282,4
4283,3
4284,4
4285,3
4286,4
4287,3
4288,3
4289,3
4290,3
4291,3
4292,3
4293,4
4294,4
4295,3
4296,3
4297,3
4298,3
4299,4
4300,3
4301,4
4302,3
4303,3
4304,3
4305,3
4306,3
4307,3
4308,3
4309,3
4310,3
4311,3
4312,4
4313,4
4314,4
4315,3
4316,0
4317,4
4318,3
4319,3
4320,4
4321,3
4322,3
4323,3
4324,3
4325,4
4326,4
4327,3
4328,3
4329,3
4330,3
4331,3
4332,3
4333,3
4334,3
4335,3
4336,3
4337,1
4338,1
4339,3
4340,3
4341,4
4342,3
4343,3
4344,3
4345,3
4346,3
4347,3
4348,4
4349,3
4350,3
4351,3
4352,4
4353,3
4354,3
4355,3
4356,3
4357,3
4358,3
4359,4
4360,3
4361,4
4362,4
4363,4
4364,4
4365,3
4366,4
4367,4
4368,3
4369,4
4370,4
4371,4
4372,4
4373,4
4374,3
4375,4
4376,3
4377,3
4378,4
4379,3
4380,3
4381,3
4382,3
4383,4
4384,3
4385,3
4386,3
4387,3
4388,3
4389,3
4390,3
4391,4
4392,1
4393,4
4394,1
4395,4
4396,3
4397,4
4398,4
4399,3
4400,4
4401,4
4402,3
4403,3
4404,3
4405,4
4406,3
4407,4
4408,4
4409,3
4410,3
4411,4
4412,3
4413,3
4414,1
4415,3
4416,3
4417,3
4418,4
4419,3
4420,4
4421,3
4422,3
4423,3
4424,3
4425,3
4426,3
4427,3
4428,4
4429,3
4430,3
4431,3
4432,3
4433,3
4434,3
4435,1
4436,3
4437,3
4438,2
4439,3
4440,4
4441,3
4442,4
4443,4
4444,4
4445,3
4446,3
4447,1
4448,4
4449,3
4450,3
4451,4
4452,4
4453,4
4454,4
4455,4
4456,4
4457,4
4458,4
4459,4
4460,4
4461,4
4462,4
4463,4
4464,4
4465,1
4466,4
4467,3
4468,4
4469,3
4470,3
4471,4
4472,3
4473,3
4474,3
4475,3
4476,3
4477,4
4478,4
4479,3
4480,4
4481,3
4482,3
4483,4
4484,3
4485,4
4486,3
4487,4
4488,4
4489,4
4490,4
4491,4
4492,3
4493,4
4494,3
4495,3
4496,3
4497,3
4498,4
4499,3
4500,4
4501,3
4502,3
4503,3
4504,3
4505,3
4506,3
4507,4
4508,3
4509,3
4510,3
4511,4
4512,3
4513,3
4514,3
4515,3
4516,3
4517,4
4518,3
4519,3
4520,3
4521,4
4522,4
4523,4
4524,4
4525,3
4526,3
4527,3
4528,4
4529,3
4530,4
4531,4
4532,3
4533,3
4534,4
4535,1
4536,3
4537,3
4538,3
4539,3
4540,3
4541,4
4542,4
4543,4
4544,4
4545,4
4546,4
4547,4
4548,3
4549,3
4550,4
4551,4
4552,3
4553,3
4554,4
4555,4
4556,4
4557,3
4558,4
4559,3
4560,3
4561,3
4562,4
4563,4
4564,4
4565,4
4566,4
4567,3
4568,4
4569,4
4570,3
4571,3
4572,4
4573,3
4574,4
4575,4
4576,4
4577,3
4578,3
4579,4
4580,3
4581,3
4582,3
4583,3
4584,3
4585,3
4586,3
4587,3
4588,3
4589,3
4590,3
4591,3
4592,3
4593,3
4594,3
4595,3
4596,3
4597,3
4598,3
4599,3
4600,3
4601,4
4602,4
4603,3
4604,3
4605,4
4606,4
4607,3
4608,3
4609,4
4610,3
4611,3
4612,4
4613,3
4614,3
4615,3
4616,3
4617,3
4618,4
4619,4
4620,3
4621,3
4622,3
4623,3
4624,3
4625,3
4626,3
4627,3
4628,3
4629,3
4630,3
4631,3
4632,4
4633,3
4634,4
4635,1
4636,4
4637,3
4638,3
4639,3
4640,3
4641,3
4642,3
4643,3
4644,3
4645,3
4646,3
4647,3
4648,4
4649,4
4650,1
4651,3
4652,3
4653,3
4654,3
4655,3
4656,4
4657,4
4658,3
4659,4
4660,4
4661,4
4662,3
4663,3
4664,3
4665,4
4666,4
4667,3
4668,4
4669,3
4670,4
4671,3
4672,4
4673,3
4674,3
4675,3
4676,4
4677,4
4678,3
4679,4
4680,3
4681,4
4682,3
4683,3
4684,3
4685,4
4686,3
4687,4
4688,4
4689,4
4690,3
4691,3
4692,3
4693,3
4694,3
4695,3
4696,3
4697,3
4698,3
4699,3
4700,3
4701,1
4702,3
4703,3
4704,3
4705,1
4706,1
4707,3
4708,3
4709,3
4710,3
4711,4
4712,3
4713,3
4714,3
4715,3
4716,3
4717,3
4718,3
4719,3
4720,4
4721,4
4722,4
4723,3
4724,3
4725,3
4726,3
4727,3
4728,3
4729,3
4730,3
4731,3
4732,4
4733,4
4734,4
4735,3
4736,3
4737,3
4738,3
4739,3
4740,3
4741,4
4742,4
4743,4
4744,3
4745,4
4746,4
4747,3
4748,4
4749,3
4750,4
4751,3
4752,4
4753,3
4754,4
4755,3
4756,3
4757,4
4758,3
4759,4
4760,4
4761,4
4762,4
4763,4
4764,4
4765,4
4766,3
4767,3
4768,4
4769,3
4770,3
4771,3
4772,4
4773,3
4774,3
4775,4
4776,3
4777,3
4778,3
4779,4
4780,3
4781,3
4782,1
4783,4
4784,4
4785,4
4786,4
4787,4
4788,4
4789,4
4790,4
4791,4
4792,4
4793,3
4794,4
4795,4
4796,3
4797,4
4798,3
4799,3
4800,3
4801,3
4802,4
4803,4
4804,4
4805,4
4806,4
4807,3
4808,4
4809,3
4810,4
4811,4
4812,4
4813,4
4814,4
4815,4
4816,4
4817,4
4818,4
4819,4
4820,4
4821,4
4822,4
4823,4
4824,4
4825,3
4826,3
4827,4
4828,3
4829,3
4830,4
4831,3
4832,3
4833,4
4834,4
4835,1
4836,1
4837,4
4838,3
4839,3
4840,3
4841,3
4842,3
4843,4
4844,4
4845,3
4846,3
4847,4
4848,4
4849,4
4850,4
4851,4
4852,3
4853,4
4854,3
4855,4
4856,3
4857,4
4858,3
4859,3
4860,4
4861,3
4862,4
4863,4
4864,4
4865,3
4866,4
4867,3
4868,3
4869,4
4870,3
4871,4
4872,3
4873,4
4874,4
4875,3
4876,3
4877,3
4878,3
4879,4
4880,3
4881,4
4882,4
4883,4
4884,1
4885,4
4886,4
4887,3
4888,4
4889,4
4890,3
4891,4
4892,4
4893,3
4894,4
4895,4
4896,4
4897,4
4898,1
4899,3
4900,3
4901,4
4902,4
4903,4
4904,4
4905,4
4906,4
4907,4
4908,4
4909,4
4910,3
4911,3
4912,4
4913,4
4914,3
4915,4
4916,4
4917,3
4918,3
4919,4
4920,3
4921,4
4922,3
4923,4
4924,4
4925,4
4926,4
4927,4
4928,4
4929,4
4930,4
4931,4
4932,4
4933,4
4934,3
4935,4
4936,4
4937,4
4938,4
4939,4
4940,4
4941,3
4942,1
4943,4
4944,4
4945,4
4946,4
4947,4
4948,0
4949,0
4950,3
4951,3
4952,3
4953,3
4954,3
4955,4
4956,2
4957,3
4958,3
4959,3
4960,3
4961,4
4962,3
4963,4
4964,3
4965,0
4966,4
4967,4
4968,4
4969,4
4970,4
4971,1
4972,4
4973,4
4974,4
4975,4
4976,3
4977,4
4978,1
4979,4
4980,4
4981,0
4982,3
4983,3
4984,3
4985,3
4986,3
4987,3
4988,3
4989,3
4990,3
4991,3
4992,3
4993,4
4994,3
4995,3
4996,3
4997,3
4998,3
4999,3
5000,3
5001,4
5002,3
5003,3
5004,3
5005,3
5006,3
5007,3
5008,3
5009,3
5010,3
5011,3
5012,4
5013,4
5014,3
5015,3
5016,3
5017,3
5018,3
5019,4
5020,3
5021,4
5022,3
5023,3
5024,3
5025,3
5026,3
5027,4
5028,3
5029,3
5030,3
5031,3
5032,3
5033,4
5034,4
5035,3
5036,3
5037,3
5038,3
5039,3
5040,3
5041,4
5042,4
5043,3
5044,4
5045,3
5046,3
5047,4
5048,4
5049,3
5050,4
5051,4
5052,3
5053,4
5054,4
5055,3
5056,3
5057,4
5058,3
5059,4
5060,4
5061,4
5062,4
5063,3
5064,4
5065,4
5066,4
5067,3
5068,4
5069,4
5070,3
5071,3
5072,1
5073,4
5074,4
5075,4
5076,4
5077,3
5078,4
5079,4
5080,4
5081,3
5082,1
5083,4
5084,4
5085,4
5086,3
5087,1
5088,2
5089,1
5090,4
5091,4
5092,4
5093,4
5094,4
5095,4
5096,4
5097,4
5098,1
5099,4
5100,4
5101,0
5102,3
5103,0
5104,4
5105,4
5106,3
5107,3
5108,4
5109,4
5110,4
5111,4
5112,4
5113,4
5114,3
5115,4
5116,3
5117,4
5118,4
5119,4
5120,3
5121,4
5122,4
5123,4
5124,4
5125,4
5126,3
5127,4
5128,3
5129,4
5130,1
5131,4
5132,4
5133,4
5134,4
5135,0
5136,4
5137,4
5138,4
5139,0
5140,4
5141,4
5142,4
5143,3
5144,4
5145,4
5146,4
5147,3
5148,4
5149,4
5150,4
5151,3
5152,4
5153,3
5154,4
5155,4
5156,3
5157,3
5158,4
5159,4
5160,4
5161,4
5162,4
5163,3
5164,4
5165,4
5166,4
5167,4
5168,4
5169,4
5170,4
5171,4
5172,4
5173,4
5174,3
5175,4
5176,3
5177,3
5178,4
5179,0
5180,4
5181,1
5182,1
5183,4
5184,4
5185,4
5186,4
5187,4
5188,4
5189,0
5190,4
5191,4
5192,3
5193,1
5194,4
5195,4
5196,4
5197,1
5198,4
5199,4
5200,4
5201,4
5202,4
5203,4
5204,4
5205,4
5206,4
5207,4
5208,4
5209,4
5210,4
5211,4
5212,4
5213,4
5214,4
5215,4
5216,4
5217,4
5218,4
5219,4
5220,0
5221,2
5222,4
5223,2
5224,2
5225,4
5226,4
5227,4
5228,4
5229,2
5230,4
5231,3
5232,4
5233,0
5234,4
5235,4
5236,4
5237,4
5238,4
5239,4
5240,4
5241,1
5242,2
5243,4
5244,4
5245,4
5246,1
5247,1
5248,4
5249,1
5250,4
5251,2
5252,4
5253,2
5254,2
5255,2
5256,0
5257,1
5258,2
5259,1
5260,0
5261,1
5262,0
5263,2
5264,2
5265,2
5266,2
5267,0
5268,4
5269,4
5270,1
5271,2
5272,1
5273,1
5274,2
5275,2
5276,2
5277,2
5278,2
5279,2
5280,0
5281,2
5282,2
5283,0
5284,1
5285,1
5286,2
5287,1
5288,0
5289,2
5290,1
5291,2
5292,0
5293,2
5294,1
5295,0
5296,1
5297,1
5298,1
5299,1
5300,0
5301,1
5302,0
5303,2
5304,2
5305,2
5306,1
5307,2
5308,2
5309,2
5310,1
5311,0
5312,0
5313,1
5314,1
5315,2
5316,1
5317,2
5318,2
5319,1
5320,0
5321,1
5322,1
5323,1
5324,2
5325,0
5326,1
5327,2
5328,1
5329,1
5330,1
5331,1
5332,0
5333,2
5334,1
5335,4
5336,1
5337,1
5338,1
5339,1
5340,1
5341,2
5342,0
5343,2
5344,0
5345,2
5346,1
5347,1
5348,0
5349,0
5350,4
5351,1
5352,4
5353,0
5354,2
5355,4
5356,2
5357,2
5358,1
5359,1
5360,1
5361,1
5362,1
5363,2
5364,2
5365,2
5366,0
5367,4
5368,0
5369,2
5370,2
5371,1
5372,1
5373,0
5374,0
5375,2
5376,2
5377,0
5378,0
5379,2
5380,2
5381,2
5382,2
5383,2
5384,2
5385,2
5386,2
5387,1
5388,2
5389,0
5390,0
5391,0
5392,2
5393,0
5394,1
5395,0
5396,0
5397,2
5398,4
5399,2
5400,1
5401,2
5402,2
5403,1
5404,2
5405,0
5406,0
5407,2
5408,2
5409,4
5410,1
5411,1
5412,2
5413,2
5414,1
5415,0
5416,0
5417,0
5418,2
5419,1
5420,4
5421,4
5422,2
5423,2
5424,0
5425,2
5426,0
5427,1
5428,1
5429,2
5430,2
5431,0
5432,1
5433,0
5434,1
5435,2
5436,4
5437,0
5438,0
5439,0
5440,2
5441,0
5442,2
5443,1
5444,1
5445,4
5446,1
5447,0
5448,2
5449,1
5450,2
5451,1
5452,2
5453,2
5454,1
5455,0
5456,2
5457,1
5458,1
5459,0
5460,2
5461,2
5462,1
5463,2
5464,2
5465,1
5466,0
5467,0
5468,2
5469,2
5470,1
5471,0
5472,0
5473,0
5474,1
5475,1
5476,2
5477,2
5478,2
5479,2
5480,1
5481,1
5482,2
5483,0
5484,0
5485,1
5486,1
5487,4
5488,2
5489,2
5490,0
5491,0
5492,1
5493,1
5494,2
5495,1
5496,1
5497,2
5498,2
5499,1
5500,1
5501,1
5502,1
5503,2
5504,1
5505,1
5506,2
5507,1
5508,2
5509,2
5510,2
5511,2
5512,0
5513,1
5514,2
5515,2
5516,2
5517,2
5518,0
5519,1
5520,2
5521,2
5522,1
5523,1
5524,0
5525,1
5526,1
5527,0
5528,2
5529,0
5530,2
5531,0
5532,2
5533,1
5534,0
5535,1
5536,0
5537,0
5538,2
5539,1
5540,2
5541,2
5542,0
5543,0
5544,2
5545,2
5546,1
5547,2
5548,2
5549,1
5550,2
5551,1
5552,2
5553,0
5554,2
5555,2
5556,0
5557,1
5558,0
5559,2
5560,2
5561,2
5562,0
5563,2
5564,1
5565,2
5566,2
5567,1
5568,2
5569,2
5570,0
5571,2
5572,2
5573,1
5574,1
5575,0
5576,2
5577,4
5578,2
5579,2
5580,2
5581,1
5582,2
5583,4
5584,1
5585,1
5586,1
5587,1
5588,2
5589,1
5590,2
5591,1
5592,1
5593,0
5594,1
5595,1
5596,1
5597,2
5598,0
5599,1
5600,1
5601,2
5602,1
5603,2
5604,1
5605,2
5606,0
5607,2
5608,2
5609,2
5610,0
5611,1
5612,1
5613,0
5614,2
5615,1
5616,4
5617,1
5618,1
5619,2
5620,1
5621,1
5622,1
5623,1
5624,1
5625,1
5626,0
5627,1
5628,1
5629,1
5630,0
5631,1
5632,0
5633,1
5634,1
5635,0
5636,1
5637,0
5638,1
5639,0
5640,1
5641,2
5642,0
5643,1
5644,2
5645,2
5646,0
5647,0
5648,4
5649,0
5650,0
5651,2
5652,1
5653,1
5654,1
5655,0
5656,2
5657,0
5658,1
5659,1
5660,1
5661,2
5662,0
5663,2
5664,2
5665,1
5666,2
5667,2
5668,1
5669,1
5670,1
5671,0
5672,2
5673,2
5674,0
5675,2
5676,0
5677,2
5678,1
5679,0
5680,0
5681,2
5682,2
5683,0
5684,2
5685,0
5686,2
5687,0
5688,0
5689,1
5690,1
5691,2
5692,0
5693,2
5694,4
5695,2
5696,1
5697,1
5698,2
5699,0
5700,2
5701,2
5702,2
5703,1
5704,2
5705,2
5706,2
5707,2
5708,2
5709,2
5710,0
5711,0
5712,1
5713,1
5714,1
5715,0
5716,1
5717,2
5718,2
5719,1
5720,2
5721,2
5722,2
5723,0
5724,4
5725,1
5726,0
5727,0
5728,4
5729,1
5730,4
5731,1
5732,2
5733,2
5734,2
5735,0
5736,2
5737,0
5738,1
5739,4
5740,2
5741,4
5742,2
5743,0
5744,2
5745,2
5746,2
5747,1
5748,1
5749,2
5750,1
5751,2
5752,2
5753,1
5754,2
5755,2
5756,1
5757,1
5758,1
5759,1
5760,1
5761,0
5762,0
5763,2
5764,1
5765,1
5766,2
5767,1
5768,0
5769,1
5770,1
5771,1
5772,1
5773,1
5774,1
5775,1
5776,4
5777,1
5778,1
5779,0
5780,2
5781,0
5782,2
5783,1
5784,2
5785,2
5786,2
5787,1
5788,2
5789,1
5790,0
5791,1
5792,0
5793,1
5794,2
5795,4
5796,1
5797,4
5798,1
5799,2
5800,1
5801,2
5802,2
5803,2
5804,0
5805,4
5806,1
5807,1
5808,1
5809,2
5810,0
5811,2
5812,1
5813,1
5814,1
5815,2
5816,1
5817,0
5818,1
5819,2
5820,2
5821,2
5822,2
5823,1
5824,1
5825,1
5826,1
5827,0
5828,0
5829,2
5830,0
5831,1
5832,0
5833,1
5834,1
5835,2
5836,1
5837,0
5838,2
5839,1
5840,0
5841,1
5842,1
5843,1
5844,1
5845,0
5846,1
5847,1
5848,1
5849,1
5850,2
5851,1
5852,1
5853,2
5854,0
5855,2
5856,1
5857,0
5858,0
5859,4
5860,1
5861,0
5862,0
5863,4
5864,4
5865,1
5866,1
5867,1
5868,1
5869,0
5870,0
5871,0
5872,0
5873,2
5874,2
5875,1
5876,4
5877,0
5878,1
5879,1
5880,2
5881,2
5882,0
5883,1
5884,1
5885,2
5886,2
5887,2
5888,0
5889,1
5890,4
5891,0
5892,4
5893,0
5894,0
5895,0
5896,0
5897,2
5898,0
5899,0
5900,1
5901,0
5902,0
5903,0
5904,0
5905,0
5906,0
5907,0
5908,0
5909,1
5910,2
5911,4
5912,0
5913,0
5914,0
5915,1
5916,0
5917,0
5918,0
5919,0
5920,2
5921,2
5922,2
5923,0
5924,2
5925,2
5926,1
5927,2
5928,1
5929,2
5930,1
5931,1
5932,0
5933,0
5934,0
5935,2
5936,0
5937,2
5938,0
5939,0
5940,1
5941,0
5942,1
5943,2
5944,1
5945,1
5946,2
5947,2
5948,2
5949,2
5950,0
5951,0
5952,1
5953,2
5954,2
5955,2
5956,1
5957,2
5958,1
5959,0
5960,4
5961,2
5962,2
5963,2
5964,2
5965,0
5966,1
5967,4
5968,4
5969,4
5970,4
5971,4
5972,4
5973,2
5974,2
5975,2
5976,2
5977,1
5978,1
5979,0
5980,1
5981,2
5982,2
5983,2
5984,2
5985,0
5986,2
5987,1
5988,1
5989,2
5990,1
5991,0
5992,1
5993,2
5994,2
5995,0
5996,2
5997,0
5998,2
5999,2
6000,2
6001,2
6002,2
6003,1
6004,2
6005,4
6006,2
6007,2
6008,1
6009,2
6010,0
6011,0
6012,2
6013,0
6014,4
6015,0
6016,1
6017,2
6018,2
6019,2
6020,2
6021,0
6022,0
6023,2
6024,1
6025,0
6026,1
6027,2
6028,2
6029,2
6030,2
6031,2
6032,2
6033,0
6034,2
6035,1
6036,1
6037,0
6038,1
6039,2
6040,2
6041,0
6042,2
6043,1
6044,0
6045,0
6046,0
6047,2
6048,0
6049,2
6050,1
6051,0
6052,0
6053,2
6054,2
6055,0
6056,0
6057,1
6058,0
6059,0
6060,0
6061,1
6062,1
6063,1
6064,2
6065,2
6066,0
6067,2
6068,0
6069,1
6070,1
6071,0
6072,0
6073,0
6074,2
6075,4
6076,1
6077,2
6078,1
6079,1
6080,2
6081,1
6082,2
6083,1
6084,1
6085,1
6086,1
6087,1
6088,4
6089,1
6090,2
6091,2
6092,2
6093,1
6094,2
6095,0
6096,1
6097,1
6098,0
6099,1
6100,2
6101,2
6102,2
6103,2
6104,2
6105,2
6106,1
6107,2
6108,1
6109,1
6110,0
6111,4
6112,1
6113,1
6114,0
6115,1
6116,1
6117,4
6118,0
6119,2
6120,2
6121,0
6122,1
6123,0
6124,1
6125,0
6126,1
6127,0
6128,0
6129,2
6130,2
6131,2
6132,0
6133,0
6134,0
6135,1
6136,2
6137,0
6138,0
6139,0
6140,2
6141,1
6142,0
6143,1
6144,0
6145,0
6146,0
6147,1
6148,0
6149,0
6150,2
6151,2
6152,2
6153,2
6154,1
6155,1
6156,2
6157,1
6158,1
6159,1
6160,1
6161,1
6162,2
6163,0
6164,0
6165,1
6166,0
6167,1
6168,1
6169,0
6170,1
6171,0
6172,1
6173,0
6174,0
6175,4
6176,2
6177,1
6178,1
6179,2
6180,0
6181,0
6182,1
6183,1
6184,1
6185,1
6186,2
6187,0
6188,0
6189,0
6190,1
6191,1
6192,1
6193,2
6194,1
6195,1
6196,1
6197,0
6198,1
6199,1
6200,0
6201,0
6202,0
6203,1
6204,0
6205,0
6206,1
6207,0
6208,0
6209,0
6210,0
6211,0
6212,2
6213,0
6214,0
6215,4
6216,1
6217,1
6218,1
6219,0
6220,2
6221,1
6222,1
6223,2
6224,2
6225,2
6226,1
6227,1
6228,2
6229,2
6230,0
6231,0
6232,0
6233,0
6234,2
6235,2
6236,2
6237,2
6238,2
6239,0
6240,2
6241,1
6242,2
6243,2
6244,2
6245,1
6246,2
6247,2
6248,1
6249,1
6250,1
6251,0
6252,1
6253,2
6254,1
6255,1
6256,0
6257,2
6258,1
6259,0
6260,0
6261,0
6262,0
6263,2
6264,0
6265,2
6266,2
6267,1
6268,1
6269,1
6270,1
6271,1
6272,2
6273,2
6274,1
6275,2
6276,2
6277,1
6278,1
6279,1
6280,2
6281,2
6282,1
6283,1
6284,1
6285,1
6286,1
6287,2
6288,0
6289,0
6290,1
6291,2
6292,1
6293,1
6294,1
6295,1
6296,0
6297,2
6298,1
6299,1
6300,1
6301,0
6302,2
6303,1
6304,1
6305,1
6306,2
6307,2
6308,0
6309,0
6310,2
6311,0
6312,0
6313,2
6314,2
6315,0
6316,2
6317,1
6318,1
6319,2
6320,2
6321,1
6322,1
6323,0
6324,0
6325,0
6326,2
6327,0
6328,1
6329,0
6330,0
6331,0
6332,2
6333,1
6334,1
6335,1
6336,1
6337,0
6338,0
6339,0
6340,1
6341,1
6342,2
6343,1
6344,1
6345,0
6346,2
6347,2
6348,1
6349,4
6350,4
6351,4
6352,1
6353,1
6354,1
6355,2
6356,2
6357,4
6358,0
6359,0
6360,1
6361,2
6362,0
6363,0
6364,1
6365,0
6366,2
6367,0
6368,0
6369,2
6370,1
6371,1
6372,1
6373,0
6374,1
6375,0
6376,0
6377,0
6378,2
6379,2
6380,1
6381,1
6382,2
6383,2
6384,2
6385,1
6386,2
6387,1
6388,1
6389,1
6390,1
6391,0
6392,1
6393,4
6394,0
6395,4
6396,4
6397,1
6398,2
6399,0
6400,2
6401,4
6402,0
6403,1
6404,1
6405,1
6406,1
6407,1
6408,1
6409,2
6410,4
6411,1
6412,2
6413,1
6414,4
6415,1
6416,0
6417,0
6418,2
6419,2
6420,2
6421,1
6422,1
6423,1
6424,1
6425,1
6426,1
6427,4
6428,1
6429,1
6430,1
6431,1
6432,1
6433,1
6434,0
6435,1
6436,1
6437,1
6438,1
6439,0
6440,2
6441,1
6442,2
6443,1
6444,2
6445,2
6446,2
6447,1
6448,2
6449,1
6450,1
6451,1
6452,1
6453,4
6454,2
6455,2
6456,4
6457,4
6458,4
6459,4
6460,2
6461,4
6462,4
6463,4
6464,2
6465,4
6466,4
6467,1
6468,1
6469,1
6470,1
6471,1
6472,4
6473,0
6474,4
6475,1
6476,4
6477,0
6478,1
6479,4
6480,4
6481,4
6482,2
6483,1
6484,1
6485,1
6486,1
6487,1
6488,1
6489,0
6490,4
6491,1
6492,4
6493,1
6494,1
6495,0
6496,4
6497,0
6498,2
6499,2
6500,2
6501,1
6502,0
6503,1
6504,0
6505,0
6506,2
6507,0
6508,0
6509,0
6510,0
6511,0
6512,1
6513,0
6514,4
6515,1
6516,1
6517,1
6518,1
6519,0
6520,0
6521,1
6522,0
6523,1
6524,0
6525,2
6526,2
6527,0
6528,1
6529,1
6530,4
6531,1
6532,4
6533,4
6534,0
6535,0
6536,0
6537,0
6538,0
6539,1
6540,1
6541,1
6542,1
6543,1
6544,1
6545,0
6546,1
6547,1
6548,1
6549,1
6550,1
6551,1
6552,1
6553,2
6554,2
6555,1
6556,1
6557,1
6558,1
6559,1
6560,1
6561,1
6562,1
6563,0
6564,0
6565,2
6566,0
6567,0
6568,0
6569,1
6570,2
6571,0
6572,0
6573,0
6574,1
6575,1
6576,1
6577,1
6578,1
6579,4
6580,1
6581,1
6582,1
6583,1
6584,1
6585,1
6586,4
6587,4
6588,0
6589,1
6590,4
6591,1
6592,1
6593,1
6594,1
6595,0
6596,1
6597,1
6598,1
6599,0
6600,1
6601,1
6602,1
6603,2
6604,1
6605,1
6606,1
6607,1
6608,4
6609,0
6610,1
6611,1
6612,1
6613,1
6614,1
6615,1
6616,0
6617,1
6618,1
6619,1
6620,2
6621,2
6622,1
6623,4
6624,1
6625,0
6626,1
6627,0
6628,0
6629,4
6630,4
6631,1
6632,0
6633,0
6634,1
6635,4
6636,1
6637,1
6638,1
6639,1
6640,1
6641,2
6642,0
6643,2
6644,1
6645,4
6646,1
6647,1
6648,1
6649,1
6650,0
6651,1
6652,1
6653,1
6654,4
6655,4
6656,4
6657,2
6658,4
6659,4
6660,4
6661,4
6662,4
6663,4
6664,4
6665,4
6666,2
6667,1
6668,4
6669,2
6670,4
6671,4
6672,4
6673,1
6674,0
6675,1
6676,0
6677,1
6678,2
6679,4
6680,0
6681,0
6682,0
6683,1
6684,4
6685,4
6686,2
6687,4
6688,4
6689,4
6690,4
6691,2
6692,2
6693,1
6694,0
6695,1
6696,2
6697,1
6698,1
6699,2
6700,1
6701,2
6702,2
6703,2
6704,1
6705,1
6706,2
6707,0
6708,2
6709,1
6710,1
6711,2
6712,1
6713,1
6714,1
6715,1
6716,1
6717,1
6718,1
6719,0
6720,1
6721,0
6722,1
6723,0
6724,2
6725,2
6726,1
6727,1
6728,1
6729,1
6730,1
6731,2
6732,2
6733,2
6734,4
6735,2
6736,1
6737,1
6738,1
6739,1
6740,1
6741,1
6742,0
6743,1
6744,2
6745,1
6746,1
6747,4
6748,1
6749,1
6750,4
6751,2
6752,4
6753,2
6754,2
6755,2
6756,4
6757,1
6758,1
6759,1
6760,1
6761,1
6762,4
6763,1
6764,2
6765,1
6766,4
6767,1
6768,1
6769,1
6770,1
6771,0
6772,1
6773,0
6774,1
6775,2
6776,2
6777,1
6778,2
6779,4
6780,4
6781,4
6782,4
6783,4
6784,4
6785,4
6786,4
6787,4
6788,4
6789,4
6790,4
6791,0
6792,0
6793,1
6794,1
6795,1
6796,1
6797,1
6798,1
6799,1
6800,1
6801,1
6802,2
6803,1
6804,1
6805,1
6806,1
6807,4
6808,1
6809,4
6810,1
6811,1
6812,1
6813,1
6814,1
6815,0
6816,1
6817,0
6818,1
6819,1
6820,0
6821,2
6822,2
6823,2
6824,1
6825,1
6826,1
6827,2
6828,1
6829,1
6830,2
6831,1
6832,1
6833,1
6834,1
6835,4
6836,1
6837,2
6838,2
6839,0
6840,1
6841,1
6842,1
6843,0
6844,1
6845,1
6846,1
6847,1
6848,1
6849,4
6850,4
6851,4
6852,2
6853,2
6854,1
6855,2
6856,2
6857,1
6858,1
6859,2
6860,1
6861,1
6862,2
6863,2
6864,0
6865,1
6866,1
6867,2
6868,1
6869,1
6870,1
6871,0
6872,2
6873,2
6874,2
6875,0
6876,0
6877,1
6878,1
6879,0
6880,1
6881,1
6882,4
6883,1
6884,2
6885,0
6886,0
6887,0
6888,1
6889,0
6890,0
6891,0
6892,2
6893,1
6894,1
6895,1
6896,4
6897,1
6898,1
6899,4
6900,1
6901,1
6902,2
6903,1
6904,1
6905,1
6906,1
6907,2
6908,1
6909,0
6910,0
6911,1
6912,1
6913,1
6914,1
6915,2
6916,1
6917,1
6918,0
6919,2
6920,2
6921,2
6922,0
6923,1
6924,0
6925,1
6926,2
6927,1
6928,2
6929,1
6930,1
6931,2
6932,0
6933,1
6934,1
6935,1
6936,1
6937,2
6938,0
6939,1
6940,4
6941,2
6942,4
6943,4
6944,2
6945,4
6946,2
6947,0
6948,2
6949,4
6950,1
6951,1
6952,1
6953,1
6954,4
6955,2
6956,1
6957,1
6958,1
6959,0
6960,0
6961,0
6962,1
6963,1
6964,1
6965,0
6966,0
6967,0
6968,1
6969,1
6970,1
6971,1
6972,0
6973,0
6974,1
6975,2
6976,1
6977,1
6978,1
6979,1
6980,1
6981,0
6982,0
6983,0
6984,1
6985,1
6986,1
6987,1
6988,1
6989,1
6990,1
6991,1
6992,1
6993,1
6994,1
6995,1
6996,1
6997,1
6998,1
6999,1
7000,1
7001,1
7002,1
7003,1
7004,2
7005,0
7006,1
7007,1
7008,1
7009,0
7010,1
7011,1
7012,1
7013,1
7014,1
7015,0
7016,1
7017,0
7018,0
7019,1
7020,0
7021,0
7022,0
7023,1
7024,2
7025,1
7026,1
7027,2
7028,2
7029,0
7030,2
7031,1
7032,2
7033,1
7034,1
7035,1
7036,1
7037,4
7038,2
7039,1
7040,0
7041,1
7042,1
7043,0
7044,1
7045,1
7046,1
7047,4
7048,1
7049,0
7050,4
7051,1
7052,4
7053,0
7054,2
7055,4
7056,1
7057,0
7058,0
7059,0
7060,0
7061,1
7062,2
7063,1
7064,1
7065,1
7066,1
7067,2
7068,0
7069,1
7070,1
7071,1
7072,1
7073,0
7074,4
7075,4
7076,1
7077,0
7078,1
7079,1
7080,4
7081,2
7082,1
7083,1
7084,1
7085,0
7086,1
7087,1
7088,1
7089,1
7090,1
7091,1
7092,2
7093,1
7094,1
7095,1
7096,1
7097,1
7098,1
7099,1
7100,1
7101,1
7102,1
7103,1
7104,1
7105,0
7106,1
7107,2
7108,1
7109,2
7110,2
7111,0
7112,0
7113,2
7114,2
7115,1
7116,1
7117,1
7118,2
7119,2
7120,0
7121,1
7122,1
7123,1
7124,2
7125,2
7126,2
7127,2
7128,0
7129,1
7130,1
7131,1
7132,1
7133,2
7134,1
7135,2
7136,1
7137,1
7138,1
7139,2
7140,0
7141,2
7142,1
7143,2
7144,2
7145,1
7146,1
7147,1
7148,1
7149,1
7150,1
7151,2
7152,1
7153,1
7154,2
7155,1
7156,1
7157,2
7158,4
7159,4
7160,4
7161,4
7162,2
7163,4
7164,4
7165,2
7166,0
7167,0
7168,1
7169,1
7170,0
7171,0
7172,0
7173,1
7174,0
7175,1
7176,4
7177,2
7178,1
7179,0
7180,2
7181,0
7182,2
7183,0
7184,0
7185,2
7186,2
7187,2
7188,2
7189,1
7190,1
7191,1
7192,1
7193,1
7194,1
7195,1
7196,1
7197,1
7198,0
7199,0
7200,0
7201,0
7202,0
7203,0
7204,0
7205,0
7206,0
7207,2
7208,2
7209,1
7210,2
7211,2
7212,0
7213,4
7214,0
7215,0
7216,0
7217,1
7218,0
7219,0
7220,1
7221,0
7222,2
7223,0
7224,1
7225,2
7226,2
7227,2
7228,2
7229,0
7230,0
7231,0
7232,0
7233,0
7234,2
7235,2
7236,1
7237,2
7238,0
7239,1
7240,2
7241,1
7242,2
7243,2
7244,0
7245,0
7246,2
7247,2
7248,1
7249,2
7250,0
7251,2
7252,1
7253,4
7254,2
7255,2
7256,0
7257,2
7258,2
7259,0
7260,0
7261,2
7262,2
7263,0
7264,0
7265,1
7266,0
7267,0
7268,0
7269,0
7270,0
7271,1
7272,0
7273,2
7274,0
7275,0
7276,2
7277,2
7278,0
7279,1
7280,1
7281,2
7282,2
7283,2
7284,2
7285,1
7286,1
7287,1
7288,0
7289,2
7290,1
7291,1
7292,2
7293,2
7294,2
7295,2
7296,0
7297,0
7298,2
7299,2
7300,0
7301,4
7302,4
7303,4
7304,0
7305,0
7306,0
7307,0
7308,1
7309,2
7310,2
7311,2
7312,1
7313,1
7314,2
7315,1
7316,0
7317,2
7318,1
7319,1
7320,1
7321,1
7322,1
7323,2
7324,0
7325,1
7326,0
7327,1
7328,0
7329,0
7330,0
7331,2
7332,1
7333,0
7334,0
7335,0
7336,0
7337,2
7338,2
7339,1
7340,2
7341,0
7342,2
7343,0
7344,0
7345,2
7346,1
7347,2
7348,1
7349,0
7350,0
7351,2
7352,1
7353,2
7354,1
7355,1
7356,0
7357,0
7358,4
7359,0
7360,4
7361,1
7362,1
7363,0
7364,2
7365,2
7366,2
7367,1
7368,2
7369,0
7370,2
7371,2
7372,1
7373,2
7374,2
7375,0
7376,2
7377,2
7378,1
7379,2
7380,4
7381,1
7382,1
7383,2
7384,0
7385,0
7386,0
7387,2
7388,0
7389,4
7390,2
7391,2
7392,0
7393,1
7394,2
7395,0
7396,0
7397,2
7398,4
7399,4
7400,4
7401,4
7402,2
7403,2
7404,0
7405,1
7406,1
7407,1
7408,0
7409,0
7410,1
7411,2
7412,0
7413,2
7414,2
7415,2
7416,2
7417,2
7418,2
7419,2
7420,2
7421,4
7422,0
7423,0
7424,0
7425,0
7426,2
7427,4
7428,4
7429,0
7430,2
7431,2
7432,2
7433,2
7434,1
7435,0
7436,0
7437,0
7438,1
7439,1
7440,1
7441,0
7442,1
7443,1
7444,1
7445,1
7446,1
7447,1
7448,2
7449,2
7450,2
7451,2
7452,4
7453,1
7454,4
7455,0
7456,1
7457,2
7458,1
7459,1
7460,1
7461,2
7462,2
7463,1
7464,1
7465,1
7466,1
7467,2
7468,1
7469,0
7470,0
7471,0
7472,0
7473,2
7474,2
7475,0
7476,1
7477,0
7478,0
7479,1
7480,1
7481,2
7482,1
7483,1
7484,2
7485,2
7486,2
7487,2
7488,1
7489,1
7490,1
7491,1
7492,2
7493,2
7494,0
7495,1
7496,1
7497,0
7498,1
7499,2
7500,0
7501,0
7502,0
7503,0
7504,1
7505,1
7506,1
7507,1
7508,1
7509,0
7510,0
7511,1
7512,2
7513,2
7514,0
7515,1
7516,4
7517,2
7518,1
7519,1
7520,0
7521,1
7522,1
7523,1
7524,0
7525,1
7526,1
7527,2
7528,1
7529,2
7530,2
7531,1
7532,1
7533,1
7534,1
7535,1
7536,1
7537,1
7538,1
7539,1
7540,0
7541,0
7542,2
7543,2
7544,0
7545,2
7546,1
7547,2
7548,0
7549,1
7550,0
7551,0
7552,0
7553,2
7554,0
7555,1
7556,1
7557,1
7558,1
7559,1
7560,2
7561,1
7562,2
7563,2
7564,0
7565,0
7566,0
7567,0
7568,0
7569,1
7570,2
7571,1
7572,1
7573,1
7574,1
7575,1
7576,1
7577,1
7578,0
7579,0
7580,0
7581,0
7582,0
7583,0
7584,1
7585,0
7586,1
7587,2
7588,1
7589,1
7590,1
7591,1
7592,4
7593,1
7594,1
7595,4
7596,2
7597,1
7598,1
7599,0
7600,0
7601,0
7602,0
7603,1
7604,2
7605,1
7606,2
7607,1
7608,0
7609,1
7610,4
7611,2
7612,0
7613,1
7614,0
7615,1
7616,2
7617,1
7618,1
7619,2
7620,1
7621,4
7622,1
7623,1
7624,1
7625,2
7626,1
7627,2
7628,2
7629,1
7630,4
7631,4
7632,2
7633,1
7634,2
7635,2
7636,1
7637,0
7638,1
7639,1
7640,1
7641,1
7642,1
7643,0
7644,1
7645,4
7646,1
7647,1
7648,0
7649,1
7650,0
7651,1
7652,1
7653,1
7654,1
7655,2
7656,1
7657,2
7658,1
7659,1
7660,1
7661,2
7662,1
7663,1
7664,1
7665,1
7666,4
7667,1
7668,0
7669,1
7670,0
7671,1
7672,1
7673,2
7674,1
7675,4
7676,0
7677,1
7678,1
7679,0
7680,1
7681,2
7682,2
7683,1
7684,0
7685,1
7686,1
7687,0
7688,1
7689,0
7690,2
7691,2
7692,1
7693,0
7694,2
7695,4
7696,1
7697,2
7698,2
7699,2
7700,2
7701,2
7702,2
7703,0
7704,2
7705,0
7706,0
7707,4
7708,2
7709,2
7710,4
7711,2
7712,2
7713,0
7714,2
7715,1
7716,1
7717,0
7718,2
7719,2
7720,1
7721,0
7722,0
7723,2
7724,1
7725,0
7726,0
7727,1
7728,0
7729,1
7730,0
7731,0
7732,1
7733,2
7734,0
7735,0
7736,0
7737,0
7738,1
7739,0
7740,0
7741,0
7742,0
7743,0
7744,1
7745,0
7746,0
7747,2
7748,0
7749,1
7750,1
7751,0
7752,4
7753,0
7754,0
7755,0
7756,0
7757,0
7758,1
7759,2
7760,1
7761,2
7762,1
7763,1
7764,0
7765,1
7766,1
7767,1
7768,1
7769,2
7770,2
7771,2
7772,0
7773,0
7774,2
7775,2
7776,2
7777,2
7778,0
7779,2
7780,2
7781,1
7782,0
7783,0
7784,1
7785,0
7786,2
7787,1
7788,1
7789,2
7790,4
7791,4
7792,0
7793,0
7794,0
7795,2
7796,2
7797,0
7798,0
7799,1
7800,0
7801,0
7802,0
7803,1
7804,4
7805,0
7806,2
7807,1
7808,0
7809,2
7810,0
7811,2
7812,1
7813,0
7814,1
7815,1
7816,2
7817,2
7818,2
7819,0
7820,0
7821,0
7822,2
7823,0
7824,0
7825,1
7826,0
7827,0
7828,1
7829,1
7830,2
7831,1
7832,1
7833,2
7834,0
7835,2
7836,0
7837,2
7838,1
7839,0
7840,0
7841,0
7842,4
7843,0
7844,0
7845,0
7846,0
7847,4
7848,0
7849,2
7850,0
7851,1
7852,2
7853,4
7854,0
7855,0
7856,0
7857,2
7858,2
7859,2
7860,2
7861,0
7862,0
7863,0
7864,0
7865,0
7866,0
7867,0
7868,0
7869,2
7870,2
7871,2
7872,2
7873,2
7874,2
7875,0
7876,2
7877,2
7878,2
7879,0
7880,1
7881,1
7882,2
7883,0
7884,0
7885,0
7886,0
7887,0
7888,0
7889,2
7890,1
7891,1
7892,1
7893,0
7894,0
7895,2
7896,4
7897,0
7898,1
7899,1
7900,0
7901,2
7902,0
7903,0
7904,0
7905,1
7906,0
7907,0
7908,0
7909,0
7910,4
7911,0
7912,0
7913,1
7914,1
7915,2
7916,4
7917,4
7918,1
7919,1
7920,1
7921,1
7922,0
7923,1
7924,4
7925,0
7926,0
7927,2
7928,2
7929,0
7930,0
7931,1
7932,1
7933,1
7934,1
7935,4
7936,4
7937,4
7938,1
7939,1
7940,0
7941,1
7942,0
7943,2
7944,1
7945,1
7946,4
7947,1
7948,1
7949,1
7950,1
7951,1
7952,2
7953,0
7954,0
7955,4
7956,1
7957,1
7958,4
7959,0
7960,2
7961,0
7962,0
7963,0
7964,0
7965,4
7966,1
7967,4
7968,0
7969,0
7970,0
7971,1
7972,2
7973,2
7974,0
7975,2
7976,0
7977,4
7978,0
7979,4
7980,1
7981,0
7982,1
7983,1
7984,2
7985,2
7986,2
7987,1
7988,1
7989,2
7990,2
7991,2
7992,0
7993,0
7994,2
7995,2
7996,2
7997,0
7998,2
7999,0
8000,2
8001,0
8002,1
8003,0
8004,1
8005,0
8006,0
8007,1
8008,0
8009,0
8010,0
8011,0
8012,1
8013,0
8014,2
8015,0
8016,0
8017,1
8018,0
8019,0
8020,0
8021,4
8022,0
8023,1
8024,4
8025,4
8026,0
8027,0
8028,0
8029,0
8030,0
8031,0
8032,0
8033,2
8034,0
8035,2
8036,1
8037,0
8038,0
8039,2
8040,1
8041,2
8042,0
8043,2
8044,2
8045,1
8046,2
8047,2
8048,2
8049,0
8050,0
8051,0
8052,0
8053,0
8054,1
8055,2
8056,2
8057,2
8058,0
8059,0
8060,2
8061,2
8062,2
8063,0
8064,0
8065,0
8066,0
8067,0
8068,2
8069,0
8070,0
8071,0
8072,0
8073,1
8074,2
8075,1
8076,1
8077,0
8078,0
8079,0
8080,0
8081,2
8082,0
8083,4
8084,0
8085,2
8086,2
8087,1
8088,0
8089,0
8090,2
8091,0
8092,4
8093,4
8094,4
8095,1
8096,4
8097,2
8098,2
8099,2
8100,2
8101,2
8102,4
8103,4
8104,4
8105,2
8106,1
8107,0
8108,2
8109,1
8110,1
8111,1
8112,2
8113,4
8114,0
8115,4
8116,2
8117,2
8118,2
8119,2
8120,4
8121,4
8122,4
8123,1
8124,0
8125,2
8126,2
8127,2
8128,2
8129,4
8130,0
8131,1
8132,1
8133,1
8134,0
8135,1
8136,1
8137,2
8138,2
8139,0
8140,1
8141,4
8142,2
8143,1
8144,1
8145,1
8146,2
8147,1
8148,1
8149,1
8150,1
8151,1
8152,1
8153,1
8154,1
8155,0
8156,0
8157,4
8158,1
8159,1
8160,1
8161,2
8162,1
8163,1
8164,1
8165,0
8166,0
8167,0
8168,0
8169,0
8170,1
8171,2
8172,2
8173,2
8174,2
8175,2
8176,0
8177,2
8178,2
8179,1
8180,1
8181,0
8182,1
8183,4
8184,1
8185,1
8186,1
8187,0
8188,1
8189,1
8190,0
8191,1
8192,1
8193,1
8194,1
8195,1
8196,1
8197,4
8198,4
8199,1
8200,2
8201,1
8202,2
8203,1
8204,1
8205,4
8206,4
8207,1
8208,1
8209,4
8210,1
8211,4
8212,0
8213,1
8214,1
8215,4
8216,1
8217,1
8218,0
8219,0
8220,1
8221,1
8222,1
8223,0
8224,0
8225,4
8226,0
8227,1
8228,1
8229,0
8230,0
8231,1
8232,4
8233,4
8234,1
8235,4
8236,2
8237,1
8238,2
8239,1
8240,1
8241,4
8242,2
8243,2
8244,1
8245,1
8246,2
8247,1
8248,1
8249,4
8250,2
8251,0
8252,0
8253,1
8254,1
8255,1
8256,1
8257,4
8258,1
8259,1
8260,1
8261,0
8262,1
8263,2
8264,1
8265,1
8266,1
8267,2
8268,2
8269,2
8270,2
8271,2
8272,2
8273,2
8274,2
8275,2
8276,0
8277,1
8278,1
8279,1
8280,1
8281,2
8282,2
8283,2
8284,2
8285,2
8286,0
8287,1
8288,0
8289,0
8290,0
8291,0
8292,2
8293,1
8294,1
8295,0
8296,1
8297,0
8298,0
8299,1
8300,1
8301,1
8302,0
8303,0
8304,1
8305,1
8306,0
8307,4
8308,2
8309,1
8310,0
8311,1
8312,2
8313,0
8314,1
8315,1
8316,1
8317,1
8318,1
8319,1
8320,2
8321,1
8322,1
8323,1
8324,2
8325,1
8326,1
8327,2
8328,0
8329,0
8330,0
8331,1
8332,1
8333,4
8334,1
8335,1
8336,1
8337,0
8338,0
8339,1
8340,4
8341,1
8342,0
8343,0
8344,2
8345,2
8346,1
8347,4
8348,1
8349,2
8350,0
8351,1
8352,2
8353,1
8354,0
8355,0
8356,0
8357,0
8358,0
8359,0
8360,0
8361,1
8362,2
8363,2
8364,2
8365,1
8366,4
8367,1
8368,2
8369,2
8370,2
8371,1
8372,0
8373,1
8374,2
8375,1
8376,0
8377,1
8378,2
8379,0
8380,2
8381,1
8382,2
8383,2
8384,4
8385,1
8386,2
8387,2
8388,1
8389,0
8390,0
8391,2
8392,1
8393,1
8394,0
8395,0
8396,0
8397,1
8398,0
8399,1
8400,2
8401,2
8402,4
8403,4
8404,4
8405,2
8406,0
8407,2
8408,2
8409,2
8410,2
8411,2
8412,1
8413,1
8414,1
8415,0
8416,2
8417,2
8418,1
8419,0
8420,1
8421,1
8422,4
8423,0
8424,0
8425,0
8426,0
8427,2
8428,4
8429,4
8430,0
8431,1
8432,0
8433,0
8434,0
8435,2
8436,2
8437,0
8438,1
8439,1
8440,1
8441,0
8442,2
8443,2
8444,0
8445,1
8446,2
8447,2
8448,2
8449,4
8450,4
8451,1
8452,1
8453,1
8454,4
8455,2
8456,1
8457,0
8458,0
8459,1
8460,1
8461,2
8462,0
8463,1
8464,1
8465,1
8466,1
8467,2
8468,0
8469,2
8470,1
8471,1
8472,0
8473,2
8474,2
8475,2
8476,0
8477,2
8478,1
8479,0
8480,0
8481,2
8482,1
8483,1
8484,1
8485,0
8486,1
8487,1
8488,0
8489,1
8490,1
8491,0
8492,0
8493,2
8494,1
8495,0
8496,2
8497,0
8498,0
8499,1
8500,2
8501,1
8502,2
8503,1
8504,2
8505,2
8506,1
8507,0
8508,1
8509,1
8510,0
8511,0
8512,0
8513,0
8514,2
8515,0
8516,0
8517,2
8518,0
8519,0
8520,4
8521,4
8522,1
8523,4
8524,0
8525,0
8526,0
8527,0
8528,1
8529,0
8530,2
8531,2
8532,2
8533,2
8534,2
8535,2
8536,0
8537,2
8538,2
8539,1
8540,1
8541,2
8542,2
8543,1
8544,4
8545,0
8546,2
8547,0
8548,0
8549,0
8550,0
8551,1
8552,0
8553,2
8554,2
8555,1
8556,1
8557,0
8558,1
8559,2
8560,2
8561,1
8562,0
8563,1
8564,4
8565,1
8566,1
8567,1
8568,0
8569,2
8570,0
8571,1
8572,2
8573,2
8574,0
8575,1
8576,0
8577,0
8578,0
8579,2
8580,0
8581,0
8582,0
8583,2
8584,2
8585,2
8586,0
8587,2
8588,1
8589,2
8590,0
8591,2
8592,0
8593,0
8594,0
8595,0
8596,0
8597,2
8598,1
8599,1
8600,2
8601,1
8602,2
8603,2
8604,0
8605,0
8606,0
8607,0
8608,0
8609,0
8610,2
8611,1
8612,0
8613,4
8614,0
8615,0
8616,1
8617,0
8618,4
8619,2
8620,0
8621,0
8622,2
8623,4
8624,2
8625,4
8626,4
8627,4
8628,4
8629,4
8630,0
8631,2
8632,1
8633,2
8634,0
8635,0
8636,1
8637,1
8638,0
8639,1
8640,0
8641,0
8642,0
8643,4
8644,1
8645,0
8646,0
8647,1
8648,1
8649,0
8650,1
8651,2
8652,1
8653,1
8654,1
8655,0
8656,2
8657,2
8658,0
8659,0
8660,0
8661,1
8662,2
8663,0
8664,2
8665,2
8666,2
8667,4
8668,2
8669,2
8670,2
8671,0
8672,0
8673,0
8674,0
8675,2
8676,0
8677,0
8678,1
8679,0
8680,0
8681,0
8682,0
8683,4
8684,2
8685,2
8686,2
8687,2
8688,2
8689,2
8690,2
8691,2
8692,1
8693,1
8694,2
8695,1
8696,2
8697,1
8698,2
8699,0
8700,2
8701,2
8702,2
8703,0
8704,2
8705,0
8706,2
8707,2
8708,0
8709,0
8710,2
8711,0
8712,1
8713,0
8714,2
8715,2
8716,4
8717,1
8718,2
8719,2
8720,0
8721,0
8722,1
8723,0
8724,0
8725,0
8726,1
8727,2
8728,1
8729,2
8730,1
8731,0
8732,0
8733,2
8734,1
8735,0
8736,0
8737,1
8738,4
8739,0
8740,1
8741,0
8742,0
8743,1
8744,1
8745,2
8746,1
8747,0
8748,4
8749,4
8750,4
8751,1
8752,4
8753,4
8754,0
8755,2
8756,1
8757,0
8758,2
8759,0
8760,0
8761,2
8762,2
8763,1
8764,2
8765,0
8766,1
8767,0
8768,0
8769,2
8770,1
8771,1
8772,4
8773,1
8774,4
8775,0
8776,4
8777,0
8778,0
8779,0
8780,0
8781,2
8782,1
8783,0
8784,1
8785,0
8786,0
8787,4
8788,4
8789,2
8790,0
8791,1
8792,0
8793,4
8794,1
8795,0
8796,0
8797,2
8798,1
8799,0
8800,0
8801,1
8802,1
8803,0
8804,0
8805,0
8806,0
8807,4
8808,1
8809,1
8810,1
8811,2
8812,1
8813,1
8814,2
8815,1
8816,0
8817,1
8818,0
8819,1
8820,1
8821,2
8822,1
8823,1
8824,1
8825,1
8826,0
8827,0
8828,0
8829,1
8830,1
8831,1
8832,0
8833,0
8834,1
8835,0
8836,1
8837,0
8838,0
8839,1
8840,0
8841,0
8842,0
8843,2
8844,2
8845,1
8846,1
8847,1
8848,1
8849,1
8850,2
8851,1
8852,1
8853,2
8854,0
8855,1
8856,1
8857,0
8858,4
8859,0
8860,4
8861,0
8862,1
8863,1
8864,4
8865,0
8866,1
8867,1
8868,1
8869,1
8870,0
8871,1
8872,2
8873,2
8874,2
8875,2
8876,1
8877,1
8878,1
8879,1
8880,1
8881,1
8882,1
8883,1
8884,1
8885,1
8886,1
8887,1
8888,1
8889,2
8890,1
8891,0
8892,2
8893,0
8894,1
8895,1
8896,0
8897,0
8898,0
8899,0
8900,2
8901,2
8902,0
8903,0
8904,4
8905,4
8906,4
8907,4
8908,0
8909,1
8910,0
8911,0
8912,1
8913,4
8914,1
8915,0
8916,1
8917,4
8918,1
8919,1
8920,1
8921,1
8922,1
8923,0
8924,1
8925,1
8926,0
8927,2
8928,2
8929,2
8930,4
8931,4
8932,4
8933,4
8934,1
8935,0
8936,0
8937,1
8938,0
8939,4
8940,1
8941,2
8942,1
8943,4
8944,0
8945,1
8946,0
8947,0
8948,1
8949,2
8950,2
8951,1
8952,2
8953,1
8954,1
8955,1
8956,2
8957,4
8958,0
8959,2
8960,2
8961,1
8962,0
8963,1
8964,1
8965,1
8966,4
8967,0
8968,0
8969,1
8970,0
8971,1
8972,1
8973,1
8974,1
8975,0
8976,0
8977,0
8978,0
8979,1
8980,1
8981,1
8982,1
8983,0
8984,0
8985,1
8986,4
8987,4
8988,1
8989,0
8990,1
8991,2
8992,0
8993,0
8994,0
8995,0
8996,1
8997,1
8998,1
8999,1
9000,1
9001,1
9002,1
9003,1
9004,1
9005,1
9006,4
9007,4
9008,1
9009,1
9010,1
9011,0
9012,4
9013,4
9014,1
9015,1
9016,1
9017,0
9018,2
9019,2
9020,1
9021,1
9022,1
9023,1
9024,2
9025,0
9026,1
9027,0
9028,4
9029,1
9030,4
9031,4
9032,1
9033,1
9034,1
9035,2
9036,1
9037,2
9038,0
9039,1
9040,1
9041,1
9042,1
9043,1
9044,4
9045,4
9046,1
9047,2
9048,2
9049,1
9050,1
9051,1
9052,1
9053,0
9054,1
9055,4
9056,1
9057,1
9058,1
9059,1
9060,1
9061,1
9062,0
9063,2
9064,4
9065,0
9066,2
9067,1
9068,1
9069,0
9070,2
9071,2
9072,4
9073,0
9074,1
9075,1
9076,0
9077,1
9078,1
9079,2
9080,0
9081,0
9082,1
9083,1
9084,2
9085,0
9086,4
9087,0
9088,1
9089,1
9090,2
9091,2
9092,1
9093,1
9094,2
9095,2
9096,2
9097,1
9098,0
9099,2
9100,2
9101,2
9102,2
9103,2
9104,4
9105,0
9106,0
9107,0
9108,1
9109,1
9110,1
9111,1
9112,1
9113,0
9114,2
9115,1
9116,1
9117,0
9118,1
9119,2
9120,1
9121,1
9122,1
9123,1
9124,1
9125,2
9126,0
9127,1
9128,0
9129,0
9130,0
9131,1
9132,2
9133,2
9134,1
9135,1
9136,2
9137,1
9138,0
9139,1
9140,0
9141,0
9142,0
9143,1
9144,1
9145,4
9146,4
9147,1
9148,2
9149,2
9150,2
9151,4
9152,1
9153,1
9154,0
9155,1
9156,2
9157,0
9158,1
9159,1
9160,1
9161,1
9162,1
9163,2
9164,0
9165,1
9166,0
9167,0
9168,1
9169,0
9170,1
9171,1
9172,0
9173,1
9174,0
9175,1
9176,1
9177,1
9178,2
9179,0
9180,2
9181,0
9182,0
9183,1
9184,0
9185,2
9186,2
9187,1
9188,1
9189,1
9190,2
9191,2
9192,1
9193,0
9194,1
9195,1
9196,4
9197,1
9198,0
9199,0
9200,0
9201,1
9202,1
9203,2
9204,2
9205,2
9206,2
9207,0
9208,2
9209,0
9210,0
9211,2
9212,1
9213,1
9214,1
9215,1
9216,1
9217,2
9218,0
9219,1
9220,1
9221,0
9222,2
9223,2
9224,4
9225,1
9226,2
9227,2
9228,1
9229,1
9230,1
9231,1
9232,1
9233,1
9234,2
9235,1
9236,1
9237,1
9238,0
9239,1
9240,1
9241,0
9242,1
9243,1
9244,0
9245,1
9246,1
9247,1
9248,1
9249,1
9250,0
9251,1
9252,1
9253,1
9254,1
9255,1
9256,1
9257,0
9258,2
9259,0
9260,2
9261,1
9262,2
9263,0
9264,2
9265,1
9266,1
9267,1
9268,1
9269,0
9270,0
9271,4
9272,1
9273,4
9274,1
9275,0
9276,2
9277,2
9278,1
9279,1
9280,1
9281,2
9282,1
9283,1
9284,1
9285,2
9286,2
9287,2
9288,4
9289,4
9290,4
9291,4
9292,4
9293,4
9294,4
9295,4
9296,4
9297,4
9298,4
9299,4
9300,4
9301,1
9302,4
9303,0
9304,1
9305,0
9306,1
9307,1
9308,1
9309,1
9310,2
9311,1
9312,4
9313,1
9314,0
9315,4
9316,0
9317,0
9318,2
9319,0
9320,4
9321,2
9322,2
9323,4
9324,4
9325,4
9326,4
9327,1
9328,2
9329,1
9330,1
9331,1
9332,1
9333,0
9334,1
9335,1
9336,1
9337,0
9338,1
9339,1
9340,2
9341,1
9342,1
9343,1
9344,1
9345,2
9346,1
9347,1
9348,1
9349,1
9350,0
9351,1
9352,1
9353,1
9354,1
9355,4
9356,4
9357,4
9358,2
9359,4
9360,2
9361,4
9362,4
9363,4
9364,4
9365,4
9366,4
9367,4
9368,4
9369,4
9370,4
9371,4
9372,1
9373,4
9374,4
9375,1
9376,2
9377,1
9378,1
9379,1
9380,1
9381,1
9382,0
9383,0
9384,2
9385,0
9386,2
9387,2
9388,2
9389,1
9390,0
9391,2
9392,1
9393,1
9394,1
9395,1
9396,4
9397,1
9398,1
9399,2
9400,2
9401,2
9402,1
9403,1
9404,4
9405,4
9406,0
9407,2
9408,2
9409,2
9410,1
9411,1
9412,1
9413,1
9414,2
9415,1
9416,1
9417,1
9418,1
9419,0
9420,1
9421,1
9422,2
9423,4
9424,1
9425,1
9426,2
9427,2
9428,1
9429,0
9430,0
9431,1
9432,0
9433,1
9434,1
9435,1
9436,1
9437,1
9438,1
9439,1
9440,0
9441,0
9442,1
9443,0
9444,0
9445,0
9446,2
9447,1
9448,1
9449,1
9450,0
9451,1
9452,1
9453,0
9454,1
9455,1
9456,0
9457,0
9458,1
9459,0
9460,1
9461,0
9462,1
9463,1
9464,1
9465,1
9466,0
9467,1
9468,0
9469,1
9470,1
9471,2
9472,2
9473,1
9474,1
9475,1
9476,4
9477,2
9478,2
9479,1
9480,2
9481,0
9482,0
9483,0
9484,0
9485,0
9486,0
9487,1
9488,0
9489,4
9490,1
9491,0
9492,1
9493,1
9494,2
9495,1
9496,1
9497,2
9498,2
9499,2
9500,2
9501,1
9502,1
9503,0
9504,0
9505,1
9506,1
9507,1
9508,0
9509,0
9510,1
9511,1
9512,4
9513,0
9514,1
9515,4
9516,1
9517,1
9518,1
9519,1
9520,1
9521,1
9522,1
9523,1
9524,0
9525,2
9526,1
9527,1
9528,1
9529,2
9530,4
9531,1
9532,1
9533,4
9534,4
9535,4
9536,1
9537,1
9538,4
9539,4
9540,0
9541,0
9542,0
9543,0
9544,0
9545,0
9546,1
9547,0
9548,0
9549,0
9550,1
9551,0
9552,1
9553,1
9554,0
9555,2
9556,1
9557,1
9558,2
9559,0
9560,0
9561,2
9562,0
9563,0
9564,1
9565,2
9566,2
9567,1
9568,1
9569,1
9570,1
9571,0
9572,4
9573,4
9574,0
9575,1
9576,0
9577,0
9578,1
9579,4
9580,4
9581,4
9582,4
9583,0
9584,4
9585,4
9586,0
9587,4
9588,0
9589,4
9590,4
9591,4
9592,0
9593,1
9594,4
9595,4
9596,4
9597,2
9598,0
9599,4
9600,4
9601,4
9602,4
9603,4
9604,4
9605,0
9606,1
9607,0
9608,0
9609,1
9610,1
9611,2
9612,1
9613,0
9614,1
9615,4
9616,1
9617,4
9618,1
9619,2
9620,1
9621,1
9622,4
9623,1
9624,1
9625,2
9626,0
9627,0
9628,2
9629,0
9630,0
9631,1
9632,1
9633,4
9634,4
9635,0
9636,1
9637,1
9638,2
9639,1
9640,1
9641,1
9642,1
9643,0
9644,0
9645,1
9646,1
9647,0
9648,2
9649,2
9650,2
9651,2
9652,1
9653,1
9654,0
9655,0
9656,0
9657,0
9658,0
9659,1
9660,1
9661,1
9662,4
9663,1
9664,0
9665,4
9666,1
9667,1
9668,0
9669,1
9670,1
9671,1
9672,0
9673,1
9674,1
9675,1
9676,4
9677,1
9678,2
9679,2
9680,1
9681,4
9682,4
9683,4
9684,4
9685,1
9686,4
9687,4
9688,1
9689,0
9690,0
9691,2
9692,2
9693,0
9694,2
9695,1
9696,1
9697,1
9698,1
9699,1
9700,0
9701,1
9702,0
9703,2
9704,1
9705,2
9706,1
9707,0
9708,1
9709,1
9710,1
9711,1
9712,1
9713,0
9714,2
9715,0
9716,1
9717,1
9718,0
9719,4
9720,4
9721,1
9722,2
9723,1
9724,2
9725,1
9726,0
9727,0
9728,4
9729,4
9730,4
9731,1
9732,1
9733,1
9734,1
9735,0
9736,1
9737,2
9738,1
9739,4
9740,4
9741,2
9742,1
9743,4
9744,4
9745,4
9746,4
9747,4
9748,1
9749,1
9750,0
9751,1
9752,1
9753,1
9754,1
9755,0
9756,1
9757,4
9758,1
9759,0
9760,2
9761,0
9762,4
9763,1
9764,2
9765,0
9766,0
9767,1
9768,1
9769,4
9770,1
9771,4
9772,0
9773,0
9774,0
9775,4
9776,4
9777,1
9778,1
9779,0
9780,1
9781,0
9782,1
9783,1
9784,2
9785,1
9786,1
9787,0
9788,1
9789,1
9790,1
9791,1
9792,1
9793,1
9794,1
9795,2
9796,2
9797,1
9798,1
9799,0
9800,1
9801,1
9802,1
9803,1
9804,0
9805,1
9806,1
9807,0
9808,0
9809,2
9810,1
9811,0
9812,1
9813,1
9814,0
9815,0
9816,1
9817,0
9818,1
9819,1
9820,4
9821,1
9822,1
9823,1
9824,1
9825,1
9826,1
9827,1
9828,1
9829,0
9830,0
9831,1
9832,1
9833,1
9834,1
9835,2
9836,1
9837,1
9838,0
9839,1
9840,1
9841,0
9842,0
9843,0
9844,0
9845,0
9846,1
9847,1
9848,1
9849,1
9850,1
9851,1
9852,1
9853,1
9854,2
9855,4
9856,0
9857,0
9858,0
9859,0
9860,1
9861,0
9862,1
9863,0
9864,1
9865,1
9866,0
9867,0
9868,4
9869,4
9870,1
9871,0
9872,1
9873,1
9874,0
9875,1
9876,1
9877,2
9878,0
9879,0
9880,2
9881,1
9882,1
9883,0
9884,0
9885,2
9886,0
9887,1
9888,0
9889,0
9890,0
9891,1
9892,0
9893,0
9894,1
9895,2
9896,0
9897,1
9898,0
9899,0
9900,0
9901,1
9902,0
9903,2
9904,2
9905,0
9906,2
9907,0
9908,0
9909,2
9910,0
9911,0
9912,0
9913,0
9914,0
9915,0
9916,0
9917,1
9918,0
9919,0
9920,0
9921,2
9922,0
9923,0
9924,1
9925,0
9926,0
9927,0
9928,0
9929,0
9930,0
9931,0
9932,2
9933,0
9934,0
9935,0
9936,0
9937,1
9938,0
9939,2
9940,2
9941,2
9942,2
9943,2
9944,0
9945,2
9946,1
9947,2
9948,0
9949,1
9950,1
9951,2
9952,2
9953,0
9954,0
9955,0
9956,0
9957,0
9958,0
9959,1
9960,0
9961,0
9962,0
9963,0
9964,2
9965,2
9966,2
9967,2
9968,0
9969,2
9970,2
9971,0
9972,0
9973,1
9974,2
9975,0
9976,0
9977,0
9978,2
9979,0
9980,2
9981,2
9982,2
9983,0
9984,0
9985,1
9986,2
9987,2
9988,2
9989,0
9990,0
9991,0
9992,0
9993,0
9994,4
9995,0
9996,1
9997,0
9998,0
9999,0
10000,1
10001,1
10002,0
10003,1
10004,0
10005,0
10006,0
10007,0
10008,0
10009,1
10010,0
10011,0
10012,1
10013,2
10014,0
10015,2
10016,1
10017,1
10018,0
10019,2
10020,0
10021,0
10022,1
10023,0
10024,1
10025,0
10026,0
10027,0
10028,0
10029,0
10030,0
10031,0
10032,0
10033,0
10034,0
10035,0
10036,0
10037,0
10038,0
10039,0
10040,2
10041,2
10042,2
10043,2
10044,4
10045,1
10046,2
10047,2
10048,2
10049,0
10050,2
10051,0
10052,1
10053,0
10054,1
10055,2
10056,0
10057,0
10058,0
10059,0
10060,0
10061,0
10062,0
10063,1
10064,0
10065,2
10066,0
10067,0
10068,2
10069,1
10070,1
10071,0
10072,2
10073,0
10074,0
10075,0
10076,0
10077,1
10078,1
10079,2
10080,2
10081,0
10082,0
10083,1
10084,0
10085,2
10086,4
10087,2
10088,4
10089,0
10090,2
10091,2
10092,0
10093,0
10094,1
10095,0
10096,2
10097,2
10098,0
10099,2
10100,0
10101,0
10102,0
10103,0
10104,1
10105,0
10106,0
10107,1
10108,0
10109,1
10110,0
10111,0
10112,1
10113,1
10114,1
10115,1
10116,4
10117,2
10118,1
10119,0
10120,1
10121,1
10122,0
10123,0
10124,2
10125,0
10126,2
10127,2
10128,0
10129,2
10130,0
10131,0
10132,0
10133,0
10134,2
10135,0
10136,1
10137,2
10138,0
10139,1
10140,1
10141,1
10142,0
10143,2
10144,0
10145,2
10146,0
10147,1
10148,0
10149,0
10150,0
10151,1
10152,2
10153,0
10154,1
10155,1
10156,0
10157,0
10158,1
10159,1
10160,1
10161,0
10162,1
10163,0
10164,0
10165,2
10166,2
10167,0
10168,2
10169,2
10170,1
10171,2
10172,0
10173,0
10174,2
10175,1
10176,1
10177,0
10178,0
10179,1
10180,0
10181,0
10182,0
10183,1
10184,0
10185,1
10186,0
10187,0
10188,0
10189,0
10190,4
10191,0
10192,2
10193,0
10194,2
10195,1
10196,1
10197,1
10198,1
10199,0
10200,2
10201,0
10202,0
10203,4
10204,2
10205,2
10206,2
10207,2
10208,2
10209,1
10210,1
10211,1
10212,1
10213,1
10214,0
10215,0
10216,0
10217,0
10218,0
10219,2
10220,0
10221,2
10222,2
10223,0
10224,2
10225,2
10226,0
10227,0
10228,0
10229,0
10230,1
10231,2
10232,2
10233,2
10234,2
10235,0
10236,2
10237,2
10238,1
10239,2
10240,2
10241,2
10242,1
10243,0
10244,2
10245,4
10246,2
10247,1
10248,1
10249,1
10250,1
10251,0
10252,1
10253,1
10254,2
10255,2
10256,1
10257,2
10258,2
10259,2
10260,2
10261,2
10262,2
10263,2
10264,0
10265,0
10266,2
10267,4
10268,4
10269,4
10270,2
10271,2
10272,2
10273,2
10274,1
10275,0
10276,0
10277,0
10278,2
10279,1
10280,0
10281,2
10282,2
10283,2
10284,2
10285,2
10286,2
10287,2
10288,1
10289,2
10290,2
10291,0
10292,1
10293,1
10294,2
10295,1
10296,1
10297,1
10298,0
10299,0
10300,0
10301,2
10302,2
10303,2
10304,2
10305,2
10306,1
10307,2
10308,2
10309,2
10310,2
10311,2
10312,2
10313,2
10314,2
10315,2
10316,0
10317,0
10318,0
10319,0
10320,0
10321,1
10322,1
10323,1
10324,2
10325,0
10326,1
10327,2
10328,2
10329,0
10330,1
10331,0
10332,0
10333,0
10334,1
10335,1
10336,0
10337,0
10338,0
10339,0
10340,2
10341,0
10342,0
10343,0
10344,0
10345,0
10346,0
10347,0
10348,0
10349,0
10350,2
10351,1
10352,0
10353,0
10354,2
10355,1
10356,0
10357,1
10358,2
10359,4
10360,0
10361,1
10362,2
10363,2
10364,1
10365,0
10366,0
10367,1
10368,1
10369,1
10370,1
10371,0
10372,1
10373,0
10374,1
10375,4
10376,1
10377,1
10378,1
10379,0
10380,0
10381,1
10382,1
10383,4
10384,4
10385,4
10386,4
10387,1
10388,4
10389,2
10390,0
10391,0
10392,0
10393,1
10394,1
10395,4
10396,4
10397,4
10398,4
10399,1
10400,1
10401,0
10402,1
10403,1
10404,0
10405,0
10406,0
10407,1
10408,1
10409,4
10410,4
10411,4
10412,2
10413,4
10414,4
10415,4
10416,1
10417,1
10418,1
10419,1
10420,1
10421,2
10422,1
10423,0
10424,0
10425,4
10426,0
10427,0
10428,0
10429,1
10430,0
10431,1
10432,1
10433,1
10434,4
10435,4
10436,4
10437,4
10438,4
10439,4
10440,4
10441,4
10442,4
10443,4
10444,1
10445,4
10446,1
10447,2
10448,1
10449,1
10450,1
10451,2
10452,4
10453,4
10454,1
10455,4
10456,1
10457,1
10458,1
10459,1
10460,1
10461,1
10462,1
10463,2
10464,1
10465,1
10466,0
10467,1
10468,1
10469,1
10470,1
10471,1
10472,4
10473,1
10474,1
10475,1
10476,0
10477,4
10478,0
10479,1
10480,1
10481,1
10482,2
10483,2
10484,1
10485,1
10486,1
10487,0
10488,0
10489,0
10490,0
10491,1
10492,1
10493,1
10494,1
10495,0
10496,1
10497,1
10498,2
10499,2
10500,1
10501,1
10502,1
10503,1
10504,1
10505,1
10506,0
10507,1
10508,1
10509,0
10510,0
10511,1
10512,2
10513,0
10514,1
10515,1
10516,1
10517,0
10518,0
10519,0
10520,0
10521,2
10522,0
10523,0
10524,4
10525,1
10526,1
10527,1
10528,1
10529,0
10530,0
10531,0
10532,4
10533,4
10534,2
10535,1
10536,1
10537,0
10538,2
10539,4
10540,4
10541,1
10542,4
10543,4
10544,2
10545,1
10546,1
10547,1
10548,1
10549,2
10550,1
10551,2
10552,2
10553,2
10554,1
10555,1
10556,1
10557,4
10558,4
10559,2
10560,2
10561,2
10562,1
10563,2
10564,0
10565,4
10566,4
10567,4
10568,4
10569,4
10570,0
10571,1
10572,1
10573,1
10574,1
10575,4
10576,1
10577,1
10578,0
10579,1
10580,0
10581,1
10582,2
10583,2
10584,0
10585,2
10586,1
10587,4
10588,2
10589,4
10590,0
10591,1
10592,1
10593,1
10594,2
10595,4
10596,4
10597,4
10598,4
10599,0
10600,4
10601,1
10602,1
10603,1
10604,1
10605,1
10606,1
10607,2
10608,2
10609,0
10610,0
10611,1
10612,0
10613,1
10614,0
10615,1
10616,1
10617,0
10618,1
10619,1
10620,4
10621,2
10622,1
10623,2
10624,2
10625,2
10626,1
10627,4
10628,1
10629,1
10630,2
10631,1
10632,1
10633,1
10634,1
10635,0
10636,0
10637,2
10638,0
10639,1
10640,1
10641,1
10642,4
10643,2
10644,1
10645,2
10646,1
10647,1
10648,1
10649,1
10650,0
10651,2
10652,1
10653,1
10654,1
10655,1
10656,1
10657,1
10658,2
10659,1
10660,1
10661,0
10662,1
10663,1
10664,1
10665,1
10666,1
10667,1
10668,0
10669,2
10670,2
10671,1
10672,0
10673,0
10674,2
10675,0
10676,1
10677,1
10678,1
10679,0
10680,4
10681,4
10682,4
10683,1
10684,2
10685,0
10686,1
10687,2
10688,1
10689,1
10690,0
10691,0
10692,1
10693,1
10694,2
10695,1
10696,2
10697,1
10698,1
10699,1
10700,1
10701,1
10702,1
10703,1
10704,1
10705,1
10706,0
10707,4
10708,1
10709,0
10710,2
10711,1
10712,1
10713,4
10714,1
10715,0
10716,4
10717,1
10718,1
10719,4
10720,2
10721,2
10722,2
10723,0
10724,1
10725,1
10726,2
10727,0
10728,4
10729,4
10730,4
10731,1
10732,1
10733,4
10734,4
10735,0
10736,0
10737,0
10738,4
10739,4
10740,4
10741,4
10742,4
10743,4
10744,1
10745,1
10746,0
10747,0
10748,1
10749,2
10750,2
10751,2
10752,1
10753,1
10754,2
10755,1
10756,0
10757,0
10758,1
10759,0
10760,2
10761,0
10762,1
10763,0
10764,0
10765,4
10766,4
10767,1
10768,1
10769,1
10770,0
10771,1
10772,1
10773,0
10774,0
10775,1
10776,1
10777,0
10778,1
10779,2
10780,1
10781,1
10782,0
10783,1
10784,1
10785,1
10786,1
10787,1
10788,0
10789,2
10790,2
10791,1
10792,1
10793,0
10794,1
10795,4
10796,4
10797,2
10798,4
10799,4
10800,2
10801,2
10802,4
10803,2
10804,2
10805,4
10806,2
10807,4
10808,4
10809,4
10810,4
10811,2
10812,2
10813,2
10814,1
10815,2
10816,4
10817,4
10818,4
10819,4
10820,4
10821,4
10822,2
10823,4
10824,4
10825,4
10826,1
10827,2
10828,0
10829,1
10830,0
10831,0
10832,0
10833,2
10834,2
10835,1
10836,1
10837,2
10838,2
10839,2
10840,4
10841,2
10842,0
10843,0
10844,1
10845,2
10846,2
10847,1
10848,1
10849,1
10850,1
10851,1
10852,1
10853,0
10854,1
10855,1
10856,1
10857,2
10858,0
10859,2
10860,2
10861,2
10862,2
10863,2
10864,2
10865,1
10866,1
10867,1
10868,1
10869,0
10870,1
10871,1
10872,0
10873,0
10874,2
10875,1
10876,1
10877,1
10878,1
10879,2
10880,0
10881,1
10882,2
10883,4
10884,1
10885,1
10886,2
10887,1
10888,1
10889,2
10890,1
10891,1
10892,0
10893,1
10894,0
10895,0
10896,0
10897,2
10898,2
10899,2
10900,2
10901,1
10902,2
10903,2
10904,1
10905,1
10906,4
10907,1
10908,4
10909,4
10910,2
10911,2
10912,4
10913,4
10914,4
10915,0
10916,1
10917,1
10918,1
10919,1
10920,1
10921,1
10922,1
10923,1
10924,0
10925,0
10926,2
10927,2
10928,0
10929,1
10930,1
10931,2
10932,0
10933,2
10934,1
10935,1
10936,1
10937,2
10938,1
10939,1
10940,1
10941,2
10942,2
10943,2
10944,0
10945,0
10946,1
10947,2
10948,1
10949,1
10950,1
10951,1
10952,1
10953,1
10954,1
10955,2
10956,1
10957,4
10958,0
10959,0
10960,0
10961,2
10962,2
10963,0
10964,1
10965,1
10966,1
10967,1
10968,0
10969,0
10970,0
10971,1
10972,1
10973,1
10974,2
10975,2
10976,2
10977,0
10978,0
10979,1
10980,0
10981,1
10982,0
10983,0
10984,0
10985,0
10986,0
10987,0
10988,0
10989,4
10990,1
10991,1
10992,1
10993,1
10994,0
10995,2
10996,2
10997,2
10998,2
10999,1
11000,1
11001,1
11002,1
11003,1
11004,2
11005,2
11006,2
11007,1
11008,1
11009,0
11010,0
11011,0
11012,2
11013,0
11014,0
11015,0
11016,2
11017,1
11018,0
11019,2
11020,1
11021,1
11022,1
11023,1
11024,1
11025,1
11026,0
11027,2
11028,2
11029,1
11030,2
11031,2
11032,2
11033,2
11034,0
11035,1
11036,1
11037,1
11038,1
11039,0
11040,1
11041,1
11042,1
11043,1
11044,0
11045,2
11046,0
11047,0
11048,0
11049,1
11050,1
11051,1
11052,2
11053,1
11054,1
11055,2
11056,2
11057,1
11058,2
11059,1
11060,1
11061,1
11062,1
11063,0
11064,1
11065,1
11066,1
11067,4
11068,4
11069,1
11070,2
11071,2
11072,4
11073,0
11074,1
11075,1
11076,1
11077,2
11078,1
11079,0
11080,1
11081,1
11082,1
11083,1
11084,1
11085,4
11086,0
11087,0
11088,1
11089,1
11090,1
11091,1
11092,1
11093,0
11094,0
11095,1
11096,1
11097,2
11098,2
11099,1
11100,1
11101,0
11102,0
11103,0
11104,1
11105,1
11106,1
11107,1
11108,2
11109,4
11110,1
11111,1
11112,1
11113,1
11114,1
11115,1
11116,1
11117,0
11118,0
11119,0
11120,2
11121,0
11122,0
11123,1
11124,1
11125,1
11126,1
11127,0
11128,0
11129,0
11130,0
11131,2
11132,1
11133,1
11134,1
11135,1
11136,2
11137,1
11138,2
11139,1
11140,0
11141,1
11142,2
11143,1
11144,2
11145,1
11146,1
11147,1
11148,1
11149,1
11150,1
11151,1
11152,2
11153,4
11154,1
11155,2
11156,1
11157,1
11158,1
11159,0
11160,1
11161,1
11162,1
11163,1
11164,2
11165,1
11166,2
11167,4
11168,0
11169,1
11170,1
11171,2
11172,1
11173,1
11174,1
11175,0
11176,0
11177,0
11178,4
11179,4
11180,4
11181,0
11182,0
11183,0
11184,0
11185,2
11186,0
11187,0
11188,0
11189,1
11190,0
11191,0
11192,0
11193,1
11194,4
11195,4
11196,0
11197,2
11198,0
11199,0
11200,2
11201,2
11202,2
11203,1
11204,0
11205,0
11206,0
11207,2
11208,1
11209,1
11210,0
11211,1
11212,0
11213,1
11214,1
11215,2
11216,1
11217,0
11218,0
11219,4
11220,0
11221,1
11222,0
11223,1
11224,0
11225,1
11226,0
11227,2
11228,2
11229,2
11230,1
11231,2
11232,1
11233,2
11234,0
11235,0
11236,0
11237,2
11238,0
11239,0
11240,2
11241,0
11242,0
11243,0
11244,0
11245,0
11246,1
11247,2
11248,0
11249,2
11250,0
11251,0
11252,1
11253,2
11254,1
11255,0
11256,0
11257,2
11258,2
11259,2
11260,4
11261,1
11262,1
11263,4
11264,2
11265,1
11266,1
11267,1
11268,1
11269,1
11270,0
11271,1
11272,2
11273,1
11274,1
11275,0
11276,1
11277,1
11278,1
11279,1
11280,0
11281,0
11282,1
11283,0
11284,0
11285,1
11286,1
11287,1
11288,4
11289,0
11290,1
11291,2
11292,2
11293,0
11294,1
11295,1
11296,1
11297,4
11298,4
11299,0
11300,4
11301,1
11302,1
11303,4
11304,2
11305,1
11306,2
11307,1
11308,2
11309,0
11310,0
11311,1
11312,1
11313,2
11314,2
11315,2
11316,0
11317,2
11318,0
11319,1
11320,1
11321,2
11322,2
11323,0
11324,1
11325,1
11326,1
11327,1
11328,1
11329,1
11330,0
11331,1
11332,0
11333,4
11334,1
11335,0
11336,1
11337,1
11338,1
11339,2
11340,2
11341,2
11342,1
11343,2
11344,2
11345,2
11346,2
11347,2
11348,2
11349,0
11350,0
11351,0
11352,0
11353,1
11354,1
11355,1
11356,1
11357,1
11358,1
11359,1
11360,1
11361,0
11362,0
11363,0
11364,0
11365,0
11366,4
11367,4
11368,1
11369,1
11370,1
11371,1
11372,1
11373,1
11374,2
11375,2
11376,0
11377,0
11378,0
11379,1
11380,1
11381,2
11382,0
11383,0
11384,4
11385,2
11386,0
11387,1
11388,4
11389,0
11390,1
11391,4
11392,2
11393,2
11394,0
11395,0
11396,0
11397,1
11398,4
11399,2
11400,0
11401,4
11402,0
11403,0
11404,0
11405,1
11406,1
11407,1
11408,1
11409,2
11410,1
11411,1
11412,1
11413,1
11414,4
11415,1
11416,1
11417,1
11418,1
11419,1
11420,1
11421,2
11422,1
11423,1
11424,1
11425,1
11426,0
11427,0
11428,1
11429,1
11430,1
11431,1
11432,1
11433,1
11434,1
11435,0
11436,1
11437,1
11438,1
11439,1
11440,1
11441,1
11442,0
11443,1
11444,4
11445,1
11446,4
11447,1
11448,2
11449,0
11450,1
11451,2
11452,4
11453,4
11454,0
11455,1
11456,2
11457,1
11458,1
11459,2
11460,0
11461,1
11462,0
11463,0
11464,1
11465,2
11466,2
11467,2
11468,2
11469,1
11470,0
11471,0
11472,2
11473,1
11474,1
11475,2
11476,4
11477,2
11478,4
11479,4
11480,4
11481,2
11482,1
11483,1
11484,1
11485,4
11486,0
11487,0
11488,1
11489,1
11490,2
11491,1
11492,0
11493,1
11494,1
11495,2
11496,4
11497,0
11498,0
11499,1
11500,1
11501,1
11502,2
11503,1
11504,2
11505,4
11506,1
11507,1
11508,2
11509,4
11510,2
11511,4
11512,4
11513,0
11514,2
11515,2
11516,1
11517,1
11518,1
11519,1
11520,1
11521,0
11522,1
11523,2
11524,4
11525,2
11526,1
11527,0
11528,0
11529,2
11530,4
11531,1
11532,2
11533,1
11534,1
11535,0
11536,0
11537,1
11538,1
11539,1
11540,1
11541,0
11542,0
11543,0
11544,1
11545,1
11546,2
11547,1
11548,0
11549,2
11550,4
11551,2
11552,2
11553,1
11554,1
11555,1
11556,0
11557,0
11558,2
11559,1
11560,1
11561,1
11562,1
11563,2
11564,2
11565,1
11566,0
11567,1
11568,0
11569,0
11570,0
11571,4
11572,2
11573,1
11574,0
11575,0
11576,0
11577,2
11578,2
11579,2
11580,0
11581,2
11582,2
11583,0
11584,0
11585,0
11586,1
11587,0
11588,1
11589,1
11590,1
11591,0
11592,1
11593,0
11594,0
11595,1
11596,1
11597,1
11598,1
11599,2
11600,0
11601,2
11602,0
11603,2
11604,2
11605,1
11606,4
11607,1
11608,1
11609,1
11610,1
11611,1
11612,0
11613,1
11614,1
11615,0
11616,1
11617,1
11618,1
11619,1
11620,1
11621,1
11622,1
11623,1
11624,1
11625,2
11626,1
11627,0
11628,0
11629,2
11630,1
11631,2
11632,2
11633,1
11634,2
11635,2
11636,1
11637,1
11638,0
11639,1
11640,0
11641,4
11642,1
11643,1
11644,1
11645,1
11646,1
11647,2
11648,2
11649,2
11650,2
11651,1
11652,2
11653,2
11654,1
11655,1
11656,1
11657,1
11658,1
11659,2
11660,2
11661,0
11662,4
11663,4
11664,0
11665,4
11666,2
11667,4
11668,1
11669,1
11670,1
11671,1
11672,4
11673,0
11674,0
11675,0
11676,0
11677,1
11678,0
11679,1
11680,0
11681,1
11682,1
11683,1
11684,2
11685,2
11686,1
11687,1
11688,1
11689,1
11690,1
11691,1
11692,1
11693,0
11694,1
11695,2
11696,1
11697,0
11698,0
11699,0
11700,0
11701,1
11702,2
11703,2
11704,0
11705,2
11706,1
11707,1
11708,1
11709,2
11710,2
11711,1
11712,1
11713,1
11714,0
11715,2
11716,0
11717,0
11718,1
11719,1
11720,2
11721,2
11722,1
11723,1
11724,1
11725,1
11726,2
11727,1
11728,4
11729,1
11730,1
11731,1
11732,1
11733,1
11734,0
11735,0
11736,0
11737,0
11738,1
11739,1
11740,1
11741,1
11742,2
11743,0
11744,1
11745,0
11746,1
11747,1
11748,1
11749,1
11750,1
11751,2
11752,4
11753,0
11754,2
11755,0
11756,2
11757,2
11758,2
11759,2
11760,2
11761,2
11762,2
11763,0
11764,0
11765,2
11766,0
11767,0
11768,2
11769,2
11770,0
11771,0
11772,0
11773,2
11774,0
11775,0
11776,0
11777,0
11778,2
11779,2
11780,1
11781,2
11782,2
11783,0
11784,0
11785,0
11786,0
11787,1
11788,0
11789,1
11790,1
11791,1
11792,1
11793,1
11794,0
11795,0
11796,2
11797,1
11798,2
11799,2
11800,1
11801,2
11802,2
11803,1
11804,2
11805,2
11806,0
11807,0
11808,2
11809,2
11810,2
11811,0
11812,1
11813,2
11814,2
11815,2
11816,2
11817,2
11818,2
11819,2
11820,0
11821,4
11822,2
11823,1
11824,2
11825,1
11826,4
11827,1
11828,1
11829,1
11830,1
11831,0
11832,0
11833,0
11834,0
11835,0
11836,0
11837,0
11838,0
11839,4
11840,2
11841,2
11842,0
11843,1
11844,1
11845,1
11846,0
11847,0
11848,0
11849,0
11850,1
11851,2
11852,1
11853,2
11854,1
11855,1
11856,2
11857,2
11858,2
11859,1
11860,0
11861,2
11862,1
11863,2
11864,2
11865,1
11866,1
11867,0
11868,1
11869,2
11870,2
11871,0
11872,2
11873,2
11874,2
11875,2
11876,2
11877,2
11878,4
11879,2
11880,4
11881,2
11882,0
11883,0
11884,0
11885,2
11886,2
11887,1
11888,1
11889,2
11890,1
11891,2
11892,2
11893,2
11894,2
11895,2
11896,0
11897,0
11898,2
11899,2
11900,1
11901,2
11902,0
11903,0
11904,0
11905,2
11906,2
11907,2
11908,2
11909,2
11910,0
11911,0
11912,2
11913,2
11914,1
11915,2
11916,2
11917,0
11918,1
11919,0
11920,0
11921,4
11922,4
11923,2
11924,2
11925,2
11926,2
11927,2
11928,2
11929,0
11930,1
11931,2
11932,1
11933,1
11934,2
11935,2
11936,1
11937,0
11938,0
11939,2
11940,2
11941,0
11942,2
11943,2
11944,4
11945,2
11946,0
11947,2
11948,0
11949,0
11950,0
11951,0
11952,2
11953,2
11954,0
11955,1
11956,2
11957,1
11958,2
11959,2
11960,1
11961,4
11962,0
11963,2
11964,2
11965,1
11966,0
11967,2
11968,2
11969,0
11970,2
11971,2
11972,2
11973,2
11974,2
11975,2
11976,2
11977,4
11978,4
11979,2
11980,1
11981,2
11982,2
11983,2
11984,1
11985,1
11986,2
11987,1
11988,0
11989,0
11990,0
11991,0
11992,2
11993,0
11994,1
11995,0
11996,2
11997,2
11998,0
11999,1
12000,2
12001,2
12002,2
12003,2
12004,1
12005,0
12006,1
12007,4
12008,1
12009,1
12010,4
12011,1
12012,4
12013,0
12014,0
12015,1
12016,1
12017,2
12018,0
12019,4
12020,2
12021,0
12022,1
12023,1
12024,2
12025,2
12026,1
12027,2
12028,2
12029,1
12030,4
12031,4
12032,2
12033,4
12034,4
12035,4
12036,1
12037,4
12038,4
12039,4
12040,4
12041,2
12042,4
12043,4
12044,4
12045,4
12046,4
12047,4
12048,4
12049,4
12050,4
12051,4
12052,2
12053,2
12054,2
12055,4
12056,4
12057,1
12058,0
12059,0
12060,2
12061,2
12062,0
12063,0
12064,0
12065,2
12066,2
12067,0
12068,1
12069,2
12070,1
12071,4
12072,0
12073,1
12074,0
12075,2
12076,1
12077,1
12078,0
12079,1
12080,1
12081,0
12082,4
12083,0
12084,1
12085,1
12086,1
12087,1
12088,1
12089,1
12090,2
12091,0
12092,2
12093,1
12094,2
12095,1
12096,1
12097,1
12098,1
12099,1
12100,2
12101,2
12102,4
12103,4
12104,1
12105,2
12106,2
12107,1
12108,2
12109,4
12110,1
12111,1
12112,0
12113,1
12114,0
12115,0
12116,0
12117,1
12118,1
12119,1
12120,1
12121,1
12122,1
12123,0
12124,0
12125,0
12126,1
12127,2
12128,1
12129,2
12130,4
12131,4
12132,1
12133,4
12134,0
12135,2
12136,1
12137,2
12138,1
12139,2
12140,2
12141,1
12142,4
12143,2
12144,4
12145,0
12146,0
12147,0
12148,0
12149,1
12150,0
12151,4
12152,4
12153,0
12154,1
12155,1
12156,1
12157,0
12158,2
12159,0
12160,1
12161,4
12162,1
12163,0
12164,1
12165,1
12166,1
12167,2
12168,1
12169,1
12170,1
12171,0
12172,1
12173,1
12174,1
12175,2
12176,0
12177,1
12178,1
12179,1
12180,2
12181,1
12182,1
12183,0
12184,1
12185,2
12186,0
12187,2
12188,1
12189,1
12190,2
12191,2
12192,1
12193,1
12194,2
12195,1
12196,4
12197,4
12198,2
12199,1
12200,2
12201,1
12202,1
12203,1
12204,4
12205,1
12206,4
12207,2
12208,0
12209,1
12210,0
12211,2
12212,2
12213,4
12214,2
12215,2
12216,2
12217,2
12218,2
12219,1
12220,0
12221,2
12222,0
12223,0
12224,0
12225,0
12226,2
12227,0
12228,4
12229,1
12230,2
12231,1
12232,0
12233,4
12234,4
12235,0
12236,1
12237,0
12238,0
12239,1
12240,2
12241,1
12242,1
12243,2
12244,1
12245,2
12246,0
12247,0
12248,1
12249,1
12250,2
12251,4
12252,2
12253,2
12254,2
12255,2
12256,2
12257,4
12258,1
12259,2
12260,0
12261,4
12262,4
12263,4
12264,4
12265,0
12266,2
12267,2
12268,4
12269,2
12270,1
12271,0
12272,2
12273,0
12274,4
12275,1
12276,4
12277,0
12278,2
12279,2
12280,2
12281,1
12282,0
12283,0
12284,4
12285,4
12286,0
12287,4
12288,1
12289,0
12290,1
12291,2
12292,4
12293,2
12294,0
12295,4
12296,4
12297,4
12298,2
12299,1
12300,1
12301,1
12302,4
12303,0
12304,0
12305,4
12306,0
12307,4
12308,0
12309,4
12310,4
12311,1
12312,1
12313,0
12314,1
12315,1
12316,0
12317,1
12318,1
12319,0
12320,1
12321,2
12322,2
12323,2
12324,1
12325,1
12326,2
12327,2
12328,2
12329,4
12330,1
12331,1
12332,1
12333,2
12334,2
12335,4
12336,0
12337,0
12338,0
12339,1
12340,1
12341,2
12342,1
12343,1
12344,4
12345,4
12346,0
12347,2
12348,2
12349,2
12350,0
12351,4
12352,0
12353,1
12354,2
12355,1
12356,0
12357,0
12358,2
12359,2
12360,1
12361,4
12362,0
12363,1
12364,2
12365,1
12366,1
12367,2
12368,2
12369,2
12370,1
12371,0
12372,1
12373,1
12374,4
12375,2
12376,2
12377,2
12378,2
12379,0
12380,1
12381,1
12382,1
12383,0
12384,1
12385,1
12386,2
12387,1
12388,4
12389,4
12390,0
12391,0
12392,2
12393,0
12394,0
12395,1
12396,2
12397,0
12398,4
12399,1
12400,0
12401,2
12402,1
12403,1
12404,0
12405,4
12406,4
12407,1
12408,0
12409,2
12410,2
12411,4
12412,4
12413,2
12414,0
12415,4
12416,4
12417,0
12418,0
12419,1
12420,2
12421,0
12422,2
12423,0
12424,0
12425,2
12426,1
12427,2
12428,1
12429,0
12430,2
12431,0
12432,1
12433,2
12434,4
12435,0
12436,2
12437,4
12438,1
12439,4
12440,2
12441,2
12442,2
12443,2
12444,4
12445,4
12446,0
12447,0
12448,0
12449,1
12450,0
12451,4
12452,1
12453,0
12454,1
12455,0
12456,2
12457,2
12458,1
12459,0
12460,2
12461,2
12462,2
12463,4
12464,0
12465,1
12466,1
12467,1
12468,2
12469,2
12470,1
12471,2
12472,4
12473,1
12474,0
12475,2
12476,0
12477,2
12478,0
12479,1
12480,1
12481,1
12482,1
12483,0
12484,1
12485,1
12486,1
12487,2
12488,2
12489,2
12490,0
12491,1
12492,1
12493,1
12494,1
12495,4
12496,1
12497,0
12498,1
12499,1
12500,1
12501,1
12502,1
12503,4
12504,1
12505,4
12506,1
12507,1
12508,1
12509,2
12510,1
12511,0
12512,1
12513,1
12514,1
12515,1
12516,0
12517,0
12518,1
12519,1
12520,0
12521,2
12522,2
12523,1
12524,1
12525,3
12526,1
12527,0
12528,1
12529,0
12530,4
12531,0
12532,0
12533,0
12534,1
12535,1
12536,4
12537,4
12538,4
12539,4
12540,4
12541,4
12542,4
12543,4
12544,4
12545,4
12546,4
12547,4
12548,4
12549,4
12550,4
12551,1
12552,0
12553,1
12554,1
12555,1
12556,1
12557,1
12558,1
12559,4
12560,1
12561,1
12562,0
12563,2
12564,0
12565,0
12566,2
12567,1
12568,1
12569,1
12570,1
12571,2
12572,1
12573,0
12574,1
12575,1
12576,1
12577,0
12578,1
12579,2
12580,2
12581,2
12582,0
12583,1
12584,1
12585,2
12586,2
12587,1
12588,0
12589,0
12590,2
12591,2
12592,1
12593,4
12594,4
12595,4
12596,2
12597,1
12598,1
12599,2
12600,1
12601,2
12602,2
12603,1
12604,1
12605,1
12606,2
12607,0
12608,1
12609,2
12610,1
12611,1
12612,1
12613,1
12614,1
12615,2
12616,2
12617,2
12618,1
12619,1
12620,1
12621,1
12622,2
12623,2
12624,2
12625,1
12626,1
12627,1
12628,1
12629,4
12630,4
12631,1
12632,1
12633,1
12634,1
12635,1
12636,1
12637,1
12638,1
12639,1
12640,1
12641,1
12642,4
12643,0
12644,1
12645,1
12646,4
12647,0
12648,0
12649,1
12650,1
12651,1
12652,1
12653,1
12654,1
12655,1
12656,0
12657,1
12658,1
12659,1
12660,1
12661,1
12662,1
12663,1
12664,1
12665,2
12666,1
12667,1
12668,1
12669,0
12670,1
12671,1
12672,1
12673,1
12674,2
12675,2
12676,2
12677,2
12678,1
12679,1
12680,1
12681,1
12682,1
12683,0
12684,4
12685,4
12686,2
12687,4
12688,4
12689,4
12690,4
12691,4
12692,1
12693,1
12694,2
12695,1
12696,0
12697,1
12698,1
12699,0
12700,2
12701,1
12702,1
12703,1
12704,4
12705,0
12706,2
12707,1
12708,2
12709,2
12710,1
12711,4
12712,4
12713,1
12714,2
12715,1
12716,0
12717,4
12718,1
12719,1
12720,2
12721,2
12722,0
12723,0
12724,0
12725,2
12726,1
12727,2
12728,0
12729,1
12730,2
12731,1
12732,1
12733,0
12734,0
12735,0
12736,1
12737,1
12738,2
12739,1
12740,0
12741,2
12742,1
12743,0
12744,1
12745,1
12746,2
12747,2
12748,0
12749,1
12750,4
12751,4
12752,1
12753,2
12754,2
12755,1
12756,1
12757,1
12758,1
12759,1
12760,2
12761,4
12762,2
12763,4
12764,4
12765,2
12766,4
12767,2
12768,1
12769,1
12770,4
12771,1
12772,1
12773,1
12774,1
12775,1
12776,1
12777,0
12778,1
12779,0
12780,0
12781,1
12782,1
12783,1
12784,1
12785,1
12786,4
12787,4
12788,1
12789,4
12790,4
12791,1
12792,1
12793,1
12794,2
12795,1
12796,1
12797,1
12798,0
12799,1
12800,0
12801,1
12802,0
12803,0
12804,0
12805,1
12806,1
12807,1
12808,1
12809,1
12810,1
12811,4
12812,1
12813,1
12814,2
12815,1
12816,1
12817,1
12818,4
12819,1
12820,1
12821,2
12822,0
12823,4
12824,1
12825,1
12826,0
12827,1
12828,1
12829,1
12830,1
12831,0
12832,1
12833,2
12834,1
12835,4
12836,0
12837,1
12838,4
12839,2
12840,2
12841,2
12842,4
12843,2
12844,4
12845,2
12846,2
12847,2
12848,2
12849,2
12850,2
12851,1
12852,2
12853,0
12854,4
12855,1
12856,1
12857,4
12858,4
12859,0
12860,4
12861,1
12862,0
12863,1
12864,0
12865,1
12866,0
12867,1
12868,2
12869,2
12870,2
12871,1
12872,0
12873,2
12874,2
12875,2
12876,0
12877,1
12878,4
12879,4
12880,4
12881,0
12882,1
12883,1
12884,1
12885,0
12886,0
12887,0
12888,2
12889,0
12890,2
12891,2
12892,0
12893,2
12894,0
12895,1
12896,2
12897,2
12898,2
12899,0
12900,0
12901,1
12902,1
12903,2
12904,0
12905,0
12906,1
12907,4
12908,1
12909,1
12910,4
12911,4
12912,1
12913,1
12914,4
12915,1
12916,0
12917,1
12918,1
12919,0
12920,1
12921,1
12922,1
12923,1
12924,1
12925,1
12926,4
12927,1
12928,0
12929,2
12930,2
12931,2
12932,2
12933,0
12934,0
12935,0
12936,0
12937,0
12938,1
12939,1
12940,2
12941,2
12942,1
12943,1
12944,1
12945,0
12946,2
12947,4
12948,0
12949,4
12950,1
12951,0
12952,2
12953,1
12954,1
12955,0
12956,0
12957,1
12958,1
12959,4
12960,1
12961,1
12962,1
12963,1
12964,1
12965,1
12966,4
12967,0
12968,1
12969,2
12970,1
12971,4
12972,1
12973,1
12974,4
12975,1
12976,1
12977,2
12978,2
12979,2
12980,2
12981,1
12982,2
12983,2
12984,2
12985,2
12986,2
12987,1
12988,1
12989,0
12990,1
12991,2
12992,1
12993,1
12994,1
12995,1
12996,0
12997,2
12998,0
12999,1
13000,1
13001,1
13002,2
13003,2
13004,1
13005,1
13006,2
13007,1
13008,1
13009,0
13010,0
13011,1
13012,1
13013,0
13014,2
13015,0
13016,0
13017,1
13018,1
13019,1
13020,1
13021,2
13022,1
13023,0
13024,2
13025,2
13026,2
13027,2
13028,2
13029,1
13030,1
13031,1
13032,1
13033,1
13034,1
13035,1
13036,1
13037,1
13038,1
13039,0
13040,0
13041,1
13042,2
13043,2
13044,2
13045,1
13046,4
13047,1
13048,0
13049,0
13050,0
13051,0
13052,1
13053,2
13054,2
13055,1
13056,1
13057,0
13058,2
13059,2
13060,0
13061,1
13062,0
13063,1
13064,0
13065,0
13066,0
13067,1
13068,1
13069,1
13070,0
13071,1
13072,2
13073,4
13074,4
13075,2
13076,1
13077,1
13078,1
13079,1
13080,1
13081,1
13082,4
13083,1
13084,1
13085,1
13086,0
13087,1
13088,1
13089,0
13090,1
13091,4
13092,0
13093,0
13094,0
13095,0
13096,0
13097,2
13098,1
13099,0
13100,0
13101,1
13102,1
13103,1
13104,1
13105,1
13106,1
13107,4
13108,1
13109,0
13110,1
13111,4
13112,2
13113,4
13114,4
13115,2
13116,2
13117,1
13118,4
13119,4
13120,1
13121,1
13122,1
13123,1
13124,0
13125,1
13126,0
13127,4
13128,1
13129,2
13130,2
13131,2
13132,2
13133,2
13134,1
13135,1
13136,2
13137,1
13138,4
13139,4
13140,2
13141,0
13142,0
13143,1
13144,4
13145,2
13146,2
13147,2
13148,1
13149,1
13150,1
13151,1
13152,1
13153,1
13154,1
13155,1
13156,0
13157,2
13158,1
13159,2
13160,2
13161,2
13162,0
13163,0
13164,2
13165,0
13166,2
13167,1
13168,1
13169,2
13170,0
13171,4
13172,4
13173,4
13174,4
13175,0
13176,2
13177,1
13178,4
13179,1
13180,0
13181,1
13182,1
13183,2
13184,1
13185,2
13186,1
13187,4
13188,2
13189,1
13190,4
13191,4
13192,4
13193,4
13194,3
13195,0
13196,0
13197,0
13198,2
13199,2
13200,1
13201,0
13202,2
13203,2
13204,1
13205,2
13206,2
13207,2
13208,1
13209,1
13210,1
13211,1
13212,3
13213,4
13214,1
13215,1
13216,2
13217,1
13218,2
13219,0
13220,0
13221,2
13222,2
13223,1
13224,4
13225,0
13226,1
13227,2
13228,1
13229,1
13230,2
13231,2
13232,0
13233,0
13234,4
13235,1
13236,1
13237,1
13238,0
13239,0
13240,0
13241,1
13242,0
13243,4
13244,0
13245,0
13246,1
13247,1
13248,4
13249,0
13250,0
13251,0
13252,2
13253,4
13254,0
13255,0
13256,0
13257,0
13258,1
13259,0
13260,0
13261,2
13262,2
13263,2
13264,0
13265,1
13266,4
13267,2
13268,2
13269,2
13270,2
13271,1
13272,2
13273,2
13274,1
13275,1
13276,1
13277,1
13278,1
13279,0
13280,0
13281,0
13282,1
13283,1
13284,3
13285,1
13286,2
13287,2
13288,2
13289,0
13290,0
13291,0
13292,2
13293,1
13294,1
13295,2
13296,2
13297,2
13298,2
13299,2
13300,1
13301,1
13302,2
13303,2
13304,2
13305,2
13306,2
13307,2
13308,0
13309,0
13310,0
13311,0
13312,0
13313,2
13314,1
13315,0
13316,0
13317,0
13318,2
13319,0
13320,4
13321,0
13322,2
13323,0
13324,0
13325,2
13326,2
13327,2
13328,1
13329,4
13330,4
13331,0
13332,0
13333,0
13334,4
13335,0
13336,0
13337,0
13338,0
13339,2
13340,2
13341,2
13342,2
13343,0
13344,0
13345,0
13346,1
13347,4
13348,1
13349,4
13350,0
13351,1
13352,1
13353,1
13354,0
13355,2
13356,1
13357,1
13358,1
13359,4
13360,0
13361,1
13362,1
13363,1
13364,1
13365,1
13366,1
13367,1
13368,1
13369,1
13370,1
13371,1
13372,1
13373,1
13374,0
13375,1
13376,0
13377,0
13378,1
13379,2
13380,0
13381,2
13382,2
13383,0
13384,2
13385,2
13386,1
13387,2
13388,2
13389,1
13390,2
13391,4
13392,2
13393,1
13394,2
13395,2
13396,2
13397,0
13398,4
13399,4
13400,1
13401,1
13402,1
13403,1
13404,0
13405,0
13406,2
13407,2
13408,0
13409,1
13410,0
13411,2
13412,1
13413,1
13414,1
13415,2
13416,0
13417,4
13418,1
13419,0
13420,4
13421,2
13422,2
13423,2
13424,2
13425,1
13426,1
13427,4
13428,1
13429,1
13430,1
13431,1
13432,1
13433,4
13434,2
13435,1
13436,2
13437,1
13438,1
13439,0
13440,4
13441,4
13442,4
13443,2
13444,1
13445,4
13446,1
13447,1
13448,2
13449,2
13450,1
13451,2
13452,0
13453,0
13454,1
13455,2
13456,1
13457,1
13458,2
13459,2
13460,2
13461,1
13462,1
13463,1
13464,1
13465,1
13466,2
13467,4
13468,0
13469,0
13470,1
13471,1
13472,1
13473,1
13474,1
13475,4
13476,4
13477,4
13478,0
13479,4
13480,4
13481,4
13482,4
13483,2
13484,4
13485,4
13486,4
13487,4
13488,4
13489,4
13490,4
13491,4
13492,4
13493,4
13494,4
13495,4
13496,4
13497,4
13498,4
13499,4
13500,4
13501,4
13502,4
13503,2
13504,4
13505,1
13506,4
13507,0
13508,1
13509,0
13510,4
13511,2
13512,0
13513,4
13514,1
13515,1
13516,0
13517,1
13518,2
13519,1
13520,2
13521,4
13522,2
13523,1
13524,1
13525,2
13526,1
13527,0
13528,1
13529,2
13530,0
13531,2
13532,1
13533,2
13534,0
13535,1
13536,1
13537,1
13538,2
13539,2
13540,2
13541,1
13542,4
13543,1
13544,1
13545,1
13546,0
13547,4
13548,4
13549,0
13550,1
13551,0
13552,0
13553,0
13554,0
13555,1
13556,1
13557,2
13558,0
13559,4
13560,1
13561,1
13562,0
13563,0
13564,0
13565,0
13566,0
13567,0
13568,2
13569,1
13570,0
13571,1
13572,1
13573,1
13574,2
13575,0
13576,1
13577,1
13578,4
13579,4
13580,1
13581,1
13582,1
13583,1
13584,0
13585,0
13586,2
13587,1
13588,0
13589,2
13590,2
13591,2
13592,0
13593,4
13594,0
13595,2
13596,1
13597,2
13598,0
13599,2
13600,1
13601,1
13602,1
13603,2
13604,0
13605,1
13606,1
13607,0
13608,0
13609,2
13610,1
13611,2
13612,2
13613,0
13614,1
13615,0
13616,4
13617,0
13618,0
13619,0
13620,0
13621,0
13622,0
13623,0
13624,0
13625,0
13626,0
13627,1
13628,1
13629,2
13630,1
13631,1
13632,0
13633,0
13634,0
13635,0
13636,0
13637,0
13638,0
13639,1
13640,1
13641,0
13642,4
13643,4
13644,0
13645,0
13646,1
13647,1
13648,2
13649,1
13650,2
13651,2
13652,1
13653,4
13654,1
13655,4
13656,4
13657,0
13658,4
13659,2
13660,1
13661,0
13662,0
13663,1
13664,1
13665,1
13666,1
13667,1
13668,1
13669,4
13670,1
13671,1
13672,1
13673,1
13674,4
13675,1
13676,1
13677,1
13678,0
13679,1
13680,1
13681,1
13682,0
13683,1
13684,4
13685,1
13686,1
13687,1
13688,1
13689,1
13690,1
13691,1
13692,4
13693,0
13694,0
13695,1
13696,1
13697,4
13698,0
13699,1
13700,1
13701,1
13702,1
13703,1
13704,1
13705,2
13706,1
13707,1
13708,1
13709,1
13710,1
13711,1
13712,0
13713,1
13714,1
13715,1
13716,0
13717,0
13718,0
13719,0
13720,0
13721,0
13722,4
13723,1
13724,2
13725,0
13726,0
13727,0
13728,1
13729,1
13730,0
13731,4
13732,1
13733,0
13734,1
13735,2
13736,1
13737,2
13738,1
13739,2
13740,1
13741,1
13742,1
13743,1
13744,1
13745,2
13746,1
13747,1
13748,1
13749,1
13750,2
13751,1
13752,1
13753,2
13754,1
13755,0
13756,1
13757,2
13758,1
13759,1
13760,1
13761,1
13762,2
13763,2
13764,4
13765,4
13766,4
13767,0
13768,1
13769,4
13770,1
13771,2
13772,4
13773,2
13774,1
13775,1
13776,0
13777,2
13778,1
13779,0
13780,1
13781,2
13782,2
13783,2
13784,2
13785,0
13786,2
13787,2
13788,1
13789,2
13790,1
13791,1
13792,1
13793,2
13794,1
13795,2
13796,1
13797,2
13798,4
13799,2
13800,2
13801,0
13802,0
13803,4
13804,1
13805,1
13806,4
13807,1
13808,0
13809,1
13810,1
13811,4
13812,0
13813,2
13814,0
13815,1
13816,1
13817,2
13818,1
13819,0
13820,1
13821,2
13822,0
13823,2
13824,1
13825,2
13826,4
13827,0
13828,4
13829,0
13830,1
13831,1
13832,0
13833,1
13834,1
13835,1
13836,1
13837,0
13838,4
13839,1
13840,1
13841,0
13842,0
13843,0
13844,0
13845,0
13846,0
13847,4
13848,1
13849,1
13850,1
13851,1
13852,0
13853,1
13854,1
13855,1
13856,1
13857,1
13858,1
13859,1
13860,4
13861,2
13862,4
13863,1
13864,4
13865,1
13866,0
13867,1
13868,0
13869,4
13870,2
13871,2
13872,1
13873,1
13874,0
13875,0
13876,1
13877,1
13878,2
13879,0
13880,0
13881,1
13882,1
13883,0
13884,1
13885,0
13886,0
13887,0
13888,0
13889,0
13890,0
13891,0
13892,0
13893,0
13894,0
13895,0
13896,0
13897,0
13898,0
13899,2
13900,0
13901,0
13902,0
13903,0
13904,0
13905,0
13906,0
13907,4
13908,0
13909,2
13910,0
13911,0
13912,1
13913,2
13914,2
13915,2
13916,1
13917,2
13918,2
13919,1
13920,1
13921,1
13922,1
13923,0
13924,0
13925,1
13926,0
13927,1
13928,0
13929,2
13930,0
13931,2
13932,2
13933,1
13934,0
13935,0
13936,0
13937,0
13938,0
13939,1
13940,0
13941,0
13942,2
13943,0
13944,0
13945,0
13946,1
13947,0
13948,0
13949,0
13950,0
13951,0
13952,0
13953,2
13954,2
13955,1
13956,0
13957,0
13958,0
13959,0
13960,0
13961,2
13962,2
13963,0
13964,0
13965,1
13966,1
13967,0
13968,1
13969,1
13970,1
13971,1
13972,2
13973,0
13974,0
13975,0
13976,0
13977,2
13978,0
13979,4
13980,0
13981,0
13982,0
13983,0
13984,0
13985,0
13986,0
13987,0
13988,0
13989,0
13990,0
13991,0
13992,1
13993,2
13994,2
13995,0
13996,0
13997,0
13998,2
13999,0
14000,0
14001,0
14002,0
14003,0
14004,0
14005,0
14006,0
14007,1
14008,0
14009,4
14010,0
14011,4
14012,0
14013,1
14014,1
14015,1
14016,1
14017,2
14018,4
14019,2
14020,1
14021,0
14022,0
14023,2
14024,1
14025,1
14026,2
14027,2
14028,1
14029,2
14030,1
14031,1
14032,1
14033,2
14034,0
14035,1
14036,1
14037,0
14038,0
14039,1
14040,2
14041,2
14042,2
14043,1
14044,0
14045,0
14046,1
14047,2
14048,4
14049,2
14050,1
14051,1
14052,0
14053,0
14054,0
14055,2
14056,1
14057,1
14058,2
14059,2
14060,2
14061,2
14062,1
14063,1
14064,1
14065,1
14066,2
14067,2
14068,2
14069,1
14070,1
14071,0
14072,1
14073,0
14074,2
14075,1
14076,2
14077,1
14078,1
14079,1
14080,2
14081,0
14082,2
14083,0
14084,1
14085,0
14086,2
14087,0
14088,0
14089,1
14090,0
14091,0
14092,2
14093,0
14094,1
14095,2
14096,0
14097,0
14098,2
14099,1
14100,1
14101,0
14102,1
14103,1
14104,0
14105,0
14106,1
14107,1
14108,1
14109,0
14110,1
14111,0
14112,0
14113,0
14114,0
14115,0
14116,1
14117,0
14118,0
14119,0
14120,1
14121,1
14122,2
14123,1
14124,1
14125,1
14126,1
14127,1
14128,2
14129,2
14130,2
14131,0
14132,0
14133,1
14134,1
14135,0
14136,0
14137,0
14138,1
14139,0
14140,1
14141,2
14142,4
14143,1
14144,4
14145,1
14146,1
14147,2
14148,0
14149,1
14150,2
14151,2
14152,4
14153,4
14154,0
14155,4
14156,4
14157,4
14158,4
14159,1
14160,1
14161,1
14162,4
14163,1
14164,1
14165,1
14166,1
14167,1
14168,1
14169,1
14170,1
14171,1
14172,1
14173,1
14174,1
14175,1
14176,4
14177,0
14178,0
14179,1
14180,0
14181,1
14182,1
14183,1
14184,4
14185,4
14186,2
14187,4
14188,4
14189,1
14190,1
14191,1
14192,1
14193,1
14194,1
14195,1
14196,1
14197,4
14198,1
14199,1
14200,1
14201,1
14202,1
14203,0
14204,2
14205,2
14206,4
14207,4
14208,1
14209,1
14210,1
14211,1
14212,1
14213,1
14214,0
14215,1
14216,1
14217,1
14218,1
14219,1
14220,0
14221,4
14222,1
14223,1
14224,0
14225,0
14226,0
14227,0
14228,0
14229,0
14230,1
14231,2
14232,0
14233,1
14234,1
14235,1
14236,0
14237,1
14238,0
14239,1
14240,1
14241,1
14242,1
14243,1
14244,0
14245,4
14246,0
14247,4
14248,4
14249,1
14250,1
14251,0
14252,0
14253,0
14254,1
14255,1
14256,1
14257,1
14258,2
14259,1
14260,1
14261,0
14262,2
14263,1
14264,0
14265,1
14266,2
14267,1
14268,1
14269,1
14270,1
14271,1
14272,0
14273,0
14274,2
14275,4
14276,4
14277,4
14278,1
14279,1
14280,1
14281,2
14282,1
14283,1
14284,1
14285,4
14286,1
14287,1
14288,1
14289,0
14290,0
14291,1
14292,4
14293,0
14294,2
14295,0
14296,4
14297,1
14298,2
14299,0
14300,0
14301,0
14302,0
14303,1
14304,1
14305,1
14306,0
14307,1
14308,0
14309,1
14310,1
14311,1
14312,1
14313,1
14314,0
14315,4
14316,2
14317,2
14318,4
14319,1
14320,1
14321,1
14322,2
14323,2
14324,1
14325,2
14326,2
14327,1
14328,2
14329,2
14330,1
14331,1
14332,0
14333,0
14334,0
14335,0
14336,0
14337,1
14338,1
14339,4
14340,4
14341,1
14342,1
14343,0
14344,4
14345,1
14346,2
14347,4
14348,2
14349,0
14350,2
14351,0
14352,0
14353,4
14354,0
14355,1
14356,1
14357,4
14358,1
14359,1
14360,2
14361,0
14362,1
14363,0
14364,2
14365,2
14366,1
14367,1
14368,1
14369,1
14370,1
14371,1
14372,0
14373,1
14374,1
14375,1
14376,1
