sample_id,cluster
0,1
1,4
2,1
3,1
4,1
5,5
6,4
7,0
8,4
9,0
10,3
11,1
12,3
13,1
14,1
15,3
16,4
17,3
18,5
19,5
20,4
21,0
22,4
23,0
24,5
25,0
26,5
27,5
28,4
29,5
30,5
31,1
32,5
33,1
34,5
35,1
36,1
37,0
38,5
39,5
40,5
41,4
42,0
43,0
44,4
45,4
46,5
47,4
48,3
49,4
50,4
51,4
52,5
53,4
54,1
55,1
56,4
57,1
58,5
59,5
60,5
61,5
62,3
63,1
64,3
65,1
66,1
67,5
68,5
69,1
70,5
71,1
72,5
73,0
74,5
75,0
76,1
77,0
78,0
79,0
80,5
81,0
82,5
83,0
84,5
85,1
86,5
87,1
88,1
89,1
90,5
91,1
92,5
93,3
94,5
95,1
96,5
97,1
98,0
99,1
100,0
101,4
102,0
103,1
104,5
105,1
106,5
107,4
108,1
109,5
110,5
111,5
112,5
113,4
114,5
115,4
116,5
117,4
118,4
119,5
120,4
121,1
122,5
123,5
124,1
125,3
126,5
127,3
128,1
129,5
130,5
131,3
132,0
133,1
134,5
135,4
136,4
137,5
138,3
139,5
140,3
141,5
142,3
143,0
144,4
145,5
146,1
147,1
148,3
149,0
150,4
151,0
152,4
153,0
154,5
155,0
156,1
157,0
158,0
159,0
160,5
161,4
162,5
163,4
164,3
165,1
166,5
167,1
168,1
169,1
170,5
171,1
172,0
173,1
174,4
175,1
176,5
177,1
178,3
179,4
180,5
181,1
182,3
183,1
184,5
185,5
186,3
187,0
188,3
189,5
190,3
191,5
192,5
193,4
194,3
195,5
196,5
197,5
198,5
199,5
200,5
201,5
202,5
203,5
204,4
205,5
206,5
207,3
208,3
209,3
210,1
211,3
212,5
213,1
214,5
215,5
216,5
217,5
218,1
219,1
220,5
221,1
222,1
223,1
224,5
225,1
226,5
227,1
228,5
229,4
230,1
231,0
232,5
233,4
234,5
235,4
236,5
237,1
238,0
239,1
240,0
241,1
242,4
243,3
244,1
245,5
246,5
247,1
248,5
249,1
250,3
251,5
252,1
253,5
254,5
255,3
256,1
257,5
258,1
259,3
260,3
261,3
262,1
263,3
264,1
265,5
266,1
267,3
268,5
269,1
270,5
271,1
272,1
273,4
274,0
275,5
276,4
277,3
278,1
279,5
280,1
281,1
282,3
283,1
284,5
285,5
286,3
287,4
288,5
289,5
290,5
291,1
292,3
293,0
294,5
295,1
296,5
297,4
298,5
299,5
300,5
301,5
302,3
303,0
304,5
305,1
306,1
307,1
308,3
309,1
310,1
311,3
312,5
313,4
314,3
315,4
316,5
317,5
318,3
319,1
320,0
321,3
322,1
323,3
324,1
325,3
326,5
327,4
328,5
329,5
330,5
331,4
332,5
333,1
334,5
335,1
336,5
337,0
338,3
339,1
340,5
341,1
342,5
343,1
344,5
345,5
346,4
347,5
348,3
349,5
350,5
351,5
352,3
353,5
354,3
355,5
356,0
357,5
358,0
359,5
360,3
361,5
362,3
363,5
364,3
365,5
366,0
367,5
368,3
369,5
370,3
371,1
372,5
373,5
374,3
375,5
376,3
377,5
378,3
379,5
380,5
381,3
382,3
383,3
384,3
385,3
386,5
387,3
388,3
389,5
390,3
391,5
392,3
393,4
394,5
395,5
396,3
397,5
398,3
399,3
400,3
401,1
402,3
403,5
404,1
405,4
406,3
407,5
408,3
409,5
410,0
411,0
412,1
413,0
414,1
415,5
416,0
417,0
418,3
419,0
420,3
421,0
422,1
423,5
424,3
425,5
426,1
427,5
428,4
429,0
430,0
431,1
432,1
433,0
434,5
435,1
436,5
437,0
438,5
439,3
440,0
441,0
442,5
443,0
444,5
445,3
446,1
447,0
448,3
449,0
450,3
451,0
452,3
453,0
454,1
455,0
456,5
457,0
458,5
459,0
460,3
461,5
462,3
463,3
464,3
465,1
466,5
467,3
468,5
469,1
470,0
471,1
472,3
473,1
474,0
475,5
476,1
477,1
478,3
479,3
480,3
481,5
482,3
483,1
484,3
485,1
486,0
487,1
488,3
489,5
490,3
491,5
492,3
493,5
494,3
495,1
496,3
497,3
498,3
499,1
500,3
501,1
502,5
503,5
504,1
505,3
506,5
507,3
508,5
509,3
510,3
511,1
512,5
513,1
514,5
515,1
516,1
517,5
518,1
519,5
520,5
521,5
522,5
523,5
524,3
525,5
526,5
527,5
528,3
529,1
530,3
531,5
532,3
533,5
534,3
535,0
536,3
537,3
538,3
539,3
540,1
541,5
542,1
543,1
544,1
545,5
546,1
547,1
548,1
549,1
550,3
551,5
552,1
553,5
554,5
555,1
556,3
557,3
558,4
559,1
560,4
561,1
562,4
563,3
564,5
565,3
566,5
567,1
568,3
569,5
570,4
571,1
572,4
573,3
574,1
575,1
576,4
577,3
578,4
579,1
580,5
581,3
582,4
583,1
584,4
585,1
586,4
587,3
588,4
589,3
590,4
591,3
592,4
593,5
594,4
595,5
596,4
597,0
598,3
599,4
600,4
601,4
602,5
603,4
604,1
605,4
606,3
607,5
608,4
609,4
610,5
611,4
612,0
613,4
614,5
615,4
616,3
617,4
618,4
619,4
620,5
621,4
622,1
623,5
624,5
625,4
626,5
627,4
628,5
629,5
630,4
631,4
632,5
633,4
634,5
635,4
636,3
637,4
638,3
639,4
640,3
641,4
642,3
643,5
644,3
645,4
646,3
647,4
648,3
649,5
650,3
651,5
652,1
653,5
654,5
655,3
656,4
657,3
658,5
659,4
660,4
661,3
662,1
663,3
664,3
665,1
666,3
667,1
668,3
669,4
670,3
671,1
672,5
673,5
674,3
675,5
676,3
677,4
678,3
679,4
680,1
681,5
682,3
683,0
684,3
685,1
686,5
687,4
688,3
689,4
690,3
691,1
692,5
693,1
694,5
695,4
696,5
697,5
698,3
699,5
700,0
701,5
702,1
703,1
704,5
705,4
706,3
707,5
708,5
709,5
710,1
711,1
712,1
713,3
714,1
715,3
716,4
717,0
718,3
719,3
720,4
721,1
722,4
723,3
724,5
725,3
726,4
727,3
728,5
729,3
730,5
731,1
732,5
733,3
734,4
735,5
736,5
737,3
738,1
739,5
740,3
741,3
742,5
743,3
744,5
745,3
746,4
747,3
748,4
749,5
750,5
751,5
752,4
753,5
754,4
755,5
756,5
757,3
758,4
759,3
760,1
761,3
762,4
763,1
764,4
765,3
766,1
767,3
768,4
769,1
770,4
771,5
772,4
773,0
774,4
775,3
776,4
777,3
778,0
779,5
780,1
781,4
782,4
783,3
784,4
785,3
786,5
787,5
788,4
789,3
790,5
791,3
792,5
793,3
794,4
795,3
796,0
797,5
798,4
799,5
800,1
801,3
802,4
803,4
804,3
805,4
806,0
807,1
808,4
809,4
810,1
811,1
812,4
813,5
814,0
815,3
816,4
817,5
818,1
819,3
820,3
821,1
822,4
823,5
824,4
825,5
826,4
827,3
828,4
829,1
830,4
831,5
832,5
833,5
834,1
835,3
836,4
837,3
838,4
839,3
840,4
841,3
842,4
843,3
844,4
845,3
846,1
847,3
848,4
849,4
850,4
851,3
852,4
853,3
854,4
855,3
856,4
857,0
858,4
859,3
860,1
861,3
862,3
863,5
864,5
865,3
866,3
867,5
868,3
869,5
870,3
871,0
872,3
873,3
874,0
875,0
876,3
877,0
878,3
879,0
880,5
881,5
882,3
883,5
884,5
885,3
886,5
887,3
888,5
889,0
890,5
891,3
892,5
893,3
894,5
895,0
896,5
897,3
898,3
899,3
900,3
901,3
902,5
903,3
904,5
905,1
906,5
907,3
908,3
909,3
910,5
911,5
912,3
913,3
914,3
915,5
916,1
917,5
918,1
919,3
920,5
921,5
922,3
923,3
924,3
925,3
926,5
927,3
928,5
929,4
930,5
931,3
932,5
933,3
934,4
935,3
936,3
937,3
938,3
939,1
940,4
941,0
942,4
943,5
944,4
945,5
946,4
947,3
948,4
949,3
950,4
951,3
952,4
953,0
954,4
955,3
956,5
957,3
958,4
959,4
960,4
961,1
962,5
963,3
964,5
965,0
966,3
967,3
968,3
969,1
970,4
971,4
972,4
973,1
974,4
975,4
976,4
977,5
978,4
979,1
980,4
981,3
982,4
983,3
984,4
985,3
986,4
987,3
988,4
989,1
990,4
991,3
992,4
993,3
994,4
995,3
996,4
997,5
998,1
999,3
1000,4
1001,5
1002,3
1003,3
1004,5
1005,3
1006,5
1007,3
1008,3
1009,0
1010,4
1011,3
1012,5
1013,3
1014,5
1015,3
1016,5
1017,3
1018,4
1019,0
1020,4
1021,0
1022,4
1023,3
1024,4
1025,3
1026,0
1027,5
1028,4
1029,1
1030,4
1031,5
1032,4
1033,3
1034,3
1035,3
1036,4
1037,3
1038,4
1039,3
1040,4
1041,1
1042,4
1043,1
1044,1
1045,1
1046,4
1047,1
1048,5
1049,1
1050,5
1051,1
1052,1
1053,5
1054,5
1055,1
1056,5
1057,1
1058,1
1059,1
1060,4
1061,5
1062,4
1063,1
1064,4
1065,5
1066,4
1067,1
1068,1
1069,1
1070,1
1071,1
1072,5
1073,3
1074,4
1075,5
1076,5
1077,1
1078,1
1079,1
1080,4
1081,0
1082,5
1083,1
1084,3
1085,1
1086,1
1087,1
1088,4
1089,5
1090,5
1091,0
1092,1
1093,5
1094,5
1095,5
1096,5
1097,5
1098,1
1099,5
1100,1
1101,5
1102,1
1103,5
1104,1
1105,5
1106,1
1107,5
1108,5
1109,5
1110,1
1111,5
1112,1
1113,5
1114,1
1115,4
1116,1
1117,5
1118,1
1119,5
1120,1
1121,4
1122,1
1123,5
1124,1
1125,3
1126,5
1127,1
1128,5
1129,1
1130,4
1131,3
1132,5
1133,1
1134,5
1135,5
1136,1
1137,3
1138,1
1139,1
1140,4
1141,1
1142,3
1143,0
1144,5
1145,4
1146,1
1147,1
1148,1
1149,4
1150,3
1151,0
1152,3
1153,1
1154,1
1155,4
1156,1
1157,3
1158,3
1159,0
1160,1
1161,4
1162,3
1163,5
1164,1
1165,5
1166,1
1167,4
1168,3
1169,4
1170,1
1171,3
1172,1
1173,3
1174,1
1175,3
1176,1
1177,3
1178,1
1179,5
1180,1
1181,5
1182,5
1183,5
1184,3
1185,4
1186,1
1187,4
1188,1
1189,4
1190,3
1191,4
1192,1
1193,0
1194,1
1195,0
1196,5
1197,0
1198,1
1199,5
1200,1
1201,1
1202,3
1203,3
1204,0
1205,4
1206,5
1207,0
1208,1
1209,3
1210,3
1211,5
1212,1
1213,3
1214,5
1215,5
1216,5
1217,5
1218,5
1219,5
1220,5
1221,4
1222,1
1223,1
1224,5
1225,3
1226,3
1227,5
1228,5
1229,3
1230,5
1231,5
1232,5
1233,5
1234,1
1235,3
1236,4
1237,3
1238,3
1239,5
1240,4
1241,4
1242,1
1243,3
1244,3
1245,1
1246,3
1247,5
1248,5
1249,4
1250,5
1251,4
1252,5
1253,1
1254,5
1255,5
1256,5
1257,5
1258,1
1259,3
1260,1
1261,5
1262,1
1263,4
1264,5
1265,4
1266,0
1267,4
1268,1
1269,4
1270,1
1271,0
1272,3
1273,4
1274,1
1275,1
1276,4
1277,5
1278,4
1279,1
1280,4
1281,5
1282,4
1283,1
1284,4
1285,5
1286,5
1287,3
1288,4
1289,4
1290,4
1291,3
1292,4
1293,1
1294,4
1295,1
1296,4
1297,3
1298,4
1299,4
1300,4
1301,3
1302,5
1303,1
1304,4
1305,3
1306,5
1307,4
1308,4
1309,3
1310,4
1311,3
1312,4
1313,4
1314,1
1315,4
1316,5
1317,1
1318,5
1319,5
1320,5
1321,4
1322,4
1323,1
1324,5
1325,5
1326,5
1327,5
1328,4
1329,1
1330,1
1331,3
1332,5
1333,3
1334,1
1335,5
1336,1
1337,1
1338,4
1339,1
1340,1
1341,4
1342,5
1343,5
1344,5
1345,1
1346,5
1347,1
1348,5
1349,1
1350,3
1351,1
1352,5
1353,4
1354,1
1355,4
1356,5
1357,4
1358,5
1359,5
1360,5
1361,5
1362,0
1363,3
1364,4
1365,1
1366,5
1367,1
1368,5
1369,1
1370,1
1371,5
1372,4
1373,5
1374,5
1375,1
1376,5
1377,4
1378,5
1379,4
1380,5
1381,5
1382,1
1383,4
1384,5
1385,1
1386,1
1387,1
1388,1
1389,1
1390,5
1391,4
1392,5
1393,5
1394,5
1395,3
1396,5
1397,5
1398,5
1399,5
1400,4
1401,1
1402,4
1403,4
1404,1
1405,4
1406,0
1407,1
1408,5
1409,1
1410,5
1411,1
1412,1
1413,1
1414,1
1415,4
1416,5
1417,1
1418,5
1419,1
1420,0
1421,5
1422,1
1423,5
1424,0
1425,1
1426,5
1427,5
1428,5
1429,5
1430,1
1431,1
1432,1
1433,4
1434,5
1435,4
1436,5
1437,5
1438,5
1439,5
1440,1
1441,5
1442,5
1443,0
1444,3
1445,1
1446,5
1447,0
1448,4
1449,0
1450,4
1451,0
1452,0
1453,5
1454,1
1455,1
1456,4
1457,1
1458,1
1459,5
1460,1
1461,1
1462,4
1463,5
1464,5
1465,5
1466,5
1467,5
1468,5
1469,5
1470,5
1471,4
1472,3
1473,5
1474,4
1475,0
1476,5
1477,5
1478,1
1479,5
1480,0
1481,4
1482,4
1483,5
1484,4
1485,3
1486,5
1487,5
1488,4
1489,1
1490,4
1491,5
1492,4
1493,5
1494,5
1495,3
1496,4
1497,5
1498,4
1499,5
1500,5
1501,5
1502,5
1503,5
1504,5
1505,3
1506,5
1507,5
1508,5
1509,1
1510,4
1511,5
1512,5
1513,4
1514,1
1515,4
1516,5
1517,1
1518,1
1519,1
1520,1
1521,5
1522,5
1523,0
1524,5
1525,5
1526,5
1527,1
1528,5
1529,5
1530,5
1531,5
1532,5
1533,1
1534,5
1535,1
1536,0
1537,1
1538,1
1539,4
1540,5
1541,1
1542,1
1543,3
1544,1
1545,1
1546,1
1547,1
1548,1
1549,5
1550,5
1551,1
1552,1
1553,5
1554,1
1555,1
1556,1
1557,5
1558,4
1559,5
1560,0
1561,5
1562,3
1563,1
1564,4
1565,1
1566,1
1567,5
1568,1
1569,5
1570,4
1571,5
1572,1
1573,5
1574,1
1575,5
1576,1
1577,5
1578,4
1579,5
1580,4
1581,5
1582,4
1583,5
1584,1
1585,5
1586,1
1587,5
1588,1
1589,5
1590,1
1591,5
1592,3
1593,5
1594,5
1595,5
1596,5
1597,5
1598,5
1599,5
1600,1
1601,5
1602,4
1603,5
1604,4
1605,5
1606,1
1607,5
1608,5
1609,5
1610,1
1611,5
1612,1
1613,5
1614,5
1615,5
1616,4
1617,5
1618,1
1619,5
1620,5
1621,4
1622,5
1623,4
1624,1
1625,5
1626,1
1627,3
1628,5
1629,0
1630,5
1631,5
1632,0
1633,5
1634,5
1635,5
1636,2
1637,5
1638,5
1639,5
1640,4
1641,5
1642,1
1643,5
1644,1
1645,5
1646,5
1647,5
1648,5
1649,5
1650,5
1651,5
1652,5
1653,5
1654,5
1655,5
1656,1
1657,5
1658,5
1659,5
1660,0
1661,5
1662,5
1663,5
1664,5
1665,5
1666,0
1667,5
1668,4
1669,5
1670,0
1671,5
1672,0
1673,5
1674,5
1675,5
1676,5
1677,1
1678,5
1679,5
1680,5
1681,5
1682,5
1683,1
1684,5
1685,5
1686,5
1687,5
1688,5
1689,5
1690,1
1691,5
1692,5
1693,5
1694,0
1695,5
1696,3
1697,1
1698,5
1699,5
1700,5
1701,4
1702,4
1703,3
1704,3
1705,5
1706,4
1707,1
1708,4
1709,1
1710,4
1711,1
1712,5
1713,5
1714,1
1715,5
1716,4
1717,1
1718,5
1719,5
1720,5
1721,5
1722,5
1723,5
1724,3
1725,5
1726,3
1727,5
1728,3
1729,5
1730,4
1731,1
1732,4
1733,1
1734,4
1735,3
1736,4
1737,3
1738,5
1739,1
1740,5
1741,1
1742,3
1743,1
1744,5
1745,1
1746,5
1747,1
1748,5
1749,1
1750,4
1751,1
1752,4
1753,3
1754,4
1755,3
1756,4
1757,1
1758,4
1759,5
1760,4
1761,5
1762,5
1763,5
1764,4
1765,5
1766,4
1767,5
1768,4
1769,4
1770,3
1771,4
1772,4
1773,3
1774,3
1775,4
1776,0
1777,4
1778,4
1779,4
1780,3
1781,4
1782,5
1783,5
1784,3
1785,3
1786,4
1787,3
1788,3
1789,5
1790,4
1791,4
1792,1
1793,4
1794,5
1795,4
1796,3
1797,4
1798,3
1799,1
1800,4
1801,0
1802,5
1803,4
1804,1
1805,4
1806,5
1807,4
1808,5
1809,4
1810,4
1811,0
1812,5
1813,1
1814,3
1815,0
1816,5
1817,0
1818,5
1819,0
1820,3
1821,4
1822,3
1823,1
1824,5
1825,5
1826,5
1827,4
1828,4
1829,5
1830,4
1831,5
1832,0
1833,1
1834,1
1835,0
1836,0
1837,4
1838,1
1839,4
1840,4
1841,1
1842,4
1843,1
1844,0
1845,1
1846,4
1847,1
1848,4
1849,5
1850,5
1851,5
1852,4
1853,5
1854,5
1855,1
1856,4
1857,1
1858,1
1859,1
1860,1
1861,1
1862,1
1863,1
1864,1
1865,1
1866,1
1867,0
1868,1
1869,1
1870,0
1871,5
1872,0
1873,1
1874,1
1875,3
1876,1
1877,3
1878,1
1879,3
1880,1
1881,1
1882,1
1883,0
1884,1
1885,3
1886,1
1887,4
1888,1
1889,4
1890,1
1891,4
1892,1
1893,0
1894,1
1895,1
1896,1
1897,1
1898,3
1899,1
1900,4
1901,1
1902,0
1903,1
1904,4
1905,1
1906,4
1907,1
1908,4
1909,1
1910,4
1911,5
1912,0
1913,1
1914,1
1915,0
1916,1
1917,0
1918,4
1919,0
1920,4
1921,1
1922,4
1923,1
1924,1
1925,1
1926,1
1927,1
1928,1
1929,5
1930,1
1931,1
1932,1
1933,1
1934,5
1935,4
1936,5
1937,4
1938,0
1939,4
1940,1
1941,4
1942,5
1943,5
1944,1
1945,4
1946,1
1947,4
1948,5
1949,4
1950,5
1951,3
1952,1
1953,4
1954,1
1955,4
1956,1
1957,4
1958,1
1959,4
1960,1
1961,4
1962,1
1963,4
1964,1
1965,4
1966,1
1967,1
1968,5
1969,4
1970,1
1971,4
1972,5
1973,1
1974,4
1975,1
1976,3
1977,1
1978,5
1979,5
1980,4
1981,1
1982,4
1983,1
1984,4
1985,3
1986,1
1987,3
1988,1
1989,4
1990,5
1991,4
1992,1
1993,5
1994,1
1995,4
1996,1
1997,4
1998,3
1999,4
2000,5
2001,4
2002,5
2003,4
2004,0
2005,3
2006,1
2007,4
2008,0
2009,4
2010,5
2011,4
2012,1
2013,4
2014,1
2015,4
2016,5
2017,4
2018,1
2019,4
2020,4
2021,5
2022,4
2023,1
2024,4
2025,5
2026,4
2027,5
2028,4
2029,0
2030,4
2031,5
2032,4
2033,5
2034,5
2035,1
2036,4
2037,5
2038,4
2039,5
2040,4
2041,4
2042,4
2043,1
2044,4
2045,1
2046,5
2047,1
2048,4
2049,1
2050,4
2051,5
2052,4
2053,5
2054,4
2055,1
2056,4
2057,4
2058,1
2059,4
2060,1
2061,4
2062,5
2063,4
2064,1
2065,4
2066,5
2067,4
2068,1
2069,4
2070,1
2071,4
2072,1
2073,4
2074,1
2075,4
2076,1
2077,4
2078,1
2079,4
2080,1
2081,4
2082,5
2083,4
2084,5
2085,4
2086,1
2087,4
2088,4
2089,4
2090,0
2091,4
2092,5
2093,4
2094,1
2095,4
2096,1
2097,3
2098,1
2099,4
2100,1
2101,4
2102,1
2103,4
2104,1
2105,4
2106,1
2107,3
2108,1
2109,3
2110,0
2111,4
2112,5
2113,4
2114,5
2115,4
2116,1
2117,3
2118,1
2119,4
2120,1
2121,4
2122,1
2123,4
2124,1
2125,4
2126,1
2127,4
2128,5
2129,4
2130,5
2131,5
2132,5
2133,1
2134,0
2135,1
2136,5
2137,5
2138,5
2139,5
2140,4
2141,3
2142,1
2143,5
2144,3
2145,5
2146,3
2147,1
2148,4
2149,1
2150,5
2151,1
2152,4
2153,5
2154,4
2155,1
2156,3
2157,1
2158,3
2159,1
2160,4
2161,1
2162,5
2163,5
2164,5
2165,5
2166,1
2167,5
2168,5
2169,5
2170,5
2171,5
2172,3
2173,5
2174,5
2175,5
2176,5
2177,5
2178,3
2179,5
2180,5
2181,5
2182,5
2183,5
2184,5
2185,5
2186,5
2187,5
2188,5
2189,5
2190,5
2191,5
2192,5
2193,5
2194,5
2195,5
2196,5
2197,5
2198,5
2199,5
2200,5
2201,5
2202,5
2203,5
2204,5
2205,5
2206,5
2207,5
2208,5
2209,5
2210,0
2211,5
2212,5
2213,0
2214,5
2215,0
2216,5
2217,0
2218,0
2219,5
2220,0
2221,5
2222,0
2223,0
2224,5
2225,5
2226,5
2227,5
2228,5
2229,5
2230,5
2231,5
2232,5
2233,5
2234,5
2235,4
2236,4
2237,4
2238,4
2239,0
2240,0
2241,5
2242,1
2243,5
2244,5
2245,5
2246,5
2247,4
2248,5
2249,4
2250,5
2251,4
2252,1
2253,1
2254,1
2255,0
2256,5
2257,5
2258,4
2259,4
2260,4
2261,0
2262,0
2263,1
2264,5
2265,4
2266,4
2267,5
2268,5
2269,3
2270,5
2271,1
2272,1
2273,5
2274,5
2275,5
2276,5
2277,5
2278,5
2279,1
2280,1
2281,1
2282,5
2283,1
2284,1
2285,1
2286,1
2287,1
2288,5
2289,5
2290,5
2291,5
2292,1
2293,5
2294,5
2295,5
2296,5
2297,5
2298,5
2299,5
2300,5
2301,5
2302,5
2303,5
2304,5
2305,4
2306,4
2307,4
2308,3
2309,1
2310,4
2311,3
2312,4
2313,3
2314,3
2315,5
2316,4
2317,3
2318,5
2319,4
2320,3
2321,4
2322,3
2323,3
2324,3
2325,1
2326,3
2327,4
2328,4
2329,1
2330,1
2331,1
2332,4
2333,4
2334,4
2335,5
2336,5
2337,3
2338,5
2339,5
2340,5
2341,3
2342,1
2343,1
2344,1
2345,3
2346,4
2347,4
2348,4
2349,3
2350,3
2351,4
2352,4
2353,3
2354,5
2355,3
2356,0
2357,3
2358,4
2359,0
2360,1
2361,3
2362,1
2363,1
2364,1
2365,5
2366,1
2367,4
2368,5
2369,4
2370,4
2371,3
2372,4
2373,5
2374,0
2375,3
2376,1
2377,1
2378,1
2379,1
2380,1
2381,1
2382,0
2383,1
2384,4
2385,0
2386,3
2387,4
2388,0
2389,1
2390,5
2391,0
2392,1
2393,5
2394,4
2395,1
2396,1
2397,3
2398,1
2399,1
2400,0
2401,1
2402,1
2403,4
2404,4
2405,1
2406,4
2407,4
2408,4
2409,5
2410,4
2411,0
2412,1
2413,1
2414,3
2415,3
2416,3
2417,4
2418,3
2419,5
2420,3
2421,5
2422,0
2423,3
2424,3
2425,3
2426,3
2427,1
2428,3
2429,4
2430,4
2431,3
2432,4
2433,3
2434,3
2435,0
2436,1
2437,5
2438,0
2439,4
2440,4
2441,4
2442,4
2443,3
2444,3
2445,3
2446,0
2447,4
2448,3
2449,4
2450,1
2451,4
2452,1
2453,1
2454,4
2455,1
2456,0
2457,5
2458,4
2459,0
2460,3
2461,1
2462,4
2463,4
2464,4
2465,4
2466,4
2467,0
2468,3
2469,4
2470,4
2471,0
2472,3
2473,3
2474,3
2475,3
2476,3
2477,3
2478,1
2479,3
2480,1
2481,4
2482,4
2483,3
2484,3
2485,0
2486,0
2487,3
2488,5
2489,4
2490,4
2491,1
2492,4
2493,1
2494,0
2495,1
2496,1
2497,1
2498,1
2499,4
2500,4
2501,4
2502,3
2503,5
2504,0
2505,3
2506,3
2507,3
2508,3
2509,4
2510,4
2511,3
2512,3
2513,1
2514,1
2515,1
2516,1
2517,4
2518,1
2519,1
2520,1
2521,1
2522,1
2523,3
2524,4
2525,3
2526,4
2527,4
2528,1
2529,1
2530,1
2531,1
2532,3
2533,1
2534,0
2535,1
2536,1
2537,3
2538,0
2539,1
2540,3
2541,0
2542,1
2543,1
2544,1
2545,1
2546,1
2547,5
2548,4
2549,1
2550,4
2551,4
2552,4
2553,4
2554,3
2555,1
2556,1
2557,4
2558,1
2559,1
2560,0
2561,1
2562,0
2563,3
2564,1
2565,0
2566,3
2567,4
2568,4
2569,3
2570,3
2571,4
2572,4
2573,3
2574,3
2575,1
2576,3
2577,0
2578,3
2579,1
2580,1
2581,4
2582,3
2583,3
2584,1
2585,3
2586,3
2587,3
2588,0
2589,1
2590,3
2591,4
2592,5
2593,4
2594,3
2595,3
2596,1
2597,3
2598,4
2599,3
2600,3
2601,5
2602,3
2603,3
2604,3
2605,1
2606,3
2607,5
2608,3
2609,3
2610,4
2611,4
2612,3
2613,4
2614,3
2615,0
2616,0
2617,4
2618,3
2619,4
2620,1
2621,4
2622,4
2623,3
2624,0
2625,1
2626,3
2627,1
2628,0
2629,1
2630,3
2631,3
2632,3
2633,0
2634,3
2635,1
2636,3
2637,5
2638,3
2639,3
2640,3
2641,3
2642,3
2643,3
2644,3
2645,0
2646,3
2647,3
2648,3
2649,3
2650,4
2651,3
2652,3
2653,1
2654,4
2655,0
2656,1
2657,4
2658,3
2659,1
2660,3
2661,1
2662,3
2663,3
2664,3
2665,4
2666,4
2667,3
2668,3
2669,3
2670,0
2671,3
2672,3
2673,4
2674,4
2675,1
2676,3
2677,3
2678,4
2679,0
2680,3
2681,3
2682,4
2683,4
2684,4
2685,4
2686,3
2687,3
2688,4
2689,3
2690,0
2691,4
2692,3
2693,4
2694,3
2695,0
2696,1
2697,0
2698,3
2699,5
2700,1
2701,0
2702,1
2703,3
2704,3
2705,3
2706,3
2707,1
2708,3
2709,5
2710,0
2711,5
2712,1
2713,1
2714,3
2715,3
2716,4
2717,3
2718,4
2719,1
2720,1
2721,4
2722,4
2723,0
2724,3
2725,1
2726,0
2727,0
2728,4
2729,0
2730,3
2731,1
2732,3
2733,3
2734,0
2735,1
2736,0
2737,0
2738,4
2739,4
2740,0
2741,3
2742,3
2743,3
2744,0
2745,3
2746,1
2747,3
2748,3
2749,0
2750,3
2751,3
2752,0
2753,3
2754,3
2755,3
2756,4
2757,3
2758,4
2759,4
2760,0
2761,3
2762,3
2763,3
2764,1
2765,3
2766,3
2767,3
2768,3
2769,1
2770,3
2771,4
2772,0
2773,0
2774,5
2775,3
2776,4
2777,3
2778,3
2779,3
2780,0
2781,4
2782,3
2783,0
2784,3
2785,3
2786,3
2787,4
2788,3
2789,4
2790,3
2791,3
2792,1
2793,3
2794,0
2795,5
2796,0
2797,0
2798,4
2799,3
2800,3
2801,0
2802,1
2803,3
2804,5
2805,3
2806,1
2807,0
2808,1
2809,4
2810,0
2811,1
2812,3
2813,3
2814,4
2815,4
2816,3
2817,4
2818,4
2819,4
2820,1
2821,0
2822,4
2823,5
2824,1
2825,0
2826,3
2827,3
2828,1
2829,1
2830,4
2831,4
2832,0
2833,1
2834,1
2835,4
2836,0
2837,0
2838,3
2839,0
2840,4
2841,0
2842,4
2843,3
2844,0
2845,3
2846,4
2847,3
2848,3
2849,4
2850,3
2851,3
2852,0
2853,3
2854,0
2855,3
2856,3
2857,3
2858,3
2859,3
2860,4
2861,3
2862,3
2863,4
2864,4
2865,3
2866,4
2867,3
2868,4
2869,3
2870,3
2871,1
2872,3
2873,0
2874,4
2875,3
2876,4
2877,0
2878,1
2879,4
2880,4
2881,4
2882,5
2883,3
2884,3
2885,3
2886,3
2887,0
2888,3
2889,4
2890,0
2891,0
2892,0
2893,5
2894,3
2895,4
2896,0
2897,4
2898,3
2899,3
2900,4
2901,1
2902,0
2903,4
2904,4
2905,0
2906,3
2907,0
2908,3
2909,3
2910,0
2911,0
2912,3
2913,3
2914,3
2915,4
2916,4
2917,0
2918,3
2919,1
2920,3
2921,4
2922,4
2923,1
2924,1
2925,3
2926,4
2927,3
2928,4
2929,3
2930,4
2931,1
2932,0
2933,4
2934,1
2935,5
2936,5
2937,4
2938,3
2939,3
2940,3
2941,3
2942,3
2943,0
2944,3
2945,3
2946,4
2947,3
2948,1
2949,1
2950,4
2951,0
2952,3
2953,3
2954,4
2955,4
2956,4
2957,0
2958,3
2959,0
2960,3
2961,4
2962,3
2963,3
2964,1
2965,0
2966,0
2967,5
2968,0
2969,4
2970,1
2971,3
2972,3
2973,0
2974,3
2975,4
2976,1
2977,0
2978,3
2979,1
2980,1
2981,3
2982,5
2983,3
2984,3
2985,5
2986,3
2987,1
2988,1
2989,3
2990,4
2991,3
2992,4
2993,3
2994,3
2995,0
2996,4
2997,3
2998,3
2999,3
3000,4
3001,4
3002,1
3003,5
3004,0
3005,4
3006,1
3007,3
3008,0
3009,3
3010,1
3011,3
3012,4
3013,3
3014,4
3015,1
3016,4
3017,3
3018,1
3019,3
3020,3
3021,0
3022,0
3023,4
3024,3
3025,0
3026,0
3027,3
3028,4
3029,1
3030,0
3031,1
3032,1
3033,3
3034,3
3035,1
3036,3
3037,1
3038,4
3039,3
3040,3
3041,0
3042,4
3043,5
3044,4
3045,3
3046,4
3047,3
3048,0
3049,3
3050,3
3051,5
3052,3
3053,4
3054,4
3055,0
3056,4
3057,3
3058,1
3059,3
3060,5
3061,1
3062,3
3063,0
3064,3
3065,3
3066,3
3067,0
3068,3
3069,1
3070,3
3071,3
3072,4
3073,4
3074,3
3075,1
3076,3
3077,3
3078,3
3079,4
3080,0
3081,5
3082,0
3083,0
3084,3
3085,3
3086,3
3087,0
3088,1
3089,3
3090,3
3091,3
3092,3
3093,0
3094,4
3095,0
3096,3
3097,1
3098,1
3099,0
3100,3
3101,1
3102,0
3103,3
3104,3
3105,3
3106,4
3107,3
3108,3
3109,3
3110,4
3111,0
3112,3
3113,3
3114,3
3115,4
3116,3
3117,1
3118,0
3119,0
3120,3
3121,3
3122,0
3123,0
3124,3
3125,0
3126,4
3127,4
3128,4
3129,3
3130,0
3131,3
3132,0
3133,1
3134,4
3135,3
3136,4
3137,3
3138,1
3139,0
3140,3
3141,4
3142,3
3143,0
3144,3
3145,4
3146,1
3147,3
3148,3
3149,3
3150,0
3151,3
3152,3
3153,3
3154,0
3155,3
3156,1
3157,3
3158,0
3159,3
3160,3
3161,4
3162,4
3163,3
3164,3
3165,0
3166,0
3167,3
3168,4
3169,0
3170,4
3171,3
3172,0
3173,0
3174,3
3175,1
3176,4
3177,3
3178,3
3179,0
3180,0
3181,3
3182,3
3183,5
3184,5
3185,0
3186,3
3187,3
3188,0
3189,3
3190,5
3191,0
3192,3
3193,3
3194,3
3195,3
3196,0
3197,0
3198,1
3199,3
3200,3
3201,0
3202,4
3203,0
3204,0
3205,4
3206,0
3207,3
3208,3
3209,1
3210,0
3211,3
3212,3
3213,3
3214,3
3215,0
3216,1
3217,0
3218,0
3219,5
3220,0
3221,1
3222,4
3223,4
3224,4
3225,4
3226,4
3227,4
3228,4
3229,4
3230,4
3231,4
3232,4
3233,4
3234,4
3235,4
3236,4
3237,4
3238,4
3239,4
3240,4
3241,4
3242,4
3243,4
3244,4
3245,4
3246,4
3247,4
3248,4
3249,4
3250,4
3251,4
3252,4
3253,4
3254,4
3255,4
3256,4
3257,4
3258,4
3259,4
3260,4
3261,4
3262,4
3263,4
3264,4
3265,4
3266,4
3267,4
3268,4
3269,4
3270,4
3271,4
3272,4
3273,4
3274,0
3275,4
3276,4
3277,0
3278,0
3279,0
3280,4
3281,4
3282,4
3283,5
3284,4
3285,0
3286,4
3287,4
3288,4
3289,4
3290,4
3291,4
3292,4
3293,4
3294,4
3295,4
3296,4
3297,4
3298,4
3299,1
3300,1
3301,4
3302,4
3303,4
3304,4
3305,4
3306,4
3307,4
3308,4
3309,4
3310,4
3311,5
3312,4
3313,4
3314,4
3315,4
3316,4
3317,4
3318,4
3319,4
3320,4
3321,4
3322,4
3323,4
3324,3
3325,4
3326,4
3327,4
3328,4
3329,3
3330,4
3331,4
3332,4
3333,5
3334,4
3335,4
3336,4
3337,4
3338,4
3339,4
3340,4
3341,4
3342,4
3343,4
3344,4
3345,4
3346,1
3347,4
3348,4
3349,1
3350,4
3351,4
3352,3
3353,4
3354,4
3355,4
3356,4
3357,4
3358,4
3359,4
3360,4
3361,1
3362,4
3363,4
3364,4
3365,1
3366,4
3367,4
3368,4
3369,4
3370,4
3371,4
3372,4
3373,1
3374,4
3375,4
3376,4
3377,4
3378,4
3379,4
3380,4
3381,4
3382,4
3383,4
3384,4
3385,4
3386,4
3387,4
3388,4
3389,4
3390,4
3391,4
3392,4
3393,4
3394,4
3395,4
3396,4
3397,4
3398,4
3399,4
3400,4
3401,1
3402,4
3403,4
3404,4
3405,4
3406,4
3407,4
3408,4
3409,3
3410,4
3411,1
3412,0
3413,1
3414,1
3415,1
3416,1
3417,1
3418,1
3419,1
3420,1
3421,1
3422,1
3423,0
3424,1
3425,1
3426,0
3427,4
3428,1
3429,4
3430,4
3431,4
3432,4
3433,4
3434,4
3435,4
3436,4
3437,4
3438,4
3439,4
3440,4
3441,4
3442,4
3443,0
3444,4
3445,4
3446,4
3447,1
3448,4
3449,4
3450,4
3451,4
3452,4
3453,4
3454,4
3455,4
3456,4
3457,1
3458,1
3459,1
3460,0
3461,1
3462,0
3463,1
3464,1
3465,0
3466,3
3467,0
3468,1
3469,1
3470,1
3471,1
3472,0
3473,1
3474,0
3475,0
3476,4
3477,4
3478,4
3479,0
3480,0
3481,4
3482,0
3483,0
3484,4
3485,0
3486,4
3487,4
3488,3
3489,4
3490,4
3491,0
3492,4
3493,3
3494,4
3495,4
3496,4
3497,1
3498,4
3499,4
3500,4
3501,4
3502,4
3503,4
3504,4
3505,4
3506,4
3507,4
3508,4
3509,4
3510,4
3511,4
3512,4
3513,4
3514,4
3515,4
3516,4
3517,4
3518,4
3519,1
3520,3
3521,4
3522,4
3523,4
3524,1
3525,1
3526,1
3527,1
3528,0
3529,4
3530,4
3531,4
3532,1
3533,4
3534,1
3535,5
3536,4
3537,1
3538,0
3539,3
3540,4
3541,0
3542,4
3543,1
3544,1
3545,3
3546,4
3547,4
3548,4
3549,3
3550,1
3551,5
3552,1
3553,0
3554,1
3555,1
3556,3
3557,0
3558,4
3559,1
3560,4
3561,4
3562,4
3563,4
3564,4
3565,5
3566,5
3567,4
3568,4
3569,4
3570,1
3571,0
3572,1
3573,4
3574,4
3575,4
3576,4
3577,1
3578,4
3579,4
3580,4
3581,1
3582,4
3583,4
3584,4
3585,4
3586,0
3587,4
3588,4
3589,4
3590,4
3591,4
3592,4
3593,4
3594,4
3595,1
3596,4
3597,4
3598,0
3599,4
3600,3
3601,0
3602,1
3603,0
3604,4
3605,3
3606,3
3607,0
3608,3
3609,0
3610,0
3611,4
3612,4
3613,4
3614,4
3615,4
3616,4
3617,4
3618,1
3619,4
3620,0
3621,4
3622,1
3623,4
3624,4
3625,4
3626,4
3627,4
3628,0
3629,4
3630,4
3631,4
3632,4
3633,4
3634,4
3635,4
3636,4
3637,4
3638,4
3639,4
3640,4
3641,5
3642,4
3643,1
3644,4
3645,4
3646,5
3647,4
3648,4
3649,4
3650,4
3651,5
3652,5
3653,4
3654,0
3655,4
3656,5
3657,4
3658,4
3659,4
3660,4
3661,4
3662,4
3663,4
3664,0
3665,4
3666,4
3667,5
3668,4
3669,1
3670,1
3671,1
3672,1
3673,1
3674,4
3675,1
3676,1
3677,1
3678,1
3679,4
3680,0
3681,4
3682,4
3683,4
3684,1
3685,1
3686,0
3687,1
3688,0
3689,1
3690,1
3691,0
3692,1
3693,1
3694,1
3695,1
3696,4
3697,1
3698,1
3699,0
3700,4
3701,1
3702,1
3703,1
3704,1
3705,4
3706,0
3707,4
3708,1
3709,4
3710,0
3711,1
3712,1
3713,0
3714,4
3715,3
3716,4
3717,4
3718,1
3719,1
3720,1
3721,1
3722,1
3723,1
3724,4
3725,1
3726,1
3727,4
3728,1
3729,1
3730,1
3731,1
3732,1
3733,1
3734,1
3735,1
3736,1
3737,1
3738,1
3739,4
3740,1
3741,1
3742,1
3743,1
3744,1
3745,1
3746,4
3747,4
3748,4
3749,1
3750,4
3751,4
3752,4
3753,4
3754,4
3755,4
3756,4
3757,4
3758,4
3759,0
3760,4
3761,4
3762,4
3763,4
3764,4
3765,4
3766,4
3767,4
3768,1
3769,4
3770,4
3771,4
3772,4
3773,4
3774,4
3775,1
3776,4
3777,4
3778,4
3779,4
3780,4
3781,4
3782,4
3783,4
3784,4
3785,4
3786,4
3787,4
3788,4
3789,4
3790,4
3791,4
3792,1
3793,1
3794,4
3795,4
3796,4
3797,4
3798,1
3799,4
3800,4
3801,1
3802,0
3803,4
3804,4
3805,4
3806,4
3807,4
3808,4
3809,4
3810,1
3811,0
3812,4
3813,0
3814,4
3815,1
3816,4
3817,0
3818,5
3819,0
3820,2
3821,2
3822,2
3823,5
3824,2
3825,2
3826,0
3827,2
3828,2
3829,2
3830,2
3831,2
3832,2
3833,0
3834,2
3835,2
3836,2
3837,2
3838,2
3839,2
3840,2
3841,2
3842,2
3843,2
3844,2
3845,2
3846,2
3847,2
3848,2
3849,5
3850,5
3851,5
3852,5
3853,2
3854,2
3855,2
3856,2
3857,2
3858,2
3859,2
3860,2
3861,2
3862,2
3863,2
3864,2
3865,2
3866,2
3867,5
3868,2
3869,2
3870,2
3871,5
3872,5
3873,5
3874,5
3875,2
3876,5
3877,2
3878,5
3879,5
3880,5
3881,5
3882,2
3883,2
3884,2
3885,2
3886,2
3887,2
3888,2
3889,5
3890,5
3891,2
3892,5
3893,1
3894,5
3895,5
3896,5
3897,5
3898,2
3899,5
3900,2
3901,5
3902,5
3903,5
3904,5
3905,2
3906,5
3907,5
3908,5
3909,5
3910,5
3911,2
3912,2
3913,2
3914,2
3915,2
3916,2
3917,2
3918,2
3919,2
3920,2
3921,2
3922,2
3923,2
3924,2
3925,2
3926,2
3927,5
3928,2
3929,2
3930,2
3931,2
3932,5
3933,2
3934,5
3935,2
3936,0
3937,2
3938,5
3939,0
3940,5
3941,2
3942,2
3943,2
3944,2
3945,5
3946,5
3947,5
3948,5
3949,2
3950,0
3951,2
3952,2
3953,2
3954,5
3955,2
3956,5
3957,2
3958,2
3959,5
3960,2
3961,2
3962,2
3963,1
3964,2
3965,0
3966,2
3967,5
3968,2
3969,2
3970,5
3971,2
3972,2
3973,2
3974,2
3975,0
3976,2
3977,2
3978,2
3979,0
3980,2
3981,2
3982,0
3983,2
3984,2
3985,5
3986,5
3987,5
3988,0
3989,2
3990,2
3991,5
3992,2
3993,2
3994,2
3995,2
3996,5
3997,2
3998,5
3999,5
4000,5
4001,0
4002,5
4003,2
4004,2
4005,5
4006,0
4007,5
4008,4
4009,4
4010,4
4011,5
4012,2
4013,5
4014,5
4015,5
4016,5
4017,2
4018,5
4019,5
4020,2
4021,2
4022,5
4023,2
4024,0
4025,2
4026,5
4027,0
4028,5
4029,5
4030,5
4031,5
4032,5
4033,2
4034,0
4035,2
4036,2
4037,2
4038,2
4039,2
4040,2
4041,5
4042,0
4043,2
4044,2
4045,2
4046,2
4047,2
4048,2
4049,5
4050,2
4051,2
4052,5
4053,2
4054,5
4055,2
4056,5
4057,2
4058,5
4059,2
4060,5
4061,2
4062,2
4063,2
4064,0
4065,2
4066,2
4067,2
4068,2
4069,5
4070,2
4071,2
4072,2
4073,2
4074,2
4075,2
4076,2
4077,2
4078,2
4079,0
4080,0
4081,5
4082,0
4083,5
4084,5
4085,2
4086,2
4087,2
4088,5
4089,5
4090,5
4091,5
4092,5
4093,2
4094,5
4095,5
4096,5
4097,5
4098,5
4099,0
4100,2
4101,5
4102,5
4103,5
4104,5
4105,2
4106,5
4107,5
4108,5
4109,2
4110,2
4111,2
4112,5
4113,2
4114,2
4115,5
4116,5
4117,5
4118,5
4119,5
4120,5
4121,2
4122,5
4123,2
4124,5
4125,5
4126,5
4127,5
4128,2
4129,2
4130,5
4131,2
4132,2
4133,2
4134,2
4135,2
4136,0
4137,2
4138,0
4139,2
4140,5
4141,2
4142,5
4143,2
4144,5
4145,2
4146,2
4147,2
4148,5
4149,5
4150,5
4151,2
4152,2
4153,2
4154,5
4155,5
4156,5
4157,0
4158,2
4159,2
4160,3
4161,5
4162,5
4163,5
4164,2
4165,5
4166,2
4167,2
4168,5
4169,2
4170,2
4171,2
4172,5
4173,2
4174,5
4175,5
4176,5
4177,2
4178,2
4179,5
4180,2
4181,5
4182,2
4183,2
4184,5
4185,5
4186,5
4187,2
4188,0
4189,2
4190,5
4191,0
4192,2
4193,2
4194,5
4195,2
4196,2
4197,2
4198,2
4199,5
4200,5
4201,5
4202,2
4203,2
4204,0
4205,2
4206,2
4207,5
4208,2
4209,2
4210,2
4211,2
4212,0
4213,5
4214,2
4215,5
4216,2
4217,5
4218,5
4219,2
4220,5
4221,5
4222,2
4223,5
4224,2
4225,2
4226,5
4227,0
4228,5
4229,2
4230,5
4231,2
4232,2
4233,5
4234,5
4235,5
4236,2
4237,2
4238,5
4239,2
4240,2
4241,2
4242,5
4243,2
4244,2
4245,2
4246,2
4247,2
4248,2
4249,2
4250,2
4251,5
4252,5
4253,5
4254,0
4255,2
4256,5
4257,5
4258,5
4259,2
4260,2
4261,2
4262,5
4263,0
4264,5
4265,2
4266,2
4267,2
4268,2
4269,5
4270,5
4271,2
4272,5
4273,5
4274,2
4275,5
4276,2
4277,2
4278,2
4279,2
4280,5
4281,2
4282,0
4283,2
4284,5
4285,2
4286,0
4287,2
4288,2
4289,2
4290,2
4291,2
4292,2
4293,0
4294,0
4295,2
4296,2
4297,2
4298,2
4299,5
4300,2
4301,5
4302,2
4303,2
4304,2
4305,2
4306,2
4307,2
4308,2
4309,2
4310,2
4311,2
4312,5
4313,5
4314,5
4315,2
4316,0
4317,5
4318,2
4319,2
4320,5
4321,2
4322,2
4323,2
4324,2
4325,5
4326,5
4327,2
4328,2
4329,2
4330,2
4331,2
4332,2
4333,2
4334,2
4335,2
4336,2
4337,4
4338,4
4339,2
4340,2
4341,5
4342,2
4343,2
4344,2
4345,2
4346,2
4347,2
4348,5
4349,2
4350,2
4351,2
4352,5
4353,2
4354,2
4355,2
4356,2
4357,2
4358,2
4359,0
4360,2
4361,5
4362,5
4363,5
4364,5
4365,2
4366,5
4367,5
4368,2
4369,5
4370,5
4371,5
4372,0
4373,5
4374,2
4375,5
4376,2
4377,2
4378,5
4379,2
4380,2
4381,2
4382,2
4383,5
4384,2
4385,2
4386,2
4387,2
4388,2
4389,2
4390,2
4391,5
4392,0
4393,5
4394,0
4395,5
4396,2
4397,5
4398,5
4399,2
4400,5
4401,5
4402,2
4403,2
4404,2
4405,0
4406,2
4407,0
4408,5
4409,2
4410,2
4411,5
4412,2
4413,2
4414,0
4415,2
4416,2
4417,2
4418,5
4419,2
4420,0
4421,2
4422,2
4423,2
4424,2
4425,2
4426,2
4427,2
4428,5
4429,2
4430,2
4431,2
4432,2
4433,2
4434,2
4435,0
4436,2
4437,2
4438,1
4439,2
4440,5
4441,2
4442,5
4443,0
4444,5
4445,2
4446,2
4447,4
4448,5
4449,2
4450,2
4451,5
4452,5
4453,5
4454,5
4455,5
4456,5
4457,5
4458,5
4459,5
4460,5
4461,5
4462,5
4463,5
4464,5
4465,4
4466,5
4467,2
4468,5
4469,2
4470,2
4471,5
4472,2
4473,2
4474,2
4475,2
4476,2
4477,5
4478,5
4479,2
4480,5
4481,2
4482,2
4483,5
4484,2
4485,5
4486,2
4487,5
4488,5
4489,5
4490,5
4491,5
4492,2
4493,5
4494,2
4495,2
4496,2
4497,2
4498,5
4499,2
4500,5
4501,2
4502,2
4503,2
4504,2
4505,2
4506,2
4507,0
4508,2
4509,2
4510,2
4511,0
4512,2
4513,2
4514,2
4515,2
4516,2
4517,5
4518,2
4519,2
4520,2
4521,5
4522,5
4523,5
4524,5
4525,2
4526,2
4527,2
4528,5
4529,2
4530,5
4531,5
4532,2
4533,2
4534,5
4535,0
4536,2
4537,2
4538,2
4539,2
4540,2
4541,5
4542,5
4543,5
4544,5
4545,0
4546,5
4547,5
4548,2
4549,2
4550,0
4551,5
4552,2
4553,2
4554,5
4555,5
4556,5
4557,2
4558,5
4559,2
4560,2
4561,2
4562,5
4563,5
4564,5
4565,5
4566,5
4567,2
4568,5
4569,5
4570,2
4571,2
4572,5
4573,2
4574,5
4575,5
4576,5
4577,2
4578,2
4579,0
4580,2
4581,2
4582,2
4583,2
4584,2
4585,2
4586,2
4587,2
4588,2
4589,2
4590,2
4591,2
4592,2
4593,2
4594,2
4595,2
4596,2
4597,2
4598,2
4599,2
4600,2
4601,5
4602,5
4603,2
4604,2
4605,5
4606,5
4607,2
4608,2
4609,5
4610,2
4611,2
4612,5
4613,2
4614,2
4615,2
4616,2
4617,2
4618,5
4619,5
4620,2
4621,2
4622,2
4623,2
4624,2
4625,2
4626,2
4627,2
4628,2
4629,2
4630,2
4631,2
4632,5
4633,2
4634,5
4635,0
4636,0
4637,2
4638,2
4639,2
4640,2
4641,2
4642,2
4643,2
4644,2
4645,2
4646,2
4647,2
4648,5
4649,5
4650,4
4651,2
4652,2
4653,2
4654,2
4655,2
4656,5
4657,5
4658,2
4659,5
4660,5
4661,5
4662,2
4663,2
4664,2
4665,5
4666,5
4667,2
4668,5
4669,2
4670,5
4671,2
4672,5
4673,2
4674,2
4675,2
4676,5
4677,5
4678,2
4679,5
4680,2
4681,5
4682,2
4683,2
4684,2
4685,5
4686,2
4687,5
4688,5
4689,5
4690,2
4691,2
4692,2
4693,2
4694,2
4695,2
4696,2
4697,2
4698,2
4699,2
4700,2
4701,4
4702,2
4703,2
4704,2
4705,0
4706,0
4707,2
4708,2
4709,2
4710,2
4711,0
4712,2
4713,2
4714,2
4715,2
4716,2
4717,2
4718,2
4719,2
4720,5
4721,0
4722,5
4723,2
4724,2
4725,2
4726,2
4727,2
4728,2
4729,2
4730,2
4731,2
4732,5
4733,5
4734,5
4735,2
4736,2
4737,2
4738,2
4739,2
4740,2
4741,5
4742,0
4743,5
4744,2
4745,5
4746,0
4747,2
4748,5
4749,2
4750,5
4751,2
4752,5
4753,2
4754,5
4755,2
4756,2
4757,5
4758,2
4759,5
4760,5
4761,5
4762,5
4763,5
4764,5
4765,0
4766,2
4767,2
4768,5
4769,2
4770,2
4771,0
4772,0
4773,2
4774,2
4775,5
4776,2
4777,2
4778,2
4779,5
4780,2
4781,2
4782,0
4783,5
4784,0
4785,5
4786,0
4787,5
4788,5
4789,5
4790,5
4791,5
4792,5
4793,2
4794,5
4795,5
4796,2
4797,5
4798,2
4799,2
4800,2
4801,2
4802,5
4803,5
4804,5
4805,5
4806,5
4807,2
4808,5
4809,2
4810,5
4811,5
4812,5
4813,5
4814,5
4815,5
4816,5
4817,5
4818,5
4819,5
4820,5
4821,5
4822,5
4823,5
4824,0
4825,2
4826,2
4827,5
4828,2
4829,2
4830,5
4831,2
4832,2
4833,5
4834,5
4835,4
4836,4
4837,5
4838,2
4839,2
4840,2
4841,2
4842,2
4843,5
4844,5
4845,2
4846,2
4847,5
4848,5
4849,5
4850,5
4851,5
4852,2
4853,5
4854,4
4855,5
4856,2
4857,0
4858,2
4859,2
4860,5
4861,2
4862,5
4863,5
4864,5
4865,2
4866,5
4867,2
4868,2
4869,5
4870,2
4871,5
4872,2
4873,5
4874,5
4875,2
4876,2
4877,2
4878,2
4879,5
4880,2
4881,5
4882,5
4883,5
4884,4
4885,5
4886,5
4887,2
4888,5
4889,5
4890,2
4891,5
4892,5
4893,2
4894,5
4895,5
4896,5
4897,5
4898,0
4899,2
4900,2
4901,5
4902,5
4903,5
4904,5
4905,0
4906,5
4907,5
4908,5
4909,5
4910,2
4911,2
4912,5
4913,5
4914,2
4915,5
4916,5
4917,2
4918,2
4919,5
4920,2
4921,5
4922,2
4923,5
4924,5
4925,5
4926,5
4927,5
4928,5
4929,0
4930,5
4931,5
4932,5
4933,5
4934,2
4935,5
4936,5
4937,5
4938,5
4939,5
4940,5
4941,2
4942,4
4943,5
4944,5
4945,0
4946,5
4947,5
4948,0
4949,0
4950,2
4951,2
4952,2
4953,2
4954,2
4955,5
4956,0
4957,2
4958,2
4959,2
4960,2
4961,5
4962,2
4963,5
4964,2
4965,0
4966,5
4967,5
4968,5
4969,5
4970,5
4971,4
4972,5
4973,0
4974,5
4975,5
4976,2
4977,5
4978,0
4979,5
4980,5
4981,3
4982,2
4983,2
4984,2
4985,2
4986,2
4987,2
4988,2
4989,2
4990,2
4991,2
4992,2
4993,5
4994,2
4995,2
4996,2
4997,2
4998,2
4999,2
5000,2
5001,5
5002,2
5003,2
5004,2
5005,2
5006,2
5007,2
5008,2
5009,2
5010,2
5011,2
5012,5
5013,0
5014,2
5015,2
5016,2
5017,2
5018,2
5019,5
5020,2
5021,5
5022,2
5023,2
5024,2
5025,2
5026,2
5027,5
5028,2
5029,2
5030,2
5031,2
5032,2
5033,5
5034,5
5035,2
5036,2
5037,2
5038,2
5039,2
5040,2
5041,0
5042,5
5043,2
5044,5
5045,2
5046,2
5047,5
5048,5
5049,2
5050,5
5051,5
5052,2
5053,5
5054,5
5055,2
5056,2
5057,5
5058,2
5059,5
5060,5
5061,5
5062,5
5063,2
5064,0
5065,5
5066,5
5067,2
5068,5
5069,5
5070,2
5071,2
5072,0
5073,5
5074,5
5075,0
5076,5
5077,2
5078,5
5079,5
5080,5
5081,2
5082,0
5083,5
5084,5
5085,5
5086,2
5087,0
5088,1
5089,0
5090,5
5091,5
5092,5
5093,5
5094,5
5095,5
5096,5
5097,5
5098,4
5099,5
5100,5
5101,0
5102,2
5103,3
5104,0
5105,0
5106,2
5107,2
5108,5
5109,5
5110,5
5111,5
5112,5
5113,5
5114,2
5115,5
5116,2
5117,5
5118,5
5119,0
5120,2
5121,5
5122,0
5123,5
5124,5
5125,5
5126,2
5127,5
5128,2
5129,5
5130,0
5131,5
5132,0
5133,0
5134,5
5135,3
5136,5
5137,1
5138,0
5139,0
5140,0
5141,0
5142,5
5143,2
5144,0
5145,0
5146,5
5147,2
5148,5
5149,5
5150,5
5151,2
5152,5
5153,2
5154,5
5155,5
5156,2
5157,2
5158,5
5159,5
5160,5
5161,5
5162,5
5163,2
5164,5
5165,5
5166,5
5167,5
5168,5
5169,5
5170,5
5171,5
5172,5
5173,5
5174,2
5175,5
5176,2
5177,2
5178,5
5179,4
5180,5
5181,0
5182,4
5183,5
5184,5
5185,5
5186,5
5187,5
5188,5
5189,3
5190,5
5191,5
5192,2
5193,4
5194,5
5195,5
5196,0
5197,0
5198,0
5199,5
5200,0
5201,5
5202,5
5203,5
5204,5
5205,5
5206,5
5207,5
5208,5
5209,5
5210,5
5211,5
5212,5
5213,5
5214,5
5215,5
5216,5
5217,5
5218,0
5219,5
5220,0
5221,1
5222,5
5223,1
5224,1
5225,5
5226,0
5227,5
5228,5
5229,1
5230,5
5231,2
5232,5
5233,0
5234,5
5235,5
5236,0
5237,0
5238,5
5239,5
5240,5
5241,4
5242,1
5243,0
5244,0
5245,5
5246,0
5247,4
5248,5
5249,0
5250,5
5251,1
5252,0
5253,1
5254,1
5255,4
5256,3
5257,4
5258,3
5259,4
5260,3
5261,4
5262,3
5263,1
5264,1
5265,1
5266,1
5267,0
5268,4
5269,5
5270,4
5271,1
5272,4
5273,0
5274,1
5275,1
5276,1
5277,1
5278,0
5279,1
5280,3
5281,1
5282,1
5283,3
5284,4
5285,4
5286,1
5287,4
5288,3
5289,1
5290,0
5291,1
5292,3
5293,0
5294,0
5295,3
5296,4
5297,4
5298,4
5299,4
5300,3
5301,0
5302,0
5303,1
5304,0
5305,3
5306,4
5307,1
5308,1
5309,1
5310,0
5311,0
5312,3
5313,4
5314,0
5315,1
5316,4
5317,1
5318,1
5319,0
5320,0
5321,4
5322,0
5323,4
5324,1
5325,3
5326,4
5327,1
5328,4
5329,4
5330,4
5331,4
5332,0
5333,1
5334,4
5335,5
5336,0
5337,4
5338,0
5339,1
5340,4
5341,1
5342,3
5343,1
5344,0
5345,3
5346,4
5347,0
5348,3
5349,3
5350,5
5351,4
5352,0
5353,0
5354,1
5355,5
5356,1
5357,1
5358,4
5359,1
5360,0
5361,4
5362,4
5363,1
5364,1
5365,1
5366,3
5367,5
5368,3
5369,1
5370,1
5371,1
5372,4
5373,0
5374,3
5375,1
5376,3
5377,3
5378,3
5379,1
5380,1
5381,1
5382,3
5383,1
5384,1
5385,1
5386,1
5387,0
5388,1
5389,3
5390,3
5391,3
5392,0
5393,3
5394,3
5395,3
5396,3
5397,0
5398,5
5399,1
5400,1
5401,1
5402,1
5403,0
5404,1
5405,0
5406,0
5407,1
5408,0
5409,5
5410,4
5411,4
5412,1
5413,3
5414,4
5415,3
5416,3
5417,0
5418,1
5419,0
5420,3
5421,5
5422,1
5423,1
5424,3
5425,1
5426,3
5427,0
5428,4
5429,1
5430,1
5431,3
5432,4
5433,3
5434,4
5435,1
5436,5
5437,3
5438,0
5439,3
5440,1
5441,3
5442,1
5443,0
5444,4
5445,5
5446,1
5447,3
5448,1
5449,4
5450,1
5451,4
5452,1
5453,1
5454,0
5455,3
5456,1
5457,4
5458,4
5459,3
5460,1
5461,0
5462,4
5463,1
5464,3
5465,4
5466,3
5467,0
5468,0
5469,1
5470,4
5471,3
5472,0
5473,3
5474,4
5475,0
5476,1
5477,1
5478,1
5479,3
5480,4
5481,4
5482,1
5483,3
5484,0
5485,4
5486,0
5487,5
5488,1
5489,1
5490,0
5491,3
5492,0
5493,0
5494,1
5495,1
5496,4
5497,0
5498,0
5499,4
5500,0
5501,0
5502,0
5503,1
5504,0
5505,4
5506,1
5507,4
5508,1
5509,1
5510,1
5511,0
5512,0
5513,4
5514,1
5515,1
5516,1
5517,1
5518,0
5519,4
5520,1
5521,1
5522,4
5523,0
5524,3
5525,0
5526,0
5527,0
5528,1
5529,0
5530,1
5531,0
5532,1
5533,4
5534,0
5535,4
5536,3
5537,3
5538,1
5539,4
5540,1
5541,1
5542,3
5543,3
5544,3
5545,3
5546,4
5547,1
5548,1
5549,0
5550,1
5551,0
5552,3
5553,0
5554,1
5555,1
5556,3
5557,0
5558,3
5559,1
5560,1
5561,0
5562,3
5563,1
5564,4
5565,1
5566,1
5567,1
5568,1
5569,3
5570,3
5571,1
5572,1
5573,4
5574,4
5575,3
5576,1
5577,5
5578,1
5579,1
5580,1
5581,0
5582,1
5583,5
5584,0
5585,4
5586,0
5587,0
5588,1
5589,4
5590,1
5591,4
5592,0
5593,3
5594,4
5595,4
5596,4
5597,1
5598,0
5599,0
5600,0
5601,1
5602,0
5603,1
5604,0
5605,1
5606,0
5607,1
5608,1
5609,1
5610,3
5611,4
5612,4
5613,3
5614,1
5615,4
5616,1
5617,4
5618,0
5619,1
5620,0
5621,4
5622,0
5623,0
5624,0
5625,4
5626,3
5627,0
5628,3
5629,4
5630,3
5631,4
5632,3
5633,1
5634,3
5635,3
5636,4
5637,3
5638,1
5639,0
5640,4
5641,3
5642,3
5643,4
5644,1
5645,0
5646,0
5647,5
5648,5
5649,3
5650,0
5651,1
5652,0
5653,4
5654,4
5655,0
5656,1
5657,0
5658,4
5659,4
5660,4
5661,1
5662,3
5663,1
5664,1
5665,0
5666,3
5667,0
5668,4
5669,4
5670,4
5671,3
5672,1
5673,1
5674,0
5675,1
5676,0
5677,0
5678,4
5679,0
5680,0
5681,1
5682,3
5683,3
5684,0
5685,3
5686,1
5687,0
5688,0
5689,0
5690,1
5691,1
5692,0
5693,1
5694,5
5695,1
5696,1
5697,1
5698,1
5699,3
5700,1
5701,1
5702,1
5703,0
5704,1
5705,1
5706,1
5707,1
5708,1
5709,1
5710,3
5711,3
5712,4
5713,0
5714,0
5715,3
5716,4
5717,1
5718,1
5719,4
5720,1
5721,1
5722,1
5723,0
5724,5
5725,0
5726,0
5727,3
5728,5
5729,0
5730,0
5731,4
5732,1
5733,1
5734,1
5735,0
5736,1
5737,0
5738,0
5739,3
5740,1
5741,5
5742,1
5743,0
5744,1
5745,1
5746,1
5747,0
5748,4
5749,1
5750,1
5751,0
5752,1
5753,0
5754,1
5755,0
5756,4
5757,0
5758,0
5759,4
5760,5
5761,0
5762,0
5763,0
5764,0
5765,4
5766,1
5767,4
5768,0
5769,4
5770,4
5771,4
5772,0
5773,0
5774,4
5775,4
5776,5
5777,4
5778,0
5779,0
5780,1
5781,3
5782,1
5783,4
5784,0
5785,1
5786,3
5787,0
5788,1
5789,4
5790,0
5791,0
5792,0
5793,4
5794,0
5795,5
5796,0
5797,5
5798,0
5799,1
5800,4
5801,1
5802,1
5803,1
5804,0
5805,5
5806,4
5807,4
5808,4
5809,1
5810,3
5811,1
5812,4
5813,4
5814,4
5815,1
5816,4
5817,4
5818,4
5819,0
5820,1
5821,1
5822,1
5823,4
5824,1
5825,4
5826,4
5827,3
5828,3
5829,1
5830,3
5831,4
5832,0
5833,0
5834,0
5835,1
5836,0
5837,0
5838,1
5839,4
5840,0
5841,4
5842,0
5843,0
5844,4
5845,3
5846,4
5847,4
5848,4
5849,4
5850,1
5851,4
5852,4
5853,1
5854,0
5855,1
5856,4
5857,3
5858,0
5859,5
5860,4
5861,3
5862,3
5863,5
5864,5
5865,0
5866,4
5867,4
5868,4
5869,3
5870,3
5871,3
5872,3
5873,3
5874,1
5875,0
5876,3
5877,3
5878,4
5879,0
5880,3
5881,1
5882,3
5883,0
5884,4
5885,3
5886,3
5887,3
5888,3
5889,4
5890,5
5891,3
5892,5
5893,3
5894,3
5895,3
5896,3
5897,4
5898,3
5899,3
5900,0
5901,3
5902,0
5903,0
5904,3
5905,3
5906,0
5907,0
5908,3
5909,4
5910,1
5911,3
5912,3
5913,3
5914,3
5915,4
5916,3
5917,3
5918,3
5919,3
5920,1
5921,1
5922,1
5923,3
5924,1
5925,1
5926,0
5927,1
5928,0
5929,0
5930,0
5931,0
5932,0
5933,3
5934,3
5935,1
5936,3
5937,1
5938,0
5939,3
5940,4
5941,3
5942,0
5943,1
5944,0
5945,0
5946,1
5947,1
5948,1
5949,1
5950,3
5951,3
5952,0
5953,1
5954,1
5955,1
5956,4
5957,4
5958,4
5959,3
5960,5
5961,1
5962,1
5963,1
5964,1
5965,3
5966,0
5967,5
5968,5
5969,5
5970,5
5971,5
5972,5
5973,1
5974,0
5975,1
5976,1
5977,0
5978,4
5979,0
5980,4
5981,1
5982,1
5983,1
5984,1
5985,0
5986,1
5987,0
5988,0
5989,1
5990,0
5991,0
5992,0
5993,1
5994,1
5995,0
5996,1
5997,3
5998,1
5999,1
6000,1
6001,1
6002,1
6003,4
6004,1
6005,5
6006,1
6007,1
6008,1
6009,1
6010,3
6011,0
6012,1
6013,3
6014,5
6015,0
6016,4
6017,1
6018,1
6019,1
6020,1
6021,3
6022,3
6023,1
6024,0
6025,3
6026,4
6027,1
6028,1
6029,1
6030,1
6031,1
6032,1
6033,3
6034,1
6035,4
6036,4
6037,3
6038,4
6039,1
6040,1
6041,0
6042,3
6043,4
6044,3
6045,3
6046,3
6047,5
6048,0
6049,1
6050,4
6051,3
6052,3
6053,0
6054,1
6055,0
6056,3
6057,4
6058,0
6059,3
6060,3
6061,0
6062,4
6063,4
6064,1
6065,1
6066,3
6067,1
6068,3
6069,0
6070,4
6071,3
6072,3
6073,3
6074,0
6075,0
6076,0
6077,0
6078,0
6079,4
6080,3
6081,4
6082,4
6083,4
6084,4
6085,4
6086,4
6087,4
6088,0
6089,4
6090,1
6091,1
6092,1
6093,4
6094,1
6095,0
6096,0
6097,4
6098,3
6099,3
6100,1
6101,1
6102,1
6103,1
6104,1
6105,0
6106,0
6107,3
6108,4
6109,4
6110,0
6111,5
6112,0
6113,0
6114,3
6115,4
6116,4
6117,0
6118,3
6119,0
6120,1
6121,3
6122,4
6123,3
6124,4
6125,3
6126,0
6127,3
6128,0
6129,1
6130,1
6131,1
6132,3
6133,3
6134,3
6135,4
6136,4
6137,3
6138,3
6139,3
6140,1
6141,0
6142,3
6143,0
6144,3
6145,3
6146,3
6147,4
6148,3
6149,3
6150,1
6151,1
6152,1
6153,1
6154,4
6155,4
6156,4
6157,4
6158,4
6159,4
6160,4
6161,4
6162,1
6163,3
6164,3
6165,0
6166,3
6167,4
6168,1
6169,3
6170,4
6171,3
6172,4
6173,3
6174,3
6175,0
6176,1
6177,0
6178,4
6179,1
6180,3
6181,3
6182,4
6183,0
6184,0
6185,0
6186,0
6187,3
6188,3
6189,3
6190,4
6191,4
6192,4
6193,1
6194,4
6195,4
6196,4
6197,3
6198,4
6199,4
6200,3
6201,3
6202,0
6203,4
6204,0
6205,3
6206,4
6207,4
6208,0
6209,3
6210,3
6211,0
6212,1
6213,0
6214,3
6215,0
6216,4
6217,0
6218,0
6219,3
6220,1
6221,4
6222,4
6223,1
6224,0
6225,1
6226,0
6227,3
6228,1
6229,1
6230,0
6231,0
6232,0
6233,3
6234,1
6235,0
6236,1
6237,1
6238,3
6239,0
6240,1
6241,0
6242,1
6243,1
6244,1
6245,4
6246,4
6247,1
6248,4
6249,4
6250,4
6251,3
6252,4
6253,1
6254,0
6255,1
6256,3
6257,1
6258,4
6259,3
6260,0
6261,3
6262,3
6263,1
6264,3
6265,1
6266,3
6267,4
6268,4
6269,4
6270,4
6271,0
6272,1
6273,1
6274,0
6275,1
6276,1
6277,4
6278,4
6279,0
6280,1
6281,1
6282,0
6283,0
6284,5
6285,4
6286,4
6287,1
6288,3
6289,3
6290,4
6291,3
6292,4
6293,4
6294,4
6295,4
6296,3
6297,3
6298,4
6299,4
6300,4
6301,0
6302,1
6303,0
6304,0
6305,0
6306,1
6307,1
6308,3
6309,3
6310,1
6311,3
6312,3
6313,1
6314,1
6315,3
6316,1
6317,0
6318,1
6319,0
6320,1
6321,0
6322,0
6323,3
6324,0
6325,3
6326,1
6327,0
6328,4
6329,3
6330,0
6331,3
6332,1
6333,4
6334,4
6335,4
6336,4
6337,3
6338,3
6339,3
6340,0
6341,1
6342,1
6343,0
6344,0
6345,0
6346,1
6347,1
6348,0
6349,0
6350,5
6351,5
6352,0
6353,0
6354,1
6355,1
6356,1
6357,5
6358,3
6359,0
6360,4
6361,1
6362,0
6363,3
6364,4
6365,3
6366,1
6367,3
6368,3
6369,1
6370,4
6371,4
6372,4
6373,3
6374,4
6375,0
6376,3
6377,3
6378,1
6379,1
6380,0
6381,4
6382,0
6383,1
6384,1
6385,4
6386,1
6387,4
6388,4
6389,0
6390,0
6391,3
6392,4
6393,3
6394,3
6395,5
6396,5
6397,4
6398,1
6399,0
6400,1
6401,5
6402,3
6403,4
6404,4
6405,4
6406,0
6407,4
6408,4
6409,1
6410,5
6411,0
6412,1
6413,4
6414,5
6415,4
6416,3
6417,3
6418,1
6419,1
6420,1
6421,4
6422,4
6423,4
6424,4
6425,0
6426,4
6427,0
6428,4
6429,4
6430,0
6431,4
6432,4
6433,4
6434,0
6435,4
6436,4
6437,4
6438,4
6439,3
6440,1
6441,4
6442,1
6443,4
6444,1
6445,1
6446,1
6447,4
6448,1
6449,4
6450,4
6451,0
6452,4
6453,5
6454,1
6455,1
6456,5
6457,5
6458,5
6459,5
6460,1
6461,5
6462,5
6463,0
6464,1
6465,5
6466,5
6467,4
6468,4
6469,4
6470,0
6471,0
6472,5
6473,3
6474,5
6475,0
6476,0
6477,0
6478,4
6479,5
6480,5
6481,5
6482,1
6483,4
6484,4
6485,4
6486,4
6487,4
6488,4
6489,0
6490,0
6491,0
6492,0
6493,0
6494,4
6495,0
6496,5
6497,3
6498,3
6499,1
6500,1
6501,0
6502,3
6503,4
6504,0
6505,3
6506,3
6507,0
6508,3
6509,3
6510,3
6511,3
6512,4
6513,3
6514,5
6515,4
6516,4
6517,0
6518,4
6519,3
6520,3
6521,4
6522,3
6523,4
6524,3
6525,1
6526,1
6527,3
6528,4
6529,4
6530,5
6531,4
6532,5
6533,5
6534,0
6535,0
6536,3
6537,3
6538,3
6539,4
6540,4
6541,4
6542,0
6543,0
6544,0
6545,3
6546,4
6547,4
6548,0
6549,4
6550,4
6551,4
6552,4
6553,4
6554,1
6555,4
6556,4
6557,4
6558,0
6559,4
6560,4
6561,0
6562,0
6563,3
6564,3
6565,1
6566,3
6567,3
6568,3
6569,0
6570,1
6571,3
6572,3
6573,3
6574,4
6575,4
6576,4
6577,0
6578,4
6579,5
6580,0
6581,4
6582,4
6583,4
6584,4
6585,4
6586,5
6587,5
6588,0
6589,4
6590,5
6591,4
6592,4
6593,0
6594,4
6595,3
6596,4
6597,4
6598,4
6599,3
6600,4
6601,4
6602,4
6603,3
6604,4
6605,0
6606,0
6607,4
6608,5
6609,3
6610,4
6611,4
6612,0
6613,0
6614,0
6615,1
6616,0
6617,4
6618,0
6619,4
6620,1
6621,1
6622,4
6623,5
6624,4
6625,4
6626,0
6627,3
6628,3
6629,5
6630,5
6631,0
6632,0
6633,0
6634,4
6635,5
6636,4
6637,0
6638,4
6639,0
6640,4
6641,1
6642,3
6643,1
6644,4
6645,5
6646,4
6647,4
6648,4
6649,4
6650,3
6651,4
6652,4
6653,4
6654,5
6655,5
6656,5
6657,1
6658,5
6659,5
6660,5
6661,5
6662,5
6663,5
6664,5
6665,5
6666,1
6667,4
6668,5
6669,1
6670,5
6671,5
6672,5
6673,4
6674,3
6675,4
6676,3
6677,4
6678,1
6679,5
6680,0
6681,0
6682,0
6683,4
6684,5
6685,5
6686,1
6687,5
6688,5
6689,5
6690,5
6691,1
6692,0
6693,4
6694,3
6695,4
6696,1
6697,4
6698,4
6699,3
6700,4
6701,1
6702,1
6703,1
6704,4
6705,1
6706,1
6707,3
6708,1
6709,0
6710,0
6711,1
6712,4
6713,4
6714,0
6715,0
6716,1
6717,4
6718,4
6719,0
6720,4
6721,3
6722,4
6723,0
6724,1
6725,1
6726,4
6727,4
6728,4
6729,0
6730,0
6731,1
6732,1
6733,1
6734,5
6735,1
6736,0
6737,0
6738,4
6739,4
6740,4
6741,4
6742,3
6743,4
6744,1
6745,4
6746,4
6747,0
6748,0
6749,4
6750,5
6751,1
6752,5
6753,1
6754,1
6755,1
6756,5
6757,4
6758,4
6759,4
6760,0
6761,0
6762,5
6763,4
6764,1
6765,4
6766,5
6767,4
6768,4
6769,4
6770,4
6771,3
6772,4
6773,3
6774,4
6775,1
6776,1
6777,4
6778,1
6779,5
6780,5
6781,5
6782,5
6783,5
6784,5
6785,5
6786,5
6787,5
6788,5
6789,0
6790,5
6791,3
6792,3
6793,4
6794,4
6795,4
6796,4
6797,0
6798,4
6799,4
6800,4
6801,4
6802,1
6803,4
6804,1
6805,4
6806,4
6807,5
6808,0
6809,5
6810,4
6811,0
6812,4
6813,4
6814,4
6815,0
6816,4
6817,3
6818,4
6819,0
6820,3
6821,1
6822,1
6823,1
6824,0
6825,0
6826,4
6827,1
6828,0
6829,4
6830,1
6831,4
6832,4
6833,4
6834,4
6835,0
6836,0
6837,1
6838,1
6839,0
6840,4
6841,4
6842,4
6843,3
6844,4
6845,4
6846,4
6847,0
6848,4
6849,5
6850,5
6851,5
6852,1
6853,1
6854,4
6855,1
6856,1
6857,4
6858,4
6859,1
6860,4
6861,4
6862,1
6863,1
6864,0
6865,4
6866,4
6867,5
6868,4
6869,0
6870,4
6871,3
6872,1
6873,1
6874,1
6875,3
6876,0
6877,4
6878,4
6879,4
6880,4
6881,0
6882,5
6883,4
6884,1
6885,0
6886,0
6887,0
6888,4
6889,3
6890,0
6891,3
6892,4
6893,4
6894,4
6895,4
6896,5
6897,4
6898,4
6899,5
6900,0
6901,4
6902,1
6903,4
6904,4
6905,4
6906,4
6907,4
6908,4
6909,3
6910,3
6911,0
6912,4
6913,4
6914,4
6915,1
6916,4
6917,4
6918,0
6919,1
6920,1
6921,3
6922,3
6923,4
6924,3
6925,4
6926,1
6927,4
6928,1
6929,4
6930,4
6931,1
6932,3
6933,4
6934,4
6935,0
6936,0
6937,1
6938,0
6939,4
6940,0
6941,1
6942,5
6943,0
6944,1
6945,5
6946,3
6947,3
6948,1
6949,5
6950,0
6951,0
6952,0
6953,0
6954,0
6955,1
6956,1
6957,4
6958,4
6959,3
6960,3
6961,3
6962,4
6963,0
6964,4
6965,3
6966,0
6967,3
6968,4
6969,4
6970,4
6971,4
6972,3
6973,3
6974,4
6975,0
6976,0
6977,0
6978,0
6979,0
6980,0
6981,4
6982,4
6983,3
6984,4
6985,4
6986,4
6987,4
6988,4
6989,4
6990,4
6991,4
6992,4
6993,4
6994,4
6995,4
6996,4
6997,4
6998,4
6999,4
7000,4
7001,0
7002,4
7003,0
7004,1
7005,3
7006,4
7007,4
7008,4
7009,0
7010,4
7011,4
7012,4
7013,4
7014,4
7015,3
7016,4
7017,3
7018,3
7019,4
7020,3
7021,3
7022,3
7023,4
7024,1
7025,4
7026,4
7027,4
7028,4
7029,0
7030,1
7031,0
7032,3
7033,4
7034,4
7035,4
7036,4
7037,5
7038,1
7039,4
7040,3
7041,4
7042,4
7043,3
7044,4
7045,0
7046,4
7047,5
7048,0
7049,3
7050,5
7051,4
7052,5
7053,3
7054,0
7055,5
7056,0
7057,3
7058,0
7059,3
7060,3
7061,0
7062,4
7063,4
7064,4
7065,4
7066,4
7067,3
7068,3
7069,4
7070,4
7071,4
7072,0
7073,3
7074,5
7075,5
7076,0
7077,0
7078,0
7079,0
7080,0
7081,4
7082,4
7083,4
7084,4
7085,3
7086,4
7087,4
7088,4
7089,4
7090,4
7091,4
7092,1
7093,4
7094,4
7095,4
7096,4
7097,4
7098,4
7099,4
7100,4
7101,4
7102,4
7103,4
7104,4
7105,3
7106,4
7107,3
7108,4
7109,1
7110,3
7111,3
7112,3
7113,1
7114,1
7115,4
7116,4
7117,4
7118,1
7119,1
7120,3
7121,4
7122,4
7123,4
7124,1
7125,1
7126,1
7127,1
7128,3
7129,0
7130,0
7131,0
7132,0
7133,1
7134,4
7135,1
7136,4
7137,4
7138,1
7139,1
7140,3
7141,1
7142,4
7143,1
7144,1
7145,4
7146,4
7147,4
7148,4
7149,4
7150,4
7151,1
7152,4
7153,0
7154,0
7155,0
7156,4
7157,1
7158,5
7159,5
7160,5
7161,5
7162,1
7163,5
7164,5
7165,1
7166,0
7167,3
7168,4
7169,0
7170,0
7171,0
7172,3
7173,4
7174,0
7175,0
7176,5
7177,1
7178,0
7179,3
7180,1
7181,4
7182,1
7183,4
7184,3
7185,3
7186,1
7187,1
7188,1
7189,4
7190,1
7191,4
7192,4
7193,4
7194,4
7195,4
7196,4
7197,4
7198,0
7199,3
7200,0
7201,3
7202,0
7203,0
7204,3
7205,3
7206,3
7207,1
7208,1
7209,4
7210,1
7211,1
7212,3
7213,0
7214,0
7215,0
7216,3
7217,0
7218,3
7219,3
7220,0
7221,0
7222,1
7223,0
7224,0
7225,0
7226,1
7227,1
7228,1
7229,3
7230,0
7231,3
7232,3
7233,3
7234,5
7235,1
7236,4
7237,1
7238,3
7239,4
7240,1
7241,4
7242,1
7243,1
7244,3
7245,3
7246,1
7247,1
7248,4
7249,1
7250,3
7251,3
7252,4
7253,5
7254,1
7255,1
7256,3
7257,1
7258,1
7259,3
7260,3
7261,1
7262,1
7263,3
7264,3
7265,4
7266,3
7267,3
7268,3
7269,3
7270,3
7271,4
7272,3
7273,4
7274,3
7275,3
7276,1
7277,1
7278,0
7279,4
7280,4
7281,1
7282,1
7283,1
7284,1
7285,4
7286,4
7287,4
7288,3
7289,1
7290,0
7291,4
7292,4
7293,3
7294,1
7295,3
7296,0
7297,3
7298,1
7299,1
7300,3
7301,5
7302,5
7303,3
7304,0
7305,3
7306,0
7307,3
7308,4
7309,1
7310,1
7311,1
7312,4
7313,3
7314,1
7315,4
7316,3
7317,3
7318,4
7319,0
7320,0
7321,0
7322,0
7323,1
7324,3
7325,4
7326,3
7327,4
7328,3
7329,3
7330,3
7331,3
7332,0
7333,3
7334,3
7335,3
7336,3
7337,1
7338,1
7339,4
7340,1
7341,0
7342,0
7343,0
7344,0
7345,1
7346,0
7347,0
7348,0
7349,3
7350,3
7351,1
7352,0
7353,1
7354,4
7355,4
7356,3
7357,3
7358,3
7359,3
7360,5
7361,4
7362,4
7363,3
7364,1
7365,1
7366,1
7367,1
7368,1
7369,3
7370,3
7371,1
7372,0
7373,1
7374,1
7375,3
7376,1
7377,1
7378,0
7379,1
7380,5
7381,0
7382,4
7383,1
7384,3
7385,3
7386,0
7387,1
7388,3
7389,3
7390,1
7391,1
7392,3
7393,4
7394,3
7395,0
7396,3
7397,1
7398,5
7399,0
7400,0
7401,0
7402,1
7403,1
7404,3
7405,4
7406,4
7407,0
7408,3
7409,3
7410,0
7411,1
7412,0
7413,1
7414,1
7415,1
7416,3
7417,1
7418,1
7419,1
7420,1
7421,3
7422,3
7423,3
7424,3
7425,3
7426,1
7427,0
7428,5
7429,3
7430,1
7431,1
7432,1
7433,1
7434,4
7435,3
7436,0
7437,3
7438,4
7439,4
7440,4
7441,0
7442,4
7443,4
7444,0
7445,0
7446,0
7447,4
7448,1
7449,1
7450,1
7451,1
7452,5
7453,0
7454,5
7455,3
7456,0
7457,1
7458,4
7459,4
7460,4
7461,1
7462,1
7463,4
7464,4
7465,4
7466,4
7467,1
7468,4
7469,3
7470,0
7471,0
7472,0
7473,1
7474,1
7475,3
7476,4
7477,3
7478,3
7479,4
7480,4
7481,3
7482,4
7483,0
7484,1
7485,1
7486,1
7487,1
7488,4
7489,4
7490,4
7491,4
7492,1
7493,1
7494,3
7495,0
7496,4
7497,3
7498,4
7499,3
7500,3
7501,3
7502,3
7503,3
7504,0
7505,0
7506,4
7507,4
7508,0
7509,3
7510,3
7511,0
7512,1
7513,1
7514,3
7515,4
7516,5
7517,1
7518,0
7519,4
7520,3
7521,4
7522,4
7523,0
7524,0
7525,4
7526,0
7527,1
7528,1
7529,1
7530,1
7531,4
7532,4
7533,4
7534,0
7535,0
7536,4
7537,4
7538,4
7539,4
7540,0
7541,3
7542,4
7543,1
7544,3
7545,1
7546,0
7547,1
7548,0
7549,1
7550,3
7551,3
7552,3
7553,3
7554,3
7555,4
7556,4
7557,4
7558,4
7559,4
7560,1
7561,4
7562,1
7563,1
7564,3
7565,3
7566,3
7567,3
7568,3
7569,4
7570,4
7571,4
7572,4
7573,0
7574,4
7575,4
7576,4
7577,4
7578,3
7579,3
7580,4
7581,3
7582,3
7583,0
7584,4
7585,3
7586,4
7587,1
7588,4
7589,4
7590,4
7591,4
7592,5
7593,4
7594,4
7595,3
7596,1
7597,4
7598,4
7599,3
7600,3
7601,3
7602,0
7603,4
7604,4
7605,4
7606,4
7607,4
7608,3
7609,4
7610,5
7611,1
7612,0
7613,4
7614,3
7615,0
7616,1
7617,0
7618,4
7619,1
7620,4
7621,5
7622,4
7623,4
7624,4
7625,3
7626,0
7627,1
7628,1
7629,4
7630,5
7631,5
7632,1
7633,4
7634,1
7635,1
7636,4
7637,3
7638,4
7639,4
7640,0
7641,0
7642,0
7643,3
7644,4
7645,5
7646,4
7647,4
7648,4
7649,0
7650,3
7651,4
7652,4
7653,4
7654,1
7655,1
7656,4
7657,1
7658,0
7659,4
7660,4
7661,1
7662,4
7663,4
7664,4
7665,0
7666,5
7667,4
7668,3
7669,0
7670,0
7671,4
7672,0
7673,1
7674,0
7675,5
7676,0
7677,4
7678,4
7679,3
7680,4
7681,1
7682,1
7683,3
7684,3
7685,4
7686,4
7687,3
7688,4
7689,3
7690,1
7691,1
7692,4
7693,3
7694,1
7695,5
7696,0
7697,1
7698,1
7699,1
7700,1
7701,1
7702,1
7703,3
7704,1
7705,3
7706,3
7707,5
7708,0
7709,1
7710,5
7711,1
7712,1
7713,3
7714,1
7715,4
7716,4
7717,3
7718,1
7719,1
7720,0
7721,3
7722,0
7723,1
7724,4
7725,3
7726,0
7727,4
7728,3
7729,4
7730,3
7731,0
7732,0
7733,1
7734,0
7735,3
7736,3
7737,3
7738,4
7739,3
7740,3
7741,3
7742,3
7743,0
7744,0
7745,3
7746,3
7747,1
7748,3
7749,0
7750,0
7751,3
7752,0
7753,3
7754,3
7755,3
7756,3
7757,3
7758,0
7759,5
7760,0
7761,1
7762,4
7763,4
7764,3
7765,0
7766,4
7767,4
7768,3
7769,1
7770,1
7771,1
7772,3
7773,3
7774,1
7775,1
7776,1
7777,1
7778,3
7779,1
7780,1
7781,4
7782,0
7783,3
7784,4
7785,3
7786,1
7787,4
7788,4
7789,3
7790,5
7791,5
7792,0
7793,3
7794,3
7795,1
7796,1
7797,0
7798,0
7799,4
7800,0
7801,3
7802,3
7803,0
7804,5
7805,3
7806,1
7807,4
7808,3
7809,3
7810,3
7811,3
7812,3
7813,3
7814,4
7815,4
7816,1
7817,1
7818,1
7819,3
7820,3
7821,0
7822,1
7823,3
7824,3
7825,4
7826,3
7827,3
7828,4
7829,1
7830,0
7831,1
7832,4
7833,1
7834,3
7835,4
7836,3
7837,1
7838,4
7839,3
7840,3
7841,3
7842,5
7843,0
7844,3
7845,3
7846,3
7847,5
7848,0
7849,0
7850,0
7851,0
7852,1
7853,5
7854,3
7855,3
7856,3
7857,1
7858,1
7859,1
7860,3
7861,3
7862,3
7863,3
7864,3
7865,3
7866,3
7867,0
7868,3
7869,1
7870,1
7871,1
7872,1
7873,1
7874,1
7875,3
7876,3
7877,1
7878,1
7879,3
7880,4
7881,4
7882,1
7883,3
7884,3
7885,3
7886,3
7887,3
7888,3
7889,1
7890,4
7891,4
7892,4
7893,3
7894,3
7895,1
7896,0
7897,3
7898,4
7899,4
7900,0
7901,1
7902,3
7903,0
7904,0
7905,1
7906,0
7907,3
7908,0
7909,0
7910,5
7911,3
7912,3
7913,4
7914,4
7915,1
7916,5
7917,5
7918,4
7919,4
7920,0
7921,1
7922,3
7923,4
7924,5
7925,3
7926,3
7927,1
7928,1
7929,3
7930,0
7931,4
7932,4
7933,4
7934,4
7935,5
7936,5
7937,5
7938,4
7939,0
7940,3
7941,0
7942,0
7943,1
7944,4
7945,4
7946,5
7947,0
7948,4
7949,4
7950,4
7951,0
7952,1
7953,3
7954,3
7955,5
7956,0
7957,0
7958,5
7959,3
7960,1
7961,3
7962,3
7963,3
7964,3
7965,5
7966,4
7967,3
7968,0
7969,3
7970,3
7971,4
7972,1
7973,1
7974,3
7975,1
7976,3
7977,5
7978,3
7979,5
7980,0
7981,3
7982,0
7983,0
7984,3
7985,1
7986,3
7987,1
7988,4
7989,1
7990,1
7991,1
7992,3
7993,3
7994,3
7995,3
7996,0
7997,0
7998,1
7999,3
8000,1
8001,3
8002,4
8003,3
8004,4
8005,3
8006,3
8007,4
8008,3
8009,3
8010,3
8011,3
8012,4
8013,3
8014,3
8015,3
8016,3
8017,3
8018,3
8019,3
8020,3
8021,3
8022,0
8023,4
8024,5
8025,5
8026,3
8027,3
8028,3
8029,3
8030,3
8031,3
8032,3
8033,1
8034,3
8035,1
8036,4
8037,3
8038,3
8039,1
8040,4
8041,1
8042,3
8043,1
8044,1
8045,0
8046,4
8047,1
8048,3
8049,3
8050,3
8051,3
8052,3
8053,3
8054,0
8055,1
8056,1
8057,1
8058,3
8059,3
8060,1
8061,3
8062,1
8063,3
8064,3
8065,3
8066,3
8067,3
8068,1
8069,3
8070,3
8071,3
8072,3
8073,1
8074,1
8075,4
8076,4
8077,3
8078,3
8079,3
8080,3
8081,1
8082,3
8083,5
8084,3
8085,1
8086,1
8087,4
8088,3
8089,3
8090,3
8091,3
8092,5
8093,5
8094,5
8095,4
8096,5
8097,1
8098,1
8099,1
8100,1
8101,1
8102,5
8103,0
8104,5
8105,1
8106,1
8107,3
8108,1
8109,0
8110,1
8111,0
8112,1
8113,5
8114,3
8115,5
8116,1
8117,1
8118,1
8119,1
8120,5
8121,5
8122,5
8123,4
8124,3
8125,3
8126,1
8127,1
8128,1
8129,5
8130,0
8131,4
8132,0
8133,4
8134,3
8135,4
8136,4
8137,3
8138,3
8139,0
8140,4
8141,0
8142,1
8143,4
8144,4
8145,4
8146,1
8147,4
8148,4
8149,0
8150,0
8151,4
8152,4
8153,0
8154,0
8155,3
8156,3
8157,0
8158,4
8159,4
8160,0
8161,1
8162,5
8163,5
8164,4
8165,3
8166,3
8167,0
8168,3
8169,0
8170,4
8171,1
8172,1
8173,1
8174,1
8175,1
8176,3
8177,1
8178,1
8179,4
8180,4
8181,3
8182,0
8183,5
8184,4
8185,4
8186,4
8187,3
8188,4
8189,4
8190,3
8191,4
8192,0
8193,0
8194,4
8195,4
8196,0
8197,5
8198,5
8199,0
8200,1
8201,0
8202,1
8203,4
8204,4
8205,5
8206,5
8207,4
8208,0
8209,0
8210,4
8211,5
8212,3
8213,4
8214,4
8215,5
8216,4
8217,4
8218,3
8219,0
8220,4
8221,0
8222,4
8223,3
8224,3
8225,5
8226,0
8227,0
8228,0
8229,3
8230,3
8231,0
8232,5
8233,5
8234,4
8235,5
8236,1
8237,0
8238,3
8239,0
8240,4
8241,0
8242,1
8243,1
8244,0
8245,4
8246,1
8247,4
8248,4
8249,5
8250,1
8251,0
8252,0
8253,4
8254,4
8255,4
8256,0
8257,0
8258,0
8259,4
8260,4
8261,3
8262,4
8263,1
8264,4
8265,4
8266,4
8267,1
8268,1
8269,1
8270,1
8271,1
8272,1
8273,1
8274,1
8275,1
8276,3
8277,4
8278,4
8279,4
8280,4
8281,1
8282,1
8283,1
8284,1
8285,1
8286,0
8287,4
8288,3
8289,3
8290,3
8291,3
8292,1
8293,3
8294,4
8295,0
8296,4
8297,3
8298,3
8299,4
8300,4
8301,4
8302,3
8303,3
8304,4
8305,0
8306,0
8307,3
8308,3
8309,4
8310,0
8311,4
8312,4
8313,0
8314,0
8315,4
8316,1
8317,4
8318,4
8319,1
8320,1
8321,4
8322,0
8323,4
8324,1
8325,4
8326,0
8327,1
8328,3
8329,3
8330,3
8331,0
8332,3
8333,3
8334,4
8335,4
8336,0
8337,3
8338,3
8339,4
8340,5
8341,4
8342,3
8343,3
8344,1
8345,1
8346,4
8347,5
8348,4
8349,1
8350,3
8351,4
8352,1
8353,4
8354,3
8355,3
8356,3
8357,3
8358,3
8359,3
8360,3
8361,4
8362,1
8363,1
8364,1
8365,0
8366,5
8367,0
8368,1
8369,1
8370,1
8371,4
8372,3
8373,4
8374,1
8375,4
8376,3
8377,4
8378,1
8379,3
8380,1
8381,4
8382,1
8383,1
8384,0
8385,4
8386,1
8387,1
8388,0
8389,4
8390,3
8391,1
8392,4
8393,3
8394,3
8395,3
8396,3
8397,4
8398,3
8399,4
8400,1
8401,1
8402,5
8403,3
8404,5
8405,1
8406,3
8407,3
8408,1
8409,1
8410,1
8411,1
8412,4
8413,0
8414,4
8415,0
8416,1
8417,1
8418,4
8419,3
8420,3
8421,0
8422,5
8423,0
8424,0
8425,0
8426,3
8427,1
8428,5
8429,5
8430,3
8431,4
8432,3
8433,0
8434,3
8435,1
8436,1
8437,3
8438,4
8439,4
8440,4
8441,3
8442,3
8443,0
8444,3
8445,0
8446,1
8447,1
8448,1
8449,5
8450,0
8451,0
8452,0
8453,0
8454,5
8455,1
8456,3
8457,3
8458,3
8459,3
8460,0
8461,1
8462,3
8463,4
8464,3
8465,4
8466,4
8467,3
8468,3
8469,1
8470,0
8471,4
8472,3
8473,4
8474,1
8475,1
8476,3
8477,1
8478,4
8479,3
8480,0
8481,1
8482,4
8483,4
8484,4
8485,3
8486,0
8487,4
8488,3
8489,4
8490,3
8491,3
8492,3
8493,3
8494,4
8495,3
8496,0
8497,3
8498,3
8499,4
8500,1
8501,4
8502,1
8503,0
8504,3
8505,3
8506,4
8507,3
8508,0
8509,0
8510,3
8511,0
8512,0
8513,3
8514,1
8515,3
8516,3
8517,1
8518,3
8519,3
8520,5
8521,5
8522,4
8523,5
8524,3
8525,4
8526,3
8527,3
8528,4
8529,3
8530,1
8531,1
8532,1
8533,0
8534,1
8535,1
8536,3
8537,1
8538,1
8539,4
8540,4
8541,1
8542,3
8543,4
8544,5
8545,4
8546,1
8547,3
8548,3
8549,3
8550,3
8551,4
8552,3
8553,1
8554,1
8555,4
8556,4
8557,3
8558,1
8559,1
8560,1
8561,4
8562,3
8563,0
8564,5
8565,0
8566,0
8567,4
8568,3
8569,1
8570,3
8571,4
8572,4
8573,3
8574,3
8575,4
8576,3
8577,0
8578,3
8579,1
8580,3
8581,3
8582,3
8583,1
8584,1
8585,1
8586,0
8587,3
8588,4
8589,1
8590,3
8591,1
8592,0
8593,3
8594,3
8595,3
8596,3
8597,1
8598,1
8599,3
8600,1
8601,0
8602,1
8603,1
8604,3
8605,3
8606,3
8607,0
8608,0
8609,0
8610,1
8611,4
8612,3
8613,5
8614,3
8615,3
8616,4
8617,3
8618,5
8619,1
8620,3
8621,3
8622,0
8623,5
8624,1
8625,5
8626,5
8627,5
8628,5
8629,5
8630,3
8631,1
8632,4
8633,1
8634,3
8635,0
8636,4
8637,4
8638,3
8639,4
8640,0
8641,0
8642,3
8643,5
8644,4
8645,3
8646,3
8647,4
8648,4
8649,1
8650,0
8651,1
8652,0
8653,4
8654,4
8655,0
8656,1
8657,1
8658,3
8659,3
8660,3
8661,0
8662,0
8663,3
8664,1
8665,1
8666,1
8667,5
8668,1
8669,1
8670,1
8671,3
8672,0
8673,3
8674,0
8675,1
8676,1
8677,3
8678,0
8679,0
8680,3
8681,0
8682,3
8683,5
8684,1
8685,1
8686,1
8687,1
8688,1
8689,1
8690,1
8691,1
8692,4
8693,4
8694,1
8695,4
8696,1
8697,0
8698,1
8699,0
8700,1
8701,1
8702,1
8703,0
8704,0
8705,3
8706,1
8707,1
8708,3
8709,3
8710,3
8711,0
8712,4
8713,3
8714,0
8715,1
8716,5
8717,0
8718,1
8719,1
8720,3
8721,3
8722,4
8723,3
8724,3
8725,3
8726,0
8727,1
8728,4
8729,1
8730,0
8731,3
8732,3
8733,1
8734,4
8735,4
8736,0
8737,4
8738,3
8739,3
8740,4
8741,3
8742,0
8743,4
8744,4
8745,1
8746,4
8747,1
8748,5
8749,5
8750,5
8751,4
8752,5
8753,5
8754,3
8755,1
8756,4
8757,0
8758,1
8759,3
8760,3
8761,1
8762,1
8763,4
8764,3
8765,0
8766,4
8767,3
8768,3
8769,1
8770,4
8771,4
8772,5
8773,0
8774,0
8775,0
8776,5
8777,3
8778,0
8779,3
8780,0
8781,1
8782,4
8783,3
8784,4
8785,3
8786,0
8787,5
8788,5
8789,1
8790,3
8791,4
8792,3
8793,5
8794,4
8795,3
8796,3
8797,1
8798,4
8799,4
8800,3
8801,4
8802,4
8803,3
8804,3
8805,0
8806,1
8807,5
8808,4
8809,4
8810,4
8811,1
8812,0
8813,4
8814,1
8815,4
8816,0
8817,4
8818,3
8819,4
8820,4
8821,1
8822,0
8823,0
8824,4
8825,4
8826,4
8827,0
8828,3
8829,4
8830,4
8831,4
8832,3
8833,3
8834,4
8835,0
8836,0
8837,0
8838,0
8839,4
8840,3
8841,3
8842,3
8843,1
8844,1
8845,4
8846,0
8847,4
8848,0
8849,0
8850,1
8851,4
8852,0
8853,1
8854,3
8855,0
8856,4
8857,0
8858,5
8859,3
8860,5
8861,0
8862,0
8863,4
8864,5
8865,3
8866,0
8867,4
8868,4
8869,4
8870,3
8871,4
8872,3
8873,1
8874,1
8875,1
8876,4
8877,4
8878,4
8879,4
8880,4
8881,4
8882,4
8883,4
8884,4
8885,4
8886,4
8887,4
8888,4
8889,1
8890,4
8891,0
8892,0
8893,3
8894,4
8895,4
8896,3
8897,3
8898,3
8899,3
8900,1
8901,1
8902,3
8903,3
8904,5
8905,5
8906,5
8907,5
8908,3
8909,0
8910,0
8911,0
8912,4
8913,5
8914,0
8915,3
8916,4
8917,5
8918,0
8919,4
8920,4
8921,4
8922,0
8923,0
8924,0
8925,4
8926,0
8927,1
8928,1
8929,1
8930,5
8931,5
8932,5
8933,1
8934,1
8935,3
8936,0
8937,4
8938,3
8939,0
8940,0
8941,1
8942,4
8943,5
8944,0
8945,4
8946,3
8947,1
8948,4
8949,1
8950,1
8951,4
8952,1
8953,4
8954,4
8955,0
8956,1
8957,5
8958,3
8959,1
8960,1
8961,0
8962,0
8963,0
8964,4
8965,4
8966,5
8967,3
8968,0
8969,4
8970,4
8971,4
8972,4
8973,0
8974,4
8975,3
8976,3
8977,3
8978,3
8979,4
8980,4
8981,4
8982,0
8983,3
8984,4
8985,4
8986,5
8987,5
8988,4
8989,3
8990,4
8991,1
8992,3
8993,3
8994,3
8995,3
8996,4
8997,4
8998,4
8999,4
9000,4
9001,4
9002,4
9003,4
9004,4
9005,4
9006,5
9007,5
9008,4
9009,4
9010,4
9011,3
9012,5
9013,5
9014,4
9015,0
9016,4
9017,3
9018,1
9019,1
9020,4
9021,4
9022,4
9023,4
9024,1
9025,3
9026,4
9027,3
9028,5
9029,4
9030,5
9031,5
9032,4
9033,4
9034,4
9035,1
9036,4
9037,1
9038,3
9039,4
9040,4
9041,0
9042,4
9043,4
9044,0
9045,5
9046,0
9047,0
9048,0
9049,4
9050,4
9051,4
9052,4
9053,3
9054,4
9055,5
9056,4
9057,4
9058,1
9059,4
9060,4
9061,0
9062,3
9063,1
9064,5
9065,3
9066,3
9067,4
9068,4
9069,3
9070,1
9071,1
9072,5
9073,3
9074,4
9075,4
9076,3
9077,4
9078,4
9079,1
9080,3
9081,3
9082,4
9083,0
9084,1
9085,3
9086,0
9087,3
9088,0
9089,4
9090,1
9091,1
9092,4
9093,4
9094,1
9095,3
9096,1
9097,4
9098,0
9099,1
9100,1
9101,1
9102,1
9103,1
9104,5
9105,3
9106,3
9107,3
9108,4
9109,0
9110,0
9111,4
9112,4
9113,3
9114,1
9115,0
9116,4
9117,3
9118,4
9119,1
9120,1
9121,4
9122,4
9123,4
9124,0
9125,1
9126,3
9127,4
9128,3
9129,3
9130,3
9131,4
9132,1
9133,1
9134,4
9135,4
9136,1
9137,4
9138,3
9139,4
9140,3
9141,3
9142,3
9143,0
9144,4
9145,5
9146,5
9147,0
9148,1
9149,1
9150,1
9151,5
9152,4
9153,4
9154,3
9155,4
9156,1
9157,3
9158,4
9159,4
9160,4
9161,4
9162,4
9163,1
9164,0
9165,0
9166,0
9167,3
9168,0
9169,3
9170,4
9171,4
9172,3
9173,0
9174,3
9175,4
9176,4
9177,4
9178,1
9179,3
9180,4
9181,3
9182,3
9183,4
9184,3
9185,1
9186,1
9187,4
9188,4
9189,4
9190,1
9191,1
9192,0
9193,3
9194,4
9195,0
9196,0
9197,0
9198,0
9199,3
9200,3
9201,4
9202,0
9203,1
9204,1
9205,1
9206,1
9207,3
9208,1
9209,3
9210,3
9211,1
9212,4
9213,4
9214,4
9215,4
9216,4
9217,0
9218,3
9219,0
9220,4
9221,3
9222,1
9223,1
9224,5
9225,0
9226,1
9227,1
9228,0
9229,4
9230,4
9231,4
9232,4
9233,4
9234,1
9235,0
9236,4
9237,4
9238,4
9239,4
9240,4
9241,3
9242,4
9243,4
9244,3
9245,4
9246,4
9247,0
9248,1
9249,4
9250,3
9251,1
9252,4
9253,4
9254,4
9255,4
9256,4
9257,0
9258,1
9259,3
9260,1
9261,0
9262,1
9263,3
9264,1
9265,4
9266,4
9267,4
9268,4
9269,3
9270,3
9271,5
9272,0
9273,5
9274,4
9275,0
9276,1
9277,1
9278,4
9279,4
9280,4
9281,1
9282,4
9283,4
9284,4
9285,4
9286,3
9287,1
9288,5
9289,5
9290,5
9291,5
9292,5
9293,5
9294,5
9295,5
9296,5
9297,5
9298,5
9299,5
9300,5
9301,0
9302,5
9303,3
9304,4
9305,3
9306,4
9307,0
9308,4
9309,0
9310,1
9311,4
9312,5
9313,4
9314,0
9315,5
9316,3
9317,3
9318,1
9319,3
9320,5
9321,1
9322,1
9323,5
9324,5
9325,5
9326,5
9327,0
9328,0
9329,4
9330,4
9331,0
9332,4
9333,0
9334,4
9335,4
9336,4
9337,3
9338,4
9339,4
9340,1
9341,0
9342,4
9343,0
9344,4
9345,1
9346,4
9347,4
9348,4
9349,4
9350,0
9351,4
9352,4
9353,4
9354,4
9355,5
9356,5
9357,5
9358,1
9359,5
9360,1
9361,5
9362,5
9363,5
9364,5
9365,5
9366,5
9367,5
9368,5
9369,5
9370,5
9371,5
9372,4
9373,5
9374,5
9375,4
9376,1
9377,4
9378,4
9379,0
9380,4
9381,0
9382,0
9383,3
9384,1
9385,0
9386,1
9387,1
9388,0
9389,0
9390,0
9391,1
9392,4
9393,4
9394,4
9395,4
9396,4
9397,4
9398,4
9399,1
9400,1
9401,1
9402,4
9403,0
9404,5
9405,5
9406,0
9407,1
9408,1
9409,1
9410,0
9411,0
9412,0
9413,4
9414,1
9415,4
9416,4
9417,4
9418,4
9419,3
9420,4
9421,4
9422,1
9423,5
9424,0
9425,4
9426,1
9427,1
9428,4
9429,0
9430,3
9431,0
9432,3
9433,4
9434,4
9435,4
9436,4
9437,4
9438,4
9439,4
9440,0
9441,0
9442,4
9443,0
9444,0
9445,0
9446,1
9447,4
9448,4
9449,4
9450,3
9451,4
9452,4
9453,3
9454,4
9455,4
9456,0
9457,3
9458,4
9459,3
9460,4
9461,3
9462,4
9463,4
9464,4
9465,4
9466,0
9467,4
9468,1
9469,4
9470,4
9471,3
9472,1
9473,0
9474,4
9475,4
9476,5
9477,1
9478,1
9479,4
9480,1
9481,3
9482,3
9483,3
9484,3
9485,3
9486,4
9487,4
9488,3
9489,5
9490,4
9491,0
9492,4
9493,4
9494,1
9495,0
9496,0
9497,1
9498,1
9499,0
9500,1
9501,4
9502,4
9503,3
9504,3
9505,0
9506,4
9507,4
9508,3
9509,3
9510,4
9511,4
9512,5
9513,3
9514,4
9515,5
9516,4
9517,4
9518,4
9519,0
9520,0
9521,4
9522,4
9523,3
9524,3
9525,1
9526,0
9527,4
9528,4
9529,1
9530,5
9531,4
9532,0
9533,5
9534,5
9535,0
9536,4
9537,0
9538,5
9539,5
9540,4
9541,3
9542,0
9543,0
9544,0
9545,0
9546,4
9547,3
9548,3
9549,3
9550,4
9551,0
9552,4
9553,4
9554,3
9555,1
9556,4
9557,4
9558,3
9559,3
9560,3
9561,3
9562,3
9563,3
9564,4
9565,1
9566,1
9567,3
9568,4
9569,4
9570,4
9571,3
9572,0
9573,5
9574,3
9575,0
9576,0
9577,0
9578,0
9579,5
9580,5
9581,5
9582,0
9583,3
9584,5
9585,5
9586,0
9587,5
9588,3
9589,5
9590,5
9591,5
9592,3
9593,4
9594,5
9595,5
9596,5
9597,1
9598,0
9599,5
9600,5
9601,5
9602,5
9603,5
9604,5
9605,0
9606,4
9607,3
9608,0
9609,4
9610,4
9611,4
9612,4
9613,3
9614,4
9615,5
9616,4
9617,0
9618,4
9619,0
9620,4
9621,4
9622,5
9623,4
9624,4
9625,1
9626,3
9627,4
9628,1
9629,3
9630,0
9631,4
9632,4
9633,5
9634,5
9635,0
9636,4
9637,4
9638,1
9639,0
9640,4
9641,4
9642,4
9643,0
9644,3
9645,4
9646,4
9647,3
9648,1
9649,1
9650,1
9651,1
9652,4
9653,4
9654,3
9655,3
9656,0
9657,3
9658,3
9659,4
9660,0
9661,4
9662,0
9663,0
9664,0
9665,0
9666,4
9667,4
9668,0
9669,4
9670,4
9671,4
9672,3
9673,4
9674,4
9675,0
9676,5
9677,4
9678,1
9679,1
9680,0
9681,5
9682,5
9683,5
9684,5
9685,4
9686,5
9687,5
9688,0
9689,0
9690,0
9691,1
9692,1
9693,0
9694,1
9695,4
9696,4
9697,0
9698,0
9699,4
9700,0
9701,0
9702,3
9703,1
9704,4
9705,1
9706,4
9707,3
9708,4
9709,4
9710,4
9711,0
9712,0
9713,3
9714,1
9715,3
9716,4
9717,0
9718,3
9719,5
9720,0
9721,0
9722,1
9723,4
9724,1
9725,0
9726,3
9727,3
9728,0
9729,5
9730,5
9731,4
9732,4
9733,4
9734,4
9735,0
9736,4
9737,1
9738,4
9739,0
9740,5
9741,1
9742,4
9743,5
9744,5
9745,5
9746,5
9747,5
9748,0
9749,4
9750,3
9751,4
9752,4
9753,4
9754,4
9755,3
9756,4
9757,5
9758,0
9759,3
9760,3
9761,3
9762,5
9763,0
9764,1
9765,0
9766,0
9767,4
9768,0
9769,5
9770,4
9771,5
9772,0
9773,0
9774,3
9775,0
9776,5
9777,4
9778,4
9779,3
9780,0
9781,3
9782,4
9783,4
9784,4
9785,0
9786,4
9787,3
9788,4
9789,4
9790,0
9791,0
9792,4
9793,4
9794,4
9795,1
9796,1
9797,4
9798,4
9799,0
9800,4
9801,4
9802,0
9803,0
9804,4
9805,4
9806,4
9807,3
9808,3
9809,3
9810,4
9811,3
9812,4
9813,4
9814,3
9815,3
9816,4
9817,3
9818,0
9819,0
9820,5
9821,4
9822,4
9823,4
9824,4
9825,4
9826,4
9827,4
9828,4
9829,3
9830,0
9831,4
9832,4
9833,4
9834,4
9835,1
9836,4
9837,4
9838,3
9839,4
9840,4
9841,3
9842,3
9843,3
9844,3
9845,3
9846,4
9847,4
9848,4
9849,4
9850,0
9851,4
9852,0
9853,0
9854,1
9855,5
9856,3
9857,3
9858,3
9859,0
9860,1
9861,3
9862,4
9863,3
9864,4
9865,0
9866,3
9867,3
9868,5
9869,5
9870,0
9871,0
9872,0
9873,4
9874,3
9875,4
9876,4
9877,4
9878,3
9879,3
9880,1
9881,4
9882,4
9883,3
9884,0
9885,1
9886,3
9887,4
9888,3
9889,3
9890,0
9891,0
9892,1
9893,0
9894,4
9895,1
9896,3
9897,0
9898,3
9899,3
9900,3
9901,4
9902,3
9903,1
9904,1
9905,3
9906,1
9907,3
9908,3
9909,3
9910,3
9911,3
9912,3
9913,3
9914,3
9915,3
9916,3
9917,3
9918,3
9919,3
9920,3
9921,3
9922,3
9923,3
9924,4
9925,3
9926,3
9927,3
9928,3
9929,3
9930,3
9931,3
9932,1
9933,3
9934,3
9935,3
9936,3
9937,4
9938,3
9939,1
9940,1
9941,1
9942,1
9943,1
9944,3
9945,3
9946,0
9947,1
9948,0
9949,0
9950,4
9951,3
9952,3
9953,3
9954,3
9955,3
9956,3
9957,3
9958,3
9959,4
9960,3
9961,3
9962,3
9963,3
9964,1
9965,1
9966,1
9967,1
9968,3
9969,1
9970,3
9971,3
9972,3
9973,4
9974,3
9975,3
9976,3
9977,3
9978,1
9979,3
9980,1
9981,3
9982,1
9983,3
9984,3
9985,4
9986,1
9987,1
9988,1
9989,3
9990,3
9991,3
9992,0
9993,3
9994,3
9995,3
9996,1
9997,3
9998,3
9999,3
10000,4
10001,4
10002,3
10003,0
10004,3
10005,3
10006,3
10007,3
10008,3
10009,3
10010,3
10011,3
10012,4
10013,3
10014,3
10015,0
10016,0
10017,0
10018,0
10019,1
10020,0
10021,3
10022,0
10023,3
10024,0
10025,0
10026,3
10027,3
10028,3
10029,3
10030,3
10031,3
10032,3
10033,3
10034,3
10035,3
10036,3
10037,3
10038,0
10039,3
10040,0
10041,1
10042,1
10043,1
10044,5
10045,0
10046,1
10047,1
10048,1
10049,0
10050,1
10051,3
10052,3
10053,3
10054,4
10055,3
10056,3
10057,3
10058,3
10059,3
10060,3
10061,3
10062,3
10063,3
10064,3
10065,0
10066,3
10067,3
10068,1
10069,3
10070,4
10071,3
10072,1
10073,3
10074,3
10075,3
10076,3
10077,4
10078,0
10079,1
10080,3
10081,3
10082,3
10083,4
10084,3
10085,3
10086,5
10087,1
10088,5
10089,3
10090,1
10091,1
10092,3
10093,3
10094,4
10095,3
10096,1
10097,1
10098,3
10099,3
10100,3
10101,3
10102,3
10103,3
10104,4
10105,3
10106,4
10107,4
10108,4
10109,4
10110,3
10111,3
10112,4
10113,3
10114,4
10115,0
10116,5
10117,3
10118,4
10119,3
10120,4
10121,4
10122,3
10123,3
10124,1
10125,3
10126,1
10127,1
10128,1
10129,1
10130,3
10131,3
10132,3
10133,3
10134,1
10135,3
10136,4
10137,1
10138,3
10139,4
10140,4
10141,4
10142,3
10143,1
10144,3
10145,3
10146,3
10147,4
10148,3
10149,3
10150,0
10151,0
10152,1
10153,3
10154,0
10155,4
10156,3
10157,3
10158,4
10159,4
10160,4
10161,3
10162,4
10163,3
10164,3
10165,1
10166,1
10167,3
10168,1
10169,1
10170,0
10171,0
10172,3
10173,3
10174,3
10175,3
10176,4
10177,3
10178,3
10179,4
10180,3
10181,1
10182,1
10183,4
10184,3
10185,4
10186,3
10187,3
10188,3
10189,3
10190,5
10191,1
10192,3
10193,3
10194,1
10195,0
10196,0
10197,0
10198,4
10199,0
10200,1
10201,3
10202,3
10203,5
10204,1
10205,0
10206,1
10207,1
10208,1
10209,4
10210,4
10211,4
10212,4
10213,4
10214,3
10215,3
10216,3
10217,3
10218,3
10219,1
10220,3
10221,1
10222,1
10223,3
10224,3
10225,1
10226,0
10227,3
10228,3
10229,3
10230,0
10231,1
10232,1
10233,1
10234,3
10235,3
10236,1
10237,1
10238,0
10239,1
10240,1
10241,1
10242,0
10243,0
10244,1
10245,3
10246,1
10247,0
10248,4
10249,3
10250,4
10251,3
10252,3
10253,0
10254,1
10255,1
10256,4
10257,1
10258,1
10259,1
10260,1
10261,3
10262,1
10263,1
10264,3
10265,3
10266,1
10267,5
10268,0
10269,5
10270,1
10271,0
10272,1
10273,0
10274,0
10275,3
10276,3
10277,3
10278,1
10279,4
10280,3
10281,3
10282,1
10283,1
10284,1
10285,1
10286,1
10287,1
10288,0
10289,1
10290,1
10291,3
10292,4
10293,4
10294,1
10295,4
10296,4
10297,3
10298,3
10299,3
10300,3
10301,1
10302,1
10303,1
10304,1
10305,1
10306,4
10307,1
10308,1
10309,1
10310,1
10311,1
10312,1
10313,1
10314,1
10315,1
10316,3
10317,3
10318,3
10319,3
10320,3
10321,4
10322,0
10323,0
10324,0
10325,3
10326,0
10327,1
10328,1
10329,3
10330,4
10331,3
10332,3
10333,0
10334,4
10335,4
10336,3
10337,3
10338,3
10339,3
10340,3
10341,3
10342,3
10343,3
10344,3
10345,3
10346,3
10347,3
10348,3
10349,3
10350,1
10351,3
10352,3
10353,3
10354,1
10355,4
10356,3
10357,0
10358,0
10359,5
10360,3
10361,4
10362,1
10363,1
10364,4
10365,3
10366,3
10367,4
10368,4
10369,4
10370,0
10371,0
10372,4
10373,3
10374,4
10375,5
10376,4
10377,4
10378,4
10379,3
10380,0
10381,4
10382,4
10383,0
10384,5
10385,5
10386,5
10387,0
10388,0
10389,1
10390,0
10391,0
10392,0
10393,4
10394,4
10395,5
10396,5
10397,5
10398,5
10399,4
10400,4
10401,0
10402,4
10403,3
10404,3
10405,3
10406,3
10407,4
10408,4
10409,5
10410,5
10411,5
10412,1
10413,5
10414,0
10415,5
10416,4
10417,4
10418,4
10419,0
10420,4
10421,3
10422,4
10423,0
10424,3
10425,3
10426,3
10427,3
10428,0
10429,4
10430,3
10431,4
10432,0
10433,0
10434,0
10435,5
10436,5
10437,5
10438,5
10439,5
10440,5
10441,5
10442,5
10443,5
10444,0
10445,5
10446,0
10447,1
10448,4
10449,0
10450,4
10451,1
10452,5
10453,5
10454,0
10455,5
10456,4
10457,4
10458,4
10459,1
10460,0
10461,0
10462,4
10463,1
10464,4
10465,4
10466,3
10467,4
10468,4
10469,4
10470,4
10471,4
10472,5
10473,4
10474,4
10475,4
10476,0
10477,5
10478,0
10479,4
10480,4
10481,4
10482,1
10483,1
10484,4
10485,4
10486,4
10487,3
10488,3
10489,3
10490,0
10491,4
10492,4
10493,4
10494,0
10495,3
10496,4
10497,4
10498,1
10499,1
10500,0
10501,4
10502,4
10503,4
10504,4
10505,4
10506,3
10507,4
10508,4
10509,3
10510,3
10511,0
10512,0
10513,3
10514,0
10515,4
10516,0
10517,3
10518,3
10519,0
10520,0
10521,1
10522,3
10523,3
10524,0
10525,4
10526,0
10527,4
10528,0
10529,3
10530,0
10531,5
10532,5
10533,5
10534,1
10535,0
10536,4
10537,0
10538,1
10539,5
10540,5
10541,4
10542,5
10543,5
10544,1
10545,4
10546,4
10547,1
10548,4
10549,1
10550,0
10551,1
10552,1
10553,1
10554,0
10555,4
10556,4
10557,5
10558,5
10559,1
10560,1
10561,1
10562,0
10563,1
10564,0
10565,5
10566,5
10567,5
10568,5
10569,5
10570,3
10571,4
10572,4
10573,0
10574,4
10575,5
10576,4
10577,4
10578,0
10579,0
10580,0
10581,4
10582,1
10583,3
10584,3
10585,1
10586,4
10587,0
10588,1
10589,5
10590,3
10591,4
10592,4
10593,4
10594,1
10595,0
10596,5
10597,5
10598,5
10599,3
10600,0
10601,4
10602,0
10603,4
10604,0
10605,4
10606,4
10607,1
10608,1
10609,0
10610,3
10611,4
10612,3
10613,4
10614,3
10615,4
10616,4
10617,0
10618,4
10619,4
10620,5
10621,1
10622,4
10623,1
10624,1
10625,1
10626,4
10627,5
10628,0
10629,4
10630,1
10631,4
10632,4
10633,4
10634,4
10635,3
10636,0
10637,1
10638,0
10639,0
10640,4
10641,4
10642,0
10643,1
10644,0
10645,1
10646,4
10647,4
10648,4
10649,4
10650,3
10651,3
10652,4
10653,0
10654,0
10655,4
10656,4
10657,4
10658,4
10659,0
10660,0
10661,0
10662,4
10663,0
10664,0
10665,3
10666,4
10667,4
10668,3
10669,4
10670,1
10671,4
10672,3
10673,3
10674,3
10675,3
10676,4
10677,4
10678,0
10679,3
10680,5
10681,5
10682,5
10683,0
10684,1
10685,0
10686,4
10687,1
10688,0
10689,0
10690,3
10691,3
10692,4
10693,4
10694,1
10695,4
10696,4
10697,4
10698,4
10699,0
10700,4
10701,4
10702,4
10703,0
10704,4
10705,4
10706,3
10707,5
10708,4
10709,0
10710,1
10711,4
10712,4
10713,0
10714,0
10715,0
10716,5
10717,4
10718,4
10719,5
10720,1
10721,1
10722,1
10723,0
10724,0
10725,4
10726,1
10727,3
10728,5
10729,5
10730,5
10731,0
10732,0
10733,5
10734,5
10735,3
10736,0
10737,3
10738,5
10739,5
10740,5
10741,5
10742,5
10743,0
10744,4
10745,4
10746,3
10747,0
10748,0
10749,1
10750,1
10751,1
10752,0
10753,0
10754,1
10755,0
10756,3
10757,3
10758,0
10759,0
10760,1
10761,3
10762,0
10763,3
10764,0
10765,5
10766,5
10767,4
10768,4
10769,4
10770,3
10771,4
10772,4
10773,3
10774,3
10775,4
10776,4
10777,0
10778,4
10779,1
10780,0
10781,4
10782,3
10783,4
10784,4
10785,4
10786,0
10787,4
10788,0
10789,1
10790,1
10791,4
10792,4
10793,0
10794,0
10795,5
10796,5
10797,1
10798,5
10799,5
10800,1
10801,1
10802,5
10803,1
10804,1
10805,5
10806,1
10807,5
10808,5
10809,5
10810,0
10811,1
10812,1
10813,3
10814,0
10815,1
10816,5
10817,5
10818,5
10819,5
10820,5
10821,5
10822,1
10823,5
10824,5
10825,4
10826,4
10827,1
10828,3
10829,4
10830,3
10831,3
10832,3
10833,1
10834,1
10835,0
10836,4
10837,1
10838,1
10839,1
10840,5
10841,1
10842,3
10843,3
10844,4
10845,1
10846,1
10847,4
10848,4
10849,4
10850,4
10851,4
10852,4
10853,3
10854,4
10855,0
10856,0
10857,1
10858,3
10859,1
10860,1
10861,1
10862,1
10863,1
10864,1
10865,4
10866,4
10867,0
10868,4
10869,0
10870,4
10871,0
10872,3
10873,3
10874,1
10875,0
10876,0
10877,0
10878,0
10879,1
10880,0
10881,4
10882,1
10883,5
10884,4
10885,4
10886,1
10887,4
10888,1
10889,1
10890,0
10891,4
10892,3
10893,4
10894,3
10895,0
10896,0
10897,1
10898,1
10899,1
10900,1
10901,4
10902,1
10903,1
10904,0
10905,4
10906,3
10907,4
10908,5
10909,5
10910,1
10911,1
10912,5
10913,5
10914,5
10915,3
10916,4
10917,0
10918,4
10919,0
10920,4
10921,0
10922,1
10923,4
10924,0
10925,3
10926,1
10927,1
10928,0
10929,4
10930,4
10931,1
10932,3
10933,0
10934,4
10935,0
10936,0
10937,1
10938,4
10939,4
10940,4
10941,1
10942,1
10943,1
10944,3
10945,3
10946,4
10947,1
10948,4
10949,4
10950,4
10951,4
10952,4
10953,4
10954,4
10955,1
10956,4
10957,0
10958,3
10959,3
10960,3
10961,1
10962,1
10963,3
10964,4
10965,4
10966,0
10967,0
10968,3
10969,3
10970,3
10971,0
10972,4
10973,4
10974,3
10975,1
10976,5
10977,3
10978,0
10979,0
10980,0
10981,4
10982,3
10983,3
10984,3
10985,3
10986,3
10987,3
10988,3
10989,5
10990,0
10991,0
10992,1
10993,4
10994,3
10995,3
10996,1
10997,1
10998,1
10999,4
11000,0
11001,4
11002,4
11003,4
11004,0
11005,1
11006,1
11007,0
11008,4
11009,3
11010,1
11011,3
11012,1
11013,3
11014,3
11015,3
11016,0
11017,0
11018,3
11019,1
11020,4
11021,4
11022,4
11023,4
11024,0
11025,0
11026,3
11027,1
11028,1
11029,4
11030,1
11031,1
11032,1
11033,1
11034,3
11035,0
11036,0
11037,0
11038,4
11039,3
11040,4
11041,4
11042,4
11043,4
11044,3
11045,3
11046,0
11047,3
11048,3
11049,0
11050,4
11051,4
11052,1
11053,4
11054,4
11055,1
11056,1
11057,4
11058,1
11059,4
11060,0
11061,0
11062,1
11063,3
11064,4
11065,4
11066,4
11067,5
11068,5
11069,0
11070,1
11071,1
11072,5
11073,0
11074,4
11075,4
11076,4
11077,1
11078,0
11079,3
11080,4
11081,4
11082,4
11083,4
11084,4
11085,5
11086,3
11087,3
11088,4
11089,4
11090,4
11091,4
11092,4
11093,3
11094,3
11095,0
11096,4
11097,1
11098,1
11099,1
11100,4
11101,4
11102,3
11103,3
11104,4
11105,1
11106,4
11107,4
11108,1
11109,5
11110,1
11111,4
11112,0
11113,4
11114,4
11115,4
11116,0
11117,0
11118,3
11119,3
11120,1
11121,3
11122,3
11123,4
11124,0
11125,0
11126,0
11127,3
11128,0
11129,0
11130,3
11131,1
11132,4
11133,4
11134,4
11135,4
11136,3
11137,4
11138,3
11139,4
11140,3
11141,4
11142,1
11143,4
11144,1
11145,0
11146,4
11147,4
11148,4
11149,0
11150,0
11151,0
11152,1
11153,5
11154,4
11155,1
11156,4
11157,4
11158,4
11159,3
11160,4
11161,4
11162,4
11163,4
11164,3
11165,3
11166,3
11167,5
11168,3
11169,4
11170,4
11171,1
11172,4
11173,4
11174,4
11175,3
11176,3
11177,5
11178,5
11179,0
11180,5
11181,3
11182,3
11183,0
11184,3
11185,1
11186,3
11187,3
11188,0
11189,4
11190,0
11191,3
11192,0
11193,0
11194,0
11195,5
11196,0
11197,3
11198,4
11199,3
11200,1
11201,4
11202,1
11203,0
11204,3
11205,3
11206,3
11207,4
11208,0
11209,0
11210,0
11211,4
11212,0
11213,4
11214,4
11215,1
11216,4
11217,3
11218,3
11219,5
11220,3
11221,4
11222,3
11223,3
11224,3
11225,4
11226,3
11227,1
11228,1
11229,1
11230,4
11231,1
11232,4
11233,0
11234,3
11235,3
11236,3
11237,1
11238,3
11239,3
11240,1
11241,3
11242,3
11243,3
11244,3
11245,3
11246,4
11247,1
11248,0
11249,1
11250,3
11251,3
11252,4
11253,1
11254,4
11255,3
11256,3
11257,1
11258,1
11259,1
11260,5
11261,4
11262,0
11263,5
11264,1
11265,0
11266,0
11267,0
11268,4
11269,4
11270,3
11271,0
11272,1
11273,4
11274,4
11275,0
11276,4
11277,0
11278,4
11279,0
11280,3
11281,3
11282,4
11283,3
11284,3
11285,0
11286,0
11287,0
11288,5
11289,0
11290,0
11291,1
11292,1
11293,3
11294,0
11295,4
11296,0
11297,5
11298,5
11299,3
11300,5
11301,0
11302,0
11303,5
11304,1
11305,4
11306,1
11307,0
11308,1
11309,3
11310,3
11311,4
11312,4
11313,3
11314,1
11315,1
11316,3
11317,1
11318,3
11319,0
11320,4
11321,1
11322,1
11323,3
11324,4
11325,4
11326,4
11327,4
11328,4
11329,4
11330,3
11331,4
11332,3
11333,5
11334,0
11335,3
11336,4
11337,4
11338,4
11339,1
11340,1
11341,1
11342,4
11343,1
11344,1
11345,1
11346,1
11347,1
11348,1
11349,0
11350,0
11351,4
11352,4
11353,4
11354,4
11355,4
11356,4
11357,4
11358,4
11359,4
11360,4
11361,3
11362,3
11363,3
11364,3
11365,0
11366,5
11367,5
11368,4
11369,0
11370,4
11371,4
11372,4
11373,0
11374,1
11375,1
11376,0
11377,3
11378,0
11379,4
11380,4
11381,1
11382,4
11383,5
11384,5
11385,1
11386,3
11387,4
11388,5
11389,3
11390,0
11391,5
11392,3
11393,1
11394,3
11395,3
11396,3
11397,4
11398,5
11399,1
11400,3
11401,5
11402,3
11403,3
11404,3
11405,4
11406,0
11407,0
11408,1
11409,1
11410,4
11411,4
11412,4
11413,4
11414,0
11415,4
11416,4
11417,4
11418,0
11419,0
11420,0
11421,1
11422,4
11423,4
11424,0
11425,0
11426,0
11427,0
11428,4
11429,4
11430,4
11431,0
11432,4
11433,4
11434,4
11435,3
11436,4
11437,4
11438,4
11439,4
11440,4
11441,4
11442,3
11443,4
11444,5
11445,4
11446,5
11447,4
11448,3
11449,3
11450,4
11451,1
11452,5
11453,5
11454,3
11455,4
11456,1
11457,4
11458,4
11459,1
11460,3
11461,4
11462,3
11463,0
11464,0
11465,1
11466,1
11467,1
11468,1
11469,4
11470,0
11471,0
11472,1
11473,4
11474,4
11475,1
11476,5
11477,5
11478,5
11479,5
11480,5
11481,1
11482,0
11483,4
11484,4
11485,5
11486,3
11487,3
11488,0
11489,0
11490,1
11491,4
11492,0
11493,4
11494,4
11495,1
11496,5
11497,0
11498,4
11499,4
11500,4
11501,1
11502,1
11503,4
11504,1
11505,5
11506,4
11507,4
11508,0
11509,5
11510,1
11511,5
11512,0
11513,0
11514,0
11515,0
11516,4
11517,4
11518,4
11519,4
11520,4
11521,3
11522,4
11523,1
11524,5
11525,1
11526,4
11527,3
11528,3
11529,1
11530,0
11531,0
11532,0
11533,0
11534,4
11535,3
11536,3
11537,4
11538,4
11539,4
11540,0
11541,3
11542,3
11543,3
11544,4
11545,0
11546,3
11547,4
11548,3
11549,1
11550,5
11551,1
11552,1
11553,0
11554,0
11555,4
11556,3
11557,3
11558,1
11559,4
11560,1
11561,0
11562,0
11563,0
11564,1
11565,0
11566,3
11567,4
11568,3
11569,3
11570,3
11571,5
11572,1
11573,4
11574,0
11575,3
11576,3
11577,0
11578,1
11579,1
11580,3
11581,1
11582,3
11583,3
11584,3
11585,3
11586,4
11587,3
11588,4
11589,4
11590,4
11591,3
11592,4
11593,3
11594,3
11595,4
11596,4
11597,4
11598,4
11599,1
11600,3
11601,1
11602,3
11603,1
11604,1
11605,4
11606,5
11607,0
11608,0
11609,4
11610,4
11611,4
11612,3
11613,0
11614,0
11615,3
11616,4
11617,4
11618,4
11619,4
11620,4
11621,0
11622,4
11623,4
11624,4
11625,1
11626,4
11627,3
11628,0
11629,5
11630,4
11631,1
11632,1
11633,0
11634,1
11635,1
11636,4
11637,4
11638,3
11639,4
11640,3
11641,0
11642,4
11643,4
11644,4
11645,4
11646,0
11647,1
11648,1
11649,1
11650,1
11651,4
11652,3
11653,1
11654,4
11655,4
11656,4
11657,4
11658,4
11659,1
11660,1
11661,3
11662,5
11663,5
11664,5
11665,5
11666,1
11667,5
11668,0
11669,0
11670,0
11671,0
11672,5
11673,3
11674,0
11675,0
11676,0
11677,4
11678,3
11679,4
11680,0
11681,0
11682,4
11683,4
11684,1
11685,1
11686,4
11687,4
11688,4
11689,4
11690,4
11691,4
11692,4
11693,0
11694,0
11695,1
11696,4
11697,4
11698,3
11699,3
11700,3
11701,4
11702,1
11703,1
11704,0
11705,1
11706,4
11707,4
11708,4
11709,4
11710,1
11711,4
11712,3
11713,4
11714,3
11715,4
11716,0
11717,3
11718,4
11719,0
11720,1
11721,1
11722,4
11723,4
11724,0
11725,4
11726,1
11727,4
11728,5
11729,4
11730,0
11731,4
11732,4
11733,0
11734,3
11735,0
11736,0
11737,0
11738,0
11739,0
11740,0
11741,0
11742,1
11743,3
11744,4
11745,0
11746,4
11747,4
11748,4
11749,4
11750,4
11751,0
11752,5
11753,0
11754,1
11755,0
11756,1
11757,1
11758,1
11759,1
11760,1
11761,1
11762,1
11763,3
11764,3
11765,5
11766,3
11767,3
11768,3
11769,1
11770,5
11771,3
11772,3
11773,1
11774,3
11775,3
11776,3
11777,3
11778,1
11779,1
11780,0
11781,1
11782,1
11783,0
11784,3
11785,3
11786,3
11787,0
11788,3
11789,0
11790,0
11791,4
11792,4
11793,4
11794,3
11795,3
11796,3
11797,0
11798,1
11799,3
11800,0
11801,1
11802,5
11803,1
11804,1
11805,1
11806,3
11807,3
11808,1
11809,1
11810,3
11811,3
11812,0
11813,1
11814,1
11815,1
11816,0
11817,1
11818,1
11819,1
11820,4
11821,5
11822,1
11823,0
11824,1
11825,4
11826,5
11827,0
11828,0
11829,4
11830,4
11831,3
11832,3
11833,3
11834,0
11835,0
11836,3
11837,3
11838,3
11839,5
11840,3
11841,1
11842,0
11843,4
11844,0
11845,0
11846,3
11847,4
11848,0
11849,3
11850,4
11851,1
11852,4
11853,1
11854,1
11855,0
11856,1
11857,0
11858,1
11859,4
11860,0
11861,1
11862,0
11863,1
11864,1
11865,4
11866,1
11867,0
11868,4
11869,1
11870,1
11871,3
11872,0
11873,0
11874,1
11875,1
11876,1
11877,1
11878,5
11879,1
11880,5
11881,0
11882,3
11883,3
11884,3
11885,1
11886,1
11887,0
11888,4
11889,1
11890,0
11891,1
11892,1
11893,1
11894,1
11895,1
11896,3
11897,3
11898,1
11899,1
11900,0
11901,1
11902,3
11903,3
11904,3
11905,1
11906,1
11907,1
11908,1
11909,1
11910,3
11911,3
11912,1
11913,1
11914,4
11915,1
11916,3
11917,3
11918,4
11919,0
11920,3
11921,0
11922,0
11923,1
11924,0
11925,1
11926,1
11927,1
11928,1
11929,3
11930,0
11931,3
11932,4
11933,4
11934,0
11935,1
11936,4
11937,0
11938,0
11939,1
11940,3
11941,3
11942,1
11943,1
11944,5
11945,0
11946,3
11947,1
11948,3
11949,0
11950,3
11951,3
11952,1
11953,1
11954,3
11955,4
11956,5
11957,0
11958,1
11959,3
11960,4
11961,5
11962,3
11963,1
11964,1
11965,4
11966,3
11967,0
11968,0
11969,3
11970,1
11971,1
11972,1
11973,1
11974,1
11975,1
11976,1
11977,5
11978,5
11979,1
11980,0
11981,1
11982,0
11983,1
11984,4
11985,4
11986,1
11987,0
11988,3
11989,3
11990,3
11991,3
11992,1
11993,3
11994,4
11995,3
11996,1
11997,1
11998,3
11999,4
12000,1
12001,1
12002,1
12003,1
12004,4
12005,3
12006,4
12007,5
12008,0
12009,4
12010,5
12011,4
12012,5
12013,3
12014,3
12015,4
12016,4
12017,0
12018,4
12019,0
12020,1
12021,3
12022,4
12023,4
12024,1
12025,1
12026,4
12027,1
12028,1
12029,1
12030,5
12031,5
12032,1
12033,5
12034,0
12035,5
12036,0
12037,5
12038,5
12039,5
12040,5
12041,1
12042,5
12043,5
12044,5
12045,5
12046,5
12047,5
12048,5
12049,5
12050,5
12051,5
12052,1
12053,1
12054,1
12055,5
12056,5
12057,0
12058,3
12059,3
12060,0
12061,1
12062,3
12063,0
12064,3
12065,3
12066,1
12067,3
12068,0
12069,1
12070,1
12071,0
12072,3
12073,1
12074,0
12075,1
12076,0
12077,0
12078,0
12079,4
12080,4
12081,3
12082,5
12083,3
12084,3
12085,4
12086,4
12087,4
12088,4
12089,4
12090,1
12091,3
12092,1
12093,4
12094,1
12095,4
12096,4
12097,4
12098,4
12099,4
12100,1
12101,1
12102,5
12103,5
12104,0
12105,1
12106,1
12107,4
12108,1
12109,0
12110,4
12111,4
12112,3
12113,0
12114,0
12115,0
12116,4
12117,0
12118,4
12119,4
12120,4
12121,0
12122,0
12123,0
12124,3
12125,3
12126,4
12127,5
12128,0
12129,1
12130,5
12131,5
12132,0
12133,0
12134,0
12135,1
12136,4
12137,1
12138,4
12139,1
12140,1
12141,0
12142,5
12143,1
12144,5
12145,0
12146,0
12147,0
12148,3
12149,0
12150,0
12151,0
12152,5
12153,0
12154,0
12155,0
12156,0
12157,0
12158,1
12159,3
12160,4
12161,5
12162,0
12163,3
12164,3
12165,0
12166,0
12167,0
12168,0
12169,0
12170,4
12171,3
12172,0
12173,4
12174,4
12175,1
12176,3
12177,4
12178,0
12179,0
12180,1
12181,0
12182,4
12183,3
12184,4
12185,1
12186,3
12187,1
12188,0
12189,4
12190,1
12191,1
12192,0
12193,0
12194,1
12195,0
12196,5
12197,5
12198,1
12199,0
12200,1
12201,4
12202,4
12203,4
12204,5
12205,0
12206,5
12207,5
12208,4
12209,4
12210,3
12211,1
12212,1
12213,5
12214,0
12215,1
12216,1
12217,1
12218,1
12219,4
12220,0
12221,1
12222,0
12223,3
12224,3
12225,3
12226,1
12227,3
12228,5
12229,4
12230,4
12231,4
12232,3
12233,5
12234,5
12235,0
12236,4
12237,3
12238,0
12239,0
12240,1
12241,4
12242,0
12243,0
12244,1
12245,1
12246,3
12247,3
12248,0
12249,0
12250,0
12251,5
12252,1
12253,1
12254,1
12255,1
12256,1
12257,1
12258,4
12259,3
12260,3
12261,5
12262,5
12263,5
12264,5
12265,0
12266,1
12267,1
12268,5
12269,1
12270,4
12271,0
12272,3
12273,3
12274,5
12275,0
12276,0
12277,3
12278,1
12279,1
12280,1
12281,4
12282,3
12283,3
12284,5
12285,5
12286,0
12287,5
12288,4
12289,3
12290,4
12291,1
12292,5
12293,1
12294,3
12295,5
12296,5
12297,5
12298,0
12299,0
12300,0
12301,4
12302,5
12303,3
12304,3
12305,0
12306,0
12307,0
12308,0
12309,0
12310,5
12311,4
12312,4
12313,3
12314,0
12315,1
12316,0
12317,0
12318,4
12319,3
12320,4
12321,0
12322,1
12323,0
12324,0
12325,0
12326,1
12327,1
12328,1
12329,0
12330,0
12331,0
12332,0
12333,1
12334,3
12335,5
12336,0
12337,3
12338,3
12339,0
12340,0
12341,1
12342,0
12343,0
12344,5
12345,0
12346,0
12347,1
12348,0
12349,1
12350,0
12351,5
12352,3
12353,0
12354,1
12355,0
12356,3
12357,3
12358,3
12359,1
12360,4
12361,3
12362,3
12363,0
12364,0
12365,0
12366,0
12367,0
12368,1
12369,0
12370,0
12371,0
12372,4
12373,0
12374,5
12375,1
12376,1
12377,1
12378,1
12379,3
12380,4
12381,4
12382,0
12383,3
12384,4
12385,4
12386,1
12387,4
12388,5
12389,5
12390,3
12391,3
12392,1
12393,3
12394,3
12395,4
12396,1
12397,0
12398,5
12399,0
12400,0
12401,4
12402,4
12403,3
12404,3
12405,5
12406,3
12407,0
12408,0
12409,1
12410,1
12411,0
12412,5
12413,1
12414,3
12415,5
12416,5
12417,3
12418,3
12419,0
12420,1
12421,0
12422,1
12423,0
12424,0
12425,1
12426,4
12427,1
12428,0
12429,3
12430,1
12431,3
12432,0
12433,1
12434,5
12435,3
12436,1
12437,5
12438,0
12439,5
12440,1
12441,3
12442,1
12443,1
12444,5
12445,5
12446,0
12447,3
12448,0
12449,4
12450,3
12451,3
12452,0
12453,0
12454,0
12455,0
12456,0
12457,1
12458,4
12459,3
12460,1
12461,1
12462,1
12463,5
12464,3
12465,4
12466,0
12467,1
12468,1
12469,4
12470,0
12471,1
12472,0
12473,5
12474,0
12475,1
12476,3
12477,3
12478,0
12479,4
12480,4
12481,0
12482,4
12483,0
12484,4
12485,4
12486,4
12487,1
12488,1
12489,1
12490,0
12491,4
12492,4
12493,4
12494,4
12495,5
12496,4
12497,0
12498,4
12499,4
12500,4
12501,4
12502,4
12503,5
12504,0
12505,5
12506,4
12507,4
12508,4
12509,1
12510,0
12511,0
12512,0
12513,4
12514,4
12515,4
12516,0
12517,0
12518,0
12519,4
12520,3
12521,1
12522,1
12523,4
12524,4
12525,2
12526,4
12527,0
12528,4
12529,4
12530,5
12531,0
12532,3
12533,0
12534,4
12535,0
12536,5
12537,5
12538,5
12539,5
12540,5
12541,5
12542,5
12543,5
12544,5
12545,5
12546,5
12547,5
12548,5
12549,5
12550,5
12551,4
12552,3
12553,4
12554,4
12555,4
12556,4
12557,4
12558,4
12559,5
12560,4
12561,4
12562,3
12563,1
12564,0
12565,0
12566,1
12567,4
12568,4
12569,4
12570,4
12571,1
12572,0
12573,3
12574,4
12575,4
12576,4
12577,4
12578,4
12579,0
12580,1
12581,1
12582,3
12583,4
12584,4
12585,1
12586,1
12587,4
12588,3
12589,0
12590,1
12591,1
12592,4
12593,0
12594,0
12595,0
12596,1
12597,0
12598,4
12599,1
12600,0
12601,1
12602,1
12603,0
12604,4
12605,0
12606,1
12607,3
12608,4
12609,1
12610,4
12611,4
12612,4
12613,4
12614,0
12615,1
12616,1
12617,1
12618,4
12619,4
12620,4
12621,4
12622,1
12623,1
12624,1
12625,4
12626,4
12627,4
12628,0
12629,5
12630,5
12631,0
12632,0
12633,4
12634,4
12635,4
12636,4
12637,4
12638,0
12639,4
12640,4
12641,4
12642,5
12643,0
12644,0
12645,4
12646,5
12647,3
12648,3
12649,4
12650,4
12651,4
12652,4
12653,4
12654,0
12655,4
12656,3
12657,0
12658,0
12659,4
12660,4
12661,4
12662,0
12663,4
12664,4
12665,1
12666,4
12667,4
12668,0
12669,3
12670,0
12671,0
12672,4
12673,4
12674,1
12675,1
12676,1
12677,1
12678,0
12679,4
12680,4
12681,4
12682,4
12683,3
12684,5
12685,5
12686,1
12687,5
12688,5
12689,5
12690,5
12691,5
12692,4
12693,0
12694,1
12695,0
12696,0
12697,0
12698,4
12699,4
12700,1
12701,4
12702,4
12703,0
12704,5
12705,3
12706,1
12707,0
12708,0
12709,1
12710,3
12711,0
12712,5
12713,0
12714,1
12715,4
12716,3
12717,0
12718,0
12719,0
12720,1
12721,1
12722,0
12723,3
12724,0
12725,1
12726,4
12727,1
12728,3
12729,4
12730,4
12731,4
12732,0
12733,3
12734,3
12735,3
12736,0
12737,0
12738,1
12739,0
12740,3
12741,1
12742,4
12743,3
12744,4
12745,4
12746,1
12747,1
12748,3
12749,4
12750,5
12751,5
12752,0
12753,1
12754,1
12755,4
12756,4
12757,0
12758,0
12759,0
12760,1
12761,5
12762,1
12763,5
12764,0
12765,1
12766,5
12767,0
12768,0
12769,4
12770,5
12771,0
12772,4
12773,0
12774,0
12775,4
12776,0
12777,3
12778,0
12779,3
12780,3
12781,4
12782,4
12783,4
12784,4
12785,4
12786,5
12787,5
12788,4
12789,5
12790,5
12791,4
12792,4
12793,0
12794,1
12795,0
12796,0
12797,4
12798,3
12799,4
12800,3
12801,4
12802,3
12803,3
12804,3
12805,4
12806,1
12807,4
12808,4
12809,4
12810,4
12811,4
12812,4
12813,4
12814,1
12815,4
12816,4
12817,0
12818,0
12819,0
12820,0
12821,1
12822,3
12823,5
12824,4
12825,4
12826,3
12827,4
12828,4
12829,4
12830,4
12831,0
12832,4
12833,1
12834,0
12835,5
12836,0
12837,4
12838,0
12839,1
12840,1
12841,1
12842,5
12843,1
12844,5
12845,1
12846,1
12847,1
12848,1
12849,1
12850,1
12851,0
12852,1
12853,0
12854,0
12855,0
12856,4
12857,5
12858,5
12859,0
12860,5
12861,0
12862,3
12863,4
12864,5
12865,4
12866,3
12867,0
12868,1
12869,1
12870,1
12871,0
12872,1
12873,1
12874,1
12875,1
12876,0
12877,0
12878,5
12879,5
12880,5
12881,3
12882,4
12883,4
12884,4
12885,0
12886,3
12887,0
12888,1
12889,3
12890,1
12891,1
12892,3
12893,3
12894,0
12895,4
12896,1
12897,1
12898,1
12899,0
12900,3
12901,4
12902,0
12903,1
12904,3
12905,3
12906,4
12907,4
12908,4
12909,0
12910,5
12911,0
12912,0
12913,0
12914,5
12915,4
12916,3
12917,4
12918,0
12919,4
12920,4
12921,0
12922,4
12923,4
12924,4
12925,4
12926,5
12927,4
12928,3
12929,1
12930,1
12931,0
12932,1
12933,0
12934,0
12935,3
12936,0
12937,0
12938,4
12939,4
12940,1
12941,1
12942,0
12943,0
12944,4
12945,0
12946,1
12947,0
12948,3
12949,4
12950,0
12951,0
12952,0
12953,0
12954,4
12955,0
12956,1
12957,4
12958,4
12959,5
12960,4
12961,4
12962,4
12963,4
12964,4
12965,0
12966,5
12967,0
12968,0
12969,1
12970,4
12971,5
12972,4
12973,4
12974,5
12975,4
12976,4
12977,1
12978,1
12979,1
12980,1
12981,4
12982,1
12983,1
12984,1
12985,1
12986,1
12987,4
12988,4
12989,3
12990,4
12991,1
12992,4
12993,4
12994,0
12995,4
12996,3
12997,0
12998,3
12999,4
13000,0
13001,0
13002,1
13003,1
13004,0
13005,4
13006,1
13007,4
13008,0
13009,3
13010,0
13011,4
13012,0
13013,3
13014,1
13015,3
13016,3
13017,0
13018,0
13019,4
13020,4
13021,1
13022,4
13023,3
13024,1
13025,4
13026,1
13027,1
13028,1
13029,4
13030,4
13031,4
13032,4
13033,4
13034,4
13035,4
13036,4
13037,0
13038,4
13039,4
13040,0
13041,4
13042,1
13043,1
13044,1
13045,4
13046,5
13047,0
13048,3
13049,3
13050,0
13051,0
13052,4
13053,1
13054,1
13055,4
13056,4
13057,0
13058,3
13059,0
13060,3
13061,4
13062,3
13063,4
13064,0
13065,3
13066,3
13067,4
13068,0
13069,3
13070,3
13071,4
13072,0
13073,5
13074,1
13075,1
13076,4
13077,0
13078,4
13079,4
13080,4
13081,4
13082,4
13083,4
13084,4
13085,4
13086,5
13087,4
13088,4
13089,0
13090,4
13091,0
13092,0
13093,3
13094,0
13095,3
13096,0
13097,1
13098,0
13099,3
13100,3
13101,4
13102,4
13103,4
13104,4
13105,4
13106,0
13107,5
13108,4
13109,0
13110,4
13111,5
13112,1
13113,5
13114,5
13115,1
13116,1
13117,4
13118,5
13119,5
13120,4
13121,0
13122,4
13123,4
13124,3
13125,0
13126,0
13127,5
13128,0
13129,1
13130,1
13131,1
13132,1
13133,1
13134,4
13135,4
13136,1
13137,4
13138,5
13139,5
13140,1
13141,3
13142,3
13143,4
13144,5
13145,1
13146,1
13147,1
13148,5
13149,4
13150,4
13151,4
13152,4
13153,0
13154,4
13155,0
13156,3
13157,3
13158,4
13159,1
13160,1
13161,1
13162,3
13163,3
13164,1
13165,0
13166,1
13167,4
13168,4
13169,1
13170,3
13171,5
13172,5
13173,5
13174,5
13175,3
13176,1
13177,4
13178,0
13179,4
13180,3
13181,4
13182,4
13183,1
13184,4
13185,1
13186,4
13187,0
13188,1
13189,0
13190,5
13191,5
13192,5
13193,5
13194,2
13195,3
13196,0
13197,0
13198,1
13199,1
13200,4
13201,5
13202,1
13203,0
13204,4
13205,1
13206,1
13207,1
13208,0
13209,0
13210,4
13211,4
13212,2
13213,0
13214,1
13215,0
13216,1
13217,0
13218,1
13219,0
13220,3
13221,1
13222,1
13223,4
13224,5
13225,0
13226,4
13227,1
13228,4
13229,4
13230,1
13231,1
13232,3
13233,3
13234,5
13235,0
13236,4
13237,4
13238,3
13239,3
13240,3
13241,4
13242,4
13243,5
13244,3
13245,3
13246,4
13247,4
13248,5
13249,3
13250,3
13251,3
13252,1
13253,5
13254,0
13255,3
13256,3
13257,3
13258,4
13259,3
13260,3
13261,1
13262,1
13263,1
13264,3
13265,0
13266,5
13267,1
13268,1
13269,1
13270,1
13271,4
13272,1
13273,1
13274,0
13275,4
13276,0
13277,0
13278,4
13279,3
13280,3
13281,0
13282,4
13283,4
13284,2
13285,0
13286,1
13287,1
13288,1
13289,3
13290,3
13291,3
13292,1
13293,4
13294,4
13295,1
13296,1
13297,1
13298,1
13299,1
13300,4
13301,4
13302,1
13303,1
13304,1
13305,1
13306,1
13307,1
13308,3
13309,3
13310,3
13311,3
13312,3
13313,3
13314,4
13315,3
13316,3
13317,3
13318,1
13319,3
13320,5
13321,0
13322,1
13323,0
13324,0
13325,1
13326,0
13327,1
13328,4
13329,5
13330,5
13331,0
13332,0
13333,0
13334,5
13335,0
13336,3
13337,0
13338,3
13339,3
13340,1
13341,1
13342,1
13343,0
13344,3
13345,3
13346,4
13347,0
13348,0
13349,5
13350,3
13351,4
13352,0
13353,4
13354,3
13355,1
13356,4
13357,4
13358,0
13359,5
13360,3
13361,4
13362,4
13363,4
13364,4
13365,4
13366,4
13367,4
13368,4
13369,4
13370,4
13371,4
13372,0
13373,4
13374,0
13375,4
13376,3
13377,3
13378,4
13379,1
13380,3
13381,1
13382,1
13383,3
13384,1
13385,1
13386,0
13387,1
13388,1
13389,0
13390,0
13391,5
13392,1
13393,0
13394,0
13395,0
13396,1
13397,0
13398,5
13399,0
13400,4
13401,4
13402,4
13403,5
13404,3
13405,0
13406,1
13407,1
13408,0
13409,5
13410,0
13411,3
13412,4
13413,4
13414,4
13415,1
13416,0
13417,5
13418,0
13419,3
13420,5
13421,1
13422,1
13423,1
13424,1
13425,4
13426,0
13427,5
13428,4
13429,4
13430,4
13431,4
13432,4
13433,5
13434,4
13435,4
13436,1
13437,0
13438,0
13439,3
13440,5
13441,5
13442,0
13443,1
13444,0
13445,5
13446,0
13447,4
13448,3
13449,1
13450,4
13451,1
13452,3
13453,3
13454,4
13455,1
13456,4
13457,4
13458,3
13459,1
13460,1
13461,4
13462,4
13463,4
13464,5
13465,5
13466,1
13467,5
13468,3
13469,0
13470,4
13471,0
13472,4
13473,4
13474,4
13475,0
13476,5
13477,5
13478,3
13479,5
13480,5
13481,5
13482,5
13483,1
13484,0
13485,5
13486,5
13487,5
13488,5
13489,5
13490,5
13491,5
13492,5
13493,5
13494,5
13495,5
13496,5
13497,5
13498,5
13499,5
13500,5
13501,5
13502,5
13503,1
13504,0
13505,0
13506,0
13507,3
13508,4
13509,0
13510,5
13511,1
13512,5
13513,5
13514,0
13515,4
13516,3
13517,4
13518,1
13519,4
13520,3
13521,5
13522,1
13523,4
13524,4
13525,1
13526,4
13527,0
13528,4
13529,1
13530,3
13531,1
13532,4
13533,1
13534,0
13535,0
13536,0
13537,4
13538,1
13539,1
13540,1
13541,4
13542,0
13543,4
13544,4
13545,4
13546,0
13547,5
13548,5
13549,3
13550,4
13551,0
13552,3
13553,3
13554,3
13555,4
13556,4
13557,4
13558,3
13559,5
13560,0
13561,0
13562,3
13563,3
13564,4
13565,4
13566,3
13567,3
13568,1
13569,4
13570,3
13571,4
13572,4
13573,0
13574,1
13575,3
13576,4
13577,4
13578,5
13579,5
13580,0
13581,4
13582,4
13583,4
13584,0
13585,0
13586,4
13587,4
13588,3
13589,0
13590,1
13591,1
13592,0
13593,5
13594,3
13595,1
13596,4
13597,1
13598,3
13599,1
13600,4
13601,4
13602,0
13603,1
13604,3
13605,4
13606,4
13607,3
13608,3
13609,1
13610,4
13611,1
13612,1
13613,3
13614,3
13615,3
13616,5
13617,0
13618,4
13619,4
13620,0
13621,3
13622,3
13623,3
13624,3
13625,3
13626,4
13627,0
13628,4
13629,1
13630,0
13631,4
13632,3
13633,3
13634,3
13635,0
13636,0
13637,3
13638,3
13639,0
13640,0
13641,3
13642,5
13643,5
13644,3
13645,3
13646,0
13647,4
13648,1
13649,4
13650,1
13651,1
13652,4
13653,0
13654,0
13655,5
13656,5
13657,0
13658,0
13659,3
13660,4
13661,0
13662,3
13663,4
13664,0
13665,4
13666,4
13667,4
13668,0
13669,5
13670,0
13671,4
13672,4
13673,0
13674,5
13675,0
13676,0
13677,4
13678,0
13679,0
13680,4
13681,4
13682,4
13683,0
13684,5
13685,0
13686,4
13687,4
13688,4
13689,4
13690,4
13691,0
13692,5
13693,3
13694,0
13695,0
13696,4
13697,0
13698,3
13699,4
13700,0
13701,4
13702,4
13703,0
13704,4
13705,1
13706,4
13707,0
13708,4
13709,4
13710,4
13711,4
13712,3
13713,0
13714,0
13715,0
13716,0
13717,0
13718,3
13719,3
13720,3
13721,0
13722,3
13723,4
13724,1
13725,3
13726,3
13727,3
13728,0
13729,4
13730,0
13731,0
13732,0
13733,0
13734,4
13735,1
13736,4
13737,4
13738,4
13739,1
13740,4
13741,4
13742,4
13743,4
13744,4
13745,1
13746,4
13747,4
13748,1
13749,4
13750,1
13751,4
13752,0
13753,1
13754,4
13755,3
13756,0
13757,1
13758,0
13759,4
13760,4
13761,4
13762,1
13763,1
13764,5
13765,5
13766,5
13767,3
13768,4
13769,0
13770,4
13771,1
13772,5
13773,1
13774,4
13775,4
13776,3
13777,1
13778,4
13779,3
13780,0
13781,1
13782,1
13783,1
13784,3
13785,0
13786,1
13787,1
13788,3
13789,1
13790,3
13791,0
13792,0
13793,1
13794,4
13795,1
13796,4
13797,1
13798,5
13799,5
13800,4
13801,3
13802,3
13803,5
13804,4
13805,4
13806,5
13807,4
13808,3
13809,4
13810,4
13811,5
13812,0
13813,5
13814,3
13815,4
13816,4
13817,1
13818,4
13819,0
13820,4
13821,1
13822,3
13823,1
13824,4
13825,1
13826,5
13827,3
13828,0
13829,0
13830,4
13831,0
13832,3
13833,4
13834,4
13835,4
13836,4
13837,0
13838,5
13839,4
13840,4
13841,3
13842,3
13843,3
13844,3
13845,0
13846,3
13847,0
13848,4
13849,4
13850,4
13851,4
13852,3
13853,4
13854,4
13855,4
13856,4
13857,4
13858,4
13859,4
13860,5
13861,1
13862,5
13863,0
13864,5
13865,4
13866,3
13867,0
13868,0
13869,5
13870,4
13871,4
13872,0
13873,1
13874,0
13875,0
13876,4
13877,0
13878,4
13879,3
13880,3
13881,4
13882,4
13883,3
13884,0
13885,3
13886,3
13887,3
13888,3
13889,3
13890,3
13891,3
13892,0
13893,3
13894,3
13895,3
13896,3
13897,3
13898,3
13899,1
13900,3
13901,3
13902,3
13903,0
13904,3
13905,3
13906,3
13907,5
13908,3
13909,1
13910,4
13911,3
13912,4
13913,1
13914,3
13915,1
13916,4
13917,1
13918,1
13919,4
13920,4
13921,4
13922,4
13923,3
13924,3
13925,4
13926,3
13927,4
13928,0
13929,1
13930,0
13931,1
13932,1
13933,4
13934,3
13935,3
13936,3
13937,3
13938,3
13939,0
13940,3
13941,3
13942,1
13943,3
13944,3
13945,3
13946,4
13947,3
13948,3
13949,3
13950,3
13951,3
13952,3
13953,1
13954,3
13955,4
13956,3
13957,3
13958,3
13959,3
13960,3
13961,1
13962,1
13963,0
13964,0
13965,0
13966,4
13967,3
13968,4
13969,4
13970,1
13971,0
13972,1
13973,3
13974,3
13975,3
13976,3
13977,1
13978,3
13979,5
13980,3
13981,3
13982,3
13983,3
13984,3
13985,3
13986,3
13987,3
13988,3
13989,3
13990,3
13991,3
13992,4
13993,1
13994,3
13995,3
13996,3
13997,3
13998,1
13999,3
14000,3
14001,3
14002,3
14003,3
14004,3
14005,3
14006,3
14007,0
14008,3
14009,5
14010,3
14011,5
14012,3
14013,4
14014,0
14015,0
14016,0
14017,1
14018,5
14019,1
14020,0
14021,3
14022,3
14023,1
14024,4
14025,4
14026,4
14027,1
14028,4
14029,1
14030,0
14031,4
14032,0
14033,0
14034,0
14035,0
14036,0
14037,0
14038,0
14039,0
14040,3
14041,3
14042,1
14043,4
14044,3
14045,3
14046,4
14047,4
14048,5
14049,4
14050,4
14051,4
14052,0
14053,3
14054,0
14055,3
14056,4
14057,0
14058,1
14059,1
14060,1
14061,1
14062,0
14063,4
14064,4
14065,4
14066,3
14067,1
14068,3
14069,4
14070,4
14071,0
14072,4
14073,3
14074,1
14075,4
14076,1
14077,4
14078,4
14079,4
14080,1
14081,3
14082,3
14083,3
14084,4
14085,0
14086,0
14087,3
14088,3
14089,3
14090,3
14091,3
14092,1
14093,0
14094,3
14095,1
14096,3
14097,3
14098,1
14099,4
14100,4
14101,3
14102,4
14103,4
14104,3
14105,3
14106,0
14107,0
14108,0
14109,3
14110,4
14111,3
14112,3
14113,3
14114,3
14115,3
14116,4
14117,3
14118,3
14119,3
14120,4
14121,4
14122,4
14123,0
14124,0
14125,0
14126,4
14127,4
14128,1
14129,1
14130,1
14131,4
14132,3
14133,4
14134,4
14135,3
14136,3
14137,3
14138,4
14139,3
14140,4
14141,1
14142,5
14143,4
14144,0
14145,0
14146,4
14147,1
14148,3
14149,4
14150,1
14151,1
14152,5
14153,0
14154,0
14155,5
14156,5
14157,5
14158,5
14159,4
14160,4
14161,4
14162,5
14163,4
14164,0
14165,0
14166,4
14167,4
14168,4
14169,4
14170,0
14171,4
14172,0
14173,4
14174,4
14175,4
14176,5
14177,0
14178,0
14179,0
14180,0
14181,4
14182,4
14183,4
14184,0
14185,5
14186,1
14187,0
14188,5
14189,0
14190,0
14191,4
14192,4
14193,4
14194,4
14195,4
14196,4
14197,5
14198,4
14199,4
14200,4
14201,4
14202,4
14203,3
14204,1
14205,1
14206,5
14207,5
14208,4
14209,4
14210,4
14211,4
14212,4
14213,4
14214,3
14215,4
14216,0
14217,4
14218,4
14219,4
14220,3
14221,5
14222,4
14223,0
14224,0
14225,0
14226,0
14227,0
14228,0
14229,3
14230,4
14231,1
14232,0
14233,4
14234,4
14235,4
14236,4
14237,4
14238,0
14239,4
14240,4
14241,4
14242,4
14243,0
14244,0
14245,0
14246,3
14247,5
14248,5
14249,4
14250,0
14251,3
14252,3
14253,3
14254,4
14255,4
14256,4
14257,4
14258,1
14259,4
14260,4
14261,1
14262,1
14263,4
14264,3
14265,4
14266,1
14267,1
14268,4
14269,4
14270,4
14271,4
14272,3
14273,3
14274,1
14275,5
14276,5
14277,5
14278,4
14279,0
14280,4
14281,1
14282,0
14283,0
14284,4
14285,5
14286,0
14287,4
14288,4
14289,3
14290,3
14291,4
14292,5
14293,3
14294,1
14295,3
14296,5
14297,4
14298,1
14299,3
14300,3
14301,3
14302,3
14303,4
14304,4
14305,4
14306,0
14307,4
14308,0
14309,4
14310,4
14311,4
14312,4
14313,4
14314,3
14315,0
14316,1
14317,1
14318,5
14319,4
14320,0
14321,0
14322,1
14323,1
14324,0
14325,1
14326,1
14327,4
14328,1
14329,1
14330,4
14331,0
14332,0
14333,0
14334,0
14335,0
14336,0
14337,4
14338,0
14339,0
14340,5
14341,4
14342,4
14343,3
14344,5
14345,4
14346,1
14347,5
14348,1
14349,0
14350,1
14351,0
14352,0
14353,3
14354,3
14355,4
14356,4
14357,5
14358,0
14359,4
14360,1
14361,3
14362,4
14363,0
14364,1
14365,1
14366,0
14367,4
14368,0
14369,0
14370,4
14371,4
14372,3
14373,4
14374,4
14375,4
14376,4
