sample_id,cluster
0,6
1,0
2,3
3,6
4,6
5,7
6,1
7,4
8,0
9,4
10,4
11,5
12,5
13,5
14,6
15,5
16,1
17,6
18,7
19,3
20,1
21,4
22,1
23,4
24,7
25,4
26,7
27,7
28,0
29,7
30,7
31,6
32,7
33,6
34,7
35,6
36,6
37,7
38,7
39,7
40,7
41,1
42,3
43,3
44,1
45,3
46,7
47,1
48,5
49,1
50,4
51,1
52,7
53,1
54,6
55,6
56,6
57,6
58,7
59,7
60,7
61,7
62,4
63,6
64,4
65,6
66,6
67,7
68,7
69,4
70,7
71,6
72,7
73,4
74,7
75,4
76,6
77,4
78,4
79,4
80,7
81,4
82,7
83,3
84,7
85,6
86,7
87,6
88,6
89,6
90,7
91,6
92,7
93,5
94,7
95,6
96,7
97,6
98,3
99,4
100,3
101,0
102,3
103,6
104,7
105,6
106,7
107,1
108,6
109,0
110,7
111,7
112,7
113,1
114,0
115,1
116,7
117,0
118,1
119,7
120,0
121,6
122,7
123,7
124,6
125,5
126,7
127,4
128,6
129,7
130,7
131,5
132,4
133,6
134,7
135,0
136,1
137,7
138,1
139,7
140,4
141,5
142,4
143,4
144,1
145,7
146,6
147,3
148,1
149,3
150,1
151,3
152,1
153,4
154,7
155,4
156,6
157,4
158,3
159,4
160,7
161,7
162,7
163,1
164,4
165,6
166,7
167,6
168,6
169,6
170,4
171,6
172,3
173,6
174,1
175,6
176,7
177,0
178,5
179,1
180,7
181,6
182,5
183,6
184,7
185,7
186,5
187,3
188,5
189,7
190,5
191,7
192,7
193,1
194,5
195,3
196,7
197,3
198,7
199,7
200,7
201,7
202,7
203,5
204,1
205,7
206,7
207,5
208,5
209,4
210,6
211,4
212,7
213,6
214,7
215,7
216,7
217,7
218,6
219,6
220,0
221,6
222,6
223,6
224,7
225,6
226,7
227,6
228,7
229,1
230,6
231,4
232,7
233,1
234,7
235,1
236,7
237,3
238,3
239,6
240,4
241,6
242,1
243,5
244,6
245,7
246,7
247,6
248,7
249,6
250,4
251,7
252,6
253,1
254,7
255,5
256,6
257,7
258,6
259,5
260,5
261,5
262,6
263,4
264,6
265,7
266,6
267,4
268,7
269,6
270,0
271,6
272,6
273,0
274,4
275,7
276,0
277,5
278,6
279,7
280,0
281,6
282,1
283,6
284,7
285,7
286,5
287,1
288,7
289,5
290,7
291,6
292,5
293,4
294,7
295,6
296,7
297,0
298,7
299,7
300,3
301,7
302,4
303,4
304,7
305,6
306,6
307,6
308,7
309,6
310,6
311,5
312,6
313,0
314,7
315,1
316,7
317,7
318,5
319,6
320,4
321,4
322,6
323,4
324,6
325,4
326,7
327,5
328,7
329,5
330,7
331,6
332,7
333,6
334,7
335,3
336,7
337,3
338,1
339,6
340,7
341,6
342,7
343,3
344,7
345,0
346,5
347,7
348,4
349,7
350,4
351,0
352,4
353,7
354,4
355,7
356,4
357,7
358,4
359,7
360,4
361,7
362,4
363,7
364,4
365,7
366,4
367,0
368,4
369,7
370,4
371,6
372,7
373,7
374,4
375,7
376,5
377,7
378,5
379,7
380,7
381,5
382,7
383,5
384,5
385,4
386,7
387,4
388,4
389,7
390,4
391,7
392,4
393,0
394,4
395,7
396,4
397,7
398,4
399,5
400,4
401,6
402,5
403,7
404,4
405,1
406,4
407,7
408,4
409,7
410,4
411,3
412,6
413,3
414,4
415,7
416,4
417,3
418,4
419,3
420,4
421,3
422,4
423,7
424,4
425,7
426,6
427,7
428,1
429,4
430,4
431,6
432,6
433,3
434,7
435,4
436,7
437,4
438,5
439,4
440,4
441,4
442,7
443,4
444,7
445,4
446,6
447,4
448,5
449,4
450,5
451,4
452,5
453,4
454,6
455,4
456,4
457,4
458,7
459,4
460,4
461,7
462,4
463,5
464,4
465,6
466,7
467,4
468,7
469,6
470,4
471,6
472,4
473,6
474,4
475,7
476,4
477,6
478,4
479,4
480,4
481,7
482,4
483,6
484,4
485,6
486,4
487,6
488,4
489,4
490,4
491,7
492,4
493,7
494,4
495,6
496,4
497,4
498,4
499,6
500,5
501,6
502,7
503,7
504,6
505,5
506,7
507,7
508,7
509,5
510,5
511,6
512,7
513,6
514,7
515,6
516,6
517,7
518,6
519,7
520,7
521,7
522,5
523,7
524,5
525,7
526,5
527,7
528,5
529,6
530,5
531,7
532,5
533,7
534,5
535,7
536,5
537,5
538,5
539,5
540,6
541,7
542,6
543,6
544,6
545,7
546,6
547,6
548,6
549,6
550,5
551,7
552,6
553,7
554,4
555,6
556,4
557,5
558,1
559,6
560,1
561,6
562,1
563,5
564,7
565,5
566,7
567,6
568,5
569,7
570,1
571,6
572,1
573,5
574,5
575,6
576,0
577,6
578,0
579,6
580,7
581,5
582,1
583,6
584,0
585,6
586,0
587,5
588,1
589,5
590,0
591,1
592,1
593,7
594,1
595,7
596,1
597,4
598,4
599,1
600,1
601,1
602,7
603,1
604,6
605,1
606,4
607,7
608,1
609,1
610,7
611,1
612,7
613,1
614,7
615,1
616,4
617,0
618,1
619,0
620,7
621,1
622,6
623,7
624,7
625,1
626,7
627,1
628,1
629,7
630,1
631,1
632,7
633,1
634,7
635,1
636,4
637,0
638,5
639,1
640,4
641,0
642,5
643,7
644,1
645,0
646,1
647,0
648,1
649,7
650,1
651,7
652,6
653,7
654,7
655,4
656,0
657,5
658,0
659,1
660,0
661,4
662,0
663,4
664,4
665,0
666,4
667,0
668,4
669,0
670,5
671,0
672,7
673,3
674,5
675,0
676,5
677,0
678,5
679,0
680,6
681,7
682,4
683,3
684,4
685,0
686,7
687,0
688,4
689,0
690,5
691,6
692,7
693,0
694,7
695,0
696,7
697,0
698,5
699,0
700,3
701,0
702,6
703,0
704,4
705,0
706,5
707,7
708,0
709,4
710,0
711,6
712,0
713,4
714,0
715,4
716,0
717,3
718,4
719,4
720,0
721,6
722,0
723,5
724,7
725,5
726,0
727,4
728,7
729,4
730,5
731,6
732,7
733,4
734,0
735,7
736,0
737,4
738,0
739,7
740,5
741,4
742,7
743,5
744,7
745,4
746,0
747,4
748,0
749,4
750,0
751,7
752,0
753,7
754,0
755,7
756,5
757,6
758,0
759,4
760,6
761,4
762,0
763,0
764,0
765,4
766,6
767,5
768,0
769,6
770,1
771,4
772,0
773,4
774,0
775,5
776,0
777,5
778,4
779,7
780,0
781,4
782,0
783,5
784,0
785,4
786,7
787,7
788,0
789,5
790,7
791,5
792,5
793,5
794,0
795,5
796,4
797,5
798,0
799,5
800,0
801,5
802,0
803,0
804,5
805,0
806,3
807,0
808,4
809,0
810,6
811,6
812,0
813,7
814,3
815,5
816,0
817,7
818,6
819,5
820,1
821,6
822,0
823,7
824,0
825,7
826,0
827,5
828,0
829,6
830,0
831,5
832,0
833,5
834,0
835,5
836,0
837,4
838,0
839,4
840,0
841,5
842,0
843,4
844,0
845,5
846,0
847,4
848,0
849,1
850,0
851,4
852,0
853,6
854,0
855,5
856,0
857,4
858,0
859,5
860,6
861,5
862,6
863,7
864,7
865,4
866,4
867,7
868,4
869,7
870,4
871,4
872,4
873,4
874,4
875,4
876,4
877,4
878,4
879,3
880,7
881,7
882,4
883,7
884,7
885,4
886,7
887,4
888,7
889,4
890,7
891,4
892,7
893,4
894,7
895,4
896,7
897,4
898,6
899,4
900,4
901,5
902,7
903,4
904,7
905,6
906,7
907,5
908,1
909,4
910,7
911,7
912,5
913,5
914,1
915,7
916,6
917,7
918,6
919,5
920,7
921,7
922,6
923,5
924,4
925,5
926,7
927,5
928,7
929,1
930,7
931,5
932,7
933,5
934,1
935,5
936,1
937,5
938,4
939,6
940,1
941,4
942,1
943,7
944,1
945,7
946,1
947,5
948,1
949,4
950,1
951,7
952,1
953,4
954,1
955,4
956,7
957,4
958,1
959,1
960,1
961,6
962,7
963,5
964,7
965,3
966,4
967,5
968,4
969,4
970,1
971,1
972,1
973,6
974,1
975,4
976,1
977,7
978,1
979,6
980,1
981,5
982,1
983,4
984,1
985,5
986,1
987,4
988,1
989,6
990,1
991,5
992,1
993,4
994,1
995,5
996,1
997,7
998,6
999,4
1000,1
1001,4
1002,5
1003,5
1004,7
1005,5
1006,7
1007,1
1008,5
1009,4
1010,1
1011,5
1012,7
1013,5
1014,7
1015,1
1016,7
1017,5
1018,0
1019,4
1020,0
1021,3
1022,1
1023,5
1024,0
1025,4
1026,1
1027,4
1028,0
1029,6
1030,0
1031,5
1032,0
1033,5
1034,5
1035,5
1036,1
1037,5
1038,1
1039,5
1040,1
1041,6
1042,1
1043,6
1044,0
1045,6
1046,1
1047,6
1048,7
1049,6
1050,7
1051,6
1052,6
1053,7
1054,7
1055,6
1056,7
1057,6
1058,6
1059,6
1060,1
1061,3
1062,1
1063,6
1064,0
1065,7
1066,1
1067,6
1068,6
1069,6
1070,6
1071,6
1072,7
1073,0
1074,1
1075,7
1076,7
1077,6
1078,6
1079,6
1080,0
1081,3
1082,7
1083,6
1084,5
1085,6
1086,6
1087,6
1088,1
1089,6
1090,7
1091,7
1092,6
1093,7
1094,7
1095,7
1096,7
1097,7
1098,6
1099,7
1100,4
1101,7
1102,6
1103,7
1104,6
1105,7
1106,6
1107,7
1108,7
1109,7
1110,5
1111,7
1112,6
1113,7
1114,6
1115,1
1116,6
1117,7
1118,6
1119,7
1120,3
1121,1
1122,4
1123,7
1124,6
1125,5
1126,7
1127,6
1128,7
1129,6
1130,1
1131,4
1132,7
1133,6
1134,7
1135,7
1136,6
1137,4
1138,0
1139,6
1140,0
1141,6
1142,5
1143,0
1144,7
1145,0
1146,6
1147,6
1148,6
1149,0
1150,5
1151,3
1152,4
1153,6
1154,6
1155,0
1156,6
1157,4
1158,4
1159,4
1160,6
1161,0
1162,4
1163,7
1164,6
1165,0
1166,6
1167,0
1168,4
1169,0
1170,6
1171,6
1172,6
1173,5
1174,6
1175,5
1176,6
1177,5
1178,6
1179,7
1180,6
1181,7
1182,7
1183,7
1184,6
1185,0
1186,6
1187,0
1188,6
1189,0
1190,4
1191,1
1192,6
1193,4
1194,6
1195,3
1196,7
1197,4
1198,6
1199,7
1200,6
1201,6
1202,4
1203,4
1204,4
1205,1
1206,7
1207,4
1208,6
1209,5
1210,5
1211,7
1212,6
1213,6
1214,7
1215,7
1216,7
1217,7
1218,7
1219,7
1220,5
1221,0
1222,6
1223,6
1224,7
1225,4
1226,5
1227,5
1228,7
1229,5
1230,7
1231,7
1232,7
1233,7
1234,0
1235,5
1236,0
1237,5
1238,4
1239,7
1240,1
1241,0
1242,6
1243,5
1244,5
1245,0
1246,5
1247,7
1248,7
1249,0
1250,7
1251,0
1252,7
1253,0
1254,7
1255,7
1256,5
1257,7
1258,6
1259,5
1260,6
1261,7
1262,6
1263,1
1264,5
1265,1
1266,3
1267,1
1268,6
1269,1
1270,6
1271,4
1272,5
1273,1
1274,6
1275,5
1276,1
1277,7
1278,1
1279,5
1280,1
1281,7
1282,1
1283,5
1284,1
1285,5
1286,7
1287,5
1288,1
1289,1
1290,1
1291,5
1292,1
1293,6
1294,0
1295,6
1296,0
1297,5
1298,1
1299,5
1300,1
1301,5
1302,1
1303,5
1304,1
1305,1
1306,0
1307,5
1308,1
1309,5
1310,1
1311,5
1312,1
1313,0
1314,6
1315,1
1316,7
1317,3
1318,5
1319,7
1320,7
1321,1
1322,1
1323,6
1324,7
1325,7
1326,7
1327,7
1328,0
1329,6
1330,5
1331,6
1332,5
1333,4
1334,5
1335,7
1336,5
1337,6
1338,1
1339,6
1340,6
1341,0
1342,7
1343,7
1344,7
1345,6
1346,7
1347,6
1348,7
1349,6
1350,4
1351,6
1352,6
1353,1
1354,6
1355,1
1356,7
1357,1
1358,7
1359,7
1360,7
1361,7
1362,3
1363,5
1364,1
1365,6
1366,7
1367,6
1368,7
1369,4
1370,6
1371,7
1372,1
1373,5
1374,5
1375,6
1376,7
1377,1
1378,7
1379,0
1380,7
1381,7
1382,6
1383,6
1384,7
1385,6
1386,6
1387,6
1388,6
1389,6
1390,7
1391,0
1392,5
1393,7
1394,7
1395,5
1396,7
1397,7
1398,7
1399,7
1400,6
1401,6
1402,1
1403,1
1404,6
1405,1
1406,4
1407,6
1408,7
1409,6
1410,7
1411,6
1412,6
1413,6
1414,6
1415,0
1416,7
1417,6
1418,7
1419,6
1420,3
1421,7
1422,6
1423,7
1424,3
1425,6
1426,7
1427,7
1428,7
1429,6
1430,6
1431,6
1432,6
1433,1
1434,7
1435,0
1436,7
1437,4
1438,7
1439,7
1440,6
1441,6
1442,7
1443,3
1444,5
1445,6
1446,5
1447,4
1448,6
1449,4
1450,0
1451,3
1452,4
1453,7
1454,6
1455,4
1456,1
1457,6
1458,6
1459,7
1460,6
1461,6
1462,1
1463,7
1464,7
1465,7
1466,7
1467,7
1468,7
1469,7
1470,7
1471,1
1472,5
1473,7
1474,1
1475,4
1476,7
1477,7
1478,6
1479,7
1480,4
1481,4
1482,0
1483,5
1484,1
1485,1
1486,7
1487,7
1488,1
1489,5
1490,0
1491,7
1492,1
1493,7
1494,7
1495,5
1496,1
1497,7
1498,1
1499,7
1500,7
1501,5
1502,7
1503,7
1504,7
1505,5
1506,7
1507,7
1508,7
1509,7
1510,1
1511,7
1512,3
1513,1
1514,6
1515,0
1516,7
1517,6
1518,6
1519,6
1520,6
1521,7
1522,0
1523,3
1524,7
1525,7
1526,7
1527,6
1528,7
1529,7
1530,7
1531,7
1532,7
1533,5
1534,7
1535,6
1536,4
1537,6
1538,6
1539,0
1540,7
1541,0
1542,6
1543,5
1544,6
1545,6
1546,6
1547,6
1548,6
1549,7
1550,7
1551,6
1552,0
1553,7
1554,6
1555,6
1556,6
1557,7
1558,0
1559,7
1560,3
1561,7
1562,5
1563,6
1564,0
1565,6
1566,6
1567,7
1568,6
1569,7
1570,0
1571,0
1572,0
1573,0
1574,6
1575,7
1576,6
1577,7
1578,1
1579,7
1580,0
1581,7
1582,6
1583,7
1584,6
1585,0
1586,6
1587,7
1588,6
1589,7
1590,6
1591,7
1592,5
1593,7
1594,7
1595,7
1596,7
1597,7
1598,7
1599,7
1600,6
1601,7
1602,0
1603,7
1604,0
1605,7
1606,0
1607,7
1608,7
1609,7
1610,5
1611,7
1612,3
1613,7
1614,7
1615,7
1616,0
1617,7
1618,6
1619,7
1620,7
1621,0
1622,7
1623,0
1624,0
1625,7
1626,6
1627,4
1628,7
1629,4
1630,7
1631,7
1632,4
1633,7
1634,7
1635,7
1636,0
1637,7
1638,7
1639,7
1640,0
1641,7
1642,6
1643,7
1644,7
1645,7
1646,7
1647,7
1648,7
1649,6
1650,7
1651,7
1652,7
1653,7
1654,7
1655,7
1656,6
1657,7
1658,7
1659,7
1660,3
1661,7
1662,7
1663,7
1664,7
1665,7
1666,3
1667,7
1668,0
1669,7
1670,4
1671,7
1672,3
1673,7
1674,7
1675,7
1676,7
1677,6
1678,7
1679,7
1680,7
1681,7
1682,7
1683,6
1684,7
1685,7
1686,7
1687,7
1688,7
1689,7
1690,0
1691,7
1692,7
1693,7
1694,7
1695,7
1696,4
1697,6
1698,7
1699,7
1700,7
1701,6
1702,1
1703,5
1704,5
1705,7
1706,1
1707,6
1708,1
1709,5
1710,1
1711,6
1712,7
1713,6
1714,6
1715,6
1716,1
1717,6
1718,7
1719,6
1720,7
1721,7
1722,7
1723,7
1724,1
1725,7
1726,1
1727,7
1728,1
1729,7
1730,1
1731,5
1732,1
1733,6
1734,1
1735,5
1736,1
1737,5
1738,7
1739,6
1740,7
1741,6
1742,4
1743,6
1744,7
1745,6
1746,7
1747,6
1748,7
1749,6
1750,1
1751,6
1752,1
1753,1
1754,1
1755,5
1756,1
1757,6
1758,1
1759,5
1760,1
1761,7
1762,7
1763,7
1764,1
1765,7
1766,1
1767,7
1768,1
1769,1
1770,1
1771,1
1772,5
1773,1
1774,5
1775,0
1776,4
1777,1
1778,5
1779,1
1780,5
1781,1
1782,7
1783,7
1784,5
1785,5
1786,1
1787,1
1788,5
1789,7
1790,1
1791,1
1792,6
1793,0
1794,7
1795,1
1796,5
1797,0
1798,1
1799,0
1800,1
1801,4
1802,7
1803,0
1804,6
1805,0
1806,6
1807,1
1808,7
1809,1
1810,1
1811,4
1812,5
1813,4
1814,5
1815,4
1816,7
1817,4
1818,5
1819,7
1820,5
1821,1
1822,5
1823,6
1824,7
1825,7
1826,7
1827,0
1828,1
1829,7
1830,0
1831,7
1832,4
1833,6
1834,6
1835,3
1836,4
1837,0
1838,6
1839,3
1840,0
1841,3
1842,1
1843,6
1844,4
1845,3
1846,1
1847,6
1848,0
1849,7
1850,7
1851,7
1852,6
1853,7
1854,7
1855,6
1856,1
1857,6
1858,6
1859,4
1860,6
1861,4
1862,6
1863,6
1864,6
1865,4
1866,6
1867,4
1868,6
1869,4
1870,3
1871,7
1872,3
1873,4
1874,6
1875,4
1876,6
1877,4
1878,6
1879,4
1880,6
1881,4
1882,6
1883,4
1884,6
1885,4
1886,6
1887,0
1888,6
1889,0
1890,6
1891,0
1892,6
1893,4
1894,6
1895,6
1896,6
1897,6
1898,1
1899,6
1900,1
1901,6
1902,4
1903,6
1904,0
1905,6
1906,1
1907,6
1908,1
1909,6
1910,1
1911,7
1912,4
1913,6
1914,6
1915,3
1916,6
1917,3
1918,0
1919,3
1920,1
1921,6
1922,0
1923,6
1924,0
1925,6
1926,0
1927,6
1928,0
1929,6
1930,3
1931,6
1932,6
1933,6
1934,7
1935,1
1936,7
1937,1
1938,6
1939,1
1940,6
1941,1
1942,6
1943,7
1944,6
1945,1
1946,6
1947,1
1948,7
1949,1
1950,7
1951,1
1952,6
1953,1
1954,6
1955,1
1956,6
1957,1
1958,6
1959,1
1960,6
1961,0
1962,6
1963,1
1964,6
1965,1
1966,3
1967,6
1968,7
1969,1
1970,6
1971,1
1972,7
1973,6
1974,1
1975,6
1976,1
1977,3
1978,7
1979,7
1980,1
1981,6
1982,1
1983,6
1984,1
1985,5
1986,6
1987,5
1988,6
1989,1
1990,7
1991,1
1992,6
1993,1
1994,6
1995,0
1996,6
1997,0
1998,6
1999,1
2000,7
2001,1
2002,7
2003,1
2004,4
2005,1
2006,6
2007,1
2008,3
2009,1
2010,7
2011,1
2012,4
2013,1
2014,6
2015,1
2016,7
2017,1
2018,6
2019,1
2020,1
2021,7
2022,6
2023,6
2024,1
2025,4
2026,1
2027,7
2028,1
2029,4
2030,1
2031,7
2032,1
2033,7
2034,7
2035,6
2036,1
2037,7
2038,1
2039,7
2040,0
2041,1
2042,1
2043,6
2044,1
2045,6
2046,1
2047,6
2048,1
2049,6
2050,1
2051,4
2052,1
2053,7
2054,1
2055,6
2056,1
2057,0
2058,6
2059,1
2060,6
2061,1
2062,7
2063,1
2064,6
2065,1
2066,7
2067,1
2068,6
2069,1
2070,6
2071,0
2072,6
2073,0
2074,4
2075,0
2076,6
2077,1
2078,6
2079,1
2080,6
2081,1
2082,7
2083,1
2084,7
2085,1
2086,6
2087,1
2088,3
2089,1
2090,3
2091,1
2092,6
2093,1
2094,6
2095,1
2096,6
2097,5
2098,6
2099,1
2100,6
2101,1
2102,6
2103,1
2104,6
2105,1
2106,6
2107,1
2108,6
2109,1
2110,4
2111,1
2112,7
2113,1
2114,7
2115,1
2116,6
2117,6
2118,6
2119,1
2120,6
2121,1
2122,6
2123,1
2124,6
2125,1
2126,6
2127,1
2128,7
2129,1
2130,7
2131,7
2132,7
2133,6
2134,4
2135,6
2136,7
2137,7
2138,7
2139,1
2140,1
2141,1
2142,6
2143,7
2144,5
2145,7
2146,4
2147,6
2148,1
2149,6
2150,7
2151,6
2152,1
2153,7
2154,1
2155,6
2156,1
2157,6
2158,1
2159,6
2160,1
2161,6
2162,3
2163,7
2164,7
2165,7
2166,6
2167,7
2168,5
2169,7
2170,7
2171,7
2172,5
2173,7
2174,7
2175,7
2176,7
2177,6
2178,7
2179,7
2180,7
2181,0
2182,7
2183,7
2184,7
2185,7
2186,7
2187,7
2188,7
2189,7
2190,7
2191,7
2192,7
2193,7
2194,7
2195,7
2196,7
2197,7
2198,7
2199,7
2200,7
2201,7
2202,7
2203,7
2204,7
2205,7
2206,7
2207,7
2208,7
2209,7
2210,3
2211,7
2212,7
2213,4
2214,7
2215,3
2216,7
2217,3
2218,4
2219,7
2220,3
2221,7
2222,7
2223,3
2224,7
2225,7
2226,7
2227,7
2228,7
2229,7
2230,6
2231,7
2232,7
2233,7
2234,7
2235,0
2236,0
2237,1
2238,1
2239,4
2240,4
2241,7
2242,6
2243,7
2244,7
2245,7
2246,7
2247,1
2248,7
2249,1
2250,7
2251,5
2252,6
2253,6
2254,6
2255,3
2256,7
2257,7
2258,0
2259,0
2260,0
2261,1
2262,1
2263,6
2264,7
2265,1
2266,0
2267,7
2268,7
2269,5
2270,7
2271,6
2272,6
2273,7
2274,7
2275,7
2276,7
2277,7
2278,7
2279,6
2280,3
2281,6
2282,7
2283,6
2284,6
2285,6
2286,6
2287,6
2288,7
2289,7
2290,7
2291,7
2292,6
2293,7
2294,7
2295,7
2296,7
2297,7
2298,7
2299,7
2300,7
2301,7
2302,7
2303,7
2304,7
2305,1
2306,0
2307,1
2308,5
2309,6
2310,0
2311,5
2312,1
2313,5
2314,1
2315,7
2316,1
2317,1
2318,7
2319,1
2320,1
2321,1
2322,7
2323,5
2324,5
2325,6
2326,5
2327,1
2328,0
2329,6
2330,0
2331,0
2332,1
2333,1
2334,1
2335,7
2336,7
2337,1
2338,7
2339,5
2340,7
2341,5
2342,6
2343,6
2344,6
2345,5
2346,0
2347,1
2348,1
2349,5
2350,5
2351,5
2352,1
2353,5
2354,7
2355,5
2356,3
2357,4
2358,1
2359,3
2360,6
2361,5
2362,0
2363,6
2364,6
2365,7
2366,6
2367,5
2368,5
2369,1
2370,1
2371,5
2372,0
2373,7
2374,7
2375,6
2376,3
2377,6
2378,6
2379,6
2380,6
2381,6
2382,3
2383,4
2384,0
2385,3
2386,4
2387,1
2388,4
2389,6
2390,1
2391,4
2392,6
2393,5
2394,1
2395,6
2396,6
2397,5
2398,6
2399,6
2400,3
2401,6
2402,6
2403,1
2404,3
2405,6
2406,3
2407,1
2408,1
2409,7
2410,1
2411,4
2412,6
2413,6
2414,5
2415,5
2416,5
2417,1
2418,5
2419,7
2420,4
2421,5
2422,3
2423,5
2424,5
2425,1
2426,5
2427,5
2428,5
2429,1
2430,1
2431,4
2432,5
2433,5
2434,5
2435,1
2436,6
2437,3
2438,5
2439,3
2440,1
2441,1
2442,1
2443,1
2444,4
2445,5
2446,5
2447,1
2448,5
2449,1
2450,6
2451,1
2452,6
2453,6
2454,0
2455,6
2456,5
2457,7
2458,1
2459,1
2460,5
2461,6
2462,5
2463,1
2464,0
2465,1
2466,1
2467,4
2468,5
2469,0
2470,1
2471,3
2472,4
2473,5
2474,4
2475,5
2476,6
2477,5
2478,6
2479,5
2480,6
2481,5
2482,1
2483,4
2484,0
2485,4
2486,3
2487,5
2488,7
2489,0
2490,0
2491,6
2492,0
2493,6
2494,3
2495,6
2496,6
2497,0
2498,6
2499,0
2500,3
2501,1
2502,5
2503,7
2504,3
2505,4
2506,5
2507,5
2508,5
2509,0
2510,1
2511,5
2512,5
2513,6
2514,6
2515,6
2516,6
2517,0
2518,6
2519,6
2520,6
2521,6
2522,6
2523,5
2524,0
2525,5
2526,1
2527,1
2528,6
2529,6
2530,6
2531,6
2532,5
2533,6
2534,3
2535,5
2536,6
2537,5
2538,4
2539,6
2540,4
2541,3
2542,6
2543,6
2544,6
2545,6
2546,6
2547,7
2548,1
2549,6
2550,1
2551,1
2552,1
2553,3
2554,4
2555,6
2556,6
2557,0
2558,5
2559,6
2560,3
2561,6
2562,3
2563,5
2564,6
2565,4
2566,4
2567,1
2568,5
2569,5
2570,5
2571,1
2572,5
2573,5
2574,5
2575,6
2576,5
2577,3
2578,5
2579,6
2580,6
2581,5
2582,5
2583,5
2584,6
2585,4
2586,4
2587,5
2588,4
2589,6
2590,4
2591,5
2592,5
2593,1
2594,5
2595,4
2596,6
2597,5
2598,1
2599,5
2600,5
2601,5
2602,5
2603,5
2604,4
2605,5
2606,5
2607,5
2608,5
2609,5
2610,0
2611,1
2612,5
2613,1
2614,5
2615,3
2616,1
2617,1
2618,4
2619,1
2620,6
2621,1
2622,1
2623,5
2624,3
2625,6
2626,4
2627,3
2628,3
2629,6
2630,5
2631,5
2632,5
2633,3
2634,4
2635,6
2636,5
2637,7
2638,5
2639,4
2640,5
2641,5
2642,5
2643,5
2644,4
2645,4
2646,5
2647,5
2648,1
2649,5
2650,1
2651,4
2652,5
2653,5
2654,1
2655,3
2656,6
2657,6
2658,5
2659,6
2660,1
2661,6
2662,4
2663,4
2664,5
2665,1
2666,0
2667,4
2668,5
2669,5
2670,3
2671,5
2672,5
2673,1
2674,1
2675,6
2676,4
2677,5
2678,1
2679,4
2680,5
2681,5
2682,1
2683,1
2684,1
2685,3
2686,1
2687,4
2688,1
2689,5
2690,3
2691,1
2692,5
2693,0
2694,5
2695,4
2696,4
2697,4
2698,5
2699,7
2700,6
2701,4
2702,6
2703,5
2704,5
2705,5
2706,4
2707,5
2708,5
2709,3
2710,3
2711,7
2712,6
2713,6
2714,4
2715,4
2716,1
2717,5
2718,1
2719,6
2720,6
2721,1
2722,1
2723,7
2724,4
2725,5
2726,4
2727,3
2728,0
2729,4
2730,4
2731,6
2732,5
2733,5
2734,4
2735,6
2736,3
2737,3
2738,1
2739,1
2740,4
2741,5
2742,4
2743,4
2744,4
2745,4
2746,3
2747,4
2748,6
2749,1
2750,5
2751,1
2752,3
2753,5
2754,5
2755,5
2756,1
2757,4
2758,1
2759,1
2760,4
2761,5
2762,1
2763,4
2764,6
2765,5
2766,5
2767,5
2768,5
2769,6
2770,5
2771,0
2772,4
2773,4
2774,7
2775,1
2776,1
2777,4
2778,4
2779,4
2780,4
2781,3
2782,4
2783,4
2784,5
2785,4
2786,1
2787,1
2788,4
2789,1
2790,4
2791,4
2792,6
2793,4
2794,4
2795,5
2796,4
2797,4
2798,1
2799,4
2800,4
2801,4
2802,4
2803,4
2804,7
2805,4
2806,6
2807,4
2808,6
2809,1
2810,1
2811,6
2812,5
2813,4
2814,1
2815,0
2816,5
2817,1
2818,1
2819,1
2820,3
2821,3
2822,1
2823,7
2824,0
2825,3
2826,4
2827,5
2828,6
2829,6
2830,4
2831,1
2832,3
2833,3
2834,6
2835,4
2836,4
2837,3
2838,6
2839,4
2840,1
2841,4
2842,1
2843,4
2844,4
2845,4
2846,1
2847,1
2848,4
2849,1
2850,4
2851,4
2852,4
2853,1
2854,3
2855,1
2856,4
2857,5
2858,1
2859,4
2860,0
2861,5
2862,0
2863,1
2864,1
2865,5
2866,0
2867,4
2868,1
2869,5
2870,4
2871,3
2872,4
2873,4
2874,1
2875,4
2876,1
2877,3
2878,6
2879,1
2880,1
2881,1
2882,7
2883,4
2884,5
2885,5
2886,5
2887,4
2888,4
2889,1
2890,4
2891,3
2892,4
2893,3
2894,5
2895,0
2896,4
2897,1
2898,5
2899,4
2900,1
2901,4
2902,1
2903,1
2904,1
2905,0
2906,4
2907,4
2908,5
2909,4
2910,4
2911,0
2912,5
2913,4
2914,5
2915,0
2916,1
2917,4
2918,5
2919,5
2920,5
2921,1
2922,1
2923,3
2924,6
2925,5
2926,6
2927,4
2928,0
2929,5
2930,1
2931,1
2932,4
2933,1
2934,6
2935,7
2936,7
2937,0
2938,5
2939,4
2940,4
2941,5
2942,5
2943,3
2944,4
2945,1
2946,1
2947,5
2948,0
2949,6
2950,1
2951,4
2952,5
2953,5
2954,1
2955,1
2956,0
2957,4
2958,6
2959,4
2960,5
2961,0
2962,4
2963,5
2964,3
2965,3
2966,4
2967,7
2968,4
2969,5
2970,4
2971,5
2972,5
2973,3
2974,5
2975,1
2976,6
2977,4
2978,4
2979,6
2980,6
2981,4
2982,7
2983,5
2984,1
2985,7
2986,5
2987,6
2988,6
2989,4
2990,1
2991,4
2992,1
2993,5
2994,4
2995,4
2996,1
2997,5
2998,5
2999,5
3000,1
3001,1
3002,5
3003,7
3004,4
3005,5
3006,6
3007,5
3008,4
3009,5
3010,6
3011,5
3012,4
3013,1
3014,5
3015,6
3016,1
3017,4
3018,3
3019,5
3020,4
3021,3
3022,4
3023,0
3024,5
3025,4
3026,3
3027,1
3028,0
3029,6
3030,3
3031,0
3032,6
3033,5
3034,5
3035,6
3036,5
3037,6
3038,1
3039,4
3040,5
3041,3
3042,1
3043,7
3044,0
3045,4
3046,0
3047,5
3048,3
3049,5
3050,5
3051,7
3052,5
3053,1
3054,1
3055,3
3056,0
3057,4
3058,4
3059,5
3060,7
3061,6
3062,4
3063,3
3064,5
3065,4
3066,6
3067,4
3068,5
3069,6
3070,4
3071,5
3072,1
3073,1
3074,5
3075,6
3076,4
3077,4
3078,4
3079,0
3080,3
3081,3
3082,3
3083,0
3084,5
3085,4
3086,6
3087,3
3088,6
3089,4
3090,4
3091,4
3092,5
3093,4
3094,1
3095,1
3096,4
3097,6
3098,6
3099,4
3100,4
3101,6
3102,3
3103,4
3104,5
3105,4
3106,0
3107,4
3108,4
3109,4
3110,0
3111,4
3112,4
3113,5
3114,5
3115,1
3116,4
3117,3
3118,3
3119,5
3120,4
3121,4
3122,3
3123,4
3124,5
3125,4
3126,1
3127,0
3128,1
3129,5
3130,3
3131,5
3132,1
3133,6
3134,1
3135,5
3136,1
3137,4
3138,6
3139,4
3140,5
3141,5
3142,5
3143,4
3144,5
3145,1
3146,1
3147,5
3148,5
3149,4
3150,3
3151,5
3152,5
3153,5
3154,3
3155,5
3156,6
3157,1
3158,3
3159,1
3160,5
3161,1
3162,1
3163,4
3164,4
3165,3
3166,3
3167,5
3168,1
3169,3
3170,1
3171,4
3172,4
3173,1
3174,4
3175,6
3176,1
3177,5
3178,4
3179,4
3180,3
3181,1
3182,4
3183,4
3184,5
3185,3
3186,5
3187,4
3188,4
3189,4
3190,5
3191,3
3192,4
3193,4
3194,1
3195,5
3196,4
3197,4
3198,6
3199,4
3200,1
3201,4
3202,1
3203,4
3204,4
3205,1
3206,1
3207,4
3208,4
3209,6
3210,4
3211,4
3212,5
3213,5
3214,4
3215,4
3216,6
3217,4
3218,3
3219,1
3220,4
3221,6
3222,0
3223,0
3224,0
3225,0
3226,0
3227,0
3228,0
3229,0
3230,0
3231,0
3232,1
3233,0
3234,1
3235,1
3236,1
3237,1
3238,1
3239,1
3240,1
3241,1
3242,1
3243,1
3244,1
3245,0
3246,0
3247,0
3248,0
3249,0
3250,0
3251,0
3252,0
3253,0
3254,0
3255,0
3256,0
3257,0
3258,0
3259,0
3260,0
3261,0
3262,0
3263,0
3264,0
3265,0
3266,0
3267,0
3268,0
3269,0
3270,0
3271,0
3272,0
3273,3
3274,3
3275,0
3276,0
3277,3
3278,3
3279,3
3280,0
3281,0
3282,0
3283,7
3284,3
3285,3
3286,3
3287,1
3288,1
3289,1
3290,1
3291,1
3292,3
3293,1
3294,0
3295,0
3296,0
3297,0
3298,3
3299,0
3300,6
3301,1
3302,1
3303,1
3304,1
3305,1
3306,1
3307,1
3308,1
3309,1
3310,1
3311,7
3312,1
3313,1
3314,1
3315,1
3316,1
3317,1
3318,0
3319,1
3320,1
3321,1
3322,1
3323,1
3324,5
3325,1
3326,0
3327,1
3328,1
3329,5
3330,1
3331,1
3332,1
3333,7
3334,1
3335,1
3336,1
3337,0
3338,1
3339,1
3340,6
3341,0
3342,1
3343,1
3344,0
3345,0
3346,0
3347,1
3348,0
3349,6
3350,0
3351,0
3352,5
3353,0
3354,0
3355,0
3356,0
3357,1
3358,1
3359,0
3360,0
3361,6
3362,0
3363,0
3364,0
3365,6
3366,0
3367,0
3368,1
3369,0
3370,0
3371,1
3372,1
3373,0
3374,0
3375,1
3376,0
3377,0
3378,0
3379,0
3380,0
3381,0
3382,0
3383,0
3384,0
3385,0
3386,0
3387,0
3388,0
3389,0
3390,0
3391,1
3392,1
3393,1
3394,1
3395,1
3396,1
3397,1
3398,1
3399,1
3400,1
3401,6
3402,1
3403,1
3404,1
3405,1
3406,1
3407,1
3408,1
3409,1
3410,3
3411,6
3412,3
3413,6
3414,6
3415,6
3416,6
3417,6
3418,6
3419,3
3420,6
3421,6
3422,6
3423,3
3424,6
3425,6
3426,3
3427,1
3428,6
3429,1
3430,1
3431,1
3432,1
3433,1
3434,1
3435,1
3436,1
3437,1
3438,1
3439,1
3440,1
3441,1
3442,1
3443,3
3444,1
3445,0
3446,1
3447,6
3448,1
3449,1
3450,1
3451,1
3452,1
3453,1
3454,1
3455,1
3456,1
3457,6
3458,6
3459,6
3460,3
3461,3
3462,3
3463,3
3464,6
3465,3
3466,5
3467,3
3468,6
3469,6
3470,3
3471,6
3472,3
3473,3
3474,3
3475,3
3476,3
3477,0
3478,3
3479,3
3480,3
3481,0
3482,3
3483,3
3484,3
3485,3
3486,0
3487,0
3488,5
3489,0
3490,0
3491,4
3492,0
3493,5
3494,0
3495,0
3496,1
3497,6
3498,0
3499,0
3500,0
3501,0
3502,0
3503,0
3504,0
3505,0
3506,0
3507,0
3508,0
3509,0
3510,0
3511,0
3512,1
3513,0
3514,0
3515,0
3516,0
3517,0
3518,0
3519,6
3520,4
3521,1
3522,3
3523,1
3524,3
3525,6
3526,6
3527,6
3528,3
3529,1
3530,0
3531,1
3532,6
3533,0
3534,6
3535,7
3536,1
3537,6
3538,3
3539,5
3540,0
3541,1
3542,1
3543,6
3544,6
3545,5
3546,0
3547,1
3548,1
3549,4
3550,6
3551,7
3552,6
3553,3
3554,6
3555,6
3556,6
3557,3
3558,1
3559,6
3560,1
3561,0
3562,3
3563,0
3564,1
3565,7
3566,0
3567,1
3568,1
3569,1
3570,6
3571,3
3572,6
3573,0
3574,0
3575,0
3576,0
3577,0
3578,0
3579,1
3580,0
3581,6
3582,0
3583,0
3584,0
3585,1
3586,3
3587,0
3588,1
3589,1
3590,1
3591,1
3592,1
3593,3
3594,1
3595,6
3596,3
3597,1
3598,4
3599,1
3600,4
3601,4
3602,6
3603,4
3604,0
3605,4
3606,4
3607,4
3608,4
3609,3
3610,4
3611,1
3612,0
3613,0
3614,6
3615,1
3616,1
3617,0
3618,6
3619,0
3620,3
3621,1
3622,6
3623,1
3624,0
3625,0
3626,1
3627,1
3628,0
3629,1
3630,5
3631,1
3632,1
3633,0
3634,1
3635,1
3636,1
3637,0
3638,3
3639,0
3640,0
3641,0
3642,0
3643,0
3644,1
3645,0
3646,7
3647,1
3648,0
3649,1
3650,0
3651,7
3652,7
3653,0
3654,3
3655,0
3656,0
3657,1
3658,0
3659,0
3660,1
3661,0
3662,0
3663,0
3664,3
3665,1
3666,1
3667,0
3668,0
3669,0
3670,6
3671,6
3672,0
3673,6
3674,1
3675,3
3676,6
3677,0
3678,6
3679,1
3680,3
3681,0
3682,1
3683,0
3684,6
3685,6
3686,4
3687,6
3688,3
3689,0
3690,6
3691,3
3692,6
3693,6
3694,6
3695,6
3696,0
3697,6
3698,6
3699,3
3700,0
3701,6
3702,0
3703,3
3704,6
3705,1
3706,3
3707,3
3708,6
3709,1
3710,4
3711,6
3712,3
3713,3
3714,1
3715,6
3716,6
3717,6
3718,6
3719,6
3720,6
3721,6
3722,6
3723,6
3724,1
3725,6
3726,6
3727,0
3728,6
3729,6
3730,6
3731,6
3732,0
3733,6
3734,6
3735,6
3736,6
3737,6
3738,6
3739,1
3740,6
3741,6
3742,6
3743,6
3744,6
3745,6
3746,1
3747,1
3748,1
3749,6
3750,1
3751,0
3752,1
3753,1
3754,1
3755,1
3756,0
3757,1
3758,1
3759,3
3760,1
3761,1
3762,1
3763,1
3764,1
3765,0
3766,1
3767,1
3768,6
3769,0
3770,0
3771,0
3772,1
3773,0
3774,1
3775,0
3776,0
3777,1
3778,0
3779,0
3780,1
3781,0
3782,0
3783,0
3784,6
3785,0
3786,1
3787,1
3788,1
3789,1
3790,0
3791,1
3792,6
3793,6
3794,0
3795,0
3796,0
3797,6
3798,6
3799,0
3800,1
3801,0
3802,4
3803,0
3804,0
3805,1
3806,0
3807,1
3808,0
3809,0
3810,6
3811,3
3812,0
3813,4
3814,0
3815,0
3816,1
3817,3
3818,0
3819,3
3820,2
3821,2
3822,2
3823,7
3824,2
3825,2
3826,3
3827,2
3828,2
3829,2
3830,2
3831,2
3832,2
3833,3
3834,2
3835,2
3836,2
3837,2
3838,2
3839,2
3840,2
3841,2
3842,2
3843,2
3844,2
3845,2
3846,2
3847,2
3848,2
3849,7
3850,7
3851,7
3852,7
3853,2
3854,2
3855,2
3856,2
3857,2
3858,2
3859,2
3860,2
3861,2
3862,2
3863,2
3864,2
3865,2
3866,2
3867,7
3868,2
3869,2
3870,2
3871,7
3872,7
3873,7
3874,7
3875,2
3876,7
3877,2
3878,7
3879,7
3880,7
3881,7
3882,2
3883,2
3884,2
3885,2
3886,2
3887,2
3888,2
3889,7
3890,7
3891,2
3892,7
3893,6
3894,7
3895,7
3896,3
3897,7
3898,2
3899,7
3900,2
3901,7
3902,7
3903,7
3904,7
3905,2
3906,7
3907,7
3908,7
3909,7
3910,7
3911,2
3912,2
3913,2
3914,2
3915,2
3916,2
3917,2
3918,2
3919,2
3920,2
3921,2
3922,2
3923,2
3924,2
3925,2
3926,2
3927,7
3928,2
3929,2
3930,2
3931,2
3932,7
3933,2
3934,7
3935,2
3936,3
3937,2
3938,7
3939,3
3940,7
3941,2
3942,2
3943,2
3944,2
3945,7
3946,7
3947,7
3948,7
3949,2
3950,3
3951,2
3952,2
3953,2
3954,7
3955,2
3956,7
3957,2
3958,2
3959,7
3960,2
3961,2
3962,2
3963,3
3964,2
3965,4
3966,2
3967,7
3968,2
3969,2
3970,7
3971,2
3972,2
3973,2
3974,2
3975,3
3976,2
3977,2
3978,2
3979,3
3980,2
3981,2
3982,3
3983,2
3984,2
3985,7
3986,7
3987,7
3988,3
3989,2
3990,2
3991,7
3992,2
3993,2
3994,2
3995,2
3996,7
3997,2
3998,7
3999,3
4000,7
4001,3
4002,7
4003,2
4004,2
4005,7
4006,3
4007,7
4008,0
4009,0
4010,0
4011,4
4012,2
4013,7
4014,7
4015,7
4016,7
4017,2
4018,7
4019,7
4020,2
4021,2
4022,7
4023,2
4024,3
4025,2
4026,7
4027,4
4028,7
4029,7
4030,7
4031,7
4032,7
4033,2
4034,3
4035,2
4036,2
4037,2
4038,2
4039,2
4040,2
4041,7
4042,4
4043,2
4044,2
4045,2
4046,2
4047,2
4048,2
4049,7
4050,2
4051,2
4052,7
4053,2
4054,7
4055,2
4056,7
4057,2
4058,7
4059,2
4060,7
4061,2
4062,2
4063,2
4064,3
4065,2
4066,2
4067,2
4068,2
4069,7
4070,2
4071,2
4072,2
4073,2
4074,2
4075,2
4076,2
4077,2
4078,2
4079,3
4080,3
4081,7
4082,3
4083,7
4084,7
4085,2
4086,2
4087,2
4088,7
4089,7
4090,7
4091,7
4092,7
4093,2
4094,7
4095,7
4096,7
4097,7
4098,7
4099,3
4100,2
4101,7
4102,7
4103,7
4104,7
4105,2
4106,7
4107,7
4108,7
4109,2
4110,2
4111,2
4112,7
4113,2
4114,2
4115,7
4116,7
4117,7
4118,7
4119,7
4120,7
4121,2
4122,7
4123,2
4124,7
4125,7
4126,7
4127,7
4128,2
4129,2
4130,7
4131,2
4132,2
4133,2
4134,2
4135,2
4136,3
4137,2
4138,3
4139,2
4140,7
4141,2
4142,7
4143,2
4144,7
4145,2
4146,2
4147,2
4148,7
4149,7
4150,7
4151,2
4152,2
4153,2
4154,7
4155,0
4156,7
4157,3
4158,2
4159,2
4160,5
4161,7
4162,7
4163,7
4164,2
4165,7
4166,2
4167,2
4168,7
4169,2
4170,2
4171,2
4172,7
4173,2
4174,7
4175,7
4176,7
4177,2
4178,2
4179,7
4180,2
4181,7
4182,2
4183,2
4184,7
4185,7
4186,7
4187,2
4188,3
4189,2
4190,7
4191,3
4192,2
4193,2
4194,7
4195,2
4196,2
4197,2
4198,2
4199,7
4200,7
4201,7
4202,2
4203,2
4204,3
4205,2
4206,2
4207,7
4208,2
4209,2
4210,2
4211,2
4212,7
4213,7
4214,2
4215,7
4216,2
4217,7
4218,7
4219,2
4220,7
4221,7
4222,2
4223,3
4224,2
4225,2
4226,7
4227,3
4228,7
4229,2
4230,7
4231,2
4232,2
4233,7
4234,7
4235,7
4236,2
4237,2
4238,7
4239,2
4240,2
4241,2
4242,7
4243,2
4244,2
4245,2
4246,2
4247,2
4248,2
4249,2
4250,2
4251,7
4252,7
4253,7
4254,7
4255,2
4256,7
4257,7
4258,7
4259,2
4260,2
4261,2
4262,7
4263,3
4264,7
4265,2
4266,2
4267,2
4268,2
4269,7
4270,7
4271,2
4272,7
4273,7
4274,2
4275,7
4276,2
4277,2
4278,2
4279,2
4280,7
4281,2
4282,3
4283,2
4284,7
4285,2
4286,7
4287,2
4288,2
4289,2
4290,2
4291,2
4292,2
4293,3
4294,3
4295,2
4296,2
4297,2
4298,2
4299,7
4300,2
4301,7
4302,2
4303,2
4304,2
4305,2
4306,2
4307,2
4308,2
4309,2
4310,2
4311,2
4312,7
4313,7
4314,7
4315,2
4316,4
4317,7
4318,2
4319,2
4320,7
4321,2
4322,2
4323,2
4324,2
4325,7
4326,7
4327,2
4328,2
4329,2
4330,2
4331,2
4332,2
4333,2
4334,2
4335,2
4336,2
4337,1
4338,0
4339,2
4340,2
4341,7
4342,2
4343,2
4344,2
4345,2
4346,2
4347,2
4348,7
4349,2
4350,2
4351,2
4352,7
4353,2
4354,2
4355,2
4356,2
4357,2
4358,2
4359,3
4360,2
4361,7
4362,7
4363,7
4364,7
4365,2
4366,7
4367,7
4368,2
4369,7
4370,7
4371,7
4372,3
4373,7
4374,2
4375,7
4376,2
4377,2
4378,7
4379,2
4380,2
4381,2
4382,2
4383,7
4384,2
4385,2
4386,2
4387,2
4388,2
4389,2
4390,2
4391,7
4392,3
4393,7
4394,3
4395,7
4396,2
4397,7
4398,7
4399,2
4400,7
4401,7
4402,2
4403,2
4404,2
4405,3
4406,2
4407,3
4408,7
4409,2
4410,2
4411,7
4412,2
4413,2
4414,3
4415,2
4416,2
4417,2
4418,7
4419,2
4420,7
4421,2
4422,2
4423,2
4424,2
4425,2
4426,2
4427,2
4428,7
4429,2
4430,2
4431,2
4432,2
4433,2
4434,2
4435,3
4436,2
4437,2
4438,6
4439,2
4440,7
4441,2
4442,7
4443,4
4444,7
4445,2
4446,2
4447,1
4448,7
4449,2
4450,2
4451,7
4452,7
4453,7
4454,7
4455,7
4456,7
4457,7
4458,7
4459,7
4460,7
4461,7
4462,7
4463,7
4464,7
4465,1
4466,7
4467,2
4468,7
4469,2
4470,2
4471,7
4472,2
4473,2
4474,2
4475,2
4476,2
4477,7
4478,7
4479,2
4480,7
4481,2
4482,2
4483,7
4484,2
4485,7
4486,2
4487,7
4488,7
4489,7
4490,7
4491,7
4492,2
4493,7
4494,2
4495,2
4496,2
4497,2
4498,7
4499,2
4500,7
4501,2
4502,2
4503,2
4504,2
4505,2
4506,2
4507,3
4508,2
4509,2
4510,2
4511,3
4512,2
4513,2
4514,2
4515,2
4516,2
4517,7
4518,2
4519,2
4520,2
4521,7
4522,7
4523,7
4524,7
4525,2
4526,2
4527,2
4528,7
4529,2
4530,7
4531,7
4532,2
4533,2
4534,7
4535,3
4536,2
4537,2
4538,2
4539,2
4540,2
4541,7
4542,7
4543,7
4544,7
4545,3
4546,7
4547,3
4548,2
4549,2
4550,3
4551,7
4552,2
4553,2
4554,7
4555,7
4556,7
4557,2
4558,7
4559,2
4560,2
4561,2
4562,7
4563,7
4564,7
4565,7
4566,7
4567,2
4568,7
4569,7
4570,2
4571,2
4572,7
4573,2
4574,7
4575,7
4576,7
4577,2
4578,2
4579,4
4580,2
4581,2
4582,2
4583,2
4584,2
4585,2
4586,2
4587,2
4588,2
4589,2
4590,2
4591,2
4592,2
4593,2
4594,2
4595,2
4596,2
4597,2
4598,2
4599,2
4600,2
4601,3
4602,7
4603,2
4604,2
4605,7
4606,7
4607,2
4608,2
4609,0
4610,2
4611,2
4612,7
4613,2
4614,2
4615,2
4616,2
4617,2
4618,7
4619,7
4620,2
4621,2
4622,2
4623,2
4624,2
4625,2
4626,2
4627,2
4628,2
4629,2
4630,2
4631,2
4632,7
4633,2
4634,7
4635,3
4636,3
4637,2
4638,2
4639,2
4640,2
4641,2
4642,2
4643,2
4644,2
4645,2
4646,2
4647,2
4648,3
4649,7
4650,1
4651,2
4652,2
4653,2
4654,2
4655,2
4656,7
4657,7
4658,2
4659,7
4660,7
4661,7
4662,2
4663,2
4664,2
4665,7
4666,7
4667,2
4668,7
4669,2
4670,7
4671,2
4672,7
4673,2
4674,2
4675,2
4676,7
4677,7
4678,2
4679,7
4680,2
4681,7
4682,2
4683,2
4684,2
4685,7
4686,2
4687,7
4688,7
4689,7
4690,2
4691,2
4692,2
4693,2
4694,2
4695,2
4696,2
4697,2
4698,2
4699,2
4700,2
4701,1
4702,2
4703,2
4704,2
4705,3
4706,3
4707,2
4708,2
4709,2
4710,2
4711,3
4712,2
4713,2
4714,2
4715,2
4716,2
4717,2
4718,2
4719,2
4720,7
4721,7
4722,7
4723,2
4724,2
4725,3
4726,2
4727,2
4728,2
4729,2
4730,2
4731,2
4732,7
4733,7
4734,7
4735,2
4736,2
4737,2
4738,2
4739,2
4740,2
4741,7
4742,3
4743,7
4744,2
4745,7
4746,3
4747,2
4748,7
4749,2
4750,7
4751,2
4752,7
4753,2
4754,7
4755,2
4756,2
4757,7
4758,2
4759,7
4760,7
4761,7
4762,0
4763,7
4764,7
4765,4
4766,2
4767,2
4768,7
4769,2
4770,2
4771,3
4772,3
4773,2
4774,2
4775,7
4776,2
4777,2
4778,2
4779,4
4780,2
4781,2
4782,3
4783,7
4784,3
4785,7
4786,3
4787,7
4788,7
4789,7
4790,7
4791,7
4792,7
4793,2
4794,7
4795,7
4796,2
4797,7
4798,2
4799,2
4800,2
4801,2
4802,7
4803,7
4804,0
4805,7
4806,7
4807,2
4808,7
4809,2
4810,7
4811,7
4812,7
4813,7
4814,7
4815,7
4816,7
4817,7
4818,7
4819,7
4820,7
4821,7
4822,7
4823,7
4824,7
4825,2
4826,2
4827,7
4828,2
4829,2
4830,7
4831,2
4832,2
4833,7
4834,7
4835,0
4836,0
4837,7
4838,2
4839,2
4840,2
4841,2
4842,2
4843,7
4844,7
4845,2
4846,2
4847,7
4848,7
4849,7
4850,7
4851,7
4852,2
4853,7
4854,0
4855,7
4856,2
4857,7
4858,2
4859,2
4860,3
4861,2
4862,7
4863,7
4864,7
4865,2
4866,7
4867,2
4868,2
4869,7
4870,2
4871,7
4872,2
4873,7
4874,7
4875,2
4876,2
4877,2
4878,2
4879,7
4880,2
4881,7
4882,7
4883,7
4884,1
4885,7
4886,7
4887,2
4888,7
4889,7
4890,2
4891,7
4892,7
4893,2
4894,7
4895,7
4896,7
4897,7
4898,3
4899,2
4900,2
4901,7
4902,7
4903,7
4904,7
4905,3
4906,7
4907,7
4908,7
4909,7
4910,2
4911,2
4912,7
4913,7
4914,2
4915,7
4916,7
4917,2
4918,2
4919,7
4920,2
4921,7
4922,2
4923,7
4924,7
4925,7
4926,7
4927,7
4928,7
4929,3
4930,7
4931,7
4932,7
4933,7
4934,2
4935,7
4936,7
4937,7
4938,7
4939,7
4940,7
4941,2
4942,1
4943,7
4944,7
4945,3
4946,7
4947,7
4948,3
4949,3
4950,2
4951,2
4952,2
4953,2
4954,2
4955,3
4956,3
4957,2
4958,2
4959,2
4960,2
4961,7
4962,2
4963,7
4964,2
4965,3
4966,7
4967,7
4968,7
4969,7
4970,7
4971,1
4972,7
4973,3
4974,7
4975,7
4976,2
4977,7
4978,3
4979,7
4980,7
4981,4
4982,2
4983,2
4984,2
4985,2
4986,2
4987,2
4988,2
4989,2
4990,2
4991,2
4992,2
4993,7
4994,2
4995,2
4996,2
4997,2
4998,2
4999,2
5000,2
5001,7
5002,2
5003,2
5004,2
5005,2
5006,2
5007,2
5008,2
5009,2
5010,2
5011,2
5012,7
5013,3
5014,2
5015,2
5016,2
5017,2
5018,2
5019,7
5020,2
5021,7
5022,2
5023,2
5024,2
5025,2
5026,2
5027,1
5028,2
5029,2
5030,2
5031,2
5032,2
5033,7
5034,7
5035,2
5036,2
5037,2
5038,2
5039,2
5040,2
5041,3
5042,5
5043,2
5044,7
5045,2
5046,2
5047,7
5048,7
5049,2
5050,7
5051,7
5052,2
5053,7
5054,7
5055,2
5056,2
5057,7
5058,2
5059,7
5060,7
5061,7
5062,3
5063,2
5064,3
5065,7
5066,7
5067,2
5068,7
5069,7
5070,2
5071,2
5072,3
5073,7
5074,7
5075,3
5076,7
5077,2
5078,7
5079,7
5080,7
5081,2
5082,3
5083,7
5084,7
5085,7
5086,2
5087,3
5088,3
5089,3
5090,7
5091,7
5092,7
5093,7
5094,7
5095,7
5096,7
5097,7
5098,0
5099,7
5100,7
5101,3
5102,2
5103,5
5104,3
5105,3
5106,2
5107,2
5108,7
5109,7
5110,7
5111,7
5112,7
5113,7
5114,2
5115,7
5116,2
5117,7
5118,7
5119,3
5120,2
5121,7
5122,3
5123,7
5124,7
5125,7
5126,2
5127,7
5128,2
5129,7
5130,3
5131,7
5132,7
5133,3
5134,7
5135,4
5136,7
5137,3
5138,0
5139,3
5140,4
5141,7
5142,7
5143,2
5144,3
5145,7
5146,7
5147,2
5148,7
5149,7
5150,7
5151,2
5152,7
5153,2
5154,7
5155,7
5156,2
5157,2
5158,7
5159,7
5160,7
5161,7
5162,7
5163,2
5164,7
5165,5
5166,7
5167,7
5168,7
5169,7
5170,7
5171,7
5172,7
5173,7
5174,2
5175,7
5176,2
5177,2
5178,7
5179,4
5180,7
5181,3
5182,1
5183,7
5184,7
5185,7
5186,7
5187,7
5188,7
5189,5
5190,7
5191,7
5192,2
5193,3
5194,7
5195,7
5196,3
5197,3
5198,7
5199,0
5200,3
5201,7
5202,7
5203,7
5204,7
5205,7
5206,7
5207,7
5208,7
5209,7
5210,7
5211,7
5212,7
5213,7
5214,7
5215,7
5216,7
5217,3
5218,3
5219,7
5220,4
5221,6
5222,7
5223,6
5224,6
5225,7
5226,3
5227,7
5228,7
5229,6
5230,7
5231,2
5232,7
5233,4
5234,7
5235,7
5236,3
5237,3
5238,7
5239,7
5240,7
5241,1
5242,6
5243,3
5244,3
5245,0
5246,3
5247,0
5248,7
5249,3
5250,7
5251,6
5252,4
5253,6
5254,5
5255,0
5256,4
5257,1
5258,5
5259,0
5260,4
5261,1
5262,5
5263,5
5264,0
5265,5
5266,4
5267,4
5268,1
5269,7
5270,0
5271,6
5272,0
5273,3
5274,3
5275,5
5276,6
5277,6
5278,3
5279,6
5280,4
5281,6
5282,5
5283,5
5284,0
5285,1
5286,6
5287,1
5288,4
5289,6
5290,3
5291,6
5292,4
5293,3
5294,3
5295,4
5296,1
5297,3
5298,1
5299,1
5300,4
5301,3
5302,3
5303,6
5304,4
5305,6
5306,0
5307,6
5308,3
5309,3
5310,3
5311,4
5312,5
5313,0
5314,3
5315,6
5316,1
5317,6
5318,6
5319,3
5320,4
5321,0
5322,3
5323,0
5324,6
5325,4
5326,1
5327,6
5328,1
5329,1
5330,3
5331,0
5332,3
5333,6
5334,3
5335,5
5336,3
5337,3
5338,3
5339,3
5340,1
5341,6
5342,5
5343,6
5344,4
5345,5
5346,0
5347,3
5348,5
5349,5
5350,7
5351,1
5352,3
5353,4
5354,6
5355,3
5356,6
5357,6
5358,3
5359,6
5360,3
5361,1
5362,3
5363,6
5364,3
5365,3
5366,5
5367,7
5368,5
5369,6
5370,5
5371,3
5372,1
5373,4
5374,5
5375,6
5376,5
5377,5
5378,4
5379,4
5380,6
5381,1
5382,5
5383,5
5384,6
5385,6
5386,6
5387,3
5388,3
5389,4
5390,4
5391,4
5392,3
5393,4
5394,5
5395,5
5396,5
5397,3
5398,4
5399,3
5400,0
5401,6
5402,3
5403,3
5404,3
5405,3
5406,4
5407,6
5408,4
5409,7
5410,1
5411,1
5412,6
5413,6
5414,0
5415,5
5416,5
5417,4
5418,6
5419,3
5420,5
5421,5
5422,6
5423,6
5424,4
5425,5
5426,5
5427,3
5428,1
5429,3
5430,6
5431,5
5432,3
5433,5
5434,5
5435,3
5436,5
5437,5
5438,4
5439,5
5440,6
5441,4
5442,6
5443,3
5444,1
5445,7
5446,3
5447,5
5448,6
5449,1
5450,6
5451,0
5452,0
5453,6
5454,3
5455,5
5456,6
5457,1
5458,0
5459,4
5460,6
5461,3
5462,0
5463,6
5464,5
5465,1
5466,4
5467,4
5468,5
5469,6
5470,0
5471,4
5472,3
5473,5
5474,5
5475,3
5476,6
5477,0
5478,6
5479,6
5480,1
5481,1
5482,3
5483,4
5484,4
5485,1
5486,3
5487,5
5488,6
5489,3
5490,4
5491,4
5492,3
5493,3
5494,6
5495,3
5496,1
5497,3
5498,3
5499,3
5500,3
5501,3
5502,3
5503,6
5504,3
5505,0
5506,6
5507,0
5508,6
5509,3
5510,6
5511,3
5512,3
5513,0
5514,6
5515,3
5516,3
5517,6
5518,4
5519,1
5520,3
5521,6
5522,0
5523,3
5524,5
5525,3
5526,3
5527,3
5528,6
5529,4
5530,6
5531,4
5532,6
5533,1
5534,4
5535,1
5536,5
5537,4
5538,6
5539,1
5540,0
5541,6
5542,5
5543,5
5544,5
5545,5
5546,0
5547,6
5548,6
5549,3
5550,3
5551,1
5552,5
5553,4
5554,6
5555,6
5556,5
5557,3
5558,5
5559,6
5560,3
5561,3
5562,4
5563,3
5564,3
5565,6
5566,6
5567,3
5568,3
5569,5
5570,4
5571,6
5572,6
5573,6
5574,0
5575,4
5576,3
5577,7
5578,6
5579,6
5580,6
5581,5
5582,6
5583,5
5584,3
5585,1
5586,3
5587,3
5588,6
5589,1
5590,6
5591,1
5592,3
5593,5
5594,1
5595,6
5596,1
5597,3
5598,4
5599,3
5600,0
5601,6
5602,6
5603,5
5604,3
5605,6
5606,4
5607,6
5608,6
5609,6
5610,5
5611,1
5612,1
5613,4
5614,6
5615,0
5616,0
5617,0
5618,4
5619,6
5620,3
5621,0
5622,4
5623,3
5624,3
5625,3
5626,6
5627,3
5628,1
5629,0
5630,1
5631,0
5632,5
5633,3
5634,1
5635,4
5636,0
5637,4
5638,6
5639,4
5640,1
5641,6
5642,5
5643,1
5644,6
5645,3
5646,4
5647,4
5648,0
5649,5
5650,4
5651,3
5652,3
5653,0
5654,0
5655,3
5656,3
5657,4
5658,0
5659,0
5660,3
5661,6
5662,4
5663,3
5664,6
5665,3
5666,5
5667,4
5668,1
5669,0
5670,1
5671,5
5672,6
5673,6
5674,4
5675,6
5676,4
5677,3
5678,1
5679,4
5680,3
5681,6
5682,5
5683,4
5684,3
5685,4
5686,4
5687,4
5688,3
5689,3
5690,6
5691,6
5692,3
5693,6
5694,3
5695,6
5696,6
5697,6
5698,6
5699,5
5700,6
5701,6
5702,6
5703,3
5704,6
5705,6
5706,6
5707,6
5708,6
5709,6
5710,4
5711,4
5712,0
5713,3
5714,0
5715,6
5716,1
5717,5
5718,6
5719,0
5720,3
5721,6
5722,6
5723,3
5724,7
5725,3
5726,4
5727,4
5728,7
5729,3
5730,3
5731,4
5732,3
5733,6
5734,0
5735,3
5736,6
5737,3
5738,3
5739,5
5740,5
5741,7
5742,6
5743,3
5744,6
5745,6
5746,6
5747,3
5748,0
5749,6
5750,3
5751,3
5752,6
5753,3
5754,6
5755,3
5756,1
5757,3
5758,3
5759,1
5760,3
5761,4
5762,4
5763,3
5764,3
5765,1
5766,6
5767,1
5768,4
5769,0
5770,0
5771,0
5772,4
5773,3
5774,0
5775,1
5776,7
5777,0
5778,3
5779,4
5780,6
5781,5
5782,6
5783,1
5784,3
5785,6
5786,5
5787,3
5788,5
5789,0
5790,4
5791,3
5792,4
5793,1
5794,3
5795,7
5796,3
5797,7
5798,3
5799,6
5800,0
5801,6
5802,6
5803,6
5804,3
5805,7
5806,1
5807,1
5808,1
5809,6
5810,5
5811,6
5812,1
5813,1
5814,1
5815,6
5816,1
5817,4
5818,1
5819,3
5820,0
5821,3
5822,0
5823,1
5824,6
5825,1
5826,1
5827,5
5828,5
5829,5
5830,5
5831,6
5832,4
5833,3
5834,0
5835,3
5836,3
5837,3
5838,3
5839,1
5840,4
5841,0
5842,3
5843,3
5844,1
5845,5
5846,3
5847,1
5848,1
5849,1
5850,6
5851,1
5852,0
5853,6
5854,4
5855,6
5856,0
5857,4
5858,4
5859,7
5860,1
5861,5
5862,4
5863,7
5864,7
5865,0
5866,1
5867,1
5868,5
5869,5
5870,5
5871,5
5872,4
5873,5
5874,6
5875,3
5876,5
5877,5
5878,1
5879,3
5880,5
5881,6
5882,5
5883,3
5884,0
5885,5
5886,5
5887,5
5888,5
5889,0
5890,7
5891,5
5892,5
5893,4
5894,5
5895,5
5896,5
5897,1
5898,4
5899,5
5900,3
5901,4
5902,4
5903,4
5904,4
5905,4
5906,4
5907,4
5908,5
5909,1
5910,6
5911,5
5912,5
5913,5
5914,5
5915,0
5916,4
5917,4
5918,5
5919,5
5920,6
5921,6
5922,6
5923,5
5924,6
5925,6
5926,3
5927,6
5928,3
5929,3
5930,3
5931,3
5932,3
5933,5
5934,4
5935,0
5936,5
5937,6
5938,4
5939,6
5940,1
5941,4
5942,3
5943,6
5944,3
5945,3
5946,6
5947,6
5948,6
5949,6
5950,5
5951,5
5952,1
5953,6
5954,6
5955,6
5956,1
5957,1
5958,1
5959,5
5960,7
5961,6
5962,6
5963,6
5964,6
5965,5
5966,0
5967,7
5968,7
5969,7
5970,7
5971,7
5972,5
5973,1
5974,3
5975,6
5976,6
5977,3
5978,1
5979,4
5980,1
5981,6
5982,6
5983,6
5984,6
5985,3
5986,6
5987,3
5988,3
5989,3
5990,3
5991,4
5992,3
5993,6
5994,5
5995,4
5996,6
5997,4
5998,6
5999,6
6000,6
6001,6
6002,6
6003,1
6004,6
6005,7
6006,5
6007,6
6008,6
6009,3
6010,4
6011,4
6012,6
6013,4
6014,7
6015,4
6016,1
6017,6
6018,6
6019,6
6020,6
6021,4
6022,5
6023,6
6024,1
6025,5
6026,6
6027,6
6028,6
6029,6
6030,6
6031,6
6032,6
6033,4
6034,6
6035,0
6036,0
6037,5
6038,0
6039,6
6040,6
6041,4
6042,5
6043,0
6044,4
6045,5
6046,5
6047,6
6048,3
6049,3
6050,1
6051,5
6052,5
6053,3
6054,6
6055,4
6056,4
6057,3
6058,4
6059,5
6060,5
6061,3
6062,0
6063,1
6064,6
6065,6
6066,5
6067,6
6068,4
6069,3
6070,1
6071,4
6072,4
6073,4
6074,4
6075,3
6076,3
6077,3
6078,3
6079,1
6080,5
6081,1
6082,0
6083,0
6084,0
6085,0
6086,1
6087,1
6088,3
6089,1
6090,6
6091,6
6092,6
6093,1
6094,3
6095,4
6096,1
6097,1
6098,5
6099,5
6100,6
6101,6
6102,6
6103,6
6104,6
6105,3
6106,3
6107,5
6108,1
6109,1
6110,4
6111,7
6112,4
6113,3
6114,1
6115,1
6116,1
6117,3
6118,5
6119,3
6120,6
6121,4
6122,0
6123,5
6124,0
6125,4
6126,4
6127,5
6128,4
6129,6
6130,4
6131,6
6132,4
6133,5
6134,4
6135,0
6136,0
6137,5
6138,4
6139,5
6140,5
6141,4
6142,1
6143,3
6144,4
6145,5
6146,5
6147,1
6148,5
6149,4
6150,6
6151,6
6152,6
6153,6
6154,0
6155,1
6156,1
6157,0
6158,0
6159,0
6160,0
6161,0
6162,6
6163,1
6164,5
6165,3
6166,5
6167,1
6168,6
6169,5
6170,1
6171,5
6172,1
6173,5
6174,5
6175,3
6176,6
6177,3
6178,0
6179,3
6180,5
6181,5
6182,1
6183,3
6184,3
6185,3
6186,3
6187,5
6188,5
6189,5
6190,1
6191,1
6192,0
6193,6
6194,1
6195,1
6196,1
6197,5
6198,5
6199,1
6200,5
6201,1
6202,4
6203,0
6204,4
6205,5
6206,1
6207,1
6208,5
6209,5
6210,5
6211,1
6212,6
6213,4
6214,5
6215,3
6216,1
6217,3
6218,3
6219,5
6220,6
6221,1
6222,1
6223,6
6224,3
6225,6
6226,3
6227,5
6228,6
6229,6
6230,3
6231,3
6232,3
6233,5
6234,6
6235,3
6236,6
6237,6
6238,5
6239,4
6240,6
6241,3
6242,6
6243,6
6244,6
6245,0
6246,0
6247,6
6248,0
6249,0
6250,0
6251,1
6252,1
6253,6
6254,3
6255,0
6256,5
6257,0
6258,1
6259,4
6260,4
6261,4
6262,5
6263,6
6264,5
6265,6
6266,6
6267,1
6268,1
6269,0
6270,1
6271,0
6272,6
6273,3
6274,3
6275,3
6276,3
6277,1
6278,0
6279,3
6280,6
6281,6
6282,3
6283,3
6284,3
6285,1
6286,1
6287,6
6288,1
6289,5
6290,1
6291,1
6292,1
6293,1
6294,1
6295,0
6296,1
6297,5
6298,1
6299,0
6300,0
6301,4
6302,3
6303,3
6304,3
6305,3
6306,6
6307,6
6308,5
6309,1
6310,5
6311,4
6312,4
6313,6
6314,6
6315,5
6316,6
6317,3
6318,6
6319,3
6320,6
6321,3
6322,3
6323,5
6324,4
6325,4
6326,6
6327,4
6328,0
6329,4
6330,4
6331,4
6332,6
6333,0
6334,1
6335,1
6336,0
6337,5
6338,5
6339,5
6340,3
6341,3
6342,6
6343,3
6344,3
6345,5
6346,6
6347,6
6348,3
6349,3
6350,7
6351,7
6352,3
6353,3
6354,3
6355,3
6356,6
6357,7
6358,5
6359,4
6360,1
6361,6
6362,4
6363,6
6364,0
6365,5
6366,6
6367,5
6368,1
6369,6
6370,1
6371,1
6372,1
6373,4
6374,1
6375,3
6376,4
6377,5
6378,6
6379,6
6380,3
6381,1
6382,3
6383,6
6384,6
6385,0
6386,3
6387,1
6388,1
6389,4
6390,4
6391,5
6392,1
6393,5
6394,5
6395,5
6396,6
6397,0
6398,5
6399,4
6400,6
6401,0
6402,4
6403,1
6404,1
6405,6
6406,3
6407,1
6408,0
6409,6
6410,7
6411,3
6412,6
6413,1
6414,3
6415,1
6416,1
6417,4
6418,6
6419,6
6420,6
6421,1
6422,1
6423,1
6424,1
6425,3
6426,1
6427,3
6428,1
6429,1
6430,3
6431,1
6432,3
6433,1
6434,4
6435,0
6436,1
6437,1
6438,0
6439,5
6440,6
6441,0
6442,6
6443,1
6444,6
6445,6
6446,6
6447,1
6448,6
6449,0
6450,1
6451,3
6452,3
6453,5
6454,6
6455,6
6456,7
6457,7
6458,7
6459,7
6460,6
6461,7
6462,7
6463,3
6464,6
6465,7
6466,7
6467,1
6468,1
6469,3
6470,3
6471,4
6472,7
6473,4
6474,7
6475,3
6476,7
6477,1
6478,1
6479,7
6480,7
6481,7
6482,6
6483,0
6484,1
6485,1
6486,1
6487,1
6488,1
6489,3
6490,3
6491,3
6492,3
6493,3
6494,1
6495,3
6496,5
6497,5
6498,5
6499,6
6500,6
6501,0
6502,4
6503,1
6504,4
6505,6
6506,6
6507,4
6508,4
6509,4
6510,5
6511,5
6512,1
6513,5
6514,0
6515,0
6516,0
6517,3
6518,1
6519,5
6520,5
6521,0
6522,5
6523,1
6524,1
6525,6
6526,6
6527,5
6528,1
6529,0
6530,5
6531,1
6532,5
6533,7
6534,4
6535,4
6536,5
6537,4
6538,6
6539,1
6540,0
6541,1
6542,4
6543,4
6544,4
6545,4
6546,0
6547,1
6548,3
6549,3
6550,3
6551,1
6552,0
6553,1
6554,6
6555,1
6556,1
6557,1
6558,3
6559,1
6560,1
6561,3
6562,3
6563,5
6564,1
6565,6
6566,4
6567,5
6568,5
6569,3
6570,3
6571,5
6572,4
6573,4
6574,1
6575,1
6576,1
6577,1
6578,1
6579,3
6580,3
6581,3
6582,1
6583,1
6584,1
6585,1
6586,7
6587,7
6588,4
6589,1
6590,5
6591,1
6592,1
6593,3
6594,3
6595,4
6596,0
6597,1
6598,1
6599,4
6600,1
6601,1
6602,1
6603,6
6604,1
6605,3
6606,3
6607,1
6608,7
6609,5
6610,1
6611,1
6612,3
6613,3
6614,3
6615,6
6616,4
6617,1
6618,4
6619,3
6620,6
6621,6
6622,1
6623,7
6624,1
6625,4
6626,3
6627,5
6628,4
6629,3
6630,7
6631,3
6632,4
6633,4
6634,1
6635,7
6636,1
6637,3
6638,1
6639,3
6640,0
6641,6
6642,1
6643,6
6644,1
6645,7
6646,1
6647,1
6648,1
6649,1
6650,1
6651,1
6652,1
6653,1
6654,7
6655,7
6656,7
6657,6
6658,7
6659,7
6660,7
6661,7
6662,7
6663,7
6664,7
6665,7
6666,6
6667,1
6668,7
6669,6
6670,1
6671,7
6672,1
6673,1
6674,5
6675,1
6676,4
6677,1
6678,6
6679,7
6680,4
6681,4
6682,4
6683,1
6684,7
6685,7
6686,6
6687,7
6688,7
6689,7
6690,7
6691,6
6692,3
6693,1
6694,1
6695,1
6696,6
6697,1
6698,1
6699,4
6700,0
6701,6
6702,6
6703,0
6704,1
6705,3
6706,6
6707,4
6708,6
6709,3
6710,3
6711,6
6712,1
6713,1
6714,3
6715,3
6716,3
6717,1
6718,1
6719,4
6720,1
6721,1
6722,1
6723,4
6724,6
6725,6
6726,0
6727,1
6728,1
6729,3
6730,3
6731,6
6732,6
6733,6
6734,7
6735,0
6736,3
6737,3
6738,1
6739,1
6740,0
6741,1
6742,1
6743,1
6744,6
6745,0
6746,1
6747,1
6748,3
6749,1
6750,7
6751,6
6752,7
6753,0
6754,6
6755,6
6756,7
6757,0
6758,1
6759,1
6760,3
6761,3
6762,7
6763,1
6764,6
6765,0
6766,3
6767,1
6768,0
6769,0
6770,3
6771,5
6772,1
6773,5
6774,1
6775,3
6776,6
6777,3
6778,6
6779,7
6780,7
6781,7
6782,7
6783,7
6784,7
6785,7
6786,7
6787,7
6788,3
6789,3
6790,7
6791,1
6792,4
6793,1
6794,1
6795,1
6796,1
6797,3
6798,1
6799,1
6800,1
6801,3
6802,6
6803,0
6804,0
6805,1
6806,1
6807,7
6808,3
6809,7
6810,1
6811,1
6812,1
6813,1
6814,1
6815,3
6816,0
6817,1
6818,1
6819,3
6820,5
6821,0
6822,6
6823,6
6824,3
6825,3
6826,1
6827,3
6828,3
6829,1
6830,6
6831,1
6832,1
6833,1
6834,1
6835,7
6836,1
6837,6
6838,6
6839,4
6840,1
6841,1
6842,0
6843,1
6844,1
6845,1
6846,1
6847,3
6848,1
6849,7
6850,7
6851,7
6852,6
6853,6
6854,1
6855,6
6856,0
6857,1
6858,1
6859,6
6860,1
6861,1
6862,6
6863,6
6864,4
6865,1
6866,1
6867,5
6868,5
6869,4
6870,1
6871,5
6872,6
6873,6
6874,6
6875,5
6876,4
6877,1
6878,1
6879,5
6880,1
6881,3
6882,7
6883,1
6884,6
6885,4
6886,4
6887,5
6888,1
6889,5
6890,4
6891,4
6892,6
6893,0
6894,1
6895,1
6896,5
6897,1
6898,0
6899,7
6900,3
6901,1
6902,6
6903,1
6904,1
6905,1
6906,6
6907,1
6908,0
6909,5
6910,5
6911,3
6912,0
6913,1
6914,0
6915,6
6916,0
6917,1
6918,4
6919,6
6920,6
6921,5
6922,5
6923,1
6924,5
6925,3
6926,6
6927,1
6928,6
6929,1
6930,1
6931,6
6932,4
6933,0
6934,1
6935,3
6936,3
6937,6
6938,4
6939,1
6940,3
6941,6
6942,7
6943,4
6944,6
6945,7
6946,5
6947,5
6948,6
6949,7
6950,3
6951,3
6952,1
6953,3
6954,3
6955,6
6956,6
6957,5
6958,1
6959,6
6960,5
6961,5
6962,1
6963,3
6964,6
6965,1
6966,4
6967,4
6968,0
6969,1
6970,1
6971,1
6972,5
6973,5
6974,1
6975,4
6976,3
6977,3
6978,3
6979,3
6980,3
6981,1
6982,1
6983,1
6984,1
6985,1
6986,1
6987,0
6988,1
6989,1
6990,1
6991,1
6992,1
6993,1
6994,1
6995,1
6996,1
6997,1
6998,1
6999,1
7000,1
7001,3
7002,1
7003,3
7004,6
7005,5
7006,0
7007,1
7008,0
7009,4
7010,0
7011,1
7012,1
7013,0
7014,0
7015,5
7016,1
7017,1
7018,5
7019,0
7020,5
7021,5
7022,5
7023,0
7024,6
7025,0
7026,0
7027,0
7028,0
7029,4
7030,6
7031,3
7032,5
7033,1
7034,1
7035,1
7036,5
7037,7
7038,6
7039,3
7040,4
7041,0
7042,1
7043,5
7044,1
7045,3
7046,1
7047,7
7048,3
7049,1
7050,5
7051,1
7052,7
7053,5
7054,3
7055,7
7056,3
7057,4
7058,4
7059,5
7060,5
7061,3
7062,5
7063,0
7064,0
7065,0
7066,0
7067,5
7068,4
7069,1
7070,3
7071,1
7072,3
7073,5
7074,7
7075,7
7076,3
7077,4
7078,4
7079,0
7080,3
7081,0
7082,1
7083,1
7084,1
7085,5
7086,1
7087,1
7088,1
7089,1
7090,1
7091,0
7092,6
7093,1
7094,1
7095,0
7096,0
7097,1
7098,1
7099,1
7100,1
7101,1
7102,1
7103,1
7104,1
7105,5
7106,1
7107,5
7108,1
7109,6
7110,6
7111,5
7112,5
7113,6
7114,6
7115,3
7116,3
7117,3
7118,6
7119,6
7120,4
7121,1
7122,1
7123,1
7124,6
7125,6
7126,6
7127,3
7128,5
7129,3
7130,3
7131,3
7132,3
7133,6
7134,0
7135,6
7136,3
7137,3
7138,3
7139,6
7140,4
7141,6
7142,0
7143,0
7144,5
7145,0
7146,1
7147,1
7148,4
7149,1
7150,1
7151,6
7152,5
7153,3
7154,3
7155,3
7156,1
7157,6
7158,7
7159,7
7160,7
7161,5
7162,4
7163,7
7164,7
7165,6
7166,1
7167,1
7168,1
7169,3
7170,3
7171,3
7172,5
7173,1
7174,3
7175,3
7176,5
7177,6
7178,3
7179,5
7180,6
7181,4
7182,6
7183,4
7184,4
7185,6
7186,6
7187,6
7188,6
7189,1
7190,0
7191,1
7192,0
7193,0
7194,0
7195,0
7196,1
7197,0
7198,4
7199,4
7200,4
7201,4
7202,4
7203,4
7204,5
7205,4
7206,4
7207,6
7208,6
7209,3
7210,6
7211,6
7212,5
7213,7
7214,4
7215,3
7216,5
7217,3
7218,5
7219,4
7220,3
7221,4
7222,6
7223,4
7224,3
7225,3
7226,6
7227,6
7228,6
7229,5
7230,4
7231,5
7232,4
7233,4
7234,7
7235,6
7236,1
7237,6
7238,5
7239,1
7240,6
7241,1
7242,1
7243,3
7244,5
7245,5
7246,5
7247,6
7248,3
7249,6
7250,5
7251,5
7252,5
7253,7
7254,6
7255,6
7256,0
7257,6
7258,6
7259,4
7260,5
7261,6
7262,0
7263,5
7264,5
7265,0
7266,5
7267,4
7268,4
7269,5
7270,5
7271,0
7272,5
7273,5
7274,5
7275,5
7276,3
7277,6
7278,3
7279,1
7280,1
7281,6
7282,5
7283,6
7284,6
7285,3
7286,1
7287,3
7288,5
7289,6
7290,3
7291,0
7292,0
7293,5
7294,5
7295,5
7296,3
7297,5
7298,6
7299,6
7300,5
7301,5
7302,5
7303,5
7304,4
7305,5
7306,3
7307,1
7308,0
7309,6
7310,0
7311,5
7312,0
7313,3
7314,6
7315,5
7316,5
7317,5
7318,1
7319,3
7320,3
7321,3
7322,3
7323,6
7324,5
7325,1
7326,5
7327,0
7328,5
7329,5
7330,5
7331,5
7332,3
7333,4
7334,5
7335,5
7336,5
7337,6
7338,0
7339,0
7340,6
7341,3
7342,4
7343,4
7344,4
7345,6
7346,3
7347,3
7348,3
7349,5
7350,4
7351,6
7352,3
7353,6
7354,1
7355,1
7356,4
7357,4
7358,5
7359,5
7360,7
7361,0
7362,0
7363,5
7364,6
7365,6
7366,6
7367,3
7368,6
7369,5
7370,5
7371,6
7372,3
7373,6
7374,6
7375,5
7376,6
7377,6
7378,3
7379,6
7380,7
7381,3
7382,1
7383,6
7384,5
7385,5
7386,4
7387,6
7388,5
7389,5
7390,6
7391,0
7392,5
7393,0
7394,5
7395,3
7396,5
7397,6
7398,7
7399,3
7400,3
7401,3
7402,6
7403,6
7404,5
7405,1
7406,5
7407,3
7408,5
7409,5
7410,3
7411,6
7412,3
7413,6
7414,6
7415,6
7416,5
7417,5
7418,6
7419,6
7420,6
7421,5
7422,5
7423,5
7424,5
7425,5
7426,6
7427,3
7428,5
7429,5
7430,6
7431,6
7432,3
7433,3
7434,6
7435,5
7436,4
7437,4
7438,0
7439,0
7440,1
7441,3
7442,1
7443,1
7444,0
7445,1
7446,1
7447,1
7448,6
7449,6
7450,6
7451,6
7452,7
7453,3
7454,7
7455,4
7456,3
7457,3
7458,1
7459,1
7460,1
7461,6
7462,6
7463,1
7464,1
7465,0
7466,0
7467,6
7468,1
7469,1
7470,4
7471,4
7472,5
7473,6
7474,6
7475,4
7476,0
7477,5
7478,1
7479,1
7480,1
7481,6
7482,1
7483,3
7484,6
7485,6
7486,4
7487,6
7488,1
7489,1
7490,1
7491,0
7492,5
7493,5
7494,5
7495,3
7496,3
7497,5
7498,1
7499,5
7500,5
7501,4
7502,5
7503,5
7504,3
7505,4
7506,0
7507,0
7508,3
7509,4
7510,4
7511,3
7512,6
7513,6
7514,5
7515,1
7516,0
7517,6
7518,3
7519,1
7520,5
7521,1
7522,1
7523,1
7524,4
7525,1
7526,3
7527,6
7528,6
7529,6
7530,6
7531,0
7532,0
7533,0
7534,3
7535,3
7536,1
7537,0
7538,3
7539,0
7540,4
7541,6
7542,6
7543,6
7544,6
7545,5
7546,3
7547,6
7548,4
7549,6
7550,5
7551,4
7552,4
7553,5
7554,1
7555,1
7556,0
7557,1
7558,3
7559,1
7560,5
7561,5
7562,6
7563,6
7564,4
7565,5
7566,5
7567,5
7568,5
7569,1
7570,1
7571,0
7572,0
7573,3
7574,0
7575,0
7576,0
7577,0
7578,4
7579,5
7580,1
7581,4
7582,4
7583,4
7584,1
7585,5
7586,1
7587,6
7588,1
7589,1
7590,1
7591,1
7592,7
7593,1
7594,1
7595,5
7596,6
7597,1
7598,1
7599,5
7600,5
7601,4
7602,4
7603,1
7604,6
7605,0
7606,0
7607,1
7608,1
7609,0
7610,0
7611,6
7612,4
7613,1
7614,5
7615,3
7616,6
7617,3
7618,0
7619,6
7620,1
7621,7
7622,1
7623,1
7624,1
7625,5
7626,3
7627,6
7628,6
7629,0
7630,7
7631,7
7632,6
7633,1
7634,6
7635,0
7636,0
7637,4
7638,1
7639,5
7640,3
7641,3
7642,3
7643,5
7644,1
7645,7
7646,1
7647,1
7648,5
7649,3
7650,4
7651,1
7652,1
7653,1
7654,0
7655,6
7656,0
7657,6
7658,3
7659,7
7660,3
7661,6
7662,1
7663,1
7664,1
7665,3
7666,7
7667,1
7668,1
7669,3
7670,4
7671,1
7672,3
7673,6
7674,3
7675,7
7676,4
7677,1
7678,1
7679,4
7680,3
7681,6
7682,6
7683,5
7684,5
7685,1
7686,0
7687,5
7688,3
7689,1
7690,6
7691,6
7692,1
7693,5
7694,6
7695,7
7696,3
7697,6
7698,6
7699,5
7700,5
7701,6
7702,6
7703,4
7704,5
7705,5
7706,5
7707,7
7708,3
7709,6
7710,7
7711,6
7712,6
7713,5
7714,6
7715,1
7716,1
7717,5
7718,3
7719,6
7720,3
7721,5
7722,3
7723,6
7724,3
7725,5
7726,4
7727,0
7728,4
7729,1
7730,5
7731,5
7732,3
7733,6
7734,3
7735,5
7736,5
7737,5
7738,5
7739,5
7740,5
7741,4
7742,5
7743,4
7744,3
7745,5
7746,5
7747,6
7748,5
7749,3
7750,3
7751,5
7752,3
7753,5
7754,4
7755,5
7756,5
7757,5
7758,3
7759,6
7760,3
7761,6
7762,3
7763,0
7764,4
7765,3
7766,5
7767,1
7768,5
7769,6
7770,6
7771,6
7772,5
7773,5
7774,6
7775,6
7776,6
7777,6
7778,5
7779,6
7780,6
7781,1
7782,3
7783,5
7784,1
7785,5
7786,6
7787,1
7788,1
7789,5
7790,7
7791,0
7792,4
7793,4
7794,4
7795,6
7796,6
7797,4
7798,1
7799,1
7800,3
7801,5
7802,5
7803,3
7804,0
7805,5
7806,5
7807,0
7808,5
7809,5
7810,5
7811,5
7812,5
7813,5
7814,0
7815,1
7816,3
7817,6
7818,6
7819,5
7820,1
7821,4
7822,6
7823,5
7824,5
7825,0
7826,5
7827,5
7828,3
7829,6
7830,3
7831,6
7832,6
7833,6
7834,5
7835,0
7836,1
7837,6
7838,0
7839,5
7840,5
7841,5
7842,5
7843,3
7844,5
7845,5
7846,5
7847,5
7848,4
7849,3
7850,4
7851,3
7852,6
7853,5
7854,5
7855,5
7856,5
7857,6
7858,6
7859,6
7860,5
7861,5
7862,5
7863,5
7864,5
7865,5
7866,5
7867,4
7868,4
7869,6
7870,6
7871,6
7872,6
7873,6
7874,6
7875,5
7876,6
7877,6
7878,6
7879,5
7880,0
7881,1
7882,6
7883,4
7884,1
7885,5
7886,5
7887,5
7888,5
7889,6
7890,1
7891,1
7892,3
7893,5
7894,5
7895,6
7896,3
7897,4
7898,1
7899,1
7900,4
7901,4
7902,4
7903,4
7904,4
7905,1
7906,4
7907,4
7908,4
7909,4
7910,7
7911,4
7912,5
7913,1
7914,1
7915,6
7916,0
7917,7
7918,1
7919,0
7920,3
7921,6
7922,5
7923,1
7924,7
7925,4
7926,1
7927,6
7928,6
7929,1
7930,4
7931,0
7932,1
7933,1
7934,1
7935,7
7936,6
7937,7
7938,1
7939,3
7940,5
7941,3
7942,5
7943,6
7944,0
7945,0
7946,3
7947,3
7948,0
7949,1
7950,1
7951,3
7952,6
7953,5
7954,4
7955,7
7956,3
7957,3
7958,5
7959,5
7960,5
7961,5
7962,5
7963,5
7964,5
7965,5
7966,3
7967,5
7968,5
7969,5
7970,5
7971,5
7972,6
7973,6
7974,5
7975,6
7976,5
7977,7
7978,5
7979,7
7980,3
7981,1
7982,3
7983,3
7984,5
7985,6
7986,5
7987,6
7988,1
7989,6
7990,6
7991,6
7992,5
7993,5
7994,5
7995,5
7996,3
7997,4
7998,6
7999,4
8000,6
8001,5
8002,1
8003,5
8004,1
8005,5
8006,5
8007,1
8008,1
8009,5
8010,5
8011,5
8012,1
8013,5
8014,5
8015,5
8016,5
8017,5
8018,4
8019,5
8020,5
8021,5
8022,3
8023,5
8024,7
8025,7
8026,5
8027,5
8028,5
8029,5
8030,5
8031,5
8032,5
8033,0
8034,5
8035,5
8036,5
8037,5
8038,5
8039,6
8040,0
8041,6
8042,5
8043,0
8044,6
8045,3
8046,5
8047,6
8048,5
8049,5
8050,5
8051,5
8052,5
8053,5
8054,3
8055,5
8056,5
8057,6
8058,5
8059,5
8060,6
8061,5
8062,6
8063,5
8064,5
8065,5
8066,5
8067,5
8068,5
8069,5
8070,5
8071,5
8072,5
8073,0
8074,0
8075,0
8076,0
8077,5
8078,5
8079,4
8080,4
8081,6
8082,4
8083,7
8084,5
8085,6
8086,6
8087,0
8088,5
8089,5
8090,5
8091,4
8092,7
8093,7
8094,7
8095,0
8096,7
8097,6
8098,6
8099,6
8100,6
8101,0
8102,7
8103,3
8104,7
8105,3
8106,3
8107,4
8108,6
8109,1
8110,3
8111,3
8112,6
8113,5
8114,5
8115,7
8116,6
8117,6
8118,6
8119,0
8120,7
8121,7
8122,7
8123,0
8124,5
8125,5
8126,6
8127,6
8128,6
8129,7
8130,4
8131,1
8132,3
8133,0
8134,5
8135,1
8136,1
8137,5
8138,6
8139,4
8140,3
8141,3
8142,3
8143,1
8144,3
8145,0
8146,5
8147,1
8148,1
8149,3
8150,3
8151,1
8152,1
8153,3
8154,3
8155,4
8156,4
8157,3
8158,0
8159,3
8160,3
8161,6
8162,3
8163,5
8164,1
8165,5
8166,5
8167,4
8168,4
8169,4
8170,3
8171,6
8172,6
8173,6
8174,6
8175,6
8176,4
8177,6
8178,6
8179,1
8180,3
8181,4
8182,3
8183,7
8184,1
8185,1
8186,1
8187,1
8188,1
8189,1
8190,1
8191,0
8192,3
8193,3
8194,1
8195,1
8196,3
8197,5
8198,7
8199,3
8200,6
8201,3
8202,0
8203,1
8204,1
8205,7
8206,6
8207,1
8208,3
8209,3
8210,1
8211,7
8212,5
8213,1
8214,1
8215,7
8216,1
8217,3
8218,4
8219,3
8220,5
8221,3
8222,1
8223,5
8224,1
8225,7
8226,4
8227,3
8228,3
8229,5
8230,4
8231,3
8232,7
8233,7
8234,1
8235,7
8236,6
8237,3
8238,6
8239,3
8240,0
8241,3
8242,6
8243,6
8244,3
8245,1
8246,6
8247,1
8248,0
8249,7
8250,6
8251,4
8252,4
8253,0
8254,0
8255,0
8256,4
8257,3
8258,1
8259,1
8260,1
8261,5
8262,1
8263,6
8264,1
8265,0
8266,0
8267,6
8268,6
8269,0
8270,6
8271,6
8272,6
8273,6
8274,0
8275,0
8276,1
8277,1
8278,1
8279,1
8280,0
8281,6
8282,6
8283,6
8284,6
8285,6
8286,4
8287,1
8288,4
8289,4
8290,5
8291,1
8292,6
8293,5
8294,1
8295,4
8296,5
8297,5
8298,5
8299,1
8300,1
8301,1
8302,5
8303,5
8304,1
8305,3
8306,4
8307,5
8308,5
8309,1
8310,3
8311,1
8312,1
8313,4
8314,3
8315,1
8316,6
8317,6
8318,1
8319,6
8320,6
8321,1
8322,1
8323,1
8324,5
8325,3
8326,3
8327,5
8328,5
8329,1
8330,5
8331,3
8332,5
8333,5
8334,5
8335,0
8336,3
8337,5
8338,5
8339,1
8340,7
8341,1
8342,1
8343,5
8344,6
8345,6
8346,0
8347,0
8348,1
8349,6
8350,4
8351,1
8352,6
8353,1
8354,5
8355,5
8356,4
8357,5
8358,4
8359,4
8360,4
8361,0
8362,6
8363,6
8364,6
8365,3
8366,7
8367,3
8368,3
8369,5
8370,5
8371,1
8372,5
8373,3
8374,0
8375,3
8376,5
8377,0
8378,6
8379,5
8380,6
8381,1
8382,6
8383,6
8384,3
8385,0
8386,6
8387,6
8388,3
8389,0
8390,5
8391,6
8392,1
8393,1
8394,5
8395,5
8396,5
8397,1
8398,5
8399,1
8400,5
8401,6
8402,7
8403,5
8404,7
8405,6
8406,5
8407,6
8408,6
8409,6
8410,6
8411,6
8412,1
8413,3
8414,5
8415,3
8416,6
8417,6
8418,1
8419,5
8420,5
8421,3
8422,7
8423,4
8424,3
8425,3
8426,1
8427,6
8428,7
8429,7
8430,5
8431,1
8432,5
8433,4
8434,5
8435,6
8436,6
8437,5
8438,1
8439,1
8440,1
8441,5
8442,5
8443,3
8444,5
8445,3
8446,6
8447,6
8448,6
8449,7
8450,3
8451,3
8452,3
8453,3
8454,6
8455,6
8456,5
8457,4
8458,4
8459,1
8460,4
8461,6
8462,4
8463,4
8464,5
8465,0
8466,1
8467,5
8468,5
8469,6
8470,3
8471,3
8472,5
8473,0
8474,5
8475,0
8476,5
8477,0
8478,1
8479,5
8480,4
8481,4
8482,1
8483,5
8484,1
8485,5
8486,3
8487,3
8488,5
8489,1
8490,1
8491,1
8492,5
8493,5
8494,3
8495,4
8496,3
8497,4
8498,5
8499,1
8500,6
8501,0
8502,6
8503,3
8504,5
8505,5
8506,0
8507,5
8508,1
8509,3
8510,1
8511,4
8512,4
8513,5
8514,6
8515,5
8516,5
8517,5
8518,5
8519,5
8520,7
8521,5
8522,1
8523,7
8524,5
8525,1
8526,4
8527,5
8528,1
8529,4
8530,6
8531,6
8532,6
8533,3
8534,6
8535,0
8536,6
8537,6
8538,6
8539,0
8540,5
8541,6
8542,5
8543,5
8544,7
8545,1
8546,6
8547,5
8548,5
8549,5
8550,5
8551,0
8552,5
8553,6
8554,6
8555,1
8556,1
8557,5
8558,6
8559,6
8560,6
8561,0
8562,5
8563,4
8564,7
8565,4
8566,1
8567,0
8568,5
8569,6
8570,5
8571,1
8572,5
8573,6
8574,1
8575,1
8576,5
8577,4
8578,4
8579,6
8580,4
8581,5
8582,4
8583,6
8584,6
8585,6
8586,4
8587,5
8588,1
8589,0
8590,5
8591,6
8592,4
8593,4
8594,4
8595,5
8596,4
8597,3
8598,6
8599,1
8600,6
8601,3
8602,6
8603,6
8604,5
8605,3
8606,4
8607,4
8608,3
8609,4
8610,5
8611,0
8612,5
8613,7
8614,5
8615,5
8616,0
8617,5
8618,5
8619,6
8620,5
8621,4
8622,3
8623,7
8624,6
8625,7
8626,7
8627,7
8628,7
8629,7
8630,4
8631,6
8632,1
8633,0
8634,5
8635,3
8636,1
8637,1
8638,5
8639,0
8640,4
8641,4
8642,5
8643,7
8644,0
8645,5
8646,5
8647,1
8648,1
8649,4
8650,3
8651,6
8652,3
8653,0
8654,0
8655,4
8656,6
8657,6
8658,5
8659,5
8660,5
8661,3
8662,3
8663,5
8664,6
8665,6
8666,6
8667,7
8668,6
8669,6
8670,6
8671,5
8672,4
8673,4
8674,3
8675,6
8676,4
8677,5
8678,3
8679,4
8680,4
8681,4
8682,4
8683,7
8684,6
8685,5
8686,5
8687,5
8688,0
8689,0
8690,6
8691,6
8692,0
8693,0
8694,0
8695,1
8696,3
8697,3
8698,6
8699,5
8700,6
8701,6
8702,6
8703,4
8704,3
8705,4
8706,6
8707,3
8708,4
8709,5
8710,5
8711,4
8712,5
8713,5
8714,3
8715,6
8716,7
8717,3
8718,0
8719,6
8720,5
8721,5
8722,1
8723,5
8724,5
8725,5
8726,3
8727,5
8728,3
8729,6
8730,3
8731,5
8732,4
8733,6
8734,0
8735,4
8736,4
8737,5
8738,5
8739,5
8740,1
8741,5
8742,3
8743,1
8744,1
8745,6
8746,0
8747,6
8748,7
8749,0
8750,7
8751,0
8752,7
8753,5
8754,7
8755,5
8756,1
8757,4
8758,6
8759,5
8760,5
8761,6
8762,6
8763,0
8764,5
8765,4
8766,0
8767,4
8768,4
8769,6
8770,3
8771,5
8772,7
8773,1
8774,3
8775,3
8776,7
8777,4
8778,4
8779,4
8780,4
8781,3
8782,0
8783,4
8784,1
8785,5
8786,4
8787,0
8788,7
8789,6
8790,5
8791,1
8792,5
8793,7
8794,1
8795,4
8796,5
8797,5
8798,1
8799,4
8800,4
8801,0
8802,5
8803,5
8804,4
8805,4
8806,4
8807,0
8808,1
8809,0
8810,0
8811,6
8812,3
8813,1
8814,0
8815,0
8816,4
8817,1
8818,5
8819,1
8820,1
8821,6
8822,4
8823,4
8824,1
8825,1
8826,4
8827,5
8828,5
8829,1
8830,1
8831,1
8832,4
8833,5
8834,0
8835,4
8836,4
8837,4
8838,4
8839,1
8840,5
8841,5
8842,4
8843,6
8844,6
8845,1
8846,4
8847,1
8848,4
8849,3
8850,6
8851,1
8852,3
8853,6
8854,5
8855,3
8856,1
8857,4
8858,1
8859,4
8860,7
8861,4
8862,1
8863,1
8864,7
8865,5
8866,1
8867,1
8868,1
8869,1
8870,1
8871,0
8872,6
8873,6
8874,6
8875,6
8876,5
8877,1
8878,1
8879,1
8880,1
8881,0
8882,0
8883,0
8884,0
8885,0
8886,1
8887,1
8888,1
8889,6
8890,1
8891,4
8892,4
8893,5
8894,1
8895,1
8896,5
8897,5
8898,4
8899,5
8900,6
8901,6
8902,4
8903,4
8904,7
8905,7
8906,7
8907,7
8908,4
8909,3
8910,4
8911,4
8912,1
8913,7
8914,3
8915,1
8916,1
8917,7
8918,3
8919,1
8920,1
8921,3
8922,3
8923,4
8924,3
8925,3
8926,4
8927,6
8928,6
8929,3
8930,5
8931,7
8932,5
8933,6
8934,3
8935,4
8936,3
8937,1
8938,4
8939,3
8940,3
8941,3
8942,1
8943,7
8944,3
8945,1
8946,5
8947,4
8948,1
8949,6
8950,6
8951,1
8952,6
8953,0
8954,0
8955,3
8956,6
8957,7
8958,5
8959,6
8960,6
8961,3
8962,4
8963,3
8964,0
8965,1
8966,5
8967,5
8968,3
8969,1
8970,1
8971,1
8972,1
8973,3
8974,1
8975,5
8976,5
8977,1
8978,4
8979,1
8980,1
8981,1
8982,1
8983,4
8984,1
8985,1
8986,7
8987,7
8988,0
8989,5
8990,1
8991,6
8992,5
8993,5
8994,5
8995,5
8996,0
8997,1
8998,3
8999,1
9000,1
9001,0
9002,0
9003,0
9004,0
9005,0
9006,7
9007,7
9008,1
9009,1
9010,1
9011,1
9012,1
9013,7
9014,1
9015,3
9016,1
9017,4
9018,6
9019,6
9020,1
9021,1
9022,1
9023,1
9024,6
9025,1
9026,1
9027,6
9028,7
9029,1
9030,7
9031,0
9032,1
9033,1
9034,0
9035,6
9036,1
9037,6
9038,5
9039,1
9040,1
9041,3
9042,1
9043,0
9044,3
9045,7
9046,3
9047,3
9048,3
9049,1
9050,1
9051,1
9052,0
9053,4
9054,1
9055,7
9056,0
9057,1
9058,3
9059,1
9060,0
9061,3
9062,5
9063,6
9064,7
9065,5
9066,5
9067,0
9068,1
9069,5
9070,6
9071,6
9072,5
9073,5
9074,6
9075,0
9076,4
9077,6
9078,0
9079,6
9080,5
9081,6
9082,0
9083,3
9084,6
9085,5
9086,7
9087,5
9088,3
9089,1
9090,3
9091,6
9092,1
9093,1
9094,6
9095,6
9096,6
9097,3
9098,4
9099,6
9100,6
9101,6
9102,6
9103,6
9104,5
9105,5
9106,5
9107,5
9108,1
9109,3
9110,3
9111,1
9112,1
9113,5
9114,6
9115,3
9116,1
9117,5
9118,0
9119,0
9120,0
9121,1
9122,1
9123,1
9124,3
9125,3
9126,5
9127,1
9128,1
9129,5
9130,5
9131,1
9132,6
9133,6
9134,1
9135,3
9136,6
9137,6
9138,4
9139,1
9140,5
9141,5
9142,5
9143,3
9144,0
9145,7
9146,7
9147,3
9148,5
9149,5
9150,0
9151,7
9152,1
9153,1
9154,1
9155,1
9156,6
9157,4
9158,0
9159,1
9160,0
9161,1
9162,1
9163,1
9164,4
9165,1
9166,4
9167,1
9168,1
9169,5
9170,1
9171,1
9172,5
9173,1
9174,5
9175,0
9176,0
9177,1
9178,6
9179,1
9180,1
9181,5
9182,5
9183,1
9184,5
9185,6
9186,6
9187,1
9188,0
9189,1
9190,3
9191,3
9192,3
9193,4
9194,1
9195,4
9196,3
9197,3
9198,4
9199,5
9200,5
9201,1
9202,4
9203,6
9204,6
9205,6
9206,6
9207,4
9208,6
9209,4
9210,4
9211,6
9212,1
9213,1
9214,1
9215,0
9216,1
9217,4
9218,5
9219,3
9220,1
9221,5
9222,6
9223,6
9224,7
9225,3
9226,6
9227,6
9228,3
9229,0
9230,1
9231,0
9232,1
9233,1
9234,6
9235,3
9236,0
9237,1
9238,4
9239,1
9240,1
9241,1
9242,1
9243,1
9244,5
9245,1
9246,1
9247,3
9248,0
9249,1
9250,1
9251,3
9252,1
9253,0
9254,1
9255,1
9256,0
9257,4
9258,6
9259,4
9260,6
9261,3
9262,3
9263,6
9264,6
9265,1
9266,1
9267,1
9268,1
9269,5
9270,1
9271,7
9272,3
9273,7
9274,1
9275,4
9276,6
9277,0
9278,0
9279,0
9280,0
9281,6
9282,0
9283,1
9284,1
9285,0
9286,5
9287,6
9288,7
9289,7
9290,7
9291,7
9292,7
9293,1
9294,7
9295,7
9296,7
9297,7
9298,7
9299,7
9300,7
9301,3
9302,7
9303,4
9304,1
9305,4
9306,1
9307,3
9308,1
9309,1
9310,6
9311,1
9312,7
9313,1
9314,3
9315,7
9316,4
9317,4
9318,3
9319,4
9320,7
9321,3
9322,6
9323,7
9324,7
9325,7
9326,7
9327,3
9328,3
9329,0
9330,0
9331,4
9332,1
9333,4
9334,1
9335,1
9336,1
9337,5
9338,1
9339,1
9340,6
9341,1
9342,0
9343,3
9344,1
9345,6
9346,1
9347,1
9348,1
9349,1
9350,4
9351,1
9352,1
9353,1
9354,1
9355,7
9356,7
9357,7
9358,6
9359,7
9360,6
9361,7
9362,7
9363,7
9364,7
9365,7
9366,7
9367,7
9368,7
9369,7
9370,7
9371,7
9372,0
9373,7
9374,7
9375,1
9376,6
9377,1
9378,1
9379,1
9380,0
9381,3
9382,4
9383,4
9384,6
9385,4
9386,6
9387,6
9388,4
9389,3
9390,4
9391,6
9392,1
9393,0
9394,1
9395,1
9396,5
9397,1
9398,1
9399,6
9400,6
9401,6
9402,1
9403,3
9404,7
9405,7
9406,4
9407,6
9408,6
9409,6
9410,3
9411,3
9412,1
9413,1
9414,6
9415,1
9416,0
9417,1
9418,1
9419,5
9420,1
9421,1
9422,3
9423,7
9424,1
9425,1
9426,6
9427,6
9428,0
9429,4
9430,5
9431,1
9432,5
9433,0
9434,5
9435,1
9436,3
9437,1
9438,0
9439,1
9440,4
9441,4
9442,1
9443,4
9444,4
9445,3
9446,4
9447,0
9448,1
9449,0
9450,5
9451,1
9452,0
9453,5
9454,1
9455,1
9456,1
9457,1
9458,1
9459,5
9460,1
9461,1
9462,0
9463,0
9464,1
9465,1
9466,4
9467,0
9468,4
9469,5
9470,0
9471,5
9472,6
9473,3
9474,0
9475,1
9476,7
9477,6
9478,6
9479,1
9480,6
9481,5
9482,5
9483,1
9484,5
9485,1
9486,1
9487,1
9488,4
9489,1
9490,1
9491,1
9492,1
9493,1
9494,6
9495,3
9496,4
9497,6
9498,3
9499,3
9500,6
9501,1
9502,1
9503,5
9504,4
9505,1
9506,1
9507,1
9508,5
9509,5
9510,0
9511,0
9512,7
9513,5
9514,1
9515,7
9516,1
9517,1
9518,1
9519,4
9520,3
9521,0
9522,1
9523,5
9524,5
9525,6
9526,3
9527,1
9528,1
9529,6
9530,7
9531,1
9532,4
9533,5
9534,7
9535,3
9536,1
9537,4
9538,7
9539,7
9540,1
9541,4
9542,3
9543,4
9544,4
9545,4
9546,1
9547,5
9548,5
9549,5
9550,0
9551,4
9552,1
9553,1
9554,5
9555,6
9556,1
9557,1
9558,5
9559,5
9560,5
9561,5
9562,5
9563,5
9564,3
9565,6
9566,6
9567,1
9568,1
9569,0
9570,1
9571,4
9572,4
9573,5
9574,4
9575,3
9576,4
9577,4
9578,3
9579,7
9580,7
9581,7
9582,7
9583,5
9584,7
9585,7
9586,4
9587,7
9588,4
9589,7
9590,7
9591,7
9592,5
9593,4
9594,7
9595,7
9596,7
9597,6
9598,4
9599,7
9600,7
9601,7
9602,7
9603,7
9604,7
9605,4
9606,1
9607,5
9608,4
9609,5
9610,1
9611,5
9612,1
9613,4
9614,1
9615,7
9616,1
9617,3
9618,1
9619,6
9620,1
9621,1
9622,1
9623,1
9624,1
9625,6
9626,4
9627,4
9628,6
9629,4
9630,4
9631,1
9632,1
9633,7
9634,7
9635,4
9636,1
9637,1
9638,6
9639,1
9640,1
9641,1
9642,1
9643,4
9644,4
9645,1
9646,1
9647,1
9648,6
9649,0
9650,6
9651,6
9652,1
9653,0
9654,5
9655,4
9656,4
9657,5
9658,1
9659,1
9660,3
9661,0
9662,3
9663,3
9664,4
9665,3
9666,1
9667,1
9668,4
9669,0
9670,0
9671,0
9672,5
9673,0
9674,1
9675,3
9676,7
9677,1
9678,6
9679,6
9680,4
9681,7
9682,6
9683,7
9684,7
9685,1
9686,7
9687,7
9688,4
9689,4
9690,4
9691,4
9692,6
9693,4
9694,6
9695,0
9696,0
9697,3
9698,4
9699,1
9700,4
9701,4
9702,4
9703,4
9704,0
9705,6
9706,0
9707,4
9708,0
9709,0
9710,0
9711,1
9712,3
9713,5
9714,5
9715,5
9716,1
9717,4
9718,4
9719,7
9720,3
9721,3
9722,6
9723,1
9724,6
9725,4
9726,4
9727,5
9728,3
9729,7
9730,7
9731,1
9732,1
9733,1
9734,1
9735,4
9736,1
9737,6
9738,1
9739,3
9740,7
9741,6
9742,0
9743,7
9744,7
9745,7
9746,7
9747,3
9748,3
9749,1
9750,1
9751,1
9752,5
9753,1
9754,3
9755,1
9756,0
9757,7
9758,0
9759,1
9760,1
9761,1
9762,7
9763,1
9764,6
9765,4
9766,4
9767,1
9768,3
9769,7
9770,1
9771,3
9772,4
9773,4
9774,5
9775,3
9776,7
9777,0
9778,1
9779,5
9780,4
9781,4
9782,1
9783,1
9784,1
9785,3
9786,3
9787,5
9788,1
9789,0
9790,4
9791,3
9792,0
9793,0
9794,6
9795,6
9796,0
9797,1
9798,3
9799,4
9800,1
9801,1
9802,3
9803,4
9804,4
9805,0
9806,1
9807,5
9808,5
9809,6
9810,1
9811,4
9812,1
9813,1
9814,5
9815,5
9816,1
9817,4
9818,3
9819,3
9820,7
9821,1
9822,1
9823,1
9824,1
9825,1
9826,1
9827,0
9828,5
9829,5
9830,1
9831,1
9832,1
9833,1
9834,1
9835,6
9836,1
9837,1
9838,5
9839,1
9840,1
9841,4
9842,5
9843,5
9844,5
9845,5
9846,1
9847,1
9848,1
9849,1
9850,4
9851,1
9852,3
9853,3
9854,5
9855,7
9856,5
9857,5
9858,5
9859,4
9860,6
9861,5
9862,1
9863,1
9864,1
9865,3
9866,5
9867,5
9868,7
9869,5
9870,3
9871,5
9872,3
9873,5
9874,5
9875,1
9876,5
9877,1
9878,5
9879,5
9880,6
9881,1
9882,1
9883,4
9884,4
9885,6
9886,5
9887,1
9888,5
9889,4
9890,3
9891,3
9892,4
9893,4
9894,1
9895,0
9896,5
9897,3
9898,5
9899,5
9900,5
9901,1
9902,5
9903,6
9904,6
9905,5
9906,6
9907,5
9908,5
9909,5
9910,4
9911,5
9912,5
9913,5
9914,5
9915,5
9916,5
9917,5
9918,5
9919,5
9920,5
9921,5
9922,5
9923,5
9924,0
9925,5
9926,5
9927,5
9928,5
9929,5
9930,5
9931,5
9932,6
9933,5
9934,5
9935,5
9936,5
9937,1
9938,4
9939,6
9940,6
9941,6
9942,6
9943,6
9944,5
9945,5
9946,3
9947,6
9948,4
9949,3
9950,1
9951,5
9952,5
9953,4
9954,5
9955,5
9956,5
9957,5
9958,4
9959,1
9960,5
9961,4
9962,5
9963,5
9964,6
9965,6
9966,6
9967,6
9968,5
9969,6
9970,5
9971,5
9972,5
9973,5
9974,5
9975,5
9976,5
9977,5
9978,6
9979,5
9980,4
9981,5
9982,6
9983,4
9984,4
9985,0
9986,6
9987,6
9988,6
9989,4
9990,5
9991,5
9992,4
9993,5
9994,5
9995,5
9996,3
9997,5
9998,5
9999,5
10000,1
10001,1
10002,5
10003,3
10004,5
10005,5
10006,4
10007,5
10008,5
10009,5
10010,5
10011,5
10012,5
10013,6
10014,1
10015,3
10016,3
10017,3
10018,4
10019,6
10020,3
10021,5
10022,3
10023,5
10024,3
10025,3
10026,5
10027,5
10028,4
10029,5
10030,5
10031,5
10032,4
10033,5
10034,5
10035,5
10036,5
10037,5
10038,4
10039,5
10040,3
10041,6
10042,6
10043,6
10044,7
10045,3
10046,6
10047,6
10048,6
10049,4
10050,3
10051,5
10052,5
10053,5
10054,0
10055,5
10056,5
10057,5
10058,5
10059,5
10060,4
10061,4
10062,5
10063,5
10064,5
10065,3
10066,4
10067,5
10068,6
10069,5
10070,1
10071,4
10072,6
10073,5
10074,5
10075,5
10076,5
10077,1
10078,4
10079,6
10080,5
10081,5
10082,5
10083,0
10084,5
10085,5
10086,5
10087,6
10088,7
10089,5
10090,6
10091,6
10092,5
10093,5
10094,3
10095,4
10096,6
10097,6
10098,5
10099,5
10100,5
10101,5
10102,4
10103,5
10104,0
10105,5
10106,4
10107,1
10108,1
10109,1
10110,5
10111,1
10112,1
10113,5
10114,1
10115,3
10116,5
10117,5
10118,0
10119,5
10120,1
10121,1
10122,5
10123,5
10124,6
10125,4
10126,6
10127,6
10128,4
10129,6
10130,4
10131,5
10132,4
10133,5
10134,5
10135,5
10136,1
10137,6
10138,5
10139,1
10140,3
10141,1
10142,4
10143,6
10144,5
10145,5
10146,5
10147,1
10148,5
10149,5
10150,4
10151,3
10152,6
10153,5
10154,1
10155,1
10156,5
10157,5
10158,1
10159,1
10160,0
10161,1
10162,1
10163,5
10164,5
10165,6
10166,6
10167,5
10168,5
10169,3
10170,3
10171,3
10172,5
10173,4
10174,5
10175,5
10176,1
10177,5
10178,5
10179,0
10180,5
10181,4
10182,4
10183,3
10184,5
10185,5
10186,4
10187,5
10188,5
10189,5
10190,7
10191,6
10192,6
10193,5
10194,6
10195,3
10196,3
10197,3
10198,1
10199,4
10200,6
10201,5
10202,5
10203,7
10204,6
10205,3
10206,3
10207,6
10208,6
10209,1
10210,1
10211,1
10212,1
10213,1
10214,5
10215,5
10216,5
10217,5
10218,5
10219,3
10220,4
10221,6
10222,6
10223,4
10224,5
10225,6
10226,4
10227,4
10228,6
10229,5
10230,3
10231,6
10232,6
10233,6
10234,5
10235,4
10236,6
10237,6
10238,5
10239,6
10240,3
10241,6
10242,3
10243,4
10244,6
10245,5
10246,5
10247,3
10248,0
10249,5
10250,5
10251,5
10252,5
10253,1
10254,6
10255,5
10256,0
10257,6
10258,6
10259,6
10260,6
10261,5
10262,6
10263,6
10264,6
10265,5
10266,6
10267,7
10268,3
10269,5
10270,6
10271,3
10272,6
10273,3
10274,4
10275,5
10276,5
10277,5
10278,6
10279,0
10280,4
10281,6
10282,6
10283,6
10284,0
10285,6
10286,6
10287,6
10288,3
10289,6
10290,6
10291,5
10292,5
10293,5
10294,6
10295,1
10296,0
10297,5
10298,5
10299,4
10300,5
10301,6
10302,6
10303,6
10304,6
10305,6
10306,1
10307,6
10308,6
10309,6
10310,5
10311,6
10312,6
10313,6
10314,6
10315,6
10316,5
10317,5
10318,5
10319,5
10320,5
10321,1
10322,3
10323,3
10324,5
10325,5
10326,3
10327,6
10328,6
10329,5
10330,1
10331,5
10332,5
10333,5
10334,1
10335,1
10336,4
10337,4
10338,4
10339,4
10340,5
10341,5
10342,5
10343,1
10344,4
10345,5
10346,5
10347,5
10348,5
10349,5
10350,5
10351,5
10352,5
10353,5
10354,5
10355,1
10356,5
10357,3
10358,3
10359,7
10360,5
10361,1
10362,6
10363,6
10364,1
10365,4
10366,4
10367,1
10368,1
10369,0
10370,1
10371,4
10372,1
10373,5
10374,3
10375,7
10376,5
10377,1
10378,1
10379,5
10380,4
10381,1
10382,1
10383,3
10384,7
10385,7
10386,7
10387,3
10388,3
10389,6
10390,4
10391,4
10392,4
10393,1
10394,1
10395,7
10396,7
10397,7
10398,7
10399,0
10400,1
10401,4
10402,5
10403,5
10404,5
10405,4
10406,5
10407,1
10408,1
10409,7
10410,7
10411,7
10412,6
10413,7
10414,3
10415,7
10416,0
10417,1
10418,1
10419,4
10420,0
10421,5
10422,5
10423,4
10424,5
10425,5
10426,4
10427,5
10428,4
10429,1
10430,5
10431,1
10432,3
10433,3
10434,7
10435,7
10436,7
10437,7
10438,7
10439,7
10440,7
10441,7
10442,7
10443,7
10444,1
10445,7
10446,3
10447,6
10448,1
10449,3
10450,3
10451,6
10452,7
10453,7
10454,3
10455,5
10456,1
10457,1
10458,0
10459,0
10460,1
10461,4
10462,1
10463,1
10464,0
10465,1
10466,5
10467,1
10468,1
10469,1
10470,1
10471,1
10472,7
10473,1
10474,1
10475,1
10476,4
10477,7
10478,4
10479,1
10480,1
10481,6
10482,6
10483,6
10484,0
10485,1
10486,1
10487,4
10488,5
10489,5
10490,4
10491,1
10492,1
10493,1
10494,3
10495,4
10496,1
10497,0
10498,6
10499,0
10500,3
10501,0
10502,0
10503,0
10504,1
10505,1
10506,1
10507,1
10508,3
10509,5
10510,5
10511,3
10512,4
10513,4
10514,4
10515,1
10516,4
10517,5
10518,5
10519,3
10520,3
10521,6
10522,4
10523,1
10524,3
10525,0
10526,3
10527,0
10528,1
10529,1
10530,4
10531,4
10532,7
10533,6
10534,6
10535,3
10536,1
10537,4
10538,6
10539,7
10540,7
10541,0
10542,7
10543,7
10544,6
10545,1
10546,1
10547,0
10548,1
10549,6
10550,3
10551,6
10552,6
10553,6
10554,3
10555,1
10556,0
10557,6
10558,7
10559,6
10560,6
10561,6
10562,3
10563,0
10564,4
10565,7
10566,7
10567,7
10568,7
10569,7
10570,1
10571,1
10572,3
10573,3
10574,1
10575,7
10576,0
10577,0
10578,4
10579,4
10580,4
10581,0
10582,6
10583,6
10584,4
10585,0
10586,0
10587,3
10588,6
10589,7
10590,5
10591,1
10592,1
10593,1
10594,6
10595,3
10596,7
10597,7
10598,7
10599,5
10600,7
10601,1
10602,3
10603,3
10604,3
10605,3
10606,1
10607,6
10608,6
10609,5
10610,5
10611,1
10612,1
10613,1
10614,5
10615,1
10616,1
10617,4
10618,3
10619,1
10620,7
10621,6
10622,0
10623,6
10624,0
10625,0
10626,1
10627,7
10628,3
10629,1
10630,6
10631,1
10632,1
10633,1
10634,1
10635,5
10636,4
10637,6
10638,4
10639,3
10640,1
10641,1
10642,3
10643,6
10644,3
10645,6
10646,1
10647,3
10648,1
10649,1
10650,1
10651,6
10652,1
10653,3
10654,3
10655,1
10656,1
10657,1
10658,1
10659,3
10660,3
10661,3
10662,1
10663,3
10664,3
10665,5
10666,1
10667,1
10668,4
10669,6
10670,6
10671,1
10672,5
10673,5
10674,5
10675,4
10676,1
10677,1
10678,4
10679,4
10680,7
10681,7
10682,7
10683,0
10684,6
10685,3
10686,0
10687,6
10688,3
10689,3
10690,4
10691,4
10692,3
10693,0
10694,0
10695,0
10696,0
10697,0
10698,0
10699,0
10700,0
10701,0
10702,3
10703,3
10704,1
10705,0
10706,5
10707,5
10708,0
10709,4
10710,6
10711,1
10712,1
10713,4
10714,3
10715,4
10716,0
10717,1
10718,1
10719,0
10720,6
10721,6
10722,6
10723,4
10724,4
10725,0
10726,6
10727,1
10728,5
10729,7
10730,7
10731,3
10732,3
10733,3
10734,7
10735,4
10736,4
10737,1
10738,7
10739,7
10740,7
10741,7
10742,7
10743,3
10744,0
10745,0
10746,4
10747,3
10748,3
10749,6
10750,0
10751,6
10752,3
10753,3
10754,6
10755,3
10756,1
10757,5
10758,3
10759,4
10760,6
10761,4
10762,3
10763,5
10764,4
10765,7
10766,7
10767,1
10768,1
10769,1
10770,1
10771,1
10772,1
10773,5
10774,5
10775,0
10776,1
10777,4
10778,1
10779,6
10780,3
10781,1
10782,5
10783,1
10784,1
10785,1
10786,3
10787,0
10788,4
10789,6
10790,6
10791,1
10792,1
10793,4
10794,3
10795,7
10796,7
10797,6
10798,7
10799,7
10800,6
10801,6
10802,7
10803,6
10804,6
10805,7
10806,6
10807,7
10808,7
10809,7
10810,3
10811,3
10812,6
10813,5
10814,3
10815,6
10816,7
10817,7
10818,7
10819,7
10820,7
10821,7
10822,6
10823,7
10824,7
10825,1
10826,1
10827,3
10828,5
10829,1
10830,5
10831,1
10832,1
10833,6
10834,6
10835,3
10836,6
10837,6
10838,6
10839,6
10840,7
10841,0
10842,5
10843,4
10844,0
10845,6
10846,6
10847,0
10848,0
10849,0
10850,1
10851,0
10852,1
10853,5
10854,0
10855,3
10856,3
10857,6
10858,4
10859,6
10860,6
10861,6
10862,6
10863,6
10864,6
10865,1
10866,1
10867,3
10868,1
10869,4
10870,1
10871,4
10872,5
10873,5
10874,6
10875,3
10876,3
10877,3
10878,3
10879,3
10880,4
10881,1
10882,1
10883,7
10884,1
10885,1
10886,6
10887,1
10888,3
10889,6
10890,3
10891,1
10892,4
10893,1
10894,5
10895,4
10896,4
10897,6
10898,6
10899,4
10900,6
10901,1
10902,6
10903,6
10904,3
10905,0
10906,5
10907,1
10908,7
10909,7
10910,6
10911,6
10912,7
10913,7
10914,3
10915,5
10916,1
10917,1
10918,1
10919,3
10920,1
10921,3
10922,3
10923,5
10924,3
10925,1
10926,6
10927,6
10928,4
10929,3
10930,1
10931,6
10932,4
10933,3
10934,1
10935,3
10936,3
10937,6
10938,1
10939,0
10940,0
10941,6
10942,6
10943,6
10944,5
10945,4
10946,6
10947,6
10948,1
10949,1
10950,1
10951,1
10952,1
10953,1
10954,1
10955,1
10956,0
10957,4
10958,4
10959,1
10960,4
10961,3
10962,6
10963,5
10964,1
10965,0
10966,3
10967,4
10968,5
10969,5
10970,4
10971,3
10972,1
10973,1
10974,6
10975,6
10976,5
10977,1
10978,4
10979,3
10980,4
10981,1
10982,5
10983,5
10984,4
10985,5
10986,5
10987,4
10988,5
10989,7
10990,3
10991,3
10992,0
10993,1
10994,4
10995,5
10996,6
10997,5
10998,6
10999,1
11000,1
11001,1
11002,1
11003,3
11004,3
11005,6
11006,6
11007,3
11008,4
11009,4
11010,4
11011,4
11012,4
11013,5
11014,4
11015,5
11016,3
11017,3
11018,5
11019,6
11020,1
11021,1
11022,1
11023,1
11024,1
11025,3
11026,4
11027,6
11028,6
11029,1
11030,6
11031,6
11032,6
11033,6
11034,5
11035,3
11036,3
11037,3
11038,0
11039,1
11040,1
11041,0
11042,0
11043,1
11044,5
11045,5
11046,4
11047,4
11048,4
11049,3
11050,1
11051,1
11052,6
11053,1
11054,1
11055,6
11056,6
11057,1
11058,6
11059,1
11060,3
11061,3
11062,0
11063,5
11064,1
11065,1
11066,1
11067,7
11068,7
11069,3
11070,0
11071,0
11072,7
11073,4
11074,1
11075,1
11076,1
11077,0
11078,3
11079,1
11080,1
11081,1
11082,1
11083,1
11084,1
11085,7
11086,4
11087,5
11088,1
11089,1
11090,0
11091,1
11092,1
11093,4
11094,4
11095,3
11096,1
11097,6
11098,6
11099,6
11100,1
11101,4
11102,5
11103,1
11104,0
11105,0
11106,1
11107,1
11108,6
11109,0
11110,0
11111,0
11112,0
11113,0
11114,0
11115,0
11116,0
11117,4
11118,4
11119,4
11120,6
11121,5
11122,5
11123,1
11124,3
11125,3
11126,3
11127,5
11128,4
11129,3
11130,5
11131,7
11132,0
11133,0
11134,0
11135,1
11136,5
11137,1
11138,5
11139,1
11140,1
11141,0
11142,6
11143,1
11144,6
11145,3
11146,1
11147,1
11148,1
11149,3
11150,3
11151,3
11152,3
11153,0
11154,0
11155,0
11156,1
11157,1
11158,0
11159,4
11160,1
11161,1
11162,1
11163,1
11164,6
11165,1
11166,6
11167,7
11168,5
11169,1
11170,0
11171,6
11172,0
11173,0
11174,0
11175,4
11176,5
11177,5
11178,5
11179,3
11180,7
11181,5
11182,5
11183,4
11184,5
11185,6
11186,4
11187,4
11188,4
11189,3
11190,3
11191,4
11192,4
11193,3
11194,3
11195,7
11196,4
11197,6
11198,1
11199,5
11200,6
11201,1
11202,6
11203,3
11204,4
11205,4
11206,5
11207,5
11208,3
11209,3
11210,4
11211,0
11212,1
11213,1
11214,1
11215,1
11216,0
11217,5
11218,5
11219,5
11220,5
11221,1
11222,5
11223,1
11224,5
11225,1
11226,5
11227,6
11228,6
11229,0
11230,0
11231,6
11232,0
11233,3
11234,5
11235,5
11236,5
11237,0
11238,5
11239,5
11240,3
11241,5
11242,5
11243,5
11244,5
11245,5
11246,5
11247,6
11248,3
11249,5
11250,5
11251,5
11252,0
11253,0
11254,0
11255,4
11256,5
11257,6
11258,6
11259,6
11260,7
11261,5
11262,3
11263,3
11264,6
11265,3
11266,3
11267,3
11268,6
11269,3
11270,5
11271,3
11272,6
11273,0
11274,1
11275,4
11276,1
11277,3
11278,1
11279,1
11280,5
11281,5
11282,1
11283,5
11284,5
11285,3
11286,3
11287,3
11288,7
11289,4
11290,3
11291,6
11292,6
11293,5
11294,3
11295,1
11296,3
11297,7
11298,3
11299,5
11300,7
11301,3
11302,3
11303,7
11304,6
11305,1
11306,6
11307,3
11308,6
11309,4
11310,4
11311,3
11312,1
11313,5
11314,6
11315,6
11316,4
11317,3
11318,5
11319,3
11320,1
11321,6
11322,6
11323,5
11324,1
11325,1
11326,0
11327,0
11328,0
11329,0
11330,5
11331,1
11332,5
11333,7
11334,3
11335,4
11336,1
11337,1
11338,1
11339,6
11340,6
11341,6
11342,1
11343,6
11344,6
11345,6
11346,6
11347,0
11348,6
11349,4
11350,4
11351,1
11352,1
11353,0
11354,1
11355,1
11356,1
11357,1
11358,1
11359,1
11360,1
11361,5
11362,5
11363,5
11364,5
11365,4
11366,7
11367,7
11368,1
11369,4
11370,0
11371,1
11372,0
11373,3
11374,6
11375,3
11376,3
11377,5
11378,4
11379,0
11380,0
11381,6
11382,1
11383,4
11384,7
11385,0
11386,5
11387,0
11388,7
11389,1
11390,3
11391,5
11392,5
11393,3
11394,4
11395,5
11396,4
11397,3
11398,5
11399,6
11400,5
11401,7
11402,4
11403,4
11404,5
11405,1
11406,3
11407,3
11408,3
11409,3
11410,1
11411,1
11412,1
11413,1
11414,3
11415,0
11416,0
11417,0
11418,3
11419,3
11420,3
11421,0
11422,1
11423,0
11424,3
11425,3
11426,1
11427,4
11428,1
11429,1
11430,1
11431,3
11432,1
11433,1
11434,1
11435,4
11436,1
11437,1
11438,1
11439,1
11440,1
11441,1
11442,1
11443,1
11444,5
11445,1
11446,7
11447,1
11448,5
11449,4
11450,1
11451,6
11452,7
11453,7
11454,5
11455,0
11456,0
11457,0
11458,0
11459,6
11460,5
11461,1
11462,5
11463,3
11464,1
11465,3
11466,6
11467,6
11468,6
11469,1
11470,4
11471,4
11472,6
11473,1
11474,3
11475,6
11476,5
11477,7
11478,5
11479,7
11480,7
11481,5
11482,3
11483,3
11484,1
11485,7
11486,4
11487,5
11488,3
11489,3
11490,6
11491,0
11492,4
11493,0
11494,0
11495,6
11496,7
11497,1
11498,1
11499,0
11500,1
11501,0
11502,6
11503,1
11504,6
11505,7
11506,0
11507,0
11508,3
11509,7
11510,6
11511,7
11512,3
11513,3
11514,3
11515,3
11516,1
11517,1
11518,0
11519,0
11520,1
11521,5
11522,0
11523,0
11524,1
11525,6
11526,1
11527,5
11528,5
11529,6
11530,3
11531,3
11532,3
11533,5
11534,1
11535,5
11536,5
11537,1
11538,1
11539,1
11540,3
11541,5
11542,6
11543,5
11544,1
11545,3
11546,5
11547,0
11548,4
11549,6
11550,7
11551,6
11552,6
11553,3
11554,3
11555,1
11556,5
11557,5
11558,6
11559,1
11560,1
11561,1
11562,3
11563,3
11564,3
11565,3
11566,5
11567,0
11568,5
11569,5
11570,4
11571,5
11572,6
11573,1
11574,4
11575,1
11576,6
11577,3
11578,6
11579,6
11580,5
11581,6
11582,6
11583,4
11584,5
11585,5
11586,1
11587,5
11588,1
11589,1
11590,1
11591,4
11592,1
11593,6
11594,5
11595,1
11596,1
11597,1
11598,1
11599,6
11600,5
11601,6
11602,4
11603,6
11604,6
11605,1
11606,7
11607,3
11608,3
11609,0
11610,0
11611,0
11612,4
11613,3
11614,3
11615,1
11616,1
11617,1
11618,1
11619,1
11620,0
11621,3
11622,1
11623,0
11624,0
11625,6
11626,0
11627,5
11628,4
11629,5
11630,0
11631,3
11632,6
11633,3
11634,6
11635,3
11636,1
11637,1
11638,4
11639,0
11640,4
11641,7
11642,0
11643,0
11644,0
11645,1
11646,3
11647,6
11648,6
11649,6
11650,3
11651,1
11652,5
11653,6
11654,1
11655,0
11656,1
11657,1
11658,1
11659,6
11660,6
11661,4
11662,7
11663,7
11664,4
11665,3
11666,6
11667,7
11668,3
11669,3
11670,3
11671,3
11672,5
11673,4
11674,3
11675,4
11676,3
11677,1
11678,4
11679,1
11680,1
11681,3
11682,1
11683,0
11684,6
11685,6
11686,5
11687,3
11688,6
11689,0
11690,0
11691,1
11692,1
11693,4
11694,3
11695,6
11696,1
11697,1
11698,5
11699,1
11700,5
11701,0
11702,6
11703,6
11704,3
11705,6
11706,1
11707,1
11708,1
11709,1
11710,3
11711,1
11712,5
11713,0
11714,4
11715,1
11716,4
11717,4
11718,1
11719,4
11720,6
11721,0
11722,0
11723,1
11724,3
11725,0
11726,6
11727,1
11728,5
11729,1
11730,3
11731,3
11732,0
11733,5
11734,5
11735,4
11736,4
11737,4
11738,3
11739,3
11740,3
11741,3
11742,6
11743,4
11744,1
11745,4
11746,1
11747,1
11748,1
11749,1
11750,1
11751,3
11752,7
11753,4
11754,6
11755,4
11756,6
11757,6
11758,6
11759,6
11760,6
11761,6
11762,6
11763,5
11764,4
11765,5
11766,5
11767,5
11768,5
11769,6
11770,4
11771,1
11772,4
11773,6
11774,5
11775,5
11776,5
11777,5
11778,6
11779,6
11780,4
11781,6
11782,5
11783,4
11784,5
11785,5
11786,5
11787,3
11788,4
11789,3
11790,3
11791,1
11792,0
11793,0
11794,1
11795,1
11796,5
11797,3
11798,5
11799,5
11800,3
11801,6
11802,7
11803,3
11804,6
11805,6
11806,5
11807,5
11808,3
11809,6
11810,5
11811,5
11812,3
11813,6
11814,6
11815,6
11816,3
11817,6
11818,6
11819,6
11820,1
11821,5
11822,5
11823,3
11824,5
11825,1
11826,7
11827,3
11828,3
11829,1
11830,1
11831,4
11832,5
11833,5
11834,4
11835,4
11836,5
11837,4
11838,5
11839,5
11840,5
11841,5
11842,3
11843,1
11844,3
11845,3
11846,5
11847,5
11848,4
11849,5
11850,6
11851,6
11852,1
11853,6
11854,3
11855,3
11856,6
11857,3
11858,6
11859,0
11860,4
11861,6
11862,3
11863,6
11864,3
11865,1
11866,3
11867,4
11868,1
11869,5
11870,6
11871,5
11872,3
11873,3
11874,6
11875,3
11876,6
11877,6
11878,7
11879,6
11880,7
11881,3
11882,5
11883,5
11884,5
11885,6
11886,6
11887,3
11888,1
11889,6
11890,3
11891,6
11892,6
11893,6
11894,6
11895,6
11896,5
11897,5
11898,6
11899,6
11900,3
11901,6
11902,5
11903,4
11904,4
11905,3
11906,3
11907,6
11908,6
11909,6
11910,5
11911,5
11912,6
11913,6
11914,1
11915,6
11916,5
11917,4
11918,1
11919,5
11920,5
11921,7
11922,3
11923,6
11924,3
11925,6
11926,6
11927,6
11928,3
11929,4
11930,3
11931,5
11932,1
11933,1
11934,3
11935,6
11936,1
11937,4
11938,4
11939,6
11940,5
11941,4
11942,6
11943,3
11944,7
11945,3
11946,5
11947,6
11948,4
11949,3
11950,5
11951,1
11952,6
11953,1
11954,1
11955,1
11956,5
11957,3
11958,5
11959,5
11960,1
11961,5
11962,5
11963,6
11964,5
11965,1
11966,4
11967,3
11968,3
11969,4
11970,3
11971,6
11972,6
11973,6
11974,6
11975,6
11976,6
11977,7
11978,7
11979,6
11980,3
11981,5
11982,3
11983,6
11984,0
11985,0
11986,6
11987,3
11988,4
11989,5
11990,5
11991,1
11992,0
11993,5
11994,1
11995,6
11996,6
11997,0
11998,5
11999,1
12000,6
12001,6
12002,6
12003,6
12004,1
12005,1
12006,1
12007,7
12008,3
12009,1
12010,7
12011,1
12012,1
12013,5
12014,1
12015,1
12016,1
12017,3
12018,1
12019,4
12020,5
12021,1
12022,1
12023,5
12024,6
12025,6
12026,1
12027,6
12028,6
12029,6
12030,7
12031,7
12032,6
12033,7
12034,3
12035,7
12036,3
12037,7
12038,7
12039,7
12040,1
12041,6
12042,7
12043,3
12044,7
12045,5
12046,7
12047,7
12048,7
12049,7
12050,7
12051,7
12052,6
12053,6
12054,6
12055,7
12056,7
12057,3
12058,5
12059,4
12060,3
12061,4
12062,4
12063,4
12064,4
12065,6
12066,6
12067,5
12068,3
12069,6
12070,6
12071,3
12072,5
12073,3
12074,4
12075,6
12076,4
12077,4
12078,4
12079,0
12080,1
12081,5
12082,7
12083,4
12084,1
12085,1
12086,1
12087,1
12088,1
12089,1
12090,6
12091,5
12092,6
12093,0
12094,0
12095,0
12096,0
12097,0
12098,0
12099,0
12100,6
12101,6
12102,7
12103,7
12104,4
12105,6
12106,6
12107,3
12108,6
12109,3
12110,1
12111,1
12112,5
12113,3
12114,4
12115,4
12116,1
12117,4
12118,1
12119,1
12120,1
12121,3
12122,3
12123,4
12124,4
12125,5
12126,1
12127,6
12128,3
12129,3
12130,7
12131,7
12132,3
12133,3
12134,3
12135,6
12136,1
12137,6
12138,1
12139,6
12140,6
12141,3
12142,7
12143,6
12144,7
12145,4
12146,4
12147,4
12148,4
12149,3
12150,4
12151,4
12152,7
12153,4
12154,3
12155,3
12156,3
12157,4
12158,6
12159,5
12160,1
12161,7
12162,3
12163,5
12164,5
12165,3
12166,3
12167,3
12168,4
12169,4
12170,0
12171,5
12172,3
12173,1
12174,1
12175,3
12176,5
12177,5
12178,3
12179,3
12180,6
12181,4
12182,6
12183,5
12184,5
12185,0
12186,5
12187,5
12188,3
12189,3
12190,6
12191,6
12192,3
12193,3
12194,5
12195,3
12196,7
12197,5
12198,6
12199,3
12200,3
12201,0
12202,5
12203,5
12204,7
12205,3
12206,7
12207,7
12208,1
12209,1
12210,1
12211,6
12212,6
12213,7
12214,3
12215,6
12216,6
12217,6
12218,6
12219,1
12220,4
12221,6
12222,3
12223,1
12224,6
12225,5
12226,5
12227,5
12228,7
12229,1
12230,1
12231,0
12232,5
12233,7
12234,7
12235,3
12236,1
12237,4
12238,4
12239,1
12240,6
12241,0
12242,3
12243,3
12244,3
12245,3
12246,4
12247,4
12248,1
12249,4
12250,3
12251,4
12252,6
12253,6
12254,6
12255,6
12256,6
12257,6
12258,0
12259,5
12260,5
12261,5
12262,7
12263,7
12264,7
12265,4
12266,6
12267,6
12268,7
12269,6
12270,0
12271,4
12272,5
12273,4
12274,7
12275,3
12276,3
12277,5
12278,6
12279,0
12280,4
12281,1
12282,4
12283,1
12284,7
12285,7
12286,4
12287,7
12288,6
12289,1
12290,1
12291,5
12292,0
12293,0
12294,4
12295,7
12296,7
12297,7
12298,5
12299,3
12300,3
12301,1
12302,5
12303,4
12304,5
12305,4
12306,4
12307,7
12308,4
12309,7
12310,7
12311,1
12312,5
12313,5
12314,3
12315,3
12316,3
12317,3
12318,1
12319,5
12320,1
12321,3
12322,6
12323,3
12324,3
12325,1
12326,0
12327,0
12328,0
12329,3
12330,3
12331,3
12332,3
12333,6
12334,5
12335,7
12336,4
12337,5
12338,5
12339,3
12340,3
12341,0
12342,3
12343,3
12344,3
12345,3
12346,3
12347,6
12348,3
12349,6
12350,4
12351,5
12352,5
12353,3
12354,6
12355,3
12356,5
12357,5
12358,5
12359,6
12360,0
12361,5
12362,5
12363,3
12364,3
12365,3
12366,3
12367,3
12368,6
12369,3
12370,3
12371,5
12372,0
12373,3
12374,7
12375,6
12376,6
12377,6
12378,6
12379,1
12380,0
12381,1
12382,3
12383,5
12384,0
12385,0
12386,0
12387,0
12388,7
12389,5
12390,5
12391,5
12392,6
12393,1
12394,1
12395,0
12396,6
12397,4
12398,7
12399,3
12400,3
12401,1
12402,1
12403,5
12404,5
12405,7
12406,5
12407,3
12408,3
12409,6
12410,5
12411,7
12412,7
12413,5
12414,5
12415,5
12416,3
12417,5
12418,5
12419,3
12420,6
12421,3
12422,3
12423,3
12424,3
12425,6
12426,0
12427,6
12428,3
12429,4
12430,6
12431,5
12432,3
12433,6
12434,7
12435,5
12436,6
12437,3
12438,3
12439,3
12440,3
12441,5
12442,6
12443,6
12444,7
12445,7
12446,4
12447,5
12448,1
12449,5
12450,5
12451,5
12452,3
12453,4
12454,3
12455,3
12456,3
12457,6
12458,5
12459,5
12460,6
12461,6
12462,6
12463,7
12464,5
12465,1
12466,3
12467,6
12468,4
12469,4
12470,4
12471,6
12472,7
12473,0
12474,4
12475,3
12476,5
12477,6
12478,4
12479,1
12480,1
12481,3
12482,5
12483,4
12484,1
12485,0
12486,0
12487,6
12488,6
12489,6
12490,4
12491,1
12492,5
12493,1
12494,0
12495,0
12496,0
12497,1
12498,1
12499,1
12500,1
12501,1
12502,3
12503,7
12504,3
12505,7
12506,0
12507,0
12508,0
12509,6
12510,3
12511,4
12512,3
12513,1
12514,1
12515,1
12516,4
12517,4
12518,1
12519,1
12520,5
12521,0
12522,6
12523,3
12524,0
12525,2
12526,1
12527,4
12528,1
12529,4
12530,7
12531,4
12532,5
12533,3
12534,5
12535,3
12536,7
12537,5
12538,7
12539,7
12540,7
12541,7
12542,7
12543,7
12544,7
12545,7
12546,7
12547,7
12548,7
12549,0
12550,7
12551,0
12552,5
12553,0
12554,0
12555,1
12556,0
12557,1
12558,1
12559,7
12560,1
12561,1
12562,5
12563,6
12564,4
12565,4
12566,5
12567,1
12568,0
12569,0
12570,0
12571,6
12572,3
12573,1
12574,1
12575,1
12576,1
12577,1
12578,5
12579,3
12580,6
12581,6
12582,5
12583,0
12584,1
12585,6
12586,6
12587,0
12588,5
12589,3
12590,6
12591,6
12592,0
12593,3
12594,3
12595,3
12596,6
12597,3
12598,1
12599,6
12600,3
12601,6
12602,6
12603,1
12604,1
12605,4
12606,6
12607,5
12608,1
12609,6
12610,0
12611,0
12612,1
12613,1
12614,3
12615,6
12616,6
12617,6
12618,0
12619,0
12620,0
12621,1
12622,6
12623,6
12624,6
12625,1
12626,1
12627,1
12628,3
12629,7
12630,3
12631,3
12632,3
12633,1
12634,1
12635,0
12636,1
12637,1
12638,1
12639,3
12640,1
12641,1
12642,7
12643,4
12644,3
12645,1
12646,7
12647,5
12648,5
12649,1
12650,0
12651,1
12652,1
12653,0
12654,3
12655,1
12656,4
12657,3
12658,3
12659,1
12660,0
12661,1
12662,3
12663,1
12664,1
12665,6
12666,0
12667,0
12668,3
12669,5
12670,4
12671,1
12672,1
12673,1
12674,6
12675,0
12676,6
12677,0
12678,3
12679,0
12680,1
12681,0
12682,0
12683,1
12684,7
12685,7
12686,6
12687,7
12688,7
12689,7
12690,7
12691,7
12692,1
12693,3
12694,3
12695,3
12696,4
12697,3
12698,1
12699,1
12700,0
12701,0
12702,1
12703,3
12704,7
12705,4
12706,6
12707,3
12708,3
12709,6
12710,1
12711,3
12712,7
12713,3
12714,6
12715,1
12716,1
12717,3
12718,3
12719,3
12720,6
12721,6
12722,1
12723,4
12724,4
12725,6
12726,0
12727,6
12728,4
12729,1
12730,6
12731,1
12732,3
12733,4
12734,1
12735,1
12736,3
12737,3
12738,7
12739,3
12740,5
12741,6
12742,3
12743,5
12744,1
12745,1
12746,6
12747,6
12748,5
12749,1
12750,3
12751,7
12752,3
12753,3
12754,6
12755,1
12756,1
12757,3
12758,3
12759,3
12760,6
12761,7
12762,6
12763,7
12764,3
12765,6
12766,7
12767,3
12768,0
12769,0
12770,7
12771,3
12772,0
12773,3
12774,3
12775,1
12776,4
12777,4
12778,5
12779,4
12780,5
12781,1
12782,1
12783,1
12784,1
12785,1
12786,1
12787,7
12788,1
12789,6
12790,7
12791,1
12792,1
12793,3
12794,6
12795,3
12796,3
12797,1
12798,1
12799,1
12800,5
12801,1
12802,4
12803,4
12804,4
12805,1
12806,1
12807,1
12808,1
12809,1
12810,1
12811,0
12812,1
12813,1
12814,6
12815,1
12816,1
12817,3
12818,3
12819,3
12820,3
12821,6
12822,1
12823,7
12824,1
12825,1
12826,5
12827,1
12828,1
12829,1
12830,0
12831,4
12832,0
12833,6
12834,3
12835,7
12836,4
12837,0
12838,3
12839,6
12840,6
12841,6
12842,7
12843,6
12844,7
12845,6
12846,6
12847,6
12848,6
12849,6
12850,6
12851,3
12852,6
12853,3
12854,3
12855,3
12856,1
12857,7
12858,7
12859,3
12860,7
12861,3
12862,5
12863,0
12864,4
12865,1
12866,1
12867,3
12868,6
12869,6
12870,6
12871,3
12872,4
12873,6
12874,6
12875,6
12876,4
12877,1
12878,7
12879,5
12880,7
12881,1
12882,1
12883,1
12884,1
12885,4
12886,4
12887,4
12888,6
12889,4
12890,6
12891,6
12892,4
12893,6
12894,4
12895,1
12896,3
12897,6
12898,3
12899,4
12900,4
12901,1
12902,3
12903,0
12904,4
12905,1
12906,0
12907,0
12908,1
12909,3
12910,7
12911,4
12912,3
12913,3
12914,7
12915,1
12916,5
12917,3
12918,3
12919,1
12920,0
12921,1
12922,1
12923,1
12924,0
12925,0
12926,7
12927,1
12928,4
12929,6
12930,4
12931,4
12932,6
12933,4
12934,4
12935,4
12936,4
12937,4
12938,1
12939,1
12940,0
12941,6
12942,3
12943,4
12944,1
12945,4
12946,6
12947,4
12948,5
12949,1
12950,4
12951,4
12952,4
12953,4
12954,1
12955,4
12956,4
12957,1
12958,1
12959,7
12960,1
12961,1
12962,1
12963,1
12964,1
12965,3
12966,7
12967,4
12968,1
12969,6
12970,0
12971,7
12972,1
12973,1
12974,7
12975,1
12976,1
12977,6
12978,5
12979,6
12980,6
12981,1
12982,6
12983,6
12984,6
12985,6
12986,6
12987,1
12988,1
12989,1
12990,1
12991,6
12992,0
12993,1
12994,3
12995,1
12996,4
12997,3
12998,1
12999,0
13000,3
13001,3
13002,6
13003,3
13004,3
13005,1
13006,3
13007,0
13008,1
13009,1
13010,4
13011,0
13012,4
13013,4
13014,6
13015,5
13016,5
13017,3
13018,3
13019,1
13020,0
13021,6
13022,1
13023,5
13024,6
13025,6
13026,6
13027,6
13028,6
13029,0
13030,0
13031,0
13032,0
13033,0
13034,0
13035,0
13036,0
13037,3
13038,1
13039,1
13040,4
13041,1
13042,5
13043,5
13044,0
13045,0
13046,7
13047,4
13048,4
13049,4
13050,4
13051,4
13052,0
13053,6
13054,6
13055,1
13056,1
13057,4
13058,5
13059,4
13060,5
13061,0
13062,4
13063,1
13064,4
13065,4
13066,4
13067,1
13068,1
13069,1
13070,5
13071,1
13072,3
13073,7
13074,6
13075,6
13076,1
13077,3
13078,1
13079,1
13080,1
13081,1
13082,1
13083,1
13084,1
13085,1
13086,7
13087,1
13088,0
13089,4
13090,1
13091,3
13092,4
13093,5
13094,4
13095,5
13096,4
13097,6
13098,3
13099,5
13100,4
13101,1
13102,1
13103,0
13104,1
13105,1
13106,3
13107,3
13108,1
13109,4
13110,1
13111,1
13112,3
13113,7
13114,7
13115,6
13116,6
13117,0
13118,7
13119,7
13120,1
13121,3
13122,1
13123,1
13124,5
13125,0
13126,5
13127,7
13128,3
13129,6
13130,5
13131,5
13132,0
13133,6
13134,3
13135,3
13136,6
13137,1
13138,7
13139,7
13140,6
13141,4
13142,5
13143,1
13144,5
13145,6
13146,6
13147,6
13148,0
13149,1
13150,1
13151,1
13152,1
13153,3
13154,1
13155,3
13156,5
13157,5
13158,1
13159,6
13160,6
13161,6
13162,5
13163,5
13164,6
13165,4
13166,6
13167,0
13168,1
13169,6
13170,1
13171,7
13172,7
13173,7
13174,7
13175,1
13176,6
13177,1
13178,3
13179,1
13180,5
13181,3
13182,1
13183,6
13184,1
13185,6
13186,1
13187,3
13188,6
13189,3
13190,7
13191,7
13192,7
13193,7
13194,1
13195,5
13196,4
13197,3
13198,6
13199,6
13200,1
13201,7
13202,6
13203,3
13204,3
13205,6
13206,6
13207,3
13208,3
13209,3
13210,1
13211,1
13212,2
13213,3
13214,6
13215,3
13216,6
13217,3
13218,6
13219,4
13220,6
13221,6
13222,6
13223,1
13224,7
13225,4
13226,1
13227,6
13228,1
13229,1
13230,6
13231,6
13232,1
13233,5
13234,1
13235,1
13236,1
13237,0
13238,4
13239,4
13240,4
13241,1
13242,1
13243,7
13244,4
13245,4
13246,1
13247,1
13248,7
13249,5
13250,5
13251,5
13252,6
13253,0
13254,4
13255,4
13256,4
13257,4
13258,1
13259,4
13260,4
13261,6
13262,6
13263,6
13264,5
13265,3
13266,7
13267,6
13268,6
13269,6
13270,6
13271,0
13272,6
13273,6
13274,4
13275,1
13276,3
13277,3
13278,0
13279,4
13280,5
13281,4
13282,1
13283,1
13284,2
13285,3
13286,6
13287,6
13288,6
13289,5
13290,5
13291,4
13292,6
13293,1
13294,1
13295,6
13296,6
13297,6
13298,6
13299,0
13300,1
13301,1
13302,4
13303,6
13304,6
13305,4
13306,6
13307,6
13308,4
13309,5
13310,5
13311,4
13312,5
13313,5
13314,0
13315,4
13316,4
13317,4
13318,6
13319,5
13320,7
13321,3
13322,6
13323,4
13324,3
13325,5
13326,3
13327,6
13328,1
13329,5
13330,7
13331,4
13332,4
13333,4
13334,7
13335,4
13336,5
13337,5
13338,5
13339,5
13340,6
13341,6
13342,6
13343,3
13344,5
13345,5
13346,1
13347,4
13348,3
13349,7
13350,4
13351,1
13352,3
13353,1
13354,4
13355,6
13356,0
13357,0
13358,3
13359,7
13360,5
13361,1
13362,1
13363,1
13364,7
13365,3
13366,1
13367,1
13368,1
13369,0
13370,0
13371,1
13372,3
13373,1
13374,4
13375,1
13376,4
13377,4
13378,0
13379,6
13380,5
13381,6
13382,6
13383,5
13384,6
13385,3
13386,3
13387,6
13388,6
13389,3
13390,3
13391,7
13392,6
13393,3
13394,6
13395,3
13396,6
13397,4
13398,5
13399,3
13400,1
13401,1
13402,1
13403,5
13404,4
13405,4
13406,6
13407,6
13408,4
13409,7
13410,4
13411,5
13412,0
13413,0
13414,0
13415,5
13416,4
13417,7
13418,3
13419,5
13420,7
13421,6
13422,6
13423,6
13424,6
13425,0
13426,3
13427,3
13428,0
13429,0
13430,1
13431,1
13432,1
13433,7
13434,1
13435,1
13436,6
13437,3
13438,1
13439,4
13440,7
13441,7
13442,3
13443,6
13444,3
13445,3
13446,3
13447,1
13448,5
13449,6
13450,1
13451,6
13452,5
13453,5
13454,1
13455,6
13456,1
13457,1
13458,5
13459,6
13460,6
13461,1
13462,3
13463,0
13464,7
13465,7
13466,6
13467,7
13468,5
13469,4
13470,1
13471,3
13472,1
13473,1
13474,1
13475,3
13476,7
13477,5
13478,4
13479,7
13480,7
13481,5
13482,7
13483,6
13484,3
13485,7
13486,7
13487,7
13488,7
13489,7
13490,7
13491,7
13492,7
13493,7
13494,7
13495,7
13496,7
13497,7
13498,7
13499,7
13500,7
13501,7
13502,7
13503,6
13504,3
13505,3
13506,3
13507,4
13508,1
13509,4
13510,7
13511,6
13512,7
13513,7
13514,4
13515,1
13516,5
13517,1
13518,6
13519,1
13520,5
13521,7
13522,6
13523,1
13524,1
13525,6
13526,1
13527,1
13528,1
13529,6
13530,5
13531,3
13532,1
13533,6
13534,4
13535,4
13536,3
13537,1
13538,6
13539,6
13540,6
13541,0
13542,3
13543,1
13544,0
13545,0
13546,4
13547,7
13548,7
13549,4
13550,1
13551,4
13552,5
13553,1
13554,5
13555,1
13556,1
13557,1
13558,5
13559,7
13560,3
13561,3
13562,5
13563,1
13564,1
13565,1
13566,4
13567,5
13568,6
13569,1
13570,5
13571,0
13572,1
13573,3
13574,6
13575,5
13576,1
13577,5
13578,7
13579,7
13580,3
13581,1
13582,0
13583,0
13584,4
13585,4
13586,0
13587,0
13588,5
13589,3
13590,6
13591,6
13592,3
13593,5
13594,5
13595,6
13596,1
13597,6
13598,5
13599,6
13600,0
13601,1
13602,3
13603,6
13604,5
13605,0
13606,0
13607,5
13608,4
13609,6
13610,1
13611,4
13612,6
13613,5
13614,5
13615,5
13616,0
13617,4
13618,4
13619,1
13620,4
13621,4
13622,4
13623,4
13624,1
13625,1
13626,1
13627,3
13628,0
13629,6
13630,3
13631,1
13632,4
13633,4
13634,4
13635,4
13636,4
13637,4
13638,4
13639,3
13640,3
13641,5
13642,7
13643,5
13644,5
13645,5
13646,3
13647,1
13648,3
13649,1
13650,6
13651,6
13652,1
13653,3
13654,4
13655,7
13656,7
13657,4
13658,3
13659,5
13660,1
13661,4
13662,5
13663,1
13664,3
13665,1
13666,0
13667,1
13668,3
13669,7
13670,3
13671,3
13672,1
13673,1
13674,7
13675,1
13676,3
13677,1
13678,4
13679,3
13680,1
13681,1
13682,1
13683,4
13684,7
13685,3
13686,1
13687,1
13688,1
13689,1
13690,0
13691,3
13692,3
13693,4
13694,4
13695,3
13696,1
13697,3
13698,5
13699,1
13700,3
13701,1
13702,1
13703,3
13704,1
13705,6
13706,1
13707,1
13708,4
13709,1
13710,1
13711,1
13712,1
13713,3
13714,3
13715,3
13716,4
13717,4
13718,4
13719,4
13720,4
13721,4
13722,5
13723,1
13724,6
13725,5
13726,5
13727,5
13728,3
13729,1
13730,4
13731,4
13732,3
13733,4
13734,0
13735,0
13736,0
13737,0
13738,3
13739,0
13740,0
13741,0
13742,0
13743,1
13744,1
13745,6
13746,1
13747,1
13748,6
13749,1
13750,6
13751,0
13752,3
13753,6
13754,1
13755,5
13756,3
13757,6
13758,3
13759,0
13760,1
13761,0
13762,0
13763,0
13764,7
13765,0
13766,7
13767,4
13768,0
13769,3
13770,0
13771,6
13772,0
13773,6
13774,1
13775,1
13776,1
13777,0
13778,0
13779,5
13780,3
13781,3
13782,6
13783,6
13784,6
13785,3
13786,6
13787,6
13788,5
13789,6
13790,5
13791,3
13792,3
13793,6
13794,1
13795,0
13796,0
13797,0
13798,7
13799,5
13800,5
13801,5
13802,5
13803,0
13804,0
13805,0
13806,0
13807,0
13808,5
13809,1
13810,1
13811,1
13812,5
13813,5
13814,5
13815,0
13816,1
13817,6
13818,0
13819,4
13820,1
13821,6
13822,5
13823,5
13824,0
13825,5
13826,7
13827,4
13828,3
13829,4
13830,1
13831,3
13832,4
13833,0
13834,0
13835,0
13836,0
13837,3
13838,7
13839,0
13840,1
13841,4
13842,5
13843,5
13844,5
13845,3
13846,4
13847,3
13848,1
13849,1
13850,1
13851,7
13852,5
13853,1
13854,0
13855,1
13856,1
13857,1
13858,1
13859,0
13860,7
13861,6
13862,7
13863,3
13864,7
13865,5
13866,5
13867,3
13868,4
13869,7
13870,0
13871,1
13872,3
13873,6
13874,4
13875,4
13876,3
13877,3
13878,0
13879,5
13880,4
13881,1
13882,1
13883,5
13884,3
13885,5
13886,5
13887,5
13888,5
13889,5
13890,5
13891,5
13892,4
13893,4
13894,5
13895,5
13896,5
13897,1
13898,4
13899,6
13900,1
13901,5
13902,4
13903,4
13904,5
13905,5
13906,5
13907,7
13908,5
13909,6
13910,4
13911,4
13912,1
13913,6
13914,5
13915,6
13916,1
13917,6
13918,6
13919,0
13920,1
13921,1
13922,0
13923,5
13924,5
13925,0
13926,5
13927,1
13928,4
13929,6
13930,4
13931,6
13932,6
13933,1
13934,4
13935,5
13936,5
13937,4
13938,5
13939,3
13940,4
13941,5
13942,6
13943,5
13944,5
13945,4
13946,0
13947,4
13948,5
13949,5
13950,5
13951,5
13952,5
13953,6
13954,5
13955,3
13956,5
13957,5
13958,4
13959,5
13960,5
13961,6
13962,6
13963,4
13964,4
13965,3
13966,0
13967,4
13968,6
13969,0
13970,0
13971,3
13972,6
13973,4
13974,5
13975,5
13976,5
13977,6
13978,5
13979,5
13980,4
13981,4
13982,4
13983,5
13984,5
13985,5
13986,5
13987,4
13988,5
13989,5
13990,5
13991,5
13992,3
13993,5
13994,5
13995,4
13996,5
13997,1
13998,0
13999,1
14000,5
14001,5
14002,4
14003,5
14004,5
14005,5
14006,4
14007,3
14008,4
14009,7
14010,5
14011,7
14012,5
14013,1
14014,3
14015,3
14016,3
14017,3
14018,7
14019,6
14020,3
14021,4
14022,4
14023,3
14024,0
14025,0
14026,0
14027,0
14028,0
14029,6
14030,3
14031,3
14032,3
14033,4
14034,4
14035,3
14036,3
14037,4
14038,4
14039,3
14040,6
14041,6
14042,6
14043,0
14044,4
14045,4
14046,0
14047,0
14048,0
14049,5
14050,1
14051,1
14052,4
14053,1
14054,4
14055,5
14056,0
14057,3
14058,6
14059,6
14060,6
14061,6
14062,3
14063,0
14064,1
14065,1
14066,6
14067,6
14068,4
14069,1
14070,0
14071,4
14072,1
14073,5
14074,6
14075,1
14076,6
14077,1
14078,1
14079,1
14080,0
14081,1
14082,6
14083,4
14084,1
14085,4
14086,3
14087,5
14088,4
14089,5
14090,5
14091,4
14092,6
14093,4
14094,5
14095,5
14096,5
14097,4
14098,4
14099,1
14100,1
14101,5
14102,5
14103,0
14104,5
14105,5
14106,3
14107,3
14108,3
14109,5
14110,1
14111,5
14112,5
14113,5
14114,5
14115,5
14116,1
14117,4
14118,5
14119,5
14120,1
14121,1
14122,6
14123,0
14124,0
14125,0
14126,0
14127,0
14128,6
14129,6
14130,6
14131,1
14132,4
14133,1
14134,1
14135,1
14136,5
14137,5
14138,1
14139,5
14140,0
14141,6
14142,7
14143,0
14144,3
14145,3
14146,5
14147,0
14148,1
14149,1
14150,5
14151,6
14152,7
14153,4
14154,3
14155,7
14156,7
14157,7
14158,7
14159,0
14160,1
14161,1
14162,0
14163,1
14164,3
14165,3
14166,5
14167,1
14168,1
14169,0
14170,1
14171,1
14172,3
14173,1
14174,1
14175,1
14176,7
14177,4
14178,4
14179,3
14180,4
14181,1
14182,1
14183,1
14184,7
14185,0
14186,6
14187,7
14188,7
14189,3
14190,3
14191,1
14192,1
14193,0
14194,1
14195,0
14196,1
14197,7
14198,1
14199,1
14200,1
14201,1
14202,1
14203,4
14204,6
14205,6
14206,7
14207,7
14208,1
14209,1
14210,0
14211,0
14212,1
14213,3
14214,1
14215,1
14216,3
14217,3
14218,0
14219,1
14220,4
14221,1
14222,1
14223,3
14224,4
14225,3
14226,4
14227,4
14228,4
14229,6
14230,4
14231,6
14232,4
14233,0
14234,0
14235,1
14236,1
14237,1
14238,4
14239,1
14240,1
14241,1
14242,1
14243,3
14244,4
14245,4
14246,5
14247,0
14248,7
14249,1
14250,4
14251,5
14252,4
14253,4
14254,4
14255,4
14256,0
14257,0
14258,4
14259,1
14260,0
14261,4
14262,6
14263,4
14264,4
14265,0
14266,0
14267,3
14268,1
14269,0
14270,1
14271,0
14272,4
14273,4
14274,6
14275,7
14276,7
14277,7
14278,1
14279,3
14280,1
14281,6
14282,3
14283,3
14284,0
14285,7
14286,3
14287,1
14288,0
14289,5
14290,5
14291,1
14292,7
14293,4
14294,6
14295,4
14296,7
14297,0
14298,6
14299,5
14300,5
14301,1
14302,1
14303,1
14304,1
14305,1
14306,4
14307,4
14308,4
14309,1
14310,0
14311,1
14312,0
14313,1
14314,5
14315,3
14316,6
14317,6
14318,7
14319,0
14320,3
14321,3
14322,6
14323,6
14324,3
14325,0
14326,6
14327,0
14328,0
14329,0
14330,0
14331,1
14332,4
14333,4
14334,4
14335,4
14336,4
14337,1
14338,3
14339,4
14340,7
14341,1
14342,1
14343,5
14344,7
14345,1
14346,6
14347,7
14348,6
14349,5
14350,6
14351,3
14352,4
14353,5
14354,5
14355,0
14356,1
14357,7
14358,3
14359,3
14360,6
14361,1
14362,1
14363,4
14364,6
14365,6
14366,3
14367,1
14368,1
14369,1
14370,1
14371,1
14372,1
14373,1
14374,0
14375,0
14376,0
