id,phrase,level,main_category,sub_category,cluster
1,after-sales service,C2,Business_Finance_Economy,Business_Management,0
2,ancient monument,C2,Education,Academic_Study,0
3,arrive at a total of,C2,Business_Finance_Economy,Economy_Markets,0
4,birth rate,B2,Business_Finance_Economy,Economy_Markets,0
5,become famous,C2,Psychology_Emotions,Motivation,0
6,come to a total of,C2,Business_Finance_Economy,Economy_Markets,0
7,big meal,B1,Health_Medicine,Nutrition_Diet,0
8,considerable amount,C2,Business_Finance_Economy,Economy_Markets,0
9,bitterly cold,C2,Psychology_Emotions,Feelings_Emotions,0
10,considerable number,C2,Business_Finance_Economy,Economy_Markets,0
11,bitterly disappointed,C2,Psychology_Emotions,Feelings_Emotions,0
12,constant interruptions,C2,Communication_Media_Arts,Speaking_Expressions,0
13,continual complaining,C2,Communication_Media_Arts,Speaking_Expressions,0
14,cause crime,C1,Society_Law_Politics,Law_Crime,0
15,decline in the number of,C2,Business_Finance_Economy,Economy_Markets,0
16,dramatic fall,C2,Business_Finance_Economy,Economy_Markets,0
17,fast food,B2,Health_Medicine,Nutrition_Diet,0
18,dramatic rise,C2,Business_Finance_Economy,Economy_Markets,0
19,get a job,B2,Business_Finance_Economy,Jobs_Careers,0
20,drop in the number of,C2,Business_Finance_Economy,Economy_Markets,0
21,heavy cold,B2,Health_Medicine,Healthcare_Hospital,0
22,enormous amount,C2,Business_Finance_Economy,Economy_Markets,0
23,heavy snow,B2,Science_Nature,Natural_Phenomena,0
24,enormous number,C2,Business_Finance_Economy,Economy_Markets,0
25,keep to the rules,C2,Society_Law_Politics,Law_Crime,0
26,even number,C1,Business_Finance_Economy,Economy_Markets,0
27,leave university,C2,Education,University_School,0
28,fall sharply,C1,Business_Finance_Economy,Economy_Markets,0
29,live music,B2,Communication_Media_Arts,Arts_Creativity,0
30,fall steeply,C1,Business_Finance_Economy,Economy_Markets,0
31,make a decision,C2,Daily_Life,General_Interactions,0
32,increase gradually,C2,Business_Finance_Economy,Economy_Markets,0
33,make a mistake,C2,Daily_Life,General_Interactions,0
34,increase in the number of,C2,Business_Finance_Economy,Economy_Markets,0
35,make an effort,C2,Daily_Life,General_Interactions,0
36,increase steadily,C2,Business_Finance_Economy,Economy_Markets,0
37,make a recording,C2,Technology_Digital,Software_Internet,0
38,keep asking,C1,Daily_Life,Routine_Activities,0
39,keep hitting,C1,Daily_Life,Routine_Activities,0
40,play the guitar,C2,Communication_Media_Arts,Arts_Creativity,0
41,keep interrupting,C2,Daily_Life,Routine_Activities,0
42,powerful engine,C2,Technology_Digital,Devices_Hardware,0
43,minute amount,C2,Business_Finance_Economy,Economy_Markets,0
44,minute number,C2,Business_Finance_Economy,Economy_Markets,0
45,quick meal,B2,Health_Medicine,Nutrition_Diet,0
46,odd number,B2,Business_Finance_Economy,Economy_Markets,0
47,stick to the rules,C2,Society_Law_Politics,Law_Crime,0
48,rare bird,B2,Daily_Life,General_Interactions,0
49,strictly forbidden,C2,Society_Law_Politics,Law_Crime,0
50,rare coin,B2,Daily_Life,General_Interactions,0
51,substantial meal,C2,Health_Medicine,Nutrition_Diet,0
52,rare disease,C1,Health_Medicine,Illness_Diseases,0
53,take a photo,C1,Daily_Life,General_Interactions,0
54,rare species,C1,Science_Nature,Biology_Life_Sciences,0
55,take up a profession,C2,Business_Finance_Economy,Jobs_Careers,0
56,rate falls,B2,Business_Finance_Economy,Economy_Markets,0
57,valid passport,C2,Education,Exams_Assessments,3
58,rate rises,B2,Business_Finance_Economy,Economy_Markets,0
59,watch tv,B1,Communication_Media_Arts,Speaking_Expressions,0
60,remain constant,C2,Technology_Digital,Artificial_Intelligence,0
61,write a song,C1,Communication_Media_Arts,Writing_Language,0
62,remain stable,C2,Technology_Digital,Artificial_Intelligence,0
63,desperately jealous,C2,Business_Finance_Economy,Economy_Markets,0
64,rise in the number of,C2,Business_Finance_Economy,Economy_Markets,0
65,desperately worried,C2,Business_Finance_Economy,Economy_Markets,0
66,rise sharply,C1,Business_Finance_Economy,Economy_Markets,0
67,do a course,C1,Education,University_School,0
68,rise steeply,C1,Business_Finance_Economy,Economy_Markets,0
69,do some shopping,C2,Daily_Life,Shopping_Everyday,0
70,significant amount,C2,Business_Finance_Economy,Economy_Markets,0
71,do some work,C1,Business_Finance_Economy,Jobs_Careers,0
72,significant number,C2,Business_Finance_Economy,Economy_Markets,0
73,do your duty,C1,Daily_Life,General_Interactions,0
74,substantial amount,C2,Business_Finance_Economy,Economy_Markets,0
75,ease the pain,C2,Health_Medicine,Illness_Diseases,0
76,substantial number,C2,Business_Finance_Economy,Economy_Markets,0
77,enrol on a course,C2,Education,University_School,0
78,surprising amount,C2,Business_Finance_Economy,Economy_Markets,0
79,extremely easy,C2,Daily_Life,General_Interactions,0
80,surprising number,C2,Business_Finance_Economy,Economy_Markets,0
81,find a way,B2,Daily_Life,General_Interactions,0
82,tiny amount,C1,Business_Finance_Economy,Economy_Markets,0
83,find your way,C2,Travel_Transportation,Navigation_Directions,0
84,tiny number,C1,Business_Finance_Economy,Economy_Markets,0
85,get divorced,C1,Daily_Life,General_Interactions,0
86,unit of currency,C2,Business_Finance_Economy,Finance_Banking,0
87,get in someone's way,C2,Daily_Life,General_Interactions,0
88,unit of electricity,C2,Daily_Life,General_Interactions,0
89,give a lecture,C2,Education,University_School,0
90,unit of length,C2,Daily_Life,General_Interactions,0
91,give someone a call,C2,Communication_Media_Arts,Speaking_Expressions,0
92,unit of measurement,C2,Science_Nature,Research_Methods,0
93,give someone a lift,C2,Daily_Life,General_Interactions,0
94,widespread damage,C2,Communication_Media_Arts,Speaking_Expressions,0
95,give someone a ring,C2,Communication_Media_Arts,Speaking_Expressions,0
96,widespread interest,C2,Communication_Media_Arts,Speaking_Expressions,0
97,give way to,C1,Daily_Life,General_Interactions,0
98,widespread poverty,C2,Society_Law_Politics,Social_Issues,0
99,have access to,C2,Daily_Life,General_Interactions,0
100,widespread support,C2,Communication_Media_Arts,Speaking_Expressions,0
101,have a chat,C1,Communication_Media_Arts,Speaking_Expressions,0
102,at breakneck speed,C2,Daily_Life,Routine_Activities,0
103,have a look,C1,Daily_Life,General_Interactions,0
104,brisk business,C2,Business_Finance_Economy,Business_Management,0
105,have a party,C1,Communication_Media_Arts,Arts_Creativity,0
106,brisk efficiency,C2,Business_Finance_Economy,Entrepreneurship,0
107,have a rest,C1,Daily_Life,General_Interactions,0
108,brisk pace,B2,Business_Finance_Economy,Entrepreneurship,0
109,lead a discussion,C2,Education,Classroom_Interaction,0
110,brisk walk,B2,Business_Finance_Economy,Entrepreneurship,0
111,lead a life,C1,Science_Nature,Biology_Life_Sciences,0
112,come to a standstill,C2,Health_Medicine,Healthcare_Hospital,0
113,lead an enquiry,C2,Daily_Life,General_Interactions,0
114,fast car,B1,Travel_Transportation,Road_Travel,0
115,lead an expedition,C2,Daily_Life,General_Interactions,0
116,fast computer,C2,Technology_Digital,Devices_Hardware,0
117,learn the hard way,C2,Education,Learning_Skills,0
118,fast lane,B2,Daily_Life,General_Interactions,0
119,fast pace,B2,Daily_Life,Routine_Activities,0
120,make a good impression,C2,Communication_Media_Arts,Media_Journalism,0
121,fast train,B2,Technology_Digital,Artificial_Intelligence,0
122,gather speed,C1,Daily_Life,Routine_Activities,0
123,make demands on,C2,Business_Finance_Economy,Economy_Markets,0
124,go astray,B2,Daily_Life,General_Interactions,0
125,make progress,C2,Daily_Life,General_Interactions,0
126,hasty conclusion,C2,Daily_Life,General_Interactions,0
127,make your way,C2,Daily_Life,General_Interactions,0
128,hasty decision,C2,Daily_Life,General_Interactions,0
129,meet requirements,C2,Daily_Life,General_Interactions,0
130,hasty exit,B2,Daily_Life,General_Interactions,0
131,piece of advice,C2,Daily_Life,General_Interactions,0
132,hasty words,C1,Daily_Life,General_Interactions,0
133,really enjoy,C1,Psychology_Emotions,Feelings_Emotions,0
134,in slow motion,C2,Daily_Life,General_Interactions,0
135,run a bath,B2,Daily_Life,Routine_Activities,0
136,leisurely breakfast,C2,Daily_Life,Routine_Activities,0
137,sharp bend,B2,Daily_Life,General_Interactions,0
138,lose your balance,C2,Psychology_Emotions,Stress_Mental_State,0
139,sharp contrast,C2,Daily_Life,General_Interactions,0
140,lose your footing,C2,Daily_Life,General_Interactions,0
141,sharp difference,C2,Daily_Life,General_Interactions,0
142,make a detour,C2,Travel_Transportation,Navigation_Directions,0
143,sharp distinction,C2,Daily_Life,General_Interactions,0
144,painfully slow,C2,Health_Medicine,Illness_Diseases,0
145,sharp drop,B2,Daily_Life,General_Interactions,0
146,pick up speed,C2,Daily_Life,Routine_Activities,0
147,sharp increase,C2,Daily_Life,General_Interactions,0
148,prompt payment,C2,Business_Finance_Economy,Finance_Banking,0
149,sharp pain,B2,Health_Medicine,Illness_Diseases,0
150,prompt reply,C1,Communication_Media_Arts,Speaking_Expressions,0
151,sharp rise,B2,Daily_Life,General_Interactions,0
152,prompt response,C2,Psychology_Emotions,Behavior,0
153,sharp turn,B2,Daily_Life,General_Interactions,0
154,quick answer,C1,Education,Classroom_Interaction,0
155,spend your time,C2,Daily_Life,Time_Management,0
156,quick decision,C2,Daily_Life,General_Interactions,0
157,study for a degree,C2,Education,Academic_Study,0
158,quick glance,C1,Daily_Life,General_Interactions,0
159,take a look,C1,Daily_Life,General_Interactions,0
160,quick look,B2,Daily_Life,General_Interactions,0
161,take an exam,C1,Education,Exams_Assessments,0
162,quick lunch,C1,Health_Medicine,Nutrition_Diet,0
163,take care of,C1,Travel_Transportation,Road_Travel,0
164,quick shower,C1,Daily_Life,Routine_Activities,0
165,thoroughly enjoy,C2,Psychology_Emotions,Feelings_Emotions,0
166,rapid change,C1,Daily_Life,General_Interactions,0
167,try every possible way,C2,Daily_Life,General_Interactions,0
168,rapid decline,C2,Business_Finance_Economy,Economy_Markets,0
169,university entry,C2,Education,University_School,0
170,rapid growth,C1,Daily_Life,General_Interactions,0
171,wise choice,C1,Daily_Life,General_Interactions,0
172,rapid increase,C2,Business_Finance_Economy,Economy_Markets,0
173,accept an offer,C2,Daily_Life,General_Interactions,0
174,rapid movement,C2,Daily_Life,General_Interactions,0
175,aches and pains,C2,Health_Medicine,Illness_Diseases,0
176,rapid progress,C2,Daily_Life,General_Interactions,0
177,alleviate pain,C2,Health_Medicine,Illness_Diseases,0
178,slow-moving traffic,C2,Travel_Transportation,Road_Travel,0
179,cause pain,B2,Health_Medicine,Illness_Diseases,0
180,slow to a crawl,C2,Daily_Life,General_Interactions,0
181,complain of pain,C2,Health_Medicine,Illness_Diseases,0
182,speedy access,C2,Daily_Life,General_Interactions,0
183,constant pain,C2,Health_Medicine,Illness_Diseases,0
184,speedy conclusion,C2,Daily_Life,General_Interactions,0
185,ease pain,B2,Health_Medicine,Illness_Diseases,0
186,speedy recovery,C2,Health_Medicine,Healthcare_Hospital,0
187,experience pain,C2,Health_Medicine,Illness_Diseases,0
188,speedy response,C2,Psychology_Emotions,Behavior,0
189,feel pain,B2,Health_Medicine,Illness_Diseases,0
190,steer the conversation,C2,Communication_Media_Arts,Speaking_Expressions,0
191,inflict pain,C1,Health_Medicine,Illness_Diseases,0
192,swift action,C1,Psychology_Emotions,Behavior,0
193,lessen pain,C1,Health_Medicine,Illness_Diseases,0
194,swift reaction,C2,Science_Nature,Physics_Chemistry,0
195,pain subsides,C2,Health_Medicine,Illness_Diseases,0
196,swift recovery,C2,Health_Medicine,Healthcare_Hospital,0
197,racked with pain,C2,Health_Medicine,Illness_Diseases,0
198,swift response,C2,Psychology_Emotions,Behavior,0
199,relieve pain,C1,Health_Medicine,Illness_Diseases,0
200,take a detour,C2,Travel_Transportation,Navigation_Directions,0
201,take a shortcut,C2,Travel_Transportation,Navigation_Directions,0
202,soothe pain,C1,Health_Medicine,Illness_Diseases,0
203,take steps,B2,Daily_Life,General_Interactions,0
204,suffer from pain,C2,Health_Medicine,Illness_Diseases,0
205,top speed,B2,Daily_Life,Routine_Activities,0
206,take someone up on an offer,C2,Daily_Life,General_Interactions,0
207,turn something upside down,C2,Daily_Life,General_Interactions,0
208,acutely embarrassing,C2,Psychology_Emotions,Feelings_Emotions,0
209,unhurried manner,C2,Psychology_Emotions,Behavior,0
210,blissfully happy,C2,Psychology_Emotions,Feelings_Emotions,0
211,adopt an approach,C2,Technology_Digital,Software_Internet,0
212,blissfully unaware,C2,Psychology_Emotions,Feelings_Emotions,0
213,become available,C2,Technology_Digital,Artificial_Intelligence,0
214,become successful,C2,Psychology_Emotions,Motivation,0
215,break a habit,C2,Psychology_Emotions,Behavior,0
216,burst into song,C2,Psychology_Emotions,Feelings_Emotions,0
217,change doctors,C2,Health_Medicine,Healthcare_Hospital,0
218,burst into tears,C2,Psychology_Emotions,Feelings_Emotions,0
219,change jobs,C1,Business_Finance_Economy,Jobs_Careers,0
220,company expands,C2,Business_Finance_Economy,Business_Management,0
221,change places,C2,Daily_Life,Routine_Activities,0
222,company grows,C2,Business_Finance_Economy,Business_Management,0
223,change schools,C2,Education,University_School,0
224,company merges,C2,Business_Finance_Economy,Business_Management,0
225,change seats,C1,Daily_Life,Routine_Activities,0
226,create opportunities,C2,Health_Medicine,Healthcare_Hospital,0
227,change the baby,C2,Daily_Life,General_Interactions,0
228,economy booms,C2,Business_Finance_Economy,Economy_Markets,0
229,change the beds,C2,Daily_Life,Routine_Activities,0
230,filled with horror,C2,Psychology_Emotions,Feelings_Emotions,0
231,change the subject,C2,Communication_Media_Arts,Speaking_Expressions,0
232,fully aware,C1,Society_Law_Politics,Law_Crime,0
233,change your clothes,C2,Daily_Life,Routine_Activities,0
234,ginger cat,B2,Daily_Life,General_Interactions,0
235,change your mind,C2,Health_Medicine,Mental_Health,0
236,happily married,C2,Technology_Digital,Software_Internet,0
237,convert to christianity,C2,Daily_Life,General_Interactions,0
238,exchange addresses,C2,Communication_Media_Arts,Speaking_Expressions,0
239,key issue,B2,Daily_Life,General_Interactions,0
240,exchange ideas,C2,Daily_Life,General_Interactions,0
241,major problem,C2,Daily_Life,General_Interactions,0
242,exchange money,C2,Business_Finance_Economy,Finance_Banking,0
243,have clothes altered,C2,Daily_Life,General_Interactions,0
244,pang of nostalgia,C2,Psychology_Emotions,Feelings_Emotions,0
245,improvement in performance,C2,Communication_Media_Arts,Speaking_Expressions,0
246,place gently,C1,Daily_Life,Routine_Activities,0
247,kick the habit,C2,Psychology_Emotions,Behavior,0
248,pose a problem,C2,Daily_Life,General_Interactions,0
249,make an adjustment,C2,Daily_Life,General_Interactions,0
250,prices rise,C1,Business_Finance_Economy,Economy_Markets,0
251,make a slight alteration,C2,Daily_Life,General_Interactions,0
252,pull steadily,C2,Daily_Life,Routine_Activities,0
253,make modifications,C2,Daily_Life,General_Interactions,0
254,roar with laughter,C2,Psychology_Emotions,Feelings_Emotions,0
255,move house,B2,Daily_Life,Home_Housing,0
256,sense of pride,C2,Psychology_Emotions,Feelings_Emotions,0
257,power to transform,C2,Daily_Life,General_Interactions,0
258,smile proudly,C2,Psychology_Emotions,Feelings_Emotions,0
259,price rises,C1,Business_Finance_Economy,Economy_Markets,0
260,surge of anger,C2,Psychology_Emotions,Feelings_Emotions,0
261,problem arises,C2,Daily_Life,General_Interactions,0
262,surge of emotion,C2,Health_Medicine,Mental_Health,0
263,profits rise,C1,Business_Finance_Economy,Finance_Banking,0
264,swell with pride,C2,Psychology_Emotions,Feelings_Emotions,0
265,raise a question,C2,Education,Classroom_Interaction,0
266,tread carefully,C2,Travel_Transportation,Road_Travel,0
267,raise taxes,C1,Technology_Digital,Artificial_Intelligence,0
268,well with pride,C2,Psychology_Emotions,Feelings_Emotions,0
269,raise your hand,C2,Technology_Digital,Artificial_Intelligence,0
270,revolutionise the way,C2,Science_Nature,Biology_Life_Sciences,0
271,alight from a bus,C2,Travel_Transportation,Public_Transport,0
272,standard of living rises,C2,Daily_Life,General_Interactions,0
273,axe jobs,B1,Business_Finance_Economy,Jobs_Careers,0
274,the sun rises,C2,Daily_Life,General_Interactions,0
275,badly need,B2,Daily_Life,General_Interactions,0
276,address someone politely,C2,Daily_Life,General_Interactions,0
277,battle against floods,C2,Science_Nature,Natural_Phenomena,0
278,apologise profusely,C2,Daily_Life,General_Interactions,0
279,bear the cost,C2,Business_Finance_Economy,Economy_Markets,0
280,ask someone a favour,C2,Daily_Life,General_Interactions,0
281,board an aircraft,C2,Technology_Digital,Artificial_Intelligence,0
282,brief chat,B2,Communication_Media_Arts,Speaking_Expressions,0
283,bored stiff,C1,Psychology_Emotions,Feelings_Emotions,0
284,challenge someone directly,C2,Daily_Life,General_Interactions,0
285,crack down,B2,Daily_Life,General_Interactions,0
286,cyclists dismount,C2,Travel_Transportation,Public_Transport,0
287,complain bitterly,C2,Technology_Digital,Artificial_Intelligence,0
288,dead keen,B2,Daily_Life,General_Interactions,0
289,crack a joke,C1,Daily_Life,General_Interactions,0
290,dispose of items,C2,Daily_Life,General_Interactions,0
291,crack a joke police,C2,Society_Law_Politics,Law_Crime,0
292,embark upon an explanation,C2,Daily_Life,General_Interactions,0
293,delicate subject,C2,Daily_Life,General_Interactions,0
294,extremely keen,C2,Daily_Life,General_Interactions,0
295,drop a hint,C1,Daily_Life,General_Interactions,0
296,falling profits,C2,Business_Finance_Economy,Finance_Banking,0
297,get into conversation,C2,Communication_Media_Arts,Speaking_Expressions,0
298,floods hit,B2,Science_Nature,Natural_Phenomena,0
299,get to the point,C2,Communication_Media_Arts,Writing_Language,0
300,get on a plane,C2,Travel_Transportation,Air_Travel,0
301,give someone instructions,C2,Daily_Life,General_Interactions,0
302,give someone your word,C2,Daily_Life,General_Interactions,0
303,have a word,C1,Communication_Media_Arts,Speaking_Expressions,0
304,have a think,C1,Daily_Life,General_Interactions,0
305,join in a conversation,C2,Communication_Media_Arts,Speaking_Expressions,0
306,job losses,B2,Business_Finance_Economy,Finance_Banking,0
307,lengthy discussion,C2,Education,Classroom_Interaction,0
308,launch into an explanation,C2,Daily_Life,General_Interactions,0
309,lull in the conversation,C2,Communication_Media_Arts,Speaking_Expressions,0
310,major companies,C2,Business_Finance_Economy,Economy_Markets,0
311,make an observation,C2,Science_Nature,Research_Methods,0
312,make redundant,C2,Business_Finance_Economy,Economy_Markets,0
313,make a speech,C2,Daily_Life,General_Interactions,0
314,missing teenager,C2,Communication_Media_Arts,Speaking_Expressions,0
315,make it clear,C2,Communication_Media_Arts,Writing_Language,0
316,outbreak hits,C2,Science_Nature,Natural_Phenomena,0
317,make polite conversation,C2,Communication_Media_Arts,Speaking_Expressions,0
318,police crack down,C2,Society_Law_Politics,Law_Crime,0
319,plead ignorance,C2,Daily_Life,General_Interactions,0
320,police quiz,C1,Society_Law_Politics,Law_Crime,0
321,quick word,B2,Communication_Media_Arts,Speaking_Expressions,0
322,pretty awful,C1,Daily_Life,General_Interactions,0
323,raise a subject,C2,Technology_Digital,Artificial_Intelligence,0
324,pretty dreadful,C2,Daily_Life,General_Interactions,0
325,speak a language,C2,Communication_Media_Arts,Speaking_Expressions,0
326,pretty dull,C1,Daily_Life,General_Interactions,0
327,speak off the record,C2,Communication_Media_Arts,Speaking_Expressions,0
328,prime suspect,C2,Daily_Life,General_Interactions,0
329,strike up a conversation,C2,Communication_Media_Arts,Speaking_Expressions,0
330,prosecute trespassers,C2,Education,Exams_Assessments,0
331,tell a joke,C1,Communication_Media_Arts,Speaking_Expressions,0
332,pump prices,C1,Business_Finance_Economy,Economy_Markets,0
333,tell a lie,B2,Communication_Media_Arts,Speaking_Expressions,0
334,raise capital,C2,Business_Finance_Economy,Finance_Banking,0
335,tell a story,C1,Communication_Media_Arts,Writing_Language,0
336,receptacle provided,C2,Daily_Life,General_Interactions,0
337,tell the truth,C2,Communication_Media_Arts,Speaking_Expressions,0
338,slash prices,C1,Business_Finance_Economy,Economy_Markets,0
339,tone of someone's voice,C2,Communication_Media_Arts,Speaking_Expressions,0
340,spending rockets,C2,Business_Finance_Economy,Economy_Markets,0
341,whisper softly,C2,Daily_Life,General_Interactions,0
342,start up a business,C2,Business_Finance_Economy,Business_Management,0
343,wish someone luck,C2,Daily_Life,General_Interactions,0
344,submit a tender,C2,Business_Finance_Economy,Economy_Markets,0
345,take responsibility,C2,Daily_Life,General_Interactions,0
346,different walks of life,C2,Science_Nature,Biology_Life_Sciences,0
347,unwanted items,C2,Daily_Life,General_Interactions,0
348,easy walk,B2,Daily_Life,Routine_Activities,0
349,absolutely absurd,C2,Daily_Life,General_Interactions,0
350,faltering steps,C2,Daily_Life,General_Interactions,0
351,absolutely alone,C2,Psychology_Emotions,Feelings_Emotions,0
352,gentle stroll,C2,Daily_Life,Routine_Activities,0
353,absolutely appalled,C2,Psychology_Emotions,Feelings_Emotions,0
354,gentle walk,C1,Daily_Life,Routine_Activities,0
355,absolutely convinced,C2,Daily_Life,General_Interactions,0
356,get off on the wrong foot,C2,Daily_Life,General_Interactions,0
357,absolutely devastated,C2,Psychology_Emotions,Feelings_Emotions,0
358,go for a run,C1,Daily_Life,Routine_Activities,0
359,absolutely exhausted,C2,Psychology_Emotions,Feelings_Emotions,0
360,go for a walk,C2,Daily_Life,Routine_Activities,0
361,absolutely impossible,C2,Daily_Life,General_Interactions,0
362,go on foot,B2,Daily_Life,General_Interactions,0
363,absolutely miserable,C2,Psychology_Emotions,Feelings_Emotions,0
364,go running,B2,Health_Medicine,Fitness_Exercise,0
365,absolutely ridiculous,C2,Daily_Life,General_Interactions,0
366,heavy steps,C1,Daily_Life,General_Interactions,0
367,absolutely stupid,C2,Daily_Life,General_Interactions,0
368,leisurely stroll,C2,Daily_Life,Routine_Activities,0
369,absolutely wrong,C2,Daily_Life,General_Interactions,0
370,light steps,C1,Daily_Life,General_Interactions,0
371,argue strongly,C2,Communication_Media_Arts,Speaking_Expressions,0
372,make great strides,C2,Health_Medicine,Healthcare_Hospital,0
373,pace up and down,C2,Daily_Life,General_Interactions,0
374,pick your way cautiously,C2,Daily_Life,General_Interactions,0
375,bitterly disappointing,C2,Psychology_Emotions,Feelings_Emotions,0
376,run into problems,C2,Daily_Life,General_Interactions,0
377,bitterly regret,C2,Daily_Life,General_Interactions,0
378,run up against opposition,C2,Technology_Digital,Artificial_Intelligence,0
379,bitterly resent,C2,Daily_Life,General_Interactions,0
380,rush headlong into,C2,Daily_Life,General_Interactions,0
381,care deeply,C1,Travel_Transportation,Road_Travel,0
382,stride angrily,C2,Daily_Life,General_Interactions,0
383,stride confidently,C2,Psychology_Emotions,Feelings_Emotions,0
384,cry bitterly,C1,Daily_Life,General_Interactions,0
385,stride purposefully,C2,Psychology_Emotions,Motivation,0
386,deeply affected,C2,Daily_Life,General_Interactions,0
387,take a stroll,C2,Daily_Life,Routine_Activities,0
388,deeply ashamed,C2,Daily_Life,General_Interactions,0
389,deeply committed,C2,Daily_Life,General_Interactions,0
390,walk an exam,C1,Education,Exams_Assessments,0
391,deeply concerned,C2,Daily_Life,General_Interactions,0
392,walk briskly,C1,Business_Finance_Economy,Entrepreneurship,0
393,deeply hurt,C1,Daily_Life,General_Interactions,0
394,walking encyclopaedia,C2,Health_Medicine,Fitness_Exercise,0
395,deeply moved,C1,Daily_Life,General_Interactions,0
396,walk swiftly,C1,Daily_Life,Routine_Activities,0
397,deeply regret,C2,Daily_Life,General_Interactions,0
398,wander aimlessly,C2,Technology_Digital,Artificial_Intelligence,0
399,deeply religious,C2,Daily_Life,General_Interactions,0
400,abrupt end,B2,Daily_Life,General_Interactions,0
401,deeply shocked,C2,Daily_Life,General_Interactions,0
402,absolute beginner,C2,Education,General,0
403,deeply unhappy,C2,Psychology_Emotions,Feelings_Emotions,0
404,bring something to an end,C2,Daily_Life,General_Interactions,0
405,extremely competitive,C2,Daily_Life,General_Interactions,0
406,close finish,C1,Daily_Life,Routine_Activities,0
407,extremely controversial,C2,Daily_Life,General_Interactions,0
408,come to an end,C2,Daily_Life,General_Interactions,0
409,extremely effective,C2,Daily_Life,General_Interactions,0
410,draw to a close,C2,Daily_Life,General_Interactions,0
411,extremely likely,C2,Technology_Digital,Social_Media,0
412,early start,C1,Communication_Media_Arts,Arts_Creativity,0
413,extremely profitable,C2,Business_Finance_Economy,Finance_Banking,0
414,end result,B2,Daily_Life,General_Interactions,0
415,extremely successful,C2,Daily_Life,General_Interactions,0
416,get off to a good start,C2,Communication_Media_Arts,Arts_Creativity,0
417,extremely unlikely,C2,Technology_Digital,Social_Media,0
418,get started,C1,Communication_Media_Arts,Arts_Creativity,0
419,extremely unusual,C2,Daily_Life,General_Interactions,0
420,holiday ended,C2,Travel_Transportation,Hotels_Tourism,0
421,feel strongly,C2,Psychology_Emotions,Feelings_Emotions,0
422,journey ended,C2,Travel_Transportation,Road_Travel,0
423,highly competitive,C2,Daily_Life,General_Interactions,0
424,make a start,C1,Communication_Media_Arts,Arts_Creativity,0
425,highly controversial,C2,Daily_Life,General_Interactions,0
426,mark the beginning of the end,C2,Daily_Life,General_Interactions,0
427,highly educated,C2,Education,General,0
428,meal ended,B2,Health_Medicine,Nutrition_Diet,0
429,nail-biting finish,C2,Technology_Digital,Artificial_Intelligence,0
430,highly likely,C2,Technology_Digital,Social_Media,0
431,perfect end,C1,Daily_Life,General_Interactions,0
432,highly profitable,C2,Business_Finance_Economy,Finance_Banking,0
433,promising start,C2,Communication_Media_Arts,Arts_Creativity,0
434,highly recommended,C2,Daily_Life,General_Interactions,0
435,put the finishing touches to,C2,Daily_Life,General_Interactions,0
436,highly successful,C2,Daily_Life,General_Interactions,0
437,trip ended,B2,Travel_Transportation,Hotels_Tourism,0
438,highly unlikely,C2,Technology_Digital,Social_Media,0
439,be a recipe for disaster,C2,Psychology_Emotions,Stress_Mental_State,0
440,highly unusual,C2,Daily_Life,General_Interactions,0
441,brilliant success,C2,Psychology_Emotions,Motivation,0
442,ridiculously cheap,C2,Daily_Life,General_Interactions,0
443,bring out the best,C2,Daily_Life,General_Interactions,0
444,ridiculously early,C2,Daily_Life,General_Interactions,0
445,come in useful,C2,Daily_Life,General_Interactions,0
446,ridiculously easy,C2,Daily_Life,General_Interactions,0
447,crowning achievement,C2,Psychology_Emotions,Motivation,0
448,ridiculously expensive,C2,Daily_Life,General_Interactions,0
449,dash someone's hopes,C2,Daily_Life,General_Interactions,0
450,ridiculously high,C2,Daily_Life,General_Interactions,0
451,dismal failure,C2,Education,Exams_Assessments,0
452,ridiculously large,C2,Daily_Life,General_Interactions,0
453,doomed to failure,C2,Education,Exams_Assessments,0
454,ridiculously long,C2,Daily_Life,Time_Management,0
455,dramatic improvement,C2,Daily_Life,General_Interactions,0
456,ridiculously low,C2,Daily_Life,General_Interactions,0
457,effective way,C2,Daily_Life,General_Interactions,0
458,ridiculously short,C2,Daily_Life,Time_Management,0
459,enjoy the fruits of,C2,Psychology_Emotions,Feelings_Emotions,0
460,ridiculously small,C2,Daily_Life,General_Interactions,0
461,excellent grasp of,C2,Science_Nature,Biology_Life_Sciences,0
462,fail an exam,C1,Education,Exams_Assessments,0
463,strongly believe,C2,Daily_Life,General_Interactions,0
464,fail miserably,C2,Education,Exams_Assessments,0
465,strongly condemn,C2,Daily_Life,General_Interactions,0
466,gain good marks,C2,Education,General,0
467,go badly wrong,C2,Daily_Life,General_Interactions,0
468,strongly dislike,C2,Technology_Digital,Social_Media,0
469,go out of business,C2,Business_Finance_Economy,Business_Management,0
470,strongly influence,C2,Daily_Life,General_Interactions,0
471,great success,C2,Psychology_Emotions,Motivation,0
472,guarantee success,C2,Daily_Life,General_Interactions,0
473,strongly opposed,C2,Daily_Life,General_Interactions,0
474,hard work,B2,Business_Finance_Economy,Jobs_Careers,0
475,strongly recommend,C2,Daily_Life,General_Interactions,0
476,have a grasp of,C2,Daily_Life,General_Interactions,0
477,strongly suggest,C2,Daily_Life,General_Interactions,0
478,have the ability to,C2,Education,Learning_Skills,0
479,strongly support,C2,Daily_Life,General_Interactions,0
480,highly effective,C2,Daily_Life,General_Interactions,0
481,utterly alone,C2,Psychology_Emotions,Feelings_Emotions,0
482,lose your nerve,C2,Daily_Life,General_Interactions,0
483,utterly appalled,C2,Psychology_Emotions,Feelings_Emotions,0
484,make a breakthrough,C2,Psychology_Emotions,Motivation,0
485,utterly convinced,C2,Daily_Life,General_Interactions,0
486,make a contribution,C2,Daily_Life,General_Interactions,0
487,utterly devastated,C2,Psychology_Emotions,Feelings_Emotions,0
488,make good progress,C2,Daily_Life,General_Interactions,0
489,utterly exhausted,C2,Psychology_Emotions,Feelings_Emotions,0
490,miss the point,C2,Daily_Life,General_Interactions,0
491,utterly impossible,C2,Daily_Life,General_Interactions,0
492,pass an exam,C1,Education,Exams_Assessments,0
493,utterly miserable,C2,Psychology_Emotions,Feelings_Emotions,0
494,play flops,B2,Communication_Media_Arts,Speaking_Expressions,0
495,utterly ridiculous,C2,Daily_Life,General_Interactions,0
496,remarkable achievement,C2,Psychology_Emotions,Motivation,0
497,utterly stupid,C2,Daily_Life,General_Interactions,0
498,spectacular failure,C2,Education,Exams_Assessments,0
499,utterly wrong,C2,Daily_Life,General_Interactions,0
500,take advantage of,C2,Daily_Life,General_Interactions,0
501,weep bitterly,C2,Daily_Life,General_Interactions,0
502,useful contribution,C2,Daily_Life,General_Interactions,0
503,a phone call,C1,Technology_Digital,Devices_Hardware,0
504,win respect,C1,Society_Law_Politics,Human_Rights,0
505,do an experiment,C2,Science_Nature,Research_Methods,0
506,adverse effect,C2,Daily_Life,General_Interactions,0
507,do damage,B2,Daily_Life,General_Interactions,0
508,affect someone deeply,C2,Daily_Life,General_Interactions,0
509,do exercises,C1,Health_Medicine,Fitness_Exercise,0
510,attract criticism,C2,Psychology_Emotions,Behavior,0
511,do harm,B1,Daily_Life,General_Interactions,0
512,attract interest,C2,Psychology_Emotions,Behavior,0
513,do someone a favour,C2,Daily_Life,General_Interactions,0
514,attract support,C2,Psychology_Emotions,Behavior,0
515,do someone a good turn,C2,Daily_Life,General_Interactions,0
516,beneficial effect,C2,Daily_Life,General_Interactions,0
517,bring about a revolution,C2,Science_Nature,Biology_Life_Sciences,0
518,do the cooking,C2,Daily_Life,Routine_Activities,0
519,bring about a transformation,C2,Daily_Life,General_Interactions,0
520,do the ironing,C2,Daily_Life,Routine_Activities,0
521,bring about the collapse,C2,Daily_Life,General_Interactions,0
522,do the shopping,C2,Daily_Life,Shopping_Everyday,0
523,bring about the downfall,C2,Daily_Life,General_Interactions,0
524,do the washing,C2,Daily_Life,Routine_Activities,0
525,cause alarm,C1,Daily_Life,General_Interactions,0
526,do your best,C1,Daily_Life,General_Interactions,0
527,cause a lot of damage,C2,Daily_Life,General_Interactions,0
528,do your hair,C1,Technology_Digital,Artificial_Intelligence,0
529,cause an uproar,C2,Daily_Life,General_Interactions,0
530,do your homework,C2,Education,University_School,0
531,cause anxiety,C2,Health_Medicine,Mental_Health,0
532,make a change,C2,Daily_Life,General_Interactions,0
533,cause a sensation,C2,Daily_Life,General_Interactions,0
534,make a choice,C2,Daily_Life,General_Interactions,0
535,cause chaos,C1,Daily_Life,General_Interactions,0
536,make a comment,C2,Communication_Media_Arts,Opinion_Discussion,0
537,cause concern,C2,Daily_Life,General_Interactions,0
538,cause embarrassment,C2,Daily_Life,General_Interactions,0
539,cause havoc,C1,Daily_Life,General_Interactions,0
540,create a bad impression,C2,Communication_Media_Arts,Media_Journalism,0
541,create awareness,C2,Health_Medicine,Healthcare_Hospital,0
542,make an excuse,C2,Daily_Life,General_Interactions,0
543,create problems,C2,Health_Medicine,Healthcare_Hospital,0
544,make an improvement,C2,Daily_Life,General_Interactions,0
545,direct result,C2,Daily_Life,General_Interactions,0
546,make a phone call,C2,Technology_Digital,Devices_Hardware,0
547,effect a change,C2,Daily_Life,General_Interactions,0
548,make arrangements for,C2,Daily_Life,General_Interactions,0
549,have a lot of influence,C2,Daily_Life,General_Interactions,0
550,make changes,C1,Daily_Life,General_Interactions,0
551,have an effect,C2,Daily_Life,General_Interactions,0
552,make comments,C2,Communication_Media_Arts,Opinion_Discussion,0
553,have an effect on,C2,Daily_Life,General_Interactions,0
554,make friends,C1,Daily_Life,General_Interactions,0
555,have an impact on,C2,Psychology_Emotions,Behavior,0
556,make improvements,C2,Daily_Life,General_Interactions,0
557,huge effect,C1,Daily_Life,General_Interactions,0
558,immediate cause,C2,Communication_Media_Arts,Media_Journalism,0
559,biting wind,C1,Science_Nature,Natural_Phenomena,0
560,increase the impact,C2,Psychology_Emotions,Behavior,0
561,blanket of fog,C2,Science_Nature,Natural_Phenomena,0
562,indirect result,C2,Daily_Life,General_Interactions,0
563,blanket of mist,C2,Science_Nature,Natural_Phenomena,0
564,inevitable outcome,C2,Psychology_Emotions,Stress_Mental_State,0
565,blow down fences,C2,Science_Nature,Natural_Phenomena,0
566,inevitable result,C2,Psychology_Emotions,Stress_Mental_State,0
567,break in the clouds,C2,Science_Nature,Natural_Phenomena,0
568,major impact,C1,Psychology_Emotions,Behavior,0
569,cause damage,C1,Daily_Life,General_Interactions,0
570,make a bad impression,C2,Communication_Media_Arts,Media_Journalism,0
571,crisp snow,B2,Science_Nature,Natural_Phenomena,0
572,minimise the impact,C2,Psychology_Emotions,Behavior,0
573,dense fog,B2,Science_Nature,Natural_Phenomena,0
574,negative effect,C2,Daily_Life,General_Interactions,0
575,destroy buildings,C2,Science_Nature,Natural_Phenomena,0
576,positive effect,C2,Daily_Life,General_Interactions,0
577,driving rain,C1,Technology_Digital,Artificial_Intelligence,0
578,predictable outcome,C2,Psychology_Emotions,Stress_Mental_State,0
579,driving snow,C1,Travel_Transportation,Road_Travel,0
580,produce results,C2,Daily_Life,General_Interactions,0
581,fog comes down,C2,Science_Nature,Natural_Phenomena,0
582,produce the opposite effect,C2,Daily_Life,General_Interactions,0
583,fog lifts,B2,Science_Nature,Natural_Phenomena,0
584,reduce the impact,C2,Psychology_Emotions,Behavior,0
585,freak storms,C1,Science_Nature,Natural_Phenomena,0
586,spark off demonstrations,C2,Daily_Life,General_Interactions,0
587,freak weather conditions,C2,Science_Nature,Natural_Phenomena,0
588,spark off riots,C2,Daily_Life,General_Interactions,0
589,freezing cold,C2,Science_Nature,Natural_Phenomena,0
590,acute hearing,C2,Daily_Life,General_Interactions,0
591,fresh snow,B2,Science_Nature,Natural_Phenomena,0
592,acute sense of smell,C2,Daily_Life,General_Interactions,0
593,gale force winds,C2,Science_Nature,Physics_Chemistry,0
594,blot out a memory,C2,Psychology_Emotions,Feelings_Emotions,0
595,hard frost,B2,Science_Nature,Natural_Phenomena,0
596,clean forget,C1,Daily_Life,General_Interactions,0
597,heavy rain,B2,Technology_Digital,Artificial_Intelligence,0
598,completely forget,C2,Daily_Life,General_Interactions,0
599,distinctly remember,C2,Daily_Life,General_Interactions,0
600,high wind,B2,Science_Nature,Natural_Phenomena,0
601,earliest memory,C2,Psychology_Emotions,Feelings_Emotions,0
602,light frost,C1,Science_Nature,Natural_Phenomena,0
603,forget someone's name,C2,Daily_Life,General_Interactions,0
604,light wind,B2,Science_Nature,Natural_Phenomena,0
605,forget your homework,C2,Education,University_School,0
606,looks like rain,C2,Technology_Digital,Artificial_Intelligence,0
607,get the impression,C2,Communication_Media_Arts,Media_Journalism,0
608,mist comes down,C2,Science_Nature,Natural_Phenomena,0
609,give someone a clue,C2,Daily_Life,General_Interactions,0
610,mist lifts,B2,Science_Nature,Natural_Phenomena,0
611,go numb,B1,Daily_Life,General_Interactions,0
612,patches of fog,C2,Science_Nature,Natural_Phenomena,0
613,have a feeling,C2,Psychology_Emotions,Feelings_Emotions,0
614,patches of mist,C2,Science_Nature,Natural_Phenomena,0
615,have a good memory,C2,Psychology_Emotions,Feelings_Emotions,0
616,pour with rain,C2,Technology_Digital,Artificial_Intelligence,0
617,have the impression,C2,Communication_Media_Arts,Media_Journalism,0
618,rain heavily,C1,Technology_Digital,Artificial_Intelligence,0
619,if i remember rightly,C2,Society_Law_Politics,Law_Crime,0
620,river bursts its banks,C2,Business_Finance_Economy,Finance_Banking,0
621,leave something at home,C2,Daily_Life,Home_Housing,0
622,scorching hot,C2,Science_Nature,Natural_Phenomena,0
623,long-term memory,C2,Psychology_Emotions,Feelings_Emotions,0
624,soak up the sunshine,C2,Science_Nature,Natural_Phenomena,0
625,memories come flooding back,C2,Science_Nature,Natural_Phenomena,0
626,strong sun,B2,Science_Nature,Natural_Phenomena,0
627,memories fade,C2,Daily_Life,General_Interactions,0
628,strong wind,C1,Science_Nature,Natural_Phenomena,0
629,mind goes blank,C2,Health_Medicine,Mental_Health,0
630,tear off roofs,C2,Science_Nature,Natural_Phenomena,0
631,painful memory,C2,Health_Medicine,Illness_Diseases,0
632,thick cloud,C1,Science_Nature,Natural_Phenomena,0
633,remember someone's face,C2,Daily_Life,General_Interactions,0
634,thick fog,B2,Science_Nature,Natural_Phenomena,0
635,remind someone strongly of,C2,Health_Medicine,Mental_Health,0
636,thick snow,B2,Science_Nature,Natural_Phenomena,0
637,ridiculously over-sensitive,C2,Daily_Life,General_Interactions,0
638,torrential rain,C2,Technology_Digital,Artificial_Intelligence,0
639,sense tension,C2,Daily_Life,General_Interactions,0
640,unbroken sunshine,C2,Science_Nature,Natural_Phenomena,0
641,sensible person,C2,Psychology_Emotions,Feelings_Emotions,0
642,weather deteriorates,C2,Business_Finance_Economy,Economy_Markets,0
643,sensitive person,C2,Psychology_Emotions,Feelings_Emotions,0
644,weather gets worse,C2,Science_Nature,Natural_Phenomena,0
645,sensitive skin,C2,Health_Medicine,Illness_Diseases,0
646,weather hits,C1,Science_Nature,Natural_Phenomena,0
647,sensitive teeth,C2,Daily_Life,General_Interactions,0
648,weather improves,C2,Science_Nature,Natural_Phenomena,0
649,sensitive to heat,C2,Health_Medicine,Healthcare_Hospital,0
650,wind blows,B2,Science_Nature,Natural_Phenomena,0
651,sensitive to light,C2,Daily_Life,General_Interactions,0
652,wind dies down,C2,Science_Nature,Natural_Phenomena,0
653,short-term memory,C2,Psychology_Emotions,Feelings_Emotions,0
654,wind picks up,C2,Science_Nature,Natural_Phenomena,0
655,stir up memories,C2,Daily_Life,General_Interactions,0
656,trust your intuition,C2,Daily_Life,General_Interactions,0
657,aisle seat,B2,Technology_Digital,Artificial_Intelligence,0
658,unforgettable experience,C2,Daily_Life,General_Interactions,0
659,board a plane,C2,Travel_Transportation,Air_Travel,0
660,vaguely remember,C2,Daily_Life,General_Interactions,0
661,boat trip,B2,Travel_Transportation,Hotels_Tourism,0
662,vividly remember,C2,Daily_Life,General_Interactions,0
663,budget accommodation,C2,Business_Finance_Economy,Finance_Banking,0
664,agree to differ,C2,Communication_Media_Arts,Opinion_Discussion,0
665,agree up to a point,C2,Communication_Media_Arts,Opinion_Discussion,0
666,business travel,C2,Business_Finance_Economy,Business_Management,0
667,appreciate someone's point of view,C2,Technology_Digital,Software_Internet,0
668,business trip,C2,Business_Finance_Economy,Business_Management,0
669,be in agreement,C2,Communication_Media_Arts,Opinion_Discussion,0
670,camping trip,C1,Travel_Transportation,Hotels_Tourism,0
671,bitter dispute,C2,Daily_Life,General_Interactions,0
672,charter flight,C2,Travel_Transportation,Air_Travel,0
673,come to a compromise,C2,Daily_Life,General_Interactions,0
674,connecting flight,C2,Travel_Transportation,Air_Travel,0
675,conflict of opinion,C2,Communication_Media_Arts,Opinion_Discussion,0
676,day trip,B1,Travel_Transportation,Hotels_Tourism,0
677,controversy exists,C2,Daily_Life,General_Interactions,0
678,domestic flight,C2,Travel_Transportation,Air_Travel,0
679,controversy rages,C2,Daily_Life,General_Interactions,0
680,family-run hotel,C2,Travel_Transportation,Hotels_Tourism,0
681,differences arise,C2,Daily_Life,General_Interactions,0
682,fasten your seatbelt,C2,Health_Medicine,Healthcare_Hospital,0
683,differences exist,C2,Daily_Life,General_Interactions,0
684,fully booked,C1,Travel_Transportation,Hotels_Tourism,0
685,disagree fundamentally,C2,Health_Medicine,Mental_Health,0
686,in-flight entertainment,C2,Technology_Digital,Artificial_Intelligence,0
687,enter into an argument,C2,Communication_Media_Arts,Opinion_Discussion,0
688,in-flight magazine,C2,Travel_Transportation,Air_Travel,0
689,entirely agree,C2,Communication_Media_Arts,Opinion_Discussion,0
690,luxury hotel,C1,Travel_Transportation,Hotels_Tourism,0
691,fundamental disagreement,C2,Health_Medicine,Mental_Health,0
692,make a reservation,C2,Daily_Life,General_Interactions,0
693,go along with an idea,C2,Communication_Media_Arts,Speaking_Expressions,0
694,outward journey,C2,Travel_Transportation,Road_Travel,0
695,go along with a view,C2,Communication_Media_Arts,Speaking_Expressions,0
696,overnight journey,C2,Travel_Transportation,Road_Travel,0
697,head-on clash,C2,Daily_Life,General_Interactions,0
698,return journey,C2,Travel_Transportation,Road_Travel,0
699,heated argument,C2,Communication_Media_Arts,Opinion_Discussion,0
700,run-down hotel,C2,Travel_Transportation,Hotels_Tourism,0
701,in complete agreement,C2,Communication_Media_Arts,Opinion_Discussion,0
702,safe journey,C1,Travel_Transportation,Road_Travel,0
703,reach a compromise,C2,Daily_Life,General_Interactions,0
704,scheduled flight,C2,Travel_Transportation,Air_Travel,0
705,see someone's point,C2,Daily_Life,General_Interactions,0
706,smart hotel,C1,Technology_Digital,Artificial_Intelligence,0
707,settle a dispute,C2,Daily_Life,General_Interactions,0
708,settle your differences,C2,Daily_Life,General_Interactions,0
709,tiring journey,C2,Travel_Transportation,Road_Travel,0
710,share an opinion,C2,Technology_Digital,Social_Media,0
711,travel agent,C1,Travel_Transportation,Road_Travel,0
712,share a view,C1,Technology_Digital,Social_Media,0
713,travel arrangements,C2,Travel_Transportation,Road_Travel,0
714,tend to agree,C2,Communication_Media_Arts,Opinion_Discussion,0
715,travel brochure,C2,Travel_Transportation,Road_Travel,0
716,tend to disagree,C2,Communication_Media_Arts,Opinion_Discussion,0
717,window seat,C1,Travel_Transportation,Public_Transport,0
718,unanimous agreement,C2,Communication_Media_Arts,Opinion_Discussion,0
719,admire the view,C2,Daily_Life,General_Interactions,0
720,wholeheartedly agree,C2,Communication_Media_Arts,Arts_Creativity,0
721,beach stretches,C2,Science_Nature,Environment_Ecology,0
722,attach importance to,C2,Daily_Life,General_Interactions,0
723,bleak landscape,C2,Science_Nature,Environment_Ecology,0
724,cast doubt on,C2,Daily_Life,General_Interactions,0
725,block the view,C2,Psychology_Emotions,Feelings_Emotions,0
726,colour someone's judgement,C2,Society_Law_Politics,Law_Crime,0
727,breathtaking scenery,C2,Science_Nature,Environment_Ecology,0
728,considered opinion,C2,Communication_Media_Arts,Opinion_Discussion,0
729,catch a glimpse of,C2,Psychology_Emotions,Feelings_Emotions,0
730,difference of opinion,C2,Communication_Media_Arts,Opinion_Discussion,0
731,catch sight of,C2,Psychology_Emotions,Feelings_Emotions,0
732,evidence is based on,C2,Society_Law_Politics,Law_Crime,0
733,come into view,C2,Psychology_Emotions,Feelings_Emotions,0
734,firmly believe,C2,Daily_Life,General_Interactions,0
735,dense forest,C1,Science_Nature,Environment_Ecology,0
736,give up hope,C1,Daily_Life,General_Interactions,0
737,destroy the countryside,C2,Daily_Life,General_Interactions,0
738,great believer in,C2,Health_Medicine,Healthcare_Hospital,0
739,dominate the landscape,C2,Science_Nature,Environment_Ecology,0
740,have a sneaking suspicion,C2,Daily_Life,General_Interactions,0
741,dramatic setting,C2,Science_Nature,Environment_Ecology,0
742,have doubts,C1,Daily_Life,General_Interactions,0
743,enjoy a view,C1,Psychology_Emotions,Feelings_Emotions,0
744,have misgivings about,C2,Daily_Life,General_Interactions,0
745,fall into ruin,C2,Daily_Life,General_Interactions,0
746,have reason to believe,C2,Daily_Life,General_Interactions,0
747,familiar landscape,C2,Science_Nature,Environment_Ecology,0
748,have strong opinions,C2,Communication_Media_Arts,Opinion_Discussion,0
749,fast-flowing river,C2,Science_Nature,Environment_Ecology,0
750,hold the opinion that,C2,Communication_Media_Arts,Opinion_Discussion,0
751,follow a path,C2,Daily_Life,General_Interactions,0
752,hold the view that,C2,Daily_Life,General_Interactions,0
753,gentle landscape,C2,Science_Nature,Environment_Ecology,0
754,lead someone to conclude,C2,Daily_Life,General_Interactions,0
755,golden sands,C1,Science_Nature,Environment_Ecology,0
756,leave someone alone,C2,Daily_Life,General_Interactions,0
757,lie in ruins,C1,Daily_Life,General_Interactions,0
758,make an assumption,C2,Daily_Life,General_Interactions,0
759,mountains tower,C2,Technology_Digital,Artificial_Intelligence,0
760,matter of opinion,C2,Communication_Media_Arts,Opinion_Discussion,0
761,open fields,C1,Science_Nature,Environment_Ecology,0
762,opinions are divided,C2,Communication_Media_Arts,Opinion_Discussion,0
763,panoramic view,C2,Psychology_Emotions,Feelings_Emotions,0
764,poles apart,C1,Communication_Media_Arts,Arts_Creativity,0
765,peaceful countryside,C2,Psychology_Emotions,Stress_Mental_State,0
766,popular belief,C2,Daily_Life,General_Interactions,0
767,protect the environment,C2,Science_Nature,Environment_Ecology,0
768,serious misgivings,C2,Daily_Life,General_Interactions,0
769,rocky mountains,C2,Technology_Digital,Artificial_Intelligence,0
770,set of beliefs,C2,Daily_Life,General_Interactions,0
771,round a bend,C1,Daily_Life,General_Interactions,0
772,share someone's opinion on,C2,Technology_Digital,Social_Media,0
773,sandy beach,C1,Science_Nature,Environment_Ecology,0
774,think hard,B2,Daily_Life,General_Interactions,0
775,secluded beach,C2,Science_Nature,Environment_Ecology,0
776,trust someone's judgement,C2,Society_Law_Politics,Law_Crime,0
777,snow-covered mountains,C2,Technology_Digital,Artificial_Intelligence,0
778,unshakeable belief,C2,Daily_Life,General_Interactions,0
779,spectacular view,C2,Psychology_Emotions,Feelings_Emotions,0
780,back up an argument,C2,Communication_Media_Arts,Opinion_Discussion,0
781,steep slope,C1,Science_Nature,Environment_Ecology,0
782,broad hint,B2,Travel_Transportation,Road_Travel,0
783,stream winds,C1,Science_Nature,Environment_Ecology,0
784,claims are unfounded,C2,Technology_Digital,Artificial_Intelligence,0
785,surrounding countryside,C2,Science_Nature,Environment_Ecology,0
786,clearly imply,C2,Daily_Life,General_Interactions,0
787,take a picture,C2,Daily_Life,General_Interactions,0
788,contradictory advice,C2,Daily_Life,General_Interactions,0
789,tranquil countryside,C2,Science_Nature,Environment_Ecology,0
790,contradictory evidence,C2,Society_Law_Politics,Law_Crime,0
791,turn a corner,C2,Daily_Life,General_Interactions,0
792,deny a claim,C1,Technology_Digital,Artificial_Intelligence,0
793,uninterrupted view,C2,Psychology_Emotions,Feelings_Emotions,0
794,deny an accusation,C2,Psychology_Emotions,Behavior,0
795,unspoilt countryside,C2,Science_Nature,Environment_Ecology,0
796,deny an allegation,C2,Psychology_Emotions,Behavior,0
797,well worth seeing,C2,Daily_Life,General_Interactions,0
798,deny a rumour,C2,Psychology_Emotions,Behavior,0
799,avenue runs,C1,Daily_Life,General_Interactions,0
800,deny charges,C1,Daily_Life,General_Interactions,0
801,bumper-to-bumper traffic,C2,Travel_Transportation,Road_Travel,0
802,disclaim responsibility,C2,Technology_Digital,Artificial_Intelligence,0
803,city skyline,C1,Daily_Life,General_Interactions,0
804,cobbled street,C2,Daily_Life,General_Interactions,0
805,face an accusation,C2,Society_Law_Politics,Law_Crime,0
806,comfortable suburbs,C2,Daily_Life,General_Interactions,0
807,fully accept,C1,Daily_Life,General_Interactions,0
808,conservation area,C2,Science_Nature,Environment_Ecology,0
809,heavy hint,B2,Daily_Life,General_Interactions,0
810,deprived area,C2,Daily_Life,General_Interactions,0
811,issue a statement,C2,Daily_Life,General_Interactions,0
812,leak a document,C2,Daily_Life,General_Interactions,0
813,fashionable club,C2,Daily_Life,General_Interactions,0
814,long-running battle,C2,Health_Medicine,Fitness_Exercise,0
815,good value,B2,Daily_Life,General_Interactions,0
816,make an allegation,C2,Society_Law_Politics,Law_Crime,0
817,high-rise flats,C2,Daily_Life,General_Interactions,0
818,make a point,C1,Daily_Life,General_Interactions,0
819,imposing building,C2,Communication_Media_Arts,Speaking_Expressions,0
820,openly accuse,C2,Society_Law_Politics,Law_Crime,0
821,incessant roar,C2,Daily_Life,General_Interactions,0
822,put forward a theory,C2,Education,Academic_Study,0
823,industrial zone,C2,Daily_Life,General_Interactions,0
824,refuse an invitation,C2,Daily_Life,General_Interactions,0
825,inner city,B2,Daily_Life,General_Interactions,0
826,refuse an offer,C2,Daily_Life,General_Interactions,0
827,inner-city area,C2,Daily_Life,General_Interactions,0
828,reject a claim,C2,Technology_Digital,Artificial_Intelligence,0
829,lined with shops,C2,Daily_Life,Shopping_Everyday,0
830,reject an idea,C2,Daily_Life,General_Interactions,0
831,lively bar,B2,Daily_Life,General_Interactions,0
832,reject a suggestion,C2,Daily_Life,General_Interactions,0
833,no-go area,B2,Daily_Life,General_Interactions,0
834,run contrary to,C2,Daily_Life,General_Interactions,0
835,overpriced restaurant,C2,Business_Finance_Economy,Economy_Markets,0
836,serious allegation,C2,Society_Law_Politics,Law_Crime,0
837,pavement café,C2,Daily_Life,General_Interactions,0
838,state clearly,C2,Communication_Media_Arts,Writing_Language,0
839,pricey restaurant,C2,Business_Finance_Economy,Economy_Markets,0
840,strongly deny,C2,Psychology_Emotions,Behavior,0
841,quaint old building,C2,Technology_Digital,Artificial_Intelligence,0
842,substantiate a claim,C2,Technology_Digital,Artificial_Intelligence,0
843,relaxed atmosphere,C2,Psychology_Emotions,Stress_Mental_State,0
844,widely acknowledged,C2,Education,Learning_Skills,0
845,residential area,C2,Daily_Life,General_Interactions,0
846,wrongly accuse,C2,Society_Law_Politics,Law_Crime,0
847,run-down building,C2,Daily_Life,General_Interactions,0
848,absolute favourite,C2,Daily_Life,General_Interactions,0
849,shanty town,C1,Daily_Life,General_Interactions,0
850,all-time favourite,C2,Daily_Life,Time_Management,0
851,sprawling city,C2,Daily_Life,General_Interactions,0
852,ardent fan,B2,Daily_Life,General_Interactions,0
853,strewn with litter,C2,Daily_Life,General_Interactions,0
854,cater for someone's tastes,C2,Daily_Life,General_Interactions,0
855,tree-lined avenue,C2,Daily_Life,General_Interactions,0
856,clear preference,C2,Daily_Life,General_Interactions,0
857,upmarket shops,C2,Business_Finance_Economy,Economy_Markets,0
858,dedicated fan,C2,Daily_Life,General_Interactions,0
859,urban wasteland,C2,Daily_Life,General_Interactions,0
860,deep hatred,C1,Daily_Life,General_Interactions,0
861,volume of traffic,C2,Travel_Transportation,Road_Travel,0
862,deep-rooted hatred,C2,Daily_Life,General_Interactions,0
863,aspect of someone's personality,C2,Psychology_Emotions,Personality,0
864,fill someone with admiration,C2,Health_Medicine,Healthcare_Hospital,0
865,bear a grudge,C2,Psychology_Emotions,Feelings_Emotions,0
866,genuine liking,C2,Daily_Life,General_Interactions,0
867,brutally honest,C2,Psychology_Emotions,Personality,0
868,give someone a warm welcome,C2,Society_Law_Politics,Law_Crime,0
869,come to terms with,C2,Daily_Life,General_Interactions,0
870,give someone pleasure,C2,Daily_Life,General_Interactions,0
871,fiercely loyal,C2,Daily_Life,General_Interactions,0
872,great enjoyment,C2,Psychology_Emotions,Feelings_Emotions,0
873,give the impression,C2,Communication_Media_Arts,Media_Journalism,0
874,greatest regard,C2,Education,Exams_Assessments,0
875,good company,C1,Business_Finance_Economy,Business_Management,0
876,great love,B2,Psychology_Emotions,Feelings_Emotions,0
877,good sense of humour,C2,Daily_Life,General_Interactions,0
878,great lover,C1,Psychology_Emotions,Feelings_Emotions,0
879,have a tendency,C2,Psychology_Emotions,Behavior,0
880,great pleasure,C2,Health_Medicine,Healthcare_Hospital,0
881,have a vivid imagination,C2,Daily_Life,General_Interactions,0
882,have a liking for,C2,Daily_Life,General_Interactions,0
883,highly intelligent,C2,Communication_Media_Arts,Speaking_Expressions,0
884,have sympathy,C2,Daily_Life,General_Interactions,0
885,hurt someone's feelings,C2,Psychology_Emotions,Feelings_Emotions,0
886,highest regard,C2,Daily_Life,General_Interactions,0
887,keep secrets,C1,Daily_Life,General_Interactions,0
888,huge aversion,C2,Daily_Life,General_Interactions,0
889,keep your temper,C2,Daily_Life,General_Interactions,0
890,huge pleasure,C2,Daily_Life,General_Interactions,0
891,keep your word,C2,Daily_Life,General_Interactions,0
892,instant dislike,C2,Technology_Digital,Social_Media,0
893,lose your patience,C2,Daily_Life,General_Interactions,0
894,intense dislike,C2,Technology_Digital,Social_Media,0
895,lose your temper,C2,Daily_Life,General_Interactions,0
896,keen admirer,C1,Daily_Life,General_Interactions,0
897,make a fool out of someone,C2,Daily_Life,General_Interactions,0
898,particular liking,C2,Communication_Media_Arts,Arts_Creativity,0
899,outgoing personality,C2,Psychology_Emotions,Personality,0
900,passionate love,C2,Education,Exams_Assessments,0
901,painfully shy,C2,Health_Medicine,Illness_Diseases,0
902,relish the thought,C2,Psychology_Emotions,Feelings_Emotions,0
903,play a joke on,C2,Communication_Media_Arts,Speaking_Expressions,0
904,sheer enjoyment,C2,Psychology_Emotions,Feelings_Emotions,0
905,play a trick on,C2,Communication_Media_Arts,Speaking_Expressions,0
906,state a preference,C2,Daily_Life,General_Interactions,0
907,put others first,C2,Daily_Life,General_Interactions,0
908,strong aversion,C2,Daily_Life,General_Interactions,0
909,razor-sharp mind,C2,Health_Medicine,Mental_Health,0
910,strong preference,C2,Daily_Life,General_Interactions,0
911,reveal your true character,C2,Psychology_Emotions,Personality,0
912,take a dislike to,C2,Technology_Digital,Social_Media,0
913,selfish streak,C2,Psychology_Emotions,Feelings_Emotions,0
914,take offence,C1,Society_Law_Politics,Law_Crime,0
915,sense of humour,C2,Daily_Life,General_Interactions,0
916,take pleasure,C2,Daily_Life,General_Interactions,0
917,sense of responsibility,C2,Daily_Life,General_Interactions,0
918,take pride in,C2,Daily_Life,General_Interactions,0
919,set high standards,C2,Daily_Life,General_Interactions,0
920,bitterly criticise,C2,Daily_Life,General_Interactions,0
921,snap decisions,C2,Daily_Life,General_Interactions,0
922,come in for criticism,C2,Psychology_Emotions,Behavior,0
923,strength of character,C2,Health_Medicine,Fitness_Exercise,0
924,constant criticism,C2,Daily_Life,General_Interactions,0
925,supremely confident,C2,Psychology_Emotions,Feelings_Emotions,0
926,constructive criticism,C2,Daily_Life,General_Interactions,0
927,swallow your pride,C2,Daily_Life,General_Interactions,0
928,counter criticism,C2,Psychology_Emotions,Behavior,0
929,swallow your pride s,C2,Daily_Life,General_Interactions,0
930,dazzling production,C2,Daily_Life,Shopping_Everyday,0
931,take a joke,C1,Daily_Life,General_Interactions,0
932,dismiss criticism,C2,Psychology_Emotions,Behavior,0
933,throw a tantrum,C2,Daily_Life,General_Interactions,0
934,express your disapproval,C2,Communication_Media_Arts,Speaking_Expressions,0
935,auburn hair,C1,Technology_Digital,Artificial_Intelligence,0
936,fiercely criticise,C2,Daily_Life,General_Interactions,0
937,bear a striking resemblance to,C2,Psychology_Emotions,Personality,0
938,frown of disapproval,C2,Technology_Digital,Software_Internet,0
939,bearing a striking resemblance to,C2,Psychology_Emotions,Personality,0
940,give a performance,C2,Communication_Media_Arts,Speaking_Expressions,0
941,broad hips,B2,Travel_Transportation,Road_Travel,0
942,give credit,C1,Daily_Life,General_Interactions,0
943,broad shoulders,C2,Travel_Transportation,Road_Travel,0
944,give someone a big clap,C2,Daily_Life,General_Interactions,0
945,bushy eyebrows,C2,Travel_Transportation,Public_Transport,0
946,give your blessing,C2,Communication_Media_Arts,Speaking_Expressions,0
947,chubby cheeks,C2,Psychology_Emotions,Personality,0
948,harsh critic,C1,Daily_Life,General_Interactions,0
949,coarse hair,C1,Technology_Digital,Artificial_Intelligence,0
950,harsh criticism,C2,Daily_Life,General_Interactions,0
951,dark hair,B2,Technology_Digital,Artificial_Intelligence,0
952,have nothing but praise for,C2,Technology_Digital,Artificial_Intelligence,0
953,dishevelled hair,C2,Technology_Digital,Artificial_Intelligence,0
954,heartily approve,C2,Communication_Media_Arts,Arts_Creativity,0
955,droopy moustache,C2,Psychology_Emotions,Personality,0
956,highly critical,C2,Daily_Life,General_Interactions,0
957,dumpy woman,C1,Psychology_Emotions,Personality,0
958,justly deserve,C2,Daily_Life,General_Interactions,0
959,fair hair,B2,Technology_Digital,Artificial_Intelligence,0
960,last night's performance,C2,Communication_Media_Arts,Speaking_Expressions,0
961,ginger hair,C1,Technology_Digital,Artificial_Intelligence,0
962,launch a product,C2,Daily_Life,Shopping_Everyday,0
963,go bald,B1,Psychology_Emotions,Personality,0
964,look of disapproval,C2,Technology_Digital,Software_Internet,0
965,go grey,B1,Psychology_Emotions,Personality,0
966,offer your congratulations,C2,Daily_Life,General_Interactions,0
967,have a striking appearance,C2,Psychology_Emotions,Personality,0
968,outspoken critic,C2,Daily_Life,General_Interactions,0
969,immaculately groomed,C2,Daily_Life,Home_Housing,0
970,outstanding performance,C2,Communication_Media_Arts,Speaking_Expressions,0
971,jet-black hair,C2,Technology_Digital,Artificial_Intelligence,0
972,pat on the back,C2,Daily_Life,General_Interactions,0
973,lanky youth,C1,Psychology_Emotions,Personality,0
974,put on a production,C2,Daily_Life,Shopping_Everyday,0
975,lovely complexion,C2,Psychology_Emotions,Feelings_Emotions,0
976,rave review,C1,Daily_Life,General_Interactions,0
977,oval face,B2,Psychology_Emotions,Personality,0
978,receive a standing ovation,C2,Daily_Life,General_Interactions,0
979,pointed face,C1,Psychology_Emotions,Personality,0
980,receive critical acclaim,C2,Technology_Digital,Artificial_Intelligence,0
981,portly gentleman,C2,Psychology_Emotions,Personality,0
982,respond to criticism,C2,Psychology_Emotions,Behavior,0
983,round face,B2,Psychology_Emotions,Personality,0
984,richly deserved,C2,Daily_Life,General_Interactions,0
985,shoulder-length hair,C2,Technology_Digital,Artificial_Intelligence,0
986,roundly criticise,C2,Daily_Life,General_Interactions,0
987,sleek hair,B2,Technology_Digital,Artificial_Intelligence,0
988,round of applause,C2,Technology_Digital,Software_Internet,0
989,slender waist,C2,Technology_Digital,Artificial_Intelligence,0
990,set up a business,C2,Business_Finance_Economy,Business_Management,0
991,slim figure,C1,Psychology_Emotions,Personality,0
992,severely condemn,C2,Daily_Life,General_Interactions,0
993,straight nose,C2,Technology_Digital,Artificial_Intelligence,0
994,sharply critical,C2,Daily_Life,General_Interactions,0
995,thick hair,B2,Technology_Digital,Artificial_Intelligence,0
996,show your disapproval,C2,Technology_Digital,Software_Internet,0
997,upturned nose,C2,Psychology_Emotions,Personality,0
998,sing someone's praises,C2,Technology_Digital,Artificial_Intelligence,0
999,well-built person,C2,Psychology_Emotions,Personality,0
1000,speak highly of,C2,Communication_Media_Arts,Speaking_Expressions,0
1001,youthful appearance,C2,Psychology_Emotions,Personality,0
1002,speak well of,C2,Communication_Media_Arts,Speaking_Expressions,0
1003,acrimonious divorce,C2,Daily_Life,General_Interactions,0
1004,strenuously object,C2,Daily_Life,General_Interactions,0
1005,apply for custody of,C2,Technology_Digital,Software_Internet,0
1006,strongly disapprove of,C2,Technology_Digital,Software_Internet,0
1007,baby is due,C1,Daily_Life,General_Interactions,0
1008,strongly object,C2,Daily_Life,General_Interactions,0
1009,bitter divorce,C2,Daily_Life,General_Interactions,0
1010,take full credit for,C2,Daily_Life,General_Interactions,0
1011,blood relative,C2,Daily_Life,General_Interactions,0
1012,think the world of someone,C2,Daily_Life,General_Interactions,0
1013,bring up a family,C2,Daily_Life,General_Interactions,0
1014,thoroughly disapprove,C2,Technology_Digital,Software_Internet,0
1015,bring up children,C2,Daily_Life,General_Interactions,0
1016,thunderous applause,C2,Technology_Digital,Software_Internet,0
1017,bring up up a family,C2,Daily_Life,General_Interactions,0
1018,universal condemnation,C2,Daily_Life,General_Interactions,0
1019,broken home,C1,Daily_Life,Home_Housing,0
1020,warmly approve,C2,Technology_Digital,Software_Internet,0
1021,close family,C1,Daily_Life,General_Interactions,0
1022,warmly congratulate,C2,Society_Law_Politics,Law_Crime,0
1023,close-knit family,C2,Daily_Life,General_Interactions,0
1024,wholesale condemnation,C2,Business_Finance_Economy,Business_Management,0
1025,close relative,C2,Daily_Life,General_Interactions,0
1026,win praise,B2,Technology_Digital,Artificial_Intelligence,0
1027,confirmed bachelor,C2,Daily_Life,General_Interactions,0
1028,spark off rumours,C2,Daily_Life,General_Interactions,0
1029,deprived home,C2,Daily_Life,Home_Housing,0
1030,strengthen the impact,C2,Health_Medicine,Fitness_Exercise,0
1031,distant cousin,C2,Daily_Life,General_Interactions,0
1032,suffer the consequences,C2,Health_Medicine,Illness_Diseases,0
1033,distant relative,C2,Daily_Life,General_Interactions,0
1034,underlying cause,C2,Daily_Life,General_Interactions,0
1035,dysfunctional family,C2,Daily_Life,General_Interactions,0
1036,unexpected outcome,C2,Psychology_Emotions,Stress_Mental_State,0
1037,estranged husband,C2,Daily_Life,General_Interactions,0
1038,unforeseen outcome,C2,Psychology_Emotions,Stress_Mental_State,0
1039,estranged wife,C2,Daily_Life,General_Interactions,0
1040,unforeseen result,C2,Psychology_Emotions,Stress_Mental_State,0
1041,ex-husband,B2,Daily_Life,General_Interactions,0
1042,annual turnover,C2,Business_Finance_Economy,Finance_Banking,0
1043,expecting a baby,C2,Daily_Life,General_Interactions,0
1044,balance the budget,C2,Business_Finance_Economy,Finance_Banking,0
1045,extended family,C2,Daily_Life,General_Interactions,0
1046,businesses are going under,C2,Business_Finance_Economy,Business_Management,0
1047,ex-wife,B1,Daily_Life,General_Interactions,0
1048,business is booming,C2,Business_Finance_Economy,Business_Management,0
1049,get a divorce,C2,Daily_Life,General_Interactions,0
1050,business would fold,C2,Business_Finance_Economy,Business_Management,0
1051,give custody to,C2,Daily_Life,General_Interactions,0
1052,carry out market research,C2,Education,Academic_Study,0
1053,grant custody to,C2,Daily_Life,General_Interactions,0
1054,cease trading,C2,Daily_Life,General_Interactions,0
1055,have a baby,C1,Daily_Life,General_Interactions,0
1056,conduct market research,C2,Education,Academic_Study,0
1057,have children,C2,Daily_Life,General_Interactions,0
1058,create jobs,C1,Business_Finance_Economy,Jobs_Careers,0
1059,immediate family,C2,Communication_Media_Arts,Media_Journalism,0
1060,cut-throat competition,C2,Daily_Life,General_Interactions,0
1061,late husband,C1,Daily_Life,General_Interactions,0
1062,do a deal,B2,Daily_Life,General_Interactions,0
1063,late wife,B2,Daily_Life,General_Interactions,0
1064,float the company,C2,Business_Finance_Economy,Business_Management,0
1065,loving family,C2,Daily_Life,General_Interactions,0
1066,go bankrupt,C1,Business_Finance_Economy,Finance_Banking,0
1067,nuclear family,C2,Daily_Life,General_Interactions,0
1068,go into business,C2,Business_Finance_Economy,Business_Management,0
1069,provide for your family,C2,Daily_Life,General_Interactions,0
1070,go into partnership with,C2,Communication_Media_Arts,Arts_Creativity,0
1071,raise a family,C2,Technology_Digital,Artificial_Intelligence,0
1072,raise children,C2,Technology_Digital,Artificial_Intelligence,0
1073,go public,B2,Business_Finance_Economy,Finance_Banking,0
1074,respectable family,C2,Society_Law_Politics,Human_Rights,0
1075,second cousin,C2,Daily_Life,General_Interactions,0
1076,make a loss,C1,Business_Finance_Economy,Finance_Banking,0
1077,set up home,C1,Daily_Life,Home_Housing,0
1078,make a profit,C2,Business_Finance_Economy,Finance_Banking,0
1079,single parent,C2,Daily_Life,Home_Housing,0
1080,market forces,C2,Business_Finance_Economy,Economy_Markets,0
1081,stable home,C1,Daily_Life,Home_Housing,0
1082,put in a bid,C1,Daily_Life,General_Interactions,0
1083,start a family,C2,Communication_Media_Arts,Arts_Creativity,0
1084,rival company,C2,Business_Finance_Economy,Business_Management,0
1085,trial separation,C2,Daily_Life,General_Interactions,0
1086,run a business,C2,Business_Finance_Economy,Business_Management,0
1087,accept someone's proposal,C2,Psychology_Emotions,Feelings_Emotions,0
1088,sales figures,C2,Business_Finance_Economy,Business_Management,0
1089,casual acquaintance,C2,Technology_Digital,Artificial_Intelligence,0
1090,secret of your success,C2,Psychology_Emotions,Motivation,0
1091,cement a friendship,C2,Daily_Life,General_Interactions,0
1092,close friend,C1,Daily_Life,General_Interactions,0
1093,stiff competition,C2,Daily_Life,General_Interactions,0
1094,desperately in love,C2,Business_Finance_Economy,Economy_Markets,0
1095,strike a deal,C2,Daily_Life,General_Interactions,0
1096,develop a friendship,C2,Daily_Life,General_Interactions,0
1097,take on staff,C2,Daily_Life,General_Interactions,0
1098,fall in love,C1,Psychology_Emotions,Feelings_Emotions,0
1099,acknowledge your sources,C2,Education,Learning_Skills,0
1100,form a friendship,C2,Daily_Life,General_Interactions,0
1101,broadly support,C2,Travel_Transportation,Road_Travel,0
1102,friendship grows,C2,Daily_Life,General_Interactions,0
1103,carry out a study,C2,Education,Academic_Study,0
1104,have a good relationship with someone,C2,Daily_Life,General_Interactions,0
1105,challenge a theory,C2,Education,Academic_Study,0
1106,have an affair,C2,Technology_Digital,Artificial_Intelligence,0
1107,clear illustration,C2,Health_Medicine,Healthcare_Hospital,0
1108,keep in contact,C2,Psychology_Emotions,Behavior,0
1109,come under attack,C2,Daily_Life,General_Interactions,0
1110,keep in touch,C2,Daily_Life,General_Interactions,0
1111,commit plagiarism,C2,Daily_Life,General_Interactions,0
1112,lose contact,C1,Psychology_Emotions,Behavior,0
1113,concise summary,C2,Daily_Life,General_Interactions,0
1114,lose touch,B2,Daily_Life,General_Interactions,0
1115,do research,C1,Education,Academic_Study,0
1116,love at first sight,C2,Psychology_Emotions,Feelings_Emotions,0
1117,establish a connection,C2,Daily_Life,General_Interactions,0
1118,love of your life,C2,Science_Nature,Biology_Life_Sciences,0
1119,gather evidence,C2,Daily_Life,General_Interactions,0
1120,love someone unconditionally,C2,Psychology_Emotions,Feelings_Emotions,0
1121,give an account of,C2,Business_Finance_Economy,Business_Management,0
1122,madly in love,C2,Psychology_Emotions,Feelings_Emotions,0
1123,go into great detail,C2,Technology_Digital,Artificial_Intelligence,0
1124,make a commitment,C2,Daily_Life,General_Interactions,0
1125,groundbreaking research,C2,Education,Academic_Study,0
1126,irrefutable proof,C2,Society_Law_Politics,Law_Crime,0
1127,mutual friends,C2,Daily_Life,General_Interactions,0
1128,key factor,B2,Psychology_Emotions,Behavior,0
1129,return someone's love,C2,Psychology_Emotions,Feelings_Emotions,0
1130,make a contribution to,C2,Daily_Life,General_Interactions,0
1131,special friend,C2,Daily_Life,General_Interactions,0
1132,perfect example,C2,Education,Exams_Assessments,0
1133,spoil a friendship,C2,Daily_Life,General_Interactions,0
1134,play a central role,C2,Communication_Media_Arts,Speaking_Expressions,0
1135,strike up a friendship,C2,Daily_Life,General_Interactions,0
1136,play a part,C1,Communication_Media_Arts,Arts_Creativity,0
1137,add an extension,C2,Daily_Life,General_Interactions,0
1138,powerful argument,C2,Communication_Media_Arts,Opinion_Discussion,0
1139,affordable housing,C2,Daily_Life,Home_Housing,0
1140,propose a theory,C2,Education,Academic_Study,0
1141,a place of my own,C2,Daily_Life,Home_Housing,0
1142,provide evidence,C2,Daily_Life,General_Interactions,0
1143,arouse feelings,C2,Psychology_Emotions,Feelings_Emotions,0
1144,available to rent,C2,Technology_Digital,Artificial_Intelligence,0
1145,set out an argument,C2,Communication_Media_Arts,Opinion_Discussion,0
1146,basement flat,C2,Daily_Life,Home_Housing,0
1147,shape our thinking,C2,Daily_Life,General_Interactions,0
1148,significant contribution,C2,Daily_Life,General_Interactions,0
1149,significant trend,C2,Business_Finance_Economy,Economy_Markets,0
1150,chilly corridor,C2,Health_Medicine,Healthcare_Hospital,0
1151,strenuously defend,C2,Daily_Life,General_Interactions,0
1152,completely refurbished,C2,Daily_Life,General_Interactions,0
1153,strong tendency,C2,Psychology_Emotions,Behavior,0
1154,cosy study,B2,Education,Academic_Study,0
1155,support a claim,C2,Technology_Digital,Artificial_Intelligence,0
1156,cramped room,C1,Daily_Life,Home_Housing,0
1157,supporting evidence,C2,Society_Law_Politics,Law_Crime,0
1158,deeply depressed,C2,Communication_Media_Arts,Media_Journalism,0
1159,tentative explanation,C2,Daily_Life,General_Interactions,0
1160,desperately sad,C2,Business_Finance_Economy,Economy_Markets,0
1161,adopt a position,C2,Daily_Life,General_Interactions,0
1162,dilapidated building,C2,Daily_Life,General_Interactions,0
1163,argue convincingly,C2,Communication_Media_Arts,Speaking_Expressions,0
1164,do up a house,C2,Daily_Life,Home_Housing,0
1165,assess the significance of,C2,Daily_Life,General_Interactions,0
1166,do up an old house,C2,Daily_Life,Home_Housing,0
1167,briefly summarise,C2,Daily_Life,General_Interactions,0
1168,draughty hall,C2,Daily_Life,General_Interactions,0
1169,disagree profoundly,C2,Communication_Media_Arts,Opinion_Discussion,0
1170,dream home,B2,Daily_Life,Home_Housing,0
1171,draw a conclusion,C2,Communication_Media_Arts,Speaking_Expressions,0
1172,emotional impact,C2,Health_Medicine,Mental_Health,0
1173,draw a distinction between,C2,Communication_Media_Arts,Speaking_Expressions,0
1174,emotional involvement,C2,Health_Medicine,Mental_Health,0
1175,draw an analogy,C2,Communication_Media_Arts,Speaking_Expressions,0
1176,emotional response,C2,Health_Medicine,Mental_Health,0
1177,draw attention to,C2,Communication_Media_Arts,Speaking_Expressions,0
1178,emotional wreck,C2,Health_Medicine,Mental_Health,0
1179,draw parallels,C2,Communication_Media_Arts,Speaking_Expressions,0
1180,express your disappointment,C2,Communication_Media_Arts,Speaking_Expressions,0
1181,fall into a category,C2,Daily_Life,General_Interactions,0
1182,feel at home,C1,Psychology_Emotions,Feelings_Emotions,0
1183,hold firmly to,C2,Daily_Life,General_Interactions,0
1184,feel homesick,C2,Psychology_Emotions,Feelings_Emotions,0
1185,lay emphasis on,C2,Daily_Life,General_Interactions,0
1186,four-storey house,C2,Daily_Life,Home_Housing,0
1187,lend support to,C2,Daily_Life,General_Interactions,0
1188,fully-fitted kitchen,C2,Daily_Life,Home_Housing,0
1189,make a case for,C2,Daily_Life,General_Interactions,0
1190,fully furnished,C2,Daily_Life,General_Interactions,0
1191,make a comparison,C2,Daily_Life,General_Interactions,0
1192,granny flat,C1,Daily_Life,Home_Housing,0
1193,make reference to,C2,Daily_Life,General_Interactions,0
1194,great sadness,C2,Psychology_Emotions,Feelings_Emotions,0
1195,present a case for,C2,Communication_Media_Arts,Speaking_Expressions,0
1196,happy couple,C1,Psychology_Emotions,Feelings_Emotions,0
1197,put forward an argument,C2,Communication_Media_Arts,Opinion_Discussion,0
1198,happy occasion,C2,Psychology_Emotions,Feelings_Emotions,0
1199,raise questions,C2,Education,Classroom_Interaction,0
1200,happy occasion have,C2,Psychology_Emotions,Feelings_Emotions,0
1201,research suggests,C2,Education,Academic_Study,0
1202,have a view of,C2,Daily_Life,General_Interactions,0
1203,state an opinion,C2,Communication_Media_Arts,Opinion_Discussion,0
1204,highly emotional,C2,Health_Medicine,Mental_Health,0
1205,take into consideration,C2,Daily_Life,General_Interactions,0
1206,house-warming party,C2,Communication_Media_Arts,Arts_Creativity,0
1207,take up a position,C2,Daily_Life,General_Interactions,0
1208,huge disappointment,C2,Psychology_Emotions,Feelings_Emotions,0
1209,touch on issues,C2,Daily_Life,General_Interactions,0
1210,increasingly anxious,C2,Communication_Media_Arts,Speaking_Expressions,0
1211,act as a deterrent,C2,Psychology_Emotions,Behavior,0
1212,invite someone to a party,C2,Communication_Media_Arts,Arts_Creativity,0
1213,act within the law,C2,Society_Law_Politics,Law_Crime,0
1214,lasting happiness,C2,Technology_Digital,Software_Internet,0
1215,appear in court,C2,Society_Law_Politics,Law_Crime,0
1216,leave home,B2,Daily_Life,Home_Housing,0
1217,bend the rules,C2,Society_Law_Politics,Law_Crime,0
1218,let someone down badly,C2,Daily_Life,General_Interactions,0
1219,break the law,C2,Society_Law_Politics,Law_Crime,0
1220,life feels empty,C2,Science_Nature,Biology_Life_Sciences,0
1221,carry out an investigation,C2,Education,Academic_Study,0
1222,light airy bedrooms,C2,Technology_Digital,Artificial_Intelligence,0
1223,comply with the regulations,C2,Society_Law_Politics,Public_Policies,0
1224,enforce the law,C2,Science_Nature,Physics_Chemistry,0
1225,make yourself at home,C2,Daily_Life,Home_Housing,0
1226,face a fine,C1,Society_Law_Politics,Law_Crime,0
1227,mounting anger,C2,Daily_Life,General_Interactions,0
1228,face the death penalty,C2,Society_Law_Politics,Law_Crime,0
1229,move into a flat,C2,Daily_Life,General_Interactions,0
1230,fair trial,B2,Technology_Digital,Artificial_Intelligence,0
1231,move into a house,C2,Daily_Life,Home_Housing,0
1232,follow the rules,C2,Society_Law_Politics,Law_Crime,0
1233,move out of a flat,C2,Daily_Life,General_Interactions,0
1234,go on trial,C1,Daily_Life,General_Interactions,0
1235,newly-built apartment,C2,Communication_Media_Arts,Arts_Creativity,0
1236,hard legal battle,C2,Society_Law_Politics,Law_Crime,0
1237,off-road parking,C2,Travel_Transportation,Road_Travel,0
1238,harsh penalty,C2,Society_Law_Politics,Law_Crime,0
1239,harsh sentence,C2,Society_Law_Politics,Law_Crime,0
1240,sad occasion,C1,Psychology_Emotions,Feelings_Emotions,0
1241,heavy fine,B2,Society_Law_Politics,Law_Crime,0
1242,second home,C1,Daily_Life,Home_Housing,0
1243,introduce a law,C2,Society_Law_Politics,Law_Crime,0
1244,seething with anger,C2,Daily_Life,General_Interactions,0
1245,law forbids,C1,Society_Law_Politics,Law_Crime,0
1246,short-let accommodation,C2,Travel_Transportation,Hotels_Tourism,0
1247,law prohibits,C2,Society_Law_Politics,Law_Crime,0
1248,show your feelings,C2,Psychology_Emotions,Feelings_Emotions,0
1249,obey the law,C1,Society_Law_Politics,Law_Crime,0
1250,spacious living room,C2,Daily_Life,Home_Housing,0
1251,observe the law,C2,Society_Law_Politics,Law_Crime,0
1252,studio flat,C1,Daily_Life,Home_Housing,0
1253,pass a law,B2,Education,Exams_Assessments,0
1254,suitable accommodation,C2,Travel_Transportation,Hotels_Tourism,0
1255,pay a fine,B2,Society_Law_Politics,Law_Crime,0
1256,take out a mortgage,C2,Daily_Life,General_Interactions,0
1257,reach a verdict,C2,Daily_Life,General_Interactions,0
1258,welcome someone home,C2,Daily_Life,Home_Housing,0
1259,regulations apply to,C2,Society_Law_Politics,Public_Policies,0
1260,widespread condemnation,C2,Communication_Media_Arts,Speaking_Expressions,0
1261,regulations require,C2,Society_Law_Politics,Public_Policies,0
1262,worried sick,C1,Health_Medicine,Healthcare_Hospital,0
1263,regulations stipulate,C2,Society_Law_Politics,Public_Policies,0
1264,chinese/mexican/french cooking,C2,Health_Medicine,Nutrition_Diet,0
1265,respect the law,C2,Society_Law_Politics,Law_Crime,0
1266,chinese/mexican/french cuisine,C2,Health_Medicine,Nutrition_Diet,0
1267,rules allow,C1,Society_Law_Politics,Law_Crime,0
1268,chinese/mexican/french food,C2,Health_Medicine,Nutrition_Diet,0
1269,rules apply to,C2,Technology_Digital,Software_Internet,0
1270,chinese/mexican/french meal,C2,Health_Medicine,Nutrition_Diet,0
1271,rules permit,C1,Society_Law_Politics,Law_Crime,0
1272,decent meal,C1,Health_Medicine,Nutrition_Diet,0
1273,severely punished,C2,Society_Law_Politics,Law_Crime,0
1274,dying of hunger,C2,Daily_Life,General_Interactions,0
1275,first-time buyer,C2,Daily_Life,Shopping_Everyday,0
1276,uphold the law,C2,Society_Law_Politics,Law_Crime,0
1277,food additives,C2,Health_Medicine,Nutrition_Diet,0
1278,win a case,B2,Daily_Life,General_Interactions,0
1279,food poisoning,C2,Health_Medicine,Nutrition_Diet,0
1280,act of terrorism,C2,Psychology_Emotions,Behavior,0
1281,fresh produce,C2,Daily_Life,General_Interactions,0
1282,break into a house,C2,Daily_Life,Home_Housing,0
1283,gm food,B1,Health_Medicine,Nutrition_Diet,0
1284,combat crime,C1,Society_Law_Politics,Law_Crime,0
1285,gourmet meal,C1,Health_Medicine,Nutrition_Diet,0
1286,commit an offence,C2,Society_Law_Politics,Law_Crime,0
1287,have a quick snack,C2,Health_Medicine,Nutrition_Diet,0
1288,common criminal,C2,Daily_Life,General_Interactions,0
1289,healthy appetite,C2,Health_Medicine,Healthcare_Hospital,0
1290,convicted criminal,C2,Daily_Life,General_Interactions,0
1291,hearty breakfast,C2,Communication_Media_Arts,Arts_Creativity,0
1292,conviction for robbery,C2,Society_Law_Politics,Law_Crime,0
1293,home-cooked food,C2,Health_Medicine,Nutrition_Diet,0
1294,crime figures,C2,Society_Law_Politics,Law_Crime,0
1295,international cuisine,C2,Health_Medicine,Nutrition_Diet,0
1296,crime rate,B2,Business_Finance_Economy,Economy_Markets,0
1297,international food,C2,Health_Medicine,Nutrition_Diet,0
1298,crime wave,B2,Society_Law_Politics,Law_Crime,0
1299,junk food,B2,Health_Medicine,Nutrition_Diet,0
1300,criminal record,C2,Daily_Life,General_Interactions,0
1301,light meal,B2,Health_Medicine,Nutrition_Diet,0
1302,drug abuse,B2,Travel_Transportation,Public_Transport,0
1303,nourishing meal,C2,Health_Medicine,Nutrition_Diet,0
1304,fight against crime,C2,Technology_Digital,Artificial_Intelligence,0
1305,organic food,C1,Health_Medicine,Nutrition_Diet,0
1306,hardened criminal,C2,Daily_Life,General_Interactions,0
1307,overlook the garden,C2,Daily_Life,Home_Housing,0
1308,juvenile crime,C2,Society_Law_Politics,Law_Crime,0
1309,perishable food,C2,Health_Medicine,Nutrition_Diet,0
1310,mindless vandalism,C2,Health_Medicine,Mental_Health,0
1311,processed food,C2,Health_Medicine,Nutrition_Diet,0
1312,petty crime,C1,Society_Law_Politics,Law_Crime,0
1313,ready meal,B2,Health_Medicine,Nutrition_Diet,0
1314,political prisoner,C2,Society_Law_Politics,Law_Crime,0
1315,rob an institution,C2,Daily_Life,General_Interactions,0
1316,refreshing drink,C2,Daily_Life,General_Interactions,0
1317,rob a person,C1,Psychology_Emotions,Feelings_Emotions,0
1318,set menu,B1,Health_Medicine,Nutrition_Diet,0
1319,serve a sentence of,C2,Daily_Life,General_Interactions,0
1320,slap-up meal,C1,Health_Medicine,Nutrition_Diet,0
1321,serve a sentence of (period of time),C2,Daily_Life,Time_Management,0
1322,soft drink,B2,Daily_Life,General_Interactions,0
1323,spate of burglaries,C2,Daily_Life,General_Interactions,0
1324,staggering increase,C2,Daily_Life,General_Interactions,0
1325,spoil your appetite,C2,Health_Medicine,Nutrition_Diet,0
1326,steal a car,C1,Travel_Transportation,Road_Travel,0
1327,steal something,C2,Daily_Life,General_Interactions,0
1328,turn into a flat,C2,Daily_Life,General_Interactions,0
1329,street crime,C1,Society_Law_Politics,Law_Crime,0
1330,absorbed in a book,C2,Education,Academic_Study,0
1331,tackle crime,C1,Society_Law_Politics,Law_Crime,0
1332,based on a story,C2,Communication_Media_Arts,Writing_Language,0
1333,target serious crime,C2,Society_Law_Politics,Law_Crime,0
1334,beautifully written,C2,Education,Academic_Study,0
1335,vehicle crime,C2,Society_Law_Politics,Law_Crime,0
1336,bedtime reading,C2,Daily_Life,Time_Management,0
1337,vehicle theft,C2,Daily_Life,General_Interactions,0
1338,beginning of a book,C2,Education,Academic_Study,0
1339,young offender,C2,Daily_Life,General_Interactions,0
1340,beginning of a film,C2,Communication_Media_Arts,Arts_Creativity,0
1341,attract attention,C2,Psychology_Emotions,Behavior,0
1342,book captures (an atmosphere),C2,Education,Academic_Study,0
1343,be front-page news,C2,Communication_Media_Arts,Media_Journalism,0
1344,book comes out,C2,Communication_Media_Arts,Speaking_Expressions,0
1345,be headline news,C2,Communication_Media_Arts,Media_Journalism,0
1346,book deals with,C2,Education,Academic_Study,0
1347,catch fire,B2,Daily_Life,General_Interactions,0
1348,book review,C1,Communication_Media_Arts,Media_Journalism,0
1349,close watch,C1,Daily_Life,General_Interactions,0
1350,book reviewer,C2,Communication_Media_Arts,Media_Journalism,0
1351,controversial decision,C2,Daily_Life,General_Interactions,0
1352,box-office hit,C2,Communication_Media_Arts,Arts_Creativity,0
1353,flick through a newspaper,C2,Communication_Media_Arts,Media_Journalism,0
1354,cameo role,B2,Communication_Media_Arts,Arts_Creativity,0
1355,front-page headline,C2,Communication_Media_Arts,Media_Journalism,0
1356,cast a film,C1,Communication_Media_Arts,Arts_Creativity,0
1357,give the go-ahead,C2,Daily_Life,General_Interactions,0
1358,central character,C2,Psychology_Emotions,Personality,0
1359,hit the headlines,C2,Daily_Life,General_Interactions,0
1360,closing chapters,C2,Education,Academic_Study,0
1361,hold talks,B2,Education,Classroom_Interaction,0
1362,closing scenes,C2,Communication_Media_Arts,Arts_Creativity,0
1363,interested party,C2,Communication_Media_Arts,Arts_Creativity,0
1364,compulsive reading,C2,Education,Academic_Study,0
1365,item of news,C1,Communication_Media_Arts,Media_Journalism,0
1366,download an audiobook,C2,Technology_Digital,Software_Internet,0
1367,keep a watch on,C2,Daily_Life,General_Interactions,0
1368,download an e-book reader app,C2,Technology_Digital,Software_Internet,0
1369,keep someone informed,C2,Daily_Life,General_Interactions,0
1370,easy read,B2,Education,Academic_Study,0
1371,launch a campaign,C2,Technology_Digital,Artificial_Intelligence,0
1372,end of a book,C2,Education,Academic_Study,0
1373,lightning strikes,C2,Daily_Life,General_Interactions,0
1374,end of a film,C2,Communication_Media_Arts,Arts_Creativity,0
1375,loss of life,C1,Business_Finance_Economy,Finance_Banking,0
1376,engrossed in a book,C2,Education,Academic_Study,0
1377,make headlines,C2,Daily_Life,General_Interactions,0
1378,female lead,C1,Communication_Media_Arts,Arts_Creativity,0
1379,news breaks,C1,Communication_Media_Arts,Media_Journalism,0
1380,film captures (an atmosphere),C2,Communication_Media_Arts,Arts_Creativity,0
1381,news comes in,C2,Communication_Media_Arts,Media_Journalism,0
1382,film comes out,C2,Communication_Media_Arts,Arts_Creativity,0
1383,news develops,C2,Communication_Media_Arts,Media_Journalism,0
1384,film critic,C1,Communication_Media_Arts,Arts_Creativity,0
1385,news leaks out,C2,Communication_Media_Arts,Media_Journalism,0
1386,film deals with,C2,Communication_Media_Arts,Arts_Creativity,0
1387,outline plans,C2,Daily_Life,General_Interactions,0
1388,film review,C1,Communication_Media_Arts,Arts_Creativity,0
1389,publish a story,C2,Communication_Media_Arts,Writing_Language,0
1390,flick through a book,C2,Education,Academic_Study,0
1391,run a story,C1,Communication_Media_Arts,Writing_Language,0
1392,full house,B2,Daily_Life,Home_Housing,0
1393,seize control,C2,Daily_Life,General_Interactions,0
1394,give a book a bad review,C2,Communication_Media_Arts,Media_Journalism,0
1395,story breaks,C1,Communication_Media_Arts,Writing_Language,0
1396,give a film a bad review,C2,Communication_Media_Arts,Arts_Creativity,0
1397,take captive,C1,Daily_Life,General_Interactions,0
1398,take hostage,C1,Daily_Life,General_Interactions,0
1399,go on the stage,C2,Daily_Life,General_Interactions,0
1400,talks break down,C2,Education,Classroom_Interaction,0
1401,the latest news,C2,Education,Exams_Assessments,0
1402,make a film,C1,Communication_Media_Arts,Arts_Creativity,0
1403,top job,B1,Business_Finance_Economy,Jobs_Careers,0
1404,male lead,B2,Communication_Media_Arts,Arts_Creativity,0
1405,turn of events,C2,Daily_Life,General_Interactions,0
1406,nominate for an oscar,C2,Travel_Transportation,Road_Travel,0
1407,big money,B2,Business_Finance_Economy,Finance_Banking,0
1408,opening chapters,C2,Education,Academic_Study,0
1409,change money,C1,Business_Finance_Economy,Finance_Banking,0
1410,opening scenes,C2,Communication_Media_Arts,Arts_Creativity,0
1411,donate money to,C2,Business_Finance_Economy,Finance_Banking,0
1412,play the role of,C2,Communication_Media_Arts,Speaking_Expressions,0
1413,earn a good salary,C2,Business_Finance_Economy,Jobs_Careers,0
1414,recommend a book,C2,Communication_Media_Arts,Media_Journalism,0
1415,earn money,B2,Business_Finance_Economy,Finance_Banking,0
1416,recommend a film,C2,Communication_Media_Arts,Arts_Creativity,0
1417,get a really good deal,C2,Daily_Life,General_Interactions,0
1418,review a book,C2,Communication_Media_Arts,Media_Journalism,0
1419,go cheap,B1,Daily_Life,General_Interactions,0
1420,review a film,C2,Communication_Media_Arts,Arts_Creativity,0
1421,high price,B2,Business_Finance_Economy,Economy_Markets,0
1422,see a film at the cinema,C2,Communication_Media_Arts,Arts_Creativity,0
1423,in short supply,C2,Business_Finance_Economy,Economy_Markets,0
1424,see a film on television,C2,Communication_Media_Arts,Arts_Creativity,0
1425,low price,B2,Business_Finance_Economy,Economy_Markets,0
1426,see a programme on television,C2,Technology_Digital,Software_Internet,0
1427,make a small fortune,C2,Business_Finance_Economy,Finance_Banking,0
1428,shoot a film,C1,Communication_Media_Arts,Arts_Creativity,0
1429,make a withdrawal,C2,Business_Finance_Economy,Finance_Banking,0
1430,skim through a book,C2,Education,Academic_Study,0
1431,make money,B2,Business_Finance_Economy,Finance_Banking,0
1432,special effects,C2,Communication_Media_Arts,Arts_Creativity,0
1433,money is tied up in,C2,Business_Finance_Economy,Finance_Banking,0
1434,star in a film,C2,Communication_Media_Arts,Arts_Creativity,0
1435,money is tight,C2,Business_Finance_Economy,Finance_Banking,0
1436,the big screen,C2,Technology_Digital,Devices_Hardware,0
1437,price goes down,C2,Business_Finance_Economy,Economy_Markets,0
1438,true story,B2,Communication_Media_Arts,Writing_Language,0
1439,price goes up,C2,Business_Finance_Economy,Economy_Markets,0
1440,watch a film on television,C2,Communication_Media_Arts,Arts_Creativity,0
1441,price increases,C2,Business_Finance_Economy,Economy_Markets,0
1442,watch a programme on television,C2,Technology_Digital,Software_Internet,0
1443,watch television,C2,Daily_Life,General_Interactions,0
1444,price soars,C1,Business_Finance_Economy,Economy_Markets,0
1445,adoring fan,C1,Daily_Life,General_Interactions,0
1446,raise money,C1,Business_Finance_Economy,Finance_Banking,0
1447,a happy ending,C2,Psychology_Emotions,Feelings_Emotions,0
1448,reasonably priced,C2,Business_Finance_Economy,Economy_Markets,0
1449,album features,C2,Health_Medicine,Healthcare_Hospital,0
1450,ridiculous price,C2,Business_Finance_Economy,Economy_Markets,0
1451,background music,C2,Communication_Media_Arts,Arts_Creativity,0
1452,rock-bottom price,C2,Business_Finance_Economy,Economy_Markets,0
1453,big hit,B1,Daily_Life,General_Interactions,0
1454,save money,B2,Business_Finance_Economy,Finance_Banking,0
1455,capture a wider audience,C2,Daily_Life,General_Interactions,0
1456,seriously rich,C2,Daily_Life,General_Interactions,0
1457,catchy tune,C1,Daily_Life,General_Interactions,0
1458,spend money (on),C2,Business_Finance_Economy,Finance_Banking,0
1459,compose a piece,C2,Daily_Life,General_Interactions,0
1460,squander money (on),C2,Business_Finance_Economy,Finance_Banking,0
1461,conduct an orchestra,C2,Daily_Life,General_Interactions,0
1462,steady income,C2,Business_Finance_Economy,Business_Management,0
1463,debut album,C1,Daily_Life,General_Interactions,0
1464,throw money around,C2,Business_Finance_Economy,Finance_Banking,0
1465,easy listening,C2,Daily_Life,General_Interactions,0
1466,throw money at,C2,Business_Finance_Economy,Finance_Banking,0
1467,waste money (on),C2,Business_Finance_Economy,Finance_Banking,0
1468,go on tour,B2,Travel_Transportation,Road_Travel,0
1469,all-out war,C1,Society_Law_Politics,Government_Politics,0
1470,go solo,B1,Daily_Life,General_Interactions,0
1471,army goes into action,C2,Psychology_Emotions,Behavior,0
1472,haunting melody,C2,Daily_Life,General_Interactions,0
1473,avert war,B2,Society_Law_Politics,Law_Crime,0
1474,have a happy ending,C2,Psychology_Emotions,Feelings_Emotions,0
1475,battle rages,C1,Society_Law_Politics,Government_Politics,0
1476,huge following,C2,Daily_Life,General_Interactions,0
1477,bring about peace,C2,Psychology_Emotions,Stress_Mental_State,0
1478,call a ceasefire,C2,Society_Law_Politics,Government_Politics,0
1479,live performance,C2,Communication_Media_Arts,Speaking_Expressions,0
1480,call a truce,C1,Society_Law_Politics,Government_Politics,0
1481,massive hit,C1,Daily_Life,General_Interactions,0
1482,decisive battle,C2,Society_Law_Politics,Government_Politics,0
1483,musical heritage,C2,Communication_Media_Arts,Arts_Creativity,0
1484,declare war,C1,Society_Law_Politics,Government_Politics,0
1485,musical talent,C2,Communication_Media_Arts,Arts_Creativity,0
1486,fierce fighting,C2,Society_Law_Politics,Government_Politics,0
1487,music blasts out from,C2,Communication_Media_Arts,Arts_Creativity,0
1488,fight a war,C1,Society_Law_Politics,Government_Politics,0
1489,music lover,C1,Communication_Media_Arts,Arts_Creativity,0
1490,fight crime,C1,Society_Law_Politics,Law_Crime,0
1491,music scene,C1,Communication_Media_Arts,Arts_Creativity,0
1492,fight for life,C2,Science_Nature,Biology_Life_Sciences,0
1493,piece of music,C2,Communication_Media_Arts,Arts_Creativity,0
1494,go to war,B2,Society_Law_Politics,Government_Politics,0
1495,play a piece,C1,Communication_Media_Arts,Speaking_Expressions,0
1496,horrors of war,C2,Society_Law_Politics,Law_Crime,0
1497,pop idol,B1,Daily_Life,General_Interactions,0
1498,join the army,C2,Daily_Life,General_Interactions,0
1499,rap artist,B2,Communication_Media_Arts,Arts_Creativity,0
1500,keep the peace,C2,Psychology_Emotions,Stress_Mental_State,0
1501,release a cd,C1,Daily_Life,General_Interactions,0
1502,lasting peace,C2,Psychology_Emotions,Stress_Mental_State,0
1503,release an album,C2,Daily_Life,General_Interactions,0
1504,lose a battle,C2,Society_Law_Politics,Government_Politics,0
1505,remix a track,C2,Daily_Life,General_Interactions,0
1506,minor incident,C2,Daily_Life,General_Interactions,0
1507,strum a guitar,C2,Daily_Life,General_Interactions,0
1508,negotiate a peace agreement,C2,Communication_Media_Arts,Opinion_Discussion,0
1509,take up the guitar,C2,Daily_Life,General_Interactions,0
1510,offer resistance,C2,Daily_Life,General_Interactions,0
1511,tune an instrument,C2,Daily_Life,General_Interactions,0
1512,open fire,B2,Daily_Life,General_Interactions,0
1513,up-tempo number,C2,Daily_Life,General_Interactions,0
1514,peace activist,C2,Psychology_Emotions,Behavior,0
1515,virtuoso performance,C2,Communication_Media_Arts,Speaking_Expressions,0
1516,peacekeeping forces,C2,Science_Nature,Physics_Chemistry,0
1517,write the music,C2,Communication_Media_Arts,Writing_Language,0
1518,peace treaty,C1,Psychology_Emotions,Stress_Mental_State,0
1519,achieve a personal best,C2,Psychology_Emotions,Feelings_Emotions,0
1520,price war,B2,Business_Finance_Economy,Economy_Markets,0
1521,achieve your ambition,C2,Psychology_Emotions,Motivation,0
1522,put up a fight against,C2,Technology_Digital,Artificial_Intelligence,0
1523,away match,B2,Daily_Life,Routine_Activities,0
1524,restore order,C2,Daily_Life,Shopping_Everyday,0
1525,blow the whistle,C2,Daily_Life,General_Interactions,0
1526,running battle,C2,Health_Medicine,Fitness_Exercise,0
1527,break the world record,C2,Daily_Life,General_Interactions,0
1528,sign a treaty,C2,Society_Law_Politics,Government_Politics,0
1529,bring on a substitute,C2,Daily_Life,General_Interactions,0
1530,take prisoner,C2,Society_Law_Politics,Law_Crime,0
1531,come up against fierce competition,C2,Technology_Digital,Artificial_Intelligence,0
1532,war breaks out,C2,Society_Law_Politics,Government_Politics,0
1533,come up against intense competition,C2,Technology_Digital,Artificial_Intelligence,0
1534,war on crime,C1,Society_Law_Politics,Law_Crime,0
1535,deserve to win,C2,Daily_Life,General_Interactions,0
1536,within firing range,C2,Daily_Life,General_Interactions,0
1537,desperately want,C2,Business_Finance_Economy,Economy_Markets,0
1538,alleviate poverty,C2,Society_Law_Politics,Social_Issues,0
1539,do activities,C2,Psychology_Emotions,Behavior,0
1540,asylum seeker,C2,Daily_Life,General_Interactions,0
1541,do aerobics,C1,Daily_Life,General_Interactions,0
1542,below the poverty line,C2,Society_Law_Politics,Social_Issues,0
1543,do archery,B2,Daily_Life,General_Interactions,0
1544,breed crime,C1,Society_Law_Politics,Law_Crime,0
1545,do athletics,C1,Daily_Life,General_Interactions,0
1546,child labour,C1,Science_Nature,Natural_Phenomena,0
1547,do circuit training,C2,Education,Learning_Skills,0
1548,climate change,C2,Science_Nature,Environment_Ecology,0
1549,combat poverty,C2,Society_Law_Politics,Social_Issues,0
1550,do gymnastics,C2,Health_Medicine,Fitness_Exercise,0
1551,crop fails,B2,Education,Exams_Assessments,0
1552,do judo,B1,Daily_Life,General_Interactions,0
1553,death toll,B2,Health_Medicine,Healthcare_Hospital,0
1554,do sport,B1,Health_Medicine,Fitness_Exercise,0
1555,debt repayment,C2,Business_Finance_Economy,Finance_Banking,0
1556,do weightlifting,C2,Health_Medicine,Healthcare_Hospital,0
1557,deplete the ozone layer,C2,Daily_Life,General_Interactions,0
1558,do wrestling,C1,Daily_Life,General_Interactions,0
1559,deprived region,C2,Daily_Life,General_Interactions,0
1560,do yoga,B1,Daily_Life,General_Interactions,0
1561,desperate need,C2,Business_Finance_Economy,Economy_Markets,0
1562,drop a player,C2,Communication_Media_Arts,Speaking_Expressions,0
1563,devastating famine,C2,Daily_Life,General_Interactions,0
1564,enhance your performance,C2,Communication_Media_Arts,Speaking_Expressions,0
1565,devastating flood,C2,Science_Nature,Natural_Phenomena,0
1566,enter a competition,C2,Daily_Life,Routine_Activities,0
1567,developing country,C2,Daily_Life,General_Interactions,0
1568,fail a drugs test,C2,Education,Exams_Assessments,0
1569,disturb the ecological balance,C2,Psychology_Emotions,Stress_Mental_State,0
1570,foul your opponent,C2,Daily_Life,General_Interactions,0
1571,earthquake hits,C2,Science_Nature,Natural_Phenomena,0
1572,gain a place,C1,Technology_Digital,Artificial_Intelligence,0
1573,economic migrant,C2,Daily_Life,General_Interactions,0
1574,get a place,C1,Daily_Life,General_Interactions,0
1575,eradicate poverty,C2,Society_Law_Politics,Social_Issues,0
1576,go bowling,B2,Daily_Life,General_Interactions,0
1577,escape poverty,C2,Society_Law_Politics,Social_Issues,0
1578,go climbing,C1,Daily_Life,General_Interactions,0
1579,exhaust fumes,C2,Daily_Life,General_Interactions,0
1580,go cycling,B2,Daily_Life,General_Interactions,0
1581,fish stocks,C1,Business_Finance_Economy,Business_Management,0
1582,go fishing,B2,Daily_Life,General_Interactions,0
1583,fossil fuels,C1,Daily_Life,General_Interactions,0
1584,go hang-gliding,C2,Daily_Life,General_Interactions,0
1585,global economy,C2,Business_Finance_Economy,Economy_Markets,0
1586,go hill walking,C2,Health_Medicine,Fitness_Exercise,0
1587,golden opportunity,C2,Business_Finance_Economy,Entrepreneurship,0
1588,go in for a competition,C2,Daily_Life,Routine_Activities,0
1589,greenhouse gases,C2,Science_Nature,Environment_Ecology,0
1590,go jogging,B2,Daily_Life,General_Interactions,0
1591,green politics,C2,Science_Nature,Environment_Ecology,0
1592,go sailing,B2,Technology_Digital,Artificial_Intelligence,0
1593,irreparable damage,C2,Daily_Life,General_Interactions,0
1594,go skateboarding,C2,Travel_Transportation,Air_Travel,0
1595,lift someone out of poverty,C2,Society_Law_Politics,Social_Issues,0
1596,go skiing,B2,Daily_Life,General_Interactions,0
1597,live on the street,C2,Daily_Life,General_Interactions,0
1598,go snowboarding,C2,Travel_Transportation,Air_Travel,0
1599,live on the streets,C2,Daily_Life,General_Interactions,0
1600,go surfing,B2,Daily_Life,General_Interactions,0
1601,margins of society,C2,Society_Law_Politics,Law_Crime,0
1602,go to aerobics,C2,Daily_Life,General_Interactions,0
1603,natural disaster,C2,Science_Nature,Natural_Phenomena,0
1604,go to judo,B2,Daily_Life,General_Interactions,0
1605,political asylum,C2,Society_Law_Politics,Law_Crime,0
1606,go to karate,C1,Business_Finance_Economy,Economy_Markets,0
1607,rising sea levels,C2,Communication_Media_Arts,Speaking_Expressions,0
1608,go to yoga,B2,Daily_Life,General_Interactions,0
1609,seek political asylum,C2,Society_Law_Politics,Law_Crime,0
1610,have a football game,C2,Daily_Life,Routine_Activities,0
1611,sexual exploitation,C2,Daily_Life,General_Interactions,0
1612,have a football match,C2,Daily_Life,Routine_Activities,0
1613,simple solution,C2,Daily_Life,General_Interactions,0
1614,have a game,C1,Daily_Life,Routine_Activities,0
1615,sleep rough,C1,Health_Medicine,Healthcare_Hospital,0
1616,have a game of,C2,Daily_Life,Routine_Activities,0
1617,street children,C2,Daily_Life,General_Interactions,0
1618,have a game of football,C2,Daily_Life,Routine_Activities,0
1619,tackle pollution,C2,Science_Nature,Environment_Ecology,0
1620,have a match,C1,Daily_Life,Routine_Activities,0
1621,take to the street,C2,Daily_Life,General_Interactions,0
1622,home ground,C1,Daily_Life,Home_Housing,0
1623,take to the streets,C2,Daily_Life,General_Interactions,0
1624,home match,B2,Daily_Life,Home_Housing,0
1625,widening gulf,C2,Daily_Life,General_Interactions,0
1626,lose a match,C1,Daily_Life,Routine_Activities,0
1627,world-wide problem,C2,Daily_Life,General_Interactions,0
1628,narrowly beaten,C2,Health_Medicine,Healthcare_Hospital,0
1629,alarm goes off,C2,Daily_Life,General_Interactions,0
1630,narrowly defeated,C2,Health_Medicine,Healthcare_Hospital,0
1631,bang on time,C1,Daily_Life,Time_Management,0
1632,play a football game,C2,Daily_Life,Routine_Activities,0
1633,big time,B1,Daily_Life,Time_Management,0
1634,play a football match,C2,Daily_Life,Routine_Activities,0
1635,dead on time,C1,Daily_Life,Time_Management,0
1636,play a game of,C2,Daily_Life,Routine_Activities,0
1637,early st century,C2,Daily_Life,General_Interactions,0
1638,play a game of football,C2,Daily_Life,Routine_Activities,0
1639,free time,B2,Daily_Life,Time_Management,0
1640,play badminton,C2,Communication_Media_Arts,Speaking_Expressions,0
1641,from dawn till dusk,C2,Health_Medicine,Healthcare_Hospital,0
1642,play baseball,C2,Communication_Media_Arts,Speaking_Expressions,0
1643,future employer,C2,Business_Finance_Economy,Business_Management,0
1644,play billiards,C2,Health_Medicine,Healthcare_Hospital,0
1645,future holds,C1,Daily_Life,General_Interactions,0
1646,play bowls,B2,Communication_Media_Arts,Speaking_Expressions,0
1647,have a good time,C2,Daily_Life,Time_Management,0
1648,play cards,B2,Travel_Transportation,Road_Travel,0
1649,have a great future ahead,C2,Health_Medicine,Healthcare_Hospital,0
1650,play chess,B2,Communication_Media_Arts,Speaking_Expressions,0
1651,have a great time,C2,Daily_Life,Time_Management,0
1652,play computer games,C2,Technology_Digital,Devices_Hardware,0
1653,have the time of your life,C2,Science_Nature,Biology_Life_Sciences,0
1654,play cricket,C1,Communication_Media_Arts,Speaking_Expressions,0
1655,have time to,C1,Daily_Life,Time_Management,0
1656,play darts,B2,Communication_Media_Arts,Arts_Creativity,0
1657,in the not too distant future,C2,Daily_Life,General_Interactions,0
1658,play dominoes,C2,Communication_Media_Arts,Speaking_Expressions,0
1659,kill time,B2,Daily_Life,Time_Management,0
1660,play games,B2,Communication_Media_Arts,Speaking_Expressions,0
1661,log in with username and password,C2,Education,Exams_Assessments,0
1662,play golf,B2,Communication_Media_Arts,Speaking_Expressions,0
1663,make time for,C2,Daily_Life,Time_Management,0
1664,play hockey,C1,Communication_Media_Arts,Speaking_Expressions,0
1665,pass the time,C2,Education,Exams_Assessments,0
1666,play rugby,B2,Communication_Media_Arts,Speaking_Expressions,0
1667,past few weeks,C2,Daily_Life,General_Interactions,0
1668,play sport,B2,Health_Medicine,Fitness_Exercise,0
1669,prehistoric times,C2,Daily_Life,Time_Management,0
1670,play table tennis,C2,Communication_Media_Arts,Speaking_Expressions,0
1671,recent past,C1,Daily_Life,General_Interactions,0
1672,play tennis,C1,Communication_Media_Arts,Speaking_Expressions,0
1673,right on time,C2,Daily_Life,Time_Management,0
1674,practise taking a penalty,C2,Psychology_Emotions,Behavior,0
1675,run out of time,C2,Daily_Life,Time_Management,0
1676,put up a fight,C2,Daily_Life,General_Interactions,0
1677,save time,B2,Daily_Life,Time_Management,0
1678,round of a competition,C2,Daily_Life,Routine_Activities,0
1679,set your alarm,C2,Daily_Life,Routine_Activities,0
1680,score a goal,C1,Education,Exams_Assessments,0
1681,spare time,B2,Daily_Life,Time_Management,0
1682,set a new world record,C2,Daily_Life,General_Interactions,0
1683,spend some time,C2,Daily_Life,Time_Management,0
1684,stage of a competition,C2,Daily_Life,Routine_Activities,0
1685,take someone ages,C2,Daily_Life,Time_Management,0
1686,tackle an opponent,C2,Daily_Life,General_Interactions,0
1687,take your time,C2,Daily_Life,Time_Management,0
1688,take a free kick,C2,Daily_Life,General_Interactions,0
1689,tell someone the time,C2,Daily_Life,Time_Management,0
1690,take a penalty,C2,Daily_Life,General_Interactions,0
1691,the small hours,C2,Daily_Life,Time_Management,0
1692,take possession of the ball,C2,Daily_Life,General_Interactions,0
1693,time goes by,C1,Daily_Life,Time_Management,0
1694,take the lead,C2,Daily_Life,General_Interactions,0
1695,time passes,C1,Education,Exams_Assessments,0
1696,train hard,B2,Technology_Digital,Artificial_Intelligence,0
1697,ungodly hours,C2,Daily_Life,Time_Management,0
1698,training session,C2,Education,Learning_Skills,0
1699,waste time,B2,Daily_Life,Time_Management,0
1700,win a match,C1,Daily_Life,Routine_Activities,0
1701,worth your while,C2,Daily_Life,General_Interactions,0
1702,world record holder,C2,Daily_Life,General_Interactions,0
1703,almighty bang,C2,Daily_Life,General_Interactions,0
1704,acutely painful,C2,Health_Medicine,Illness_Diseases,0
1705,almighty explosion,C2,Daily_Life,General_Interactions,0
1706,alleviate the pain,C2,Health_Medicine,Illness_Diseases,0
1707,babbling stream,C2,Daily_Life,General_Interactions,0
1708,balanced diet,C2,Health_Medicine,Nutrition_Diet,0
1709,background noise,C2,Daily_Life,General_Interactions,0
1710,be diagnosed with aids,C2,Technology_Digital,Artificial_Intelligence,0
1711,birds sing,B2,Communication_Media_Arts,Speaking_Expressions,0
1712,be diagnosed with autism,C2,Health_Medicine,Illness_Diseases,2
1713,break the silence,C2,Daily_Life,General_Interactions,0
1714,be diagnosed with breast cancer,C2,Health_Medicine,Illness_Diseases,2
1715,clicking sound,C2,Daily_Life,General_Interactions,0
1716,be diagnosed with cancer,C2,Health_Medicine,Illness_Diseases,2
1717,crackling sound,C2,Daily_Life,General_Interactions,0
1718,be diagnosed with leukaemia,C2,Health_Medicine,Illness_Diseases,2
1719,cry of alarm,C1,Daily_Life,General_Interactions,0
1720,be diagnosed with lung cancer,C2,Health_Medicine,Illness_Diseases,2
1721,cry of pain,C1,Health_Medicine,Illness_Diseases,0
1722,be taken ill,C1,Health_Medicine,Illness_Diseases,0
1723,cry of surprise,C2,Psychology_Emotions,Feelings_Emotions,0
1724,catch a chill,C2,Health_Medicine,Illness_Diseases,0
1725,deafening noise,C2,Daily_Life,General_Interactions,0
1726,catch a cold,C1,Health_Medicine,Illness_Diseases,0
1727,deafening sound,C2,Daily_Life,General_Interactions,0
1728,catch pneumonia,C2,Health_Medicine,Illness_Diseases,0
1729,dull thud,B2,Daily_Life,General_Interactions,0
1730,catch (the) flu,C2,Health_Medicine,Illness_Diseases,0
1731,ear-splitting noise,C2,Daily_Life,General_Interactions,0
1732,contract a disease,C2,Health_Medicine,Illness_Diseases,0
1733,ear-splitting sound,C2,Daily_Life,General_Interactions,0
1734,contract malaria,C2,Psychology_Emotions,Behavior,0
1735,eerie silence,C2,Daily_Life,General_Interactions,0
1736,contract typhoid,C2,Psychology_Emotions,Behavior,0
1737,excessive noise,C2,Daily_Life,General_Interactions,0
1738,damaged things,C2,Daily_Life,General_Interactions,0
1739,give a cry,B2,Psychology_Emotions,Feelings_Emotions,0
1740,develop aids,C1,Technology_Digital,Artificial_Intelligence,0
1741,give a gasp,C1,Psychology_Emotions,Feelings_Emotions,0
1742,develop alzheimer's disease,C2,Health_Medicine,Illness_Diseases,2
1743,give a groan,C1,Psychology_Emotions,Feelings_Emotions,0
1744,develop arthritis,C2,Communication_Media_Arts,Arts_Creativity,2
1745,give a laugh,C1,Psychology_Emotions,Feelings_Emotions,0
1746,develop breast cancer,C2,Health_Medicine,Illness_Diseases,2
1747,give a loud cry,C2,Psychology_Emotions,Feelings_Emotions,0
1748,develop cancer,C2,Health_Medicine,Illness_Diseases,2
1749,give a sigh,C1,Psychology_Emotions,Feelings_Emotions,0
1750,develop diabetes,C2,Health_Medicine,Illness_Diseases,2
1751,grating noise,C2,Daily_Life,General_Interactions,0
1752,develop lung cancer,C2,Health_Medicine,Illness_Diseases,2
1753,grating sound,C2,Daily_Life,General_Interactions,0
1754,dull ache,B2,Health_Medicine,Illness_Diseases,0
1755,loud bang,B2,Daily_Life,General_Interactions,0
1756,excruciating pain,C2,Health_Medicine,Illness_Diseases,0
1757,loud explosion,C2,Daily_Life,General_Interactions,0
1758,follow a fitness programme,C2,Health_Medicine,Fitness_Exercise,0
1759,machine hums,C1,Daily_Life,General_Interactions,0
1760,have an attack of,C2,Health_Medicine,Illness_Diseases,0
1761,machine whirrs,C2,Daily_Life,General_Interactions,0
1762,have an attack of asthma,C2,Health_Medicine,Illness_Diseases,0
1763,make a sound,C1,Daily_Life,General_Interactions,0
1764,have an attack of bronchitis,C2,Health_Medicine,Illness_Diseases,0
1765,muffled sound,C2,Daily_Life,General_Interactions,0
1766,have an attack of diarrhoea,C2,Health_Medicine,Illness_Diseases,0
1767,music blares (out),C2,Communication_Media_Arts,Arts_Creativity,0
1768,have an attack of hay fever,C2,Health_Medicine,Illness_Diseases,0
1769,patter of rain,C2,Technology_Digital,Artificial_Intelligence,0
1770,head injuries,C2,Health_Medicine,Illness_Diseases,0
1771,piercing cry,C1,Psychology_Emotions,Feelings_Emotions,0
1772,healthy eating,C2,Health_Medicine,Nutrition_Diet,0
1773,radio blares (out),C2,Communication_Media_Arts,Speaking_Expressions,0
1774,raucous laughter,C2,Psychology_Emotions,Feelings_Emotions,0
1775,incurable illness,C2,Health_Medicine,Illness_Diseases,0
1776,roar of traffic,C2,Travel_Transportation,Road_Travel,0
1777,in good shape,C2,Health_Medicine,Fitness_Exercise,0
1778,rumble of thunder,C2,Daily_Life,General_Interactions,0
1779,injured people,C2,Health_Medicine,Illness_Diseases,0
1780,rustling sound,C2,Daily_Life,General_Interactions,0
1781,intensely painful,C2,Health_Medicine,Illness_Diseases,0
1782,scratching sound,C2,Daily_Life,General_Interactions,0
1783,keep fit,B1,Health_Medicine,Fitness_Exercise,0
1784,shot rings out,C2,Daily_Life,General_Interactions,0
1785,life-threatening illness,C2,Health_Medicine,Illness_Diseases,0
1786,shrill laugh,C1,Psychology_Emotions,Feelings_Emotions,0
1787,major injuries,C2,Health_Medicine,Illness_Diseases,0
1788,shrill voice,C1,Communication_Media_Arts,Speaking_Expressions,0
1789,minor ailment,C2,Technology_Digital,Artificial_Intelligence,0
1790,waves crash,C1,Daily_Life,General_Interactions,0
1791,minor injuries,C2,Health_Medicine,Illness_Diseases,0
1792,wind whistles,C2,Daily_Life,General_Interactions,0
1793,prescribe tablets,C2,Technology_Digital,Devices_Hardware,0
1794,at close range,C2,Daily_Life,General_Interactions,0
1795,relieve the pain,C2,Health_Medicine,Illness_Diseases,0
1796,big brother,C1,Daily_Life,General_Interactions,0
1797,serious illness,C2,Health_Medicine,Illness_Diseases,0
1798,considerable distance from,C2,Science_Nature,Research_Methods,0
1799,serious injuries,C2,Health_Medicine,Illness_Diseases,0
1800,cover a distance of x kilometres,C2,Science_Nature,Research_Methods,0
1801,slight cold,C1,Health_Medicine,Illness_Diseases,0
1802,dear little,C1,Daily_Life,General_Interactions,0
1803,splitting headache,C2,Health_Medicine,Illness_Diseases,0
1804,far-flung places,C2,Daily_Life,General_Interactions,0
1805,stick to a programme,C2,Health_Medicine,Fitness_Exercise,0
1806,far-off places,C2,Daily_Life,General_Interactions,0
1807,suffer from asthma,C2,Health_Medicine,Illness_Diseases,0
1808,fat book,B1,Communication_Media_Arts,Speaking_Expressions,0
1809,suffer from backache,C2,Health_Medicine,Illness_Diseases,0
1810,fat person,B2,Psychology_Emotions,Personality,0
1811,suffer from hay fever,C2,Health_Medicine,Illness_Diseases,0
1812,great deal of,C2,Business_Finance_Economy,Economy_Markets,0
1813,suffer injuries,C2,Health_Medicine,Illness_Diseases,0
1814,great deal of energy,C2,Science_Nature,Physics_Chemistry,0
1815,sustain injuries,C2,Technology_Digital,Artificial_Intelligence,0
1816,great deal of enthusiasm,C2,Health_Medicine,Healthcare_Hospital,0
1817,take exercise,C2,Health_Medicine,Fitness_Exercise,0
1818,great deal of money,C2,Business_Finance_Economy,Finance_Banking,0
1819,terminally ill,C2,Health_Medicine,Illness_Diseases,0
1820,great deal of time,C2,Daily_Life,Time_Management,0
1821,trivial ailment,C2,Technology_Digital,Artificial_Intelligence,0
1822,high heels,B2,Daily_Life,General_Interactions,0
1823,unbearable pain,C2,Health_Medicine,Illness_Diseases,0
1824,high interest rates,C2,Business_Finance_Economy,Economy_Markets,0
1825,vigorous exercise,C2,Health_Medicine,Fitness_Exercise,0
1826,high jump,B2,Daily_Life,General_Interactions,0
1827,win a contract,C2,Psychology_Emotions,Behavior,0
1828,high mountain,C2,Technology_Digital,Artificial_Intelligence,0
1829,anti-virus software,C2,Health_Medicine,Illness_Diseases,0
1830,back issues,C1,Daily_Life,General_Interactions,0
1831,high tide,B2,Daily_Life,General_Interactions,0
1832,back up your files,C2,Daily_Life,General_Interactions,0
1833,large amount,C1,Business_Finance_Economy,Economy_Markets,0
1834,block spam,B2,Daily_Life,General_Interactions,0
1835,large increase,C2,Business_Finance_Economy,Economy_Markets,0
1836,click on a link,C2,Daily_Life,General_Interactions,0
1837,large number,C1,Business_Finance_Economy,Economy_Markets,0
1838,cloud storage,C2,Technology_Digital,Software_Internet,0
1839,large quantity,C2,Business_Finance_Economy,Economy_Markets,0
1840,computer crashes,C2,Technology_Digital,Devices_Hardware,0
1841,large scale map,C2,Travel_Transportation,Navigation_Directions,0
1842,copy and paste,C2,Daily_Life,General_Interactions,0
1843,little brother,C2,Daily_Life,General_Interactions,0
1844,do a web search,C2,Technology_Digital,Software_Internet,0
1845,little problem,C2,Daily_Life,General_Interactions,0
1846,download applications,C2,Technology_Digital,Software_Internet,0
1847,little things,C2,Daily_Life,General_Interactions,0
1848,evaluate critically,C2,Daily_Life,General_Interactions,0
1849,long distance from,C2,Science_Nature,Research_Methods,0
1850,hack into someone's computer,C2,Technology_Digital,Devices_Hardware,0
1851,look small,B2,Daily_Life,General_Interactions,0
1852,hints and tips,C2,Daily_Life,General_Interactions,0
1853,low level,B2,Daily_Life,General_Interactions,0
1854,keep a record (of),C2,Daily_Life,General_Interactions,0
1855,make a note,C1,Daily_Life,General_Interactions,0
1856,low wage,B1,Daily_Life,General_Interactions,0
1857,memory stick,C1,Psychology_Emotions,Feelings_Emotions,0
1858,major change,C1,Daily_Life,General_Interactions,0
1859,online resources,C2,Education,General,0
1860,major difference,C2,Daily_Life,General_Interactions,0
1861,open an attachment,C2,Daily_Life,General_Interactions,0
1862,major difficulty,C2,Daily_Life,General_Interactions,0
1863,place to start,C2,Communication_Media_Arts,Arts_Creativity,0
1864,major effect,C1,Daily_Life,General_Interactions,0
1865,refine your search,C2,Technology_Digital,Software_Internet,0
1866,major factor,C1,Psychology_Emotions,Behavior,0
1867,search by keyword,C2,Technology_Digital,Software_Internet,0
1868,major issue,C1,Daily_Life,General_Interactions,0
1869,subscribe to online journals,C2,Education,General,0
1870,major point,C1,Daily_Life,General_Interactions,0
1871,update regularly,C2,Daily_Life,Routine_Activities,0
1872,make small talk,C2,Education,Classroom_Interaction,0
1873,upload your files,C2,Technology_Digital,Software_Internet,0
1874,minor change,C1,Daily_Life,General_Interactions,0
1875,acquire a qualification,C2,Education,General,0
1876,minor difference,C2,Daily_Life,General_Interactions,0
1877,attend a lecture,C2,Education,University_School,0
1878,minor difficulty,C2,Daily_Life,General_Interactions,0
1879,be awarded a degree,C2,Education,University_School,0
1880,minor effect,C1,Daily_Life,General_Interactions,0
1881,be awarded a diploma,C2,Education,University_School,0
1882,minor factor,C1,Psychology_Emotions,Behavior,0
1883,be given a grade,C2,Education,Exams_Assessments,0
1884,minor issue,C1,Daily_Life,General_Interactions,0
1885,carry out a research project,C2,Education,Academic_Study,0
1886,minor point,C1,Daily_Life,General_Interactions,0
1887,class is held,C2,Education,University_School,0
1888,neighbouring area,C2,Daily_Life,General_Interactions,0
1889,complete a course,C2,Education,University_School,0
1890,neighbouring country,C2,Daily_Life,General_Interactions,0
1891,conduct a research project,C2,Education,Academic_Study,0
1892,neighbouring town,C2,Daily_Life,General_Interactions,0
1893,continuous assessment,C2,Education,Exams_Assessments,0
1894,nice little,C1,Daily_Life,General_Interactions,0
1895,on a large scale,C2,Daily_Life,General_Interactions,0
1896,do a degree,C1,Education,University_School,0
1897,on a small scale,C2,Daily_Life,General_Interactions,0
1898,do a diploma,C1,Education,University_School,0
1899,painfully thin,C2,Health_Medicine,Illness_Diseases,0
1900,do a lecture,C1,Education,University_School,0
1901,plump person,C1,Psychology_Emotions,Personality,0
1902,do an assignment,C2,Education,General,0
1903,poor little,C1,Daily_Life,General_Interactions,0
1904,do an essay,C1,Education,General,0
1905,short distance from,C2,Science_Nature,Research_Methods,0
1906,do an exam,B2,Education,Exams_Assessments,0
1907,skinny person,C2,Psychology_Emotions,Personality,0
1908,do a research project,C2,Education,Academic_Study,0
1909,slim book,B2,Communication_Media_Arts,Speaking_Expressions,0
1910,do a subject,C1,Education,General,0
1911,slim person,C1,Psychology_Emotions,Personality,0
1912,do a talk,B2,Education,Classroom_Interaction,0
1913,small amount,C1,Business_Finance_Economy,Economy_Markets,0
1914,do homework,C1,Education,University_School,0
1915,small increase,C2,Business_Finance_Economy,Economy_Markets,0
1916,small number,C1,Business_Finance_Economy,Economy_Markets,0
1917,small quantity,C2,Business_Finance_Economy,Economy_Markets,0
1918,final draft,C1,Daily_Life,General_Interactions,0
1919,tall building,C2,Daily_Life,General_Interactions,0
1920,first draft,C1,Daily_Life,General_Interactions,0
1921,tall person,C1,Psychology_Emotions,Personality,0
1922,further education,C2,Education,Learning_Skills,0
1923,tall tree,B2,Daily_Life,General_Interactions,0
1924,get a degree,C1,Education,University_School,0
1925,travel a distance of x kilometres,C2,Science_Nature,Research_Methods,0
1926,get a diploma,C2,Education,University_School,0
1927,within commuting distance,C2,Daily_Life,General_Interactions,0
1928,get a grade,C1,Education,Exams_Assessments,0
1929,within walking distance,C2,Health_Medicine,Fitness_Exercise,0
1930,get an education,C2,Education,Learning_Skills,0
1931,add colour to,C2,Daily_Life,General_Interactions,0
1932,get a qualification,C2,Education,General,0
1933,beam of light,C2,Daily_Life,General_Interactions,0
1934,give a grade,C1,Education,Exams_Assessments,0
1935,be under the shadow of,C2,Daily_Life,General_Interactions,0
1936,blacken someone's name,C2,Daily_Life,General_Interactions,0
1937,give a talk,C1,Education,Classroom_Interaction,0
1938,bright colour,C2,Society_Law_Politics,Law_Crime,0
1939,give feedback,C2,Education,Classroom_Interaction,0
1940,bright yellow,C2,Society_Law_Politics,Law_Crime,0
1941,give (the teacher) an essay,C2,Education,Learning_Skills,0
1942,candle flickers,C2,Daily_Life,General_Interactions,0
1943,go to a lecture,C2,Education,University_School,0
1944,cast a shadow over,C2,Daily_Life,General_Interactions,0
1945,hand in an essay,C2,Education,General,0
1946,colour fades,C1,Daily_Life,General_Interactions,0
1947,higher education,C2,Education,Learning_Skills,0
1948,colour goes well with,C2,Daily_Life,General_Interactions,0
1949,keep a notebook,C2,Education,General,0
1950,colour runs,C1,Daily_Life,General_Interactions,0
1951,leave a course,C2,Education,University_School,0
1952,colours clash,C2,Daily_Life,General_Interactions,0
1953,obtain a degree,C2,Education,University_School,0
1954,dark green,B2,Science_Nature,Environment_Ecology,0
1955,obtain a diploma,C2,Education,University_School,0
1956,faint glow,B2,Technology_Digital,Artificial_Intelligence,0
1957,obtain a qualification,C2,Education,General,0
1958,glare of the sun,C2,Daily_Life,General_Interactions,0
1959,provide training,C2,Education,Learning_Skills,0
1960,green issue,C1,Science_Nature,Environment_Ecology,0
1961,receive a grade,C2,Education,Exams_Assessments,0
1962,grey area,B2,Daily_Life,General_Interactions,0
1963,receive an education,C2,Education,Learning_Skills,0
1964,grow dark,B2,Daily_Life,General_Interactions,0
1965,recognise qualifications,C2,Education,General,0
1966,pale blue,B2,Daily_Life,General_Interactions,0
1967,send in an application,C2,Education,General,0
1968,pinpoint of light,C2,Daily_Life,General_Interactions,0
1969,sit an exam,C1,Education,Exams_Assessments,0
1970,pitch dark,B2,Daily_Life,General_Interactions,0
1971,study a subject,C2,Education,Academic_Study,0
1972,ray of sunlight,C2,Daily_Life,General_Interactions,0
1973,shed some light on,C2,Daily_Life,General_Interactions,0
1974,study for a diploma,C2,Education,Academic_Study,0
1975,star twinkles,C2,Science_Nature,Natural_Phenomena,0
1976,study history,C2,Education,Academic_Study,0
1977,subdued colour,C2,Daily_Life,General_Interactions,0
1978,submit an application,C2,Education,General,0
1979,throw some light on,C2,Daily_Life,General_Interactions,0
1980,take a course,C2,Education,University_School,0
1981,tinged with gold,C2,Daily_Life,General_Interactions,0
1982,take a degree,C2,Education,University_School,0
1983,touch of colour,C2,Daily_Life,General_Interactions,0
1984,take a diploma,C2,Education,University_School,0
1985,trousers match a jacket,C2,Daily_Life,General_Interactions,0
1986,attitude hardens,C2,Psychology_Emotions,Behavior,0
1987,take a subject,C2,Education,General,0
1988,attitude softens,C2,Psychology_Emotions,Behavior,0
1989,tertiary education,C2,Education,Learning_Skills,0
1990,blunt knife,C1,Daily_Life,General_Interactions,0
1991,withdraw from a course,C2,Education,University_School,0
1992,blunt pencil,C1,Daily_Life,General_Interactions,0
1993,write an assignment,C2,Education,General,0
1994,bread goes hard,C2,Communication_Media_Arts,Speaking_Expressions,0
1995,write an essay,C2,Education,General,0
1996,bumpy flight,C1,Travel_Transportation,Air_Travel,0
1997,bar chart,B2,Communication_Media_Arts,Arts_Creativity,0
1998,bumpy road,B2,Travel_Transportation,Road_Travel,0
1999,body language,C2,Communication_Media_Arts,Writing_Language,0
2000,choppy sea,B2,Daily_Life,General_Interactions,0
2001,breathe deeply,C2,Health_Medicine,Healthcare_Hospital,0
2002,choppy water,C1,Daily_Life,General_Interactions,0
2003,bring to life,C2,Science_Nature,Biology_Life_Sciences,0
2004,coarse grain,C1,Technology_Digital,Artificial_Intelligence,0
2005,bullet points,C2,Daily_Life,General_Interactions,0
2006,coarse joke,C1,Daily_Life,General_Interactions,0
2007,connect with your audience,C2,Daily_Life,General_Interactions,0
2008,coarsely chopped,C2,Daily_Life,General_Interactions,0
2009,core message,C1,Daily_Life,General_Interactions,0
2010,creamy texture,C2,Daily_Life,General_Interactions,0
2011,deal with questions,C2,Education,Classroom_Interaction,0
2012,crushed garlic,C2,Daily_Life,General_Interactions,0
2013,easy to read,C1,Communication_Media_Arts,Speaking_Expressions,0
2014,dry hair,B1,Technology_Digital,Artificial_Intelligence,0
2015,effective presentation,C2,Education,Classroom_Interaction,0
2016,dry skin,B1,Health_Medicine,Illness_Diseases,0
2017,follow your argument,C2,Communication_Media_Arts,Opinion_Discussion,0
2018,fine grain,B2,Technology_Digital,Artificial_Intelligence,0
2019,hand gestures,C2,Daily_Life,General_Interactions,0
2020,finely chopped,C2,Daily_Life,General_Interactions,0
2021,firm bed,B1,Daily_Life,Home_Housing,0
2022,hold their attention,C2,Daily_Life,General_Interactions,0
2023,firm ground,C1,Daily_Life,General_Interactions,0
2024,interactive presentation,C2,Education,Classroom_Interaction,0
2025,firm pillow,C1,Daily_Life,Home_Housing,0
2026,keep simple,C1,Communication_Media_Arts,Writing_Language,0
2027,fruit goes soft,C2,Daily_Life,General_Interactions,0
2028,keep their attention,C2,Daily_Life,General_Interactions,0
2029,gloss finish,C1,Business_Finance_Economy,Finance_Banking,0
2030,key points,B2,Daily_Life,General_Interactions,0
2031,gloss paint,C1,Business_Finance_Economy,Finance_Banking,0
2032,listen carefully,C2,Travel_Transportation,Road_Travel,0
2033,glossy hair,C1,Business_Finance_Economy,Finance_Banking,0
2034,maintain eye contact,C2,Technology_Digital,Artificial_Intelligence,0
2035,go smoothly,C1,Daily_Life,General_Interactions,0
2036,make an impact,C2,Psychology_Emotions,Behavior,0
2037,greasy hair,C1,Technology_Digital,Artificial_Intelligence,0
2038,make eye contact,C2,Psychology_Emotions,Behavior,0
2039,greasy hands,C1,Daily_Life,General_Interactions,0
2040,make eye-contact,C2,Psychology_Emotions,Behavior,0
2041,hard bed,B1,Daily_Life,Home_Housing,0
2042,pie chart,B2,Communication_Media_Arts,Arts_Creativity,0
2043,hard ground,C1,Daily_Life,General_Interactions,0
2044,prepare a presentation,C2,Education,Classroom_Interaction,0
2045,hard pillow,C1,Daily_Life,Home_Housing,0
2046,prepare handouts,C2,Daily_Life,General_Interactions,0
2047,have a sharp tongue,C2,Daily_Life,General_Interactions,0
2048,presentation software,C2,Education,Classroom_Interaction,0
2049,ice melts,B2,Daily_Life,General_Interactions,0
2050,public speaking,C2,Communication_Media_Arts,Speaking_Expressions,0
2051,matt finish,C1,Daily_Life,General_Interactions,0
2052,speak clearly,C2,Communication_Media_Arts,Speaking_Expressions,0
2053,matt paint,B2,Health_Medicine,Illness_Diseases,0
2054,stand up straight,C2,Technology_Digital,Artificial_Intelligence,0
2055,oily skin,B2,Health_Medicine,Illness_Diseases,0
2056,target audience,C2,Daily_Life,General_Interactions,0
2057,rough complexion,C2,Health_Medicine,Illness_Diseases,0
2058,rough sea,B2,Daily_Life,General_Interactions,0
2059,visual aids,C1,Technology_Digital,Artificial_Intelligence,0
2060,rough skin,B2,Health_Medicine,Illness_Diseases,0
2061,achieve your goals,C2,Psychology_Emotions,Motivation,0
2062,rough surface,C2,Daily_Life,General_Interactions,0
2063,answer the phone,C2,Education,Classroom_Interaction,0
2064,rough water,C1,Daily_Life,General_Interactions,0
2065,apply for a job,C2,Business_Finance_Economy,Jobs_Careers,0
2066,sharp knife,C1,Daily_Life,General_Interactions,0
2067,arrange a meeting,C2,Daily_Life,General_Interactions,0
2068,sharp pencil,C1,Daily_Life,General_Interactions,0
2069,at the height of your career,C2,Business_Finance_Economy,Jobs_Careers,0
2070,smooth complexion,C2,Health_Medicine,Illness_Diseases,0
2071,at the peak of your career,C2,Business_Finance_Economy,Jobs_Careers,0
2072,smooth flight,C2,Travel_Transportation,Air_Travel,0
2073,available to start work,C2,Business_Finance_Economy,Jobs_Careers,0
2074,smooth road,C1,Travel_Transportation,Road_Travel,0
2075,brilliant career,C2,Business_Finance_Economy,Jobs_Careers,0
2076,smooth sea,B2,Daily_Life,General_Interactions,0
2077,career fair,C1,Business_Finance_Economy,Jobs_Careers,0
2078,smooth skin,C1,Health_Medicine,Illness_Diseases,0
2079,career lasts,C1,Business_Finance_Economy,Jobs_Careers,0
2080,smooth surface,C2,Daily_Life,General_Interactions,0
2081,career spans,C1,Business_Finance_Economy,Jobs_Careers,0
2082,smooth texture,C2,Daily_Life,General_Interactions,0
2083,career takes off,C2,Business_Finance_Economy,Jobs_Careers,0
2084,smooth water,C1,Daily_Life,General_Interactions,0
2085,carry out work,C2,Business_Finance_Economy,Jobs_Careers,0
2086,snow melts,B2,Daily_Life,General_Interactions,0
2087,climb the career ladder,C2,Business_Finance_Economy,Jobs_Careers,0
2088,snow thaws,B2,Daily_Life,General_Interactions,0
2089,close team,B2,Daily_Life,General_Interactions,0
2090,soft bed,B1,Daily_Life,Home_Housing,0
2091,complete work,C2,Business_Finance_Economy,Jobs_Careers,0
2092,soft ground,C1,Daily_Life,General_Interactions,0
2093,dead-end job,C1,Business_Finance_Economy,Jobs_Careers,0
2094,soft pillow,C1,Daily_Life,Home_Housing,0
2095,demanding job,C2,Business_Finance_Economy,Economy_Markets,0
2096,sticky fingers,C2,Daily_Life,General_Interactions,0
2097,embark on a career,C2,Business_Finance_Economy,Jobs_Careers,0
2098,sticky situation,C2,Daily_Life,General_Interactions,0
2099,field telephone calls,C2,Technology_Digital,Devices_Hardware,0
2100,tender meat,C1,Health_Medicine,Healthcare_Hospital,0
2101,fill a vacancy,C2,Health_Medicine,Healthcare_Hospital,0
2102,tough meat,B2,Health_Medicine,Healthcare_Hospital,0
2103,fulfilling job,C2,Business_Finance_Economy,Jobs_Careers,0
2104,velvety sky,C1,Daily_Life,General_Interactions,0
2105,generous benefits,C2,Science_Nature,Biology_Life_Sciences,0
2106,voice hardens,C2,Communication_Media_Arts,Speaking_Expressions,0
2107,give a presentation,C2,Education,Classroom_Interaction,0
2108,voice softens,C2,Communication_Media_Arts,Speaking_Expressions,0
2109,glittering career,C2,Business_Finance_Economy,Jobs_Careers,0
2110,acquired taste,C2,Daily_Life,General_Interactions,0
2111,good team player,C2,Communication_Media_Arts,Speaking_Expressions,0
2112,acrid smoke,C1,Daily_Life,General_Interactions,0
2113,go wrong,B1,Daily_Life,General_Interactions,0
2114,bitter coffee,C2,Daily_Life,General_Interactions,0
2115,hand in your notice,C2,Daily_Life,General_Interactions,0
2116,body odour,B2,Daily_Life,General_Interactions,0
2117,have a career in,C2,Business_Finance_Economy,Jobs_Careers,0
2118,develop a taste for,C2,Daily_Life,General_Interactions,0
2119,have a good knowledge of,C2,Education,Learning_Skills,0
2120,distinctive aroma,C2,Daily_Life,General_Interactions,0
2121,have a job as,C2,Business_Finance_Economy,Jobs_Careers,0
2122,foul-smelling chemicals,C2,Daily_Life,General_Interactions,0
2123,have experience in,C2,Daily_Life,General_Interactions,0
2124,foul-smelling factory,C2,Psychology_Emotions,Behavior,0
2125,high-powered job,C2,Business_Finance_Economy,Jobs_Careers,0
2126,fragrant perfume,C2,Daily_Life,General_Interactions,0
2127,job satisfaction,C2,Business_Finance_Economy,Jobs_Careers,0
2128,fresh scent,C1,Daily_Life,General_Interactions,0
2129,keep an appointment,C2,Technology_Digital,Software_Internet,0
2130,get the flavour of,C2,Daily_Life,General_Interactions,0
2131,keep a record,C2,Daily_Life,General_Interactions,0
2132,give off a smell,C2,Daily_Life,General_Interactions,0
2133,have a smell,C1,Daily_Life,General_Interactions,0
2134,lucrative job,C2,Business_Finance_Economy,Jobs_Careers,0
2135,have a taste,C1,Daily_Life,General_Interactions,0
2136,make a list,C1,Daily_Life,General_Interactions,0
2137,leave a bad taste in your mouth,C2,Daily_Life,General_Interactions,0
2138,make an appointment,C2,Technology_Digital,Software_Internet,0
2139,leave an unpleasant taste in your mouth,C2,Daily_Life,General_Interactions,0
2140,milk goes sour,C2,Daily_Life,General_Interactions,0
2141,make photocopies,C2,Daily_Life,General_Interactions,0
2142,noxious fumes,C2,Daily_Life,General_Interactions,0
2143,make preparations,C2,Daily_Life,General_Interactions,0
2144,over-powering stink,C2,Daily_Life,General_Interactions,0
2145,revolting stench,C2,Daily_Life,General_Interactions,0
2146,offer someone a job,C2,Business_Finance_Economy,Jobs_Careers,0
2147,share the same taste in,C2,Technology_Digital,Social_Media,0
2148,permanent job,C2,Business_Finance_Economy,Jobs_Careers,0
2149,smell danger,C1,Daily_Life,General_Interactions,0
2150,promising career,C2,Business_Finance_Economy,Jobs_Careers,0
2151,smell off,B2,Daily_Life,General_Interactions,0
2152,rewarding job,C2,Business_Finance_Economy,Jobs_Careers,0
2153,smell wafts,C1,Daily_Life,General_Interactions,0
2154,ruin someone's career,C2,Business_Finance_Economy,Jobs_Careers,0
2155,strong smell,C1,Daily_Life,General_Interactions,0
2156,set targets,C1,Daily_Life,General_Interactions,0
2157,subtle flavour,C2,Daily_Life,General_Interactions,0
2158,steady job,B2,Business_Finance_Economy,Jobs_Careers,0
2159,taste freedom,C2,Society_Law_Politics,Human_Rights,0
2160,stimulating working environment,C2,Business_Finance_Economy,Jobs_Careers,0
2161,whiff of perfume,C2,Daily_Life,General_Interactions,0
2162,supervise work,C2,Business_Finance_Economy,Jobs_Careers,0
2163,take charge of,C2,Daily_Life,General_Interactions,0
2164,take early retirement,C2,Daily_Life,General_Interactions,2
2165,take on work,C1,Business_Finance_Economy,Jobs_Careers,0
2166,take the minutes,C2,Daily_Life,General_Interactions,0
2167,work closely with,C2,Business_Finance_Economy,Jobs_Careers,0
2168,wreck someone's career,C2,Business_Finance_Economy,Jobs_Careers,0
2169,become angry,C1,Psychology_Emotions,Feelings_Emotions,0
2170,become bored,C1,Psychology_Emotions,Feelings_Emotions,0
2171,become depressed,C2,Communication_Media_Arts,Media_Journalism,0
2172,become excited,C2,Psychology_Emotions,Feelings_Emotions,0
2173,become extinct,C2,Daily_Life,General_Interactions,0
2174,become homeless,C2,Society_Law_Politics,Social_Issues,0
2175,become impatient,C2,Psychology_Emotions,Feelings_Emotions,0
2176,become involved,C2,Daily_Life,General_Interactions,0
2177,become popular,C2,Daily_Life,General_Interactions,0
2178,become pregnant,C2,Daily_Life,General_Interactions,0
2179,become unpopular,C2,Daily_Life,General_Interactions,0
2180,become upset,C1,Psychology_Emotions,Feelings_Emotions,0
2181,become violent,C2,Daily_Life,General_Interactions,0
2182,fall ill,B1,Health_Medicine,Illness_Diseases,0
2183,fall silent,C1,Psychology_Emotions,Feelings_Emotions,0
2184,get angry,B2,Psychology_Emotions,Feelings_Emotions,0
2185,get bored,B2,Psychology_Emotions,Feelings_Emotions,0
2186,get depressed,C2,Communication_Media_Arts,Media_Journalism,0
2187,get excited,C1,Psychology_Emotions,Feelings_Emotions,0
2188,get impatient,C2,Psychology_Emotions,Feelings_Emotions,0
2189,get involved,C1,Daily_Life,General_Interactions,0
2190,get pregnant,C1,Daily_Life,General_Interactions,0
2191,get upset,B2,Psychology_Emotions,Feelings_Emotions,0
2192,get violent,C1,Daily_Life,General_Interactions,0
2193,go blind,B1,Daily_Life,General_Interactions,0
2194,go crazy,B1,Psychology_Emotions,Feelings_Emotions,0
2195,go dark,B1,Science_Nature,Natural_Phenomena,0
2196,go deaf,B1,Daily_Life,General_Interactions,0
2197,go mad,A2,Psychology_Emotions,Feelings_Emotions,0
2198,go red,A2,Science_Nature,Natural_Phenomena,0
2199,go yellow,B2,Science_Nature,Natural_Phenomena,0
2200,grow louder,C1,Daily_Life,General_Interactions,0
2201,grow older,B2,Daily_Life,General_Interactions,0
2202,have a child,C1,Daily_Life,General_Interactions,0
2203,have a heart attack,C2,Communication_Media_Arts,Arts_Creativity,0
2204,suffer a heart attack,C2,Health_Medicine,Illness_Diseases,0
2205,turn gold,B2,Science_Nature,Natural_Phenomena,0
2206,turn red,B1,Science_Nature,Natural_Phenomena,0
2207,turn white,B2,Science_Nature,Natural_Phenomena,0
2208,have a break,C1,Daily_Life,General_Interactions,0
2209,have a conversation,C2,Communication_Media_Arts,Speaking_Expressions,0
2210,have a dream,C1,Daily_Life,General_Interactions,0
2211,have a go,B2,Daily_Life,General_Interactions,0
2212,have an accident,C2,Daily_Life,General_Interactions,0
2213,have an argument,C2,Communication_Media_Arts,Opinion_Discussion,0
2214,have an experience,C2,Daily_Life,General_Interactions,0
2215,have a nightmare,C2,Daily_Life,General_Interactions,0
2216,have a problem,C2,Daily_Life,General_Interactions,0
2217,have a row,B2,Communication_Media_Arts,Speaking_Expressions,0
2218,have a try,B2,Daily_Life,General_Interactions,0
2219,have difficulty,C2,Daily_Life,General_Interactions,0
2220,have fun,B1,Daily_Life,General_Interactions,0
2221,have problems,C2,Daily_Life,General_Interactions,0
2222,pay a compliment,C2,Business_Finance_Economy,Business_Management,0
2223,pay attention,C2,Business_Finance_Economy,Business_Management,0
2224,pay tribute,C1,Business_Finance_Economy,Business_Management,0
2225,pay your (last) respects,C2,Society_Law_Politics,Human_Rights,0
2226,take a bus,B2,Travel_Transportation,Public_Transport,0
2227,take a chance,C2,Daily_Life,General_Interactions,0
2228,take action,C1,Psychology_Emotions,Behavior,0
2229,take a holiday,C2,Travel_Transportation,Hotels_Tourism,0
2230,take a liking to,C2,Daily_Life,General_Interactions,0
2231,take an interest in,C2,Daily_Life,General_Interactions,0
2232,take a risk,C1,Business_Finance_Economy,Entrepreneurship,0
2233,take a train,C1,Technology_Digital,Artificial_Intelligence,0
2234,take a trip,C1,Travel_Transportation,Hotels_Tourism,0
2235,take photos,C1,Daily_Life,General_Interactions,0
2236,ancient history,C2,Communication_Media_Arts,Writing_Language,0
2237,ancient times,C2,Daily_Life,Time_Management,0
2238,antique furniture,C2,Daily_Life,Home_Housing,0
2239,antique jewellery,C2,Daily_Life,General_Interactions,0
2240,big decision,C1,Daily_Life,General_Interactions,0
2241,big problem,C1,Daily_Life,General_Interactions,0
2242,charge a phone,C2,Technology_Digital,Devices_Hardware,0
2243,charge a phone make,C2,Technology_Digital,Devices_Hardware,0
2244,close a conference,C2,Daily_Life,General_Interactions,0
2245,close a discussion,C2,Education,Classroom_Interaction,0
2246,close a meeting,C2,Daily_Life,General_Interactions,0
2247,close your mouth,C2,Daily_Life,General_Interactions,0
2248,damaged sofa,C1,Daily_Life,General_Interactions,0
2249,desperately lonely,C2,Business_Finance_Economy,Economy_Markets,0
2250,elderly person,C2,Psychology_Emotions,Feelings_Emotions,0
2251,end a relationship,C2,Daily_Life,General_Interactions,0
2252,film ends,B2,Communication_Media_Arts,Arts_Creativity,0
2253,finish your homework,C2,Education,University_School,0
2254,grow crops,B2,Daily_Life,General_Interactions,0
2255,grow plants,C1,Science_Nature,Biology_Life_Sciences,0
2256,large size,B2,Daily_Life,General_Interactions,0
2257,live alone,B2,Daily_Life,General_Interactions,0
2258,load a lorry,C1,Daily_Life,General_Interactions,0
2259,lonely place,C1,Daily_Life,General_Interactions,0
2260,lonely spot,C1,Daily_Life,General_Interactions,0
2261,old building,C1,Daily_Life,General_Interactions,0
2262,old friend,B2,Daily_Life,General_Interactions,0
2263,only child,B2,Daily_Life,General_Interactions,0
2264,raise cattle,C1,Technology_Digital,Artificial_Intelligence,0
2265,shut your mouth,C2,Daily_Life,General_Interactions,0
2266,sole survivor,C2,Daily_Life,General_Interactions,0
2267,solitary figure,C2,Daily_Life,General_Interactions,0
2268,start a car,C1,Travel_Transportation,Road_Travel,0
2269,travel alone,C1,Travel_Transportation,Road_Travel,0
2270,unique occasion,C2,Daily_Life,General_Interactions,0
2271,universe begins,C2,Daily_Life,General_Interactions,0
2272,achieve success,C2,Psychology_Emotions,Motivation,0
2273,achieve your aims,C2,Technology_Digital,Artificial_Intelligence,0
2274,beat an opponent,C2,Daily_Life,Routine_Activities,0
2275,beat a team,C1,Daily_Life,Routine_Activities,0
2276,carry a mobile phone,C2,Technology_Digital,Devices_Hardware,0
2277,carry a suitcase,C2,Travel_Transportation,Road_Travel,0
2278,defeat an opponent,C2,Daily_Life,Routine_Activities,0
2279,defeat a team,C2,Daily_Life,Routine_Activities,0
2280,earn a salary,C2,Business_Finance_Economy,Jobs_Careers,0
2281,gain access,C1,Technology_Digital,Artificial_Intelligence,0
2282,gain an advantage,C2,Technology_Digital,Artificial_Intelligence,0
2283,gain a reputation,C2,Technology_Digital,Artificial_Intelligence,0
2284,gain control,C1,Technology_Digital,Artificial_Intelligence,0
2285,gain power,B2,Technology_Digital,Artificial_Intelligence,0
2286,gain publicity,C2,Technology_Digital,Artificial_Intelligence,0
2287,gain recognition,C2,Technology_Digital,Artificial_Intelligence,0
2288,is powered by software,C2,Technology_Digital,Software_Internet,1
2289,spend a month,C2,Daily_Life,Time_Management,0
2290,spend a month/week,C2,Daily_Life,Time_Management,0
2291,spend days,B2,Daily_Life,Time_Management,0
2292,spend hours,C1,Daily_Life,Time_Management,0
2293,spend money,C1,Business_Finance_Economy,Finance_Banking,0
2294,take clothes,C1,Daily_Life,General_Interactions,0
2295,take clothes with you,C2,Daily_Life,General_Interactions,0
2296,use a laptop,C1,Technology_Digital,Devices_Hardware,0
2297,wear a dress,C1,Daily_Life,General_Interactions,0
2298,wear a hat,B2,Daily_Life,General_Interactions,0
2299,win a battle,C1,Daily_Life,Routine_Activities,0
2300,win a medal,C1,Daily_Life,General_Interactions,0
2301,win an award,C1,Society_Law_Politics,Law_Crime,0
2302,win an election,C2,Society_Law_Politics,Government_Politics,0
2303,win a prize,C1,Daily_Life,General_Interactions,0
2304,win a trophy,C1,Daily_Life,General_Interactions,0
2305,win a war,B2,Society_Law_Politics,Government_Politics,0
2306,atmosphere lightens,C2,Daily_Life,General_Interactions,0
2307,blaze of glory,C2,Daily_Life,General_Interactions,0
2308,blaze of publicity,C2,Daily_Life,General_Interactions,0
2309,cheeks burn with embarrassment,C2,Daily_Life,General_Interactions,0
2310,conversation flows,C2,Communication_Media_Arts,Speaking_Expressions,0
2311,dark days,B2,Daily_Life,General_Interactions,0
2312,dark thoughts,C2,Psychology_Emotions,Feelings_Emotions,0
2313,dark times,B2,Daily_Life,Time_Management,0
2314,expression darkens,C2,Communication_Media_Arts,Speaking_Expressions,0
2315,eyes darken,C1,Psychology_Emotions,Personality,0
2316,eyes light up,C2,Psychology_Emotions,Personality,0
2317,eyes shine,B2,Psychology_Emotions,Personality,0
2318,face darkens,C1,Psychology_Emotions,Personality,0
2319,face lights up,C2,Psychology_Emotions,Personality,0
2320,face shines,C1,Psychology_Emotions,Personality,0
2321,fiery temper,C1,Daily_Life,General_Interactions,0
2322,flood of tears,C2,Science_Nature,Natural_Phenomena,0
2323,heated conversation,C2,Communication_Media_Arts,Speaking_Expressions,0
2324,heated debate,C2,Communication_Media_Arts,Opinion_Discussion,0
2325,heated discussion,C2,Education,Classroom_Interaction,0
2326,ideas flow,B2,Daily_Life,General_Interactions,0
2327,mood lightens,C2,Health_Medicine,Mental_Health,0
2328,people pour,C1,Daily_Life,General_Interactions,0
2329,people stream,C2,Daily_Life,General_Interactions,0
2330,people trickle,C2,Daily_Life,General_Interactions,0
2331,stream of traffic,C2,Travel_Transportation,Road_Travel,0
2332,stream of visitors,C2,Daily_Life,General_Interactions,0
2333,sunny day,B2,Science_Nature,Natural_Phenomena,0
2334,sunny face,B2,Psychology_Emotions,Personality,0
2335,sunny smile,C1,Psychology_Emotions,Personality,0
2336,tears stream down someone's face,C2,Daily_Life,General_Interactions,0
2337,tears stream down someone’s face,C2,Daily_Life,General_Interactions,0
2338,tempers flare,C2,Daily_Life,General_Interactions,0
2339,troubles flare up,C2,Daily_Life,General_Interactions,0
2340,violence flares up,C2,Daily_Life,General_Interactions,0
2341,abandon,B2,Daily_Life,General_Interactions,0
2342,adversely,B2,Daily_Life,General_Interactions,0
2343,aggregate,B2,Daily_Life,General_Interactions,0
2344,cultivation,C1,Daily_Life,General_Interactions,0
2345,fertilize,B2,Daily_Life,General_Interactions,0
2346,intensify,B2,Daily_Life,General_Interactions,0
2347,irrigation,B2,Daily_Life,General_Interactions,0
2348,photosynthesis,C2,Education,Academic_Study,0
2349,precipitation,C2,Daily_Life,General_Interactions,0
2350,anticipate,B1,Daily_Life,General_Interactions,0
2351,catastrophic,C1,Daily_Life,General_Interactions,0
2352,collide,C1,Daily_Life,General_Interactions,0
2353,eruption,B1,Science_Nature,Natural_Phenomena,0
2354,persevere,B2,Daily_Life,General_Interactions,0
2355,plunge,A2,Daily_Life,General_Interactions,0
2356,unleash,B1,Daily_Life,General_Interactions,0
2357,adapt,B1,Daily_Life,General_Interactions,0
2358,diverse,B2,Daily_Life,General_Interactions,0
2359,evolve,A2,Daily_Life,General_Interactions,0
2360,feature,A2,Health_Medicine,Healthcare_Hospital,0
2361,generation,A2,Science_Nature,Biology_Life_Sciences,0
2362,inherent,C2,Daily_Life,Home_Housing,0
2363,migration,B2,Daily_Life,General_Interactions,0
2364,physical,B2,Daily_Life,General_Interactions,0
2365,process,A2,Daily_Life,General_Interactions,0
2366,survive,A2,Daily_Life,General_Interactions,0
2367,constraint,B2,Technology_Digital,Artificial_Intelligence,0
2368,contamination,C2,Daily_Life,General_Interactions,0
2369,dispose of,B2,Daily_Life,General_Interactions,0
2370,elementally,C1,Health_Medicine,Mental_Health,0
2371,emission,C1,Daily_Life,General_Interactions,0
2372,extinction,B2,Daily_Life,General_Interactions,0
2373,reservoir,B2,Daily_Life,General_Interactions,0
2374,shrink,A2,Daily_Life,General_Interactions,0
2375,adjust,B1,Daily_Life,General_Interactions,0
2376,arbitrary,B2,Daily_Life,General_Interactions,0
2377,denominator,C1,Daily_Life,General_Interactions,0
2378,exponentially,C2,Daily_Life,General_Interactions,0
2379,infinitesimal,C2,Daily_Life,General_Interactions,0
2380,maximize,B2,Daily_Life,General_Interactions,0
2381,parallel,B1,Daily_Life,General_Interactions,0
2382,proportion,B2,Daily_Life,General_Interactions,0
2383,sequence,B1,Daily_Life,General_Interactions,0
2384,accuracy,B1,Daily_Life,General_Interactions,0
2385,adjacent,B1,Daily_Life,General_Interactions,0
2386,compress,B1,Communication_Media_Arts,Media_Journalism,0
2387,feasibly,B1,Daily_Life,General_Interactions,0
2388,gut,A1,Daily_Life,General_Interactions,0
2389,integrally,B2,Daily_Life,General_Interactions,0
2390,overlap,B1,Daily_Life,General_Interactions,0
2391,retain,B1,Technology_Digital,Artificial_Intelligence,0
2392,seep,A1,Daily_Life,General_Interactions,0
2393,structure,A2,Daily_Life,General_Interactions,0
2394,circulate,B2,Daily_Life,General_Interactions,0
2395,corrode,B1,Daily_Life,General_Interactions,0
2396,derive,A2,Daily_Life,General_Interactions,0
2397,detection,B2,Daily_Life,General_Interactions,0
2398,expeditiously,C2,Daily_Life,General_Interactions,0
2399,implement,B1,Daily_Life,General_Interactions,0
2400,innovative,B2,Daily_Life,General_Interactions,0
2401,installation,C1,Daily_Life,General_Interactions,0
2402,maintenance,C1,Technology_Digital,Artificial_Intelligence,0
2403,simulation,B2,Daily_Life,General_Interactions,0
2404,combustion,B2,Science_Nature,Physics_Chemistry,0
2405,component,B2,Daily_Life,General_Interactions,0
2406,convey,A2,Daily_Life,General_Interactions,0
2407,discretely,B2,Daily_Life,General_Interactions,0
2408,nucleus,B1,Daily_Life,General_Interactions,0
2409,permeate,C2,Health_Medicine,Healthcare_Hospital,0
2410,rotate,A2,Daily_Life,General_Interactions,0
2411,solar,A2,Science_Nature,Natural_Phenomena,0
2412,source,A2,Daily_Life,General_Interactions,0
2413,trigger,B1,Daily_Life,General_Interactions,0
2414,acquisition,C1,Daily_Life,General_Interactions,0
2415,anomaly,B1,Daily_Life,General_Interactions,0
2416,consciously,C1,Daily_Life,General_Interactions,0
2417,degrade,B1,Education,Exams_Assessments,0
2418,gap,A1,Daily_Life,General_Interactions,0
2419,indisputable,C1,Daily_Life,General_Interactions,0
2420,intervene,B2,Daily_Life,General_Interactions,0
2421,intuitively,C1,Daily_Life,General_Interactions,0
2422,recede,A2,Daily_Life,General_Interactions,0
2423,retrieve,B1,Daily_Life,General_Interactions,0
2424,agnostic,B1,Daily_Life,General_Interactions,0
2425,animism,B1,Daily_Life,General_Interactions,0
2426,atheist,B1,Daily_Life,General_Interactions,0
2427,be inclined to,C2,Daily_Life,General_Interactions,0
2428,contemplate,C1,Daily_Life,General_Interactions,0
2429,deify,A2,Daily_Life,General_Interactions,0
2430,ecclesiastical,C2,Daily_Life,General_Interactions,0
2431,exalt,A2,Daily_Life,General_Interactions,0
2432,pious,A2,Daily_Life,General_Interactions,0
2433,sacrifice,B2,Daily_Life,General_Interactions,0
2434,aggravate,C1,Daily_Life,General_Interactions,0
2435,decrepit,C2,Daily_Life,General_Interactions,0
2436,fatally,B1,Daily_Life,General_Interactions,0
2437,forensics,B2,Daily_Life,General_Interactions,0
2438,persist,B1,Daily_Life,General_Interactions,0
2439,prognosis,C2,Daily_Life,General_Interactions,0
2440,terminal,B1,Daily_Life,General_Interactions,0
2441,vein,A1,Daily_Life,General_Interactions,0
2442,wound,A2,Daily_Life,General_Interactions,0
2443,anesthesia,B2,Daily_Life,General_Interactions,0
2444,augment,B2,Daily_Life,General_Interactions,0
2445,certifiably,C1,Daily_Life,General_Interactions,0
2446,complication,C1,Daily_Life,General_Interactions,0
2447,cure,A1,Health_Medicine,Illness_Diseases,0
2448,implant,B1,Science_Nature,Biology_Life_Sciences,0
2449,inject,A2,Daily_Life,General_Interactions,0
2450,obese,A2,Daily_Life,General_Interactions,0
2451,procedure,B2,Daily_Life,General_Interactions,0
2452,scar,A1,Travel_Transportation,Road_Travel,0
2453,astrological,C1,Daily_Life,General_Interactions,0
2454,divination,B2,Daily_Life,General_Interactions,0
2455,haunt,A2,Daily_Life,General_Interactions,0
2456,intermediary,C1,Communication_Media_Arts,Media_Journalism,0
2457,invoke,C2,Daily_Life,General_Interactions,0
2458,meditate,B1,Daily_Life,General_Interactions,0
2459,phantom,B1,Daily_Life,General_Interactions,0
2460,psychic,B1,Daily_Life,General_Interactions,0
2461,self-perpetuating,C2,Psychology_Emotions,Feelings_Emotions,0
2462,assimilate,B2,Daily_Life,General_Interactions,0
2463,cremation,B2,Daily_Life,General_Interactions,0
2464,domesticate,C1,Daily_Life,General_Interactions,0
2465,folklore,B1,Daily_Life,General_Interactions,0
2466,fossilize,B2,Daily_Life,General_Interactions,0
2467,relic,A2,Daily_Life,General_Interactions,0
2468,rite,A1,Daily_Life,General_Interactions,0
2469,ritually,B1,Daily_Life,General_Interactions,0
2470,saga,A1,Daily_Life,General_Interactions,0
2471,vestige,C2,Daily_Life,General_Interactions,0
2472,amend,A2,Daily_Life,General_Interactions,0
2473,biased,A2,Daily_Life,General_Interactions,0
2474,burden,A2,Daily_Life,General_Interactions,0
2475,de facto,B1,Psychology_Emotions,Behavior,0
2476,discriminate,C1,Daily_Life,General_Interactions,0
2477,notion,A2,Daily_Life,General_Interactions,0
2478,oppress,B1,Communication_Media_Arts,Media_Journalism,0
2479,paradigm,C2,Daily_Life,General_Interactions,0
2480,prejudiced,B2,Daily_Life,General_Interactions,0
2481,curriculum,B2,Education,Academic_Study,0
2482,erudite,C2,Daily_Life,General_Interactions,0
2483,fortify,B1,Daily_Life,General_Interactions,0
2484,implicitly,B2,Daily_Life,General_Interactions,0
2485,parochial,B2,Daily_Life,General_Interactions,0
2486,rigor,A2,Daily_Life,General_Interactions,0
2487,roster,A2,Daily_Life,General_Interactions,0
2488,secular,B1,Daily_Life,General_Interactions,0
2489,suspend,B1,Daily_Life,General_Interactions,0
2490,allegiance,B2,Daily_Life,General_Interactions,0
2491,artillery,B2,Communication_Media_Arts,Arts_Creativity,0
2492,hierarchy,B2,Daily_Life,General_Interactions,0
2493,in the trenches,C2,Daily_Life,General_Interactions,0
2494,mobilize,B1,Daily_Life,General_Interactions,0
2495,rank,A2,Daily_Life,General_Interactions,0
2496,ratio,B1,Daily_Life,General_Interactions,0
2497,strategic,B1,Business_Finance_Economy,Economy_Markets,0
2498,annex,A2,Daily_Life,General_Interactions,0
2499,apex,A1,Daily_Life,General_Interactions,0
2500,conquest,B1,Daily_Life,General_Interactions,0
2501,devise,C1,Daily_Life,General_Interactions,0
2502,invasive,C1,Daily_Life,General_Interactions,0
2503,prevailing,B2,Technology_Digital,Artificial_Intelligence,0
2504,resist,A2,Daily_Life,General_Interactions,0
2505,violation,B2,Daily_Life,General_Interactions,0
2506,chronologically,C2,Daily_Life,General_Interactions,0
2507,coincide,B2,Daily_Life,General_Interactions,0
2508,consequence,A2,Daily_Life,General_Interactions,0
2509,diminish,B2,Daily_Life,General_Interactions,0
2510,longitude,B2,Daily_Life,General_Interactions,0
2511,milieu,A2,Daily_Life,General_Interactions,0
2512,orwellian,B2,Daily_Life,General_Interactions,0
2513,reconciliation,C2,Daily_Life,General_Interactions,0
2514,allocate,B2,Daily_Life,General_Interactions,0
2515,commodity,B2,Daily_Life,General_Interactions,0
2516,equity,A2,Daily_Life,General_Interactions,0
2517,inflation,B2,Business_Finance_Economy,Economy_Markets,0
2518,net,A1,Daily_Life,General_Interactions,0
2519,per capita,B2,Daily_Life,General_Interactions,0
2520,regulate,A2,Daily_Life,General_Interactions,0
2521,subsidy,B1,Daily_Life,General_Interactions,0
2522,tangible,B1,Daily_Life,General_Interactions,0
2523,accumulate,B2,Daily_Life,General_Interactions,0
2524,affluence,B2,Daily_Life,General_Interactions,0
2525,elite,A2,Daily_Life,General_Interactions,0
2526,impoverish,B2,Daily_Life,General_Interactions,0
2527,nobility,B1,Daily_Life,General_Interactions,0
2528,prestige,B1,Daily_Life,General_Interactions,0
2529,privileged,B2,Daily_Life,General_Interactions,0
2530,prosper,B1,Daily_Life,General_Interactions,0
2531,working class,C2,Education,University_School,0
2532,asset,A2,Daily_Life,General_Interactions,0
2533,hazardous,B2,Daily_Life,General_Interactions,0
2534,jointly,B1,Daily_Life,General_Interactions,0
2535,lease,A2,Daily_Life,General_Interactions,0
2536,liability,B2,Education,Learning_Skills,0
2537,proprietor,B2,Daily_Life,General_Interactions,0
2538,safeguard,B2,Daily_Life,General_Interactions,0
2539,compensate,B1,Daily_Life,General_Interactions,0
2540,dynamic,B2,Daily_Life,General_Interactions,0
2541,enterprising,C1,Communication_Media_Arts,Speaking_Expressions,0
2542,exploit,B2,Daily_Life,General_Interactions,0
2543,incentive,B1,Daily_Life,General_Interactions,0
2544,industrious,C1,Daily_Life,General_Interactions,0
2545,marginal,B2,Daily_Life,General_Interactions,0
2546,merit,A2,Daily_Life,General_Interactions,0
2547,promote,A2,Daily_Life,General_Interactions,0
2548,resign,A2,Business_Finance_Economy,Jobs_Careers,0
2549,distill,B1,Health_Medicine,Healthcare_Hospital,0
2550,entrepreneurial,C2,Business_Finance_Economy,Business_Management,0
2551,extract,B2,Psychology_Emotions,Behavior,0
2552,haggle,A2,Daily_Life,General_Interactions,0
2553,intrepid,C2,Daily_Life,General_Interactions,0
2554,merchant,B1,Daily_Life,General_Interactions,0
2555,proportionately,C2,Daily_Life,General_Interactions,0
2556,prototype,B2,Daily_Life,General_Interactions,0
2557,reward,A2,Society_Law_Politics,Law_Crime,0
2558,shuttle,B1,Daily_Life,General_Interactions,0
2559,advocate,B2,Daily_Life,General_Interactions,0
2560,authority,B2,Daily_Life,General_Interactions,0
2561,candidate,B2,Daily_Life,General_Interactions,0
2562,coalition,B2,Daily_Life,General_Interactions,0
2563,contest,B1,Education,Exams_Assessments,0
2564,inaugurate,B2,Business_Finance_Economy,Economy_Markets,0
2565,policy,A2,Society_Law_Politics,Government_Politics,0
2566,poll,A1,Daily_Life,General_Interactions,0
2567,allegedly,B2,Daily_Life,General_Interactions,0
2568,civil,B1,Daily_Life,General_Interactions,0
2569,convict,B1,Daily_Life,General_Interactions,0
2570,guilty,A2,Daily_Life,General_Interactions,0
2571,offense,B1,Daily_Life,General_Interactions,0
2572,peer,A1,Daily_Life,General_Interactions,0
2573,witness,B1,Daily_Life,General_Interactions,0
2574,apprehend,C1,Technology_Digital,Software_Internet,0
2575,ascertain,C1,Technology_Digital,Artificial_Intelligence,0
2576,bureaucratic,C1,Daily_Life,General_Interactions,0
2577,implicate,B1,Daily_Life,General_Interactions,0
2578,inquiry,B1,Daily_Life,General_Interactions,0
2579,intrusively,C1,Daily_Life,General_Interactions,0
2580,surveillance,C2,Health_Medicine,Healthcare_Hospital,0
2581,analyze,B1,Daily_Life,General_Interactions,0
2582,assail,C1,Technology_Digital,Artificial_Intelligence,0
2583,hypothesize,C1,Daily_Life,General_Interactions,0
2584,impair,C2,Technology_Digital,Artificial_Intelligence,0
2585,inference,B2,Daily_Life,General_Interactions,0
2586,objectively,C1,Daily_Life,General_Interactions,0
2587,suspicious,B2,Daily_Life,General_Interactions,0
2588,tolerate,B1,Business_Finance_Economy,Economy_Markets,0
2589,versus,A2,Daily_Life,General_Interactions,0
2590,bribery,B1,Daily_Life,General_Interactions,0
2591,cynically,B2,Daily_Life,General_Interactions,0
2592,erode,B2,Daily_Life,General_Interactions,0
2593,evade,A2,Daily_Life,General_Interactions,0
2594,grotesque,B2,Daily_Life,General_Interactions,0
2595,integrity,C1,Daily_Life,General_Interactions,0
2596,prevalent,C2,Daily_Life,General_Interactions,0
2597,reform,A2,Society_Law_Politics,Public_Policies,0
2598,scandal,B1,Daily_Life,General_Interactions,0
2599,unmask,A2,Daily_Life,General_Interactions,0
2600,abduction,B2,Daily_Life,General_Interactions,0
2601,coerce,C1,Daily_Life,General_Interactions,0
2602,detain,A2,Technology_Digital,Artificial_Intelligence,0
2603,deviant,B1,Daily_Life,General_Interactions,0
2604,distort,B2,Daily_Life,General_Interactions,0
2605,intentionally,C2,Daily_Life,General_Interactions,0
2606,piracy,A2,Daily_Life,General_Interactions,0
2607,predicament,C1,Daily_Life,General_Interactions,0
2608,smuggle,B1,Daily_Life,General_Interactions,0
2609,villainy,B1,Technology_Digital,Artificial_Intelligence,0
2610,addictive,B2,Daily_Life,General_Interactions,0
2611,cartel,A2,Travel_Transportation,Road_Travel,0
2612,concentrated,C1,Business_Finance_Economy,Economy_Markets,0
2613,interdict,B2,Daily_Life,General_Interactions,0
2614,juxtapose,C2,Daily_Life,General_Interactions,0
2615,misconception,C2,Daily_Life,General_Interactions,0
2616,modify,A2,Daily_Life,General_Interactions,0
2617,potent,A2,Daily_Life,General_Interactions,0
2618,residual,B1,Daily_Life,General_Interactions,0
2619,subtly,A2,Daily_Life,General_Interactions,0
2620,affection,B2,Daily_Life,General_Interactions,0
2621,associate,B2,Daily_Life,General_Interactions,0
2622,bond,B2,Daily_Life,General_Interactions,0
2623,clique,A2,Daily_Life,General_Interactions,0
2624,confide,C1,Daily_Life,General_Interactions,0
2625,exclusive,C1,Daily_Life,General_Interactions,0
2626,fluctuate,B2,Daily_Life,General_Interactions,0
2627,in common,B2,Daily_Life,General_Interactions,0
2628,solidarity,B2,Daily_Life,General_Interactions,0
2629,willing,B1,Health_Medicine,Healthcare_Hospital,0
2630,complex,B1,Daily_Life,General_Interactions,0
2631,despondent,C1,Daily_Life,General_Interactions,0
2632,devotion,B1,Daily_Life,General_Interactions,0
2633,dilemma,C1,Daily_Life,General_Interactions,0
2634,engender,C2,Society_Law_Politics,Social_Issues,0
2635,passion,B1,Education,Exams_Assessments,0
2636,proliferation,C2,Science_Nature,Biology_Life_Sciences,0
2637,reciprocity,C1,Daily_Life,General_Interactions,0
2638,vanish,A2,Daily_Life,General_Interactions,0
2639,antipathy,C1,Daily_Life,General_Interactions,0
2640,arrogantly,B2,Daily_Life,General_Interactions,0
2641,berate,A2,Business_Finance_Economy,Economy_Markets,0
2642,contemptuous,C2,Daily_Life,General_Interactions,0
2643,despise,B1,Daily_Life,General_Interactions,0
2644,humiliation,C1,Daily_Life,General_Interactions,0
2645,obnoxious,B2,Daily_Life,General_Interactions,0
2646,shame,A2,Daily_Life,General_Interactions,0
2647,stigmatize,B2,Daily_Life,General_Interactions,0
2648,vitriolic,C2,Daily_Life,General_Interactions,0
2649,adolescent,B2,Daily_Life,General_Interactions,0
2650,delinquency,C1,Daily_Life,General_Interactions,0
2651,fringe,A2,Daily_Life,General_Interactions,0
2652,hedonistic,C1,Daily_Life,General_Interactions,0
2653,hypocritically,C2,Daily_Life,General_Interactions,0
2654,manipulation,C1,Daily_Life,General_Interactions,0
2655,rebel,A2,Daily_Life,General_Interactions,0
2656,status quo,B2,Daily_Life,General_Interactions,0
2657,abstract,B2,Psychology_Emotions,Behavior,0
2658,context,B1,Daily_Life,General_Interactions,0
2659,depict,A2,Daily_Life,General_Interactions,0
2660,dimension,B2,Daily_Life,General_Interactions,0
2661,esthetically,C1,Daily_Life,General_Interactions,0
2662,intrinsic,C1,Daily_Life,General_Interactions,0
2663,perspective,B1,Communication_Media_Arts,Opinion_Discussion,0
2664,portrayal,B2,Daily_Life,General_Interactions,0
2665,realism,B1,Daily_Life,General_Interactions,0
2666,spectrum,C2,Daily_Life,General_Interactions,0
2667,advent,A2,Daily_Life,General_Interactions,0
2668,ambiguous,B2,Daily_Life,General_Interactions,0
2669,connotation,C1,Daily_Life,General_Interactions,0
2670,decipher,B1,Daily_Life,General_Interactions,0
2671,denote,C1,Daily_Life,General_Interactions,0
2672,illiterate,B2,Business_Finance_Economy,Economy_Markets,0
2673,ingenious,B2,Daily_Life,General_Interactions,0
2674,inscription,C1,Daily_Life,General_Interactions,0
2675,phonetic,B1,Technology_Digital,Devices_Hardware,0
2676,symbolic,B1,Daily_Life,General_Interactions,0
2677,amateurish,B2,Daily_Life,General_Interactions,0
2678,charismatic,C1,Daily_Life,General_Interactions,0
2679,gala,A1,Daily_Life,General_Interactions,0
2680,hilarious,B2,Daily_Life,General_Interactions,0
2681,improvisation,C2,Travel_Transportation,Road_Travel,0
2682,incompetent,C1,Daily_Life,General_Interactions,0
2683,medium,B2,Daily_Life,General_Interactions,0
2684,skit,A1,Daily_Life,General_Interactions,0
2685,zeal,A1,Daily_Life,General_Interactions,0
2686,bulk,A1,Daily_Life,General_Interactions,0
2687,capricious,C1,Daily_Life,General_Interactions,0
2688,cumbersome,B2,Daily_Life,General_Interactions,0
2689,exotic,A2,Daily_Life,General_Interactions,0
2690,inhibit,B1,Daily_Life,General_Interactions,0
2691,minimum,B2,Daily_Life,General_Interactions,0
2692,vanity,A2,Daily_Life,General_Interactions,0
2693,vulnerable,B2,Daily_Life,General_Interactions,0
2694,abroad,A2,Travel_Transportation,Road_Travel,0
2695,abrupt,C1,Daily_Life,General_Interactions,0
2696,acceptable,B2,Daily_Life,General_Interactions,0
2697,acclaim,C1,Technology_Digital,Artificial_Intelligence,0
2698,actually,B1,Psychology_Emotions,Behavior,0
2699,adverse,B2,Daily_Life,General_Interactions,0
2700,advice,A2,Daily_Life,General_Interactions,0
2701,aspect,A2,Daily_Life,General_Interactions,0
2702,attractive,B2,Psychology_Emotions,Behavior,0
2703,autonomous,C2,Daily_Life,General_Interactions,0
2704,chronic,B1,Daily_Life,General_Interactions,0
2705,disapproval,C1,Technology_Digital,Software_Internet,0
2706,disruptive,B2,Daily_Life,General_Interactions,0
2707,haphazardly,C1,Daily_Life,General_Interactions,0
2708,intervention,C1,Daily_Life,General_Interactions,0
2709,persistent,B2,Daily_Life,General_Interactions,0
2710,postpone,B1,Technology_Digital,Social_Media,0
2711,valid,A2,Daily_Life,General_Interactions,0
2712,withdraw,C2,Business_Finance_Economy,Finance_Banking,0
2713,advantage,B1,Daily_Life,General_Interactions,0
2714,agile,A2,Daily_Life,General_Interactions,0
2715,albeit,A2,Daily_Life,General_Interactions,0
2716,appealing,B2,Technology_Digital,Software_Internet,0
2717,celebrated,B2,Business_Finance_Economy,Economy_Markets,0
2718,circumvent,C1,Daily_Life,General_Interactions,0
2719,contemporary,B1,Daily_Life,General_Interactions,0
2720,distribute,A2,Daily_Life,General_Interactions,0
2721,encourage,A2,Daily_Life,General_Interactions,0
2722,energetic,B2,Daily_Life,General_Interactions,0
2723,frail,A2,Technology_Digital,Artificial_Intelligence,0
2724,heyday,A2,Daily_Life,General_Interactions,0
2725,myth,A1,Daily_Life,General_Interactions,0
2726,refine,A2,Daily_Life,General_Interactions,0
2727,worthwhile,B2,Daily_Life,General_Interactions,0
2728,alter,B2,Daily_Life,General_Interactions,0
2729,ancient,A2,Daily_Life,General_Interactions,0
2730,annoying,B1,Daily_Life,General_Interactions,0
2731,benign,C2,Daily_Life,General_Interactions,0
2732,conform,B2,Daily_Life,General_Interactions,0
2733,enrich,A2,Daily_Life,General_Interactions,0
2734,intolerable,C1,Daily_Life,General_Interactions,0
2735,ongoing,B1,Daily_Life,General_Interactions,0
2736,potential,B1,Daily_Life,General_Interactions,0
2737,propose,A2,Daily_Life,General_Interactions,0
2738,restore,A2,Daily_Life,Shopping_Everyday,0
2739,staple,A2,Daily_Life,General_Interactions,0
2740,turbulent,B2,Daily_Life,General_Interactions,0
2741,vital,A2,Daily_Life,General_Interactions,0
2742,assert,B2,Daily_Life,General_Interactions,0
2743,astounding,B2,Daily_Life,General_Interactions,0
2744,astute,A2,Daily_Life,General_Interactions,0
2745,concur,C1,Daily_Life,General_Interactions,0
2746,deceptively,C1,Daily_Life,General_Interactions,0
2747,designate,B2,Communication_Media_Arts,Arts_Creativity,0
2748,determined,B2,Daily_Life,General_Interactions,0
2749,elicit,C1,Daily_Life,General_Interactions,0
2750,embody,A2,Daily_Life,General_Interactions,0
2751,instigate,C2,Daily_Life,General_Interactions,0
2752,mundane,C2,Daily_Life,General_Interactions,0
2753,petition,B1,Daily_Life,General_Interactions,0
2754,relinquish,C2,Daily_Life,General_Interactions,0
2755,resilient,C2,Daily_Life,General_Interactions,0
2756,stagnant,C2,Daily_Life,General_Interactions,0
2757,tempt,A2,Daily_Life,General_Interactions,0
2758,baffle,A2,Daily_Life,General_Interactions,0
2759,bear,A2,Daily_Life,General_Interactions,0
2760,blur,A1,Daily_Life,General_Interactions,0
2761,brilliant,B2,Health_Medicine,Healthcare_Hospital,0
2762,caution,B1,Daily_Life,General_Interactions,0
2763,delicate,B1,Daily_Life,General_Interactions,0
2764,enhance,A2,Daily_Life,General_Interactions,0
2765,facilitate,B1,Daily_Life,General_Interactions,0
2766,incessant,B2,Daily_Life,General_Interactions,0
2767,in conjunction with,C2,Daily_Life,General_Interactions,0
2768,intrigue,C2,Daily_Life,General_Interactions,0
2769,obstruct,B1,Daily_Life,General_Interactions,0
2770,persuade,B1,Daily_Life,General_Interactions,0
2771,recompense,B2,Daily_Life,General_Interactions,0
2772,shed,A1,Daily_Life,General_Interactions,0
2773,unique,A2,Daily_Life,General_Interactions,0
2774,well-suited,C1,Daily_Life,General_Interactions,0
2775,work out,B1,Business_Finance_Economy,Jobs_Careers,0
2776,chiefly,B1,Daily_Life,General_Interactions,0
2777,coarse,A2,Daily_Life,General_Interactions,0
2778,commonplace,C1,Daily_Life,General_Interactions,0
2779,comparatively,C2,Daily_Life,General_Interactions,0
2780,conventional,C1,Daily_Life,General_Interactions,0
2781,curious,B1,Daily_Life,General_Interactions,0
2782,emit,A1,Daily_Life,General_Interactions,0
2783,exceedingly,C1,Daily_Life,General_Interactions,0
2784,exclusively,C1,Daily_Life,General_Interactions,0
2785,extinguish,B2,Daily_Life,General_Interactions,0
2786,immense,B1,Daily_Life,General_Interactions,0
2787,instantaneous,C2,Daily_Life,General_Interactions,0
2788,rigid,B1,Daily_Life,General_Interactions,0
2789,routinely,B2,Daily_Life,Routine_Activities,0
2790,stamina,B1,Daily_Life,General_Interactions,0
2791,sufficiently,C1,Daily_Life,General_Interactions,0
2792,visibly,B1,Daily_Life,General_Interactions,0
2793,attribute,B1,Daily_Life,General_Interactions,0
2794,brash,C1,Daily_Life,General_Interactions,0
2795,clarify,B1,Daily_Life,General_Interactions,0
2796,conceal,B1,Daily_Life,General_Interactions,0
2797,confirm,A2,Daily_Life,General_Interactions,0
2798,convenient,B2,Daily_Life,General_Interactions,0
2799,core,B1,Daily_Life,General_Interactions,0
2800,critical,B1,Daily_Life,General_Interactions,0
2801,discrepancy,C1,Daily_Life,General_Interactions,0
2802,eventually,A2,Daily_Life,General_Interactions,0
2803,prosperous,B2,Daily_Life,General_Interactions,0
2804,purposefully,C1,Psychology_Emotions,Motivation,0
2805,reveal,A2,Daily_Life,General_Interactions,0
2806,scarcely,B1,Travel_Transportation,Road_Travel,0
2807,simultaneous,C1,Daily_Life,General_Interactions,0
2808,theoretically,C2,Daily_Life,General_Interactions,0
2809,accelerate,B2,Business_Finance_Economy,Economy_Markets,0
2810,creep,A2,Daily_Life,General_Interactions,0
2811,crush,A2,Daily_Life,General_Interactions,0
2812,cultivate,C2,Daily_Life,General_Interactions,0
2813,dictate,B1,Daily_Life,General_Interactions,0
2814,distinguish,A2,Daily_Life,General_Interactions,0
2815,docile,C2,Daily_Life,General_Interactions,0
2816,engross,B1,Daily_Life,General_Interactions,0
2817,flaw,A1,Society_Law_Politics,Law_Crime,0
2818,harvest,B1,Daily_Life,General_Interactions,0
2819,mammoth,B1,Daily_Life,General_Interactions,0
2820,mirror,A2,Daily_Life,General_Interactions,0
2821,negotiate,B1,Daily_Life,General_Interactions,0
2822,obtain,A2,Technology_Digital,Artificial_Intelligence,0
2823,particle,B1,Science_Nature,Physics_Chemistry,0
2824,settle,A2,Daily_Life,General_Interactions,0
2825,transport,A2,Health_Medicine,Fitness_Exercise,0
2826,account for,C1,Business_Finance_Economy,Business_Management,0
2827,accurate,B1,Business_Finance_Economy,Economy_Markets,0
2828,acute,C1,Daily_Life,General_Interactions,0
2829,classify,B1,Education,University_School,0
2830,currency,B1,Daily_Life,General_Interactions,0
2831,deep,A1,Daily_Life,General_Interactions,0
2832,dense,A2,Daily_Life,General_Interactions,0
2833,dim,A1,Daily_Life,General_Interactions,0
2834,display,A2,Communication_Media_Arts,Speaking_Expressions,0
2835,exports,B1,Daily_Life,General_Interactions,0
2836,gigantic,B1,Daily_Life,General_Interactions,0
2837,impressive,B2,Communication_Media_Arts,Media_Journalism,0
2838,install,B1,Daily_Life,General_Interactions,0
2839,jargon,C2,Daily_Life,General_Interactions,0
2840,lasting,B1,Daily_Life,General_Interactions,0
2841,saturate,B1,Business_Finance_Economy,Economy_Markets,0
2842,straightforward,C2,Technology_Digital,Artificial_Intelligence,0
2843,uniform,B1,Daily_Life,General_Interactions,0
2844,vibrant,B1,Daily_Life,General_Interactions,0
2845,distinct,B2,Daily_Life,General_Interactions,0
2846,dominant,C1,Daily_Life,General_Interactions,0
2847,dormant,C2,Daily_Life,General_Interactions,0
2848,drab,A1,Daily_Life,General_Interactions,0
2849,dramatic,A2,Daily_Life,General_Interactions,0
2850,eclectic,C1,Daily_Life,General_Interactions,0
2851,elaborate,B2,Business_Finance_Economy,Economy_Markets,0
2852,exceptional,C1,Daily_Life,General_Interactions,0
2853,genuine,C1,Daily_Life,General_Interactions,0
2854,minuscule,B2,Daily_Life,General_Interactions,0
2855,prime,B1,Daily_Life,General_Interactions,0
2856,rudimentary,C1,Daily_Life,General_Interactions,0
2857,skeptical,B2,Daily_Life,General_Interactions,0
2858,stoic,C2,Daily_Life,General_Interactions,0
2859,superficial,C2,Daily_Life,General_Interactions,0
2860,vigorous,B1,Daily_Life,General_Interactions,0
2861,amenity,B1,Daily_Life,General_Interactions,0
2862,disperse,C1,Daily_Life,General_Interactions,0
2863,dwelling,B1,Daily_Life,General_Interactions,0
2864,element,A2,Daily_Life,General_Interactions,0
2865,elementary,B2,Daily_Life,General_Interactions,0
2866,eliminate,B1,Daily_Life,General_Interactions,0
2867,emerge,A2,Daily_Life,General_Interactions,0
2868,emphasize,C1,Daily_Life,General_Interactions,0
2869,encircle,B1,Daily_Life,General_Interactions,0
2870,erratic,C1,Daily_Life,General_Interactions,0
2871,exaggerate,B2,Business_Finance_Economy,Economy_Markets,0
2872,integral,C2,Daily_Life,General_Interactions,0
2873,justify,B1,Daily_Life,General_Interactions,0
2874,mention,B1,Daily_Life,General_Interactions,0
2875,mortify,B1,Daily_Life,General_Interactions,0
2876,overbearing,C2,Daily_Life,General_Interactions,0
2877,precipitate,C2,Daily_Life,General_Interactions,0
2878,release,A2,Daily_Life,General_Interactions,0
2879,benefit,A2,Health_Medicine,Healthcare_Hospital,0
2880,blind,A2,Daily_Life,General_Interactions,0
2881,broaden,B2,Travel_Transportation,Road_Travel,0
2882,burgeon,C1,Daily_Life,General_Interactions,0
2883,carry out,B2,Travel_Transportation,Road_Travel,0
2884,conspicuously,C2,Daily_Life,General_Interactions,0
2885,deficient,C1,Daily_Life,General_Interactions,0
2886,eloquent,C1,Daily_Life,General_Interactions,0
2887,endorse,B1,Daily_Life,General_Interactions,0
2888,enormous,B2,Daily_Life,General_Interactions,0
2889,entirely,B1,Daily_Life,General_Interactions,0
2890,evaporate,B2,Business_Finance_Economy,Economy_Markets,0
2891,noteworthy,B2,Daily_Life,General_Interactions,0
2892,recover,B1,Health_Medicine,Healthcare_Hospital,0
2893,reportedly,B2,Communication_Media_Arts,Media_Journalism,0
2894,shift,A2,Daily_Life,General_Interactions,0
2895,susceptible,C2,Daily_Life,General_Interactions,0
2896,accolade,C1,Daily_Life,General_Interactions,0
2897,crucial,B2,Daily_Life,General_Interactions,0
2898,dignitary,C1,Daily_Life,General_Interactions,0
2899,elude,A2,Daily_Life,General_Interactions,0
2900,evident,B2,Daily_Life,General_Interactions,0
2901,exhaust,C1,Daily_Life,General_Interactions,0
2902,extensive,B1,Daily_Life,General_Interactions,0
2903,face,A1,Daily_Life,General_Interactions,0
2904,facet,A2,Daily_Life,General_Interactions,0
2905,idol,A1,Daily_Life,General_Interactions,0
2906,inaccessible,C1,Daily_Life,General_Interactions,0
2907,oblivious,C2,Daily_Life,General_Interactions,0
2908,obviously,B2,Daily_Life,General_Interactions,0
2909,offensive,B2,Daily_Life,General_Interactions,0
2910,predictably,C1,Daily_Life,General_Interactions,0
2911,suitable,B1,Daily_Life,General_Interactions,0
2912,surpass,B1,Education,Exams_Assessments,0
2913,uphold,A2,Daily_Life,General_Interactions,0
2914,ample,A2,Daily_Life,General_Interactions,0
2915,arduous,C1,Daily_Life,General_Interactions,0
2916,arid,A1,Daily_Life,General_Interactions,0
2917,avert,A2,Daily_Life,General_Interactions,0
2918,defy,A1,Daily_Life,General_Interactions,0
2919,diligent,C2,Daily_Life,General_Interactions,0
2920,enact,A2,Psychology_Emotions,Behavior,0
2921,feign,A2,Daily_Life,General_Interactions,0
2922,fertile,B1,Daily_Life,General_Interactions,0
2923,freshly,B1,Daily_Life,General_Interactions,0
2924,function,A2,Daily_Life,General_Interactions,0
2925,fundamental,C1,Health_Medicine,Mental_Health,0
2926,indiscriminate,C2,Daily_Life,General_Interactions,0
2927,pinpoint,B1,Daily_Life,General_Interactions,0
2928,selective,B2,Daily_Life,General_Interactions,0
2929,spacious,B1,Daily_Life,General_Interactions,0
2930,withstand,B2,Daily_Life,General_Interactions,0
2931,adept,B2,Daily_Life,General_Interactions,0
2932,adhere,C1,Daily_Life,General_Interactions,0
2933,durable,B1,Daily_Life,General_Interactions,0
2934,foster,C1,Daily_Life,General_Interactions,0
2935,gain,A2,Technology_Digital,Artificial_Intelligence,0
2936,halt,A1,Daily_Life,General_Interactions,0
2937,handle,A2,Daily_Life,General_Interactions,0
2938,harbor,C1,Daily_Life,General_Interactions,0
2939,harmful,B1,Daily_Life,General_Interactions,0
2940,insignificant,C2,Daily_Life,General_Interactions,0
2941,mysterious,B2,Daily_Life,General_Interactions,0
2942,perilous,B1,Daily_Life,General_Interactions,0
2943,redundant,C2,Daily_Life,General_Interactions,0
2944,reject,A2,Daily_Life,General_Interactions,0
2945,substantial,C1,Daily_Life,General_Interactions,0
2946,trait,A2,Technology_Digital,Artificial_Intelligence,0
2947,underscore,B2,Education,Exams_Assessments,0
2948,conscientious,C1,Daily_Life,General_Interactions,0
2949,encompass,B2,Education,Exams_Assessments,0
2950,expansion,B2,Daily_Life,General_Interactions,0
2951,heighten,C1,Daily_Life,General_Interactions,0
2952,highlight,B2,Daily_Life,General_Interactions,0
2953,inadvertently,C2,Daily_Life,General_Interactions,0
2954,inevitable,B1,Daily_Life,General_Interactions,0
2955,infancy,B1,Daily_Life,General_Interactions,0
2956,mimic,A2,Daily_Life,General_Interactions,0
2957,paramount,C2,Daily_Life,General_Interactions,0
2958,proficient,C2,Daily_Life,General_Interactions,0
2959,systematically,C2,Technology_Digital,Software_Internet,0
2960,unlikely,A2,Technology_Digital,Social_Media,0
2961,unwarranted,C1,Society_Law_Politics,Law_Crime,0
2962,zenith,C2,Daily_Life,General_Interactions,0
2963,abysmal,B1,Daily_Life,General_Interactions,0
2964,agitate,B1,Daily_Life,General_Interactions,0
2965,comply,B1,Daily_Life,General_Interactions,0
2966,confidential,C1,Psychology_Emotions,Feelings_Emotions,0
2967,delighted,B2,Daily_Life,General_Interactions,0
2968,discreetly,B2,Daily_Life,General_Interactions,0
2969,documented,B2,Daily_Life,General_Interactions,0
2970,evoke,A2,Daily_Life,General_Interactions,0
2971,gradually,B2,Daily_Life,General_Interactions,0
2972,impartial,C1,Communication_Media_Arts,Arts_Creativity,0
2973,inordinate,B2,Daily_Life,General_Interactions,0
2974,instantly,B2,Daily_Life,General_Interactions,0
2975,inundate,C2,Daily_Life,General_Interactions,0
2976,mind-set,B1,Health_Medicine,Mental_Health,0
2977,nominal,C2,Daily_Life,General_Interactions,0
2978,presumably,B2,Daily_Life,General_Interactions,0
2979,absurd,C1,Daily_Life,General_Interactions,0
2980,allocation,B2,Travel_Transportation,Navigation_Directions,0
2981,balanced,B1,Psychology_Emotions,Stress_Mental_State,0
2982,brazen,A2,Daily_Life,General_Interactions,0
2983,come across,C1,Daily_Life,General_Interactions,0
2984,culminate,C1,Daily_Life,General_Interactions,0
2985,demeanor,C1,Daily_Life,General_Interactions,0
2986,exert,A2,Daily_Life,General_Interactions,0
2987,fallacious,C2,Daily_Life,General_Interactions,0
2988,feasible,C1,Daily_Life,General_Interactions,0
2989,intuition,B2,Daily_Life,General_Interactions,0
2990,lack,A1,Daily_Life,General_Interactions,0
2991,limber,A2,Daily_Life,General_Interactions,0
2992,means,A2,Daily_Life,General_Interactions,0
2993,narrow,A2,Daily_Life,General_Interactions,0
2994,preconception,C2,Daily_Life,General_Interactions,0
2995,robust,A2,Travel_Transportation,Public_Transport,0
2996,steady,A2,Daily_Life,General_Interactions,0
2997,swift,A2,Daily_Life,General_Interactions,0
2998,antiquated,B2,Daily_Life,General_Interactions,0
2999,coherent,C1,Daily_Life,Home_Housing,0
3000,emulate,C2,Daily_Life,General_Interactions,0
3001,fabricate,B2,Daily_Life,General_Interactions,0
3002,generic,B2,Science_Nature,Biology_Life_Sciences,0
3003,investigation,C2,Education,Academic_Study,0
3004,look over,B2,Daily_Life,General_Interactions,0
3005,normally,B1,Daily_Life,General_Interactions,0
3006,novel,A2,Daily_Life,General_Interactions,0
3007,nurture,B1,Daily_Life,General_Interactions,0
3008,opposition,B2,Daily_Life,General_Interactions,0
3009,relate,A2,Daily_Life,General_Interactions,0
3010,suspect,B1,Daily_Life,General_Interactions,0
3011,transform,B1,Daily_Life,General_Interactions,0
3012,unbiased,B1,Daily_Life,General_Interactions,0
3013,varied,A2,Daily_Life,General_Interactions,0
3014,accentuate,C1,Daily_Life,General_Interactions,0
3015,disguise,B1,Daily_Life,General_Interactions,0
3016,embedded,B1,Daily_Life,General_Interactions,0
3017,ignite,A2,Daily_Life,General_Interactions,0
3018,indifferent,C1,Daily_Life,Home_Housing,0
3019,initiate,B1,Daily_Life,General_Interactions,0
3020,narrate,B1,Business_Finance_Economy,Economy_Markets,0
3021,nevertheless,B2,Daily_Life,General_Interactions,0
3022,obsolete,B1,Daily_Life,General_Interactions,0
3023,omit,A1,Daily_Life,General_Interactions,0
3024,outlandish,C2,Daily_Life,General_Interactions,0
3025,overcome,B1,Daily_Life,General_Interactions,0
3026,partially,B2,Communication_Media_Arts,Arts_Creativity,0
3027,pass,A2,Education,Exams_Assessments,0
3028,portray,B1,Daily_Life,General_Interactions,0
3029,streamline,B2,Daily_Life,General_Interactions,0
3030,affluent,C1,Daily_Life,General_Interactions,0
3031,decline,B1,Daily_Life,General_Interactions,0
3032,gather,A2,Daily_Life,General_Interactions,0
3033,motion,A2,Daily_Life,General_Interactions,0
3034,outburst,B1,Daily_Life,General_Interactions,0
3035,partisan,C2,Communication_Media_Arts,Arts_Creativity,0
3036,pattern,A2,Daily_Life,General_Interactions,0
3037,phenomena,B2,Daily_Life,General_Interactions,0
3038,philanthropic,C2,Daily_Life,General_Interactions,0
3039,placid,A2,Daily_Life,General_Interactions,0
3040,plentiful,B2,Daily_Life,General_Interactions,0
3041,propensity,C2,Daily_Life,General_Interactions,0
3042,reaction,A2,Science_Nature,Physics_Chemistry,0
3043,rhythm,A2,Daily_Life,General_Interactions,0
3044,run into,B1,Daily_Life,General_Interactions,0
3045,scenic,A2,Daily_Life,General_Interactions,0
3046,shallow,B1,Daily_Life,General_Interactions,0
3047,sheltered,B2,Daily_Life,General_Interactions,0
3048,vanishing,B2,Daily_Life,General_Interactions,0
3049,account,B1,Business_Finance_Economy,Business_Management,0
3050,alleviate,C1,Daily_Life,General_Interactions,0
3051,archaic,C1,Technology_Digital,Artificial_Intelligence,0
3052,bring about,C1,Daily_Life,General_Interactions,0
3053,enlighten,B2,Daily_Life,General_Interactions,0
3054,hasten,C1,Daily_Life,General_Interactions,0
3055,hue,A1,Daily_Life,General_Interactions,0
3056,inactive,B1,Psychology_Emotions,Behavior,0
3057,influx,A2,Daily_Life,General_Interactions,0
3058,intricate,C1,Daily_Life,General_Interactions,0
3059,magnitude,B2,Daily_Life,General_Interactions,0
3060,oblige,A2,Daily_Life,General_Interactions,0
3061,overlook,B1,Daily_Life,General_Interactions,0
3062,practical,B2,Psychology_Emotions,Behavior,0
3063,predominant,C1,Daily_Life,General_Interactions,0
3064,prompt,A2,Daily_Life,General_Interactions,0
3065,provoke,B1,Daily_Life,General_Interactions,0
3066,allusion,B1,Daily_Life,General_Interactions,0
3067,analogous,C1,Daily_Life,General_Interactions,0
3068,approximately,C2,Technology_Digital,Software_Internet,0
3069,compel,B1,Daily_Life,General_Interactions,0
3070,compile,B1,Daily_Life,General_Interactions,0
3071,formidable,C1,Daily_Life,General_Interactions,0
3072,intrusive,B2,Daily_Life,General_Interactions,0
3073,periodic,B1,Daily_Life,General_Interactions,0
3074,prone,A2,Daily_Life,General_Interactions,0
3075,prophetic,C2,Daily_Life,General_Interactions,0
3076,proportions,C1,Daily_Life,General_Interactions,0
3077,readily,B1,Communication_Media_Arts,Speaking_Expressions,0
3078,reliably,B1,Daily_Life,General_Interactions,0
3079,reluctantly,C1,Daily_Life,General_Interactions,0
3080,renown,A2,Daily_Life,General_Interactions,0
3081,revive,C2,Daily_Life,General_Interactions,0
3082,teeming,B1,Daily_Life,General_Interactions,0
3083,triumph,B1,Daily_Life,General_Interactions,0
3084,affordable,B2,Daily_Life,General_Interactions,0
3085,contaminated,C1,Daily_Life,General_Interactions,0
3086,discernible,C1,Daily_Life,General_Interactions,0
3087,flourishing,C1,Daily_Life,General_Interactions,0
3088,insufficient,C1,Daily_Life,General_Interactions,0
3089,maintain,B2,Technology_Digital,Artificial_Intelligence,0
3090,mediocre,C2,Daily_Life,General_Interactions,0
3091,negligible,B2,Daily_Life,General_Interactions,0
3092,peculiar,B1,Daily_Life,General_Interactions,0
3093,reciprocate,C2,Daily_Life,General_Interactions,0
3094,remarkable,B2,Daily_Life,General_Interactions,0
3095,scattered,B2,Daily_Life,General_Interactions,0
3096,solid,A2,Daily_Life,General_Interactions,0
3097,somewhat,B1,Daily_Life,General_Interactions,0
3098,stem from,B2,Daily_Life,General_Interactions,0
3099,tedious,C2,Daily_Life,General_Interactions,0
3100,briefly,B1,Daily_Life,General_Interactions,0
3101,consistently,C1,Daily_Life,General_Interactions,0
3102,exhibit,B2,Daily_Life,General_Interactions,0
3103,found,A2,Daily_Life,General_Interactions,0
3104,improperly,B2,Daily_Life,General_Interactions,0
3105,impulsively,C1,Daily_Life,General_Interactions,0
3106,infrequently,C1,Daily_Life,General_Interactions,0
3107,isolated,B1,Daily_Life,General_Interactions,0
3108,overtly,B1,Daily_Life,General_Interactions,0
3109,profoundly,B2,Daily_Life,General_Interactions,0
3110,sharply,B1,Daily_Life,General_Interactions,0
3111,situated,B1,Daily_Life,General_Interactions,0
3112,subsequently,C1,Daily_Life,General_Interactions,0
3113,unmistakable,C1,Daily_Life,General_Interactions,0
3114,upstanding,B2,Daily_Life,General_Interactions,0
3115,abolish,C1,Daily_Life,General_Interactions,0
3116,chaotic,B1,Daily_Life,General_Interactions,0
3117,controversial,B2,Daily_Life,General_Interactions,0
3118,exemplify,C1,Daily_Life,General_Interactions,0
3119,factor in,B2,Psychology_Emotions,Behavior,0
3120,falter,A2,Daily_Life,General_Interactions,0
3121,gratifying,B2,Daily_Life,General_Interactions,0
3122,interpret,B2,Daily_Life,General_Interactions,0
3123,launch,A2,Daily_Life,General_Interactions,0
3124,legitimate,C1,Daily_Life,General_Interactions,0
3125,lethargy,C2,Daily_Life,General_Interactions,0
3126,particular,A2,Communication_Media_Arts,Arts_Creativity,0
3127,radiant,B1,Daily_Life,General_Interactions,0
3128,ridge,A2,Daily_Life,General_Interactions,0
3129,span,A1,Daily_Life,General_Interactions,0
3130,spontaneous,C1,Daily_Life,General_Interactions,0
3131,stream,A2,Daily_Life,General_Interactions,0
3132,striking,B1,Daily_Life,General_Interactions,0
3133,aptly,A2,Daily_Life,General_Interactions,0
3134,demonstration,C2,Daily_Life,General_Interactions,0
3135,ingredients,C1,Daily_Life,General_Interactions,0
3136,involuntarily,C2,Daily_Life,General_Interactions,0
3137,marvel,A2,Daily_Life,General_Interactions,0
3138,moderate,B1,Business_Finance_Economy,Economy_Markets,0
3139,motivate,B1,Psychology_Emotions,Feelings_Emotions,0
3140,odd,A1,Daily_Life,General_Interactions,0
3141,profuse,C2,Daily_Life,General_Interactions,0
3142,reflection,B2,Daily_Life,General_Interactions,0
3143,succinct,C2,Daily_Life,General_Interactions,0
3144,supposedly,B2,Daily_Life,General_Interactions,0
3145,sustained,B2,Technology_Digital,Artificial_Intelligence,0
3146,symbol,B1,Daily_Life,General_Interactions,0
3147,synthesis,B2,Education,Academic_Study,0
3148,aggravating,C1,Daily_Life,General_Interactions,0
3149,amusement,B2,Daily_Life,General_Interactions,0
3150,conceivably,C1,Daily_Life,General_Interactions,0
3151,convert,A2,Daily_Life,General_Interactions,0
3152,curative,B1,Daily_Life,General_Interactions,0
3153,debilitating,C1,Daily_Life,General_Interactions,0
3154,deplete,C1,Daily_Life,General_Interactions,0
3155,finite,B2,Daily_Life,General_Interactions,0
3156,perceive,B1,Daily_Life,General_Interactions,0
3157,security,B1,Technology_Digital,Cybersecurity,0
3158,singular,B1,Communication_Media_Arts,Speaking_Expressions,0
3159,take on,B1,Daily_Life,General_Interactions,0
3160,toxic,A2,Daily_Life,General_Interactions,0
3161,tranquility,C1,Daily_Life,General_Interactions,0
3162,trap,A1,Daily_Life,General_Interactions,0
3163,trite,C2,Daily_Life,General_Interactions,0
3164,undeniably,B2,Daily_Life,General_Interactions,0
3165,underestimated,C2,Daily_Life,General_Interactions,0
3166,acknowledge,B1,Education,Learning_Skills,0
3167,acquire,B2,Daily_Life,General_Interactions,0
3168,adage,A2,Daily_Life,General_Interactions,0
3169,assortment,B2,Daily_Life,General_Interactions,0
3170,caliber,B1,Daily_Life,General_Interactions,0
3171,condensed,B2,Daily_Life,General_Interactions,0
3172,contradictory,C2,Daily_Life,General_Interactions,0
3173,disregard,B2,Daily_Life,General_Interactions,0
3174,precious,B1,Daily_Life,General_Interactions,0
3175,prominent,B2,Daily_Life,General_Interactions,0
3176,requisite,C2,Daily_Life,General_Interactions,0
3177,stable,A2,Daily_Life,General_Interactions,0
3178,unravel,B1,Daily_Life,General_Interactions,0
3179,vague,A2,Daily_Life,General_Interactions,0
3180,vast,A1,Daily_Life,General_Interactions,0
3181,volume,A2,Daily_Life,General_Interactions,0
3182,charisma,B2,Daily_Life,General_Interactions,0
3183,clever,A2,Daily_Life,General_Interactions,0
3184,convince,A2,Daily_Life,General_Interactions,0
3185,endure,A2,Daily_Life,General_Interactions,0
3186,forfeit,B1,Daily_Life,General_Interactions,0
3187,precarious,B2,Travel_Transportation,Road_Travel,0
3188,severe,A2,Daily_Life,General_Interactions,0
3189,sporadic,C2,Daily_Life,General_Interactions,0
3190,superior,B1,Daily_Life,General_Interactions,0
3191,truncate,B1,Daily_Life,General_Interactions,0
3192,wanton,A2,Daily_Life,General_Interactions,0
3193,weak,A2,Daily_Life,General_Interactions,0
3194,widespread,B2,Communication_Media_Arts,Speaking_Expressions,0
3195,wisdom,A2,Daily_Life,General_Interactions,0
3196,witticism,B2,Daily_Life,General_Interactions,0
3197,woo,A1,Daily_Life,General_Interactions,0
3198,comfortable,C1,Daily_Life,General_Interactions,0
3199,compulsory,B2,Daily_Life,General_Interactions,0
3200,confident,A2,Psychology_Emotions,Feelings_Emotions,0
3201,dull,A1,Daily_Life,General_Interactions,0
3202,exciting,B1,Daily_Life,General_Interactions,0
3203,extinct,B1,Daily_Life,General_Interactions,0
3204,fabulous,B1,Daily_Life,General_Interactions,0
3205,fantastic,B2,Daily_Life,General_Interactions,0
3206,flexible,B1,Daily_Life,General_Interactions,0
3207,intact,A2,Psychology_Emotions,Behavior,0
3208,intensive,B2,Daily_Life,General_Interactions,0
3209,knowledgeable,C2,Education,Learning_Skills,0
3210,mandatory,B2,Daily_Life,General_Interactions,0
3211,necessary,B2,Daily_Life,General_Interactions,0
3212,optimistic,B2,Psychology_Emotions,Personality,0
3213,permanent,B2,Daily_Life,General_Interactions,0
3214,pessimistic,C1,Psychology_Emotions,Personality,0
3215,realistic,B2,Daily_Life,General_Interactions,0
3216,salty,A2,Daily_Life,General_Interactions,0
3217,social,A2,Society_Law_Politics,Social_Issues,0
3218,spectacular,C1,Daily_Life,General_Interactions,0
3219,temporary,B1,Daily_Life,General_Interactions,0
3220,tranquil,B1,Daily_Life,General_Interactions,0
3221,various,A2,Daily_Life,General_Interactions,0
3222,voluntary,B2,Daily_Life,General_Interactions,0
3223,western,B1,Daily_Life,General_Interactions,0
3224,castle,A2,Daily_Life,General_Interactions,0
3225,dome,A1,Daily_Life,General_Interactions,0
3226,fort,A1,Daily_Life,General_Interactions,0
3227,glasshouse,B2,Daily_Life,Home_Housing,0
3228,hut,A1,Daily_Life,General_Interactions,0
3229,lighthouse,B2,Daily_Life,Home_Housing,0
3230,log cabin,B2,Daily_Life,General_Interactions,0
3231,palace,A2,Daily_Life,General_Interactions,0
3232,pyramid,B1,Daily_Life,General_Interactions,0
3233,sculpture,B2,Communication_Media_Arts,Arts_Creativity,0
3234,skyscraper,B2,Daily_Life,General_Interactions,0
3235,black,A2,Daily_Life,General_Interactions,0
3236,blue,A2,Daily_Life,General_Interactions,0
3237,brown,A2,Daily_Life,General_Interactions,0
3238,green,A2,Science_Nature,Environment_Ecology,0
3239,grey,A1,Daily_Life,General_Interactions,0
3240,orange,A2,Daily_Life,General_Interactions,0
3241,pink,A1,Daily_Life,General_Interactions,0
3242,purple,A2,Daily_Life,General_Interactions,0
3243,red,A1,Daily_Life,General_Interactions,0
3244,white,A2,Daily_Life,General_Interactions,0
3245,yellow,A2,Daily_Life,General_Interactions,0
3246,africa,A2,Daily_Life,General_Interactions,0
3247,antarctica,B2,Daily_Life,General_Interactions,0
3248,asia,A1,Daily_Life,General_Interactions,0
3249,australia,B2,Daily_Life,General_Interactions,0
3250,europe,A2,Daily_Life,General_Interactions,0
3251,north america,C2,Daily_Life,General_Interactions,0
3252,south america,C2,Daily_Life,General_Interactions,0
3253,brazil,A2,Daily_Life,General_Interactions,0
3254,china,A2,Daily_Life,General_Interactions,0
3255,denmark,B1,Daily_Life,General_Interactions,0
3256,egypt,A2,Daily_Life,General_Interactions,0
3257,england,B1,Daily_Life,General_Interactions,0
3258,france,A2,Daily_Life,General_Interactions,0
3259,germany,B1,Daily_Life,General_Interactions,0
3260,greece,A2,Daily_Life,General_Interactions,0
3261,india,A2,Daily_Life,General_Interactions,0
3262,indonesia,B2,Daily_Life,General_Interactions,0
3263,italy,A2,Daily_Life,General_Interactions,0
3264,malaysia,B1,Daily_Life,General_Interactions,0
3265,mexico,A2,Daily_Life,General_Interactions,0
3266,new zealand,C1,Daily_Life,General_Interactions,0
3267,nigeria,B1,Daily_Life,General_Interactions,0
3268,north korea,C1,Daily_Life,General_Interactions,0
3269,pakistan,B1,Daily_Life,General_Interactions,0
3270,singapore,B2,Communication_Media_Arts,Speaking_Expressions,0
3271,switzerland,C1,Daily_Life,General_Interactions,0
3272,turkey,A2,Daily_Life,General_Interactions,0
3273,united kingdom,C2,Daily_Life,General_Interactions,0
3274,friday,A2,Daily_Life,General_Interactions,0
3275,monday,A2,Daily_Life,General_Interactions,0
3276,saturday,B1,Daily_Life,General_Interactions,0
3277,sunday,A2,Daily_Life,General_Interactions,0
3278,thursday,B1,Daily_Life,General_Interactions,0
3279,tuesday,B1,Daily_Life,General_Interactions,0
3280,wednesday,B2,Daily_Life,General_Interactions,0
3281,weekdays,B1,Daily_Life,General_Interactions,0
3282,weekend,B1,Daily_Life,General_Interactions,0
3283,backpack,B1,Daily_Life,General_Interactions,0
3284,breaks,A2,Daily_Life,General_Interactions,0
3285,cassette,B1,Daily_Life,General_Interactions,0
3286,device,A2,Technology_Digital,Devices_Hardware,0
3287,disk,A1,Daily_Life,General_Interactions,0
3288,gadget,A2,Technology_Digital,Devices_Hardware,0
3289,helmet,A2,Daily_Life,General_Interactions,0
3290,light,A2,Daily_Life,General_Interactions,0
3291,mechanical pencil,C2,Daily_Life,General_Interactions,0
3292,musical instrument,C2,Communication_Media_Arts,Arts_Creativity,0
3293,screen,A2,Technology_Digital,Devices_Hardware,0
3294,wheels,A2,Daily_Life,General_Interactions,0
3295,century,B1,Daily_Life,General_Interactions,0
3296,decade,A2,Daily_Life,General_Interactions,0
3297,fortnight,B2,Daily_Life,General_Interactions,0
3298,midday,A2,Daily_Life,General_Interactions,0
3299,midnight,B1,Daily_Life,General_Interactions,0
3300,millennium,B2,Health_Medicine,Healthcare_Hospital,0
3301,part-time,B2,Communication_Media_Arts,Arts_Creativity,0
3302,beans,A2,Daily_Life,General_Interactions,0
3303,blackcurrant,C1,Daily_Life,General_Interactions,0
3304,bread,A2,Communication_Media_Arts,Speaking_Expressions,0
3305,carbohydrates,C2,Business_Finance_Economy,Economy_Markets,0
3306,cereals,B1,Daily_Life,General_Interactions,0
3307,cheese,A2,Daily_Life,General_Interactions,0
3308,disease,A2,Health_Medicine,Illness_Diseases,0
3309,eggs,A1,Daily_Life,General_Interactions,0
3310,fruit,A2,Daily_Life,General_Interactions,0
3311,green pepper,C1,Science_Nature,Environment_Ecology,0
3312,keep-fit,B1,Health_Medicine,Healthcare_Hospital,0
3313,liver,A2,Daily_Life,General_Interactions,0
3314,meal,A1,Health_Medicine,Nutrition_Diet,0
3315,meat,A1,Health_Medicine,Healthcare_Hospital,0
3316,medicine,B1,Health_Medicine,Healthcare_Hospital,0
3317,milk,A1,Daily_Life,General_Interactions,0
3318,minerals,B1,Daily_Life,General_Interactions,0
3319,nursery,B1,Health_Medicine,Healthcare_Hospital,0
3320,nuts,A1,Daily_Life,General_Interactions,0
3321,pasta,A2,Daily_Life,General_Interactions,0
3322,pizza,A2,Daily_Life,General_Interactions,0
3323,potatoes,B1,Daily_Life,General_Interactions,0
3324,protein,B1,Health_Medicine,Nutrition_Diet,0
3325,remedy,C2,Daily_Life,General_Interactions,0
3326,rice,A1,Daily_Life,General_Interactions,0
3327,salad bar,B2,Daily_Life,General_Interactions,0
3328,seafood,B1,Health_Medicine,Nutrition_Diet,0
3329,tomatoes,B1,Daily_Life,General_Interactions,0
3330,treatment,B2,Health_Medicine,Healthcare_Hospital,0
3331,vegetables,B2,Daily_Life,General_Interactions,0
3332,vegetarian,B2,Daily_Life,General_Interactions,0
3333,vitamin,B1,Health_Medicine,Nutrition_Diet,0
3334,yoga,A1,Daily_Life,General_Interactions,0
3335,yoghurt,B1,Daily_Life,General_Interactions,0
3336,zinc,A1,Daily_Life,General_Interactions,0
3337,archery,B1,Daily_Life,General_Interactions,0
3338,billiards,B2,Health_Medicine,Healthcare_Hospital,0
3339,bowls,A2,Daily_Life,General_Interactions,0
3340,caving,A2,Daily_Life,General_Interactions,0
3341,chess,A2,Daily_Life,General_Interactions,0
3342,climbing,B1,Daily_Life,General_Interactions,0
3343,darts,A2,Communication_Media_Arts,Arts_Creativity,0
3344,embroidery,B2,Daily_Life,General_Interactions,0
3345,gardening,B2,Daily_Life,Home_Housing,0
3346,golf,A1,Daily_Life,General_Interactions,0
3347,orienteering,C1,Daily_Life,General_Interactions,0
3348,painting,A2,Health_Medicine,Illness_Diseases,0
3349,parachute,B2,Daily_Life,General_Interactions,0
3350,photography,C1,Communication_Media_Arts,Arts_Creativity,0
3351,scuba-diving,C1,Daily_Life,General_Interactions,0
3352,skateboarding,C2,Travel_Transportation,Air_Travel,0
3353,spelunking,B2,Daily_Life,General_Interactions,0
3354,apartment building,C2,Communication_Media_Arts,Arts_Creativity,0
3355,basement,B1,Daily_Life,General_Interactions,0
3356,bedroom,B1,Daily_Life,Home_Housing,0
3357,bungalow,B1,Daily_Life,General_Interactions,0
3358,chimney,B1,Daily_Life,General_Interactions,0
3359,coffee table,C1,Daily_Life,General_Interactions,0
3360,condominium,C1,Daily_Life,General_Interactions,0
3361,dormitory,B2,Daily_Life,General_Interactions,0
3362,duplex,A2,Daily_Life,General_Interactions,0
3363,ground floor,C1,Daily_Life,General_Interactions,0
3364,hallway,B1,Daily_Life,General_Interactions,0
3365,houseboat,B2,Daily_Life,Home_Housing,0
3366,insurance,B2,Daily_Life,General_Interactions,0
3367,kitchen,B1,Daily_Life,Home_Housing,0
3368,landlord,B1,Daily_Life,General_Interactions,0
3369,microwave,B2,Daily_Life,General_Interactions,0
3370,mobile home,C1,Daily_Life,Home_Housing,0
3371,neighborhood,C1,Daily_Life,Home_Housing,0
3372,oven,A1,Daily_Life,General_Interactions,0
3373,refrigerator,C1,Daily_Life,General_Interactions,0
3374,rent,A2,Daily_Life,Home_Housing,0
3375,row house,B2,Daily_Life,Home_Housing,0
3376,sofa,A1,Daily_Life,General_Interactions,0
3377,storey,A2,Daily_Life,Shopping_Everyday,0
3378,suburb,A2,Daily_Life,General_Interactions,0
3379,tenant,A2,Daily_Life,General_Interactions,0
3380,town house,B2,Daily_Life,Home_Housing,0
3381,avenue,A2,Daily_Life,General_Interactions,0
3382,bridge,A2,Daily_Life,General_Interactions,0
3383,car park,B1,Travel_Transportation,Road_Travel,0
3384,cities,A2,Daily_Life,General_Interactions,0
3385,department store,C2,Communication_Media_Arts,Arts_Creativity,0
3386,embassy,B1,Daily_Life,General_Interactions,0
3387,garden,A2,Daily_Life,Home_Housing,0
3388,hospital,B1,Health_Medicine,Healthcare_Hospital,0
3389,lane,A1,Daily_Life,General_Interactions,0
3390,street,A2,Daily_Life,General_Interactions,0
3391,temple,A2,Daily_Life,General_Interactions,0
3392,bengali,B1,Daily_Life,General_Interactions,0
3393,bilingual,B2,Daily_Life,General_Interactions,0
3394,chinese,B1,Daily_Life,General_Interactions,0
3395,filipino,B1,Daily_Life,General_Interactions,0
3396,french,A2,Daily_Life,General_Interactions,0
3397,german,A2,Daily_Life,General_Interactions,0
3398,greek,A2,Daily_Life,General_Interactions,0
3399,hindi,A2,Daily_Life,General_Interactions,0
3400,italian,B1,Daily_Life,General_Interactions,0
3401,japanese,B1,Daily_Life,General_Interactions,0
3402,linguistics,C1,Daily_Life,General_Interactions,0
3403,mandarin,B1,Daily_Life,General_Interactions,0
3404,persian,B1,Daily_Life,General_Interactions,0
3405,polyglot,B1,Daily_Life,General_Interactions,0
3406,portuguese,B2,Daily_Life,General_Interactions,0
3407,punjabi,B1,Daily_Life,General_Interactions,0
3408,russian,B1,Daily_Life,General_Interactions,0
3409,thai,A1,Technology_Digital,Artificial_Intelligence,0
3410,trilingual,B2,Daily_Life,General_Interactions,0
3411,catalogue,B2,Daily_Life,General_Interactions,0
3412,competition,C1,Daily_Life,General_Interactions,0
3413,customer,B1,Daily_Life,Shopping_Everyday,0
3414,interview,B2,Communication_Media_Arts,Media_Journalism,0
3415,leadership,B2,Business_Finance_Economy,Business_Management,0
3416,management,B2,Business_Finance_Economy,Business_Management,0
3417,manufacture,A2,Psychology_Emotions,Behavior,0
3418,mass media,B2,Communication_Media_Arts,Media_Journalism,0
3419,merchandise,C1,Daily_Life,General_Interactions,0
3420,newsletter,B2,Communication_Media_Arts,Writing_Language,0
3421,products,B1,Daily_Life,Shopping_Everyday,0
3422,questionnaire,C2,Education,Classroom_Interaction,0
3423,recruitment,C1,Daily_Life,General_Interactions,0
3424,special offer,C2,Daily_Life,General_Interactions,0
3425,statistic,B2,Daily_Life,General_Interactions,0
3426,strategies,B2,Business_Finance_Economy,Economy_Markets,0
3427,survey,A2,Daily_Life,General_Interactions,0
3428,trainee,B1,Technology_Digital,Artificial_Intelligence,0
3429,training,B1,Education,Learning_Skills,0
3430,aluminum,B1,Daily_Life,General_Interactions,0
3431,bone,A1,Daily_Life,General_Interactions,0
3432,cement,A2,Daily_Life,General_Interactions,0
3433,ceramics,B1,Daily_Life,General_Interactions,0
3434,composite,B2,Daily_Life,General_Interactions,0
3435,concrete,B1,Daily_Life,General_Interactions,0
3436,copper,A2,Daily_Life,General_Interactions,0
3437,cotton,A2,Daily_Life,General_Interactions,0
3438,fabric,A2,Daily_Life,General_Interactions,0
3439,feather,B1,Health_Medicine,Healthcare_Hospital,0
3440,fiberglass,B2,Daily_Life,General_Interactions,0
3441,fur,A1,Daily_Life,General_Interactions,0
3442,glass,A2,Daily_Life,General_Interactions,0
3443,glue,A1,Daily_Life,General_Interactions,0
3444,gold,A1,Daily_Life,General_Interactions,0
3445,leather,B1,Health_Medicine,Healthcare_Hospital,0
3446,lumber,A2,Daily_Life,General_Interactions,0
3447,metal,A2,Daily_Life,General_Interactions,0
3448,paper,A2,Daily_Life,General_Interactions,0
3449,plastic,B1,Daily_Life,General_Interactions,0
3450,rubber,A2,Daily_Life,General_Interactions,0
3451,silver,A2,Daily_Life,General_Interactions,0
3452,steel,A2,Daily_Life,General_Interactions,0
3453,stone,A2,Daily_Life,General_Interactions,0
3454,textile,B1,Daily_Life,General_Interactions,0
3455,wax,A1,Daily_Life,General_Interactions,0
3456,wood,A2,Daily_Life,General_Interactions,0
3457,wool,A1,Daily_Life,General_Interactions,0
3458,annuity,B1,Daily_Life,General_Interactions,0
3459,cash,A1,Daily_Life,General_Interactions,0
3460,cheque,A2,Daily_Life,General_Interactions,0
3461,coupon,A2,Daily_Life,General_Interactions,0
3462,credit card,C1,Travel_Transportation,Road_Travel,0
3463,current account,C2,Daily_Life,Home_Housing,0
3464,debit,A2,Daily_Life,General_Interactions,0
3465,debt,A1,Business_Finance_Economy,Finance_Banking,0
3466,deposit,C1,Daily_Life,General_Interactions,0
3467,grace period,C1,Daily_Life,General_Interactions,0
3468,in advance,B2,Daily_Life,General_Interactions,0
3469,income,A2,Business_Finance_Economy,Business_Management,0
3470,interest rate,C2,Business_Finance_Economy,Economy_Markets,0
3471,mortgage,B1,Daily_Life,General_Interactions,0
3472,poverty,B1,Society_Law_Politics,Social_Issues,0
3473,purchase,B1,Daily_Life,Shopping_Everyday,0
3474,visa,A1,Travel_Transportation,Road_Travel,0
3475,april,A2,Daily_Life,General_Interactions,0
3476,august,A2,Daily_Life,General_Interactions,0
3477,december,B1,Daily_Life,General_Interactions,0
3478,february,B1,Daily_Life,General_Interactions,0
3479,january,B1,Daily_Life,General_Interactions,0
3480,july,A1,Daily_Life,General_Interactions,0
3481,june,A1,Daily_Life,General_Interactions,0
3482,march,A2,Daily_Life,General_Interactions,0
3483,may,A1,Daily_Life,General_Interactions,0
3484,november,B1,Daily_Life,General_Interactions,0
3485,october,B1,Daily_Life,General_Interactions,0
3486,september,B2,Daily_Life,General_Interactions,0
3487,avalanche,B2,Daily_Life,General_Interactions,0
3488,canyon,A2,Daily_Life,General_Interactions,0
3489,catastrophe,C1,Daily_Life,General_Interactions,0
3490,cliff,A2,Daily_Life,General_Interactions,0
3491,coast,A2,Daily_Life,General_Interactions,0
3492,dam,A1,Daily_Life,General_Interactions,0
3493,desertification,C2,Daily_Life,General_Interactions,0
3494,disaster,B1,Daily_Life,General_Interactions,0
3495,earthquake,B2,Science_Nature,Natural_Phenomena,0
3496,environment,C1,Science_Nature,Environment_Ecology,0
3497,erosion,B1,Daily_Life,General_Interactions,0
3498,field,A2,Daily_Life,General_Interactions,0
3499,flood,A2,Science_Nature,Natural_Phenomena,0
3500,footbridge,B2,Daily_Life,General_Interactions,0
3501,forest,A2,Science_Nature,Natural_Phenomena,0
3502,hill,A1,Health_Medicine,Healthcare_Hospital,0
3503,hurricane,B2,Daily_Life,General_Interactions,0
3504,island,A2,Daily_Life,General_Interactions,0
3505,jungle,A2,Daily_Life,General_Interactions,0
3506,lake,A1,Daily_Life,General_Interactions,0
3507,mountain,B1,Technology_Digital,Artificial_Intelligence,0
3508,oasis,A2,Daily_Life,General_Interactions,0
3509,peninsula,B2,Daily_Life,General_Interactions,0
3510,pond,A1,Daily_Life,General_Interactions,0
3511,reef,A1,Daily_Life,General_Interactions,0
3512,river,A2,Science_Nature,Natural_Phenomena,0
3513,storm,A2,Science_Nature,Natural_Phenomena,0
3514,tornado,B1,Science_Nature,Natural_Phenomena,0
3515,typhoon,B1,Daily_Life,General_Interactions,0
3516,valley,A2,Daily_Life,General_Interactions,0
3517,village,B1,Health_Medicine,Healthcare_Hospital,0
3518,volcano,B1,Science_Nature,Natural_Phenomena,0
3519,waterfall,B2,Daily_Life,General_Interactions,0
3520,activity,A2,Psychology_Emotions,Behavior,0
3521,attitude,B1,Psychology_Emotions,Behavior,0
3522,burger,A2,Daily_Life,General_Interactions,0
3523,carriage,B1,Travel_Transportation,Road_Travel,0
3524,chocolate,B2,Daily_Life,General_Interactions,0
3525,circuit,B1,Daily_Life,General_Interactions,0
3526,commerce,B1,Daily_Life,General_Interactions,0
3527,creation,B1,Health_Medicine,Healthcare_Hospital,0
3528,creativity,B2,Health_Medicine,Healthcare_Hospital,0
3529,decision,B1,Daily_Life,General_Interactions,0
3530,democrats,B2,Daily_Life,General_Interactions,0
3531,dialect,B1,Daily_Life,General_Interactions,0
3532,dialogue,B1,Daily_Life,General_Interactions,0
3533,encyclopedia,C1,Daily_Life,General_Interactions,0
3534,entrance,B1,Daily_Life,General_Interactions,0
3535,evolution,B1,Science_Nature,Biology_Life_Sciences,0
3536,farewell,B1,Daily_Life,General_Interactions,0
3537,gender,A2,Society_Law_Politics,Social_Issues,0
3538,government,A2,Society_Law_Politics,Government_Politics,0
3539,guarantee,A2,Daily_Life,General_Interactions,0
3540,illiteracy,B2,Health_Medicine,Healthcare_Hospital,0
3541,indigenous,B1,Daily_Life,General_Interactions,0
3542,individual,A2,Daily_Life,General_Interactions,0
3543,junior,A2,Daily_Life,General_Interactions,0
3544,libertarian,C2,Daily_Life,General_Interactions,0
3545,life expectancy,C2,Science_Nature,Biology_Life_Sciences,0
3546,literary,B1,Daily_Life,General_Interactions,0
3547,lunar calendar,C2,Daily_Life,Time_Management,0
3548,magnet,A2,Daily_Life,General_Interactions,0
3549,man-made,B1,Daily_Life,General_Interactions,0
3550,narrative,B2,Daily_Life,General_Interactions,0
3551,opportunity,C1,Business_Finance_Economy,Entrepreneurship,0
3552,practice,A2,Education,Learning_Skills,0
3553,private sector,C2,Daily_Life,General_Interactions,0
3554,prize,A2,Daily_Life,General_Interactions,0
3555,procedures,B2,Daily_Life,General_Interactions,0
3556,proficiency,C1,Daily_Life,General_Interactions,0
3557,ramification,C2,Daily_Life,General_Interactions,0
3558,recipient,B2,Daily_Life,General_Interactions,0
3559,republicans,C1,Daily_Life,General_Interactions,0
3560,revolution,A2,Science_Nature,Biology_Life_Sciences,0
3561,robot,A2,Technology_Digital,Software_Internet,0
3562,satellite,B2,Communication_Media_Arts,Speaking_Expressions,0
3563,senior,A2,Daily_Life,General_Interactions,0
3564,state,A2,Daily_Life,General_Interactions,0
3565,straight,A2,Technology_Digital,Artificial_Intelligence,0
3566,strike,A2,Daily_Life,General_Interactions,0
3567,traffic jams,C1,Travel_Transportation,Road_Travel,0
3568,ultrasound,B2,Daily_Life,General_Interactions,0
3569,umbrella,B1,Daily_Life,General_Interactions,0
3570,variety,A2,Daily_Life,General_Interactions,0
3571,videos,A2,Daily_Life,General_Interactions,0
3572,waiting list,C1,Technology_Digital,Artificial_Intelligence,0
3573,welfare,A2,Society_Law_Politics,Public_Policies,0
3574,bookshop,B1,Daily_Life,Shopping_Everyday,0
3575,cafe,A1,Daily_Life,General_Interactions,0
3576,cafeteria,B2,Daily_Life,General_Interactions,0
3577,canteen,B1,Daily_Life,General_Interactions,0
3578,city council,C1,Daily_Life,General_Interactions,0
3579,cottage,B1,Daily_Life,General_Interactions,0
3580,kindergarten,C1,Communication_Media_Arts,Arts_Creativity,0
3581,park,A2,Daily_Life,General_Interactions,0
3582,parliament,B2,Society_Law_Politics,Government_Politics,0
3583,restaurant,B2,Daily_Life,General_Interactions,0
3584,sports centre,C2,Health_Medicine,Fitness_Exercise,0
3585,swimming pool,C2,Daily_Life,General_Interactions,0
3586,bark,A1,Daily_Life,General_Interactions,0
3587,branch,A2,Daily_Life,General_Interactions,0
3588,cluster,B1,Daily_Life,General_Interactions,0
3589,fertilizer,B2,Daily_Life,General_Interactions,0
3590,flower,A2,Daily_Life,General_Interactions,0
3591,fungus,A2,Daily_Life,General_Interactions,0
3592,leaves,A2,Daily_Life,General_Interactions,0
3593,mushroom,B1,Daily_Life,Home_Housing,0
3594,roots,A2,Daily_Life,General_Interactions,0
3595,seed,A1,Daily_Life,General_Interactions,0
3596,stem,A1,Daily_Life,General_Interactions,0
3597,trunk,A2,Daily_Life,General_Interactions,0
3598,twig,A1,Daily_Life,General_Interactions,0
3599,cheap,A2,Daily_Life,General_Interactions,0
3600,colored,B1,Daily_Life,General_Interactions,0
3601,dangerous,B2,Daily_Life,General_Interactions,0
3602,disappointed,C1,Psychology_Emotions,Feelings_Emotions,0
3603,efficient,B2,Daily_Life,Time_Management,0
3604,expensive,B2,Daily_Life,General_Interactions,0
3605,luxurious,B2,Daily_Life,General_Interactions,0
3606,poor quality,C1,Daily_Life,General_Interactions,0
3607,reasonable,B2,Daily_Life,General_Interactions,0
3608,safe,A2,Daily_Life,General_Interactions,0
3609,satisfactory,C1,Psychology_Emotions,Behavior,0
3610,satisfied,B2,Daily_Life,General_Interactions,0
3611,spotted,B1,Daily_Life,General_Interactions,0
3612,striped,B1,Travel_Transportation,Hotels_Tourism,0
3613,altitude,B1,Daily_Life,General_Interactions,0
3614,breadth,B1,Communication_Media_Arts,Speaking_Expressions,0
3615,circular,B1,Daily_Life,General_Interactions,0
3616,curved,A2,Daily_Life,General_Interactions,0
3617,cylindrical,C1,Daily_Life,General_Interactions,0
3618,depth,A2,Daily_Life,General_Interactions,0
3619,frequency,B2,Daily_Life,General_Interactions,0
3620,height,A2,Daily_Life,General_Interactions,0
3621,length,A2,Daily_Life,General_Interactions,0
3622,mass,A1,Daily_Life,General_Interactions,0
3623,metric system,C2,Technology_Digital,Software_Internet,0
3624,oval,A1,Daily_Life,General_Interactions,0
3625,polygon,B1,Daily_Life,General_Interactions,0
3626,rectangular,C1,Daily_Life,General_Interactions,0
3627,spherical,B2,Daily_Life,General_Interactions,0
3628,spiral,A2,Daily_Life,General_Interactions,0
3629,square,A2,Daily_Life,General_Interactions,0
3630,triangular,B2,Daily_Life,General_Interactions,0
3631,abseiling,B2,Daily_Life,General_Interactions,0
3632,american football,C2,Daily_Life,General_Interactions,0
3633,athlete,B1,Daily_Life,General_Interactions,0
3634,badminton,B2,Daily_Life,General_Interactions,0
3635,barbell,B1,Daily_Life,General_Interactions,0
3636,baseball,B1,Daily_Life,General_Interactions,0
3637,basketball,B2,Daily_Life,General_Interactions,0
3638,canoeing,B1,Daily_Life,General_Interactions,0
3639,championship,C1,Daily_Life,General_Interactions,0
3640,court,A2,Society_Law_Politics,Law_Crime,0
3641,cricket,B1,Daily_Life,General_Interactions,0
3642,cycling,B1,Daily_Life,General_Interactions,0
3643,gym,A1,Health_Medicine,Fitness_Exercise,0
3644,gymnasium,B2,Health_Medicine,Fitness_Exercise,0
3645,hockey,A2,Daily_Life,General_Interactions,0
3646,horse racing,C1,Daily_Life,General_Interactions,0
3647,jogging,B1,Daily_Life,General_Interactions,0
3648,judo,A1,Daily_Life,General_Interactions,0
3649,ping-pong,B2,Daily_Life,General_Interactions,0
3650,pitch,A2,Daily_Life,General_Interactions,0
3651,polo,A1,Daily_Life,General_Interactions,0
3652,press-up,B1,Communication_Media_Arts,Media_Journalism,0
3653,push-up,B1,Daily_Life,General_Interactions,0
3654,recreation,B2,Health_Medicine,Healthcare_Hospital,0
3655,refreshment,C1,Daily_Life,General_Interactions,0
3656,rugby,A2,Daily_Life,General_Interactions,0
3657,skydiving,B2,Daily_Life,General_Interactions,0
3658,snooker,B1,Daily_Life,General_Interactions,0
3659,snowboarding,C1,Travel_Transportation,Air_Travel,0
3660,soccer,A2,Daily_Life,General_Interactions,0
3661,squash,A2,Daily_Life,General_Interactions,0
3662,stadium,B1,Daily_Life,General_Interactions,0
3663,surfing,B1,Daily_Life,General_Interactions,0
3664,swimming,B1,Daily_Life,General_Interactions,0
3665,team,B1,Daily_Life,General_Interactions,0
3666,tennis,A2,Daily_Life,General_Interactions,0
3667,treadmill,B2,Health_Medicine,Healthcare_Hospital,0
3668,walking,B1,Health_Medicine,Fitness_Exercise,0
3669,windsurfing,C1,Daily_Life,General_Interactions,0
3670,accommodation,C2,Travel_Transportation,Hotels_Tourism,0
3671,advanced,B1,Daily_Life,General_Interactions,0
3672,assessment,B2,Education,Exams_Assessments,0
3673,attendance,B2,Communication_Media_Arts,Arts_Creativity,0
3674,bachelor's degree,C2,Education,University_School,0
3675,background,B2,Daily_Life,General_Interactions,0
3676,certificate,C1,Daily_Life,General_Interactions,0
3677,classroom,B2,Education,University_School,0
3678,college,B1,Education,University_School,0
3679,commencement,C1,Daily_Life,General_Interactions,0
3680,compound,B1,Daily_Life,General_Interactions,0
3681,deadline,B1,Daily_Life,Time_Management,0
3682,department,A2,Communication_Media_Arts,Arts_Creativity,0
3683,dictionary,B2,Daily_Life,General_Interactions,0
3684,dining room,C1,Daily_Life,Home_Housing,0
3685,diploma,B1,Education,University_School,0
3686,dissertation,C1,Daily_Life,General_Interactions,0
3687,experience,B2,Daily_Life,General_Interactions,0
3688,experiment,B2,Science_Nature,Research_Methods,0
3689,extra,A2,Daily_Life,General_Interactions,0
3690,facilities,B2,Daily_Life,General_Interactions,0
3691,faculty,B1,Daily_Life,General_Interactions,0
3692,feedback,B1,Education,Classroom_Interaction,0
3693,full-time,B2,Daily_Life,Time_Management,0
3694,guidelines,B2,Travel_Transportation,Navigation_Directions,0
3695,handout,B1,Daily_Life,General_Interactions,0
3696,intermediate,C1,Communication_Media_Arts,Media_Journalism,0
3697,international,C2,Daily_Life,General_Interactions,0
3698,introductory,C1,Daily_Life,General_Interactions,0
3699,knowledge,B2,Education,Learning_Skills,0
3700,laptop,A2,Technology_Digital,Devices_Hardware,0
3701,leaflet,B1,Daily_Life,General_Interactions,0
3702,lecture,B1,Education,University_School,0
3703,library,B1,Daily_Life,General_Interactions,0
3704,module,A2,Daily_Life,General_Interactions,0
3705,outcomes,B1,Daily_Life,General_Interactions,0
3706,pencil,A2,Daily_Life,General_Interactions,0
3707,primary,A2,Daily_Life,General_Interactions,0
3708,printer,B1,Daily_Life,General_Interactions,0
3709,publication,C1,Daily_Life,General_Interactions,0
3710,pupils,A2,Daily_Life,General_Interactions,0
3711,reference,B2,Daily_Life,General_Interactions,0
3712,research,A2,Education,Academic_Study,0
3713,schedule,A2,Daily_Life,Routine_Activities,0
3714,secondary,B2,Daily_Life,General_Interactions,0
3715,specialist,B2,Daily_Life,General_Interactions,0
3716,speech,A2,Daily_Life,General_Interactions,0
3717,staff,A2,Daily_Life,General_Interactions,0
3718,stationery,B2,Travel_Transportation,Public_Transport,0
3719,supervisor,B2,Daily_Life,General_Interactions,0
3720,tasks,A2,Daily_Life,Routine_Activities,0
3721,teamwork,B1,Business_Finance_Economy,Jobs_Careers,0
3722,textbook,B1,Communication_Media_Arts,Speaking_Expressions,0
3723,topic,A2,Daily_Life,General_Interactions,0
3724,tutor,A2,Daily_Life,General_Interactions,0
3725,vocabulary,B2,Communication_Media_Arts,Writing_Language,0
3726,agriculture,C1,Daily_Life,General_Interactions,0
3727,anthropology,C2,Daily_Life,General_Interactions,0
3728,archaeology,C1,Daily_Life,General_Interactions,0
3729,architecture,C1,Daily_Life,General_Interactions,0
3730,biology,B1,Science_Nature,Biology_Life_Sciences,0
3731,chemistry,B2,Science_Nature,Physics_Chemistry,0
3732,economics,B2,Daily_Life,General_Interactions,0
3733,geography,B2,Daily_Life,General_Interactions,0
3734,history,B1,Communication_Media_Arts,Writing_Language,0
3735,humanities,B2,Daily_Life,General_Interactions,0
3736,law,A1,Society_Law_Politics,Law_Crime,0
3737,literature,A2,Daily_Life,General_Interactions,0
3738,logic,B1,Daily_Life,General_Interactions,0
3739,mathematics,C1,Education,Academic_Study,0
3740,performing arts,C2,Communication_Media_Arts,Arts_Creativity,0
3741,philosophy,B2,Daily_Life,General_Interactions,0
3742,physics,B1,Science_Nature,Physics_Chemistry,0
3743,politics,B1,Society_Law_Politics,Government_Politics,0
3744,psychology,B2,Health_Medicine,Mental_Health,0
3745,science,A2,Education,Academic_Study,0
3746,statistics,B1,Education,Academic_Study,0
3747,amphibian,B2,Daily_Life,General_Interactions,0
3748,birds of prey,C2,Daily_Life,General_Interactions,0
3749,cetacean,B1,Daily_Life,General_Interactions,0
3750,class,A2,Education,University_School,0
3751,creature,B1,Health_Medicine,Healthcare_Hospital,0
3752,family,A2,Daily_Life,General_Interactions,0
3753,fish,A1,Daily_Life,General_Interactions,0
3754,genus,A2,Daily_Life,General_Interactions,0
3755,insects,B1,Daily_Life,General_Interactions,0
3756,lion,A1,Daily_Life,General_Interactions,0
3757,livestock,B2,Business_Finance_Economy,Business_Management,0
3758,mammals,B1,Daily_Life,General_Interactions,0
3759,octopus,B1,Daily_Life,General_Interactions,0
3760,order,A2,Daily_Life,General_Interactions,0
3761,penguin,B1,Daily_Life,General_Interactions,0
3762,phylum,A2,Daily_Life,General_Interactions,0
3763,primates,B1,Daily_Life,General_Interactions,0
3764,reptile,B1,Daily_Life,General_Interactions,0
3765,rodents,B1,Daily_Life,General_Interactions,0
3766,seabirds,B1,Daily_Life,General_Interactions,0
3767,species,B1,Science_Nature,Biology_Life_Sciences,0
3768,whale,A2,Daily_Life,General_Interactions,0
3769,audience,A2,Daily_Life,General_Interactions,0
3770,ballet,A2,Daily_Life,General_Interactions,0
3771,carnival,B1,Travel_Transportation,Road_Travel,0
3772,cinemas,B1,Daily_Life,General_Interactions,0
3773,classical music,C2,Education,University_School,0
3774,concert,B1,Daily_Life,General_Interactions,0
3775,conductor,B2,Daily_Life,General_Interactions,0
3776,exhibition,B2,Daily_Life,General_Interactions,0
3777,festival,B1,Daily_Life,General_Interactions,0
3778,graphics,B1,Daily_Life,General_Interactions,0
3779,museum,A2,Daily_Life,General_Interactions,0
3780,newspaper,B2,Communication_Media_Arts,Media_Journalism,0
3781,opera,A2,Daily_Life,General_Interactions,0
3782,orchestra,B2,Daily_Life,General_Interactions,0
3783,radio,A2,Communication_Media_Arts,Speaking_Expressions,0
3784,symphony,B1,Daily_Life,General_Interactions,0
3785,television,B2,Daily_Life,General_Interactions,0
3786,theatre,B1,Communication_Media_Arts,Arts_Creativity,0
3787,vocalist,B1,Daily_Life,General_Interactions,0
3788,acid rain,B2,Technology_Digital,Artificial_Intelligence,0
3789,carbon dioxide,C2,Travel_Transportation,Road_Travel,0
3790,cattle,A2,Daily_Life,General_Interactions,0
3791,climate,A2,Science_Nature,Environment_Ecology,0
3792,coal,A1,Daily_Life,General_Interactions,0
3793,deforestation,C2,Travel_Transportation,Public_Transport,0
3794,degradation,C1,Daily_Life,General_Interactions,0
3795,desert,A2,Daily_Life,General_Interactions,0
3796,drought,B1,Daily_Life,General_Interactions,0
3797,firewood,B1,Daily_Life,General_Interactions,0
3798,global warming,C2,Society_Law_Politics,Law_Crime,0
3799,greenhouse effect,C2,Science_Nature,Environment_Ecology,0
3800,landfill,B1,Health_Medicine,Healthcare_Hospital,0
3801,oxygen,A2,Daily_Life,General_Interactions,0
3802,pollution,B2,Science_Nature,Environment_Ecology,0
3803,reliable,B1,Daily_Life,General_Interactions,0
3804,renewable,B2,Daily_Life,General_Interactions,0
3805,sea level,B2,Daily_Life,General_Interactions,0
3806,smog,A1,Daily_Life,General_Interactions,0
3807,solar panels,C1,Science_Nature,Natural_Phenomena,0
3808,temperature,C1,Daily_Life,General_Interactions,0
3809,vegetation,B2,Daily_Life,General_Interactions,0
3810,aquarium,B1,Daily_Life,General_Interactions,0
3811,culture,B1,Daily_Life,General_Interactions,0
3812,guest,A2,Daily_Life,General_Interactions,0
3813,hostel,A2,Daily_Life,General_Interactions,0
3814,memorable,B2,Daily_Life,General_Interactions,0
3815,picnic,A2,Daily_Life,General_Interactions,0
3816,reservation,C1,Daily_Life,General_Interactions,0
3817,souvenir,B1,Daily_Life,General_Interactions,0
3818,suite,A2,Daily_Life,General_Interactions,0
3819,trip,A2,Travel_Transportation,Hotels_Tourism,0
3820,view,A2,Daily_Life,General_Interactions,0
3821,act as sb/sth,C2,Psychology_Emotions,Behavior,0
3822,act on sth,B2,Psychology_Emotions,Behavior,0
3823,act out sth,C1,Psychology_Emotions,Behavior,0
3824,act up,A2,Psychology_Emotions,Behavior,0
3825,add on sth,B2,Daily_Life,General_Interactions,0
3826,add to sth,B2,Daily_Life,General_Interactions,0
3827,add up,A2,Daily_Life,General_Interactions,0
3828,add up to sth,C2,Daily_Life,General_Interactions,0
3829,agree on sth,C1,Communication_Media_Arts,Opinion_Discussion,0
3830,agree to sth,C1,Communication_Media_Arts,Opinion_Discussion,0
3831,agree with sb/sth,C2,Communication_Media_Arts,Opinion_Discussion,0
3832,aim at sth,B2,Technology_Digital,Artificial_Intelligence,0
3833,allow for sth,C2,Daily_Life,General_Interactions,0
3834,answer back,C1,Education,Classroom_Interaction,0
3835,answer for sth,C2,Education,Classroom_Interaction,0
3836,answer to sb,C1,Education,Classroom_Interaction,0
3837,apply for sth,C2,Technology_Digital,Software_Internet,0
3838,apply to sb/sth,C2,Technology_Digital,Software_Internet,0
3839,approve of sb/sth,C2,Technology_Digital,Software_Internet,0
3840,argue out sth,C2,Communication_Media_Arts,Speaking_Expressions,0
3841,argue with sb,C2,Communication_Media_Arts,Speaking_Expressions,0
3842,ask about sb/sth,C2,Daily_Life,General_Interactions,0
3843,ask after sb,C1,Daily_Life,General_Interactions,0
3844,ask for sb/sth,C2,Daily_Life,General_Interactions,0
3845,ask sb in,B2,Daily_Life,General_Interactions,0
3846,ask sb out,B2,Daily_Life,General_Interactions,0
3847,ask sb over,C1,Daily_Life,General_Interactions,0
3848,ask sb round,C1,Daily_Life,General_Interactions,0
3849,ask to sth,B2,Daily_Life,General_Interactions,0
3850,back away,B2,Daily_Life,General_Interactions,0
3851,back down,B2,Daily_Life,General_Interactions,0
3852,back off,B1,Daily_Life,General_Interactions,0
3853,back out,B1,Daily_Life,General_Interactions,0
3854,back up sb/sth,C2,Daily_Life,General_Interactions,0
3855,bail out sb/sth,C2,Technology_Digital,Artificial_Intelligence,0
3856,bang into sth/sb,C2,Daily_Life,General_Interactions,0
3857,bank on sth/sb,C2,Business_Finance_Economy,Finance_Banking,0
3858,bargain for sth,C2,Technology_Digital,Artificial_Intelligence,0
3859,bargain with sb,C2,Technology_Digital,Artificial_Intelligence,0
3860,barrack for sb,C2,Daily_Life,General_Interactions,0
3861,bash about sb/sth,C2,Daily_Life,General_Interactions,0
3862,bash up sb/sth,C2,Daily_Life,General_Interactions,0
3863,bawl out sb,C1,Daily_Life,General_Interactions,0
3864,bear with sb/sth,C2,Daily_Life,General_Interactions,0
3865,beat down sb/sth,C2,Health_Medicine,Healthcare_Hospital,0
3866,beat up sb,B2,Health_Medicine,Healthcare_Hospital,0
3867,become of sb/sth,C2,Daily_Life,General_Interactions,0
3868,beg off,B1,Daily_Life,General_Interactions,0
3869,believe in sb/sth,C2,Daily_Life,General_Interactions,0
3870,belong to sb/sth,C2,Daily_Life,General_Interactions,0
3871,belt into sth,C2,Daily_Life,General_Interactions,0
3872,belt up,B1,Daily_Life,General_Interactions,0
3873,bend down,B2,Daily_Life,General_Interactions,0
3874,bend over,B2,Daily_Life,General_Interactions,0
3875,bend over backwards,C2,Society_Law_Politics,Law_Crime,0
3876,big up sb/sth,C2,Daily_Life,General_Interactions,0
3877,bite back,B2,Daily_Life,General_Interactions,0
3878,blame on sb/sth,C2,Daily_Life,General_Interactions,0
3879,blast off,B2,Daily_Life,General_Interactions,0
3880,blaze away,B2,Daily_Life,General_Interactions,0
3881,blend in,B1,Daily_Life,General_Interactions,0
3882,bliss out,B2,Daily_Life,General_Interactions,0
3883,block in sb/sth,C2,Daily_Life,General_Interactions,0
3884,block out sth,C2,Daily_Life,General_Interactions,0
3885,block up sth,C1,Daily_Life,General_Interactions,0
3886,blow away sb/sth,C2,Daily_Life,General_Interactions,0
3887,blow down sth,C2,Daily_Life,General_Interactions,0
3888,blow off sth,C1,Daily_Life,General_Interactions,0
3889,blow out sth,C1,Daily_Life,General_Interactions,0
3890,blow over,B2,Daily_Life,General_Interactions,0
3891,blow up,B1,Daily_Life,General_Interactions,0
3892,boil down to sth,C2,Daily_Life,General_Interactions,0
3893,boil over,B2,Daily_Life,General_Interactions,0
3894,book in,B1,Communication_Media_Arts,Speaking_Expressions,0
3895,book out,B1,Communication_Media_Arts,Speaking_Expressions,0
3896,book up,B1,Communication_Media_Arts,Speaking_Expressions,0
3897,boot up,B1,Daily_Life,General_Interactions,0
3898,bottle out,B2,Daily_Life,General_Interactions,0
3899,bottle up sth,C2,Daily_Life,General_Interactions,0
3900,bounce back,C1,Daily_Life,General_Interactions,0
3901,box in sb/sth,C2,Daily_Life,General_Interactions,0
3902,branch out,B2,Daily_Life,General_Interactions,0
3903,break away,B2,Daily_Life,General_Interactions,0
3904,break down,B2,Daily_Life,General_Interactions,0
3905,break in,B1,Daily_Life,General_Interactions,0
3906,break into sth,C2,Daily_Life,General_Interactions,0
3907,break off,B2,Daily_Life,General_Interactions,0
3908,break out,B2,Daily_Life,General_Interactions,0
3909,break through,C2,Daily_Life,General_Interactions,0
3910,break up,B1,Daily_Life,General_Interactions,0
3911,brighten up,C1,Society_Law_Politics,Law_Crime,0
3912,bring about sth,C2,Daily_Life,General_Interactions,0
3913,bring along sb/sth,C2,Daily_Life,General_Interactions,0
3914,bring back sth,C2,Daily_Life,General_Interactions,0
3915,bring down sb/sth,C2,Daily_Life,General_Interactions,0
3916,bring forward sth,C2,Society_Law_Politics,Law_Crime,0
3917,bring in sth,C1,Daily_Life,General_Interactions,0
3918,bring off sth,C2,Daily_Life,General_Interactions,0
3919,bring on sth,C1,Daily_Life,General_Interactions,0
3920,bring out sth,C2,Daily_Life,General_Interactions,0
3921,bring sb around,C2,Daily_Life,General_Interactions,0
3922,bring sb round,C2,Daily_Life,General_Interactions,0
3923,bring to sb,C1,Daily_Life,General_Interactions,0
3924,bring up sth,C1,Daily_Life,General_Interactions,0
3925,brush aside sb/sth,C2,Daily_Life,General_Interactions,0
3926,brush off sb/sth,C2,Daily_Life,General_Interactions,0
3927,brush up on sth,C2,Daily_Life,General_Interactions,0
3928,bubble over,C1,Daily_Life,General_Interactions,0
3929,build on sth,C1,Daily_Life,General_Interactions,0
3930,build up sth,C1,Daily_Life,General_Interactions,0
3931,bump into sb,C1,Daily_Life,General_Interactions,0
3932,bundle up sb/sth,C2,Daily_Life,General_Interactions,0
3933,burn down,B2,Daily_Life,General_Interactions,0
3934,burn off sth,C1,Daily_Life,General_Interactions,0
3935,burn out,B1,Daily_Life,General_Interactions,0
3936,burn up sth,C1,Daily_Life,General_Interactions,0
3937,burst in,B1,Daily_Life,General_Interactions,0
3938,burst into sth,C2,Daily_Life,General_Interactions,0
3939,burst out,B2,Daily_Life,General_Interactions,0
3940,butt in,B1,Daily_Life,General_Interactions,0
3941,button up sth,C2,Daily_Life,General_Interactions,0
3942,buy into sth,C1,Daily_Life,Shopping_Everyday,0
3943,buy off sb,B2,Daily_Life,Shopping_Everyday,0
3944,buy out sb,B2,Daily_Life,Shopping_Everyday,0
3945,buy up sth,B2,Daily_Life,Shopping_Everyday,0
3946,buzz off,B1,Daily_Life,General_Interactions,0
3947,call around,C1,Daily_Life,General_Interactions,0
3948,call back,B2,Daily_Life,General_Interactions,0
3949,call by,B1,Daily_Life,General_Interactions,0
3950,call for sb/sth,C2,Daily_Life,General_Interactions,0
3951,call in,B1,Daily_Life,General_Interactions,0
3952,call off sth,C1,Daily_Life,General_Interactions,0
3953,call on sb,B2,Daily_Life,General_Interactions,0
3954,call out sb,C1,Daily_Life,General_Interactions,0
3955,call round,B2,Daily_Life,General_Interactions,0
3956,call up sb,B2,Daily_Life,General_Interactions,0
3957,calm down,B2,Psychology_Emotions,Stress_Mental_State,0
3958,cancel out sth,C2,Daily_Life,General_Interactions,0
3959,carry off sth,C2,Travel_Transportation,Road_Travel,0
3960,carry on,B1,Travel_Transportation,Road_Travel,0
3961,carry out sth,C2,Travel_Transportation,Road_Travel,0
3962,carry over sth,C2,Travel_Transportation,Road_Travel,0
3963,carry through sth,C2,Travel_Transportation,Road_Travel,0
3964,cash in,B1,Daily_Life,General_Interactions,0
3965,cash in on sth,C2,Daily_Life,General_Interactions,0
3966,catch on,B1,Daily_Life,General_Interactions,0
3967,catch out sb,C1,Daily_Life,General_Interactions,0
3968,catch up,B1,Daily_Life,General_Interactions,0
3969,catch up with sb/sth,C2,Daily_Life,General_Interactions,0
3970,change around sth,C2,Daily_Life,General_Interactions,0
3971,change over,C1,Daily_Life,General_Interactions,0
3972,charge up sth,C2,Daily_Life,General_Interactions,0
3973,chase off sb,C1,Daily_Life,General_Interactions,0
3974,chase up sb/sth,C2,Daily_Life,General_Interactions,0
3975,chat up sb,B2,Communication_Media_Arts,Speaking_Expressions,0
3976,check in,B1,Daily_Life,General_Interactions,0
3977,check into sth,C2,Daily_Life,General_Interactions,0
3978,check off sth,C2,Daily_Life,General_Interactions,0
3979,check on sb/sth,C2,Daily_Life,General_Interactions,0
3980,check out,B2,Daily_Life,General_Interactions,0
3981,check over sb/sth,C2,Daily_Life,General_Interactions,0
3982,check through sth,C2,Daily_Life,General_Interactions,0
3983,check up,B1,Daily_Life,General_Interactions,0
3984,check up on sb,C2,Daily_Life,General_Interactions,0
3985,cheer on sb,C1,Daily_Life,General_Interactions,0
3986,cheer up,B1,Daily_Life,General_Interactions,0
3987,chicken out,C1,Daily_Life,General_Interactions,0
3988,chill out,B2,Health_Medicine,Healthcare_Hospital,0
3989,chip in,B1,Daily_Life,General_Interactions,0
3990,chop down sth,C2,Daily_Life,General_Interactions,0
3991,chop up sth,C1,Daily_Life,General_Interactions,0
3992,clamp down,B2,Daily_Life,General_Interactions,0
3993,clamp down on sb/sth,C2,Daily_Life,General_Interactions,0
3994,clean out sth,C2,Daily_Life,General_Interactions,0
3995,clean up sth,C1,Daily_Life,General_Interactions,0
3996,clear away sth,C2,Daily_Life,General_Interactions,0
3997,clear off,B2,Daily_Life,General_Interactions,0
3998,clear out sth,C2,Daily_Life,General_Interactions,0
3999,clear up,B1,Daily_Life,General_Interactions,0
4000,clock in,B1,Daily_Life,Time_Management,0
4001,clock off,B2,Daily_Life,Time_Management,0
4002,clock on,B1,Daily_Life,Time_Management,0
4003,clock out,B2,Daily_Life,Time_Management,0
4004,clock up sth,C1,Daily_Life,Time_Management,0
4005,clog up sth,C1,Daily_Life,General_Interactions,0
4006,close down,B2,Daily_Life,General_Interactions,0
4007,close in,B1,Daily_Life,General_Interactions,0
4008,close up,B1,Daily_Life,General_Interactions,0
4009,cloud over,B2,Technology_Digital,Software_Internet,0
4010,club together,C2,Daily_Life,General_Interactions,0
4011,coast along,C1,Daily_Life,General_Interactions,0
4012,come about,B2,Daily_Life,General_Interactions,0
4013,come across sb/sth,C2,Daily_Life,General_Interactions,0
4014,come along,B2,Daily_Life,General_Interactions,0
4015,come apart,B2,Communication_Media_Arts,Arts_Creativity,0
4016,come around,C1,Daily_Life,General_Interactions,0
4017,come back,B2,Daily_Life,General_Interactions,0
4018,come back to sth,C2,Daily_Life,General_Interactions,0
4019,come by,B1,Daily_Life,General_Interactions,0
4020,come down,B2,Daily_Life,General_Interactions,0
4021,come down to sth,C2,Daily_Life,General_Interactions,0
4022,come down with sth,C2,Daily_Life,General_Interactions,0
4023,come forward,C1,Society_Law_Politics,Law_Crime,0
4024,come from sth,C2,Daily_Life,General_Interactions,0
4025,come in,B1,Daily_Life,General_Interactions,0
4026,come into sth,C2,Daily_Life,General_Interactions,0
4027,come off,B1,Daily_Life,General_Interactions,0
4028,come on,B1,Daily_Life,General_Interactions,0
4029,come out,B1,Daily_Life,General_Interactions,0
4030,come over,B2,Daily_Life,General_Interactions,0
4031,come round,B2,Daily_Life,General_Interactions,0
4032,come through,C1,Daily_Life,General_Interactions,0
4033,come to,B1,Daily_Life,General_Interactions,0
4034,come under sth,C2,Daily_Life,General_Interactions,0
4035,come up,B1,Daily_Life,General_Interactions,0
4036,come up against sb/sth,C2,Technology_Digital,Artificial_Intelligence,0
4037,come up with sth,C2,Daily_Life,General_Interactions,0
4038,compare with sb/sth,C2,Daily_Life,General_Interactions,0
4039,concentrate on sth,C2,Business_Finance_Economy,Economy_Markets,0
4040,confide in sb,C2,Daily_Life,General_Interactions,0
4041,cook up sth,C1,Daily_Life,General_Interactions,0
4042,cool down,B2,Daily_Life,General_Interactions,0
4043,cool off,B1,Daily_Life,General_Interactions,0
4044,copy in sb,B2,Daily_Life,General_Interactions,0
4045,count in sb,C1,Daily_Life,General_Interactions,0
4046,count on sb/sth,C2,Daily_Life,General_Interactions,0
4047,count out sb,C1,Daily_Life,General_Interactions,0
4048,cover up sth,C1,Daily_Life,General_Interactions,0
4049,crack down on sb/sth,C2,Daily_Life,General_Interactions,0
4050,crack up,B1,Daily_Life,General_Interactions,0
4051,cram in sb/sth,C2,Daily_Life,General_Interactions,0
4052,cram into sth,C2,Daily_Life,General_Interactions,0
4053,crop up,B1,Daily_Life,General_Interactions,0
4054,cross out sth,C2,Daily_Life,General_Interactions,0
4055,cry off,B1,Daily_Life,General_Interactions,0
4056,cut across sth,C2,Daily_Life,General_Interactions,0
4057,cut back,B1,Daily_Life,General_Interactions,0
4058,cut back on sth,C2,Daily_Life,General_Interactions,0
4059,cut down,B1,Daily_Life,General_Interactions,0
4060,cut down on sth,C2,Daily_Life,General_Interactions,0
4061,cut in,A2,Daily_Life,General_Interactions,0
4062,cut off sb/sth,C2,Daily_Life,General_Interactions,0
4063,cut out sth,C1,Daily_Life,General_Interactions,0
4064,cut up sth,B2,Daily_Life,General_Interactions,0
4065,dawn on sb,B2,Daily_Life,General_Interactions,0
4066,deal in sth,C1,Daily_Life,General_Interactions,0
4067,deal with sb/sth,C2,Daily_Life,General_Interactions,0
4068,decide on sth,C2,Daily_Life,General_Interactions,0
4069,depend on sb/sth,C2,Daily_Life,General_Interactions,0
4070,dial out,B1,Daily_Life,General_Interactions,0
4071,dip into sth,C1,Daily_Life,General_Interactions,0
4072,disagree with sb/sth,C2,Communication_Media_Arts,Opinion_Discussion,0
4073,divide up sth,C2,Daily_Life,General_Interactions,0
4074,do away with sth,C2,Daily_Life,General_Interactions,0
4075,do out of sb/sth,C2,Daily_Life,General_Interactions,0
4076,do over sth,C1,Daily_Life,General_Interactions,0
4077,do up sth,B2,Daily_Life,General_Interactions,0
4078,do with sth,C1,Daily_Life,General_Interactions,0
4079,do without sth/sb,C2,Daily_Life,General_Interactions,0
4080,double back,C1,Daily_Life,General_Interactions,0
4081,double up,B2,Daily_Life,General_Interactions,0
4082,doze off,B1,Daily_Life,General_Interactions,0
4083,drag on,B1,Daily_Life,General_Interactions,0
4084,drag out sth,C1,Daily_Life,General_Interactions,0
4085,draw back,B2,Communication_Media_Arts,Speaking_Expressions,0
4086,draw in sb,B2,Communication_Media_Arts,Speaking_Expressions,0
4087,draw on sth,C1,Communication_Media_Arts,Speaking_Expressions,0
4088,draw out sth,C1,Communication_Media_Arts,Speaking_Expressions,0
4089,draw up,B1,Communication_Media_Arts,Speaking_Expressions,0
4090,dress down,B2,Daily_Life,General_Interactions,0
4091,dress up,B1,Daily_Life,General_Interactions,0
4092,drift apart,C1,Communication_Media_Arts,Arts_Creativity,0
4093,drink up,B1,Daily_Life,General_Interactions,0
4094,drive at sth,C1,Psychology_Emotions,Motivation,0
4095,drive away,B2,Psychology_Emotions,Motivation,0
4096,drive off,B2,Psychology_Emotions,Motivation,0
4097,drop around,C1,Daily_Life,General_Interactions,0
4098,drop back,B2,Daily_Life,General_Interactions,0
4099,drop by,B1,Daily_Life,General_Interactions,0
4100,drop in,B1,Daily_Life,General_Interactions,0
4101,drop off sb/sth,C2,Daily_Life,General_Interactions,0
4102,drop out,B1,Daily_Life,General_Interactions,0
4103,drop round,B2,Daily_Life,General_Interactions,0
4104,dry out,B1,Daily_Life,General_Interactions,0
4105,dry up,A2,Daily_Life,General_Interactions,0
4106,dwell on sth,C1,Daily_Life,General_Interactions,0
4107,ease off,B1,Daily_Life,General_Interactions,0
4108,eat in,A2,Health_Medicine,Healthcare_Hospital,0
4109,eat out,B1,Health_Medicine,Healthcare_Hospital,0
4110,eat up sth,B2,Health_Medicine,Healthcare_Hospital,0
4111,edge out sb/sth,C2,Daily_Life,General_Interactions,0
4112,end in sth,B2,Daily_Life,General_Interactions,0
4113,end up,A2,Daily_Life,General_Interactions,0
4114,enter into sth,C2,Daily_Life,General_Interactions,0
4115,face up to sth,C2,Daily_Life,General_Interactions,0
4116,fade away,B2,Daily_Life,General_Interactions,0
4117,fall about,B2,Daily_Life,General_Interactions,0
4118,fall apart,B2,Communication_Media_Arts,Arts_Creativity,0
4119,fall back,B2,Daily_Life,General_Interactions,0
4120,fall behind,C1,Daily_Life,General_Interactions,0
4121,fall down,B2,Daily_Life,General_Interactions,0
4122,fall for sb/sth,C2,Daily_Life,General_Interactions,0
4123,fall in,B1,Daily_Life,General_Interactions,0
4124,fall into sth,C2,Daily_Life,General_Interactions,0
4125,fall off,B1,Daily_Life,General_Interactions,0
4126,fall out,B1,Daily_Life,General_Interactions,0
4127,fall over,B2,Daily_Life,General_Interactions,0
4128,fall through,C1,Daily_Life,General_Interactions,0
4129,feel for sb,C1,Psychology_Emotions,Feelings_Emotions,0
4130,feel up to sth,C2,Psychology_Emotions,Feelings_Emotions,0
4131,fight back,B2,Daily_Life,General_Interactions,0
4132,fight off sb/sth,C2,Daily_Life,General_Interactions,0
4133,figure on sth,C2,Daily_Life,General_Interactions,0
4134,figure out sb/sth,C2,Daily_Life,General_Interactions,0
4135,fill in sth,C1,Health_Medicine,Healthcare_Hospital,0
4136,fill out sth,C1,Health_Medicine,Healthcare_Hospital,0
4137,fill up,B1,Health_Medicine,Healthcare_Hospital,0
4138,filter out sth,C2,Daily_Life,General_Interactions,0
4139,find out,B1,Daily_Life,General_Interactions,0
4140,finish off sth,C2,Daily_Life,General_Interactions,0
4141,finish up,B2,Daily_Life,General_Interactions,0
4142,finish with sb/sth,C2,Daily_Life,General_Interactions,0
4143,fire away,B2,Daily_Life,General_Interactions,0
4144,fire up sb,B2,Daily_Life,General_Interactions,0
4145,fit in,A2,Health_Medicine,Healthcare_Hospital,0
4146,fit in with sb/sth,C2,Health_Medicine,Healthcare_Hospital,0
4147,fit out sb/sth,C2,Health_Medicine,Healthcare_Hospital,0
4148,fix up sth,B2,Daily_Life,General_Interactions,0
4149,fizzle out,B2,Daily_Life,General_Interactions,0
4150,flare up,B1,Daily_Life,General_Interactions,0
4151,flash back,B2,Daily_Life,General_Interactions,0
4152,flick through sth,C2,Daily_Life,General_Interactions,0
4153,flip over sth,C2,Daily_Life,General_Interactions,0
4154,flip through sth,C2,Daily_Life,General_Interactions,0
4155,float around,C1,Daily_Life,General_Interactions,0
4156,flood out,B2,Science_Nature,Natural_Phenomena,0
4157,flutter around,C2,Daily_Life,General_Interactions,0
4158,follow on,B2,Daily_Life,General_Interactions,0
4159,follow through sth,C2,Daily_Life,General_Interactions,0
4160,follow up sth,C2,Daily_Life,General_Interactions,0
4161,fool about,B2,Daily_Life,General_Interactions,0
4162,fool around,C1,Daily_Life,General_Interactions,0
4163,force back,B2,Science_Nature,Physics_Chemistry,0
4164,fork out,B1,Daily_Life,General_Interactions,0
4165,free up sth,C1,Daily_Life,General_Interactions,0
4166,freshen up,B2,Daily_Life,General_Interactions,0
4167,frighten away sb/sth,C2,Society_Law_Politics,Law_Crime,0
4168,frighten off sb/sth,C2,Society_Law_Politics,Law_Crime,0
4169,front up,B1,Daily_Life,General_Interactions,0
4170,frown on sth,C1,Daily_Life,General_Interactions,0
4171,gain on sb/sth,C2,Technology_Digital,Artificial_Intelligence,0
4172,gather up sth,C2,Daily_Life,General_Interactions,0
4173,get about,B2,Daily_Life,General_Interactions,0
4174,get across sth,C2,Daily_Life,General_Interactions,0
4175,get ahead,B2,Daily_Life,General_Interactions,0
4176,get along,B2,Daily_Life,General_Interactions,0
4177,get around,B2,Daily_Life,General_Interactions,0
4178,get around to sth,C2,Daily_Life,General_Interactions,0
4179,get at sb/sth,C2,Daily_Life,General_Interactions,0
4180,get away,B1,Daily_Life,General_Interactions,0
4181,get away with sth,C2,Daily_Life,General_Interactions,0
4182,get back,B1,Daily_Life,General_Interactions,0
4183,get back at sb,C2,Daily_Life,General_Interactions,0
4184,get back to sb,C2,Daily_Life,General_Interactions,0
4185,get behind,B2,Daily_Life,General_Interactions,0
4186,get by,A2,Daily_Life,General_Interactions,0
4187,get down,B1,Daily_Life,General_Interactions,0
4188,get down to sth,C2,Daily_Life,General_Interactions,0
4189,get in,A2,Daily_Life,General_Interactions,0
4190,get into sth,C1,Daily_Life,General_Interactions,0
4191,get off,B1,Daily_Life,General_Interactions,0
4192,get on,A2,Daily_Life,General_Interactions,0
4193,get on for sth,C2,Daily_Life,General_Interactions,0
4194,get on to sth,C2,Daily_Life,General_Interactions,0
4195,get out,B1,Daily_Life,General_Interactions,0
4196,get out of sth,C2,Daily_Life,General_Interactions,0
4197,get over sth,C1,Daily_Life,General_Interactions,0
4198,get round sth,C2,Daily_Life,General_Interactions,0
4199,get round to sth,C2,Daily_Life,General_Interactions,0
4200,get through,C1,Daily_Life,General_Interactions,0
4201,get together,C1,Daily_Life,General_Interactions,0
4202,get up,A2,Daily_Life,General_Interactions,0
4203,give away sth,C2,Daily_Life,General_Interactions,0
4204,give back sth,C2,Daily_Life,General_Interactions,0
4205,give in,B1,Daily_Life,General_Interactions,0
4206,give off sth,C1,Daily_Life,General_Interactions,0
4207,give out sth,C1,Daily_Life,General_Interactions,0
4208,give over,B2,Daily_Life,General_Interactions,0
4209,give up sth,C1,Daily_Life,General_Interactions,0
4210,go about sth,C1,Daily_Life,General_Interactions,0
4211,go after sb/sth,C2,Daily_Life,General_Interactions,0
4212,go against sb/sth,C2,Technology_Digital,Artificial_Intelligence,0
4213,go ahead,B1,Daily_Life,General_Interactions,0
4214,go along,B1,Daily_Life,General_Interactions,0
4215,go along with sb/sth,C2,Daily_Life,General_Interactions,0
4216,go around,B2,Daily_Life,General_Interactions,0
4217,go at sb/sth,C1,Daily_Life,General_Interactions,0
4218,go away,B1,Daily_Life,General_Interactions,0
4219,go back,B1,Daily_Life,General_Interactions,0
4220,go back on sth,C2,Daily_Life,General_Interactions,0
4221,go by,A2,Daily_Life,General_Interactions,0
4222,go down,B1,Daily_Life,General_Interactions,0
4223,go for sb/sth,C2,Daily_Life,General_Interactions,0
4224,go in,A2,Daily_Life,General_Interactions,0
4225,go in for sth,C2,Daily_Life,General_Interactions,0
4226,go into sth,C1,Daily_Life,General_Interactions,0
4227,go off,A2,Daily_Life,General_Interactions,0
4228,go on,A2,Daily_Life,General_Interactions,0
4229,go out,A2,Daily_Life,General_Interactions,0
4230,go over sth,C1,Daily_Life,General_Interactions,0
4231,go round,B1,Daily_Life,General_Interactions,0
4232,go through sth,C2,Daily_Life,General_Interactions,0
4233,go through with sth,C2,Daily_Life,General_Interactions,0
4234,go together,C1,Daily_Life,General_Interactions,0
4235,go under,B1,Daily_Life,General_Interactions,0
4236,go up,A2,Daily_Life,General_Interactions,0
4237,go with sb/sth,C2,Daily_Life,General_Interactions,0
4238,go without sth,C2,Daily_Life,General_Interactions,0
4239,grow apart,B2,Communication_Media_Arts,Arts_Creativity,0
4240,grow into sth,C2,Daily_Life,General_Interactions,0
4241,grow on sb,B2,Daily_Life,General_Interactions,0
4242,grow out of sth,C2,Daily_Life,General_Interactions,0
4243,grow up,B1,Daily_Life,General_Interactions,0
4244,hammer out sth,C2,Daily_Life,General_Interactions,0
4245,hand back sth,C2,Daily_Life,General_Interactions,0
4246,hand down sth,C2,Daily_Life,General_Interactions,0
4247,hand in sth,C1,Daily_Life,General_Interactions,0
4248,hand on sth,C1,Daily_Life,General_Interactions,0
4249,hand out sth,C1,Daily_Life,General_Interactions,0
4250,hand over sb/sth,C2,Daily_Life,General_Interactions,0
4251,hand round sth,C2,Daily_Life,General_Interactions,0
4252,hang about,B2,Daily_Life,General_Interactions,0
4253,hang around,C1,Daily_Life,General_Interactions,0
4254,hang back,B2,Daily_Life,General_Interactions,0
4255,hang on,B1,Daily_Life,General_Interactions,0
4256,hang on to sb/sth,C2,Daily_Life,General_Interactions,0
4257,hang out,B1,Daily_Life,General_Interactions,0
4258,hang round,B2,Daily_Life,General_Interactions,0
4259,hang up,B1,Daily_Life,General_Interactions,0
4260,have against sb/sth,C2,Technology_Digital,Artificial_Intelligence,0
4261,have on sth,C1,Daily_Life,General_Interactions,0
4262,have over sb,C1,Daily_Life,General_Interactions,0
4263,head back,B2,Daily_Life,General_Interactions,0
4264,head for,B1,Daily_Life,General_Interactions,0
4265,head off,B1,Daily_Life,General_Interactions,0
4266,heat up sth,C1,Health_Medicine,Healthcare_Hospital,0
4267,help off with sth,C2,Daily_Life,General_Interactions,0
4268,help on with sth,C2,Daily_Life,General_Interactions,0
4269,help out sb,C1,Daily_Life,General_Interactions,0
4270,hide away,B2,Daily_Life,General_Interactions,0
4271,hide out,B1,Daily_Life,General_Interactions,0
4272,hire out sth,C1,Daily_Life,General_Interactions,0
4273,hit back,B1,Daily_Life,General_Interactions,0
4274,hit it off,B2,Daily_Life,General_Interactions,0
4275,hit on sb/sth,C2,Daily_Life,General_Interactions,0
4276,hit out,B1,Daily_Life,General_Interactions,0
4277,hit upon sth,C1,Daily_Life,General_Interactions,0
4278,hold against sb/sth,C2,Technology_Digital,Artificial_Intelligence,0
4279,hold back sb/sth,C2,Daily_Life,General_Interactions,0
4280,hold down sb/sth,C2,Daily_Life,General_Interactions,0
4281,hold forth,B2,Daily_Life,General_Interactions,0
4282,hold off sb/sth,C2,Daily_Life,General_Interactions,0
4283,hold on,B1,Daily_Life,General_Interactions,0
4284,hold out sth,C1,Daily_Life,General_Interactions,0
4285,hold over,B2,Daily_Life,General_Interactions,0
4286,hold up sb/sth,C2,Daily_Life,General_Interactions,0
4287,hurry up,B1,Daily_Life,General_Interactions,0
4288,hush up sth,C1,Daily_Life,General_Interactions,0
4289,improve on sth,C2,Daily_Life,General_Interactions,0
4290,indulge in sth,C2,Daily_Life,General_Interactions,0
4291,insist on sth,C2,Daily_Life,General_Interactions,0
4292,interfere with sth/sb,C2,Daily_Life,General_Interactions,0
4293,iron out sth,C1,Daily_Life,General_Interactions,0
4294,join in,B1,Daily_Life,General_Interactions,0
4295,join up,B1,Daily_Life,General_Interactions,0
4296,jot down sth,C1,Daily_Life,General_Interactions,0
4297,jumble up sth,C2,Daily_Life,General_Interactions,0
4298,jump at sth,C1,Daily_Life,General_Interactions,0
4299,jump on sb/sth,C2,Daily_Life,General_Interactions,0
4300,jump out,B1,Daily_Life,General_Interactions,0
4301,keep at sb/sth,C2,Daily_Life,General_Interactions,0
4302,keep away,B2,Daily_Life,General_Interactions,0
4303,keep back sth,C2,Daily_Life,General_Interactions,0
4304,keep down sb/sth,C2,Daily_Life,General_Interactions,0
4305,keep from sb/sth,C2,Daily_Life,General_Interactions,0
4306,keep in sb/sth,C2,Daily_Life,General_Interactions,0
4307,keep off sb/sth,C2,Daily_Life,General_Interactions,0
4308,keep on doing sth,C2,Daily_Life,General_Interactions,0
4309,keep out sb/sth,C2,Daily_Life,General_Interactions,0
4310,keep to sth,C1,Daily_Life,General_Interactions,0
4311,keep up sb/sth,C2,Daily_Life,General_Interactions,0
4312,key in sth,B2,Daily_Life,General_Interactions,0
4313,kick about,B2,Daily_Life,General_Interactions,0
4314,kick around,C1,Daily_Life,General_Interactions,0
4315,kick off,B1,Daily_Life,General_Interactions,0
4316,kick out sb,C1,Daily_Life,General_Interactions,0
4317,knock about,C1,Daily_Life,General_Interactions,0
4318,knock around,C1,Daily_Life,General_Interactions,0
4319,knock back sth,C2,Daily_Life,General_Interactions,0
4320,knock down sb/sth,C2,Daily_Life,General_Interactions,0
4321,knock off,B2,Daily_Life,General_Interactions,0
4322,knock out sb/sth,C2,Daily_Life,General_Interactions,0
4323,knock over sb/sth,C2,Daily_Life,General_Interactions,0
4324,knock up sb,C1,Daily_Life,General_Interactions,0
4325,lapse into sth,C2,Daily_Life,General_Interactions,0
4326,lash out,B1,Daily_Life,General_Interactions,0
4327,latch on,B1,Daily_Life,General_Interactions,0
4328,latch on to sb/sth,C2,Daily_Life,General_Interactions,0
4329,laugh at sb/sth,C2,Daily_Life,General_Interactions,0
4330,laugh off sth,C2,Daily_Life,General_Interactions,0
4331,launch into sth,C2,Daily_Life,General_Interactions,0
4332,lay down sth,C1,Daily_Life,General_Interactions,0
4333,lay into sb,C1,Daily_Life,General_Interactions,0
4334,lay off sb,B2,Daily_Life,General_Interactions,0
4335,lay on sth,B2,Daily_Life,General_Interactions,0
4336,lay out sth,C1,Daily_Life,General_Interactions,0
4337,lay up sb/sth,C2,Daily_Life,General_Interactions,0
4338,laze about,B2,Daily_Life,General_Interactions,0
4339,laze around,C1,Daily_Life,General_Interactions,0
4340,lead on sb,B2,Daily_Life,General_Interactions,0
4341,lead to sth,C1,Daily_Life,General_Interactions,0
4342,leak out,B1,Daily_Life,General_Interactions,0
4343,lean on sb/sth,C2,Daily_Life,General_Interactions,0
4344,leap at sth,C1,Daily_Life,General_Interactions,0
4345,leave about sth,C2,Daily_Life,General_Interactions,0
4346,leave aside sth,C2,Daily_Life,General_Interactions,0
4347,leave behind sb/sth,C2,Daily_Life,General_Interactions,0
4348,leave in sth,C1,Daily_Life,General_Interactions,0
4349,leave off,B2,Daily_Life,General_Interactions,0
4350,leave on sth,C1,Daily_Life,General_Interactions,0
4351,leave out of sth,C2,Daily_Life,General_Interactions,0
4352,leave out sb/sth,C2,Daily_Life,General_Interactions,0
4353,leave over,B2,Daily_Life,General_Interactions,0
4354,leave to sb/sth,C2,Daily_Life,General_Interactions,0
4355,let down sb,C1,Daily_Life,General_Interactions,0
4356,let in for sth,C2,Daily_Life,General_Interactions,0
4357,let in on sth,C2,Daily_Life,General_Interactions,0
4358,let in sb,B2,Daily_Life,General_Interactions,0
4359,let off sb,B2,Daily_Life,General_Interactions,0
4360,let on,A2,Daily_Life,General_Interactions,0
4361,let out sb/sth,C2,Daily_Life,General_Interactions,0
4362,let up,A2,Daily_Life,General_Interactions,0
4363,level off,B2,Daily_Life,General_Interactions,0
4364,lie about,B2,Daily_Life,General_Interactions,0
4365,lie ahead,B2,Daily_Life,General_Interactions,0
4366,lie behind sth,C2,Daily_Life,General_Interactions,0
4367,lie down,B1,Daily_Life,General_Interactions,0
4368,lie in,A2,Daily_Life,General_Interactions,0
4369,lie with sb/sth,C2,Daily_Life,General_Interactions,0
4370,lift off,B1,Daily_Life,General_Interactions,0
4371,light up sth,C1,Daily_Life,General_Interactions,0
4372,lighten up,B2,Daily_Life,General_Interactions,0
4373,line up,B1,Daily_Life,General_Interactions,0
4374,listen in,B2,Daily_Life,General_Interactions,0
4375,listen to sb/sth,C2,Daily_Life,General_Interactions,0
4376,listen up,B2,Daily_Life,General_Interactions,0
4377,live down sth,C2,Daily_Life,General_Interactions,0
4378,live for sb/sth,C2,Daily_Life,General_Interactions,0
4379,live in,B1,Daily_Life,General_Interactions,0
4380,live off sb/sth,C2,Daily_Life,General_Interactions,0
4381,live on sth,C1,Daily_Life,General_Interactions,0
4382,live out sth,C1,Daily_Life,General_Interactions,0
4383,live through sth,C2,Daily_Life,General_Interactions,0
4384,live together,C2,Daily_Life,General_Interactions,0
4385,live up to sth,C2,Daily_Life,General_Interactions,0
4386,live with sb/sth,C2,Daily_Life,General_Interactions,0
4387,load down sb,C1,Daily_Life,General_Interactions,0
4388,load up sth,C1,Daily_Life,General_Interactions,0
4389,lock away sb/sth,C2,Daily_Life,General_Interactions,0
4390,lock in sb,B2,Daily_Life,General_Interactions,0
4391,lock out sb,C1,Daily_Life,General_Interactions,0
4392,lock up,B1,Daily_Life,General_Interactions,0
4393,log in,A2,Daily_Life,General_Interactions,0
4394,log off,B1,Daily_Life,General_Interactions,0
4395,log on,A2,Daily_Life,General_Interactions,0
4396,log out,B1,Daily_Life,General_Interactions,0
4397,look after sb/sth,C2,Daily_Life,General_Interactions,0
4398,look ahead,B2,Daily_Life,General_Interactions,0
4399,look around,C1,Daily_Life,General_Interactions,0
4400,look at sb/sth,C2,Daily_Life,General_Interactions,0
4401,look back,B2,Daily_Life,General_Interactions,0
4402,look down,B2,Daily_Life,General_Interactions,0
4403,look down on sb/sth,C2,Daily_Life,General_Interactions,0
4404,look for sb/sth,C2,Daily_Life,General_Interactions,0
4405,look forward to sth,C2,Society_Law_Politics,Law_Crime,0
4406,look in,B1,Daily_Life,General_Interactions,0
4407,look into sth,C2,Daily_Life,General_Interactions,0
4408,look on,B1,Daily_Life,General_Interactions,0
4409,look out,B1,Daily_Life,General_Interactions,0
4410,look out for sb/sth,C2,Daily_Life,General_Interactions,0
4411,look over sb/sth,C2,Daily_Life,General_Interactions,0
4412,look round,B2,Daily_Life,General_Interactions,0
4413,look through sth,C2,Daily_Life,General_Interactions,0
4414,look to sb/sth,C2,Daily_Life,General_Interactions,0
4415,look up,B1,Daily_Life,General_Interactions,0
4416,look up sb,B2,Daily_Life,General_Interactions,0
4417,look up sth,C1,Daily_Life,General_Interactions,0
4418,look up to sb,C2,Daily_Life,General_Interactions,0
4419,lose out,B1,Daily_Life,General_Interactions,0
4420,lose out on sth,C2,Daily_Life,General_Interactions,0
4421,luck out,B1,Daily_Life,General_Interactions,0
4422,make after sb,C2,Daily_Life,General_Interactions,0
4423,make away with sth,C2,Daily_Life,General_Interactions,0
4424,make do with sth,C2,Daily_Life,General_Interactions,0
4425,make for sth,C1,Daily_Life,General_Interactions,0
4426,make into sth,C2,Daily_Life,General_Interactions,0
4427,make it up to sb,C2,Daily_Life,General_Interactions,0
4428,make of sth,C1,Daily_Life,General_Interactions,0
4429,make off,B1,Daily_Life,General_Interactions,0
4430,make out sb/sth,C2,Daily_Life,General_Interactions,0
4431,make over sth,C2,Daily_Life,General_Interactions,0
4432,make up for sth,C2,Daily_Life,General_Interactions,0
4433,make up sth,C1,Daily_Life,General_Interactions,0
4434,mark down sth,C2,Daily_Life,General_Interactions,0
4435,mark up sth,C1,Daily_Life,General_Interactions,0
4436,match up,B1,Daily_Life,General_Interactions,0
4437,match up to sb/sth,C2,Daily_Life,General_Interactions,0
4438,measure out sth,C2,Daily_Life,General_Interactions,0
4439,measure up,B2,Daily_Life,General_Interactions,0
4440,measure up to sb/sth,C2,Daily_Life,General_Interactions,0
4441,meet up,B1,Daily_Life,General_Interactions,0
4442,meet with sb,C1,Daily_Life,General_Interactions,0
4443,melt down,B2,Daily_Life,General_Interactions,0
4444,mess about,B2,Daily_Life,General_Interactions,0
4445,mess around,C1,Daily_Life,General_Interactions,0
4446,mess up sth,C1,Daily_Life,General_Interactions,0
4447,mess with sb/sth,C2,Daily_Life,General_Interactions,0
4448,mill about,B2,Health_Medicine,Healthcare_Hospital,0
4449,mind out,B1,Health_Medicine,Mental_Health,0
4450,miss out sb/sth,C2,Daily_Life,General_Interactions,0
4451,mix up sb/sth,C2,Daily_Life,General_Interactions,0
4452,mouth off,B2,Daily_Life,General_Interactions,0
4453,move about,B2,Daily_Life,General_Interactions,0
4454,move along,B2,Daily_Life,General_Interactions,0
4455,move around,C1,Daily_Life,General_Interactions,0
4456,move away,B2,Daily_Life,General_Interactions,0
4457,move back,B2,Daily_Life,General_Interactions,0
4458,move down,B2,Daily_Life,General_Interactions,0
4459,move in,B1,Daily_Life,General_Interactions,0
4460,move on,B1,Daily_Life,General_Interactions,0
4461,move out,B1,Daily_Life,General_Interactions,0
4462,move over,B2,Daily_Life,General_Interactions,0
4463,move round,B2,Daily_Life,General_Interactions,0
4464,move up,B1,Daily_Life,General_Interactions,0
4465,muck about,B2,Daily_Life,General_Interactions,0
4466,muddle along,C1,Daily_Life,General_Interactions,0
4467,muddle through,C2,Daily_Life,General_Interactions,0
4468,muddle up sb/sth,C2,Daily_Life,General_Interactions,0
4469,mug up,A2,Daily_Life,General_Interactions,0
4470,name after sb/sth,C2,Daily_Life,General_Interactions,0
4471,narrow down sth,C2,Daily_Life,General_Interactions,0
4472,nod off,B1,Daily_Life,General_Interactions,0
4473,note down sth,C2,Daily_Life,General_Interactions,0
4474,object to sb/sth,C2,Daily_Life,General_Interactions,0
4475,occur to sb,C1,Daily_Life,General_Interactions,0
4476,open into sth,C2,Daily_Life,General_Interactions,0
4477,open on to sth,C2,Daily_Life,General_Interactions,0
4478,open out,B1,Daily_Life,General_Interactions,0
4479,open up,B1,Daily_Life,General_Interactions,0
4480,opt for sth,C1,Daily_Life,General_Interactions,0
4481,opt out,B1,Daily_Life,General_Interactions,0
4482,opt out of sth,C2,Daily_Life,General_Interactions,0
4483,order about sb,C2,Daily_Life,General_Interactions,0
4484,own up,A2,Daily_Life,General_Interactions,0
4485,pack away sth,C2,Daily_Life,General_Interactions,0
4486,pack in,B1,Daily_Life,General_Interactions,0
4487,pack off sb,C1,Daily_Life,General_Interactions,0
4488,pack out,B1,Daily_Life,General_Interactions,0
4489,pack up,B1,Daily_Life,General_Interactions,0
4490,pair off,B1,Technology_Digital,Artificial_Intelligence,0
4491,pair up,B1,Technology_Digital,Artificial_Intelligence,0
4492,pan out,B1,Daily_Life,General_Interactions,0
4493,part with sth,C2,Communication_Media_Arts,Arts_Creativity,0
4494,pass away,B2,Education,Exams_Assessments,0
4495,pass back sth,C2,Education,Exams_Assessments,0
4496,pass by sb/sth,C2,Education,Exams_Assessments,0
4497,pass down sth,C2,Education,Exams_Assessments,0
4498,pass for sb/sth,C2,Education,Exams_Assessments,0
4499,pass off,B1,Education,Exams_Assessments,0
4500,pass on sth,C1,Education,Exams_Assessments,0
4501,pass out,B1,Education,Exams_Assessments,0
4502,pass over sb/sth,C2,Education,Exams_Assessments,0
4503,pass round sth,C2,Education,Exams_Assessments,0
4504,pass through sth,C2,Education,Exams_Assessments,0
4505,pass up sth,C1,Education,Exams_Assessments,0
4506,patch up sth,C1,Daily_Life,General_Interactions,0
4507,pencil in sb/sth,C2,Daily_Life,General_Interactions,0
4508,perk up,B1,Daily_Life,General_Interactions,0
4509,phase in sth,C1,Daily_Life,General_Interactions,0
4510,phase out sth,C2,Daily_Life,General_Interactions,0
4511,phone back sb,C2,Technology_Digital,Devices_Hardware,0
4512,phone in,B1,Technology_Digital,Devices_Hardware,0
4513,phone up sb,C1,Technology_Digital,Devices_Hardware,0
4514,pick at sth,C1,Daily_Life,General_Interactions,0
4515,pick on sb,B2,Daily_Life,General_Interactions,0
4516,pick out sb/sth,C2,Daily_Life,General_Interactions,0
4517,pick up sb/sth,C2,Daily_Life,General_Interactions,0
4518,pile up,B1,Daily_Life,General_Interactions,0
4519,pin down sb,C1,Daily_Life,General_Interactions,0
4520,pin on sb/sth,C2,Daily_Life,General_Interactions,0
4521,pin up sth,B2,Daily_Life,General_Interactions,0
4522,pitch in,B1,Daily_Life,General_Interactions,0
4523,play about,B2,Communication_Media_Arts,Speaking_Expressions,0
4524,play along,B2,Communication_Media_Arts,Speaking_Expressions,0
4525,play around,C1,Communication_Media_Arts,Speaking_Expressions,0
4526,play at sth,C1,Communication_Media_Arts,Speaking_Expressions,0
4527,play back sth,C2,Communication_Media_Arts,Speaking_Expressions,0
4528,play down sth,C2,Communication_Media_Arts,Speaking_Expressions,0
4529,play off,B1,Communication_Media_Arts,Speaking_Expressions,0
4530,play on sth,C1,Communication_Media_Arts,Speaking_Expressions,0
4531,play out,B1,Communication_Media_Arts,Speaking_Expressions,0
4532,play up,B1,Communication_Media_Arts,Speaking_Expressions,0
4533,play with sb/sth,C2,Communication_Media_Arts,Speaking_Expressions,0
4534,plough into sth,C2,Daily_Life,General_Interactions,0
4535,pluck up,B1,Daily_Life,General_Interactions,0
4536,plug in,B1,Daily_Life,General_Interactions,0
4537,plug into sth,C2,Daily_Life,General_Interactions,0
4538,point out sb/sth,C2,Daily_Life,General_Interactions,0
4539,point to sth,C1,Daily_Life,General_Interactions,0
4540,polish off sth,C2,Daily_Life,General_Interactions,0
4541,polish up sth,C2,Daily_Life,General_Interactions,0
4542,pop in,A2,Daily_Life,General_Interactions,0
4543,pop off,B1,Daily_Life,General_Interactions,0
4544,pop out,B1,Daily_Life,General_Interactions,0
4545,pop round,B2,Daily_Life,General_Interactions,0
4546,pop up,A2,Daily_Life,General_Interactions,0
4547,pour down,B2,Daily_Life,General_Interactions,0
4548,pour in,B1,Daily_Life,General_Interactions,0
4549,pour out sth,C1,Daily_Life,General_Interactions,0
4550,press for sth,C2,Communication_Media_Arts,Media_Journalism,0
4551,press on,B1,Communication_Media_Arts,Media_Journalism,0
4552,press up,B1,Communication_Media_Arts,Media_Journalism,0
4553,print out sth,C2,Daily_Life,General_Interactions,0
4554,prop up sth,C1,Daily_Life,General_Interactions,0
4555,pull ahead,B2,Daily_Life,General_Interactions,0
4556,pull away,B2,Daily_Life,General_Interactions,0
4557,pull back,B2,Daily_Life,General_Interactions,0
4558,pull down sth,C2,Daily_Life,General_Interactions,0
4559,pull in,B1,Daily_Life,General_Interactions,0
4560,pull into sth,C2,Daily_Life,General_Interactions,0
4561,pull off sth,C1,Daily_Life,General_Interactions,0
4562,pull on sth,C1,Daily_Life,General_Interactions,0
4563,pull out,B1,Daily_Life,General_Interactions,0
4564,pull over,B2,Daily_Life,General_Interactions,0
4565,pull through,C1,Daily_Life,General_Interactions,0
4566,pull together,C2,Daily_Life,General_Interactions,0
4567,pull up,B1,Daily_Life,General_Interactions,0
4568,pump into sth,C2,Daily_Life,General_Interactions,0
4569,pump up,B1,Daily_Life,General_Interactions,0
4570,push ahead,B2,Daily_Life,General_Interactions,0
4571,push around sb,C2,Daily_Life,General_Interactions,0
4572,push aside sb/sth,C2,Daily_Life,General_Interactions,0
4573,push back,B2,Daily_Life,General_Interactions,0
4574,push for sth,C1,Daily_Life,General_Interactions,0
4575,push in,B1,Daily_Life,General_Interactions,0
4576,push off,B1,Daily_Life,General_Interactions,0
4577,push on,B1,Daily_Life,General_Interactions,0
4578,push over sb/sth,C2,Daily_Life,General_Interactions,0
4579,push through sth,C2,Daily_Life,General_Interactions,0
4580,put about,B2,Daily_Life,General_Interactions,0
4581,put across sth,C2,Daily_Life,General_Interactions,0
4582,put aside sth,C2,Daily_Life,General_Interactions,0
4583,put at sth,B2,Daily_Life,General_Interactions,0
4584,put away sth,C1,Daily_Life,General_Interactions,0
4585,put back sth,C1,Daily_Life,General_Interactions,0
4586,put by sth,B2,Daily_Life,General_Interactions,0
4587,put down sb/sth,C2,Daily_Life,General_Interactions,0
4588,put forward sth,C2,Society_Law_Politics,Law_Crime,0
4589,put in sth,B2,Daily_Life,General_Interactions,0
4590,put off sth/doing sth,C2,Daily_Life,General_Interactions,0
4591,put on sth,B2,Daily_Life,General_Interactions,0
4592,put out sth,C1,Daily_Life,General_Interactions,0
4593,put over sth,C1,Daily_Life,General_Interactions,0
4594,put sb up to sth,C2,Daily_Life,General_Interactions,0
4595,put through sb,C2,Daily_Life,General_Interactions,0
4596,put to sb/sth,C2,Daily_Life,General_Interactions,0
4597,put together sth,C2,Daily_Life,General_Interactions,0
4598,put up sth,B2,Daily_Life,General_Interactions,0
4599,put up with sb/sth,C2,Daily_Life,General_Interactions,0
4600,puzzle out sth,C2,Daily_Life,General_Interactions,0
4601,quarrel with sb,C2,Daily_Life,General_Interactions,0
4602,queue up,B1,Daily_Life,General_Interactions,0
4603,race off,B1,Daily_Life,General_Interactions,0
4604,rack up sth,C1,Daily_Life,General_Interactions,0
4605,rail against sb/sth,C2,Technology_Digital,Artificial_Intelligence,0
4606,rain off,B1,Technology_Digital,Artificial_Intelligence,0
4607,rain out,B1,Technology_Digital,Artificial_Intelligence,0
4608,raise up sb/sth,C2,Technology_Digital,Artificial_Intelligence,0
4609,ramp up sth,C1,Daily_Life,General_Interactions,0
4610,range over,B2,Daily_Life,General_Interactions,0
4611,rank with sb/sth,C2,Daily_Life,General_Interactions,0
4612,rant at sb,B2,Daily_Life,General_Interactions,0
4613,rap over,B1,Daily_Life,General_Interactions,0
4614,rat on sb,B2,Daily_Life,General_Interactions,0
4615,rate above sb/sth,C2,Business_Finance_Economy,Economy_Markets,0
4616,rate among sb/sth,C2,Business_Finance_Economy,Economy_Markets,0
4617,reach down sth,C2,Daily_Life,General_Interactions,0
4618,reach for sth,C2,Daily_Life,General_Interactions,0
4619,reach out,B2,Daily_Life,General_Interactions,0
4620,read back,B2,Communication_Media_Arts,Speaking_Expressions,0
4621,read into sth,C2,Communication_Media_Arts,Speaking_Expressions,0
4622,read of sth,C1,Communication_Media_Arts,Speaking_Expressions,0
4623,read out sth,C1,Communication_Media_Arts,Speaking_Expressions,0
4624,read over sth,C2,Communication_Media_Arts,Speaking_Expressions,0
4625,read through sth,C2,Communication_Media_Arts,Speaking_Expressions,0
4626,read up on sth,C2,Communication_Media_Arts,Speaking_Expressions,0
4627,reason with sb,C2,Daily_Life,General_Interactions,0
4628,reckon on sth,C2,Daily_Life,General_Interactions,0
4629,reckon with sb/sth,C2,Daily_Life,General_Interactions,0
4630,recover from sth,C2,Health_Medicine,Healthcare_Hospital,0
4631,refer to sb/sth,C2,Daily_Life,General_Interactions,0
4632,rely on sb/sth,C2,Daily_Life,General_Interactions,0
4633,remain in,B2,Technology_Digital,Artificial_Intelligence,0
4634,remain with sb,C2,Technology_Digital,Artificial_Intelligence,0
4635,render down,C1,Daily_Life,General_Interactions,0
4636,repair to,B2,Technology_Digital,Artificial_Intelligence,0
4637,report back,C1,Communication_Media_Arts,Media_Journalism,0
4638,resign from sth,C2,Business_Finance_Economy,Jobs_Careers,0
4639,resort to sth,C2,Travel_Transportation,Hotels_Tourism,0
4640,rest on sb/sth,C2,Daily_Life,General_Interactions,0
4641,restore to sb/sth,C2,Daily_Life,Shopping_Everyday,0
4642,result from sth,C2,Daily_Life,General_Interactions,0
4643,result in sth,C2,Daily_Life,General_Interactions,0
4644,retire from sth,C2,Daily_Life,General_Interactions,0
4645,return to sb/sth,C2,Daily_Life,General_Interactions,0
4646,revolve around sb/sth,C2,Daily_Life,General_Interactions,0
4647,ride out sth,C1,Daily_Life,General_Interactions,0
4648,ring back sb,C1,Daily_Life,General_Interactions,0
4649,ring in,B1,Daily_Life,General_Interactions,0
4650,ring off,B1,Daily_Life,General_Interactions,0
4651,ring round,B2,Daily_Life,General_Interactions,0
4652,ring up sb,B2,Daily_Life,General_Interactions,0
4653,rip off sb,B2,Daily_Life,General_Interactions,0
4654,rise above sth,C2,Daily_Life,General_Interactions,0
4655,rise to sth,C1,Daily_Life,General_Interactions,0
4656,roll back sth,C2,Daily_Life,General_Interactions,0
4657,roll in,B1,Daily_Life,General_Interactions,0
4658,roll on,B1,Daily_Life,General_Interactions,0
4659,roll out sth,C1,Daily_Life,General_Interactions,0
4660,roll over,B2,Daily_Life,General_Interactions,0
4661,roll up,B1,Daily_Life,General_Interactions,0
4662,root about,B2,Daily_Life,General_Interactions,0
4663,root for sb,C1,Daily_Life,General_Interactions,0
4664,root out sb/sth,C2,Daily_Life,General_Interactions,0
4665,rope in sb,B2,Daily_Life,General_Interactions,0
4666,rub along,B2,Daily_Life,General_Interactions,0
4667,rub down,B1,Daily_Life,General_Interactions,0
4668,rub in sth,B2,Daily_Life,General_Interactions,0
4669,rub off,B1,Daily_Life,General_Interactions,0
4670,rub out sb/sth,C2,Daily_Life,General_Interactions,0
4671,rub up,A2,Daily_Life,General_Interactions,0
4672,rule out sb/sth,C2,Society_Law_Politics,Law_Crime,0
4673,run about,B2,Daily_Life,General_Interactions,0
4674,run across sb/sth,C2,Daily_Life,General_Interactions,0
4675,run after sb/sth,C2,Daily_Life,General_Interactions,0
4676,run against sb/sth,C2,Technology_Digital,Artificial_Intelligence,0
4677,run along,B2,Daily_Life,General_Interactions,0
4678,run around,B2,Daily_Life,General_Interactions,0
4679,run at sb/sth,C2,Daily_Life,General_Interactions,0
4680,run away,B1,Daily_Life,General_Interactions,0
4681,run away with sb/sth,C2,Daily_Life,General_Interactions,0
4682,run back,B1,Daily_Life,General_Interactions,0
4683,run by sb/sth,C2,Daily_Life,General_Interactions,0
4684,run down sb/sth,C2,Daily_Life,General_Interactions,0
4685,run for sth,C1,Daily_Life,General_Interactions,0
4686,run in,A2,Daily_Life,General_Interactions,0
4687,run into sb/sth,C2,Daily_Life,General_Interactions,0
4688,run off,B1,Daily_Life,General_Interactions,0
4689,run on,A2,Daily_Life,General_Interactions,0
4690,run out,B1,Daily_Life,General_Interactions,0
4691,run over sb/sth,C2,Daily_Life,General_Interactions,0
4692,run through sth,C2,Daily_Life,General_Interactions,0
4693,run to sth,B2,Daily_Life,General_Interactions,0
4694,run up against sb/sth,C2,Technology_Digital,Artificial_Intelligence,0
4695,run up sth,B2,Daily_Life,General_Interactions,0
4696,rush into sth,C2,Daily_Life,General_Interactions,0
4697,rush through sth,C2,Daily_Life,General_Interactions,0
4698,sail through sth,C2,Technology_Digital,Artificial_Intelligence,0
4699,save up sth,C1,Daily_Life,General_Interactions,0
4700,scare away sb/sth,C2,Travel_Transportation,Road_Travel,0
4701,scrape through sth,C2,Daily_Life,General_Interactions,0
4702,scratch around,C2,Daily_Life,General_Interactions,0
4703,scratch out sth,C2,Daily_Life,General_Interactions,0
4704,screw up sth,C1,Daily_Life,General_Interactions,0
4705,scribble down sth,C2,Daily_Life,General_Interactions,0
4706,scroll down,C1,Daily_Life,General_Interactions,0
4707,scroll up,B2,Daily_Life,General_Interactions,0
4708,search for sb/sth,C2,Technology_Digital,Software_Internet,0
4709,search out sb/sth,C2,Technology_Digital,Software_Internet,0
4710,see about sth,C2,Daily_Life,General_Interactions,0
4711,see around sb,C2,Daily_Life,General_Interactions,0
4712,see in,A2,Daily_Life,General_Interactions,0
4713,see off sb,B2,Daily_Life,General_Interactions,0
4714,see out sb,B2,Daily_Life,General_Interactions,0
4715,see over sth,C1,Daily_Life,General_Interactions,0
4716,see through sb/sth,C2,Daily_Life,General_Interactions,0
4717,see to sb/sth,C2,Daily_Life,General_Interactions,0
4718,seek after sb/sth,C2,Daily_Life,General_Interactions,0
4719,seek out sb/sth,C2,Daily_Life,General_Interactions,0
4720,sell off sth,C1,Business_Finance_Economy,Business_Management,0
4721,sell out,B1,Business_Finance_Economy,Business_Management,0
4722,sell up,B1,Business_Finance_Economy,Business_Management,0
4723,send away,B2,Daily_Life,General_Interactions,0
4724,send away for sth,C2,Daily_Life,General_Interactions,0
4725,send back sth,C2,Daily_Life,General_Interactions,0
4726,send for sb,C1,Daily_Life,General_Interactions,0
4727,send in sth,C1,Daily_Life,General_Interactions,0
4728,send off sb/sth,C2,Daily_Life,General_Interactions,0
4729,send on sth,C1,Daily_Life,General_Interactions,0
4730,send out sb/sth,C2,Daily_Life,General_Interactions,0
4731,send round sth,C2,Daily_Life,General_Interactions,0
4732,send up sb/sth,C2,Daily_Life,General_Interactions,0
4733,separate out,C1,Business_Finance_Economy,Economy_Markets,0
4734,serve out,B2,Daily_Life,General_Interactions,0
4735,serve up,B1,Daily_Life,General_Interactions,0
4736,set about sth/doing sth,C2,Daily_Life,General_Interactions,0
4737,set against sb/sth,C2,Technology_Digital,Artificial_Intelligence,0
4738,set apart sb/sth,C2,Communication_Media_Arts,Arts_Creativity,0
4739,set aside sth,C2,Daily_Life,General_Interactions,0
4740,set back sb/sth,C2,Daily_Life,General_Interactions,0
4741,set down sth,C1,Daily_Life,General_Interactions,0
4742,set forth,B2,Daily_Life,General_Interactions,0
4743,set in,A2,Daily_Life,General_Interactions,0
4744,set off,B1,Daily_Life,General_Interactions,0
4745,set on sb/sth,C2,Daily_Life,General_Interactions,0
4746,set out,B1,Daily_Life,General_Interactions,0
4747,set to,A2,Daily_Life,General_Interactions,0
4748,set up sth,B2,Daily_Life,General_Interactions,0
4749,settle down,C1,Daily_Life,General_Interactions,0
4750,settle for sb/sth,C2,Daily_Life,General_Interactions,0
4751,settle in,B2,Daily_Life,General_Interactions,0
4752,settle on sth,C2,Daily_Life,General_Interactions,0
4753,settle up,B2,Daily_Life,General_Interactions,0
4754,sex up sth,B2,Daily_Life,General_Interactions,0
4755,shake down,B2,Daily_Life,General_Interactions,0
4756,shake off sb/sth,C2,Daily_Life,General_Interactions,0
4757,shake up sb/sth,C2,Daily_Life,General_Interactions,0
4758,shoot away,B2,Daily_Life,General_Interactions,0
4759,shoot down sb/sth,C2,Daily_Life,General_Interactions,0
4760,shoot out,B2,Daily_Life,General_Interactions,0
4761,shoot through,C2,Daily_Life,General_Interactions,0
4762,shoot up,B1,Daily_Life,General_Interactions,0
4763,shop around,C1,Daily_Life,Shopping_Everyday,0
4764,shorten down,C1,Daily_Life,General_Interactions,0
4765,shout down,B2,Daily_Life,General_Interactions,0
4766,shout out,B2,Daily_Life,General_Interactions,0
4767,show around sb,C2,Daily_Life,General_Interactions,0
4768,show in sb,B2,Daily_Life,General_Interactions,0
4769,show off,B1,Daily_Life,General_Interactions,0
4770,show out sb,C1,Daily_Life,General_Interactions,0
4771,show over sb,C1,Daily_Life,General_Interactions,0
4772,show round sb,C2,Daily_Life,General_Interactions,0
4773,show up,B1,Daily_Life,General_Interactions,0
4774,shrug off sth,C2,Daily_Life,General_Interactions,0
4775,shut away sb/sth,C2,Daily_Life,General_Interactions,0
4776,shut down,B2,Daily_Life,General_Interactions,0
4777,shut in sb/sth,C2,Daily_Life,General_Interactions,0
4778,shut off sth,C1,Daily_Life,General_Interactions,0
4779,shut out sb/sth,C2,Daily_Life,General_Interactions,0
4780,shut up,B1,Daily_Life,General_Interactions,0
4781,side with sb,C1,Daily_Life,General_Interactions,0
4782,sign away sth,C2,Daily_Life,General_Interactions,0
4783,sign in,B1,Daily_Life,General_Interactions,0
4784,sign off,B1,Daily_Life,General_Interactions,0
4785,sign on,B1,Daily_Life,General_Interactions,0
4786,sign out,B1,Daily_Life,General_Interactions,0
4787,sign up,B1,Daily_Life,General_Interactions,0
4788,sink in,B1,Daily_Life,General_Interactions,0
4789,sit about,B2,Daily_Life,General_Interactions,0
4790,sit around,B2,Daily_Life,General_Interactions,0
4791,sit back,B1,Daily_Life,General_Interactions,0
4792,sit down,B1,Daily_Life,General_Interactions,0
4793,sit in,A2,Daily_Life,General_Interactions,0
4794,sit on sth,B2,Daily_Life,General_Interactions,0
4795,sit out,B1,Daily_Life,General_Interactions,0
4796,sit over,B1,Daily_Life,General_Interactions,0
4797,sit through sth,C2,Daily_Life,General_Interactions,0
4798,sit up,A2,Daily_Life,General_Interactions,0
4799,size up sb/sth,C2,Daily_Life,General_Interactions,0
4800,skate over sth,C2,Daily_Life,General_Interactions,0
4801,skimp on sth,C1,Daily_Life,General_Interactions,0
4802,skip over sth,C2,Daily_Life,General_Interactions,0
4803,slack off,B2,Daily_Life,General_Interactions,0
4804,slap down,B2,Daily_Life,General_Interactions,0
4805,slave away,B2,Daily_Life,General_Interactions,0
4806,sleep around,C1,Health_Medicine,Healthcare_Hospital,0
4807,sleep in,B1,Health_Medicine,Healthcare_Hospital,0
4808,sleep on sth,C1,Health_Medicine,Healthcare_Hospital,0
4809,sleep over,B2,Health_Medicine,Healthcare_Hospital,0
4810,sleep through sth,C2,Health_Medicine,Healthcare_Hospital,0
4811,sleep together,C2,Health_Medicine,Healthcare_Hospital,0
4812,slide by,B1,Daily_Life,General_Interactions,0
4813,slide over,B2,Daily_Life,General_Interactions,0
4814,slim down,B2,Daily_Life,General_Interactions,0
4815,slip away,B2,Daily_Life,General_Interactions,0
4816,slip back,B2,Daily_Life,General_Interactions,0
4817,slip down,B2,Daily_Life,General_Interactions,0
4818,slip in,B1,Daily_Life,General_Interactions,0
4819,slip off,B1,Daily_Life,General_Interactions,0
4820,slip out,B1,Daily_Life,General_Interactions,0
4821,slip over,B2,Daily_Life,General_Interactions,0
4822,slip through,C1,Daily_Life,General_Interactions,0
4823,slip up,B1,Daily_Life,General_Interactions,0
4824,slow down,B2,Daily_Life,General_Interactions,0
4825,slow up,B1,Daily_Life,General_Interactions,0
4826,smash down sth,C2,Daily_Life,General_Interactions,0
4827,smash up sth,C1,Daily_Life,General_Interactions,0
4828,smell out,B2,Daily_Life,General_Interactions,0
4829,smooth over sth,C2,Daily_Life,General_Interactions,0
4830,snap at sb,B2,Daily_Life,General_Interactions,0
4831,snap off,B1,Daily_Life,General_Interactions,0
4832,snap out of sth,C2,Daily_Life,General_Interactions,0
4833,snap up sth,C1,Daily_Life,General_Interactions,0
4834,sneak up,B1,Daily_Life,General_Interactions,0
4835,sniff out,B2,Daily_Life,General_Interactions,0
4836,snow in,B1,Daily_Life,General_Interactions,0
4837,snow under,B2,Daily_Life,General_Interactions,0
4838,sober up,B1,Daily_Life,General_Interactions,0
4839,soften up sb/sth,C2,Daily_Life,General_Interactions,0
4840,sort out sb/sth,C2,Daily_Life,General_Interactions,0
4841,sound out sb,C1,Daily_Life,General_Interactions,0
4842,spark off sth,C2,Daily_Life,General_Interactions,0
4843,speak for sb/sth,C2,Communication_Media_Arts,Speaking_Expressions,0
4844,speak out,B2,Communication_Media_Arts,Speaking_Expressions,0
4845,speak up,B1,Communication_Media_Arts,Speaking_Expressions,0
4846,spell out sth,C2,Communication_Media_Arts,Writing_Language,0
4847,spend on sth,C1,Daily_Life,General_Interactions,0
4848,spin off,B1,Daily_Life,General_Interactions,0
4849,spin out,B1,Daily_Life,General_Interactions,0
4850,splash out,B2,Daily_Life,General_Interactions,0
4851,split off,B2,Daily_Life,General_Interactions,0
4852,split up,B1,Daily_Life,General_Interactions,0
4853,sponge off sb/sth,C2,Daily_Life,General_Interactions,0
4854,spread out,B2,Communication_Media_Arts,Speaking_Expressions,0
4855,spring from sth,C2,Daily_Life,General_Interactions,0
4856,spring up,B2,Daily_Life,General_Interactions,0
4857,spy on sb/sth,C2,Daily_Life,General_Interactions,0
4858,square up,B2,Daily_Life,General_Interactions,0
4859,squeeze in sb/sth,C2,Daily_Life,General_Interactions,0
4860,squeeze out sb/sth,C2,Daily_Life,General_Interactions,0
4861,stack up,B1,Daily_Life,General_Interactions,0
4862,stamp out sth,C2,Daily_Life,General_Interactions,0
4863,stand about,C1,Daily_Life,General_Interactions,0
4864,stand around,C1,Daily_Life,General_Interactions,0
4865,stand back,B2,Daily_Life,General_Interactions,0
4866,stand by sb,C1,Daily_Life,General_Interactions,0
4867,stand down,B2,Daily_Life,General_Interactions,0
4868,stand for sb/sth,C2,Daily_Life,General_Interactions,0
4869,stand in for sb,C2,Daily_Life,General_Interactions,0
4870,stand off,B2,Daily_Life,General_Interactions,0
4871,stand on sth,C1,Daily_Life,General_Interactions,0
4872,stand out,B2,Daily_Life,General_Interactions,0
4873,stand over sb,C2,Daily_Life,General_Interactions,0
4874,stand round,C1,Daily_Life,General_Interactions,0
4875,stand up,B1,Daily_Life,General_Interactions,0
4876,stand up for sb/sth,C2,Daily_Life,General_Interactions,0
4877,stand up to sb/sth,C2,Daily_Life,General_Interactions,0
4878,stare at sb/sth,C2,Science_Nature,Natural_Phenomena,0
4879,stare out sb,C1,Science_Nature,Natural_Phenomena,0
4880,start off,B2,Communication_Media_Arts,Arts_Creativity,0
4881,start on sb/sth,C2,Communication_Media_Arts,Arts_Creativity,0
4882,start out,B2,Communication_Media_Arts,Arts_Creativity,0
4883,start over,B2,Communication_Media_Arts,Arts_Creativity,0
4884,start up,B1,Communication_Media_Arts,Arts_Creativity,0
4885,starve of,B2,Science_Nature,Natural_Phenomena,0
4886,stay ahead,B2,Daily_Life,General_Interactions,0
4887,stay away,B2,Daily_Life,General_Interactions,0
4888,stay away from sb/sth,C2,Daily_Life,General_Interactions,0
4889,stay behind,C1,Daily_Life,General_Interactions,0
4890,stay in,B1,Daily_Life,General_Interactions,0
4891,stay off sb/sth,C2,Daily_Life,General_Interactions,0
4892,stay on,B1,Daily_Life,General_Interactions,0
4893,stay out,B1,Daily_Life,General_Interactions,0
4894,stay out of sth,C2,Daily_Life,General_Interactions,0
4895,stay over,B2,Daily_Life,General_Interactions,0
4896,stay put,B1,Daily_Life,General_Interactions,0
4897,stay up,B1,Daily_Life,General_Interactions,0
4898,steal away,B2,Daily_Life,General_Interactions,0
4899,steam up,B1,Daily_Life,General_Interactions,0
4900,steer clear of sb/sth,C2,Daily_Life,General_Interactions,0
4901,stem from sth,C2,Daily_Life,General_Interactions,0
4902,step aside,B2,Daily_Life,General_Interactions,0
4903,step back,B2,Daily_Life,General_Interactions,0
4904,step down,B2,Daily_Life,General_Interactions,0
4905,step forward,C1,Society_Law_Politics,Law_Crime,0
4906,step in,B1,Daily_Life,General_Interactions,0
4907,step on it,B2,Daily_Life,General_Interactions,0
4908,step out,B1,Daily_Life,General_Interactions,0
4909,step up,B1,Daily_Life,General_Interactions,0
4910,stick around,C1,Daily_Life,General_Interactions,0
4911,stick at sth,C1,Daily_Life,General_Interactions,0
4912,stick by sb,C1,Daily_Life,General_Interactions,0
4913,stick down,B2,Daily_Life,General_Interactions,0
4914,stick out,B2,Daily_Life,General_Interactions,0
4915,stick to sth,C1,Daily_Life,General_Interactions,0
4916,stick together,C2,Daily_Life,General_Interactions,0
4917,stick up,B1,Daily_Life,General_Interactions,0
4918,stick up for sb/sth,C2,Daily_Life,General_Interactions,0
4919,stick with sb/sth,C2,Daily_Life,General_Interactions,0
4920,stir in,B1,Daily_Life,General_Interactions,0
4921,stir up sth,C1,Daily_Life,General_Interactions,0
4922,stitch up,B2,Daily_Life,General_Interactions,0
4923,stock up on sth,C2,Business_Finance_Economy,Business_Management,0
4924,stop around,C1,Daily_Life,General_Interactions,0
4925,stop at,B1,Daily_Life,General_Interactions,0
4926,stop behind,C1,Daily_Life,General_Interactions,0
4927,stop by,B1,Daily_Life,General_Interactions,0
4928,stop in,B1,Daily_Life,General_Interactions,0
4929,stop off,B1,Daily_Life,General_Interactions,0
4930,stop on,B1,Daily_Life,General_Interactions,0
4931,stop out,B1,Daily_Life,General_Interactions,0
4932,stop over,B2,Daily_Life,General_Interactions,0
4933,stop up,B1,Daily_Life,General_Interactions,0
4934,store up,B1,Daily_Life,Shopping_Everyday,0
4935,stow away,B2,Daily_Life,General_Interactions,0
4936,straighten out,C2,Technology_Digital,Artificial_Intelligence,0
4937,straighten up,C2,Technology_Digital,Artificial_Intelligence,0
4938,stretch out,C1,Daily_Life,General_Interactions,0
4939,stride out,B2,Daily_Life,General_Interactions,0
4940,strike back,C1,Daily_Life,General_Interactions,0
4941,strike out,B2,Daily_Life,General_Interactions,0
4942,string along sb,C2,Daily_Life,General_Interactions,0
4943,string together,C2,Daily_Life,General_Interactions,0
4944,strip down,B2,Travel_Transportation,Hotels_Tourism,0
4945,strip off,B2,Travel_Transportation,Hotels_Tourism,0
4946,struggle on,C1,Daily_Life,General_Interactions,0
4947,stub out,B1,Daily_Life,General_Interactions,0
4948,stuff up,B1,Daily_Life,General_Interactions,0
4949,stumble across,C2,Daily_Life,General_Interactions,0
4950,stumble on,B2,Daily_Life,General_Interactions,0
4951,submit to sb/sth,C2,Daily_Life,General_Interactions,0
4952,subscribe to sth,C2,Daily_Life,General_Interactions,0
4953,succeed in sth,C2,Daily_Life,General_Interactions,0
4954,suffer from sth,C2,Health_Medicine,Illness_Diseases,0
4955,sum up sb/sth,C2,Daily_Life,General_Interactions,0
4956,summon up,B2,Daily_Life,General_Interactions,0
4957,supply with,C1,Business_Finance_Economy,Economy_Markets,0
4958,surrender to sb/sth,C2,Daily_Life,General_Interactions,0
4959,surround with sb/sth,C2,Daily_Life,General_Interactions,0
4960,survive on sth,C2,Daily_Life,General_Interactions,0
4961,suspect of sb/sth,C2,Daily_Life,General_Interactions,0
4962,suspend from,C1,Daily_Life,General_Interactions,0
4963,suss out sb/sth,C2,Daily_Life,General_Interactions,0
4964,swallow up,B2,Daily_Life,General_Interactions,0
4965,swear by sb/sth,C2,Daily_Life,General_Interactions,0
4966,swear in,B1,Daily_Life,General_Interactions,0
4967,swear off,B2,Daily_Life,General_Interactions,0
4968,sweat out,B2,Health_Medicine,Healthcare_Hospital,0
4969,sweep away,B2,Daily_Life,General_Interactions,0
4970,sweep through,C2,Daily_Life,General_Interactions,0
4971,sweep up,B1,Daily_Life,General_Interactions,0
4972,swell up,B1,Daily_Life,General_Interactions,0
4973,switch off,B2,Daily_Life,General_Interactions,0
4974,switch on,B2,Daily_Life,General_Interactions,0
4975,switch over,C1,Daily_Life,General_Interactions,0
4976,swot up,B1,Daily_Life,General_Interactions,0
4977,sympathise with sb,C2,Daily_Life,General_Interactions,0
4978,tack on,B1,Daily_Life,General_Interactions,0
4979,tag along,B2,Daily_Life,General_Interactions,0
4980,tail away,B2,Technology_Digital,Artificial_Intelligence,0
4981,tail off,B1,Technology_Digital,Artificial_Intelligence,0
4982,take aback,B2,Daily_Life,General_Interactions,0
4983,take after sb,C2,Daily_Life,General_Interactions,0
4984,take apart sth,C2,Communication_Media_Arts,Arts_Creativity,0
4985,take around sb,C2,Daily_Life,General_Interactions,0
4986,take aside sb,C2,Daily_Life,General_Interactions,0
4987,take away sth,C2,Daily_Life,General_Interactions,0
4988,take back sth,C2,Daily_Life,General_Interactions,0
4989,take down sth,C2,Daily_Life,General_Interactions,0
4990,take in sb/sth,C2,Daily_Life,General_Interactions,0
4991,take off sth,C1,Travel_Transportation,Air_Travel,0
4992,take on sb/sth,C2,Daily_Life,General_Interactions,0
4993,take out sth,C1,Daily_Life,General_Interactions,0
4994,take over,B2,Daily_Life,General_Interactions,0
4995,take round sb,C2,Daily_Life,General_Interactions,0
4996,take through sb,C2,Daily_Life,General_Interactions,0
4997,take to sb/sth,C2,Daily_Life,General_Interactions,0
4998,take up on sth,C2,Daily_Life,General_Interactions,0
4999,take up sth,C1,Daily_Life,General_Interactions,0
5000,talk about sb/sth,C2,Education,Classroom_Interaction,0
5001,talk around/round sb,C2,Education,Classroom_Interaction,0
5002,talk back,B2,Education,Classroom_Interaction,0
5003,talk down to sb,C2,Education,Classroom_Interaction,0
5004,talk into sb,C1,Education,Classroom_Interaction,0
5005,talk out of sb,C2,Education,Classroom_Interaction,0
5006,talk over sth,C2,Education,Classroom_Interaction,0
5007,talk round sb,C2,Education,Classroom_Interaction,0
5008,talk through sth,C2,Education,Classroom_Interaction,0
5009,talk to sb,B2,Education,Classroom_Interaction,0
5010,talk up sb/sth,C2,Education,Classroom_Interaction,0
5011,tamper with sth,C2,Daily_Life,General_Interactions,0
5012,tangle with sb/sth,C2,Daily_Life,General_Interactions,0
5013,taper off,B2,Daily_Life,General_Interactions,0
5014,team up,B1,Daily_Life,General_Interactions,0
5015,tear apart sb/sth,C2,Communication_Media_Arts,Arts_Creativity,0
5016,tear away sb,C1,Daily_Life,General_Interactions,0
5017,tear down sth,C2,Daily_Life,General_Interactions,0
5018,tear into sb/sth,C2,Daily_Life,General_Interactions,0
5019,tear off sth,C1,Daily_Life,General_Interactions,0
5020,tear out,B1,Daily_Life,General_Interactions,0
5021,tear up sth,C1,Daily_Life,General_Interactions,0
5022,tee off,B1,Daily_Life,General_Interactions,0
5023,tell against sb,C2,Technology_Digital,Artificial_Intelligence,0
5024,tell apart sb/sth,C2,Communication_Media_Arts,Arts_Creativity,0
5025,tell from sb/sth,C2,Communication_Media_Arts,Speaking_Expressions,0
5026,tell off sb,C1,Communication_Media_Arts,Speaking_Expressions,0
5027,tell on sb,B2,Communication_Media_Arts,Speaking_Expressions,0
5028,tempt into,B2,Daily_Life,General_Interactions,0
5029,tend to sb/sth,C2,Daily_Life,General_Interactions,0
5030,test out sth,C1,Education,Exams_Assessments,0
5031,text back sb,C1,Daily_Life,General_Interactions,0
5032,thaw out sth,C1,Daily_Life,General_Interactions,0
5033,think about sb/sth,C2,Daily_Life,General_Interactions,0
5034,think ahead,C1,Daily_Life,General_Interactions,0
5035,think back,B2,Daily_Life,General_Interactions,0
5036,think of sb/sth,C2,Daily_Life,General_Interactions,0
5037,think out sth,C2,Daily_Life,General_Interactions,0
5038,think over sth,C2,Daily_Life,General_Interactions,0
5039,think through sth,C2,Daily_Life,General_Interactions,0
5040,think up sth,C1,Daily_Life,General_Interactions,0
5041,thrash out sth,C2,Daily_Life,General_Interactions,0
5042,thread through,C2,Communication_Media_Arts,Speaking_Expressions,0
5043,threaten with,C2,Health_Medicine,Healthcare_Hospital,0
5044,thrive on sth,C2,Daily_Life,General_Interactions,0
5045,throw about,C1,Daily_Life,General_Interactions,0
5046,throw away sth,C2,Daily_Life,General_Interactions,0
5047,throw back sth,C2,Daily_Life,General_Interactions,0
5048,throw down,B2,Daily_Life,General_Interactions,0
5049,throw in,B1,Daily_Life,General_Interactions,0
5050,throw off sb/sth,C2,Daily_Life,General_Interactions,0
5051,throw on,B1,Daily_Life,General_Interactions,0
5052,throw open,B2,Daily_Life,General_Interactions,0
5053,throw out sb/sth,C2,Daily_Life,General_Interactions,0
5054,throw over,B2,Daily_Life,General_Interactions,0
5055,throw together,C2,Daily_Life,General_Interactions,0
5056,throw up sth,C1,Daily_Life,General_Interactions,0
5057,tick off sb,C1,Daily_Life,General_Interactions,0
5058,tide over,B2,Daily_Life,General_Interactions,0
5059,tidy away sth,C2,Daily_Life,General_Interactions,0
5060,tidy up,B1,Daily_Life,General_Interactions,0
5061,tie back,B1,Daily_Life,General_Interactions,0
5062,tie down,B1,Daily_Life,General_Interactions,0
5063,tie in,A2,Daily_Life,General_Interactions,0
5064,tie in with sb/sth,C2,Daily_Life,General_Interactions,0
5065,tie on,A2,Daily_Life,General_Interactions,0
5066,tie up,A2,Daily_Life,General_Interactions,0
5067,time out,B1,Daily_Life,Time_Management,0
5068,tip off sb,B2,Daily_Life,General_Interactions,0
5069,tip out,B1,Daily_Life,General_Interactions,0
5070,tip over,B1,Daily_Life,General_Interactions,0
5071,tire of sb/sth,C2,Daily_Life,General_Interactions,0
5072,tire out sb,C1,Daily_Life,General_Interactions,0
5073,top up,A2,Daily_Life,General_Interactions,0
5074,toss off,B1,Daily_Life,General_Interactions,0
5075,toss up,B1,Daily_Life,General_Interactions,0
5076,total up,B1,Daily_Life,General_Interactions,0
5077,touch down,B2,Daily_Life,General_Interactions,0
5078,touch on/upon sth,C2,Daily_Life,General_Interactions,0
5079,touch up,B1,Daily_Life,General_Interactions,0
5080,toughen up,B2,Daily_Life,General_Interactions,0
5081,tow away,B1,Daily_Life,General_Interactions,0
5082,track down sb/sth,C2,Daily_Life,General_Interactions,0
5083,trade in,B1,Business_Finance_Economy,Economy_Markets,0
5084,trade off,B2,Business_Finance_Economy,Economy_Markets,0
5085,trail off,B2,Technology_Digital,Artificial_Intelligence,0
5086,train up,B1,Technology_Digital,Artificial_Intelligence,0
5087,trample on sb/sth,C2,Travel_Transportation,Public_Transport,0
5088,transfer to,C1,Daily_Life,General_Interactions,0
5089,transform into,C2,Daily_Life,General_Interactions,0
5090,translate into,C2,Daily_Life,General_Interactions,0
5091,treat to,B1,Health_Medicine,Healthcare_Hospital,0
5092,trick into,B2,Daily_Life,General_Interactions,0
5093,trick out,B2,Daily_Life,General_Interactions,0
5094,trim back,B2,Daily_Life,General_Interactions,0
5095,trim down,B2,Daily_Life,General_Interactions,0
5096,trip over,B2,Travel_Transportation,Hotels_Tourism,0
5097,trip up,B1,Travel_Transportation,Hotels_Tourism,0
5098,triumph over,C1,Daily_Life,General_Interactions,0
5099,troop in,B1,Daily_Life,General_Interactions,0
5100,troop out,B2,Daily_Life,General_Interactions,0
5101,trot out,B1,Daily_Life,General_Interactions,0
5102,trouble with,C1,Daily_Life,General_Interactions,0
5103,trust in sb/sth,C2,Daily_Life,General_Interactions,0
5104,trust to,B1,Daily_Life,General_Interactions,0
5105,try back,B1,Daily_Life,General_Interactions,0
5106,try for,B1,Daily_Life,General_Interactions,0
5107,try on sth,B2,Daily_Life,General_Interactions,0
5108,try out sth,C1,Daily_Life,General_Interactions,0
5109,tuck away,B2,Daily_Life,General_Interactions,0
5110,tuck in,B1,Daily_Life,General_Interactions,0
5111,tuck up,B1,Daily_Life,General_Interactions,0
5112,tumble down,C1,Daily_Life,General_Interactions,0
5113,tune in,B1,Daily_Life,General_Interactions,0
5114,tune up,B1,Daily_Life,General_Interactions,0
5115,turn against sb/sth,C2,Technology_Digital,Artificial_Intelligence,0
5116,turn around,C1,Daily_Life,General_Interactions,0
5117,turn away sb,C1,Daily_Life,General_Interactions,0
5118,turn back,B2,Daily_Life,General_Interactions,0
5119,turn down,B2,Daily_Life,General_Interactions,0
5120,turn in,B1,Daily_Life,General_Interactions,0
5121,turn into sth,C2,Daily_Life,General_Interactions,0
5122,turn off,B1,Daily_Life,General_Interactions,0
5123,turn on,B1,Daily_Life,General_Interactions,0
5124,turn out,B1,Daily_Life,General_Interactions,0
5125,turn over,B2,Daily_Life,General_Interactions,0
5126,turn round,B2,Daily_Life,General_Interactions,0
5127,turn to sb/sth,C2,Daily_Life,General_Interactions,0
5128,turn up,B1,Daily_Life,General_Interactions,0
5129,type in sth,C1,Daily_Life,General_Interactions,0
5130,type out,B1,Daily_Life,General_Interactions,0
5131,type up,B1,Daily_Life,General_Interactions,0
5132,unite with,B2,Daily_Life,General_Interactions,0
5133,urge on,B1,Daily_Life,General_Interactions,0
5134,use up,A2,Daily_Life,General_Interactions,0
5135,usher in,B1,Daily_Life,General_Interactions,0
5136,vary with,B2,Daily_Life,General_Interactions,0
5137,veg out,B1,Daily_Life,General_Interactions,0
5138,venture into,C1,Business_Finance_Economy,Entrepreneurship,0
5139,visit with,B2,Daily_Life,General_Interactions,0
5140,vouch for,B2,Daily_Life,General_Interactions,0
5141,wait about,B2,Technology_Digital,Artificial_Intelligence,0
5142,wait around,C1,Technology_Digital,Artificial_Intelligence,0
5143,wait behind,C1,Technology_Digital,Artificial_Intelligence,0
5144,wait for sb/sth,C2,Technology_Digital,Artificial_Intelligence,0
5145,wait on,B1,Technology_Digital,Artificial_Intelligence,0
5146,wait up,B1,Technology_Digital,Artificial_Intelligence,0
5147,wake up,B1,Daily_Life,General_Interactions,0
5148,wake up to sth,C2,Daily_Life,General_Interactions,0
5149,walk away,B2,Daily_Life,General_Interactions,0
5150,walk back,B2,Daily_Life,General_Interactions,0
5151,walk in,B1,Daily_Life,General_Interactions,0
5152,walk into sth,C2,Daily_Life,General_Interactions,0
5153,walk off,B1,Daily_Life,General_Interactions,0
5154,walk off with sth,C2,Daily_Life,General_Interactions,0
5155,walk on,B1,Daily_Life,General_Interactions,0
5156,walk out,B1,Daily_Life,General_Interactions,0
5157,walk out on sb,C2,Daily_Life,General_Interactions,0
5158,walk over sb,C1,Daily_Life,General_Interactions,0
5159,walk round,B2,Daily_Life,General_Interactions,0
5160,walk through,C1,Daily_Life,General_Interactions,0
5161,walk up,B1,Daily_Life,General_Interactions,0
5162,wander off,B2,Daily_Life,General_Interactions,0
5163,warm over,B2,Society_Law_Politics,Law_Crime,0
5164,warm to sb/sth,C2,Society_Law_Politics,Law_Crime,0
5165,warm up,B1,Society_Law_Politics,Law_Crime,0
5166,warn against,C1,Technology_Digital,Artificial_Intelligence,0
5167,warn off,B1,Society_Law_Politics,Law_Crime,0
5168,wash away,B2,Daily_Life,General_Interactions,0
5169,wash down,B2,Daily_Life,General_Interactions,0
5170,wash off,B1,Daily_Life,General_Interactions,0
5171,wash out,B1,Daily_Life,General_Interactions,0
5172,wash over,B2,Daily_Life,General_Interactions,0
5173,wash up,B1,Daily_Life,General_Interactions,0
5174,waste away,B2,Daily_Life,General_Interactions,0
5175,watch for sb/sth,C2,Daily_Life,General_Interactions,0
5176,watch out,B2,Daily_Life,General_Interactions,0
5177,watch out for sb/sth,C2,Daily_Life,General_Interactions,0
5178,watch over sb/sth,C2,Daily_Life,General_Interactions,0
5179,water down,B2,Daily_Life,General_Interactions,0
5180,wave aside,B2,Daily_Life,General_Interactions,0
5181,wave away,B2,Daily_Life,General_Interactions,0
5182,wave on,B1,Daily_Life,General_Interactions,0
5183,wave through,C1,Daily_Life,General_Interactions,0
5184,wear away,B2,Daily_Life,General_Interactions,0
5185,wear down,B2,Daily_Life,General_Interactions,0
5186,wear off,B1,Daily_Life,General_Interactions,0
5187,wear on,B1,Daily_Life,General_Interactions,0
5188,wear out,B1,Daily_Life,General_Interactions,0
5189,wear through,C1,Daily_Life,General_Interactions,0
5190,weary of,B1,Daily_Life,General_Interactions,0
5191,weave through,C2,Daily_Life,General_Interactions,0
5192,weed out,B1,Daily_Life,General_Interactions,0
5193,weigh down sb,C2,Daily_Life,General_Interactions,0
5194,weigh in,B1,Daily_Life,General_Interactions,0
5195,weigh out,B2,Daily_Life,General_Interactions,0
5196,weigh up,B1,Daily_Life,General_Interactions,0
5197,welcome back,C1,Daily_Life,General_Interactions,0
5198,welcome in,B2,Daily_Life,General_Interactions,0
5199,well up,B1,Daily_Life,General_Interactions,0
5200,while away,B2,Daily_Life,General_Interactions,0
5201,while on,B1,Daily_Life,General_Interactions,0
5202,whisper about,C2,Daily_Life,General_Interactions,0
5203,whistle up,B2,Daily_Life,General_Interactions,0
5204,win around/round sb,C2,Daily_Life,General_Interactions,0
5205,win back,B1,Daily_Life,General_Interactions,0
5206,win out,B1,Daily_Life,General_Interactions,0
5207,win over,B1,Daily_Life,General_Interactions,0
5208,win through,C1,Daily_Life,General_Interactions,0
5209,wind back,B2,Daily_Life,General_Interactions,0
5210,wind down,B2,Daily_Life,General_Interactions,0
5211,wind on,B1,Daily_Life,General_Interactions,0
5212,wind up,B1,Daily_Life,General_Interactions,0
5213,wipe away,B2,Daily_Life,General_Interactions,0
5214,wipe off,B1,Daily_Life,General_Interactions,0
5215,wipe out,B1,Daily_Life,General_Interactions,0
5216,wipe over,B2,Daily_Life,General_Interactions,0
5217,wipe up,B1,Daily_Life,General_Interactions,0
5218,wire up,B1,Daily_Life,General_Interactions,0
5219,wish for,B1,Daily_Life,General_Interactions,0
5220,withdraw from,C2,Business_Finance_Economy,Finance_Banking,0
5221,wonder at,B2,Daily_Life,General_Interactions,0
5222,work against,C1,Business_Finance_Economy,Jobs_Careers,0
5223,work around,C1,Business_Finance_Economy,Jobs_Careers,0
5224,work at,B1,Business_Finance_Economy,Jobs_Careers,0
5225,work in,B1,Business_Finance_Economy,Jobs_Careers,0
5226,work off,B1,Business_Finance_Economy,Jobs_Careers,0
5227,work on,B1,Business_Finance_Economy,Jobs_Careers,0
5228,work over,B2,Business_Finance_Economy,Jobs_Careers,0
5229,work through,C1,Business_Finance_Economy,Jobs_Careers,0
5230,work towards,C1,Business_Finance_Economy,Jobs_Careers,0
5231,work up,B1,Business_Finance_Economy,Jobs_Careers,0
5232,worry about sb/sth,C2,Psychology_Emotions,Stress_Mental_State,0
5233,worry over,B2,Psychology_Emotions,Stress_Mental_State,0
5234,worse off,B2,Daily_Life,General_Interactions,0
5235,wrap around,C1,Daily_Life,General_Interactions,0
5236,wrap up,B1,Daily_Life,General_Interactions,0
5237,write down,B2,Communication_Media_Arts,Writing_Language,0
5238,write in,B1,Communication_Media_Arts,Writing_Language,0
5239,write off,B2,Communication_Media_Arts,Writing_Language,0
5240,write out,B2,Communication_Media_Arts,Writing_Language,0
5241,write up,B1,Communication_Media_Arts,Writing_Language,0
5242,wrong foot,B2,Daily_Life,General_Interactions,0
5243,yield to,B1,Daily_Life,General_Interactions,0
5244,zero in,B1,Daily_Life,General_Interactions,0
5245,zero in on,B2,Daily_Life,General_Interactions,0
5246,zip around,B2,Daily_Life,General_Interactions,0
5247,zip up,A2,Daily_Life,General_Interactions,0
5248,zone in,B1,Daily_Life,General_Interactions,0
5249,zone out,B1,Daily_Life,General_Interactions,0
5250,zoom in,B1,Daily_Life,General_Interactions,0
5251,zoom out,B1,Daily_Life,General_Interactions,0
5252,assess,B1,Daily_Life,General_Interactions,0
5253,carefully,B2,Travel_Transportation,Road_Travel,0
5254,concept,B1,Daily_Life,General_Interactions,0
5255,deduct,A2,Daily_Life,General_Interactions,0
5256,dispersal,B2,Daily_Life,General_Interactions,0
5257,emphasis,A2,Daily_Life,General_Interactions,0
5258,esthetic,B1,Daily_Life,General_Interactions,0
5259,forfeiture,B2,Daily_Life,General_Interactions,0
5260,inhabit,B1,Psychology_Emotions,Behavior,0
5261,intelligent,B1,Communication_Media_Arts,Speaking_Expressions,0
5262,liberal,A2,Daily_Life,General_Interactions,0
5263,mass,A1,Daily_Life,General_Interactions,0
5264,negate,B2,Daily_Life,General_Interactions,0
5265,obligation,B2,Daily_Life,General_Interactions,0
5266,obstacle,B1,Daily_Life,General_Interactions,0
5267,oval,A1,Daily_Life,General_Interactions,0
5268,sustain,B1,Technology_Digital,Artificial_Intelligence,0
5269,(of) great importance,B1,Health_Medicine,Healthcare_Hospital,0
5270,learned,B1,Education,Learning_Skills,0
5271,"a ""yawning gap",B1,Daily_Life,General_Interactions,0
5272,abandon,B1,Daily_Life,General_Interactions,0
5273,abbey,B1,Daily_Life,General_Interactions,0
5274,abstract,B1,Psychology_Emotions,Behavior,0
5275,academy,B1,Daily_Life,General_Interactions,0
5276,access,B1,Daily_Life,General_Interactions,0
5277,accommodate,B1,Daily_Life,General_Interactions,0
5278,accompany,B1,Business_Finance_Economy,Business_Management,0
5279,accumulate,B1,Daily_Life,General_Interactions,0
5280,accurate,B1,Business_Finance_Economy,Economy_Markets,0
5281,achieve,B1,Daily_Life,General_Interactions,0
5282,acknowledge,B1,Education,Learning_Skills,0
5283,acquire,B1,Daily_Life,General_Interactions,0
5284,act,B1,Psychology_Emotions,Behavior,0
5285,adapt,B1,Daily_Life,General_Interactions,0
5286,adequate,B1,Daily_Life,General_Interactions,0
5287,adjacent,B1,Daily_Life,General_Interactions,0
5288,adjust,B1,Daily_Life,General_Interactions,0
5289,administer,B1,Society_Law_Politics,Government_Politics,0
5290,advocate,B1,Daily_Life,General_Interactions,0
5291,affect,B1,Daily_Life,General_Interactions,0
5292,afghanistan,B1,Daily_Life,General_Interactions,0
5293,african,B1,Daily_Life,General_Interactions,0
5294,aggregate,B1,Daily_Life,General_Interactions,0
5295,aid,B1,Technology_Digital,Artificial_Intelligence,0
5296,albeit,B1,Daily_Life,General_Interactions,0
5297,allocate,B1,Daily_Life,General_Interactions,0
5298,alter,B1,Daily_Life,General_Interactions,0
5299,alternative,B1,Daily_Life,General_Interactions,0
5300,ambiguous,B1,Daily_Life,General_Interactions,0
5301,amend,B1,Daily_Life,General_Interactions,0
5302,american,B1,Daily_Life,General_Interactions,0
5303,analogy,B1,Daily_Life,General_Interactions,0
5304,analyze,B1,Daily_Life,General_Interactions,0
5305,andalusia,B1,Daily_Life,General_Interactions,0
5306,annual,B1,Daily_Life,General_Interactions,0
5307,anthony,B1,Daily_Life,General_Interactions,0
5308,anticipate,B1,Daily_Life,General_Interactions,0
5309,antique,B1,Daily_Life,General_Interactions,0
5310,apparent,B1,Daily_Life,Home_Housing,0
5311,append,B1,Technology_Digital,Software_Internet,0
5312,appreciate,B1,Technology_Digital,Software_Internet,0
5313,approach,B1,Technology_Digital,Software_Internet,0
5314,approximate,B1,Technology_Digital,Software_Internet,0
5315,arbitrary,B1,Daily_Life,General_Interactions,0
5316,area,B1,Daily_Life,General_Interactions,0
5317,aspect,B1,Daily_Life,General_Interactions,0
5318,assemble,B1,Daily_Life,General_Interactions,0
5319,assess,B1,Daily_Life,General_Interactions,0
5320,assign,B1,Daily_Life,General_Interactions,0
5321,assist,B1,Daily_Life,General_Interactions,0
5322,assume,B1,Daily_Life,General_Interactions,0
5323,assure,B1,Daily_Life,General_Interactions,0
5324,atlantic,B1,Daily_Life,General_Interactions,0
5325,attach,B1,Daily_Life,General_Interactions,0
5326,attain,B1,Technology_Digital,Artificial_Intelligence,0
5327,attitude,B1,Psychology_Emotions,Behavior,0
5328,attribute,B1,Daily_Life,General_Interactions,0
5329,author,B1,Daily_Life,General_Interactions,0
5330,authority,B1,Daily_Life,General_Interactions,0
5331,automate,B1,Daily_Life,General_Interactions,0
5332,available,B1,Technology_Digital,Artificial_Intelligence,0
5333,aware,B1,Society_Law_Politics,Law_Crime,0
5334,bank,B1,Business_Finance_Economy,Finance_Banking,0
5335,behalf,B1,Daily_Life,General_Interactions,0
5336,belgium,B1,Daily_Life,General_Interactions,0
5337,benefit,B1,Health_Medicine,Healthcare_Hospital,0
5338,bias,B1,Daily_Life,General_Interactions,0
5339,bond,B1,Daily_Life,General_Interactions,0
5340,brief,B1,Daily_Life,General_Interactions,0
5341,british,B1,Daily_Life,General_Interactions,0
5342,bronze,B1,Daily_Life,General_Interactions,0
5343,bulk,B1,Daily_Life,General_Interactions,0
5344,canal,B1,Daily_Life,General_Interactions,0
5345,capable,B1,Daily_Life,General_Interactions,0
5346,capacity,B1,Daily_Life,General_Interactions,0
5347,category,B1,Daily_Life,General_Interactions,0
5348,cease,B1,Daily_Life,General_Interactions,0
5349,challenge,B1,Daily_Life,General_Interactions,0
5350,channel,B1,Daily_Life,General_Interactions,0
5351,chapter,B1,Daily_Life,General_Interactions,0
5352,chart,B1,Communication_Media_Arts,Arts_Creativity,0
5353,chemical,B1,Daily_Life,General_Interactions,0
5354,chemistry,B1,Science_Nature,Physics_Chemistry,0
5355,circumstance,B1,Daily_Life,General_Interactions,0
5356,cite,B1,Daily_Life,General_Interactions,0
5357,civil,B1,Daily_Life,General_Interactions,0
5358,clarify,B1,Daily_Life,General_Interactions,0
5359,classic,B1,Education,University_School,0
5360,clause,B1,Daily_Life,General_Interactions,0
5361,club,B1,Daily_Life,General_Interactions,0
5362,code,B1,Technology_Digital,Software_Internet,0
5363,coherent,B1,Daily_Life,Home_Housing,0
5364,coincide,B1,Daily_Life,General_Interactions,0
5365,collapse,B1,Daily_Life,General_Interactions,0
5366,colleague,B1,Daily_Life,General_Interactions,0
5367,commence,B1,Daily_Life,General_Interactions,0
5368,comment,B1,Communication_Media_Arts,Opinion_Discussion,0
5369,commission,B1,Daily_Life,General_Interactions,0
5370,commit,B1,Daily_Life,General_Interactions,0
5371,commodity,B1,Daily_Life,General_Interactions,0
5372,communicate,B1,Communication_Media_Arts,Speaking_Expressions,0
5373,community,B1,Daily_Life,General_Interactions,0
5374,company,B1,Business_Finance_Economy,Business_Management,0
5375,compatible,B1,Daily_Life,General_Interactions,0
5376,compensate,B1,Daily_Life,General_Interactions,0
5377,compile,B1,Daily_Life,General_Interactions,0
5378,complement,B1,Daily_Life,General_Interactions,0
5379,complex,B1,Daily_Life,General_Interactions,0
5380,component,B1,Daily_Life,General_Interactions,0
5381,compound,B1,Daily_Life,General_Interactions,0
5382,comprehensive,B1,Daily_Life,General_Interactions,0
5383,comprise,B1,Daily_Life,General_Interactions,0
5384,compute,B1,Daily_Life,General_Interactions,0
5385,conceive,B1,Daily_Life,General_Interactions,0
5386,concentrate,B1,Business_Finance_Economy,Economy_Markets,0
5387,concept,B1,Daily_Life,General_Interactions,0
5388,conclude,B1,Daily_Life,General_Interactions,0
5389,concurrent,B1,Daily_Life,Home_Housing,0
5390,conduct,B1,Daily_Life,General_Interactions,0
5391,confer,B1,Daily_Life,General_Interactions,0
5392,confine,B1,Daily_Life,General_Interactions,0
5393,confirm,B1,Daily_Life,General_Interactions,0
5394,conflict,B1,Society_Law_Politics,Law_Crime,0
5395,conform,B1,Daily_Life,General_Interactions,0
5396,consent,B1,Daily_Life,General_Interactions,0
5397,consequent,B1,Daily_Life,General_Interactions,0
5398,consequently,B1,Daily_Life,General_Interactions,0
5399,considerable,B1,Daily_Life,General_Interactions,0
5400,consist,B1,Daily_Life,General_Interactions,0
5401,constant,B1,Daily_Life,General_Interactions,0
5402,constitute,B1,Daily_Life,General_Interactions,0
5403,constrain,B1,Technology_Digital,Artificial_Intelligence,0
5404,construct,B1,Daily_Life,General_Interactions,0
5405,consult,B1,Daily_Life,General_Interactions,0
5406,consume,B1,Daily_Life,General_Interactions,0
5407,contact,B1,Psychology_Emotions,Behavior,0
5408,contemporary,B1,Daily_Life,General_Interactions,0
5409,context,B1,Daily_Life,General_Interactions,0
5410,contract,B1,Psychology_Emotions,Behavior,0
5411,contradict,B1,Daily_Life,General_Interactions,0
5412,contrary,B1,Daily_Life,General_Interactions,0
5413,contrast,B1,Daily_Life,General_Interactions,0
5414,contribute,B1,Daily_Life,General_Interactions,0
5415,controversy,B1,Daily_Life,General_Interactions,0
5416,convene,B1,Daily_Life,General_Interactions,0
5417,converse,B1,Daily_Life,General_Interactions,0
5418,conversely,B1,Daily_Life,General_Interactions,0
5419,convert,B1,Daily_Life,General_Interactions,0
5420,convince,B1,Daily_Life,General_Interactions,0
5421,cooperate,B1,Business_Finance_Economy,Economy_Markets,0
5422,coordinate,B1,Daily_Life,General_Interactions,0
5423,core,B1,Daily_Life,General_Interactions,0
5424,corporate,B1,Business_Finance_Economy,Economy_Markets,0
5425,correspond,B1,Daily_Life,General_Interactions,0
5426,couple,B1,Daily_Life,General_Interactions,0
5427,create,B1,Health_Medicine,Healthcare_Hospital,0
5428,credit,B1,Daily_Life,General_Interactions,0
5429,crikey,B1,Daily_Life,General_Interactions,0
5430,criteria,B1,Daily_Life,General_Interactions,0
5431,crucial,B1,Daily_Life,General_Interactions,0
5432,culture,B1,Daily_Life,General_Interactions,0
5433,currency,B1,Daily_Life,General_Interactions,0
5434,cut,B1,Daily_Life,General_Interactions,0
5435,cycle,B1,Daily_Life,General_Interactions,0
5436,d-shaped,B1,Daily_Life,General_Interactions,0
5437,data,B1,Science_Nature,Research_Methods,0
5438,debate,B1,Communication_Media_Arts,Opinion_Discussion,0
5439,decade,B1,Daily_Life,General_Interactions,0
5440,decline,B1,Daily_Life,General_Interactions,0
5441,deduce,B1,Daily_Life,General_Interactions,0
5442,define,B1,Daily_Life,General_Interactions,0
5443,definite,B1,Daily_Life,General_Interactions,0
5444,demonstrate,B1,Business_Finance_Economy,Economy_Markets,0
5445,denote,B1,Daily_Life,General_Interactions,0
5446,deny,B1,Daily_Life,General_Interactions,0
5447,depress,B1,Communication_Media_Arts,Media_Journalism,0
5448,derive,B1,Daily_Life,General_Interactions,0
5449,design,B1,Communication_Media_Arts,Arts_Creativity,0
5450,despite,B1,Daily_Life,General_Interactions,0
5451,detect,B1,Daily_Life,General_Interactions,0
5452,deviate,B1,Daily_Life,General_Interactions,0
5453,device,B1,Technology_Digital,Devices_Hardware,0
5454,devote,B1,Society_Law_Politics,Government_Politics,0
5455,differentiate,B1,Daily_Life,Home_Housing,0
5456,dimension,B1,Daily_Life,General_Interactions,0
5457,diminish,B1,Daily_Life,General_Interactions,0
5458,discrete,B1,Daily_Life,General_Interactions,0
5459,discriminate,B1,Daily_Life,General_Interactions,0
5460,displace,B1,Daily_Life,General_Interactions,0
5461,display,B1,Communication_Media_Arts,Speaking_Expressions,0
5462,dispose,B1,Daily_Life,General_Interactions,0
5463,dissenting,B1,Daily_Life,General_Interactions,0
5464,distinct,B1,Daily_Life,General_Interactions,0
5465,distort,B1,Daily_Life,General_Interactions,0
5466,distribute,B1,Daily_Life,General_Interactions,0
5467,diverse,B1,Daily_Life,General_Interactions,0
5468,document,B1,Daily_Life,General_Interactions,0
5469,domain,B1,Technology_Digital,Artificial_Intelligence,0
5470,domestic,B1,Daily_Life,General_Interactions,0
5471,dominate,B1,Daily_Life,General_Interactions,0
5472,draft,B1,Daily_Life,General_Interactions,0
5473,drama,B1,Daily_Life,General_Interactions,0
5474,duration,B1,Daily_Life,General_Interactions,0
5475,dutch,B1,Daily_Life,General_Interactions,0
5476,dynamic,B1,Daily_Life,General_Interactions,0
5477,earth,B1,Communication_Media_Arts,Arts_Creativity,0
5478,ecole,B1,Daily_Life,General_Interactions,0
5479,economy,B1,Business_Finance_Economy,Economy_Markets,0
5480,edit,B1,Daily_Life,General_Interactions,0
5481,effect,B1,Daily_Life,General_Interactions,0
5482,efforts,B1,Daily_Life,General_Interactions,0
5483,element,B1,Daily_Life,General_Interactions,0
5484,eliminate,B1,Daily_Life,General_Interactions,0
5485,emerge,B1,Daily_Life,General_Interactions,0
5486,emphasis,B1,Daily_Life,General_Interactions,0
5487,empirical,B1,Daily_Life,General_Interactions,0
5488,enable,B1,Daily_Life,General_Interactions,0
5489,encounter,B1,Daily_Life,General_Interactions,0
5490,energy,B1,Science_Nature,Physics_Chemistry,0
5491,enforce,B1,Science_Nature,Physics_Chemistry,0
5492,engine,B1,Daily_Life,General_Interactions,0
5493,enhance,B1,Daily_Life,General_Interactions,0
5494,enormous,B1,Daily_Life,General_Interactions,0
5495,ensure,B1,Daily_Life,General_Interactions,0
5496,entity,B1,Daily_Life,General_Interactions,0
5497,environment,B1,Science_Nature,Environment_Ecology,0
5498,equate,B1,Daily_Life,General_Interactions,0
5499,equip,B1,Daily_Life,General_Interactions,0
5500,equivalent,B1,Daily_Life,General_Interactions,0
5501,erode,B1,Daily_Life,General_Interactions,0
5502,error,B1,Daily_Life,General_Interactions,0
5503,establish,B1,Daily_Life,General_Interactions,0
5504,estate,B1,Daily_Life,General_Interactions,0
5505,estimate,B1,Daily_Life,General_Interactions,0
5506,ethic,B1,Daily_Life,General_Interactions,0
5507,ethnic,B1,Daily_Life,General_Interactions,0
5508,european,B1,Daily_Life,General_Interactions,0
5509,evaluate,B1,Daily_Life,General_Interactions,0
5510,eventual,B1,Daily_Life,General_Interactions,0
5511,evidence,B1,Daily_Life,General_Interactions,0
5512,evolve,B1,Daily_Life,General_Interactions,0
5513,exceed,B1,Daily_Life,General_Interactions,0
5514,exclude,B1,Daily_Life,General_Interactions,0
5515,exhibit,B1,Daily_Life,General_Interactions,0
5516,expand,B1,Daily_Life,General_Interactions,0
5517,expert,B1,Daily_Life,General_Interactions,0
5518,explicit,B1,Daily_Life,General_Interactions,0
5519,exploit,B1,Daily_Life,General_Interactions,0
5520,export,B1,Daily_Life,General_Interactions,0
5521,expose,B1,Daily_Life,General_Interactions,0
5522,extensive,B1,Daily_Life,General_Interactions,0
5523,external,B1,Daily_Life,General_Interactions,0
5524,extract,B1,Psychology_Emotions,Behavior,0
5525,facilitate,B1,Daily_Life,General_Interactions,0
5526,factor,B1,Psychology_Emotions,Behavior,0
5527,feature,B1,Health_Medicine,Healthcare_Hospital,0
5528,federal,B1,Daily_Life,General_Interactions,0
5529,fee,B1,Daily_Life,General_Interactions,0
5530,file,B1,Daily_Life,General_Interactions,0
5531,final,B1,Daily_Life,General_Interactions,0
5532,finance,B1,Business_Finance_Economy,Finance_Banking,0
5533,finite,B1,Daily_Life,General_Interactions,0
5534,flexible,B1,Daily_Life,General_Interactions,0
5535,flight,B1,Travel_Transportation,Air_Travel,0
5536,fluctuate,B1,Daily_Life,General_Interactions,0
5537,flying,B1,Daily_Life,General_Interactions,0
5538,focus,B1,Daily_Life,General_Interactions,0
5539,format,B1,Daily_Life,General_Interactions,0
5540,formula,B1,Daily_Life,General_Interactions,0
5541,forthcoming,B1,Daily_Life,General_Interactions,0
5542,found,B1,Daily_Life,General_Interactions,0
5543,foundation,B1,Daily_Life,General_Interactions,0
5544,framework,B1,Business_Finance_Economy,Jobs_Careers,0
5545,function,B1,Daily_Life,General_Interactions,0
5546,fund,B1,Business_Finance_Economy,Business_Management,0
5547,fundamental,B1,Health_Medicine,Mental_Health,0
5548,furthermore,B1,Daily_Life,General_Interactions,0
5549,gender,B1,Society_Law_Politics,Social_Issues,0
5550,generate,B1,Business_Finance_Economy,Economy_Markets,0
5551,generation,B1,Science_Nature,Biology_Life_Sciences,0
5552,globe,B1,Daily_Life,General_Interactions,0
5553,goal,B1,Psychology_Emotions,Motivation,0
5554,graceful,B1,Daily_Life,General_Interactions,0
5555,grade,B1,Education,Exams_Assessments,0
5556,grant,B1,Daily_Life,General_Interactions,0
5557,guarantee,B1,Daily_Life,General_Interactions,0
5558,guideline,B1,Travel_Transportation,Navigation_Directions,0
5559,hence,B1,Daily_Life,General_Interactions,0
5560,hierarchy,B1,Daily_Life,General_Interactions,0
5561,highlight,B1,Daily_Life,General_Interactions,0
5562,hypothesis,B1,Science_Nature,Research_Methods,0
5563,ice,B1,Daily_Life,General_Interactions,0
5564,identical,B1,Daily_Life,General_Interactions,0
5565,identify,B1,Daily_Life,General_Interactions,0
5566,ideology,B1,Daily_Life,General_Interactions,0
5567,ignorant,B1,Daily_Life,General_Interactions,0
5568,illustrate,B1,Business_Finance_Economy,Economy_Markets,0
5569,image,B1,Daily_Life,General_Interactions,0
5570,immense,B1,Daily_Life,General_Interactions,0
5571,immigrate,B1,Business_Finance_Economy,Economy_Markets,0
5572,impact,B1,Psychology_Emotions,Behavior,0
5573,implement,B1,Daily_Life,General_Interactions,0
5574,implicate,B1,Daily_Life,General_Interactions,0
5575,implicit,B1,Daily_Life,General_Interactions,0
5576,imply,B1,Daily_Life,General_Interactions,0
5577,impose,B1,Daily_Life,General_Interactions,0
5578,incentive,B1,Daily_Life,General_Interactions,0
5579,incidence,B1,Daily_Life,General_Interactions,0
5580,incline,B1,Daily_Life,General_Interactions,0
5581,income,B1,Business_Finance_Economy,Business_Management,0
5582,incorporate,B1,Business_Finance_Economy,Economy_Markets,0
5583,index,B1,Daily_Life,General_Interactions,0
5584,indicate,B1,Daily_Life,General_Interactions,0
5585,individual,B1,Daily_Life,General_Interactions,0
5586,induce,B1,Daily_Life,General_Interactions,0
5587,inevitable,B1,Daily_Life,General_Interactions,0
5588,infer,B1,Daily_Life,General_Interactions,0
5589,information,B1,Daily_Life,General_Interactions,0
5590,infrastructure,B1,Daily_Life,General_Interactions,0
5591,inherent,B1,Daily_Life,Home_Housing,0
5592,inhibit,B1,Daily_Life,General_Interactions,0
5593,initial,B1,Daily_Life,General_Interactions,0
5594,initiate,B1,Daily_Life,General_Interactions,0
5595,injure,B1,Daily_Life,General_Interactions,0
5596,innovate,B1,Daily_Life,General_Interactions,0
5597,input,B1,Daily_Life,General_Interactions,0
5598,insert,B1,Daily_Life,General_Interactions,0
5599,insight,B1,Daily_Life,General_Interactions,0
5600,inspect,B1,Daily_Life,General_Interactions,0
5601,instance,B1,Daily_Life,General_Interactions,0
5602,institute,B1,Daily_Life,General_Interactions,0
5603,instruct,B1,Daily_Life,General_Interactions,0
5604,integral,B1,Daily_Life,General_Interactions,0
5605,integrate,B1,Business_Finance_Economy,Economy_Markets,0
5606,integrity,B1,Daily_Life,General_Interactions,0
5607,intelligent,B1,Communication_Media_Arts,Speaking_Expressions,0
5608,intense,B1,Daily_Life,General_Interactions,0
5609,interact,B1,Psychology_Emotions,Behavior,0
5610,intermediate,B1,Communication_Media_Arts,Media_Journalism,0
5611,internal,B1,Daily_Life,General_Interactions,0
5612,international,B1,Daily_Life,General_Interactions,0
5613,interpret,B1,Daily_Life,General_Interactions,0
5614,interval,B1,Daily_Life,General_Interactions,0
5615,intervene,B1,Daily_Life,General_Interactions,0
5616,intrinsic,B1,Daily_Life,General_Interactions,0
5617,invest,B1,Business_Finance_Economy,Finance_Banking,0
5618,investigate,B1,Business_Finance_Economy,Finance_Banking,0
5619,invoke,B1,Daily_Life,General_Interactions,0
5620,involve,B1,Daily_Life,General_Interactions,0
5621,isolate,B1,Daily_Life,General_Interactions,0
5622,issue,B1,Daily_Life,General_Interactions,0
5623,it is a venomous snake,B1,Daily_Life,General_Interactions,0
5624,item,B1,Daily_Life,General_Interactions,0
5625,job,B1,Business_Finance_Economy,Jobs_Careers,0
5626,journal,B1,Communication_Media_Arts,Speaking_Expressions,0
5627,justify,B1,Daily_Life,General_Interactions,0
5628,label,B1,Science_Nature,Natural_Phenomena,0
5629,labor,B1,Science_Nature,Natural_Phenomena,0
5630,layer,B1,Daily_Life,General_Interactions,0
5631,lecture,B1,Education,University_School,0
5632,legal,B1,Society_Law_Politics,Law_Crime,0
5633,legislate,B1,Daily_Life,General_Interactions,0
5634,lego,B1,Daily_Life,General_Interactions,0
5635,levy,B1,Daily_Life,General_Interactions,0
5636,liberal,B1,Daily_Life,General_Interactions,0
5637,license,B1,Daily_Life,General_Interactions,0
5638,likewise,B1,Technology_Digital,Social_Media,0
5639,link,B1,Daily_Life,General_Interactions,0
5640,locate,B1,Daily_Life,General_Interactions,0
5641,logic,B1,Daily_Life,General_Interactions,0
5642,maintain,B1,Technology_Digital,Artificial_Intelligence,0
5643,major,B1,Daily_Life,General_Interactions,0
5644,manipulate,B1,Daily_Life,General_Interactions,0
5645,manual,B1,Daily_Life,General_Interactions,0
5646,margin,B1,Daily_Life,General_Interactions,0
5647,mature,B1,Daily_Life,General_Interactions,0
5648,maximize,B1,Daily_Life,General_Interactions,0
5649,mechanism,B1,Daily_Life,General_Interactions,0
5650,media,B1,Communication_Media_Arts,Media_Journalism,0
5651,mediate,B1,Communication_Media_Arts,Media_Journalism,0
5652,medical,B1,Daily_Life,General_Interactions,0
5653,medium,B1,Daily_Life,General_Interactions,0
5654,mental,B1,Health_Medicine,Mental_Health,0
5655,method,B1,Daily_Life,General_Interactions,0
5656,middle,B1,Daily_Life,General_Interactions,0
5657,migrate,B1,Business_Finance_Economy,Economy_Markets,0
5658,military,B1,Daily_Life,General_Interactions,0
5659,minimal,B1,Daily_Life,General_Interactions,0
5660,minimize,B1,Daily_Life,General_Interactions,0
5661,minimum,B1,Daily_Life,General_Interactions,0
5662,ministry,B1,Daily_Life,General_Interactions,0
5663,minor,B1,Daily_Life,General_Interactions,0
5664,mode,B1,Daily_Life,General_Interactions,0
5665,modify,B1,Daily_Life,General_Interactions,0
5666,monitor,B1,Daily_Life,General_Interactions,0
5667,motive,B1,Daily_Life,General_Interactions,0
5668,mounting,B1,Daily_Life,General_Interactions,0
5669,mutual,B1,Daily_Life,General_Interactions,0
5670,national,B1,Daily_Life,General_Interactions,0
5671,natural,B1,Science_Nature,Natural_Phenomena,0
5672,nature,B1,Science_Nature,Environment_Ecology,0
5673,negate,B1,Daily_Life,General_Interactions,0
5674,network,B1,Business_Finance_Economy,Jobs_Careers,0
5675,neutral,B1,Daily_Life,General_Interactions,0
5676,nevertheless,B1,Daily_Life,General_Interactions,0
5677,niagara,B1,Daily_Life,General_Interactions,0
5678,nonetheless,B1,Daily_Life,General_Interactions,0
5679,norm,B1,Daily_Life,General_Interactions,0
5680,normal,B1,Daily_Life,General_Interactions,0
5681,normale,B1,Daily_Life,General_Interactions,0
5682,notion,B1,Daily_Life,General_Interactions,0
5683,notwithstanding,B1,Daily_Life,General_Interactions,0
5684,nuclear,B1,Daily_Life,General_Interactions,0
5685,objective,B1,Daily_Life,General_Interactions,0
5686,obtain,B1,Technology_Digital,Artificial_Intelligence,0
5687,obvious,B1,Daily_Life,General_Interactions,0
5688,occasionally,B1,Daily_Life,General_Interactions,0
5689,occupy,B1,Daily_Life,General_Interactions,0
5690,occur,B1,Daily_Life,General_Interactions,0
5691,odd,B1,Daily_Life,General_Interactions,0
5692,offset,B1,Daily_Life,General_Interactions,0
5693,ongoing,B1,Daily_Life,General_Interactions,0
5694,option,B1,Daily_Life,General_Interactions,0
5695,orient,B1,Daily_Life,General_Interactions,0
5696,origin,B1,Daily_Life,General_Interactions,0
5697,outcome,B1,Daily_Life,General_Interactions,0
5698,output,B1,Daily_Life,General_Interactions,0
5699,overall,B1,Daily_Life,General_Interactions,0
5700,overlap,B1,Daily_Life,General_Interactions,0
5701,overseas,B1,Daily_Life,General_Interactions,0
5702,pacific,B1,Daily_Life,General_Interactions,0
5703,panel,B1,Daily_Life,General_Interactions,0
5704,paradigm,B1,Daily_Life,General_Interactions,0
5705,paragraph,B1,Daily_Life,General_Interactions,0
5706,parallel,B1,Daily_Life,General_Interactions,0
5707,parameter,B1,Daily_Life,General_Interactions,0
5708,participate,B1,Communication_Media_Arts,Arts_Creativity,0
5709,partner,B1,Communication_Media_Arts,Arts_Creativity,0
5710,passive,B1,Education,Exams_Assessments,0
5711,perceive,B1,Daily_Life,General_Interactions,0
5712,percent,B1,Daily_Life,General_Interactions,0
5713,period,B1,Daily_Life,General_Interactions,0
5714,persia,B1,Daily_Life,General_Interactions,0
5715,persist,B1,Daily_Life,General_Interactions,0
5716,perspective,B1,Communication_Media_Arts,Opinion_Discussion,0
5717,phase,B1,Daily_Life,General_Interactions,0
5718,phenomenon,B1,Science_Nature,Natural_Phenomena,0
5719,philosophy,B1,Daily_Life,General_Interactions,0
5720,physical,B1,Daily_Life,General_Interactions,0
5721,plus,B1,Daily_Life,General_Interactions,0
5722,policy,B1,Society_Law_Politics,Government_Politics,0
5723,poor,B1,Daily_Life,General_Interactions,0
5724,portion,B1,Daily_Life,General_Interactions,0
5725,pose,B1,Daily_Life,General_Interactions,0
5726,positive,B1,Daily_Life,General_Interactions,0
5727,post-it,B1,Technology_Digital,Social_Media,0
5728,potential,B1,Daily_Life,General_Interactions,0
5729,practitioner,B1,Psychology_Emotions,Behavior,0
5730,precede,B1,Daily_Life,General_Interactions,0
5731,precise,B1,Daily_Life,General_Interactions,0
5732,predict,B1,Daily_Life,General_Interactions,0
5733,predominant,B1,Daily_Life,General_Interactions,0
5734,preliminary,B1,Daily_Life,General_Interactions,0
5735,presume,B1,Daily_Life,General_Interactions,0
5736,previous,B1,Daily_Life,General_Interactions,0
5737,primary,B1,Daily_Life,General_Interactions,0
5738,prime,B1,Daily_Life,General_Interactions,0
5739,principal,B1,Daily_Life,General_Interactions,0
5740,principle,B1,Daily_Life,General_Interactions,0
5741,prior,B1,Daily_Life,General_Interactions,0
5742,priority,B1,Daily_Life,General_Interactions,0
5743,proceed,B1,Daily_Life,General_Interactions,0
5744,process,B1,Daily_Life,General_Interactions,0
5745,professional,B1,Business_Finance_Economy,Jobs_Careers,0
5746,professor,B1,Daily_Life,General_Interactions,0
5747,profit,B1,Business_Finance_Economy,Finance_Banking,0
5748,prohibit,B1,Daily_Life,General_Interactions,0
5749,project,B1,Daily_Life,General_Interactions,0
5750,promote,B1,Daily_Life,General_Interactions,0
5751,proportion,B1,Daily_Life,General_Interactions,0
5752,prospect,B1,Daily_Life,General_Interactions,0
5753,protocol,B1,Daily_Life,General_Interactions,0
5754,psychology,B1,Health_Medicine,Mental_Health,0
5755,publication,B1,Daily_Life,General_Interactions,0
5756,publish,B1,Communication_Media_Arts,Speaking_Expressions,0
5757,purchase,B1,Daily_Life,Shopping_Everyday,0
5758,pursue,B1,Daily_Life,General_Interactions,0
5759,qualitative,B1,Daily_Life,General_Interactions,0
5760,quote,B1,Daily_Life,General_Interactions,0
5761,radical,B1,Daily_Life,General_Interactions,0
5762,railway,B1,Technology_Digital,Artificial_Intelligence,0
5763,random,B1,Daily_Life,General_Interactions,0
5764,range,B1,Daily_Life,General_Interactions,0
5765,ratio,B1,Daily_Life,General_Interactions,0
5766,rational,B1,Daily_Life,General_Interactions,0
5767,react,B1,Psychology_Emotions,Behavior,0
5768,refine,B1,Daily_Life,General_Interactions,0
5769,regime,B1,Society_Law_Politics,Government_Politics,0
5770,region,B1,Daily_Life,General_Interactions,0
5771,register,B1,Daily_Life,General_Interactions,0
5772,regulate,B1,Daily_Life,General_Interactions,0
5773,reinforce,B1,Science_Nature,Physics_Chemistry,0
5774,reject,B1,Daily_Life,General_Interactions,0
5775,relax,B1,Psychology_Emotions,Stress_Mental_State,0
5776,release,B1,Daily_Life,General_Interactions,0
5777,relevant,B1,Daily_Life,General_Interactions,0
5778,reluctance,B1,Daily_Life,General_Interactions,0
5779,rely,B1,Daily_Life,General_Interactions,0
5780,remove,B1,Daily_Life,General_Interactions,0
5781,removing,B1,Daily_Life,General_Interactions,0
5782,renowned,B1,Daily_Life,General_Interactions,0
5783,require,B1,Daily_Life,General_Interactions,0
5784,research,B1,Education,Academic_Study,0
5785,reside,B1,Daily_Life,General_Interactions,0
5786,resolve,B1,Daily_Life,General_Interactions,0
5787,resource,B1,Daily_Life,General_Interactions,0
5788,respond,B1,Daily_Life,General_Interactions,0
5789,restore,B1,Daily_Life,Shopping_Everyday,0
5790,restrain,B1,Technology_Digital,Artificial_Intelligence,0
5791,restrict,B1,Daily_Life,General_Interactions,0
5792,retain,B1,Technology_Digital,Artificial_Intelligence,0
5793,reveal,B1,Daily_Life,General_Interactions,0
5794,revenue,B1,Business_Finance_Economy,Business_Management,0
5795,reverse,B1,Daily_Life,General_Interactions,0
5796,revise,B1,Daily_Life,General_Interactions,0
5797,revolution,B1,Science_Nature,Biology_Life_Sciences,0
5798,rigid,B1,Daily_Life,General_Interactions,0
5799,role,B1,Daily_Life,General_Interactions,0
5800,route,B1,Travel_Transportation,Road_Travel,0
5801,rover,B1,Daily_Life,General_Interactions,0
5802,scenario,B1,Daily_Life,General_Interactions,0
5803,schedule,B1,Daily_Life,Routine_Activities,0
5804,scheme,B1,Daily_Life,General_Interactions,0
5805,scope,B1,Daily_Life,General_Interactions,0
5806,section,B1,Daily_Life,General_Interactions,0
5807,sector,B1,Daily_Life,General_Interactions,0
5808,secure,B1,Health_Medicine,Illness_Diseases,0
5809,seek,B1,Daily_Life,General_Interactions,0
5810,select,B1,Daily_Life,General_Interactions,0
5811,sequence,B1,Daily_Life,General_Interactions,0
5812,series,B1,Daily_Life,General_Interactions,0
5813,sex,B1,Daily_Life,General_Interactions,0
5814,shift,B1,Daily_Life,General_Interactions,0
5815,significant,B1,Daily_Life,General_Interactions,0
5816,similar,B1,Daily_Life,General_Interactions,0
5817,simulate,B1,Daily_Life,General_Interactions,0
5818,site,B1,Daily_Life,General_Interactions,0
5819,snowflakes,B1,Daily_Life,General_Interactions,0
5820,society,B1,Society_Law_Politics,Law_Crime,0
5821,sole,B1,Daily_Life,General_Interactions,0
5822,somewhat,B1,Daily_Life,General_Interactions,0
5823,source,B1,Daily_Life,General_Interactions,0
5824,southwestern,B1,Daily_Life,General_Interactions,0
5825,space,B1,Science_Nature,Natural_Phenomena,0
5826,spain,B1,Health_Medicine,Illness_Diseases,0
5827,specific,B1,Daily_Life,General_Interactions,0
5828,specify,B1,Daily_Life,General_Interactions,0
5829,sphere,B1,Daily_Life,General_Interactions,0
5830,stable,B1,Daily_Life,General_Interactions,0
5831,stand,B1,Daily_Life,General_Interactions,0
5832,station,B1,Travel_Transportation,Public_Transport,0
5833,statistics,B1,Education,Academic_Study,0
5834,status,B1,Daily_Life,General_Interactions,0
5835,straightforward,B1,Technology_Digital,Artificial_Intelligence,0
5836,strategy,B1,Business_Finance_Economy,Economy_Markets,0
5837,stress,B1,Health_Medicine,Mental_Health,0
5838,structure,B1,Daily_Life,General_Interactions,0
5839,style,B1,Daily_Life,General_Interactions,0
5840,submit,B1,Daily_Life,General_Interactions,0
5841,subordinate,B1,Daily_Life,General_Interactions,0
5842,subsequent,B1,Daily_Life,General_Interactions,0
5843,subsidy,B1,Daily_Life,General_Interactions,0
5844,substitute,B1,Daily_Life,General_Interactions,0
5845,successor,B1,Daily_Life,General_Interactions,0
5846,suez,B1,Daily_Life,General_Interactions,0
5847,sufficient,B1,Daily_Life,General_Interactions,0
5848,sum,B1,Daily_Life,General_Interactions,0
5849,summary,B1,Daily_Life,General_Interactions,0
5850,supplement,B1,Daily_Life,General_Interactions,0
5851,survey,B1,Daily_Life,General_Interactions,0
5852,survive,B1,Daily_Life,General_Interactions,0
5853,suspend,B1,Daily_Life,General_Interactions,0
5854,sustain,B1,Technology_Digital,Artificial_Intelligence,0
5855,symbol,B1,Daily_Life,General_Interactions,0
5856,system,B1,Technology_Digital,Software_Internet,0
5857,tape,B1,Daily_Life,General_Interactions,0
5858,target,B1,Daily_Life,General_Interactions,0
5859,task,B1,Daily_Life,Routine_Activities,0
5860,tasmanian,B1,Daily_Life,General_Interactions,0
5861,team,B1,Daily_Life,General_Interactions,0
5862,technical,B1,Technology_Digital,Software_Internet,0
5863,technique,B1,Technology_Digital,Software_Internet,0
5864,technology,B1,Technology_Digital,Software_Internet,0
5865,temporary,B1,Daily_Life,General_Interactions,0
5866,tense,B1,Daily_Life,General_Interactions,0
5867,terminate,B1,Daily_Life,General_Interactions,0
5868,text,B1,Daily_Life,General_Interactions,0
5869,the large olive snake is a reptile,B1,Daily_Life,General_Interactions,0
5870,theme,B1,Daily_Life,General_Interactions,0
5871,theory,B1,Education,Academic_Study,0
5872,thereby,B1,Daily_Life,General_Interactions,0
5873,thesis,B1,Education,Academic_Study,0
5874,they curl around their feet,B1,Daily_Life,General_Interactions,0
5875,timid,B1,Daily_Life,General_Interactions,0
5876,tiny objects,B1,Daily_Life,General_Interactions,0
5877,topic,B1,Daily_Life,General_Interactions,0
5878,trace,B1,Daily_Life,General_Interactions,0
5879,tradition,B1,Daily_Life,General_Interactions,0
5880,traditionally,B1,Daily_Life,General_Interactions,0
5881,transfer,B1,Daily_Life,General_Interactions,0
5882,transform,B1,Daily_Life,General_Interactions,0
5883,transit,B1,Daily_Life,General_Interactions,0
5884,transmit,B1,Daily_Life,General_Interactions,0
5885,transport,B1,Health_Medicine,Fitness_Exercise,0
5886,trash,B1,Daily_Life,General_Interactions,0
5887,trend,B1,Daily_Life,General_Interactions,0
5888,trigger,B1,Daily_Life,General_Interactions,0
5889,turbulent,B1,Daily_Life,General_Interactions,0
5890,ultimate,B1,Daily_Life,General_Interactions,0
5891,undergo,B1,Daily_Life,General_Interactions,0
5892,underlie,B1,Daily_Life,General_Interactions,0
5893,undertake,B1,Daily_Life,General_Interactions,0
5894,uniform,B1,Daily_Life,General_Interactions,0
5895,unify,B1,Daily_Life,General_Interactions,0
5896,union,B1,Daily_Life,General_Interactions,0
5897,unique,B1,Daily_Life,General_Interactions,0
5898,unit,B1,Daily_Life,General_Interactions,0
5899,united,B1,Daily_Life,General_Interactions,0
5900,utilize,B1,Daily_Life,General_Interactions,0
5901,vfr,B1,Daily_Life,General_Interactions,0
5902,valid,B1,Daily_Life,General_Interactions,0
5903,value,B1,Daily_Life,General_Interactions,0
5904,vary,B1,Daily_Life,General_Interactions,0
5905,vast,B1,Daily_Life,General_Interactions,0
5906,vehicle,B1,Daily_Life,General_Interactions,0
5907,version,B1,Daily_Life,General_Interactions,0
5908,via,B1,Daily_Life,General_Interactions,0
5909,viking,B1,Daily_Life,General_Interactions,0
5910,violate,B1,Daily_Life,General_Interactions,0
5911,virtual,B1,Daily_Life,General_Interactions,0
5912,visible,B1,Daily_Life,General_Interactions,0
5913,vision,B1,Daily_Life,General_Interactions,0
5914,visual,B1,Daily_Life,General_Interactions,0
5915,voluntary,B1,Daily_Life,General_Interactions,0
5916,weight,B1,Health_Medicine,Healthcare_Hospital,0
5917,warsaw,B1,Society_Law_Politics,Law_Crime,0
5918,welfare,B1,Society_Law_Politics,Public_Policies,0
5919,whereas,B1,Daily_Life,General_Interactions,0
5920,whereby,B1,Daily_Life,General_Interactions,0
5921,wi-fi hotspots,B1,Daily_Life,General_Interactions,1
5922,widespread,B1,Communication_Media_Arts,Speaking_Expressions,0
5923,a considerable reputation,B1,Daily_Life,General_Interactions,0
5924,a decent night's sleep,B1,Health_Medicine,Healthcare_Hospital,0
5925,a shoal of sardines,B1,Daily_Life,General_Interactions,0
5926,a vociferous opponent,B1,Daily_Life,General_Interactions,0
5927,a well-deserved reputation,B1,Daily_Life,General_Interactions,0
5928,abandon a policy,B1,Society_Law_Politics,Government_Politics,0
5929,abandon an attempt,B1,Daily_Life,General_Interactions,0
5930,abandoned,B1,Daily_Life,General_Interactions,0
5931,abase,B1,Daily_Life,General_Interactions,0
5932,abash,B1,Daily_Life,General_Interactions,0
5933,abate,B1,Daily_Life,General_Interactions,0
5934,abbreviate,B1,Daily_Life,General_Interactions,0
5935,abdicate,B1,Daily_Life,General_Interactions,0
5936,aberrant,B1,Daily_Life,General_Interactions,0
5937,abhor,B1,Daily_Life,General_Interactions,0
5938,abide by a decision,B1,Daily_Life,General_Interactions,0
5939,abilities,B1,Daily_Life,General_Interactions,0
5940,ability,B1,Education,Learning_Skills,0
5941,abject,B1,Daily_Life,General_Interactions,0
5942,abject apology,B1,Daily_Life,General_Interactions,0
5943,abjure,B1,Daily_Life,General_Interactions,0
5944,able,B1,Daily_Life,General_Interactions,0
5945,ablution,B1,Daily_Life,General_Interactions,0
5946,abnegation,B1,Daily_Life,General_Interactions,0
5947,abnormality,B1,Daily_Life,General_Interactions,0
5948,aboard,B1,Daily_Life,General_Interactions,0
5949,abode,B1,Daily_Life,General_Interactions,0
5950,abolished,B1,Daily_Life,General_Interactions,0
5951,abolishing,B1,Daily_Life,General_Interactions,0
5952,abolition,B1,Daily_Life,General_Interactions,0
5953,abominable,B1,Daily_Life,General_Interactions,0
5954,aboriginal,B1,Daily_Life,General_Interactions,0
5955,abort,B1,Daily_Life,General_Interactions,0
5956,abortive,B1,Daily_Life,General_Interactions,0
5957,abortive attempt,B1,Daily_Life,General_Interactions,0
5958,abound,B1,Daily_Life,General_Interactions,0
5959,abrasive,B1,Daily_Life,General_Interactions,0
5960,abrasive manner,B1,Psychology_Emotions,Behavior,0
5961,abridge,B1,Daily_Life,General_Interactions,0
5962,abrogate,B1,Daily_Life,General_Interactions,0
5963,abruptly,B1,Daily_Life,General_Interactions,0
5964,abscond,B1,Daily_Life,General_Interactions,0
5965,absent,B1,Daily_Life,General_Interactions,0
5966,absolute,B1,Daily_Life,General_Interactions,0
5967,absolutely,B1,Daily_Life,General_Interactions,0
5968,absolutely delighted,B1,Daily_Life,General_Interactions,0
5969,absolutely essential,B1,Daily_Life,General_Interactions,0
5970,absolutely furious,B1,Daily_Life,General_Interactions,0
5971,absolutely vital,B1,Daily_Life,General_Interactions,0
5972,absolutely wonderful,B1,Daily_Life,General_Interactions,0
5973,absolve,B1,Daily_Life,General_Interactions,0
5974,absorb,B1,Daily_Life,General_Interactions,0
5975,absorbed,B1,Daily_Life,General_Interactions,0
5976,abstain,B1,Technology_Digital,Artificial_Intelligence,0
5977,abstemious,B1,Daily_Life,General_Interactions,0
5978,abstinence,B1,Daily_Life,General_Interactions,0
5979,abstruse,B1,Daily_Life,General_Interactions,0
5980,abundance,B1,Communication_Media_Arts,Arts_Creativity,0
5981,abundant,B1,Daily_Life,General_Interactions,0
5982,abundantly,B1,Daily_Life,General_Interactions,0
5983,abuse,B1,Travel_Transportation,Public_Transport,0
5984,abuse trust,B1,Travel_Transportation,Public_Transport,0
5985,academic,B1,Education,Academic_Study,0
5986,academic year,B1,Education,Academic_Study,0
5987,academics,B1,Education,Academic_Study,0
5988,accede,B1,Daily_Life,General_Interactions,0
5989,accelerated,B1,Business_Finance_Economy,Economy_Markets,0
5990,accelerating,B1,Daily_Life,General_Interactions,0
5991,accept,B1,Daily_Life,General_Interactions,0
5992,acceptance,B1,Daily_Life,General_Interactions,0
5993,accepted,B1,Daily_Life,General_Interactions,0
5994,accepting,B1,Daily_Life,General_Interactions,0
5995,access,B1,Daily_Life,General_Interactions,0
5996,accessed,B1,Daily_Life,General_Interactions,0
5997,accessible,B1,Daily_Life,General_Interactions,0
5998,accident,B1,Daily_Life,General_Interactions,0
5999,accidental,B1,Daily_Life,General_Interactions,0
6000,acclaimed,B1,Technology_Digital,Artificial_Intelligence,0
6001,accommodate,B1,Daily_Life,General_Interactions,0
6002,accommodations,B1,Travel_Transportation,Hotels_Tourism,0
6003,accompany,B1,Business_Finance_Economy,Business_Management,0
6004,accomplice,B1,Daily_Life,General_Interactions,0
6005,accomplish,B1,Daily_Life,General_Interactions,0
6006,accomplished,B1,Daily_Life,General_Interactions,0
6007,accomplished actor,B1,Psychology_Emotions,Behavior,0
6008,accord,B1,Daily_Life,General_Interactions,0
6009,according,B1,Daily_Life,General_Interactions,0
6010,accost,B1,Business_Finance_Economy,Economy_Markets,0
6011,accountability,B1,Education,Learning_Skills,0
6012,accounts,B1,Business_Finance_Economy,Business_Management,0
6013,accredit,B1,Daily_Life,General_Interactions,0
6014,accumulate experience,B1,Daily_Life,General_Interactions,0
6015,accumulating,B1,Daily_Life,General_Interactions,0
6016,accumulation,B1,Daily_Life,General_Interactions,0
6017,accumulations,B1,Daily_Life,General_Interactions,0
6018,accuse,B1,Daily_Life,General_Interactions,0
6019,accustomed to,B1,Daily_Life,General_Interactions,0
6020,ache,B1,Daily_Life,General_Interactions,0
6021,achieve,B1,Daily_Life,General_Interactions,0
6022,achieved,B1,Daily_Life,General_Interactions,0
6023,achievement,B1,Daily_Life,General_Interactions,0
6024,achievements,B1,Daily_Life,General_Interactions,0
6025,acid,B1,Daily_Life,General_Interactions,0
6026,acidification,B1,Daily_Life,General_Interactions,0
6027,acoustic,B1,Daily_Life,General_Interactions,0
6028,acquiesce,B1,Daily_Life,General_Interactions,0
6029,acquire a taste for,B1,Daily_Life,General_Interactions,0
6030,acquire a taste for knowledge,B1,Education,Learning_Skills,0
6031,acquire knowledge,B1,Education,Learning_Skills,0
6032,acquiring,B1,Daily_Life,General_Interactions,0
6033,acquisitions,B1,Daily_Life,General_Interactions,0
6034,acrimonious,B1,Daily_Life,General_Interactions,0
6035,across,B1,Daily_Life,General_Interactions,0
6036,act,B1,Psychology_Emotions,Behavior,0
6037,act as a go-between,B1,Psychology_Emotions,Behavior,0
6038,act as a referee,B1,Psychology_Emotions,Behavior,0
6039,act on a suggestion,B1,Psychology_Emotions,Behavior,0
6040,act on a tip-off,B1,Psychology_Emotions,Behavior,0
6041,act your age,B1,Psychology_Emotions,Behavior,0
6042,acted,B1,Psychology_Emotions,Behavior,0
6043,acting,B1,Psychology_Emotions,Behavior,0
6044,action,B1,Psychology_Emotions,Behavior,0
6045,actions,B1,Psychology_Emotions,Behavior,0
6046,activation,B1,Psychology_Emotions,Behavior,0
6047,active,B1,Psychology_Emotions,Behavior,0
6048,actor,B1,Psychology_Emotions,Behavior,0
6049,actual,B1,Psychology_Emotions,Behavior,0
6050,actuators,B1,Psychology_Emotions,Behavior,0
6051,adapt to changing circumstances,B1,Daily_Life,General_Interactions,0
6052,adaptability,B1,Education,Learning_Skills,0
6053,adaptation,B1,Daily_Life,General_Interactions,0
6054,adaptations,B1,Daily_Life,General_Interactions,0
6055,adapted,B1,Daily_Life,General_Interactions,0
6056,adaptive,B1,Daily_Life,General_Interactions,0
6057,add,B1,Daily_Life,General_Interactions,0
6058,added,B1,Daily_Life,General_Interactions,0
6059,addition,B1,Daily_Life,General_Interactions,0
6060,additional,B1,Daily_Life,General_Interactions,0
6061,additionally,B1,Daily_Life,General_Interactions,0
6062,address,B1,Daily_Life,General_Interactions,0
6063,address a problem,B1,Daily_Life,General_Interactions,0
6064,address an issue,B1,Daily_Life,General_Interactions,0
6065,addressed,B1,Daily_Life,General_Interactions,0
6066,addressing,B1,Communication_Media_Arts,Speaking_Expressions,0
6067,adequate,B1,Daily_Life,General_Interactions,0
6068,adequately,B1,Daily_Life,General_Interactions,0
6069,adhere to a philosophy,B1,Daily_Life,General_Interactions,0
6070,adhere to beliefs,B1,Daily_Life,General_Interactions,0
6071,adhere to ideals,B1,Daily_Life,General_Interactions,0
6072,adhere to principles,B1,Daily_Life,General_Interactions,0
6073,adhere to standards,B1,Daily_Life,General_Interactions,0
6074,adherent,B1,Daily_Life,Home_Housing,0
6075,adjacency,B1,Daily_Life,General_Interactions,0
6076,adjourn a meeting,B1,Daily_Life,General_Interactions,0
6077,adjourn a trial,B1,Daily_Life,General_Interactions,0
6078,adjustment,B1,Daily_Life,General_Interactions,0
6079,administer,B1,Society_Law_Politics,Government_Politics,0
6080,administrative,B1,Daily_Life,General_Interactions,0
6081,administrator,B1,Daily_Life,General_Interactions,0
6082,admire,B1,Daily_Life,General_Interactions,0
6083,admired,B1,Daily_Life,General_Interactions,0
6084,admission,B1,Daily_Life,General_Interactions,0
6085,admit,B1,Daily_Life,General_Interactions,0
6086,admit defeat,B1,Health_Medicine,Healthcare_Hospital,0
6087,admonish,B1,Daily_Life,General_Interactions,0
6088,adobe,B1,Daily_Life,General_Interactions,0
6089,adopt,B1,Daily_Life,General_Interactions,0
6090,adopt a method,B1,Daily_Life,General_Interactions,0
6091,adopting,B1,Daily_Life,General_Interactions,0
6092,adoption,B1,Daily_Life,General_Interactions,0
6093,adored,B1,Daily_Life,General_Interactions,0
6094,adroit,B1,Daily_Life,General_Interactions,0
6095,adulate,B1,Daily_Life,General_Interactions,0
6096,adult,B1,Daily_Life,General_Interactions,0
6097,adulterate,B1,Business_Finance_Economy,Economy_Markets,0
6098,adults,B1,Daily_Life,General_Interactions,0
6099,advance,B1,Daily_Life,General_Interactions,0
6100,advanced computer skills,B1,Education,Learning_Skills,0
6101,advanced knowledge,B1,Education,Learning_Skills,0
6102,advancement,B1,Daily_Life,General_Interactions,0
6103,advancements,B1,Daily_Life,General_Interactions,0
6104,advances,B1,Daily_Life,General_Interactions,0
6105,advantageous,B1,Daily_Life,General_Interactions,0
6106,advantages outweigh the disadvantages,B1,Psychology_Emotions,Feelings_Emotions,0
6107,adventure,B1,Business_Finance_Economy,Entrepreneurship,0
6108,adventures,B1,Business_Finance_Economy,Entrepreneurship,0
6109,adverse reaction,B1,Science_Nature,Physics_Chemistry,0
6110,adverse weather conditions,B1,Science_Nature,Natural_Phenomena,0
6111,advertise,B1,Daily_Life,General_Interactions,0
6112,advertisement,B1,Daily_Life,General_Interactions,0
6113,advised,B1,Daily_Life,General_Interactions,0
6114,aeration,B1,Daily_Life,General_Interactions,0
6115,aeroplane,B1,Travel_Transportation,Air_Travel,0
6116,aesthetic,B1,Daily_Life,General_Interactions,0
6117,affable,B1,Daily_Life,General_Interactions,0
6118,affair,B1,Technology_Digital,Artificial_Intelligence,0
6119,affect,B1,Daily_Life,General_Interactions,0
6120,affect the bottom line,B1,Daily_Life,General_Interactions,0
6121,affected,B1,Daily_Life,General_Interactions,0
6122,affiliate,B1,Daily_Life,General_Interactions,0
6123,affinity,B1,Daily_Life,General_Interactions,0
6124,affirm,B1,Daily_Life,General_Interactions,0
6125,affliction,B1,Daily_Life,General_Interactions,0
6126,afford,B1,Daily_Life,General_Interactions,0
6127,affordability,B1,Education,Learning_Skills,0
6128,afraid,B1,Technology_Digital,Artificial_Intelligence,0
6129,african,B1,Daily_Life,General_Interactions,0
6130,after careful consideration,B1,Travel_Transportation,Road_Travel,0
6131,afternoon,B1,Daily_Life,General_Interactions,0
6132,against,B1,Technology_Digital,Artificial_Intelligence,0
6133,against your better judgement,B1,Technology_Digital,Artificial_Intelligence,0
6134,against your better judgment,B1,Technology_Digital,Artificial_Intelligence,0
6135,age,B1,Daily_Life,General_Interactions,0
6136,age-old tradition,B1,Daily_Life,General_Interactions,0
6137,aged,B1,Daily_Life,General_Interactions,0
6138,agencies,B1,Daily_Life,General_Interactions,0
6139,agenda,B1,Daily_Life,General_Interactions,0
6140,aggravation,B1,Daily_Life,General_Interactions,0
6141,aggregation,B1,Daily_Life,General_Interactions,0
6142,aggressive,B1,Daily_Life,General_Interactions,0
6143,ago,B1,Daily_Life,General_Interactions,0
6144,agony,B1,Daily_Life,General_Interactions,0
6145,agree,B1,Communication_Media_Arts,Opinion_Discussion,0
6146,agreeable,B1,Communication_Media_Arts,Opinion_Discussion,0
6147,agreed,B1,Communication_Media_Arts,Opinion_Discussion,0
6148,agreed credit limit,B1,Communication_Media_Arts,Opinion_Discussion,0
6149,ahead,B1,Daily_Life,General_Interactions,0
6150,aid,B1,Technology_Digital,Artificial_Intelligence,0
6151,aim,B1,Technology_Digital,Artificial_Intelligence,0
6152,aimed,B1,Technology_Digital,Artificial_Intelligence,0
6153,aiming,B1,Technology_Digital,Artificial_Intelligence,0
6154,air,B1,Technology_Digital,Artificial_Intelligence,0
6155,air a grievance,B1,Technology_Digital,Artificial_Intelligence,0
6156,air quality,B1,Technology_Digital,Artificial_Intelligence,0
6157,air-conditioning,B1,Technology_Digital,Artificial_Intelligence,0
6158,airline,B1,Technology_Digital,Artificial_Intelligence,0
6159,airplane,B1,Technology_Digital,Artificial_Intelligence,0
6160,airport,B1,Technology_Digital,Artificial_Intelligence,0
6161,alarm,B1,Daily_Life,General_Interactions,0
6162,alcohol,B1,Daily_Life,General_Interactions,0
6163,alert,B1,Daily_Life,General_Interactions,0
6164,algae,B1,Daily_Life,General_Interactions,0
6165,algebra,B1,Daily_Life,General_Interactions,0
6166,algorithm,B1,Technology_Digital,Artificial_Intelligence,0
6167,algorithms,B1,Technology_Digital,Artificial_Intelligence,0
6168,alien,B1,Daily_Life,General_Interactions,0
6169,align,B1,Daily_Life,General_Interactions,0
6170,alike,B1,Technology_Digital,Social_Media,0
6171,alive,B1,Daily_Life,General_Interactions,0
6172,all-star cast,B1,Science_Nature,Natural_Phenomena,0
6173,allay fears,B1,Psychology_Emotions,Feelings_Emotions,0
6174,allege,B1,Daily_Life,General_Interactions,0
6175,alleviate bottlenecks,B1,Daily_Life,General_Interactions,0
6176,alliances,B1,Daily_Life,General_Interactions,0
6177,allocate part of a budget,B1,Business_Finance_Economy,Finance_Banking,0
6178,allocate resources,B1,Daily_Life,General_Interactions,0
6179,allocating,B1,Daily_Life,General_Interactions,0
6180,allow,B1,Daily_Life,General_Interactions,0
6181,allowed,B1,Daily_Life,General_Interactions,0
6182,allowing,B1,Daily_Life,General_Interactions,0
6183,alloy,B1,Daily_Life,General_Interactions,0
6184,ally,B1,Daily_Life,General_Interactions,0
6185,almost,B1,Daily_Life,General_Interactions,0
6186,alone,B1,Daily_Life,General_Interactions,0
6187,along,B1,Daily_Life,General_Interactions,0
6188,alongside,B1,Daily_Life,General_Interactions,0
6189,aloof,B1,Daily_Life,General_Interactions,0
6190,alphabet,B1,Daily_Life,General_Interactions,0
6191,alphabeticall,B1,Daily_Life,General_Interactions,0
6192,already,B1,Communication_Media_Arts,Speaking_Expressions,0
6193,alteration,B1,Daily_Life,General_Interactions,0
6194,altering,B1,Daily_Life,General_Interactions,0
6195,alternative,B1,Daily_Life,General_Interactions,0
6196,alternative energy source,B1,Science_Nature,Physics_Chemistry,0
6197,although,B1,Daily_Life,General_Interactions,0
6198,altitudes,B1,Daily_Life,General_Interactions,0
6199,altruistic,B1,Daily_Life,General_Interactions,0
6200,alumni,B1,Daily_Life,General_Interactions,0
6201,amass,B1,Daily_Life,General_Interactions,0
6202,amateur,B1,Daily_Life,General_Interactions,0
6203,amaze,B1,Daily_Life,General_Interactions,0
6204,amazing,B1,Daily_Life,General_Interactions,0
6205,amazing chain of events,B1,Technology_Digital,Artificial_Intelligence,0
6206,amazing degree of accuracy,B1,Education,University_School,0
6207,ambition,B1,Psychology_Emotions,Motivation,0
6208,ambitious,B1,Daily_Life,General_Interactions,0
6209,ambivalence,B1,Daily_Life,General_Interactions,0
6210,amble,B1,Daily_Life,General_Interactions,0
6211,ambulance,B1,Daily_Life,General_Interactions,0
6212,ameliorate,B1,Business_Finance_Economy,Economy_Markets,0
6213,amenable,B1,Daily_Life,General_Interactions,0
6214,amiable,B1,Daily_Life,General_Interactions,0
6215,amicable,B1,Daily_Life,General_Interactions,0
6216,amnesty,B1,Daily_Life,General_Interactions,0
6217,among,B1,Daily_Life,General_Interactions,0
6218,amorphous,B1,Daily_Life,General_Interactions,0
6219,amount,B1,Daily_Life,General_Interactions,0
6220,ample room,B1,Daily_Life,Home_Housing,0
6221,amplifies,B1,Daily_Life,General_Interactions,0
6222,amplify,B1,Daily_Life,General_Interactions,0
6223,amputees,B1,Daily_Life,General_Interactions,0
6224,amuse,B1,Daily_Life,General_Interactions,0
6225,amused,B1,Daily_Life,General_Interactions,0
6226,analogy,B1,Daily_Life,General_Interactions,0
6227,analysis,B1,Education,Academic_Study,0
6228,analytic,B1,Daily_Life,General_Interactions,0
6229,analytical,B1,Daily_Life,General_Interactions,0
6230,analyzing,B1,Daily_Life,General_Interactions,0
6231,anarchy,B1,Daily_Life,General_Interactions,0
6232,anatomist,B1,Science_Nature,Physics_Chemistry,0
6233,anatomy,B1,Science_Nature,Physics_Chemistry,0
6234,ancestor,B1,Daily_Life,General_Interactions,0
6235,ancestors,B1,Daily_Life,General_Interactions,0
6236,ancestry,B1,Daily_Life,General_Interactions,0
6237,anchor,B1,Daily_Life,General_Interactions,0
6238,anchored,B1,Daily_Life,General_Interactions,0
6239,anchoring,B1,Daily_Life,General_Interactions,0
6240,ancillary,B1,Health_Medicine,Healthcare_Hospital,0
6241,anecdote,B1,Daily_Life,General_Interactions,0
6242,angel,B1,Daily_Life,General_Interactions,0
6243,anger,B1,Daily_Life,General_Interactions,0
6244,angle,B1,Daily_Life,General_Interactions,0
6245,angles,B1,Daily_Life,General_Interactions,0
6246,angry,B1,Psychology_Emotions,Feelings_Emotions,0
6247,animal,B1,Science_Nature,Biology_Life_Sciences,0
6248,animosity,B1,Daily_Life,General_Interactions,0
6249,anisotropies,B1,Daily_Life,General_Interactions,0
6250,annihilate,B1,Daily_Life,General_Interactions,0
6251,annihilated,B1,Daily_Life,General_Interactions,0
6252,announce,B1,Daily_Life,General_Interactions,0
6253,announce record profits,B1,Business_Finance_Economy,Finance_Banking,0
6254,announcement,B1,Daily_Life,General_Interactions,0
6255,annual,B1,Daily_Life,General_Interactions,0
6256,annual tradition,B1,Daily_Life,General_Interactions,0
6257,annually,B1,Daily_Life,General_Interactions,0
6258,anomalies,B1,Daily_Life,General_Interactions,0
6259,anonymity,B1,Daily_Life,General_Interactions,0
6260,anonymous,B1,Daily_Life,General_Interactions,0
6261,another,B1,Daily_Life,General_Interactions,0
6262,answer,B1,Education,Classroom_Interaction,0
6263,answered,B1,Education,Classroom_Interaction,0
6264,answering,B1,Education,Classroom_Interaction,0
6265,antagonist,B1,Daily_Life,General_Interactions,0
6266,antagonize,B1,Daily_Life,General_Interactions,0
6267,antecedent,B1,Daily_Life,General_Interactions,0
6268,antedate,B1,Daily_Life,General_Interactions,0
6269,antelope,B1,Daily_Life,General_Interactions,0
6270,anthology,B1,Daily_Life,General_Interactions,0
6271,anthropologists,B1,Daily_Life,General_Interactions,0
6272,anti-aging properties,B1,Daily_Life,General_Interactions,2
6273,antimicrobial,B1,Daily_Life,General_Interactions,0
6274,antiseptic,B1,Daily_Life,General_Interactions,0
6275,antisocial behaviour,B1,Society_Law_Politics,Social_Issues,0
6276,antithesis,B1,Education,Academic_Study,0
6277,antler,B1,Daily_Life,General_Interactions,0
6278,anxiety,B1,Health_Medicine,Mental_Health,0
6279,anxious,B1,Daily_Life,General_Interactions,0
6280,anyway,B1,Daily_Life,General_Interactions,0
6281,anywhere,B1,Daily_Life,General_Interactions,0
6282,apart,B1,Communication_Media_Arts,Arts_Creativity,0
6283,apathetic,B1,Daily_Life,General_Interactions,0
6284,apocryphal,B1,Daily_Life,General_Interactions,0
6285,apologist,B1,Daily_Life,General_Interactions,0
6286,apologize,B1,Daily_Life,General_Interactions,0
6287,apostate,B1,Technology_Digital,Social_Media,0
6288,apotheosis,B1,Daily_Life,General_Interactions,0
6289,appall,B1,Technology_Digital,Software_Internet,0
6290,apparatus,B1,Technology_Digital,Software_Internet,0
6291,apparent,B1,Daily_Life,Home_Housing,0
6292,apparently,B1,Daily_Life,Home_Housing,0
6293,appeal,B1,Technology_Digital,Software_Internet,0
6294,appear,B1,Technology_Digital,Software_Internet,0
6295,appearance,B1,Technology_Digital,Software_Internet,0
6296,appeared,B1,Technology_Digital,Software_Internet,0
6297,appearing,B1,Technology_Digital,Software_Internet,0
6298,appease,B1,Technology_Digital,Software_Internet,0
6299,appendix,B1,Technology_Digital,Software_Internet,0
6300,appliance,B1,Technology_Digital,Software_Internet,0
6301,appliances,B1,Technology_Digital,Software_Internet,0
6302,application,B1,Technology_Digital,Software_Internet,0
6303,apply,B1,Technology_Digital,Software_Internet,0
6304,applying,B1,Technology_Digital,Software_Internet,0
6305,appointment,B1,Technology_Digital,Software_Internet,0
6306,apportion,B1,Technology_Digital,Software_Internet,0
6307,appraisal,B1,Technology_Digital,Artificial_Intelligence,0
6308,appraise,B1,Technology_Digital,Artificial_Intelligence,0
6309,appreciable,B1,Technology_Digital,Software_Internet,0
6310,appreciate,B1,Technology_Digital,Software_Internet,0
6311,appreciated,B1,Technology_Digital,Software_Internet,0
6312,appreciation,B1,Technology_Digital,Software_Internet,0
6313,apprehensive,B1,Technology_Digital,Software_Internet,0
6314,apprise,B1,Technology_Digital,Software_Internet,0
6315,approach,B1,Technology_Digital,Software_Internet,0
6316,approached,B1,Technology_Digital,Software_Internet,0
6317,approaches,B1,Technology_Digital,Software_Internet,0
6318,approaching,B1,Technology_Digital,Software_Internet,0
6319,approbation,B1,Technology_Digital,Software_Internet,0
6320,appropriate,B1,Technology_Digital,Software_Internet,0
6321,approve a plan,B1,Technology_Digital,Software_Internet,0
6322,approved,B1,Technology_Digital,Software_Internet,0
6323,approximating,B1,Technology_Digital,Software_Internet,0
6324,approximation,B1,Technology_Digital,Software_Internet,0
6325,aptitude,B1,Daily_Life,General_Interactions,0
6326,aquatic,B1,Daily_Life,General_Interactions,0
6327,aqueducts,B1,Daily_Life,General_Interactions,0
6328,arbitrate,B1,Business_Finance_Economy,Economy_Markets,0
6329,arc,B1,Daily_Life,General_Interactions,0
6330,archaeological,B1,Daily_Life,General_Interactions,0
6331,archaeologists,B1,Daily_Life,General_Interactions,0
6332,archetype,B1,Daily_Life,General_Interactions,0
6333,archetypes,B1,Daily_Life,General_Interactions,0
6334,architect,B1,Daily_Life,General_Interactions,0
6335,archive,B1,Daily_Life,General_Interactions,0
6336,archives,B1,Daily_Life,General_Interactions,0
6337,ardent,B1,Daily_Life,General_Interactions,0
6338,arduous journey,B1,Travel_Transportation,Road_Travel,0
6339,area,B1,Daily_Life,General_Interactions,0
6340,argentinian,B1,Daily_Life,General_Interactions,0
6341,argue,B1,Communication_Media_Arts,Speaking_Expressions,0
6342,argued,B1,Communication_Media_Arts,Speaking_Expressions,0
6343,argument,B1,Communication_Media_Arts,Opinion_Discussion,0
6344,argumentation,B1,Communication_Media_Arts,Opinion_Discussion,0
6345,arguments,B1,Communication_Media_Arts,Opinion_Discussion,0
6346,arise,B1,Daily_Life,General_Interactions,0
6347,aristocracy,B1,Daily_Life,General_Interactions,0
6348,aristocratic,B1,Daily_Life,General_Interactions,0
6349,armchair,B1,Technology_Digital,Artificial_Intelligence,0
6350,armpit,B1,Daily_Life,General_Interactions,0
6351,army,B1,Daily_Life,General_Interactions,0
6352,aroma,B1,Daily_Life,General_Interactions,0
6353,around,B1,Daily_Life,General_Interactions,0
6354,arouse someone's interest,B1,Daily_Life,General_Interactions,0
6355,arrange,B1,Daily_Life,General_Interactions,0
6356,arranged,B1,Daily_Life,General_Interactions,0
6357,arrangement,B1,Daily_Life,General_Interactions,0
6358,arrangements,B1,Daily_Life,General_Interactions,0
6359,array,B1,Daily_Life,General_Interactions,0
6360,arrival,B1,Daily_Life,General_Interactions,0
6361,arrive,B1,Daily_Life,General_Interactions,0
6362,arrive at a conclusion,B1,Daily_Life,General_Interactions,0
6363,arrive at an agreement,B1,Communication_Media_Arts,Opinion_Discussion,0
6364,arrived,B1,Daily_Life,General_Interactions,0
6365,arrives,B1,Daily_Life,General_Interactions,0
6366,arriving,B1,Daily_Life,General_Interactions,0
6367,arrogate,B1,Daily_Life,General_Interactions,0
6368,art,B1,Communication_Media_Arts,Arts_Creativity,0
6369,article,B1,Communication_Media_Arts,Writing_Language,0
6370,articulate,B1,Communication_Media_Arts,Arts_Creativity,0
6371,articulation,B1,Communication_Media_Arts,Arts_Creativity,0
6372,artifacts,B1,Communication_Media_Arts,Arts_Creativity,0
6373,artificial,B1,Communication_Media_Arts,Arts_Creativity,0
6374,artist,B1,Communication_Media_Arts,Arts_Creativity,0
6375,artwork,B1,Business_Finance_Economy,Jobs_Careers,0
6376,artworks,B1,Business_Finance_Economy,Jobs_Careers,0
6377,ascend,B1,Daily_Life,General_Interactions,0
6378,ascetic,B1,Daily_Life,General_Interactions,0
6379,ascribe,B1,Daily_Life,General_Interactions,0
6380,ash,B1,Daily_Life,General_Interactions,0
6381,ashore,B1,Daily_Life,General_Interactions,0
6382,asia,B1,Daily_Life,General_Interactions,0
6383,aside,B1,Daily_Life,General_Interactions,0
6384,ask for an extension,B1,Daily_Life,General_Interactions,0
6385,asked,B1,Daily_Life,General_Interactions,0
6386,asking,B1,Daily_Life,General_Interactions,0
6387,asleep,B1,Health_Medicine,Healthcare_Hospital,0
6388,aspects,B1,Daily_Life,General_Interactions,0
6389,aspects of the job,B1,Business_Finance_Economy,Jobs_Careers,0
6390,aspersion,B1,Daily_Life,General_Interactions,0
6391,aspirant,B1,Daily_Life,General_Interactions,0
6392,assemble,B1,Daily_Life,General_Interactions,0
6393,assent,B1,Daily_Life,General_Interactions,0
6394,asserted,B1,Daily_Life,General_Interactions,0
6395,assertion,B1,Daily_Life,General_Interactions,0
6396,assess something's value,B1,Daily_Life,General_Interactions,0
6397,assessing,B1,Communication_Media_Arts,Speaking_Expressions,0
6398,assiduous,B1,Daily_Life,General_Interactions,0
6399,assign,B1,Daily_Life,General_Interactions,0
6400,assignment,B1,Daily_Life,General_Interactions,0
6401,assist,B1,Daily_Life,General_Interactions,0
6402,assistance,B1,Daily_Life,General_Interactions,0
6403,assistant,B1,Daily_Life,General_Interactions,0
6404,assisted,B1,Daily_Life,General_Interactions,0
6405,assisting,B1,Daily_Life,General_Interactions,0
6406,associated,B1,Daily_Life,General_Interactions,0
6407,assorted,B1,Daily_Life,General_Interactions,0
6408,assuage,B1,Daily_Life,General_Interactions,0
6409,assume,B1,Daily_Life,General_Interactions,0
6410,assumed,B1,Daily_Life,General_Interactions,0
6411,assumption,B1,Daily_Life,General_Interactions,0
6412,assumptions,B1,Daily_Life,General_Interactions,0
6413,assure,B1,Daily_Life,General_Interactions,0
6414,assured,B1,Daily_Life,General_Interactions,0
6415,asteroid,B1,Daily_Life,General_Interactions,0
6416,astonish,B1,Daily_Life,General_Interactions,0
6417,astonishing,B1,Daily_Life,General_Interactions,0
6418,astoundingly,B1,Daily_Life,General_Interactions,0
6419,astronomical fees,B1,Daily_Life,General_Interactions,0
6420,astronomy,B1,Daily_Life,General_Interactions,0
6421,ate,B1,Daily_Life,General_Interactions,0
6422,atlantic,B1,Daily_Life,General_Interactions,0
6423,atmosphere,B1,Daily_Life,General_Interactions,0
6424,atmospheric,B1,Daily_Life,General_Interactions,0
6425,atone,B1,Daily_Life,General_Interactions,0
6426,atrocity,B1,Daily_Life,General_Interactions,0
6427,atrophy,B1,Daily_Life,General_Interactions,0
6428,attach,B1,Daily_Life,General_Interactions,0
6429,attached,B1,Daily_Life,General_Interactions,0
6430,attaches,B1,Daily_Life,General_Interactions,0
6431,attachment,B1,Daily_Life,General_Interactions,0
6432,attack,B1,Daily_Life,General_Interactions,0
6433,attacked,B1,Daily_Life,General_Interactions,0
6434,attacking,B1,Daily_Life,General_Interactions,0
6435,attain,B1,Technology_Digital,Artificial_Intelligence,0
6436,attainment,B1,Technology_Digital,Artificial_Intelligence,0
6437,attains,B1,Technology_Digital,Artificial_Intelligence,0
6438,attempt,B1,Daily_Life,General_Interactions,0
6439,attend,B1,Daily_Life,General_Interactions,0
6440,attend a formal function,B1,Daily_Life,General_Interactions,0
6441,attend school,B1,Education,University_School,0
6442,attended,B1,Daily_Life,General_Interactions,0
6443,attendee,B1,Daily_Life,General_Interactions,0
6444,attendees,B1,Daily_Life,General_Interactions,0
6445,attending,B1,Daily_Life,General_Interactions,0
6446,attention,B1,Daily_Life,General_Interactions,0
6447,attention wanders,B1,Daily_Life,General_Interactions,0
6448,attenuate,B1,Daily_Life,General_Interactions,0
6449,attest,B1,Education,Exams_Assessments,0
6450,attire,B1,Daily_Life,General_Interactions,0
6451,attract,B1,Psychology_Emotions,Behavior,0
6452,attracted,B1,Psychology_Emotions,Behavior,0
6453,attraction,B1,Psychology_Emotions,Behavior,0
6454,attractions,B1,Psychology_Emotions,Behavior,0
6455,attributed,B1,Daily_Life,General_Interactions,0
6456,attributes,B1,Daily_Life,General_Interactions,0
6457,attribution,B1,Daily_Life,General_Interactions,0
6458,audacious,B1,Daily_Life,General_Interactions,0
6459,audiences,B1,Daily_Life,General_Interactions,0
6460,audio,B1,Daily_Life,General_Interactions,0
6461,auditory,B1,Daily_Life,General_Interactions,0
6462,augur,B1,Daily_Life,General_Interactions,0
6463,auspicious,B1,Daily_Life,General_Interactions,0
6464,austere,B1,Daily_Life,General_Interactions,0
6465,authentic,B1,Daily_Life,General_Interactions,0
6466,authenticity,B1,Daily_Life,General_Interactions,0
6467,author,B1,Daily_Life,General_Interactions,0
6468,authoritarian,B1,Daily_Life,General_Interactions,0
6469,authoritative,B1,Daily_Life,General_Interactions,0
6470,authorship,B1,Daily_Life,General_Interactions,0
6471,automate,B1,Daily_Life,General_Interactions,0
6472,automatic,B1,Daily_Life,General_Interactions,0
6473,automatic car,B1,Travel_Transportation,Road_Travel,0
6474,automatically,B1,Daily_Life,General_Interactions,0
6475,automation,B1,Technology_Digital,Artificial_Intelligence,0
6476,autonomy,B1,Daily_Life,General_Interactions,0
6477,autumn,B1,Daily_Life,General_Interactions,0
6478,availability,B1,Education,Learning_Skills,0
6479,available,B1,Technology_Digital,Artificial_Intelligence,0
6480,avarice,B1,Daily_Life,General_Interactions,0
6481,aver,B1,Daily_Life,General_Interactions,0
6482,average,B1,Daily_Life,General_Interactions,0
6483,averaged,B1,Daily_Life,General_Interactions,0
6484,aversion,B1,Daily_Life,General_Interactions,0
6485,avid,B1,Daily_Life,General_Interactions,0
6486,avoid,B1,Daily_Life,General_Interactions,0
6487,avoided,B1,Daily_Life,General_Interactions,0
6488,avoiding,B1,Daily_Life,General_Interactions,0
6489,awaken your interest,B1,Daily_Life,General_Interactions,0
6490,awakening,B1,Daily_Life,General_Interactions,0
6491,award damages,B1,Society_Law_Politics,Law_Crime,0
6492,aware,B1,Society_Law_Politics,Law_Crime,0
6493,aware of,B1,Society_Law_Politics,Law_Crime,0
6494,awareness,B1,Society_Law_Politics,Law_Crime,0
6495,away,B1,Daily_Life,General_Interactions,0
6496,awkward,B1,Society_Law_Politics,Law_Crime,0
6497,axe,B1,Daily_Life,General_Interactions,0
6498,axle,B1,Daily_Life,General_Interactions,0
6499,bachelor,B1,Daily_Life,General_Interactions,0
6500,back,B1,Daily_Life,General_Interactions,0
6501,back in fashion,B1,Daily_Life,General_Interactions,0
6502,back of beyond,B1,Daily_Life,General_Interactions,0
6503,back up conclusions,B1,Daily_Life,General_Interactions,0
6504,back-up,B1,Daily_Life,General_Interactions,0
6505,backed,B1,Daily_Life,General_Interactions,0
6506,background reading,B1,Communication_Media_Arts,Speaking_Expressions,0
6507,backside,B1,Daily_Life,General_Interactions,0
6508,backup,B1,Daily_Life,General_Interactions,0
6509,bacteria,B1,Psychology_Emotions,Behavior,0
6510,bad language,B1,Communication_Media_Arts,Writing_Language,0
6511,baffled,B1,Daily_Life,General_Interactions,0
6512,balance,B1,Psychology_Emotions,Stress_Mental_State,0
6513,balance the books,B1,Psychology_Emotions,Stress_Mental_State,0
6514,balancing,B1,Daily_Life,General_Interactions,0
6515,baleful,B1,Daily_Life,General_Interactions,0
6516,ball,B1,Daily_Life,General_Interactions,0
6517,ball-strike,B1,Daily_Life,General_Interactions,0
6518,balloon,B1,Daily_Life,General_Interactions,0
6519,ballot,B1,Daily_Life,General_Interactions,0
6520,bamboo,B1,Daily_Life,General_Interactions,0
6521,ban,B1,Daily_Life,General_Interactions,0
6522,banal,B1,Daily_Life,General_Interactions,0
6523,bane,B1,Daily_Life,General_Interactions,0
6524,banged,B1,Daily_Life,General_Interactions,0
6525,banish wrinkles,B1,Daily_Life,General_Interactions,0
6526,bank,B1,Business_Finance_Economy,Finance_Banking,0
6527,bar,B1,Daily_Life,General_Interactions,0
6528,bare,B1,Daily_Life,General_Interactions,0
6529,barely,B1,Daily_Life,General_Interactions,0
6530,barge,B1,Daily_Life,General_Interactions,0
6531,barking,B1,Daily_Life,General_Interactions,0
6532,baroque,B1,Daily_Life,General_Interactions,0
6533,barrage,B1,Daily_Life,General_Interactions,0
6534,barrage of insults,B1,Daily_Life,General_Interactions,0
6535,barrage of questions,B1,Education,Classroom_Interaction,0
6536,barrier,B1,Daily_Life,General_Interactions,0
6537,barriers,B1,Daily_Life,General_Interactions,0
6538,base,B1,Daily_Life,General_Interactions,0
6539,based,B1,Daily_Life,General_Interactions,0
6540,basic,B1,Daily_Life,General_Interactions,0
6541,basic principle,B1,Daily_Life,General_Interactions,0
6542,basil,B1,Daily_Life,General_Interactions,0
6543,basis,B1,Daily_Life,General_Interactions,0
6544,bath,B1,Daily_Life,General_Interactions,0
6545,batter,B1,Daily_Life,General_Interactions,0
6546,battery,B1,Daily_Life,General_Interactions,0
6547,battle,B1,Daily_Life,General_Interactions,0
6548,be awarded a penalty,B1,Society_Law_Politics,Law_Crime,0
6549,be drawn into an argument,B1,Communication_Media_Arts,Opinion_Discussion,0
6550,be given a sentence,B1,Daily_Life,General_Interactions,0
6551,be given a yellow card,B1,Travel_Transportation,Road_Travel,0
6552,be given leave,B1,Daily_Life,General_Interactions,0
6553,be in for a shock,B1,Daily_Life,General_Interactions,0
6554,be in poor health,B1,Health_Medicine,Healthcare_Hospital,0
6555,be joined in matrimony,B1,Daily_Life,General_Interactions,0
6556,be left with little alternative,B1,Daily_Life,General_Interactions,0
6557,be on the go,B1,Daily_Life,General_Interactions,0
6558,be open to offers,B1,Daily_Life,General_Interactions,0
6559,be prospects for,B1,Daily_Life,General_Interactions,0
6560,be the only option open to someone,B1,Daily_Life,General_Interactions,0
6561,be up for doing something,B1,Daily_Life,General_Interactions,0
6562,beak,B1,Daily_Life,General_Interactions,0
6563,beaked,B1,Daily_Life,General_Interactions,0
6564,beam,B1,Daily_Life,General_Interactions,0
6565,beamed,B1,Daily_Life,General_Interactions,0
6566,bear in mind,B1,Health_Medicine,Mental_Health,0
6567,bear left,B1,Daily_Life,General_Interactions,0
6568,bear little resemblance to,B1,Daily_Life,General_Interactions,0
6569,bear the suspense,B1,Daily_Life,General_Interactions,0
6570,beat,B1,Health_Medicine,Healthcare_Hospital,0
6571,beating,B1,Health_Medicine,Healthcare_Hospital,0
6572,beauty,B1,Daily_Life,General_Interactions,0
6573,beckon,B1,Daily_Life,General_Interactions,0
6574,become,B1,Daily_Life,General_Interactions,0
6575,become a habit,B1,Psychology_Emotions,Behavior,0
6576,become aware,B1,Society_Law_Politics,Law_Crime,0
6577,becoming,B1,Daily_Life,General_Interactions,0
6578,bed,B1,Daily_Life,General_Interactions,0
6579,bed of rice,B1,Daily_Life,General_Interactions,0
6580,bee,B1,Daily_Life,General_Interactions,0
6581,beef,B1,Daily_Life,General_Interactions,0
6582,beetle,B1,Daily_Life,General_Interactions,0
6583,beetroot,B1,Daily_Life,General_Interactions,0
6584,beforehand,B1,Daily_Life,General_Interactions,0
6585,beg,B1,Daily_Life,General_Interactions,0
6586,began,B1,Daily_Life,General_Interactions,0
6587,begin,B1,Daily_Life,General_Interactions,0
6588,beginning,B1,Daily_Life,General_Interactions,0
6589,beguile,B1,Daily_Life,General_Interactions,0
6590,begun,B1,Daily_Life,General_Interactions,0
6591,behalf,B1,Daily_Life,General_Interactions,0
6592,behave,B1,Daily_Life,General_Interactions,0
6593,behaved,B1,Daily_Life,General_Interactions,0
6594,behavior,B1,Psychology_Emotions,Behavior,0
6595,behavioral,B1,Psychology_Emotions,Behavior,0
6596,behaviors,B1,Psychology_Emotions,Behavior,0
6597,behind,B1,Daily_Life,General_Interactions,0
6598,being,B1,Daily_Life,General_Interactions,0
6599,belabor,B1,Science_Nature,Natural_Phenomena,0
6600,belie,B1,Daily_Life,General_Interactions,0
6601,belief,B1,Daily_Life,General_Interactions,0
6602,beliefs,B1,Daily_Life,General_Interactions,0
6603,believe,B1,Daily_Life,General_Interactions,0
6604,believed,B1,Daily_Life,General_Interactions,0
6605,believing,B1,Daily_Life,General_Interactions,0
6606,belittle,B1,Daily_Life,General_Interactions,0
6607,belittle someone's achievements,B1,Daily_Life,General_Interactions,0
6608,bellicose,B1,Daily_Life,General_Interactions,0
6609,belligerent,B1,Daily_Life,Home_Housing,0
6610,belong,B1,Daily_Life,General_Interactions,0
6611,belonging,B1,Daily_Life,General_Interactions,0
6612,belongings,B1,Daily_Life,General_Interactions,0
6613,below,B1,Daily_Life,General_Interactions,0
6614,belt,B1,Daily_Life,General_Interactions,0
6615,bemoan,B1,Daily_Life,General_Interactions,0
6616,bemused,B1,Daily_Life,General_Interactions,0
6617,beneath,B1,Health_Medicine,Healthcare_Hospital,0
6618,benediction,B1,Daily_Life,General_Interactions,0
6619,benefactor,B1,Psychology_Emotions,Behavior,0
6620,beneficent,B1,Daily_Life,General_Interactions,0
6621,beneficial,B1,Daily_Life,General_Interactions,0
6622,benefits,B1,Health_Medicine,Healthcare_Hospital,0
6623,benevolent,B1,Daily_Life,General_Interactions,0
6624,bent,B1,Daily_Life,General_Interactions,0
6625,beside,B1,Daily_Life,General_Interactions,0
6626,besiege,B1,Daily_Life,General_Interactions,0
6627,bestow,B1,Daily_Life,General_Interactions,0
6628,betray,B1,Daily_Life,General_Interactions,0
6629,betray someone's trust,B1,Daily_Life,General_Interactions,0
6630,better,B1,Daily_Life,General_Interactions,0
6631,beware,B1,Society_Law_Politics,Law_Crime,0
6632,bewilder,B1,Daily_Life,General_Interactions,0
6633,beyond reasonable doubt,B1,Daily_Life,General_Interactions,0
6634,bias,B1,Daily_Life,General_Interactions,0
6635,biases,B1,Daily_Life,General_Interactions,0
6636,bicameral,B1,Daily_Life,General_Interactions,0
6637,bicycle,B1,Daily_Life,General_Interactions,0
6638,biennial,B1,Daily_Life,General_Interactions,0
6639,big,B1,Daily_Life,General_Interactions,0
6640,bigger,B1,Daily_Life,General_Interactions,0
6641,biggest,B1,Daily_Life,General_Interactions,0
6642,bigot,B1,Daily_Life,General_Interactions,0
6643,biking,B1,Daily_Life,General_Interactions,0
6644,bilk,B1,Daily_Life,General_Interactions,0
6645,billion,B1,Health_Medicine,Healthcare_Hospital,0
6646,binary,B1,Daily_Life,General_Interactions,0
6647,bind,B1,Daily_Life,General_Interactions,0
6648,biodegradable,B1,Daily_Life,General_Interactions,0
6649,biodiversity,B1,Daily_Life,General_Interactions,0
6650,biological,B1,Daily_Life,General_Interactions,0
6651,biotechnology,B1,Technology_Digital,Software_Internet,0
6652,birch,B1,Daily_Life,General_Interactions,0
6653,bird-like,B1,Technology_Digital,Social_Media,0
6654,birth,B1,Daily_Life,General_Interactions,0
6655,birthday,B1,Daily_Life,General_Interactions,0
6656,biscuit,B1,Daily_Life,General_Interactions,0
6657,bison,B1,Daily_Life,General_Interactions,0
6658,bit,B1,Daily_Life,General_Interactions,0
6659,bits,B1,Daily_Life,General_Interactions,0
6660,bitter enemy,B1,Daily_Life,General_Interactions,0
6661,bitterly,B1,Daily_Life,General_Interactions,0
6662,black economy,B1,Business_Finance_Economy,Economy_Markets,0
6663,blame,B1,Daily_Life,General_Interactions,0
6664,blame rests with,B1,Daily_Life,General_Interactions,0
6665,blandishment,B1,Daily_Life,General_Interactions,0
6666,blank,B1,Daily_Life,General_Interactions,0
6667,blank expression,B1,Communication_Media_Arts,Speaking_Expressions,0
6668,blasphemy,B1,Daily_Life,General_Interactions,0
6669,blatant,B1,Daily_Life,General_Interactions,0
6670,blatantly obvious,B1,Daily_Life,General_Interactions,0
6671,bleaching,B1,Daily_Life,General_Interactions,0
6672,blight,B1,Daily_Life,General_Interactions,0
6673,blink,B1,Daily_Life,General_Interactions,0
6674,blithe,B1,Daily_Life,General_Interactions,0
6675,blob,B1,Daily_Life,General_Interactions,0
6676,block,B1,Daily_Life,General_Interactions,0
6677,blocked,B1,Daily_Life,General_Interactions,0
6678,blocks,B1,Daily_Life,General_Interactions,0
6679,blond hair,B1,Technology_Digital,Artificial_Intelligence,0
6680,blood,B1,Daily_Life,General_Interactions,0
6681,bloodstream,B1,Daily_Life,General_Interactions,0
6682,blossom,B1,Business_Finance_Economy,Finance_Banking,0
6683,blow,B1,Daily_Life,General_Interactions,0
6684,blowing,B1,Daily_Life,General_Interactions,0
6685,blown,B1,Daily_Life,General_Interactions,0
6686,blue-green,B1,Science_Nature,Environment_Ecology,0
6687,blunder,B1,Daily_Life,General_Interactions,0
6688,bluster,B1,Daily_Life,General_Interactions,0
6689,boar,B1,Daily_Life,General_Interactions,0
6690,board,B1,Daily_Life,General_Interactions,0
6691,boards,B1,Daily_Life,General_Interactions,0
6692,boast,B1,Daily_Life,General_Interactions,0
6693,boat,B1,Daily_Life,General_Interactions,0
6694,bodies,B1,Daily_Life,General_Interactions,0
6695,body,B1,Daily_Life,General_Interactions,0
6696,bogus,B1,Daily_Life,General_Interactions,0
6697,boil,B1,Daily_Life,General_Interactions,0
6698,boiled,B1,Daily_Life,General_Interactions,0
6699,boiling,B1,Daily_Life,General_Interactions,0
6700,bold experiment,B1,Science_Nature,Research_Methods,0
6701,bolster,B1,Daily_Life,General_Interactions,0
6702,bolt,B1,Daily_Life,General_Interactions,0
6703,bolted,B1,Daily_Life,General_Interactions,0
6704,bombard,B1,Daily_Life,General_Interactions,0
6705,bombard someone with questions,B1,Education,Classroom_Interaction,0
6706,bombastic,B1,Daily_Life,General_Interactions,0
6707,bone idle,B1,Daily_Life,General_Interactions,0
6708,bones,B1,Daily_Life,General_Interactions,0
6709,booked,B1,Communication_Media_Arts,Speaking_Expressions,0
6710,bookmark,B1,Communication_Media_Arts,Speaking_Expressions,0
6711,bookmarks,B1,Communication_Media_Arts,Speaking_Expressions,0
6712,bookseller,B1,Business_Finance_Economy,Business_Management,0
6713,boom,B1,Daily_Life,General_Interactions,0
6714,booming voice,B1,Communication_Media_Arts,Speaking_Expressions,0
6715,boon,B1,Daily_Life,General_Interactions,0
6716,boost,B1,Daily_Life,General_Interactions,0
6717,boost profits,B1,Business_Finance_Economy,Finance_Banking,0
6718,boost sales,B1,Business_Finance_Economy,Business_Management,0
6719,boost spirits,B1,Daily_Life,General_Interactions,0
6720,boost your confidence,B1,Daily_Life,General_Interactions,0
6721,booth,B1,Daily_Life,General_Interactions,0
6722,bore,B1,Daily_Life,General_Interactions,0
6723,bored,B1,Daily_Life,General_Interactions,0
6724,bored rigid,B1,Daily_Life,General_Interactions,0
6725,boring,B1,Daily_Life,General_Interactions,0
6726,borrow,B1,Daily_Life,General_Interactions,0
6727,borrow heavily,B1,Daily_Life,General_Interactions,0
6728,borrowed,B1,Daily_Life,General_Interactions,0
6729,bother,B1,Daily_Life,General_Interactions,0
6730,bothered,B1,Daily_Life,General_Interactions,0
6731,bottle,B1,Daily_Life,General_Interactions,0
6732,bottle up your feelings,B1,Psychology_Emotions,Feelings_Emotions,0
6733,bottom,B1,Daily_Life,General_Interactions,0
6734,bought,B1,Daily_Life,General_Interactions,0
6735,bounce,B1,Daily_Life,General_Interactions,0
6736,bound,B1,Daily_Life,General_Interactions,0
6737,boundary,B1,Daily_Life,General_Interactions,0
6738,boundless energy,B1,Science_Nature,Physics_Chemistry,0
6739,bountiful,B1,Daily_Life,General_Interactions,0
6740,bourgeois,B1,Daily_Life,General_Interactions,0
6741,bow,B1,Daily_Life,General_Interactions,0
6742,bow to pressure,B1,Communication_Media_Arts,Media_Journalism,0
6743,bowing,B1,Daily_Life,General_Interactions,0
6744,boxing,B1,Daily_Life,General_Interactions,0
6745,braggart,B1,Communication_Media_Arts,Arts_Creativity,0
6746,brain,B1,Technology_Digital,Artificial_Intelligence,0
6747,brainchild,B1,Technology_Digital,Artificial_Intelligence,0
6748,brand,B1,Daily_Life,General_Interactions,0
6749,brand identity,B1,Daily_Life,General_Interactions,0
6750,bravado,B1,Daily_Life,General_Interactions,0
6751,breach a contract,B1,Psychology_Emotions,Behavior,0
6752,break,B1,Daily_Life,General_Interactions,0
6753,break a promise,B1,Daily_Life,General_Interactions,0
6754,break a task down,B1,Daily_Life,Routine_Activities,0
6755,break diplomatic relations,B1,Education,University_School,0
6756,break into a run,B1,Daily_Life,General_Interactions,0
6757,break into song,B1,Daily_Life,General_Interactions,0
6758,break news,B1,Communication_Media_Arts,Media_Journalism,0
6759,break the cycle,B1,Daily_Life,General_Interactions,0
6760,break the journey,B1,Travel_Transportation,Road_Travel,0
6761,break through the defence,B1,Daily_Life,General_Interactions,0
6762,break with tradition,B1,Daily_Life,General_Interactions,0
6763,breakdowns,B1,Daily_Life,General_Interactions,0
6764,breakfast,B1,Daily_Life,General_Interactions,0
6765,breaking,B1,Daily_Life,General_Interactions,0
6766,breakthrough,B1,Daily_Life,General_Interactions,0
6767,breath,B1,Health_Medicine,Healthcare_Hospital,0
6768,breathe,B1,Health_Medicine,Healthcare_Hospital,0
6769,breathing,B1,Health_Medicine,Healthcare_Hospital,0
6770,breed,B1,Daily_Life,General_Interactions,0
6771,breed resentment,B1,Daily_Life,General_Interactions,0
6772,breeding,B1,Daily_Life,General_Interactions,0
6773,brevity,B1,Daily_Life,General_Interactions,0
6774,brew,B1,Daily_Life,General_Interactions,0
6775,bribe,B1,Daily_Life,General_Interactions,0
6776,bridge the gap,B1,Daily_Life,General_Interactions,0
6777,brief,B1,Daily_Life,General_Interactions,0
6778,bright,B1,Society_Law_Politics,Law_Crime,0
6779,bright idea,B1,Society_Law_Politics,Law_Crime,0
6780,brighter,B1,Society_Law_Politics,Law_Crime,0
6781,brightest,B1,Education,Exams_Assessments,0
6782,bring,B1,Daily_Life,General_Interactions,0
6783,bring back memories,B1,Daily_Life,General_Interactions,0
6784,bring stability,B1,Education,Learning_Skills,0
6785,bring to a close,B1,Daily_Life,General_Interactions,0
6786,bring to a halt,B1,Daily_Life,General_Interactions,0
6787,bring to justice,B1,Society_Law_Politics,Law_Crime,0
6788,bring traffic to a standstill,B1,Travel_Transportation,Road_Travel,0
6789,bring up the subject,B1,Daily_Life,General_Interactions,0
6790,bringing,B1,Daily_Life,General_Interactions,0
6791,bristle,B1,Daily_Life,General_Interactions,0
6792,brittle,B1,Daily_Life,General_Interactions,0
6793,broach,B1,Daily_Life,General_Interactions,0
6794,broach the subject,B1,Daily_Life,General_Interactions,0
6795,broad,B1,Travel_Transportation,Road_Travel,0
6796,broad accent,B1,Travel_Transportation,Road_Travel,0
6797,broad appeal,B1,Travel_Transportation,Road_Travel,0
6798,broad avenue,B1,Travel_Transportation,Road_Travel,0
6799,broad generalisation,B1,Science_Nature,Biology_Life_Sciences,0
6800,broad outline,B1,Travel_Transportation,Road_Travel,0
6801,broad range,B1,Travel_Transportation,Road_Travel,0
6802,broad smile,B1,Travel_Transportation,Road_Travel,0
6803,broadcast,B1,Travel_Transportation,Road_Travel,0
6804,broader,B1,Travel_Transportation,Road_Travel,0
6805,broadly,B1,Travel_Transportation,Road_Travel,0
6806,brochure,B1,Daily_Life,General_Interactions,0
6807,broke,B1,Daily_Life,General_Interactions,0
6808,broken,B1,Daily_Life,General_Interactions,0
6809,broker an agreement,B1,Communication_Media_Arts,Opinion_Discussion,0
6810,bromide,B1,Daily_Life,General_Interactions,0
6811,bronze,B1,Daily_Life,General_Interactions,0
6812,brood,B1,Daily_Life,General_Interactions,0
6813,brought,B1,Daily_Life,General_Interactions,0
6814,browser,B1,Technology_Digital,Software_Internet,0
6815,browsing,B1,Communication_Media_Arts,Speaking_Expressions,0
6816,brush,B1,Daily_Life,General_Interactions,0
6817,brusque,B1,Daily_Life,General_Interactions,0
6818,brutal,B1,Daily_Life,General_Interactions,0
6819,bubbly,B1,Daily_Life,General_Interactions,0
6820,bubbly personality,B1,Psychology_Emotions,Personality,0
6821,bucolic,B1,Daily_Life,General_Interactions,0
6822,bud,B1,Daily_Life,General_Interactions,0
6823,budget,B1,Business_Finance_Economy,Finance_Banking,0
6824,budget doesn't stretch to,B1,Business_Finance_Economy,Finance_Banking,0
6825,buffalo,B1,Daily_Life,General_Interactions,0
6826,buffer,B1,Daily_Life,General_Interactions,0
6827,buffoon,B1,Daily_Life,General_Interactions,0
6828,bug,B1,Daily_Life,General_Interactions,0
6829,build,B1,Daily_Life,General_Interactions,0
6830,build brand awareness,B1,Society_Law_Politics,Law_Crime,0
6831,build on the success,B1,Daily_Life,General_Interactions,0
6832,build up resistance,B1,Daily_Life,General_Interactions,0
6833,build up your strength,B1,Health_Medicine,Fitness_Exercise,0
6834,building,B1,Daily_Life,General_Interactions,0
6835,builds,B1,Daily_Life,General_Interactions,0
6836,built,B1,Daily_Life,General_Interactions,0
6837,bulb,B1,Daily_Life,General_Interactions,0
6838,bulging,B1,Daily_Life,General_Interactions,0
6839,bulwark,B1,Society_Law_Politics,Law_Crime,0
6840,bumper crop,B1,Daily_Life,General_Interactions,0
6841,bumping,B1,Daily_Life,General_Interactions,0
6842,buoyancy,B1,Daily_Life,General_Interactions,0
6843,bureaucracy,B1,Daily_Life,General_Interactions,0
6844,buried,B1,Daily_Life,General_Interactions,0
6845,burlesque,B1,Daily_Life,General_Interactions,0
6846,burn,B1,Daily_Life,General_Interactions,0
6847,burned,B1,Daily_Life,General_Interactions,0
6848,burning,B1,Daily_Life,General_Interactions,0
6849,burst into laughter,B1,Daily_Life,General_Interactions,0
6850,burst of energy,B1,Science_Nature,Physics_Chemistry,0
6851,bursting with energy,B1,Science_Nature,Physics_Chemistry,0
6852,bus network,B1,Business_Finance_Economy,Jobs_Careers,0
6853,businesses,B1,Business_Finance_Economy,Business_Management,0
6854,businessmen,B1,Business_Finance_Economy,Business_Management,0
6855,bustling,B1,Travel_Transportation,Public_Transport,0
6856,bustling centre,B1,Travel_Transportation,Public_Transport,0
6857,butter,B1,Daily_Life,General_Interactions,0
6858,buttress,B1,Daily_Life,General_Interactions,0
6859,buy,B1,Daily_Life,Shopping_Everyday,0
6860,buying,B1,Daily_Life,Shopping_Everyday,0
6861,buying habit,B1,Psychology_Emotions,Behavior,0
6862,buzz,B1,Daily_Life,General_Interactions,0
6863,by remote control,B1,Daily_Life,General_Interactions,0
6864,bygone era,B1,Daily_Life,General_Interactions,0
6865,bypass,B1,Education,Exams_Assessments,0
6866,cabbage,B1,Daily_Life,General_Interactions,0
6867,cabin,B1,Daily_Life,General_Interactions,0
6868,cabinet,B1,Daily_Life,General_Interactions,0
6869,cable,B1,Daily_Life,General_Interactions,0
6870,cacophony,B1,Daily_Life,General_Interactions,0
6871,cajole,B1,Daily_Life,General_Interactions,0
6872,calamity,B1,Daily_Life,General_Interactions,0
6873,calcium,B1,Daily_Life,General_Interactions,0
6874,calculate,B1,Daily_Life,General_Interactions,0
6875,calculations,B1,Daily_Life,General_Interactions,0
6876,calendar,B1,Daily_Life,Time_Management,0
6877,calibrate,B1,Business_Finance_Economy,Economy_Markets,0
6878,call,B1,Daily_Life,General_Interactions,0
6879,call a halt to,B1,Daily_Life,General_Interactions,0
6880,call a to halt,B1,Daily_Life,General_Interactions,0
6881,call an election,B1,Society_Law_Politics,Government_Politics,0
6882,call for a ceasefire,B1,Daily_Life,General_Interactions,0
6883,call for a celebration,B1,Daily_Life,General_Interactions,0
6884,call in a loan,B1,Business_Finance_Economy,Finance_Banking,0
6885,call in the receivers,B1,Daily_Life,General_Interactions,0
6886,call off a match,B1,Daily_Life,General_Interactions,0
6887,call off a search,B1,Technology_Digital,Software_Internet,0
6888,called,B1,Daily_Life,General_Interactions,0
6889,calling,B1,Daily_Life,General_Interactions,0
6890,callous,B1,Daily_Life,General_Interactions,0
6891,calm,B1,Psychology_Emotions,Stress_Mental_State,0
6892,calorie,B1,Health_Medicine,Nutrition_Diet,4
6893,calories,B1,Health_Medicine,Nutrition_Diet,4
6894,calumny,B1,Daily_Life,General_Interactions,0
6895,camaraderie,B1,Daily_Life,General_Interactions,0
6896,came,B1,Daily_Life,General_Interactions,0
6897,cameo,B1,Daily_Life,General_Interactions,0
6898,camera,B1,Daily_Life,General_Interactions,0
6899,camouflage,B1,Daily_Life,General_Interactions,0
6900,campaign,B1,Technology_Digital,Artificial_Intelligence,0
6901,campaigns,B1,Technology_Digital,Artificial_Intelligence,0
6902,camping,B1,Daily_Life,General_Interactions,0
6903,campus,B1,Daily_Life,General_Interactions,0
6904,canal,B1,Daily_Life,General_Interactions,0
6905,canard,B1,Daily_Life,General_Interactions,0
6906,canary,B1,Daily_Life,General_Interactions,0
6907,cancel,B1,Daily_Life,General_Interactions,0
6908,cancelled,B1,Science_Nature,Biology_Life_Sciences,0
6909,cancelling,B1,Science_Nature,Biology_Life_Sciences,0
6910,cancer,B1,Daily_Life,General_Interactions,2
6911,candid,B1,Daily_Life,General_Interactions,0
6912,candlewax,B1,Daily_Life,General_Interactions,0
6913,candor,B1,Daily_Life,General_Interactions,0
6914,canned,B1,Daily_Life,General_Interactions,0
6915,cannot,B1,Daily_Life,General_Interactions,0
6916,canoe,B1,Daily_Life,General_Interactions,0
6917,cantankerous,B1,Daily_Life,General_Interactions,0
6918,canvass,B1,Daily_Life,General_Interactions,0
6919,cap,B1,Daily_Life,General_Interactions,0
6920,capable,B1,Daily_Life,General_Interactions,0
6921,capacious,B1,Daily_Life,General_Interactions,0
6922,capacity,B1,Daily_Life,General_Interactions,0
6923,capital,B1,Business_Finance_Economy,Finance_Banking,0
6924,capitalize,B1,Business_Finance_Economy,Finance_Banking,0
6925,capitulate,B1,Daily_Life,General_Interactions,0
6926,captain,B1,Technology_Digital,Artificial_Intelligence,0
6927,captivate,B1,Daily_Life,General_Interactions,0
6928,captive,B1,Daily_Life,General_Interactions,0
6929,capture,B1,Daily_Life,General_Interactions,0
6930,captured,B1,Daily_Life,General_Interactions,0
6931,car,B1,Travel_Transportation,Road_Travel,0
6932,car-sharing programmes,B1,Travel_Transportation,Road_Travel,0
6933,carbon,B1,Travel_Transportation,Road_Travel,0
6934,carbonate,B1,Travel_Transportation,Road_Travel,0
6935,cardinal,B1,Travel_Transportation,Road_Travel,0
6936,cardio,B1,Travel_Transportation,Road_Travel,0
6937,care,B1,Travel_Transportation,Road_Travel,0
6938,careen,B1,Travel_Transportation,Road_Travel,0
6939,career,B1,Business_Finance_Economy,Jobs_Careers,0
6940,careers,B1,Business_Finance_Economy,Jobs_Careers,0
6941,careful,B1,Travel_Transportation,Road_Travel,0
6942,caregivers,B1,Travel_Transportation,Road_Travel,0
6943,caretaker,B1,Travel_Transportation,Road_Travel,0
6944,cargo,B1,Travel_Transportation,Road_Travel,0
6945,caricature,B1,Travel_Transportation,Road_Travel,0
6946,carnage,B1,Travel_Transportation,Road_Travel,0
6947,carnal,B1,Travel_Transportation,Road_Travel,0
6948,carping,B1,Travel_Transportation,Road_Travel,0
6949,carried,B1,Travel_Transportation,Road_Travel,0
6950,carrot,B1,Travel_Transportation,Road_Travel,0
6951,carry,B1,Travel_Transportation,Road_Travel,0
6952,carry a risk,B1,Business_Finance_Economy,Entrepreneurship,0
6953,carry on a conversation,B1,Travel_Transportation,Road_Travel,0
6954,carry out a risk assessment,B1,Education,Exams_Assessments,0
6955,carry out a survey,B1,Travel_Transportation,Road_Travel,0
6956,carrying,B1,Travel_Transportation,Road_Travel,0
6957,carting,B1,Travel_Transportation,Road_Travel,0
6958,cartographer,B1,Travel_Transportation,Road_Travel,0
6959,cartoon,B1,Travel_Transportation,Road_Travel,0
6960,carve,B1,Travel_Transportation,Road_Travel,0
6961,carve a niche for yourself,B1,Travel_Transportation,Road_Travel,0
6962,carved,B1,Travel_Transportation,Road_Travel,0
6963,carving,B1,Travel_Transportation,Road_Travel,0
6964,cascade,B1,Daily_Life,General_Interactions,0
6965,cascading,B1,Daily_Life,General_Interactions,0
6966,case,B1,Daily_Life,General_Interactions,0
6967,cast,B1,Daily_Life,General_Interactions,0
6968,cast in the role of,B1,Daily_Life,General_Interactions,0
6969,cast light on a situation,B1,Daily_Life,General_Interactions,0
6970,castigate,B1,Daily_Life,General_Interactions,0
6971,casual,B1,Daily_Life,General_Interactions,0
6972,casualty,B1,Daily_Life,General_Interactions,0
6973,cataclysm,B1,Daily_Life,General_Interactions,0
6974,catalysis,B1,Daily_Life,General_Interactions,0
6975,catalyst,B1,Daily_Life,General_Interactions,0
6976,catalysts,B1,Daily_Life,General_Interactions,0
6977,catastrophic results,B1,Daily_Life,General_Interactions,0
6978,catch,B1,Daily_Life,General_Interactions,0
6979,category,B1,Daily_Life,General_Interactions,0
6980,cater,B1,Daily_Life,General_Interactions,0
6981,caterpillar,B1,Health_Medicine,Healthcare_Hospital,0
6982,catharsis,B1,Daily_Life,General_Interactions,0
6983,caucus,B1,Daily_Life,General_Interactions,0
6984,caught,B1,Daily_Life,General_Interactions,0
6985,caught in the crossfire,B1,Daily_Life,General_Interactions,0
6986,caulk,B1,Daily_Life,General_Interactions,0
6987,causality,B1,Daily_Life,General_Interactions,0
6988,cause,B1,Daily_Life,General_Interactions,0
6989,cause any trouble,B1,Daily_Life,General_Interactions,0
6990,caused,B1,Daily_Life,General_Interactions,0
6991,caustic,B1,Daily_Life,General_Interactions,0
6992,cauterize,B1,Daily_Life,General_Interactions,0
6993,cautious,B1,Daily_Life,General_Interactions,0
6994,cautiously optimistic,B1,Psychology_Emotions,Personality,0
6995,cavalcade,B1,Daily_Life,General_Interactions,0
6996,cave,B1,Daily_Life,General_Interactions,0
6997,caveman,B1,Daily_Life,General_Interactions,0
6998,cavil,B1,Daily_Life,General_Interactions,0
6999,cease,B1,Daily_Life,General_Interactions,0
7000,ceasefire comes into effect,B1,Daily_Life,General_Interactions,0
7001,cede,B1,Daily_Life,General_Interactions,0
7002,ceiling,B1,Daily_Life,General_Interactions,0
7003,celebrate,B1,Business_Finance_Economy,Economy_Markets,0
7004,celebrating,B1,Daily_Life,General_Interactions,0
7005,celebrity,B1,Daily_Life,General_Interactions,0
7006,celebrity endorsement,B1,Daily_Life,General_Interactions,0
7007,celestial,B1,Daily_Life,General_Interactions,0
7008,cell,B1,Science_Nature,Biology_Life_Sciences,0
7009,cells,B1,Science_Nature,Biology_Life_Sciences,0
7010,cellular,B1,Science_Nature,Biology_Life_Sciences,0
7011,cementation,B1,Daily_Life,General_Interactions,0
7012,cemetery,B1,Daily_Life,General_Interactions,0
7013,censor,B1,Daily_Life,General_Interactions,0
7014,censure,B1,Daily_Life,General_Interactions,0
7015,cent,B1,Daily_Life,General_Interactions,0
7016,center,B1,Daily_Life,General_Interactions,0
7017,centimetre,B1,Daily_Life,Time_Management,0
7018,central,B1,Daily_Life,General_Interactions,0
7019,centralized,B1,Daily_Life,General_Interactions,0
7020,centre,B1,Daily_Life,General_Interactions,0
7021,cerebral,B1,Daily_Life,General_Interactions,0
7022,certain,B1,Technology_Digital,Artificial_Intelligence,0
7023,certificates,B1,Daily_Life,General_Interactions,0
7024,certification,B1,Daily_Life,General_Interactions,0
7025,certitude,B1,Daily_Life,General_Interactions,0
7026,cessation,B1,Daily_Life,General_Interactions,0
7027,cetaceans,B1,Daily_Life,General_Interactions,0
7028,chagrin,B1,Daily_Life,General_Interactions,0
7029,chain,B1,Technology_Digital,Artificial_Intelligence,0
7030,chained,B1,Technology_Digital,Artificial_Intelligence,0
7031,chair,B1,Technology_Digital,Artificial_Intelligence,0
7032,chair a committee,B1,Technology_Digital,Artificial_Intelligence,0
7033,chalice,B1,Daily_Life,General_Interactions,0
7034,chalk,B1,Daily_Life,General_Interactions,0
7035,challenge,B1,Daily_Life,General_Interactions,0
7036,challenges,B1,Daily_Life,General_Interactions,0
7037,challenging,B1,Daily_Life,General_Interactions,0
7038,chamber,B1,Daily_Life,General_Interactions,0
7039,chambers,B1,Daily_Life,General_Interactions,0
7040,champ,B1,Daily_Life,General_Interactions,0
7041,champion,B1,Daily_Life,General_Interactions,0
7042,championed,B1,Daily_Life,General_Interactions,0
7043,chance,B1,Daily_Life,General_Interactions,0
7044,chancy,B1,Daily_Life,General_Interactions,0
7045,change,B1,Daily_Life,General_Interactions,0
7046,change beyond recognition,B1,Daily_Life,General_Interactions,0
7047,change comes about,B1,Daily_Life,General_Interactions,0
7048,change dramatically,B1,Daily_Life,General_Interactions,0
7049,change fundamentally,B1,Health_Medicine,Mental_Health,0
7050,change gear,B1,Daily_Life,General_Interactions,0
7051,change imperceptibly,B1,Daily_Life,General_Interactions,0
7052,change radically,B1,Daily_Life,General_Interactions,0
7053,change takes place,B1,Daily_Life,General_Interactions,0
7054,change your ways,B1,Daily_Life,General_Interactions,0
7055,changed,B1,Daily_Life,General_Interactions,0
7056,changed man,B1,Daily_Life,General_Interactions,0
7057,changed woman,B1,Daily_Life,General_Interactions,0
7058,changes,B1,Daily_Life,General_Interactions,0
7059,changing,B1,Daily_Life,General_Interactions,0
7060,channel,B1,Daily_Life,General_Interactions,0
7061,channel of communication,B1,Communication_Media_Arts,Speaking_Expressions,0
7062,channels,B1,Daily_Life,General_Interactions,0
7063,chaos,B1,Daily_Life,General_Interactions,0
7064,character,B1,Psychology_Emotions,Personality,0
7065,characteristics,B1,Psychology_Emotions,Personality,0
7066,characterize,B1,Psychology_Emotions,Personality,0
7067,characterized,B1,Psychology_Emotions,Personality,0
7068,charcoal,B1,Daily_Life,General_Interactions,0
7069,charge,B1,Daily_Life,General_Interactions,0
7070,charity,B1,Daily_Life,General_Interactions,0
7071,charlatan,B1,Daily_Life,General_Interactions,0
7072,charm,B1,Daily_Life,General_Interactions,0
7073,charming,B1,Daily_Life,General_Interactions,0
7074,chart,B1,Communication_Media_Arts,Arts_Creativity,0
7075,chase,B1,Daily_Life,General_Interactions,0
7076,chased,B1,Daily_Life,General_Interactions,0
7077,chasm,B1,Daily_Life,General_Interactions,0
7078,chasten,B1,Daily_Life,General_Interactions,0
7079,chastise,B1,Daily_Life,General_Interactions,0
7080,chauvinist,B1,Daily_Life,General_Interactions,0
7081,cheap source,B1,Daily_Life,General_Interactions,0
7082,cheaper,B1,Daily_Life,General_Interactions,0
7083,check,B1,Daily_Life,General_Interactions,0
7084,check-out,B1,Daily_Life,General_Interactions,0
7085,checked,B1,Daily_Life,General_Interactions,0
7086,checking,B1,Daily_Life,General_Interactions,0
7087,checkup,B1,Daily_Life,General_Interactions,0
7088,cheek,B1,Daily_Life,General_Interactions,0
7089,cheerful,B1,Daily_Life,General_Interactions,0
7090,chemical,B1,Daily_Life,General_Interactions,0
7091,chemically,B1,Daily_Life,General_Interactions,0
7092,chemicals,B1,Daily_Life,General_Interactions,0
7093,cherish,B1,Daily_Life,General_Interactions,0
7094,cherry,B1,Daily_Life,General_Interactions,0
7095,chessboard,B1,Daily_Life,General_Interactions,0
7096,chicanery,B1,Daily_Life,General_Interactions,0
7097,chide,B1,Daily_Life,General_Interactions,0
7098,chief,B1,Daily_Life,General_Interactions,0
7099,child,B1,Daily_Life,General_Interactions,0
7100,child prodigy,B1,Daily_Life,General_Interactions,0
7101,childhood,B1,Daily_Life,General_Interactions,0
7102,childhood friends,B1,Daily_Life,General_Interactions,0
7103,children,B1,Daily_Life,General_Interactions,0
7104,chin,B1,Daily_Life,General_Interactions,0
7105,chip,B1,Daily_Life,General_Interactions,0
7106,chisel,B1,Daily_Life,General_Interactions,0
7107,chivalrous,B1,Daily_Life,General_Interactions,0
7108,chocolatey,B1,Daily_Life,General_Interactions,0
7109,choice,B1,Daily_Life,General_Interactions,0
7110,choleric,B1,Daily_Life,General_Interactions,0
7111,choose,B1,Daily_Life,General_Interactions,0
7112,choreography,B1,Daily_Life,General_Interactions,0
7113,chronically,B1,Daily_Life,General_Interactions,0
7114,chronicle,B1,Daily_Life,General_Interactions,0
7115,chunk,B1,Daily_Life,General_Interactions,0
7116,church,B1,Daily_Life,General_Interactions,0
7117,churlish,B1,Daily_Life,General_Interactions,0
7118,cinema,B1,Daily_Life,General_Interactions,0
7119,cinnamon,B1,Daily_Life,General_Interactions,0
7120,circadian,B1,Daily_Life,General_Interactions,0
7121,circle,B1,Daily_Life,General_Interactions,0
7122,circle of friends,B1,Daily_Life,General_Interactions,0
7123,circuitous,B1,Daily_Life,General_Interactions,0
7124,circulation,B1,Daily_Life,General_Interactions,0
7125,circulatory,B1,Daily_Life,General_Interactions,0
7126,circumlocution,B1,Daily_Life,General_Interactions,0
7127,circumnavigate,B1,Travel_Transportation,Road_Travel,0
7128,circumscribe,B1,Daily_Life,General_Interactions,0
7129,circumspect,B1,Daily_Life,General_Interactions,0
7130,circumstance,B1,Daily_Life,General_Interactions,0
7131,circumstances,B1,Daily_Life,General_Interactions,0
7132,citadel,B1,Daily_Life,General_Interactions,0
7133,cite,B1,Daily_Life,General_Interactions,0
7134,cited,B1,Daily_Life,General_Interactions,0
7135,city,B1,Daily_Life,General_Interactions,0
7136,city bus,B1,Travel_Transportation,Public_Transport,0
7137,civilization,B1,Daily_Life,General_Interactions,0
7138,civilizations,B1,Daily_Life,General_Interactions,0
7139,claim,B1,Technology_Digital,Artificial_Intelligence,0
7140,claim benefits,B1,Technology_Digital,Artificial_Intelligence,0
7141,claimed,B1,Technology_Digital,Artificial_Intelligence,0
7142,clairvoyant,B1,Technology_Digital,Artificial_Intelligence,0
7143,clam,B1,Daily_Life,General_Interactions,0
7144,clamber,B1,Daily_Life,General_Interactions,0
7145,clamor,B1,Daily_Life,General_Interactions,0
7146,clandestine,B1,Daily_Life,General_Interactions,0
7147,clap of thunder,B1,Daily_Life,General_Interactions,0
7148,clarify a position,B1,Daily_Life,General_Interactions,0
7149,clarion,B1,Daily_Life,General_Interactions,0
7150,clarity,B1,Daily_Life,General_Interactions,0
7151,clash,B1,Daily_Life,General_Interactions,0
7152,classic,B1,Education,University_School,0
7153,classical,B1,Education,University_School,0
7154,clause,B1,Daily_Life,General_Interactions,0
7155,claustrophobia,B1,Daily_Life,General_Interactions,0
7156,clay,B1,Daily_Life,General_Interactions,0
7157,clean,B1,Daily_Life,General_Interactions,0
7158,clean-shaven face,B1,Daily_Life,General_Interactions,0
7159,clean-up,B1,Daily_Life,General_Interactions,0
7160,cleaned,B1,Daily_Life,General_Interactions,0
7161,cleanliness,B1,Daily_Life,General_Interactions,0
7162,cleanup,B1,Daily_Life,General_Interactions,0
7163,clear,B1,Daily_Life,General_Interactions,0
7164,clear a debt,B1,Business_Finance_Economy,Finance_Banking,0
7165,clear distinction,B1,Daily_Life,General_Interactions,0
7166,clear up confusion,B1,Daily_Life,General_Interactions,0
7167,clear your desk,B1,Daily_Life,General_Interactions,0
7168,cleared,B1,Daily_Life,General_Interactions,0
7169,clearer,B1,Daily_Life,General_Interactions,0
7170,clearly,B1,Daily_Life,General_Interactions,0
7171,clemency,B1,Daily_Life,General_Interactions,0
7172,cliche,B1,Daily_Life,General_Interactions,0
7173,clientele,B1,Daily_Life,General_Interactions,0
7174,climactic,B1,Psychology_Emotions,Behavior,0
7175,climatic,B1,Daily_Life,General_Interactions,0
7176,climb,B1,Daily_Life,General_Interactions,0
7177,climbed,B1,Daily_Life,General_Interactions,0
7178,clinic,B1,Health_Medicine,Healthcare_Hospital,0
7179,clinical,B1,Health_Medicine,Healthcare_Hospital,0
7180,clinically proven,B1,Health_Medicine,Healthcare_Hospital,0
7181,clipper,B1,Daily_Life,General_Interactions,0
7182,clock,B1,Daily_Life,Time_Management,0
7183,cloister,B1,Daily_Life,General_Interactions,0
7184,close,B1,Daily_Life,General_Interactions,0
7185,close confidant,B1,Daily_Life,General_Interactions,0
7186,close friends,B1,Daily_Life,General_Interactions,0
7187,close off a street,B1,Daily_Life,General_Interactions,0
7188,closed,B1,Daily_Life,General_Interactions,0
7189,closely,B1,Daily_Life,General_Interactions,0
7190,closer,B1,Daily_Life,General_Interactions,0
7191,closest,B1,Daily_Life,General_Interactions,0
7192,closing,B1,Communication_Media_Arts,Speaking_Expressions,0
7193,closure,B1,Daily_Life,General_Interactions,0
7194,cloth,B1,Daily_Life,General_Interactions,0
7195,clothing,B1,Daily_Life,General_Interactions,0
7196,cloud,B1,Technology_Digital,Software_Internet,0
7197,cloud your judgement,B1,Society_Law_Politics,Law_Crime,0
7198,cloudier,B1,Technology_Digital,Software_Internet,0
7199,clouds,B1,Technology_Digital,Software_Internet,0
7200,clove of garlic,B1,Psychology_Emotions,Feelings_Emotions,0
7201,clownfish,B1,Daily_Life,General_Interactions,0
7202,club,B1,Daily_Life,General_Interactions,0
7203,clue,B1,Daily_Life,General_Interactions,0
7204,clusters,B1,Daily_Life,General_Interactions,0
7205,co-operate,B1,Business_Finance_Economy,Economy_Markets,0
7206,co-worker,B1,Business_Finance_Economy,Jobs_Careers,0
7207,coalesce,B1,Daily_Life,General_Interactions,0
7208,coastal,B1,Daily_Life,General_Interactions,0
7209,coastlines,B1,Daily_Life,General_Interactions,0
7210,coat,B1,Daily_Life,General_Interactions,0
7211,coated,B1,Daily_Life,General_Interactions,0
7212,coating,B1,Daily_Life,General_Interactions,0
7213,cocktail,B1,Technology_Digital,Artificial_Intelligence,0
7214,coconut,B1,Daily_Life,General_Interactions,0
7215,cod,B1,Daily_Life,General_Interactions,0
7216,coddle,B1,Daily_Life,General_Interactions,0
7217,code,B1,Technology_Digital,Software_Internet,0
7218,codfish,B1,Daily_Life,General_Interactions,0
7219,coercive,B1,Daily_Life,General_Interactions,0
7220,coeval,B1,Daily_Life,General_Interactions,0
7221,coexistence,B1,Daily_Life,General_Interactions,0
7222,cogent,B1,Daily_Life,General_Interactions,0
7223,cognition,B1,Daily_Life,General_Interactions,0
7224,cognitive,B1,Psychology_Emotions,Feelings_Emotions,0
7225,cognizant,B1,Daily_Life,General_Interactions,0
7226,coherence,B1,Daily_Life,General_Interactions,0
7227,cohesion,B1,Daily_Life,General_Interactions,0
7228,cohesive,B1,Daily_Life,General_Interactions,0
7229,cohort,B1,Daily_Life,General_Interactions,0
7230,coil,B1,Daily_Life,General_Interactions,0
7231,coin,B1,Daily_Life,General_Interactions,0
7232,coin a phrase,B1,Daily_Life,General_Interactions,0
7233,coin a term,B1,Daily_Life,General_Interactions,0
7234,coincidence,B1,Daily_Life,General_Interactions,0
7235,coke,B1,Daily_Life,General_Interactions,0
7236,cold,B1,Daily_Life,General_Interactions,0
7237,colder,B1,Daily_Life,General_Interactions,0
7238,collaborate,B1,Business_Finance_Economy,Economy_Markets,0
7239,collaboration,B1,Science_Nature,Natural_Phenomena,0
7240,collaborative,B1,Science_Nature,Natural_Phenomena,0
7241,collapse,B1,Daily_Life,General_Interactions,0
7242,collateral,B1,Daily_Life,General_Interactions,0
7243,collateral damage,B1,Daily_Life,General_Interactions,0
7244,colleague,B1,Daily_Life,General_Interactions,0
7245,collect,B1,Daily_Life,General_Interactions,0
7246,collected,B1,Daily_Life,General_Interactions,0
7247,collecting,B1,Daily_Life,General_Interactions,0
7248,collection,B1,Daily_Life,General_Interactions,0
7249,collections,B1,Daily_Life,General_Interactions,0
7250,collective,B1,Daily_Life,General_Interactions,0
7251,collectively,B1,Daily_Life,General_Interactions,0
7252,collector,B1,Daily_Life,General_Interactions,0
7253,collectors,B1,Daily_Life,General_Interactions,0
7254,collision,B1,Daily_Life,General_Interactions,0
7255,collisions,B1,Daily_Life,General_Interactions,0
7256,colloquial,B1,Daily_Life,General_Interactions,0
7257,collusion,B1,Daily_Life,General_Interactions,0
7258,colonies,B1,Daily_Life,General_Interactions,0
7259,colonization,B1,Daily_Life,General_Interactions,0
7260,colonize,B1,Daily_Life,General_Interactions,0
7261,colony,B1,Daily_Life,General_Interactions,0
7262,color,B1,Daily_Life,General_Interactions,0
7263,colorful,B1,Daily_Life,General_Interactions,0
7264,colossal,B1,Business_Finance_Economy,Finance_Banking,0
7265,colour,B1,Daily_Life,General_Interactions,0
7266,coloured,B1,Daily_Life,General_Interactions,0
7267,column,B1,Daily_Life,General_Interactions,0
7268,combat,B1,Daily_Life,General_Interactions,0
7269,combination,B1,Daily_Life,General_Interactions,0
7270,combine,B1,Daily_Life,General_Interactions,0
7271,combined,B1,Daily_Life,General_Interactions,0
7272,combing,B1,Daily_Life,General_Interactions,0
7273,combining,B1,Daily_Life,General_Interactions,0
7274,come as a bit of a shock,B1,Daily_Life,General_Interactions,0
7275,come down heavily on,B1,Daily_Life,General_Interactions,0
7276,come out of a coma,B1,Daily_Life,General_Interactions,0
7277,come to a conclusion,B1,Daily_Life,General_Interactions,0
7278,come up to standard,B1,Daily_Life,General_Interactions,0
7279,come up with a suggestion,B1,Daily_Life,General_Interactions,0
7280,come up with an alternative,B1,Daily_Life,General_Interactions,0
7281,come up with an idea,B1,Daily_Life,General_Interactions,0
7282,comely,B1,Daily_Life,General_Interactions,0
7283,comfort,B1,Daily_Life,General_Interactions,0
7284,comic,B1,Daily_Life,General_Interactions,0
7285,coming,B1,Daily_Life,General_Interactions,0
7286,commemorate,B1,Business_Finance_Economy,Economy_Markets,0
7287,commence,B1,Daily_Life,General_Interactions,0
7288,commend,B1,Daily_Life,General_Interactions,0
7289,commensurate,B1,Business_Finance_Economy,Economy_Markets,0
7290,comment,B1,Communication_Media_Arts,Opinion_Discussion,0
7291,commentary,B1,Communication_Media_Arts,Opinion_Discussion,0
7292,commented,B1,Communication_Media_Arts,Opinion_Discussion,0
7293,commercial,B1,Daily_Life,General_Interactions,0
7294,commit,B1,Daily_Life,General_Interactions,0
7295,commit a minor offence,B1,Society_Law_Politics,Law_Crime,0
7296,commitment,B1,Daily_Life,General_Interactions,0
7297,committed,B1,Daily_Life,General_Interactions,0
7298,commodious,B1,Daily_Life,General_Interactions,0
7299,commodities,B1,Daily_Life,General_Interactions,0
7300,common,B1,Daily_Life,General_Interactions,0
7301,common knowledge,B1,Education,Learning_Skills,0
7302,commonest,B1,Daily_Life,General_Interactions,0
7303,commonly,B1,Daily_Life,General_Interactions,0
7304,commonsense,B1,Daily_Life,General_Interactions,0
7305,communicate,B1,Communication_Media_Arts,Speaking_Expressions,0
7306,communicated,B1,Communication_Media_Arts,Speaking_Expressions,0
7307,communicating,B1,Communication_Media_Arts,Speaking_Expressions,0
7308,communication,B1,Communication_Media_Arts,Speaking_Expressions,0
7309,communist,B1,Daily_Life,General_Interactions,0
7310,communities,B1,Daily_Life,General_Interactions,0
7311,community,B1,Daily_Life,General_Interactions,0
7312,commuter,B1,Travel_Transportation,Public_Transport,0
7313,commuter route,B1,Travel_Transportation,Public_Transport,0
7314,commuter town,B1,Travel_Transportation,Public_Transport,0
7315,commuter train,B1,Technology_Digital,Artificial_Intelligence,0
7316,compact,B1,Psychology_Emotions,Behavior,0
7317,compacted,B1,Psychology_Emotions,Behavior,0
7318,compaction,B1,Psychology_Emotions,Behavior,0
7319,company,B1,Business_Finance_Economy,Business_Management,0
7320,comparable,B1,Daily_Life,General_Interactions,0
7321,comparative,B1,Daily_Life,General_Interactions,0
7322,compare,B1,Daily_Life,General_Interactions,0
7323,compare favourably with,B1,Daily_Life,General_Interactions,0
7324,compared,B1,Daily_Life,General_Interactions,0
7325,comparing,B1,Daily_Life,General_Interactions,0
7326,compassion,B1,Education,Exams_Assessments,0
7327,compatible,B1,Daily_Life,General_Interactions,0
7328,compelling,B1,Daily_Life,General_Interactions,0
7329,compelling reason,B1,Daily_Life,General_Interactions,0
7330,compendium,B1,Daily_Life,General_Interactions,0
7331,compete,B1,Daily_Life,General_Interactions,0
7332,competed,B1,Daily_Life,General_Interactions,0
7333,competing,B1,Daily_Life,General_Interactions,0
7334,competitive,B1,Daily_Life,General_Interactions,0
7335,complacent,B1,Daily_Life,General_Interactions,0
7336,complain,B1,Technology_Digital,Artificial_Intelligence,0
7337,complained,B1,Technology_Digital,Artificial_Intelligence,0
7338,complaint,B1,Technology_Digital,Artificial_Intelligence,0
7339,complaisant,B1,Technology_Digital,Artificial_Intelligence,0
7340,complement,B1,Daily_Life,General_Interactions,0
7341,complete,B1,Daily_Life,General_Interactions,0
7342,complete disaster,B1,Daily_Life,General_Interactions,0
7343,complete stranger,B1,Daily_Life,General_Interactions,0
7344,completed,B1,Daily_Life,General_Interactions,0
7345,completely,B1,Daily_Life,General_Interactions,0
7346,completely dependent,B1,Daily_Life,General_Interactions,0
7347,completely different,B1,Daily_Life,Home_Housing,0
7348,completely separate,B1,Business_Finance_Economy,Economy_Markets,0
7349,completing,B1,Daily_Life,General_Interactions,0
7350,complexities,B1,Daily_Life,General_Interactions,0
7351,complexity,B1,Daily_Life,General_Interactions,0
7352,compliance,B1,Daily_Life,General_Interactions,0
7353,complicate,B1,Daily_Life,General_Interactions,0
7354,complicated,B1,Daily_Life,General_Interactions,0
7355,complicit,B1,Daily_Life,General_Interactions,0
7356,compliment,B1,Daily_Life,General_Interactions,0
7357,complimentary,B1,Daily_Life,General_Interactions,0
7358,comply with the law,B1,Society_Law_Politics,Law_Crime,0
7359,components,B1,Daily_Life,General_Interactions,0
7360,composed,B1,Daily_Life,General_Interactions,0
7361,composition,B1,Daily_Life,General_Interactions,0
7362,composure,B1,Daily_Life,General_Interactions,0
7363,compounds,B1,Daily_Life,General_Interactions,0
7364,comprehensive,B1,Daily_Life,General_Interactions,0
7365,comprehensive knowledge,B1,Education,Learning_Skills,0
7366,compresses,B1,Communication_Media_Arts,Media_Journalism,0
7367,compression,B1,Communication_Media_Arts,Media_Journalism,0
7368,comprise,B1,Daily_Life,General_Interactions,0
7369,comprising,B1,Communication_Media_Arts,Speaking_Expressions,0
7370,compromise,B1,Daily_Life,General_Interactions,0
7371,compulsorily,B1,Daily_Life,General_Interactions,0
7372,compunction,B1,Daily_Life,General_Interactions,0
7373,computational,B1,Daily_Life,General_Interactions,0
7374,compute,B1,Daily_Life,General_Interactions,0
7375,computer,B1,Technology_Digital,Devices_Hardware,0
7376,computing,B1,Daily_Life,General_Interactions,0
7377,concede,B1,Daily_Life,General_Interactions,0
7378,conceive,B1,Daily_Life,General_Interactions,0
7379,conceiving,B1,Daily_Life,General_Interactions,0
7380,concelt,B1,Daily_Life,General_Interactions,0
7381,concentrate,B1,Business_Finance_Economy,Economy_Markets,0
7382,concentrate the mind,B1,Business_Finance_Economy,Economy_Markets,0
7383,concentration,B1,Daily_Life,General_Interactions,0
7384,concentration wavers,B1,Daily_Life,General_Interactions,0
7385,concentric,B1,Daily_Life,General_Interactions,0
7386,concepts,B1,Daily_Life,General_Interactions,0
7387,conceptual,B1,Daily_Life,General_Interactions,0
7388,concern,B1,Daily_Life,General_Interactions,0
7389,concerns,B1,Daily_Life,General_Interactions,0
7390,concerted effort,B1,Daily_Life,General_Interactions,0
7391,concession,B1,Daily_Life,General_Interactions,0
7392,conciliatory,B1,Daily_Life,General_Interactions,0
7393,concise,B1,Daily_Life,General_Interactions,0
7394,conclave,B1,Daily_Life,General_Interactions,0
7395,conclude,B1,Daily_Life,General_Interactions,0
7396,conclusion,B1,Daily_Life,General_Interactions,0
7397,conclusions,B1,Daily_Life,General_Interactions,0
7398,conclusive,B1,Daily_Life,General_Interactions,0
7399,concoct,B1,Daily_Life,General_Interactions,0
7400,concomitant,B1,Daily_Life,General_Interactions,0
7401,concord,B1,Daily_Life,General_Interactions,0
7402,concurrent,B1,Daily_Life,Home_Housing,0
7403,condemn,B1,Daily_Life,General_Interactions,0
7404,condensing,B1,Communication_Media_Arts,Speaking_Expressions,0
7405,condescend,B1,Daily_Life,General_Interactions,0
7406,condign,B1,Daily_Life,General_Interactions,0
7407,condition,B1,Daily_Life,General_Interactions,0
7408,conditions,B1,Daily_Life,General_Interactions,0
7409,condolence,B1,Daily_Life,General_Interactions,0
7410,condone,B1,Daily_Life,General_Interactions,0
7411,conduce,B1,Daily_Life,General_Interactions,0
7412,conducive,B1,Daily_Life,General_Interactions,0
7413,conduct,B1,Daily_Life,General_Interactions,0
7414,conduct an investigation into a crime,B1,Education,Academic_Study,0
7415,conduct an investigation into an arms deal,B1,Education,Academic_Study,0
7416,conducted,B1,Daily_Life,General_Interactions,0
7417,conduit,B1,Daily_Life,General_Interactions,0
7418,cone-shaped,B1,Daily_Life,General_Interactions,0
7419,confer,B1,Daily_Life,General_Interactions,0
7420,conference,B1,Daily_Life,General_Interactions,0
7421,confidant,B1,Daily_Life,General_Interactions,0
7422,confidentiality,B1,Psychology_Emotions,Feelings_Emotions,0
7423,configuration,B1,Daily_Life,General_Interactions,0
7424,confine,B1,Daily_Life,General_Interactions,0
7425,confined,B1,Daily_Life,General_Interactions,0
7426,confined space,B1,Science_Nature,Natural_Phenomena,0
7427,confinement,B1,Daily_Life,General_Interactions,0
7428,confiscate,B1,Daily_Life,General_Interactions,0
7429,conflagration,B1,Daily_Life,General_Interactions,0
7430,conflict,B1,Society_Law_Politics,Law_Crime,0
7431,conflicting,B1,Society_Law_Politics,Law_Crime,0
7432,conflicts,B1,Society_Law_Politics,Law_Crime,0
7433,confluence,B1,Daily_Life,General_Interactions,0
7434,conform to safety regulations,B1,Society_Law_Politics,Public_Policies,0
7435,confound,B1,Daily_Life,General_Interactions,0
7436,confront,B1,Daily_Life,General_Interactions,0
7437,confront an issue,B1,Daily_Life,General_Interactions,0
7438,confront issues,B1,Daily_Life,General_Interactions,0
7439,confuse,B1,Daily_Life,General_Interactions,0
7440,confute,B1,Daily_Life,General_Interactions,0
7441,congeal,B1,Daily_Life,General_Interactions,0
7442,congenital,B1,Daily_Life,General_Interactions,0
7443,congested road,B1,Travel_Transportation,Road_Travel,0
7444,congestion charge,B1,Daily_Life,General_Interactions,0
7445,conglomerate,B1,Business_Finance_Economy,Economy_Markets,0
7446,congregate,B1,Daily_Life,General_Interactions,0
7447,congregation,B1,Daily_Life,General_Interactions,0
7448,congruent,B1,Daily_Life,General_Interactions,0
7449,conjecture,B1,Daily_Life,General_Interactions,0
7450,conjoin,B1,Daily_Life,General_Interactions,0
7451,conjugal,B1,Daily_Life,General_Interactions,0
7452,conjunction,B1,Daily_Life,General_Interactions,0
7453,conjure,B1,Daily_Life,General_Interactions,0
7454,connect,B1,Daily_Life,General_Interactions,0
7455,connected,B1,Daily_Life,General_Interactions,0
7456,connecting,B1,Daily_Life,General_Interactions,0
7457,connection,B1,Daily_Life,General_Interactions,0
7458,connectivity,B1,Daily_Life,General_Interactions,0
7459,connive,B1,Daily_Life,General_Interactions,0
7460,connoisseur,B1,Daily_Life,General_Interactions,0
7461,connubial,B1,Daily_Life,General_Interactions,0
7462,conquests,B1,Daily_Life,General_Interactions,0
7463,consanguinity,B1,Daily_Life,General_Interactions,0
7464,conscience,B1,Education,Academic_Study,0
7465,consciousness,B1,Daily_Life,General_Interactions,0
7466,consecrate,B1,Business_Finance_Economy,Economy_Markets,0
7467,consecutive,B1,Daily_Life,General_Interactions,0
7468,consensus,B1,Daily_Life,General_Interactions,0
7469,consent,B1,Daily_Life,General_Interactions,0
7470,consequences,B1,Daily_Life,General_Interactions,0
7471,consequent,B1,Daily_Life,General_Interactions,0
7472,consequential,B1,Daily_Life,General_Interactions,0
7473,consequentialist,B1,Daily_Life,General_Interactions,0
7474,consequently,B1,Daily_Life,General_Interactions,0
7475,conservation,B1,Science_Nature,Environment_Ecology,0
7476,conservationists,B1,Science_Nature,Environment_Ecology,0
7477,conservatory,B1,Daily_Life,General_Interactions,0
7478,conserve,B1,Daily_Life,General_Interactions,0
7479,consider,B1,Daily_Life,General_Interactions,0
7480,considerable,B1,Daily_Life,General_Interactions,0
7481,considerable experience,B1,Daily_Life,General_Interactions,0
7482,considerable reputation,B1,Daily_Life,General_Interactions,0
7483,considerably,B1,Daily_Life,General_Interactions,0
7484,considerations,B1,Daily_Life,General_Interactions,0
7485,considered,B1,Daily_Life,General_Interactions,0
7486,consign,B1,Daily_Life,General_Interactions,0
7487,consist,B1,Daily_Life,General_Interactions,0
7488,consisted,B1,Daily_Life,General_Interactions,0
7489,consistency,B1,Daily_Life,General_Interactions,0
7490,consistent,B1,Daily_Life,General_Interactions,0
7491,consists,B1,Daily_Life,General_Interactions,0
7492,console,B1,Daily_Life,General_Interactions,0
7493,consolidate,B1,Daily_Life,General_Interactions,0
7494,consonant,B1,Daily_Life,General_Interactions,0
7495,consort,B1,Daily_Life,General_Interactions,0
7496,conspicuous,B1,Daily_Life,General_Interactions,0
7497,conspiracy,B1,Daily_Life,General_Interactions,0
7498,constant,B1,Daily_Life,General_Interactions,0
7499,constant nagging,B1,Daily_Life,General_Interactions,0
7500,constant struggle,B1,Daily_Life,General_Interactions,0
7501,constantly,B1,Daily_Life,General_Interactions,0
7502,constellation,B1,Communication_Media_Arts,Speaking_Expressions,0
7503,constellations,B1,Communication_Media_Arts,Speaking_Expressions,0
7504,consternation,B1,Daily_Life,General_Interactions,0
7505,constituent,B1,Daily_Life,General_Interactions,0
7506,constitute,B1,Daily_Life,General_Interactions,0
7507,constitution,B1,Daily_Life,General_Interactions,0
7508,constrain,B1,Technology_Digital,Artificial_Intelligence,0
7509,constraints,B1,Technology_Digital,Artificial_Intelligence,0
7510,construct,B1,Daily_Life,General_Interactions,0
7511,constructed,B1,Daily_Life,General_Interactions,0
7512,construction,B1,Daily_Life,General_Interactions,0
7513,constructive,B1,Daily_Life,General_Interactions,0
7514,construe,B1,Daily_Life,General_Interactions,0
7515,consult,B1,Daily_Life,General_Interactions,0
7516,consultation,B1,Daily_Life,General_Interactions,0
7517,consume,B1,Daily_Life,General_Interactions,0
7518,consumed,B1,Daily_Life,General_Interactions,0
7519,consumer,B1,Daily_Life,General_Interactions,0
7520,consumers,B1,Daily_Life,General_Interactions,0
7521,consummate,B1,Daily_Life,General_Interactions,0
7522,consummate professional,B1,Business_Finance_Economy,Jobs_Careers,0
7523,consumption,B1,Daily_Life,General_Interactions,0
7524,contact,B1,Psychology_Emotions,Behavior,0
7525,contacted,B1,Psychology_Emotions,Behavior,0
7526,contain,B1,Technology_Digital,Artificial_Intelligence,0
7527,contain your excitement,B1,Technology_Digital,Artificial_Intelligence,0
7528,contained,B1,Technology_Digital,Artificial_Intelligence,0
7529,container,B1,Technology_Digital,Artificial_Intelligence,0
7530,containing,B1,Technology_Digital,Artificial_Intelligence,0
7531,contaminate,B1,Daily_Life,General_Interactions,0
7532,contempt,B1,Daily_Life,General_Interactions,0
7533,contend,B1,Daily_Life,General_Interactions,0
7534,contention,B1,Daily_Life,General_Interactions,0
7535,contentious,B1,Daily_Life,General_Interactions,0
7536,contest a verdict,B1,Education,Exams_Assessments,0
7537,contexts,B1,Daily_Life,General_Interactions,0
7538,contiguous,B1,Daily_Life,General_Interactions,0
7539,continence,B1,Daily_Life,General_Interactions,0
7540,continent,B1,Daily_Life,General_Interactions,0
7541,contingency,B1,Daily_Life,General_Interactions,0
7542,contingent,B1,Daily_Life,General_Interactions,0
7543,continual,B1,Daily_Life,General_Interactions,0
7544,continually,B1,Daily_Life,General_Interactions,0
7545,continue,B1,Daily_Life,General_Interactions,0
7546,continued,B1,Daily_Life,General_Interactions,0
7547,continues,B1,Daily_Life,General_Interactions,0
7548,continuing,B1,Daily_Life,General_Interactions,0
7549,continuity,B1,Daily_Life,General_Interactions,0
7550,continuous,B1,Daily_Life,General_Interactions,0
7551,contortion,B1,Daily_Life,General_Interactions,0
7552,contour,B1,Travel_Transportation,Road_Travel,0
7553,contraband,B1,Daily_Life,General_Interactions,0
7554,contracted,B1,Psychology_Emotions,Behavior,0
7555,contradict,B1,Daily_Life,General_Interactions,0
7556,contrary,B1,Daily_Life,General_Interactions,0
7557,contrast,B1,Daily_Life,General_Interactions,0
7558,contrasts,B1,Daily_Life,General_Interactions,0
7559,contravene,B1,Daily_Life,General_Interactions,0
7560,contribute,B1,Daily_Life,General_Interactions,0
7561,contributed,B1,Daily_Life,General_Interactions,0
7562,contributes,B1,Daily_Life,General_Interactions,0
7563,contributing,B1,Daily_Life,General_Interactions,0
7564,contributing factor,B1,Psychology_Emotions,Behavior,0
7565,contributions,B1,Daily_Life,General_Interactions,0
7566,contributors,B1,Daily_Life,General_Interactions,0
7567,contrite,B1,Daily_Life,General_Interactions,0
7568,contrive,B1,Daily_Life,General_Interactions,0
7569,control,B1,Daily_Life,General_Interactions,0
7570,controlled,B1,Daily_Life,General_Interactions,0
7571,controlling,B1,Daily_Life,General_Interactions,0
7572,controversy,B1,Daily_Life,General_Interactions,0
7573,controvert,B1,Daily_Life,General_Interactions,0
7574,contumacious,B1,Daily_Life,General_Interactions,0
7575,contusion,B1,Daily_Life,General_Interactions,0
7576,conundrum,B1,Daily_Life,General_Interactions,0
7577,convalesce,B1,Daily_Life,General_Interactions,0
7578,convene,B1,Daily_Life,General_Interactions,0
7579,convention,B1,Daily_Life,General_Interactions,0
7580,converge,B1,Daily_Life,General_Interactions,0
7581,converging,B1,Daily_Life,General_Interactions,0
7582,conversant,B1,Daily_Life,General_Interactions,0
7583,conversation,B1,Communication_Media_Arts,Speaking_Expressions,0
7584,conversations,B1,Communication_Media_Arts,Speaking_Expressions,0
7585,converse,B1,Daily_Life,General_Interactions,0
7586,conversely,B1,Daily_Life,General_Interactions,0
7587,conversion,B1,Daily_Life,General_Interactions,0
7588,converting,B1,Daily_Life,General_Interactions,0
7589,convex,B1,Daily_Life,General_Interactions,0
7590,conviction,B1,Daily_Life,General_Interactions,0
7591,convinced,B1,Daily_Life,General_Interactions,0
7592,convincing victory,B1,Daily_Life,General_Interactions,0
7593,convivial,B1,Daily_Life,General_Interactions,0
7594,convivial atmosphere,B1,Daily_Life,General_Interactions,0
7595,convoke,B1,Daily_Life,General_Interactions,0
7596,convoluted,B1,Daily_Life,General_Interactions,0
7597,cooked,B1,Daily_Life,General_Interactions,0
7598,cooking,B1,Daily_Life,General_Interactions,0
7599,cool reception,B1,Daily_Life,General_Interactions,0
7600,cooled,B1,Daily_Life,General_Interactions,0
7601,cooler,B1,Daily_Life,General_Interactions,0
7602,cooling,B1,Daily_Life,General_Interactions,0
7603,cooperate,B1,Business_Finance_Economy,Economy_Markets,0
7604,cooperation,B1,Daily_Life,General_Interactions,0
7605,cooperative,B1,Daily_Life,General_Interactions,0
7606,coordinate,B1,Daily_Life,General_Interactions,0
7607,coordinated,B1,Daily_Life,General_Interactions,0
7608,coordination,B1,Daily_Life,General_Interactions,0
7609,cope,B1,Daily_Life,General_Interactions,0
7610,copied,B1,Daily_Life,General_Interactions,0
7611,coping,B1,Daily_Life,General_Interactions,0
7612,copious,B1,Daily_Life,General_Interactions,0
7613,copy,B1,Daily_Life,General_Interactions,0
7614,copying,B1,Daily_Life,General_Interactions,0
7615,coquette,B1,Daily_Life,General_Interactions,0
7616,coral,B1,Daily_Life,General_Interactions,0
7617,cordial,B1,Daily_Life,General_Interactions,0
7618,cordial relations,B1,Daily_Life,General_Interactions,0
7619,core subject,B1,Daily_Life,General_Interactions,0
7620,corkboard,B1,Daily_Life,General_Interactions,0
7621,corn,B1,Daily_Life,General_Interactions,0
7622,corner,B1,Daily_Life,General_Interactions,0
7623,cornerstone,B1,Daily_Life,General_Interactions,0
7624,corollary,B1,Daily_Life,General_Interactions,0
7625,corporate,B1,Business_Finance_Economy,Economy_Markets,0
7626,corporeal,B1,Daily_Life,General_Interactions,0
7627,corpulent,B1,Daily_Life,General_Interactions,0
7628,correct,B1,Daily_Life,General_Interactions,0
7629,corrected,B1,Daily_Life,General_Interactions,0
7630,correcting,B1,Daily_Life,General_Interactions,0
7631,correlate,B1,Daily_Life,General_Interactions,0
7632,correspond,B1,Daily_Life,General_Interactions,0
7633,correspondence,B1,Daily_Life,General_Interactions,0
7634,correspondingly,B1,Daily_Life,General_Interactions,0
7635,corridor,B1,Daily_Life,General_Interactions,0
7636,corroborate,B1,Business_Finance_Economy,Economy_Markets,0
7637,corrosive,B1,Daily_Life,General_Interactions,0
7638,corrugated,B1,Daily_Life,General_Interactions,0
7639,cosmic,B1,Daily_Life,General_Interactions,0
7640,cosmology,B1,Daily_Life,General_Interactions,0
7641,cosmopolitan,B1,Daily_Life,General_Interactions,0
7642,cost,B1,Business_Finance_Economy,Economy_Markets,0
7643,cost-cutting measure,B1,Business_Finance_Economy,Economy_Markets,0
7644,costing,B1,Business_Finance_Economy,Economy_Markets,0
7645,costly,B1,Business_Finance_Economy,Economy_Markets,0
7646,costs,B1,Business_Finance_Economy,Economy_Markets,0
7647,costume,B1,Business_Finance_Economy,Economy_Markets,0
7648,coterie,B1,Daily_Life,General_Interactions,0
7649,coughing,B1,Daily_Life,General_Interactions,0
7650,council,B1,Daily_Life,General_Interactions,0
7651,counsel,B1,Daily_Life,General_Interactions,0
7652,counseling,B1,Daily_Life,General_Interactions,0
7653,countenance,B1,Daily_Life,General_Interactions,0
7654,counter,B1,Daily_Life,General_Interactions,0
7655,counter of,B1,Daily_Life,General_Interactions,0
7656,counteract,B1,Psychology_Emotions,Behavior,0
7657,counterfeit,B1,Daily_Life,General_Interactions,0
7658,countering,B1,Daily_Life,General_Interactions,0
7659,counterintuitive,B1,Daily_Life,General_Interactions,0
7660,countermand,B1,Daily_Life,General_Interactions,0
7661,counterpart,B1,Communication_Media_Arts,Arts_Creativity,0
7662,countervail,B1,Technology_Digital,Artificial_Intelligence,0
7663,counting,B1,Daily_Life,General_Interactions,0
7664,countless,B1,Daily_Life,General_Interactions,0
7665,country,B1,Daily_Life,General_Interactions,0
7666,countryside,B1,Daily_Life,General_Interactions,0
7667,coup,B1,Daily_Life,General_Interactions,0
7668,couple,B1,Daily_Life,General_Interactions,0
7669,courage,B1,Daily_Life,General_Interactions,0
7670,courageous,B1,Daily_Life,General_Interactions,0
7671,course,B1,Education,University_School,0
7672,course of medication,B1,Education,University_School,0
7673,courses,B1,Education,University_School,0
7674,courteous,B1,Society_Law_Politics,Law_Crime,0
7675,cover,B1,Daily_Life,General_Interactions,0
7676,cover a lot of ground,B1,Daily_Life,General_Interactions,0
7677,cover every eventuality,B1,Daily_Life,General_Interactions,0
7678,covered,B1,Daily_Life,General_Interactions,0
7679,covering,B1,Daily_Life,General_Interactions,0
7680,covert,B1,Daily_Life,General_Interactions,0
7681,covet,B1,Daily_Life,General_Interactions,0
7682,cow,B1,Daily_Life,General_Interactions,0
7683,cower,B1,Daily_Life,General_Interactions,0
7684,coy,B1,Daily_Life,General_Interactions,0
7685,crack,B1,Daily_Life,General_Interactions,0
7686,cracked,B1,Daily_Life,General_Interactions,0
7687,craft,B1,Daily_Life,General_Interactions,0
7688,crafters,B1,Daily_Life,General_Interactions,0
7689,crafts,B1,Daily_Life,General_Interactions,0
7690,craftsmanship,B1,Daily_Life,General_Interactions,0
7691,cramped,B1,Daily_Life,General_Interactions,0
7692,cramped conditions,B1,Daily_Life,General_Interactions,0
7693,crane,B1,Daily_Life,General_Interactions,0
7694,crash,B1,Daily_Life,General_Interactions,0
7695,crate,B1,Business_Finance_Economy,Economy_Markets,0
7696,craven,B1,Daily_Life,General_Interactions,0
7697,crawl,B1,Daily_Life,General_Interactions,0
7698,crawled,B1,Daily_Life,General_Interactions,0
7699,crawling,B1,Daily_Life,General_Interactions,0
7700,crazy,B1,Daily_Life,General_Interactions,0
7701,create,B1,Health_Medicine,Healthcare_Hospital,0
7702,create a good impression,B1,Communication_Media_Arts,Media_Journalism,0
7703,create an atmosphere,B1,Health_Medicine,Healthcare_Hospital,0
7704,create an effect,B1,Health_Medicine,Healthcare_Hospital,0
7705,create an impression,B1,Communication_Media_Arts,Media_Journalism,0
7706,create instability,B1,Education,Learning_Skills,0
7707,created,B1,Health_Medicine,Healthcare_Hospital,0
7708,creating,B1,Health_Medicine,Healthcare_Hospital,0
7709,creative,B1,Communication_Media_Arts,Arts_Creativity,0
7710,creators,B1,Health_Medicine,Healthcare_Hospital,0
7711,credence,B1,Daily_Life,General_Interactions,0
7712,credibility,B1,Daily_Life,General_Interactions,0
7713,credible,B1,Daily_Life,General_Interactions,0
7714,credit,B1,Daily_Life,General_Interactions,0
7715,credit-card fraud,B1,Travel_Transportation,Road_Travel,0
7716,credulity,B1,Daily_Life,General_Interactions,0
7717,crept,B1,Daily_Life,General_Interactions,0
7718,crescendo,B1,Daily_Life,General_Interactions,0
7719,crest,B1,Daily_Life,General_Interactions,0
7720,crew,B1,Daily_Life,General_Interactions,0
7721,crinkly eyes,B1,Daily_Life,General_Interactions,0
7722,crises,B1,Daily_Life,General_Interactions,0
7723,crisis,B1,Daily_Life,General_Interactions,0
7724,criteria,B1,Daily_Life,General_Interactions,0
7725,criterion,B1,Daily_Life,General_Interactions,0
7726,critical analysis,B1,Education,Academic_Study,0
7727,critically,B1,Daily_Life,General_Interactions,0
7728,critically ill,B1,Health_Medicine,Healthcare_Hospital,0
7729,criticism,B1,Daily_Life,General_Interactions,0
7730,criticize,B1,Daily_Life,General_Interactions,0
7731,critics,B1,Daily_Life,General_Interactions,0
7732,crop,B1,Daily_Life,General_Interactions,0
7733,crops,B1,Daily_Life,General_Interactions,0
7734,cross,B1,Daily_Life,General_Interactions,0
7735,cross-country,B1,Daily_Life,General_Interactions,0
7736,crossed,B1,Daily_Life,General_Interactions,0
7737,crossing,B1,Communication_Media_Arts,Speaking_Expressions,0
7738,crowd,B1,Daily_Life,General_Interactions,0
7739,crowded,B1,Daily_Life,General_Interactions,0
7740,crowded street,B1,Daily_Life,General_Interactions,0
7741,crucially,B1,Daily_Life,General_Interactions,0
7742,crucible,B1,Daily_Life,General_Interactions,0
7743,crude,B1,Daily_Life,General_Interactions,0
7744,crudest,B1,Daily_Life,General_Interactions,0
7745,crumble,B1,Daily_Life,General_Interactions,0
7746,crushed,B1,Daily_Life,General_Interactions,0
7747,crust,B1,Daily_Life,General_Interactions,0
7748,crux,B1,Daily_Life,General_Interactions,0
7749,cryptic,B1,Daily_Life,General_Interactions,0
7750,cryptography,B1,Daily_Life,General_Interactions,0
7751,crystal,B1,Daily_Life,General_Interactions,0
7752,crystalline,B1,Daily_Life,General_Interactions,0
7753,crystallize,B1,Daily_Life,General_Interactions,0
7754,crystals,B1,Daily_Life,General_Interactions,0
7755,cuddle,B1,Daily_Life,General_Interactions,0
7756,cudgel,B1,Daily_Life,General_Interactions,0
7757,cue,B1,Daily_Life,General_Interactions,0
7758,cueing,B1,Daily_Life,General_Interactions,0
7759,cues,B1,Daily_Life,General_Interactions,0
7760,cuisine,B1,Daily_Life,General_Interactions,0
7761,culinary,B1,Daily_Life,General_Interactions,0
7762,culminating,B1,Daily_Life,General_Interactions,0
7763,culmination,B1,Daily_Life,General_Interactions,0
7764,culpable,B1,Daily_Life,General_Interactions,0
7765,culprit,B1,Daily_Life,General_Interactions,0
7766,cult,B1,Daily_Life,General_Interactions,0
7767,cultural,B1,Daily_Life,General_Interactions,0
7768,cultural heritage,B1,Daily_Life,General_Interactions,0
7769,cultures,B1,Daily_Life,General_Interactions,0
7770,cupboard,B1,Daily_Life,General_Interactions,0
7771,cupidity,B1,Daily_Life,General_Interactions,0
7772,curator,B1,Daily_Life,General_Interactions,0
7773,curb,B1,Daily_Life,General_Interactions,0
7774,curb inflation,B1,Business_Finance_Economy,Economy_Markets,0
7775,curiosity,B1,Daily_Life,General_Interactions,0
7776,curled,B1,Daily_Life,General_Interactions,0
7777,curmudgeon,B1,Daily_Life,General_Interactions,0
7778,current,B1,Daily_Life,Home_Housing,0
7779,current economic climate,B1,Science_Nature,Environment_Ecology,0
7780,currently,B1,Daily_Life,Home_Housing,0
7781,currents,B1,Daily_Life,Home_Housing,0
7782,curriculum vitae,B1,Education,Academic_Study,0
7783,cursory,B1,Daily_Life,General_Interactions,0
7784,curtail,B1,Technology_Digital,Artificial_Intelligence,0
7785,curve,B1,Daily_Life,General_Interactions,0
7786,cushion,B1,Daily_Life,General_Interactions,0
7787,cushioned,B1,Daily_Life,General_Interactions,0
7788,custodial sentence,B1,Daily_Life,General_Interactions,0
7789,custom,B1,Daily_Life,General_Interactions,0
7790,customer loyalty,B1,Daily_Life,Shopping_Everyday,0
7791,customer satisfaction,B1,Psychology_Emotions,Behavior,0
7792,customs,B1,Daily_Life,General_Interactions,0
7793,cut down on luxuries,B1,Daily_Life,General_Interactions,0
7794,cut through red tape,B1,Daily_Life,General_Interactions,0
7795,cutting-edge design,B1,Communication_Media_Arts,Arts_Creativity,0
7796,cybernetic,B1,Technology_Digital,Software_Internet,0
7797,cybernetics,B1,Technology_Digital,Software_Internet,0
7798,cycle,B1,Daily_Life,General_Interactions,0
7799,cycle network,B1,Business_Finance_Economy,Jobs_Careers,0
7800,cyclist,B1,Daily_Life,General_Interactions,0
7801,cynical,B1,Daily_Life,General_Interactions,0
7802,dabbed,B1,Daily_Life,General_Interactions,0
7803,daft,B1,Daily_Life,General_Interactions,0
7804,daily,B1,Technology_Digital,Artificial_Intelligence,0
7805,damage,B1,Daily_Life,General_Interactions,0
7806,damaged,B1,Daily_Life,General_Interactions,0
7807,damaging disclosure,B1,Daily_Life,General_Interactions,0
7808,damp,B1,Daily_Life,General_Interactions,0
7809,dance,B1,Communication_Media_Arts,Arts_Creativity,0
7810,dances,B1,Communication_Media_Arts,Arts_Creativity,0
7811,dancing,B1,Daily_Life,General_Interactions,0
7812,danger,B1,Daily_Life,General_Interactions,0
7813,dangle,B1,Daily_Life,General_Interactions,0
7814,daring,B1,Daily_Life,General_Interactions,0
7815,dark,B1,Daily_Life,General_Interactions,0
7816,darker,B1,Daily_Life,General_Interactions,0
7817,dash of cream,B1,Daily_Life,General_Interactions,0
7818,dashboards,B1,Daily_Life,General_Interactions,0
7819,data,B1,Science_Nature,Research_Methods,0
7820,database,B1,Science_Nature,Research_Methods,0
7821,dataset,B1,Science_Nature,Research_Methods,0
7822,datasets,B1,Science_Nature,Research_Methods,0
7823,date,B1,Daily_Life,General_Interactions,0
7824,dating,B1,Daily_Life,General_Interactions,0
7825,daunt,B1,Daily_Life,General_Interactions,0
7826,daunting task,B1,Daily_Life,Routine_Activities,0
7827,dawdle,B1,Daily_Life,General_Interactions,0
7828,dawn,B1,Daily_Life,General_Interactions,0
7829,dawn breaks,B1,Daily_Life,General_Interactions,0
7830,day,B1,Daily_Life,General_Interactions,0
7831,day-by,B1,Daily_Life,General_Interactions,0
7832,dazzling display,B1,Communication_Media_Arts,Speaking_Expressions,0
7833,dazzling smile,B1,Daily_Life,General_Interactions,0
7834,dead,B1,Daily_Life,General_Interactions,0
7835,dead easy,B1,Daily_Life,General_Interactions,0
7836,deaf,B1,Daily_Life,General_Interactions,0
7837,deal,B1,Daily_Life,General_Interactions,0
7838,deal with the complexities,B1,Daily_Life,General_Interactions,0
7839,dealer,B1,Daily_Life,General_Interactions,0
7840,dealing,B1,Daily_Life,General_Interactions,0
7841,dearth,B1,Communication_Media_Arts,Arts_Creativity,0
7842,death,B1,Health_Medicine,Healthcare_Hospital,0
7843,deathly hush,B1,Health_Medicine,Healthcare_Hospital,0
7844,debacle,B1,Daily_Life,General_Interactions,0
7845,debase,B1,Daily_Life,General_Interactions,0
7846,debate,B1,Communication_Media_Arts,Opinion_Discussion,0
7847,debates,B1,Communication_Media_Arts,Opinion_Discussion,0
7848,debating,B1,Daily_Life,General_Interactions,0
7849,debauch,B1,Daily_Life,General_Interactions,0
7850,debilitate,B1,Daily_Life,General_Interactions,0
7851,debonair,B1,Technology_Digital,Artificial_Intelligence,0
7852,debris,B1,Daily_Life,General_Interactions,0
7853,debunk,B1,Daily_Life,General_Interactions,0
7854,debut,B1,Daily_Life,General_Interactions,0
7855,decadent,B1,Daily_Life,General_Interactions,0
7856,decades,B1,Daily_Life,General_Interactions,0
7857,decades elapse,B1,Daily_Life,General_Interactions,0
7858,decay,B1,Daily_Life,General_Interactions,0
7859,deceiving,B1,Daily_Life,General_Interactions,0
7860,decentralization,B1,Daily_Life,General_Interactions,0
7861,decide,B1,Daily_Life,General_Interactions,0
7862,decided,B1,Daily_Life,General_Interactions,0
7863,deciding,B1,Daily_Life,General_Interactions,0
7864,deciding factor,B1,Psychology_Emotions,Behavior,0
7865,decimate,B1,Daily_Life,General_Interactions,0
7866,decimation,B1,Daily_Life,General_Interactions,0
7867,decision-making,B1,Daily_Life,General_Interactions,0
7868,decisions,B1,Daily_Life,General_Interactions,0
7869,decisive,B1,Daily_Life,General_Interactions,0
7870,declare independence,B1,Daily_Life,General_Interactions,0
7871,declare outright hostility,B1,Society_Law_Politics,Law_Crime,0
7872,declare outright opposition,B1,Society_Law_Politics,Law_Crime,0
7873,declare someone the winner,B1,Daily_Life,General_Interactions,0
7874,declared,B1,Daily_Life,General_Interactions,0
7875,decline in demand,B1,Business_Finance_Economy,Economy_Markets,0
7876,decline to comment,B1,Communication_Media_Arts,Opinion_Discussion,0
7877,declining,B1,Daily_Life,General_Interactions,0
7878,decoding,B1,Daily_Life,General_Interactions,0
7879,decompose,B1,Daily_Life,General_Interactions,0
7880,decomposition,B1,Daily_Life,General_Interactions,0
7881,decorate,B1,Business_Finance_Economy,Economy_Markets,0
7882,decorating,B1,Daily_Life,General_Interactions,0
7883,decorum,B1,Daily_Life,General_Interactions,0
7884,decrease,B1,Daily_Life,General_Interactions,0
7885,decreasing,B1,Communication_Media_Arts,Speaking_Expressions,0
7886,decree,B1,Daily_Life,General_Interactions,0
7887,dedicate,B1,Daily_Life,General_Interactions,0
7888,dedicated,B1,Daily_Life,General_Interactions,0
7889,deduce,B1,Daily_Life,General_Interactions,0
7890,deductive,B1,Daily_Life,General_Interactions,0
7891,deed,B1,Daily_Life,General_Interactions,0
7892,deepen,B1,Daily_Life,General_Interactions,0
7893,deeper,B1,Daily_Life,General_Interactions,0
7894,deepest,B1,Daily_Life,General_Interactions,0
7895,deeply offensive,B1,Daily_Life,General_Interactions,0
7896,deer,B1,Daily_Life,General_Interactions,0
7897,deface,B1,Daily_Life,General_Interactions,0
7898,defame,B1,Daily_Life,General_Interactions,0
7899,default,B1,Daily_Life,General_Interactions,0
7900,default on repayments,B1,Business_Finance_Economy,Business_Management,0
7901,defeated,B1,Health_Medicine,Healthcare_Hospital,0
7902,defection,B1,Daily_Life,General_Interactions,0
7903,defend,B1,Daily_Life,General_Interactions,0
7904,defending,B1,Daily_Life,General_Interactions,0
7905,defense,B1,Daily_Life,General_Interactions,0
7906,deference,B1,Daily_Life,General_Interactions,0
7907,defiance,B1,Daily_Life,General_Interactions,0
7908,define,B1,Daily_Life,General_Interactions,0
7909,definite,B1,Daily_Life,General_Interactions,0
7910,definitive,B1,Daily_Life,General_Interactions,0
7911,deflect,B1,Daily_Life,General_Interactions,0
7912,deft,B1,Daily_Life,General_Interactions,0
7913,defunct,B1,Daily_Life,General_Interactions,0
7914,degenerate,B1,Business_Finance_Economy,Economy_Markets,0
7915,degrading,B1,Daily_Life,General_Interactions,0
7916,degree,B1,Education,University_School,0
7917,deign,B1,Daily_Life,General_Interactions,0
7918,delay,B1,Daily_Life,General_Interactions,0
7919,delayed,B1,Daily_Life,General_Interactions,0
7920,delectable,B1,Daily_Life,General_Interactions,0
7921,delete,B1,Daily_Life,General_Interactions,0
7922,deleterious,B1,Daily_Life,General_Interactions,0
7923,deliberate,B1,Business_Finance_Economy,Economy_Markets,0
7924,delight,B1,Daily_Life,General_Interactions,0
7925,delineate,B1,Health_Medicine,Healthcare_Hospital,0
7926,deliriously happy,B1,Psychology_Emotions,Feelings_Emotions,0
7927,deliver,B1,Daily_Life,General_Interactions,0
7928,deliver a speech,B1,Daily_Life,General_Interactions,0
7929,delivered,B1,Daily_Life,General_Interactions,0
7930,delivering,B1,Daily_Life,General_Interactions,0
7931,delivery,B1,Daily_Life,General_Interactions,0
7932,deluge,B1,Daily_Life,General_Interactions,0
7933,delusion,B1,Daily_Life,General_Interactions,0
7934,deluxe,B1,Daily_Life,General_Interactions,0
7935,delve,B1,Daily_Life,General_Interactions,0
7936,delves,B1,Daily_Life,General_Interactions,0
7937,demagogue,B1,Daily_Life,General_Interactions,0
7938,demand,B1,Business_Finance_Economy,Economy_Markets,0
7939,demand an explanation,B1,Business_Finance_Economy,Economy_Markets,0
7940,demands,B1,Business_Finance_Economy,Economy_Markets,0
7941,demented,B1,Daily_Life,General_Interactions,0
7942,demise,B1,Daily_Life,General_Interactions,0
7943,democracy,B1,Society_Law_Politics,Government_Politics,0
7944,demographic,B1,Daily_Life,General_Interactions,0
7945,demographic profile,B1,Daily_Life,General_Interactions,0
7946,demography,B1,Daily_Life,General_Interactions,0
7947,demolish,B1,Daily_Life,General_Interactions,0
7948,demonstrate,B1,Business_Finance_Economy,Economy_Markets,0
7949,demonstrate an ability,B1,Education,Learning_Skills,0
7950,demonstrations,B1,Daily_Life,General_Interactions,0
7951,demure,B1,Daily_Life,General_Interactions,0
7952,denied,B1,Daily_Life,General_Interactions,0
7953,denigrate,B1,Business_Finance_Economy,Economy_Markets,0
7954,denizen,B1,Daily_Life,General_Interactions,0
7955,denouement,B1,Daily_Life,General_Interactions,0
7956,densities,B1,Daily_Life,General_Interactions,0
7957,density,B1,Daily_Life,General_Interactions,0
7958,dent,B1,Daily_Life,General_Interactions,0
7959,deny,B1,Daily_Life,General_Interactions,0
7960,deny all knowledge,B1,Education,Learning_Skills,0
7961,depart from a pattern,B1,Communication_Media_Arts,Arts_Creativity,0
7962,departure,B1,Communication_Media_Arts,Arts_Creativity,0
7963,depend,B1,Daily_Life,General_Interactions,0
7964,dependable,B1,Daily_Life,General_Interactions,0
7965,depended,B1,Daily_Life,General_Interactions,0
7966,dependence,B1,Daily_Life,General_Interactions,0
7967,dependent,B1,Daily_Life,General_Interactions,0
7968,depending,B1,Daily_Life,General_Interactions,0
7969,depicted,B1,Daily_Life,General_Interactions,0
7970,depicts,B1,Daily_Life,General_Interactions,0
7971,depleted,B1,Daily_Life,General_Interactions,0
7972,depletion,B1,Daily_Life,General_Interactions,0
7973,deplore,B1,Daily_Life,General_Interactions,0
7974,deploy,B1,Daily_Life,General_Interactions,0
7975,deploy troops,B1,Daily_Life,General_Interactions,0
7976,depose,B1,Daily_Life,General_Interactions,0
7977,deposition,B1,Daily_Life,General_Interactions,0
7978,depot,B1,Daily_Life,General_Interactions,0
7979,deprave,B1,Daily_Life,General_Interactions,0
7980,depreciate,B1,Daily_Life,General_Interactions,0
7981,depredation,B1,Daily_Life,General_Interactions,0
7982,depress,B1,Communication_Media_Arts,Media_Journalism,0
7983,deprivation,B1,Daily_Life,General_Interactions,0
7984,deranged,B1,Daily_Life,General_Interactions,0
7985,derelict,B1,Daily_Life,General_Interactions,0
7986,derelict building,B1,Daily_Life,General_Interactions,0
7987,deride,B1,Daily_Life,General_Interactions,0
7988,derivative,B1,Daily_Life,General_Interactions,0
7989,derive pleasure from,B1,Daily_Life,General_Interactions,0
7990,derives,B1,Daily_Life,General_Interactions,0
7991,derogatory,B1,Daily_Life,General_Interactions,0
7992,describe,B1,Daily_Life,General_Interactions,0
7993,described,B1,Daily_Life,General_Interactions,0
7994,describes,B1,Daily_Life,General_Interactions,0
7995,descry,B1,Daily_Life,General_Interactions,0
7996,desecrate,B1,Business_Finance_Economy,Economy_Markets,0
7997,deserts,B1,Daily_Life,General_Interactions,0
7998,desiccate,B1,Daily_Life,General_Interactions,0
7999,desiccated,B1,Daily_Life,General_Interactions,0
8000,design,B1,Communication_Media_Arts,Arts_Creativity,0
8001,designated,B1,Communication_Media_Arts,Arts_Creativity,0
8002,designation,B1,Communication_Media_Arts,Arts_Creativity,0
8003,designed,B1,Communication_Media_Arts,Arts_Creativity,0
8004,designer,B1,Communication_Media_Arts,Arts_Creativity,0
8005,designer label,B1,Communication_Media_Arts,Arts_Creativity,0
8006,designing,B1,Communication_Media_Arts,Arts_Creativity,0
8007,desirability,B1,Education,Learning_Skills,0
8008,desirable place to live,B1,Daily_Life,General_Interactions,0
8009,desire,B1,Psychology_Emotions,Motivation,0
8010,desired effect,B1,Psychology_Emotions,Motivation,0
8011,desk,B1,Daily_Life,General_Interactions,0
8012,desolate,B1,Daily_Life,General_Interactions,0
8013,despite,B1,Daily_Life,General_Interactions,0
8014,despot,B1,Daily_Life,General_Interactions,0
8015,destitute,B1,Daily_Life,General_Interactions,0
8016,destroy,B1,Daily_Life,General_Interactions,0
8017,destroyed,B1,Daily_Life,General_Interactions,0
8018,destroying,B1,Daily_Life,General_Interactions,0
8019,destruction,B1,Daily_Life,General_Interactions,0
8020,desultory,B1,Daily_Life,General_Interactions,0
8021,detach,B1,Daily_Life,General_Interactions,0
8022,detail,B1,Technology_Digital,Artificial_Intelligence,0
8023,detailed account,B1,Technology_Digital,Artificial_Intelligence,0
8024,details,B1,Technology_Digital,Artificial_Intelligence,0
8025,detect,B1,Daily_Life,General_Interactions,0
8026,detected,B1,Daily_Life,General_Interactions,0
8027,detecting,B1,Daily_Life,General_Interactions,0
8028,deter,B1,Daily_Life,General_Interactions,0
8029,deteriorate,B1,Business_Finance_Economy,Economy_Markets,0
8030,deteriorated,B1,Business_Finance_Economy,Economy_Markets,0
8031,determinate,B1,Daily_Life,General_Interactions,0
8032,determine,B1,Daily_Life,General_Interactions,0
8033,determined effort,B1,Daily_Life,General_Interactions,0
8034,determines,B1,Daily_Life,General_Interactions,0
8035,deterrent,B1,Daily_Life,Home_Housing,0
8036,detonate,B1,Daily_Life,General_Interactions,0
8037,detract,B1,Psychology_Emotions,Behavior,0
8038,detractor,B1,Psychology_Emotions,Behavior,0
8039,detriment,B1,Daily_Life,General_Interactions,0
8040,detrimental,B1,Health_Medicine,Mental_Health,0
8041,devastate,B1,Daily_Life,General_Interactions,0
8042,devastated,B1,Daily_Life,General_Interactions,0
8043,devastating,B1,Daily_Life,General_Interactions,0
8044,develop,B1,Daily_Life,General_Interactions,0
8045,develop a good relationship,B1,Daily_Life,General_Interactions,0
8046,developed,B1,Daily_Life,General_Interactions,0
8047,developer,B1,Daily_Life,General_Interactions,0
8048,developing,B1,Daily_Life,General_Interactions,0
8049,development,B1,Daily_Life,General_Interactions,0
8050,deviate,B1,Daily_Life,General_Interactions,0
8051,deviates,B1,Daily_Life,General_Interactions,0
8052,deviation,B1,Daily_Life,General_Interactions,0
8053,devices,B1,Technology_Digital,Devices_Hardware,0
8054,devised,B1,Daily_Life,General_Interactions,0
8055,devoid,B1,Daily_Life,General_Interactions,0
8056,devote,B1,Society_Law_Politics,Government_Politics,0
8057,devoted,B1,Society_Law_Politics,Government_Politics,0
8058,devotee,B1,Society_Law_Politics,Government_Politics,0
8059,devour,B1,Daily_Life,General_Interactions,0
8060,devout,B1,Daily_Life,General_Interactions,0
8061,dexterous,B1,Daily_Life,General_Interactions,0
8062,diabolical,B1,Daily_Life,General_Interactions,0
8063,diagnose,B1,Health_Medicine,Healthcare_Hospital,0
8064,diagnosing,B1,Health_Medicine,Healthcare_Hospital,0
8065,diagnosis,B1,Health_Medicine,Illness_Diseases,0
8066,diagnostics,B1,Health_Medicine,Healthcare_Hospital,0
8067,diamonds,B1,Daily_Life,General_Interactions,0
8068,diatribe,B1,Daily_Life,General_Interactions,0
8069,dice,B1,Daily_Life,General_Interactions,0
8070,dichotomy,B1,Daily_Life,General_Interactions,0
8071,dictum,B1,Daily_Life,General_Interactions,0
8072,didactic,B1,Psychology_Emotions,Behavior,0
8073,died,B1,Daily_Life,General_Interactions,0
8074,diehard,B1,Daily_Life,General_Interactions,0
8075,diet,B1,Health_Medicine,Nutrition_Diet,0
8076,dietary,B1,Health_Medicine,Nutrition_Diet,0
8077,differ,B1,Daily_Life,General_Interactions,0
8078,differ widely,B1,Daily_Life,General_Interactions,0
8079,differed,B1,Daily_Life,General_Interactions,0
8080,differences,B1,Daily_Life,General_Interactions,0
8081,different,B1,Daily_Life,Home_Housing,0
8082,differential,B1,Daily_Life,Home_Housing,0
8083,differentiate,B1,Daily_Life,Home_Housing,0
8084,differently,B1,Daily_Life,Home_Housing,0
8085,differing,B1,Daily_Life,General_Interactions,0
8086,differs,B1,Daily_Life,General_Interactions,0
8087,difficult,B1,Daily_Life,General_Interactions,0
8088,difficult to pin down,B1,Daily_Life,General_Interactions,0
8089,difficulty arises,B1,Daily_Life,General_Interactions,0
8090,diffract,B1,Psychology_Emotions,Behavior,0
8091,diffuse,B1,Daily_Life,General_Interactions,0
8092,diffused,B1,Daily_Life,General_Interactions,0
8093,diffusion,B1,Daily_Life,General_Interactions,0
8094,dig out info,B1,Daily_Life,General_Interactions,0
8095,dig out info about a crime,B1,Society_Law_Politics,Law_Crime,0
8096,digest,B1,Daily_Life,General_Interactions,0
8097,digging,B1,Daily_Life,General_Interactions,0
8098,digit,B1,Daily_Life,General_Interactions,0
8099,digital,B1,Technology_Digital,Software_Internet,0
8100,digress,B1,Daily_Life,General_Interactions,0
8101,dilapidated,B1,Daily_Life,General_Interactions,0
8102,dilate,B1,Daily_Life,General_Interactions,0
8103,diligently,B1,Daily_Life,General_Interactions,0
8104,dilute,B1,Daily_Life,General_Interactions,0
8105,dim and distant memory,B1,Psychology_Emotions,Feelings_Emotions,0
8106,diminution,B1,Daily_Life,General_Interactions,0
8107,diminutive,B1,Daily_Life,General_Interactions,0
8108,dingy,B1,Daily_Life,General_Interactions,0
8109,dining,B1,Daily_Life,General_Interactions,0
8110,dinner,B1,Daily_Life,General_Interactions,0
8111,dioxide,B1,Daily_Life,General_Interactions,0
8112,dip,B1,Daily_Life,General_Interactions,0
8113,dip into emergency funds,B1,Business_Finance_Economy,Business_Management,0
8114,dip into funds,B1,Business_Finance_Economy,Business_Management,0
8115,dip into savings,B1,Daily_Life,General_Interactions,0
8116,dipping,B1,Daily_Life,General_Interactions,0
8117,dire,B1,Daily_Life,General_Interactions,0
8118,dire consequences,B1,Daily_Life,General_Interactions,0
8119,direct,B1,Daily_Life,General_Interactions,0
8120,directed,B1,Daily_Life,General_Interactions,0
8121,directing,B1,Daily_Life,General_Interactions,0
8122,direction,B1,Travel_Transportation,Road_Travel,0
8123,directional,B1,Travel_Transportation,Road_Travel,0
8124,directions,B1,Travel_Transportation,Navigation_Directions,0
8125,directly,B1,Daily_Life,General_Interactions,0
8126,director,B1,Daily_Life,General_Interactions,0
8127,dirt,B1,Daily_Life,General_Interactions,0
8128,dirty,B1,Daily_Life,General_Interactions,0
8129,disabled,B1,Daily_Life,General_Interactions,0
8130,disadvantage,B1,Psychology_Emotions,Feelings_Emotions,0
8131,disaffected youth,B1,Daily_Life,General_Interactions,0
8132,disagree,B1,Communication_Media_Arts,Opinion_Discussion,0
8133,disappear,B1,Technology_Digital,Software_Internet,0
8134,disappeared,B1,Technology_Digital,Software_Internet,0
8135,disappearing,B1,Technology_Digital,Software_Internet,0
8136,disarming,B1,Daily_Life,General_Interactions,0
8137,disarray,B1,Daily_Life,General_Interactions,0
8138,disassemble,B1,Daily_Life,General_Interactions,0
8139,disaster strikes,B1,Daily_Life,General_Interactions,0
8140,disastrous consequences,B1,Daily_Life,General_Interactions,0
8141,disavow,B1,Daily_Life,General_Interactions,0
8142,disband,B1,Daily_Life,General_Interactions,0
8143,disband an army,B1,Daily_Life,General_Interactions,0
8144,disc,B1,Daily_Life,General_Interactions,0
8145,discard,B1,Travel_Transportation,Road_Travel,0
8146,discarded,B1,Travel_Transportation,Road_Travel,0
8147,discern,B1,Daily_Life,General_Interactions,0
8148,discerning,B1,Daily_Life,General_Interactions,0
8149,discharge,B1,Daily_Life,General_Interactions,0
8150,discipline,B1,Daily_Life,General_Interactions,0
8151,disciplines,B1,Daily_Life,General_Interactions,0
8152,disclaim,B1,Technology_Digital,Artificial_Intelligence,0
8153,disclose,B1,Daily_Life,General_Interactions,0
8154,discombobulate,B1,Daily_Life,General_Interactions,0
8155,discomfit,B1,Health_Medicine,Healthcare_Hospital,0
8156,disconcert,B1,Daily_Life,General_Interactions,0
8157,disconnect,B1,Daily_Life,General_Interactions,0
8158,disconnected,B1,Daily_Life,General_Interactions,0
8159,disconsolate,B1,Daily_Life,General_Interactions,0
8160,discord,B1,Daily_Life,General_Interactions,0
8161,discounted,B1,Daily_Life,Shopping_Everyday,0
8162,discountenance,B1,Daily_Life,Shopping_Everyday,0
8163,discounts,B1,Daily_Life,Shopping_Everyday,0
8164,discourse,B1,Education,University_School,0
8165,discover,B1,Science_Nature,Natural_Phenomena,0
8166,discovered,B1,Science_Nature,Natural_Phenomena,0
8167,discoveries,B1,Science_Nature,Natural_Phenomena,0
8168,discovering,B1,Science_Nature,Natural_Phenomena,0
8169,discovery,B1,Science_Nature,Natural_Phenomena,0
8170,discredit,B1,Daily_Life,General_Interactions,0
8171,discreet,B1,Daily_Life,General_Interactions,0
8172,discrete,B1,Daily_Life,General_Interactions,0
8173,discriminating,B1,Daily_Life,General_Interactions,0
8174,discursive,B1,Daily_Life,General_Interactions,0
8175,discuss,B1,Education,Classroom_Interaction,0
8176,discussed,B1,Education,Classroom_Interaction,0
8177,discussing,B1,Education,Classroom_Interaction,0
8178,discussion,B1,Education,Classroom_Interaction,0
8179,discussions,B1,Education,Classroom_Interaction,0
8180,disdain,B1,Technology_Digital,Artificial_Intelligence,0
8181,diseases,B1,Health_Medicine,Illness_Diseases,0
8182,disembark,B1,Daily_Life,General_Interactions,0
8183,disentangle,B1,Daily_Life,General_Interactions,0
8184,disgruntle,B1,Daily_Life,General_Interactions,0
8185,disgust,B1,Daily_Life,General_Interactions,0
8186,dish,B1,Daily_Life,General_Interactions,0
8187,disheveled,B1,Daily_Life,General_Interactions,0
8188,disillusion,B1,Health_Medicine,Healthcare_Hospital,0
8189,disillusioned,B1,Health_Medicine,Healthcare_Hospital,0
8190,disinclined,B1,Daily_Life,General_Interactions,0
8191,disinfectant,B1,Daily_Life,General_Interactions,0
8192,disingenuous,B1,Communication_Media_Arts,Speaking_Expressions,0
8193,disintegrate,B1,Business_Finance_Economy,Economy_Markets,0
8194,disinter,B1,Daily_Life,General_Interactions,0
8195,disinterested,B1,Daily_Life,General_Interactions,0
8196,disjointed,B1,Daily_Life,General_Interactions,0
8197,dislike,B1,Technology_Digital,Social_Media,0
8198,dislodge,B1,Daily_Life,General_Interactions,0
8199,dismal,B1,Daily_Life,General_Interactions,0
8200,dismantle,B1,Daily_Life,General_Interactions,0
8201,dismantled,B1,Daily_Life,General_Interactions,0
8202,dismember,B1,Daily_Life,General_Interactions,0
8203,dismiss,B1,Daily_Life,General_Interactions,0
8204,dismiss a case,B1,Daily_Life,General_Interactions,0
8205,disorder,B1,Daily_Life,General_Interactions,0
8206,disorderly behaviour,B1,Daily_Life,General_Interactions,0
8207,disorders,B1,Daily_Life,General_Interactions,0
8208,disorientation,B1,Daily_Life,General_Interactions,0
8209,disparage,B1,Daily_Life,General_Interactions,0
8210,disparaging remark,B1,Daily_Life,General_Interactions,0
8211,disparate,B1,Business_Finance_Economy,Economy_Markets,0
8212,disparities,B1,Daily_Life,General_Interactions,0
8213,dispassionate,B1,Education,Exams_Assessments,0
8214,dispatch,B1,Daily_Life,General_Interactions,0
8215,dispel,B1,Daily_Life,General_Interactions,0
8216,dispel a rumour,B1,Daily_Life,General_Interactions,0
8217,dispensable,B1,Daily_Life,General_Interactions,0
8218,dispense,B1,Daily_Life,General_Interactions,0
8219,dispersed,B1,Daily_Life,General_Interactions,0
8220,dispersing,B1,Communication_Media_Arts,Speaking_Expressions,0
8221,dispirited,B1,Daily_Life,General_Interactions,0
8222,displace,B1,Daily_Life,General_Interactions,0
8223,displacement,B1,Daily_Life,General_Interactions,0
8224,display characteristics,B1,Psychology_Emotions,Personality,0
8225,displayed,B1,Communication_Media_Arts,Speaking_Expressions,0
8226,disposal,B1,Daily_Life,General_Interactions,0
8227,disposal of household waste,B1,Daily_Life,Home_Housing,0
8228,dispose,B1,Daily_Life,General_Interactions,0
8229,disposition,B1,Daily_Life,General_Interactions,0
8230,disputatious,B1,Daily_Life,General_Interactions,0
8231,dispute,B1,Daily_Life,General_Interactions,0
8232,dispute arises,B1,Daily_Life,General_Interactions,0
8233,disquiet,B1,Daily_Life,General_Interactions,0
8234,disreputable,B1,Daily_Life,General_Interactions,0
8235,disrupted,B1,Daily_Life,General_Interactions,0
8236,disruption,B1,Daily_Life,General_Interactions,0
8237,disruptions,B1,Daily_Life,General_Interactions,0
8238,disruptive influence,B1,Daily_Life,General_Interactions,0
8239,dissemble,B1,Daily_Life,General_Interactions,0
8240,disseminate,B1,Daily_Life,General_Interactions,0
8241,disseminate information,B1,Daily_Life,General_Interactions,0
8242,disseminating,B1,Daily_Life,General_Interactions,0
8243,dissemination,B1,Daily_Life,General_Interactions,0
8244,dissent,B1,Daily_Life,General_Interactions,0
8245,dissenting voice,B1,Communication_Media_Arts,Speaking_Expressions,0
8246,dissident,B1,Daily_Life,General_Interactions,0
8247,dissimulate,B1,Daily_Life,General_Interactions,0
8248,dissipate,B1,Daily_Life,General_Interactions,0
8249,dissipated,B1,Daily_Life,General_Interactions,0
8250,dissipation,B1,Daily_Life,General_Interactions,0
8251,dissociate,B1,Daily_Life,General_Interactions,0
8252,dissolute,B1,Daily_Life,General_Interactions,0
8253,dissuade,B1,Daily_Life,General_Interactions,0
8254,distance,B1,Daily_Life,General_Interactions,0
8255,distances,B1,Daily_Life,General_Interactions,0
8256,distant,B1,Daily_Life,General_Interactions,0
8257,distant echo,B1,Daily_Life,General_Interactions,0
8258,distend,B1,Daily_Life,General_Interactions,0
8259,distinction,B1,Daily_Life,General_Interactions,0
8260,distinctive,B1,Daily_Life,General_Interactions,0
8261,distinctly,B1,Daily_Life,General_Interactions,0
8262,distinguished scholar,B1,Daily_Life,General_Interactions,0
8263,distorted,B1,Daily_Life,General_Interactions,0
8264,distracted,B1,Psychology_Emotions,Behavior,0
8265,distraught,B1,Daily_Life,General_Interactions,0
8266,distributed,B1,Daily_Life,General_Interactions,0
8267,distribution,B1,Daily_Life,General_Interactions,0
8268,district,B1,Daily_Life,General_Interactions,0
8269,disturb,B1,Daily_Life,General_Interactions,0
8270,disturbance,B1,Daily_Life,General_Interactions,0
8271,disturbances,B1,Daily_Life,General_Interactions,0
8272,disturbing,B1,Daily_Life,General_Interactions,0
8273,ditch,B1,Daily_Life,General_Interactions,0
8274,dive,B1,Daily_Life,General_Interactions,0
8275,dived,B1,Daily_Life,General_Interactions,0
8276,diver,B1,Daily_Life,General_Interactions,0
8277,diverge,B1,Daily_Life,General_Interactions,0
8278,divergence,B1,Daily_Life,General_Interactions,0
8279,diversification,B1,Daily_Life,General_Interactions,0
8280,diversified,B1,Daily_Life,General_Interactions,0
8281,diversify,B1,Daily_Life,General_Interactions,0
8282,diversity,B1,Daily_Life,General_Interactions,0
8283,divert,B1,Daily_Life,General_Interactions,0
8284,diverted,B1,Daily_Life,General_Interactions,0
8285,divest,B1,Daily_Life,General_Interactions,0
8286,divide,B1,Daily_Life,General_Interactions,0
8287,divided,B1,Daily_Life,General_Interactions,0
8288,divided opinions,B1,Communication_Media_Arts,Opinion_Discussion,0
8289,dividing,B1,Daily_Life,General_Interactions,0
8290,divine,B1,Daily_Life,General_Interactions,0
8291,division,B1,Daily_Life,General_Interactions,0
8292,divisional,B1,Daily_Life,General_Interactions,0
8293,divisions,B1,Daily_Life,General_Interactions,0
8294,divorce,B1,Daily_Life,General_Interactions,0
8295,divulge,B1,Daily_Life,General_Interactions,0
8296,divulge a secret,B1,Daily_Life,General_Interactions,0
8297,divulge a source,B1,Daily_Life,General_Interactions,0
8298,do a job-share,B1,Business_Finance_Economy,Jobs_Careers,0
8299,do a survey,B1,Daily_Life,General_Interactions,0
8300,do extreme sports,B1,Health_Medicine,Fitness_Exercise,0
8301,do plenty of exercise,B1,Health_Medicine,Fitness_Exercise,0
8302,do the sights,B1,Daily_Life,General_Interactions,0
8303,do work,B1,Business_Finance_Economy,Jobs_Careers,0
8304,dock,B1,Daily_Life,General_Interactions,0
8305,doctrinaire,B1,Technology_Digital,Artificial_Intelligence,0
8306,doctrine,B1,Daily_Life,General_Interactions,0
8307,document,B1,Daily_Life,General_Interactions,0
8308,documentary,B1,Daily_Life,General_Interactions,0
8309,documenting,B1,Daily_Life,General_Interactions,0
8310,documents,B1,Daily_Life,General_Interactions,0
8311,dodge the question,B1,Education,Classroom_Interaction,0
8312,doesnt,B1,Daily_Life,General_Interactions,0
8313,dog,B1,Daily_Life,General_Interactions,0
8314,dogged,B1,Daily_Life,General_Interactions,0
8315,dogma,B1,Daily_Life,General_Interactions,0
8316,doleful,B1,Daily_Life,General_Interactions,0
8317,dollop of cream,B1,Daily_Life,General_Interactions,0
8318,dolt,B1,Daily_Life,General_Interactions,0
8319,domain,B1,Technology_Digital,Artificial_Intelligence,0
8320,domestic,B1,Daily_Life,General_Interactions,0
8321,domestication,B1,Daily_Life,General_Interactions,0
8322,dominance,B1,Daily_Life,General_Interactions,0
8323,dominated,B1,Daily_Life,General_Interactions,0
8324,dominion,B1,Daily_Life,General_Interactions,0
8325,donate,B1,Daily_Life,General_Interactions,0
8326,donations,B1,Daily_Life,General_Interactions,0
8327,doom,B1,Daily_Life,General_Interactions,0
8328,door,B1,Daily_Life,General_Interactions,0
8329,dorm,B1,Daily_Life,General_Interactions,0
8330,dossier,B1,Daily_Life,General_Interactions,0
8331,dote,B1,Daily_Life,General_Interactions,0
8332,dotted,B1,Daily_Life,General_Interactions,0
8333,double,B1,Daily_Life,General_Interactions,0
8334,doubled,B1,Daily_Life,General_Interactions,0
8335,dour,B1,Daily_Life,General_Interactions,0
8336,dowdy,B1,Daily_Life,General_Interactions,0
8337,download an app,B1,Technology_Digital,Software_Internet,0
8338,downloads,B1,Technology_Digital,Software_Internet,0
8339,downright disgrace,B1,Society_Law_Politics,Law_Crime,0
8340,downright rude,B1,Society_Law_Politics,Law_Crime,0
8341,downtime,B1,Daily_Life,Time_Management,0
8342,downtown,B1,Daily_Life,General_Interactions,0
8343,downward,B1,Society_Law_Politics,Law_Crime,0
8344,dozen,B1,Daily_Life,General_Interactions,0
8345,draconian measures,B1,Daily_Life,General_Interactions,0
8346,draft,B1,Daily_Life,General_Interactions,0
8347,drag,B1,Daily_Life,General_Interactions,0
8348,dragged,B1,Daily_Life,General_Interactions,0
8349,drain,B1,Technology_Digital,Artificial_Intelligence,0
8350,drama,B1,Daily_Life,General_Interactions,0
8351,dramatic change,B1,Daily_Life,General_Interactions,0
8352,dramatic shift,B1,Daily_Life,General_Interactions,0
8353,dramatically,B1,Daily_Life,General_Interactions,0
8354,drastic,B1,Daily_Life,General_Interactions,0
8355,drastically,B1,Daily_Life,General_Interactions,0
8356,draw,B1,Communication_Media_Arts,Speaking_Expressions,0
8357,draw a between comparison,B1,Communication_Media_Arts,Speaking_Expressions,0
8358,draw a comparison between,B1,Communication_Media_Arts,Speaking_Expressions,0
8359,draw up a contract,B1,Psychology_Emotions,Behavior,0
8360,draw up a list,B1,Communication_Media_Arts,Speaking_Expressions,0
8361,draw up a schedule,B1,Daily_Life,Routine_Activities,0
8362,drawback,B1,Communication_Media_Arts,Speaking_Expressions,0
8363,drawbacks,B1,Communication_Media_Arts,Speaking_Expressions,0
8364,drawing,B1,Communication_Media_Arts,Speaking_Expressions,0
8365,drawl,B1,Communication_Media_Arts,Speaking_Expressions,0
8366,drawn,B1,Communication_Media_Arts,Speaking_Expressions,0
8367,dreadful,B1,Communication_Media_Arts,Speaking_Expressions,0
8368,dream,B1,Daily_Life,General_Interactions,0
8369,dream comes true,B1,Daily_Life,General_Interactions,0
8370,dregs,B1,Daily_Life,General_Interactions,0
8371,dressed,B1,Daily_Life,General_Interactions,0
8372,dressing,B1,Communication_Media_Arts,Speaking_Expressions,0
8373,dribble,B1,Daily_Life,General_Interactions,0
8374,dried,B1,Daily_Life,General_Interactions,0
8375,drier,B1,Daily_Life,General_Interactions,0
8376,driest,B1,Daily_Life,General_Interactions,0
8377,drift,B1,Daily_Life,General_Interactions,0
8378,drill,B1,Health_Medicine,Healthcare_Hospital,0
8379,drilled,B1,Health_Medicine,Healthcare_Hospital,0
8380,drinking,B1,Daily_Life,General_Interactions,0
8381,dripped,B1,Daily_Life,General_Interactions,0
8382,drive,B1,Psychology_Emotions,Motivation,0
8383,drive recklessly,B1,Psychology_Emotions,Motivation,0
8384,drive someone crazy,B1,Psychology_Emotions,Motivation,0
8385,drivel,B1,Psychology_Emotions,Motivation,0
8386,driven,B1,Psychology_Emotions,Motivation,0
8387,driver,B1,Psychology_Emotions,Motivation,0
8388,driving,B1,Travel_Transportation,Road_Travel,0
8389,droll,B1,Daily_Life,General_Interactions,0
8390,drop of brandy,B1,Daily_Life,General_Interactions,0
8391,drop someone an email,B1,Technology_Digital,Software_Internet,0
8392,drop the subject,B1,Daily_Life,General_Interactions,0
8393,droplets,B1,Daily_Life,General_Interactions,0
8394,dropped,B1,Daily_Life,General_Interactions,0
8395,dropping,B1,Daily_Life,General_Interactions,0
8396,dross,B1,Daily_Life,General_Interactions,0
8397,drown,B1,Daily_Life,General_Interactions,0
8398,drudgery,B1,Daily_Life,General_Interactions,0
8399,drug,B1,Health_Medicine,Healthcare_Hospital,0
8400,drugstore,B1,Daily_Life,Shopping_Everyday,0
8401,drum up support,B1,Daily_Life,General_Interactions,0
8402,dry,B1,Daily_Life,General_Interactions,0
8403,dual,B1,Daily_Life,General_Interactions,0
8404,dubious,B1,Daily_Life,General_Interactions,0
8405,due,B1,Daily_Life,General_Interactions,0
8406,duel,B1,Daily_Life,General_Interactions,0
8407,dug,B1,Daily_Life,General_Interactions,0
8408,dulcet,B1,Daily_Life,General_Interactions,0
8409,duller,B1,Daily_Life,General_Interactions,0
8410,dumbfound,B1,Daily_Life,General_Interactions,0
8411,dump waste,B1,Daily_Life,General_Interactions,0
8412,dupe,B1,Daily_Life,General_Interactions,0
8413,duplicate,B1,Daily_Life,General_Interactions,0
8414,duplicated,B1,Daily_Life,General_Interactions,0
8415,duplicity,B1,Daily_Life,General_Interactions,0
8416,duration,B1,Daily_Life,General_Interactions,0
8417,dutiful,B1,Daily_Life,General_Interactions,0
8418,duty,B1,Daily_Life,General_Interactions,0
8419,dwell,B1,Daily_Life,General_Interactions,0
8420,dwindle,B1,Daily_Life,General_Interactions,0
8421,dyed,B1,Daily_Life,General_Interactions,0
8422,dying,B1,Daily_Life,General_Interactions,0
8423,dynamics,B1,Daily_Life,General_Interactions,0
8424,eager,B1,Daily_Life,General_Interactions,0
8425,eager anticipation,B1,Daily_Life,General_Interactions,0
8426,earlier,B1,Daily_Life,General_Interactions,0
8427,earliest,B1,Daily_Life,General_Interactions,0
8428,early,B1,Daily_Life,General_Interactions,0
8429,earn,B1,Daily_Life,General_Interactions,0
8430,earn a good living,B1,Daily_Life,General_Interactions,0
8431,earned,B1,Daily_Life,General_Interactions,0
8432,earnest,B1,Daily_Life,General_Interactions,0
8433,earning,B1,Daily_Life,General_Interactions,0
8434,earpiece,B1,Daily_Life,General_Interactions,0
8435,earth,B1,Communication_Media_Arts,Arts_Creativity,0
8436,earthly,B1,Communication_Media_Arts,Arts_Creativity,0
8437,ease,B1,Daily_Life,General_Interactions,0
8438,ease traffic congestion,B1,Travel_Transportation,Road_Travel,0
8439,easier,B1,Daily_Life,General_Interactions,0
8440,easily,B1,Daily_Life,General_Interactions,0
8441,east,B1,Daily_Life,General_Interactions,0
8442,eastern,B1,Daily_Life,General_Interactions,0
8443,eastward,B1,Society_Law_Politics,Law_Crime,0
8444,easy,B1,Daily_Life,General_Interactions,0
8445,easy option,B1,Daily_Life,General_Interactions,0
8446,eaten,B1,Health_Medicine,Healthcare_Hospital,0
8447,eating,B1,Health_Medicine,Healthcare_Hospital,0
8448,ebb,B1,Daily_Life,General_Interactions,0
8449,ebullient,B1,Daily_Life,General_Interactions,0
8450,eccentric,B1,Daily_Life,General_Interactions,0
8451,echelon,B1,Daily_Life,General_Interactions,0
8452,echo,B1,Daily_Life,General_Interactions,0
8453,echolocation,B1,Travel_Transportation,Navigation_Directions,0
8454,eclipse,B1,Daily_Life,General_Interactions,0
8455,eco-friendly,B1,Daily_Life,General_Interactions,0
8456,eco-friendly design,B1,Communication_Media_Arts,Arts_Creativity,0
8457,ecological,B1,Daily_Life,General_Interactions,0
8458,economic,B1,Daily_Life,General_Interactions,0
8459,economically,B1,Daily_Life,General_Interactions,0
8460,economies,B1,Daily_Life,General_Interactions,0
8461,economists,B1,Daily_Life,General_Interactions,0
8462,economy,B1,Business_Finance_Economy,Economy_Markets,0
8463,ecosystem,B1,Science_Nature,Biology_Life_Sciences,0
8464,ecosystems,B1,Science_Nature,Biology_Life_Sciences,0
8465,ecstasy,B1,Daily_Life,General_Interactions,0
8466,edge,B1,Daily_Life,General_Interactions,0
8467,edible,B1,Daily_Life,General_Interactions,0
8468,edify,B1,Daily_Life,General_Interactions,0
8469,edinburgh,B1,Daily_Life,General_Interactions,0
8470,edit,B1,Daily_Life,General_Interactions,0
8471,educate,B1,Daily_Life,General_Interactions,0
8472,educated,B1,Daily_Life,General_Interactions,0
8473,education,B1,Education,Learning_Skills,0
8474,educational,B1,Education,Learning_Skills,0
8475,educator,B1,Daily_Life,General_Interactions,0
8476,eerie,B1,Daily_Life,General_Interactions,0
8477,efface,B1,Daily_Life,General_Interactions,0
8478,effect,B1,Daily_Life,General_Interactions,0
8479,effective,B1,Daily_Life,General_Interactions,0
8480,effectively,B1,Daily_Life,General_Interactions,0
8481,effeminate,B1,Daily_Life,General_Interactions,0
8482,effervescent,B1,Daily_Life,General_Interactions,0
8483,efficacy,B1,Daily_Life,General_Interactions,0
8484,effigy,B1,Daily_Life,General_Interactions,0
8485,effluvium,B1,Daily_Life,General_Interactions,0
8486,effort,B1,Daily_Life,General_Interactions,0
8487,efforts,B1,Daily_Life,General_Interactions,0
8488,effrontery,B1,Daily_Life,General_Interactions,0
8489,effulgence,B1,Daily_Life,General_Interactions,0
8490,effusive,B1,Daily_Life,General_Interactions,0
8491,egg,B1,Daily_Life,General_Interactions,0
8492,egg-shaped,B1,Daily_Life,General_Interactions,0
8493,eggshell,B1,Daily_Life,General_Interactions,0
8494,egotistical,B1,Daily_Life,General_Interactions,0
8495,egregious,B1,Daily_Life,General_Interactions,0
8496,egyptian,B1,Daily_Life,General_Interactions,0
8497,eighth,B1,Daily_Life,General_Interactions,0
8498,either,B1,Daily_Life,General_Interactions,0
8499,ejaculate,B1,Daily_Life,General_Interactions,0
8500,elaboration,B1,Science_Nature,Natural_Phenomena,0
8501,elapse,B1,Daily_Life,General_Interactions,0
8502,elapsed,B1,Daily_Life,General_Interactions,0
8503,elastic,B1,Daily_Life,General_Interactions,0
8504,elasticity,B1,Daily_Life,General_Interactions,0
8505,elated,B1,Daily_Life,General_Interactions,0
8506,election,B1,Society_Law_Politics,Government_Politics,0
8507,electric,B1,Daily_Life,General_Interactions,0
8508,electrical,B1,Daily_Life,General_Interactions,0
8509,electricity,B1,Daily_Life,General_Interactions,0
8510,electromagnetic,B1,Daily_Life,General_Interactions,0
8511,electronic,B1,Daily_Life,General_Interactions,0
8512,electronics,B1,Daily_Life,General_Interactions,0
8513,electrons,B1,Daily_Life,General_Interactions,0
8514,elegy,B1,Daily_Life,General_Interactions,0
8515,elements,B1,Daily_Life,General_Interactions,0
8516,elevate,B1,Daily_Life,General_Interactions,0
8517,elevated,B1,Daily_Life,General_Interactions,0
8518,eligible,B1,Daily_Life,General_Interactions,0
8519,elimination,B1,Daily_Life,General_Interactions,0
8520,elucidate,B1,Daily_Life,General_Interactions,0
8521,elusive,B1,Daily_Life,General_Interactions,0
8522,emaciated,B1,Daily_Life,General_Interactions,0
8523,email,B1,Technology_Digital,Software_Internet,0
8524,emanate,B1,Daily_Life,General_Interactions,0
8525,emancipate,B1,Daily_Life,General_Interactions,0
8526,embargo,B1,Daily_Life,General_Interactions,0
8527,embark,B1,Daily_Life,General_Interactions,0
8528,embed,B1,Daily_Life,General_Interactions,0
8529,embellish,B1,Daily_Life,General_Interactions,0
8530,embellishing,B1,Daily_Life,General_Interactions,0
8531,embezzle,B1,Daily_Life,General_Interactions,0
8532,embrace,B1,Daily_Life,General_Interactions,0
8533,embroil,B1,Daily_Life,General_Interactions,0
8534,embryonic,B1,Daily_Life,General_Interactions,0
8535,emend,B1,Daily_Life,General_Interactions,0
8536,emerged,B1,Daily_Life,General_Interactions,0
8537,emergence,B1,Daily_Life,General_Interactions,0
8538,emergency,B1,Daily_Life,General_Interactions,0
8539,emergency meeting,B1,Daily_Life,General_Interactions,0
8540,emergent,B1,Daily_Life,General_Interactions,0
8541,emigrate,B1,Business_Finance_Economy,Economy_Markets,0
8542,eminent,B1,Daily_Life,General_Interactions,0
8543,emissary,B1,Daily_Life,General_Interactions,0
8544,emissions,B1,Daily_Life,General_Interactions,0
8545,emits,B1,Daily_Life,General_Interactions,0
8546,emollient,B1,Daily_Life,General_Interactions,0
8547,emolument,B1,Daily_Life,General_Interactions,0
8548,emotional,B1,Health_Medicine,Mental_Health,0
8549,empathy,B1,Daily_Life,General_Interactions,0
8550,emphasized,B1,Daily_Life,General_Interactions,0
8551,emphasizes,B1,Daily_Life,General_Interactions,0
8552,emphasizing,B1,Daily_Life,General_Interactions,0
8553,empire,B1,Daily_Life,General_Interactions,0
8554,empirical,B1,Daily_Life,General_Interactions,0
8555,employ,B1,Business_Finance_Economy,Business_Management,0
8556,employed,B1,Business_Finance_Economy,Business_Management,0
8557,employment,B1,Business_Finance_Economy,Jobs_Careers,0
8558,empty,B1,Daily_Life,General_Interactions,0
8559,empty promise,B1,Daily_Life,General_Interactions,0
8560,enable,B1,Daily_Life,General_Interactions,0
8561,enabled,B1,Daily_Life,General_Interactions,0
8562,enabling,B1,Daily_Life,General_Interactions,0
8563,enactment,B1,Psychology_Emotions,Behavior,0
8564,encapsulate,B1,Daily_Life,General_Interactions,0
8565,enchant,B1,Daily_Life,General_Interactions,0
8566,enclose,B1,Daily_Life,General_Interactions,0
8567,encoding,B1,Daily_Life,General_Interactions,0
8568,encompasses,B1,Education,Exams_Assessments,0
8569,encore,B1,Daily_Life,General_Interactions,0
8570,encounter,B1,Daily_Life,General_Interactions,0
8571,encounter a difficulty,B1,Daily_Life,General_Interactions,0
8572,encounters,B1,Daily_Life,General_Interactions,0
8573,encourages,B1,Daily_Life,General_Interactions,0
8574,encroach,B1,Daily_Life,General_Interactions,0
8575,encryption,B1,Technology_Digital,Cybersecurity,0
8576,encumber,B1,Daily_Life,General_Interactions,0
8577,encyclopaedic knowledge,B1,Education,Learning_Skills,0
8578,encyclopedic knowledge,B1,Education,Learning_Skills,0
8579,end,B1,Daily_Life,General_Interactions,0
8580,endangered,B1,Daily_Life,General_Interactions,0
8581,endeavor,B1,Daily_Life,General_Interactions,0
8582,endeavors,B1,Daily_Life,General_Interactions,0
8583,ended,B1,Daily_Life,General_Interactions,0
8584,endemic,B1,Daily_Life,General_Interactions,0
8585,endings,B1,Daily_Life,General_Interactions,0
8586,endless supply,B1,Business_Finance_Economy,Economy_Markets,0
8587,endow,B1,Daily_Life,General_Interactions,0
8588,endowed,B1,Daily_Life,General_Interactions,0
8589,endowing,B1,Daily_Life,General_Interactions,0
8590,endured,B1,Daily_Life,General_Interactions,0
8591,enduring,B1,Daily_Life,General_Interactions,0
8592,enemy,B1,Daily_Life,General_Interactions,0
8593,energize,B1,Daily_Life,General_Interactions,0
8594,energy,B1,Science_Nature,Physics_Chemistry,0
8595,enervate,B1,Daily_Life,General_Interactions,0
8596,enforce,B1,Science_Nature,Physics_Chemistry,0
8597,enforcement,B1,Science_Nature,Physics_Chemistry,0
8598,enfranchise,B1,Daily_Life,General_Interactions,0
8599,engage,B1,Daily_Life,General_Interactions,0
8600,engage in hostilities,B1,Daily_Life,General_Interactions,0
8601,engage someone in conversation,B1,Communication_Media_Arts,Speaking_Expressions,0
8602,engage with customers,B1,Daily_Life,Shopping_Everyday,0
8603,engagement,B1,Daily_Life,General_Interactions,0
8604,engaging,B1,Daily_Life,General_Interactions,0
8605,engine,B1,Daily_Life,General_Interactions,0
8606,engineer,B1,Daily_Life,General_Interactions,0
8607,engineering,B1,Daily_Life,General_Interactions,0
8608,engineering works,B1,Business_Finance_Economy,Jobs_Careers,0
8609,engineers,B1,Daily_Life,General_Interactions,0
8610,english,B1,Daily_Life,General_Interactions,0
8611,engraved,B1,Daily_Life,General_Interactions,0
8612,engulf,B1,Daily_Life,General_Interactions,0
8613,enhanced,B1,Daily_Life,General_Interactions,0
8614,enhances,B1,Daily_Life,General_Interactions,0
8615,enhancing,B1,Daily_Life,General_Interactions,0
8616,enigma,B1,Daily_Life,General_Interactions,0
8617,enigmatic,B1,Daily_Life,General_Interactions,0
8618,enjoin,B1,Daily_Life,General_Interactions,0
8619,enjoy,B1,Psychology_Emotions,Feelings_Emotions,0
8620,enjoy good health,B1,Psychology_Emotions,Feelings_Emotions,0
8621,enjoyable,B1,Psychology_Emotions,Feelings_Emotions,0
8622,enjoyed,B1,Psychology_Emotions,Feelings_Emotions,0
8623,enjoys,B1,Psychology_Emotions,Feelings_Emotions,0
8624,enlarged,B1,Daily_Life,General_Interactions,0
8625,enlarging,B1,Daily_Life,General_Interactions,0
8626,enlist,B1,Daily_Life,General_Interactions,0
8627,enlist help,B1,Daily_Life,General_Interactions,0
8628,enmity,B1,Daily_Life,General_Interactions,0
8629,ennui,B1,Daily_Life,General_Interactions,0
8630,enormity,B1,Daily_Life,General_Interactions,0
8631,enough,B1,Daily_Life,General_Interactions,0
8632,enrage,B1,Daily_Life,General_Interactions,0
8633,enroll,B1,Education,Academic_Study,0
8634,enrolling,B1,Education,Academic_Study,0
8635,ensconce,B1,Daily_Life,General_Interactions,0
8636,ensemble,B1,Daily_Life,General_Interactions,0
8637,enshrine,B1,Daily_Life,General_Interactions,0
8638,ensnare,B1,Daily_Life,General_Interactions,0
8639,ensue,B1,Daily_Life,General_Interactions,0
8640,ensuing,B1,Daily_Life,General_Interactions,0
8641,ensure,B1,Daily_Life,General_Interactions,0
8642,ensures,B1,Daily_Life,General_Interactions,0
8643,entail,B1,Technology_Digital,Artificial_Intelligence,0
8644,enter,B1,Daily_Life,General_Interactions,0
8645,enter into a contract,B1,Psychology_Emotions,Behavior,0
8646,enter into a discussion,B1,Education,Classroom_Interaction,0
8647,enter into an agreement,B1,Communication_Media_Arts,Opinion_Discussion,0
8648,enter into talks,B1,Education,Classroom_Interaction,0
8649,enter your pin,B1,Daily_Life,General_Interactions,0
8650,enter your pln,B1,Daily_Life,General_Interactions,0
8651,entered,B1,Daily_Life,General_Interactions,0
8652,entering,B1,Daily_Life,General_Interactions,0
8653,entertain,B1,Technology_Digital,Artificial_Intelligence,0
8654,entertainment,B1,Technology_Digital,Artificial_Intelligence,0
8655,enthrall,B1,Daily_Life,General_Interactions,0
8656,enthusiasm,B1,Daily_Life,General_Interactions,0
8657,enthusiastic,B1,Daily_Life,General_Interactions,0
8658,entice,B1,Daily_Life,General_Interactions,0
8659,entire,B1,Daily_Life,General_Interactions,0
8660,entirely dependent,B1,Daily_Life,General_Interactions,0
8661,entirely different,B1,Daily_Life,Home_Housing,0
8662,entirely separate,B1,Business_Finance_Economy,Economy_Markets,0
8663,entitle,B1,Daily_Life,General_Interactions,0
8664,entity,B1,Daily_Life,General_Interactions,0
8665,entomology,B1,Daily_Life,General_Interactions,0
8666,entourage,B1,Travel_Transportation,Road_Travel,0
8667,entreat,B1,Health_Medicine,Healthcare_Hospital,0
8668,entrenched,B1,Daily_Life,General_Interactions,0
8669,entrepreneur,B1,Business_Finance_Economy,Business_Management,0
8670,entry,B1,Daily_Life,General_Interactions,0
8671,enumerate,B1,Business_Finance_Economy,Economy_Markets,0
8672,enunciate,B1,Daily_Life,General_Interactions,0
8673,environmental,B1,Health_Medicine,Mental_Health,0
8674,environmental catastrophe,B1,Health_Medicine,Mental_Health,0
8675,environments,B1,Science_Nature,Environment_Ecology,0
8676,envisage,B1,Travel_Transportation,Road_Travel,0
8677,envision,B1,Daily_Life,General_Interactions,0
8678,enzyme,B1,Daily_Life,General_Interactions,0
8679,ephemeral,B1,Daily_Life,General_Interactions,0
8680,epic,B1,Daily_Life,General_Interactions,0
8681,epic proportions,B1,Daily_Life,General_Interactions,0
8682,epicure,B1,Health_Medicine,Illness_Diseases,0
8683,epidemic,B1,Daily_Life,General_Interactions,0
8684,epigram,B1,Daily_Life,General_Interactions,0
8685,epilogue,B1,Daily_Life,General_Interactions,0
8686,episode,B1,Daily_Life,General_Interactions,0
8687,episodes,B1,Daily_Life,General_Interactions,0
8688,episodic,B1,Daily_Life,General_Interactions,0
8689,epistle,B1,Daily_Life,General_Interactions,0
8690,epitaph,B1,Daily_Life,General_Interactions,0
8691,epithet,B1,Daily_Life,General_Interactions,0
8692,epitome,B1,Daily_Life,General_Interactions,0
8693,epitomize,B1,Daily_Life,General_Interactions,0
8694,epoch,B1,Daily_Life,General_Interactions,0
8695,equable,B1,Daily_Life,General_Interactions,0
8696,equal,B1,Daily_Life,General_Interactions,0
8697,equally,B1,Daily_Life,General_Interactions,0
8698,equanimity,B1,Daily_Life,General_Interactions,0
8699,equate,B1,Daily_Life,General_Interactions,0
8700,equestrian,B1,Daily_Life,General_Interactions,0
8701,equilibrium,B1,Daily_Life,General_Interactions,0
8702,equine,B1,Daily_Life,General_Interactions,0
8703,equip,B1,Daily_Life,General_Interactions,0
8704,equipment,B1,Daily_Life,General_Interactions,0
8705,equipped,B1,Daily_Life,General_Interactions,0
8706,equitable,B1,Daily_Life,General_Interactions,0
8707,equivalent,B1,Daily_Life,General_Interactions,0
8708,equivocal,B1,Daily_Life,General_Interactions,0
8709,era,B1,Daily_Life,General_Interactions,0
8710,eradicate,B1,Daily_Life,General_Interactions,0
8711,erect,B1,Daily_Life,General_Interactions,0
8712,erected,B1,Daily_Life,General_Interactions,0
8713,eroded,B1,Daily_Life,General_Interactions,0
8714,erotic,B1,Daily_Life,General_Interactions,0
8715,err,B1,Daily_Life,General_Interactions,0
8716,errant,B1,Daily_Life,General_Interactions,0
8717,errol on a course,B1,Education,University_School,0
8718,erroneous,B1,Daily_Life,General_Interactions,0
8719,error,B1,Daily_Life,General_Interactions,0
8720,error of judgement,B1,Society_Law_Politics,Law_Crime,0
8721,error-correcting,B1,Daily_Life,General_Interactions,0
8722,escalate,B1,Daily_Life,General_Interactions,0
8723,escalated,B1,Daily_Life,General_Interactions,0
8724,escape,B1,Daily_Life,General_Interactions,0
8725,escape punishment,B1,Daily_Life,General_Interactions,0
8726,escaped,B1,Daily_Life,General_Interactions,0
8727,escaping,B1,Daily_Life,General_Interactions,0
8728,eschew,B1,Daily_Life,General_Interactions,0
8729,esoteric,B1,Daily_Life,General_Interactions,0
8730,especially,B1,Daily_Life,General_Interactions,0
8731,espouse,B1,Daily_Life,General_Interactions,0
8732,essential,B1,Daily_Life,General_Interactions,0
8733,essentially,B1,Daily_Life,General_Interactions,0
8734,establish,B1,Daily_Life,General_Interactions,0
8735,establish a cause,B1,Daily_Life,General_Interactions,0
8736,establish a good relationship,B1,Daily_Life,General_Interactions,0
8737,establish communication,B1,Communication_Media_Arts,Speaking_Expressions,0
8738,established,B1,Daily_Life,General_Interactions,0
8739,establishes,B1,Daily_Life,General_Interactions,0
8740,establishment,B1,Daily_Life,General_Interactions,0
8741,esteem,B1,Daily_Life,General_Interactions,0
8742,estimable,B1,Daily_Life,General_Interactions,0
8743,estimate,B1,Daily_Life,General_Interactions,0
8744,estimation,B1,Daily_Life,General_Interactions,0
8745,estrange,B1,Daily_Life,General_Interactions,0
8746,eternal,B1,Daily_Life,General_Interactions,0
8747,ethic,B1,Daily_Life,General_Interactions,0
8748,ethical,B1,Daily_Life,General_Interactions,0
8749,ethics,B1,Daily_Life,General_Interactions,0
8750,ethnic,B1,Daily_Life,General_Interactions,0
8751,ethos,B1,Daily_Life,General_Interactions,0
8752,etiquette,B1,Daily_Life,General_Interactions,0
8753,etymology,B1,Daily_Life,General_Interactions,0
8754,eulogize,B1,Daily_Life,General_Interactions,0
8755,euphemism,B1,Daily_Life,General_Interactions,0
8756,euphonious,B1,Daily_Life,General_Interactions,0
8757,euphoria,B1,Daily_Life,General_Interactions,0
8758,euphoric,B1,Daily_Life,General_Interactions,0
8759,europe,B1,Daily_Life,General_Interactions,0
8760,european,B1,Daily_Life,General_Interactions,0
8761,euthanasia,B1,Daily_Life,General_Interactions,0
8762,evaluate,B1,Daily_Life,General_Interactions,0
8763,evaluating,B1,Daily_Life,General_Interactions,0
8764,evaluation,B1,Daily_Life,General_Interactions,0
8765,evanescent,B1,Daily_Life,General_Interactions,0
8766,evaporation,B1,Daily_Life,General_Interactions,0
8767,evasive,B1,Daily_Life,General_Interactions,0
8768,event marks,B1,Daily_Life,General_Interactions,0
8769,events,B1,Daily_Life,General_Interactions,0
8770,eventual,B1,Daily_Life,General_Interactions,0
8771,ever-shifting,B1,Daily_Life,General_Interactions,0
8772,evergreen,B1,Science_Nature,Environment_Ecology,0
8773,everlasting,B1,Daily_Life,General_Interactions,0
8774,everybody,B1,Daily_Life,General_Interactions,0
8775,everyday,B1,Daily_Life,Routine_Activities,0
8776,everyone,B1,Daily_Life,General_Interactions,0
8777,everything,B1,Daily_Life,General_Interactions,0
8778,everywhere,B1,Daily_Life,General_Interactions,0
8779,evict,B1,Daily_Life,General_Interactions,0
8780,evidence,B1,Daily_Life,General_Interactions,0
8781,evidence emerges,B1,Daily_Life,General_Interactions,0
8782,evil,B1,Daily_Life,General_Interactions,0
8783,evince,B1,Daily_Life,General_Interactions,0
8784,evoke an atmosphere,B1,Daily_Life,General_Interactions,0
8785,evolutionary,B1,Science_Nature,Biology_Life_Sciences,0
8786,evolved,B1,Daily_Life,General_Interactions,0
8787,evolves,B1,Daily_Life,General_Interactions,0
8788,exacerbate,B1,Daily_Life,General_Interactions,0
8789,exact,B1,Psychology_Emotions,Behavior,0
8790,exact opposite,B1,Psychology_Emotions,Behavior,0
8791,exacting standards,B1,Psychology_Emotions,Behavior,0
8792,exactly,B1,Psychology_Emotions,Behavior,0
8793,exaggerated the recommended dose,B1,Business_Finance_Economy,Economy_Markets,0
8794,exaggeration,B1,Daily_Life,General_Interactions,0
8795,examination,B1,Education,Exams_Assessments,0
8796,examine,B1,Education,Exams_Assessments,0
8797,examines,B1,Education,Exams_Assessments,0
8798,example,B1,Education,Exams_Assessments,0
8799,exasperate,B1,Business_Finance_Economy,Economy_Markets,0
8800,excavate,B1,Daily_Life,General_Interactions,0
8801,excavation,B1,Daily_Life,General_Interactions,0
8802,exceed,B1,Daily_Life,General_Interactions,0
8803,exceed the recommended dose,B1,Daily_Life,General_Interactions,0
8804,excel,B1,Daily_Life,General_Interactions,0
8805,excellent,B1,Science_Nature,Biology_Life_Sciences,0
8806,exceptionally,B1,Daily_Life,General_Interactions,0
8807,excerpt,B1,Daily_Life,General_Interactions,0
8808,excess,B1,Daily_Life,General_Interactions,0
8809,excessive,B1,Daily_Life,General_Interactions,0
8810,exchange,B1,Daily_Life,General_Interactions,0
8811,exchange news,B1,Communication_Media_Arts,Media_Journalism,0
8812,exchange pleasantries,B1,Daily_Life,General_Interactions,0
8813,exchange rates fluctuate,B1,Business_Finance_Economy,Economy_Markets,0
8814,exchanged,B1,Daily_Life,General_Interactions,0
8815,exchanges,B1,Daily_Life,General_Interactions,0
8816,exchequer,B1,Daily_Life,General_Interactions,0
8817,excision,B1,Daily_Life,General_Interactions,0
8818,excite,B1,Daily_Life,General_Interactions,0
8819,excite speculation,B1,Daily_Life,General_Interactions,0
8820,excited,B1,Daily_Life,General_Interactions,0
8821,exclaim,B1,Technology_Digital,Artificial_Intelligence,0
8822,exclude,B1,Daily_Life,General_Interactions,0
8823,excluded,B1,Daily_Life,General_Interactions,0
8824,exclusion,B1,Daily_Life,General_Interactions,0
8825,exclusive beauty salon,B1,Daily_Life,General_Interactions,0
8826,excoriate,B1,Daily_Life,General_Interactions,0
8827,excrete,B1,Daily_Life,General_Interactions,0
8828,excruciatingly uncomfortable,B1,Daily_Life,General_Interactions,0
8829,exculpate,B1,Daily_Life,General_Interactions,0
8830,excursion,B1,Daily_Life,General_Interactions,0
8831,excursive,B1,Daily_Life,General_Interactions,0
8832,execute,B1,Daily_Life,General_Interactions,0
8833,executive,B1,Daily_Life,General_Interactions,0
8834,exegesis,B1,Daily_Life,General_Interactions,0
8835,exemplary,B1,Daily_Life,General_Interactions,0
8836,exempt,B1,Daily_Life,General_Interactions,0
8837,exercise,B1,Health_Medicine,Fitness_Exercise,0
8838,exercise authority,B1,Health_Medicine,Fitness_Exercise,0
8839,exercise greater control over,B1,Health_Medicine,Fitness_Exercise,0
8840,exercised,B1,Health_Medicine,Fitness_Exercise,0
8841,exercising,B1,Communication_Media_Arts,Speaking_Expressions,0
8842,exhale,B1,Daily_Life,General_Interactions,0
8843,exhausted,B1,Daily_Life,General_Interactions,0
8844,exhaustive,B1,Daily_Life,General_Interactions,0
8845,exhaustive account,B1,Business_Finance_Economy,Business_Management,0
8846,exhibited,B1,Daily_Life,General_Interactions,0
8847,exhibits,B1,Daily_Life,General_Interactions,0
8848,exhilarate,B1,Business_Finance_Economy,Economy_Markets,0
8849,exhort,B1,Daily_Life,General_Interactions,0
8850,exhume,B1,Daily_Life,General_Interactions,0
8851,exigent,B1,Daily_Life,General_Interactions,0
8852,exiguous,B1,Daily_Life,General_Interactions,0
8853,exile,B1,Daily_Life,General_Interactions,0
8854,exist,B1,Daily_Life,General_Interactions,0
8855,existed,B1,Daily_Life,General_Interactions,0
8856,existential,B1,Daily_Life,General_Interactions,0
8857,exit,B1,Daily_Life,General_Interactions,0
8858,exodus,B1,Daily_Life,General_Interactions,0
8859,exonerate,B1,Business_Finance_Economy,Economy_Markets,0
8860,exorbitant,B1,Daily_Life,General_Interactions,0
8861,exorcise,B1,Daily_Life,General_Interactions,0
8862,exosystem,B1,Technology_Digital,Software_Internet,0
8863,expand,B1,Daily_Life,General_Interactions,0
8864,expandable,B1,Daily_Life,General_Interactions,0
8865,expanded,B1,Daily_Life,General_Interactions,0
8866,expanding,B1,Daily_Life,General_Interactions,0
8867,expands,B1,Daily_Life,General_Interactions,0
8868,expanse,B1,Daily_Life,General_Interactions,0
8869,expatriate,B1,Daily_Life,General_Interactions,0
8870,expect,B1,Daily_Life,General_Interactions,0
8871,expectation,B1,Daily_Life,General_Interactions,0
8872,expectations,B1,Daily_Life,General_Interactions,0
8873,expectorate,B1,Business_Finance_Economy,Economy_Markets,0
8874,expediency,B1,Daily_Life,General_Interactions,0
8875,expedient,B1,Daily_Life,General_Interactions,0
8876,expedite,B1,Daily_Life,General_Interactions,0
8877,expend,B1,Daily_Life,General_Interactions,0
8878,expendable,B1,Daily_Life,General_Interactions,0
8879,expenditure,B1,Daily_Life,General_Interactions,0
8880,expense,B1,Business_Finance_Economy,Business_Management,0
8881,experience a decline,B1,Daily_Life,General_Interactions,0
8882,experience a fall,B1,Daily_Life,General_Interactions,0
8883,experience a growth,B1,Daily_Life,General_Interactions,0
8884,experience a rise,B1,Daily_Life,General_Interactions,0
8885,experience a rising,B1,Communication_Media_Arts,Speaking_Expressions,0
8886,experience difficulties,B1,Daily_Life,General_Interactions,0
8887,experienced,B1,Daily_Life,General_Interactions,0
8888,experiences,B1,Daily_Life,General_Interactions,0
8889,experiencing,B1,Daily_Life,General_Interactions,0
8890,expert,B1,Daily_Life,General_Interactions,0
8891,expertise,B1,Daily_Life,General_Interactions,0
8892,experts,B1,Daily_Life,General_Interactions,0
8893,expiate,B1,Daily_Life,General_Interactions,0
8894,expire,B1,Daily_Life,General_Interactions,0
8895,explain,B1,Technology_Digital,Artificial_Intelligence,0
8896,explained,B1,Technology_Digital,Artificial_Intelligence,0
8897,explains,B1,Technology_Digital,Artificial_Intelligence,0
8898,explanations,B1,Daily_Life,General_Interactions,0
8899,explicit,B1,Daily_Life,General_Interactions,0
8900,explode,B1,Daily_Life,General_Interactions,0
8901,exploitation,B1,Daily_Life,General_Interactions,0
8902,exploited,B1,Daily_Life,General_Interactions,0
8903,exploiting,B1,Daily_Life,General_Interactions,0
8904,exploits,B1,Daily_Life,General_Interactions,0
8905,exploration,B1,Daily_Life,General_Interactions,0
8906,explore,B1,Daily_Life,General_Interactions,0
8907,explore different ways,B1,Daily_Life,Home_Housing,0
8908,explore ways,B1,Daily_Life,General_Interactions,0
8909,explorer,B1,Daily_Life,General_Interactions,0
8910,explores,B1,Daily_Life,General_Interactions,0
8911,exploring,B1,Daily_Life,General_Interactions,0
8912,explosion,B1,Daily_Life,General_Interactions,0
8913,exponent,B1,Daily_Life,General_Interactions,0
8914,export,B1,Daily_Life,General_Interactions,0
8915,exported,B1,Daily_Life,General_Interactions,0
8916,exports are five times greater than imports,B1,Daily_Life,Time_Management,0
8917,expose,B1,Daily_Life,General_Interactions,0
8918,exposed,B1,Daily_Life,General_Interactions,0
8919,exposes,B1,Daily_Life,General_Interactions,0
8920,expostulate,B1,Technology_Digital,Social_Media,0
8921,exposure,B1,Daily_Life,General_Interactions,0
8922,expound,B1,Daily_Life,General_Interactions,0
8923,express,B1,Communication_Media_Arts,Speaking_Expressions,0
8924,express admiration,B1,Communication_Media_Arts,Speaking_Expressions,0
8925,expressing,B1,Communication_Media_Arts,Speaking_Expressions,0
8926,expression,B1,Communication_Media_Arts,Speaking_Expressions,0
8927,expressly,B1,Communication_Media_Arts,Speaking_Expressions,0
8928,expunge,B1,Daily_Life,General_Interactions,0
8929,expurgate,B1,Daily_Life,General_Interactions,0
8930,exquisite,B1,Daily_Life,General_Interactions,0
8931,extant,B1,Daily_Life,General_Interactions,0
8932,extemporaneous,B1,Daily_Life,General_Interactions,0
8933,extend,B1,Daily_Life,General_Interactions,0
8934,extend opportunity,B1,Business_Finance_Economy,Entrepreneurship,0
8935,extend over spark,B1,Daily_Life,General_Interactions,0
8936,extended,B1,Daily_Life,General_Interactions,0
8937,extends,B1,Daily_Life,General_Interactions,0
8938,extensive knowledge,B1,Education,Learning_Skills,0
8939,extenuating,B1,Daily_Life,General_Interactions,0
8940,extenuating circumstances,B1,Daily_Life,General_Interactions,0
8941,exterior,B1,Daily_Life,General_Interactions,0
8942,exterminate,B1,Daily_Life,General_Interactions,0
8943,external,B1,Daily_Life,General_Interactions,0
8944,extinctions,B1,Daily_Life,General_Interactions,0
8945,extirpate,B1,Daily_Life,General_Interactions,0
8946,extol,B1,Daily_Life,General_Interactions,0
8947,extort,B1,Daily_Life,General_Interactions,0
8948,extracted,B1,Psychology_Emotions,Behavior,0
8949,extracurricular,B1,Daily_Life,General_Interactions,0
8950,extradite,B1,Daily_Life,General_Interactions,0
8951,extraneous,B1,Daily_Life,General_Interactions,0
8952,extraordinary,B1,Daily_Life,Routine_Activities,0
8953,extrapolate,B1,Daily_Life,General_Interactions,0
8954,extraterrestrial,B1,Business_Finance_Economy,Economy_Markets,0
8955,extreme,B1,Daily_Life,General_Interactions,0
8956,extremely,B1,Daily_Life,General_Interactions,0
8957,extricate,B1,Daily_Life,General_Interactions,0
8958,extrovert,B1,Psychology_Emotions,Personality,0
8959,exuberant,B1,Daily_Life,General_Interactions,0
8960,exudates,B1,Daily_Life,General_Interactions,0
8961,exude,B1,Daily_Life,General_Interactions,0
8962,exult,B1,Daily_Life,General_Interactions,0
8963,eye,B1,Daily_Life,General_Interactions,0
8964,eye-,B1,Daily_Life,General_Interactions,0
8965,fabrication,B1,Daily_Life,General_Interactions,0
8966,facade,B1,Daily_Life,General_Interactions,0
8967,face (up to) the facts,B1,Psychology_Emotions,Behavior,0
8968,face a grilling,B1,Health_Medicine,Healthcare_Hospital,0
8969,face a hike,B1,Daily_Life,General_Interactions,0
8970,face a problem,B1,Daily_Life,General_Interactions,0
8971,face severe weather conditions,B1,Science_Nature,Natural_Phenomena,0
8972,face the challenge,B1,Daily_Life,General_Interactions,0
8973,face the consequences,B1,Daily_Life,General_Interactions,0
8974,face the thought of,B1,Psychology_Emotions,Feelings_Emotions,0
8975,face trial,B1,Daily_Life,General_Interactions,0
8976,face-to-face,B1,Daily_Life,General_Interactions,0
8977,faced,B1,Daily_Life,General_Interactions,0
8978,faceless bureaucrats,B1,Daily_Life,General_Interactions,0
8979,facetious,B1,Daily_Life,General_Interactions,0
8980,facile,B1,Daily_Life,General_Interactions,0
8981,facilitated,B1,Daily_Life,General_Interactions,0
8982,facilitates,B1,Daily_Life,General_Interactions,0
8983,facility,B1,Daily_Life,General_Interactions,0
8984,facsimile,B1,Daily_Life,General_Interactions,0
8985,fact,B1,Psychology_Emotions,Behavior,0
8986,faction,B1,Psychology_Emotions,Behavior,0
8987,factious,B1,Psychology_Emotions,Behavior,0
8988,factitious,B1,Psychology_Emotions,Behavior,0
8989,factor,B1,Psychology_Emotions,Behavior,0
8990,factors,B1,Psychology_Emotions,Behavior,0
8991,factory,B1,Psychology_Emotions,Behavior,0
8992,factotum,B1,Psychology_Emotions,Behavior,0
8993,fade,B1,Daily_Life,General_Interactions,0
8994,faded,B1,Daily_Life,General_Interactions,0
8995,fail,B1,Education,Exams_Assessments,0
8996,failed,B1,Education,Exams_Assessments,0
8997,faint,B1,Technology_Digital,Artificial_Intelligence,0
8998,faintly ridiculous,B1,Technology_Digital,Artificial_Intelligence,0
8999,fair,B1,Technology_Digital,Artificial_Intelligence,0
9000,fair comment,B1,Technology_Digital,Artificial_Intelligence,0
9001,fair few,B1,Technology_Digital,Artificial_Intelligence,0
9002,fair number (of),B1,Technology_Digital,Artificial_Intelligence,0
9003,fairground,B1,Technology_Digital,Artificial_Intelligence,0
9004,fairness,B1,Technology_Digital,Artificial_Intelligence,0
9005,fairytale wedding,B1,Technology_Digital,Artificial_Intelligence,0
9006,faithful,B1,Technology_Digital,Artificial_Intelligence,0
9007,fake,B1,Daily_Life,General_Interactions,0
9008,fall,B1,Daily_Life,General_Interactions,0
9009,fall into a coma,B1,Daily_Life,General_Interactions,0
9010,fall into a pattern,B1,Daily_Life,General_Interactions,0
9011,fallacies,B1,Daily_Life,General_Interactions,0
9012,fallen,B1,Daily_Life,General_Interactions,0
9013,fallible,B1,Daily_Life,General_Interactions,0
9014,falling,B1,Daily_Life,General_Interactions,0
9015,fallow,B1,Daily_Life,General_Interactions,0
9016,false,B1,Daily_Life,General_Interactions,0
9017,falsify,B1,Daily_Life,General_Interactions,0
9018,falsify records,B1,Daily_Life,General_Interactions,0
9019,fame,B1,Daily_Life,General_Interactions,0
9020,familiar,B1,Daily_Life,General_Interactions,0
9021,familiarity,B1,Daily_Life,General_Interactions,0
9022,family gathering,B1,Daily_Life,General_Interactions,0
9023,famine,B1,Daily_Life,General_Interactions,0
9024,fanatic,B1,Daily_Life,General_Interactions,0
9025,fanciful,B1,Daily_Life,General_Interactions,0
9026,far,B1,Daily_Life,General_Interactions,0
9027,far-reaching,B1,Daily_Life,General_Interactions,0
9028,faraway,B1,Daily_Life,General_Interactions,0
9029,farce,B1,Daily_Life,General_Interactions,0
9030,fare,B1,Daily_Life,General_Interactions,0
9031,farm,B1,Daily_Life,General_Interactions,0
9032,farm-work,B1,Business_Finance_Economy,Jobs_Careers,0
9033,farmed,B1,Daily_Life,General_Interactions,0
9034,farmer,B1,Daily_Life,General_Interactions,0
9035,farming,B1,Daily_Life,General_Interactions,0
9036,farms,B1,Daily_Life,General_Interactions,0
9037,fascinating,B1,Daily_Life,General_Interactions,0
9038,fashion,B1,Daily_Life,General_Interactions,0
9039,fashion victim,B1,Daily_Life,General_Interactions,0
9040,fashionable,B1,Daily_Life,General_Interactions,0
9041,fast-food,B1,Health_Medicine,Nutrition_Diet,0
9042,fast-track scheme,B1,Daily_Life,General_Interactions,0
9043,faster,B1,Daily_Life,General_Interactions,0
9044,fastest,B1,Education,Exams_Assessments,0
9045,fastidious,B1,Daily_Life,General_Interactions,0
9046,fat,B1,Daily_Life,General_Interactions,0
9047,fat chance,B1,Daily_Life,General_Interactions,0
9048,fatal,B1,Daily_Life,General_Interactions,0
9049,fatalism,B1,Daily_Life,General_Interactions,0
9050,father,B1,Daily_Life,General_Interactions,0
9051,fathom,B1,Daily_Life,General_Interactions,0
9052,fatigue,B1,Daily_Life,General_Interactions,0
9053,fatuous,B1,Daily_Life,General_Interactions,0
9054,faults,B1,Daily_Life,General_Interactions,0
9055,fauna,B1,Daily_Life,General_Interactions,0
9056,favor,B1,Daily_Life,General_Interactions,0
9057,favored,B1,Daily_Life,General_Interactions,0
9058,favour,B1,Daily_Life,General_Interactions,0
9059,favourite,B1,Daily_Life,General_Interactions,0
9060,faze,B1,Daily_Life,General_Interactions,0
9061,fear,B1,Psychology_Emotions,Feelings_Emotions,0
9062,feared,B1,Psychology_Emotions,Feelings_Emotions,0
9063,fearing,B1,Psychology_Emotions,Feelings_Emotions,0
9064,feasibility,B1,Daily_Life,General_Interactions,0
9065,feasible alternative,B1,Daily_Life,General_Interactions,0
9066,feast,B1,Daily_Life,General_Interactions,0
9067,feat,B1,Health_Medicine,Healthcare_Hospital,0
9068,feathers,B1,Health_Medicine,Healthcare_Hospital,0
9069,feats,B1,Health_Medicine,Healthcare_Hospital,0
9070,featured,B1,Health_Medicine,Healthcare_Hospital,0
9071,features,B1,Health_Medicine,Healthcare_Hospital,0
9072,fecund,B1,Daily_Life,General_Interactions,0
9073,fed,B1,Daily_Life,General_Interactions,0
9074,federal,B1,Daily_Life,General_Interactions,0
9075,federation,B1,Daily_Life,General_Interactions,0
9076,fee,B1,Daily_Life,General_Interactions,0
9077,feeble excuse,B1,Daily_Life,General_Interactions,0
9078,feed,B1,Daily_Life,General_Interactions,0
9079,feeding,B1,Daily_Life,General_Interactions,0
9080,feel,B1,Psychology_Emotions,Feelings_Emotions,0
9081,feel peckish,B1,Psychology_Emotions,Feelings_Emotions,0
9082,feel the full effect,B1,Psychology_Emotions,Feelings_Emotions,0
9083,feel your age,B1,Psychology_Emotions,Feelings_Emotions,0
9084,feeling,B1,Psychology_Emotions,Feelings_Emotions,0
9085,feint,B1,Daily_Life,General_Interactions,0
9086,felicitous,B1,Daily_Life,General_Interactions,0
9087,fell,B1,Daily_Life,General_Interactions,0
9088,felon,B1,Daily_Life,General_Interactions,0
9089,felt,B1,Daily_Life,General_Interactions,0
9090,female,B1,Daily_Life,General_Interactions,0
9091,ferment,B1,Daily_Life,General_Interactions,0
9092,fern,B1,Daily_Life,General_Interactions,0
9093,ferocious,B1,Daily_Life,General_Interactions,0
9094,ferry,B1,Daily_Life,General_Interactions,0
9095,fertile imagination,B1,Daily_Life,General_Interactions,0
9096,fertility,B1,Daily_Life,General_Interactions,0
9097,fertilization,B1,Daily_Life,General_Interactions,0
9098,fertilizers,B1,Daily_Life,General_Interactions,0
9099,fervent,B1,Daily_Life,General_Interactions,0
9100,fervid,B1,Daily_Life,General_Interactions,0
9101,fervor,B1,Daily_Life,General_Interactions,0
9102,festal,B1,Daily_Life,General_Interactions,0
9103,fester,B1,Daily_Life,General_Interactions,0
9104,festival celebrates,B1,Business_Finance_Economy,Economy_Markets,0
9105,festival falls on,B1,Daily_Life,General_Interactions,0
9106,festival hold a,B1,Daily_Life,General_Interactions,0
9107,festival marks,B1,Daily_Life,General_Interactions,0
9108,festival observe a,B1,Daily_Life,General_Interactions,0
9109,festive mood,B1,Health_Medicine,Mental_Health,0
9110,festive season,B1,Daily_Life,General_Interactions,0
9111,festoon,B1,Daily_Life,General_Interactions,0
9112,feudalism,B1,Daily_Life,General_Interactions,0
9113,fever,B1,Daily_Life,General_Interactions,0
9114,few,B1,Daily_Life,General_Interactions,0
9115,fewer,B1,Daily_Life,General_Interactions,0
9116,fiasco,B1,Daily_Life,General_Interactions,0
9117,fiber,B1,Daily_Life,General_Interactions,0
9118,fibre,B1,Daily_Life,General_Interactions,0
9119,fickle,B1,Daily_Life,General_Interactions,0
9120,fiction,B1,Daily_Life,General_Interactions,0
9121,fictional,B1,Daily_Life,General_Interactions,0
9122,fictitious,B1,Daily_Life,General_Interactions,0
9123,fidelity,B1,Daily_Life,General_Interactions,0
9124,field questions,B1,Education,Classroom_Interaction,0
9125,fierce competition,B1,Daily_Life,General_Interactions,0
9126,fiercely,B1,Daily_Life,General_Interactions,0
9127,fight,B1,Daily_Life,General_Interactions,0
9128,fight for survival,B1,Daily_Life,General_Interactions,0
9129,fight for your life,B1,Science_Nature,Biology_Life_Sciences,0
9130,fighting,B1,Daily_Life,General_Interactions,0
9131,figurative,B1,Daily_Life,General_Interactions,0
9132,figure,B1,Daily_Life,General_Interactions,0
9133,figure out,B1,Daily_Life,General_Interactions,0
9134,figured,B1,Daily_Life,General_Interactions,0
9135,filch,B1,Daily_Life,General_Interactions,0
9136,file,B1,Daily_Life,General_Interactions,0
9137,file for divorce,B1,Daily_Life,General_Interactions,0
9138,filed,B1,Daily_Life,General_Interactions,0
9139,filial,B1,Daily_Life,General_Interactions,0
9140,fill,B1,Health_Medicine,Healthcare_Hospital,0
9141,fill someone with dread,B1,Health_Medicine,Healthcare_Hospital,0
9142,filled,B1,Health_Medicine,Healthcare_Hospital,0
9143,filling,B1,Health_Medicine,Healthcare_Hospital,0
9144,film,B1,Communication_Media_Arts,Arts_Creativity,0
9145,filter,B1,Daily_Life,General_Interactions,0
9146,filtered,B1,Daily_Life,General_Interactions,0
9147,filthy,B1,Daily_Life,General_Interactions,0
9148,fin,B1,Daily_Life,General_Interactions,0
9149,final,B1,Daily_Life,General_Interactions,0
9150,finale,B1,Daily_Life,General_Interactions,0
9151,finally,B1,Daily_Life,General_Interactions,0
9152,finance,B1,Business_Finance_Economy,Finance_Banking,0
9153,financial,B1,Business_Finance_Economy,Business_Management,0
9154,financial acumen,B1,Business_Finance_Economy,Business_Management,0
9155,find a solution,B1,Daily_Life,General_Interactions,0
9156,find guilty,B1,Daily_Life,General_Interactions,0
9157,find happiness,B1,Technology_Digital,Software_Internet,0
9158,find not guilty,B1,Daily_Life,General_Interactions,0
9159,find time,B1,Daily_Life,Time_Management,0
9160,finding,B1,Daily_Life,General_Interactions,0
9161,findings,B1,Daily_Life,General_Interactions,0
9162,fine,B1,Daily_Life,General_Interactions,0
9163,fine bone structure,B1,Daily_Life,General_Interactions,0
9164,fine lines,B1,Daily_Life,General_Interactions,0
9165,finish,B1,Daily_Life,General_Interactions,0
9166,finished,B1,Daily_Life,General_Interactions,0
9167,finite number,B1,Daily_Life,General_Interactions,0
9168,fire,B1,Daily_Life,General_Interactions,0
9169,fire someone's imagination,B1,Daily_Life,General_Interactions,0
9170,fired,B1,Daily_Life,General_Interactions,0
9171,firefighter,B1,Daily_Life,General_Interactions,0
9172,firm conviction,B1,Daily_Life,General_Interactions,0
9173,firm friends,B1,Daily_Life,General_Interactions,0
9174,firmer,B1,Daily_Life,General_Interactions,0
9175,first hand knowledge,B1,Education,Learning_Skills,0
9176,first-hand knowledge,B1,Education,Learning_Skills,0
9177,first-name,B1,Daily_Life,General_Interactions,0
9178,fiscal,B1,Daily_Life,General_Interactions,0
9179,fishermen,B1,Daily_Life,General_Interactions,0
9180,fishing,B1,Daily_Life,General_Interactions,0
9181,fit,B1,Health_Medicine,Healthcare_Hospital,0
9182,fit for purpose,B1,Psychology_Emotions,Motivation,0
9183,fit in with plans,B1,Health_Medicine,Healthcare_Hospital,0
9184,fit of jealousy,B1,Health_Medicine,Healthcare_Hospital,0
9185,fit the job description,B1,Business_Finance_Economy,Jobs_Careers,0
9186,fitness,B1,Health_Medicine,Fitness_Exercise,0
9187,fitted,B1,Health_Medicine,Healthcare_Hospital,0
9188,fitting,B1,Health_Medicine,Healthcare_Hospital,0
9189,fixed,B1,Daily_Life,General_Interactions,0
9190,fjords,B1,Daily_Life,General_Interactions,0
9191,flaccid,B1,Daily_Life,General_Interactions,0
9192,flag,B1,Daily_Life,General_Interactions,0
9193,flagrant,B1,Daily_Life,General_Interactions,0
9194,flair,B1,Technology_Digital,Artificial_Intelligence,0
9195,flake,B1,Daily_Life,General_Interactions,0
9196,flamboyant,B1,Daily_Life,General_Interactions,0
9197,flap,B1,Daily_Life,General_Interactions,0
9198,flash,B1,Daily_Life,General_Interactions,0
9199,flashing,B1,Daily_Life,General_Interactions,0
9200,flat-screen tv,B1,Technology_Digital,Devices_Hardware,0
9201,flatly contradict,B1,Daily_Life,General_Interactions,0
9202,flatly reject,B1,Daily_Life,General_Interactions,0
9203,flattened,B1,Daily_Life,General_Interactions,0
9204,flattery,B1,Daily_Life,General_Interactions,0
9205,flaunt,B1,Daily_Life,General_Interactions,0
9206,flavor,B1,Daily_Life,General_Interactions,0
9207,flavour,B1,Daily_Life,General_Interactions,0
9208,flavoured,B1,Daily_Life,General_Interactions,0
9209,flawed,B1,Society_Law_Politics,Law_Crime,0
9210,flawless complexion,B1,Society_Law_Politics,Law_Crime,0
9211,fledgling,B1,Daily_Life,General_Interactions,0
9212,flee,B1,Daily_Life,General_Interactions,0
9213,fleeing,B1,Daily_Life,General_Interactions,0
9214,fleet,B1,Daily_Life,General_Interactions,0
9215,fleeting,B1,Daily_Life,General_Interactions,0
9216,flesh,B1,Daily_Life,General_Interactions,0
9217,flexibility,B1,Daily_Life,General_Interactions,0
9218,flicker of emotion,B1,Health_Medicine,Mental_Health,0
9219,flicker of hope,B1,Daily_Life,General_Interactions,0
9220,flicker of interest,B1,Daily_Life,General_Interactions,0
9221,flight,B1,Travel_Transportation,Air_Travel,0
9222,flinch,B1,Daily_Life,General_Interactions,0
9223,flint,B1,Daily_Life,General_Interactions,0
9224,flippant,B1,Daily_Life,General_Interactions,0
9225,float,B1,Daily_Life,General_Interactions,0
9226,floated,B1,Daily_Life,General_Interactions,0
9227,floating,B1,Daily_Life,General_Interactions,0
9228,flock,B1,Daily_Life,General_Interactions,0
9229,flock of birds,B1,Daily_Life,General_Interactions,0
9230,flock of sheep,B1,Daily_Life,General_Interactions,0
9231,floor,B1,Daily_Life,General_Interactions,0
9232,flooring,B1,Daily_Life,General_Interactions,0
9233,flop,B1,Daily_Life,General_Interactions,0
9234,flopping,B1,Daily_Life,General_Interactions,0
9235,florid,B1,Daily_Life,General_Interactions,0
9236,flounder,B1,Daily_Life,General_Interactions,0
9237,flour,B1,Daily_Life,General_Interactions,0
9238,flourish,B1,Daily_Life,General_Interactions,0
9239,flout,B1,Daily_Life,General_Interactions,0
9240,flout a rule,B1,Society_Law_Politics,Law_Crime,0
9241,flow,B1,Daily_Life,General_Interactions,0
9242,flown,B1,Daily_Life,General_Interactions,0
9243,flu,B1,Daily_Life,General_Interactions,0
9244,fluctuate wildly,B1,Daily_Life,General_Interactions,0
9245,fluctuation,B1,Daily_Life,General_Interactions,0
9246,fluctuations,B1,Daily_Life,General_Interactions,0
9247,fluent,B1,Daily_Life,General_Interactions,0
9248,fluffy,B1,Daily_Life,General_Interactions,0
9249,fluid,B1,Daily_Life,General_Interactions,0
9250,fluke,B1,Daily_Life,General_Interactions,0
9251,flurry of activity,B1,Psychology_Emotions,Behavior,0
9252,flurry of excitement,B1,Daily_Life,General_Interactions,0
9253,flurry of snow,B1,Daily_Life,General_Interactions,0
9254,flurry of speculation,B1,Daily_Life,General_Interactions,0
9255,flush,B1,Daily_Life,General_Interactions,0
9256,fluster,B1,Daily_Life,General_Interactions,0
9257,fly,B1,Daily_Life,General_Interactions,0
9258,flying,B1,Daily_Life,General_Interactions,0
9259,flying visit,B1,Daily_Life,General_Interactions,0
9260,foam,B1,Daily_Life,General_Interactions,0
9261,foam at the mouth,B1,Daily_Life,General_Interactions,0
9262,focal point,B1,Daily_Life,General_Interactions,0
9263,focus,B1,Daily_Life,General_Interactions,0
9264,focus groups,B1,Daily_Life,General_Interactions,0
9265,focused,B1,Daily_Life,General_Interactions,0
9266,focusing,B1,Communication_Media_Arts,Speaking_Expressions,0
9267,foible,B1,Daily_Life,General_Interactions,0
9268,foil,B1,Daily_Life,General_Interactions,0
9269,foist,B1,Daily_Life,General_Interactions,0
9270,folded,B1,Daily_Life,General_Interactions,0
9271,foliage,B1,Daily_Life,General_Interactions,0
9272,folk,B1,Daily_Life,General_Interactions,0
9273,follow,B1,Daily_Life,General_Interactions,0
9274,follow-up,B1,Daily_Life,General_Interactions,0
9275,followed,B1,Daily_Life,General_Interactions,0
9276,following,B1,Daily_Life,General_Interactions,0
9277,follows,B1,Daily_Life,General_Interactions,0
9278,foment,B1,Daily_Life,General_Interactions,0
9279,font,B1,Daily_Life,General_Interactions,0
9280,food,B1,Health_Medicine,Nutrition_Diet,0
9281,food miles,B1,Health_Medicine,Nutrition_Diet,0
9282,foolhardy,B1,Daily_Life,General_Interactions,0
9283,foot,B1,Daily_Life,General_Interactions,0
9284,foot the bill,B1,Health_Medicine,Healthcare_Hospital,0
9285,foothold,B1,Daily_Life,General_Interactions,0
9286,footwear,B1,Daily_Life,General_Interactions,0
9287,fop,B1,Daily_Life,General_Interactions,0
9288,forage,B1,Daily_Life,General_Interactions,0
9289,foraging,B1,Daily_Life,General_Interactions,0
9290,foray,B1,Daily_Life,General_Interactions,0
9291,forbearance,B1,Daily_Life,General_Interactions,0
9292,force for change,B1,Science_Nature,Physics_Chemistry,0
9293,force for good,B1,Science_Nature,Physics_Chemistry,0
9294,forced,B1,Science_Nature,Physics_Chemistry,0
9295,forcing,B1,Daily_Life,General_Interactions,0
9296,ford,B1,Daily_Life,General_Interactions,0
9297,forebear,B1,Daily_Life,General_Interactions,0
9298,foreboding,B1,Daily_Life,General_Interactions,0
9299,forecast,B1,Daily_Life,General_Interactions,0
9300,forecasting,B1,Daily_Life,General_Interactions,0
9301,foreclose,B1,Daily_Life,General_Interactions,0
9302,foregone conclusion,B1,Daily_Life,General_Interactions,0
9303,foreign,B1,Daily_Life,General_Interactions,0
9304,foreigners,B1,Daily_Life,General_Interactions,0
9305,foremost,B1,Daily_Life,General_Interactions,0
9306,forensic,B1,Daily_Life,General_Interactions,0
9307,forerunner,B1,Daily_Life,General_Interactions,0
9308,foreseeable future,B1,Daily_Life,General_Interactions,0
9309,foreshadow,B1,Daily_Life,General_Interactions,0
9310,foresight,B1,Daily_Life,General_Interactions,0
9311,forestall,B1,Science_Nature,Natural_Phenomena,0
9312,forever,B1,Daily_Life,General_Interactions,0
9313,forge new relationships,B1,Daily_Life,General_Interactions,0
9314,forgery,B1,Daily_Life,General_Interactions,0
9315,forget,B1,Daily_Life,General_Interactions,0
9316,forgive,B1,Daily_Life,General_Interactions,0
9317,forgotten,B1,Daily_Life,General_Interactions,0
9318,forlorn,B1,Daily_Life,General_Interactions,0
9319,form,B1,Daily_Life,General_Interactions,0
9320,formal,B1,Daily_Life,General_Interactions,0
9321,formal attire,B1,Daily_Life,General_Interactions,0
9322,formal dress,B1,Daily_Life,General_Interactions,0
9323,formal education,B1,Education,Learning_Skills,0
9324,formality,B1,Daily_Life,General_Interactions,0
9325,format,B1,Daily_Life,General_Interactions,0
9326,formation,B1,Daily_Life,General_Interactions,0
9327,formed,B1,Daily_Life,General_Interactions,0
9328,former,B1,Daily_Life,General_Interactions,0
9329,forming,B1,Daily_Life,General_Interactions,0
9330,forms,B1,Daily_Life,General_Interactions,0
9331,formula,B1,Daily_Life,General_Interactions,0
9332,formulas,B1,Daily_Life,General_Interactions,0
9333,formulate,B1,Daily_Life,General_Interactions,0
9334,formulate a theory,B1,Education,Academic_Study,0
9335,forsake,B1,Daily_Life,General_Interactions,0
9336,forthcoming,B1,Daily_Life,General_Interactions,0
9337,forthright,B1,Society_Law_Politics,Law_Crime,0
9338,forthright manner,B1,Psychology_Emotions,Behavior,0
9339,fortuitous,B1,Daily_Life,General_Interactions,0
9340,fortune,B1,Daily_Life,General_Interactions,0
9341,forum,B1,Daily_Life,General_Interactions,0
9342,forward,B1,Society_Law_Politics,Law_Crime,0
9343,fossil,B1,Daily_Life,General_Interactions,0
9344,fossils,B1,Daily_Life,General_Interactions,0
9345,fostered,B1,Daily_Life,General_Interactions,0
9346,fostering,B1,Daily_Life,General_Interactions,0
9347,fought,B1,Daily_Life,General_Interactions,0
9348,foul,B1,Daily_Life,General_Interactions,0
9349,foul language,B1,Communication_Media_Arts,Writing_Language,0
9350,foundation,B1,Daily_Life,General_Interactions,0
9351,foundational,B1,Daily_Life,General_Interactions,0
9352,foundations,B1,Daily_Life,General_Interactions,0
9353,founded,B1,Daily_Life,General_Interactions,0
9354,founder,B1,Daily_Life,General_Interactions,0
9355,four-legged,B1,Daily_Life,General_Interactions,0
9356,four-letter word,B1,Communication_Media_Arts,Writing_Language,0
9357,fourth,B1,Daily_Life,General_Interactions,0
9358,fraction,B1,Psychology_Emotions,Behavior,0
9359,fractious,B1,Psychology_Emotions,Behavior,0
9360,fractures,B1,Psychology_Emotions,Behavior,0
9361,fragile,B1,Daily_Life,General_Interactions,0
9362,fragile peace,B1,Psychology_Emotions,Stress_Mental_State,0
9363,fragility,B1,Daily_Life,General_Interactions,0
9364,fragment,B1,Daily_Life,General_Interactions,0
9365,fragmentation,B1,Daily_Life,General_Interactions,0
9366,fragmented,B1,Daily_Life,General_Interactions,0
9367,fragments,B1,Daily_Life,General_Interactions,0
9368,frame,B1,Daily_Life,General_Interactions,0
9369,frame a question,B1,Education,Classroom_Interaction,0
9370,framework,B1,Business_Finance_Economy,Jobs_Careers,0
9371,franchise,B1,Daily_Life,General_Interactions,0
9372,frankly,B1,Daily_Life,General_Interactions,0
9373,frantic,B1,Daily_Life,General_Interactions,0
9374,fraudulent,B1,Daily_Life,General_Interactions,0
9375,fraudulent claim,B1,Technology_Digital,Artificial_Intelligence,0
9376,fraught,B1,Daily_Life,General_Interactions,0
9377,free,B1,Daily_Life,General_Interactions,0
9378,free airtime,B1,Technology_Digital,Artificial_Intelligence,0
9379,free kick,B1,Daily_Life,General_Interactions,0
9380,free up time,B1,Daily_Life,Time_Management,0
9381,freed,B1,Daily_Life,General_Interactions,0
9382,freedom,B1,Society_Law_Politics,Human_Rights,0
9383,freely,B1,Daily_Life,General_Interactions,0
9384,freestanding,B1,Daily_Life,General_Interactions,0
9385,freeze,B1,Daily_Life,General_Interactions,0
9386,freezing,B1,Daily_Life,General_Interactions,0
9387,french,B1,Daily_Life,General_Interactions,0
9388,frenetic,B1,Daily_Life,General_Interactions,0
9389,frenzy,B1,Daily_Life,General_Interactions,0
9390,frequencies,B1,Daily_Life,General_Interactions,0
9391,frequent,B1,Daily_Life,General_Interactions,0
9392,fresco,B1,Daily_Life,General_Interactions,0
9393,fresh,B1,Daily_Life,General_Interactions,0
9394,fresh drive,B1,Psychology_Emotions,Motivation,0
9395,freshwater,B1,Daily_Life,General_Interactions,0
9396,fret,B1,Daily_Life,General_Interactions,0
9397,friction,B1,Daily_Life,General_Interactions,0
9398,friend,B1,Daily_Life,General_Interactions,0
9399,friend for life,B1,Science_Nature,Biology_Life_Sciences,0
9400,friendly,B1,Daily_Life,General_Interactions,0
9401,friendly smile,B1,Daily_Life,General_Interactions,0
9402,friendship,B1,Daily_Life,General_Interactions,0
9403,frightened,B1,Society_Law_Politics,Law_Crime,0
9404,frigid,B1,Daily_Life,General_Interactions,0
9405,fringes,B1,Daily_Life,General_Interactions,0
9406,frivolous,B1,Daily_Life,General_Interactions,0
9407,fro,B1,Daily_Life,General_Interactions,0
9408,frolicsome,B1,Daily_Life,General_Interactions,0
9409,front,B1,Daily_Life,General_Interactions,0
9410,frontier,B1,Daily_Life,General_Interactions,0
9411,frozen,B1,Daily_Life,General_Interactions,0
9412,frugal,B1,Daily_Life,General_Interactions,0
9413,fruitful,B1,Daily_Life,General_Interactions,0
9414,fruiting,B1,Daily_Life,General_Interactions,0
9415,frustrate,B1,Business_Finance_Economy,Economy_Markets,0
9416,frustration,B1,Daily_Life,General_Interactions,0
9417,fuel,B1,Daily_Life,General_Interactions,0
9418,fuel fears,B1,Psychology_Emotions,Feelings_Emotions,0
9419,fuel speculation,B1,Daily_Life,General_Interactions,0
9420,fueling,B1,Daily_Life,General_Interactions,0
9421,fuels,B1,Daily_Life,General_Interactions,0
9422,fugitive,B1,Daily_Life,General_Interactions,0
9423,fulcrum,B1,Daily_Life,General_Interactions,0
9424,fulfill,B1,Health_Medicine,Healthcare_Hospital,0
9425,fulfillment,B1,Health_Medicine,Healthcare_Hospital,0
9426,full,B1,Daily_Life,General_Interactions,0
9427,full explanation,B1,Daily_Life,General_Interactions,0
9428,full lips,B1,Daily_Life,General_Interactions,0
9429,full marks,B1,Daily_Life,General_Interactions,0
9430,full refund,B1,Business_Finance_Economy,Business_Management,0
9431,fulltime,B1,Daily_Life,Time_Management,0
9432,fully,B1,Daily_Life,General_Interactions,0
9433,fulminate,B1,Daily_Life,General_Interactions,0
9434,fulsome,B1,Daily_Life,General_Interactions,0
9435,fumble,B1,Daily_Life,General_Interactions,0
9436,fun,B1,Daily_Life,General_Interactions,0
9437,functional,B1,Daily_Life,General_Interactions,0
9438,functionality,B1,Daily_Life,General_Interactions,0
9439,functions,B1,Daily_Life,General_Interactions,0
9440,fund,B1,Business_Finance_Economy,Business_Management,0
9441,fundamental change,B1,Health_Medicine,Mental_Health,0
9442,fundamentally,B1,Health_Medicine,Mental_Health,0
9443,fundamentally change,B1,Health_Medicine,Mental_Health,0
9444,fundamentally different,B1,Health_Medicine,Mental_Health,0
9445,fundamentally similar,B1,Health_Medicine,Mental_Health,0
9446,funding,B1,Business_Finance_Economy,Business_Management,0
9447,funereal,B1,Daily_Life,General_Interactions,0
9448,funnel,B1,Daily_Life,General_Interactions,0
9449,furnish,B1,Daily_Life,General_Interactions,0
9450,furniture,B1,Daily_Life,Home_Housing,0
9451,furor,B1,Daily_Life,General_Interactions,0
9452,further,B1,Daily_Life,General_Interactions,0
9453,furthermore,B1,Daily_Life,General_Interactions,0
9454,furtive,B1,Daily_Life,General_Interactions,0
9455,fuse,B1,Daily_Life,General_Interactions,0
9456,fusion,B1,Daily_Life,General_Interactions,0
9457,futile,B1,Daily_Life,General_Interactions,0
9458,future,B1,Daily_Life,General_Interactions,0
9459,gain marks,B1,Technology_Digital,Artificial_Intelligence,0
9460,gain respect,B1,Technology_Digital,Artificial_Intelligence,0
9461,gained,B1,Technology_Digital,Artificial_Intelligence,0
9462,gaining,B1,Technology_Digital,Artificial_Intelligence,0
9463,gains,B1,Technology_Digital,Artificial_Intelligence,0
9464,gainsay,B1,Technology_Digital,Artificial_Intelligence,0
9465,galaxies,B1,Daily_Life,General_Interactions,0
9466,gallant,B1,Daily_Life,General_Interactions,0
9467,gallery,B1,Daily_Life,General_Interactions,0
9468,galvanize,B1,Daily_Life,General_Interactions,0
9469,gambit,B1,Daily_Life,General_Interactions,0
9470,gambling,B1,Daily_Life,General_Interactions,0
9471,game,B1,Daily_Life,General_Interactions,0
9472,gaming,B1,Daily_Life,General_Interactions,0
9473,gamut,B1,Daily_Life,General_Interactions,0
9474,garbage,B1,Daily_Life,General_Interactions,0
9475,gardened,B1,Daily_Life,Home_Housing,0
9476,gargantuan,B1,Daily_Life,General_Interactions,0
9477,garish,B1,Daily_Life,General_Interactions,0
9478,garner,B1,Daily_Life,General_Interactions,0
9479,garnish,B1,Daily_Life,General_Interactions,0
9480,garrulous,B1,Daily_Life,General_Interactions,0
9481,gas,B1,Daily_Life,General_Interactions,0
9482,gases,B1,Daily_Life,General_Interactions,0
9483,gathered,B1,Daily_Life,General_Interactions,0
9484,gathering,B1,Daily_Life,General_Interactions,0
9485,gauche,B1,Daily_Life,General_Interactions,0
9486,gaudy,B1,Daily_Life,General_Interactions,0
9487,gauge reaction,B1,Science_Nature,Physics_Chemistry,0
9488,gaunt,B1,Daily_Life,General_Interactions,0
9489,gazette,B1,Daily_Life,General_Interactions,0
9490,gear,B1,Daily_Life,General_Interactions,0
9491,geared,B1,Daily_Life,General_Interactions,0
9492,genealogy,B1,Science_Nature,Biology_Life_Sciences,0
9493,general,B1,Science_Nature,Biology_Life_Sciences,0
9494,generalizations,B1,Science_Nature,Biology_Life_Sciences,0
9495,generally speaking,B1,Science_Nature,Biology_Life_Sciences,0
9496,generate,B1,Business_Finance_Economy,Economy_Markets,0
9497,generate business,B1,Business_Finance_Economy,Business_Management,0
9498,generated,B1,Business_Finance_Economy,Economy_Markets,0
9499,generating,B1,Science_Nature,Biology_Life_Sciences,0
9500,generational,B1,Science_Nature,Biology_Life_Sciences,0
9501,genetics,B1,Science_Nature,Biology_Life_Sciences,0
9502,genial,B1,Daily_Life,General_Interactions,0
9503,genre,B1,Daily_Life,General_Interactions,0
9504,genres,B1,Daily_Life,General_Interactions,0
9505,genteel,B1,Daily_Life,General_Interactions,0
9506,gentility,B1,Daily_Life,General_Interactions,0
9507,gentle,B1,Daily_Life,General_Interactions,0
9508,gentle exercise,B1,Health_Medicine,Fitness_Exercise,0
9509,gentlemen,B1,Daily_Life,General_Interactions,0
9510,gently,B1,Daily_Life,General_Interactions,0
9511,genuflect,B1,Daily_Life,General_Interactions,0
9512,genuinely,B1,Daily_Life,General_Interactions,0
9513,geoengineering,B1,Daily_Life,General_Interactions,0
9514,geographic,B1,Daily_Life,General_Interactions,0
9515,geological,B1,Daily_Life,General_Interactions,0
9516,geologist,B1,Daily_Life,General_Interactions,0
9517,geology,B1,Daily_Life,General_Interactions,0
9518,geometry,B1,Daily_Life,General_Interactions,0
9519,geothermal,B1,Daily_Life,General_Interactions,0
9520,germane,B1,Daily_Life,General_Interactions,0
9521,germinate,B1,Daily_Life,General_Interactions,0
9522,gerrymander,B1,Daily_Life,General_Interactions,0
9523,gesticulate,B1,Daily_Life,General_Interactions,0
9524,gesture,B1,Daily_Life,General_Interactions,0
9525,get a message across,B1,Daily_Life,General_Interactions,0
9526,get accustomed to,B1,Daily_Life,General_Interactions,0
9527,get hitched,B1,Daily_Life,General_Interactions,0
9528,get into debt,B1,Business_Finance_Economy,Finance_Banking,0
9529,get into reverse,B1,Daily_Life,General_Interactions,0
9530,get itchy feet,B1,Daily_Life,General_Interactions,0
9531,get off the bus,B1,Travel_Transportation,Public_Transport,0
9532,get the hang of,B1,Daily_Life,General_Interactions,0
9533,get the recognition you deserve,B1,Daily_Life,General_Interactions,0
9534,get the sack,B1,Daily_Life,General_Interactions,0
9535,get your (hands) dirty,B1,Daily_Life,General_Interactions,0
9536,get your hands dirty,B1,Daily_Life,General_Interactions,0
9537,get your priorities right,B1,Society_Law_Politics,Law_Crime,0
9538,getting,B1,Daily_Life,General_Interactions,0
9539,getting stuck in traffic,B1,Travel_Transportation,Road_Travel,0
9540,ghastly,B1,Daily_Life,General_Interactions,0
9541,giant,B1,Daily_Life,General_Interactions,0
9542,gibberish,B1,Daily_Life,General_Interactions,0
9543,gibe,B1,Daily_Life,General_Interactions,0
9544,gift,B1,Daily_Life,General_Interactions,0
9545,gift for languages,B1,Communication_Media_Arts,Writing_Language,0
9546,gifted,B1,Daily_Life,General_Interactions,0
9547,gifted children,B1,Daily_Life,General_Interactions,0
9548,gin,B1,Daily_Life,General_Interactions,0
9549,girls' night out,B1,Daily_Life,General_Interactions,0
9550,gist,B1,Daily_Life,General_Interactions,0
9551,give,B1,Daily_Life,General_Interactions,0
9552,give a full apology,B1,Daily_Life,General_Interactions,0
9553,give a reason,B1,Daily_Life,General_Interactions,0
9554,give a straight answer,B1,Education,Classroom_Interaction,0
9555,give an of account,B1,Business_Finance_Economy,Business_Management,0
9556,give evidence,B1,Daily_Life,General_Interactions,0
9557,give it your best shot,B1,Daily_Life,General_Interactions,0
9558,give permission,B1,Daily_Life,General_Interactions,0
9559,give repeated assurances,B1,Health_Medicine,Healthcare_Hospital,0
9560,give rise to,B1,Daily_Life,General_Interactions,0
9561,give someone a good send-off,B1,Daily_Life,General_Interactions,0
9562,give something some thought,B1,Psychology_Emotions,Feelings_Emotions,0
9563,give vent to your frustration,B1,Daily_Life,General_Interactions,0
9564,given,B1,Daily_Life,General_Interactions,0
9565,giving,B1,Daily_Life,General_Interactions,0
9566,glacial,B1,Daily_Life,General_Interactions,0
9567,glaciers,B1,Daily_Life,General_Interactions,0
9568,glad to see the back of,B1,Daily_Life,General_Interactions,0
9569,glamor,B1,Daily_Life,General_Interactions,0
9570,glance,B1,Daily_Life,General_Interactions,0
9571,glib,B1,Daily_Life,General_Interactions,0
9572,glider,B1,Daily_Life,General_Interactions,0
9573,glimmer,B1,Daily_Life,General_Interactions,0
9574,glimmer of hope,B1,Daily_Life,General_Interactions,0
9575,glimmer of interest,B1,Daily_Life,General_Interactions,0
9576,glimmer of light,B1,Daily_Life,General_Interactions,0
9577,glimmer of understanding,B1,Daily_Life,General_Interactions,0
9578,gloat,B1,Daily_Life,General_Interactions,0
9579,global,B1,Daily_Life,General_Interactions,0
9580,globe,B1,Daily_Life,General_Interactions,0
9581,glory,B1,Daily_Life,General_Interactions,0
9582,gloss,B1,Business_Finance_Economy,Finance_Banking,0
9583,glossary,B1,Business_Finance_Economy,Finance_Banking,0
9584,glossy,B1,Business_Finance_Economy,Finance_Banking,0
9585,glossy magazine,B1,Business_Finance_Economy,Finance_Banking,0
9586,glove,B1,Psychology_Emotions,Feelings_Emotions,0
9587,glower,B1,Daily_Life,General_Interactions,0
9588,glowing review,B1,Daily_Life,General_Interactions,0
9589,glut,B1,Daily_Life,General_Interactions,0
9590,glutton,B1,Daily_Life,General_Interactions,0
9591,gnarl,B1,Daily_Life,General_Interactions,0
9592,gnome,B1,Daily_Life,General_Interactions,0
9593,go back on a promise,B1,Daily_Life,General_Interactions,0
9594,go clubbing,B1,Daily_Life,General_Interactions,0
9595,go down in history,B1,Communication_Media_Arts,Writing_Language,0
9596,go freelance,B1,Daily_Life,General_Interactions,0
9597,go hand in hand with,B1,Daily_Life,General_Interactions,0
9598,go into production,B1,Daily_Life,Shopping_Everyday,0
9599,go on a diet,B1,Health_Medicine,Nutrition_Diet,0
9600,go on an economy drive,B1,Business_Finance_Economy,Economy_Markets,0
9601,go on strike,B1,Daily_Life,General_Interactions,0
9602,go on the offensive,B1,Daily_Life,General_Interactions,0
9603,go out for a meal,B1,Health_Medicine,Nutrition_Diet,0
9604,go part-time,B1,Communication_Media_Arts,Arts_Creativity,0
9605,go part~time,B1,Communication_Media_Arts,Arts_Creativity,0
9606,go shopping,B1,Daily_Life,Shopping_Everyday,0
9607,go through a midlife crisis,B1,Science_Nature,Biology_Life_Sciences,2
9608,go through a phase,B1,Daily_Life,General_Interactions,0
9609,go to any trouble,B1,Daily_Life,General_Interactions,0
9610,go trekking,B1,Daily_Life,General_Interactions,0
9611,go viral,B1,Technology_Digital,Social_Media,0
9612,go wild,B1,Daily_Life,General_Interactions,0
9613,goad,B1,Daily_Life,General_Interactions,0
9614,goal,B1,Psychology_Emotions,Motivation,0
9615,goals,B1,Psychology_Emotions,Motivation,0
9616,goat,B1,Daily_Life,General_Interactions,0
9617,gobble,B1,Daily_Life,General_Interactions,0
9618,golden,B1,Daily_Life,General_Interactions,0
9619,golden era,B1,Daily_Life,General_Interactions,0
9620,gone,B1,Daily_Life,General_Interactions,0
9621,good,B1,Daily_Life,General_Interactions,0
9622,good behaviour,B1,Daily_Life,General_Interactions,0
9623,good computer skills,B1,Education,Learning_Skills,0
9624,good few,B1,Daily_Life,General_Interactions,0
9625,good knowledge,B1,Education,Learning_Skills,0
9626,good level of education,B1,Education,Learning_Skills,0
9627,good number (of),B1,Daily_Life,General_Interactions,0
9628,good size,B1,Daily_Life,General_Interactions,0
9629,good-quality,B1,Daily_Life,General_Interactions,0
9630,goods,B1,Daily_Life,General_Interactions,0
9631,gooseberry,B1,Daily_Life,General_Interactions,0
9632,gorge,B1,Daily_Life,General_Interactions,0
9633,gory,B1,Daily_Life,General_Interactions,0
9634,gossamer,B1,Daily_Life,General_Interactions,0
9635,gossip,B1,Daily_Life,General_Interactions,0
9636,gouge,B1,Daily_Life,General_Interactions,0
9637,gourmet,B1,Daily_Life,General_Interactions,0
9638,govern,B1,Daily_Life,General_Interactions,0
9639,governance,B1,Daily_Life,General_Interactions,0
9640,governments,B1,Society_Law_Politics,Government_Politics,0
9641,gown,B1,Daily_Life,General_Interactions,0
9642,grab,B1,Daily_Life,General_Interactions,0
9643,grab a seat,B1,Health_Medicine,Healthcare_Hospital,0
9644,grab a snack,B1,Daily_Life,General_Interactions,0
9645,gracious,B1,Daily_Life,General_Interactions,0
9646,gradation,B1,Daily_Life,General_Interactions,0
9647,grade,B1,Education,Exams_Assessments,0
9648,grading,B1,Daily_Life,General_Interactions,0
9649,graduate from university,B1,Education,University_School,0
9650,graduated,B1,Education,Academic_Study,0
9651,graft,B1,Daily_Life,General_Interactions,0
9652,grafts,B1,Daily_Life,General_Interactions,0
9653,grain,B1,Technology_Digital,Artificial_Intelligence,0
9654,grammar,B1,Communication_Media_Arts,Writing_Language,0
9655,grams,B1,Daily_Life,General_Interactions,0
9656,grand,B1,Daily_Life,General_Interactions,0
9657,grandchildren,B1,Daily_Life,General_Interactions,0
9658,grandfather,B1,Daily_Life,General_Interactions,0
9659,grandiloquent,B1,Daily_Life,General_Interactions,0
9660,grandiose,B1,Daily_Life,General_Interactions,0
9661,grandmother,B1,Daily_Life,General_Interactions,0
9662,grant,B1,Daily_Life,General_Interactions,0
9663,grant permission,B1,Daily_Life,General_Interactions,0
9664,grap a seat,B1,Health_Medicine,Healthcare_Hospital,0
9665,graphic,B1,Daily_Life,General_Interactions,0
9666,grasp,B1,Daily_Life,General_Interactions,0
9667,grasp the importance of,B1,Daily_Life,General_Interactions,0
9668,grasp the of importance,B1,Daily_Life,General_Interactions,0
9669,grassland,B1,Daily_Life,General_Interactions,0
9670,grateful,B1,Business_Finance_Economy,Economy_Markets,0
9671,gratify,B1,Daily_Life,General_Interactions,0
9672,gratis,B1,Daily_Life,General_Interactions,0
9673,gratuitous,B1,Daily_Life,General_Interactions,0
9674,grave,B1,Daily_Life,General_Interactions,0
9675,grave danger,B1,Daily_Life,General_Interactions,0
9676,gravel,B1,Daily_Life,General_Interactions,0
9677,gravitational,B1,Daily_Life,General_Interactions,0
9678,gravity,B1,Daily_Life,General_Interactions,0
9679,grazing,B1,Daily_Life,General_Interactions,0
9680,grease,B1,Daily_Life,General_Interactions,0
9681,great,B1,Health_Medicine,Healthcare_Hospital,0
9682,great significance,B1,Health_Medicine,Healthcare_Hospital,0
9683,great-grandchildren,B1,Health_Medicine,Healthcare_Hospital,0
9684,greater,B1,Health_Medicine,Healthcare_Hospital,0
9685,greatest,B1,Education,Exams_Assessments,0
9686,greatly appreciate,B1,Health_Medicine,Healthcare_Hospital,0
9687,greatly influence,B1,Health_Medicine,Healthcare_Hospital,0
9688,greece,B1,Daily_Life,General_Interactions,0
9689,greener,B1,Science_Nature,Environment_Ecology,0
9690,greenhouse,B1,Science_Nature,Environment_Ecology,0
9691,gregarious,B1,Daily_Life,General_Interactions,0
9692,grew,B1,Daily_Life,General_Interactions,0
9693,grid,B1,Daily_Life,General_Interactions,0
9694,grievance,B1,Daily_Life,General_Interactions,0
9695,grievous,B1,Daily_Life,General_Interactions,0
9696,grill,B1,Health_Medicine,Healthcare_Hospital,0
9697,grim,B1,Daily_Life,General_Interactions,0
9698,grimace,B1,Daily_Life,General_Interactions,0
9699,grind,B1,Daily_Life,General_Interactions,0
9700,gripe,B1,Daily_Life,General_Interactions,0
9701,gripped,B1,Daily_Life,General_Interactions,0
9702,grisly,B1,Daily_Life,General_Interactions,0
9703,groceries,B1,Daily_Life,General_Interactions,0
9704,grocery,B1,Daily_Life,General_Interactions,0
9705,groom,B1,Daily_Life,Home_Housing,0
9706,groove,B1,Daily_Life,General_Interactions,0
9707,gross,B1,Daily_Life,General_Interactions,0
9708,ground,B1,Daily_Life,General_Interactions,0
9709,groundbreaking,B1,Daily_Life,General_Interactions,0
9710,groundless,B1,Daily_Life,General_Interactions,0
9711,grounds,B1,Daily_Life,General_Interactions,0
9712,grounds for complaint,B1,Technology_Digital,Artificial_Intelligence,0
9713,groundwork,B1,Business_Finance_Economy,Jobs_Careers,0
9714,group,B1,Daily_Life,General_Interactions,0
9715,grouse,B1,Daily_Life,General_Interactions,0
9716,grovel,B1,Daily_Life,General_Interactions,0
9717,grow,B1,Daily_Life,General_Interactions,0
9718,growing,B1,Daily_Life,General_Interactions,0
9719,growing disparity,B1,Daily_Life,General_Interactions,0
9720,grown,B1,Daily_Life,General_Interactions,0
9721,growth,B1,Daily_Life,General_Interactions,0
9722,grudge,B1,Daily_Life,General_Interactions,0
9723,grudging,B1,Daily_Life,General_Interactions,0
9724,grueling,B1,Daily_Life,General_Interactions,0
9725,gruesome,B1,Daily_Life,General_Interactions,0
9726,gruff,B1,Daily_Life,General_Interactions,0
9727,gruff exterior,B1,Daily_Life,General_Interactions,0
9728,gruff voice,B1,Communication_Media_Arts,Speaking_Expressions,0
9729,grumble,B1,Daily_Life,General_Interactions,0
9730,grumpy old man,B1,Daily_Life,General_Interactions,0
9731,grunt,B1,Daily_Life,General_Interactions,0
9732,grunted,B1,Daily_Life,General_Interactions,0
9733,guard,B1,Daily_Life,General_Interactions,0
9734,guarding,B1,Daily_Life,General_Interactions,0
9735,guerrilla marketing,B1,Business_Finance_Economy,Economy_Markets,0
9736,guessed,B1,Daily_Life,General_Interactions,0
9737,guessing,B1,Communication_Media_Arts,Speaking_Expressions,0
9738,guidance,B1,Communication_Media_Arts,Arts_Creativity,0
9739,guide,B1,Travel_Transportation,Navigation_Directions,0
9740,guided,B1,Travel_Transportation,Navigation_Directions,0
9741,guideline,B1,Travel_Transportation,Navigation_Directions,0
9742,guiding,B1,Daily_Life,General_Interactions,0
9743,guile,B1,Daily_Life,General_Interactions,0
9744,guileless,B1,Daily_Life,General_Interactions,0
9745,guise,B1,Daily_Life,General_Interactions,0
9746,gullible,B1,Daily_Life,General_Interactions,0
9747,gun,B1,Daily_Life,General_Interactions,0
9748,gusto,B1,Daily_Life,General_Interactions,0
9749,guttural,B1,Daily_Life,General_Interactions,0
9750,habit,B1,Psychology_Emotions,Behavior,0
9751,habitability,B1,Education,Learning_Skills,0
9752,habitat,B1,Psychology_Emotions,Behavior,0
9753,habitats,B1,Psychology_Emotions,Behavior,0
9754,habits,B1,Psychology_Emotions,Behavior,0
9755,hackneyed,B1,Daily_Life,General_Interactions,0
9756,haiku,B1,Technology_Digital,Artificial_Intelligence,0
9757,hail a taxi,B1,Technology_Digital,Artificial_Intelligence,0
9758,hair,B1,Technology_Digital,Artificial_Intelligence,0
9759,hairline,B1,Technology_Digital,Artificial_Intelligence,0
9760,hale,B1,Daily_Life,General_Interactions,0
9761,half,B1,Daily_Life,General_Interactions,0
9762,halfway,B1,Daily_Life,General_Interactions,0
9763,hall,B1,Daily_Life,General_Interactions,0
9764,hallmark,B1,Daily_Life,General_Interactions,0
9765,hallowed,B1,Daily_Life,General_Interactions,0
9766,hallucination,B1,Daily_Life,General_Interactions,0
9767,halt production,B1,Daily_Life,Shopping_Everyday,0
9768,halted,B1,Daily_Life,General_Interactions,0
9769,hamper,B1,Daily_Life,General_Interactions,0
9770,hand,B1,Daily_Life,General_Interactions,0
9771,hand in assignments,B1,Daily_Life,General_Interactions,0
9772,hand in your resignation,B1,Business_Finance_Economy,Jobs_Careers,0
9773,handed,B1,Daily_Life,General_Interactions,0
9774,handful,B1,Daily_Life,General_Interactions,0
9775,handle a complaint,B1,Technology_Digital,Artificial_Intelligence,0
9776,handle a difficult situation,B1,Daily_Life,General_Interactions,0
9777,handled,B1,Daily_Life,General_Interactions,0
9778,handwritten,B1,Daily_Life,General_Interactions,0
9779,handy,B1,Daily_Life,General_Interactions,0
9780,hang,B1,Daily_Life,General_Interactions,0
9781,hanging,B1,Daily_Life,General_Interactions,0
9782,haphazard,B1,Daily_Life,General_Interactions,0
9783,hapless,B1,Daily_Life,General_Interactions,0
9784,happened,B1,Technology_Digital,Software_Internet,0
9785,happening,B1,Technology_Digital,Software_Internet,0
9786,happier,B1,Technology_Digital,Software_Internet,0
9787,happy,B1,Psychology_Emotions,Feelings_Emotions,0
9788,haptic,B1,Daily_Life,General_Interactions,0
9789,harangue,B1,Daily_Life,General_Interactions,0
9790,harass,B1,Daily_Life,General_Interactions,0
9791,harbinger,B1,Daily_Life,General_Interactions,0
9792,harbour,B1,Daily_Life,General_Interactions,0
9793,hard,B1,Daily_Life,General_Interactions,0
9794,hard slog,B1,Daily_Life,General_Interactions,0
9795,hardness,B1,Daily_Life,General_Interactions,0
9796,hardship,B1,Daily_Life,General_Interactions,0
9797,hardware,B1,Technology_Digital,Devices_Hardware,0
9798,hardwood,B1,Daily_Life,General_Interactions,0
9799,hardy,B1,Daily_Life,General_Interactions,0
9800,harebrained scheme,B1,Technology_Digital,Artificial_Intelligence,0
9801,harm,B1,Daily_Life,General_Interactions,0
9802,harmed,B1,Daily_Life,General_Interactions,0
9803,harmful to the environment,B1,Science_Nature,Environment_Ecology,0
9804,harming,B1,Daily_Life,General_Interactions,0
9805,harmony,B1,Daily_Life,General_Interactions,0
9806,harness,B1,Daily_Life,General_Interactions,0
9807,harness technology,B1,Technology_Digital,Software_Internet,0
9808,harnessing,B1,Communication_Media_Arts,Speaking_Expressions,0
9809,harping,B1,Daily_Life,General_Interactions,0
9810,harridan,B1,Daily_Life,General_Interactions,0
9811,harrow,B1,Daily_Life,General_Interactions,0
9812,harry,B1,Daily_Life,General_Interactions,0
9813,harsh,B1,Daily_Life,General_Interactions,0
9814,hassle,B1,Daily_Life,General_Interactions,0
9815,hasten someone's death,B1,Health_Medicine,Healthcare_Hospital,0
9816,hasty,B1,Daily_Life,General_Interactions,0
9817,hatch,B1,Daily_Life,General_Interactions,0
9818,hated,B1,Psychology_Emotions,Feelings_Emotions,0
9819,haughty,B1,Daily_Life,General_Interactions,0
9820,haul,B1,Daily_Life,General_Interactions,0
9821,have (got) the chance,B1,Daily_Life,General_Interactions,0
9822,have a barbecue,B1,Daily_Life,General_Interactions,0
9823,have a change of heart,B1,Communication_Media_Arts,Arts_Creativity,0
9824,have a go at,B1,Daily_Life,General_Interactions,0
9825,have a knock-on effect,B1,Daily_Life,General_Interactions,0
9826,have a knock-oneffect,B1,Daily_Life,General_Interactions,0
9827,have a of heart change,B1,Communication_Media_Arts,Arts_Creativity,0
9828,have a quality,B1,Daily_Life,General_Interactions,0
9829,have a snack,B1,Daily_Life,General_Interactions,0
9830,have a specal charm,B1,Daily_Life,General_Interactions,0
9831,have a special charm,B1,Daily_Life,General_Interactions,0
9832,have a stopover,B1,Daily_Life,General_Interactions,0
9833,have a whale of a time,B1,Daily_Life,Time_Management,0
9834,have a word with,B1,Daily_Life,General_Interactions,0
9835,have absolutely no idea,B1,Daily_Life,General_Interactions,0
9836,have an attitude problem,B1,Psychology_Emotions,Behavior,0
9837,have an eye for,B1,Daily_Life,General_Interactions,0
9838,have an obligation,B1,Daily_Life,General_Interactions,0
9839,have an operation,B1,Daily_Life,General_Interactions,0
9840,have difficulties,B1,Daily_Life,General_Interactions,0
9841,have every confidence in,B1,Daily_Life,General_Interactions,0
9842,have got the chance,B1,Daily_Life,General_Interactions,0
9843,have no respect for,B1,Society_Law_Politics,Human_Rights,0
9844,have nothing to do with,B1,Daily_Life,General_Interactions,0
9845,have the backbone to,B1,Daily_Life,General_Interactions,0
9846,have the muscle to,B1,Daily_Life,General_Interactions,0
9847,haven,B1,Daily_Life,General_Interactions,0
9848,haven't a clue,B1,Daily_Life,General_Interactions,0
9849,haven't the foggiest idea,B1,Daily_Life,General_Interactions,0
9850,having,B1,Daily_Life,General_Interactions,0
9851,havoc,B1,Daily_Life,General_Interactions,0
9852,hazard,B1,Daily_Life,General_Interactions,0
9853,hazards,B1,Daily_Life,General_Interactions,0
9854,hazel,B1,Daily_Life,General_Interactions,0
9855,hazy memory,B1,Psychology_Emotions,Feelings_Emotions,0
9856,head,B1,Daily_Life,General_Interactions,0
9857,head a team,B1,Daily_Life,General_Interactions,0
9858,headache,B1,Daily_Life,General_Interactions,0
9859,headed,B1,Daily_Life,General_Interactions,0
9860,headlight,B1,Daily_Life,General_Interactions,0
9861,headline,B1,Daily_Life,General_Interactions,0
9862,headlong,B1,Daily_Life,General_Interactions,0
9863,headstrong,B1,Daily_Life,General_Interactions,0
9864,heal the rift,B1,Health_Medicine,Healthcare_Hospital,0
9865,healing,B1,Health_Medicine,Healthcare_Hospital,0
9866,health,B1,Health_Medicine,Healthcare_Hospital,0
9867,healthcare,B1,Society_Law_Politics,Public_Policies,0
9868,healthier,B1,Health_Medicine,Healthcare_Hospital,0
9869,healthy,B1,Health_Medicine,Healthcare_Hospital,0
9870,healthy competition,B1,Health_Medicine,Healthcare_Hospital,0
9871,heap praise on,B1,Technology_Digital,Artificial_Intelligence,0
9872,hear,B1,Daily_Life,General_Interactions,0
9873,hearing,B1,Daily_Life,General_Interactions,0
9874,heart,B1,Communication_Media_Arts,Arts_Creativity,0
9875,heart leaps,B1,Communication_Media_Arts,Arts_Creativity,0
9876,heart-to-heart chat,B1,Communication_Media_Arts,Speaking_Expressions,0
9877,hearty,B1,Communication_Media_Arts,Arts_Creativity,0
9878,heat,B1,Health_Medicine,Healthcare_Hospital,0
9879,heat book,B1,Health_Medicine,Healthcare_Hospital,0
9880,heat workload,B1,Business_Finance_Economy,Jobs_Careers,0
9881,heated,B1,Health_Medicine,Healthcare_Hospital,0
9882,heathen,B1,Health_Medicine,Healthcare_Hospital,0
9883,heating,B1,Health_Medicine,Healthcare_Hospital,0
9884,heavier,B1,Daily_Life,General_Interactions,0
9885,heavily,B1,Daily_Life,General_Interactions,0
9886,heavily influenced,B1,Daily_Life,General_Interactions,0
9887,heavy,B1,Daily_Life,General_Interactions,0
9888,heavy book,B1,Communication_Media_Arts,Speaking_Expressions,0
9889,heavy burden,B1,Daily_Life,General_Interactions,0
9890,heavy responsibility,B1,Daily_Life,General_Interactions,0
9891,heavy traffic,B1,Travel_Transportation,Road_Travel,0
9892,heavy workload,B1,Business_Finance_Economy,Jobs_Careers,0
9893,hectic pace of life,B1,Science_Nature,Biology_Life_Sciences,0
9894,hector,B1,Daily_Life,General_Interactions,0
9895,hedge,B1,Daily_Life,General_Interactions,0
9896,hedonism,B1,Daily_Life,General_Interactions,0
9897,heed,B1,Daily_Life,General_Interactions,0
9898,hefty,B1,Daily_Life,General_Interactions,0
9899,hegemony,B1,Daily_Life,General_Interactions,0
9900,heinous,B1,Daily_Life,General_Interactions,0
9901,heir,B1,Daily_Life,General_Interactions,0
9902,held,B1,Daily_Life,General_Interactions,0
9903,helicopter,B1,Daily_Life,General_Interactions,0
9904,help,B1,Daily_Life,General_Interactions,0
9905,helped,B1,Daily_Life,General_Interactions,0
9906,helpful,B1,Daily_Life,General_Interactions,0
9907,helping,B1,Daily_Life,General_Interactions,0
9908,hence,B1,Daily_Life,General_Interactions,0
9909,herald,B1,Daily_Life,General_Interactions,0
9910,herbivorous,B1,Daily_Life,General_Interactions,0
9911,herd,B1,Daily_Life,General_Interactions,0
9912,herd of cattle,B1,Daily_Life,General_Interactions,0
9913,herd of elephants,B1,Daily_Life,General_Interactions,0
9914,herds,B1,Daily_Life,General_Interactions,0
9915,heresy,B1,Daily_Life,General_Interactions,0
9916,heritage,B1,Daily_Life,General_Interactions,0
9917,hermetic,B1,Daily_Life,General_Interactions,0
9918,hero,B1,Daily_Life,General_Interactions,0
9919,hesitate,B1,Daily_Life,General_Interactions,0
9920,heterodox,B1,Daily_Life,General_Interactions,0
9921,heterogeneous,B1,Science_Nature,Biology_Life_Sciences,0
9922,heuristic,B1,Daily_Life,General_Interactions,0
9923,hew,B1,Daily_Life,General_Interactions,0
9924,hiatus,B1,Daily_Life,General_Interactions,0
9925,hibernate,B1,Daily_Life,General_Interactions,0
9926,hibernation,B1,Daily_Life,General_Interactions,0
9927,hiccup,B1,Daily_Life,General_Interactions,0
9928,hidden,B1,Daily_Life,General_Interactions,0
9929,hide,B1,Daily_Life,General_Interactions,0
9930,hiding,B1,Daily_Life,General_Interactions,0
9931,high,B1,Daily_Life,General_Interactions,0
9932,high hopes,B1,Daily_Life,General_Interactions,0
9933,high percentage,B1,Daily_Life,General_Interactions,0
9934,high risk,B1,Business_Finance_Economy,Entrepreneurship,0
9935,high turnover of staff,B1,Daily_Life,General_Interactions,0
9936,high-,B1,Daily_Life,General_Interactions,0
9937,high-definition tv,B1,Communication_Media_Arts,Speaking_Expressions,0
9938,high-rise,B1,Daily_Life,General_Interactions,0
9939,high-street fashion,B1,Daily_Life,General_Interactions,0
9940,higher,B1,Daily_Life,General_Interactions,0
9941,highest,B1,Daily_Life,General_Interactions,0
9942,highlights,B1,Daily_Life,General_Interactions,0
9943,highly,B1,Daily_Life,General_Interactions,0
9944,highly recommend,B1,Daily_Life,General_Interactions,0
9945,highly speak very of,B1,Communication_Media_Arts,Speaking_Expressions,0
9946,highly valued,B1,Daily_Life,General_Interactions,0
9947,hike,B1,Daily_Life,General_Interactions,0
9948,hike in prices,B1,Business_Finance_Economy,Economy_Markets,0
9949,hiking,B1,Daily_Life,General_Interactions,0
9950,hilarity,B1,Daily_Life,General_Interactions,0
9951,hillside,B1,Health_Medicine,Healthcare_Hospital,0
9952,hilly,B1,Health_Medicine,Healthcare_Hospital,0
9953,himalayan,B1,Daily_Life,General_Interactions,0
9954,himself,B1,Psychology_Emotions,Feelings_Emotions,0
9955,hind,B1,Daily_Life,General_Interactions,0
9956,hinder,B1,Daily_Life,General_Interactions,0
9957,hinder progress,B1,Daily_Life,General_Interactions,0
9958,hindrance,B1,Daily_Life,General_Interactions,0
9959,hinge,B1,Daily_Life,General_Interactions,0
9960,hint,B1,Daily_Life,General_Interactions,0
9961,hinted,B1,Daily_Life,General_Interactions,0
9962,hints,B1,Daily_Life,General_Interactions,0
9963,hire,B1,Daily_Life,General_Interactions,0
9964,hired,B1,Daily_Life,General_Interactions,0
9965,hiring,B1,Daily_Life,General_Interactions,0
9966,hirsute,B1,Daily_Life,General_Interactions,0
9967,historians,B1,Daily_Life,General_Interactions,0
9968,historic,B1,Daily_Life,General_Interactions,0
9969,historical,B1,Daily_Life,General_Interactions,0
9970,histrionic,B1,Daily_Life,General_Interactions,0
9971,hit,B1,Daily_Life,General_Interactions,0
9972,hit the high street,B1,Daily_Life,General_Interactions,0
9973,hit the rocks,B1,Daily_Life,General_Interactions,0
9974,hitherto,B1,Daily_Life,General_Interactions,0
9975,hive,B1,Daily_Life,General_Interactions,0
9976,hoard,B1,Daily_Life,General_Interactions,0
9977,hoary,B1,Daily_Life,General_Interactions,0
9978,hoax,B1,Daily_Life,General_Interactions,0
9979,hobble,B1,Daily_Life,General_Interactions,0
9980,hobby,B1,Daily_Life,General_Interactions,0
9981,hodgepodge,B1,Daily_Life,General_Interactions,0
9982,hold,B1,Daily_Life,General_Interactions,0
9983,hold a conversation,B1,Communication_Media_Arts,Speaking_Expressions,0
9984,hold a demonstration,B1,Daily_Life,General_Interactions,0
9985,hold a festival,B1,Daily_Life,General_Interactions,0
9986,hold a position,B1,Daily_Life,General_Interactions,0
9987,hold a press conference,B1,Communication_Media_Arts,Media_Journalism,0
9988,hold someone's attention,B1,Daily_Life,General_Interactions,0
9989,hold someone/something in contempt,B1,Daily_Life,General_Interactions,0
9990,holding,B1,Daily_Life,General_Interactions,0
9991,hole,B1,Daily_Life,General_Interactions,0
9992,holes,B1,Daily_Life,General_Interactions,0
9993,holistic,B1,Daily_Life,General_Interactions,0
9994,hollow,B1,Daily_Life,General_Interactions,0
9995,holocaust,B1,Daily_Life,General_Interactions,0
9996,hologram,B1,Daily_Life,General_Interactions,0
9997,holster,B1,Daily_Life,General_Interactions,0
9998,homage,B1,Daily_Life,General_Interactions,0
9999,home,B1,Daily_Life,Home_Housing,0
10000,home leave,B1,Daily_Life,Home_Housing,0
10001,home second,B1,Daily_Life,Home_Housing,0
10002,homily,B1,Daily_Life,General_Interactions,0
10003,homogeneous,B1,Science_Nature,Biology_Life_Sciences,0
10004,homophily,B1,Daily_Life,General_Interactions,0
10005,hon our a commitment,B1,Daily_Life,General_Interactions,0
10006,hone,B1,Daily_Life,General_Interactions,0
10007,hone your skills,B1,Education,Learning_Skills,0
10008,honest,B1,Psychology_Emotions,Personality,0
10009,honestly think,B1,Psychology_Emotions,Personality,0
10010,honey,B1,Daily_Life,General_Interactions,0
10011,honor,B1,Daily_Life,General_Interactions,0
10012,honour a commitment,B1,Daily_Life,General_Interactions,0
10013,hoodwink,B1,Daily_Life,General_Interactions,0
10014,hook,B1,Daily_Life,General_Interactions,0
10015,hope,B1,Daily_Life,General_Interactions,0
10016,hoped,B1,Daily_Life,General_Interactions,0
10017,hopelessly lost,B1,Daily_Life,General_Interactions,0
10018,hopping,B1,Daily_Life,General_Interactions,0
10019,hopping mad,B1,Daily_Life,General_Interactions,0
10020,horde,B1,Daily_Life,General_Interactions,0
10021,hormone,B1,Daily_Life,General_Interactions,0
10022,horrendous,B1,Daily_Life,General_Interactions,0
10023,horror,B1,Daily_Life,General_Interactions,0
10024,horrror,B1,Daily_Life,General_Interactions,0
10025,horse,B1,Daily_Life,General_Interactions,0
10026,horse-drawn,B1,Communication_Media_Arts,Speaking_Expressions,0
10027,horticulture,B1,Daily_Life,General_Interactions,0
10028,host,B1,Daily_Life,General_Interactions,0
10029,host of,B1,Daily_Life,General_Interactions,0
10030,hostile,B1,Daily_Life,General_Interactions,0
10031,hot-air,B1,Technology_Digital,Artificial_Intelligence,0
10032,hotel,B1,Travel_Transportation,Hotels_Tourism,0
10033,hotter,B1,Daily_Life,General_Interactions,0
10034,hour,B1,Daily_Life,Time_Management,0
10035,house,B1,Daily_Life,Home_Housing,0
10036,housed,B1,Daily_Life,Home_Housing,0
10037,household,B1,Daily_Life,Home_Housing,0
10038,households,B1,Daily_Life,Home_Housing,0
10039,housing,B1,Communication_Media_Arts,Speaking_Expressions,0
10040,hovel,B1,Daily_Life,General_Interactions,0
10041,hover,B1,Daily_Life,General_Interactions,0
10042,however,B1,Daily_Life,General_Interactions,0
10043,hub,B1,Daily_Life,General_Interactions,0
10044,hubris,B1,Daily_Life,General_Interactions,0
10045,hubs,B1,Daily_Life,General_Interactions,0
10046,huge,B1,Daily_Life,General_Interactions,0
10047,hugely popular look,B1,Daily_Life,General_Interactions,0
10048,hull,B1,Daily_Life,General_Interactions,0
10049,human,B1,Daily_Life,General_Interactions,0
10050,human-induced,B1,Daily_Life,General_Interactions,0
10051,humane,B1,Daily_Life,General_Interactions,0
10052,humanism,B1,Daily_Life,General_Interactions,0
10053,humans,B1,Daily_Life,General_Interactions,0
10054,humble,B1,Daily_Life,General_Interactions,0
10055,humid,B1,Daily_Life,General_Interactions,0
10056,humidity,B1,Daily_Life,General_Interactions,0
10057,humiliating defeat,B1,Health_Medicine,Healthcare_Hospital,0
10058,humility,B1,Daily_Life,General_Interactions,0
10059,hummock,B1,Daily_Life,General_Interactions,0
10060,humor,B1,Daily_Life,General_Interactions,0
10061,hundred,B1,Daily_Life,General_Interactions,0
10062,hundredth,B1,Daily_Life,General_Interactions,0
10063,hung,B1,Daily_Life,General_Interactions,0
10064,hunger,B1,Daily_Life,General_Interactions,0
10065,hunk of bread,B1,Communication_Media_Arts,Speaking_Expressions,0
10066,hunt,B1,Daily_Life,General_Interactions,0
10067,hunted,B1,Daily_Life,General_Interactions,0
10068,hunter,B1,Daily_Life,General_Interactions,0
10069,hunter-gatherer,B1,Daily_Life,General_Interactions,0
10070,hunting,B1,Daily_Life,General_Interactions,0
10071,hurdle,B1,Daily_Life,General_Interactions,0
10072,hurl insults,B1,Daily_Life,General_Interactions,0
10073,hurting,B1,Daily_Life,General_Interactions,0
10074,hurtle,B1,Daily_Life,General_Interactions,0
10075,husbandry,B1,Daily_Life,General_Interactions,0
10076,husky voice,B1,Communication_Media_Arts,Speaking_Expressions,0
10077,hybrid,B1,Daily_Life,General_Interactions,0
10078,hybrid car,B1,Travel_Transportation,Road_Travel,0
10079,hydration,B1,Daily_Life,General_Interactions,0
10080,hydrogen,B1,Daily_Life,General_Interactions,0
10081,hydrophobia,B1,Daily_Life,General_Interactions,0
10082,hydrothermal,B1,Daily_Life,General_Interactions,0
10083,hygiene,B1,Daily_Life,General_Interactions,0
10084,hyperbole,B1,Daily_Life,General_Interactions,0
10085,hypochondriac,B1,Daily_Life,General_Interactions,0
10086,hypocrisy,B1,Daily_Life,General_Interactions,0
10087,hypothesis,B1,Science_Nature,Research_Methods,0
10088,hypothetical,B1,Daily_Life,General_Interactions,0
10089,hysteria,B1,Daily_Life,General_Interactions,0
10090,ice sheet,B1,Daily_Life,General_Interactions,0
10091,iceberg,B1,Daily_Life,General_Interactions,0
10092,iconoclast,B1,Daily_Life,General_Interactions,0
10093,icy,B1,Daily_Life,General_Interactions,0
10094,idea,B1,Daily_Life,General_Interactions,0
10095,identical,B1,Daily_Life,General_Interactions,0
10096,identification,B1,Daily_Life,General_Interactions,0
10097,identified,B1,Daily_Life,General_Interactions,0
10098,identify,B1,Daily_Life,General_Interactions,0
10099,identity,B1,Daily_Life,General_Interactions,0
10100,identity theft,B1,Daily_Life,General_Interactions,0
10101,ideology,B1,Daily_Life,General_Interactions,0
10102,idiom,B1,Daily_Life,General_Interactions,0
10103,idiosyncrasies,B1,Daily_Life,General_Interactions,0
10104,idiosyncrasy,B1,Daily_Life,General_Interactions,0
10105,idiosyncratic,B1,Daily_Life,General_Interactions,0
10106,idiot,B1,Daily_Life,General_Interactions,0
10107,idle chatter,B1,Communication_Media_Arts,Speaking_Expressions,0
10108,idle threat,B1,Health_Medicine,Healthcare_Hospital,0
10109,idolatry,B1,Daily_Life,General_Interactions,0
10110,idyllic,B1,Daily_Life,General_Interactions,0
10111,igneous,B1,Daily_Life,General_Interactions,0
10112,ignoble,B1,Daily_Life,General_Interactions,0
10113,ignominious,B1,Daily_Life,General_Interactions,0
10114,ignorance,B1,Daily_Life,General_Interactions,0
10115,ignore,B1,Daily_Life,General_Interactions,0
10116,ignoring,B1,Daily_Life,General_Interactions,0
10117,ill,B1,Health_Medicine,Healthcare_Hospital,0
10118,ill effects,B1,Health_Medicine,Healthcare_Hospital,0
10119,illegal,B1,Society_Law_Politics,Law_Crime,0
10120,illegal substance,B1,Society_Law_Politics,Law_Crime,0
10121,illicit,B1,Health_Medicine,Healthcare_Hospital,0
10122,illness,B1,Health_Medicine,Illness_Diseases,0
10123,illuminate,B1,Health_Medicine,Healthcare_Hospital,0
10124,illuminates,B1,Health_Medicine,Healthcare_Hospital,0
10125,illusion,B1,Health_Medicine,Healthcare_Hospital,0
10126,illusory,B1,Health_Medicine,Healthcare_Hospital,0
10127,illustrate,B1,Business_Finance_Economy,Economy_Markets,0
10128,illustrated,B1,Business_Finance_Economy,Economy_Markets,0
10129,illustrious,B1,Health_Medicine,Healthcare_Hospital,0
10130,image,B1,Daily_Life,General_Interactions,0
10131,imagery,B1,Daily_Life,General_Interactions,0
10132,imaginative,B1,Daily_Life,General_Interactions,0
10133,imagine,B1,Daily_Life,General_Interactions,0
10134,imbalances,B1,Psychology_Emotions,Stress_Mental_State,0
10135,imbibe,B1,Daily_Life,General_Interactions,0
10136,imbroglio,B1,Daily_Life,General_Interactions,0
10137,imitate,B1,Daily_Life,General_Interactions,0
10138,immaculate,B1,Daily_Life,General_Interactions,0
10139,immediate,B1,Communication_Media_Arts,Media_Journalism,0
10140,immediately,B1,Communication_Media_Arts,Media_Journalism,0
10141,immense asset,B1,Daily_Life,General_Interactions,0
10142,immensely,B1,Daily_Life,General_Interactions,0
10143,immersed,B1,Daily_Life,General_Interactions,0
10144,immigrate,B1,Business_Finance_Economy,Economy_Markets,0
10145,immigration,B1,Society_Law_Politics,Social_Issues,0
10146,imminent,B1,Daily_Life,General_Interactions,0
10147,immobile,B1,Technology_Digital,Software_Internet,0
10148,immobility,B1,Daily_Life,General_Interactions,0
10149,immolate,B1,Daily_Life,General_Interactions,0
10150,immoral,B1,Daily_Life,General_Interactions,0
10151,immortal,B1,Daily_Life,General_Interactions,0
10152,immutable,B1,Daily_Life,General_Interactions,0
10153,impact,B1,Psychology_Emotions,Behavior,0
10154,impacting,B1,Psychology_Emotions,Behavior,0
10155,impacts,B1,Psychology_Emotions,Behavior,0
10156,impale,B1,Daily_Life,General_Interactions,0
10157,impart knowledge,B1,Education,Learning_Skills,0
10158,impart wisdom,B1,Communication_Media_Arts,Arts_Creativity,0
10159,imparts,B1,Communication_Media_Arts,Arts_Creativity,0
10160,impasse,B1,Education,Exams_Assessments,0
10161,impassioned,B1,Education,Exams_Assessments,0
10162,impassive,B1,Education,Exams_Assessments,0
10163,impeach,B1,Daily_Life,General_Interactions,0
10164,impeccable,B1,Daily_Life,General_Interactions,0
10165,impecunious,B1,Daily_Life,General_Interactions,0
10166,impede,B1,Daily_Life,General_Interactions,0
10167,impediment,B1,Daily_Life,General_Interactions,0
10168,impel,B1,Daily_Life,General_Interactions,0
10169,impending,B1,Daily_Life,General_Interactions,0
10170,impenetrable,B1,Daily_Life,General_Interactions,0
10171,impenitent,B1,Daily_Life,General_Interactions,0
10172,imperative,B1,Daily_Life,General_Interactions,0
10173,imperceptible,B1,Daily_Life,General_Interactions,0
10174,imperfection,B1,Daily_Life,General_Interactions,0
10175,imperial,B1,Daily_Life,General_Interactions,0
10176,imperious,B1,Daily_Life,General_Interactions,0
10177,impermeable,B1,Daily_Life,General_Interactions,0
10178,impersonal,B1,Psychology_Emotions,Feelings_Emotions,0
10179,impertinent,B1,Daily_Life,General_Interactions,0
10180,imperturbable,B1,Daily_Life,General_Interactions,0
10181,impervious,B1,Daily_Life,General_Interactions,0
10182,impetuous,B1,Daily_Life,General_Interactions,0
10183,impetus,B1,Daily_Life,General_Interactions,0
10184,impiety,B1,Daily_Life,General_Interactions,0
10185,impinge,B1,Daily_Life,General_Interactions,0
10186,impious,B1,Daily_Life,General_Interactions,0
10187,implacable,B1,Daily_Life,General_Interactions,0
10188,implants,B1,Science_Nature,Biology_Life_Sciences,0
10189,implausible,B1,Daily_Life,General_Interactions,0
10190,implement a change,B1,Daily_Life,General_Interactions,0
10191,implement a plan,B1,Daily_Life,General_Interactions,0
10192,implementation,B1,Daily_Life,General_Interactions,0
10193,implementing,B1,Daily_Life,General_Interactions,0
10194,implements,B1,Daily_Life,General_Interactions,0
10195,implication,B1,Daily_Life,General_Interactions,0
10196,implicit,B1,Daily_Life,General_Interactions,0
10197,implies,B1,Daily_Life,General_Interactions,0
10198,imply,B1,Daily_Life,General_Interactions,0
10199,import,B1,Daily_Life,General_Interactions,0
10200,importance,B1,Daily_Life,General_Interactions,0
10201,important,B1,Daily_Life,General_Interactions,0
10202,imported,B1,Daily_Life,General_Interactions,0
10203,importunate,B1,Daily_Life,General_Interactions,0
10204,impose,B1,Daily_Life,General_Interactions,0
10205,impose censorship,B1,Daily_Life,General_Interactions,0
10206,imposing,B1,Communication_Media_Arts,Speaking_Expressions,0
10207,impossible,B1,Daily_Life,General_Interactions,0
10208,impostor,B1,Technology_Digital,Social_Media,0
10209,impotent,B1,Daily_Life,General_Interactions,0
10210,imprecise,B1,Daily_Life,General_Interactions,0
10211,impregnable,B1,Daily_Life,General_Interactions,0
10212,impress,B1,Communication_Media_Arts,Media_Journalism,0
10213,imprint,B1,Daily_Life,General_Interactions,0
10214,imprison,B1,Society_Law_Politics,Law_Crime,0
10215,improbable,B1,Daily_Life,General_Interactions,0
10216,impromptu,B1,Daily_Life,General_Interactions,0
10217,impropriety,B1,Daily_Life,General_Interactions,0
10218,improve,B1,Daily_Life,General_Interactions,0
10219,improvement,B1,Daily_Life,General_Interactions,0
10220,improvements,B1,Daily_Life,General_Interactions,0
10221,improves,B1,Daily_Life,General_Interactions,0
10222,improvident,B1,Daily_Life,General_Interactions,0
10223,improving,B1,Daily_Life,General_Interactions,0
10224,improvise,B1,Daily_Life,General_Interactions,0
10225,imprudent,B1,Daily_Life,General_Interactions,0
10226,impudent,B1,Daily_Life,General_Interactions,0
10227,impugn,B1,Daily_Life,General_Interactions,0
10228,impulse,B1,Daily_Life,General_Interactions,0
10229,impulsive,B1,Daily_Life,General_Interactions,0
10230,impulsivity,B1,Daily_Life,General_Interactions,0
10231,impunity,B1,Daily_Life,General_Interactions,0
10232,in a position of authority,B1,Daily_Life,General_Interactions,0
10233,in a state of shock,B1,Daily_Life,General_Interactions,0
10234,in a straightforward way,B1,Technology_Digital,Artificial_Intelligence,0
10235,in breach of the law,B1,Society_Law_Politics,Law_Crime,0
10236,in broad agreement,B1,Travel_Transportation,Road_Travel,0
10237,in marked contrast to,B1,Daily_Life,General_Interactions,0
10238,in the full glare of publicity,B1,Daily_Life,General_Interactions,0
10239,in the middle of nowhere,B1,Daily_Life,General_Interactions,0
10240,in-depth critique,B1,Daily_Life,General_Interactions,0
10241,in-depth critque,B1,Daily_Life,General_Interactions,0
10242,in-house marketing team,B1,Business_Finance_Economy,Economy_Markets,0
10243,inaccurate,B1,Business_Finance_Economy,Economy_Markets,0
10244,inadvertent,B1,Daily_Life,General_Interactions,0
10245,inalienable,B1,Daily_Life,General_Interactions,0
10246,inane,B1,Daily_Life,General_Interactions,0
10247,inanimate,B1,Daily_Life,General_Interactions,0
10248,inarticulate,B1,Communication_Media_Arts,Arts_Creativity,0
10249,inasmuch,B1,Daily_Life,General_Interactions,0
10250,inaugurated,B1,Business_Finance_Economy,Economy_Markets,0
10251,inauspicious,B1,Daily_Life,General_Interactions,0
10252,incarnate,B1,Travel_Transportation,Road_Travel,0
10253,incendiary,B1,Daily_Life,General_Interactions,0
10254,incense,B1,Daily_Life,General_Interactions,0
10255,inception,B1,Daily_Life,General_Interactions,0
10256,incessant noise,B1,Daily_Life,General_Interactions,0
10257,inchdate,B1,Daily_Life,General_Interactions,0
10258,incidence,B1,Daily_Life,General_Interactions,0
10259,incident,B1,Daily_Life,General_Interactions,0
10260,incidental,B1,Daily_Life,General_Interactions,0
10261,incidentally,B1,Daily_Life,General_Interactions,0
10262,incipient,B1,Daily_Life,General_Interactions,0
10263,incisive,B1,Daily_Life,General_Interactions,0
10264,incite,B1,Daily_Life,General_Interactions,0
10265,incite violence,B1,Daily_Life,General_Interactions,0
10266,inclement,B1,Daily_Life,General_Interactions,0
10267,inclement weather,B1,Science_Nature,Natural_Phenomena,0
10268,inclination,B1,Daily_Life,General_Interactions,0
10269,inclined,B1,Daily_Life,General_Interactions,0
10270,include,B1,Daily_Life,General_Interactions,0
10271,included,B1,Daily_Life,General_Interactions,0
10272,includes,B1,Daily_Life,General_Interactions,0
10273,including,B1,Daily_Life,General_Interactions,0
10274,inclusions,B1,Daily_Life,General_Interactions,0
10275,inclusive,B1,Daily_Life,General_Interactions,0
10276,inclusivity,B1,Daily_Life,General_Interactions,0
10277,incognito,B1,Daily_Life,General_Interactions,0
10278,incoherent,B1,Daily_Life,Home_Housing,0
10279,incompatible,B1,Daily_Life,General_Interactions,0
10280,incomplete,B1,Daily_Life,General_Interactions,0
10281,incomprehensible,B1,Daily_Life,General_Interactions,0
10282,inconceivable,B1,Daily_Life,General_Interactions,0
10283,inconclusive,B1,Daily_Life,General_Interactions,0
10284,incongruous,B1,Daily_Life,General_Interactions,0
10285,inconsequential,B1,Daily_Life,General_Interactions,0
10286,inconsiderable,B1,Daily_Life,General_Interactions,0
10287,inconsistent,B1,Daily_Life,General_Interactions,0
10288,inconsolable,B1,Science_Nature,Natural_Phenomena,0
10289,inconsolable grief,B1,Science_Nature,Natural_Phenomena,0
10290,inconspicuous,B1,Daily_Life,General_Interactions,0
10291,incontrovertible,B1,Daily_Life,General_Interactions,0
10292,inconvenience,B1,Daily_Life,General_Interactions,0
10293,incorporate,B1,Business_Finance_Economy,Economy_Markets,0
10294,incorrect,B1,Daily_Life,General_Interactions,0
10295,incorrigible,B1,Daily_Life,General_Interactions,0
10296,increase,B1,Daily_Life,General_Interactions,0
10297,increase dramatically,B1,Daily_Life,General_Interactions,0
10298,increase output,B1,Daily_Life,General_Interactions,0
10299,increase significantly,B1,Daily_Life,General_Interactions,0
10300,increase your stress levels,B1,Health_Medicine,Mental_Health,0
10301,increased,B1,Daily_Life,General_Interactions,0
10302,increases,B1,Daily_Life,General_Interactions,0
10303,increasing,B1,Communication_Media_Arts,Speaking_Expressions,0
10304,increasingly,B1,Communication_Media_Arts,Speaking_Expressions,0
10305,incredible,B1,Daily_Life,General_Interactions,0
10306,increment,B1,Daily_Life,General_Interactions,0
10307,incriminate,B1,Daily_Life,General_Interactions,0
10308,incubate,B1,Daily_Life,General_Interactions,0
10309,inculcate,B1,Daily_Life,General_Interactions,0
10310,incumbent,B1,Daily_Life,General_Interactions,0
10311,incursion,B1,Daily_Life,General_Interactions,0
10312,indebted,B1,Business_Finance_Economy,Finance_Banking,0
10313,indecisive,B1,Daily_Life,General_Interactions,0
10314,indefatigable,B1,Daily_Life,General_Interactions,0
10315,indelible,B1,Daily_Life,General_Interactions,0
10316,indelible impression,B1,Communication_Media_Arts,Media_Journalism,0
10317,indelible impressions,B1,Communication_Media_Arts,Media_Journalism,0
10318,indemnify,B1,Daily_Life,General_Interactions,0
10319,indent,B1,Daily_Life,General_Interactions,0
10320,indeterminate,B1,Daily_Life,General_Interactions,0
10321,index,B1,Daily_Life,General_Interactions,0
10322,indicate,B1,Daily_Life,General_Interactions,0
10323,indicated,B1,Daily_Life,General_Interactions,0
10324,indication,B1,Daily_Life,General_Interactions,0
10325,indications,B1,Daily_Life,General_Interactions,0
10326,indicators,B1,Daily_Life,General_Interactions,0
10327,indict,B1,Daily_Life,General_Interactions,0
10328,indigent,B1,Daily_Life,General_Interactions,0
10329,indignant,B1,Daily_Life,General_Interactions,0
10330,indirect,B1,Daily_Life,General_Interactions,0
10331,indiscriminately,B1,Daily_Life,General_Interactions,0
10332,indispensable,B1,Daily_Life,General_Interactions,0
10333,indissoluble,B1,Daily_Life,General_Interactions,0
10334,indistinct,B1,Daily_Life,General_Interactions,0
10335,indite,B1,Daily_Life,General_Interactions,0
10336,individually,B1,Daily_Life,General_Interactions,0
10337,individuals,B1,Daily_Life,General_Interactions,0
10338,indoctrinate,B1,Daily_Life,General_Interactions,0
10339,indolent,B1,Daily_Life,General_Interactions,0
10340,indomitable,B1,Daily_Life,General_Interactions,0
10341,indoor,B1,Daily_Life,General_Interactions,0
10342,indubitable,B1,Daily_Life,General_Interactions,0
10343,induce,B1,Daily_Life,General_Interactions,0
10344,inducement,B1,Daily_Life,General_Interactions,0
10345,induct,B1,Daily_Life,General_Interactions,0
10346,inductive,B1,Daily_Life,General_Interactions,0
10347,indulge,B1,Daily_Life,General_Interactions,0
10348,indurate,B1,Business_Finance_Economy,Economy_Markets,0
10349,industrial,B1,Daily_Life,General_Interactions,0
10350,industry,B1,Daily_Life,General_Interactions,0
10351,ineffable,B1,Daily_Life,General_Interactions,0
10352,ineffectively,B1,Daily_Life,General_Interactions,0
10353,ineluctable,B1,Daily_Life,General_Interactions,0
10354,inept,B1,Daily_Life,General_Interactions,0
10355,inequalities,B1,Daily_Life,General_Interactions,0
10356,inequality,B1,Society_Law_Politics,Social_Issues,0
10357,inequity,B1,Daily_Life,General_Interactions,0
10358,inert,B1,Daily_Life,General_Interactions,0
10359,inestimable,B1,Daily_Life,General_Interactions,0
10360,inevitability,B1,Education,Learning_Skills,0
10361,inevitably,B1,Daily_Life,General_Interactions,0
10362,inexorable,B1,Daily_Life,General_Interactions,0
10363,inexpensive,B1,Daily_Life,General_Interactions,0
10364,infallible,B1,Daily_Life,General_Interactions,0
10365,infamous,B1,Daily_Life,General_Interactions,0
10366,infant,B1,Daily_Life,General_Interactions,0
10367,infantile,B1,Daily_Life,General_Interactions,0
10368,infants,B1,Daily_Life,General_Interactions,0
10369,infatuate,B1,Daily_Life,General_Interactions,0
10370,infectious,B1,Daily_Life,General_Interactions,0
10371,infectious disease,B1,Health_Medicine,Illness_Diseases,0
10372,infer,B1,Daily_Life,General_Interactions,0
10373,infernal,B1,Daily_Life,General_Interactions,0
10374,inferno,B1,Daily_Life,General_Interactions,0
10375,infinite,B1,Daily_Life,General_Interactions,0
10376,infinite patience,B1,Daily_Life,General_Interactions,0
10377,infirm,B1,Daily_Life,General_Interactions,0
10378,infirmary,B1,Daily_Life,General_Interactions,0
10379,inflamed,B1,Daily_Life,General_Interactions,0
10380,inflate,B1,Daily_Life,General_Interactions,0
10381,inflating,B1,Daily_Life,General_Interactions,0
10382,inflexible,B1,Daily_Life,General_Interactions,0
10383,inflict,B1,Daily_Life,General_Interactions,0
10384,influence,B1,Daily_Life,General_Interactions,0
10385,influenced,B1,Daily_Life,General_Interactions,0
10386,influences,B1,Daily_Life,General_Interactions,0
10387,influencing,B1,Daily_Life,General_Interactions,0
10388,influential,B1,Daily_Life,General_Interactions,0
10389,inform,B1,Daily_Life,General_Interactions,0
10390,informal,B1,Daily_Life,General_Interactions,0
10391,information,B1,Daily_Life,General_Interactions,0
10392,infraction,B1,Psychology_Emotions,Behavior,0
10393,infrastructure,B1,Daily_Life,General_Interactions,0
10394,infrequent,B1,Daily_Life,General_Interactions,0
10395,infringe,B1,Daily_Life,General_Interactions,0
10396,infringe the regulations,B1,Society_Law_Politics,Public_Policies,0
10397,infuriate,B1,Daily_Life,General_Interactions,0
10398,infuse,B1,Daily_Life,General_Interactions,0
10399,ingenuity,B1,Daily_Life,General_Interactions,0
10400,ingenuous,B1,Daily_Life,General_Interactions,0
10401,ingest,B1,Daily_Life,General_Interactions,0
10402,ingrate,B1,Business_Finance_Economy,Economy_Markets,0
10403,ingredient,B1,Daily_Life,General_Interactions,0
10404,inherently,B1,Daily_Life,Home_Housing,0
10405,inherit,B1,Daily_Life,General_Interactions,0
10406,inhibited,B1,Daily_Life,General_Interactions,0
10407,inhibits,B1,Daily_Life,General_Interactions,0
10408,inhospitable,B1,Daily_Life,General_Interactions,0
10409,inhuman,B1,Daily_Life,General_Interactions,0
10410,inimical,B1,Daily_Life,General_Interactions,0
10411,iniquitous,B1,Daily_Life,General_Interactions,0
10412,initial,B1,Daily_Life,General_Interactions,0
10413,initially,B1,Daily_Life,General_Interactions,0
10414,initiated,B1,Daily_Life,General_Interactions,0
10415,initiatives,B1,Daily_Life,General_Interactions,0
10416,injunction,B1,Daily_Life,General_Interactions,0
10417,injured,B1,Daily_Life,General_Interactions,0
10418,injuries,B1,Daily_Life,General_Interactions,0
10419,injuring,B1,Daily_Life,General_Interactions,0
10420,injurious,B1,Daily_Life,General_Interactions,0
10421,injury,B1,Health_Medicine,Healthcare_Hospital,0
10422,ink,B1,Daily_Life,General_Interactions,0
10423,inland,B1,Daily_Life,General_Interactions,0
10424,innate,B1,Daily_Life,General_Interactions,0
10425,inner,B1,Daily_Life,General_Interactions,0
10426,innocent,B1,Daily_Life,General_Interactions,0
10427,innocuous,B1,Daily_Life,General_Interactions,0
10428,innovate,B1,Daily_Life,General_Interactions,0
10429,innovation,B1,Business_Finance_Economy,Entrepreneurship,0
10430,innovations,B1,Business_Finance_Economy,Entrepreneurship,0
10431,innuendo,B1,Daily_Life,General_Interactions,0
10432,inopportune,B1,Daily_Life,General_Interactions,0
10433,inordinate amount,B1,Daily_Life,General_Interactions,0
10434,input,B1,Daily_Life,General_Interactions,0
10435,inquire,B1,Daily_Life,General_Interactions,0
10436,inquiries,B1,Daily_Life,General_Interactions,0
10437,inquisitive,B1,Daily_Life,General_Interactions,0
10438,insatiable,B1,Daily_Life,General_Interactions,0
10439,inscribe,B1,Daily_Life,General_Interactions,0
10440,inscrutable,B1,Daily_Life,General_Interactions,0
10441,insect,B1,Daily_Life,General_Interactions,0
10442,inseminate,B1,Daily_Life,General_Interactions,0
10443,insensate,B1,Daily_Life,General_Interactions,0
10444,insert,B1,Daily_Life,General_Interactions,0
10445,inside,B1,Daily_Life,General_Interactions,0
10446,insidious,B1,Daily_Life,General_Interactions,0
10447,insight,B1,Daily_Life,General_Interactions,0
10448,insight into,B1,Daily_Life,General_Interactions,0
10449,insights,B1,Daily_Life,General_Interactions,0
10450,insignia,B1,Daily_Life,General_Interactions,0
10451,insinuate,B1,Daily_Life,General_Interactions,0
10452,insipid,B1,Daily_Life,General_Interactions,0
10453,insistent,B1,Daily_Life,General_Interactions,0
10454,insolent,B1,Daily_Life,General_Interactions,0
10455,insoluble,B1,Daily_Life,General_Interactions,0
10456,insolvent,B1,Daily_Life,General_Interactions,0
10457,insomnia,B1,Daily_Life,General_Interactions,0
10458,inspect,B1,Daily_Life,General_Interactions,0
10459,inspiration,B1,Daily_Life,General_Interactions,0
10460,inspire,B1,Psychology_Emotions,Motivation,0
10461,instability,B1,Education,Learning_Skills,0
10462,install equipment,B1,Daily_Life,General_Interactions,0
10463,installed,B1,Daily_Life,General_Interactions,0
10464,installing,B1,Daily_Life,General_Interactions,0
10465,instance,B1,Daily_Life,General_Interactions,0
10466,instant,B1,Daily_Life,General_Interactions,0
10467,instantly recall,B1,Daily_Life,General_Interactions,0
10468,instead,B1,Daily_Life,General_Interactions,0
10469,instigate measures,B1,Daily_Life,General_Interactions,0
10470,instigated,B1,Daily_Life,General_Interactions,0
10471,instill,B1,Health_Medicine,Healthcare_Hospital,0
10472,instinctively,B1,Daily_Life,General_Interactions,0
10473,institute,B1,Daily_Life,General_Interactions,0
10474,institutions,B1,Daily_Life,General_Interactions,0
10475,instruct,B1,Daily_Life,General_Interactions,0
10476,instructed,B1,Daily_Life,General_Interactions,0
10477,instructions,B1,Daily_Life,General_Interactions,0
10478,instructive,B1,Daily_Life,General_Interactions,0
10479,instructor,B1,Daily_Life,General_Interactions,0
10480,instrumental,B1,Health_Medicine,Mental_Health,0
10481,instruments,B1,Daily_Life,General_Interactions,0
10482,insular,B1,Daily_Life,General_Interactions,0
10483,insulate,B1,Daily_Life,General_Interactions,0
10484,insulation,B1,Daily_Life,General_Interactions,0
10485,insuperable,B1,Daily_Life,General_Interactions,0
10486,insurgent,B1,Daily_Life,General_Interactions,0
10487,insurmountable,B1,Daily_Life,General_Interactions,0
10488,insurrection,B1,Daily_Life,General_Interactions,0
10489,intangible,B1,Daily_Life,General_Interactions,0
10490,integrate,B1,Business_Finance_Economy,Economy_Markets,0
10491,integration,B1,Daily_Life,General_Interactions,0
10492,intellect,B1,Communication_Media_Arts,Speaking_Expressions,0
10493,intellectual,B1,Communication_Media_Arts,Speaking_Expressions,0
10494,intelligence,B1,Communication_Media_Arts,Speaking_Expressions,0
10495,intelligible,B1,Communication_Media_Arts,Speaking_Expressions,0
10496,intemperate,B1,Business_Finance_Economy,Economy_Markets,0
10497,intend,B1,Daily_Life,General_Interactions,0
10498,intended,B1,Daily_Life,General_Interactions,0
10499,intense,B1,Daily_Life,General_Interactions,0
10500,intensely personal,B1,Psychology_Emotions,Feelings_Emotions,0
10501,intensity,B1,Daily_Life,General_Interactions,0
10502,intent,B1,Daily_Life,General_Interactions,0
10503,inter,B1,Daily_Life,General_Interactions,0
10504,interact,B1,Psychology_Emotions,Behavior,0
10505,interacting,B1,Psychology_Emotions,Behavior,0
10506,interaction,B1,Psychology_Emotions,Behavior,0
10507,interactions,B1,Psychology_Emotions,Behavior,0
10508,intercede,B1,Daily_Life,General_Interactions,0
10509,interchangeable,B1,Daily_Life,General_Interactions,0
10510,intercollegiate,B1,Daily_Life,General_Interactions,0
10511,interconnected,B1,Daily_Life,General_Interactions,0
10512,intercourse,B1,Education,University_School,0
10513,interdisciplinary,B1,Daily_Life,General_Interactions,0
10514,interest,B1,Daily_Life,General_Interactions,0
10515,interest-free overdraft,B1,Daily_Life,General_Interactions,0
10516,interested,B1,Daily_Life,General_Interactions,0
10517,interesting,B1,Daily_Life,General_Interactions,0
10518,interests,B1,Daily_Life,General_Interactions,0
10519,interfere,B1,Daily_Life,General_Interactions,0
10520,interference,B1,Daily_Life,General_Interactions,0
10521,interim,B1,Daily_Life,General_Interactions,0
10522,interior,B1,Daily_Life,General_Interactions,0
10523,interlocked,B1,Daily_Life,General_Interactions,0
10524,interloper,B1,Daily_Life,General_Interactions,0
10525,interminable,B1,Daily_Life,General_Interactions,0
10526,intermingle,B1,Daily_Life,General_Interactions,0
10527,intermittent,B1,Daily_Life,General_Interactions,0
10528,intern,B1,Daily_Life,General_Interactions,0
10529,internal,B1,Daily_Life,General_Interactions,0
10530,internecine,B1,Daily_Life,General_Interactions,0
10531,internet,B1,Technology_Digital,Software_Internet,0
10532,interns,B1,Daily_Life,General_Interactions,0
10533,internship,B1,Daily_Life,General_Interactions,0
10534,internships,B1,Daily_Life,General_Interactions,0
10535,interpersonal skills,B1,Education,Learning_Skills,0
10536,interplay,B1,Communication_Media_Arts,Speaking_Expressions,0
10537,interpolate,B1,Daily_Life,General_Interactions,0
10538,interpose,B1,Daily_Life,General_Interactions,0
10539,interpretative,B1,Daily_Life,General_Interactions,0
10540,interpreted,B1,Daily_Life,General_Interactions,0
10541,interrogate,B1,Daily_Life,General_Interactions,0
10542,interrupt,B1,Daily_Life,General_Interactions,0
10543,interrupted,B1,Daily_Life,General_Interactions,0
10544,interruptions,B1,Daily_Life,General_Interactions,0
10545,interval,B1,Daily_Life,General_Interactions,0
10546,interventions,B1,Daily_Life,General_Interactions,0
10547,interview exclusive,B1,Communication_Media_Arts,Media_Journalism,0
10548,interview in-depth,B1,Communication_Media_Arts,Media_Journalism,0
10549,interviewed,B1,Communication_Media_Arts,Media_Journalism,0
10550,intimate,B1,Daily_Life,General_Interactions,0
10551,intimidate,B1,Daily_Life,General_Interactions,0
10552,intoxicate,B1,Daily_Life,General_Interactions,0
10553,intractable,B1,Psychology_Emotions,Behavior,0
10554,intransigent,B1,Daily_Life,General_Interactions,0
10555,intrepid explorer,B1,Daily_Life,General_Interactions,0
10556,intriguing,B1,Daily_Life,General_Interactions,0
10557,intrinsically,B1,Daily_Life,General_Interactions,0
10558,introduce,B1,Daily_Life,General_Interactions,0
10559,introduce a levy,B1,Daily_Life,General_Interactions,0
10560,introduce a neighbourhood watch scheme,B1,Daily_Life,General_Interactions,0
10561,introduce green taxes,B1,Science_Nature,Environment_Ecology,0
10562,introduce new legislation,B1,Daily_Life,General_Interactions,0
10563,introduce regulations,B1,Society_Law_Politics,Public_Policies,0
10564,introduced,B1,Daily_Life,General_Interactions,0
10565,introducing,B1,Daily_Life,General_Interactions,0
10566,introduction,B1,Daily_Life,General_Interactions,0
10567,introspective,B1,Daily_Life,General_Interactions,0
10568,intrude,B1,Daily_Life,General_Interactions,0
10569,intruders,B1,Daily_Life,General_Interactions,0
10570,intuitive,B1,Daily_Life,General_Interactions,0
10571,inure,B1,Daily_Life,General_Interactions,0
10572,invade,B1,Daily_Life,General_Interactions,0
10573,invaled,B1,Daily_Life,General_Interactions,0
10574,invaluable,B1,Daily_Life,General_Interactions,0
10575,invariably,B1,Daily_Life,General_Interactions,0
10576,invective,B1,Daily_Life,General_Interactions,0
10577,invent,B1,Daily_Life,General_Interactions,0
10578,invented,B1,Daily_Life,General_Interactions,0
10579,inventing,B1,Daily_Life,General_Interactions,0
10580,invention,B1,Daily_Life,General_Interactions,0
10581,inventor,B1,Daily_Life,General_Interactions,0
10582,invertebrates,B1,Business_Finance_Economy,Economy_Markets,0
10583,invest in infrastructure,B1,Business_Finance_Economy,Finance_Banking,0
10584,invest in the long-term,B1,Business_Finance_Economy,Finance_Banking,0
10585,invest in the long~term,B1,Business_Finance_Economy,Finance_Banking,0
10586,investigate,B1,Business_Finance_Economy,Finance_Banking,0
10587,investigate a crime,B1,Business_Finance_Economy,Finance_Banking,0
10588,investigate an arms deal,B1,Business_Finance_Economy,Finance_Banking,0
10589,investigates,B1,Business_Finance_Economy,Finance_Banking,0
10590,investigations,B1,Education,Academic_Study,0
10591,investment,B1,Business_Finance_Economy,Finance_Banking,0
10592,investor,B1,Business_Finance_Economy,Finance_Banking,0
10593,inveterate,B1,Business_Finance_Economy,Economy_Markets,0
10594,invidious,B1,Daily_Life,General_Interactions,0
10595,invigorate,B1,Business_Finance_Economy,Economy_Markets,0
10596,invincible,B1,Daily_Life,General_Interactions,0
10597,inviolable,B1,Science_Nature,Natural_Phenomena,0
10598,invisible,B1,Daily_Life,General_Interactions,0
10599,invite,B1,Daily_Life,General_Interactions,0
10600,invited,B1,Daily_Life,General_Interactions,0
10601,invoked,B1,Daily_Life,General_Interactions,0
10602,involuntary,B1,Daily_Life,General_Interactions,0
10603,involve,B1,Daily_Life,General_Interactions,0
10604,involved,B1,Daily_Life,General_Interactions,0
10605,involvement,B1,Daily_Life,General_Interactions,0
10606,involving,B1,Daily_Life,General_Interactions,0
10607,invulnerable,B1,Daily_Life,General_Interactions,0
10608,iota,B1,Daily_Life,General_Interactions,0
10609,irascible,B1,Daily_Life,General_Interactions,0
10610,irate,B1,Business_Finance_Economy,Economy_Markets,0
10611,ire,B1,Daily_Life,General_Interactions,0
10612,iridescent,B1,Daily_Life,General_Interactions,0
10613,iron,B1,Daily_Life,General_Interactions,0
10614,ironic,B1,Daily_Life,General_Interactions,0
10615,ironically,B1,Daily_Life,General_Interactions,0
10616,irony,B1,Daily_Life,General_Interactions,0
10617,irrational,B1,Daily_Life,General_Interactions,0
10618,irreconcilable,B1,Science_Nature,Natural_Phenomena,0
10619,irrecoverable,B1,Health_Medicine,Healthcare_Hospital,0
10620,irrefutable,B1,Daily_Life,General_Interactions,0
10621,irregular,B1,Daily_Life,Routine_Activities,0
10622,irrelevant,B1,Daily_Life,General_Interactions,0
10623,irreparable,B1,Daily_Life,General_Interactions,0
10624,irrepressible,B1,Communication_Media_Arts,Media_Journalism,0
10625,irreproachable,B1,Daily_Life,General_Interactions,0
10626,irresolute,B1,Daily_Life,General_Interactions,0
10627,irreverent,B1,Daily_Life,Home_Housing,0
10628,irreversible climate change,B1,Science_Nature,Environment_Ecology,0
10629,irrevocable,B1,Daily_Life,General_Interactions,0
10630,irritated,B1,Daily_Life,General_Interactions,0
10631,irritation,B1,Daily_Life,General_Interactions,0
10632,isolate,B1,Daily_Life,General_Interactions,0
10633,isolation,B1,Daily_Life,General_Interactions,0
10634,isotope,B1,Daily_Life,General_Interactions,0
10635,issue,B1,Daily_Life,General_Interactions,0
10636,issue a denial,B1,Daily_Life,General_Interactions,0
10637,issued,B1,Daily_Life,General_Interactions,0
10638,issues,B1,Daily_Life,General_Interactions,0
10639,it goes without saying,B1,Communication_Media_Arts,Speaking_Expressions,0
10640,it is my firm conviction,B1,Daily_Life,General_Interactions,0
10641,it is the snake's breeding season,B1,Daily_Life,General_Interactions,0
10642,it would make a change,B1,Daily_Life,General_Interactions,0
10643,item,B1,Daily_Life,General_Interactions,0
10644,item of information,B1,Daily_Life,General_Interactions,0
10645,itinerant,B1,Daily_Life,General_Interactions,0
10646,itself,B1,Psychology_Emotions,Feelings_Emotions,0
10647,jaded,B1,Daily_Life,General_Interactions,0
10648,jar,B1,Daily_Life,General_Interactions,0
10649,jaundice,B1,Daily_Life,General_Interactions,0
10650,jaunt,B1,Daily_Life,General_Interactions,0
10651,jaw,B1,Daily_Life,General_Interactions,0
10652,jealous,B1,Daily_Life,General_Interactions,0
10653,jenny,B1,Daily_Life,General_Interactions,0
10654,jeopardize,B1,Daily_Life,General_Interactions,0
10655,jeopardy,B1,Daily_Life,General_Interactions,0
10656,jet lag,B1,Daily_Life,General_Interactions,0
10657,jettison,B1,Daily_Life,General_Interactions,0
10658,jewellery,B1,Daily_Life,General_Interactions,0
10659,jewelry,B1,Daily_Life,General_Interactions,0
10660,jingoist,B1,Daily_Life,General_Interactions,0
10661,job,B1,Business_Finance_Economy,Jobs_Careers,0
10662,job fair,B1,Business_Finance_Economy,Jobs_Careers,0
10663,jocose,B1,Daily_Life,General_Interactions,0
10664,jocular,B1,Daily_Life,General_Interactions,0
10665,join,B1,Daily_Life,General_Interactions,0
10666,join (in) the festivities,B1,Daily_Life,General_Interactions,0
10667,join in the festivities,B1,Daily_Life,General_Interactions,0
10668,join the staff,B1,Daily_Life,General_Interactions,0
10669,joined,B1,Daily_Life,General_Interactions,0
10670,joining,B1,Daily_Life,General_Interactions,0
10671,joint effort,B1,Daily_Life,General_Interactions,0
10672,joke,B1,Daily_Life,General_Interactions,0
10673,joked,B1,Daily_Life,General_Interactions,0
10674,joking,B1,Daily_Life,General_Interactions,0
10675,jolt,B1,Daily_Life,General_Interactions,0
10676,jostle,B1,Daily_Life,General_Interactions,0
10677,jot down a number room,B1,Daily_Life,Home_Housing,0
10678,jot down a phone number,B1,Technology_Digital,Devices_Hardware,0
10679,jot down a room number,B1,Daily_Life,Home_Housing,0
10680,jot down an address,B1,Daily_Life,General_Interactions,0
10681,journal,B1,Communication_Media_Arts,Speaking_Expressions,0
10682,journey,B1,Travel_Transportation,Road_Travel,0
10683,jovial,B1,Daily_Life,General_Interactions,0
10684,joy,B1,Psychology_Emotions,Feelings_Emotions,0
10685,jubilation,B1,Daily_Life,General_Interactions,0
10686,judge,B1,Society_Law_Politics,Law_Crime,0
10687,judge someone harshly,B1,Society_Law_Politics,Law_Crime,0
10688,judging,B1,Daily_Life,General_Interactions,0
10689,judicious,B1,Daily_Life,General_Interactions,0
10690,juggernaut,B1,Daily_Life,General_Interactions,0
10691,juicy gossip,B1,Daily_Life,General_Interactions,0
10692,jump,B1,Daily_Life,General_Interactions,0
10693,jump at the chance,B1,Daily_Life,General_Interactions,0
10694,jump for joy,B1,Psychology_Emotions,Feelings_Emotions,0
10695,jump to a conclusion,B1,Daily_Life,General_Interactions,0
10696,jump to conclusions,B1,Daily_Life,General_Interactions,0
10697,jumped,B1,Daily_Life,General_Interactions,0
10698,jumping,B1,Daily_Life,General_Interactions,0
10699,junction,B1,Daily_Life,General_Interactions,0
10700,juncture,B1,Daily_Life,General_Interactions,0
10701,jungle-dad,B1,Daily_Life,General_Interactions,0
10702,junk,B1,Daily_Life,General_Interactions,0
10703,junta,B1,Daily_Life,General_Interactions,0
10704,jurisprudence,B1,Daily_Life,General_Interactions,0
10705,jurors,B1,Daily_Life,General_Interactions,0
10706,just,B1,Daily_Life,General_Interactions,0
10707,justice,B1,Society_Law_Politics,Law_Crime,0
10708,justice is served,B1,Society_Law_Politics,Law_Crime,0
10709,justification,B1,Daily_Life,General_Interactions,0
10710,justified,B1,Daily_Life,General_Interactions,0
10711,justly,B1,Daily_Life,General_Interactions,0
10712,juvenile,B1,Daily_Life,General_Interactions,0
10713,juvenile delinquent,B1,Daily_Life,General_Interactions,0
10714,kaleidoscope,B1,Daily_Life,General_Interactions,0
10715,keen,B1,Daily_Life,General_Interactions,0
10716,keen interest,B1,Daily_Life,General_Interactions,0
10717,keep,B1,Daily_Life,General_Interactions,0
10718,keep a promise,B1,Daily_Life,General_Interactions,0
10719,keep afloat,B1,Daily_Life,General_Interactions,0
10720,keep in shape,B1,Daily_Life,General_Interactions,0
10721,keep someone on their toes,B1,Daily_Life,General_Interactions,0
10722,keep tune to,B1,Daily_Life,General_Interactions,0
10723,keep up a foreign language,B1,Communication_Media_Arts,Writing_Language,0
10724,keep up the tradition,B1,Daily_Life,General_Interactions,0
10725,keep your balance,B1,Psychology_Emotions,Stress_Mental_State,0
10726,keep your eyes peeled,B1,Daily_Life,General_Interactions,0
10727,keeper,B1,Daily_Life,General_Interactions,0
10728,keeping,B1,Daily_Life,General_Interactions,0
10729,kept,B1,Daily_Life,General_Interactions,0
10730,kernel,B1,Daily_Life,General_Interactions,0
10731,kettle,B1,Daily_Life,General_Interactions,0
10732,key,B1,Daily_Life,General_Interactions,0
10733,keyboard,B1,Daily_Life,General_Interactions,0
10734,keynote,B1,Daily_Life,General_Interactions,0
10735,kick up a fuss,B1,Daily_Life,General_Interactions,0
10736,kill,B1,Health_Medicine,Healthcare_Hospital,0
10737,killed,B1,Health_Medicine,Healthcare_Hospital,0
10738,killing,B1,Health_Medicine,Healthcare_Hospital,0
10739,kiln,B1,Daily_Life,General_Interactions,0
10740,kilogram,B1,Daily_Life,General_Interactions,0
10741,kilometer,B1,Daily_Life,General_Interactions,0
10742,kilometre,B1,Daily_Life,General_Interactions,0
10743,kin,B1,Daily_Life,General_Interactions,0
10744,kind,B1,Psychology_Emotions,Personality,0
10745,kindle,B1,Psychology_Emotions,Personality,0
10746,kinetic,B1,Daily_Life,General_Interactions,0
10747,kingdom,B1,Daily_Life,General_Interactions,0
10748,kismet,B1,Daily_Life,General_Interactions,0
10749,kleptomania,B1,Daily_Life,General_Interactions,0
10750,knack,B1,Daily_Life,General_Interactions,0
10751,knead,B1,Daily_Life,General_Interactions,0
10752,knell,B1,Daily_Life,General_Interactions,0
10753,knitting,B1,Daily_Life,General_Interactions,0
10754,knob of butter,B1,Daily_Life,General_Interactions,0
10755,knocking,B1,Daily_Life,General_Interactions,0
10756,knoll,B1,Daily_Life,General_Interactions,0
10757,knot,B1,Daily_Life,General_Interactions,0
10758,knotty,B1,Daily_Life,General_Interactions,0
10759,know,B1,Daily_Life,General_Interactions,0
10760,know the feeling,B1,Psychology_Emotions,Feelings_Emotions,0
10761,known,B1,Daily_Life,General_Interactions,0
10762,kowtow,B1,Daily_Life,General_Interactions,0
10763,lab,B1,Science_Nature,Natural_Phenomena,0
10764,label,B1,Science_Nature,Natural_Phenomena,0
10765,labeled,B1,Science_Nature,Natural_Phenomena,0
10766,labor,B1,Science_Nature,Natural_Phenomena,0
10767,labor-intensive,B1,Science_Nature,Natural_Phenomena,0
10768,laboratory,B1,Science_Nature,Natural_Phenomena,0
10769,labyrinth,B1,Science_Nature,Natural_Phenomena,0
10770,lacerate,B1,Business_Finance_Economy,Economy_Markets,0
10771,lachrymose,B1,Daily_Life,General_Interactions,0
10772,lack experience,B1,Daily_Life,General_Interactions,0
10773,lack of judgement,B1,Society_Law_Politics,Law_Crime,0
10774,lackadaisical,B1,Technology_Digital,Artificial_Intelligence,0
10775,lacked,B1,Daily_Life,General_Interactions,0
10776,laconic,B1,Daily_Life,General_Interactions,0
10777,lading,B1,Daily_Life,General_Interactions,0
10778,laggard,B1,Daily_Life,General_Interactions,0
10779,laid,B1,Technology_Digital,Artificial_Intelligence,0
10780,lament,B1,Daily_Life,General_Interactions,0
10781,lampoon,B1,Daily_Life,General_Interactions,0
10782,land,B1,Daily_Life,General_Interactions,0
10783,land a job,B1,Business_Finance_Economy,Jobs_Careers,0
10784,land-use,B1,Daily_Life,General_Interactions,0
10785,landed,B1,Daily_Life,General_Interactions,0
10786,landing,B1,Travel_Transportation,Air_Travel,0
10787,landmarks,B1,Travel_Transportation,Navigation_Directions,0
10788,landscape,B1,Daily_Life,General_Interactions,0
10789,language,B1,Communication_Media_Arts,Writing_Language,0
10790,languid,B1,Daily_Life,General_Interactions,0
10791,languish,B1,Daily_Life,General_Interactions,0
10792,lantern,B1,Daily_Life,General_Interactions,0
10793,lap,B1,Daily_Life,General_Interactions,0
10794,lapse of judgement,B1,Society_Law_Politics,Law_Crime,0
10795,larceny,B1,Daily_Life,General_Interactions,0
10796,large,B1,Daily_Life,General_Interactions,0
10797,large percentage,B1,Daily_Life,General_Interactions,0
10798,largely,B1,Daily_Life,General_Interactions,0
10799,larger,B1,Daily_Life,General_Interactions,0
10800,largess,B1,Daily_Life,General_Interactions,0
10801,largest,B1,Daily_Life,General_Interactions,0
10802,lascivious,B1,Daily_Life,General_Interactions,0
10803,lassitude,B1,Daily_Life,General_Interactions,0
10804,last,B1,Daily_Life,General_Interactions,0
10805,lasted,B1,Daily_Life,General_Interactions,0
10806,lasting contribution,B1,Daily_Life,General_Interactions,0
10807,lasting impression,B1,Communication_Media_Arts,Media_Journalism,0
10808,latent,B1,Daily_Life,General_Interactions,0
10809,later,B1,Daily_Life,General_Interactions,0
10810,lateral,B1,Daily_Life,General_Interactions,0
10811,latest,B1,Education,Exams_Assessments,0
10812,latitude,B1,Daily_Life,General_Interactions,0
10813,laud,B1,Daily_Life,General_Interactions,0
10814,laudable,B1,Daily_Life,General_Interactions,0
10815,laugh,B1,Daily_Life,General_Interactions,0
10816,laughable idea,B1,Daily_Life,General_Interactions,0
10817,launch a counter-attack,B1,Daily_Life,General_Interactions,0
10818,launch a new collection,B1,Daily_Life,General_Interactions,0
10819,launch a scheme,B1,Daily_Life,General_Interactions,0
10820,launched,B1,Daily_Life,General_Interactions,0
10821,lava,B1,Daily_Life,General_Interactions,0
10822,lavish,B1,Daily_Life,General_Interactions,0
10823,lavish lifestyle,B1,Science_Nature,Biology_Life_Sciences,0
10824,law and order break down,B1,Society_Law_Politics,Law_Crime,0
10825,law and order breaks down,B1,Society_Law_Politics,Law_Crime,0
10826,lax,B1,Daily_Life,General_Interactions,0
10827,lay,B1,Daily_Life,General_Interactions,0
10828,lay off staff,B1,Daily_Life,General_Interactions,0
10829,lay out the results,B1,Daily_Life,General_Interactions,0
10830,layer,B1,Daily_Life,General_Interactions,0
10831,layered,B1,Daily_Life,General_Interactions,0
10832,layers,B1,Daily_Life,General_Interactions,0
10833,layout,B1,Daily_Life,General_Interactions,0
10834,lead,B1,Daily_Life,General_Interactions,0
10835,lead a seminar,B1,Daily_Life,General_Interactions,0
10836,leader,B1,Daily_Life,General_Interactions,0
10837,leaders,B1,Daily_Life,General_Interactions,0
10838,leading,B1,Daily_Life,General_Interactions,0
10839,leading authority,B1,Daily_Life,General_Interactions,0
10840,leads,B1,Daily_Life,General_Interactions,0
10841,leaf,B1,Daily_Life,General_Interactions,0
10842,leafy suburbs,B1,Daily_Life,General_Interactions,0
10843,learn,B1,Education,Learning_Skills,0
10844,learn by heart,B1,Education,Learning_Skills,0
10845,learner,B1,Education,Learning_Skills,0
10846,learning,B1,Education,Learning_Skills,0
10847,learnt,B1,Education,Learning_Skills,0
10848,leased,B1,Daily_Life,General_Interactions,0
10849,leasing,B1,Communication_Media_Arts,Speaking_Expressions,0
10850,least,B1,Daily_Life,General_Interactions,0
10851,leave,B1,Daily_Life,General_Interactions,0
10852,leave room,B1,Daily_Life,Home_Housing,0
10853,leave something to someone's discretion,B1,Daily_Life,General_Interactions,0
10854,leave unchecked,B1,Daily_Life,General_Interactions,0
10855,leaving,B1,Daily_Life,General_Interactions,0
10856,lecherous,B1,Daily_Life,General_Interactions,0
10857,lectern,B1,Daily_Life,General_Interactions,0
10858,led,B1,Daily_Life,General_Interactions,0
10859,left,B1,Daily_Life,General_Interactions,0
10860,left-hand,B1,Daily_Life,General_Interactions,0
10861,leftover,B1,Daily_Life,General_Interactions,0
10862,leg of a journey,B1,Travel_Transportation,Road_Travel,0
10863,legacy,B1,Daily_Life,General_Interactions,0
10864,legal,B1,Society_Law_Politics,Law_Crime,0
10865,legend,B1,Daily_Life,General_Interactions,0
10866,legendary,B1,Daily_Life,General_Interactions,0
10867,legible,B1,Daily_Life,General_Interactions,0
10868,legion,B1,Daily_Life,General_Interactions,0
10869,legislate,B1,Daily_Life,General_Interactions,0
10870,legislation,B1,Daily_Life,General_Interactions,0
10871,legitimacy,B1,Daily_Life,General_Interactions,0
10872,legitimately,B1,Daily_Life,General_Interactions,0
10873,leisure,B1,Daily_Life,General_Interactions,0
10874,leisurely,B1,Daily_Life,General_Interactions,0
10875,lend,B1,Daily_Life,General_Interactions,0
10876,lengthy delays,B1,Daily_Life,General_Interactions,0
10877,lengthy tailbacks,B1,Technology_Digital,Artificial_Intelligence,0
10878,lenient,B1,Daily_Life,General_Interactions,0
10879,lens,B1,Daily_Life,General_Interactions,0
10880,lenses,B1,Daily_Life,General_Interactions,0
10881,leonine,B1,Daily_Life,General_Interactions,0
10882,lessons,B1,Daily_Life,General_Interactions,0
10883,let,B1,Daily_Life,General_Interactions,0
10884,let out a cry,B1,Daily_Life,General_Interactions,0
10885,let someone in on the secrets,B1,Daily_Life,General_Interactions,0
10886,let someone out of your sight,B1,Daily_Life,General_Interactions,0
10887,lethal,B1,Daily_Life,General_Interactions,0
10888,letting,B1,Daily_Life,General_Interactions,0
10889,levee,B1,Daily_Life,General_Interactions,0
10890,level,B1,Daily_Life,General_Interactions,0
10891,levelled,B1,Daily_Life,General_Interactions,0
10892,levels,B1,Daily_Life,General_Interactions,0
10893,lever,B1,Daily_Life,General_Interactions,0
10894,levity,B1,Daily_Life,General_Interactions,0
10895,levy,B1,Daily_Life,General_Interactions,0
10896,levy a tax,B1,Society_Law_Politics,Public_Policies,0
10897,lexicographer,B1,Daily_Life,General_Interactions,0
10898,liable,B1,Daily_Life,General_Interactions,0
10899,libel,B1,Daily_Life,General_Interactions,0
10900,libertine,B1,Daily_Life,General_Interactions,0
10901,libidinous,B1,Daily_Life,General_Interactions,0
10902,libretto,B1,Daily_Life,General_Interactions,0
10903,license,B1,Daily_Life,General_Interactions,0
10904,licentious,B1,Daily_Life,General_Interactions,0
10905,lick of paint,B1,Health_Medicine,Illness_Diseases,0
10906,lid,B1,Daily_Life,General_Interactions,0
10907,lie,B1,Daily_Life,General_Interactions,0
10908,lien,B1,Daily_Life,General_Interactions,0
10909,life,B1,Science_Nature,Biology_Life_Sciences,0
10910,life is turned upside-down,B1,Science_Nature,Biology_Life_Sciences,0
10911,lifelong ambition,B1,Science_Nature,Biology_Life_Sciences,0
10912,lifelong friends,B1,Science_Nature,Biology_Life_Sciences,0
10913,lifespan,B1,Science_Nature,Biology_Life_Sciences,0
10914,lifestyle,B1,Science_Nature,Biology_Life_Sciences,0
10915,lifestyles,B1,Science_Nature,Biology_Life_Sciences,0
10916,lift,B1,Daily_Life,General_Interactions,0
10917,lift a blockade,B1,Daily_Life,General_Interactions,0
10918,lifted,B1,Daily_Life,General_Interactions,0
10919,lifting,B1,Daily_Life,General_Interactions,0
10920,light reading,B1,Communication_Media_Arts,Speaking_Expressions,0
10921,light-coloured,B1,Daily_Life,General_Interactions,0
10922,light-grey,B1,Daily_Life,General_Interactions,0
10923,lighter,B1,Daily_Life,General_Interactions,0
10924,lighting,B1,Daily_Life,General_Interactions,0
10925,like-minded,B1,Health_Medicine,Mental_Health,0
10926,liked,B1,Technology_Digital,Social_Media,0
10927,likelihood,B1,Technology_Digital,Social_Media,0
10928,likely,B1,Technology_Digital,Social_Media,0
10929,liken,B1,Technology_Digital,Social_Media,0
10930,likewise,B1,Technology_Digital,Social_Media,0
10931,limbs,B1,Daily_Life,General_Interactions,0
10932,lime,B1,Daily_Life,General_Interactions,0
10933,limit,B1,Daily_Life,General_Interactions,0
10934,limitations,B1,Daily_Life,General_Interactions,0
10935,limited,B1,Daily_Life,General_Interactions,0
10936,limn,B1,Daily_Life,General_Interactions,0
10937,limpid,B1,Daily_Life,General_Interactions,0
10938,line,B1,Daily_Life,General_Interactions,0
10939,lineage,B1,Daily_Life,General_Interactions,0
10940,linen,B1,Daily_Life,General_Interactions,0
10941,linger,B1,Daily_Life,General_Interactions,0
10942,linguistic,B1,Daily_Life,General_Interactions,0
10943,liniment,B1,Daily_Life,General_Interactions,0
10944,link,B1,Daily_Life,General_Interactions,0
10945,linked,B1,Daily_Life,General_Interactions,0
10946,linking,B1,Daily_Life,General_Interactions,0
10947,lionize,B1,Daily_Life,General_Interactions,0
10948,lip,B1,Daily_Life,General_Interactions,0
10949,liquid,B1,Daily_Life,General_Interactions,0
10950,liquidate,B1,Daily_Life,General_Interactions,0
10951,list,B1,Daily_Life,General_Interactions,0
10952,listed,B1,Daily_Life,General_Interactions,0
10953,listened,B1,Daily_Life,General_Interactions,0
10954,listener,B1,Daily_Life,General_Interactions,0
10955,listening,B1,Daily_Life,General_Interactions,0
10956,listing,B1,Daily_Life,General_Interactions,0
10957,listless,B1,Daily_Life,General_Interactions,0
10958,lit,B1,Daily_Life,General_Interactions,0
10959,litany,B1,Daily_Life,General_Interactions,0
10960,literal,B1,Daily_Life,General_Interactions,0
10961,literati,B1,Daily_Life,General_Interactions,0
10962,literature review,B1,Daily_Life,General_Interactions,0
10963,lithe,B1,Daily_Life,General_Interactions,0
10964,lithification,B1,Daily_Life,General_Interactions,0
10965,litigant,B1,Daily_Life,General_Interactions,0
10966,litigation,B1,Daily_Life,General_Interactions,0
10967,litigious,B1,Daily_Life,General_Interactions,0
10968,litotes,B1,Daily_Life,General_Interactions,0
10969,litter,B1,Daily_Life,General_Interactions,0
10970,little,B1,Daily_Life,General_Interactions,0
10971,little short miraculous,B1,Daily_Life,General_Interactions,0
10972,live,B1,Daily_Life,General_Interactions,0
10973,live a comfortable life,B1,Science_Nature,Biology_Life_Sciences,0
10974,live up to expectations,B1,Daily_Life,General_Interactions,0
10975,lived,B1,Daily_Life,General_Interactions,0
10976,livelihood,B1,Daily_Life,General_Interactions,0
10977,livid,B1,Daily_Life,General_Interactions,0
10978,living,B1,Daily_Life,General_Interactions,0
10979,living wage,B1,Daily_Life,General_Interactions,0
10980,load,B1,Daily_Life,General_Interactions,0
10981,loading,B1,Daily_Life,General_Interactions,0
10982,loath,B1,Daily_Life,General_Interactions,0
10983,loathe,B1,Daily_Life,General_Interactions,0
10984,lobby,B1,Daily_Life,General_Interactions,0
10985,local,B1,Daily_Life,General_Interactions,0
10986,local transport links/services,B1,Health_Medicine,Fitness_Exercise,0
10987,locale,B1,Daily_Life,General_Interactions,0
10988,localization,B1,Daily_Life,General_Interactions,0
10989,localized,B1,Daily_Life,General_Interactions,0
10990,locals,B1,Daily_Life,General_Interactions,0
10991,locate,B1,Daily_Life,General_Interactions,0
10992,located,B1,Daily_Life,General_Interactions,0
10993,locating,B1,Daily_Life,General_Interactions,0
10994,location,B1,Travel_Transportation,Navigation_Directions,0
10995,lock,B1,Daily_Life,General_Interactions,0
10996,locked,B1,Daily_Life,General_Interactions,0
10997,locker,B1,Daily_Life,General_Interactions,0
10998,lockers,B1,Daily_Life,General_Interactions,0
10999,locution,B1,Daily_Life,General_Interactions,0
11000,lodge a complaint,B1,Technology_Digital,Artificial_Intelligence,0
11001,lodging,B1,Daily_Life,General_Interactions,0
11002,logical,B1,Daily_Life,General_Interactions,0
11003,logistics,B1,Daily_Life,General_Interactions,0
11004,logo,B1,Daily_Life,General_Interactions,0
11005,loiter,B1,Daily_Life,General_Interactions,0
11006,loll,B1,Daily_Life,General_Interactions,0
11007,lonely,B1,Daily_Life,General_Interactions,0
11008,long,B1,Daily_Life,General_Interactions,0
11009,long opening hours,B1,Daily_Life,Time_Management,0
11010,long-lasting color,B1,Daily_Life,General_Interactions,0
11011,long-lasting colour,B1,Daily_Life,General_Interactions,0
11012,long-standing tradition,B1,Daily_Life,General_Interactions,0
11013,long-term,B1,Daily_Life,General_Interactions,0
11014,long-term relationship,B1,Daily_Life,General_Interactions,0
11015,long-term solution,B1,Daily_Life,General_Interactions,0
11016,longer,B1,Daily_Life,General_Interactions,0
11017,longest,B1,Daily_Life,General_Interactions,0
11018,longest-distance,B1,Daily_Life,General_Interactions,0
11019,longevity,B1,Daily_Life,General_Interactions,0
11020,longing,B1,Daily_Life,General_Interactions,0
11021,look into a crime,B1,Society_Law_Politics,Law_Crime,0
11022,look into an arms deal,B1,Daily_Life,General_Interactions,0
11023,look your age,B1,Daily_Life,General_Interactions,0
11024,looked,B1,Daily_Life,General_Interactions,0
11025,looking,B1,Daily_Life,General_Interactions,0
11026,loop,B1,Daily_Life,General_Interactions,0
11027,loose,B1,Daily_Life,General_Interactions,0
11028,loosely based on,B1,Daily_Life,General_Interactions,0
11029,lope,B1,Daily_Life,General_Interactions,0
11030,loquacious,B1,Daily_Life,General_Interactions,0
11031,lose,B1,Daily_Life,General_Interactions,0
11032,lose an argument,B1,Communication_Media_Arts,Opinion_Discussion,0
11033,lose your livelihood,B1,Daily_Life,General_Interactions,0
11034,lose your voice,B1,Communication_Media_Arts,Speaking_Expressions,0
11035,losing,B1,Communication_Media_Arts,Speaking_Expressions,0
11036,loss,B1,Business_Finance_Economy,Finance_Banking,0
11037,lost,B1,Daily_Life,General_Interactions,0
11038,lottery,B1,Daily_Life,General_Interactions,0
11039,loudly,B1,Daily_Life,General_Interactions,0
11040,loved,B1,Psychology_Emotions,Feelings_Emotions,0
11041,low,B1,Daily_Life,General_Interactions,0
11042,low-cost,B1,Business_Finance_Economy,Economy_Markets,0
11043,low-cost airline,B1,Business_Finance_Economy,Economy_Markets,0
11044,low-income family,B1,Daily_Life,General_Interactions,0
11045,lower,B1,Daily_Life,General_Interactions,0
11046,lowered,B1,Daily_Life,General_Interactions,0
11047,lowering,B1,Daily_Life,General_Interactions,0
11048,lowest,B1,Daily_Life,General_Interactions,0
11049,loyal,B1,Daily_Life,General_Interactions,0
11050,loyalty,B1,Daily_Life,General_Interactions,0
11051,lucid,B1,Daily_Life,General_Interactions,0
11052,lucky,B1,Daily_Life,General_Interactions,0
11053,lucrative,B1,Daily_Life,General_Interactions,0
11054,ludicrous,B1,Daily_Life,General_Interactions,0
11055,lug,B1,Daily_Life,General_Interactions,0
11056,lugubrious,B1,Daily_Life,General_Interactions,0
11057,lull,B1,Daily_Life,General_Interactions,0
11058,lull in the fighting,B1,Daily_Life,General_Interactions,0
11059,lull someone to sleep,B1,Health_Medicine,Healthcare_Hospital,0
11060,luminary,B1,Daily_Life,General_Interactions,0
11061,luminosity,B1,Daily_Life,General_Interactions,0
11062,luminous,B1,Daily_Life,General_Interactions,0
11063,lunatic,B1,Daily_Life,General_Interactions,0
11064,lung,B1,Daily_Life,General_Interactions,0
11065,lungs,B1,Daily_Life,General_Interactions,0
11066,lurid,B1,Daily_Life,General_Interactions,0
11067,luxuriant,B1,Daily_Life,General_Interactions,0
11068,luxury,B1,Daily_Life,General_Interactions,0
11069,luxury cream,B1,Daily_Life,General_Interactions,0
11070,lying,B1,Daily_Life,General_Interactions,0
11071,machine,B1,Daily_Life,General_Interactions,0
11072,macrosystem,B1,Technology_Digital,Software_Internet,0
11073,made,B1,Daily_Life,General_Interactions,0
11074,magic,B1,Daily_Life,General_Interactions,0
11075,magnanimous,B1,Daily_Life,General_Interactions,0
11076,magnate,B1,Daily_Life,General_Interactions,0
11077,magnetic,B1,Daily_Life,General_Interactions,0
11078,magnify,B1,Daily_Life,General_Interactions,0
11079,main,B1,Technology_Digital,Artificial_Intelligence,0
11080,mainland,B1,Technology_Digital,Artificial_Intelligence,0
11081,mainly,B1,Technology_Digital,Artificial_Intelligence,0
11082,maintain quality,B1,Technology_Digital,Artificial_Intelligence,0
11083,maintaining,B1,Technology_Digital,Artificial_Intelligence,0
11084,maize,B1,Technology_Digital,Artificial_Intelligence,0
11085,majestic,B1,Daily_Life,General_Interactions,0
11086,major,B1,Daily_Life,General_Interactions,0
11087,majority,B1,Daily_Life,General_Interactions,0
11088,make,B1,Daily_Life,General_Interactions,0
11089,make a complaint,B1,Technology_Digital,Artificial_Intelligence,0
11090,make a difference,B1,Daily_Life,General_Interactions,0
11091,make a discovery,B1,Science_Nature,Natural_Phenomena,0
11092,make a full recovery,B1,Health_Medicine,Healthcare_Hospital,0
11093,make a habit of,B1,Psychology_Emotions,Behavior,0
11094,make a living,B1,Daily_Life,General_Interactions,0
11095,make a payment,B1,Business_Finance_Economy,Business_Management,0
11096,make a plea,B1,Daily_Life,General_Interactions,0
11097,make a proposal,B1,Daily_Life,General_Interactions,0
11098,make a relationship work,B1,Business_Finance_Economy,Jobs_Careers,0
11099,make a stand against,B1,Technology_Digital,Artificial_Intelligence,0
11100,make a success of,B1,Daily_Life,General_Interactions,0
11101,make an apology,B1,Daily_Life,General_Interactions,0
11102,make an attempt,B1,Daily_Life,General_Interactions,0
11103,make an escape,B1,Daily_Life,General_Interactions,0
11104,make an offer,B1,Daily_Life,General_Interactions,0
11105,make arrangements,B1,Daily_Life,General_Interactions,0
11106,make calculations,B1,Daily_Life,General_Interactions,0
11107,make enemies,B1,Daily_Life,General_Interactions,0
11108,make for room,B1,Daily_Life,Home_Housing,0
11109,make friens,B1,Daily_Life,General_Interactions,0
11110,make mistakes,B1,Daily_Life,General_Interactions,0
11111,make plans,B1,Daily_Life,General_Interactions,0
11112,make room for,B1,Daily_Life,Home_Housing,0
11113,make some suggestions,B1,Daily_Life,General_Interactions,0
11114,make someone welcome,B1,Daily_Life,General_Interactions,0
11115,make someone's acquaintance,B1,Technology_Digital,Artificial_Intelligence,0
11116,make sound business sense,B1,Business_Finance_Economy,Business_Management,0
11117,make the case for,B1,Daily_Life,General_Interactions,0
11118,make their way,B1,Daily_Life,General_Interactions,0
11119,make-up,B1,Daily_Life,General_Interactions,0
11120,makeup,B1,Daily_Life,General_Interactions,0
11121,making,B1,Daily_Life,General_Interactions,0
11122,malapropism,B1,Daily_Life,General_Interactions,0
11123,male,B1,Daily_Life,General_Interactions,0
11124,malevolent,B1,Daily_Life,General_Interactions,0
11125,malign,B1,Daily_Life,General_Interactions,0
11126,malleable,B1,Daily_Life,General_Interactions,0
11127,manage,B1,Daily_Life,General_Interactions,0
11128,manageable chunk,B1,Daily_Life,General_Interactions,0
11129,managed,B1,Daily_Life,General_Interactions,0
11130,manager,B1,Daily_Life,General_Interactions,0
11131,managing,B1,Daily_Life,General_Interactions,0
11132,mandate,B1,Daily_Life,General_Interactions,0
11133,mandating,B1,Daily_Life,General_Interactions,0
11134,maneuver,B1,Daily_Life,General_Interactions,0
11135,manifest,B1,Daily_Life,General_Interactions,0
11136,manifestation,B1,Travel_Transportation,Public_Transport,0
11137,manipulate,B1,Daily_Life,General_Interactions,0
11138,manner,B1,Psychology_Emotions,Behavior,0
11139,mansion,B1,Daily_Life,General_Interactions,0
11140,manufacturing,B1,Psychology_Emotions,Behavior,0
11141,manuscripts,B1,Daily_Life,General_Interactions,0
11142,map,B1,Travel_Transportation,Navigation_Directions,0
11143,mapped,B1,Travel_Transportation,Navigation_Directions,0
11144,marathon,B1,Daily_Life,General_Interactions,0
11145,marble,B1,Daily_Life,General_Interactions,0
11146,march,B1,Daily_Life,General_Interactions,0
11147,margin,B1,Daily_Life,General_Interactions,0
11148,marine,B1,Daily_Life,General_Interactions,0
11149,marital,B1,Daily_Life,General_Interactions,0
11150,maritime,B1,Daily_Life,Time_Management,0
11151,mark,B1,Daily_Life,General_Interactions,0
11152,marked,B1,Daily_Life,General_Interactions,0
11153,marked improvement,B1,Daily_Life,General_Interactions,0
11154,markedly,B1,Daily_Life,General_Interactions,0
11155,market,B1,Business_Finance_Economy,Economy_Markets,0
11156,market segmentation,B1,Business_Finance_Economy,Economy_Markets,0
11157,market share,B1,Business_Finance_Economy,Economy_Markets,0
11158,marketing,B1,Business_Finance_Economy,Economy_Markets,0
11159,marketing campaign,B1,Business_Finance_Economy,Economy_Markets,0
11160,markets,B1,Business_Finance_Economy,Economy_Markets,0
11161,markings,B1,Daily_Life,General_Interactions,0
11162,marriage,B1,Daily_Life,General_Interactions,0
11163,married,B1,Daily_Life,General_Interactions,0
11164,martial,B1,Communication_Media_Arts,Arts_Creativity,0
11165,marvelously,B1,Daily_Life,General_Interactions,0
11166,mask,B1,Daily_Life,General_Interactions,0
11167,massive,B1,Daily_Life,General_Interactions,0
11168,massive heart attack,B1,Communication_Media_Arts,Arts_Creativity,0
11169,massive overdose,B1,Daily_Life,General_Interactions,0
11170,master new skills,B1,Education,Learning_Skills,0
11171,mastery,B1,Daily_Life,General_Interactions,0
11172,match,B1,Daily_Life,General_Interactions,0
11173,matched,B1,Daily_Life,General_Interactions,0
11174,matches,B1,Daily_Life,General_Interactions,0
11175,matching,B1,Daily_Life,General_Interactions,0
11176,mate,B1,Daily_Life,General_Interactions,0
11177,material,B1,Daily_Life,General_Interactions,0
11178,materialize,B1,Daily_Life,General_Interactions,0
11179,maternity leave,B1,Daily_Life,General_Interactions,0
11180,mating,B1,Daily_Life,General_Interactions,0
11181,matter,B1,Daily_Life,General_Interactions,0
11182,mature,B1,Daily_Life,General_Interactions,0
11183,mature student,B1,Education,Classroom_Interaction,0
11184,mawkish,B1,Daily_Life,General_Interactions,0
11185,maxim,B1,Daily_Life,General_Interactions,0
11186,maximization,B1,Daily_Life,General_Interactions,0
11187,maximum,B1,Daily_Life,General_Interactions,0
11188,meager,B1,Daily_Life,General_Interactions,0
11189,mean,B1,Daily_Life,General_Interactions,0
11190,meander,B1,Daily_Life,General_Interactions,0
11191,meaning,B1,Daily_Life,General_Interactions,0
11192,meant,B1,Daily_Life,General_Interactions,0
11193,meanwhile,B1,Daily_Life,General_Interactions,0
11194,measurable,B1,Daily_Life,General_Interactions,0
11195,measure,B1,Daily_Life,General_Interactions,0
11196,measured,B1,Daily_Life,General_Interactions,0
11197,measures,B1,Daily_Life,General_Interactions,0
11198,mechanical,B1,Daily_Life,General_Interactions,0
11199,mechanics,B1,Daily_Life,General_Interactions,0
11200,mechanism,B1,Daily_Life,General_Interactions,0
11201,mechanisms,B1,Daily_Life,General_Interactions,0
11202,medal,B1,Daily_Life,General_Interactions,0
11203,media,B1,Communication_Media_Arts,Media_Journalism,0
11204,mediate,B1,Communication_Media_Arts,Media_Journalism,0
11205,medical,B1,Daily_Life,General_Interactions,0
11206,medieval,B1,Daily_Life,General_Interactions,0
11207,meditation,B1,Daily_Life,General_Interactions,0
11208,medium-sized,B1,Daily_Life,General_Interactions,0
11209,meet,B1,Daily_Life,General_Interactions,0
11210,meet a target,B1,Daily_Life,General_Interactions,0
11211,meet the challenges,B1,Daily_Life,General_Interactions,0
11212,meet the entry requirements,B1,Daily_Life,General_Interactions,0
11213,meet with a stony silence,B1,Daily_Life,General_Interactions,0
11214,meet with success,B1,Daily_Life,General_Interactions,0
11215,meeting,B1,Daily_Life,General_Interactions,0
11216,mellifluous,B1,Daily_Life,General_Interactions,0
11217,melt,B1,Daily_Life,General_Interactions,0
11218,melted,B1,Daily_Life,General_Interactions,0
11219,melting,B1,Daily_Life,General_Interactions,0
11220,member,B1,Daily_Life,General_Interactions,0
11221,member of staff,B1,Daily_Life,General_Interactions,0
11222,membership,B1,Daily_Life,General_Interactions,0
11223,memberships,B1,Daily_Life,General_Interactions,0
11224,menace,B1,Daily_Life,General_Interactions,0
11225,mend,B1,Daily_Life,General_Interactions,0
11226,mendacious,B1,Daily_Life,General_Interactions,0
11227,menial tasks,B1,Daily_Life,Routine_Activities,0
11228,mental,B1,Health_Medicine,Mental_Health,0
11229,mental agility,B1,Health_Medicine,Mental_Health,0
11230,mentioned,B1,Daily_Life,General_Interactions,0
11231,menu,B1,Daily_Life,General_Interactions,0
11232,mercury,B1,Daily_Life,General_Interactions,0
11233,mere subsistence,B1,Daily_Life,General_Interactions,0
11234,merely,B1,Daily_Life,General_Interactions,0
11235,merge,B1,Daily_Life,General_Interactions,0
11236,mesosystem,B1,Technology_Digital,Software_Internet,0
11237,message,B1,Daily_Life,General_Interactions,0
11238,met,B1,Daily_Life,General_Interactions,0
11239,metabolic,B1,Daily_Life,General_Interactions,0
11240,metallic,B1,Daily_Life,General_Interactions,0
11241,meteoric rise to fame,B1,Daily_Life,General_Interactions,0
11242,meteorologists,B1,Daily_Life,General_Interactions,0
11243,method,B1,Daily_Life,General_Interactions,0
11244,methodological,B1,Daily_Life,General_Interactions,0
11245,methodology,B1,Science_Nature,Research_Methods,0
11246,methods,B1,Daily_Life,General_Interactions,0
11247,meticulous,B1,Daily_Life,General_Interactions,0
11248,meticulously,B1,Daily_Life,General_Interactions,0
11249,metre,B1,Daily_Life,General_Interactions,0
11250,metric,B1,Daily_Life,General_Interactions,0
11251,mice,B1,Daily_Life,General_Interactions,0
11252,micro,B1,Daily_Life,General_Interactions,0
11253,microbial,B1,Daily_Life,General_Interactions,0
11254,microhabitat,B1,Psychology_Emotions,Behavior,0
11255,microorganism,B1,Science_Nature,Biology_Life_Sciences,0
11256,microorganisms,B1,Science_Nature,Biology_Life_Sciences,0
11257,microscopic,B1,Daily_Life,General_Interactions,0
11258,microsystem,B1,Technology_Digital,Software_Internet,0
11259,mid-nineteenth,B1,Daily_Life,General_Interactions,0
11260,middle,B1,Daily_Life,General_Interactions,0
11261,might,B1,Daily_Life,General_Interactions,0
11262,migrate,B1,Business_Finance_Economy,Economy_Markets,0
11263,mild,B1,Daily_Life,General_Interactions,0
11264,milder,B1,Daily_Life,General_Interactions,0
11265,mildly surprised,B1,Psychology_Emotions,Feelings_Emotions,0
11266,milestone,B1,Daily_Life,General_Interactions,0
11267,milestones,B1,Daily_Life,General_Interactions,0
11268,military,B1,Daily_Life,General_Interactions,0
11269,militate,B1,Daily_Life,General_Interactions,0
11270,mill,B1,Health_Medicine,Healthcare_Hospital,0
11271,millennia,B1,Health_Medicine,Healthcare_Hospital,0
11272,million,B1,Health_Medicine,Healthcare_Hospital,0
11273,mind,B1,Health_Medicine,Mental_Health,0
11274,mindfulness,B1,Health_Medicine,Mental_Health,0
11275,mindless violence,B1,Health_Medicine,Mental_Health,0
11276,mindset,B1,Health_Medicine,Mental_Health,0
11277,mine,B1,Daily_Life,General_Interactions,0
11278,mineral,B1,Daily_Life,General_Interactions,0
11279,miniature,B1,Daily_Life,General_Interactions,0
11280,minimal,B1,Daily_Life,General_Interactions,0
11281,minimalism,B1,Daily_Life,General_Interactions,0
11282,minimise a risk,B1,Business_Finance_Economy,Entrepreneurship,0
11283,minimise danger,B1,Daily_Life,General_Interactions,0
11284,minimize,B1,Daily_Life,General_Interactions,0
11285,ministry,B1,Daily_Life,General_Interactions,0
11286,minor,B1,Daily_Life,General_Interactions,0
11287,minor niggles,B1,Daily_Life,General_Interactions,0
11288,minority,B1,Daily_Life,General_Interactions,0
11289,minute,B1,Daily_Life,General_Interactions,0
11290,minutely,B1,Daily_Life,General_Interactions,0
11291,minutiae,B1,Daily_Life,General_Interactions,0
11292,misanthrope,B1,Daily_Life,General_Interactions,0
11293,miscarriage of justice,B1,Society_Law_Politics,Law_Crime,0
11294,misinformation,B1,Daily_Life,General_Interactions,0
11295,misinterpret,B1,Daily_Life,General_Interactions,0
11296,mislead the electorate,B1,Business_Finance_Economy,Economy_Markets,0
11297,misleading,B1,Daily_Life,General_Interactions,0
11298,misnomer,B1,Daily_Life,General_Interactions,0
11299,miss a penalty,B1,Daily_Life,General_Interactions,0
11300,missed,B1,Daily_Life,General_Interactions,0
11301,missing,B1,Communication_Media_Arts,Speaking_Expressions,0
11302,missions,B1,Daily_Life,General_Interactions,0
11303,mist,B1,Daily_Life,General_Interactions,0
11304,misunderstanding,B1,Daily_Life,General_Interactions,0
11305,mitigate,B1,Daily_Life,General_Interactions,0
11306,mitigating,B1,Daily_Life,General_Interactions,0
11307,mitigating circumstances,B1,Daily_Life,General_Interactions,0
11308,mitigating factor,B1,Psychology_Emotions,Behavior,0
11309,mix,B1,Daily_Life,General_Interactions,0
11310,mixed,B1,Daily_Life,General_Interactions,0
11311,mixer,B1,Daily_Life,General_Interactions,0
11312,mixture,B1,Daily_Life,General_Interactions,0
11313,mobile,B1,Technology_Digital,Software_Internet,0
11314,mock,B1,Daily_Life,General_Interactions,0
11315,mode,B1,Daily_Life,General_Interactions,0
11316,modeling,B1,Daily_Life,General_Interactions,0
11317,models,B1,Daily_Life,General_Interactions,0
11318,moderator,B1,Daily_Life,General_Interactions,0
11319,modern,B1,Daily_Life,General_Interactions,0
11320,modest,B1,Daily_Life,General_Interactions,0
11321,modest gain,B1,Technology_Digital,Artificial_Intelligence,0
11322,modest improvement,B1,Daily_Life,General_Interactions,0
11323,modest increase,B1,Daily_Life,General_Interactions,0
11324,modest recovery,B1,Health_Medicine,Healthcare_Hospital,0
11325,modestly,B1,Daily_Life,General_Interactions,0
11326,modicum,B1,Daily_Life,General_Interactions,0
11327,modification,B1,Daily_Life,General_Interactions,0
11328,modified,B1,Daily_Life,General_Interactions,0
11329,modifies,B1,Daily_Life,General_Interactions,0
11330,modulate,B1,Daily_Life,General_Interactions,0
11331,moist,B1,Daily_Life,General_Interactions,0
11332,moisture,B1,Daily_Life,General_Interactions,0
11333,mole,B1,Daily_Life,General_Interactions,0
11334,molecular,B1,Daily_Life,General_Interactions,0
11335,mollify,B1,Daily_Life,General_Interactions,0
11336,moment,B1,Daily_Life,General_Interactions,0
11337,momentous,B1,Daily_Life,General_Interactions,0
11338,money,B1,Business_Finance_Economy,Finance_Banking,0
11339,monitor,B1,Daily_Life,General_Interactions,0
11340,monitored,B1,Daily_Life,General_Interactions,0
11341,monk,B1,Daily_Life,General_Interactions,0
11342,monopolize,B1,Daily_Life,General_Interactions,0
11343,monopoly,B1,Daily_Life,General_Interactions,0
11344,monopoly in,B1,Daily_Life,General_Interactions,0
11345,monotone,B1,Daily_Life,General_Interactions,0
11346,monotonous,B1,Daily_Life,General_Interactions,0
11347,monster,B1,Daily_Life,General_Interactions,0
11348,month,B1,Daily_Life,General_Interactions,0
11349,monthly,B1,Daily_Life,General_Interactions,0
11350,monumental,B1,Health_Medicine,Mental_Health,0
11351,mood,B1,Health_Medicine,Mental_Health,0
11352,moody,B1,Health_Medicine,Mental_Health,0
11353,moon,B1,Daily_Life,General_Interactions,0
11354,moons,B1,Daily_Life,General_Interactions,0
11355,moose,B1,Daily_Life,General_Interactions,0
11356,moral,B1,Daily_Life,General_Interactions,0
11357,moratorium,B1,Daily_Life,General_Interactions,0
11358,more,B1,Daily_Life,General_Interactions,0
11359,more elaborate,B1,Business_Finance_Economy,Economy_Markets,0
11360,moreover,B1,Daily_Life,General_Interactions,0
11361,mores,B1,Daily_Life,General_Interactions,0
11362,morph,B1,Daily_Life,General_Interactions,0
11363,mortal,B1,Daily_Life,General_Interactions,0
11364,mortality,B1,Daily_Life,General_Interactions,0
11365,moth,B1,Daily_Life,General_Interactions,0
11366,mother,B1,Daily_Life,General_Interactions,0
11367,motif,B1,Daily_Life,General_Interactions,0
11368,motivation,B1,Psychology_Emotions,Motivation,0
11369,motor,B1,Daily_Life,General_Interactions,0
11370,motoring,B1,Daily_Life,General_Interactions,0
11371,mould,B1,Daily_Life,General_Interactions,0
11372,mount,B1,Daily_Life,General_Interactions,0
11373,mounted,B1,Daily_Life,General_Interactions,0
11374,mounting,B1,Daily_Life,General_Interactions,0
11375,mounting concern,B1,Daily_Life,General_Interactions,0
11376,mounting criticism,B1,Daily_Life,General_Interactions,0
11377,mounting fury,B1,Daily_Life,General_Interactions,0
11378,mouth,B1,Daily_Life,General_Interactions,0
11379,movable feast,B1,Daily_Life,General_Interactions,0
11380,move,B1,Daily_Life,General_Interactions,0
11381,move up the ladder,B1,Daily_Life,General_Interactions,0
11382,moved,B1,Daily_Life,General_Interactions,0
11383,movement,B1,Daily_Life,General_Interactions,0
11384,movements,B1,Daily_Life,General_Interactions,0
11385,moving,B1,Daily_Life,General_Interactions,0
11386,much,B1,Daily_Life,General_Interactions,0
11387,mud,B1,Daily_Life,General_Interactions,0
11388,muffled voice,B1,Communication_Media_Arts,Speaking_Expressions,0
11389,mulberry,B1,Daily_Life,General_Interactions,0
11390,multi-storey,B1,Daily_Life,Shopping_Everyday,0
11391,multiple,B1,Daily_Life,General_Interactions,0
11392,munificent,B1,Daily_Life,General_Interactions,0
11393,muscle,B1,Daily_Life,General_Interactions,0
11394,music,B1,Communication_Media_Arts,Arts_Creativity,0
11395,musical,B1,Communication_Media_Arts,Arts_Creativity,0
11396,musician,B1,Communication_Media_Arts,Arts_Creativity,0
11397,mustard,B1,Science_Nature,Natural_Phenomena,0
11398,mutter under your breath,B1,Health_Medicine,Healthcare_Hospital,0
11399,mutually,B1,Daily_Life,General_Interactions,0
11400,mutually exclusive,B1,Daily_Life,General_Interactions,0
11401,mycelium,B1,Daily_Life,General_Interactions,0
11402,myoelectric,B1,Daily_Life,General_Interactions,0
11403,myriad,B1,Daily_Life,General_Interactions,0
11404,mystery,B1,Daily_Life,General_Interactions,0
11405,nadir,B1,Daily_Life,General_Interactions,0
11406,nagging doubt,B1,Daily_Life,General_Interactions,0
11407,naive,B1,Technology_Digital,Artificial_Intelligence,0
11408,naked,B1,Daily_Life,General_Interactions,0
11409,named,B1,Daily_Life,General_Interactions,0
11410,narratives,B1,Daily_Life,General_Interactions,0
11411,narrow profit margins,B1,Business_Finance_Economy,Finance_Banking,0
11412,narrow the list down,B1,Daily_Life,General_Interactions,0
11413,nasal,B1,Daily_Life,General_Interactions,0
11414,nascent,B1,Daily_Life,General_Interactions,0
11415,nasty piece of work,B1,Business_Finance_Economy,Jobs_Careers,0
11416,nasty shock,B1,Daily_Life,General_Interactions,0
11417,nation,B1,Daily_Life,General_Interactions,0
11418,national,B1,Daily_Life,General_Interactions,0
11419,nationwide search,B1,Technology_Digital,Software_Internet,0
11420,native,B1,Daily_Life,General_Interactions,0
11421,natural,B1,Science_Nature,Natural_Phenomena,0
11422,natural highlights,B1,Science_Nature,Natural_Phenomena,0
11423,natural talent,B1,Science_Nature,Natural_Phenomena,0
11424,nature,B1,Science_Nature,Environment_Ecology,0
11425,navigate,B1,Travel_Transportation,Road_Travel,0
11426,navigation,B1,Travel_Transportation,Navigation_Directions,0
11427,navy,B1,Daily_Life,General_Interactions,0
11428,near completion,B1,Daily_Life,General_Interactions,0
11429,nearby,B1,Daily_Life,General_Interactions,0
11430,nearer,B1,Daily_Life,General_Interactions,0
11431,nearest,B1,Daily_Life,General_Interactions,0
11432,nearing,B1,Daily_Life,General_Interactions,0
11433,nearly,B1,Daily_Life,General_Interactions,0
11434,neatly,B1,Health_Medicine,Healthcare_Hospital,0
11435,necessarily,B1,Daily_Life,General_Interactions,0
11436,necessary groundwork,B1,Business_Finance_Economy,Jobs_Careers,0
11437,necessitated,B1,Daily_Life,General_Interactions,0
11438,necessity,B1,Daily_Life,General_Interactions,0
11439,neck,B1,Daily_Life,General_Interactions,0
11440,need,B1,Daily_Life,General_Interactions,0
11441,needed,B1,Daily_Life,General_Interactions,0
11442,needing,B1,Daily_Life,General_Interactions,0
11443,nefarious,B1,Daily_Life,General_Interactions,0
11444,negative,B1,Daily_Life,General_Interactions,0
11445,neglected,B1,Daily_Life,General_Interactions,0
11446,negligent,B1,Daily_Life,General_Interactions,0
11447,negotiate a settlement,B1,Daily_Life,General_Interactions,0
11448,neighbors,B1,Daily_Life,General_Interactions,0
11449,neighbourhood,B1,Daily_Life,General_Interactions,0
11450,neighbouring,B1,Daily_Life,General_Interactions,0
11451,nemesis,B1,Daily_Life,General_Interactions,0
11452,neologism,B1,Daily_Life,General_Interactions,0
11453,neophyte,B1,Daily_Life,General_Interactions,0
11454,nepotism,B1,Daily_Life,General_Interactions,0
11455,nerve,B1,Daily_Life,General_Interactions,0
11456,nervous,B1,Daily_Life,General_Interactions,0
11457,nest,B1,Daily_Life,General_Interactions,0
11458,network,B1,Business_Finance_Economy,Jobs_Careers,0
11459,network of contacts,B1,Business_Finance_Economy,Jobs_Careers,0
11460,neural,B1,Daily_Life,General_Interactions,0
11461,neuroscience,B1,Education,Academic_Study,0
11462,neutral,B1,Daily_Life,General_Interactions,0
11463,new,B1,Daily_Life,General_Interactions,0
11464,new season's look,B1,Daily_Life,General_Interactions,0
11465,newborn,B1,Daily_Life,General_Interactions,0
11466,newborn baby,B1,Daily_Life,General_Interactions,0
11467,newer,B1,Daily_Life,General_Interactions,0
11468,newest,B1,Daily_Life,General_Interactions,0
11469,newly,B1,Daily_Life,General_Interactions,0
11470,newly qualified,B1,Daily_Life,General_Interactions,0
11471,news travels fast,B1,Communication_Media_Arts,Media_Journalism,0
11472,next-day delivery,B1,Daily_Life,General_Interactions,0
11473,next-day service,B1,Daily_Life,General_Interactions,0
11474,nickel,B1,Daily_Life,General_Interactions,0
11475,night vision,B1,Daily_Life,General_Interactions,0
11476,night-time,B1,Daily_Life,Time_Management,0
11477,no wonder,B1,Daily_Life,General_Interactions,0
11478,nocturnal,B1,Daily_Life,General_Interactions,0
11479,noise,B1,Daily_Life,General_Interactions,0
11480,noisome,B1,Daily_Life,General_Interactions,0
11481,noisy,B1,Daily_Life,General_Interactions,0
11482,nominalism,B1,Daily_Life,General_Interactions,0
11483,non-human,B1,Daily_Life,General_Interactions,0
11484,non-invasive,B1,Daily_Life,General_Interactions,0
11485,non-stop,B1,Daily_Life,General_Interactions,0
11486,nonchalant,B1,Daily_Life,General_Interactions,0
11487,nondescript,B1,Daily_Life,General_Interactions,0
11488,nonetheless,B1,Daily_Life,General_Interactions,0
11489,noon,B1,Daily_Life,General_Interactions,0
11490,norm,B1,Daily_Life,General_Interactions,0
11491,normal,B1,Daily_Life,General_Interactions,0
11492,norms,B1,Daily_Life,General_Interactions,0
11493,north,B1,Daily_Life,General_Interactions,0
11494,northern,B1,Daily_Life,General_Interactions,0
11495,northward,B1,Society_Law_Politics,Law_Crime,0
11496,not bear comparison with,B1,Daily_Life,General_Interactions,0
11497,not bear thethought of,B1,Psychology_Emotions,Feelings_Emotions,0
11498,not come to any harm,B1,Daily_Life,General_Interactions,0
11499,not find guilty,B1,Daily_Life,General_Interactions,0
11500,not have much luck,B1,Daily_Life,General_Interactions,0
11501,not lose any sleep,B1,Health_Medicine,Healthcare_Hospital,0
11502,not mean any harm,B1,Daily_Life,General_Interactions,0
11503,not say a word,B1,Communication_Media_Arts,Speaking_Expressions,0
11504,not trust an inch,B1,Daily_Life,General_Interactions,0
11505,not utter a word,B1,Daily_Life,General_Interactions,0
11506,not-so-distant future,B1,Daily_Life,General_Interactions,0
11507,notable,B1,Daily_Life,General_Interactions,0
11508,notably,B1,Daily_Life,General_Interactions,0
11509,note,B1,Daily_Life,General_Interactions,0
11510,notebook,B1,Communication_Media_Arts,Speaking_Expressions,0
11511,notice,B1,Daily_Life,General_Interactions,0
11512,noticeable,B1,Daily_Life,General_Interactions,0
11513,noticed,B1,Daily_Life,General_Interactions,0
11514,notification,B1,Daily_Life,General_Interactions,0
11515,notify,B1,Daily_Life,General_Interactions,0
11516,notify the police,B1,Society_Law_Politics,Law_Crime,0
11517,noting,B1,Daily_Life,General_Interactions,0
11518,notions,B1,Daily_Life,General_Interactions,0
11519,notorious,B1,Daily_Life,General_Interactions,0
11520,notwithstanding,B1,Daily_Life,General_Interactions,0
11521,nourish,B1,Daily_Life,General_Interactions,0
11522,nourishing,B1,Daily_Life,General_Interactions,0
11523,novel solution,B1,Daily_Life,General_Interactions,0
11524,novelty value,B1,Daily_Life,General_Interactions,0
11525,novice,B1,Daily_Life,General_Interactions,0
11526,nuance,B1,Daily_Life,General_Interactions,0
11527,nuanced,B1,Daily_Life,General_Interactions,0
11528,nuclear,B1,Daily_Life,General_Interactions,0
11529,nuisance,B1,Daily_Life,General_Interactions,0
11530,nullify,B1,Daily_Life,General_Interactions,0
11531,number,B1,Daily_Life,General_Interactions,0
11532,numbered,B1,Daily_Life,General_Interactions,0
11533,numerous,B1,Daily_Life,General_Interactions,0
11534,nurseries,B1,Health_Medicine,Healthcare_Hospital,0
11535,nut,B1,Daily_Life,General_Interactions,0
11536,nutrient,B1,Daily_Life,General_Interactions,0
11537,nutrients,B1,Daily_Life,General_Interactions,0
11538,nutrition,B1,Health_Medicine,Nutrition_Diet,0
11539,oak,B1,Daily_Life,General_Interactions,0
11540,oath,B1,Daily_Life,General_Interactions,0
11541,obdurate,B1,Business_Finance_Economy,Economy_Markets,0
11542,obey,B1,Daily_Life,General_Interactions,0
11543,obfuscate,B1,Daily_Life,General_Interactions,0
11544,object,B1,Daily_Life,General_Interactions,0
11545,objection,B1,Daily_Life,General_Interactions,0
11546,objective,B1,Daily_Life,General_Interactions,0
11547,oblique,B1,Daily_Life,General_Interactions,0
11548,obliterate,B1,Business_Finance_Economy,Economy_Markets,0
11549,obscure,B1,Health_Medicine,Illness_Diseases,0
11550,obsequious,B1,Daily_Life,General_Interactions,0
11551,observation,B1,Science_Nature,Research_Methods,0
11552,observations,B1,Science_Nature,Research_Methods,0
11553,observatories,B1,Daily_Life,General_Interactions,0
11554,observatory,B1,Daily_Life,General_Interactions,0
11555,observe,B1,Daily_Life,General_Interactions,0
11556,observe a festival,B1,Daily_Life,General_Interactions,0
11557,observed,B1,Daily_Life,General_Interactions,0
11558,obsession,B1,Daily_Life,General_Interactions,0
11559,obsession with,B1,Daily_Life,General_Interactions,0
11560,obsolescent,B1,Daily_Life,General_Interactions,0
11561,obstacles,B1,Daily_Life,General_Interactions,0
11562,obstinate,B1,Daily_Life,General_Interactions,0
11563,obstreperous,B1,Daily_Life,General_Interactions,0
11564,obtain permission,B1,Technology_Digital,Artificial_Intelligence,0
11565,obtrusive,B1,Daily_Life,General_Interactions,0
11566,obtuse,B1,Daily_Life,General_Interactions,0
11567,obviate,B1,Daily_Life,General_Interactions,0
11568,obvious,B1,Daily_Life,General_Interactions,0
11569,occasion,B1,Daily_Life,General_Interactions,0
11570,occasional twinge,B1,Daily_Life,General_Interactions,0
11571,occasionally,B1,Daily_Life,General_Interactions,0
11572,occult,B1,Daily_Life,General_Interactions,0
11573,occupation,B1,Business_Finance_Economy,Jobs_Careers,0
11574,occur,B1,Daily_Life,General_Interactions,0
11575,occurred,B1,Daily_Life,General_Interactions,0
11576,occurrence,B1,Daily_Life,General_Interactions,0
11577,occurring,B1,Daily_Life,General_Interactions,0
11578,occurs,B1,Daily_Life,General_Interactions,0
11579,ocean,B1,Science_Nature,Natural_Phenomena,0
11580,oceanography,B1,Science_Nature,Natural_Phenomena,0
11581,oceans,B1,Science_Nature,Natural_Phenomena,0
11582,oddness,B1,Daily_Life,General_Interactions,0
11583,odious,B1,Daily_Life,General_Interactions,0
11584,of legitimacy,B1,Daily_Life,General_Interactions,0
11585,of likelihood,B1,Technology_Digital,Social_Media,0
11586,of paramount importance,B1,Daily_Life,General_Interactions,0
11587,off the beaten track,B1,Health_Medicine,Healthcare_Hospital,0
11588,offender,B1,Daily_Life,General_Interactions,0
11589,offer,B1,Daily_Life,General_Interactions,0
11590,offer a discount,B1,Daily_Life,Shopping_Everyday,0
11591,offer an explanation,B1,Daily_Life,General_Interactions,0
11592,offered,B1,Daily_Life,General_Interactions,0
11593,offering,B1,Daily_Life,General_Interactions,0
11594,offers,B1,Daily_Life,General_Interactions,0
11595,office,B1,Daily_Life,General_Interactions,0
11596,officer,B1,Daily_Life,General_Interactions,0
11597,officious,B1,Daily_Life,General_Interactions,0
11598,offline,B1,Daily_Life,General_Interactions,0
11599,offset,B1,Daily_Life,General_Interactions,0
11600,offset carbon emissions,B1,Travel_Transportation,Road_Travel,0
11601,offshore wind farm,B1,Daily_Life,General_Interactions,0
11602,offspring,B1,Daily_Life,General_Interactions,0
11603,often,B1,Daily_Life,General_Interactions,0
11604,oil,B1,Daily_Life,General_Interactions,0
11605,old,B1,Daily_Life,General_Interactions,0
11606,old male,B1,Daily_Life,General_Interactions,0
11607,older,B1,Daily_Life,General_Interactions,0
11608,ominous,B1,Daily_Life,General_Interactions,0
11609,omnipotent,B1,Daily_Life,General_Interactions,0
11610,omnivorous,B1,Daily_Life,General_Interactions,0
11611,on bad terms,B1,Daily_Life,General_Interactions,0
11612,on the spur of the moment,B1,Daily_Life,General_Interactions,0
11613,on-site,B1,Daily_Life,General_Interactions,0
11614,one-quarter,B1,Communication_Media_Arts,Arts_Creativity,0
11615,one-third,B1,Daily_Life,General_Interactions,0
11616,one-way,B1,Daily_Life,General_Interactions,0
11617,onerous,B1,Daily_Life,General_Interactions,0
11618,online,B1,Technology_Digital,Software_Internet,0
11619,online banking,B1,Business_Finance_Economy,Finance_Banking,0
11620,online shopping,B1,Technology_Digital,Software_Internet,0
11621,onset,B1,Daily_Life,General_Interactions,0
11622,onto,B1,Daily_Life,General_Interactions,0
11623,opaque,B1,Daily_Life,General_Interactions,0
11624,open,B1,Daily_Life,General_Interactions,0
11625,open a current account,B1,Daily_Life,Home_Housing,0
11626,open all hours,B1,Daily_Life,Time_Management,0
11627,open hostility,B1,Daily_Life,General_Interactions,0
11628,open your heart to,B1,Communication_Media_Arts,Arts_Creativity,0
11629,opened,B1,Daily_Life,General_Interactions,0
11630,opening,B1,Daily_Life,General_Interactions,0
11631,opening gambit,B1,Daily_Life,General_Interactions,0
11632,opening remarks,B1,Daily_Life,General_Interactions,0
11633,opera,B1,Daily_Life,General_Interactions,0
11634,operate,B1,Business_Finance_Economy,Economy_Markets,0
11635,operated,B1,Business_Finance_Economy,Economy_Markets,0
11636,operation,B1,Daily_Life,General_Interactions,0
11637,opinion,B1,Communication_Media_Arts,Opinion_Discussion,0
11638,opinions,B1,Communication_Media_Arts,Opinion_Discussion,0
11639,opponent,B1,Daily_Life,General_Interactions,0
11640,opponents,B1,Daily_Life,General_Interactions,0
11641,opportunist,B1,Daily_Life,General_Interactions,0
11642,opportunities,B1,Daily_Life,General_Interactions,0
11643,opportunity arises,B1,Business_Finance_Economy,Entrepreneurship,0
11644,opposite,B1,Daily_Life,General_Interactions,0
11645,opposite number,B1,Daily_Life,General_Interactions,0
11646,opprobrious,B1,Daily_Life,General_Interactions,0
11647,opt,B1,Daily_Life,General_Interactions,0
11648,optical,B1,Daily_Life,General_Interactions,0
11649,optimal,B1,Daily_Life,General_Interactions,0
11650,optimize,B1,Daily_Life,General_Interactions,0
11651,option,B1,Daily_Life,General_Interactions,0
11652,opulent,B1,Daily_Life,General_Interactions,0
11653,oral,B1,Daily_Life,General_Interactions,0
11654,orator,B1,Daily_Life,General_Interactions,0
11655,orbit,B1,Daily_Life,General_Interactions,0
11656,orbital,B1,Daily_Life,General_Interactions,0
11657,orchestra,B1,Daily_Life,General_Interactions,0
11658,orchestrate,B1,Business_Finance_Economy,Economy_Markets,0
11659,orchestrated,B1,Business_Finance_Economy,Economy_Markets,0
11660,ordain,B1,Technology_Digital,Artificial_Intelligence,0
11661,ordeal,B1,Daily_Life,General_Interactions,0
11662,order a takeaway,B1,Daily_Life,General_Interactions,0
11663,ordered,B1,Daily_Life,General_Interactions,0
11664,ordinary,B1,Daily_Life,Routine_Activities,0
11665,ore,B1,Daily_Life,General_Interactions,0
11666,organ,B1,Daily_Life,General_Interactions,0
11667,organic,B1,Daily_Life,General_Interactions,0
11668,organise,B1,Daily_Life,General_Interactions,0
11669,organise a barbecue,B1,Daily_Life,General_Interactions,0
11670,organising,B1,Communication_Media_Arts,Speaking_Expressions,0
11671,organisms,B1,Science_Nature,Biology_Life_Sciences,0
11672,organization,B1,Daily_Life,General_Interactions,0
11673,organizations,B1,Daily_Life,General_Interactions,0
11674,organized,B1,Daily_Life,Time_Management,0
11675,organizer,B1,Daily_Life,Time_Management,0
11676,organizers,B1,Daily_Life,Time_Management,0
11677,orient,B1,Daily_Life,General_Interactions,0
11678,orientation,B1,Daily_Life,General_Interactions,0
11679,origin,B1,Daily_Life,General_Interactions,0
11680,original,B1,Daily_Life,General_Interactions,0
11681,originally,B1,Daily_Life,General_Interactions,0
11682,originate from,B1,Daily_Life,General_Interactions,0
11683,originated,B1,Daily_Life,General_Interactions,0
11684,origins,B1,Daily_Life,General_Interactions,0
11685,ornament,B1,Daily_Life,General_Interactions,0
11686,ornamental,B1,Health_Medicine,Mental_Health,0
11687,ornamentation,B1,Daily_Life,General_Interactions,0
11688,ornate,B1,Daily_Life,General_Interactions,0
11689,orthodox,B1,Daily_Life,General_Interactions,0
11690,oscillate,B1,Health_Medicine,Healthcare_Hospital,0
11691,oscillation,B1,Health_Medicine,Healthcare_Hospital,0
11692,ostensible,B1,Daily_Life,General_Interactions,0
11693,ostentatious,B1,Daily_Life,General_Interactions,0
11694,other side of the argument,B1,Communication_Media_Arts,Opinion_Discussion,0
11695,ought,B1,Daily_Life,General_Interactions,0
11696,oust,B1,Daily_Life,General_Interactions,0
11697,out of sight,B1,Daily_Life,General_Interactions,0
11698,outages,B1,Daily_Life,General_Interactions,0
11699,outbreak,B1,Daily_Life,General_Interactions,0
11700,outcome,B1,Daily_Life,General_Interactions,0
11701,outdated,B1,Daily_Life,General_Interactions,0
11702,outdoor,B1,Daily_Life,General_Interactions,0
11703,outer,B1,Daily_Life,General_Interactions,0
11704,outermost,B1,Daily_Life,General_Interactions,0
11705,outgoing,B1,Daily_Life,General_Interactions,0
11706,outline,B1,Daily_Life,General_Interactions,0
11707,outlook,B1,Daily_Life,General_Interactions,0
11708,outmoded,B1,Daily_Life,General_Interactions,0
11709,outpouring of grief,B1,Daily_Life,General_Interactions,0
11710,output,B1,Daily_Life,General_Interactions,0
11711,outright,B1,Society_Law_Politics,Law_Crime,0
11712,outside,B1,Daily_Life,General_Interactions,0
11713,outsider,B1,Daily_Life,General_Interactions,0
11714,outstanding debt,B1,Business_Finance_Economy,Finance_Banking,0
11715,outward,B1,Society_Law_Politics,Law_Crime,0
11716,over the course of time,B1,Education,University_School,0
11717,overall,B1,Daily_Life,General_Interactions,0
11718,overcome a hurdle,B1,Daily_Life,General_Interactions,0
11719,overcrowded train,B1,Technology_Digital,Artificial_Intelligence,0
11720,overfishing,B1,Daily_Life,General_Interactions,0
11721,overground,B1,Daily_Life,General_Interactions,0
11722,overhunting,B1,Daily_Life,General_Interactions,0
11723,overlie,B1,Daily_Life,General_Interactions,0
11724,overnight,B1,Daily_Life,General_Interactions,0
11725,override,B1,Daily_Life,General_Interactions,0
11726,overriding,B1,Daily_Life,General_Interactions,0
11727,oversaw,B1,Daily_Life,General_Interactions,0
11728,overseas,B1,Daily_Life,General_Interactions,0
11729,overshadowed,B1,Daily_Life,General_Interactions,0
11730,overstate a case,B1,Daily_Life,General_Interactions,0
11731,overstates,B1,Daily_Life,General_Interactions,0
11732,overtime,B1,Daily_Life,Time_Management,0
11733,overturn a verdict,B1,Daily_Life,General_Interactions,0
11734,overview,B1,Daily_Life,General_Interactions,0
11735,overwhelm,B1,Daily_Life,General_Interactions,0
11736,overwhelmed,B1,Daily_Life,General_Interactions,0
11737,overwhelming,B1,Daily_Life,General_Interactions,0
11738,overwhelming majority,B1,Daily_Life,General_Interactions,0
11739,overwrought,B1,Daily_Life,General_Interactions,0
11740,owl,B1,Daily_Life,General_Interactions,0
11741,owned,B1,Daily_Life,General_Interactions,0
11742,owner,B1,Daily_Life,General_Interactions,0
11743,owners,B1,Daily_Life,General_Interactions,0
11744,ownership,B1,Daily_Life,General_Interactions,0
11745,oxen,B1,Daily_Life,General_Interactions,0
11746,pace,B1,Daily_Life,General_Interactions,0
11747,pacifier,B1,Daily_Life,General_Interactions,0
11748,pacify,B1,Daily_Life,General_Interactions,0
11749,pack,B1,Daily_Life,General_Interactions,0
11750,pack of dogs,B1,Daily_Life,General_Interactions,0
11751,pack of hounds,B1,Daily_Life,General_Interactions,0
11752,pack of wolves,B1,Daily_Life,General_Interactions,0
11753,package,B1,Daily_Life,General_Interactions,0
11754,packaged,B1,Daily_Life,General_Interactions,0
11755,packed,B1,Daily_Life,General_Interactions,0
11756,packing,B1,Daily_Life,General_Interactions,0
11757,paddy,B1,Daily_Life,General_Interactions,0
11758,paean,B1,Daily_Life,General_Interactions,0
11759,page,B1,Daily_Life,General_Interactions,0
11760,paid,B1,Technology_Digital,Artificial_Intelligence,0
11761,pain,B1,Health_Medicine,Illness_Diseases,0
11762,painful,B1,Health_Medicine,Illness_Diseases,0
11763,paint,B1,Health_Medicine,Illness_Diseases,0
11764,paintbrush,B1,Health_Medicine,Illness_Diseases,0
11765,painted,B1,Health_Medicine,Illness_Diseases,0
11766,pair,B1,Technology_Digital,Artificial_Intelligence,0
11767,palate,B1,Daily_Life,General_Interactions,0
11768,palatial,B1,Daily_Life,General_Interactions,0
11769,pale,B1,Daily_Life,General_Interactions,0
11770,pale in comparison,B1,Daily_Life,General_Interactions,0
11771,paleontologist,B1,Daily_Life,General_Interactions,0
11772,paleontologists,B1,Daily_Life,General_Interactions,0
11773,paleontology,B1,Daily_Life,General_Interactions,0
11774,pales,B1,Daily_Life,General_Interactions,0
11775,palliate,B1,Daily_Life,General_Interactions,0
11776,palm,B1,Daily_Life,General_Interactions,0
11777,palpable,B1,Daily_Life,General_Interactions,0
11778,panache,B1,Daily_Life,General_Interactions,0
11779,pander to someone's every whim,B1,Daily_Life,General_Interactions,0
11780,pane,B1,Daily_Life,General_Interactions,0
11781,panel,B1,Daily_Life,General_Interactions,0
11782,panic,B1,Psychology_Emotions,Stress_Mental_State,0
11783,paperback,B1,Daily_Life,General_Interactions,0
11784,paradox,B1,Daily_Life,General_Interactions,0
11785,paradoxically,B1,Daily_Life,General_Interactions,0
11786,paragon,B1,Daily_Life,General_Interactions,0
11787,paragraph,B1,Daily_Life,General_Interactions,0
11788,parameter,B1,Daily_Life,General_Interactions,0
11789,parameters,B1,Daily_Life,General_Interactions,0
11790,parcel out,B1,Daily_Life,General_Interactions,0
11791,pare away,B1,Daily_Life,General_Interactions,0
11792,pariah,B1,Daily_Life,General_Interactions,0
11793,parish,B1,Daily_Life,General_Interactions,0
11794,park-and-ride scheme,B1,Daily_Life,General_Interactions,0
11795,parked,B1,Daily_Life,General_Interactions,0
11796,parking,B1,Daily_Life,General_Interactions,0
11797,parliamentary,B1,Society_Law_Politics,Government_Politics,0
11798,parody,B1,Daily_Life,General_Interactions,0
11799,parrot,B1,Daily_Life,General_Interactions,0
11800,parsimonious,B1,Daily_Life,General_Interactions,0
11801,part,B1,Communication_Media_Arts,Arts_Creativity,0
11802,partake,B1,Communication_Media_Arts,Arts_Creativity,0
11803,participant,B1,Communication_Media_Arts,Arts_Creativity,0
11804,participants,B1,Communication_Media_Arts,Arts_Creativity,0
11805,participate,B1,Communication_Media_Arts,Arts_Creativity,0
11806,participation,B1,Communication_Media_Arts,Arts_Creativity,0
11807,participatory,B1,Communication_Media_Arts,Arts_Creativity,0
11808,particles,B1,Science_Nature,Physics_Chemistry,0
11809,particularly,B1,Communication_Media_Arts,Arts_Creativity,0
11810,partly,B1,Communication_Media_Arts,Arts_Creativity,0
11811,partnerships,B1,Communication_Media_Arts,Arts_Creativity,0
11812,partridge,B1,Communication_Media_Arts,Arts_Creativity,0
11813,party,B1,Communication_Media_Arts,Arts_Creativity,0
11814,pass a milestone,B1,Education,Exams_Assessments,0
11815,pass judgment on,B1,Education,Exams_Assessments,0
11816,pass laws,B1,Education,Exams_Assessments,0
11817,pass on judgement,B1,Education,Exams_Assessments,0
11818,pass up a chance,B1,Education,Exams_Assessments,0
11819,pass up an opportunity,B1,Education,Exams_Assessments,0
11820,passages,B1,Education,Exams_Assessments,0
11821,passed,B1,Education,Exams_Assessments,0
11822,passenger,B1,Education,Exams_Assessments,0
11823,passersby,B1,Education,Exams_Assessments,0
11824,passing,B1,Education,Exams_Assessments,0
11825,passionate,B1,Education,Exams_Assessments,0
11826,passionate entreaty,B1,Education,Exams_Assessments,0
11827,passive,B1,Education,Exams_Assessments,0
11828,past,B1,Daily_Life,General_Interactions,0
11829,patch,B1,Daily_Life,General_Interactions,0
11830,patent,B1,Daily_Life,General_Interactions,0
11831,path,B1,Daily_Life,General_Interactions,0
11832,pathetic,B1,Daily_Life,General_Interactions,0
11833,pathos,B1,Daily_Life,General_Interactions,0
11834,paths,B1,Daily_Life,General_Interactions,0
11835,pathway,B1,Daily_Life,General_Interactions,0
11836,patience,B1,Daily_Life,General_Interactions,0
11837,patient,B1,Health_Medicine,Healthcare_Hospital,0
11838,patients,B1,Health_Medicine,Healthcare_Hospital,0
11839,patio,B1,Daily_Life,General_Interactions,0
11840,patriarch,B1,Daily_Life,General_Interactions,0
11841,patrols,B1,Daily_Life,General_Interactions,0
11842,patronage,B1,Daily_Life,General_Interactions,0
11843,patrons,B1,Daily_Life,General_Interactions,0
11844,patterns,B1,Daily_Life,General_Interactions,0
11845,pause,B1,Daily_Life,General_Interactions,0
11846,paved,B1,Daily_Life,General_Interactions,0
11847,pavement,B1,Daily_Life,General_Interactions,0
11848,pay,B1,Business_Finance_Economy,Business_Management,0
11849,pay back a loan,B1,Business_Finance_Economy,Finance_Banking,0
11850,pay dividends,B1,Business_Finance_Economy,Business_Management,0
11851,pay someone a visit,B1,Daily_Life,General_Interactions,0
11852,pay to tribute,B1,Business_Finance_Economy,Business_Management,0
11853,payable,B1,Business_Finance_Economy,Business_Management,0
11854,paying,B1,Business_Finance_Economy,Business_Management,0
11855,payment,B1,Business_Finance_Economy,Business_Management,0
11856,pea-sized,B1,Daily_Life,General_Interactions,0
11857,peace,B1,Psychology_Emotions,Stress_Mental_State,0
11858,peak,B1,Daily_Life,General_Interactions,0
11859,peak time,B1,Daily_Life,Time_Management,0
11860,peccadillo,B1,Health_Medicine,Healthcare_Hospital,0
11861,pedantic,B1,Daily_Life,General_Interactions,0
11862,pedestrian,B1,Daily_Life,General_Interactions,0
11863,pedometer,B1,Daily_Life,General_Interactions,0
11864,peel,B1,Daily_Life,General_Interactions,0
11865,peers,B1,Daily_Life,General_Interactions,0
11866,pen,B1,Daily_Life,General_Interactions,0
11867,penalty,B1,Daily_Life,General_Interactions,0
11868,penchant,B1,Daily_Life,General_Interactions,0
11869,pencil in a meeting,B1,Daily_Life,General_Interactions,0
11870,pending the outcome,B1,Daily_Life,General_Interactions,0
11871,pending the response,B1,Psychology_Emotions,Behavior,0
11872,pending the results,B1,Daily_Life,General_Interactions,0
11873,penetrate,B1,Business_Finance_Economy,Economy_Markets,0
11874,penitent,B1,Daily_Life,General_Interactions,0
11875,pensive,B1,Daily_Life,General_Interactions,0
11876,pent-up anger,B1,Daily_Life,General_Interactions,0
11877,people,B1,Daily_Life,General_Interactions,0
11878,peoples,B1,Daily_Life,General_Interactions,0
11879,peppermint,B1,Daily_Life,General_Interactions,0
11880,per,B1,Daily_Life,General_Interactions,0
11881,percent,B1,Daily_Life,General_Interactions,0
11882,perceptible,B1,Daily_Life,General_Interactions,0
11883,perception,B1,Daily_Life,General_Interactions,0
11884,peremptory,B1,Daily_Life,General_Interactions,0
11885,perennial,B1,Daily_Life,General_Interactions,0
11886,perfect,B1,Daily_Life,General_Interactions,0
11887,perfect a technique,B1,Technology_Digital,Software_Internet,0
11888,perfect venue,B1,Daily_Life,General_Interactions,0
11889,perfectly friendly,B1,Daily_Life,General_Interactions,0
11890,perform,B1,Communication_Media_Arts,Speaking_Expressions,0
11891,perform a dance,B1,Communication_Media_Arts,Arts_Creativity,0
11892,perform a task,B1,Daily_Life,Routine_Activities,0
11893,performance,B1,Communication_Media_Arts,Speaking_Expressions,0
11894,performed,B1,Communication_Media_Arts,Speaking_Expressions,0
11895,performing,B1,Communication_Media_Arts,Speaking_Expressions,0
11896,perfume,B1,Daily_Life,General_Interactions,0
11897,perfunctory,B1,Daily_Life,General_Interactions,0
11898,peril,B1,Daily_Life,General_Interactions,0
11899,period,B1,Daily_Life,General_Interactions,0
11900,periodically,B1,Daily_Life,General_Interactions,0
11901,periods,B1,Daily_Life,General_Interactions,0
11902,peripheral,B1,Daily_Life,General_Interactions,0
11903,perishable,B1,Daily_Life,General_Interactions,0
11904,perk,B1,Daily_Life,General_Interactions,0
11905,permission,B1,Daily_Life,General_Interactions,0
11906,permit,B1,Daily_Life,General_Interactions,0
11907,permitted,B1,Daily_Life,General_Interactions,0
11908,pernicious,B1,Daily_Life,General_Interactions,0
11909,perpendicular,B1,Daily_Life,General_Interactions,0
11910,perpetual,B1,Daily_Life,General_Interactions,0
11911,perpetuate,B1,Daily_Life,General_Interactions,0
11912,perplexed,B1,Daily_Life,General_Interactions,0
11913,persisted,B1,Daily_Life,General_Interactions,0
11914,persistence,B1,Daily_Life,General_Interactions,0
11915,person,B1,Psychology_Emotions,Feelings_Emotions,0
11916,personal,B1,Psychology_Emotions,Feelings_Emotions,0
11917,personality,B1,Psychology_Emotions,Personality,0
11918,personality traits,B1,Technology_Digital,Artificial_Intelligence,0
11919,personalized,B1,Psychology_Emotions,Feelings_Emotions,0
11920,personnel,B1,Psychology_Emotions,Feelings_Emotions,0
11921,perspectives,B1,Communication_Media_Arts,Opinion_Discussion,0
11922,perspicacious,B1,Daily_Life,General_Interactions,0
11923,persuasive,B1,Daily_Life,General_Interactions,0
11924,persuasively,B1,Daily_Life,General_Interactions,0
11925,pertain,B1,Technology_Digital,Artificial_Intelligence,0
11926,pertinent,B1,Daily_Life,General_Interactions,0
11927,perturb,B1,Daily_Life,General_Interactions,0
11928,peruse,B1,Daily_Life,General_Interactions,0
11929,pervasive,B1,Daily_Life,General_Interactions,0
11930,pest,B1,Daily_Life,General_Interactions,0
11931,pests,B1,Daily_Life,General_Interactions,0
11932,petulant,B1,Daily_Life,General_Interactions,0
11933,phase,B1,Daily_Life,General_Interactions,0
11934,phenomenal,B1,Daily_Life,General_Interactions,0
11935,phenomenon,B1,Science_Nature,Natural_Phenomena,0
11936,pheromones,B1,Daily_Life,General_Interactions,0
11937,philosophical,B1,Daily_Life,General_Interactions,0
11938,phlegmatic,B1,Daily_Life,General_Interactions,0
11939,photo,B1,Daily_Life,General_Interactions,0
11940,photographer,B1,Daily_Life,General_Interactions,0
11941,photoperiod,B1,Daily_Life,General_Interactions,0
11942,photoperiodism,B1,Daily_Life,General_Interactions,0
11943,photovoltaic,B1,Technology_Digital,Artificial_Intelligence,0
11944,phrase,B1,Daily_Life,General_Interactions,0
11945,physical exertion,B1,Daily_Life,General_Interactions,0
11946,physically,B1,Daily_Life,General_Interactions,0
11947,physiognomy,B1,Daily_Life,General_Interactions,0
11948,physiological,B1,Daily_Life,General_Interactions,0
11949,piano,B1,Daily_Life,General_Interactions,0
11950,pick a fight,B1,Daily_Life,General_Interactions,0
11951,picked,B1,Daily_Life,General_Interactions,0
11952,picture,B1,Daily_Life,General_Interactions,0
11953,picturesque location,B1,Travel_Transportation,Navigation_Directions,0
11954,picturesque town,B1,Daily_Life,General_Interactions,0
11955,picturesque village,B1,Health_Medicine,Healthcare_Hospital,0
11956,picturing,B1,Daily_Life,General_Interactions,0
11957,piece,B1,Daily_Life,General_Interactions,0
11958,piece together,B1,Daily_Life,General_Interactions,0
11959,piety,B1,Daily_Life,General_Interactions,0
11960,pigeon,B1,Daily_Life,General_Interactions,0
11961,pigment,B1,Daily_Life,General_Interactions,0
11962,pigmentation,B1,Daily_Life,General_Interactions,0
11963,pilot,B1,Travel_Transportation,Air_Travel,0
11964,pilots',B1,Travel_Transportation,Air_Travel,0
11965,pin,B1,Daily_Life,General_Interactions,0
11966,pinch,B1,Daily_Life,General_Interactions,0
11967,pinnacle,B1,Daily_Life,General_Interactions,0
11968,pioneer,B1,Daily_Life,General_Interactions,0
11969,pioneered,B1,Daily_Life,General_Interactions,0
11970,pioneers,B1,Daily_Life,General_Interactions,0
11971,pitfalls,B1,Daily_Life,General_Interactions,0
11972,pivotal,B1,Daily_Life,General_Interactions,0
11973,placate,B1,Daily_Life,General_Interactions,0
11974,place,B1,Daily_Life,General_Interactions,0
11975,place an order,B1,Daily_Life,General_Interactions,0
11976,place great value on,B1,Health_Medicine,Healthcare_Hospital,0
11977,placed,B1,Daily_Life,General_Interactions,0
11978,placement,B1,Daily_Life,General_Interactions,0
11979,placing,B1,Daily_Life,General_Interactions,0
11980,plague,B1,Daily_Life,General_Interactions,0
11981,plain food,B1,Health_Medicine,Nutrition_Diet,0
11982,plain truth,B1,Technology_Digital,Artificial_Intelligence,0
11983,plains,B1,Technology_Digital,Artificial_Intelligence,0
11984,plaintive,B1,Technology_Digital,Artificial_Intelligence,0
11985,plan,B1,Daily_Life,General_Interactions,0
11986,plane,B1,Travel_Transportation,Air_Travel,0
11987,planet,B1,Travel_Transportation,Air_Travel,0
11988,planets,B1,Travel_Transportation,Air_Travel,0
11989,planking,B1,Daily_Life,General_Interactions,0
11990,planned,B1,Daily_Life,General_Interactions,0
11991,planner,B1,Daily_Life,General_Interactions,0
11992,planners,B1,Daily_Life,General_Interactions,0
11993,planning,B1,Daily_Life,Time_Management,0
11994,plans,B1,Daily_Life,General_Interactions,0
11995,plant,B1,Science_Nature,Biology_Life_Sciences,0
11996,plant doubts,B1,Science_Nature,Biology_Life_Sciences,0
11997,plant-cutting,B1,Science_Nature,Biology_Life_Sciences,0
11998,planted,B1,Science_Nature,Biology_Life_Sciences,0
11999,planting,B1,Science_Nature,Biology_Life_Sciences,0
12000,plasma,B1,Daily_Life,General_Interactions,0
12001,plate,B1,Daily_Life,General_Interactions,0
12002,plates,B1,Daily_Life,General_Interactions,0
12003,platforms,B1,Travel_Transportation,Public_Transport,0
12004,platonic relationships,B1,Daily_Life,General_Interactions,0
12005,plausible,B1,Daily_Life,General_Interactions,0
12006,play,B1,Communication_Media_Arts,Speaking_Expressions,0
12007,play a dirty trick,B1,Communication_Media_Arts,Speaking_Expressions,0
12008,play brilliantly,B1,Health_Medicine,Healthcare_Hospital,0
12009,play host to,B1,Communication_Media_Arts,Speaking_Expressions,0
12010,play the stock market,B1,Business_Finance_Economy,Economy_Markets,0
12011,play truant,B1,Communication_Media_Arts,Speaking_Expressions,0
12012,played,B1,Communication_Media_Arts,Speaking_Expressions,0
12013,playing,B1,Communication_Media_Arts,Speaking_Expressions,0
12014,playlist,B1,Communication_Media_Arts,Speaking_Expressions,0
12015,plays,B1,Communication_Media_Arts,Speaking_Expressions,0
12016,plead,B1,Daily_Life,General_Interactions,0
12017,pleasant,B1,Daily_Life,General_Interactions,0
12018,please,B1,Daily_Life,General_Interactions,0
12019,pleased,B1,Daily_Life,General_Interactions,0
12020,pleasure,B1,Daily_Life,General_Interactions,0
12021,plethora,B1,Daily_Life,General_Interactions,0
12022,pliable,B1,Daily_Life,General_Interactions,0
12023,plowing,B1,Daily_Life,General_Interactions,0
12024,plucky,B1,Daily_Life,General_Interactions,0
12025,plugged,B1,Daily_Life,General_Interactions,0
12026,plumage,B1,Daily_Life,General_Interactions,0
12027,plumbing,B1,Daily_Life,General_Interactions,0
12028,plummeting profits,B1,Business_Finance_Economy,Finance_Banking,0
12029,pluralism,B1,Daily_Life,General_Interactions,0
12030,poaching,B1,Daily_Life,General_Interactions,0
12031,pocket,B1,Daily_Life,General_Interactions,0
12032,pocketbook,B1,Communication_Media_Arts,Speaking_Expressions,0
12033,pod of dolphins,B1,Daily_Life,General_Interactions,0
12034,pod of whales,B1,Daily_Life,General_Interactions,0
12035,poem,B1,Communication_Media_Arts,Writing_Language,0
12036,poetry,B1,Daily_Life,General_Interactions,0
12037,point,B1,Daily_Life,General_Interactions,0
12038,pointed,B1,Daily_Life,General_Interactions,0
12039,pointing,B1,Daily_Life,General_Interactions,0
12040,poison the atmosphere,B1,Daily_Life,General_Interactions,0
12041,poisonous,B1,Daily_Life,General_Interactions,0
12042,polar opposite,B1,Daily_Life,General_Interactions,0
12043,polarize,B1,Daily_Life,General_Interactions,0
12044,polemic,B1,Daily_Life,General_Interactions,0
12045,police,B1,Society_Law_Politics,Law_Crime,0
12046,policies,B1,Daily_Life,General_Interactions,0
12047,policymakers,B1,Society_Law_Politics,Government_Politics,0
12048,polite,B1,Daily_Life,General_Interactions,0
12049,political,B1,Society_Law_Politics,Law_Crime,0
12050,pollination,B1,Daily_Life,General_Interactions,0
12051,pollinator,B1,Daily_Life,General_Interactions,0
12052,pollutant,B1,Daily_Life,General_Interactions,0
12053,pollutants,B1,Daily_Life,General_Interactions,0
12054,polynomial,B1,Daily_Life,General_Interactions,0
12055,polyps,B1,Daily_Life,General_Interactions,0
12056,ponder,B1,Daily_Life,General_Interactions,0
12057,pool,B1,Daily_Life,General_Interactions,0
12058,poor,B1,Daily_Life,General_Interactions,0
12059,poor judgement,B1,Society_Law_Politics,Law_Crime,0
12060,poor sanitary conditions,B1,Daily_Life,General_Interactions,0
12061,poorer,B1,Daily_Life,General_Interactions,0
12062,poorly,B1,Daily_Life,General_Interactions,0
12063,pop,B1,Daily_Life,General_Interactions,0
12064,popular,B1,Daily_Life,General_Interactions,0
12065,population,B1,Daily_Life,General_Interactions,0
12066,populations,B1,Daily_Life,General_Interactions,0
12067,porch,B1,Daily_Life,General_Interactions,0
12068,pore,B1,Daily_Life,General_Interactions,0
12069,port,B1,Daily_Life,General_Interactions,0
12070,portable,B1,Daily_Life,General_Interactions,0
12071,portfolio,B1,Daily_Life,General_Interactions,0
12072,portion,B1,Daily_Life,General_Interactions,0
12073,portrait,B1,Technology_Digital,Artificial_Intelligence,0
12074,pose,B1,Daily_Life,General_Interactions,0
12075,pose a threat,B1,Health_Medicine,Healthcare_Hospital,0
12076,posed,B1,Daily_Life,General_Interactions,0
12077,posit,B1,Daily_Life,General_Interactions,0
12078,position,B1,Daily_Life,General_Interactions,0
12079,positioned,B1,Daily_Life,General_Interactions,0
12080,positive,B1,Daily_Life,General_Interactions,0
12081,posits,B1,Daily_Life,General_Interactions,0
12082,possess,B1,Daily_Life,General_Interactions,0
12083,possibilities,B1,Daily_Life,General_Interactions,0
12084,possible,B1,Daily_Life,General_Interactions,0
12085,possibly,B1,Daily_Life,General_Interactions,0
12086,post,B1,Technology_Digital,Social_Media,0
12087,posted,B1,Technology_Digital,Social_Media,0
12088,poster,B1,Technology_Digital,Social_Media,0
12089,postponed,B1,Technology_Digital,Social_Media,0
12090,postulate,B1,Technology_Digital,Social_Media,0
12091,postulated,B1,Technology_Digital,Social_Media,0
12092,potato,B1,Daily_Life,General_Interactions,0
12093,potentially,B1,Daily_Life,General_Interactions,0
12094,pottery,B1,Daily_Life,General_Interactions,0
12095,pouch,B1,Daily_Life,General_Interactions,0
12096,poured,B1,Daily_Life,General_Interactions,0
12097,pouring,B1,Daily_Life,General_Interactions,0
12098,powder,B1,Daily_Life,General_Interactions,0
12099,power,B1,Daily_Life,General_Interactions,0
12100,power cut,B1,Daily_Life,General_Interactions,0
12101,powerful,B1,Daily_Life,General_Interactions,0
12102,practical value,B1,Psychology_Emotions,Behavior,0
12103,practically,B1,Psychology_Emotions,Behavior,0
12104,practices,B1,Education,Learning_Skills,0
12105,practicing,B1,Psychology_Emotions,Behavior,0
12106,practise,B1,Psychology_Emotions,Behavior,0
12107,practise medicine,B1,Health_Medicine,Healthcare_Hospital,0
12108,practised,B1,Psychology_Emotions,Behavior,0
12109,practising,B1,Psychology_Emotions,Behavior,0
12110,practitioner,B1,Psychology_Emotions,Behavior,0
12111,practitioners,B1,Psychology_Emotions,Behavior,0
12112,pragmatic,B1,Daily_Life,General_Interactions,0
12113,praise,B1,Technology_Digital,Artificial_Intelligence,0
12114,pre-emptive strike,B1,Daily_Life,General_Interactions,0
12115,pre-wedding nerves,B1,Daily_Life,General_Interactions,0
12116,precarity,B1,Travel_Transportation,Road_Travel,0
12117,precede,B1,Daily_Life,General_Interactions,0
12118,precedent,B1,Daily_Life,General_Interactions,0
12119,preceding,B1,Daily_Life,General_Interactions,0
12120,precious little chance,B1,Daily_Life,General_Interactions,0
12121,precipitated,B1,Daily_Life,General_Interactions,0
12122,precise,B1,Daily_Life,General_Interactions,0
12123,precisely,B1,Daily_Life,General_Interactions,0
12124,precision,B1,Daily_Life,General_Interactions,0
12125,preclude,B1,Daily_Life,General_Interactions,0
12126,precludes,B1,Daily_Life,General_Interactions,0
12127,precocious,B1,Daily_Life,General_Interactions,0
12128,predatory,B1,Daily_Life,General_Interactions,0
12129,predict,B1,Daily_Life,General_Interactions,0
12130,predicting,B1,Daily_Life,General_Interactions,0
12131,prediction,B1,Daily_Life,General_Interactions,0
12132,predictions,B1,Daily_Life,General_Interactions,0
12133,predictors,B1,Daily_Life,General_Interactions,0
12134,predilection,B1,Daily_Life,General_Interactions,0
12135,predominantly,B1,Daily_Life,General_Interactions,0
12136,predominate,B1,Daily_Life,General_Interactions,0
12137,preeminent,B1,Daily_Life,General_Interactions,0
12138,prefatory,B1,Daily_Life,General_Interactions,0
12139,prefer,B1,Daily_Life,General_Interactions,0
12140,preference,B1,Daily_Life,General_Interactions,0
12141,preferences,B1,Daily_Life,General_Interactions,0
12142,preferred,B1,Daily_Life,General_Interactions,0
12143,pregnant,B1,Daily_Life,General_Interactions,0
12144,prehistoric,B1,Daily_Life,General_Interactions,0
12145,prehistory,B1,Communication_Media_Arts,Writing_Language,0
12146,preliminary,B1,Daily_Life,General_Interactions,0
12147,premature,B1,Daily_Life,General_Interactions,0
12148,premature death,B1,Health_Medicine,Healthcare_Hospital,0
12149,premise,B1,Daily_Life,General_Interactions,0
12150,premium,B1,Daily_Life,General_Interactions,0
12151,prenuptial agreement,B1,Communication_Media_Arts,Opinion_Discussion,0
12152,preoccupation,B1,Business_Finance_Economy,Jobs_Careers,0
12153,preordain,B1,Technology_Digital,Artificial_Intelligence,0
12154,preparations are underway,B1,Daily_Life,General_Interactions,0
12155,prepare,B1,Daily_Life,General_Interactions,0
12156,prepared,B1,Daily_Life,General_Interactions,0
12157,preparedness,B1,Daily_Life,General_Interactions,0
12158,preparing,B1,Daily_Life,General_Interactions,0
12159,preponderance,B1,Daily_Life,General_Interactions,0
12160,preposterous,B1,Technology_Digital,Social_Media,0
12161,preregistration,B1,Daily_Life,General_Interactions,0
12162,prerequisite,B1,Daily_Life,General_Interactions,0
12163,prerogative,B1,Daily_Life,General_Interactions,0
12164,presence,B1,Daily_Life,General_Interactions,0
12165,present,B1,Communication_Media_Arts,Speaking_Expressions,0
12166,present findings,B1,Communication_Media_Arts,Speaking_Expressions,0
12167,presentation,B1,Education,Classroom_Interaction,0
12168,presentations,B1,Education,Classroom_Interaction,0
12169,presented,B1,Communication_Media_Arts,Speaking_Expressions,0
12170,presenting,B1,Communication_Media_Arts,Speaking_Expressions,0
12171,presenting an award,B1,Society_Law_Politics,Law_Crime,0
12172,preservation,B1,Daily_Life,General_Interactions,0
12173,preservative,B1,Daily_Life,General_Interactions,0
12174,preserve,B1,Daily_Life,General_Interactions,0
12175,preserve for posterity,B1,Technology_Digital,Social_Media,0
12176,preserved,B1,Daily_Life,General_Interactions,0
12177,preserving,B1,Daily_Life,General_Interactions,0
12178,president,B1,Daily_Life,General_Interactions,0
12179,press coverage,B1,Communication_Media_Arts,Media_Journalism,0
12180,pressed,B1,Communication_Media_Arts,Media_Journalism,0
12181,pressing,B1,Communication_Media_Arts,Media_Journalism,0
12182,pressure,B1,Communication_Media_Arts,Media_Journalism,0
12183,pressures,B1,Communication_Media_Arts,Media_Journalism,0
12184,presumable,B1,Daily_Life,General_Interactions,0
12185,presumptuous,B1,Daily_Life,General_Interactions,0
12186,pretending,B1,Daily_Life,General_Interactions,0
12187,pretty,B1,Daily_Life,General_Interactions,0
12188,pretty fit,B1,Health_Medicine,Healthcare_Hospital,0
12189,prevail,B1,Technology_Digital,Artificial_Intelligence,0
12190,prevailed,B1,Technology_Digital,Artificial_Intelligence,0
12191,prevaricate,B1,Daily_Life,General_Interactions,0
12192,prevent,B1,Daily_Life,General_Interactions,0
12193,prevented,B1,Daily_Life,General_Interactions,0
12194,preventing,B1,Daily_Life,General_Interactions,0
12195,previous,B1,Daily_Life,General_Interactions,0
12196,previously,B1,Daily_Life,General_Interactions,0
12197,prey,B1,Daily_Life,General_Interactions,0
12198,price,B1,Business_Finance_Economy,Economy_Markets,0
12199,priced,B1,Business_Finance_Economy,Economy_Markets,0
12200,pride,B1,Daily_Life,General_Interactions,0
12201,pride of lions,B1,Daily_Life,General_Interactions,0
12202,primarily,B1,Daily_Life,General_Interactions,0
12203,primary cause,B1,Daily_Life,General_Interactions,0
12204,prime-time television,B1,Daily_Life,Time_Management,0
12205,primitive,B1,Daily_Life,General_Interactions,0
12206,primordial,B1,Daily_Life,General_Interactions,0
12207,principal,B1,Daily_Life,General_Interactions,0
12208,principle,B1,Daily_Life,General_Interactions,0
12209,principles,B1,Daily_Life,General_Interactions,0
12210,print,B1,Daily_Life,General_Interactions,0
12211,printed,B1,Daily_Life,General_Interactions,0
12212,printing,B1,Daily_Life,General_Interactions,0
12213,prior,B1,Daily_Life,General_Interactions,0
12214,prior to,B1,Daily_Life,General_Interactions,0
12215,prioritize,B1,Daily_Life,General_Interactions,0
12216,priority,B1,Daily_Life,General_Interactions,0
12217,prison,B1,Society_Law_Politics,Law_Crime,0
12218,pristine,B1,Daily_Life,General_Interactions,0
12219,privacy,B1,Technology_Digital,Cybersecurity,0
12220,private,B1,Daily_Life,General_Interactions,0
12221,privilege,B1,Daily_Life,General_Interactions,0
12222,privileges,B1,Daily_Life,General_Interactions,0
12223,prized,B1,Daily_Life,General_Interactions,0
12224,probability,B1,Education,Learning_Skills,0
12225,probably,B1,Daily_Life,General_Interactions,0
12226,probe,B1,Daily_Life,General_Interactions,0
12227,probe a crime,B1,Society_Law_Politics,Law_Crime,0
12228,probe an arms deal,B1,Daily_Life,General_Interactions,0
12229,probity,B1,Daily_Life,General_Interactions,0
12230,problem,B1,Daily_Life,General_Interactions,0
12231,problem occurs,B1,Daily_Life,General_Interactions,0
12232,problem-solving,B1,Daily_Life,General_Interactions,0
12233,proceed,B1,Daily_Life,General_Interactions,0
12234,proceeds,B1,Daily_Life,General_Interactions,0
12235,processes,B1,Daily_Life,General_Interactions,0
12236,processing,B1,Communication_Media_Arts,Speaking_Expressions,0
12237,proclaim a victory,B1,Technology_Digital,Artificial_Intelligence,0
12238,proclivity,B1,Daily_Life,General_Interactions,0
12239,procrastinate,B1,Daily_Life,General_Interactions,0
12240,procure,B1,Health_Medicine,Illness_Diseases,0
12241,procuring,B1,Daily_Life,General_Interactions,0
12242,prodigal,B1,Daily_Life,General_Interactions,0
12243,prodigious,B1,Daily_Life,General_Interactions,0
12244,produce,B1,Daily_Life,General_Interactions,0
12245,produce a result,B1,Daily_Life,General_Interactions,0
12246,produced,B1,Daily_Life,General_Interactions,0
12247,producer,B1,Daily_Life,General_Interactions,0
12248,producing,B1,Daily_Life,General_Interactions,0
12249,product,B1,Daily_Life,Shopping_Everyday,0
12250,product development,B1,Daily_Life,Shopping_Everyday,0
12251,product placement,B1,Daily_Life,Shopping_Everyday,0
12252,production,B1,Daily_Life,Shopping_Everyday,0
12253,productive,B1,Daily_Life,Shopping_Everyday,0
12254,productivity,B1,Daily_Life,Shopping_Everyday,0
12255,profess ignorance,B1,Daily_Life,General_Interactions,0
12256,professional,B1,Business_Finance_Economy,Jobs_Careers,0
12257,professional misconduct,B1,Business_Finance_Economy,Jobs_Careers,0
12258,professionals,B1,Business_Finance_Economy,Jobs_Careers,0
12259,professor,B1,Daily_Life,General_Interactions,0
12260,professors,B1,Daily_Life,General_Interactions,0
12261,profile,B1,Daily_Life,General_Interactions,0
12262,profit,B1,Business_Finance_Economy,Finance_Banking,0
12263,profits,B1,Business_Finance_Economy,Finance_Banking,0
12264,profligate,B1,Daily_Life,General_Interactions,0
12265,profound,B1,Daily_Life,General_Interactions,0
12266,profound admiration,B1,Daily_Life,General_Interactions,0
12267,program,B1,Technology_Digital,Software_Internet,0
12268,programmed,B1,Technology_Digital,Software_Internet,0
12269,progress,B1,Daily_Life,General_Interactions,0
12270,progressive,B1,Daily_Life,General_Interactions,0
12271,progressively,B1,Daily_Life,General_Interactions,0
12272,prohibit,B1,Daily_Life,General_Interactions,0
12273,prohibitive,B1,Daily_Life,General_Interactions,0
12274,prohibitively,B1,Daily_Life,General_Interactions,0
12275,project,B1,Daily_Life,General_Interactions,0
12276,projected,B1,Daily_Life,General_Interactions,0
12277,projection,B1,Daily_Life,General_Interactions,0
12278,projector,B1,Daily_Life,General_Interactions,0
12279,projects,B1,Daily_Life,General_Interactions,0
12280,proliferate,B1,Business_Finance_Economy,Economy_Markets,0
12281,prolifically,B1,Daily_Life,General_Interactions,0
12282,prolix,B1,Daily_Life,General_Interactions,0
12283,prolong,B1,Daily_Life,General_Interactions,0
12284,prolonged,B1,Daily_Life,General_Interactions,0
12285,promise,B1,Daily_Life,General_Interactions,0
12286,promised,B1,Daily_Life,General_Interactions,0
12287,promote interests,B1,Daily_Life,General_Interactions,0
12288,promoted,B1,Daily_Life,General_Interactions,0
12289,promotes,B1,Daily_Life,General_Interactions,0
12290,promoting,B1,Daily_Life,General_Interactions,0
12291,promotional,B1,Business_Finance_Economy,Jobs_Careers,0
12292,prompt service,B1,Daily_Life,General_Interactions,0
12293,prompt speculation,B1,Daily_Life,General_Interactions,0
12294,prompted,B1,Daily_Life,General_Interactions,0
12295,promulgate,B1,Daily_Life,General_Interactions,0
12296,pronounce someone dead,B1,Communication_Media_Arts,Speaking_Expressions,0
12297,pronounced,B1,Communication_Media_Arts,Speaking_Expressions,0
12298,proof,B1,Daily_Life,General_Interactions,0
12299,propagate,B1,Daily_Life,General_Interactions,0
12300,propel,B1,Daily_Life,General_Interactions,0
12301,proper,B1,Daily_Life,General_Interactions,0
12302,properly,B1,Daily_Life,General_Interactions,0
12303,property,B1,Daily_Life,General_Interactions,0
12304,propitiate,B1,Daily_Life,General_Interactions,0
12305,proponent,B1,Daily_Life,General_Interactions,0
12306,proponents,B1,Daily_Life,General_Interactions,0
12307,proposal,B1,Daily_Life,General_Interactions,0
12308,propose a toast,B1,Daily_Life,General_Interactions,0
12309,proposed,B1,Daily_Life,General_Interactions,0
12310,propriety,B1,Daily_Life,General_Interactions,0
12311,propulsion,B1,Daily_Life,General_Interactions,0
12312,prosaic,B1,Technology_Digital,Artificial_Intelligence,0
12313,proscribe,B1,Daily_Life,General_Interactions,0
12314,proselytize,B1,Daily_Life,General_Interactions,0
12315,prosody,B1,Daily_Life,General_Interactions,0
12316,prospect,B1,Daily_Life,General_Interactions,0
12317,prosperity,B1,Daily_Life,General_Interactions,0
12318,prosthetics,B1,Daily_Life,General_Interactions,0
12319,protagonist,B1,Daily_Life,General_Interactions,0
12320,protean,B1,Daily_Life,General_Interactions,0
12321,protect,B1,Daily_Life,General_Interactions,0
12322,protected,B1,Daily_Life,General_Interactions,0
12323,protecting,B1,Daily_Life,General_Interactions,0
12324,protection,B1,Daily_Life,General_Interactions,0
12325,proteins,B1,Health_Medicine,Nutrition_Diet,0
12326,protest,B1,Education,Exams_Assessments,0
12327,protest innocence,B1,Education,Exams_Assessments,0
12328,protocol,B1,Daily_Life,General_Interactions,0
12329,protocols,B1,Daily_Life,General_Interactions,0
12330,protract,B1,Psychology_Emotions,Behavior,0
12331,protrude,B1,Daily_Life,General_Interactions,0
12332,proud tradition,B1,Daily_Life,General_Interactions,0
12333,prove,B1,Daily_Life,General_Interactions,0
12334,proved,B1,Daily_Life,General_Interactions,0
12335,proven ability,B1,Education,Learning_Skills,0
12336,provide,B1,Daily_Life,General_Interactions,0
12337,provide a rationale,B1,Daily_Life,General_Interactions,0
12338,provide a reference for,B1,Daily_Life,General_Interactions,0
12339,provide an excellent service,B1,Science_Nature,Biology_Life_Sciences,0
12340,provide an explanation,B1,Daily_Life,General_Interactions,0
12341,provide entertainment,B1,Technology_Digital,Artificial_Intelligence,0
12342,provide moral support,B1,Daily_Life,General_Interactions,0
12343,provide relief,B1,Daily_Life,General_Interactions,0
12344,provide shelter,B1,Daily_Life,General_Interactions,0
12345,provide simultaneous translation,B1,Daily_Life,General_Interactions,0
12346,provided,B1,Daily_Life,General_Interactions,0
12347,provident,B1,Daily_Life,General_Interactions,0
12348,provides,B1,Daily_Life,General_Interactions,0
12349,providing,B1,Daily_Life,General_Interactions,0
12350,province,B1,Daily_Life,General_Interactions,0
12351,provincial,B1,Daily_Life,General_Interactions,0
12352,proving,B1,Daily_Life,General_Interactions,0
12353,provisional,B1,Daily_Life,General_Interactions,0
12354,provocative,B1,Daily_Life,General_Interactions,0
12355,provoke an outcry,B1,Daily_Life,General_Interactions,0
12356,provoked,B1,Daily_Life,General_Interactions,0
12357,prowess,B1,Daily_Life,General_Interactions,0
12358,proximity,B1,Daily_Life,General_Interactions,0
12359,prudence,B1,Daily_Life,General_Interactions,0
12360,prune,B1,Daily_Life,General_Interactions,0
12361,psychological,B1,Psychology_Emotions,Feelings_Emotions,0
12362,psychologist,B1,Psychology_Emotions,Feelings_Emotions,0
12363,public,B1,Daily_Life,General_Interactions,0
12364,public disorder,B1,Daily_Life,General_Interactions,0
12365,public pronouncement,B1,Communication_Media_Arts,Speaking_Expressions,0
12366,public spending,B1,Daily_Life,General_Interactions,0
12367,publicize,B1,Daily_Life,General_Interactions,0
12368,publish,B1,Communication_Media_Arts,Speaking_Expressions,0
12369,publish findings,B1,Communication_Media_Arts,Speaking_Expressions,0
12370,publish research,B1,Education,Academic_Study,0
12371,puerile,B1,Daily_Life,General_Interactions,0
12372,pugnacious,B1,Daily_Life,General_Interactions,0
12373,pulchritude,B1,Daily_Life,General_Interactions,0
12374,pull,B1,Daily_Life,General_Interactions,0
12375,pulled,B1,Daily_Life,General_Interactions,0
12376,pulley,B1,Daily_Life,General_Interactions,0
12377,pulling,B1,Daily_Life,General_Interactions,0
12378,pump,B1,Daily_Life,General_Interactions,0
12379,punch,B1,Daily_Life,General_Interactions,0
12380,punitive,B1,Daily_Life,General_Interactions,0
12381,pupil,B1,Daily_Life,General_Interactions,0
12382,puppet,B1,Daily_Life,General_Interactions,0
12383,puppy,B1,Daily_Life,General_Interactions,0
12384,purchases,B1,Daily_Life,Shopping_Everyday,0
12385,pure,B1,Daily_Life,General_Interactions,0
12386,pure luck,B1,Daily_Life,General_Interactions,0
12387,purification,B1,Daily_Life,General_Interactions,0
12388,purity,B1,Daily_Life,General_Interactions,0
12389,purple-brown,B1,Daily_Life,General_Interactions,0
12390,purport,B1,Daily_Life,General_Interactions,0
12391,purpose,B1,Psychology_Emotions,Motivation,0
12392,purposes,B1,Psychology_Emotions,Motivation,0
12393,purse,B1,Daily_Life,General_Interactions,0
12394,pursue,B1,Daily_Life,General_Interactions,0
12395,pursue your interests,B1,Daily_Life,General_Interactions,0
12396,pursuing,B1,Daily_Life,General_Interactions,0
12397,purveyor,B1,Daily_Life,General_Interactions,0
12398,push,B1,Daily_Life,General_Interactions,0
12399,push back the frontiers,B1,Daily_Life,General_Interactions,0
12400,push up costs,B1,Business_Finance_Economy,Economy_Markets,0
12401,push yourself to the limits,B1,Psychology_Emotions,Feelings_Emotions,0
12402,pushed,B1,Daily_Life,General_Interactions,0
12403,pushing,B1,Daily_Life,General_Interactions,0
12404,put,B1,Daily_Life,General_Interactions,0
12405,put a question to someone,B1,Education,Classroom_Interaction,0
12406,put a stop to,B1,Daily_Life,General_Interactions,0
12407,put down a deposit,B1,Daily_Life,General_Interactions,0
12408,put in an appearance,B1,Technology_Digital,Software_Internet,0
12409,put in an application,B1,Technology_Digital,Software_Internet,0
12410,put into practice,B1,Education,Learning_Skills,0
12411,put on a display,B1,Communication_Media_Arts,Speaking_Expressions,0
12412,put on standby,B1,Daily_Life,General_Interactions,0
12413,put on trial,B1,Daily_Life,General_Interactions,0
12414,put some distance between,B1,Daily_Life,General_Interactions,0
12415,put someone on hold,B1,Daily_Life,General_Interactions,0
12416,put someone to any trouble,B1,Daily_Life,General_Interactions,0
12417,put the case for,B1,Daily_Life,General_Interactions,0
12418,put the nose to the grindstone,B1,Daily_Life,General_Interactions,0
12419,put the past behind you,B1,Daily_Life,General_Interactions,0
12420,put together a cv,B1,Daily_Life,General_Interactions,0
12421,put together a cv,B1,Daily_Life,General_Interactions,0
12422,put up a determined performance,B1,Communication_Media_Arts,Speaking_Expressions,0
12423,put up a performance,B1,Communication_Media_Arts,Speaking_Expressions,0
12424,put your back into,B1,Daily_Life,General_Interactions,0
12425,put your best foot forward,B1,Society_Law_Politics,Law_Crime,0
12426,putting,B1,Daily_Life,General_Interactions,0
12427,quagmire,B1,Daily_Life,General_Interactions,0
12428,quaint,B1,Technology_Digital,Artificial_Intelligence,0
12429,qualify,B1,Daily_Life,General_Interactions,0
12430,qualify fully,B1,Daily_Life,General_Interactions,0
12431,qualitatively,B1,Daily_Life,General_Interactions,0
12432,quality,B1,Daily_Life,General_Interactions,0
12433,quandary,B1,Daily_Life,General_Interactions,0
12434,quantifiable,B1,Daily_Life,General_Interactions,0
12435,quantities,B1,Daily_Life,General_Interactions,0
12436,quantum-resistant,B1,Daily_Life,General_Interactions,0
12437,quarter,B1,Communication_Media_Arts,Arts_Creativity,0
12438,quarterly,B1,Communication_Media_Arts,Arts_Creativity,0
12439,qubits,B1,Daily_Life,General_Interactions,0
12440,quell,B1,Daily_Life,General_Interactions,0
12441,quell unrest,B1,Daily_Life,General_Interactions,0
12442,queue,B1,Daily_Life,General_Interactions,0
12443,quick,B1,Daily_Life,General_Interactions,0
12444,quick learner,B1,Education,Learning_Skills,0
12445,quicker,B1,Daily_Life,General_Interactions,0
12446,quickest,B1,Daily_Life,General_Interactions,0
12447,quickly,B1,Daily_Life,General_Interactions,0
12448,quiet backwater,B1,Daily_Life,General_Interactions,0
12449,quieter,B1,Daily_Life,General_Interactions,0
12450,quintessential,B1,Daily_Life,General_Interactions,0
12451,quit,B1,Daily_Life,General_Interactions,0
12452,quite,B1,Daily_Life,General_Interactions,0
12453,quixotic,B1,Daily_Life,General_Interactions,0
12454,quote,B1,Daily_Life,General_Interactions,0
12455,quotidian,B1,Daily_Life,General_Interactions,0
12456,race,B1,Daily_Life,General_Interactions,0
12457,raconteur,B1,Daily_Life,General_Interactions,0
12458,radiate,B1,Daily_Life,General_Interactions,0
12459,radiation,B1,Daily_Life,General_Interactions,0
12460,radical,B1,Daily_Life,General_Interactions,0
12461,radical change,B1,Daily_Life,General_Interactions,0
12462,radically,B1,Daily_Life,General_Interactions,0
12463,radiometric,B1,Communication_Media_Arts,Speaking_Expressions,0
12464,rail,B1,Technology_Digital,Artificial_Intelligence,0
12465,rail network,B1,Business_Finance_Economy,Jobs_Careers,0
12466,railway,B1,Technology_Digital,Artificial_Intelligence,0
12467,rain,B1,Technology_Digital,Artificial_Intelligence,0
12468,rain sets in,B1,Technology_Digital,Artificial_Intelligence,0
12469,rainfall,B1,Technology_Digital,Artificial_Intelligence,0
12470,rainwater,B1,Technology_Digital,Artificial_Intelligence,0
12471,rainy,B1,Technology_Digital,Artificial_Intelligence,0
12472,raise,B1,Technology_Digital,Artificial_Intelligence,0
12473,raise interest rates,B1,Business_Finance_Economy,Economy_Markets,0
12474,raise your glasses,B1,Technology_Digital,Artificial_Intelligence,0
12475,raise your voice,B1,Technology_Digital,Artificial_Intelligence,0
12476,raised,B1,Technology_Digital,Artificial_Intelligence,0
12477,raises,B1,Technology_Digital,Artificial_Intelligence,0
12478,raising,B1,Technology_Digital,Artificial_Intelligence,0
12479,ram,B1,Daily_Life,General_Interactions,0
12480,rampant inflation,B1,Business_Finance_Economy,Economy_Markets,0
12481,ran,B1,Daily_Life,General_Interactions,0
12482,rancor,B1,Daily_Life,General_Interactions,0
12483,random,B1,Daily_Life,General_Interactions,0
12484,range,B1,Daily_Life,General_Interactions,0
12485,ranged,B1,Daily_Life,General_Interactions,0
12486,rapacious,B1,Daily_Life,General_Interactions,0
12487,rapid,B1,Daily_Life,General_Interactions,0
12488,rapidly,B1,Daily_Life,General_Interactions,0
12489,rare,B1,Daily_Life,General_Interactions,0
12490,rare illness,B1,Health_Medicine,Illness_Diseases,0
12491,rarest,B1,Daily_Life,General_Interactions,0
12492,rash,B1,Daily_Life,General_Interactions,0
12493,rash promise,B1,Daily_Life,General_Interactions,0
12494,rat,B1,Daily_Life,General_Interactions,0
12495,rate,B1,Business_Finance_Economy,Economy_Markets,0
12496,rated,B1,Business_Finance_Economy,Economy_Markets,0
12497,rather,B1,Daily_Life,General_Interactions,0
12498,rational,B1,Daily_Life,General_Interactions,0
12499,rationale,B1,Daily_Life,General_Interactions,0
12500,ravage,B1,Daily_Life,General_Interactions,0
12501,raw,B1,Daily_Life,General_Interactions,0
12502,re-open a debate,B1,Communication_Media_Arts,Opinion_Discussion,0
12503,reach,B1,Daily_Life,General_Interactions,0
12504,reach agreement,B1,Communication_Media_Arts,Opinion_Discussion,0
12505,reach fever pitch,B1,Daily_Life,General_Interactions,0
12506,reach the decision,B1,Daily_Life,General_Interactions,0
12507,reached,B1,Daily_Life,General_Interactions,0
12508,reaching,B1,Daily_Life,General_Interactions,0
12509,react,B1,Psychology_Emotions,Behavior,0
12510,reacted,B1,Psychology_Emotions,Behavior,0
12511,reactions,B1,Science_Nature,Physics_Chemistry,0
12512,reactor,B1,Psychology_Emotions,Behavior,0
12513,read a subject at university,B1,Education,University_School,0
12514,reader,B1,Communication_Media_Arts,Speaking_Expressions,0
12515,readiness,B1,Communication_Media_Arts,Speaking_Expressions,0
12516,reading,B1,Communication_Media_Arts,Speaking_Expressions,0
12517,ready,B1,Communication_Media_Arts,Speaking_Expressions,0
12518,reaffirm a commitment,B1,Daily_Life,General_Interactions,0
12519,real-time,B1,Daily_Life,Time_Management,0
12520,realise your potential,B1,Daily_Life,General_Interactions,0
12521,realised,B1,Daily_Life,General_Interactions,0
12522,realize,B1,Daily_Life,General_Interactions,0
12523,realized,B1,Daily_Life,General_Interactions,0
12524,realizing,B1,Daily_Life,General_Interactions,0
12525,reallocate,B1,Daily_Life,General_Interactions,0
12526,really,B1,Daily_Life,General_Interactions,0
12527,really / very much look forward to,B1,Society_Law_Politics,Law_Crime,0
12528,really get to someone,B1,Daily_Life,General_Interactions,0
12529,really good,B1,Daily_Life,General_Interactions,0
12530,realm,B1,Daily_Life,General_Interactions,0
12531,reappear,B1,Technology_Digital,Software_Internet,0
12532,rear,B1,Daily_Life,General_Interactions,0
12533,reason,B1,Daily_Life,General_Interactions,0
12534,reasoning,B1,Daily_Life,General_Interactions,0
12535,rebellion,B1,Daily_Life,General_Interactions,0
12536,rebirth,B1,Daily_Life,General_Interactions,0
12537,rebound,B1,Daily_Life,General_Interactions,0
12538,rebuilt,B1,Daily_Life,General_Interactions,0
12539,recalcitrant,B1,Daily_Life,General_Interactions,0
12540,recant,B1,Daily_Life,General_Interactions,0
12541,received,B1,Daily_Life,General_Interactions,0
12542,receiver,B1,Daily_Life,General_Interactions,0
12543,receiving,B1,Daily_Life,General_Interactions,0
12544,recent,B1,Daily_Life,General_Interactions,0
12545,recently,B1,Daily_Life,General_Interactions,0
12546,reception,B1,Daily_Life,General_Interactions,0
12547,receptivity to,B1,Daily_Life,General_Interactions,0
12548,recharge,B1,Daily_Life,General_Interactions,0
12549,recipe,B1,Daily_Life,General_Interactions,0
12550,recipes,B1,Daily_Life,General_Interactions,0
12551,recipients,B1,Daily_Life,General_Interactions,0
12552,recklessness,B1,Daily_Life,General_Interactions,0
12553,recluse,B1,Daily_Life,General_Interactions,0
12554,recognize,B1,Daily_Life,General_Interactions,0
12555,recognized,B1,Daily_Life,General_Interactions,0
12556,recollect,B1,Daily_Life,General_Interactions,0
12557,recommend,B1,Daily_Life,General_Interactions,0
12558,recommendation,B1,Daily_Life,General_Interactions,0
12559,reconcile,B1,Daily_Life,General_Interactions,0
12560,recondite,B1,Daily_Life,General_Interactions,0
12561,reconnaissance,B1,Technology_Digital,Artificial_Intelligence,0
12562,reconsider,B1,Daily_Life,General_Interactions,0
12563,reconstruct,B1,Daily_Life,General_Interactions,0
12564,recorded,B1,Daily_Life,General_Interactions,0
12565,recorder,B1,Daily_Life,General_Interactions,0
12566,recording,B1,Daily_Life,General_Interactions,0
12567,recordings,B1,Daily_Life,General_Interactions,0
12568,records,B1,Daily_Life,General_Interactions,0
12569,recount,B1,Daily_Life,General_Interactions,0
12570,recourse,B1,Education,University_School,0
12571,recovered,B1,Health_Medicine,Healthcare_Hospital,0
12572,recovering,B1,Health_Medicine,Healthcare_Hospital,0
12573,recovery,B1,Health_Medicine,Healthcare_Hospital,0
12574,recovery of money,B1,Business_Finance_Economy,Finance_Banking,0
12575,recreate,B1,Health_Medicine,Healthcare_Hospital,0
12576,recruit,B1,Daily_Life,General_Interactions,0
12577,rectangle,B1,Daily_Life,General_Interactions,0
12578,rectify,B1,Daily_Life,General_Interactions,0
12579,recumbent,B1,Daily_Life,General_Interactions,0
12580,recuperate,B1,Business_Finance_Economy,Economy_Markets,0
12581,recur,B1,Daily_Life,General_Interactions,0
12582,recycle,B1,Daily_Life,General_Interactions,0
12583,recycle waste,B1,Daily_Life,General_Interactions,0
12584,reddest,B1,Daily_Life,General_Interactions,0
12585,rediscover,B1,Science_Nature,Natural_Phenomena,0
12586,redolent,B1,Daily_Life,General_Interactions,0
12587,reduce,B1,Daily_Life,General_Interactions,0
12588,reduce your carbon footprint,B1,Travel_Transportation,Road_Travel,0
12589,reduce your stress level,B1,Health_Medicine,Mental_Health,0
12590,reduced,B1,Daily_Life,General_Interactions,0
12591,reduces,B1,Daily_Life,General_Interactions,0
12592,reducing,B1,Daily_Life,General_Interactions,0
12593,reduction,B1,Daily_Life,General_Interactions,0
12594,redundancy,B1,Daily_Life,General_Interactions,0
12595,reel,B1,Daily_Life,General_Interactions,0
12596,refer,B1,Daily_Life,General_Interactions,0
12597,references,B1,Daily_Life,General_Interactions,0
12598,referred,B1,Daily_Life,General_Interactions,0
12599,refined,B1,Daily_Life,General_Interactions,0
12600,reflects,B1,Daily_Life,General_Interactions,0
12601,reflexivity,B1,Daily_Life,General_Interactions,0
12602,reformation,B1,Society_Law_Politics,Public_Policies,0
12603,refractory,B1,Psychology_Emotions,Behavior,0
12604,refrain,B1,Technology_Digital,Artificial_Intelligence,0
12605,refreshments,B1,Daily_Life,General_Interactions,0
12606,refrigeration,B1,Daily_Life,General_Interactions,0
12607,refuge,B1,Daily_Life,General_Interactions,0
12608,refulgent,B1,Daily_Life,General_Interactions,0
12609,refuse,B1,Daily_Life,General_Interactions,0
12610,refuse point-blank,B1,Daily_Life,General_Interactions,0
12611,refused,B1,Daily_Life,General_Interactions,0
12612,regale,B1,Daily_Life,General_Interactions,0
12613,regarded,B1,Daily_Life,General_Interactions,0
12614,regardless,B1,Daily_Life,General_Interactions,0
12615,regenerate,B1,Business_Finance_Economy,Economy_Markets,0
12616,regime topples,B1,Society_Law_Politics,Government_Politics,0
12617,region,B1,Daily_Life,General_Interactions,0
12618,regions,B1,Daily_Life,General_Interactions,0
12619,register,B1,Daily_Life,General_Interactions,0
12620,registered,B1,Daily_Life,General_Interactions,0
12621,registering,B1,Daily_Life,General_Interactions,0
12622,registrar,B1,Daily_Life,General_Interactions,0
12623,registration,B1,Daily_Life,General_Interactions,0
12624,regrettable,B1,Daily_Life,General_Interactions,0
12625,regrettably,B1,Daily_Life,General_Interactions,0
12626,regular,B1,Daily_Life,Routine_Activities,0
12627,regular customer,B1,Daily_Life,Routine_Activities,0
12628,regular update,B1,Daily_Life,Routine_Activities,0
12629,regularly,B1,Daily_Life,Routine_Activities,0
12630,regulates,B1,Daily_Life,General_Interactions,0
12631,regulating,B1,Daily_Life,General_Interactions,0
12632,regulation,B1,Society_Law_Politics,Public_Policies,0
12633,regulations,B1,Society_Law_Politics,Public_Policies,0
12634,regulatory,B1,Daily_Life,General_Interactions,0
12635,rehearse,B1,Daily_Life,General_Interactions,0
12636,reign,B1,Daily_Life,General_Interactions,0
12637,reinforce,B1,Science_Nature,Physics_Chemistry,0
12638,reintroduce,B1,Daily_Life,General_Interactions,0
12639,reiterate,B1,Business_Finance_Economy,Economy_Markets,0
12640,reject a charge,B1,Daily_Life,General_Interactions,0
12641,reject out of hand,B1,Daily_Life,General_Interactions,0
12642,rejection,B1,Daily_Life,General_Interactions,0
12643,rekindle memories,B1,Psychology_Emotions,Personality,0
12644,related,B1,Daily_Life,General_Interactions,0
12645,relating,B1,Daily_Life,General_Interactions,0
12646,relationship,B1,Daily_Life,General_Interactions,0
12647,relationship breaks down,B1,Daily_Life,General_Interactions,0
12648,relationships,B1,Daily_Life,General_Interactions,0
12649,relative,B1,Daily_Life,General_Interactions,0
12650,relatively,B1,Daily_Life,General_Interactions,0
12651,relax,B1,Psychology_Emotions,Stress_Mental_State,0
12652,relaxation,B1,Psychology_Emotions,Stress_Mental_State,0
12653,relaxed,B1,Psychology_Emotions,Stress_Mental_State,0
12654,relaxing,B1,Psychology_Emotions,Stress_Mental_State,0
12655,released,B1,Daily_Life,General_Interactions,0
12656,releasing,B1,Communication_Media_Arts,Speaking_Expressions,0
12657,relegate,B1,Daily_Life,General_Interactions,0
12658,relevant,B1,Daily_Life,General_Interactions,0
12659,reliability,B1,Education,Learning_Skills,0
12660,reliable public transport,B1,Health_Medicine,Fitness_Exercise,0
12661,reliable source,B1,Daily_Life,General_Interactions,0
12662,relics,B1,Daily_Life,General_Interactions,0
12663,relied,B1,Daily_Life,General_Interactions,0
12664,relief,B1,Daily_Life,General_Interactions,0
12665,relieve,B1,Daily_Life,General_Interactions,0
12666,relieve someone of their duties,B1,Daily_Life,General_Interactions,0
12667,relieved,B1,Daily_Life,General_Interactions,0
12668,relieves,B1,Daily_Life,General_Interactions,0
12669,religion,B1,Daily_Life,General_Interactions,0
12670,religious,B1,Daily_Life,General_Interactions,0
12671,relish,B1,Daily_Life,General_Interactions,0
12672,relish a challenge,B1,Daily_Life,General_Interactions,0
12673,relocate,B1,Daily_Life,General_Interactions,0
12674,relocation,B1,Travel_Transportation,Navigation_Directions,0
12675,reluctance,B1,Daily_Life,General_Interactions,0
12676,reluctant,B1,Daily_Life,General_Interactions,0
12677,rely,B1,Daily_Life,General_Interactions,0
12678,rely on,B1,Daily_Life,General_Interactions,0
12679,remain,B1,Technology_Digital,Artificial_Intelligence,0
12680,remain on friendly terms,B1,Technology_Digital,Artificial_Intelligence,0
12681,remain unchanged,B1,Technology_Digital,Artificial_Intelligence,0
12682,remained,B1,Technology_Digital,Artificial_Intelligence,0
12683,remaining,B1,Technology_Digital,Artificial_Intelligence,0
12684,remains,B1,Technology_Digital,Artificial_Intelligence,0
12685,remand in custody,B1,Daily_Life,General_Interactions,0
12686,remarkably,B1,Daily_Life,General_Interactions,0
12687,remediable,B1,Communication_Media_Arts,Media_Journalism,0
12688,remember,B1,Daily_Life,General_Interactions,0
12689,remembered,B1,Daily_Life,General_Interactions,0
12690,remind,B1,Health_Medicine,Mental_Health,0
12691,reminded,B1,Health_Medicine,Mental_Health,0
12692,reminder,B1,Health_Medicine,Mental_Health,0
12693,reminding,B1,Health_Medicine,Mental_Health,0
12694,remnant,B1,Daily_Life,General_Interactions,0
12695,remnants,B1,Daily_Life,General_Interactions,0
12696,remonstrate,B1,Business_Finance_Economy,Economy_Markets,0
12697,remote,B1,Daily_Life,General_Interactions,0
12698,remote access your email,B1,Technology_Digital,Software_Internet,0
12699,removal,B1,Daily_Life,General_Interactions,0
12700,remove,B1,Daily_Life,General_Interactions,0
12701,removed,B1,Daily_Life,General_Interactions,0
12702,removing,B1,Daily_Life,General_Interactions,0
12703,render,B1,Daily_Life,General_Interactions,0
12704,render obsolete,B1,Daily_Life,General_Interactions,0
12705,rendering,B1,Daily_Life,General_Interactions,0
12706,renew,B1,Daily_Life,General_Interactions,0
12707,renewable energy,B1,Science_Nature,Physics_Chemistry,0
12708,renewal,B1,Daily_Life,General_Interactions,0
12709,renewed,B1,Daily_Life,General_Interactions,0
12710,renounce,B1,Daily_Life,General_Interactions,0
12711,renovation,B1,Daily_Life,General_Interactions,0
12712,renovations,B1,Daily_Life,General_Interactions,0
12713,renowned,B1,Daily_Life,General_Interactions,0
12714,renting,B1,Daily_Life,Home_Housing,0
12715,reopen,B1,Daily_Life,General_Interactions,0
12716,rep,B1,Daily_Life,General_Interactions,0
12717,repair,B1,Technology_Digital,Artificial_Intelligence,0
12718,repairing,B1,Technology_Digital,Artificial_Intelligence,0
12719,repairs,B1,Technology_Digital,Artificial_Intelligence,0
12720,reparation,B1,Daily_Life,General_Interactions,0
12721,repeat,B1,Health_Medicine,Healthcare_Hospital,0
12722,repeated,B1,Health_Medicine,Healthcare_Hospital,0
12723,repel,B1,Daily_Life,General_Interactions,0
12724,repercussion,B1,Daily_Life,General_Interactions,0
12725,replace,B1,Daily_Life,General_Interactions,0
12726,replaced,B1,Daily_Life,General_Interactions,0
12727,replacement bus service,B1,Travel_Transportation,Public_Transport,0
12728,replacing,B1,Daily_Life,General_Interactions,0
12729,replay,B1,Communication_Media_Arts,Speaking_Expressions,0
12730,replaying,B1,Communication_Media_Arts,Speaking_Expressions,0
12731,replenish,B1,Daily_Life,General_Interactions,0
12732,replete,B1,Daily_Life,General_Interactions,0
12733,replicas,B1,Daily_Life,General_Interactions,0
12734,replicate,B1,Daily_Life,General_Interactions,0
12735,replicating,B1,Daily_Life,General_Interactions,0
12736,report,B1,Communication_Media_Arts,Media_Journalism,0
12737,repose,B1,Daily_Life,General_Interactions,0
12738,reprehensible,B1,Daily_Life,General_Interactions,0
12739,represent,B1,Communication_Media_Arts,Speaking_Expressions,0
12740,representation,B1,Education,Classroom_Interaction,0
12741,repress,B1,Communication_Media_Arts,Media_Journalism,0
12742,reproach,B1,Daily_Life,General_Interactions,0
12743,reprobate,B1,Daily_Life,General_Interactions,0
12744,reproduce,B1,Daily_Life,General_Interactions,0
12745,reproduction,B1,Daily_Life,Shopping_Everyday,0
12746,republic,B1,Daily_Life,General_Interactions,0
12747,repudiate,B1,Daily_Life,General_Interactions,0
12748,repugnant,B1,Daily_Life,General_Interactions,0
12749,reputation,B1,Daily_Life,General_Interactions,0
12750,request an extension,B1,Daily_Life,General_Interactions,0
12751,requesting,B1,Daily_Life,General_Interactions,0
12752,require,B1,Daily_Life,General_Interactions,0
12753,required,B1,Daily_Life,General_Interactions,0
12754,requirement,B1,Daily_Life,General_Interactions,0
12755,requirements,B1,Daily_Life,General_Interactions,0
12756,requires,B1,Daily_Life,General_Interactions,0
12757,rescheduled,B1,Daily_Life,Routine_Activities,0
12758,rescind,B1,Daily_Life,General_Interactions,0
12759,rescue,B1,Daily_Life,General_Interactions,0
12760,rescued,B1,Daily_Life,General_Interactions,0
12761,rescuing,B1,Daily_Life,General_Interactions,0
12762,research ethics,B1,Education,Academic_Study,0
12763,research indicates,B1,Education,Academic_Study,0
12764,researcher,B1,Education,Academic_Study,0
12765,researchers,B1,Education,Academic_Study,0
12766,resembling,B1,Daily_Life,General_Interactions,0
12767,reserve,B1,Daily_Life,General_Interactions,0
12768,reshape,B1,Daily_Life,General_Interactions,0
12769,reshaped,B1,Daily_Life,General_Interactions,0
12770,reshelve,B1,Daily_Life,General_Interactions,0
12771,resident,B1,Daily_Life,General_Interactions,0
12772,residential,B1,Daily_Life,General_Interactions,0
12773,residential dwellings,B1,Daily_Life,General_Interactions,0
12774,residents,B1,Daily_Life,General_Interactions,0
12775,resign from office,B1,Business_Finance_Economy,Jobs_Careers,0
12776,resignation,B1,Business_Finance_Economy,Jobs_Careers,0
12777,resilience,B1,Daily_Life,General_Interactions,0
12778,resolute,B1,Daily_Life,General_Interactions,0
12779,resolution,B1,Daily_Life,General_Interactions,0
12780,resolve,B1,Daily_Life,General_Interactions,0
12781,resonant,B1,Daily_Life,General_Interactions,0
12782,resonates,B1,Daily_Life,General_Interactions,0
12783,resort,B1,Travel_Transportation,Hotels_Tourism,0
12784,resource,B1,Daily_Life,General_Interactions,0
12785,resources,B1,Daily_Life,General_Interactions,0
12786,respect,B1,Society_Law_Politics,Human_Rights,0
12787,respect someone's wishes,B1,Society_Law_Politics,Human_Rights,0
12788,respective,B1,Society_Law_Politics,Human_Rights,0
12789,respectively,B1,Society_Law_Politics,Human_Rights,0
12790,respiration,B1,Daily_Life,General_Interactions,0
12791,respiratory,B1,Daily_Life,General_Interactions,0
12792,respite,B1,Daily_Life,General_Interactions,0
12793,resplendent,B1,Daily_Life,General_Interactions,0
12794,respond,B1,Daily_Life,General_Interactions,0
12795,respond to an emergency,B1,Daily_Life,General_Interactions,0
12796,respond well to treatment,B1,Health_Medicine,Healthcare_Hospital,0
12797,responded,B1,Daily_Life,General_Interactions,0
12798,response,B1,Psychology_Emotions,Behavior,0
12799,responsibility,B1,Daily_Life,General_Interactions,0
12800,responsible,B1,Daily_Life,General_Interactions,0
12801,rest,B1,Daily_Life,General_Interactions,0
12802,resting,B1,Daily_Life,General_Interactions,0
12803,restoration,B1,Daily_Life,General_Interactions,0
12804,restorative,B1,Daily_Life,General_Interactions,0
12805,restore peace,B1,Psychology_Emotions,Stress_Mental_State,0
12806,restore power,B1,Daily_Life,Shopping_Everyday,0
12807,restore to its former glory,B1,Daily_Life,Shopping_Everyday,0
12808,restrain,B1,Technology_Digital,Artificial_Intelligence,0
12809,restraint,B1,Technology_Digital,Artificial_Intelligence,0
12810,restrict,B1,Daily_Life,General_Interactions,0
12811,restricted,B1,Daily_Life,General_Interactions,0
12812,restricts,B1,Daily_Life,General_Interactions,0
12813,result,B1,Daily_Life,General_Interactions,0
12814,result problem,B1,Daily_Life,General_Interactions,0
12815,resulted,B1,Daily_Life,General_Interactions,0
12816,resulting,B1,Daily_Life,General_Interactions,0
12817,resume,B1,Daily_Life,General_Interactions,0
12818,resurgence,B1,Daily_Life,General_Interactions,0
12819,retail,B1,Technology_Digital,Artificial_Intelligence,0
12820,retained,B1,Technology_Digital,Artificial_Intelligence,0
12821,retarded,B1,Daily_Life,General_Interactions,0
12822,retention,B1,Daily_Life,General_Interactions,0
12823,reticent,B1,Daily_Life,General_Interactions,0
12824,retired,B1,Daily_Life,General_Interactions,0
12825,retrain,B1,Technology_Digital,Artificial_Intelligence,0
12826,retreat,B1,Health_Medicine,Healthcare_Hospital,0
12827,retrospect,B1,Daily_Life,General_Interactions,0
12828,retrospective,B1,Daily_Life,General_Interactions,0
12829,return,B1,Daily_Life,General_Interactions,0
12830,returned,B1,Daily_Life,General_Interactions,0
12831,returning,B1,Daily_Life,General_Interactions,0
12832,returns,B1,Daily_Life,General_Interactions,0
12833,reusable,B1,Daily_Life,General_Interactions,0
12834,reusing,B1,Communication_Media_Arts,Speaking_Expressions,0
12835,reveal a talent,B1,Daily_Life,General_Interactions,0
12836,reveal secrets,B1,Daily_Life,General_Interactions,0
12837,reveal the truth,B1,Daily_Life,General_Interactions,0
12838,revealed,B1,Daily_Life,General_Interactions,0
12839,revealing,B1,Daily_Life,General_Interactions,0
12840,reveals,B1,Daily_Life,General_Interactions,0
12841,revel,B1,Daily_Life,General_Interactions,0
12842,revenue,B1,Business_Finance_Economy,Business_Management,0
12843,reverent,B1,Daily_Life,Home_Housing,0
12844,reverse,B1,Daily_Life,General_Interactions,0
12845,reversing,B1,Communication_Media_Arts,Speaking_Expressions,0
12846,review,B1,Daily_Life,General_Interactions,0
12847,reviews,B1,Daily_Life,General_Interactions,0
12848,revile,B1,Daily_Life,General_Interactions,0
12849,revise,B1,Daily_Life,General_Interactions,0
12850,revised,B1,Daily_Life,General_Interactions,0
12851,revision,B1,Daily_Life,General_Interactions,0
12852,revitalization,B1,Daily_Life,General_Interactions,0
12853,revival,B1,Daily_Life,General_Interactions,0
12854,revolt,B1,Daily_Life,General_Interactions,0
12855,revolutionize,B1,Science_Nature,Biology_Life_Sciences,0
12856,revolutionized,B1,Science_Nature,Biology_Life_Sciences,0
12857,rewarding,B1,Society_Law_Politics,Law_Crime,0
12858,rewrote,B1,Daily_Life,General_Interactions,0
12859,rhetoric,B1,Daily_Life,General_Interactions,0
12860,rhyme,B1,Daily_Life,General_Interactions,0
12861,ribbon,B1,Daily_Life,General_Interactions,0
12862,rich,B1,Daily_Life,General_Interactions,0
12863,rich source,B1,Daily_Life,General_Interactions,0
12864,rich tradition,B1,Daily_Life,General_Interactions,0
12865,richer,B1,Daily_Life,General_Interactions,0
12866,richest,B1,Daily_Life,General_Interactions,0
12867,rid,B1,Daily_Life,General_Interactions,0
12868,riding,B1,Daily_Life,General_Interactions,0
12869,right,B1,Society_Law_Politics,Law_Crime,0
12870,rights,B1,Society_Law_Politics,Law_Crime,0
12871,rigidly,B1,Daily_Life,General_Interactions,0
12872,rigorous,B1,Daily_Life,General_Interactions,0
12873,rigors,B1,Daily_Life,General_Interactions,0
12874,rim,B1,Daily_Life,General_Interactions,0
12875,ring,B1,Daily_Life,General_Interactions,0
12876,ringed,B1,Daily_Life,General_Interactions,0
12877,riot erupts,B1,Daily_Life,General_Interactions,0
12878,rip,B1,Daily_Life,General_Interactions,0
12879,ripe,B1,Daily_Life,General_Interactions,0
12880,rise,B1,Daily_Life,General_Interactions,0
12881,rising,B1,Communication_Media_Arts,Speaking_Expressions,0
12882,rising unemployment,B1,Business_Finance_Economy,Jobs_Careers,0
12883,risk,B1,Business_Finance_Economy,Entrepreneurship,0
12884,risk to public health,B1,Business_Finance_Economy,Entrepreneurship,0
12885,risky,B1,Business_Finance_Economy,Entrepreneurship,0
12886,ritual,B1,Daily_Life,General_Interactions,0
12887,rituals,B1,Daily_Life,General_Interactions,0
12888,rival,B1,Daily_Life,General_Interactions,0
12889,road,B1,Travel_Transportation,Road_Travel,0
12890,road closure,B1,Travel_Transportation,Road_Travel,0
12891,roam,B1,Daily_Life,General_Interactions,0
12892,roasted,B1,Daily_Life,General_Interactions,0
12893,rock,B1,Daily_Life,General_Interactions,0
12894,rocket,B1,Daily_Life,General_Interactions,0
12895,rocky,B1,Daily_Life,General_Interactions,0
12896,rod,B1,Daily_Life,General_Interactions,0
12897,rode,B1,Daily_Life,General_Interactions,0
12898,role,B1,Daily_Life,General_Interactions,0
12899,roll,B1,Daily_Life,General_Interactions,0
12900,rolled,B1,Daily_Life,General_Interactions,0
12901,rolling,B1,Daily_Life,General_Interactions,0
12902,roof,B1,Daily_Life,General_Interactions,0
12903,rooftop,B1,Daily_Life,General_Interactions,0
12904,room,B1,Daily_Life,Home_Housing,0
12905,room for improvement,B1,Daily_Life,Home_Housing,0
12906,root,B1,Daily_Life,General_Interactions,0
12907,root cause,B1,Daily_Life,General_Interactions,0
12908,rooted,B1,Daily_Life,General_Interactions,0
12909,rose,B1,Daily_Life,General_Interactions,0
12910,rotated,B1,Daily_Life,General_Interactions,0
12911,rotation,B1,Daily_Life,General_Interactions,0
12912,rough idea,B1,Daily_Life,General_Interactions,0
12913,roughly,B1,Daily_Life,General_Interactions,0
12914,round,B1,Daily_Life,General_Interactions,0
12915,rounded,B1,Daily_Life,General_Interactions,0
12916,rousing,B1,Communication_Media_Arts,Speaking_Expressions,0
12917,route,B1,Travel_Transportation,Road_Travel,0
12918,routes,B1,Travel_Transportation,Road_Travel,0
12919,routine,B1,Daily_Life,Routine_Activities,0
12920,row,B1,Daily_Life,General_Interactions,0
12921,royal,B1,Daily_Life,General_Interactions,0
12922,rub sth out,B1,Daily_Life,General_Interactions,0
12923,rubbed,B1,Daily_Life,General_Interactions,0
12924,rubbish,B1,Daily_Life,General_Interactions,0
12925,rudiment,B1,Daily_Life,General_Interactions,0
12926,rugged,B1,Daily_Life,General_Interactions,0
12927,ruin,B1,Daily_Life,General_Interactions,0
12928,ruined,B1,Daily_Life,General_Interactions,0
12929,ruining,B1,Daily_Life,General_Interactions,0
12930,rule,B1,Society_Law_Politics,Law_Crime,0
12931,ruled,B1,Society_Law_Politics,Law_Crime,0
12932,rules,B1,Society_Law_Politics,Law_Crime,0
12933,rum our flies around,B1,Daily_Life,General_Interactions,0
12934,rumour flies around,B1,Daily_Life,General_Interactions,0
12935,run,B1,Daily_Life,General_Interactions,0
12936,run dry,B1,Daily_Life,General_Interactions,0
12937,run errands,B1,Daily_Life,General_Interactions,0
12938,run into difficulties,B1,Daily_Life,General_Interactions,0
12939,run into trouble,B1,Daily_Life,General_Interactions,0
12940,run late,B1,Daily_Life,General_Interactions,0
12941,run smoothly,B1,Daily_Life,General_Interactions,0
12942,run up a bill,B1,Health_Medicine,Healthcare_Hospital,0
12943,run up a huge debt,B1,Business_Finance_Economy,Finance_Banking,0
12944,run up an overdraft,B1,Daily_Life,General_Interactions,0
12945,run up curtains,B1,Technology_Digital,Artificial_Intelligence,0
12946,run-down area,B1,Daily_Life,General_Interactions,0
12947,running,B1,Health_Medicine,Fitness_Exercise,0
12948,runoff,B1,Daily_Life,General_Interactions,0
12949,rupture,B1,Daily_Life,General_Interactions,0
12950,rural,B1,Daily_Life,General_Interactions,0
12951,rural idyll,B1,Daily_Life,General_Interactions,0
12952,rush,B1,Daily_Life,General_Interactions,0
12953,rush hour,B1,Daily_Life,Time_Management,0
12954,rust,B1,Daily_Life,General_Interactions,0
12955,rustic charm,B1,Daily_Life,General_Interactions,0
12956,rustle up a meal,B1,Health_Medicine,Nutrition_Diet,0
12957,saccharine,B1,Daily_Life,General_Interactions,0
12958,sacred,B1,Daily_Life,General_Interactions,0
12959,sacrilege,B1,Daily_Life,General_Interactions,0
12960,safeguard someone's interests,B1,Daily_Life,General_Interactions,0
12961,safely,B1,Daily_Life,General_Interactions,0
12962,safer,B1,Daily_Life,General_Interactions,0
12963,safety,B1,Daily_Life,General_Interactions,0
12964,sagacious,B1,Daily_Life,General_Interactions,0
12965,sail,B1,Technology_Digital,Artificial_Intelligence,0
12966,sailed,B1,Technology_Digital,Artificial_Intelligence,0
12967,sailing,B1,Technology_Digital,Artificial_Intelligence,0
12968,salary,B1,Business_Finance_Economy,Jobs_Careers,0
12969,sale,B1,Business_Finance_Economy,Business_Management,0
12970,salient,B1,Daily_Life,General_Interactions,0
12971,salinity,B1,Daily_Life,General_Interactions,0
12972,salmon,B1,Daily_Life,General_Interactions,0
12973,salt,B1,Daily_Life,General_Interactions,0
12974,salubrious,B1,Daily_Life,General_Interactions,0
12975,salvation,B1,Daily_Life,General_Interactions,0
12976,sample,B1,Daily_Life,General_Interactions,0
12977,samples,B1,Daily_Life,General_Interactions,0
12978,sampling,B1,Daily_Life,General_Interactions,0
12979,sanction,B1,Daily_Life,General_Interactions,0
12980,sanctuary,B1,Daily_Life,General_Interactions,0
12981,sanguine,B1,Daily_Life,General_Interactions,0
12982,sanitation,B1,Daily_Life,General_Interactions,0
12983,sap,B1,Daily_Life,General_Interactions,0
12984,satellites,B1,Communication_Media_Arts,Speaking_Expressions,0
12985,satiate,B1,Daily_Life,General_Interactions,0
12986,satisfied customer,B1,Daily_Life,Shopping_Everyday,0
12987,satisfy a demand,B1,Business_Finance_Economy,Economy_Markets,0
12988,satisfy the requirements,B1,Daily_Life,General_Interactions,0
12989,savannah,B1,Daily_Life,General_Interactions,0
12990,save,B1,Daily_Life,General_Interactions,0
12991,saved,B1,Daily_Life,General_Interactions,0
12992,saving,B1,Daily_Life,General_Interactions,0
12993,savings,B1,Daily_Life,General_Interactions,0
12994,saw,B1,Daily_Life,General_Interactions,0
12995,sawdust,B1,Daily_Life,General_Interactions,0
12996,scale,B1,Daily_Life,General_Interactions,0
12997,scanned,B1,Daily_Life,General_Interactions,0
12998,scanner,B1,Daily_Life,General_Interactions,0
12999,scanning,B1,Daily_Life,General_Interactions,0
13000,scant,B1,Daily_Life,General_Interactions,0
13001,scanty,B1,Daily_Life,General_Interactions,0
13002,scarce,B1,Travel_Transportation,Road_Travel,0
13003,scarcity,B1,Travel_Transportation,Road_Travel,0
13004,scathing,B1,Daily_Life,General_Interactions,0
13005,scatter,B1,Daily_Life,General_Interactions,0
13006,scenario,B1,Daily_Life,General_Interactions,0
13007,scenarios,B1,Daily_Life,General_Interactions,0
13008,scene,B1,Daily_Life,General_Interactions,0
13009,scenery,B1,Daily_Life,General_Interactions,0
13010,scent,B1,Daily_Life,General_Interactions,0
13011,scented,B1,Daily_Life,General_Interactions,0
13012,scheduled,B1,Daily_Life,Routine_Activities,0
13013,scheduling,B1,Daily_Life,General_Interactions,0
13014,scheme,B1,Daily_Life,General_Interactions,0
13015,scholars,B1,Daily_Life,General_Interactions,0
13016,scholarship,B1,Daily_Life,General_Interactions,0
13017,school,B1,Education,University_School,0
13018,school of fish,B1,Education,University_School,0
13019,school of sardines,B1,Education,University_School,0
13020,schoolchildren,B1,Education,University_School,0
13021,schooling,B1,Education,University_School,0
13022,sciences,B1,Education,Academic_Study,0
13023,scientific,B1,Daily_Life,General_Interactions,0
13024,scientist,B1,Daily_Life,General_Interactions,0
13025,scooping,B1,Daily_Life,General_Interactions,0
13026,scope,B1,Daily_Life,General_Interactions,0
13027,scorching,B1,Daily_Life,General_Interactions,0
13028,score,B1,Education,Exams_Assessments,0
13029,score an own goal,B1,Education,Exams_Assessments,0
13030,score stands at,B1,Education,Exams_Assessments,0
13031,scored,B1,Education,Exams_Assessments,0
13032,scores,B1,Education,Exams_Assessments,0
13033,scorn,B1,Daily_Life,General_Interactions,0
13034,scorpion,B1,Daily_Life,General_Interactions,0
13035,scotland,B1,Daily_Life,General_Interactions,0
13036,scottish,B1,Daily_Life,General_Interactions,0
13037,scrap,B1,Daily_Life,General_Interactions,0
13038,scraped,B1,Daily_Life,General_Interactions,0
13039,scraping,B1,Daily_Life,General_Interactions,0
13040,scratch,B1,Daily_Life,General_Interactions,0
13041,scratched,B1,Daily_Life,General_Interactions,0
13042,scream,B1,Daily_Life,General_Interactions,0
13043,screamed,B1,Daily_Life,General_Interactions,0
13044,screw,B1,Daily_Life,General_Interactions,0
13045,screws,B1,Daily_Life,General_Interactions,0
13046,scroll,B1,Daily_Life,General_Interactions,0
13047,scrutinize,B1,Daily_Life,General_Interactions,0
13048,scrutiny,B1,Daily_Life,General_Interactions,0
13049,sculpt,B1,Daily_Life,General_Interactions,0
13050,sculptures,B1,Communication_Media_Arts,Arts_Creativity,0
13051,scurvy,B1,Daily_Life,General_Interactions,0
13052,sea-creature,B1,Health_Medicine,Healthcare_Hospital,0
13053,seabed,B1,Daily_Life,General_Interactions,0
13054,sealed,B1,Daily_Life,General_Interactions,0
13055,seamen,B1,Daily_Life,General_Interactions,0
13056,seamlessly,B1,Daily_Life,General_Interactions,0
13057,search,B1,Technology_Digital,Software_Internet,0
13058,searching,B1,Technology_Digital,Software_Internet,0
13059,searing heat,B1,Health_Medicine,Healthcare_Hospital,0
13060,seashore,B1,Daily_Life,General_Interactions,0
13061,season,B1,Daily_Life,General_Interactions,0
13062,season ticket,B1,Travel_Transportation,Public_Transport,0
13063,seasonal,B1,Daily_Life,General_Interactions,0
13064,seasonality,B1,Daily_Life,General_Interactions,0
13065,seat of learning,B1,Education,Learning_Skills,0
13066,seating,B1,Health_Medicine,Healthcare_Hospital,0
13067,seawater,B1,Daily_Life,General_Interactions,0
13068,second,B1,Daily_Life,General_Interactions,0
13069,second-hand,B1,Daily_Life,General_Interactions,0
13070,secondhand,B1,Daily_Life,General_Interactions,0
13071,secret,B1,Daily_Life,General_Interactions,0
13072,secretary,B1,Daily_Life,General_Interactions,0
13073,secrete,B1,Daily_Life,General_Interactions,0
13074,section,B1,Daily_Life,General_Interactions,0
13075,sections,B1,Daily_Life,General_Interactions,0
13076,sector,B1,Daily_Life,General_Interactions,0
13077,sectors,B1,Daily_Life,General_Interactions,0
13078,secure,B1,Health_Medicine,Illness_Diseases,0
13079,secure a majority,B1,Health_Medicine,Illness_Diseases,0
13080,secure a place,B1,Health_Medicine,Illness_Diseases,0
13081,secured,B1,Health_Medicine,Illness_Diseases,0
13082,sedentary,B1,Daily_Life,General_Interactions,0
13083,sediment,B1,Daily_Life,General_Interactions,0
13084,sedimentary,B1,Daily_Life,General_Interactions,0
13085,sediments,B1,Daily_Life,General_Interactions,0
13086,sedulous,B1,Daily_Life,General_Interactions,0
13087,see a decline,B1,Daily_Life,General_Interactions,0
13088,see a fall,B1,Daily_Life,General_Interactions,0
13089,see a growth,B1,Daily_Life,General_Interactions,0
13090,see a rise,B1,Daily_Life,General_Interactions,0
13091,see a rising,B1,Communication_Media_Arts,Speaking_Expressions,0
13092,see off an intruder,B1,Daily_Life,General_Interactions,0
13093,see off an opponent,B1,Daily_Life,General_Interactions,0
13094,see the error of your ways,B1,Daily_Life,General_Interactions,0
13095,seeds,B1,Daily_Life,General_Interactions,0
13096,seeing,B1,Daily_Life,General_Interactions,0
13097,seek,B1,Daily_Life,General_Interactions,0
13098,seek permission,B1,Daily_Life,General_Interactions,0
13099,seeking,B1,Daily_Life,General_Interactions,0
13100,seemed,B1,Daily_Life,General_Interactions,0
13101,seen,B1,Daily_Life,General_Interactions,0
13102,seesaw,B1,Daily_Life,General_Interactions,0
13103,seething,B1,Daily_Life,General_Interactions,0
13104,segment,B1,Daily_Life,General_Interactions,0
13105,seismic,B1,Daily_Life,General_Interactions,0
13106,seismometers,B1,Daily_Life,General_Interactions,0
13107,seize,B1,Daily_Life,General_Interactions,0
13108,seize power,B1,Daily_Life,General_Interactions,0
13109,seldom,B1,Daily_Life,General_Interactions,0
13110,select,B1,Daily_Life,General_Interactions,0
13111,select a research topic,B1,Education,Academic_Study,0
13112,selected,B1,Daily_Life,General_Interactions,0
13113,selecting,B1,Daily_Life,General_Interactions,0
13114,selection,B1,Society_Law_Politics,Government_Politics,0
13115,self,B1,Psychology_Emotions,Feelings_Emotions,0
13116,sell,B1,Business_Finance_Economy,Business_Management,0
13117,sell your story,B1,Communication_Media_Arts,Writing_Language,0
13118,selling,B1,Business_Finance_Economy,Business_Management,0
13119,semester,B1,Education,Academic_Study,0
13120,semiconductor,B1,Daily_Life,General_Interactions,0
13121,seminal,B1,Daily_Life,General_Interactions,0
13122,send out a search party,B1,Technology_Digital,Software_Internet,0
13123,sender,B1,Daily_Life,General_Interactions,0
13124,sending,B1,Daily_Life,General_Interactions,0
13125,senior moment,B1,Daily_Life,General_Interactions,0
13126,seniority,B1,Daily_Life,General_Interactions,0
13127,sensation,B1,Daily_Life,General_Interactions,0
13128,sensational,B1,Daily_Life,General_Interactions,0
13129,sense,B1,Daily_Life,General_Interactions,0
13130,sense of achievement,B1,Daily_Life,General_Interactions,0
13131,sense of adventure,B1,Business_Finance_Economy,Entrepreneurship,0
13132,sense of purpose,B1,Psychology_Emotions,Motivation,0
13133,sensitive,B1,Daily_Life,General_Interactions,0
13134,sensor,B1,Daily_Life,General_Interactions,0
13135,sensors,B1,Daily_Life,General_Interactions,0
13136,sensory,B1,Daily_Life,General_Interactions,0
13137,sent,B1,Daily_Life,General_Interactions,0
13138,sentence,B1,Daily_Life,General_Interactions,0
13139,sentient,B1,Daily_Life,General_Interactions,0
13140,sentimental value,B1,Health_Medicine,Mental_Health,0
13141,separate,B1,Business_Finance_Economy,Economy_Markets,0
13142,separated,B1,Business_Finance_Economy,Economy_Markets,0
13143,separating,B1,Daily_Life,General_Interactions,0
13144,september,B1,Daily_Life,General_Interactions,0
13145,sequent,B1,Daily_Life,General_Interactions,0
13146,sequential,B1,Daily_Life,General_Interactions,0
13147,sequester,B1,Daily_Life,General_Interactions,0
13148,serendipity,B1,Daily_Life,General_Interactions,0
13149,serene,B1,Daily_Life,General_Interactions,0
13150,sergeant,B1,Daily_Life,General_Interactions,0
13151,serialized,B1,Daily_Life,General_Interactions,0
13152,series,B1,Daily_Life,General_Interactions,0
13153,series of events,B1,Daily_Life,General_Interactions,0
13154,serious medical condition,B1,Daily_Life,General_Interactions,0
13155,servant,B1,Daily_Life,General_Interactions,0
13156,serve,B1,Daily_Life,General_Interactions,0
13157,serve out a sentence,B1,Daily_Life,General_Interactions,0
13158,served,B1,Daily_Life,General_Interactions,0
13159,service,B1,Daily_Life,General_Interactions,0
13160,services,B1,Daily_Life,General_Interactions,0
13161,servile,B1,Daily_Life,General_Interactions,0
13162,serving,B1,Daily_Life,General_Interactions,0
13163,session,B1,Daily_Life,General_Interactions,0
13164,sessions,B1,Daily_Life,General_Interactions,0
13165,set,B1,Daily_Life,General_Interactions,0
13166,set a trend,B1,Daily_Life,General_Interactions,0
13167,set off a fire alarm,B1,Daily_Life,General_Interactions,0
13168,set text,B1,Daily_Life,General_Interactions,0
13169,set the wheels in motion,B1,Daily_Life,General_Interactions,0
13170,set to work,B1,Business_Finance_Economy,Jobs_Careers,0
13171,set yourself clear objectives,B1,Psychology_Emotions,Feelings_Emotions,0
13172,setback,B1,Daily_Life,General_Interactions,0
13173,setting,B1,Daily_Life,General_Interactions,0
13174,settled,B1,Daily_Life,General_Interactions,0
13175,settlers,B1,Daily_Life,General_Interactions,0
13176,settling,B1,Daily_Life,General_Interactions,0
13177,setup,B1,Daily_Life,General_Interactions,0
13178,seven-metre-wide,B1,Daily_Life,General_Interactions,0
13179,seventeenth,B1,Daily_Life,General_Interactions,0
13180,seventy,B1,Daily_Life,General_Interactions,0
13181,sever,B1,Daily_Life,General_Interactions,0
13182,several,B1,Daily_Life,General_Interactions,0
13183,severe blow,B1,Daily_Life,General_Interactions,0
13184,severed,B1,Daily_Life,General_Interactions,0
13185,severely,B1,Daily_Life,General_Interactions,0
13186,severity,B1,Daily_Life,General_Interactions,0
13187,sew,B1,Daily_Life,General_Interactions,0
13188,sewage,B1,Daily_Life,General_Interactions,0
13189,sewn,B1,Daily_Life,General_Interactions,0
13190,sex,B1,Daily_Life,General_Interactions,0
13191,shade,B1,Daily_Life,General_Interactions,0
13192,shadow,B1,Daily_Life,General_Interactions,0
13193,shake,B1,Daily_Life,General_Interactions,0
13194,shake off a cold,B1,Daily_Life,General_Interactions,0
13195,shape,B1,Daily_Life,General_Interactions,0
13196,shape someone's life,B1,Science_Nature,Biology_Life_Sciences,0
13197,shape your destiny,B1,Daily_Life,General_Interactions,0
13198,shaped,B1,Daily_Life,General_Interactions,0
13199,shapes,B1,Daily_Life,General_Interactions,0
13200,share,B1,Technology_Digital,Social_Media,0
13201,share prices fluctuate,B1,Business_Finance_Economy,Economy_Markets,0
13202,shared,B1,Technology_Digital,Social_Media,0
13203,sharing,B1,Daily_Life,General_Interactions,0
13204,sharp,B1,Daily_Life,General_Interactions,0
13205,sharp wit,B1,Daily_Life,General_Interactions,0
13206,shatter,B1,Daily_Life,General_Interactions,0
13207,shatter someone's confidence,B1,Daily_Life,General_Interactions,0
13208,sheep,B1,Daily_Life,General_Interactions,0
13209,sheer,B1,Daily_Life,General_Interactions,0
13210,sheer epic grandeur,B1,Daily_Life,General_Interactions,0
13211,sheer quantity,B1,Daily_Life,General_Interactions,0
13212,sheer size,B1,Daily_Life,General_Interactions,0
13213,sheet,B1,Daily_Life,General_Interactions,0
13214,shelf,B1,Daily_Life,General_Interactions,0
13215,shell,B1,Daily_Life,General_Interactions,0
13216,shellfish,B1,Daily_Life,General_Interactions,0
13217,shells,B1,Daily_Life,General_Interactions,0
13218,shelter,B1,Daily_Life,General_Interactions,0
13219,shield,B1,Daily_Life,General_Interactions,0
13220,shielded,B1,Daily_Life,General_Interactions,0
13221,shifts,B1,Daily_Life,General_Interactions,0
13222,shine,B1,Daily_Life,General_Interactions,0
13223,shining,B1,Daily_Life,General_Interactions,0
13224,shiny,B1,Daily_Life,General_Interactions,0
13225,ship,B1,Daily_Life,General_Interactions,0
13226,shipped,B1,Daily_Life,General_Interactions,0
13227,shipping,B1,Daily_Life,General_Interactions,0
13228,shirk responsibilities,B1,Daily_Life,General_Interactions,0
13229,shiver,B1,Daily_Life,General_Interactions,0
13230,shiver down your spine,B1,Daily_Life,General_Interactions,0
13231,shoal of fish,B1,Daily_Life,General_Interactions,0
13232,shoal of sardines,B1,Daily_Life,General_Interactions,0
13233,shock,B1,Daily_Life,General_Interactions,0
13234,shoe,B1,Daily_Life,General_Interactions,0
13235,shoemaker,B1,Daily_Life,General_Interactions,0
13236,shopper,B1,Daily_Life,Shopping_Everyday,0
13237,shore,B1,Daily_Life,General_Interactions,0
13238,short,B1,Daily_Life,General_Interactions,0
13239,short of space,B1,Science_Nature,Natural_Phenomena,0
13240,shortage,B1,Daily_Life,General_Interactions,0
13241,shot,B1,Daily_Life,General_Interactions,0
13242,shoulder the blame,B1,Daily_Life,General_Interactions,0
13243,shouted,B1,Daily_Life,General_Interactions,0
13244,shoveling,B1,Daily_Life,General_Interactions,0
13245,show,B1,Daily_Life,General_Interactions,0
13246,show a decline,B1,Daily_Life,General_Interactions,0
13247,show a decrease,B1,Daily_Life,General_Interactions,0
13248,show a downward trend,B1,Society_Law_Politics,Law_Crime,0
13249,show a fall,B1,Daily_Life,General_Interactions,0
13250,show a growth,B1,Daily_Life,General_Interactions,0
13251,show a rise,B1,Daily_Life,General_Interactions,0
13252,show a rising,B1,Communication_Media_Arts,Speaking_Expressions,0
13253,show an improvement,B1,Daily_Life,General_Interactions,0
13254,show an increase,B1,Daily_Life,General_Interactions,0
13255,show an upward trend,B1,Society_Law_Politics,Law_Crime,0
13256,show initiative,B1,Daily_Life,General_Interactions,0
13257,show of unity,B1,Daily_Life,General_Interactions,0
13258,showcase,B1,Daily_Life,General_Interactions,0
13259,showcasing,B1,Communication_Media_Arts,Speaking_Expressions,0
13260,showed,B1,Daily_Life,General_Interactions,0
13261,showing,B1,Daily_Life,General_Interactions,0
13262,shown,B1,Daily_Life,General_Interactions,0
13263,shrewd,B1,Daily_Life,General_Interactions,0
13264,shut down a computer,B1,Technology_Digital,Devices_Hardware,0
13265,shy away from,B1,Daily_Life,General_Interactions,0
13266,sick,B1,Health_Medicine,Healthcare_Hospital,0
13267,sick with worry,B1,Psychology_Emotions,Stress_Mental_State,0
13268,side,B1,Daily_Life,General_Interactions,0
13269,side effects,B1,Daily_Life,General_Interactions,0
13270,siege,B1,Daily_Life,General_Interactions,0
13271,sigh of relief,B1,Daily_Life,General_Interactions,0
13272,sight,B1,Daily_Life,General_Interactions,0
13273,sighted,B1,Daily_Life,General_Interactions,0
13274,sign,B1,Daily_Life,General_Interactions,0
13275,sign up for a course,B1,Education,University_School,0
13276,signal,B1,Daily_Life,General_Interactions,0
13277,signals,B1,Daily_Life,General_Interactions,0
13278,signature,B1,Science_Nature,Environment_Ecology,0
13279,significance,B1,Daily_Life,General_Interactions,0
13280,significant,B1,Daily_Life,General_Interactions,0
13281,significant amount (of),B1,Daily_Life,General_Interactions,0
13282,significant number (of),B1,Daily_Life,General_Interactions,0
13283,significant quantity (of),B1,Daily_Life,General_Interactions,0
13284,significantly,B1,Daily_Life,General_Interactions,0
13285,signs,B1,Daily_Life,General_Interactions,0
13286,silence,B1,Daily_Life,General_Interactions,0
13287,silence descends,B1,Daily_Life,General_Interactions,0
13288,silence reigns,B1,Daily_Life,General_Interactions,0
13289,silent,B1,Daily_Life,General_Interactions,0
13290,silica,B1,Daily_Life,General_Interactions,0
13291,silicon,B1,Daily_Life,General_Interactions,0
13292,silk,B1,Daily_Life,General_Interactions,0
13293,silly,B1,Health_Medicine,Healthcare_Hospital,0
13294,similar,B1,Daily_Life,General_Interactions,0
13295,similarity,B1,Daily_Life,General_Interactions,0
13296,simple,B1,Daily_Life,General_Interactions,0
13297,simple rule,B1,Society_Law_Politics,Law_Crime,0
13298,simple truth,B1,Daily_Life,General_Interactions,0
13299,simpler,B1,Daily_Life,General_Interactions,0
13300,simplest,B1,Daily_Life,General_Interactions,0
13301,simplicity,B1,Daily_Life,General_Interactions,0
13302,simplicity itself,B1,Psychology_Emotions,Feelings_Emotions,0
13303,simply,B1,Daily_Life,General_Interactions,0
13304,simulacrum,B1,Daily_Life,General_Interactions,0
13305,simulate,B1,Daily_Life,General_Interactions,0
13306,simulated,B1,Daily_Life,General_Interactions,0
13307,simultaneous equation,B1,Daily_Life,General_Interactions,0
13308,simultaneously,B1,Daily_Life,General_Interactions,0
13309,since,B1,Daily_Life,General_Interactions,0
13310,sincerely hope,B1,Daily_Life,General_Interactions,0
13311,singer,B1,Communication_Media_Arts,Speaking_Expressions,0
13312,single,B1,Communication_Media_Arts,Speaking_Expressions,0
13313,single-storey,B1,Daily_Life,Shopping_Everyday,0
13314,singularly,B1,Communication_Media_Arts,Speaking_Expressions,0
13315,sinister,B1,Daily_Life,General_Interactions,0
13316,sink,B1,Daily_Life,General_Interactions,0
13317,sinking,B1,Daily_Life,General_Interactions,0
13318,sipped,B1,Daily_Life,General_Interactions,0
13319,site,B1,Daily_Life,General_Interactions,0
13320,sites,B1,Daily_Life,General_Interactions,0
13321,sitting,B1,Daily_Life,General_Interactions,0
13322,situation,B1,Daily_Life,General_Interactions,0
13323,sixty,B1,Daily_Life,General_Interactions,0
13324,size,B1,Daily_Life,General_Interactions,0
13325,size up,B1,Daily_Life,General_Interactions,0
13326,skeleton,B1,Daily_Life,General_Interactions,0
13327,skepticism,B1,Daily_Life,General_Interactions,0
13328,sketch,B1,Daily_Life,General_Interactions,0
13329,sketched,B1,Daily_Life,General_Interactions,0
13330,skew,B1,Daily_Life,General_Interactions,0
13331,skiing,B1,Daily_Life,General_Interactions,0
13332,skill,B1,Education,Learning_Skills,0
13333,skin,B1,Daily_Life,General_Interactions,0
13334,skirt,B1,Daily_Life,General_Interactions,0
13335,sky,B1,Daily_Life,General_Interactions,0
13336,slave,B1,Daily_Life,General_Interactions,0
13337,sleep,B1,Health_Medicine,Healthcare_Hospital,0
13338,sliced,B1,Daily_Life,General_Interactions,0
13339,slight,B1,Daily_Life,General_Interactions,0
13340,slight change of plan,B1,Daily_Life,General_Interactions,0
13341,slight decrease,B1,Daily_Life,General_Interactions,0
13342,slight increase,B1,Daily_Life,General_Interactions,0
13343,slightht decrease,B1,Daily_Life,General_Interactions,0
13344,slightly,B1,Daily_Life,General_Interactions,0
13345,slightly different,B1,Daily_Life,Home_Housing,0
13346,slightly offensive,B1,Daily_Life,General_Interactions,0
13347,slim chance,B1,Daily_Life,General_Interactions,0
13348,slim majority,B1,Daily_Life,General_Interactions,0
13349,slippery,B1,Daily_Life,General_Interactions,0
13350,slippery customer,B1,Daily_Life,Shopping_Everyday,0
13351,slope,B1,Daily_Life,General_Interactions,0
13352,sloping,B1,Daily_Life,General_Interactions,0
13353,slot,B1,Daily_Life,General_Interactions,0
13354,slow,B1,Daily_Life,General_Interactions,0
13355,slow-moving,B1,Daily_Life,General_Interactions,0
13356,slower,B1,Daily_Life,General_Interactions,0
13357,slowing,B1,Daily_Life,General_Interactions,0
13358,slowly,B1,Daily_Life,General_Interactions,0
13359,slur your words,B1,Daily_Life,General_Interactions,0
13360,slurping,B1,Daily_Life,General_Interactions,0
13361,small,B1,Daily_Life,General_Interactions,0
13362,small minority,B1,Daily_Life,General_Interactions,0
13363,small percentage,B1,Daily_Life,General_Interactions,0
13364,smaller,B1,Daily_Life,General_Interactions,0
13365,smallest,B1,Daily_Life,General_Interactions,0
13366,smart,B1,Technology_Digital,Artificial_Intelligence,0
13367,smarter,B1,Technology_Digital,Artificial_Intelligence,0
13368,smell,B1,Daily_Life,General_Interactions,0
13369,smelling,B1,Daily_Life,General_Interactions,0
13370,smile,B1,Daily_Life,General_Interactions,0
13371,smoke,B1,Daily_Life,General_Interactions,0
13372,smoking,B1,Daily_Life,General_Interactions,0
13373,smooth,B1,Daily_Life,General_Interactions,0
13374,snake,B1,Daily_Life,General_Interactions,0
13375,snaking,B1,Daily_Life,General_Interactions,0
13376,snap,B1,Daily_Life,General_Interactions,0
13377,sneak,B1,Daily_Life,General_Interactions,0
13378,sniff,B1,Daily_Life,General_Interactions,0
13379,sniffed,B1,Daily_Life,General_Interactions,0
13380,snippet of information,B1,Daily_Life,General_Interactions,0
13381,snow,B1,Daily_Life,General_Interactions,0
13382,so-called,B1,Daily_Life,General_Interactions,0
13383,soak,B1,Daily_Life,General_Interactions,0
13384,soak up atmosphere,B1,Daily_Life,General_Interactions,0
13385,soak up the atmosphere,B1,Daily_Life,General_Interactions,0
13386,soaked,B1,Daily_Life,General_Interactions,0
13387,soap,B1,Daily_Life,General_Interactions,0
13388,soaring crime rates,B1,Business_Finance_Economy,Economy_Markets,0
13389,social exclusion,B1,Society_Law_Politics,Social_Issues,0
13390,social fabric,B1,Society_Law_Politics,Social_Issues,0
13391,social network,B1,Business_Finance_Economy,Jobs_Careers,0
13392,social whirl,B1,Society_Law_Politics,Social_Issues,0
13393,socialise,B1,Society_Law_Politics,Social_Issues,0
13394,societal,B1,Daily_Life,General_Interactions,0
13395,societies,B1,Daily_Life,General_Interactions,0
13396,society,B1,Society_Law_Politics,Law_Crime,0
13397,sociologists,B1,Daily_Life,General_Interactions,0
13398,sociology,B1,Daily_Life,General_Interactions,0
13399,soft,B1,Daily_Life,General_Interactions,0
13400,soft whisper,B1,Daily_Life,General_Interactions,0
13401,soften,B1,Daily_Life,General_Interactions,0
13402,softer,B1,Daily_Life,General_Interactions,0
13403,software,B1,Technology_Digital,Software_Internet,0
13404,soil,B1,Daily_Life,General_Interactions,0
13405,solar heating,B1,Health_Medicine,Healthcare_Hospital,0
13406,sold,B1,Daily_Life,General_Interactions,0
13407,soldier,B1,Daily_Life,General_Interactions,0
13408,sole,B1,Daily_Life,General_Interactions,0
13409,solely,B1,Daily_Life,General_Interactions,0
13410,solicit,B1,Daily_Life,General_Interactions,0
13411,solipsistic,B1,Daily_Life,General_Interactions,0
13412,solitary,B1,Daily_Life,General_Interactions,0
13413,solo,B1,Daily_Life,General_Interactions,0
13414,solution,B1,Daily_Life,General_Interactions,0
13415,solutions,B1,Daily_Life,General_Interactions,0
13416,solve,B1,Daily_Life,General_Interactions,0
13417,solved,B1,Daily_Life,General_Interactions,0
13418,solvents,B1,Daily_Life,General_Interactions,0
13419,solving,B1,Daily_Life,General_Interactions,0
13420,someplace,B1,Daily_Life,General_Interactions,0
13421,something,B1,Daily_Life,General_Interactions,0
13422,somnolent,B1,Daily_Life,General_Interactions,0
13423,son,B1,Daily_Life,General_Interactions,0
13424,sonar,B1,Daily_Life,General_Interactions,0
13425,sooner,B1,Daily_Life,General_Interactions,0
13426,sophisticated,B1,Daily_Life,General_Interactions,0
13427,sophistication,B1,Daily_Life,General_Interactions,0
13428,sophistry,B1,Daily_Life,General_Interactions,0
13429,soporific,B1,Daily_Life,General_Interactions,0
13430,sort,B1,Daily_Life,General_Interactions,0
13431,sought-after,B1,Daily_Life,General_Interactions,0
13432,sound,B1,Daily_Life,General_Interactions,0
13433,sound travels,B1,Travel_Transportation,Road_Travel,0
13434,sounds like hard work,B1,Business_Finance_Economy,Jobs_Careers,0
13435,soup,B1,Daily_Life,General_Interactions,0
13436,source of amusement,B1,Daily_Life,General_Interactions,0
13437,source of entertainment,B1,Technology_Digital,Artificial_Intelligence,0
13438,source of fun,B1,Daily_Life,General_Interactions,0
13439,source of funding,B1,Business_Finance_Economy,Business_Management,0
13440,source of income,B1,Business_Finance_Economy,Business_Management,0
13441,sources close to,B1,Daily_Life,General_Interactions,0
13442,south,B1,Daily_Life,General_Interactions,0
13443,south-central,B1,Daily_Life,General_Interactions,0
13444,southern,B1,Daily_Life,General_Interactions,0
13445,southward,B1,Society_Law_Politics,Law_Crime,0
13446,southwest,B1,Daily_Life,General_Interactions,0
13447,sovereign,B1,Daily_Life,General_Interactions,0
13448,space,B1,Science_Nature,Natural_Phenomena,0
13449,spacecraft,B1,Science_Nature,Natural_Phenomena,0
13450,spaced,B1,Science_Nature,Natural_Phenomena,0
13451,spare,B1,Daily_Life,General_Interactions,0
13452,spark,B1,Daily_Life,General_Interactions,0
13453,spark fears,B1,Psychology_Emotions,Feelings_Emotions,0
13454,sparked,B1,Daily_Life,General_Interactions,0
13455,sparse,B1,Daily_Life,General_Interactions,0
13456,spate of attacks,B1,Daily_Life,General_Interactions,0
13457,spate of thefts,B1,Daily_Life,General_Interactions,0
13458,spatial,B1,Daily_Life,General_Interactions,0
13459,spawn,B1,Daily_Life,General_Interactions,0
13460,speak,B1,Communication_Media_Arts,Speaking_Expressions,0
13461,speak of,B1,Communication_Media_Arts,Speaking_Expressions,0
13462,speak properly,B1,Communication_Media_Arts,Speaking_Expressions,0
13463,speak very highly of,B1,Communication_Media_Arts,Speaking_Expressions,0
13464,speaking,B1,Communication_Media_Arts,Speaking_Expressions,0
13465,special,B1,Daily_Life,General_Interactions,0
13466,special occasion,B1,Daily_Life,General_Interactions,0
13467,specialization,B1,Daily_Life,General_Interactions,0
13468,specialize,B1,Daily_Life,General_Interactions,0
13469,specialized,B1,Daily_Life,General_Interactions,0
13470,specializes,B1,Daily_Life,General_Interactions,0
13471,specially,B1,Daily_Life,General_Interactions,0
13472,speciation,B1,Daily_Life,General_Interactions,0
13473,specific,B1,Daily_Life,General_Interactions,0
13474,specifically,B1,Daily_Life,General_Interactions,0
13475,specify,B1,Daily_Life,General_Interactions,0
13476,specious,B1,Daily_Life,General_Interactions,0
13477,spectacular mountains,B1,Technology_Digital,Artificial_Intelligence,0
13478,spectacularly successful,B1,Daily_Life,General_Interactions,0
13479,spectator,B1,Daily_Life,General_Interactions,0
13480,speculate,B1,Daily_Life,General_Interactions,0
13481,speculation,B1,Daily_Life,General_Interactions,0
13482,speculation excite,B1,Daily_Life,General_Interactions,0
13483,speed,B1,Daily_Life,General_Interactions,0
13484,speedy,B1,Daily_Life,General_Interactions,0
13485,spell,B1,Communication_Media_Arts,Writing_Language,0
13486,spell disaster,B1,Communication_Media_Arts,Writing_Language,0
13487,spelling,B1,Communication_Media_Arts,Writing_Language,0
13488,spend,B1,Daily_Life,General_Interactions,0
13489,spend a fortune,B1,Daily_Life,General_Interactions,0
13490,spend quality time,B1,Daily_Life,Time_Management,0
13491,spending,B1,Daily_Life,General_Interactions,0
13492,spendthrift,B1,Daily_Life,General_Interactions,0
13493,spent,B1,Daily_Life,General_Interactions,0
13494,sphere,B1,Daily_Life,General_Interactions,0
13495,spheres,B1,Daily_Life,General_Interactions,0
13496,spice,B1,Daily_Life,General_Interactions,0
13497,spices,B1,Daily_Life,General_Interactions,0
13498,spilled,B1,Health_Medicine,Healthcare_Hospital,0
13499,spilling,B1,Health_Medicine,Healthcare_Hospital,0
13500,spine,B1,Daily_Life,General_Interactions,0
13501,spinning,B1,Daily_Life,General_Interactions,0
13502,spinning fast,B1,Daily_Life,General_Interactions,0
13503,spirits are high,B1,Daily_Life,General_Interactions,0
13504,spiritual,B1,Daily_Life,General_Interactions,0
13505,spirituality,B1,Daily_Life,General_Interactions,0
13506,splendid,B1,Daily_Life,General_Interactions,0
13507,splendor,B1,Daily_Life,General_Interactions,0
13508,split,B1,Daily_Life,General_Interactions,0
13509,spoil,B1,Daily_Life,General_Interactions,0
13510,spoilage,B1,Daily_Life,General_Interactions,0
13511,spoilt,B1,Daily_Life,General_Interactions,0
13512,spoilt brat,B1,Daily_Life,General_Interactions,0
13513,spoken,B1,Daily_Life,General_Interactions,0
13514,sponsor,B1,Daily_Life,General_Interactions,0
13515,sponsored,B1,Daily_Life,General_Interactions,0
13516,spontaneously,B1,Daily_Life,General_Interactions,0
13517,sporadically,B1,Daily_Life,General_Interactions,0
13518,spores,B1,Daily_Life,General_Interactions,0
13519,sport,B1,Health_Medicine,Fitness_Exercise,0
13520,sporting,B1,Health_Medicine,Fitness_Exercise,0
13521,sportsmen,B1,Health_Medicine,Fitness_Exercise,0
13522,sportspeople,B1,Health_Medicine,Fitness_Exercise,0
13523,spot,B1,Daily_Life,General_Interactions,0
13524,spot an error,B1,Daily_Life,General_Interactions,0
13525,spotlessly clean,B1,Daily_Life,General_Interactions,0
13526,spottily,B1,Daily_Life,General_Interactions,0
13527,sprained,B1,Technology_Digital,Artificial_Intelligence,0
13528,spray,B1,Daily_Life,General_Interactions,0
13529,spread,B1,Communication_Media_Arts,Speaking_Expressions,0
13530,spread a rum our,B1,Communication_Media_Arts,Speaking_Expressions,0
13531,spread a rumour,B1,Communication_Media_Arts,Speaking_Expressions,0
13532,spreadsheet,B1,Communication_Media_Arts,Speaking_Expressions,0
13533,spreadsheets,B1,Communication_Media_Arts,Speaking_Expressions,0
13534,spring,B1,Daily_Life,General_Interactions,0
13535,spring a surprise on,B1,Psychology_Emotions,Feelings_Emotions,0
13536,spring to someone's defence,B1,Daily_Life,General_Interactions,0
13537,sprinkling of cinnamon,B1,Daily_Life,General_Interactions,0
13538,sprint,B1,Daily_Life,General_Interactions,0
13539,spun,B1,Daily_Life,General_Interactions,0
13540,spur,B1,Daily_Life,General_Interactions,0
13541,spurious,B1,Daily_Life,General_Interactions,0
13542,square,B1,Daily_Life,General_Interactions,0
13543,squashed,B1,Daily_Life,General_Interactions,0
13544,squeeze,B1,Daily_Life,General_Interactions,0
13545,squeezed,B1,Daily_Life,General_Interactions,0
13546,stability,B1,Education,Learning_Skills,0
13547,stabilize,B1,Daily_Life,General_Interactions,0
13548,stabilizes,B1,Daily_Life,General_Interactions,0
13549,stable environment,B1,Science_Nature,Environment_Ecology,0
13550,stable relationship,B1,Daily_Life,General_Interactions,0
13551,stack,B1,Daily_Life,General_Interactions,0
13552,stacked,B1,Daily_Life,General_Interactions,0
13553,stacking,B1,Daily_Life,General_Interactions,0
13554,stage,B1,Daily_Life,General_Interactions,0
13555,stage a protest,B1,Education,Exams_Assessments,0
13556,stage a strike,B1,Daily_Life,General_Interactions,0
13557,stages,B1,Daily_Life,General_Interactions,0
13558,staggering,B1,Daily_Life,General_Interactions,0
13559,stagnation,B1,Daily_Life,General_Interactions,0
13560,stained,B1,Technology_Digital,Artificial_Intelligence,0
13561,stand,B1,Daily_Life,General_Interactions,0
13562,stand trial,B1,Daily_Life,General_Interactions,0
13563,standardise procedures,B1,Daily_Life,General_Interactions,0
13564,standardized,B1,Daily_Life,General_Interactions,0
13565,standards slip,B1,Daily_Life,General_Interactions,0
13566,standing,B1,Daily_Life,General_Interactions,0
13567,star,B1,Science_Nature,Natural_Phenomena,0
13568,star-studded cast,B1,Science_Nature,Natural_Phenomena,0
13569,stark,B1,Science_Nature,Natural_Phenomena,0
13570,stars,B1,Science_Nature,Natural_Phenomena,0
13571,started,B1,Communication_Media_Arts,Arts_Creativity,0
13572,starter,B1,Communication_Media_Arts,Arts_Creativity,0
13573,starting,B1,Communication_Media_Arts,Arts_Creativity,0
13574,startling originality,B1,Communication_Media_Arts,Arts_Creativity,0
13575,starvation,B1,Science_Nature,Natural_Phenomena,0
13576,stasis,B1,Daily_Life,General_Interactions,0
13577,state a goal,B1,Psychology_Emotions,Motivation,0
13578,state a purpose,B1,Psychology_Emotions,Motivation,0
13579,state an aim,B1,Technology_Digital,Artificial_Intelligence,0
13580,state of confusion,B1,Daily_Life,General_Interactions,0
13581,state of euphoria,B1,Daily_Life,General_Interactions,0
13582,state your business,B1,Business_Finance_Economy,Business_Management,0
13583,stated,B1,Daily_Life,General_Interactions,0
13584,statements,B1,Daily_Life,General_Interactions,0
13585,states,B1,Daily_Life,General_Interactions,0
13586,static,B1,Daily_Life,General_Interactions,0
13587,station,B1,Travel_Transportation,Public_Transport,0
13588,stationary,B1,Travel_Transportation,Public_Transport,0
13589,status,B1,Daily_Life,General_Interactions,0
13590,staunch,B1,Daily_Life,General_Interactions,0
13591,stay the course,B1,Education,University_School,0
13592,stay the same,B1,Daily_Life,General_Interactions,0
13593,stayed,B1,Daily_Life,General_Interactions,0
13594,staying,B1,Daily_Life,General_Interactions,0
13595,steadfast,B1,Daily_Life,General_Interactions,0
13596,steady growth,B1,Daily_Life,General_Interactions,0
13597,steak,B1,Daily_Life,General_Interactions,0
13598,steal,B1,Daily_Life,General_Interactions,0
13599,stealth,B1,Daily_Life,General_Interactions,0
13600,stealthily,B1,Daily_Life,General_Interactions,0
13601,steam,B1,Daily_Life,General_Interactions,0
13602,steamer,B1,Daily_Life,General_Interactions,0
13603,steep learning curve,B1,Education,Learning_Skills,0
13604,steeper,B1,Daily_Life,General_Interactions,0
13605,steer the economy,B1,Business_Finance_Economy,Economy_Markets,0
13606,stentorian,B1,Daily_Life,General_Interactions,0
13607,step,B1,Daily_Life,General_Interactions,0
13608,step-by-step approach,B1,Technology_Digital,Software_Internet,0
13609,stepped,B1,Daily_Life,General_Interactions,0
13610,stepping,B1,Daily_Life,General_Interactions,0
13611,stick,B1,Daily_Life,General_Interactions,0
13612,stick to a diet,B1,Health_Medicine,Nutrition_Diet,0
13613,stick to a schedule,B1,Daily_Life,Routine_Activities,0
13614,stifle,B1,Daily_Life,General_Interactions,0
13615,stigma,B1,Daily_Life,General_Interactions,0
13616,still,B1,Health_Medicine,Healthcare_Hospital,0
13617,stimulate,B1,Daily_Life,General_Interactions,0
13618,stimulate growth,B1,Daily_Life,General_Interactions,0
13619,stimulating,B1,Daily_Life,General_Interactions,0
13620,sting,B1,Daily_Life,General_Interactions,0
13621,stinking rich,B1,Daily_Life,General_Interactions,0
13622,stipulate,B1,Daily_Life,General_Interactions,0
13623,stipulated,B1,Daily_Life,General_Interactions,0
13624,stock,B1,Business_Finance_Economy,Business_Management,0
13625,stockpile,B1,Business_Finance_Economy,Business_Management,0
13626,stockpile weapons,B1,Business_Finance_Economy,Business_Management,0
13627,stockpiled,B1,Business_Finance_Economy,Business_Management,0
13628,stole,B1,Daily_Life,General_Interactions,0
13629,stolen,B1,Daily_Life,General_Interactions,0
13630,stomach,B1,Daily_Life,General_Interactions,0
13631,stomata,B1,Daily_Life,General_Interactions,0
13632,stoop to that level,B1,Daily_Life,General_Interactions,0
13633,stopped,B1,Daily_Life,General_Interactions,0
13634,storage,B1,Daily_Life,General_Interactions,0
13635,store,B1,Daily_Life,Shopping_Everyday,0
13636,store music,B1,Communication_Media_Arts,Arts_Creativity,0
13637,stored,B1,Daily_Life,Shopping_Everyday,0
13638,storing,B1,Daily_Life,General_Interactions,0
13639,story,B1,Communication_Media_Arts,Writing_Language,0
13640,storytelling,B1,Communication_Media_Arts,Writing_Language,0
13641,straight -a student,B1,Education,Classroom_Interaction,0
13642,straight-a student,B1,Education,Classroom_Interaction,0
13643,strain,B1,Technology_Digital,Artificial_Intelligence,0
13644,stranding,B1,Daily_Life,General_Interactions,0
13645,strange,B1,Daily_Life,General_Interactions,0
13646,stranger,B1,Daily_Life,General_Interactions,0
13647,stratagem,B1,Daily_Life,General_Interactions,0
13648,strategy,B1,Business_Finance_Economy,Economy_Markets,0
13649,streaming cold,B1,Daily_Life,General_Interactions,0
13650,strength,B1,Health_Medicine,Fitness_Exercise,0
13651,strengthen,B1,Health_Medicine,Fitness_Exercise,0
13652,strenuous effort,B1,Daily_Life,General_Interactions,0
13653,stress,B1,Health_Medicine,Mental_Health,0
13654,stressed,B1,Health_Medicine,Mental_Health,0
13655,stressful,B1,Health_Medicine,Mental_Health,0
13656,stretch,B1,Daily_Life,General_Interactions,0
13657,stretched,B1,Daily_Life,General_Interactions,0
13658,stretching,B1,Daily_Life,General_Interactions,0
13659,strewn,B1,Daily_Life,General_Interactions,0
13660,strict,B1,Daily_Life,General_Interactions,0
13661,strictly,B1,Daily_Life,General_Interactions,0
13662,strictly speaking,B1,Communication_Media_Arts,Speaking_Expressions,0
13663,stride,B1,Daily_Life,General_Interactions,0
13664,strident,B1,Daily_Life,General_Interactions,0
13665,strike a balance (between),B1,Psychology_Emotions,Stress_Mental_State,0
13666,strikingly,B1,Daily_Life,General_Interactions,0
13667,strikingly different,B1,Daily_Life,Home_Housing,0
13668,string,B1,Daily_Life,General_Interactions,0
13669,stringent,B1,Daily_Life,General_Interactions,0
13670,strip,B1,Travel_Transportation,Hotels_Tourism,0
13671,strive,B1,Daily_Life,General_Interactions,0
13672,stroke of genius,B1,Daily_Life,General_Interactions,0
13673,stroke of luck,B1,Daily_Life,General_Interactions,0
13674,stroke of work,B1,Business_Finance_Economy,Jobs_Careers,0
13675,stroll,B1,Daily_Life,General_Interactions,0
13676,strong,B1,Daily_Life,General_Interactions,0
13677,strong language,B1,Communication_Media_Arts,Writing_Language,0
13678,strong point,B1,Daily_Life,General_Interactions,0
13679,stronger,B1,Daily_Life,General_Interactions,0
13680,strongest,B1,Daily_Life,General_Interactions,0
13681,strongly,B1,Daily_Life,General_Interactions,0
13682,strongly influenced,B1,Daily_Life,General_Interactions,0
13683,structural,B1,Daily_Life,General_Interactions,0
13684,structured,B1,Daily_Life,General_Interactions,0
13685,structures,B1,Daily_Life,General_Interactions,0
13686,stubborn streak,B1,Daily_Life,General_Interactions,0
13687,stuck,B1,Daily_Life,General_Interactions,0
13688,stuck in traffic,B1,Travel_Transportation,Road_Travel,0
13689,student,B1,Education,Classroom_Interaction,0
13690,students,B1,Education,Classroom_Interaction,0
13691,studied,B1,Daily_Life,General_Interactions,0
13692,studies,B1,Daily_Life,General_Interactions,0
13693,studio,B1,Daily_Life,General_Interactions,0
13694,study,B1,Education,Academic_Study,0
13695,studying,B1,Education,Academic_Study,0
13696,stuff,B1,Daily_Life,General_Interactions,0
13697,stultify,B1,Daily_Life,General_Interactions,0
13698,stumble,B1,Daily_Life,General_Interactions,0
13699,stunning,B1,Daily_Life,General_Interactions,0
13700,stunning range,B1,Daily_Life,General_Interactions,0
13701,stunningly attractive,B1,Psychology_Emotions,Behavior,0
13702,stupefy,B1,Daily_Life,General_Interactions,0
13703,stupid,B1,Daily_Life,General_Interactions,0
13704,sturdy,B1,Daily_Life,General_Interactions,0
13705,style,B1,Daily_Life,General_Interactions,0
13706,stylus,B1,Daily_Life,General_Interactions,0
13707,stymie,B1,Daily_Life,General_Interactions,0
13708,sub,B1,Daily_Life,General_Interactions,0
13709,subject,B1,Daily_Life,General_Interactions,0
13710,subject  to police investigation,B1,Education,Academic_Study,0
13711,subject to police investigation,B1,Education,Academic_Study,0
13712,subjected,B1,Daily_Life,General_Interactions,0
13713,subjected to,B1,Daily_Life,General_Interactions,0
13714,subjective,B1,Daily_Life,General_Interactions,0
13715,subjects,B1,Daily_Life,General_Interactions,0
13716,sublime,B1,Daily_Life,General_Interactions,0
13717,submerged,B1,Daily_Life,General_Interactions,0
13718,submit,B1,Daily_Life,General_Interactions,0
13719,submit a report,B1,Communication_Media_Arts,Media_Journalism,0
13720,submit assignments,B1,Daily_Life,General_Interactions,0
13721,suboptimal,B1,Daily_Life,General_Interactions,0
13722,subordinate,B1,Daily_Life,General_Interactions,0
13723,subscribe to the theory,B1,Education,Academic_Study,0
13724,subsequent,B1,Daily_Life,General_Interactions,0
13725,subsidiary,B1,Daily_Life,General_Interactions,0
13726,subspecies,B1,Science_Nature,Biology_Life_Sciences,0
13727,substance,B1,Daily_Life,General_Interactions,0
13728,substantial amount (of),B1,Daily_Life,General_Interactions,0
13729,substantial decrease,B1,Daily_Life,General_Interactions,0
13730,substantial increase,B1,Daily_Life,General_Interactions,0
13731,substantial number (of),B1,Daily_Life,General_Interactions,0
13732,substantial quantity (of),B1,Daily_Life,General_Interactions,0
13733,substantial reward,B1,Society_Law_Politics,Law_Crime,0
13734,substantially,B1,Daily_Life,General_Interactions,0
13735,substantiate,B1,Daily_Life,General_Interactions,0
13736,substantiated,B1,Daily_Life,General_Interactions,0
13737,substantive,B1,Daily_Life,General_Interactions,0
13738,substitute,B1,Daily_Life,General_Interactions,0
13739,subsume,B1,Daily_Life,General_Interactions,0
13740,subterfuge,B1,Daily_Life,General_Interactions,0
13741,subterranean,B1,Daily_Life,General_Interactions,0
13742,subtle,B1,Daily_Life,General_Interactions,0
13743,subtle difference,B1,Daily_Life,General_Interactions,0
13744,subtle distinction,B1,Daily_Life,General_Interactions,0
13745,subtopics,B1,Daily_Life,General_Interactions,0
13746,subversive,B1,Daily_Life,General_Interactions,0
13747,succeed,B1,Daily_Life,General_Interactions,0
13748,succeeded,B1,Daily_Life,General_Interactions,0
13749,success,B1,Daily_Life,General_Interactions,0
13750,successful,B1,Daily_Life,General_Interactions,0
13751,successfully,B1,Daily_Life,General_Interactions,0
13752,succession,B1,Daily_Life,General_Interactions,0
13753,successive,B1,Daily_Life,General_Interactions,0
13754,successively,B1,Daily_Life,General_Interactions,0
13755,successor,B1,Daily_Life,General_Interactions,0
13756,succulents,B1,Daily_Life,General_Interactions,0
13757,succumb,B1,Daily_Life,General_Interactions,0
13758,suck,B1,Daily_Life,General_Interactions,0
13759,sucked,B1,Daily_Life,General_Interactions,0
13760,sucking,B1,Daily_Life,General_Interactions,0
13761,sudden,B1,Daily_Life,General_Interactions,0
13762,sudden shift,B1,Daily_Life,General_Interactions,0
13763,suddenly,B1,Daily_Life,General_Interactions,0
13764,sue,B1,Daily_Life,General_Interactions,0
13765,suffer,B1,Health_Medicine,Illness_Diseases,0
13766,suffer at the hands of,B1,Health_Medicine,Illness_Diseases,0
13767,suffer casualties,B1,Health_Medicine,Illness_Diseases,0
13768,suffer from a chronic disease,B1,Health_Medicine,Illness_Diseases,0
13769,suffer from chronic a disease,B1,Health_Medicine,Illness_Diseases,0
13770,suffer from chronic disease,B1,Health_Medicine,Illness_Diseases,0
13771,suffered,B1,Health_Medicine,Illness_Diseases,0
13772,suffering,B1,Health_Medicine,Illness_Diseases,0
13773,sufficient,B1,Daily_Life,General_Interactions,0
13774,suffuse,B1,Daily_Life,General_Interactions,0
13775,sugar,B1,Daily_Life,General_Interactions,0
13776,suggest,B1,Daily_Life,General_Interactions,0
13777,suggested,B1,Daily_Life,General_Interactions,0
13778,suggestions,B1,Daily_Life,General_Interactions,0
13779,suggests,B1,Daily_Life,General_Interactions,0
13780,suit,B1,Daily_Life,General_Interactions,0
13781,suited,B1,Daily_Life,General_Interactions,0
13782,sullen,B1,Daily_Life,General_Interactions,0
13783,sum,B1,Daily_Life,General_Interactions,0
13784,summarily,B1,Daily_Life,General_Interactions,0
13785,summarize,B1,Daily_Life,General_Interactions,0
13786,summer,B1,Daily_Life,General_Interactions,0
13787,summertime,B1,Daily_Life,Time_Management,0
13788,summon,B1,Daily_Life,General_Interactions,0
13789,summon up the energy,B1,Science_Nature,Physics_Chemistry,0
13790,sumptuous,B1,Daily_Life,General_Interactions,0
13791,sun,B1,Daily_Life,General_Interactions,0
13792,sun-damaged hair,B1,Technology_Digital,Artificial_Intelligence,0
13793,sunblock,B1,Daily_Life,General_Interactions,0
13794,sundown,B1,Daily_Life,General_Interactions,0
13795,sunk,B1,Daily_Life,General_Interactions,0
13796,sunlight,B1,Daily_Life,General_Interactions,0
13797,sunny,B1,Daily_Life,General_Interactions,0
13798,sunny spells,B1,Communication_Media_Arts,Writing_Language,0
13799,sunrise,B1,Daily_Life,General_Interactions,0
13800,sunset,B1,Daily_Life,General_Interactions,0
13801,sunshine,B1,Daily_Life,General_Interactions,0
13802,super,B1,Daily_Life,General_Interactions,0
13803,super-rotation,B1,Daily_Life,General_Interactions,0
13804,superb,B1,Daily_Life,General_Interactions,0
13805,supercilious,B1,Daily_Life,General_Interactions,0
13806,superficially,B1,Daily_Life,General_Interactions,0
13807,superfluous,B1,Daily_Life,General_Interactions,0
13808,supermarket,B1,Business_Finance_Economy,Economy_Markets,0
13809,superposition,B1,Daily_Life,General_Interactions,0
13810,supersede,B1,Daily_Life,General_Interactions,0
13811,superseded,B1,Daily_Life,General_Interactions,0
13812,supervise,B1,Daily_Life,General_Interactions,0
13813,supplant,B1,Science_Nature,Biology_Life_Sciences,0
13814,supplement,B1,Daily_Life,General_Interactions,0
13815,supplement your income,B1,Business_Finance_Economy,Business_Management,0
13816,supplemental,B1,Health_Medicine,Mental_Health,0
13817,supplied,B1,Daily_Life,General_Interactions,0
13818,suppliers,B1,Daily_Life,General_Interactions,0
13819,supplies,B1,Daily_Life,General_Interactions,0
13820,supply,B1,Business_Finance_Economy,Economy_Markets,0
13821,support,B1,Daily_Life,General_Interactions,0
13822,support a family,B1,Daily_Life,General_Interactions,0
13823,support the hypothesis,B1,Science_Nature,Research_Methods,0
13824,supported,B1,Daily_Life,General_Interactions,0
13825,supporting,B1,Daily_Life,General_Interactions,0
13826,supports,B1,Daily_Life,General_Interactions,0
13827,supports the hypothesis,B1,Science_Nature,Research_Methods,0
13828,supposed,B1,Daily_Life,General_Interactions,0
13829,suppress,B1,Communication_Media_Arts,Media_Journalism,0
13830,sure,B1,Daily_Life,General_Interactions,0
13831,surface,B1,Daily_Life,General_Interactions,0
13832,surgeon,B1,Daily_Life,General_Interactions,0
13833,surgery,B1,Health_Medicine,Healthcare_Hospital,0
13834,surgical strike,B1,Daily_Life,General_Interactions,0
13835,surmise,B1,Daily_Life,General_Interactions,0
13836,surpassing,B1,Education,Exams_Assessments,0
13837,surplus,B1,Daily_Life,General_Interactions,0
13838,surpluses,B1,Daily_Life,General_Interactions,0
13839,surprise,B1,Psychology_Emotions,Feelings_Emotions,0
13840,surprise party,B1,Communication_Media_Arts,Arts_Creativity,0
13841,surprised,B1,Psychology_Emotions,Feelings_Emotions,0
13842,surrogate,B1,Daily_Life,General_Interactions,0
13843,surround,B1,Daily_Life,General_Interactions,0
13844,surrounded,B1,Daily_Life,General_Interactions,0
13845,surrounding,B1,Daily_Life,General_Interactions,0
13846,survival,B1,Daily_Life,General_Interactions,0
13847,survived,B1,Daily_Life,General_Interactions,0
13848,surviving,B1,Daily_Life,General_Interactions,0
13849,suspended,B1,Daily_Life,General_Interactions,0
13850,suspense,B1,Daily_Life,General_Interactions,0
13851,suspense builds up,B1,Daily_Life,General_Interactions,0
13852,sustainability,B1,Education,Learning_Skills,0
13853,sustainable,B1,Technology_Digital,Artificial_Intelligence,0
13854,sustaining,B1,Technology_Digital,Artificial_Intelligence,0
13855,sustenance,B1,Daily_Life,General_Interactions,0
13856,swam,B1,Daily_Life,General_Interactions,0
13857,swap,B1,Daily_Life,General_Interactions,0
13858,swapping,B1,Technology_Digital,Software_Internet,0
13859,swarm of bees,B1,Society_Law_Politics,Law_Crime,0
13860,swarm of locusts,B1,Society_Law_Politics,Law_Crime,0
13861,swarthy,B1,Communication_Media_Arts,Arts_Creativity,0
13862,sweat,B1,Health_Medicine,Healthcare_Hospital,0
13863,sweat blood,B1,Health_Medicine,Healthcare_Hospital,0
13864,sweat our guts out,B1,Health_Medicine,Healthcare_Hospital,0
13865,sweated labour,B1,Health_Medicine,Healthcare_Hospital,0
13866,sweating,B1,Health_Medicine,Healthcare_Hospital,0
13867,sweeping change,B1,Daily_Life,General_Interactions,0
13868,sweet,B1,Daily_Life,General_Interactions,0
13869,swell,B1,Daily_Life,General_Interactions,0
13870,swiftly,B1,Daily_Life,General_Interactions,0
13871,swim,B1,Daily_Life,General_Interactions,0
13872,swipe a card,B1,Travel_Transportation,Road_Travel,0
13873,switch,B1,Daily_Life,General_Interactions,0
13874,switch channels,B1,Daily_Life,General_Interactions,0
13875,switched,B1,Daily_Life,General_Interactions,0
13876,switching,B1,Daily_Life,General_Interactions,0
13877,swung,B1,Daily_Life,General_Interactions,0
13878,sycophant,B1,Daily_Life,General_Interactions,0
13879,symbolically,B1,Daily_Life,General_Interactions,0
13880,symbolize,B1,Daily_Life,General_Interactions,0
13881,symmetric,B1,Daily_Life,General_Interactions,0
13882,symposium,B1,Daily_Life,General_Interactions,0
13883,symptom,B1,Health_Medicine,Illness_Diseases,0
13884,syndrome,B1,Daily_Life,General_Interactions,0
13885,synergy,B1,Daily_Life,General_Interactions,0
13886,synthesize,B1,Daily_Life,General_Interactions,0
13887,synthetic,B1,Daily_Life,General_Interactions,0
13888,syrup,B1,Daily_Life,General_Interactions,0
13889,system,B1,Technology_Digital,Software_Internet,0
13890,systematic,B1,Technology_Digital,Software_Internet,0
13891,systems,B1,Technology_Digital,Software_Internet,0
13892,systems crash,B1,Technology_Digital,Software_Internet,0
13893,tabby,B1,Daily_Life,General_Interactions,0
13894,table,B1,Daily_Life,General_Interactions,0
13895,taciturn,B1,Daily_Life,General_Interactions,0
13896,tack,B1,Daily_Life,General_Interactions,0
13897,tackle,B1,Daily_Life,General_Interactions,0
13898,tackle a problem,B1,Daily_Life,General_Interactions,0
13899,tackle the issue,B1,Daily_Life,General_Interactions,0
13900,tact,B1,Psychology_Emotions,Behavior,0
13901,tactic,B1,Psychology_Emotions,Behavior,0
13902,tadpole,B1,Daily_Life,General_Interactions,0
13903,tag,B1,Daily_Life,General_Interactions,0
13904,tail,B1,Technology_Digital,Artificial_Intelligence,0
13905,tailor,B1,Technology_Digital,Artificial_Intelligence,0
13906,tailspin,B1,Technology_Digital,Artificial_Intelligence,0
13907,take,B1,Daily_Life,General_Interactions,0
13908,take a boat,B1,Daily_Life,General_Interactions,0
13909,take a complaint seriously,B1,Technology_Digital,Artificial_Intelligence,0
13910,take a firm stance against,B1,Technology_Digital,Artificial_Intelligence,0
13911,take a sideswipe,B1,Daily_Life,General_Interactions,0
13912,take an overdose,B1,Daily_Life,General_Interactions,0
13913,take exception to,B1,Daily_Life,General_Interactions,0
13914,take for granted,B1,Daily_Life,General_Interactions,0
13915,take industrial action,B1,Psychology_Emotions,Behavior,0
13916,take issue with,B1,Daily_Life,General_Interactions,0
13917,take it easy for a while,B1,Daily_Life,General_Interactions,0
13918,take on responsibility,B1,Daily_Life,General_Interactions,0
13919,take place,B1,Daily_Life,General_Interactions,0
13920,take priority over,B1,Daily_Life,General_Interactions,0
13921,take someone seriously,B1,Daily_Life,General_Interactions,0
13922,take someone's point,B1,Daily_Life,General_Interactions,0
13923,take something badly,B1,Daily_Life,General_Interactions,0
13924,take something the wrong way,B1,Daily_Life,General_Interactions,0
13925,take the easy way out,B1,Daily_Life,General_Interactions,0
13926,take the field,B1,Daily_Life,General_Interactions,0
13927,take the flak,B1,Daily_Life,General_Interactions,0
13928,take the time to,B1,Daily_Life,Time_Management,0
13929,take the view that,B1,Daily_Life,General_Interactions,0
13930,take up a challenge,B1,Daily_Life,General_Interactions,0
13931,take up a lot of room,B1,Daily_Life,Home_Housing,0
13932,take up a lot of space,B1,Science_Nature,Natural_Phenomena,0
13933,take up a post,B1,Technology_Digital,Social_Media,0
13934,take up office,B1,Daily_Life,General_Interactions,0
13935,take up references,B1,Daily_Life,General_Interactions,0
13936,take your custom elsewhere,B1,Daily_Life,General_Interactions,0
13937,taken,B1,Daily_Life,General_Interactions,0
13938,taking,B1,Daily_Life,General_Interactions,0
13939,tale,B1,Daily_Life,General_Interactions,0
13940,talent,B1,Daily_Life,General_Interactions,0
13941,talented,B1,Daily_Life,General_Interactions,0
13942,talk a lot of sense,B1,Education,Classroom_Interaction,0
13943,talk business,B1,Education,Classroom_Interaction,0
13944,talk nonsense,B1,Education,Classroom_Interaction,0
13945,talks collapse,B1,Education,Classroom_Interaction,0
13946,tall,B1,Daily_Life,General_Interactions,0
13947,taller,B1,Daily_Life,General_Interactions,0
13948,tame,B1,Daily_Life,General_Interactions,0
13949,tang,B1,Daily_Life,General_Interactions,0
13950,tangential,B1,Daily_Life,General_Interactions,0
13951,tank,B1,Daily_Life,General_Interactions,0
13952,tantalizing,B1,Daily_Life,General_Interactions,0
13953,tap,B1,Daily_Life,General_Interactions,0
13954,tape-record,B1,Daily_Life,General_Interactions,0
13955,taper,B1,Daily_Life,General_Interactions,0
13956,tar,B1,Daily_Life,General_Interactions,0
13957,target,B1,Daily_Life,General_Interactions,0
13958,target market,B1,Business_Finance_Economy,Economy_Markets,0
13959,taro,B1,Daily_Life,General_Interactions,0
13960,task,B1,Daily_Life,Routine_Activities,0
13961,taste,B1,Daily_Life,General_Interactions,0
13962,tasty snack,B1,Daily_Life,General_Interactions,0
13963,taught,B1,Daily_Life,General_Interactions,0
13964,tawdry,B1,Daily_Life,General_Interactions,0
13965,tax,B1,Society_Law_Politics,Public_Policies,0
13966,teacher,B1,Education,Learning_Skills,0
13967,teaching,B1,Education,Learning_Skills,0
13968,team effort,B1,Daily_Life,General_Interactions,0
13969,team of experts,B1,Daily_Life,General_Interactions,0
13970,teamed,B1,Daily_Life,General_Interactions,0
13971,tear,B1,Daily_Life,General_Interactions,0
13972,technical,B1,Technology_Digital,Software_Internet,0
13973,technique,B1,Technology_Digital,Software_Internet,0
13974,techniques,B1,Technology_Digital,Software_Internet,0
13975,technological,B1,Technology_Digital,Software_Internet,0
13976,technologies,B1,Technology_Digital,Software_Internet,0
13977,technology,B1,Technology_Digital,Software_Internet,0
13978,tectonic,B1,Daily_Life,General_Interactions,0
13979,teem with,B1,Daily_Life,General_Interactions,0
13980,teeth,B1,Daily_Life,General_Interactions,0
13981,telephone,B1,Technology_Digital,Devices_Hardware,0
13982,telescopes,B1,Daily_Life,General_Interactions,0
13983,tell,B1,Communication_Media_Arts,Speaking_Expressions,0
13984,tell a secret,B1,Communication_Media_Arts,Speaking_Expressions,0
13985,tell someone's fortune,B1,Communication_Media_Arts,Speaking_Expressions,0
13986,tell your concerns,B1,Communication_Media_Arts,Speaking_Expressions,0
13987,teller,B1,Communication_Media_Arts,Speaking_Expressions,0
13988,telling,B1,Communication_Media_Arts,Speaking_Expressions,0
13989,temerity,B1,Daily_Life,General_Interactions,0
13990,temper,B1,Daily_Life,General_Interactions,0
13991,temperance,B1,Daily_Life,General_Interactions,0
13992,temperature soars,B1,Daily_Life,General_Interactions,0
13993,temperatures,B1,Daily_Life,General_Interactions,0
13994,temperatures fluctuate,B1,Daily_Life,General_Interactions,0
13995,tempestuous,B1,Daily_Life,General_Interactions,0
13996,temporarily,B1,Daily_Life,General_Interactions,0
13997,tempting,B1,Daily_Life,General_Interactions,0
13998,tempting offer,B1,Daily_Life,General_Interactions,0
13999,tenacious,B1,Daily_Life,General_Interactions,0
14000,tenacity,B1,Daily_Life,General_Interactions,0
14001,tend,B1,Daily_Life,General_Interactions,0
14002,tended,B1,Daily_Life,General_Interactions,0
14003,tendency,B1,Psychology_Emotions,Behavior,0
14004,tendentious,B1,Daily_Life,General_Interactions,0
14005,tending,B1,Daily_Life,General_Interactions,0
14006,tenet,B1,Daily_Life,General_Interactions,0
14007,tense,B1,Daily_Life,General_Interactions,0
14008,tension,B1,Daily_Life,General_Interactions,0
14009,tent,B1,Daily_Life,General_Interactions,0
14010,tent-shaped,B1,Daily_Life,General_Interactions,0
14011,tentative,B1,Daily_Life,General_Interactions,0
14012,tentative suggestion,B1,Daily_Life,General_Interactions,0
14013,tenuous,B1,Daily_Life,General_Interactions,0
14014,tepid,B1,Daily_Life,General_Interactions,0
14015,termed,B1,Daily_Life,General_Interactions,0
14016,terminate,B1,Daily_Life,General_Interactions,0
14017,terminate a contract,B1,Psychology_Emotions,Behavior,0
14018,terminate a pregnancy,B1,Daily_Life,General_Interactions,0
14019,terminated,B1,Daily_Life,General_Interactions,0
14020,terminology,B1,Daily_Life,General_Interactions,0
14021,terrain,B1,Technology_Digital,Artificial_Intelligence,0
14022,terrestrial,B1,Daily_Life,General_Interactions,0
14023,terrible,B1,Daily_Life,General_Interactions,0
14024,terrifying,B1,Daily_Life,General_Interactions,0
14025,territorial,B1,Daily_Life,General_Interactions,0
14026,territories,B1,Daily_Life,General_Interactions,0
14027,terse,B1,Daily_Life,General_Interactions,0
14028,test,B1,Education,Exams_Assessments,0
14029,test a theory,B1,Education,Exams_Assessments,0
14030,test of strength,B1,Education,Exams_Assessments,0
14031,tested,B1,Education,Exams_Assessments,0
14032,testify,B1,Education,Exams_Assessments,0
14033,testimony,B1,Education,Exams_Assessments,0
14034,testing,B1,Education,Exams_Assessments,0
14035,text,B1,Daily_Life,General_Interactions,0
14036,textures,B1,Daily_Life,General_Interactions,0
14037,the advantages outweigh the disadvantages,B1,Psychology_Emotions,Feelings_Emotions,0
14038,the blame rests with,B1,Daily_Life,General_Interactions,0
14039,the deciding factor,B1,Psychology_Emotions,Behavior,0
14040,the high street,B1,Daily_Life,General_Interactions,0
14041,the highest bidder,B1,Daily_Life,General_Interactions,0
14042,the latest scores,B1,Education,Exams_Assessments,0
14043,the not-so-distant future,B1,Daily_Life,General_Interactions,0
14044,the other side of the argument,B1,Communication_Media_Arts,Opinion_Discussion,0
14045,the perfect venue,B1,Daily_Life,General_Interactions,0
14046,the rocks,B1,Daily_Life,General_Interactions,0
14047,the root cause,B1,Daily_Life,General_Interactions,0
14048,the simple reason,B1,Daily_Life,General_Interactions,0
14049,the social fabric,B1,Society_Law_Politics,Social_Issues,0
14050,theme,B1,Daily_Life,General_Interactions,0
14051,themed,B1,Daily_Life,General_Interactions,0
14052,theoretical,B1,Daily_Life,General_Interactions,0
14053,theories,B1,Daily_Life,General_Interactions,0
14054,theory,B1,Education,Academic_Study,0
14055,therapeutic,B1,Daily_Life,General_Interactions,0
14056,therapist,B1,Daily_Life,General_Interactions,0
14057,therapy,B1,Health_Medicine,Healthcare_Hospital,0
14058,there's no place like home,B1,Technology_Digital,Social_Media,0
14059,thereby,B1,Daily_Life,General_Interactions,0
14060,therefore,B1,Daily_Life,General_Interactions,0
14061,thesis,B1,Education,Academic_Study,0
14062,thick,B1,Daily_Life,General_Interactions,0
14063,thicker,B1,Daily_Life,General_Interactions,0
14064,think,B1,Daily_Life,General_Interactions,0
14065,think highly of,B1,Daily_Life,General_Interactions,0
14066,think laterally,B1,Daily_Life,General_Interactions,0
14067,thinking,B1,Daily_Life,General_Interactions,0
14068,thinly disguised,B1,Daily_Life,General_Interactions,0
14069,thinned,B1,Daily_Life,General_Interactions,0
14070,thinner,B1,Daily_Life,General_Interactions,0
14071,third,B1,Daily_Life,General_Interactions,0
14072,thirst for adventure,B1,Business_Finance_Economy,Entrepreneurship,0
14073,thirst for knowledge,B1,Education,Learning_Skills,0
14074,thirty-seven,B1,Daily_Life,General_Interactions,0
14075,thorny,B1,Daily_Life,General_Interactions,0
14076,thorough,B1,Daily_Life,General_Interactions,0
14077,thoroughly,B1,Daily_Life,General_Interactions,0
14078,thoroughly ashamed,B1,Daily_Life,General_Interactions,0
14079,thoroughly recommend,B1,Daily_Life,General_Interactions,0
14080,thought,B1,Psychology_Emotions,Feelings_Emotions,0
14081,thought occurred to me,B1,Psychology_Emotions,Feelings_Emotions,0
14082,thoughts,B1,Psychology_Emotions,Feelings_Emotions,0
14083,thousand,B1,Daily_Life,General_Interactions,0
14084,thread,B1,Communication_Media_Arts,Speaking_Expressions,0
14085,threat,B1,Health_Medicine,Healthcare_Hospital,0
14086,threat hangs over,B1,Health_Medicine,Healthcare_Hospital,0
14087,threaten,B1,Health_Medicine,Healthcare_Hospital,0
14088,threatened,B1,Health_Medicine,Healthcare_Hospital,0
14089,threats,B1,Health_Medicine,Healthcare_Hospital,0
14090,three-hour,B1,Daily_Life,Time_Management,0
14091,three-pieced,B1,Daily_Life,General_Interactions,0
14092,threshold,B1,Daily_Life,General_Interactions,0
14093,thrill,B1,Health_Medicine,Healthcare_Hospital,0
14094,thrive,B1,Daily_Life,General_Interactions,0
14095,thriving industry,B1,Daily_Life,General_Interactions,0
14096,throat,B1,Daily_Life,General_Interactions,0
14097,through,B1,Daily_Life,General_Interactions,0
14098,throughout,B1,Daily_Life,General_Interactions,0
14099,throw a party,B1,Communication_Media_Arts,Arts_Creativity,0
14100,throw a sickie,B1,Health_Medicine,Healthcare_Hospital,0
14101,throwaway comment,B1,Communication_Media_Arts,Opinion_Discussion,0
14102,thrown,B1,Daily_Life,General_Interactions,0
14103,thrust of an argument,B1,Communication_Media_Arts,Opinion_Discussion,0
14104,thunder,B1,Daily_Life,General_Interactions,0
14105,thus,B1,Daily_Life,General_Interactions,0
14106,thwart,B1,Communication_Media_Arts,Arts_Creativity,0
14107,tick,B1,Daily_Life,General_Interactions,0
14108,ticked,B1,Daily_Life,General_Interactions,0
14109,tickled,B1,Daily_Life,General_Interactions,0
14110,tidal,B1,Daily_Life,General_Interactions,0
14111,tide,B1,Daily_Life,General_Interactions,0
14112,tie,B1,Daily_Life,General_Interactions,0
14113,tie the knot,B1,Daily_Life,General_Interactions,0
14114,tied,B1,Daily_Life,General_Interactions,0
14115,ties,B1,Daily_Life,General_Interactions,0
14116,tiger,B1,Daily_Life,General_Interactions,0
14117,tight,B1,Daily_Life,General_Interactions,0
14118,tighten controls,B1,Daily_Life,General_Interactions,0
14119,tighter,B1,Daily_Life,General_Interactions,0
14120,time,B1,Daily_Life,Time_Management,0
14121,timeless,B1,Daily_Life,Time_Management,0
14122,timely,B1,Daily_Life,Time_Management,0
14123,timid,B1,Daily_Life,General_Interactions,0
14124,timing,B1,Daily_Life,General_Interactions,0
14125,tin,B1,Daily_Life,General_Interactions,0
14126,tinder,B1,Daily_Life,General_Interactions,0
14127,tiniest,B1,Daily_Life,General_Interactions,0
14128,tiny,B1,Daily_Life,General_Interactions,0
14129,tip,B1,Daily_Life,General_Interactions,0
14130,tipped,B1,Daily_Life,General_Interactions,0
14131,tirade,B1,Daily_Life,General_Interactions,0
14132,tire,B1,Daily_Life,General_Interactions,0
14133,tissue,B1,Daily_Life,General_Interactions,0
14134,tissues,B1,Daily_Life,General_Interactions,0
14135,titanic,B1,Daily_Life,General_Interactions,0
14136,title,B1,Daily_Life,General_Interactions,0
14137,to and fro,B1,Daily_Life,General_Interactions,0
14138,to be brutally honest,B1,Psychology_Emotions,Personality,0
14139,toady,B1,Daily_Life,General_Interactions,0
14140,today,B1,Daily_Life,General_Interactions,0
14141,toed,B1,Daily_Life,General_Interactions,0
14142,together,B1,Daily_Life,General_Interactions,0
14143,toil,B1,Daily_Life,General_Interactions,0
14144,toilet,B1,Daily_Life,General_Interactions,0
14145,token,B1,Daily_Life,General_Interactions,0
14146,tome,B1,Daily_Life,General_Interactions,0
14147,tongue,B1,Daily_Life,General_Interactions,0
14148,took,B1,Daily_Life,General_Interactions,0
14149,tool,B1,Daily_Life,General_Interactions,0
14150,tools,B1,Daily_Life,General_Interactions,0
14151,tooth,B1,Daily_Life,General_Interactions,0
14152,toothed,B1,Daily_Life,General_Interactions,0
14153,top quality,B1,Daily_Life,General_Interactions,0
14154,torch,B1,Daily_Life,General_Interactions,0
14155,torpor,B1,Daily_Life,General_Interactions,0
14156,tortoise,B1,Daily_Life,General_Interactions,0
14157,tortuous,B1,Daily_Life,General_Interactions,0
14158,tossed,B1,Daily_Life,General_Interactions,0
14159,total,B1,Daily_Life,General_Interactions,0
14160,totalled,B1,Daily_Life,General_Interactions,0
14161,totally,B1,Daily_Life,General_Interactions,0
14162,totally awesome,B1,Daily_Life,General_Interactions,0
14163,totally dependent,B1,Daily_Life,General_Interactions,0
14164,totally different,B1,Daily_Life,Home_Housing,0
14165,totally out of order,B1,Daily_Life,General_Interactions,0
14166,totally separate,B1,Business_Finance_Economy,Economy_Markets,0
14167,toting,B1,Daily_Life,General_Interactions,0
14168,touch,B1,Daily_Life,General_Interactions,0
14169,touch of class,B1,Education,University_School,0
14170,touch of humour,B1,Daily_Life,General_Interactions,0
14171,touch of irony,B1,Daily_Life,General_Interactions,0
14172,touch of sadness,B1,Psychology_Emotions,Feelings_Emotions,0
14173,touched,B1,Daily_Life,General_Interactions,0
14174,touching,B1,Daily_Life,General_Interactions,0
14175,tough,B1,Daily_Life,General_Interactions,0
14176,tough challenge,B1,Daily_Life,General_Interactions,0
14177,tough question,B1,Education,Classroom_Interaction,0
14178,tougher,B1,Daily_Life,General_Interactions,0
14179,tour,B1,Travel_Transportation,Road_Travel,0
14180,tourism,B1,Travel_Transportation,Road_Travel,0
14181,tourist,B1,Travel_Transportation,Hotels_Tourism,0
14182,tourists,B1,Travel_Transportation,Hotels_Tourism,0
14183,tournament,B1,Travel_Transportation,Road_Travel,0
14184,tours,B1,Travel_Transportation,Road_Travel,0
14185,towed,B1,Daily_Life,General_Interactions,0
14186,tower,B1,Daily_Life,General_Interactions,0
14187,town,B1,Daily_Life,General_Interactions,0
14188,toxic waste,B1,Daily_Life,General_Interactions,0
14189,toy,B1,Daily_Life,General_Interactions,0
14190,toy with an idea,B1,Daily_Life,General_Interactions,0
14191,trace,B1,Daily_Life,General_Interactions,0
14192,trace of an accent,B1,Daily_Life,General_Interactions,0
14193,traced,B1,Daily_Life,General_Interactions,0
14194,traces,B1,Daily_Life,General_Interactions,0
14195,trachea,B1,Daily_Life,General_Interactions,0
14196,tracing,B1,Daily_Life,General_Interactions,0
14197,track,B1,Daily_Life,General_Interactions,0
14198,tracked,B1,Daily_Life,General_Interactions,0
14199,tracking,B1,Daily_Life,General_Interactions,0
14200,tract,B1,Psychology_Emotions,Behavior,0
14201,tractable,B1,Psychology_Emotions,Behavior,0
14202,trade,B1,Business_Finance_Economy,Economy_Markets,0
14203,trade-offs,B1,Business_Finance_Economy,Economy_Markets,0
14204,traded,B1,Business_Finance_Economy,Economy_Markets,0
14205,tradition,B1,Daily_Life,General_Interactions,0
14206,tradition dates back to,B1,Daily_Life,General_Interactions,0
14207,traditional,B1,Daily_Life,General_Interactions,0
14208,traditions,B1,Daily_Life,General_Interactions,0
14209,traffic,B1,Travel_Transportation,Road_Travel,0
14210,traffic builds up,B1,Travel_Transportation,Road_Travel,0
14211,traffic eases off,B1,Travel_Transportation,Road_Travel,0
14212,traffic gridlock,B1,Travel_Transportation,Road_Travel,0
14213,traffic tails back,B1,Technology_Digital,Artificial_Intelligence,0
14214,tragic,B1,Daily_Life,General_Interactions,0
14215,trail,B1,Technology_Digital,Artificial_Intelligence,0
14216,trailing,B1,Technology_Digital,Artificial_Intelligence,0
14217,train,B1,Technology_Digital,Artificial_Intelligence,0
14218,train operator,B1,Technology_Digital,Artificial_Intelligence,0
14219,train strike,B1,Technology_Digital,Artificial_Intelligence,0
14220,trained,B1,Technology_Digital,Artificial_Intelligence,0
14221,trainer,B1,Technology_Digital,Artificial_Intelligence,0
14222,trainers,B1,Technology_Digital,Artificial_Intelligence,0
14223,traits,B1,Technology_Digital,Artificial_Intelligence,0
14224,trajectory,B1,Daily_Life,General_Interactions,0
14225,tram,B1,Travel_Transportation,Public_Transport,0
14226,transcend,B1,Daily_Life,General_Interactions,0
14227,transfer,B1,Daily_Life,General_Interactions,0
14228,transferred,B1,Daily_Life,General_Interactions,0
14229,transferring,B1,Daily_Life,General_Interactions,0
14230,transformation,B1,Daily_Life,General_Interactions,0
14231,transformations,B1,Daily_Life,General_Interactions,0
14232,transformative,B1,Daily_Life,General_Interactions,0
14233,transformed,B1,Daily_Life,General_Interactions,0
14234,transforming,B1,Daily_Life,General_Interactions,0
14235,transgress,B1,Daily_Life,General_Interactions,0
14236,transient,B1,Daily_Life,General_Interactions,0
14237,transit,B1,Daily_Life,General_Interactions,0
14238,transition,B1,Daily_Life,General_Interactions,0
14239,transitory,B1,Daily_Life,General_Interactions,0
14240,translate,B1,Daily_Life,General_Interactions,0
14241,translated,B1,Daily_Life,General_Interactions,0
14242,transmit,B1,Daily_Life,General_Interactions,0
14243,transparency,B1,Daily_Life,General_Interactions,0
14244,transparent,B1,Daily_Life,Home_Housing,0
14245,transportation,B1,Health_Medicine,Fitness_Exercise,0
14246,transported,B1,Health_Medicine,Fitness_Exercise,0
14247,transporting,B1,Health_Medicine,Fitness_Exercise,0
14248,trapped,B1,Technology_Digital,Software_Internet,0
14249,trapping,B1,Technology_Digital,Software_Internet,0
14250,trappings,B1,Technology_Digital,Software_Internet,0
14251,trash,B1,Daily_Life,General_Interactions,0
14252,trauma,B1,Daily_Life,General_Interactions,0
14253,traumatic,B1,Daily_Life,General_Interactions,0
14254,travel,B1,Travel_Transportation,Road_Travel,0
14255,travelled,B1,Travel_Transportation,Road_Travel,0
14256,traveller,B1,Travel_Transportation,Road_Travel,0
14257,travelling,B1,Travel_Transportation,Road_Travel,0
14258,traverse,B1,Daily_Life,General_Interactions,0
14259,travesty,B1,Daily_Life,General_Interactions,0
14260,tray,B1,Daily_Life,General_Interactions,0
14261,treasure,B1,Daily_Life,General_Interactions,0
14262,treat,B1,Health_Medicine,Healthcare_Hospital,0
14263,treated,B1,Health_Medicine,Healthcare_Hospital,0
14264,treating,B1,Health_Medicine,Healthcare_Hospital,0
14265,treatments,B1,Health_Medicine,Healthcare_Hospital,0
14266,tree,B1,Daily_Life,General_Interactions,0
14267,tree-,B1,Daily_Life,General_Interactions,0
14268,tree-planting scheme,B1,Science_Nature,Biology_Life_Sciences,0
14269,trek,B1,Daily_Life,General_Interactions,0
14270,tremendous,B1,Daily_Life,General_Interactions,0
14271,trenchant,B1,Daily_Life,General_Interactions,0
14272,trend,B1,Daily_Life,General_Interactions,0
14273,trends,B1,Daily_Life,General_Interactions,0
14274,trepidation,B1,Daily_Life,General_Interactions,0
14275,trial,B1,Daily_Life,General_Interactions,0
14276,triangle,B1,Daily_Life,General_Interactions,0
14277,tribunal,B1,Daily_Life,General_Interactions,0
14278,trick,B1,Daily_Life,General_Interactions,0
14279,tricky,B1,Daily_Life,General_Interactions,0
14280,tried,B1,Daily_Life,General_Interactions,0
14281,triggered,B1,Daily_Life,General_Interactions,0
14282,trim,B1,Daily_Life,General_Interactions,0
14283,triple,B1,Travel_Transportation,Hotels_Tourism,0
14284,trivial,B1,Daily_Life,General_Interactions,0
14285,trolley,B1,Daily_Life,General_Interactions,0
14286,troop of baboons,B1,Daily_Life,General_Interactions,0
14287,troop of monkeys,B1,Daily_Life,General_Interactions,0
14288,tropical,B1,Daily_Life,General_Interactions,0
14289,trouble,B1,Daily_Life,General_Interactions,0
14290,trouble breaks out,B1,Daily_Life,General_Interactions,0
14291,truck,B1,Daily_Life,General_Interactions,0
14292,truculent,B1,Daily_Life,General_Interactions,0
14293,true,B1,Daily_Life,General_Interactions,0
14294,trumped-up charges,B1,Daily_Life,General_Interactions,0
14295,trust,B1,Daily_Life,General_Interactions,0
14296,trust someone implicitly,B1,Daily_Life,General_Interactions,0
14297,trusted,B1,Daily_Life,General_Interactions,0
14298,truth,B1,Daily_Life,General_Interactions,0
14299,trying,B1,Daily_Life,General_Interactions,0
14300,tube,B1,Daily_Life,General_Interactions,0
14301,tuck,B1,Daily_Life,General_Interactions,0
14302,tucked,B1,Daily_Life,General_Interactions,0
14303,tug-of-war,B1,Society_Law_Politics,Law_Crime,0
14304,tumultuous,B1,Daily_Life,General_Interactions,0
14305,tune,B1,Daily_Life,General_Interactions,0
14306,tunnel,B1,Daily_Life,General_Interactions,0
14307,turbid,B1,Daily_Life,General_Interactions,0
14308,turbine,B1,Daily_Life,General_Interactions,0
14309,turbulence,B1,Daily_Life,General_Interactions,0
14310,turgid,B1,Daily_Life,General_Interactions,0
14311,turkey,B1,Daily_Life,General_Interactions,0
14312,turn,B1,Daily_Life,General_Interactions,0
14313,turn a profit,B1,Business_Finance_Economy,Finance_Banking,0
14314,turn your thoughts to,B1,Psychology_Emotions,Feelings_Emotions,0
14315,turned,B1,Daily_Life,General_Interactions,0
14316,turning,B1,Daily_Life,General_Interactions,0
14317,turnover,B1,Daily_Life,General_Interactions,0
14318,turpitude,B1,Daily_Life,General_Interactions,0
14319,twenty,B1,Daily_Life,General_Interactions,0
14320,twice,B1,Daily_Life,General_Interactions,0
14321,twist,B1,Daily_Life,General_Interactions,0
14322,two-metre-wide,B1,Daily_Life,General_Interactions,0
14323,two-parent,B1,Daily_Life,Home_Housing,0
14324,type,B1,Daily_Life,General_Interactions,0
14325,types,B1,Daily_Life,General_Interactions,0
14326,typical,B1,Daily_Life,General_Interactions,0
14327,typically,B1,Daily_Life,General_Interactions,0
14328,typing,B1,Daily_Life,General_Interactions,0
14329,tyro,B1,Daily_Life,General_Interactions,0
14330,ubiquitous,B1,Daily_Life,General_Interactions,0
14331,ulterior,B1,Daily_Life,General_Interactions,0
14332,ultimate,B1,Daily_Life,General_Interactions,0
14333,ultimately,B1,Daily_Life,General_Interactions,0
14334,ultraviolet,B1,Daily_Life,General_Interactions,0
14335,umbrage,B1,Daily_Life,General_Interactions,0
14336,unabashed,B1,Daily_Life,General_Interactions,0
14337,unable,B1,Daily_Life,General_Interactions,0
14338,unacceptable behaviour,B1,Daily_Life,General_Interactions,0
14339,unaccustomed,B1,Daily_Life,General_Interactions,0
14340,unadorned,B1,Daily_Life,General_Interactions,0
14341,unadulterated,B1,Business_Finance_Economy,Economy_Markets,0
14342,unalloyed,B1,Daily_Life,General_Interactions,0
14343,unambiguous,B1,Daily_Life,General_Interactions,0
14344,unanimity,B1,Daily_Life,General_Interactions,0
14345,unanimous,B1,Daily_Life,General_Interactions,0
14346,unanimous verdict,B1,Daily_Life,General_Interactions,0
14347,unanticipated,B1,Daily_Life,General_Interactions,0
14348,unassuming,B1,Daily_Life,General_Interactions,0
14349,unbounded enthusiasm,B1,Daily_Life,General_Interactions,0
14350,unbridled,B1,Daily_Life,General_Interactions,0
14351,uncertain,B1,Technology_Digital,Artificial_Intelligence,0
14352,uncertainty,B1,Technology_Digital,Artificial_Intelligence,0
14353,unclean,B1,Daily_Life,General_Interactions,0
14354,uncleaned,B1,Daily_Life,General_Interactions,0
14355,uncomfortable,B1,Daily_Life,General_Interactions,0
14356,uncommon,B1,Daily_Life,General_Interactions,0
14357,unconditional,B1,Daily_Life,General_Interactions,0
14358,unconscionable,B1,Daily_Life,General_Interactions,0
14359,unconsolidated,B1,Daily_Life,General_Interactions,0
14360,uncover,B1,Daily_Life,General_Interactions,0
14361,unctuous,B1,Daily_Life,General_Interactions,0
14362,undeclared earnings,B1,Daily_Life,General_Interactions,0
14363,under a lot of pressure,B1,Communication_Media_Arts,Media_Journalism,0
14364,under considerable pressure,B1,Communication_Media_Arts,Media_Journalism,0
14365,underage drinking,B1,Daily_Life,General_Interactions,0
14366,underestimate the value of,B1,Daily_Life,General_Interactions,0
14367,undergo,B1,Daily_Life,General_Interactions,0
14368,undergo a revival,B1,Daily_Life,General_Interactions,0
14369,undergo a transformation,B1,Daily_Life,General_Interactions,0
14370,undergoes,B1,Daily_Life,General_Interactions,0
14371,undergraduate,B1,Education,Academic_Study,0
14372,undergraduates,B1,Education,Academic_Study,0
14373,underground,B1,Daily_Life,General_Interactions,0
14374,underlie,B1,Daily_Life,General_Interactions,0
14375,underline,B1,Daily_Life,General_Interactions,0
14376,underlying,B1,Daily_Life,General_Interactions,0
14377,underneath,B1,Health_Medicine,Healthcare_Hospital,0
14378,underpinning,B1,Daily_Life,General_Interactions,0
14379,underrate,B1,Business_Finance_Economy,Economy_Markets,0
14380,undersea,B1,Daily_Life,General_Interactions,0
14381,underserved,B1,Daily_Life,General_Interactions,0
14382,underside,B1,Daily_Life,General_Interactions,0
14383,understand,B1,Daily_Life,General_Interactions,0
14384,understanding,B1,Daily_Life,General_Interactions,0
14385,understood,B1,Daily_Life,General_Interactions,0
14386,undertake,B1,Daily_Life,General_Interactions,0
14387,undertake a study,B1,Education,Academic_Study,0
14388,undertaking,B1,Daily_Life,General_Interactions,0
14389,underwater,B1,Daily_Life,General_Interactions,0
14390,undisputed,B1,Daily_Life,General_Interactions,0
14391,undivided attention,B1,Daily_Life,General_Interactions,0
14392,undo,B1,Daily_Life,General_Interactions,0
14393,undoubtedly,B1,Daily_Life,General_Interactions,0
14394,undulate,B1,Daily_Life,General_Interactions,0
14395,unearthed,B1,Communication_Media_Arts,Arts_Creativity,0
14396,uneasy,B1,Daily_Life,General_Interactions,0
14397,uneasy truce,B1,Daily_Life,General_Interactions,0
14398,unemployment,B1,Business_Finance_Economy,Jobs_Careers,0
14399,unerring,B1,Daily_Life,General_Interactions,0
14400,unethical,B1,Daily_Life,General_Interactions,0
14401,uneven,B1,Daily_Life,General_Interactions,0
14402,unexplored wilderness,B1,Daily_Life,General_Interactions,0
14403,unfair,B1,Technology_Digital,Artificial_Intelligence,0
14404,unfathomable,B1,Daily_Life,General_Interactions,0
14405,unfeigned,B1,Daily_Life,General_Interactions,0
14406,unfit for human habitation,B1,Psychology_Emotions,Behavior,0
14407,unforeseen,B1,Daily_Life,General_Interactions,0
14408,unhealthy,B1,Health_Medicine,Healthcare_Hospital,0
14409,unified,B1,Daily_Life,General_Interactions,0
14410,uniformity,B1,Daily_Life,General_Interactions,0
14411,uniformly,B1,Daily_Life,General_Interactions,0
14412,unilateral,B1,Daily_Life,General_Interactions,0
14413,unimpeachable,B1,Daily_Life,General_Interactions,0
14414,unintelligible,B1,Communication_Media_Arts,Speaking_Expressions,0
14415,unintendedly,B1,Daily_Life,General_Interactions,0
14416,uninterrupted,B1,Daily_Life,General_Interactions,0
14417,uninterrupted economic growth,B1,Daily_Life,General_Interactions,0
14418,unique selling point,B1,Business_Finance_Economy,Business_Management,0
14419,unique to,B1,Daily_Life,General_Interactions,0
14420,uniquely,B1,Daily_Life,General_Interactions,0
14421,unit,B1,Daily_Life,General_Interactions,0
14422,uniting,B1,Daily_Life,General_Interactions,0
14423,universal,B1,Daily_Life,General_Interactions,0
14424,universally,B1,Daily_Life,General_Interactions,0
14425,universals,B1,Daily_Life,General_Interactions,0
14426,universe,B1,Daily_Life,General_Interactions,0
14427,university,B1,Education,University_School,0
14428,unknown,B1,Daily_Life,General_Interactions,0
14429,unknown quantity,B1,Daily_Life,General_Interactions,0
14430,unlike,B1,Technology_Digital,Social_Media,0
14431,unmitigated,B1,Daily_Life,General_Interactions,0
14432,unmitigated disaster,B1,Daily_Life,General_Interactions,0
14433,unobtrusive,B1,Daily_Life,General_Interactions,0
14434,unpaid overtime,B1,Technology_Digital,Artificial_Intelligence,0
14435,unpalatable,B1,Daily_Life,General_Interactions,0
14436,unplanned,B1,Daily_Life,General_Interactions,0
14437,unpopular,B1,Daily_Life,General_Interactions,0
14438,unprecedented,B1,Daily_Life,General_Interactions,0
14439,unpredictable,B1,Daily_Life,General_Interactions,0
14440,unpretentious,B1,Daily_Life,General_Interactions,0
14441,unprotected,B1,Daily_Life,General_Interactions,0
14442,unprovoked attack,B1,Daily_Life,General_Interactions,0
14443,unqualified,B1,Daily_Life,General_Interactions,0
14444,unreal,B1,Daily_Life,General_Interactions,0
14445,unreceptive,B1,Daily_Life,General_Interactions,0
14446,unreliable evidence,B1,Daily_Life,General_Interactions,0
14447,unreliable witness,B1,Daily_Life,General_Interactions,0
14448,unremitting,B1,Daily_Life,General_Interactions,0
14449,unresolved,B1,Daily_Life,General_Interactions,0
14450,unrestricted,B1,Daily_Life,General_Interactions,0
14451,unrivalled service,B1,Daily_Life,General_Interactions,0
14452,unsafe,B1,Daily_Life,General_Interactions,0
14453,unscathed,B1,Daily_Life,General_Interactions,0
14454,unskilled,B1,Education,Learning_Skills,0
14455,unsocial hours,B1,Society_Law_Politics,Social_Issues,0
14456,unsophisticated,B1,Daily_Life,General_Interactions,0
14457,unstable,B1,Daily_Life,General_Interactions,0
14458,unstinting,B1,Daily_Life,General_Interactions,0
14459,unsuitable,B1,Daily_Life,General_Interactions,0
14460,unsurpassed,B1,Education,Exams_Assessments,0
14461,untenable,B1,Daily_Life,General_Interactions,0
14462,untimely death,B1,Daily_Life,Time_Management,0
14463,untoward,B1,Society_Law_Politics,Law_Crime,0
14464,unused,B1,Daily_Life,General_Interactions,0
14465,unusual,B1,Daily_Life,General_Interactions,0
14466,unveil a plan,B1,Daily_Life,General_Interactions,0
14467,unwieldy,B1,Daily_Life,General_Interactions,0
14468,unwind,B1,Daily_Life,General_Interactions,0
14469,unwitting,B1,Daily_Life,General_Interactions,0
14470,upbraid,B1,Technology_Digital,Artificial_Intelligence,0
14471,upcoming,B1,Daily_Life,General_Interactions,0
14472,updated,B1,Daily_Life,General_Interactions,0
14473,updates,B1,Daily_Life,General_Interactions,0
14474,upgrades,B1,Education,Exams_Assessments,0
14475,uphill struggle,B1,Health_Medicine,Healthcare_Hospital,0
14476,uphold a tradition,B1,Daily_Life,General_Interactions,0
14477,upper,B1,Daily_Life,General_Interactions,0
14478,upset,B1,Daily_Life,General_Interactions,0
14479,upside,B1,Daily_Life,General_Interactions,0
14480,uptake,B1,Daily_Life,General_Interactions,0
14481,upward,B1,Society_Law_Politics,Law_Crime,0
14482,urban,B1,Daily_Life,General_Interactions,0
14483,urban living,B1,Daily_Life,General_Interactions,0
14484,urban regeneration,B1,Science_Nature,Biology_Life_Sciences,0
14485,urbane,B1,Daily_Life,General_Interactions,0
14486,urgency,B1,Daily_Life,General_Interactions,0
14487,urn,B1,Daily_Life,General_Interactions,0
14488,use satnav,B1,Daily_Life,General_Interactions,1
14489,use satnav,B1,Daily_Life,General_Interactions,1
14490,used,B1,Daily_Life,General_Interactions,0
14491,useful,B1,Daily_Life,General_Interactions,0
14492,user-friendly,B1,Daily_Life,General_Interactions,0
14493,users,B1,Daily_Life,General_Interactions,0
14494,using,B1,Communication_Media_Arts,Speaking_Expressions,0
14495,usual,B1,Daily_Life,General_Interactions,0
14496,usually,B1,Daily_Life,General_Interactions,0
14497,usurp,B1,Daily_Life,General_Interactions,0
14498,utilitarian,B1,Daily_Life,General_Interactions,0
14499,utilitarianism,B1,Daily_Life,General_Interactions,0
14500,utility,B1,Daily_Life,General_Interactions,0
14501,utilize,B1,Daily_Life,General_Interactions,0
14502,utopia,B1,Daily_Life,General_Interactions,0
14503,utterly,B1,Daily_Life,General_Interactions,0
14504,utterly absurd,B1,Daily_Life,General_Interactions,0
14505,vacant,B1,Daily_Life,General_Interactions,0
14506,vacant parking space,B1,Science_Nature,Natural_Phenomena,0
14507,vacation,B1,Travel_Transportation,Hotels_Tourism,0
14508,vaccination,B1,Daily_Life,General_Interactions,0
14509,vacillate,B1,Health_Medicine,Healthcare_Hospital,0
14510,vagary,B1,Daily_Life,General_Interactions,0
14511,vaguely,B1,Daily_Life,General_Interactions,0
14512,vain hope,B1,Technology_Digital,Artificial_Intelligence,0
14513,valiant effort,B1,Daily_Life,General_Interactions,0
14514,validity,B1,Daily_Life,General_Interactions,0
14515,valleys,B1,Daily_Life,General_Interactions,0
14516,valuable,B1,Daily_Life,General_Interactions,0
14517,valuable source,B1,Daily_Life,General_Interactions,0
14518,value,B1,Daily_Life,General_Interactions,0
14519,value for money,B1,Business_Finance_Economy,Finance_Banking,0
14520,valued,B1,Daily_Life,General_Interactions,0
14521,valuing,B1,Daily_Life,General_Interactions,0
14522,vanished,B1,Daily_Life,General_Interactions,0
14523,vantage,B1,Daily_Life,General_Interactions,0
14524,vapid,B1,Daily_Life,General_Interactions,0
14525,vapor,B1,Daily_Life,General_Interactions,0
14526,variability,B1,Education,Learning_Skills,0
14527,variables,B1,Daily_Life,General_Interactions,0
14528,variation,B1,Daily_Life,General_Interactions,0
14529,variegated,B1,Daily_Life,General_Interactions,0
14530,vary,B1,Daily_Life,General_Interactions,0
14531,vast expanse,B1,Daily_Life,General_Interactions,0
14532,vastly,B1,Daily_Life,General_Interactions,0
14533,vegetable,B1,Daily_Life,General_Interactions,0
14534,vehement,B1,Daily_Life,General_Interactions,0
14535,vehicle,B1,Daily_Life,General_Interactions,0
14536,vehicle emissions,B1,Daily_Life,General_Interactions,0
14537,venal,B1,Daily_Life,General_Interactions,0
14538,vendors,B1,Daily_Life,General_Interactions,0
14539,venerate,B1,Business_Finance_Economy,Economy_Markets,0
14540,venom,B1,Daily_Life,General_Interactions,0
14541,vents,B1,Daily_Life,General_Interactions,0
14542,venture,B1,Business_Finance_Economy,Entrepreneurship,0
14543,veracious,B1,Daily_Life,General_Interactions,0
14544,verbal,B1,Daily_Life,General_Interactions,0
14545,verbose,B1,Daily_Life,General_Interactions,0
14546,verdant,B1,Daily_Life,General_Interactions,0
14547,verdict,B1,Daily_Life,General_Interactions,0
14548,verify,B1,Daily_Life,General_Interactions,0
14549,verisimilitude,B1,Daily_Life,General_Interactions,0
14550,veritable,B1,Daily_Life,General_Interactions,0
14551,verity,B1,Daily_Life,General_Interactions,0
14552,vernacular,B1,Daily_Life,General_Interactions,0
14553,versatile,B1,Daily_Life,General_Interactions,0
14554,versatility,B1,Daily_Life,General_Interactions,0
14555,version,B1,Daily_Life,General_Interactions,0
14556,very much hope,B1,Daily_Life,General_Interactions,0
14557,veto,B1,Daily_Life,General_Interactions,0
14558,vexation,B1,Daily_Life,General_Interactions,0
14559,via,B1,Daily_Life,General_Interactions,0
14560,viability,B1,Education,Learning_Skills,0
14561,viable,B1,Daily_Life,General_Interactions,0
14562,viable option,B1,Daily_Life,General_Interactions,0
14563,vial,B1,Daily_Life,General_Interactions,0
14564,vibrations,B1,Daily_Life,General_Interactions,0
14565,vicarious,B1,Travel_Transportation,Road_Travel,0
14566,vice,B1,Daily_Life,General_Interactions,0
14567,vicinity,B1,Daily_Life,General_Interactions,0
14568,vicious,B1,Daily_Life,General_Interactions,0
14569,vicissitude,B1,Daily_Life,General_Interactions,0
14570,video,B1,Daily_Life,General_Interactions,0
14571,viewed,B1,Daily_Life,General_Interactions,0
14572,viewer,B1,Daily_Life,General_Interactions,0
14573,vigilant,B1,Daily_Life,General_Interactions,0
14574,vigor,B1,Daily_Life,General_Interactions,0
14575,vigorous defence,B1,Daily_Life,General_Interactions,0
14576,vilify,B1,Daily_Life,General_Interactions,0
14577,vindicate,B1,Daily_Life,General_Interactions,0
14578,violence erupts,B1,Daily_Life,General_Interactions,0
14579,violence escalates,B1,Daily_Life,General_Interactions,0
14580,violet,B1,Daily_Life,General_Interactions,0
14581,virtual,B1,Daily_Life,General_Interactions,0
14582,virtually,B1,Daily_Life,General_Interactions,0
14583,virtue,B1,Daily_Life,General_Interactions,0
14584,virulent,B1,Society_Law_Politics,Law_Crime,0
14585,virus,B1,Health_Medicine,Illness_Diseases,0
14586,visceral,B1,Daily_Life,General_Interactions,0
14587,visibility,B1,Daily_Life,General_Interactions,0
14588,visible,B1,Daily_Life,General_Interactions,0
14589,vision,B1,Daily_Life,General_Interactions,0
14590,visit,B1,Daily_Life,General_Interactions,0
14591,visited,B1,Daily_Life,General_Interactions,0
14592,visiting,B1,Daily_Life,General_Interactions,0
14593,visitor,B1,Daily_Life,General_Interactions,0
14594,visitors,B1,Daily_Life,General_Interactions,0
14595,visual,B1,Daily_Life,General_Interactions,0
14596,visual barrier,B1,Daily_Life,General_Interactions,0
14597,visualization,B1,Daily_Life,General_Interactions,0
14598,visualized,B1,Daily_Life,General_Interactions,0
14599,vital clue,B1,Daily_Life,General_Interactions,0
14600,vivid,B1,Daily_Life,General_Interactions,0
14601,vocal,B1,Daily_Life,General_Interactions,0
14602,vocalization,B1,Daily_Life,General_Interactions,0
14603,vocalizations,B1,Daily_Life,General_Interactions,0
14604,vociferous,B1,Daily_Life,General_Interactions,0
14605,vociferous opponent,B1,Daily_Life,General_Interactions,0
14606,voice,B1,Communication_Media_Arts,Speaking_Expressions,0
14607,volatile,B1,Daily_Life,General_Interactions,0
14608,volcanic,B1,Daily_Life,General_Interactions,0
14609,volume of work,B1,Business_Finance_Economy,Jobs_Careers,0
14610,volunteer,B1,Daily_Life,General_Interactions,0
14611,volunteers,B1,Daily_Life,General_Interactions,0
14612,vote,B1,Society_Law_Politics,Government_Politics,0
14613,voted,B1,Society_Law_Politics,Government_Politics,0
14614,vouchsafe,B1,Daily_Life,General_Interactions,0
14615,voyages,B1,Daily_Life,General_Interactions,0
14616,vulgar,B1,Daily_Life,General_Interactions,0
14617,vulgarian,B1,Daily_Life,General_Interactions,0
14618,vulnerability,B1,Education,Learning_Skills,0
14619,wages,B1,Daily_Life,General_Interactions,0
14620,wagging,B1,Daily_Life,General_Interactions,0
14621,wait,B1,Technology_Digital,Artificial_Intelligence,0
14622,waived,B1,Technology_Digital,Artificial_Intelligence,0
14623,wake,B1,Daily_Life,General_Interactions,0
14624,walk,B1,Daily_Life,General_Interactions,0
14625,walk straight into a job,B1,Business_Finance_Economy,Jobs_Careers,0
14626,walked,B1,Daily_Life,General_Interactions,0
14627,wall,B1,Daily_Life,General_Interactions,0
14628,walled,B1,Daily_Life,General_Interactions,0
14629,walnut,B1,Daily_Life,General_Interactions,0
14630,wander,B1,Daily_Life,General_Interactions,0
14631,wandered,B1,Daily_Life,General_Interactions,0
14632,wanted,B1,Daily_Life,General_Interactions,0
14633,wanting,B1,Daily_Life,General_Interactions,0
14634,war,B1,Society_Law_Politics,Law_Crime,0
14635,ward,B1,Society_Law_Politics,Law_Crime,0
14636,wardrobe,B1,Society_Law_Politics,Law_Crime,0
14637,warehouse,B1,Daily_Life,Home_Housing,0
14638,warm,B1,Society_Law_Politics,Law_Crime,0
14639,warm smile,B1,Society_Law_Politics,Law_Crime,0
14640,warmed,B1,Society_Law_Politics,Law_Crime,0
14641,warmer,B1,Society_Law_Politics,Law_Crime,0
14642,warming,B1,Society_Law_Politics,Law_Crime,0
14643,warmth,B1,Society_Law_Politics,Law_Crime,0
14644,warn,B1,Society_Law_Politics,Law_Crime,0
14645,warned,B1,Society_Law_Politics,Law_Crime,0
14646,warning,B1,Society_Law_Politics,Law_Crime,0
14647,warrant,B1,Society_Law_Politics,Law_Crime,0
14648,wary,B1,Society_Law_Politics,Law_Crime,0
14649,washed,B1,Daily_Life,General_Interactions,0
14650,washing,B1,Daily_Life,General_Interactions,0
14651,wasp,B1,Daily_Life,General_Interactions,0
14652,waste,B1,Daily_Life,General_Interactions,0
14653,waste of space,B1,Science_Nature,Natural_Phenomena,0
14654,wasting,B1,Daily_Life,General_Interactions,0
14655,watch,B1,Daily_Life,General_Interactions,0
14656,watch what you eat,B1,Health_Medicine,Healthcare_Hospital,0
14657,watched,B1,Daily_Life,General_Interactions,0
14658,watching,B1,Daily_Life,General_Interactions,0
14659,water,B1,Daily_Life,General_Interactions,0
14660,water-filled,B1,Health_Medicine,Healthcare_Hospital,0
14661,waterfront,B1,Daily_Life,General_Interactions,0
14662,waterproof,B1,Daily_Life,General_Interactions,0
14663,waterway,B1,Daily_Life,General_Interactions,0
14664,wave,B1,Daily_Life,General_Interactions,0
14665,waved,B1,Daily_Life,General_Interactions,0
14666,wavelength,B1,Daily_Life,General_Interactions,0
14667,waver,B1,Daily_Life,General_Interactions,0
14668,waves,B1,Daily_Life,General_Interactions,0
14669,wavy,B1,Daily_Life,General_Interactions,0
14670,waxy,B1,Daily_Life,General_Interactions,0
14671,weaker,B1,Daily_Life,General_Interactions,0
14672,wealth,B1,Daily_Life,General_Interactions,0
14673,wealthier,B1,Daily_Life,General_Interactions,0
14674,wear,B1,Daily_Life,General_Interactions,0
14675,wear and tear,B1,Daily_Life,General_Interactions,0
14676,wear traditional dress,B1,Daily_Life,General_Interactions,0
14677,wearing,B1,Daily_Life,General_Interactions,0
14678,weather,B1,Science_Nature,Natural_Phenomena,0
14679,weather patterns,B1,Science_Nature,Natural_Phenomena,0
14680,weave,B1,Daily_Life,General_Interactions,0
14681,web,B1,Technology_Digital,Software_Internet,0
14682,wedded bliss,B1,Daily_Life,General_Interactions,0
14683,weed,B1,Daily_Life,General_Interactions,0
14684,week,B1,Daily_Life,General_Interactions,0
14685,weekday,B1,Daily_Life,General_Interactions,0
14686,weekends,B1,Daily_Life,General_Interactions,0
14687,weigh,B1,Daily_Life,General_Interactions,0
14688,weight,B1,Health_Medicine,Healthcare_Hospital,0
14689,weighty matters,B1,Health_Medicine,Healthcare_Hospital,0
14690,weighty problems,B1,Health_Medicine,Healthcare_Hospital,0
14691,weighty tome,B1,Health_Medicine,Healthcare_Hospital,0
14692,welcome,B1,Daily_Life,General_Interactions,0
14693,welcome relief,B1,Daily_Life,General_Interactions,0
14694,welcomed,B1,Daily_Life,General_Interactions,0
14695,well,B1,Daily_Life,General_Interactions,0
14696,well good,B1,Daily_Life,General_Interactions,0
14697,well qualified,B1,Daily_Life,General_Interactions,0
14698,well-being,B1,Daily_Life,General_Interactions,0
14699,well-known,B1,Daily_Life,General_Interactions,0
14700,wellness,B1,Health_Medicine,Mental_Health,0
14701,werent,B1,Daily_Life,Home_Housing,0
14702,west,B1,Daily_Life,General_Interactions,0
14703,western,B1,Daily_Life,General_Interactions,0
14704,western-style,B1,Daily_Life,General_Interactions,0
14705,wet,B1,Daily_Life,General_Interactions,0
14706,wetter,B1,Daily_Life,General_Interactions,0
14707,what's in fashion,B1,Daily_Life,General_Interactions,0
14708,whatever,B1,Psychology_Emotions,Feelings_Emotions,0
14709,wheat,B1,Health_Medicine,Healthcare_Hospital,0
14710,wheedle,B1,Daily_Life,General_Interactions,0
14711,wheel,B1,Daily_Life,General_Interactions,0
14712,wheelbarrow,B1,Daily_Life,General_Interactions,0
14713,whenever,B1,Daily_Life,General_Interactions,0
14714,whereas,B1,Daily_Life,General_Interactions,0
14715,whereby,B1,Daily_Life,General_Interactions,0
14716,whether,B1,Daily_Life,General_Interactions,0
14717,while,B1,Daily_Life,General_Interactions,0
14718,whimsical,B1,Daily_Life,General_Interactions,0
14719,whirlwind visit,B1,Daily_Life,General_Interactions,0
14720,whistle,B1,Daily_Life,General_Interactions,0
14721,whistled,B1,Daily_Life,General_Interactions,0
14722,whole,B1,Daily_Life,General_Interactions,0
14723,whole gamut of emotions,B1,Health_Medicine,Mental_Health,0
14724,wholeheartedly recommend,B1,Communication_Media_Arts,Arts_Creativity,0
14725,wholly,B1,Daily_Life,General_Interactions,0
14726,wide,B1,Daily_Life,General_Interactions,0
14727,wide choice,B1,Daily_Life,General_Interactions,0
14728,wide range,B1,Daily_Life,General_Interactions,0
14729,wide range l,B1,Daily_Life,General_Interactions,0
14730,wide variation,B1,Daily_Life,General_Interactions,0
14731,wide variety,B1,Daily_Life,General_Interactions,0
14732,wide-ranging,B1,Daily_Life,General_Interactions,0
14733,widely,B1,Daily_Life,General_Interactions,0
14734,widen,B1,Daily_Life,General_Interactions,0
14735,wider,B1,Daily_Life,General_Interactions,0
14736,widespread belief,B1,Communication_Media_Arts,Speaking_Expressions,0
14737,widespread flooding,B1,Science_Nature,Natural_Phenomena,0
14738,widespread looting,B1,Communication_Media_Arts,Speaking_Expressions,0
14739,width,B1,Daily_Life,General_Interactions,0
14740,wield,B1,Daily_Life,General_Interactions,0
14741,wild,B1,Daily_Life,General_Interactions,0
14742,wilder,B1,Daily_Life,General_Interactions,0
14743,wildlife,B1,Science_Nature,Biology_Life_Sciences,0
14744,wildly exaggerated,B1,Business_Finance_Economy,Economy_Markets,0
14745,wildly inaccurate,B1,Business_Finance_Economy,Economy_Markets,0
14746,win a scholarship,B1,Daily_Life,General_Interactions,0
14747,win an argument,B1,Communication_Media_Arts,Opinion_Discussion,0
14748,win someone's trust,B1,Daily_Life,General_Interactions,0
14749,win the battle,B1,Daily_Life,General_Interactions,0
14750,wind,B1,Daily_Life,General_Interactions,0
14751,window,B1,Daily_Life,General_Interactions,0
14752,wine and dine,B1,Daily_Life,General_Interactions,0
14753,wining and dining,B1,Daily_Life,General_Interactions,0
14754,winner,B1,Daily_Life,General_Interactions,0
14755,winning,B1,Daily_Life,General_Interactions,0
14756,winter,B1,Daily_Life,General_Interactions,0
14757,wipe,B1,Daily_Life,General_Interactions,0
14758,wiped,B1,Daily_Life,General_Interactions,0
14759,wiping,B1,Daily_Life,General_Interactions,0
14760,wireless hotspot,B1,Daily_Life,General_Interactions,1
14761,wisdom impart,B1,Communication_Media_Arts,Arts_Creativity,0
14762,wistful,B1,Daily_Life,General_Interactions,0
14763,witch,B1,Daily_Life,General_Interactions,0
14764,with a light heart,B1,Communication_Media_Arts,Arts_Creativity,0
14765,with all due respect,B1,Society_Law_Politics,Human_Rights,0
14766,with good qualifications,B1,Daily_Life,General_Interactions,0
14767,with remarkable ease,B1,Daily_Life,General_Interactions,0
14768,withdraw troops,B1,Business_Finance_Economy,Finance_Banking,0
14769,within,B1,Daily_Life,General_Interactions,0
14770,within living memory,B1,Psychology_Emotions,Feelings_Emotions,0
14771,withstand pressure,B1,Communication_Media_Arts,Media_Journalism,0
14772,withstand the impact,B1,Psychology_Emotions,Behavior,0
14773,wizened,B1,Daily_Life,General_Interactions,0
14774,wobbly,B1,Daily_Life,General_Interactions,0
14775,wolf,B1,Daily_Life,General_Interactions,0
14776,woman,B1,Daily_Life,General_Interactions,0
14777,women,B1,Daily_Life,General_Interactions,0
14778,wonder,B1,Daily_Life,General_Interactions,0
14779,wondered,B1,Daily_Life,General_Interactions,0
14780,wonderful,B1,Daily_Life,General_Interactions,0
14781,woodcutter,B1,Daily_Life,General_Interactions,0
14782,wooded,B1,Daily_Life,General_Interactions,0
14783,wooden,B1,Daily_Life,General_Interactions,0
14784,woodland,B1,Daily_Life,General_Interactions,0
14785,woody,B1,Daily_Life,General_Interactions,0
14786,words of wisdom,B1,Daily_Life,General_Interactions,0
14787,work,B1,Business_Finance_Economy,Jobs_Careers,0
14788,work as a team,B1,Business_Finance_Economy,Jobs_Careers,0
14789,work from home,B1,Business_Finance_Economy,Jobs_Careers,0
14790,work up an appetite,B1,Business_Finance_Economy,Jobs_Careers,0
14791,workday,B1,Business_Finance_Economy,Jobs_Careers,0
14792,worked,B1,Business_Finance_Economy,Jobs_Careers,0
14793,working,B1,Business_Finance_Economy,Jobs_Careers,0
14794,working hypothesis,B1,Business_Finance_Economy,Jobs_Careers,0
14795,workload,B1,Business_Finance_Economy,Jobs_Careers,0
14796,works,B1,Business_Finance_Economy,Jobs_Careers,0
14797,workshop,B1,Business_Finance_Economy,Jobs_Careers,0
14798,workshops,B1,Business_Finance_Economy,Jobs_Careers,0
14799,world,B1,Daily_Life,General_Interactions,0
14800,world of difference,B1,Daily_Life,General_Interactions,0
14801,world-wide,B1,Daily_Life,General_Interactions,0
14802,worldwide,B1,Daily_Life,General_Interactions,0
14803,worn,B1,Daily_Life,General_Interactions,0
14804,worried,B1,Daily_Life,General_Interactions,0
14805,worries,B1,Daily_Life,General_Interactions,0
14806,worry,B1,Psychology_Emotions,Stress_Mental_State,0
14807,worrying,B1,Psychology_Emotions,Stress_Mental_State,0
14808,worse,B1,Daily_Life,General_Interactions,0
14809,worship,B1,Daily_Life,General_Interactions,0
14810,worth,B1,Daily_Life,General_Interactions,0
14811,worth the effort,B1,Daily_Life,General_Interactions,0
14812,wouldn't say no to,B1,Communication_Media_Arts,Speaking_Expressions,0
14813,wrangle,B1,Daily_Life,General_Interactions,0
14814,wrapped,B1,Technology_Digital,Software_Internet,0
14815,wreak havoc,B1,Daily_Life,General_Interactions,0
14816,wrestle with a problem,B1,Daily_Life,General_Interactions,0
14817,wrestling,B1,Daily_Life,General_Interactions,0
14818,write,B1,Communication_Media_Arts,Writing_Language,0
14819,write off a debt,B1,Business_Finance_Economy,Finance_Banking,0
14820,writer,B1,Communication_Media_Arts,Writing_Language,0
14821,writhe,B1,Daily_Life,General_Interactions,0
14822,writing,B1,Daily_Life,General_Interactions,0
14823,written,B1,Daily_Life,General_Interactions,0
14824,wrong,B1,Daily_Life,General_Interactions,0
14825,wrongfully dismiss,B1,Daily_Life,General_Interactions,0
14826,xenophobia,B1,Daily_Life,General_Interactions,0
14827,yacht,B1,Daily_Life,General_Interactions,0
14828,yarn,B1,Daily_Life,General_Interactions,0
14829,yawning gap,B1,Daily_Life,General_Interactions,0
14830,year,B1,Daily_Life,General_Interactions,0
14831,year-round,B1,Daily_Life,General_Interactions,0
14832,yearly,B1,Daily_Life,General_Interactions,0
14833,yearning,B1,Daily_Life,General_Interactions,0
14834,yellow-green,B1,Science_Nature,Environment_Ecology,0
14835,yet,B1,Daily_Life,General_Interactions,0
14836,yield,B1,Daily_Life,General_Interactions,0
14837,yields,B1,Daily_Life,General_Interactions,0
14838,yoke,B1,Daily_Life,General_Interactions,0
14839,yolk,B1,Daily_Life,General_Interactions,0
14840,young,B1,Daily_Life,General_Interactions,0
14841,younger,B1,Daily_Life,General_Interactions,0
14842,youngest,B1,Daily_Life,General_Interactions,0
14843,youth,B1,Daily_Life,General_Interactions,0
14844,zealot,B1,Daily_Life,General_Interactions,0
14845,zigzaggy,B1,Daily_Life,General_Interactions,0
14846,zone,B1,Daily_Life,General_Interactions,0
14847,zones,B1,Daily_Life,General_Interactions,0
14848,zooplankton,B1,Daily_Life,General_Interactions,0
