sample_id,pca_1,pca_2,umap_1,umap_2
0,-0.040042005,-0.21956456,6.8551626,1.3745273
1,0.17845121,-0.1392646,10.03661,3.8534014
2,-0.07779098,-0.13635312,6.769873,2.3966494
3,0.041724548,-0.050427012,10.519001,3.347092
4,-0.00336067,0.033798143,9.790858,1.2607998
5,-0.13866001,-0.043388385,6.5894814,2.9119346
6,-0.0517721,-0.09119315,10.445042,5.7680674
7,0.1258013,-0.00022630207,11.605498,-1.0999224
8,0.06384322,-0.049932502,11.442461,6.727634
9,0.14634517,-0.005642455,11.610688,-1.071751
10,0.040309496,0.2861579,11.918288,0.65568244
11,-0.045979228,0.10609721,8.35129,2.6506367
12,-0.035136927,0.28227392,11.866978,0.40729046
13,0.0704917,0.13196221,8.841662,-1.779501
14,-0.045320705,0.0662761,7.299463,-1.385296
15,-0.05727017,0.16389692,6.696328,4.7993455
16,0.050730586,-0.19390546,10.379964,5.733718
17,-0.012162678,0.13224107,5.504554,2.3273573
18,-0.1387301,-0.067545354,6.628709,0.31346202
19,-0.13328482,-0.09558133,7.371557,-1.1736577
20,-0.025566254,-0.030696088,11.409337,6.8237295
21,0.023933396,-0.01905402,11.702269,-1.1727967
22,0.035177015,-0.10174547,11.189347,7.0608077
23,0.059191033,-0.006881601,11.737775,-1.1212509
24,-0.21875185,0.1257225,8.135108,-1.3251858
25,0.005268216,-0.035946526,11.690647,-0.87372506
26,-0.20552999,0.03662944,6.2875633,-0.5259434
27,-0.12905827,0.10038702,6.738005,4.8234005
28,0.02620592,-0.14169092,8.888286,3.4461322
29,-0.1588191,0.086879045,7.1162515,4.9479265
30,-0.16340277,0.12015164,9.618173,-1.120108
31,-0.1105381,-0.054755405,7.3459554,-1.2338743
32,-0.19345269,0.15966877,10.96623,0.078738615
33,-0.0048266686,-0.14896524,7.343741,-1.212394
34,-0.1898782,0.14201735,7.5302386,0.2935319
35,-0.05417855,-0.08929229,7.347078,-1.2349503
36,-0.016752878,-0.051763207,8.244636,3.4494376
37,-0.065043256,0.022047399,8.791135,-0.3814636
38,-0.27518642,0.06770015,6.8188577,3.8572807
39,-0.19618252,-0.009323131,8.953124,3.660398
40,-0.2194394,0.12703252,7.7495694,2.6814532
41,0.15065089,-0.039931573,8.732983,4.571901
42,-0.031097593,-0.089105956,8.845739,1.965575
43,-0.021555334,-0.1418466,8.839824,1.9096329
44,-0.062162858,-0.1205321,10.490706,5.77338
45,0.07187476,-0.121340305,11.624522,-0.81541985
46,-0.234855,0.17526379,8.1043005,-1.3095343
47,0.15159996,-0.096628696,9.905435,5.347593
48,0.082739845,0.13484724,8.332376,-0.96116537
49,0.103821814,-0.1442493,5.9983044,1.5517815
50,-0.0290311,-0.0068134144,10.481885,5.7535343
51,0.087618954,0.053375244,11.297879,3.341643
52,-0.1002844,-0.05488258,9.1811,3.4359963
53,0.20546049,-0.036570482,10.948534,0.6270522
54,-0.08229351,0.0078572,6.7371435,0.3292782
55,-0.14125173,-0.041640803,6.6902986,4.844379
56,0.09498949,-0.03517669,9.929155,-0.3232222
57,-0.09671396,-0.0827066,5.3877597,0.8020233
58,-0.1133242,-0.006068578,8.678364,2.9052908
59,-0.07475913,0.09352085,9.428269,3.152114
60,-0.11209889,-0.016383955,8.490979,3.2826896
61,-0.08145699,0.07968167,10.498859,2.2809024
62,0.008364379,0.1892309,11.225558,1.0037681
63,-0.041132767,-0.07939096,7.223135,-1.0482731
64,-0.045346104,0.17610267,12.06647,0.75153804
65,-0.10112119,-0.0017962363,5.4571047,2.3781722
66,-0.101530366,-0.15797186,6.3512335,-0.6315667
67,-0.15132217,-0.007170407,7.5295906,4.964966
68,-0.21128455,-0.1851551,6.464035,1.713828
69,-0.0019671656,0.010823173,11.648584,-1.1917127
70,-0.18261792,-0.06371098,6.862274,0.5962035
71,0.0065698065,-0.024272827,11.632521,-1.1743212
72,-0.1555661,0.088171795,8.780124,-0.78822297
73,0.057851635,0.0026740786,11.670301,-1.1513155
74,-0.21790446,0.23178944,12.585906,1.062568
75,0.09215863,0.027341736,11.63828,-1.1439805
76,0.013035968,-0.18081906,6.3304863,-0.64647037
77,0.033422187,0.06797694,11.731917,-1.0947688
78,0.025438435,0.058812886,10.381974,-1.253817
79,0.05659055,0.03408888,11.707335,-1.0224245
80,-0.22646397,-0.06177163,6.507448,3.2887437
81,0.016184535,-0.052873485,11.783072,-1.181765
82,-0.22082193,-0.049942523,6.4517283,3.3206542
83,0.024663702,-0.079421446,11.837451,-1.084707
84,-0.17917049,0.07580673,10.1965475,2.3637478
85,0.08434027,-0.14217168,9.0446825,4.174543
86,-0.32916054,0.0829882,6.4881573,3.383059
87,0.11698574,-0.07416136,9.3852625,4.38934
88,-0.038680125,0.012360223,6.5466685,-0.48093122
89,0.07042118,-0.10287892,9.128399,4.284476
90,-0.28821585,-0.036659524,5.476979,2.864741
91,0.101382166,-0.08937028,9.003847,4.2791567
92,-0.24131194,0.027050076,6.1632466,3.8022075
93,0.09845765,0.1463116,12.5620985,1.2987989
94,-0.14916532,0.04028163,6.0352426,4.6028633
95,0.14524205,0.03943786,6.1488824,0.84867764
96,-0.20257437,0.017481348,6.4819336,3.1674886
97,0.11987409,0.0885576,6.1571674,0.7339477
98,-0.07468045,-0.18258014,7.218801,1.5083513
99,0.07086936,0.1575174,9.951147,0.36464933
100,-0.12256868,-0.18827102,8.286121,-1.8772119
101,-0.10556503,-0.095289186,7.5748563,4.3301687
102,0.013906855,-0.20997183,6.17997,2.6671803
103,-0.015132867,-0.15591824,6.642238,1.042388
104,-0.13012134,-0.06351992,12.508844,5.1296167
105,0.011581704,-0.025746249,7.2566032,4.3462534
106,-0.26193756,0.026447644,5.4562793,4.8877654
107,-0.04486824,-0.052080773,7.243599,4.496497
108,-0.07991448,0.08453808,8.598823,-1.6919041
109,-0.12967588,-0.053777285,7.0387816,5.264303
110,-0.18902475,0.098925054,5.2582955,2.7959688
111,-0.22487229,0.07307228,3.9567049,4.6623306
112,-0.1221539,0.041215748,5.192563,2.73428
113,0.05983781,-0.11541308,7.575742,4.634874
114,-0.08188986,-0.068616875,7.358205,5.9133205
115,0.11445302,-0.24639116,8.011847,3.5109193
116,-0.2293669,0.098621294,6.8182845,-0.34186864
117,-0.016522376,-0.13795803,7.610842,4.6703386
118,-0.01442196,-0.07202204,7.379495,4.4510584
119,-0.0913984,0.13767228,12.08646,-2.0308695
120,-0.023888523,-0.15878287,6.9519053,5.4669924
121,0.0016431585,-0.15698692,7.684118,4.262575
122,-0.15310521,0.1143333,7.1451187,0.20687447
123,-0.24034604,0.17902905,7.6725717,-1.9889823
124,-0.14849752,-0.039487094,7.802617,0.48235738
125,0.009869792,0.30667317,9.945809,-0.8206395
126,-0.23019913,0.028353455,6.4682317,3.25767
127,-0.043313447,0.20859472,9.724815,-0.92763424
128,0.02061703,-0.09311191,8.395547,-0.83358747
129,-0.22463283,0.09247329,7.778989,2.7891047
130,-0.20940712,0.12232423,9.041841,-0.39732084
131,-0.023526773,0.25766903,10.094173,0.5659993
132,-0.039991535,-0.047982417,11.227233,0.6709381
133,0.08610076,-0.038945917,7.694705,4.389417
134,-0.20466942,0.038966678,10.60543,6.581676
135,0.04078798,-0.055540048,10.4508915,5.7560205
136,0.039012387,0.025629746,8.356831,4.5954247
137,-0.20588945,0.15068473,8.412559,3.487648
138,0.16435853,0.09630318,12.616613,5.6300187
139,-0.2168146,0.14988434,7.2092614,4.8091598
140,0.089749426,0.09337869,8.45765,4.4300222
141,-0.14931059,0.120780885,12.031601,2.3776457
142,0.15762964,0.23219089,8.439711,4.41786
143,0.02235001,0.04322668,7.6825542,4.094821
144,-0.023991115,-0.015037354,8.197139,4.433078
145,-0.14091863,-0.11378968,7.5732074,4.282564
146,0.00041663647,-0.059641235,7.351462,-1.2470076
147,-0.08499302,-0.10622121,5.993117,1.4596289
148,0.038456753,0.13111508,12.407245,1.159789
149,-0.0895686,-0.040564176,6.8309484,1.6947495
150,0.007826988,0.0029882211,5.5453024,2.5100927
151,-0.111301035,-0.04395196,6.812227,1.7080603
152,-0.03856745,0.025448961,8.239419,4.3597383
153,0.118504584,-0.013908007,9.435012,0.5604255
154,-0.2356098,0.0010984112,5.8112483,1.9667366
155,-0.06975013,0.0006537456,9.656374,-1.0260534
156,0.01697123,-0.06458453,6.772519,-0.8555889
157,0.117792696,0.051409997,9.340107,0.85547906
158,0.080266915,-0.20848608,6.1987925,2.7019317
159,0.111000896,-0.062407516,9.286099,0.86661625
160,-0.16997615,-0.024304083,6.990185,-0.8239057
161,-0.044242077,-0.09552424,10.464493,5.810239
162,-0.18812667,0.066851944,11.269476,3.1728482
163,-0.03395003,-0.06755034,10.5300455,6.5178285
164,0.007269293,0.110042825,11.119738,0.7089643
165,-0.03401538,-0.013719553,9.072508,0.5062168
166,-0.2752903,0.04828111,7.4976387,0.30211276
167,-0.036091235,0.06546236,7.2529836,-1.4238857
168,0.021341551,-0.185244,6.335453,-0.55392903
169,0.14027223,-0.06616887,5.191681,1.9079597
170,-0.09269392,0.002450237,9.690237,-1.0302148
171,-0.038245894,-0.1141522,7.392815,-1.1888726
172,-0.14307153,-0.20226534,6.467069,1.7602949
173,-0.015713494,-0.108544394,7.806911,4.439736
174,-0.058946487,0.024780227,12.565484,1.0839148
175,0.011595368,-0.12393825,8.227,0.53812367
176,-0.06932313,0.14353415,12.608264,1.0881845
177,-0.038803913,-0.11799188,7.3374305,6.73748
178,-0.048826024,0.2076307,12.432903,1.1051574
179,0.006432619,-0.0602149,7.6689825,4.1297765
180,-0.1247762,0.25647303,12.523652,1.0791713
181,0.02060499,-0.16369414,8.357455,1.2359481
182,-0.006533794,0.18914783,12.502909,1.0868043
183,0.044584118,0.17938632,9.917878,-0.7051969
184,-0.11247939,0.15982014,12.59567,1.0610214
185,-0.10748346,0.06593025,10.869981,3.1254346
186,-0.06951715,0.21402346,12.544889,1.0964803
187,0.019272707,0.019672183,8.669396,0.94756055
188,-0.031827442,0.14738858,12.368064,1.1224961
189,-0.14601158,0.16731417,8.330318,-1.8913319
190,-0.022792254,0.2267507,12.5862665,1.2723881
191,-0.062774,-0.009424115,10.657579,3.541546
192,-0.1285766,0.19676399,12.629585,1.0868713
193,-0.022175912,0.04523223,10.653767,3.7029624
194,-0.05910209,0.086108014,12.583905,1.0671629
195,-0.09287928,-0.021561775,10.776809,3.3528974
196,-0.123283036,0.084462985,12.546821,1.0939542
197,-0.038535737,-0.020170368,10.700868,3.5837357
198,-0.12191909,0.1231651,12.661903,1.1274481
199,-0.2588802,0.1298595,12.000854,2.3972356
200,-0.22195096,-0.08160399,6.9724703,3.3130305
201,-0.12587509,0.16364042,12.593276,1.0928572
202,-0.28148285,-0.06927732,6.7510886,4.8015304
203,-0.08968525,0.20816967,12.4800625,1.1194174
204,0.035310246,-0.17001387,7.6168385,4.3336
205,-0.31478858,-0.12854102,6.415796,1.576531
206,-0.14535017,0.014397813,7.535284,4.1938543
207,0.0065165944,0.26625863,12.190541,1.1187091
208,-0.0065566637,0.41559634,10.886879,1.5101013
209,0.023734968,0.11230537,11.061303,1.3010298
210,-0.10212807,0.12586784,8.255055,0.5188242
211,0.059348136,0.24126565,10.889608,1.0999452
212,-0.12770161,-0.11829963,6.8029013,2.5351746
213,-0.079961434,0.07181823,7.3788433,0.39208308
214,-0.23227757,0.23117983,7.6784134,-2.0217316
215,-0.13486056,0.026985792,6.102976,4.3286424
216,-0.13107014,0.089535385,11.005279,3.0863814
217,-0.114819676,0.17160557,5.829485,4.5686927
218,-0.17349246,-0.09909465,6.698791,0.32464135
219,0.02908916,-0.2277302,7.052623,1.4857284
220,-0.15742725,-0.14099093,8.841084,0.047430042
221,0.0519088,-0.12783654,5.386961,1.8471729
222,-0.09615059,-0.043786407,6.6765327,-0.6551519
223,0.01872408,-0.15342142,7.27131,1.5653867
224,-0.11281397,-0.105131775,5.947999,5.3663983
225,-0.022541737,-0.068496,6.4282703,0.51414275
226,-0.1913656,0.09140986,10.459249,3.3441439
227,-0.039944716,-0.029391633,6.283301,1.1236262
228,-0.20146291,-0.09278046,9.509903,5.059398
229,0.084998384,-0.031031393,10.13076,6.2243967
230,-0.052876294,0.0513656,6.70489,-1.0669376
231,0.08983092,0.108714014,10.304199,0.62036633
232,-0.1492044,-0.01905371,8.2294035,4.2604146
233,0.16891839,-0.026949449,11.322855,5.6355534
234,-0.2975318,0.11826491,9.027542,0.15258366
235,0.05657976,-0.0049696025,10.14708,2.3047905
236,-0.14414182,0.003670035,13.949295,1.1022341
237,0.01430735,-0.22379178,6.3785872,2.1283488
238,-0.09888139,-0.18183146,6.32971,3.0654876
239,0.03227544,-0.094741374,6.276676,1.9564669
240,-0.05602637,0.033128962,10.471146,-1.635658
241,0.048351735,-0.15878324,6.094968,1.8123492
242,-0.0051212944,0.03458505,8.217439,4.2683344
243,0.06871225,0.16827746,11.406505,0.8730794
244,0.10831696,-0.064098775,8.112079,0.13442501
245,-0.1331934,0.030662434,10.062509,1.0058042
246,-0.27542463,0.23081341,7.6769075,-2.0086043
247,-0.031548146,0.030151812,10.193964,-1.5932028
248,-0.22064954,0.08985854,8.7478895,0.18843932
249,-0.11822477,-0.15324873,5.348171,0.7854713
250,-0.056716453,0.12768435,8.920923,0.096107274
251,-0.17856412,0.0075932425,5.994879,3.9318671
252,-0.00696446,-0.007767776,8.915,0.09520968
253,-0.05270797,0.07484901,9.762028,4.2948666
254,-0.19640216,-0.07960321,7.9659414,5.4357214
255,0.055031613,0.27800298,10.9368,1.3773999
256,-0.018237915,-0.053071514,13.974048,1.0931017
257,-0.10485526,0.076819,11.740832,5.309293
258,-0.11091097,-0.10402619,5.375663,0.77046776
259,-0.06213022,0.20297715,11.769558,1.4961294
260,0.024766311,0.20590006,10.402898,-1.6623294
261,-0.028791578,0.24640623,12.006564,1.2986614
262,-0.115457915,-0.09498955,6.0263453,0.7384115
263,-0.046311725,0.21847352,10.957234,1.3808802
264,-0.11931316,0.0053816233,5.5216117,2.0678933
265,-0.11423482,0.09277694,6.9447694,4.938334
266,-0.080870084,-0.04582807,5.904027,1.0220466
267,-0.0918525,0.24349847,10.934917,1.3675771
268,-0.21130341,0.015092356,5.699384,3.1746485
269,-0.082074106,0.12878875,11.126422,2.2151666
270,-0.04732009,-0.035329394,7.2115746,5.6478124
271,-0.0052934103,0.04328447,5.531946,1.9767169
272,0.03421898,-0.121493,6.8492436,0.5947644
273,0.001803048,-0.03790929,11.828312,5.5412073
274,-0.08985944,-0.016123407,8.438714,-0.32308128
275,-0.16651042,-0.0013388116,8.377771,-1.9340762
276,0.0005463399,0.03274659,9.993387,6.8646817
277,-0.11813808,0.3058931,12.013008,0.85326195
278,-0.10467618,0.004143173,5.4180365,0.8713717
279,-0.13094285,0.09669925,10.433633,-0.43980622
280,-0.023115788,-0.15994874,7.0620723,6.464682
281,0.0070497245,-0.0903896,8.337686,-1.85274
282,0.02828557,0.116892695,11.225593,1.3061818
283,-0.03971287,0.08649949,10.240336,-1.9626781
284,-0.1287239,0.07122666,7.2328286,3.9264991
285,-0.097111806,0.02360013,7.218004,5.4588017
286,-0.044581108,0.31119317,11.851896,0.6047372
287,0.008417878,-0.042201,9.852829,1.2473464
288,-0.04735533,0.10390912,11.07559,0.6523269
289,-0.08756052,0.079731956,10.98985,3.9839487
290,-0.089919955,0.102459505,8.824849,-1.2707185
291,-0.034085616,0.23499072,10.211328,-0.59728557
292,0.16406642,0.20185715,6.75474,-1.0766152
293,0.06778683,-0.051286496,9.791664,0.98827124
294,-0.09916278,0.10088397,10.230574,-0.24878141
295,-0.1535144,0.041226774,6.0412583,0.73507637
296,-0.14294061,0.0004840549,8.32273,-1.8731732
297,-0.058605973,-0.033049,10.074138,6.9032125
298,-0.118225515,0.13288985,10.7458105,-1.8255501
299,-0.22091039,-0.016825099,7.0578904,6.431723
300,-0.19529538,-0.13799615,8.357883,0.510953
301,-0.17002898,0.21363866,10.421046,1.3887472
302,-0.0009934418,0.1549386,10.400147,1.4014354
303,-0.07744834,0.11185862,11.979453,-0.27745378
304,-0.12572606,-0.040432483,8.326003,-1.8830334
305,-0.087061405,0.068517976,7.229858,1.3306803
306,0.035892226,0.17949316,8.604765,-1.6539409
307,-0.08318592,0.09420979,10.201999,-0.53619486
308,-0.042141348,0.17346427,12.369984,4.1094522
309,0.11989695,-0.16052054,7.065047,1.3035945
310,0.07686931,0.11085777,9.46389,0.11980175
311,-0.017261997,0.19251995,12.430122,2.8562224
312,-0.04038493,0.11176765,9.942728,1.7633362
313,-0.012987113,-0.09441475,10.239259,2.9716756
314,-0.055198953,0.16808368,10.390943,-0.32554632
315,-0.030089948,0.024561828,11.316915,3.7778335
316,-0.16553333,0.086722076,8.334331,-1.8943797
317,-0.11076817,0.09253793,8.757962,-1.3305676
318,-0.105731174,0.29746073,10.506483,0.70739686
319,-0.011208292,-0.050362423,8.746373,-1.407579
320,0.10583976,0.020715876,9.360465,0.84029335
321,-0.012355933,0.17560339,11.600016,0.6541662
322,-0.03993,0.07152351,6.7058883,-1.0666362
323,0.0031389855,0.16520815,11.663695,0.7415989
324,-0.006661091,-0.048892528,8.596151,7.2364883
325,0.12910002,0.19735512,11.599672,1.2114364
326,-0.2130987,0.20214313,8.176941,3.387276
327,0.029920384,0.044415444,8.835062,-1.4281112
328,-0.20782544,0.12584406,8.32028,-1.8971442
329,-0.067074664,0.09188548,8.996526,-1.7481322
330,-0.08727469,0.11740294,11.075706,0.4326506
331,-0.075778,-0.19415048,5.3674307,0.79389995
332,-0.15379548,0.17604248,10.525923,0.2564777
333,-0.13681129,-0.117884286,5.8042197,1.4397517
334,-0.11980568,0.15812843,9.886962,1.0369318
335,0.025756873,-0.22101685,5.770837,3.194228
336,-0.124131404,0.17417498,10.602244,0.19711968
337,-0.057875715,-0.11391288,5.3628936,0.7830891
338,0.043658502,0.15073663,9.948806,3.9027493
339,-0.059141256,-0.08408525,5.6753616,1.1834011
340,-0.12524122,0.0750363,9.731338,3.7183528
341,-0.110778086,-0.17517914,6.64878,1.0250208
342,-0.2098693,-0.04319369,11.871801,-0.3734895
343,-0.1684834,-0.106585406,6.0751553,1.3893012
344,-0.14424507,0.20508876,8.96834,-0.9657091
345,-0.059060935,0.03127694,6.9988937,5.214678
346,0.019501887,0.00829793,10.905099,3.637475
347,-0.13958713,-0.032813106,6.9385796,5.153217
348,0.05456917,0.21783575,11.187033,0.09160536
349,-0.26676932,0.11012797,6.7406282,4.897428
350,-0.13360943,0.0917357,9.593565,2.179479
351,-0.115447536,-0.020476172,7.077647,5.352123
352,0.024557222,0.33054388,11.635789,0.8213998
353,-0.114819594,0.041719124,7.008715,5.239601
354,-0.029803183,0.22181945,10.511642,0.061224785
355,-0.36142316,0.1662798,7.257197,4.8173723
356,-0.084756434,0.10271488,11.615512,0.90244085
357,-0.41270736,0.025528831,6.646086,4.332671
358,-0.124261424,0.084585145,11.535578,1.5493858
359,-0.37538698,-0.0041599805,6.957874,5.153346
360,-0.07804538,0.13675813,10.7922,-0.9052704
361,-0.33441332,0.023135854,7.275205,4.8416314
362,-0.05957267,0.21622427,11.486257,1.0410782
363,-0.29583073,-0.009100284,6.677033,4.41133
364,-0.024215989,0.1880683,11.175864,0.04966947
365,-0.10386338,-0.085019134,6.804491,4.993121
366,-0.023404494,0.17155902,11.080705,0.44061536
367,-0.1256798,-0.12917908,7.1303287,5.33991
368,-0.018289719,0.177304,10.956167,-0.11450672
369,-0.07063927,-0.075884126,6.807989,5.018782
370,-0.065587945,0.28029755,9.79984,-0.78402734
371,-0.13477103,0.05320245,6.972939,4.995113
372,-0.23682311,-0.061768495,7.3630238,4.3914022
373,-0.25381148,0.056740865,12.193078,0.73408425
374,0.04929018,0.25404605,11.874194,0.67071694
375,-0.17193061,0.036974087,10.293473,-1.642326
376,-0.027261317,0.27860197,11.920082,0.6443118
377,-0.18687417,0.15536639,9.535759,-0.59085643
378,0.069316216,0.23528603,11.943667,0.7543769
379,-0.23105198,-0.04622305,5.581558,3.402774
380,-0.11439103,0.16558167,11.361649,3.1066425
381,-0.1173802,0.22298212,6.9645777,5.000058
382,-0.07670173,0.09480633,6.9506736,5.014722
383,-0.02738835,0.17998204,12.017333,0.7912089
384,-0.07849775,0.18027516,6.981662,5.007897
385,0.022244237,0.19689158,12.148468,1.1177676
386,-0.28763217,-0.047775246,7.05551,5.297341
387,-0.01393348,0.24591053,11.808724,0.8498715
388,-0.005711088,0.20512392,10.379463,0.9786177
389,-0.18572198,-0.031802136,6.997282,-0.80634755
390,0.022855818,0.20671427,12.147396,0.79421264
391,-0.19997746,0.010338755,6.935903,5.292842
392,0.008215617,0.21862367,12.231095,1.1255991
393,-0.0007312298,0.010369068,7.0189996,5.254754
394,-0.048568174,0.08043833,7.051397,3.9554749
395,-0.17636874,0.009776091,6.974616,5.132725
396,-0.043663733,0.20500594,11.832263,0.6112765
397,-0.1932732,0.17694588,7.0076113,4.8163996
398,0.083038256,0.19445679,10.979408,1.6665747
399,-0.12114386,0.08668914,7.6578546,2.5218692
400,0.06741957,0.2586632,11.805104,0.8681894
401,-0.037699938,-0.044759437,8.630263,0.8882827
402,0.0027788542,0.2546413,11.72872,1.2890656
403,-0.21785831,0.08252898,7.605652,2.5854506
404,0.15846783,0.030921875,7.7737103,0.75324637
405,-0.011591595,-0.06761416,7.3498983,2.8723292
406,0.10674968,0.29893652,9.581163,-0.9717337
407,-0.21880972,0.09173924,7.6264033,2.49751
408,0.037154265,0.21048602,8.214147,0.07488421
409,-0.13371497,-0.03985043,8.473657,3.8825667
410,0.03625828,0.12748817,11.22617,-0.57799107
411,-0.10947811,-0.12114741,8.12934,1.258996
412,0.14056246,-0.05712179,6.4954395,0.68590575
413,-0.073306635,0.0008961689,7.6798716,2.3237758
414,0.052188143,0.081438005,7.3892055,0.36146995
415,-0.3646132,0.086082146,7.761001,1.5271112
416,-0.010549989,0.15887444,11.244353,-0.6658888
417,-0.095201105,-0.20107403,7.838581,1.4611368
418,0.115312696,0.13631612,11.007588,0.53514403
419,-0.15467887,-0.052506655,7.3661504,5.7973638
420,-0.10240542,0.23216987,12.057133,1.1186486
421,-0.09003131,-0.056308046,7.351912,5.854093
422,0.16651267,-0.012710137,7.7340555,0.70591575
423,-0.21226048,-0.12653647,7.8244743,1.4636791
424,0.09722221,0.26923263,9.61896,-0.9892905
425,-0.16919105,0.033942387,7.691942,2.4847796
426,0.17063454,0.094996974,6.6343822,-0.6066415
427,-0.14177218,0.0008618925,10.452586,5.712637
428,0.0775283,0.03441318,6.2372146,3.576658
429,0.015680477,0.04604035,11.193567,-0.6062354
430,-0.07922519,0.092183694,7.570864,2.5020933
431,0.124181524,-0.07399874,6.516616,0.57098824
432,-0.08278,-0.05380567,7.836867,1.3982737
433,0.033349007,-0.12652111,8.9911995,-0.49005425
434,-0.14612366,0.009461602,6.140496,3.5224361
435,0.053723216,0.04806841,7.4105377,0.37589833
436,-0.18126047,-0.025542669,7.3142843,5.9129925
437,-0.020276912,0.10654339,11.138443,-0.7218019
438,-0.08543444,0.17352891,11.086239,2.5493128
439,0.1513856,0.094684005,11.013742,0.48810458
440,-0.025910664,0.09616409,7.37975,0.3354054
441,0.070243895,-0.043425385,5.384576,0.7529875
442,-0.23923072,0.1289548,5.9168706,3.5301003
443,-0.09831465,0.044000648,8.910573,0.82093626
444,-0.12893778,0.0042359103,6.6071296,3.1011531
445,-0.062713355,0.13094191,10.422852,-1.1745391
446,0.0063516386,0.013089193,7.8043575,0.24520004
447,0.09723915,-0.06359585,5.335696,0.75479597
448,-0.051398817,0.06406328,11.877445,0.033689518
449,0.007179778,-0.021917239,7.570833,-0.81431764
450,-0.048694164,0.13141425,10.479279,-0.002909578
451,0.07506667,-0.003962121,12.117499,-1.0014383
452,-0.08157552,0.23136279,10.409869,0.26708972
453,0.014880236,0.05406952,10.023898,2.96018
454,0.058787234,0.080610394,8.448415,0.11590011
455,0.017106425,-0.03560441,7.592955,-0.8987837
456,-0.13103822,0.19839224,8.255573,0.17678298
457,0.03457263,0.046843067,10.012738,2.9155114
458,-0.11254674,0.016662648,10.617284,5.8568206
459,0.0759894,0.01964253,12.098503,-1.0597768
460,0.105767265,0.0966613,6.0503993,3.2181165
461,-0.14962344,0.05515577,7.057379,-0.81163013
462,-0.037483297,0.17758626,10.564857,0.4531456
463,-0.0526561,0.17895326,10.474739,0.072695784
464,-0.052006252,0.29813483,11.796225,0.83321905
465,-0.08361001,-0.02829047,7.064807,-0.30727682
466,-0.348412,0.13003388,6.671167,3.6904967
467,-0.025562242,0.29201752,11.652573,0.7836899
468,-0.36430386,0.020393183,6.6458344,1.1131581
469,0.058756486,0.16031471,9.806976,0.3341835
470,-0.098267116,0.06912086,7.4392476,0.34821507
471,-0.11600292,0.16531983,7.346369,0.38124615
472,-0.015189439,0.26652598,9.863419,-0.6108599
473,0.01820843,-0.0036711944,6.90266,0.5755812
474,0.05442355,-0.02670339,8.9828,-0.4293426
475,-0.041516986,0.06467177,6.0642967,3.212067
476,-0.030002072,0.09649383,9.001182,-0.42533076
477,-0.058007628,0.08738471,9.313943,1.2316241
478,-0.048484728,0.12864995,9.954172,0.367617
479,0.050021693,0.16995227,8.233729,0.1727334
480,0.0138829425,0.20490529,9.644175,2.1240673
481,-0.19048357,0.18038073,6.566481,3.8241453
482,0.06972863,0.35572514,11.576003,0.7213798
483,-0.025293581,0.027715651,8.428726,0.37754202
484,0.07574348,0.2966255,10.555228,0.08316625
485,-0.015899805,-0.054113388,8.09432,-0.15472892
486,-0.011684114,0.20771706,11.679806,0.8935699
487,-0.16935581,0.038550116,7.7863975,0.48580462
488,-0.034027174,0.16513371,11.572567,1.5242119
489,-0.08880867,0.18987328,10.792795,-1.8824769
490,-0.0046749376,0.2107871,10.791867,-0.91112906
491,-0.13428509,-0.046498947,6.991427,-0.8134541
492,0.037953995,0.26771298,11.645735,0.8924762
493,-0.14553888,-0.05326011,6.307063,5.003781
494,0.04024516,0.2662432,11.157266,0.0488609
495,0.09785402,0.023960663,7.8405795,0.19620351
496,0.062166497,0.2719515,11.16962,0.49442187
497,-0.011499114,0.19691704,10.59091,0.16205461
498,0.070566446,0.25373265,11.024494,0.014042473
499,-0.18515347,0.06344101,7.3563175,-0.190711
500,-0.026938997,0.18755303,11.917816,0.7639274
501,0.07135075,0.03815815,8.033258,-0.10952322
502,-0.047439776,-0.12822935,5.5113955,2.8594213
503,-0.12562534,0.1509414,9.224202,0.44585854
504,0.061791107,0.066146165,9.348384,-0.1642175
505,0.022817649,0.23635781,12.625823,0.8906651
506,-0.14061998,0.06932623,12.565465,1.2364199
507,-0.10228653,0.3367959,12.199327,1.1380485
508,-0.1464167,-0.07519262,6.485082,6.004655
509,0.0013941415,0.31308076,11.855133,0.51419866
510,-0.1177621,0.27277505,12.382155,1.16079
511,-0.030509094,-0.03225273,6.1313963,0.9172553
512,-0.12969008,0.10218601,10.436741,-0.44655874
513,-0.09384757,0.07290756,9.927974,0.450183
514,-0.31079593,0.15868247,6.9201922,3.9008923
515,0.058263384,0.14810517,12.682635,0.7125151
516,-0.0494589,0.18606213,11.061007,2.2277696
517,-0.109356694,-0.09405928,10.555781,5.780563
518,-0.07787105,0.14982626,13.996078,1.0802443
519,-0.10603867,-0.053670928,9.826172,4.979054
520,-0.12673594,0.21924463,11.158571,2.424857
521,-0.18771783,-0.14265196,6.457388,1.752676
522,-0.15643072,0.337135,11.21725,2.178986
523,-0.16729514,-0.0022485722,10.849396,6.5804048
524,-0.012579961,0.12404795,12.289948,0.55907565
525,-0.26501006,0.06477387,6.8804855,0.62461436
526,-0.085887045,0.16332701,12.606837,1.1548113
527,-0.12280516,-0.035395168,11.374576,5.969088
528,-0.07241571,0.10853428,10.910505,0.07584964
529,0.1362446,-0.025124053,6.909083,-0.22236796
530,-0.013349198,0.17085464,11.787153,1.3901508
531,-0.19660111,0.07293244,8.975034,0.08351118
532,-0.004310705,0.22766048,12.119739,1.1110264
533,-0.1440241,0.074688405,9.668286,-1.1298202
534,0.019145675,0.15627909,10.942947,2.1902034
535,-0.091893636,0.062184766,8.692464,-0.29416952
536,-0.0053027533,0.23832318,11.8966875,0.50264025
537,-0.071685225,0.2765722,12.092412,1.0997313
538,-0.09339604,0.17348196,11.0213585,2.1578996
539,-0.091031864,0.350275,12.092129,-2.0358877
540,0.14144072,0.18657324,10.221985,0.75112563
541,-0.30097312,0.29827395,11.252021,0.22448525
542,-0.012301153,0.055221796,10.274875,-1.6572634
543,-0.0305596,0.068149336,8.419224,0.06896023
544,0.04492008,0.05710736,7.8147316,2.0203874
545,-0.2359798,-0.088662446,5.4985023,2.823277
546,-0.06754215,0.09512117,9.088125,0.049768116
547,-0.09618476,-0.15879413,7.85472,2.7476537
548,-0.06111867,0.14191258,9.809067,0.3549931
549,-0.119887695,-0.004058942,8.933141,0.10316261
550,-0.049387038,0.2225776,12.683013,0.71513164
551,-0.072545215,0.091180846,8.708146,-0.34201792
552,-0.049187828,0.18031348,12.693519,0.74342966
553,-0.12604968,-0.02422532,8.454711,-2.6358743
554,-0.13512234,0.229929,12.829584,0.72325754
555,-0.026469726,0.028126964,8.449895,0.088362485
556,-0.010474108,0.18045567,12.731653,0.65718585
557,0.014853515,0.1621506,10.656516,0.21335837
558,-0.069010556,0.08169259,9.71823,7.356254
559,-0.102278315,0.12759253,12.850319,0.72106564
560,0.13557976,-0.028599493,10.581877,6.8748484
561,0.05281885,0.12233353,7.861222,1.9941877
562,0.096577704,-0.007429816,10.679593,6.7619643
563,-0.015345447,0.25354317,10.002481,0.6219425
564,-0.15011364,0.074466735,5.880646,4.362983
565,-0.0022052974,0.26436207,10.017549,0.64748144
566,-0.07917253,0.02465582,10.297466,6.6551027
567,0.009074926,0.10969706,12.866088,0.6689396
568,0.0021451227,0.14300244,12.619597,1.3220884
569,-0.15758622,0.28639266,12.090926,-2.042077
570,0.0814343,-0.060978197,11.183548,7.0582094
571,-0.09175788,0.16229963,12.853539,0.71113485
572,0.1323053,-0.07277122,10.515453,6.881995
573,-0.03182342,0.26443017,12.728615,0.8417918
574,-0.08259541,0.059147216,11.502156,2.5561512
575,-0.015827507,0.19960827,12.729553,0.77077204
576,-0.046556793,-0.02315192,10.3671875,7.0043674
577,-0.03511165,0.1545079,9.9400425,0.42843282
578,-0.045452744,-0.09571989,11.164608,7.056461
579,0.045286253,-0.014901498,7.765064,2.1357703
580,-0.10448325,0.0071198624,10.535143,6.8966837
581,-0.034556333,0.26436615,12.689831,0.7189294
582,0.056709528,-0.12168708,10.560275,6.8823423
583,-0.122216895,0.24230427,12.844518,0.71018165
584,0.03060843,-0.008827886,10.023455,7.0915856
585,0.01667979,0.055316485,9.704454,1.9341335
586,0.021031436,-0.05841019,10.754184,7.212997
587,-0.046318904,0.19585177,10.918054,2.0768359
588,-0.029920552,-0.10270737,11.383186,6.861768
589,0.11097427,0.10874668,9.461728,3.740221
590,0.07401613,-0.10583092,11.193151,6.999443
591,0.06852438,0.16258314,11.471793,6.036752
592,-0.06620115,-0.055591136,9.754644,7.354395
593,-0.15069573,-0.042351373,12.880917,0.1596313
594,0.07999992,-0.059089653,11.365155,6.9164133
595,-0.23256713,0.04023715,12.883251,0.15396073
596,0.01981463,-0.064872645,10.384764,7.0212297
597,-0.12123118,0.12530953,12.854788,0.13177097
598,0.049482837,0.12233877,12.79675,0.12310307
599,-0.041759703,-0.03000555,9.702679,7.3385334
600,0.07126984,-0.042786002,12.804228,0.15203395
601,0.081100285,-0.059337363,11.43809,6.812482
602,-0.19965617,0.045552343,12.89254,0.23306897
603,0.010148168,-0.020885421,9.738606,7.361894
604,0.11688572,-0.03358214,6.8483095,-0.1941807
605,0.048091933,-0.063659914,10.305415,7.049638
606,-0.005373791,0.17803092,12.088205,-2.0421903
607,-0.13961439,0.008655643,10.483519,6.7395473
608,-0.032359328,-0.045532268,10.434019,-0.17272723
609,-0.005555978,-0.113591716,10.612263,6.795765
610,-0.25492913,0.06974243,6.56876,4.2794557
611,0.11405119,-0.07770104,10.562074,6.898233
612,-0.11272813,0.08264182,12.179214,1.0777434
613,0.06206125,-0.06684601,10.603204,6.8352714
614,-0.11449144,0.05027914,12.863698,0.16086918
615,-0.05789768,-0.07175283,10.319283,6.822839
616,-0.0073973835,0.20255624,12.078516,-2.0278966
617,-0.0051453654,-0.03209456,10.341549,7.020131
618,-0.028410444,-0.045566842,12.744544,0.04715972
619,-0.12009689,-0.05494467,9.911229,6.7865276
620,-0.24839517,0.045165017,8.041972,5.4930787
621,-0.07567125,-0.0032285713,11.481902,6.364062
622,-0.018263172,0.0022953749,12.815199,0.1904441
623,-0.17021048,0.008907946,11.752729,5.662734
624,-0.13293874,0.044409625,12.838627,0.17477357
625,0.049906902,0.023856888,11.823183,5.5281067
626,-0.088941656,0.09669062,12.872953,0.1444193
627,-0.009214859,0.042588584,9.731288,7.3757024
628,-0.04145772,0.018677736,11.941874,-0.19057858
629,-0.1377813,0.0054077227,5.7169485,4.7045736
630,-0.010656955,0.09280564,12.808733,0.3082403
631,0.110223904,-0.03824106,10.380775,6.6631737
632,-0.11331502,0.13979402,12.821533,0.18409841
633,0.110443264,-0.011308195,10.560757,6.8999095
634,-0.18196873,0.26016846,12.810799,0.21496719
635,0.069774956,-0.047190808,11.17395,7.04934
636,-0.002356436,0.3403997,11.643409,1.1239787
637,0.032409936,-0.044057325,10.337851,7.0076513
638,0.01763165,0.16750683,11.67831,1.6148963
639,0.0908774,0.035284244,11.875908,5.511924
640,0.08999851,0.20663914,9.975625,2.4161644
641,-0.033610366,0.098458424,10.80936,7.202304
642,0.09485391,0.26385218,11.563711,1.5157237
643,-0.12904663,0.09304715,10.803538,7.177138
644,0.1107828,0.16937312,10.96659,5.50579
645,-0.10458925,-0.03708166,10.804931,7.2024956
646,0.07003932,0.16571257,10.905163,4.736343
647,0.038669936,-0.048301384,10.837507,7.2054186
648,0.014641006,0.105646245,11.442249,6.405783
649,-0.11802533,0.051784866,9.724869,7.3719454
650,0.029010229,0.17066175,11.989071,5.1318254
651,-0.18803266,0.054028742,9.718125,7.37081
652,-0.0039388724,-0.035631362,12.821863,0.17253187
653,-0.12501967,-0.044594266,9.719506,7.372493
654,-0.15284489,0.19333023,12.856034,0.19598831
655,-0.039767645,0.27792415,10.314291,-0.4011287
656,0.060397737,-0.124596894,5.911158,5.389743
657,0.025348142,0.19135538,10.863939,-1.8903637
658,-0.047614336,-0.12361127,7.0587835,6.4423685
659,0.0554294,-0.011217773,12.789941,0.0944875
660,-0.07225626,-0.16777252,9.009514,6.679882
661,-0.06058275,0.15109849,12.799046,0.15776023
662,0.04986369,-0.18491787,8.202211,5.8213763
663,-0.110051624,0.23682916,10.9042015,-1.3796679
664,-0.14157145,0.23948905,10.739957,-1.7251313
665,-0.046093285,-0.2157205,7.2975435,5.9408894
666,-0.09054844,0.29039392,10.711289,-1.7632834
667,-0.10517971,-0.23001128,7.304442,6.002156
668,-0.028830927,0.25540578,8.440345,-0.13196005
669,-0.05734741,-0.20520186,7.918334,5.7115126
670,0.02381191,0.27985954,10.555405,2.0580225
671,-0.033006165,-0.15289381,7.0543513,6.458588
672,-0.19572514,0.15159175,8.15228,0.05097164
673,-0.10430437,-0.2021761,7.0501466,6.453222
674,0.023358334,0.34639332,9.700671,-1.2553279
675,-0.09694407,-0.16438095,7.323709,5.970145
676,0.08104202,0.3046061,9.451586,-1.1127181
677,-0.00626133,-0.1400236,7.0718484,6.426839
678,0.07965142,0.32913253,9.525751,-0.9738764
679,-0.08118997,-0.22491059,8.146978,5.837776
680,0.07961057,0.24960041,10.956834,-1.4108002
681,-0.09954941,0.048174098,7.3761573,4.5273185
682,-0.0027189218,0.21519706,10.927659,-1.4437361
683,-0.039283734,-0.25015736,6.530398,1.7803885
684,0.020001527,0.3512602,10.545633,-0.8928184
685,0.043254614,-0.08871241,7.0526304,6.41012
686,-0.16937935,0.010385694,9.409128,-1.4459275
687,0.08422598,-0.15264976,7.052711,6.4434314
688,-0.0225671,0.2783573,10.902817,-0.967222
689,0.00518845,-0.22212364,8.135304,5.8360643
690,0.033204347,0.3252426,9.577516,-0.9775178
691,-0.09613493,-0.09797752,6.0495,5.283766
692,-0.16780448,0.11524323,9.094862,-0.23641934
693,0.020494998,-0.07668993,7.473553,5.809969
694,-0.16005498,0.11675875,9.304226,2.4721868
695,-0.0560902,-0.1578097,7.3667417,5.9017563
696,-0.123864025,0.030809326,8.622621,1.6117806
697,-0.17575735,-0.07867521,7.345825,5.8646297
698,-0.043038532,0.24645811,9.107995,-1.5277301
699,-0.23164162,-0.14389776,8.131558,5.8194766
700,0.061176457,0.06765368,8.402042,-0.08810015
701,-0.053686805,-0.028183265,7.3800397,5.841898
702,-0.08421506,0.1256799,8.185455,0.022701386
703,-0.089284316,-0.1954866,7.0457196,6.458234
704,-0.11078467,0.19749221,10.750566,-1.8213899
705,0.027222447,-0.23945273,8.124239,5.847799
706,0.02391548,0.21744376,9.498585,-1.1017416
707,-0.12367987,0.19766852,10.545961,-2.2803633
708,-0.03496065,-0.022536619,7.375425,5.861219
709,-0.07677653,0.24943575,9.805958,-1.5253646
710,0.075302094,-0.20067015,7.334325,5.950953
711,-0.026413843,-0.03502626,9.24569,2.5088596
712,-0.02577826,-0.2193313,7.3414555,5.9538603
713,-0.06652551,0.31238255,10.713427,-1.0647514
714,0.038457744,-0.24606183,7.3713374,5.925786
715,-0.013398189,0.3511341,10.613488,-1.0138462
716,0.06610158,-0.12298559,5.947208,5.3935
717,0.048333816,0.025575547,8.402782,-0.20526405
718,0.0005170107,0.21147367,9.350186,2.356703
719,-0.06269985,0.30800217,10.775298,-1.0170659
720,-0.050865497,-0.09455875,8.652186,4.6687675
721,0.06725136,0.06676722,9.22645,-0.678538
722,0.0634123,0.07191135,8.537499,6.15426
723,-0.015576176,0.1528132,9.078995,2.4943216
724,-0.12060101,0.117198914,9.270191,2.4747412
725,0.066652216,0.26624382,12.508806,6.0821333
726,0.072102696,-0.099002264,8.530088,6.1175227
727,0.05856342,0.19319747,9.773482,-1.4389862
728,-0.08463013,0.087956,9.361559,3.039572
729,0.044816785,0.223417,9.8147955,-1.5209651
730,-0.04009463,0.074482046,9.384079,3.1581001
731,0.14036474,0.22073764,9.424853,-0.94854057
732,-0.13259527,0.04067924,9.270269,2.5425062
733,-0.042435072,0.2521842,10.617835,0.46987894
734,0.118550315,-0.12615772,9.560702,5.6536145
735,-0.25868228,0.16012198,11.892141,0.0015639116
736,-0.050516516,0.105078086,8.533591,6.2835255
737,-0.065739155,0.13212404,11.125724,0.7045033
738,-0.0018404685,0.095856026,8.540276,6.1597953
739,-0.08463449,0.13728034,9.996943,1.5441701
740,0.041353323,0.11787224,9.57672,1.3167584
741,-0.049144723,0.17677468,10.876229,0.2822914
742,-0.0643187,0.06793077,9.272978,2.5319746
743,-0.15700878,0.32650948,11.8466625,0.7904695
744,-0.1941991,0.14737873,6.8857775,4.5174513
745,-0.09028721,0.22136378,10.657457,0.2649075
746,0.14134583,-0.007089937,8.562109,6.18754
747,-0.046498515,0.29013672,9.798135,-1.5094641
748,0.007395774,-0.1460756,9.822177,6.6712794
749,-0.12069755,0.24075633,9.809018,-1.536312
750,-0.17159662,-0.06866652,7.354774,5.4619627
751,-0.1366067,0.07334624,9.331588,2.5207071
752,0.096546724,0.0322868,8.544155,6.1839733
753,-0.19719242,0.26554373,9.9365635,-0.8766023
754,0.07771739,-0.12167624,9.817431,4.868085
755,-0.2673449,0.19267185,7.162925,3.589929
756,-0.120455034,0.13089636,6.9133883,4.2883067
757,-0.02480806,0.22850168,10.354968,-0.77098817
758,0.05031085,-0.19728297,8.646003,5.7421246
759,0.058110207,0.2202582,9.810464,-1.5234997
760,-0.036472287,-0.15695474,6.3001804,2.8487825
761,0.014687739,0.24151242,9.75016,-1.4565741
762,0.040075988,-0.060247667,9.310981,2.5233104
763,-0.06415418,-0.03814169,8.313989,2.5461936
764,0.08097643,0.0027310178,8.508865,6.2575274
765,0.07253211,0.14546575,10.7960615,1.0124958
766,0.044423126,0.08107961,10.697868,5.130592
767,-0.077801205,0.33648297,11.768098,0.7377254
768,0.108001664,-0.10872566,8.701831,6.045773
769,0.08343431,0.066694275,10.821155,1.1660568
770,-0.068853915,-0.022323204,8.316795,4.673056
771,-0.05561629,0.2402195,9.78997,-1.5105078
772,0.058578774,-0.21784583,9.074608,6.4200034
773,-0.09826581,0.09333025,12.040031,-0.3002817
774,-0.0046346374,-0.14333035,9.034475,6.3692226
775,-0.043828625,0.3390891,9.86882,-0.83728373
776,0.06445188,-0.16536,11.025499,7.0410514
777,0.025284149,0.32085508,10.835944,1.1278557
778,0.07731736,0.013431339,9.391621,2.4512386
779,-0.209124,0.18553974,9.528727,-1.4018567
780,-0.059201438,-0.09467043,7.6924896,5.107482
781,0.1558962,0.030954378,10.295516,-0.21887761
782,-0.024900373,-0.143321,9.745887,7.353912
783,0.033433676,0.34597546,9.486865,-0.84346944
784,0.104779884,-0.18784657,8.462556,6.238924
785,-0.01858924,0.27630404,10.202409,-0.75629836
786,-0.10823799,-0.06369642,9.12991,3.4469886
787,-0.16809143,0.310107,9.784451,-0.56605875
788,0.046159074,-0.08153726,8.5310135,6.3076773
789,0.06268453,0.28865936,9.520338,-0.9146627
790,-0.23434365,-0.026920196,7.809847,4.6624026
791,-0.10718614,0.24182343,9.342614,-0.9458228
792,-0.04244317,0.10643228,9.332554,2.5231762
793,-0.12141824,0.3264517,9.342939,-1.0971833
794,0.093916744,-0.043370754,8.509777,6.29388
795,-0.16374761,0.2666401,9.309438,-0.9725478
796,-0.032325972,0.07645887,8.851706,2.5700612
797,-0.123850845,0.19538765,10.0323925,-0.39827114
798,-0.16240679,-0.17636427,7.803889,5.9155116
799,-0.16446596,0.11430362,9.187508,-1.1049479
800,-0.042977426,-0.0036747027,7.319252,6.6695676
801,-0.022247259,0.28401503,9.015103,-0.94632506
802,0.068932846,-0.19546062,8.1220255,6.196221
803,-0.09090158,-0.21447834,7.827407,5.8555126
804,-0.049870647,0.33840522,9.43185,-1.2178003
805,0.010960117,-0.077372,8.181154,6.043092
806,-0.06247893,-0.04892862,6.8115644,1.8378365
807,0.059966907,-0.12880647,8.684791,5.9504604
808,0.0478585,0.044061907,10.242763,-0.2966855
809,0.05145424,-0.040738553,8.353378,5.996301
810,-0.07801692,0.13092965,10.157152,-1.3891068
811,-0.02646622,-0.0027461965,8.086114,3.1133146
812,0.05056405,-0.1302448,8.174474,3.9935167
813,-0.06868139,0.022742463,8.679047,1.2145855
814,0.013283867,-0.09654211,7.7369146,-0.3544398
815,-0.112326525,0.20892148,9.299941,-1.029086
816,-0.03784927,-0.17140327,7.7689977,4.7859235
817,-0.0829376,0.13601679,10.739083,-1.8157631
818,-0.012448423,0.04402683,8.638783,5.321142
819,-0.004644152,0.27784535,9.340317,-1.1574605
820,0.107037425,0.11925183,9.802887,4.042074
821,-0.035966046,0.09667745,10.004547,-1.0932734
822,0.10244474,-0.22535464,8.310721,6.1666493
823,-0.17066278,0.11084953,8.9358425,-0.4670431
824,0.09680641,-0.20674348,8.131742,6.2230215
825,-0.26025003,0.06979627,6.83325,0.9623417
826,0.08183171,-0.29316762,8.171721,6.144629
827,-0.11852632,0.26077506,9.348877,-0.9418842
828,0.052431345,-0.27582517,6.7524114,1.7332485
829,-0.12071759,0.25668126,9.099897,-0.5534218
830,0.08339244,-0.106054306,9.147847,5.1523514
831,-0.15690638,0.21189253,9.070176,-0.53845143
832,-0.2250829,-0.19717166,8.359103,6.0852027
833,-0.15281585,0.23326099,6.7370963,4.2988453
834,-0.051719956,-0.17897806,5.592523,0.9823494
835,-0.10856061,0.27601525,9.310162,-1.0107617
836,0.029549599,-0.20165208,7.9977984,5.763633
837,-0.007515155,0.055289328,8.309181,6.5292826
838,-0.025028413,-0.20195436,5.3805895,0.82009745
839,-0.03676878,0.28768533,9.587556,-0.5749546
840,0.07814999,-0.14208499,8.623531,5.3434052
841,0.057336383,0.31947348,9.426976,-0.92971426
842,0.099424616,-0.016510915,11.564865,5.8850193
843,0.21756965,0.1678995,10.270219,0.3809237
844,0.0827183,-0.3310728,8.283502,5.9883537
845,-0.029206114,0.2564251,9.328209,-1.2183813
846,-0.1369446,-0.15281168,8.5051565,5.501949
847,0.10573423,0.065022446,10.493411,0.008457109
848,-0.1029173,-0.21166237,8.285364,6.077767
849,0.091435865,0.004169252,10.37413,0.029257214
850,0.077434555,-0.1274526,8.126331,6.229104
851,0.08115608,0.13669184,10.816874,1.4698719
852,0.07351879,-0.022503037,10.520762,4.4700303
853,0.01375407,0.090469934,10.934764,5.569359
854,-0.07401365,-0.2603615,7.8439865,5.8924003
855,-0.052087158,0.15880376,9.893487,-0.5916425
856,0.09655759,-0.25754103,6.725175,1.7029729
857,0.01838027,0.058436863,10.8098955,1.4934323
858,0.04373517,-0.10041948,8.18237,6.123834
859,0.05055715,0.28492662,11.828276,1.005224
860,0.002463486,-0.14760336,7.3470793,6.7461257
861,0.020898558,0.33226088,11.803482,1.0972277
862,0.116835386,0.24147138,10.306549,1.7826697
863,-0.01677208,0.14481087,10.434941,1.0482559
864,-0.16799414,0.26315692,12.088711,2.283166
865,0.06404672,0.17277908,10.761147,0.61557055
866,-0.01054664,0.32007107,10.683227,0.02190575
867,-0.19356814,0.07390928,8.143822,5.223273
868,-0.06863453,0.11038858,6.3744006,3.3571856
869,-0.18990041,0.063257374,11.123955,0.8398576
870,0.08210844,0.17064308,10.558814,1.383619
871,-0.02420253,0.09071323,11.218352,0.7454679
872,0.037839875,0.20150307,12.085291,-2.0357473
873,0.07451913,0.15777698,9.415047,-0.42564464
874,0.03328546,-0.060781926,7.1510296,1.3467076
875,-0.07336992,0.035488106,11.260533,0.6491042
876,0.042271517,0.20578255,11.1556835,0.8070991
877,0.03846784,0.06352347,11.092763,0.6932741
878,-0.034740187,0.3074834,10.340715,-0.0021681604
879,-0.055450186,-0.052587375,11.24837,0.63653463
880,-0.05243306,0.11081864,12.468614,0.15634455
881,-0.113822766,0.040142894,10.840349,0.57619625
882,0.18173674,0.15948185,10.583775,1.459617
883,-0.121622674,0.2266595,11.505251,1.2192377
884,-0.11493595,0.2934288,12.200166,1.1570367
885,0.124161184,0.18375348,9.280029,-0.5039228
886,-0.07534191,0.109229356,9.820204,1.7209785
887,-0.06795925,0.28765312,11.718212,1.2205151
888,-0.23213744,0.24007654,11.560612,1.6502146
889,-0.029646687,-0.03307707,11.277996,0.6262594
890,-0.18527211,0.22086799,7.581876,3.6104927
891,0.016253054,0.29249096,11.732781,0.8304729
892,-0.2053664,0.17306674,8.723911,1.0091578
893,-0.011004433,0.32265458,11.722865,0.8884335
894,-0.20736511,0.25854176,11.581422,1.6083348
895,0.06989333,0.0500808,10.34079,1.0828295
896,-0.25341767,0.2709299,10.416085,1.230489
897,0.119500905,0.106538326,10.813326,0.5605575
898,-0.020433847,0.07023838,10.390439,1.7354296
899,0.07009351,0.11305627,10.788096,1.2501409
900,-0.04195707,0.15706328,11.961591,1.4609547
901,-0.04186997,0.24449256,12.0785885,-0.2293309
902,-0.19190876,0.052594222,11.092619,0.61979175
903,0.03205522,0.22211786,11.235143,0.8168809
904,-0.20975387,0.03582988,6.479172,4.6231894
905,0.039724514,0.11105542,9.895507,-0.69562066
906,-0.15252241,-0.008719767,7.8497553,2.8173292
907,-0.05090122,0.276799,11.67944,1.2300845
908,0.10924232,0.15121144,8.4302635,4.4625626
909,0.038302176,0.16145499,10.064912,-0.47719434
910,-0.13792795,0.22170697,9.834395,1.8160214
911,-0.17523503,0.28356805,11.630767,0.77617466
912,-0.08421634,0.19390582,10.953184,1.1192545
913,-0.08920516,0.26726094,11.633057,1.2129703
914,0.11855012,0.1706428,11.128607,0.8320564
915,-0.1771037,0.060175054,11.186516,0.82359356
916,0.06361483,0.2196351,8.932342,-0.9495937
917,-0.1975138,0.19077715,10.995793,1.3790175
918,-0.0018923134,0.12116158,8.284358,-1.0647765
919,0.026288733,0.42703322,11.8579035,0.5757205
920,-0.11073414,0.069341145,5.6980677,4.191566
921,-0.15060838,0.16882887,11.839456,0.4639427
922,0.03231834,0.15790722,10.025339,1.3545723
923,0.09978728,0.34745103,11.834885,0.4920823
924,0.06706858,0.15627964,11.484632,0.07566682
925,0.06594663,0.27919313,11.805022,0.50723845
926,-0.18994199,0.22401111,10.9506,1.4386678
927,0.03288944,0.32187036,11.826979,0.45556208
928,-0.19959113,0.19268383,10.954412,1.4073488
929,0.16361539,-0.021661595,7.804523,2.1151628
930,-0.13630402,0.12904382,11.187114,0.67924196
931,-0.07621096,0.38844985,11.8381195,0.50006294
932,-0.25978756,0.2589098,11.613319,1.3320007
933,-0.06486144,0.4042609,11.833317,0.91113925
934,0.102678165,-0.0841083,11.382896,5.9253445
935,0.06399065,0.37322286,11.835059,0.48798272
936,0.082606204,0.1413545,10.815277,-1.0709739
937,0.0017787181,0.38629454,11.792165,0.881082
938,0.15488128,0.17422146,10.804755,-1.0668254
939,0.009174567,0.030837825,8.067031,0.1936544
940,0.06584541,-0.0744596,9.046116,4.3462186
941,-0.006788399,0.1342735,5.9335146,1.7265414
942,0.07134498,-0.0739108,9.207476,4.476931
943,-0.23979338,0.108077794,9.582844,4.519709
944,0.10065371,-0.014250288,11.553353,5.4123087
945,-0.18606552,0.08753231,10.582781,1.0709531
946,0.07407365,0.0007989649,10.705253,4.539012
947,0.05497846,0.28845719,11.799707,0.53656954
948,0.13660198,-0.081850044,11.182786,5.877317
949,0.035868704,0.3160436,11.823105,0.5376308
950,0.12926713,-0.008046027,11.607298,5.8853755
951,-0.10534517,0.17199655,10.456346,1.1217512
952,0.12008315,0.0538771,11.282005,5.878089
953,-0.08538296,0.13305143,11.259116,0.7450118
954,-0.017621348,0.050465584,12.2092705,3.164454
955,0.10619491,0.11852667,9.553574,0.2768636
956,-0.087572806,0.10548307,10.81253,3.8341675
957,-0.12796782,0.11280531,9.088254,0.7080255
958,0.08571147,0.0328748,11.377041,5.959554
959,0.024634074,-0.019091021,7.887935,0.68557835
960,0.13835724,-0.056292646,11.410929,5.8807864
961,-0.009841921,-0.11155142,7.564981,1.7160441
962,-0.21438521,0.03465443,11.387666,5.9580297
963,-0.02160076,0.35601148,11.818344,0.92298675
964,-0.18374085,-0.0057202354,12.542548,6.0471463
965,-0.17634907,-0.08153559,6.370676,1.8126886
966,0.004399497,0.12010805,9.68112,2.651327
967,0.07415361,0.29854754,11.8527775,0.49610788
968,0.072198234,0.13261801,11.012203,1.8822985
969,0.1473862,-0.021645186,8.0335655,0.1882909
970,0.025596056,-0.08669117,11.556652,5.938901
971,-0.18491182,-0.06960808,6.392879,3.7704473
972,0.08842383,0.033697292,10.267413,3.0819616
973,-0.07431452,-0.1436912,7.7142777,2.114937
974,0.111140326,0.017618774,11.101969,5.5350842
975,0.037778735,-0.008236596,8.828941,2.2137609
976,0.106853485,-0.024351796,10.625026,4.5689917
977,-0.11128561,0.13674515,4.0114913,4.6751513
978,0.07915267,0.016378207,10.799598,4.481668
979,0.0688414,0.1287244,9.554165,0.9403827
980,0.0059277564,0.010718469,10.153936,3.1724281
981,-0.025707684,0.28707007,11.847896,0.5207369
982,0.08993675,-0.018501785,10.673496,4.5568047
983,0.047837764,0.14893526,9.069619,0.6329783
984,0.04854113,-0.085575856,11.3646145,5.9175305
985,-0.017824408,0.2941373,11.863201,0.4936813
986,0.18740919,0.0045694616,11.360775,5.902369
987,0.015507884,0.1374295,9.500323,4.5511875
988,0.057728916,-0.061316513,8.670291,4.3445573
989,-0.066720426,-0.20195217,6.68493,1.0790092
990,0.13688044,-0.086986564,9.926575,4.1599293
991,-0.007156145,0.31426993,11.684006,0.80212885
992,0.07478422,-0.0037671477,10.872677,5.0711846
993,0.03543579,0.122135565,9.55057,0.21975124
994,0.08778655,0.0006950218,11.366754,5.938027
995,-0.081103206,0.41847804,11.817561,0.90202755
996,-0.01978611,0.029237827,10.888304,5.1052723
997,-0.11447288,0.14176646,10.389435,1.1213595
998,0.107773036,0.023033274,9.063582,2.8360393
999,-0.012483768,0.13985974,8.165135,-2.032453
1000,0.17698327,0.063426,10.171815,2.9765964
1001,-0.03427971,0.07045132,8.154156,-2.0346239
1002,0.010612201,0.17652565,10.184559,2.3312182
1003,-0.010897895,0.19442502,9.306425,1.3675653
1004,-0.052918367,-0.04355794,10.094495,2.377667
1005,-0.00989428,0.48413816,10.00108,-0.23531038
1006,-0.028683938,0.014297025,10.4659605,3.3463154
1007,0.06526317,0.0567248,9.773214,1.0009022
1008,-0.049990796,0.23180746,10.2685175,2.2809772
1009,-0.081104234,0.07029356,5.9213114,1.7070006
1010,0.067864865,-0.015110334,9.869756,3.732087
1011,0.0056115277,0.20751902,12.062514,-0.30798048
1012,-0.17102394,0.06450108,10.139585,3.5237262
1013,-0.008443957,0.47549865,10.039547,-0.23517823
1014,-0.06745477,0.117311776,10.204599,3.4258666
1015,0.07297181,0.07950242,9.563042,4.5477586
1016,-0.2051714,0.096560545,10.162324,3.5384495
1017,0.055279993,0.23795822,11.71041,0.9667716
1018,-0.07120536,-0.04623989,8.147316,5.591214
1019,0.012686297,0.06383755,11.423403,6.549835
1020,-0.037509304,-0.021948526,10.124834,3.534329
1021,-0.0005218163,-0.018979097,11.457492,6.5516634
1022,0.06096959,0.0060317162,10.12715,3.518182
1023,0.076390475,0.22784945,11.749711,0.8255144
1024,0.024482261,-0.026488991,9.722172,3.63756
1025,-0.07134642,0.12504344,10.388361,1.0784026
1026,-0.10622891,-0.026716549,6.452207,-0.8105445
1027,-0.11582368,0.17556676,10.137045,-0.37361455
1028,0.0052901134,0.017026072,8.296437,5.807161
1029,-0.034569476,0.16269854,12.841309,0.7210027
1030,0.032158226,-0.014585923,9.863799,3.5872505
1031,-0.1355457,0.35058892,11.587831,1.0092369
1032,0.0735181,-0.0070169615,9.804668,3.6198444
1033,0.0392792,0.21613449,10.70548,0.091337204
1034,0.024813537,0.20545572,10.132641,3.5739546
1035,-0.05799228,0.19688353,9.887497,0.76721424
1036,0.08552049,0.01639825,10.169428,2.3867774
1037,-0.101704225,0.3560767,9.97333,0.7812283
1038,0.075058624,0.026478292,10.166216,2.4344718
1039,-0.0624327,0.23078163,8.0088625,2.0395393
1040,0.020113803,0.018580427,10.170196,2.3640966
1041,-0.070964456,-0.07128608,12.604175,5.215415
1042,0.0036773086,0.05109241,10.510279,3.3738925
1043,-0.04952714,-0.05232645,5.7034545,1.13992
1044,0.05958192,-0.046332233,10.136748,3.516462
1045,-0.06050204,-0.19133168,6.678615,1.1179136
1046,-0.015561644,0.02542246,10.161598,2.3550737
1047,-0.068976015,-0.13123877,6.6493173,1.0348747
1048,-0.17289758,0.07820143,10.190156,2.3616958
1049,-0.10337671,-0.07382612,6.668554,1.0891457
1050,-0.10213504,0.028263,10.098093,2.3307517
1051,0.0673884,-0.09806102,6.555783,1.0677937
1052,-0.041381393,-0.06889979,9.950158,2.3156283
1053,-0.17633224,0.06015812,7.474997,2.8234088
1054,-0.14229208,0.027682403,10.509255,3.3750727
1055,0.100082666,-0.050078735,6.6594105,1.1274432
1056,-0.017040325,0.05383309,10.325957,3.3368084
1057,0.008531809,-0.15487152,6.669137,0.35663784
1058,0.07312265,-0.008379821,10.1784315,3.576811
1059,-0.032471072,0.08794446,7.965927,0.9038327
1060,-0.033317037,0.019647842,10.194932,2.353326
1061,-0.21203253,-0.21304458,6.3647423,1.7480289
1062,-0.03514866,0.022416191,10.179238,2.4276516
1063,-0.083501,-0.11085157,6.9482384,1.3146155
1064,0.020102669,-0.016890649,10.112937,3.5271807
1065,-0.28589916,0.069603294,5.4554887,1.5797768
1066,0.05142621,-0.02577975,10.244858,3.83482
1067,-0.1987056,-0.14749165,6.7153945,0.983865
1068,-0.05760178,-0.006245707,10.119534,3.515924
1069,-0.14565165,-0.07799354,8.124761,1.8432279
1070,-0.084664255,0.02774697,10.149649,3.5062962
1071,0.0114547685,0.029708063,10.209858,3.3390658
1072,-0.25894558,-0.003742177,9.836286,1.8989446
1073,0.073205784,0.09796886,10.204305,3.5402007
1074,0.017038789,-0.037559554,9.915011,3.5126722
1075,-0.25306818,0.1460208,7.410319,1.4071081
1076,-0.1213737,-0.1244334,8.1299095,5.581832
1077,-0.10537617,-0.07170704,6.0594163,0.7566292
1078,-0.03910147,-0.026198417,10.238161,3.205527
1079,0.010874085,-0.04657697,6.3520613,1.1944633
1080,-0.00018481165,-0.074410796,10.476843,2.296352
1081,-0.13839594,-0.1689593,6.2070117,1.3441393
1082,-0.1796341,0.022043837,10.156659,3.4568675
1083,0.07422682,-0.04386551,7.2607517,1.3193047
1084,-0.028044617,0.16140485,9.209311,-1.9111989
1085,-0.16098136,-0.117396116,6.662596,1.0596466
1086,-0.13174541,0.06498168,8.905455,-0.26565072
1087,0.06401838,-0.25879735,6.2944717,1.4821742
1088,0.07769659,0.026887143,8.501735,-2.558714
1089,-0.10090715,0.0557077,7.402391,0.39032626
1090,-0.13016021,0.081008725,8.454068,-2.6466167
1091,-0.059644535,0.02201234,8.532272,-2.51974
1092,0.068134084,0.115642995,7.9756627,0.9701056
1093,0.004198551,0.07968174,11.054118,1.1890875
1094,-0.26546404,0.009623831,6.920342,1.1070251
1095,-0.08947498,0.062035218,8.458141,-2.6365345
1096,-0.1715066,-0.06963068,7.5285487,1.366537
1097,-0.106282994,0.11265716,6.7587113,4.738884
1098,0.09139787,0.22067106,8.463235,-0.24077103
1099,-0.12999544,0.037761375,8.457358,-2.6369061
1100,0.05570644,0.17830238,10.004459,0.2794502
1101,-0.042093948,0.07088911,8.457981,-2.6332152
1102,-0.10175769,0.058010533,6.9611316,-0.7486079
1103,-0.14325103,0.07702845,9.982547,2.264787
1104,0.03916447,0.10745998,10.071286,-1.0876708
1105,-0.19390538,0.11928682,10.0789,2.3210683
1106,0.13616681,0.067740515,9.076368,2.9453115
1107,-0.2162911,-0.05210635,5.964573,2.5451758
1108,-0.20195961,0.041491106,10.084266,1.881017
1109,-0.18848208,-0.09614356,5.8821926,2.6306767
1110,-0.040999252,0.14975163,9.188297,0.5329346
1111,-0.21859547,0.1103161,5.899702,2.6729474
1112,0.10109563,0.14737883,9.949811,0.13157937
1113,-0.15980777,0.17790368,5.9084387,3.4601276
1114,0.06654708,-0.020338234,7.351858,-0.46786204
1115,-0.035282813,0.049811795,9.323648,2.8782954
1116,-0.07784406,-0.14061241,7.7903905,3.095119
1117,-0.022229359,0.053732768,10.14474,2.2219946
1118,0.06910023,0.06837115,9.431902,-0.97670656
1119,-0.08972251,0.19338134,9.740305,1.9094417
1120,-0.026866823,-0.09382489,7.159009,1.8119354
1121,0.023864541,0.042885974,10.895576,1.3490663
1122,0.011760451,0.08432346,10.082777,-0.15489571
1123,-0.22729988,0.110543475,10.107197,0.8357324
1124,0.17370026,0.063207924,8.30775,0.24117588
1125,-0.031528722,0.1957,13.292204,4.0484567
1126,-0.009023678,-0.017089138,8.486037,-2.5993147
1127,-0.024752611,-0.06660697,10.193322,-2.1463006
1128,-0.20840368,0.10681121,6.7650394,2.492265
1129,-0.01733552,-0.054235898,8.0582905,-0.13529018
1130,0.04410643,-0.009817713,8.525404,-2.5660653
1131,0.030731544,0.14852017,10.525677,-0.61823064
1132,-0.13906583,0.18588537,8.429833,-2.6733625
1133,-0.019176885,0.049569853,8.297508,1.8630451
1134,-0.2698924,0.12477882,8.4451,-2.6366186
1135,-0.098492436,-0.045207217,8.38236,2.4694831
1136,-0.005564384,-0.110324696,8.917639,2.0956063
1137,0.0028996207,0.29356802,9.49696,-1.394373
1138,0.04341478,-0.14817622,8.230057,5.7104626
1139,0.100828305,0.10742131,10.045198,-1.0763503
1140,0.04520239,-0.060692355,8.097438,5.3554215
1141,0.03782084,0.18191105,9.450033,-0.9537309
1142,-0.030445166,0.20327598,11.911879,1.2477939
1143,0.013151962,-0.2586996,8.144621,5.8102937
1144,-0.20351928,0.09269102,9.464067,-1.4494555
1145,-0.053485744,-0.108194895,8.211041,4.870422
1146,-0.016730215,0.10110479,12.026202,-0.20038304
1147,0.047602497,0.02669943,8.129939,-0.183073
1148,0.040940456,-0.013907675,7.231855,-1.3127718
1149,0.02090986,-0.18221453,8.417913,5.3854628
1150,-0.1068248,0.31820408,9.31235,1.4850397
1151,0.10431725,-0.1355524,10.74045,3.1553223
1152,0.07222234,0.23365429,10.280802,0.10756148
1153,0.04923843,0.079802014,11.51729,3.2139773
1154,-0.055057548,0.1367369,9.34373,-0.89779556
1155,-0.0057571474,-0.025963733,8.422767,5.368892
1156,0.07749827,0.18039761,9.426321,-0.9657526
1157,-0.014911141,0.16896573,11.750707,1.2894232
1158,0.16944477,0.18894842,10.226378,-0.47122633
1159,-0.028015412,0.17829269,11.284164,0.9598244
1160,-0.15155783,-0.04545033,7.613893,3.7022595
1161,0.069871485,-0.0737568,8.594616,5.271894
1162,-0.06059981,0.3077906,9.73256,-0.8548143
1163,-0.2137341,-0.17467906,8.034519,5.522877
1164,0.1639192,0.20677912,9.139967,-0.6923519
1165,-0.17963554,-0.20351338,7.991841,5.5953465
1166,0.10887089,0.083877996,9.941807,0.1403589
1167,0.02150575,-0.20199247,8.620643,5.384224
1168,0.007710196,0.35756657,10.668971,-1.0275578
1169,-0.037433773,-0.17336899,8.274182,5.6749544
1170,0.03188947,0.27330497,9.952397,-0.8692942
1171,0.049671516,0.27664533,12.165214,1.1962134
1172,0.11077966,0.1002412,10.547704,-0.688315
1173,0.11084263,0.20530435,11.968688,1.2862664
1174,0.096724,0.11655067,10.507442,-0.72017515
1175,0.079295404,0.22365215,12.078777,1.2896085
1176,-0.06358519,0.08944608,5.7614064,2.7044775
1177,-0.001361642,0.1908075,12.059592,1.2342817
1178,-0.028733693,0.04871644,8.451802,3.8146348
1179,-0.1699172,0.26657876,11.928343,0.5331554
1180,-0.030946422,0.0446183,6.658106,4.748847
1181,-0.13643017,0.058988616,8.074357,5.508657
1182,-0.13809925,0.072193116,6.2271276,3.315021
1183,-0.103851214,0.16217053,8.078455,5.527327
1184,-0.034535572,0.21937987,12.849141,5.459365
1185,0.04441788,-0.15730691,8.478401,5.5803084
1186,-0.15168533,0.03440819,5.6108184,1.5038211
1187,0.013739858,-0.15340018,9.242078,5.442868
1188,-0.07924201,0.08843865,9.2970495,-1.8532542
1189,0.14058006,-0.20275825,8.335566,5.490517
1190,-0.014413986,0.19825459,10.810167,-1.127232
1191,0.044149317,-0.029258432,8.238282,4.7454815
1192,0.004080087,0.020229595,8.388287,-0.23810503
1193,-0.099445105,0.19244175,11.572441,0.89513975
1194,-0.0505311,0.04748285,9.256637,-1.794549
1195,-0.07237949,-0.027925724,10.091175,2.049173
1196,-0.21000588,0.11551325,9.488004,-1.4406406
1197,-0.07674567,0.06417519,10.724231,0.94405407
1198,-0.11238603,-0.012350326,5.5050135,2.0862076
1199,-0.097053535,0.07560347,10.6673,0.93746626
1200,0.15964313,0.15596606,7.64431,-0.44616526
1201,0.05639611,0.0543625,9.304319,2.5629556
1202,0.015129391,0.2732006,9.803928,-1.5159711
1203,0.08143353,0.23985842,11.961715,1.2240443
1204,-0.09524771,0.030891316,9.792217,-0.9971843
1205,-0.0006814711,-0.0670753,12.37854,5.4502544
1206,-0.31843898,-0.054477423,7.591665,3.6876392
1207,-0.07620929,0.18619353,11.836963,0.5123668
1208,-0.045616016,0.09682168,5.9525976,3.4798057
1209,0.009133752,0.2345047,11.763775,1.4412259
1210,-0.094404906,0.35898277,8.669721,-1.3047942
1211,-0.1459712,-0.081753306,12.525262,5.1403146
1212,0.0066930987,0.07256981,8.411574,-1.3221316
1213,0.0065417923,0.15246165,11.202211,1.3084134
1214,-0.0938479,-0.034890495,9.156295,-1.6937973
1215,-0.25591558,0.01992779,8.073757,5.495527
1216,-0.09654304,0.1451021,8.140481,-1.2640718
1217,-0.3260449,0.24673933,6.337671,4.3540225
1218,-0.17289695,0.17037705,8.453108,-1.3450974
1219,-0.037399895,0.11467968,9.959639,2.493473
1220,-0.091968626,0.14311297,8.701687,-1.4731046
1221,0.037438214,-0.13556331,8.296277,5.569643
1222,-0.039009795,0.008411998,8.175826,-1.2080463
1223,-0.0053765215,0.12394351,8.413432,-1.258694
1224,-0.17673744,0.033356026,8.059256,5.584795
1225,-0.06692701,0.1988481,9.789887,-1.5848334
1226,-0.08365932,0.26315114,11.655943,1.5333644
1227,-0.074204564,0.27980262,9.427712,-1.6312838
1228,-0.22918057,-0.05126796,8.026713,4.72732
1229,0.055321157,0.14380002,9.208899,-1.7980365
1230,-0.18773371,-0.10721576,8.016762,5.4834356
1231,-0.18228786,0.09265738,8.135786,-1.2899498
1232,-0.28188688,0.03054157,7.96468,4.7364354
1233,-0.17528495,0.06440946,9.179351,-1.8428162
1234,0.030606642,-0.1693837,8.4996,5.5377083
1235,-0.023886852,0.07879962,8.905853,-1.340323
1236,-0.10983287,-0.17540091,7.8062353,5.640244
1237,-0.045674127,0.23030788,9.458341,-1.6662755
1238,-0.0017186925,0.29678535,10.942667,0.9351512
1239,-0.10087509,0.16045667,10.757584,0.8814942
1240,0.08787133,-0.071810305,10.444337,4.289944
1241,-0.06960799,-0.16135131,8.186116,5.6254234
1242,-0.04762751,0.15467471,8.380644,-1.3048339
1243,0.008013461,0.22134623,11.64476,1.5447127
1244,-0.060440235,0.13289018,8.236053,-1.048717
1245,-0.066987775,-0.0019417815,8.181844,5.7337174
1246,-0.009546436,0.11100872,8.229571,-1.0471334
1247,-0.19311902,0.2240367,12.151023,1.1123711
1248,-0.07894174,0.1682951,8.400725,-1.3065141
1249,0.069324024,-0.12311983,8.384756,5.4786944
1250,-0.053144827,0.13764837,8.401781,-1.3319293
1251,0.038018465,-0.21047333,8.145147,4.607108
1252,-0.11851043,0.082136646,8.372681,-1.346996
1253,0.07473025,-0.14694169,8.172893,5.7550044
1254,-0.08986557,0.06258845,9.414875,-1.677569
1255,-0.2799476,0.0040025283,5.4998965,1.6114315
1256,-0.03801734,0.18189475,9.185233,-1.7429683
1257,-0.150469,-0.0002691429,8.083549,5.411909
1258,0.059470437,-0.013096828,8.083172,-1.1853882
1259,0.08813513,0.3041388,11.772612,1.0077511
1260,0.024047002,-0.05361317,8.12195,-1.1915709
1261,-0.18027064,0.056554332,12.17695,0.68054104
1262,-0.020168688,0.027225448,8.087699,-1.1856172
1263,0.05222477,-0.11146735,10.656171,5.8859015
1264,-0.047888875,0.18177441,8.440202,-1.2985351
1265,0.103788525,-0.12075426,10.61108,5.8769855
1266,-0.053258955,0.0058391467,8.150296,-1.2538785
1267,0.09838274,-0.14012001,10.611514,5.9335833
1268,-0.022123443,0.05563692,8.09661,-1.289713
1269,0.013316277,-0.12171829,10.6018505,5.823159
1270,-0.027704094,-0.032205306,8.098758,-1.2565845
1271,-0.025432384,-0.1156446,10.451778,5.766702
1272,0.018901754,0.20356382,11.50195,0.78638726
1273,0.0020194203,0.07006699,10.575514,5.4300847
1274,0.0019892529,-0.20751758,6.3607817,1.6339225
1275,-0.0021117628,0.12932456,8.433984,-1.2802646
1276,0.14949661,-0.08237962,10.611414,5.4268074
1277,-0.122974426,0.102706164,9.295699,-1.8434461
1278,0.038353078,0.04925742,10.820769,5.225811
1279,0.049194217,0.12470773,8.8827095,-1.6283046
1280,0.14493641,-0.07476813,10.540009,6.031419
1281,-0.25193742,-0.024738738,7.9691534,5.5010953
1282,0.084582,-0.16547835,10.50224,5.690517
1283,0.062328413,0.066018134,8.86749,-1.8040704
1284,-0.04111815,-0.14621995,10.58062,5.6505322
1285,-0.19233918,0.22954959,9.131753,-1.6886109
1286,-0.19432196,-0.005270954,10.522868,5.752483
1287,0.080831125,0.06666633,8.931512,-1.7323844
1288,0.004619062,0.03613261,10.565076,5.4309907
1289,0.16030778,-0.021479692,8.874848,-1.7524396
1290,-0.028074853,0.023418227,10.498931,5.6963787
1291,-0.07349071,0.0802418,8.952824,-1.7894995
1292,0.025181975,-0.13339286,10.6190605,5.909567
1293,0.15432939,-0.09518037,8.838203,-1.7820588
1294,0.15813658,-0.13506135,10.570059,5.8485537
1295,0.0031058192,-0.027019504,8.825493,-1.8258117
1296,0.14497131,-0.17273179,10.442812,5.827011
1297,0.025064949,0.10548279,8.8156805,-1.738415
1298,0.08982915,-0.06557686,10.448604,5.610365
1299,0.050881833,-0.07377148,8.908215,-1.6924224
1300,0.04286764,-0.08185053,10.503308,5.7657022
1301,-0.0016813055,0.08683398,11.054906,3.0145302
1302,-0.08823493,0.025745077,10.572482,5.578331
1303,-0.03658991,0.103489175,8.816996,-1.7829708
1304,0.14930403,-0.0810485,10.56091,5.668695
1305,0.15067637,0.11501226,8.937848,-1.7373933
1306,-0.094392076,-0.028368335,9.683999,5.8782625
1307,0.12518348,0.0065362155,8.894548,-1.7431489
1308,0.044089556,-0.089941226,10.615117,5.7150297
1309,0.04288782,0.21508592,11.270848,1.8355757
1310,0.17057708,-0.10156456,10.607353,5.6913366
1311,0.04836653,0.16460869,8.85042,-1.7658336
1312,-0.06755874,-0.1686661,10.477128,5.7514167
1313,0.11438799,0.013227714,8.817668,-1.6446897
1314,-0.12942918,-0.03570676,6.4402394,-0.20655406
1315,-0.043688223,0.010355843,10.714149,5.816543
1316,-0.19051325,-0.009438125,6.997588,2.4485738
1317,-0.048613023,-0.16410778,6.914768,3.177248
1318,-0.1070264,0.10764258,9.763049,1.8193653
1319,-0.15035287,0.003206065,10.524732,5.8035603
1320,-0.089114726,0.07083663,9.876878,2.0704923
1321,0.0050627813,-0.0840115,10.708898,5.7233677
1322,-0.016724464,-0.048047498,11.264561,3.9603436
1323,-0.053869724,0.0019153468,7.306454,-1.2478459
1324,-0.14318179,0.15184641,10.566524,5.520427
1325,-0.122131094,0.053671204,6.9627986,2.5221763
1326,-0.10837031,0.0001961086,6.9440436,2.47005
1327,-0.1412901,0.02335239,8.073717,4.7426906
1328,-0.00384257,0.004473664,8.807985,-1.7944723
1329,0.006505914,0.035621174,8.373293,2.918302
1330,-0.09706645,0.09269591,8.847398,-1.764854
1331,0.056649193,0.14037868,9.798534,1.0301722
1332,-0.09351042,0.15161571,8.805233,-1.7817837
1333,0.059131965,0.15918031,8.229174,2.902878
1334,0.07923922,0.0072173346,8.734937,-1.7225775
1335,-0.06194239,-0.036863714,8.349774,3.2298539
1336,-9.472668e-05,-0.041296422,6.922798,2.5332918
1337,0.046310306,0.03601134,8.261694,2.484749
1338,0.12487738,0.0018889047,8.950872,-1.6520284
1339,0.11551723,0.009575773,8.577434,2.5218685
1340,-0.047778223,0.062049106,5.764244,2.700829
1341,0.07988076,-0.06304055,11.554556,5.835179
1342,-0.10372122,-0.0009511616,6.2657824,2.6144404
1343,-0.049879294,-0.03064938,8.269998,2.8526103
1344,-0.09014867,0.05417902,6.333884,2.5708275
1345,0.10511586,-0.09051648,8.346607,2.9152007
1346,-0.121588975,0.09341102,11.112823,4.330404
1347,0.096787035,-0.021406798,8.594617,2.5079365
1348,-0.045487635,-0.021799024,7.342643,3.0288422
1349,0.15731835,-0.011495592,8.625923,2.5572708
1350,0.051243454,0.29337248,9.561297,-1.0346359
1351,0.033418305,-0.02425672,9.024484,2.8775802
1352,-0.0929874,-0.08983976,6.2966805,2.5616195
1353,0.062119275,-0.067007884,8.932074,2.5268092
1354,-0.020752216,-0.0706772,6.323647,2.6562326
1355,0.06202528,-0.026588866,8.806928,2.5875728
1356,-0.24100643,0.09655307,6.1809764,3.410185
1357,0.09308171,-0.05594308,9.604722,2.095557
1358,-0.140105,0.14399356,6.34063,2.55527
1359,-0.17322518,-0.025747903,7.6948743,2.874692
1360,-0.12859163,-0.010217815,8.294052,-1.8472648
1361,-0.073965974,0.01462836,7.7462153,2.8502882
1362,0.065925166,-0.22959325,6.612273,1.9391576
1363,-0.07367988,0.20783971,8.200469,3.1052577
1364,0.021023706,0.0004802961,6.336426,2.5126576
1365,0.019332044,-0.11529813,8.401915,3.2931664
1366,-0.1839275,0.063660115,7.754757,3.344984
1367,0.03363292,-0.08480275,8.104468,3.0448823
1368,-0.11997271,0.11704801,9.738336,1.4444306
1369,0.06015253,0.032176502,8.153972,3.082958
1370,-0.0420513,-0.088209525,7.438785,1.2543712
1371,-0.056648064,0.063022695,7.7267604,2.5309522
1372,0.031369224,0.03215596,9.52946,4.8778033
1373,0.004654102,0.039381385,8.369395,2.4790566
1374,-0.020987807,0.15119359,10.570877,2.7329452
1375,0.101371706,0.06615347,8.452011,2.8016286
1376,-0.09683152,0.16422728,6.3254914,2.5558004
1377,-0.037637495,-0.14379285,5.1825886,2.6721733
1378,-0.10301463,0.052499264,6.317894,2.6002462
1379,0.12454444,-0.0562213,11.547569,5.777355
1380,-0.11985484,-0.03449276,6.3149657,2.5468462
1381,0.015217986,-0.01956267,8.753433,2.529393
1382,-0.01769165,0.0516022,6.321875,2.539156
1383,0.19218913,0.061844,8.876486,2.4365687
1384,-0.0785792,0.04652551,6.292962,2.5587468
1385,0.12359384,-0.01846652,8.743177,2.603187
1386,0.02600941,-0.1287442,8.450597,0.47763327
1387,0.14683509,0.004203463,8.826583,2.3944564
1388,-0.031753056,0.059398115,9.730188,1.1493541
1389,-0.049166463,-0.015581471,8.358644,2.8826478
1390,-0.163813,0.07617039,9.776122,1.183574
1391,0.028159648,-0.22035062,8.296646,5.6966834
1392,-0.11628936,0.1347855,8.402127,0.6848842
1393,-0.059234314,0.16825595,8.659507,2.5035062
1394,-0.10461768,0.056153394,7.196076,3.7113543
1395,-0.029231275,0.1914579,8.856331,2.4085805
1396,-0.13956423,0.022912143,9.369621,2.5231745
1397,-0.21172264,0.0053779464,7.147247,2.4409895
1398,-0.25811785,-0.041759014,7.985112,0.83617926
1399,-0.16090941,0.08695915,8.318674,-1.8449134
1400,0.031083725,-0.025297398,6.297553,2.527242
1401,0.072849825,-0.0054602893,8.694388,2.6073778
1402,0.052065916,-0.11656464,6.8107295,0.5134122
1403,-0.03597841,-0.14900409,5.1898146,2.6961641
1404,-0.046610635,0.06441112,10.130199,1.0480099
1405,0.042925462,-0.00468076,8.230414,0.9028544
1406,-0.025991347,-0.05967489,6.0098944,1.1320869
1407,-0.07045824,-0.15870728,8.098794,2.877265
1408,-0.19138637,-0.042244017,5.7518015,1.4472889
1409,0.039619662,-0.080320194,8.351178,2.6054878
1410,-0.1475657,-0.09229612,6.2027955,1.0819962
1411,-0.04813706,0.08596731,8.337285,1.9040397
1412,-0.04288537,-0.058683187,5.969761,0.638986
1413,0.10845703,0.022398295,8.546235,2.5909598
1414,-0.026019186,-0.14454444,5.950413,0.72920245
1415,0.09897512,0.03184896,8.746202,2.457515
1416,-0.2512053,-0.076237395,6.161465,1.4747728
1417,-0.04624033,0.023081759,8.6085615,2.5409307
1418,-0.23816283,-0.13049391,5.3848896,0.793941
1419,0.022662356,0.058535837,8.768257,2.4995713
1420,0.008214258,-0.19558154,5.3817697,0.78581846
1421,-0.025667408,-0.04323855,8.744856,2.5377445
1422,0.060520142,-0.07341687,6.822908,1.778491
1423,0.008597393,0.024782134,8.697764,2.785691
1424,0.023038518,-0.18486992,5.3841615,0.74858844
1425,-0.03835976,-0.06803878,8.619175,2.8625321
1426,-0.13546473,-0.063533686,5.99277,0.9769047
1427,-0.016491428,-0.009430287,8.763588,2.582813
1428,-0.36136568,0.07423568,7.224439,3.0879633
1429,-0.08296284,-0.07279574,8.324003,2.9286468
1430,-0.062616736,-0.07798674,5.9948754,0.7405989
1431,0.16473828,0.0072248615,12.745913,0.6729869
1432,-0.080680236,-0.041158106,5.717571,1.4676952
1433,0.08704029,-0.039443433,8.876946,2.6400285
1434,-0.118747264,0.013317877,5.8187056,1.3521268
1435,0.10257611,-0.08810179,12.083801,-0.868134
1436,-0.21237451,-0.11761053,5.3578396,0.77451557
1437,-0.0972957,0.18768887,10.001162,1.0613388
1438,-0.1701616,-0.14097512,5.355417,0.771785
1439,-0.03377296,-0.01938137,8.683733,2.7955322
1440,-0.069425344,-0.13056768,5.3587036,0.7557086
1441,-0.056960486,-0.07675836,8.652678,2.8366456
1442,-0.12301923,0.013397867,8.701557,2.8746586
1443,-0.07465391,-0.2194137,5.3177533,0.7432925
1444,0.05498728,0.13358606,11.009281,1.4509037
1445,-0.12435572,-0.11607618,5.760056,1.5074764
1446,-0.008245474,0.103553236,7.7458415,2.4868631
1447,0.12732339,-0.15456527,5.3353,0.767764
1448,0.13938555,-0.12108301,7.8642764,1.9000686
1449,-0.0078081526,-0.0957562,5.360743,0.7597984
1450,0.012208227,-0.17420006,8.860451,3.45141
1451,-0.0041172616,-0.19052093,5.3347964,0.76950544
1452,-0.10576462,0.021027429,12.0782585,-0.8790256
1453,-0.1476056,-0.050219163,5.6426764,1.5682256
1454,0.040239237,0.084358096,8.951172,2.3088586
1455,0.016890153,-0.011052478,6.2842584,0.8002994
1456,-0.07138973,-0.017114623,8.800785,3.5968964
1457,-0.118305594,-0.03226173,5.6311727,1.2269279
1458,0.02336575,-0.06939841,8.577189,2.9441192
1459,-0.17828874,0.12674452,5.713212,1.3329765
1460,-0.0013670102,-0.062035657,9.0197315,3.5241208
1461,-0.006130453,-0.1162498,5.8353505,0.6802141
1462,0.07273272,-0.12216278,7.7700915,1.7201731
1463,-0.3188378,0.047054365,5.70981,1.4785179
1464,0.021554902,0.037800208,9.128071,3.594811
1465,-0.27795357,0.07996023,5.7065835,1.5610243
1466,-0.14940195,0.07202669,5.6398625,1.4193084
1467,-0.1257842,-0.19787923,7.4110713,5.9837437
1468,-0.09810254,0.04172592,8.597238,1.3472489
1469,-0.30489448,-0.034004487,9.549618,2.1241891
1470,-0.17759691,-0.007200445,8.299222,1.4798205
1471,0.026940234,0.05902785,9.198824,3.6028366
1472,0.065407895,0.09628707,8.800711,1.2665242
1473,-0.19459543,0.14413098,7.6558304,2.4020286
1474,0.012143005,0.10812324,8.716831,1.2343549
1475,0.034208804,0.0015244242,7.066316,2.6174922
1476,-0.122584395,0.19755366,8.893036,1.0388175
1477,-0.17446694,0.1330963,8.877783,1.1616509
1478,0.06066501,-0.080216475,8.044258,0.24255407
1479,-0.1655384,0.2126553,8.827508,1.1627083
1480,-0.057187747,0.03516399,12.124674,-0.7639271
1481,0.0045515075,0.053231217,8.592804,1.0710607
1482,0.17970335,-0.066341236,9.584223,3.5167005
1483,-0.048193,0.124960914,8.575243,1.2144876
1484,0.12718262,0.005881399,9.236285,3.1572871
1485,0.08305674,0.15813005,8.710174,1.2431124
1486,-0.12322539,0.06314987,8.937077,3.5243053
1487,-0.074171625,0.1178668,8.659078,1.2543672
1488,0.1304313,-0.02648477,9.007766,3.4012444
1489,-0.00022795796,0.116852194,8.860093,-1.775347
1490,0.098637894,-0.1546964,8.977025,3.3426216
1491,-0.093494,0.100526154,8.677105,1.2874032
1492,0.09641501,-0.06926542,8.93277,3.4131007
1493,-0.18765925,0.063373744,8.54867,1.2475146
1494,-0.11367634,-0.053377047,8.472028,2.9621925
1495,0.025681302,0.15586026,8.710066,1.2617022
1496,0.08857502,-0.056363836,9.375455,3.299032
1497,-0.20829147,-0.08418764,8.265275,1.448558
1498,0.045202367,-0.06337678,9.281513,3.4154236
1499,-0.13580513,0.13783453,8.883675,1.1262232
1500,-0.13178276,-0.03829798,7.4800935,1.8976965
1501,0.018214311,0.14383517,8.9122925,1.0169783
1502,-0.09528719,-0.019123815,7.4685607,1.9465349
1503,-0.18477541,0.15478858,8.594351,1.2168812
1504,-0.07785319,-0.10925388,8.709642,3.4980216
1505,0.0046603605,0.13049832,10.932298,0.47970167
1506,-0.16842265,-0.110008225,8.893328,3.6600173
1507,-0.076060995,0.014478395,8.766271,0.8270964
1508,-0.28977185,-0.05513621,8.88731,3.7129822
1509,-0.1900489,-0.025580673,8.104406,0.13491161
1510,-0.037252124,-0.11636972,8.814296,3.6428306
1511,-0.12575772,-0.01099253,11.122901,4.358363
1512,-0.12201929,-0.17899108,6.6904287,3.0901132
1513,0.13629586,0.033696853,8.918518,1.0369667
1514,0.07744013,0.017204197,8.075072,0.16992247
1515,0.09827168,-0.04489632,8.449492,1.3465987
1516,-0.086734444,-0.03655383,8.852872,3.4778333
1517,0.08707084,0.049722448,8.794046,1.0911142
1518,0.011867076,0.16742027,7.5357475,0.29374054
1519,-0.04325682,-0.035977542,5.421448,0.80480486
1520,-0.027296929,0.08364204,7.4351735,0.27336398
1521,-0.26695704,0.20253077,8.56282,1.2486506
1522,-0.13012885,-0.07129294,8.093072,1.4562589
1523,-0.101113595,-0.11902279,10.788497,3.1745203
1524,-0.2697909,0.14348206,9.471425,7.114061
1525,-0.13929701,-0.045826137,8.65202,1.2631403
1526,-0.10259631,0.03292373,8.122728,3.4386406
1527,-0.059310675,0.057747737,8.709518,0.9466038
1528,-0.2388617,0.04509078,9.006871,0.021454196
1529,-0.16422758,0.013138505,8.844402,-1.6532162
1530,-0.123108305,0.24725947,7.980758,0.93155754
1531,-0.114675045,0.09723508,8.537701,1.3429332
1532,-0.14961588,0.16106072,7.94204,0.947172
1533,0.04839021,0.12147227,8.840681,-1.765101
1534,-0.119643055,0.13133135,8.90439,0.63927656
1535,-0.069645226,-0.03265439,8.432022,4.4892526
1536,-0.029839125,0.032448992,11.027679,1.0142767
1537,0.03109102,0.041770592,6.1542683,0.71205914
1538,-0.08351321,-0.1341884,8.839092,1.8435804
1539,0.075677276,0.07663144,8.042445,6.736391
1540,-0.09076486,-0.03756222,6.461414,5.988379
1541,0.018643204,-0.032591123,6.1337485,0.6657918
1542,-0.07667428,-0.048139356,9.455107,5.449505
1543,0.08643961,0.07625517,8.8206005,-1.7932794
1544,-0.08073112,-0.053043388,6.226989,5.8511457
1545,0.10706559,-0.026256295,10.31215,3.3745558
1546,-0.08008713,-0.1366573,6.707783,5.506498
1547,0.037256636,0.04141724,11.358652,6.631702
1548,0.020109907,0.082487695,6.1349444,0.67533636
1549,-0.071389996,-0.06460211,6.3405085,5.92698
1550,-0.10048433,0.03373833,9.9018345,5.9865885
1551,0.0070704445,-0.021990264,6.287626,5.9109015
1552,-0.046587173,0.016928265,10.738156,2.6447964
1553,-0.12972581,-0.03980366,6.1749916,5.809271
1554,-0.053472362,-0.09195455,5.483786,1.5433184
1555,-0.065213054,-0.08622163,6.3946757,5.872044
1556,-0.022466877,0.09133589,11.509114,5.7901645
1557,-0.08722472,-0.027023481,6.260361,5.965641
1558,0.08593354,-0.047755376,8.437649,6.1631527
1559,-0.14809684,-0.01979405,6.452763,6.0396476
1560,-0.01142066,-0.07709743,8.442598,-0.2835789
1561,-0.29914966,0.0267641,6.4063373,4.628844
1562,-0.0050553344,0.10226138,10.687512,4.989772
1563,-0.04702405,0.055466935,8.110293,0.117771715
1564,-0.021985367,0.044384345,10.055993,6.8607326
1565,0.021725416,-0.11602561,7.964436,0.9746401
1566,0.15954402,-0.07776983,7.8903975,2.0979295
1567,-0.16485322,0.13184005,9.265972,-0.3296051
1568,0.0037793145,0.22130412,10.499404,4.945
1569,-0.21337357,0.13874829,8.250862,1.2829779
1570,-0.04545274,0.0037654918,11.054609,2.671296
1571,-0.11710253,-0.12380777,8.089802,5.385163
1572,0.11293465,-0.059596367,8.059006,6.773572
1573,-0.16097799,-0.15186706,8.078775,5.429384
1574,-0.0028572977,0.16627932,6.11738,0.6651539
1575,-0.25842294,-0.048865654,6.36587,5.594153
1576,-0.08763994,0.07602557,6.13965,0.6936335
1577,-0.2252177,-0.078180335,7.597719,5.3039618
1578,0.021782808,-0.0038119648,11.433771,5.705491
1579,-0.15796375,-0.026792921,7.2245984,5.51021
1580,0.07032601,-0.1905238,9.586528,6.435363
1581,-0.1552721,-0.09722211,9.511087,6.546656
1582,0.14262234,-0.04488106,11.089657,4.9382977
1583,-0.14716074,-0.099921525,7.137687,6.222001
1584,0.11752179,-0.054036513,6.324121,1.1785747
1585,-0.24522947,-0.15446702,7.098009,5.2856946
1586,-0.08486156,-0.027128715,6.348405,0.53550315
1587,-0.13363853,-0.09295336,7.949037,1.0010287
1588,0.08710894,-0.071982175,11.248508,5.6707764
1589,-0.2963054,-0.02359257,6.5679865,5.7556505
1590,0.06453327,0.051379733,12.389649,6.1863046
1591,-0.16320422,-0.042386167,9.063894,6.709785
1592,0.055422977,0.17942716,12.597301,1.2111495
1593,-0.17608434,-0.11432874,6.740377,5.929885
1594,-0.16404815,0.13302152,6.1969643,0.5823451
1595,-0.18214071,-0.03339826,10.92476,7.0880823
1596,-0.2303186,-0.049383707,7.716465,5.852006
1597,-0.1907606,-0.10106851,10.989065,7.082504
1598,-0.22371954,0.032968104,7.739403,5.8788147
1599,-0.20383391,-0.06343785,9.4278965,6.7219076
1600,0.0047594607,0.06154099,8.774933,2.6232486
1601,-0.21393356,-0.07998358,6.495872,6.051089
1602,0.049908213,-0.011727968,11.072379,2.668847
1603,-0.07565364,-0.07783074,6.355075,5.9698167
1604,0.03333155,0.057754815,8.036005,6.7303677
1605,-0.21692047,-0.07744779,6.3621635,5.955563
1606,-0.016532436,-0.034835167,9.176543,6.3403416
1607,-0.22048217,-0.021506557,6.46568,6.0335636
1608,-0.14729138,0.12269905,8.1026325,6.667863
1609,-0.21446347,-0.0757629,6.0139136,5.585818
1610,0.030390434,0.095605865,10.359598,2.3900712
1611,-0.17812812,-0.07250555,5.977449,5.6120577
1612,-0.0030278228,-0.098860346,10.247328,-1.5163152
1613,-0.16412818,-0.08314011,6.1022983,5.3729415
1614,-0.15663534,0.07848629,5.3851523,4.9152536
1615,-0.15647578,-0.06686213,6.120656,5.3607035
1616,0.029857352,-0.10378765,7.810476,5.8163443
1617,-0.21536356,-0.05252313,6.013989,5.6080074
1618,-0.004145533,0.04163024,11.165124,5.39339
1619,-0.16265903,-0.027479032,8.108005,1.5049049
1620,-0.30353132,-0.109995,7.7571907,5.835127
1621,-0.04272163,-0.09583332,8.699421,5.610663
1622,-0.28128016,0.018388351,7.721712,5.8671956
1623,-0.0691067,-0.11457094,8.113198,1.517351
1624,-0.04424195,-0.08862257,8.985455,4.0893683
1625,-0.19178423,0.11977212,8.00909,1.500564
1626,0.07534149,-0.017653657,10.268145,-1.6732703
1627,-0.001314383,0.10142392,8.307265,1.1131626
1628,-0.13826886,0.0065129753,12.374359,0.5456055
1629,0.050158933,0.09833996,8.453757,1.043641
1630,-0.14293155,0.009363208,6.1774135,2.455628
1631,-0.22672707,-0.023884322,5.9487267,5.565226
1632,-0.14929959,0.026367182,10.614323,-1.595974
1633,-0.18835565,-0.021649938,5.931474,5.558738
1634,-0.05162037,-0.019395802,6.204263,2.3576136
1635,-0.1780356,-0.034418657,6.153762,5.4131594
1636,-0.093112424,-0.16218595,4.8205733,3.905543
1637,-0.2188276,-0.013733385,6.063313,5.6708035
1638,-0.029519144,-0.029946815,5.8955383,2.0656648
1639,-0.051769517,-0.03432888,6.1304607,5.7446446
1640,0.07652498,-0.05969751,12.006663,5.455003
1641,-0.13254003,-0.016868634,6.1788487,5.6753545
1642,0.071203545,-0.091698274,6.8174767,0.428538
1643,-0.095245376,-0.120376274,6.194121,5.673631
1644,-0.07362802,-0.006228447,9.431376,0.47108766
1645,-0.124824844,-0.07173981,6.175613,5.531483
1646,-0.26810846,0.020329794,5.977607,2.2560132
1647,-0.1249232,-0.034286253,6.1667924,5.3289247
1648,-0.19665156,0.039799184,9.426984,0.43347207
1649,-0.08829458,-0.043761417,6.46082,5.7501965
1650,-0.23417744,0.006173728,5.994583,2.273117
1651,-0.07998183,-0.06939199,6.159915,5.389454
1652,-0.16766883,0.10169743,5.965222,2.2600281
1653,-0.055873707,0.0075220205,6.1353498,5.6953764
1654,-0.18916097,0.059910603,5.958286,2.2718759
1655,-0.11398636,-0.05242227,6.147772,5.6650486
1656,0.022293799,0.04926026,9.458285,0.48936847
1657,-0.16469008,-0.06929843,6.1876926,5.42191
1658,-0.06994706,0.06698273,6.011228,2.2857
1659,-0.1512916,-0.02540503,6.177119,5.3886914
1660,-0.08128551,-0.18549281,6.71728,2.8429284
1661,-0.14497009,-0.09154067,6.143367,5.6986575
1662,-0.19983713,-0.025885995,5.919296,2.179792
1663,-0.074306,-0.0075281933,6.139135,5.7564945
1664,-0.25343782,-0.0066012833,5.908125,2.239633
1665,-0.052326605,-0.022840634,6.0859194,5.710747
1666,-0.033527553,-0.114266515,9.132456,0.66196895
1667,-0.09825653,-0.04004596,6.1426935,5.760733
1668,0.16008866,-0.02395392,10.198654,3.8917289
1669,-0.062149826,-0.10016407,6.111401,5.7259774
1670,0.018994853,-0.005989925,9.147036,0.65457976
1671,-0.03945787,-0.06496547,6.1145177,5.707096
1672,-0.09889064,-0.08865671,6.222437,2.3734202
1673,-0.23736197,0.19933721,9.435992,-1.6593714
1674,-0.22781302,0.049286976,6.430422,3.389566
1675,-0.2985847,0.14036354,8.74072,1.2762412
1676,-0.15308791,-0.030654347,5.6971283,1.8949802
1677,0.052938715,-0.10714581,7.919471,0.9640315
1678,-0.21020988,0.013954541,12.364679,0.4988851
1679,-0.10789433,0.017649183,7.6179757,-0.024515685
1680,-0.079959676,0.045731626,5.829818,1.9966081
1681,-0.056335144,0.0020608213,8.172904,3.386092
1682,-0.28253412,0.011433985,5.815257,1.9977919
1683,0.06733292,-0.10546454,7.9392514,0.952045
1684,-0.2669539,0.14538203,6.127874,2.6279104
1685,-0.16240722,0.029861027,8.274489,1.3406912
1686,-0.20892859,-0.022922467,5.961618,2.3088183
1687,-0.36907765,0.10035137,6.4079366,3.8445122
1688,-0.23306608,0.100706115,5.9291286,2.2743182
1689,-0.22596687,0.19085434,9.406148,-1.6839042
1690,0.034589425,-0.113055065,6.127033,2.3299983
1691,-0.27138937,-0.022913698,6.213823,5.6347246
1692,-0.15751098,0.0030506663,5.9984374,2.313379
1693,-0.31335518,0.0019785315,5.214122,2.7696614
1694,-0.11352268,0.023545595,6.0222435,2.3269002
1695,-0.1294845,-0.027585007,6.864198,5.537679
1696,-0.010344468,0.08091597,6.1328483,2.3100152
1697,-0.0083852075,-0.1765625,6.7277994,5.5087347
1698,-0.13570932,0.11944914,5.7693787,1.9408103
1699,-0.08040322,0.0036708862,8.090925,1.4491012
1700,-0.14746149,0.038178355,7.61646,0.10931741
1701,0.11616588,-0.030809863,8.15982,3.4019308
1702,-0.059258062,0.011141671,9.940849,3.728336
1703,0.06735408,0.2288784,12.376941,1.0877109
1704,-0.020011429,0.08425533,10.044522,3.794912
1705,-0.1234328,0.20065309,12.589116,1.1001437
1706,-0.083054945,-5.031377e-05,9.246374,5.294904
1707,-0.0016924962,-0.020402296,10.564343,5.3901143
1708,0.05056625,-0.05635362,9.497026,3.8186734
1709,-0.031034335,0.058653034,11.26322,3.423786
1710,-0.004881598,-0.06857148,9.965066,5.309906
1711,0.024993256,0.042916596,11.298706,3.3804014
1712,-0.15068617,0.1425689,9.625952,3.6098216
1713,-0.039306924,0.033695705,11.346219,3.6453497
1714,0.008341983,-0.0503861,9.494748,3.7872145
1715,0.0035778545,0.06649332,11.33596,3.6257927
1716,0.0132041685,0.0008376166,9.424154,3.864416
1717,-0.010383736,0.07094548,11.313544,3.5982122
1718,-0.069784604,0.11998235,12.210635,0.7014456
1719,0.008801073,0.04036413,11.365505,3.769119
1720,-0.074107155,0.11612269,12.136305,0.9407177
1721,-0.23120551,0.09865391,11.23097,3.2407894
1722,-0.06709422,0.19474354,12.074437,0.902745
1723,-0.22406796,0.1320372,11.417502,6.724301
1724,0.08371586,0.12629676,9.575653,3.863676
1725,-0.18554157,0.040406726,11.396625,6.805745
1726,0.06322606,0.113432586,9.581643,3.840393
1727,-0.14047232,0.038070478,11.391967,4.1865396
1728,0.08004509,0.15449417,9.601032,3.876909
1729,-0.08737704,0.048168518,11.365852,3.9413228
1730,0.007212788,0.025277754,9.487991,3.8079958
1731,-0.084708825,0.10150701,11.276757,3.4452329
1732,-0.022856206,-0.00044241548,9.460827,3.8542316
1733,0.032304272,0.012955211,11.296995,3.6162176
1734,0.060496934,0.046201922,9.650394,3.6042352
1735,-0.047651626,-0.0023360364,7.871062,0.4479381
1736,0.019314602,0.071498886,9.521994,3.8155863
1737,0.123197615,0.099140935,12.485526,1.3570563
1738,-0.20608816,0.16129775,11.722694,0.9121556
1739,0.039093047,0.07517323,11.190309,3.4170547
1740,-0.14659892,0.1079621,11.574826,0.90354484
1741,-0.0023193546,-0.041955516,11.256283,3.3251445
1742,-0.06684294,0.19381744,11.502293,0.8778395
1743,-0.030072412,0.040938072,11.2284155,3.3163178
1744,-0.2012144,0.129762,11.442155,0.87731856
1745,-0.031314157,0.0063324403,11.347542,3.7106001
1746,-0.22014326,0.19905572,11.772906,0.9775
1747,0.027978383,0.084011376,11.359419,3.7091331
1748,-0.23180851,0.19905269,11.5970335,0.9494758
1749,-0.0028407574,-0.038972564,11.190999,3.508895
1750,0.047947943,0.03753519,9.560395,3.8379266
1751,0.0032750368,0.033785082,11.410292,3.882109
1752,0.040712014,-0.0069446815,9.48545,3.769538
1753,0.037151426,0.14412987,12.386419,1.1318353
1754,-0.047447905,0.023694186,9.734211,3.81233
1755,-0.06958086,0.20404099,12.547043,1.0775691
1756,0.0071061254,0.08823599,9.943344,3.8296957
1757,-0.14835438,-0.07953505,6.524782,5.9996924
1758,0.036087938,-0.04803975,9.410739,3.9508398
1759,-0.124378674,0.10110515,10.153296,1.8181813
1760,0.036787376,-0.15151314,8.74448,4.214021
1761,-0.10518885,0.098530635,11.490163,4.6258235
1762,-0.04232754,-0.017021209,9.438894,3.8184226
1763,-0.15407884,0.056480393,11.464453,4.5677333
1764,-0.009295298,0.022496993,9.565828,3.8363924
1765,-0.18990362,0.111664444,11.452019,4.034084
1766,-0.09111768,-0.032497425,8.890633,3.4876888
1767,-0.12153552,0.06079863,11.418315,4.047842
1768,0.023883041,0.0015614461,10.347186,6.998665
1769,-0.015465798,0.027222967,12.714548,1.3831491
1770,-0.02849931,0.124099866,12.016718,0.8613972
1771,0.041335203,-0.044768482,10.569703,5.2804456
1772,-0.096683264,-0.06181234,8.822532,3.4171069
1773,0.014160078,0.13150795,9.850627,4.2190638
1774,0.045071654,0.16013765,11.26841,3.3804402
1775,0.022776335,0.013925096,7.346858,6.7359753
1776,-0.038308386,-0.061867982,8.002492,4.544592
1777,0.040639877,-0.030806694,9.597814,4.712879
1778,0.06835464,0.025413966,12.729438,1.4447514
1779,0.045732394,-0.031549674,9.534992,3.8948672
1780,0.0502816,0.21022984,12.357359,1.1698484
1781,0.042871006,-0.0038738959,9.622682,3.8856757
1782,-0.19187547,0.058194183,7.719296,4.3073936
1783,-0.16582325,0.019523518,6.3402185,4.4677587
1784,-0.04486158,0.16687794,11.22931,3.3752716
1785,0.026249468,0.21278852,9.837736,3.9412832
1786,-0.045629174,0.037587196,12.745437,1.3611517
1787,0.104178,0.13838744,9.920798,3.8715358
1788,0.04503201,0.22249177,11.317025,3.257356
1789,-0.065761596,-0.0050121928,9.415019,4.091803
1790,0.004676629,0.042869978,12.706992,1.383972
1791,-0.012299061,-0.026764091,9.594308,7.2695427
1792,-0.014136041,-0.00988752,8.083295,2.8638406
1793,-0.065883614,-0.18449354,8.486219,4.51459
1794,-0.19385523,0.18166298,12.606757,1.102868
1795,0.059616685,-0.03432835,12.019209,-0.9346582
1796,-0.049334567,0.1297034,11.285374,3.3965845
1797,0.0679234,-0.07884898,8.534421,4.919308
1798,-0.056713454,0.08290501,12.754745,1.4050927
1799,-0.07862756,-0.062230766,8.619491,4.904873
1800,0.05246149,-0.03270475,11.43215,6.767317
1801,-0.011007134,0.112529725,11.880857,-1.0234252
1802,-0.18021311,0.061760582,8.505099,2.4406645
1803,0.00033421442,0.0379086,8.194909,5.3039093
1804,-0.17286065,0.06101522,8.314728,2.844148
1805,-0.056091648,-0.060870335,8.262033,5.168347
1806,-0.018205719,0.08878189,11.4715185,4.6716623
1807,0.02922976,-0.043468162,8.578596,3.0457346
1808,-0.18682325,0.11526626,6.4552484,3.9496653
1809,0.09684439,0.020465193,10.238679,4.2121005
1810,-0.073246375,0.025500039,11.421624,4.0086193
1811,-0.045442745,-0.028905123,6.0274854,1.6745254
1812,-0.05647272,0.1268488,12.7502365,1.4566767
1813,-0.009818014,0.012091359,10.706234,4.6806045
1814,-0.0086450875,0.113004684,12.796324,1.4080166
1815,-0.04862071,0.09232854,11.178737,1.146562
1816,-0.19669554,0.019061564,6.495162,6.019727
1817,-0.045216,-0.051165827,5.9296436,1.5579678
1818,-0.16670892,0.033990294,11.222973,3.254969
1819,-0.09344675,0.017373828,5.940212,2.070724
1820,0.05038151,0.3074952,11.27023,3.449281
1821,-0.020377085,-0.06075169,7.482634,4.80511
1822,-0.0067039616,0.19542992,12.449961,1.0934001
1823,-0.06131808,-0.06431374,5.670635,0.9341796
1824,-0.038218174,-0.016804088,6.525305,6.04757
1825,-0.12890533,-0.10718025,6.6393,5.095009
1826,-0.15916795,-0.027760386,7.8297677,0.3437285
1827,0.029554285,-0.15120746,8.484692,5.8299966
1828,0.12899327,-0.1406311,8.492419,3.207703
1829,-0.15306565,-0.07896109,6.6243286,3.851161
1830,0.022346154,-0.006985803,9.265021,6.4730887
1831,-0.1440792,-0.11003137,7.3018837,3.3788028
1832,-0.014549941,-0.07648538,11.677725,-1.2373364
1833,-0.021332324,-0.00049939007,5.605546,3.7811964
1834,-0.04125702,-0.08579771,7.34793,-1.2259649
1835,-0.012682106,-0.17387225,7.2132645,3.2785492
1836,0.035328418,-0.06552312,11.72633,-1.0566115
1837,0.11335096,-0.14889929,8.0007,3.5604286
1838,0.06685189,-0.0634599,11.694411,-1.2295042
1839,-0.030281328,-0.097845286,10.635806,2.5824065
1840,0.08157584,-0.14799652,8.075446,5.445922
1841,0.0035929084,-0.08935903,7.2380366,3.2215223
1842,0.10737245,-0.05608675,11.970548,-1.0967062
1843,0.10179797,-0.21427105,7.5271306,3.3887699
1844,0.025813423,0.02551599,10.765493,-1.6105871
1845,0.044411577,-0.16743843,7.4448695,2.746878
1846,0.10818091,-0.03952771,11.933039,-1.1350274
1847,0.016640633,0.14280531,9.363836,0.13525558
1848,-0.035595994,-0.13923487,8.5292225,4.961324
1849,-0.15273902,-0.048972726,7.166652,2.4557638
1850,-0.06841853,0.0044494215,12.079934,-1.1256051
1851,-0.12784232,0.033202656,10.031483,-0.27189103
1852,0.06068474,-0.10434599,7.747391,4.153765
1853,-0.1519588,0.03401293,8.171133,3.4074194
1854,-0.15568595,0.0795703,7.9409494,3.1164675
1855,0.03268995,-0.06688098,5.755214,0.71981883
1856,0.07298896,-0.13547732,8.0812025,3.482065
1857,-0.049793825,0.034439795,9.1283865,0.015965804
1858,0.11587566,-0.16434261,7.5648303,2.9451876
1859,0.0957364,0.066888675,10.9374695,-1.3716288
1860,-0.011982236,-0.057276256,6.8446565,3.200756
1861,0.017560922,-0.004188545,10.394059,-1.6913381
1862,-0.034607723,-0.1567071,7.8058543,1.446601
1863,0.027821675,0.14188975,12.772259,0.6791127
1864,0.023717076,-0.020927057,7.536534,3.4702644
1865,0.057050318,0.012646703,10.205445,-2.1302893
1866,0.04082036,-0.10342787,7.5342135,3.4785078
1867,-0.0016477406,0.08468245,10.484412,-1.6646854
1868,0.031072572,-0.101943836,7.2236867,2.2552624
1869,-0.04629647,0.097826734,10.723826,-1.80289
1870,-0.11988595,-0.13346954,8.832668,0.3605764
1871,-0.13495697,-0.03577351,8.298031,-1.8832781
1872,0.019295938,-0.13001074,7.5160966,3.2886667
1873,-0.025759738,0.055461816,9.318344,-0.23171894
1874,0.02377417,-0.08699015,7.0472317,-0.71239364
1875,0.058251947,0.14662792,10.689894,-1.4169368
1876,-0.060651883,-0.08271219,6.4955187,-0.4528208
1877,0.06588003,0.046719685,10.418086,-1.7055298
1878,0.046999156,-0.02110716,6.517905,-0.8226311
1879,0.048419423,0.16700622,12.716111,0.61461335
1880,0.057315953,-0.061710596,6.636953,-0.8389114
1881,0.0659018,-0.003817983,10.290185,-2.0543067
1882,0.003981624,-0.0043178033,6.8705063,-0.6176324
1883,0.04224661,0.058993764,10.52965,-1.6580496
1884,0.07371869,-0.035581905,7.362789,-0.3353482
1885,0.023937427,0.15997042,10.720748,-1.6842777
1886,0.10686855,-0.1182366,6.5301604,-0.30006668
1887,0.08916752,-0.21917644,8.239451,6.0301204
1888,-0.017341636,-0.1681084,6.3621273,-0.60641193
1889,0.10993832,-0.08270261,8.306145,6.1627774
1890,0.14290033,-0.03235242,7.3972964,-0.35446668
1891,0.03398093,-0.17030156,8.239363,6.0694203
1892,0.0182283,0.017969118,8.356389,-0.5464268
1893,-0.029226465,-0.024782624,11.878261,-1.0223914
1894,0.09433995,0.08993399,11.8691,-0.9651987
1895,-0.075373136,-0.024252195,6.528827,-0.8160992
1896,0.08812969,0.112732366,11.9323225,-1.0932701
1897,-0.040794495,-0.08333218,6.5622168,-0.80181074
1898,0.02831646,0.13971499,10.193337,4.335894
1899,-0.080236465,-0.06937959,6.539441,-0.45202482
1900,0.1030086,-0.028694114,10.237817,4.255255
1901,0.14466679,-0.086952955,6.7151365,-0.16742352
1902,0.023718666,0.15295583,11.874727,-1.0930339
1903,0.008117415,0.13545948,6.714344,-0.22996986
1904,-0.037919793,-0.12042321,8.560371,4.962776
1905,-0.09758217,-0.079043105,7.003592,-0.82253265
1906,0.10509369,-0.0033964142,10.142099,4.2189703
1907,0.12127009,-0.044892654,7.387377,-0.34323865
1908,0.09280884,-0.026487162,8.527457,3.0731943
1909,-0.025451727,-0.02526464,6.691483,-1.0312306
1910,0.089247674,0.029989278,10.115023,4.2280216
1911,-0.2377955,-0.011652395,8.265791,-1.8959817
1912,-0.020088501,-0.06429532,11.722308,-1.2168102
1913,-0.013184719,-0.040735513,6.8071485,-0.2925913
1914,-0.033915885,-0.050321534,7.3203974,-1.2869612
1915,0.018948678,-0.06707841,11.792147,-1.181916
1916,0.061750628,-0.065510474,11.767305,-1.2280208
1917,-0.036612824,-0.09300388,8.138306,1.1531337
1918,0.072810814,-0.22717053,8.665779,5.4010196
1919,-0.014940267,-0.12932912,8.0656395,1.1660931
1920,0.057602987,-0.07866679,8.921112,5.1856704
1921,0.059933588,-0.052454434,6.452606,-0.65002006
1922,0.041485146,-0.13923624,9.452889,5.6482034
1923,-0.06816621,0.0054964963,6.5001864,-0.7610276
1924,-0.12097394,-0.09675061,8.574398,4.940107
1925,-0.07432376,-0.0559102,6.5717077,-0.7598535
1926,-0.05679207,-0.09046875,8.520114,5.0083528
1927,-0.068262696,-0.016704084,6.873567,-0.64213574
1928,-0.0064200945,-0.09795372,7.1951656,5.3132534
1929,-0.121912204,0.007923668,6.5513062,-0.57939833
1930,0.04425504,-0.11551246,12.517621,6.062964
1931,0.037036806,-0.06916304,6.955808,-0.68243676
1932,0.034310445,-0.098259166,12.000775,5.031929
1933,-0.0022769049,0.031708866,6.8874626,-0.61968863
1934,-0.12517087,0.14193417,11.852433,5.1642356
1935,-0.08178361,0.075453795,12.329255,5.9086447
1936,-0.22825637,0.09254044,8.315656,-1.8605926
1937,0.20544454,-0.04930707,12.485397,5.999521
1938,-0.0803877,0.081058145,8.746266,-0.11348543
1939,0.155305,-0.019846924,12.516282,6.0712
1940,0.08098747,0.15890907,6.6803765,-0.27452666
1941,0.057840854,0.0041169934,11.77964,5.1940007
1942,-0.1273914,-0.04872995,6.5267253,-0.5115505
1943,-0.09974344,0.00793612,11.9010105,5.2795763
1944,0.05500923,0.12208457,6.6660705,-0.16500087
1945,-0.028302953,0.01001334,12.428287,5.8695645
1946,0.11707945,-0.08486092,6.471309,-0.68113184
1947,-0.0051230825,0.052519515,12.513765,6.0610056
1948,-0.052225776,-0.032015316,8.030048,3.5512578
1949,0.012568664,-0.06639639,12.532202,6.0804906
1950,-0.2652834,0.03631851,6.289016,-0.55674505
1951,0.041638896,0.1288009,12.5217705,6.0677805
1952,-0.02540618,-0.019414807,6.533142,-0.8248886
1953,0.12750334,-0.12246306,12.461652,6.097719
1954,0.0017202869,-0.06876914,6.5807014,-0.82180023
1955,0.029951014,0.06363254,12.057285,5.2131724
1956,0.06882164,-0.07001475,7.069955,-0.6971844
1957,0.06010109,0.028455423,11.833432,5.514656
1958,-0.015620394,-0.034546725,6.7007422,5.5109954
1959,-0.030026797,0.025553418,12.4338,6.1620555
1960,-0.03170842,-0.06852024,6.869621,-0.63658935
1961,0.08818762,-0.23945975,8.311663,6.1633773
1962,-0.01022868,-0.029596277,6.5495276,-0.73283887
1963,-0.05137451,0.05530852,12.107281,5.6259694
1964,0.08950274,-0.030266896,7.060948,-0.7085242
1965,0.09908147,-0.05353924,12.4802475,6.0543222
1966,-0.009854589,-0.175834,7.318247,2.5547836
1967,0.016803723,-0.076110154,12.061544,5.038421
1968,-0.13817152,0.0009058099,7.014227,-0.81592745
1969,-0.036564782,0.020753609,12.154608,5.6386733
1970,0.015017685,-0.027488967,6.7559867,-0.9683681
1971,0.05889021,-0.107994355,11.811922,5.518336
1972,-0.055791687,0.1794896,10.379296,-0.28880128
1973,0.017320722,-0.10566172,6.631434,-0.87446636
1974,0.06250684,-0.0071628634,10.111294,5.073246
1975,0.0770558,-0.012205945,10.045478,3.506638
1976,0.16221838,0.0928977,12.52179,6.0044703
1977,0.012192734,-0.124862,7.3788037,2.5212088
1978,-0.28990522,0.078103706,12.002065,5.154627
1979,-0.19981603,-0.06234125,6.3529363,-0.6192304
1980,0.14381549,0.09680147,9.934997,4.367056
1981,-0.09514077,0.008442333,6.5646653,-0.7316647
1982,0.13674751,0.008278584,12.491802,6.064699
1983,-0.097927555,-0.04475625,6.617418,-0.81280017
1984,0.0053039677,-0.11005989,8.10549,4.1970444
1985,-0.016108263,0.17765217,10.747363,1.6320812
1986,-0.017786825,0.013513491,6.7189007,-1.0644674
1987,-0.019584311,0.30635914,10.707216,1.544084
1988,0.09657876,-0.06679518,6.4395137,-0.67910033
1989,-0.008958403,0.009848235,8.475437,4.434843
1990,-0.29463664,0.005670009,6.210564,-0.49167362
1991,0.03220477,0.0120872315,8.424758,4.1393113
1992,0.14120585,-0.05875679,6.7415595,-0.11156203
1993,-0.118829444,0.03632777,10.480976,5.7660747
1994,0.048667304,0.17980793,6.749114,-0.16448148
1995,-0.041935086,-0.012305402,7.1311917,6.3738394
1996,0.0702301,-0.17791744,8.883209,4.5437536
1997,0.00018632412,-0.118704334,7.7306457,5.956273
1998,0.06800367,0.09593312,9.986198,1.759703
1999,0.025569927,0.031113332,9.572969,6.3945465
2000,-0.1677576,0.15296045,11.529871,4.7542663
2001,0.023429334,0.018098852,9.959211,6.2920513
2002,-0.15390524,0.07800578,5.752128,3.260643
2003,0.116597235,-0.09880459,10.301895,5.8376446
2004,-0.02004177,0.012231899,10.716405,-1.8164083
2005,0.03477692,0.10025655,10.394821,5.7172575
2006,0.05372987,0.038299546,8.957265,2.3189297
2007,0.036492385,-0.0021446552,10.264106,6.0724454
2008,-0.012049425,0.015659282,8.49231,2.5862482
2009,0.13331495,-0.04739715,10.4314785,5.5232143
2010,-0.18435174,0.08531889,8.768183,-0.5067462
2011,-0.025507241,0.05101943,10.674256,5.6970162
2012,0.079398364,0.017673636,8.260442,3.0247529
2013,0.04456933,-0.03393305,11.180018,6.10057
2014,0.11232957,0.19791988,8.868008,2.309101
2015,0.09333135,0.00855992,10.9364395,6.0764437
2016,-0.11664996,0.2586607,9.547044,-1.3486305
2017,0.1595523,-0.017918387,10.295861,5.8399553
2018,0.014973022,-0.027911054,5.9252124,3.5167148
2019,0.08278028,0.0041714273,10.135697,6.0361137
2020,-0.06954536,-0.1219413,9.559998,5.0852647
2021,-0.15987502,0.12687825,5.7730017,2.718693
2022,-0.03674009,-0.07907683,8.840919,5.5436974
2023,0.19147263,-0.04240305,8.938688,2.3191884
2024,-0.06507996,-0.06313548,9.564351,4.94561
2025,-0.0059334934,0.16666831,10.337917,-1.1233689
2026,-0.03835219,0.017308602,10.557191,5.816175
2027,-0.15232322,0.14950019,5.7502007,2.6817684
2028,0.13047343,-0.06177672,9.350854,4.1449604
2029,-0.07252049,-0.011464243,10.741544,-1.8264756
2030,0.13603857,-0.069814794,9.294437,4.1411943
2031,-0.19135521,0.18375322,9.039117,3.5419176
2032,0.16913089,-5.0174072e-05,11.262777,5.8353467
2033,-0.13068476,0.11232975,5.805048,2.6324804
2034,-0.18517336,0.009840202,7.1834745,4.3923473
2035,-0.102136426,0.20904493,12.859461,0.7120138
2036,0.04933296,-0.04726736,11.228974,5.9400616
2037,-0.13424312,0.029235722,5.822521,2.6343827
2038,-0.018569464,-0.019397384,10.765965,6.116447
2039,-0.10860286,0.075321525,5.812486,2.6155026
2040,0.03388513,-0.15138152,9.509698,5.1036844
2041,0.04489156,-0.19542044,8.836351,4.317719
2042,0.0068684816,-0.018214688,9.01145,5.600665
2043,0.06473671,0.047803782,8.924906,2.2857664
2044,0.055720717,-0.07441726,9.572194,4.980651
2045,-0.19573101,-0.06740908,5.6186523,3.415292
2046,-0.11788234,0.13583454,10.99241,5.029168
2047,0.1922553,-0.11559199,8.905037,2.3169065
2048,0.052581683,0.048683405,11.28567,6.908709
2049,0.0047487095,-0.011419522,9.953609,1.782014
2050,0.0019787997,-0.08127061,9.149328,4.122466
2051,-0.11405197,0.15737629,8.269376,-2.0420449
2052,0.076386735,-0.10187523,9.202156,4.143199
2053,-0.15925054,0.05968219,3.9493444,4.6497827
2054,0.10460666,0.06185063,10.954811,5.620285
2055,0.11485839,0.041183263,8.898148,2.3720157
2056,0.09300433,0.13935773,10.901623,5.6219926
2057,0.06891711,-0.024563279,9.517396,6.3355265
2058,0.15793768,0.016932113,9.114365,3.0609176
2059,0.12076655,0.0839171,10.767772,5.6526065
2060,-0.037013605,0.026736861,7.563463,0.18307927
2061,0.1288073,-0.07485905,9.514918,5.831584
2062,-0.1254542,-0.049212277,5.5372944,2.8435695
2063,0.0431652,0.014785318,9.866748,6.260034
2064,-0.07993418,-0.13753644,6.6790805,0.3290844
2065,0.0995705,-0.03255693,8.464693,4.470859
2066,-0.11328915,-0.09862619,8.157416,2.4072962
2067,0.13483629,-0.056936547,8.432088,4.1384354
2068,0.020197064,-0.03269021,6.751588,0.2780399
2069,0.16034847,0.037890814,11.051242,5.5412793
2070,-0.0125812385,-0.044229053,6.7226005,0.28528756
2071,-0.015533738,-0.06623125,7.106813,6.3684525
2072,-0.019297935,-0.24258155,6.8672647,0.6269386
2073,0.02532814,-0.088681936,7.7830687,5.953183
2074,0.0805213,0.014540302,6.9245715,0.28267688
2075,0.122116864,-0.076563895,9.531398,6.350895
2076,0.06793024,-0.040007077,6.838129,0.18678649
2077,0.16360006,-0.01006823,10.86118,5.6858997
2078,-0.025455413,0.029684527,6.7834506,0.3663507
2079,0.13776916,-0.09263472,9.518281,6.0214777
2080,0.054968894,-0.08860369,6.7594657,0.26487258
2081,0.1137093,-0.035425067,9.693738,6.094138
2082,-0.19735879,0.03837739,6.7334924,0.33126965
2083,0.078314625,-0.05722253,9.840268,6.2476683
2084,-0.17674659,-0.015981777,6.819079,0.76314026
2085,0.0049407445,-0.0027906634,11.233307,7.017767
2086,-0.10972299,-0.0764313,6.725881,0.26096478
2087,0.019505173,-0.051575035,11.231162,7.01055
2088,-0.06913976,-0.116292045,7.4981747,2.6872928
2089,0.062738776,-0.10730827,9.583581,5.04201
2090,0.040104404,-0.20322034,7.446907,1.87608
2091,0.045148984,-0.02408672,9.008333,5.557279
2092,-0.070530266,-0.01580052,6.8703423,0.55890787
2093,0.0687849,-0.060586162,9.620891,4.991183
2094,-0.06401656,0.036023393,6.9087915,0.39354566
2095,0.064217955,0.013662519,6.250929,3.855989
2096,-0.119467035,-0.038285255,6.709077,0.3046061
2097,-0.006464772,0.09495364,6.3683195,3.9825163
2098,-0.079590365,-0.13938916,5.4852576,2.8651414
2099,0.03430116,-0.04786828,10.200497,5.5491285
2100,0.03948994,-0.10315207,6.8519273,0.45795947
2101,0.022536855,0.054400444,10.1781645,5.4723873
2102,0.023057714,0.01568043,6.948628,0.39009762
2103,0.15341225,-0.0041486397,10.023875,5.163832
2104,0.02003884,0.056119338,7.3076677,-0.20102994
2105,0.018616978,0.044838786,9.900203,3.8769515
2106,0.09888595,0.077072985,8.852045,2.2547247
2107,0.014748894,0.13686693,9.885507,3.945501
2108,0.13156846,-0.00938049,6.811964,0.31450406
2109,0.13935566,0.11905852,11.177872,5.6302876
2110,-0.0941716,0.024224186,7.8277235,1.5897881
2111,0.07802698,0.05015432,11.222864,5.1005783
2112,-0.20183656,0.10429528,6.7273397,3.5883808
2113,0.05051642,0.10439761,10.876792,5.631283
2114,-0.16431427,-0.025253747,5.836614,3.3148527
2115,0.001714386,0.08897744,11.47393,6.073754
2116,-0.016707351,-0.1321288,6.667166,0.16732456
2117,0.00016275793,0.14972909,11.192982,5.6415753
2118,0.013500646,-0.07211973,9.595108,0.7311255
2119,0.17049739,0.016450131,11.4013815,6.08813
2120,-0.12884393,-0.08734235,6.715815,0.27256638
2121,0.08301365,0.1029008,11.337854,5.8021293
2122,-0.023793109,-0.11108971,10.849826,-1.8949069
2123,0.08851224,0.015392726,11.425623,5.9732275
2124,0.037888095,-0.087060764,6.7662935,0.43573573
2125,0.08953443,0.036908306,11.370965,6.112951
2126,0.123613805,0.075583234,6.921648,0.45255467
2127,0.12582618,-0.036157727,11.319484,6.1343684
2128,-0.19830094,0.044557437,10.949597,3.0191739
2129,-0.023254853,0.01490186,11.227229,5.675655
2130,-0.2323848,0.06367589,8.164193,3.420535
2131,-0.208303,0.17844017,11.465982,6.0969496
2132,-0.12724873,0.09046595,11.452179,6.07513
2133,0.13537331,-0.07190196,6.6088705,0.4534721
2134,-0.08397422,0.11071052,11.197964,5.591632
2135,0.006186068,-0.08453779,8.219976,2.7570727
2136,-0.24047725,0.16811232,11.178654,5.579138
2137,-0.17416179,-0.05178342,10.92916,2.9838424
2138,-0.20265374,0.19836752,11.159727,5.6160855
2139,-0.15719458,0.059639126,10.615291,5.564396
2140,0.06873404,-0.04868462,9.2067175,3.5029573
2141,0.032844245,0.18400276,11.4619055,5.761582
2142,-0.08395602,-0.04611221,8.173685,0.66254157
2143,-0.13303016,0.15687874,11.504977,6.113457
2144,0.019029576,0.19912294,11.507878,6.108854
2145,-0.21089578,-0.028710926,6.6936545,0.69345194
2146,-0.05931349,0.088110395,11.179162,5.5751157
2147,0.016199753,-0.038026676,6.8120995,0.35350308
2148,-0.02830927,0.11791715,11.476019,6.0234714
2149,0.06859016,-0.01458689,6.775787,0.25399488
2150,-0.13814476,0.12876952,11.46662,6.1154575
2151,0.015704084,-0.01424737,7.131036,0.21834362
2152,-0.03107611,0.070995286,11.463692,6.08231
2153,-0.23221949,0.28537592,6.74971,0.3431711
2154,0.046061605,0.07712957,11.459655,6.0904956
2155,-0.073244095,-0.057027794,7.1210666,2.6248302
2156,0.13557005,0.15575352,11.206057,5.7294865
2157,-0.06796463,-0.05345387,6.9318604,0.4531002
2158,0.026926808,0.119109645,11.2058735,5.6571236
2159,0.06045015,-0.012908622,7.0148134,0.52527696
2160,-0.018689135,0.0968257,11.395211,6.101728
2161,-0.016835961,-0.00037666224,7.1105213,0.7649541
2162,-0.18388934,-0.12943195,5.747908,2.9004736
2163,-0.246632,-0.04240385,5.940859,1.3353575
2164,-0.2531735,-0.032754052,6.834657,0.7012483
2165,-0.19731855,-0.033962995,6.064497,2.3258104
2166,-0.07599327,0.024911048,7.141017,0.78799117
2167,-0.15499258,0.23659658,6.725166,0.33784413
2168,-0.101565346,0.2555507,11.629681,1.5630348
2169,-0.062493265,0.06915994,11.118596,1.196952
2170,-0.15099129,0.124539346,11.737017,1.3441316
2171,-0.11457077,0.13190076,11.14451,1.1453063
2172,0.057433903,0.16569094,10.432215,4.5764523
2173,-0.13801035,0.010631507,8.641457,5.550414
2174,-0.11047496,0.11803153,8.787771,1.019533
2175,-0.089665614,0.05138138,8.312794,1.7060778
2176,-0.048785012,0.027410744,10.319277,0.5388994
2177,-0.051199134,0.08118503,10.575242,3.431439
2178,-0.108387634,0.32691506,10.358585,0.40724462
2179,-0.17603493,0.31169856,11.760139,1.4227087
2180,-0.13274005,0.24380335,11.4334135,1.8695905
2181,-0.07413897,-0.028030213,6.6554704,4.8407183
2182,-0.120283924,0.16203013,9.645152,3.6146805
2183,-0.14910203,0.23234867,11.672847,1.4992728
2184,-0.11111767,0.08612909,11.134863,1.1590974
2185,-0.19743413,0.13692316,11.761807,1.4134475
2186,-0.17758618,0.10799612,11.2126045,1.213729
2187,-0.13508534,0.06629632,8.758948,0.9893413
2188,-0.2031149,0.056514584,8.361465,1.634233
2189,-0.09650191,0.08600875,10.619038,3.4638193
2190,-0.20858903,0.27742144,11.675869,1.440772
2191,-0.21183631,0.22466254,11.437873,1.8845685
2192,-0.19539727,0.0999995,9.486659,3.302097
2193,-0.32478696,0.095754266,7.043697,3.9583235
2194,-0.18683699,0.065195344,12.123946,5.6832104
2195,-0.19930917,0.062788166,9.429745,3.6125607
2196,-0.28655547,0.112016276,11.653181,1.5325396
2197,-0.31069013,-0.020287082,12.5516405,6.0754905
2198,-0.21248141,0.018194305,12.521869,6.1025457
2199,-0.15627255,0.13390446,9.62925,3.8500824
2200,-0.1453846,0.0489114,10.167469,2.9197567
2201,-0.07992938,0.050456673,10.406104,3.3740132
2202,-0.22801091,0.15142182,11.922572,1.8220607
2203,-0.21083367,0.21583876,11.925554,1.8131096
2204,-0.11766908,0.029717648,9.869802,4.4547105
2205,-0.23863474,-0.027311342,12.560958,6.0685415
2206,-0.22022271,0.0035312567,12.483511,6.118497
2207,-0.26905328,0.030844191,7.105396,3.8116322
2208,-0.1239837,0.026116787,8.321456,-1.9099846
2209,-0.14659023,-0.002582875,12.237693,-0.049220502
2210,-0.19465631,-0.15002525,6.1045737,2.5596364
2211,-0.19868848,0.101419486,11.424882,1.0772609
2212,-0.11569046,0.21109343,9.54612,-1.40969
2213,-0.09054246,0.034569055,10.9207535,-1.9243182
2214,-0.16948211,0.09435694,12.232725,-0.053368613
2215,-0.1165043,0.075125195,10.419222,-1.6087794
2216,-0.08328988,-0.15027681,8.301541,4.0366244
2217,-0.12915224,-0.056956567,6.1830363,2.4409535
2218,-0.071623296,0.094749235,10.413188,-1.6712158
2219,-0.16877924,-0.0452224,6.0659885,2.3156548
2220,-0.104768895,-0.011408608,10.40423,-1.6450167
2221,-0.13010642,0.1479391,10.439711,1.0925059
2222,-0.09517345,0.0642987,5.768792,2.7169943
2223,-0.028329173,0.0032673348,10.163014,1.1533834
2224,-0.15396908,0.1525763,9.2969675,0.45772338
2225,-0.20830892,-0.09155608,7.232846,5.6844335
2226,-0.28107327,0.021759665,11.769675,-0.583766
2227,-0.27565378,0.12823519,8.681193,1.727967
2228,-0.27145994,-0.0121924225,7.3494134,5.9041095
2229,-0.18461299,0.13642947,11.005379,0.6540382
2230,-0.11747103,-0.08005409,6.127879,0.9095151
2231,-0.22049026,0.16516286,12.607662,0.696749
2232,-0.19344443,-0.09692943,6.913309,5.5972505
2233,-0.2855517,-0.01969194,7.345492,5.9587936
2234,-0.11223129,-0.04885099,9.202194,3.480411
2235,0.14672069,-0.008891445,10.173061,3.7569985
2236,0.12028454,0.0018679053,10.272095,3.8051002
2237,0.2070757,-0.20588872,9.531243,4.605178
2238,0.227545,-0.17270827,9.770605,4.3953967
2239,-0.13258007,0.08039692,9.6702,-1.1072309
2240,-0.07454619,0.02595785,10.5318575,-1.6373214
2241,-0.080811195,-0.017416563,5.657958,2.977194
2242,-0.10092528,-0.030363068,5.6499395,2.8845065
2243,-0.13987663,-0.06422325,7.8483944,2.3792288
2244,-0.11411656,0.08192145,8.565762,-1.7421311
2245,-0.19143143,-0.01699253,8.053577,2.397877
2246,-0.26409948,0.09227362,6.967312,3.5752888
2247,0.0029586814,-0.029028887,9.372096,4.8680105
2248,-0.026441237,0.029662328,10.984811,1.1555008
2249,0.049675047,-0.082154445,10.175597,2.9320457
2250,-0.20019676,0.13918853,9.934748,2.2793028
2251,0.0001763925,0.022819078,8.417922,2.5366962
2252,0.098813176,-0.032890737,6.875007,-0.18720213
2253,0.043772973,-0.06344605,9.984276,5.9746246
2254,0.060539424,-0.069022804,9.929122,5.9343286
2255,0.08659885,-0.17128333,12.1527,-1.0649534
2256,-0.17989548,0.07648038,9.606928,2.178094
2257,-0.1024736,-0.08056943,6.2074366,3.3477964
2258,-0.008023482,-0.144523,8.101026,5.3013425
2259,-0.011475258,-0.13829081,8.049359,5.0978208
2260,0.06409541,-0.2867016,8.550609,5.335458
2261,0.023806762,-0.028248765,8.5869665,-2.4406738
2262,0.028274044,0.014023988,10.370171,3.2515783
2263,-0.085591346,-0.0128838,9.889127,5.684977
2264,-0.17934859,0.18165457,6.713817,3.5417495
2265,0.04169231,0.03065672,10.212982,2.64717
2266,0.052179307,0.014283115,9.632556,2.1415253
2267,-0.065558486,-0.04665719,7.6543155,4.540887
2268,-0.176545,-0.004225569,9.561398,2.2265542
2269,0.016139999,0.05861994,10.609719,0.89407235
2270,-0.01843945,0.024237415,7.8908944,1.6819999
2271,-0.0721841,0.09267232,7.4045978,0.34790653
2272,0.023523368,0.061893098,7.532615,0.3268081
2273,-0.14264628,0.050313033,8.294582,1.2720771
2274,-0.16090663,0.0030235387,7.959548,1.4595531
2275,-0.045306552,-0.048142496,6.0596557,3.7266428
2276,-0.060203798,-0.0062220003,5.99868,3.844894
2277,-0.11387688,0.12672168,8.375868,1.254929
2278,-0.16361736,0.09948926,8.00157,1.4179024
2279,-0.019704634,-0.13238692,5.973834,0.6562622
2280,-0.073573455,-0.17486574,7.1871676,1.4469563
2281,-0.13535899,0.035063937,7.2771525,-0.10373082
2282,-0.09509334,0.013333542,8.059677,0.37340063
2283,-0.093998834,-0.025876213,7.228267,0.08038796
2284,-0.05390867,-0.04625099,7.2248597,0.03629222
2285,-0.04453125,0.14638051,6.9184127,1.0645273
2286,0.091974154,-0.10069978,7.2021346,0.044793207
2287,0.13457395,-0.072668396,8.242095,3.1871421
2288,-0.17443788,-0.06428824,5.685599,1.6787175
2289,-0.18655662,-0.07658469,5.7088304,1.6988537
2290,-0.12943354,0.01291107,5.6646566,1.9214604
2291,-0.12492865,-0.048203222,5.7778473,1.8961991
2292,-0.0839963,-0.073736385,5.6754837,1.3071134
2293,-0.1734447,-0.07716583,8.175701,4.240535
2294,-0.22558409,-0.08652909,8.21185,4.192108
2295,-0.033865437,-0.12326513,8.025708,3.5775337
2296,-0.10188837,-0.048818797,8.09136,4.255746
2297,-0.13456081,0.019127859,7.8590646,4.2006254
2298,-0.16049242,0.066703476,8.614634,1.200687
2299,-0.039340448,0.0037680734,8.159066,0.92410564
2300,-0.055196125,0.024310747,8.212027,0.9263324
2301,-0.034017183,0.022623142,7.782589,0.85604894
2302,-0.01211711,-0.057307437,8.128653,0.8757211
2303,-0.048579257,0.06088572,8.101631,0.8769239
2304,-0.13686314,0.11438048,8.54065,1.221328
2305,0.082237855,0.04589068,11.557654,5.7976117
2306,0.022828579,-0.074034914,11.01143,4.001878
2307,0.012559373,0.04947263,10.988693,4.058533
2308,-0.08587915,0.231851,12.09305,1.1610379
2309,0.0015082993,0.03334879,8.33594,-1.8456289
2310,0.050262734,-0.006629631,12.119917,5.600671
2311,-0.008357629,0.15147334,12.105071,5.621437
2312,0.061241522,0.025269443,12.114993,5.5755014
2313,-0.012876837,0.2347652,12.129748,5.621511
2314,0.0022721216,0.12509716,12.106631,5.585252
2315,-0.049248487,-0.0035794852,11.89606,5.219
2316,0.080809556,0.02786375,11.887027,5.2214875
2317,0.023381729,0.13625689,12.110863,5.6478224
2318,-0.04215551,-0.015132691,11.994201,5.2705116
2319,0.091857225,0.008028384,11.862657,5.2680206
2320,0.09890711,0.20558068,11.497292,1.865559
2321,0.061722547,0.061897993,5.726145,4.6794605
2322,-0.05019615,0.19123885,8.55419,-1.7515298
2323,0.029205129,0.27047345,9.018294,-1.4886247
2324,-0.012310017,0.21670315,8.796665,-1.6347389
2325,0.0047294125,0.06254676,9.342439,0.19531383
2326,0.012757622,0.22450815,11.800354,1.4770021
2327,0.022363637,-0.13006726,10.253502,6.5131907
2328,0.025706977,-0.1348018,9.122457,5.4465456
2329,-0.014498649,-0.0969794,9.962332,6.641304
2330,0.047694147,-0.1519363,7.364935,6.7072916
2331,0.082263954,-0.17764737,7.5582232,6.350025
2332,0.011798568,-0.07900109,11.88561,5.5366716
2333,0.08680676,-0.04035213,11.82021,5.4964905
2334,0.028106228,-0.051149257,11.798837,5.4088893
2335,-0.07864043,0.16237426,5.71369,4.67658
2336,-0.072581425,0.15146919,5.700401,4.6609516
2337,0.0016563311,0.17615116,11.527667,1.855699
2338,-0.13010298,0.035680577,11.421203,1.7952936
2339,-0.09440533,0.2453933,11.390464,2.0075254
2340,-0.1689793,0.1845319,9.802354,2.6472845
2341,0.045559302,0.285813,12.499368,0.9950546
2342,0.12704147,-0.22343601,8.281833,2.084457
2343,0.1944116,-0.043583345,9.944905,6.005702
2344,0.07962584,-0.007731932,10.050707,5.8053546
2345,0.18075308,0.0947692,12.959353,2.78367
2346,0.059446752,-0.1247872,10.0341425,6.190417
2347,0.105825275,-0.040090926,11.108171,5.3436103
2348,0.08835688,-0.082376,10.40903,6.989469
2349,0.0053931996,0.17184022,10.017019,0.69520617
2350,0.026296891,0.1893624,11.102587,2.4246697
2351,0.0006862208,0.009192476,8.748757,1.6536335
2352,0.1507374,0.011775488,10.395088,4.845253
2353,-0.09482583,0.2296252,12.352759,2.7666755
2354,-0.1367135,-0.03837938,6.212597,4.378085
2355,-0.16434121,0.23464945,12.253705,2.7657223
2356,-0.015504368,0.0010590255,8.818347,0.24958128
2357,0.16214652,0.077701434,11.025341,-1.3371524
2358,0.1292187,-0.021897595,10.434623,3.8903558
2359,0.13223606,-0.0856058,8.738303,0.75458217
2360,0.17747936,0.031199938,10.534819,3.4814272
2361,0.2767494,0.27792838,9.8417425,-0.18146378
2362,0.003546469,-0.15854299,7.010785,4.000512
2363,0.18783635,0.020147903,9.9583645,4.4387608
2364,0.09143582,-0.114257805,7.6807294,0.68073523
2365,-0.117101476,0.10284472,10.372513,2.5440617
2366,0.063221976,-0.110969275,8.36889,-0.86998427
2367,0.17675498,0.056431614,10.900984,5.3112445
2368,-0.07424407,0.094968855,11.042735,3.8510816
2369,0.19133684,-0.0066583753,10.723468,4.7076387
2370,0.18538848,-0.118962616,11.345281,5.30185
2371,0.09587549,0.17230129,10.415413,4.5768485
2372,0.12957516,-0.21473396,9.694777,6.5193114
2373,-0.089513205,-0.006430248,8.640777,4.3061976
2374,-0.14586706,-0.03026263,8.742474,0.22966011
2375,0.15707663,0.0558969,9.668869,-0.15503947
2376,0.004309144,-0.09454757,10.487543,-1.4542687
2377,0.01987683,-0.087222375,10.460809,-1.2512724
2378,0.06156645,-0.027377896,11.605643,-0.6346851
2379,0.047813997,-0.16339114,7.878768,-0.9242386
2380,0.017246448,-0.076929785,8.634955,1.9628197
2381,0.11336842,-0.06896368,11.260637,-1.3673173
2382,-0.009217611,-0.13451238,9.042677,0.86469287
2383,0.15238738,0.017852848,11.0068245,-0.27623698
2384,0.049701303,-0.1763117,8.36125,5.1030116
2385,-0.06978868,-0.08368534,11.868888,1.997144
2386,0.024915043,0.2865455,11.266746,-0.24449849
2387,-0.04016033,-0.04368741,10.586335,4.7651396
2388,0.06595562,-0.02398925,13.583382,1.2114123
2389,0.019658748,-0.081207395,9.0453415,1.8402547
2390,-0.060817964,0.02131061,8.311057,3.43014
2391,-0.037957504,-0.01679427,9.140819,2.8579774
2392,0.18670654,-0.12618102,8.844677,3.6439843
2393,-0.08170462,0.0060557965,12.346875,2.760251
2394,0.10702565,-0.038422573,9.966649,4.7417445
2395,-0.032897085,-0.10499026,8.856783,-0.92497844
2396,0.17503855,0.02997565,9.474009,0.36131027
2397,-0.03446608,0.14296483,13.23458,3.3891835
2398,0.1163913,-0.11151879,8.55735,0.5909097
2399,0.22649428,-0.0044910666,8.454549,0.83601874
2400,0.06919689,-0.15352394,7.3107815,3.2081108
2401,0.053912833,-0.15082411,9.948816,3.1281612
2402,0.03324972,-0.16787711,9.377244,0.098570615
2403,0.1368793,-0.015432665,11.198785,4.9503584
2404,0.2033705,-0.15591103,9.176181,3.9471445
2405,0.046764918,0.032423086,7.1116376,2.2179105
2406,0.092622146,-0.058552414,11.421802,-0.5523751
2407,0.09219663,-0.10501999,10.351068,4.3863015
2408,-0.03503968,0.012847627,12.430881,2.8736527
2409,-0.10234167,-0.04906582,7.7553525,4.931491
2410,0.11699802,-0.1338501,11.622694,5.530083
2411,0.092766196,0.102495864,8.240871,-0.25527573
2412,-0.06157343,-0.042275943,7.173923,4.160087
2413,0.11973025,-0.09583584,6.744389,1.3845639
2414,0.07620621,0.039847083,10.982651,0.6718597
2415,0.04316865,0.2571724,10.28288,0.96014744
2416,-0.09332257,0.114307106,11.728231,2.3500524
2417,0.023624633,-0.13636523,8.139891,4.4227133
2418,0.10574311,0.035922505,13.119522,2.5864842
2419,-0.106574655,0.12947324,8.179053,0.5968102
2420,0.06808512,0.21056437,10.491733,-0.60107183
2421,-0.12104979,0.071343705,13.050175,4.0801053
2422,-0.030006975,-0.16465619,7.05282,2.3641138
2423,0.042783156,0.16808721,10.95287,1.373097
2424,0.09660818,0.1484247,12.950994,2.7280939
2425,0.07384424,0.10586846,10.951899,1.5104953
2426,-0.05848887,0.18638301,7.775985,5.026787
2427,-0.020550262,0.0128317345,13.540384,3.157995
2428,-0.01664516,0.11216329,12.283557,2.2861257
2429,0.110283256,-0.056294546,11.025465,2.091739
2430,0.0028640926,-0.032428686,13.215879,3.4538414
2431,-0.013932617,0.15088832,10.916632,1.7837019
2432,-0.042645343,0.01994537,10.677673,2.4620836
2433,0.088410765,0.127377,12.489534,2.94793
2434,-0.031674586,0.11652313,12.506434,2.1952567
2435,0.07043546,0.046117753,10.696513,2.6382735
2436,0.25701502,-0.1043507,8.811398,-1.3490041
2437,-0.04036016,-0.0020793974,9.393974,3.1306963
2438,-0.04495494,0.059613027,11.182941,3.3591456
2439,-0.08735828,-0.2196969,7.8903146,3.337398
2440,0.09368037,-0.062347353,10.271367,4.5891666
2441,0.1224913,0.04283192,10.936142,3.2165623
2442,0.098844856,0.038707763,10.732005,3.6923063
2443,0.10117817,-0.02119957,8.887725,0.6379754
2444,0.1383496,0.15863258,10.056995,-0.06977836
2445,0.051116586,0.10803792,12.247046,2.722863
2446,-0.007376859,0.10297152,11.170202,2.994251
2447,0.14221637,-0.062069476,10.608512,3.7827728
2448,-0.005348999,0.06816541,12.841463,2.8869202
2449,0.08927703,0.025795309,10.31906,4.3432508
2450,0.05053561,-0.096014634,8.061045,0.48374563
2451,0.06697841,-0.04583268,10.865084,3.4313817
2452,0.06096126,-0.0040013567,9.812697,5.152221
2453,0.044288754,0.040557697,10.41299,0.81694883
2454,-0.055044368,-0.019202193,9.771205,3.4603913
2455,0.246223,0.020293513,13.632993,1.7368876
2456,-0.02820855,-0.003979236,13.313019,2.8167105
2457,-0.037150674,0.055765763,11.295768,1.9183468
2458,0.0579203,-0.08964835,10.998272,2.6729295
2459,0.035337232,-0.046732895,10.248114,0.83118945
2460,-0.007798668,0.3127282,12.296799,2.7434983
2461,0.11294767,-0.017920937,13.119835,2.8182793
2462,0.011231795,-0.021955868,10.416596,3.204218
2463,0.16053495,-0.019006869,8.261957,5.686911
2464,0.1715737,0.043778338,9.936245,1.3153179
2465,0.14062564,0.019119961,10.512283,4.287659
2466,0.13366085,-0.09127599,9.718201,3.7845523
2467,-0.05906172,0.025899319,11.554209,0.42646495
2468,0.037683338,0.08024977,13.642786,-0.16782522
2469,0.059826657,-0.116276,10.451369,2.793941
2470,0.08387883,-0.068433926,12.017595,3.5264456
2471,-0.045574006,0.035580516,8.8688965,0.039462253
2472,0.07902213,0.2758481,10.153476,-0.81805444
2473,0.06838365,0.114677295,11.436525,1.7284055
2474,0.09575991,0.15987732,12.222612,2.063005
2475,0.12760422,0.2216385,10.010794,-0.30525053
2476,0.14968373,0.12352836,10.332607,1.4256902
2477,-0.022025956,0.14259523,11.907716,1.6973131
2478,0.15853424,0.07253661,10.408157,1.508141
2479,0.13643482,0.28836432,10.027885,-0.42775303
2480,0.20245376,-0.119478434,6.606044,-0.7032837
2481,0.073433466,0.001812499,12.791436,3.388376
2482,0.011841051,-0.14027429,11.872446,3.6330342
2483,0.08456342,0.20252427,10.274421,-0.7210732
2484,0.119164646,0.042733252,6.3701572,-0.5140723
2485,-0.047943756,0.121285856,11.359743,0.0003807902
2486,0.07571059,-0.27535737,7.8709893,1.7385607
2487,0.09474367,0.10237743,10.969985,1.8410363
2488,-0.11920759,-0.008671829,5.3216124,4.7299967
2489,0.07021275,0.00880897,10.170452,1.4549354
2490,0.11097722,-0.113558695,8.456677,1.5515202
2491,0.16637582,-0.1320405,9.1227455,3.3888378
2492,0.0703329,-0.036944028,8.759495,1.4981271
2493,0.08312681,-9.232946e-05,7.8344584,3.5725243
2494,0.12080851,-0.20058872,7.621249,0.26884475
2495,0.044723295,-0.09952464,11.163268,-1.4560785
2496,0.030643173,0.0018884484,8.191964,0.7294816
2497,0.016565703,-0.14223681,8.503466,1.6927223
2498,0.12505583,-0.21798891,8.2686,3.311463
2499,0.061649173,-0.111098655,8.56102,1.5980793
2500,-0.01122147,-0.097362265,12.721673,2.6264236
2501,0.16785328,0.07524633,10.799732,4.1719112
2502,0.15768051,0.12603617,8.944102,0.72044605
2503,-0.11892678,0.08703149,8.184226,0.060238026
2504,-0.014641335,0.05759202,8.346003,-0.96791404
2505,0.07109936,0.060916387,8.845544,0.9319244
2506,0.033264376,0.096183136,8.841891,1.7239027
2507,0.026794627,0.249518,11.465157,0.9617285
2508,0.057013713,0.2955966,11.2254505,2.3904898
2509,0.033770032,-0.21358687,8.45134,5.994877
2510,0.043343008,-0.034557946,11.825767,3.347954
2511,0.17010446,0.14054301,11.589924,2.5580754
2512,0.0038018487,0.15259674,8.866494,1.3928908
2513,-0.061392047,-0.12542997,5.9676843,1.0322351
2514,0.23111156,-0.08735177,6.5456295,1.4999765
2515,0.08564876,-0.1507338,5.9463525,1.2043378
2516,0.11622241,-0.039054073,6.12445,1.110652
2517,0.18275392,-0.24388652,7.95378,3.237201
2518,0.11605263,-0.07046252,6.1810646,1.0980521
2519,0.01594593,0.052034184,8.036094,-0.9794165
2520,0.1065758,-0.069688685,6.265103,0.9143699
2521,0.27510896,-0.03680335,9.81653,4.5046163
2522,-0.0075426623,-0.15605322,7.1147976,1.9193033
2523,0.14020199,0.20911756,12.996499,2.5742214
2524,0.1614997,-0.14935626,9.618357,1.1846576
2525,0.10773799,0.09418265,13.423252,2.311764
2526,0.22822618,0.021536456,7.443487,1.1486648
2527,0.1582896,-0.03813424,9.728182,1.217529
2528,0.14270493,0.079606205,7.4729524,1.1646384
2529,0.058286257,-0.008655098,6.368308,1.1018196
2530,0.10438278,-0.11985971,6.716144,0.0627513
2531,0.15191488,-0.13770999,6.078462,1.1782266
2532,0.16940624,0.1384092,12.401359,1.0699012
2533,0.017152872,-0.053001575,8.25545,1.7088803
2534,-0.03942503,-0.18080887,8.1196785,5.8503647
2535,0.09033167,0.096406735,8.955323,-1.0193597
2536,0.06968611,-0.16644202,6.834865,1.1389538
2537,0.020257637,0.16803032,9.474726,1.5844532
2538,-0.026625134,0.10713437,8.849302,0.14207147
2539,0.09965053,-0.024840385,8.079435,3.9374764
2540,-0.00833074,0.15341622,12.683567,2.7819693
2541,-0.07814313,-0.05430153,10.179086,2.1213925
2542,0.083837874,0.053794608,7.343766,0.1131962
2543,0.20863195,0.043364093,7.127588,1.5100303
2544,0.13355778,-0.05182364,6.494804,1.1710244
2545,0.20096171,0.10403566,7.424283,-0.14894493
2546,-0.021285377,-0.057296507,6.8515315,1.0326595
2547,-0.23556715,0.14158121,7.3175163,3.0183828
2548,0.038527742,0.01676487,12.56887,2.2213638
2549,0.14593309,-0.0060750153,6.6777053,1.0585829
2550,0.028946862,-0.079608,7.182339,3.3463519
2551,-0.060306318,-0.069524646,12.106604,3.1084604
2552,0.11700593,-0.08541128,12.7400465,3.1099374
2553,0.110123694,-0.17123821,6.837664,1.6384827
2554,0.13751982,0.08100017,11.293208,-1.3358145
2555,0.22129649,-0.1363126,8.555235,2.40252
2556,0.0976031,-0.08693704,7.32963,0.123783104
2557,0.06230499,-0.27810904,7.464967,5.7184286
2558,0.06813249,0.14691481,9.64649,-0.9145746
2559,0.15404993,0.06245935,7.7096553,0.92400485
2560,0.15617016,-0.052514456,7.769966,0.82415736
2561,0.10926871,-0.10764367,8.176776,1.6724616
2562,0.14289622,-0.087369785,8.101957,0.89017206
2563,0.1751451,0.28796408,13.022532,2.559288
2564,0.027767763,0.03315728,7.9701476,-0.6758435
2565,0.07090202,0.041646123,8.935882,-0.72748953
2566,0.07801345,0.14395624,10.669059,-0.5865671
2567,0.18087748,0.012082124,11.141672,1.5173126
2568,0.08483317,0.041911103,8.908388,-1.7240345
2569,0.025069531,0.17032094,9.17537,-1.7153563
2570,-0.028842986,0.029153826,9.056492,1.474216
2571,0.12913364,-0.1065547,8.435894,2.093938
2572,0.08187107,0.037734628,9.254199,-1.4230369
2573,0.059607133,0.09924696,12.235975,2.698335
2574,0.12199189,0.18310703,12.455888,2.524443
2575,0.16211787,0.0456954,7.521813,0.99529684
2576,0.08172335,0.2734904,13.388117,2.284001
2577,0.1481427,-0.021069875,8.658849,-0.40354025
2578,0.15650524,0.11196643,13.149408,2.5599246
2579,0.13486284,-0.023992145,9.321286,0.8955051
2580,0.19493511,0.059007302,8.578728,-0.7791951
2581,0.07350847,0.0012745727,12.792262,2.7600954
2582,-0.0155097395,0.20725334,11.780651,1.6634833
2583,0.0065306723,0.24458614,13.379056,2.3100138
2584,0.09127346,0.07138974,10.119959,-0.861704
2585,0.17529681,0.28401086,9.764007,-0.46658397
2586,0.08157175,0.086202174,10.729703,0.3173349
2587,-0.061665762,0.25863552,10.15082,2.0531228
2588,0.06503106,0.056534313,10.761321,-0.99727166
2589,0.11154783,0.08714804,7.47068,0.8635544
2590,0.046965934,0.3613493,11.161801,1.4034114
2591,-0.0045214817,-0.022329252,12.781219,3.342305
2592,-0.12534966,0.043692067,9.694306,2.3005304
2593,0.15190388,0.057409182,11.121676,2.2912183
2594,0.113685995,0.22782157,9.916195,-0.1814457
2595,0.16494474,0.14271441,10.522676,0.37666965
2596,0.030010462,-0.0042641163,8.880823,0.0017674862
2597,0.07910369,0.11267233,9.311432,-0.74899536
2598,0.0009992458,0.010485899,12.794318,2.467704
2599,-0.021635413,-0.0025808858,12.265815,2.438406
2600,0.04142934,0.24752599,9.768201,1.5013331
2601,-0.14008844,0.15330362,12.075035,2.41013
2602,0.12894732,0.22179155,12.726925,2.5203168
2603,0.05205808,0.2527505,12.5855255,2.0654435
2604,0.0007349625,0.18678424,10.67455,0.043513592
2605,0.12636706,-0.040725343,8.137804,-0.8841701
2606,-0.09817086,0.14331271,13.482665,1.7992132
2607,0.004848767,0.041379526,8.62447,2.7725415
2608,0.07635747,0.10801789,10.711908,2.218207
2609,0.06533243,0.108992234,10.86033,2.162976
2610,0.10873969,-0.013151025,6.7846146,1.4960682
2611,0.07569499,-0.032665517,10.102811,4.4758945
2612,0.1575757,0.030879254,13.641935,1.7097853
2613,0.064283654,0.030320039,12.140125,3.1509366
2614,0.030594945,0.23526159,11.000292,-0.046404283
2615,0.0047069415,-0.054768622,8.972726,0.07157361
2616,0.12892705,-0.024092888,10.793603,5.029803
2617,0.09026554,0.012511963,10.062102,-0.7781621
2618,0.019692559,0.28727666,10.220562,0.40801832
2619,0.059926823,0.08394769,10.154705,2.2389293
2620,0.116497055,-0.16385847,7.726608,1.1182237
2621,0.060448706,-0.03626346,5.8198147,1.6844369
2622,0.052239493,-0.094548345,12.067775,3.3576572
2623,-0.07012853,0.19421047,13.5590515,3.115324
2624,0.1129179,-0.14610149,7.1509204,0.73701465
2625,-0.045247447,0.06138841,13.294074,4.9294477
2626,0.08225048,0.06442116,9.075833,1.2197549
2627,0.10190141,0.030808402,8.387,1.7808839
2628,-0.007573463,-0.1697378,6.666986,1.8713357
2629,0.2239084,0.0026844945,10.067433,-0.6056527
2630,0.08302369,0.20591423,12.377614,2.1788793
2631,0.10424274,0.13304573,10.833253,1.783905
2632,-0.039284952,0.15546188,9.733445,-0.9766042
2633,0.11154702,-0.14651708,8.344798,3.1732216
2634,0.12569802,0.11935668,10.805665,1.2480681
2635,0.1513423,0.083559826,5.2098665,1.8895719
2636,0.091924906,0.16377208,13.10448,4.151959
2637,-0.09409944,0.057407916,9.782139,2.5643015
2638,0.096218675,0.16553614,11.480667,3.0021372
2639,0.01875142,0.34415442,11.076935,1.1861135
2640,-0.02617341,0.12269229,12.972589,3.1556468
2641,0.07463129,0.44158253,12.068023,1.4125298
2642,-0.057491414,0.25457683,11.7683525,0.77658814
2643,-0.06053338,0.22652888,11.916947,1.2681228
2644,0.052733094,0.24871978,12.747666,2.60978
2645,-0.009237533,0.1583581,11.671169,0.7377947
2646,0.0914762,0.23079982,11.427211,2.8880808
2647,0.033416897,0.15924557,11.846119,2.9002857
2648,0.14739668,0.083099216,10.261149,3.057224
2649,-0.04763434,0.11060153,12.161917,2.3880296
2650,0.17678463,-0.016370494,9.121324,4.4106855
2651,0.056691058,0.18865171,11.937994,3.096053
2652,-0.028298795,0.37897858,11.747556,1.6399605
2653,0.007696178,0.18936986,8.611817,0.39788553
2654,0.050560363,-0.023052324,10.533436,1.9827985
2655,-0.00046060234,0.0035101417,8.314127,1.357235
2656,0.21595928,0.00853817,8.78135,3.613218
2657,0.19521248,0.05559448,10.092639,1.5643187
2658,0.18689987,0.071066976,9.208437,2.7239919
2659,0.14210016,-0.04651813,12.368869,-0.77931494
2660,0.18579194,0.07714448,10.625161,3.814011
2661,0.26491505,0.07871643,9.769565,-0.15428858
2662,0.076608285,0.16734025,9.522871,2.3613575
2663,0.21324344,0.18184894,9.271608,2.4989448
2664,0.15388766,0.23351464,10.579431,0.99592584
2665,0.17154118,-0.05322016,9.396872,3.9555757
2666,0.11230135,-0.053224005,12.161773,4.953763
2667,0.18001962,0.14311798,10.56314,-0.33872896
2668,0.15372506,0.2518078,13.401466,2.8190799
2669,0.11634657,0.12319815,12.469585,2.1492362
2670,0.115985215,-0.12244488,9.173187,1.5272778
2671,0.09248634,0.045408927,10.646955,1.8478776
2672,0.22334155,0.12850092,12.6980505,2.5558925
2673,0.13573483,-0.09736461,8.490759,3.255588
2674,0.17822814,-0.024145797,10.313442,3.3886445
2675,0.086777955,-0.026466336,9.270615,1.5644995
2676,0.18011355,0.019877834,9.679965,1.0539923
2677,0.18314575,0.13283649,10.445307,1.8963169
2678,0.036653005,-0.20011781,10.46702,4.873967
2679,0.029157631,0.12946828,11.292899,0.34429723
2680,0.05521956,0.036664262,10.450934,1.4591424
2681,0.0801224,0.22201134,13.296003,2.422733
2682,0.15759298,-0.14036983,12.163471,-1.096299
2683,-0.03463362,0.020237809,11.061352,7.0169735
2684,0.10787718,0.030354967,12.194441,4.0951376
2685,0.009661563,-0.22883303,11.734086,-1.2348557
2686,0.060879916,0.11467506,12.408814,3.1319683
2687,0.11749965,0.13062052,12.592544,2.6347568
2688,0.18138549,-0.08804147,10.88823,0.89288145
2689,-0.0238312,0.16522712,9.332661,1.3170198
2690,0.06208381,-0.14517993,7.723285,-0.99032813
2691,0.09819901,-0.021302702,9.527449,3.7902317
2692,0.018081732,0.08723909,10.305202,2.018954
2693,0.094345555,-0.1734511,8.222272,6.9740577
2694,-0.021454237,0.084983796,10.67855,0.7868762
2695,0.05253291,0.082585804,10.443446,-0.36500633
2696,0.19115354,0.028092785,9.827921,1.2166855
2697,0.049514897,0.11367707,10.955132,-0.53952855
2698,0.12820303,0.15080312,12.487369,0.9157126
2699,-0.17541191,0.08586158,8.993762,-0.43714988
2700,0.16538218,0.13034923,9.681603,-0.07566957
2701,0.15420566,0.0512726,10.50442,1.2047069
2702,0.16062385,0.009786436,8.397309,3.158627
2703,0.06201826,0.08755801,10.879523,3.0523617
2704,0.09284598,0.35988,11.855324,0.89920634
2705,0.05079077,0.23814327,9.321559,2.1830356
2706,0.032810703,0.24470982,12.106461,2.7611947
2707,-0.04012601,0.10928556,8.173477,0.5780377
2708,0.08673081,0.017008724,9.56327,3.0886357
2709,-0.14883196,0.009959439,8.586666,0.9875372
2710,0.098395035,0.01717726,10.061058,-0.33404556
2711,-0.27101973,-0.03398081,7.2113595,3.1179395
2712,0.038457774,0.026166527,7.3034368,-0.16456555
2713,0.027927123,-0.09796731,7.953241,1.943428
2714,0.09231329,0.22393769,10.927424,-0.752444
2715,0.1406768,0.22364742,10.210278,0.7094006
2716,0.102598995,0.0011407416,12.554198,4.994947
2717,-0.04031009,0.25624713,12.639549,2.7760694
2718,0.2622986,0.021198792,10.224859,3.218869
2719,0.06817611,-0.15116212,7.4056754,2.2597675
2720,-0.07469478,0.15617505,7.4442143,0.38360745
2721,0.17791373,-0.008601533,10.618553,4.518012
2722,0.104065105,0.081810065,10.427974,2.7999408
2723,-0.025282286,-0.0016426276,13.561791,5.726465
2724,0.034911193,0.10760065,10.009535,1.1114525
2725,0.06807846,0.08046202,13.072451,4.12993
2726,-0.04230332,0.11247763,7.6881356,0.13890944
2727,-0.018133616,-0.021346586,8.952653,0.00790031
2728,0.22361001,-0.04921656,10.141323,3.7652242
2729,0.0010499209,0.18961303,11.97933,0.95035017
2730,0.14445816,0.17348726,11.090396,0.87279004
2731,0.03733027,-0.010524573,8.484698,-0.84862804
2732,0.17289609,0.040630087,13.031716,3.604582
2733,0.06944258,0.29486504,13.2698,2.5879638
2734,0.14131069,0.090742595,7.521704,2.406029
2735,0.087830424,-0.04960656,6.832833,0.26064575
2736,-0.054427795,-0.017082898,8.938568,-0.27667785
2737,-0.025515947,-0.13912189,10.821759,3.212462
2738,0.04069092,-0.13662696,8.470753,4.749933
2739,0.094462246,-0.01046208,9.934695,7.232035
2740,0.11576527,0.030670015,10.816514,0.16552944
2741,-0.06205465,0.1832373,9.715197,-0.82828546
2742,0.06921619,0.15838167,12.559303,2.5368245
2743,0.043851435,0.15665148,12.266499,2.274133
2744,-0.035226613,0.16701356,11.117293,-0.3620579
2745,0.016560927,0.33183476,10.787209,0.070320226
2746,0.11676355,-0.105183676,9.159063,1.3078382
2747,0.23863229,0.09486426,9.478585,-0.6877091
2748,0.13146818,0.116873264,12.848213,3.4711025
2749,-0.008686975,0.059898637,12.917492,3.5655355
2750,0.06839968,0.20880073,13.156804,2.9160545
2751,0.18718538,0.12753952,11.15094,0.8764617
2752,-0.051632427,0.0012812559,8.099567,0.6047927
2753,-0.19132905,0.23366687,13.034743,4.1075044
2754,0.09776324,0.23098895,10.593191,2.454208
2755,-0.102388576,0.13309458,4.9430404,4.0228033
2756,-0.07794358,-0.027754143,11.436432,6.1826763
2757,-0.05496525,0.12955916,11.450172,1.1529056
2758,0.057254747,-0.051004484,9.914942,5.4589896
2759,0.099258006,-0.03662318,9.40388,3.3861074
2760,0.021159954,0.08658056,11.374039,0.18735997
2761,-0.012119435,0.15421963,12.378784,0.5442363
2762,0.18497887,0.15991108,11.190917,2.0383954
2763,0.1270226,0.082180925,8.664541,0.50827676
2764,0.06652018,0.0007877834,8.355734,1.3633559
2765,0.07792474,0.22429127,13.108641,2.4770384
2766,0.05875521,0.046711467,8.817827,1.6179384
2767,0.19210927,0.10106388,11.398283,1.3320107
2768,0.014693469,0.23111178,12.973648,2.8966749
2769,-0.046724774,0.20436694,9.281784,-0.37594828
2770,0.014335193,0.17863187,13.100484,4.140177
2771,0.08187182,-0.16811849,9.423358,5.606344
2772,0.18963256,0.037537314,10.209338,0.15412916
2773,0.119663805,0.047581777,8.089914,4.209444
2774,-0.15652226,-0.044889063,6.5417304,6.000791
2775,0.23419967,0.057360776,10.332796,1.576579
2776,0.12564966,-0.038444933,10.34544,5.750501
2777,0.06963577,0.1512976,10.7890215,0.3471787
2778,0.17938516,0.11628905,11.211529,-0.74414885
2779,0.114901975,0.095681675,10.832088,0.47722015
2780,0.17454155,0.015027674,11.420396,-0.05652309
2781,0.08267742,-0.108996004,11.444215,5.2443285
2782,0.02240777,0.1467522,11.367479,0.043112937
2783,0.08472091,0.022000743,11.053729,-0.5397748
2784,-0.025638856,0.1378984,12.944163,3.605389
2785,0.17733309,0.09110171,11.78767,-0.60566825
2786,0.14747997,0.03401839,9.115225,1.0028017
2787,0.11271563,0.004469117,8.7426,4.611257
2788,0.01411441,0.16580604,10.919529,0.13766228
2789,-0.10010225,-0.037437983,11.19186,1.6353322
2790,0.13500649,0.16277319,10.92536,-0.5688337
2791,0.14958324,0.1094538,10.160831,1.3400638
2792,0.19381842,-0.122379795,9.205985,1.5470796
2793,-0.056837767,0.056986526,12.151152,3.4428365
2794,0.13541514,0.11446768,10.505173,-0.46044153
2795,-0.03078644,0.12134786,9.77577,2.0880902
2796,-0.066613376,0.028578473,12.039273,0.019118702
2797,0.05449769,0.08145326,7.9465756,-0.0336786
2798,0.13512726,-0.09476641,8.781863,3.281783
2799,0.14200962,0.062312245,9.532387,0.28218675
2800,0.07188196,0.11291912,10.763073,-0.15949528
2801,0.0049125366,0.12315585,10.111587,0.19649714
2802,0.13709065,0.01929869,6.3299403,0.9464989
2803,0.0032499395,0.20042077,10.663542,-0.10432632
2804,-0.03353467,0.108970344,9.790135,1.828818
2805,0.08536835,0.2516752,11.150287,-0.42929432
2806,0.010543849,-0.07590866,8.744306,1.6972067
2807,0.084832445,0.057491884,10.774074,-0.7516031
2808,0.025265,-0.07307847,7.798858,4.4363213
2809,0.056604266,0.00142432,11.001349,2.1457782
2810,-0.045747086,0.03237734,10.574705,1.2837076
2811,0.111339524,-0.019666554,9.965417,5.991369
2812,0.03607197,0.11839262,12.460142,2.110523
2813,0.17216216,0.15016556,9.996213,-0.2971776
2814,0.089158475,0.012019448,11.869105,3.2773616
2815,0.1023362,-0.058329165,8.887439,2.7679565
2816,0.036310777,0.24006721,10.921876,0.12155292
2817,0.06917559,-0.088503286,10.061225,6.0280347
2818,0.16440257,-0.07315395,10.355972,4.2981105
2819,0.08545994,-0.0032181777,9.4629,3.7095551
2820,-0.06795716,-0.11865116,8.032232,0.11844677
2821,0.03715659,-0.1586058,6.9080753,1.8060977
2822,0.12084457,-0.10276173,10.100718,4.534336
2823,-0.07369125,-0.02094832,10.50864,-2.3145757
2824,0.07144017,-0.17141598,7.217519,5.622557
2825,-0.010702126,-0.15793037,7.140887,1.8162618
2826,0.09936592,0.17195764,10.932997,-0.20835724
2827,0.17826189,0.09949527,12.277483,1.0842817
2828,0.19886763,-0.044473954,8.9844,0.9531643
2829,0.1532811,-0.16921324,6.026406,1.552084
2830,0.15343833,0.03582351,9.027072,4.592961
2831,0.1421803,-0.01155389,10.12026,4.528017
2832,0.08929673,-0.031790838,12.3307295,-0.74784684
2833,0.014963545,-0.122446835,9.189248,2.8644593
2834,0.10304326,-0.19806078,6.843466,2.696418
2835,0.12637989,-0.009319542,12.08871,-0.9289862
2836,0.12790783,0.027768,11.391748,0.18763253
2837,0.04425291,-0.16917229,7.303508,3.102005
2838,0.16512257,0.08278201,10.198738,1.6447902
2839,0.06337138,0.120066404,10.368291,2.6974666
2840,0.17864543,-0.017845565,10.22742,4.7576056
2841,0.1253727,0.09174593,10.351322,-1.0829608
2842,0.103227526,-0.121902674,8.55643,-0.5819364
2843,0.19465797,0.06758228,12.405573,5.799223
2844,0.1603873,0.064092435,10.235954,0.10229028
2845,0.06577718,0.05796933,8.650435,0.83679104
2846,0.14169869,-0.058094375,10.00283,2.9452338
2847,0.0002626665,0.07448855,12.239226,3.061904
2848,0.019325271,0.25395235,9.776744,1.293424
2849,0.31062022,-0.019685667,11.020839,-1.2328022
2850,0.036555856,0.26380262,10.407829,-0.6342603
2851,0.1502089,0.17150228,11.092137,0.38103923
2852,0.1694297,0.0021211077,10.070234,0.0051762
2853,0.15366063,0.09737625,10.696739,4.9312754
2854,0.09079482,-0.11074075,8.863796,-1.4081593
2855,0.20209815,0.08363742,11.427781,3.8317971
2856,0.10582638,0.20228297,10.825013,0.46070084
2857,-0.022710722,0.14263074,4.86355,4.0111766
2858,0.12833992,0.11925492,10.041123,4.2389345
2859,0.05595217,0.13533196,6.533396,6.016843
2860,0.12629648,-0.1483632,9.239909,6.288105
2861,-0.0017733946,0.08106315,10.180169,4.4015303
2862,0.050519526,0.064024284,8.316615,5.6296124
2863,0.1688081,-0.17212503,9.766683,4.33045
2864,0.24000624,-0.08718462,6.5482697,-0.50890905
2865,-0.06330508,0.11763011,11.382945,2.5082147
2866,0.118528664,-0.04521046,10.249776,3.5270066
2867,-0.00067268685,0.17211697,12.818358,5.4629016
2868,0.11608839,-0.038015254,12.89169,3.5952847
2869,0.053535745,0.11644922,10.824445,0.99239916
2870,-0.023213215,0.30013075,11.303447,-0.22896631
2871,0.060272455,-0.1847775,13.548901,1.1474117
2872,0.07588718,0.2946349,10.219691,-0.43289217
2873,-0.017106859,0.0651365,9.415824,-0.51120704
2874,0.08704379,0.00027329102,11.3630495,3.3941436
2875,-0.064910054,0.26083526,11.7440605,1.0351708
2876,0.06661445,0.019249445,13.48183,1.9036933
2877,-0.007303972,-0.07746372,7.4392843,1.8681033
2878,0.051760472,-0.005844935,7.465104,-0.1274353
2879,0.0859784,0.056057192,9.440221,3.2154694
2880,0.098905236,0.04651007,9.09913,4.257611
2881,0.101953045,-0.082577996,9.675174,6.275343
2882,-0.24092516,0.055837393,5.9630914,3.819166
2883,0.22770014,0.23256373,10.250918,0.68567634
2884,0.095391974,0.14983603,10.817056,3.3485405
2885,-0.008146755,0.15948075,13.14319,3.215302
2886,0.016015984,0.10490451,7.4480457,2.436355
2887,0.1472037,0.017351674,12.083892,-0.88636446
2888,0.1699632,0.14843106,11.046211,-0.5454836
2889,0.070584565,0.0026126262,10.908531,6.271316
2890,0.14259768,0.046973646,10.514188,0.5309065
2891,-0.114604816,0.06463676,10.875786,3.042151
2892,0.10351971,0.033176847,10.71749,-0.52365065
2893,-0.117927335,-0.15472725,7.0789056,3.2842937
2894,0.12555382,0.21588685,10.843975,1.709002
2895,0.1481716,-0.119138405,12.835895,2.9907758
2896,0.08200211,-0.023001857,9.725583,-0.53879154
2897,0.14076822,-0.007977429,8.48389,4.448703
2898,-0.095957816,0.227332,13.039067,3.4009452
2899,0.17528823,0.23777905,10.146267,-0.23782423
2900,0.060276553,-0.10623136,11.318125,5.3062057
2901,0.2772931,0.03515359,10.4901495,0.5093194
2902,0.13444799,-0.00079822727,10.965194,4.5044527
2903,0.07712223,-0.05311329,10.9569,4.43083
2904,0.14281131,-0.051172532,9.426855,3.2709007
2905,0.05851291,-0.012932098,7.4575753,1.8870686
2906,0.06541519,0.16581607,9.76689,1.886968
2907,-0.042001117,0.11760391,10.917602,-0.61731327
2908,0.029681921,0.22056365,11.4038515,1.4072782
2909,0.11295004,0.11459865,9.881102,0.29755548
2910,0.09246889,-0.03011279,10.537987,-0.36128032
2911,-0.07975931,-0.0035990272,12.422305,2.5329947
2912,0.055230886,0.09049781,8.552668,-1.1725736
2913,0.0614319,-0.011617282,10.581873,1.2347362
2914,0.23235548,0.12119907,12.535319,3.1670754
2915,0.17837515,-0.08480145,9.1593,6.2762494
2916,0.098020285,0.0014906842,12.292164,2.9922097
2917,0.060476646,-0.004417573,11.685863,2.2273881
2918,0.1028451,0.11046596,13.015729,2.7275643
2919,0.015282098,0.07656841,12.973948,3.5280015
2920,0.006634094,0.102635235,12.643116,2.4934309
2921,0.09010835,0.027339173,10.615648,3.5360324
2922,0.14271556,0.015789775,10.8964205,6.3100405
2923,-0.00074317306,-0.12346865,8.460558,-0.5769252
2924,0.20368627,-0.023124155,9.419546,-0.021609403
2925,0.04265315,0.25612238,13.143464,2.6946354
2926,0.053845838,-0.07355203,4.0207543,3.4046986
2927,0.11931299,0.08809461,9.801897,-1.0708039
2928,0.17528717,-0.18164217,8.420398,5.2259946
2929,0.04256908,0.18279085,10.583506,2.2805383
2930,0.20726605,-0.0906233,9.6547575,1.2441089
2931,0.05982454,-0.001841981,6.643299,3.8285384
2932,0.12109825,0.052749716,10.482071,2.3787928
2933,0.04081811,-0.10415881,9.244042,5.1853995
2934,-0.010209013,-0.110023156,7.167627,0.059083804
2935,-0.15124144,0.07917098,7.4674306,2.7318103
2936,-0.054111425,-0.004706243,5.8719106,3.262088
2937,0.07356025,-0.19588989,9.105473,6.6001153
2938,0.13035956,0.24262872,12.40247,1.1059797
2939,0.048662424,0.1921289,11.646878,-1.1494486
2940,0.21014595,0.09342874,10.9234705,0.5448737
2941,-0.046633564,0.1309737,12.41005,2.8171914
2942,0.08491744,0.15956785,12.392788,2.8556967
2943,-0.08942005,0.08082972,9.1127615,-0.5500313
2944,0.15800795,0.11944242,11.441606,-0.9497017
2945,0.18176077,0.1732283,10.294626,1.8509957
2946,0.023515172,-0.10358283,11.869843,1.9671426
2947,0.10422595,0.23953584,13.424916,3.0765455
2948,0.028373308,-0.15139504,8.898214,2.1851354
2949,0.020935703,-0.08902492,8.963837,2.1523864
2950,0.062057517,-0.011560594,8.845642,5.1701818
2951,-0.030114375,0.018620217,12.723042,5.6017714
2952,0.015998714,0.23577377,10.652267,0.7259006
2953,0.06871534,0.23323461,10.110429,0.568928
2954,0.24425945,0.085060626,10.435943,3.3082132
2955,0.10072431,0.013789801,9.0421715,2.9335346
2956,0.19121438,-0.08650134,8.758031,2.5047064
2957,0.16817808,-0.0206849,9.529369,1.166747
2958,0.15570405,0.20450363,10.449139,0.26357365
2959,-0.05455473,0.08971822,11.258903,-0.7526088
2960,0.12311192,0.22775999,12.788974,2.463232
2961,0.15493174,-0.18821582,9.659701,4.939476
2962,0.08032324,0.21257734,12.380834,2.4368773
2963,0.019975912,0.20920259,11.279202,2.0460327
2964,-0.051685173,0.02757178,8.30084,-1.095318
2965,0.1481314,0.033766896,9.71993,1.7365063
2966,0.07250652,0.069046855,11.460563,0.5851732
2967,-0.051175334,0.1208844,9.717505,1.7657286
2968,0.18282144,0.031316936,9.205164,-0.2727988
2969,0.0737011,0.005125791,12.999234,3.4824493
2970,-0.05786585,0.08783936,9.037666,0.8452009
2971,0.15802282,0.3195711,13.335055,2.2760687
2972,0.03512571,0.098111816,7.9404716,2.6496966
2973,0.060201272,-0.06290044,9.070749,0.95529306
2974,-0.018851502,0.16394752,12.8387375,2.6970613
2975,0.053301126,-0.023122618,11.916012,-0.061646055
2976,0.22516784,-0.03658873,10.2003,1.4469061
2977,0.093436554,0.08979079,10.978086,-0.52639997
2978,0.114016116,0.203163,11.149885,0.0960215
2979,0.12167874,-0.1592774,5.9144998,1.0442868
2980,0.049524292,0.039522067,8.490229,3.409038
2981,0.043058462,0.18364768,12.2606735,3.3261595
2982,-0.021021396,0.03626989,6.220028,3.4828541
2983,-0.089009516,0.2385357,12.89815,2.8601696
2984,0.16897663,0.11998263,10.4232025,1.6768725
2985,-0.12029192,0.053049333,13.02765,3.3518958
2986,-0.002443187,0.27992126,6.756227,4.825847
2987,0.1573582,-0.0009336546,9.324337,-0.521381
2988,0.120070726,0.18369442,10.278845,-0.52691835
2989,0.07364839,0.11565888,10.163141,1.6975038
2990,0.034304753,-0.005106575,10.288019,4.3380623
2991,0.13400762,0.10637121,10.429707,1.1746006
2992,0.09739834,-0.039165676,8.926605,4.289132
2993,-0.011009168,0.12537321,13.392354,1.7665642
2994,0.14640364,0.09992686,10.501009,2.1331766
2995,-0.003206011,-0.034078203,5.7429323,0.9437064
2996,0.06782441,-0.086291134,10.693586,3.618477
2997,0.111224085,0.1443538,12.74845,2.271955
2998,0.19547784,0.07883949,8.833999,1.6799257
2999,0.07643448,0.098913714,11.815074,2.4713492
3000,0.11523944,-0.029200826,9.051066,4.6724706
3001,0.19354796,-0.032078326,8.943915,2.0855212
3002,0.16796803,0.079732984,8.710008,-1.1719279
3003,-0.21720704,0.015237978,6.2864733,3.3196263
3004,0.017208219,-0.009463256,10.968694,0.019774608
3005,0.15958053,0.07048098,8.627922,2.7218788
3006,0.0754499,0.09065404,10.343004,1.9095001
3007,0.12430796,0.16396388,9.692178,-0.57742393
3008,0.029387586,0.13685666,8.961357,1.6147275
3009,0.091082245,0.06326831,8.844578,-1.2771871
3010,-0.0026062056,-0.06664766,13.981602,1.0932815
3011,0.102654815,0.23147744,10.134624,-0.728588
3012,0.2720871,-0.019556317,11.095182,-1.2243173
3013,0.020930704,0.0131470505,12.586107,4.0400815
3014,0.0062709227,0.11132994,9.841197,2.0256307
3015,0.18463746,-0.14121442,7.839577,3.5802786
3016,0.11215037,-0.13922343,11.608803,4.3188453
3017,0.03811709,0.22334236,11.954267,1.2884995
3018,-0.055749893,-0.060034856,7.8863606,1.6424323
3019,0.042081006,0.14864632,9.905861,1.3934686
3020,0.11732522,0.18512113,10.915439,-0.71487206
3021,0.13174495,0.019781163,10.015792,3.0592628
3022,-0.07120266,0.120377734,9.600062,1.7940862
3023,0.052577212,0.073564015,8.234872,5.3978877
3024,-0.10437988,0.24766806,11.760668,1.4010527
3025,0.093030706,0.13390046,11.084984,-0.61995417
3026,-0.19612786,-0.19941449,5.6512966,3.64361
3027,0.18666255,0.09893812,9.100711,2.6073127
3028,-0.04566393,-0.1998525,9.129528,5.461096
3029,0.1163933,-0.014664725,6.248534,0.9655
3030,-0.080023915,0.052667685,7.262626,-1.4305071
3031,0.05015008,-0.12590267,8.217535,2.3217974
3032,0.08743943,-0.079036064,7.906835,4.441486
3033,-0.0077569373,0.1847633,11.547965,1.559419
3034,0.14881527,0.08824015,7.647184,0.77527314
3035,0.111365885,-0.059668362,9.042297,1.252329
3036,0.26812312,0.13587484,10.770103,0.74448574
3037,0.1260011,0.04787454,6.435217,0.9257685
3038,0.025522664,-0.08791893,12.547206,3.5618877
3039,0.14841206,0.0939247,10.7641735,0.68861187
3040,0.09730071,0.23543975,12.410402,2.523796
3041,0.08333917,0.03149374,10.455402,4.2824087
3042,0.054577634,-0.039891243,8.719857,3.6898313
3043,-0.20204744,-0.088272676,6.675196,4.2964373
3044,0.108237594,-0.122903615,8.469575,6.1412272
3045,0.105112374,0.11735466,9.088984,4.497382
3046,0.075219944,0.036937505,9.6847515,2.437771
3047,0.0033584312,0.12250449,9.856494,2.545522
3048,0.033440635,-0.23397931,7.1239924,1.855318
3049,0.009286664,0.2064088,12.560546,1.1548959
3050,0.15781356,0.098019995,10.307627,3.6365376
3051,-0.20378017,0.11644629,5.8831444,3.3957686
3052,0.105354756,0.26037437,12.944546,3.6058447
3053,0.019384868,0.0005405154,9.110757,1.1084551
3054,0.0498109,0.0053105187,12.499592,6.1273518
3055,0.026128944,-0.12919925,9.793552,2.786414
3056,0.049108483,-0.16306804,9.947742,6.7276397
3057,0.27944413,0.098422766,10.6044235,0.73218334
3058,0.105036244,0.020900743,11.829854,-0.8810627
3059,0.05154913,0.09925525,12.900969,2.9153752
3060,-0.072925694,0.025907306,9.324508,3.038629
3061,0.089849025,0.0653767,7.99968,-0.10003259
3062,0.2040633,0.055250667,10.496616,0.4169229
3063,-0.048310302,-0.113969386,6.799912,1.7169327
3064,0.035374776,0.23360226,10.937756,1.7385669
3065,0.02644433,0.19118059,10.355118,1.0668875
3066,0.18119098,0.092009276,10.7137165,-0.9297391
3067,0.122668326,0.0066776276,11.26736,-0.81831706
3068,0.04979129,0.056902878,11.990742,3.042425
3069,0.0051990524,-0.07155528,8.040584,2.3195739
3070,0.123055145,0.038459808,11.23099,0.66579616
3071,0.17985111,0.23949769,13.112781,2.550085
3072,0.17512226,-0.058229074,9.85323,4.2403393
3073,0.016463012,-0.014228156,9.192005,4.666829
3074,0.042653017,0.21264187,10.264265,1.4835869
3075,0.15289384,-0.097376026,11.274408,-1.3915185
3076,0.11615768,0.19844893,10.262607,0.4015201
3077,0.018041138,0.16164201,11.24836,-0.1271303
3078,-0.04360189,0.14400218,10.098465,0.5640342
3079,0.023723282,-0.15928832,8.788879,5.6297603
3080,-0.0010268167,0.030364214,10.757699,3.1331868
3081,-0.1342977,-0.12328473,7.597002,4.228565
3082,0.09343946,-0.0099793915,8.498104,1.121296
3083,0.10961427,-0.21382539,5.4757457,0.8372692
3084,0.118356526,0.08753524,10.949309,5.231896
3085,0.13144036,0.2968851,9.905933,-0.1364692
3086,0.045716144,0.123227134,6.5513196,0.9393172
3087,0.021757565,-0.00785326,8.72572,-0.77050316
3088,0.01924429,-0.027381536,9.590268,3.1669734
3089,0.050218232,0.10972251,9.619382,0.9629765
3090,0.03204844,0.21284102,11.792673,-0.95458865
3091,0.17633839,0.1748718,11.018299,0.5590348
3092,-0.109460175,0.055165432,13.068971,4.133826
3093,0.16945565,0.06088797,11.257196,0.22075213
3094,0.16367097,0.00052546524,9.857963,4.358237
3095,0.13703361,-0.08781515,10.029057,4.7494717
3096,0.108424544,0.21141279,11.14426,-0.725741
3097,0.07747276,0.062540196,5.301118,2.6043599
3098,-0.0035943836,0.01757376,10.255896,-1.313881
3099,0.12256949,0.049384326,9.888368,0.3288463
3100,0.025679335,0.17170647,10.777223,0.078234546
3101,0.24174911,-0.052060686,8.988772,2.4494836
3102,0.06067489,-0.009232737,7.940817,2.1445026
3103,0.07971909,0.26470587,11.123299,-0.12996553
3104,-0.03187225,0.3246219,13.231304,2.23182
3105,0.042130247,0.22663261,11.44617,0.12941228
3106,0.064193994,-0.020112822,9.477718,2.1322796
3107,0.041200057,0.16589966,11.611103,0.76868516
3108,0.10335377,0.25110552,11.230044,-0.0015149408
3109,0.07780996,0.14215815,10.27206,0.26057747
3110,0.19768202,-0.17941606,8.180972,5.3637347
3111,0.07142207,0.10546826,9.516376,0.5159842
3112,0.20472403,0.17081325,9.870658,0.048767827
3113,-0.022670481,0.16328046,12.595687,2.5639956
3114,-0.021772986,0.18528706,11.450564,2.4760988
3115,0.12482387,0.01879781,10.872743,2.2510133
3116,0.14266239,0.24340576,9.565778,-1.0346261
3117,-0.04153146,-0.019226758,10.046887,-1.2971016
3118,0.016124077,-0.04171829,10.215061,-2.083368
3119,-0.04044787,0.102659345,9.232188,2.0076103
3120,0.021874376,0.18277153,12.292087,3.6929038
3121,0.12026052,0.12909007,10.420824,-0.009899678
3122,-0.02974722,-0.20630676,7.6690316,1.6214924
3123,0.09526521,0.007540174,10.425758,-0.057325285
3124,-0.08232496,0.119008765,13.06342,2.666989
3125,0.19489874,-0.03994985,10.916023,-0.84186983
3126,0.12992159,-0.1530978,11.793168,5.4067926
3127,0.11234543,-0.19586721,8.763832,6.0477433
3128,0.07578004,-0.08955606,9.254326,5.142225
3129,0.10737403,0.12471147,10.59504,0.6521637
3130,0.0154345855,-0.22319502,9.251693,5.419502
3131,0.09851819,0.13149258,6.6379824,5.3614283
3132,-0.008621518,-0.041979343,11.837803,3.6185243
3133,0.08573202,0.04757803,9.411848,2.0322862
3134,0.15968388,-0.11830737,10.610395,5.150663
3135,0.041077048,0.2671359,10.501858,0.80527574
3136,0.11147055,-0.022805333,9.460888,2.9952195
3137,0.12503743,0.120993555,7.6674604,0.83996665
3138,-0.028817322,0.14710957,7.4429016,0.14733301
3139,0.15113297,0.007204499,11.16948,0.16221215
3140,-0.015516426,0.16837893,12.63473,3.1207852
3141,0.16133332,0.04913672,9.497745,3.7851405
3142,0.038432725,0.020402161,12.595446,3.1333475
3143,0.056243844,0.10334025,10.911079,-0.49297282
3144,0.13768202,0.12696582,10.150665,2.9147084
3145,0.064506225,-0.12743963,9.2236805,1.7134258
3146,0.054705955,-0.104856476,10.703673,4.56611
3147,0.10928245,0.23110054,12.530013,2.851589
3148,0.12457289,0.13652337,11.026046,1.105115
3149,0.082429096,0.3046619,11.184442,-0.15187818
3150,-0.0425689,-0.13660087,13.952213,1.1137903
3151,0.0122749135,0.2719568,12.638385,2.589124
3152,-0.059931193,0.33742908,12.228748,2.0780196
3153,-0.0054857563,0.14363301,12.1733055,2.0679593
3154,0.10404788,-0.034041636,11.5749855,-0.76865476
3155,0.17378752,0.1827919,10.726584,1.7374178
3156,0.08918385,-0.040628634,9.5008135,1.6271119
3157,0.138487,-0.010130135,10.248982,1.1851368
3158,-0.20263283,-0.039832693,6.3845243,3.1842923
3159,0.18358019,0.1639274,10.96676,4.932512
3160,-0.059349656,0.14250694,11.183054,1.8337103
3161,-0.05478119,-0.054628395,9.539995,2.4718783
3162,0.100960135,-0.015287584,11.347825,4.935002
3163,0.06362351,0.25764647,11.277138,-0.266526
3164,-0.009331837,0.19848898,12.01227,1.810022
3165,0.07879523,0.14511037,9.12266,0.22981903
3166,0.005658526,-0.21458629,6.716614,1.4262193
3167,-0.012040785,0.14232498,11.246942,1.5372676
3168,0.28869966,-0.09268676,8.461078,2.2734568
3169,0.045806065,-0.17912121,7.2751894,4.0054193
3170,0.23050568,-0.013684327,9.944463,4.7282615
3171,0.09343569,0.3216458,10.490446,-0.4829104
3172,-0.06521362,0.19058529,9.453836,1.7128779
3173,0.14515954,0.06692566,9.88907,4.0511203
3174,0.20748267,0.065702066,10.35064,0.4924681
3175,0.024434946,-0.04107961,8.530559,-0.831853
3176,0.085788,-0.0014602523,10.543029,2.2367668
3177,-0.008305218,0.15373605,11.803765,2.7754495
3178,0.22739914,0.060430646,10.403013,-0.15884769
3179,0.16220587,0.0131388735,11.932736,-0.8644665
3180,0.09318057,-0.17827255,9.505042,4.301282
3181,0.06913437,0.14340086,10.231908,1.9949857
3182,0.080192536,0.14196128,11.066416,0.73095405
3183,-0.11760193,0.20875022,9.647831,-0.760205
3184,-0.09954097,0.22412226,10.492739,2.281649
3185,-0.027674625,0.027423589,9.780448,-0.624376
3186,0.034537956,0.17046523,13.504401,1.8280241
3187,0.063596055,0.18868151,11.801388,1.0367289
3188,0.057929456,0.0071386322,10.873656,0.6277105
3189,0.14091226,0.05270786,8.38469,0.60394686
3190,-0.1831744,0.04912448,8.213902,2.7049336
3191,-0.04425767,-0.1593616,6.893418,2.0641658
3192,-0.0047888383,0.10274591,10.107532,1.3094181
3193,0.18103707,0.13414817,10.528143,0.4301354
3194,0.018234309,0.10589763,10.605583,1.3823315
3195,0.14824033,0.18041041,10.655038,2.1814377
3196,-0.04401869,0.008998318,11.465231,0.12852004
3197,0.048157662,-0.028731074,9.3755245,4.6339436
3198,0.06296389,0.017579144,8.459848,-0.8682107
3199,0.06701613,0.12056759,11.528367,0.07984828
3200,0.15317047,0.13032138,11.569203,1.3715173
3201,0.055673204,0.049197987,11.253275,1.0273333
3202,0.17166555,0.05297801,10.415275,4.534472
3203,0.15369585,0.012863886,11.251228,0.41771385
3204,0.08331767,-0.0059239734,11.430659,0.16920586
3205,0.123056695,0.0057961643,8.706593,4.5908775
3206,0.16729958,0.0127904955,10.445916,2.5832024
3207,0.19731486,0.05921326,10.651378,0.71301234
3208,0.18855368,0.11300287,9.628618,0.7213909
3209,0.024631836,0.051831327,8.609719,-0.80739206
3210,0.062533684,0.080481194,8.709332,-0.7085423
3211,0.013964813,0.13307005,11.620994,0.14913544
3212,0.10266809,0.06800425,10.244484,2.7815104
3213,-0.016432483,0.3254576,11.469356,0.10118849
3214,0.046145663,0.17369759,10.783355,-0.15493195
3215,0.010006219,0.13768923,11.0125885,4.9573927
3216,0.14928454,-0.016536249,8.669659,2.577364
3217,0.12653363,0.009209832,11.103876,0.48188987
3218,0.07050483,-0.06548091,9.988081,2.869101
3219,-0.059474096,0.03129466,11.305447,2.2287087
3220,0.28572366,-0.022828856,11.284154,-1.0748761
3221,0.14343387,0.08966867,10.051806,1.1028044
3222,0.04312879,-0.09937319,8.450877,6.559622
3223,0.06846094,-0.18015611,8.486677,5.6812496
3224,0.070446715,-0.24243638,8.718316,5.4624033
3225,-0.040277567,-0.26257756,11.700209,3.6340659
3226,0.023711395,-0.19882312,8.648581,5.520864
3227,0.034736373,-0.2341357,8.652824,5.9972286
3228,0.13931763,-0.14253063,11.877701,5.154793
3229,-0.01365507,-0.20626183,8.75309,5.754043
3230,0.091904014,-0.20733933,8.424925,5.5136456
3231,0.19841044,-0.21108127,8.719639,5.5282574
3232,0.25403953,-0.15400068,9.281889,3.8090916
3233,0.066184476,-0.18075815,8.646305,5.446483
3234,0.12148896,-0.19360653,12.434454,6.087473
3235,0.14520358,-0.13838601,12.518208,6.081918
3236,-0.0192037,-0.11606413,12.502733,6.098777
3237,0.091474,-0.10228104,12.446135,6.132407
3238,0.17369951,-0.17967758,12.514425,6.0959225
3239,0.14409563,-0.07197991,12.468387,6.078124
3240,0.09897488,-0.16502291,12.509854,6.1102853
3241,0.1495899,-0.14736103,12.494692,6.1166763
3242,0.070066586,-0.17744133,12.56923,6.080845
3243,0.11036748,-0.1641389,12.496829,6.081163
3244,0.122221336,-0.084212765,12.517631,6.118247
3245,0.23654804,-0.06166038,8.4876795,7.1413856
3246,0.18501168,-0.077408694,8.599269,7.055229
3247,0.20742495,-0.11394845,8.512847,7.1374087
3248,0.17488651,-0.124388024,8.439953,7.2571254
3249,0.18734586,-0.13962659,8.419537,7.326263
3250,0.165277,-0.1463647,8.471151,6.8244085
3251,0.13841261,-0.11923182,8.464571,7.0984654
3252,0.17102017,-0.10486222,8.438333,7.3168473
3253,0.21755761,-0.11422759,8.480951,7.231667
3254,0.20504229,-0.09334339,8.417392,7.324556
3255,0.1836407,-0.13186212,8.537158,7.1223803
3256,0.11065759,-0.11530412,8.426279,7.31176
3257,0.18090793,-0.13126364,8.444568,7.3250456
3258,0.15246215,-0.1814678,8.421397,7.3661165
3259,0.15291187,-0.18592061,8.3530655,7.424587
3260,0.1964848,-0.14708728,8.4477,7.2220426
3261,0.2154339,-0.0907214,8.451919,7.2544107
3262,0.16405876,-0.13776836,8.421517,7.372581
3263,0.17160466,-0.11109073,8.477602,7.245039
3264,0.14244711,-0.13496101,8.4033375,7.3626585
3265,0.19757164,-0.12758991,8.432828,7.272426
3266,0.19665027,-0.12482581,8.4510975,7.161497
3267,0.0848294,-0.071066156,8.459577,7.253962
3268,0.18384428,-0.08077758,8.456035,7.2531247
3269,0.14299607,-0.17421742,8.421292,7.3072033
3270,0.1720441,-0.13835725,8.404759,7.3464904
3271,0.113863975,-0.12986395,8.41187,7.368498
3272,0.1360817,-0.15236124,8.41807,7.298869
3273,-0.08135268,-0.14777154,13.63376,5.7614675
3274,-0.06556877,-0.1249265,13.632068,5.758366
3275,-0.099184476,-0.17626023,13.655587,5.777328
3276,-0.083702035,-0.13779074,13.642222,5.7652345
3277,-0.08893822,-0.17239061,13.662026,5.78591
3278,-0.017705366,-0.15088809,13.629952,5.758333
3279,-0.017896835,-0.1756919,13.643151,5.7678227
3280,-0.028510012,-0.17272086,13.644148,5.764794
3281,-0.06384267,-0.12905939,13.652939,5.7711887
3282,0.14781733,-0.22931312,7.6700945,4.2268634
3283,-0.097773574,-0.054155536,7.305102,3.8408341
3284,0.0269484,-0.19242877,8.262353,3.5204408
3285,0.2419832,-0.12724583,8.143501,3.5433242
3286,0.1041576,-0.23057792,8.055275,3.6267455
3287,0.2175886,-0.122644916,8.244609,3.3995838
3288,0.1213288,-0.12085329,7.7643886,4.199595
3289,0.15429738,-0.078568704,11.9908,5.070253
3290,0.15572807,-0.15471828,8.470724,3.962618
3291,0.16071865,-0.15724564,8.921722,3.5593312
3292,0.06417941,-0.15714124,9.063774,2.9861722
3293,0.103177726,-0.2570809,7.592681,5.090982
3294,0.120961905,-0.05706203,10.658607,3.5447607
3295,0.10807973,-0.04963792,10.846394,3.6174407
3296,-0.05226877,-0.11430117,11.82636,3.824921
3297,0.096138984,-0.14893444,12.5054245,5.4597425
3298,0.0020742193,-0.18703024,12.435706,5.475509
3299,0.08951354,-0.12715338,10.719913,3.619989
3300,0.06777684,-0.16538036,5.9703183,1.9436958
3301,0.099611655,-0.116339706,10.238133,5.781705
3302,0.08316536,-0.1056767,12.435547,6.0264573
3303,0.09322959,-0.116484106,10.467867,5.7612224
3304,0.0736947,-0.08995285,10.56349,5.391371
3305,0.1052625,-0.08691864,10.242718,5.815801
3306,0.06270667,-0.1310235,10.650457,5.6365895
3307,0.12407324,0.05108586,11.292143,3.3533437
3308,0.15141618,-0.14875388,10.0646715,5.6858997
3309,0.17908563,-0.08081752,10.535769,5.8225675
3310,0.06315314,-0.04051505,11.014095,5.871988
3311,-0.14081857,-0.0008275639,7.8536987,4.103412
3312,0.13016838,-0.042456575,10.478425,4.563353
3313,0.03818941,-0.14155768,10.461062,5.7275863
3314,0.14138776,-0.07145734,10.201973,5.537784
3315,0.13798147,0.006358493,11.1514225,3.2550309
3316,0.05975233,-0.0861519,10.5423155,5.6645193
3317,0.2303234,-0.07795432,10.17481,4.926541
3318,0.19134314,-0.120283864,10.419638,3.2877939
3319,0.071165435,0.013640663,9.931693,5.6377153
3320,0.024869837,-0.07068202,10.510713,5.696989
3321,0.01458839,-0.16914335,10.4669285,5.6675
3322,0.04956816,-0.12057683,10.271786,5.8034687
3323,0.0988078,-0.1256022,10.669053,5.027989
3324,-0.05178849,0.12000987,11.218246,2.937643
3325,0.078813836,-0.11784169,10.259916,5.804013
3326,0.029725373,-0.2255574,9.377252,5.342852
3327,0.16120788,-0.13222419,9.664019,6.373778
3328,0.17739305,-0.0544068,10.350289,5.9068737
3329,0.047358193,0.10327143,11.179455,2.986852
3330,0.15451002,-0.1255498,10.3697815,5.8280454
3331,0.1330803,0.0045312177,10.264883,5.633186
3332,0.11262244,-0.046627976,10.541522,5.0988884
3333,-0.015971076,-0.03504031,6.4790936,6.0379195
3334,-0.046514727,-0.06221678,10.397991,5.661224
3335,0.13723671,-0.08029868,9.972325,4.798162
3336,0.021680124,-0.08570436,9.424524,5.463195
3337,0.012938522,-0.14458129,6.2706513,5.6890373
3338,0.075219326,-0.16711378,10.20144,5.7385945
3339,-0.029207993,0.01146438,11.866963,3.6182907
3340,0.062695466,-0.11319654,6.469439,5.7519517
3341,-0.02156891,-0.14930728,7.7065296,5.364406
3342,0.049161628,-0.116117835,6.163329,5.6952367
3343,0.19088969,-0.14765954,8.936928,4.5398135
3344,0.14024064,-0.10635519,9.94009,5.924618
3345,-0.035294235,-0.15898632,6.1654983,5.714355
3346,0.037048317,-0.13835801,7.6403413,5.473889
3347,0.11494377,-0.09034136,9.200152,3.9978976
3348,-0.0021906458,-0.06977748,6.704218,5.281445
3349,0.18092474,-0.11278438,9.243425,3.4978433
3350,0.11245106,-0.09838216,9.606038,6.7824955
3351,0.05157513,-0.17072208,6.6997313,5.907287
3352,0.0069663934,0.078378,12.088925,4.0162582
3353,0.100408375,-0.25059855,8.443113,5.6830707
3354,0.021069303,-0.19214669,8.501537,5.1587987
3355,0.001750011,-0.22904602,8.416974,5.4874187
3356,0.047765777,-0.2262542,8.438003,5.8240685
3357,0.11800735,-0.13908915,10.969975,5.3412848
3358,0.099220976,-0.1975809,8.803418,4.9644747
3359,0.111219585,-0.20772937,8.308771,5.781472
3360,0.1368449,-0.2339538,8.46711,5.431443
3361,0.021227635,-0.11160099,8.780117,1.8369715
3362,-0.0037090145,-0.18319966,8.761923,5.512337
3363,0.019103091,-0.21087813,8.482716,5.356398
3364,0.10832524,-0.15692753,9.035877,6.6800547
3365,0.052940674,-0.09525366,8.029615,-0.6932973
3366,0.13311434,-0.25981674,9.495529,5.506632
3367,0.064386666,-0.1385948,8.159831,5.80433
3368,0.084723935,-0.12332255,10.118027,5.5811796
3369,0.052586526,-0.1796954,8.217966,5.669286
3370,0.06579266,-0.14642847,8.1885605,6.0391293
3371,0.13144097,-0.17295013,10.388944,5.7701697
3372,0.113123566,-0.12776418,9.734178,5.384618
3373,-0.0082356,-0.24045932,8.141003,5.8268695
3374,0.01698254,-0.1861929,8.434252,5.569031
3375,0.05695089,-0.13969356,9.184235,5.042967
3376,0.09656894,-0.15621948,8.634376,5.329242
3377,0.04487361,-0.20051323,8.223764,6.1226153
3378,0.07028349,-0.109894216,8.168652,5.869493
3379,0.0685846,-0.22939041,8.3053875,5.809786
3380,-0.040536642,-0.23844606,7.82823,5.888138
3381,-0.030442566,-0.14021839,7.9744244,5.130035
3382,-0.014612947,-0.21217173,7.711093,5.507052
3383,0.15419562,-0.20810175,8.15162,6.277387
3384,0.09255174,-0.27641544,6.953761,1.7896907
3385,0.16762361,-0.15836304,8.138706,6.822791
3386,0.14573234,-0.15700376,9.872561,5.9159145
3387,0.037590556,-0.20947546,11.03825,3.1981351
3388,0.03194824,-0.17653015,7.832578,5.3252006
3389,-0.04034236,-0.2256941,7.808682,5.9071193
3390,0.10412179,-0.20882049,8.759296,5.3142433
3391,0.06372776,-0.06753325,8.5648575,7.2814975
3392,0.14238027,-0.036513444,8.58727,7.285746
3393,0.19093546,-0.08421154,8.578277,7.2192364
3394,0.15516831,-0.057241835,8.56955,7.2325697
3395,0.17805237,-0.10376151,8.569115,7.308925
3396,0.1521734,-0.11645375,8.572893,7.325916
3397,0.10125731,-0.11950064,8.449382,7.366777
3398,0.10613835,-0.11879674,8.577235,7.2766986
3399,0.18309188,-0.06894502,8.544036,7.295431
3400,0.18271917,-0.11617257,8.573424,7.3124437
3401,0.185377,0.0851695,10.173547,1.7900954
3402,0.07965323,-0.087469056,8.618266,7.2562013
3403,0.10819475,-0.07583382,8.570414,7.2747874
3404,0.07195386,-0.12543158,8.856865,4.652869
3405,0.19939181,-0.09558455,8.56913,7.29671
3406,0.06821362,-0.037955903,8.553204,7.2757397
3407,0.16939011,-0.062435612,8.565901,7.3313627
3408,0.09070839,-0.09982741,8.585707,7.328663
3409,0.14265797,0.08656597,8.611463,7.2875495
3410,0.24957064,-0.28866324,8.229348,2.5822532
3411,0.17269659,-0.0839617,7.949932,0.9870554
3412,0.11961867,-0.118903115,6.9207234,1.2410825
3413,0.16361265,-0.06283717,7.1620913,0.27735177
3414,0.105224445,-0.029331556,7.588345,1.1636014
3415,0.08009627,-0.09329457,7.5802846,1.1899234
3416,0.2747648,-0.15558906,7.5809417,1.995674
3417,0.16442823,0.042676434,8.894737,2.324579
3418,0.21082431,-0.12997402,7.0328903,1.79572
3419,0.06840307,-0.17930034,6.3721695,2.4720347
3420,0.24307272,-0.11893609,7.1711636,1.7965707
3421,0.119740516,0.036976926,8.629752,-0.5859917
3422,0.1354101,-0.1650314,7.287285,1.0739976
3423,-0.06751321,-0.27821705,6.352955,1.7661439
3424,0.11706482,-0.07267776,11.182237,-0.964009
3425,-0.065930545,0.019691383,8.245323,0.70550567
3426,0.15508257,-0.17674096,8.647512,-0.61197186
3427,0.16533715,-0.13749242,6.7352686,5.4506364
3428,0.12596115,-0.17943414,6.7185655,5.520802
3429,0.22101226,-0.1091887,9.734012,4.695772
3430,0.09488857,-0.08747839,10.304685,4.4383316
3431,0.08921713,-0.13854742,9.203017,5.4700847
3432,0.25810924,-0.11376236,9.824573,4.6352797
3433,0.23666194,-0.10539651,9.048532,3.6177125
3434,0.116746664,-0.12427131,9.01033,5.419825
3435,0.18145598,-0.11296225,9.890467,4.651837
3436,0.17052329,-0.116289295,9.223828,4.743313
3437,0.18386051,-0.13909368,9.180627,4.6711903
3438,0.079265475,-0.009840313,9.832819,5.215778
3439,0.14752726,-0.16762188,9.414679,4.8361764
3440,0.16620857,-0.056157984,9.870563,4.964932
3441,0.16355905,-0.10960223,9.547047,4.969558
3442,0.08170896,-0.06940699,6.773555,3.8812754
3443,0.11375669,-0.043593697,9.871065,4.327488
3444,0.1581851,-0.1134853,9.495392,4.8246884
3445,0.13453785,-0.19817868,9.4189005,5.498559
3446,0.21298611,-0.090691194,9.862021,4.7180667
3447,0.12727955,-0.13453892,8.167263,3.2777128
3448,0.24669212,-0.11286488,9.589302,4.791443
3449,0.14536482,-0.09048006,9.45113,4.7705007
3450,0.17709899,-0.115526184,9.881663,4.5399556
3451,0.19303668,-0.15846746,9.783376,4.7233877
3452,0.13735099,-0.12250355,9.914857,4.9398036
3453,0.24977714,-0.10713776,9.128588,4.6939244
3454,0.05787637,-0.059200346,11.024983,5.684262
3455,0.16284582,-0.20460525,9.464213,5.481592
3456,0.14671859,-0.074389346,9.433331,4.855537
3457,0.08088282,-0.101723425,5.8537283,1.1851925
3458,0.0832102,-0.19659486,5.809272,1.4181923
3459,0.07777849,-0.11298185,10.643331,4.8562717
3460,-0.0012269542,-0.11566649,6.2146153,1.4454074
3461,0.08298583,-0.19236821,5.756331,1.6550127
3462,-0.065576434,-0.204582,7.1243787,1.8207215
3463,-0.054545,-0.16020535,5.805608,1.4935323
3464,0.009332098,-0.038948894,5.458017,1.5603077
3465,0.0010272227,-0.2970068,5.80343,1.5585527
3466,-0.04216732,0.042169176,10.158693,2.520118
3467,0.018336039,-0.21002668,8.99497,0.79217637
3468,0.11241588,-0.19932133,5.8838162,0.73199177
3469,-0.029871162,-0.168246,5.65041,0.9922362
3470,0.009506486,-0.15869465,5.5898504,1.5680196
3471,0.13241002,0.03783589,6.0939465,0.6969152
3472,0.06309849,-0.24426392,6.4481983,1.6407816
3473,0.032030657,-0.1097968,8.07223,6.781243
3474,0.06425162,-0.11288317,12.847235,5.336058
3475,0.07168594,-0.1322837,12.858065,5.3355947
3476,0.0043767393,-0.16496998,12.853542,5.3528275
3477,0.025676172,-0.14318469,12.886866,5.3604527
3478,0.005815178,-0.14852479,12.816377,5.3479257
3479,0.054136157,-0.10905007,12.845703,5.340974
3480,0.014431015,-0.1302761,12.858215,5.33867
3481,-0.034560543,-0.10101174,12.890752,5.365133
3482,-0.0013761595,-0.04587362,12.880076,5.357602
3483,-0.006177433,-0.09597263,12.856983,5.369256
3484,0.026551925,-0.1377083,12.880464,5.3538775
3485,0.017459512,-0.12084676,12.89651,5.367045
3486,0.007401917,-0.1568338,10.8291855,7.0416985
3487,0.080291435,-0.18006733,8.833801,6.0905976
3488,0.06190855,0.09544517,11.07597,2.6010542
3489,-0.021024793,-0.07188845,7.8417115,5.3878436
3490,0.0052707493,-0.17689954,9.138254,6.5080733
3491,0.0383119,0.03607045,11.223116,2.3068087
3492,0.09582752,0.09761743,9.10189,6.3506613
3493,0.03503692,0.08355627,11.083683,2.5733175
3494,0.10076356,-0.039020374,11.054929,2.7671437
3495,0.21050383,-0.09182921,10.594914,5.131458
3496,0.122831374,0.011380503,9.699455,5.5074306
3497,0.09630677,-0.2267786,6.244279,2.9738986
3498,0.083757825,-0.10661447,10.000646,6.8549967
3499,-0.0758186,-0.23011838,7.8796706,5.041505
3500,0.10412517,-0.17290086,9.52248,5.635694
3501,-0.048908733,-0.19888277,8.747447,5.931631
3502,0.06271854,-0.086088575,9.973563,7.031972
3503,0.10473935,-0.19356817,8.721359,6.3880477
3504,0.18135394,-0.14921743,9.582756,5.663573
3505,0.10603741,-0.23433225,9.525209,6.5425005
3506,0.08605528,-0.17455515,8.569513,5.942381
3507,0.04700578,-0.123106256,9.14059,6.1495767
3508,0.09088269,-0.19084463,8.618287,6.4373665
3509,0.15027401,-0.16747014,9.621279,6.5336165
3510,0.13653696,-0.16642223,9.428017,6.4466105
3511,0.08602047,-0.19490191,9.736743,6.634273
3512,0.033639774,-0.08154838,9.912483,7.13097
3513,0.08012383,-0.06936229,9.948654,7.1298485
3514,0.060726926,-0.08474445,9.80033,7.0631123
3515,0.08748788,-0.18178338,8.782589,6.165044
3516,0.09365815,-0.23013529,8.408142,6.1114607
3517,0.142907,-0.06997916,10.27919,5.0141516
3518,0.04803803,-0.1553642,9.890418,6.7845182
3519,0.14265522,-0.17441386,8.922665,1.8556553
3520,0.03323716,0.11286363,10.57473,1.5694289
3521,0.063615784,-0.18298087,10.217161,5.6416063
3522,0.010643572,-0.18168071,7.443621,5.3297496
3523,0.13837966,-0.05753769,10.8925495,5.670733
3524,0.04941261,-0.18735221,9.49457,4.4596066
3525,0.19168484,-0.19223936,6.6924314,1.5609533
3526,0.26775423,0.010444863,7.9669967,2.1873987
3527,0.15917924,0.10077072,10.142286,1.3216511
3528,0.011052787,0.030259697,9.666089,-1.0977825
3529,0.15006334,-0.032319643,7.6447325,0.82992595
3530,0.13621067,-0.04324882,10.285505,3.6309698
3531,0.068966225,0.01340582,8.33619,-1.8207995
3532,0.3463784,-0.025961064,9.823184,1.9801608
3533,0.022849664,-0.2454685,7.2912564,4.037969
3534,0.22241405,0.097649425,10.395383,3.8762934
3535,-0.104326315,0.13752389,7.425355,3.1088977
3536,0.17743164,-0.07337922,10.1200485,3.0035846
3537,0.24360952,-0.07178158,7.5999875,0.9539498
3538,-0.027368965,0.040413305,12.156795,-0.04979437
3539,0.15428892,0.13242087,10.643748,1.6217127
3540,0.25884032,0.04579629,8.560066,6.94636
3541,0.19708794,0.006141426,9.753949,2.6346855
3542,0.09904683,-0.15551856,10.10255,2.8519816
3543,0.18047497,0.021568546,7.6780014,0.878226
3544,0.01955786,0.07339059,10.575742,2.7512648
3545,0.20301604,0.13848671,8.883853,2.7164667
3546,0.022078168,-0.12351674,10.057042,5.1834455
3547,0.15421113,-0.11126984,9.66413,4.6034555
3548,0.08659847,-0.040172637,7.80414,2.168516
3549,0.02994202,0.20835136,9.828052,1.1718929
3550,0.008891337,-0.06804433,6.3718896,0.53970224
3551,-0.20122361,-0.047549494,8.063944,0.65856075
3552,0.08778882,-0.1568462,7.0501504,1.3678273
3553,0.14776058,-0.12169948,8.179821,0.9429918
3554,0.085564606,-0.0644717,8.068461,0.44980946
3555,0.1822114,0.010862844,9.3898325,1.1528018
3556,0.03497407,0.16418286,9.724604,-0.474493
3557,0.049011305,-0.10419548,6.4988465,2.275502
3558,0.15263972,-0.034713306,7.6518474,0.8408098
3559,0.10802747,0.07039865,11.048551,2.1928835
3560,0.12037104,-0.13533784,8.575098,3.596523
3561,0.12655917,-0.22453155,9.549571,5.095682
3562,0.07596472,-0.15934736,9.985227,2.732168
3563,0.11057615,-0.18032369,8.335149,6.472084
3564,0.0066407993,0.030382166,6.458556,-0.44306526
3565,-0.121463284,0.032850713,6.5589743,5.3752747
3566,-0.11345295,-0.11288429,7.330912,6.7543426
3567,0.12687287,-0.08013177,10.921983,3.5319974
3568,0.10254206,-0.0958834,10.328632,6.996742
3569,0.24901164,-0.03109659,8.900488,2.239327
3570,0.18155688,-0.11773756,8.717212,3.003597
3571,-0.07783908,-0.22519295,8.521354,1.0831797
3572,0.1124358,-0.028982028,6.3246007,0.82173467
3573,0.13416022,-0.2411128,8.165204,2.8963637
3574,0.04235439,-0.24023986,8.975277,5.43958
3575,0.07267638,-0.22361699,9.239092,5.46846
3576,0.061025433,-0.27466434,9.064953,5.3241377
3577,0.059137285,-0.12210609,8.128785,6.193961
3578,0.06440581,-0.24894561,8.469138,5.9090347
3579,0.1853192,-0.054000467,10.388862,3.2448087
3580,-0.06089993,-0.20763722,7.737745,5.5345764
3581,0.20934245,-0.061732896,7.7508674,1.0284808
3582,0.03844499,-0.2882941,9.743901,5.565859
3583,0.036978066,-0.27685347,8.226048,5.453397
3584,0.07474552,-0.21658736,9.614873,6.7470884
3585,-0.06733467,-0.0026665889,9.8379,5.301966
3586,-0.038696054,-0.23147726,8.751832,5.4963512
3587,0.15920433,-0.2475326,8.358847,2.3115854
3588,0.12579693,-0.06016615,10.032015,5.8426223
3589,0.16035031,-0.11035415,10.331592,5.7629375
3590,0.19702905,-0.05799789,10.70077,4.9436936
3591,0.100549236,-0.12204518,9.75327,5.7286596
3592,0.15606086,-0.1201385,10.53053,5.422698
3593,0.007268671,-0.11659175,10.625817,-0.06516454
3594,0.031924143,-0.1354377,10.012217,5.849221
3595,0.11099517,-0.053427227,5.274565,2.5404136
3596,0.051587306,-0.21594682,7.4696646,5.2193365
3597,0.092138916,-0.025401961,12.30741,3.6581
3598,0.04085449,-0.15680811,5.349815,0.7612868
3599,0.17972937,-0.08406079,12.516372,6.0804906
3600,0.04145603,0.12520784,12.403235,0.87251836
3601,0.050293826,0.1841806,11.907659,0.5324248
3602,0.103900895,0.03032547,7.995027,0.26624003
3603,0.11866972,-0.089814916,5.3713655,0.7689257
3604,0.16871011,-0.07296365,6.053626,1.1667444
3605,0.12651604,0.08064704,10.070367,0.3110968
3606,0.036499925,0.13791628,10.579982,-0.41311505
3607,-0.008674379,-0.024120977,12.436299,0.71180385
3608,0.16513288,0.1458136,11.037325,0.8001617
3609,0.111556485,0.034075655,10.745657,0.92688847
3610,0.09240426,-0.0014889836,8.98228,2.8756893
3611,0.11754432,-0.08213709,9.506282,4.624793
3612,0.0627623,-0.16653605,8.48044,5.711404
3613,0.14670861,-0.12963833,8.397777,4.9119515
3614,0.12602144,-0.07963002,8.572591,4.9039593
3615,0.108771026,-0.004368445,8.443318,4.76728
3616,0.16951904,-0.13030788,8.857831,4.972993
3617,0.08844293,-0.06464804,8.977779,4.5339904
3618,0.13088325,-0.13525634,9.253997,3.8906448
3619,0.1324929,-0.1403858,8.901066,5.234744
3620,0.11923747,-0.090867534,9.762611,3.4847512
3621,0.123800784,-0.16843762,10.349515,4.4835916
3622,0.07860312,-0.14400049,8.915035,4.381362
3623,0.12785085,-0.105284475,8.800062,4.8810096
3624,0.1353021,-0.25036383,8.73659,4.7870855
3625,0.11866216,-0.19935158,8.707864,4.8628435
3626,0.09359358,-0.12741652,8.916264,5.137322
3627,0.08837044,-0.12897073,8.447723,4.8521357
3628,0.08465468,-0.14437169,8.634663,4.8577523
3629,0.100857064,-0.14527763,8.631541,4.885081
3630,-0.05510313,-0.034883738,8.58631,5.4023776
3631,0.017031044,-0.08058062,6.0262237,5.6491714
3632,0.106354624,-0.047597706,6.2075157,5.8037133
3633,0.06221606,-0.07650717,6.130677,5.752906
3634,0.02215179,-0.15521312,9.016392,5.108716
3635,0.06176792,-0.11551753,6.204048,5.7327585
3636,0.045040786,-0.11249024,6.1813793,5.795248
3637,0.01933308,-0.14691062,9.104635,6.696611
3638,0.059085384,-0.097678795,8.18449,1.196307
3639,0.077194385,-0.076276585,9.093514,-1.5688548
3640,0.11784516,-0.04202848,6.1418066,5.73868
3641,0.006197259,-0.07103469,7.2443523,5.4781976
3642,0.049420595,-0.21130693,6.5021343,5.9351606
3643,0.09385085,-0.22742307,6.446647,5.8846197
3644,0.110370785,-0.09528853,6.1755204,5.8028665
3645,0.104469955,-0.117813155,9.432578,5.375031
3646,-0.10666566,-0.07588987,6.5891714,5.741596
3647,0.16426243,-0.06336147,6.3410473,5.916662
3648,-0.026561802,-0.13762632,12.101397,3.560142
3649,-0.027599104,-0.090438955,6.246072,5.6678863
3650,0.07334992,-0.1375966,6.1406994,5.8609357
3651,-0.21196401,-0.11808968,6.4653788,3.3651998
3652,-0.22584644,-0.052234016,5.9458966,3.8864448
3653,0.007894371,-0.07982436,7.4663615,5.5017743
3654,0.047413923,0.0005660411,12.98367,4.147552
3655,0.085710876,-0.06702064,6.121312,5.775256
3656,-0.09335445,-0.0658549,7.065077,6.074814
3657,0.11917426,-0.10758041,6.2445564,5.814613
3658,0.023075107,-0.14655802,11.099565,7.1110706
3659,0.089935645,-0.09644099,6.130222,5.7640457
3660,0.054812,-0.09814766,10.321844,5.799393
3661,0.013212591,-0.2025008,8.274586,5.515664
3662,0.05289428,-0.111532524,9.449232,6.6810956
3663,0.02929689,-0.119803526,9.623426,6.7597866
3664,0.055674553,-0.15471485,7.9351845,1.6650249
3665,0.10383731,-0.11543247,6.120319,5.739583
3666,0.028494857,-0.115853205,6.5660596,5.875418
3667,-0.10873221,-0.10654643,6.9819274,5.182144
3668,-0.00028128922,-0.104765885,9.738564,7.365852
3669,0.06806101,-0.18837297,8.204413,5.7681737
3670,0.19651428,-0.08822076,9.3160925,0.9903476
3671,0.14444824,0.005360909,8.316372,-0.57167935
3672,0.022815995,-0.18153268,6.351862,-0.5372485
3673,0.047652543,-0.105115645,6.4516745,-0.84378344
3674,0.08807507,-0.20517698,8.625405,3.4971793
3675,0.1269041,-0.16178559,7.448845,-0.7350453
3676,0.20419976,-0.15015006,6.5456996,-0.4555681
3677,0.14074695,-0.17144266,6.345704,-0.5939628
3678,0.123605445,-0.029928928,6.4599223,-0.44805807
3679,0.17677769,-0.112943806,10.597198,4.948247
3680,-0.038870454,-0.055949695,8.107078,1.0808929
3681,0.08933577,-0.20712468,7.4702525,1.232629
3682,0.2442528,-0.010098848,10.256054,1.658183
3683,0.042129546,-0.25695583,9.285151,5.5580587
3684,0.13924,-0.15313818,6.5842133,-0.7447308
3685,0.15212962,-0.024317361,6.678927,-0.6227084
3686,0.104347154,0.00078091957,10.873468,-1.8708817
3687,0.17358002,0.050745524,9.334867,-0.21752234
3688,0.09233564,-0.17793775,8.552058,1.5555325
3689,0.15676227,-0.3190177,8.325675,5.454826
3690,0.1822784,-0.15108132,6.478273,-0.5233385
3691,0.017304339,0.04396949,8.849966,-0.016020808
3692,0.06089221,-0.15478183,6.050286,1.8442314
3693,0.038448066,0.010347329,8.308504,-0.74838096
3694,-0.076740086,-0.096521154,5.6454043,3.4574442
3695,0.124147445,-0.047794193,9.089047,0.9025211
3696,0.24167272,-0.18718943,8.236486,6.9756517
3697,0.18488637,-0.07772922,8.868809,0.64519083
3698,0.17454955,0.040831648,9.632081,0.720742
3699,0.15047337,-0.20504805,8.065112,3.6449087
3700,0.16381277,-0.19523641,9.500206,5.603959
3701,0.06880938,-0.078880474,6.521956,-0.45013973
3702,0.17945772,-0.25225303,8.325889,3.0262144
3703,0.11675593,-0.16339216,9.079306,3.893683
3704,0.0527298,0.09080357,9.963477,0.66659915
3705,0.14769103,-0.11677857,8.49359,3.96117
3706,0.17516325,-0.110503554,9.038358,0.8538317
3707,0.12782112,-0.2254064,8.26819,3.3210406
3708,0.17867118,0.011254327,7.3865986,2.1481006
3709,0.16696723,-0.0048683584,10.913236,4.0009313
3710,0.056267627,0.09257883,8.441644,-0.2595282
3711,0.26009837,0.02650628,7.4258394,-0.46398038
3712,-0.050053142,-0.26642823,7.24455,1.3206483
3713,0.07698631,-0.06521473,8.988747,0.8561666
3714,0.20175895,-0.10955869,9.659824,1.285124
3715,0.12889408,0.08068635,9.9995365,1.740381
3716,0.12965465,-0.2114812,7.5833325,1.361086
3717,0.12969694,-0.10927062,8.275594,3.29457
3718,0.08203752,-0.08616523,7.5573716,1.0909852
3719,0.14539412,-0.10724167,7.375641,0.6187953
3720,0.082989685,-0.030418273,7.850895,1.5120454
3721,0.16441905,-0.07779811,8.360021,2.821857
3722,0.17349309,-0.026187882,7.03886,-0.83323675
3723,0.06704691,-0.17626545,6.592313,-0.4251282
3724,0.20675786,0.05400604,10.276342,1.6644375
3725,0.17176476,-0.09445412,9.933745,5.94813
3726,0.25720602,0.03227189,9.887226,3.8061779
3727,0.2485207,-0.14768137,10.063054,3.8757157
3728,0.21155298,-0.17981118,8.484612,3.3140895
3729,0.24303898,-0.013591956,10.505694,4.586327
3730,0.23386577,-0.06274535,10.65183,4.8972917
3731,0.18187839,-0.012670101,6.2835255,1.1636645
3732,0.21022156,-0.04950422,8.501894,6.272768
3733,0.16664861,0.012536645,10.023982,3.5326293
3734,0.16903155,-0.0043334514,6.697183,-0.67972696
3735,0.117773324,0.04556912,8.481212,-1.3360127
3736,0.19054596,0.023199955,8.702573,2.8071687
3737,0.04577382,0.059218213,10.286838,-0.69248605
3738,0.18755352,-0.111554556,10.004592,-1.3020095
3739,0.102503374,-0.09559429,9.054641,3.3740578
3740,0.14293194,0.089904405,10.695804,1.627184
3741,0.18170252,-0.057353914,9.846302,4.459244
3742,0.18442926,0.06497298,7.6278667,0.8304014
3743,0.18425179,0.14249507,10.986686,2.2350507
3744,0.25756702,-0.015141291,10.278804,4.4747076
3745,0.21268709,-0.07854968,11.1520195,-0.9731321
3746,0.07412673,-0.10690519,10.154322,5.310931
3747,0.16005102,-0.03679929,10.06546,5.3625274
3748,0.18511245,-0.011177661,9.609195,6.148767
3749,0.16165441,-0.092617214,6.7054863,-0.15228131
3750,0.2407003,-0.044353023,10.176592,5.1959176
3751,0.13361868,-0.05547087,10.109023,3.5237205
3752,0.1578178,-0.08837151,9.584118,6.406777
3753,0.1888212,-0.10681558,10.630837,4.873682
3754,0.26642126,-0.05911597,10.404275,5.155877
3755,0.17562847,-0.0594996,10.065146,5.257262
3756,0.17177853,-0.122232124,9.858728,5.7042494
3757,0.13951573,-0.077261426,10.075862,5.341873
3758,0.1850993,-0.05231288,9.727614,5.970334
3759,0.042178757,-0.20314898,7.86646,2.686607
3760,0.1340071,-0.10716277,9.921296,5.6245394
3761,0.121088415,-0.08935756,10.918895,4.771927
3762,0.1733189,0.02451521,10.103813,5.318017
3763,0.16237715,-0.001499597,10.3627615,5.2485323
3764,0.1776866,-0.014598008,10.110019,5.2825117
3765,0.10354082,-0.10164592,9.556176,6.2376466
3766,0.25871676,0.047695324,10.438338,5.00153
3767,0.17579618,-0.060986675,9.530993,6.2112474
3768,0.22528717,-0.02885295,8.94462,2.367672
3769,0.06600858,-0.09155062,8.586753,3.7971387
3770,0.10857986,-0.13560478,12.502714,4.9016848
3771,0.15135503,-0.17367904,8.794177,2.5183852
3772,0.15394735,-0.08488112,9.046173,3.4654562
3773,0.06131144,-0.1995584,7.761407,5.554339
3774,0.16725367,-0.09954877,9.646559,4.458503
3775,0.2688612,-0.20023653,8.916702,2.5342138
3776,0.14486447,-0.21619645,12.558949,5.003719
3777,0.16413188,-0.16738519,8.976691,3.3100553
3778,0.26548856,-0.24467663,8.939904,2.6272173
3779,0.114104316,-0.15517536,6.4211693,2.552042
3780,0.11211525,-0.103391655,8.972453,3.4410012
3781,0.09454103,-0.16283755,9.014806,3.5216677
3782,0.07439648,-0.17062137,8.831771,3.4232647
3783,0.060786918,-0.075232886,9.0611515,3.450065
3784,0.21072459,-0.07231896,8.725282,2.9662483
3785,0.14770721,-0.09338258,8.919777,2.497959
3786,0.059003353,-0.16247898,9.404691,3.6198409
3787,0.010769479,-0.017251825,10.354037,6.921716
3788,0.12766941,-0.040557057,11.112582,5.353003
3789,0.12821388,-0.09733206,9.845507,5.687966
3790,0.14218786,-0.034893434,11.229072,6.752537
3791,0.14227399,-0.095133595,11.032856,5.177978
3792,0.092872426,-0.011422839,9.515996,5.724019
3793,0.0635415,0.0779915,11.334592,2.568645
3794,0.14271274,-0.08722488,9.096585,6.3395696
3795,0.06480105,-0.02332103,10.220822,6.858304
3796,0.10581526,-0.2237294,9.478919,5.6523423
3797,0.1186299,0.045324042,11.398442,6.557672
3798,0.054760516,-0.02012871,11.311891,5.954252
3799,0.08627535,-0.08942093,11.012204,4.1294355
3800,0.14910224,-0.083875895,11.28532,5.180981
3801,0.17651889,0.01534394,11.122294,5.361058
3802,0.13525811,0.06922639,10.330022,-0.031016525
3803,0.122451454,-0.04965452,10.979406,4.998431
3804,0.043799073,-0.15540352,9.137572,6.3064814
3805,0.040389195,-0.055048242,11.410604,5.906035
3806,0.10735324,-0.17892012,11.562288,5.514073
3807,0.080696635,-0.13322872,11.490315,6.6534553
3808,0.20159446,-0.10815016,9.900691,5.8400707
3809,0.22429967,-0.1744079,9.59938,6.4111104
3810,0.2210072,0.043300807,9.602039,3.4539733
3811,0.08736715,-0.09363853,7.446287,1.8546433
3812,0.056962326,-0.20302346,8.2007675,5.715887
3813,0.057247773,0.05867377,12.6584215,0.07920333
3814,-0.007995753,-0.08664253,9.140967,5.7485986
3815,0.008664951,-0.1493266,6.0220017,5.2611117
3816,0.08346603,-0.08340588,8.8448515,2.534007
3817,0.044451863,-0.2983652,8.256455,3.070784
3818,-0.079963714,-0.1201047,7.362515,5.9920177
3819,0.06717287,-0.050192572,9.293448,2.5844882
3820,-0.4619157,-0.020456804,2.7469094,3.179181
3821,-0.4767338,0.074789494,5.0224867,4.0127034
3822,-0.5122607,0.081216715,5.212648,4.083636
3823,-0.2603957,0.05958785,6.4723563,4.268413
3824,-0.25104567,-0.29636005,4.946688,3.6027894
3825,-0.2666939,-0.31363294,4.936402,3.61365
3826,-0.004327789,-0.24852261,6.718941,2.0678287
3827,-0.2875131,-0.28648797,5.0087795,3.699355
3828,-0.30710426,0.1531074,4.838532,3.7844877
3829,-0.32924977,0.14534938,4.7974076,3.83596
3830,-0.44037876,0.052259445,2.7520592,3.2468567
3831,-0.36957106,-0.17844479,5.2262425,3.742162
3832,-0.34431925,-0.097612806,4.910026,3.7604804
3833,-0.043648005,-0.03226295,8.7439,-0.28462437
3834,-0.19755815,-0.06311589,4.8875837,3.8315613
3835,-0.24521613,-0.18247876,2.9845636,3.7553687
3836,-0.328666,-0.17269546,4.8843427,3.6259494
3837,-0.39565647,-0.27382973,2.9471288,3.137004
3838,-0.3978304,-0.13053292,3.061874,3.1262128
3839,-0.33987686,0.1684508,4.7819586,3.7364678
3840,-0.29719743,0.10798107,3.0137045,3.762026
3841,-0.4197645,-0.24191906,2.717916,3.3284135
3842,-0.37403032,-0.21552578,2.9495625,3.766887
3843,-0.49704713,-0.3147882,2.7384593,3.2849312
3844,-0.32539973,-0.31460628,2.958746,3.8498666
3845,-0.38732177,-0.12745538,2.9582672,3.8328485
3846,-0.42249557,-0.22696394,2.9459112,3.8556151
3847,-0.29408082,-0.22772488,2.9039612,4.0154023
3848,-0.47427264,-0.16560784,4.902526,3.7595904
3849,-0.16669495,-0.025402399,6.8954916,3.7152548
3850,-0.2739563,-0.05707044,6.623296,3.8632653
3851,-0.28653637,0.04150831,6.6954136,3.8254611
3852,-0.27660507,0.0053597,6.608405,3.9354022
3853,-0.52820307,-0.20393445,3.0779114,3.1876595
3854,-0.6175053,-0.018568495,3.0128798,3.2251844
3855,-0.4814783,-0.18686476,2.8374245,3.1853714
3856,-0.36698166,-0.34021735,3.0813158,3.186937
3857,-0.28216887,-0.13319322,4.963195,3.5091372
3858,-0.30673102,-0.1586244,3.103438,3.722357
3859,-0.28487292,-0.18381298,2.9367013,3.668632
3860,-0.4743847,-0.13668735,2.7664855,3.1589148
3861,-0.5586314,-0.16084051,2.799882,3.1308634
3862,-0.39521793,0.038760602,3.0501077,3.8271914
3863,-0.45272794,-0.14467281,2.771215,3.2531815
3864,-0.5827447,-0.097999066,3.0910501,3.2919483
3865,-0.42550305,0.0022632293,3.1153705,3.7095137
3866,-0.44980124,-0.13938084,2.7756171,3.202062
3867,-0.2065553,0.094883986,6.707514,3.784376
3868,-0.42136738,-0.01529045,2.7013428,3.153899
3869,-0.33076838,-0.24225298,2.727122,3.1898844
3870,-0.27808687,-0.14573282,5.546954,3.9758258
3871,-0.15395084,-0.07478146,7.261678,4.4416313
3872,-0.12048938,0.017763602,8.366443,4.6826725
3873,-0.13566346,0.02222146,8.332211,4.6399636
3874,-0.16892855,0.05150438,8.247157,4.685911
3875,-0.4456037,-0.16635689,2.935608,3.201148
3876,-0.16585192,0.11743668,6.6596737,3.7184165
3877,-0.45514217,-0.02945373,2.8022761,3.2238064
3878,-0.24702914,0.085226625,6.4021773,4.064792
3879,-0.26269218,0.055492513,11.009269,4.22845
3880,-0.02979121,-0.011202417,6.4843163,4.4658923
3881,-0.09150228,0.07290748,11.013122,1.5191715
3882,-0.43974838,-0.17409444,3.1351857,3.226506
3883,-0.4735475,0.021559881,5.372963,3.9438565
3884,-0.44053212,-0.024659842,5.406757,3.9602234
3885,-0.5673251,0.011237318,3.017561,3.248998
3886,-0.3944421,0.0037282873,5.6560655,4.31734
3887,-0.39417204,0.0026097465,5.60805,4.305058
3888,-0.39439967,0.010695282,5.4759293,4.2444344
3889,-0.23123486,0.058979236,5.9548006,4.3101516
3890,-0.18402147,0.028242653,5.9560246,4.3751206
3891,-0.34844264,0.015099434,4.948106,3.8975935
3892,-0.14476146,-0.0031901887,10.539825,6.018995
3893,0.057593442,-0.108338565,8.246953,2.90139
3894,-0.2240749,-0.012700174,7.707221,3.1248794
3895,-0.167221,-0.10889827,7.688409,3.0394492
3896,-0.14751726,-0.12815985,6.6025333,3.3028338
3897,-0.18766598,-0.020446932,6.697195,4.4560404
3898,-0.2816254,-0.12134236,6.219914,4.385531
3899,-0.24467446,0.06478808,6.5622187,4.666539
3900,-0.23217465,-0.3318321,3.0237863,3.204368
3901,-0.2972217,-0.066758126,6.9564695,4.546808
3902,-0.28750277,0.1746924,7.171037,3.870678
3903,-0.13602781,0.06865662,7.216202,3.8775685
3904,-0.21165976,-0.04716124,7.121525,3.9125571
3905,-0.48121852,-0.09925664,5.0833235,3.9528666
3906,-0.3044768,0.1297624,7.0862947,3.9463398
3907,-0.1975075,0.041074395,7.0981646,3.9644613
3908,-0.1773713,0.015208019,7.1830416,4.0759892
3909,-0.22995102,0.07168331,7.3224416,3.9193423
3910,-0.09784718,0.15573263,12.143443,5.205513
3911,-0.4208535,0.04690036,5.0222497,3.912648
3912,-0.5045408,-0.11896789,2.8285615,3.3264372
3913,-0.4760695,-0.003465118,5.021973,4.0330133
3914,-0.6203176,-0.014359476,3.0130448,3.240292
3915,-0.3530651,0.023838414,5.4232783,3.838256
3916,-0.40944386,-0.14407973,5.0406694,3.8221583
3917,-0.50845134,0.093608275,5.040298,4.0669465
3918,-0.49872512,0.007962067,5.0233417,3.9108183
3919,-0.46015212,-0.013216348,5.138436,3.9905415
3920,-0.46793002,-0.08142419,3.0465271,3.8187642
3921,-0.37699994,-0.12475099,2.9145298,4.010607
3922,-0.39725992,-0.21726523,3.030091,3.7322023
3923,-0.4362667,0.027515529,5.1076994,3.9686747
3924,-0.47140187,-0.110844456,2.995062,3.2124977
3925,-0.48518538,-0.09295987,3.071939,3.266395
3926,-0.38178125,-0.07879061,5.172017,4.095928
3927,-0.12803754,-0.016009215,6.1344438,4.3823366
3928,-0.2568539,-0.20425954,5.348462,3.7879167
3929,-0.30083278,-0.12189308,5.270163,3.9022167
3930,-0.44707265,-0.11328308,3.055274,3.7864506
3931,-0.429034,-0.22031254,2.852286,3.2154343
3932,-0.24778864,0.14520022,6.2904577,4.340062
3933,-0.40276653,0.06885352,5.4761505,4.201574
3934,-0.25462604,0.15914312,6.433844,4.3028607
3935,-0.40502194,0.0814672,5.439518,4.2049875
3936,-0.10727108,-0.033365928,6.100992,4.3180265
3937,-0.3424972,-0.050891533,5.4764085,4.11185
3938,-0.2134453,0.04637695,6.097016,4.4287086
3939,-0.019180123,-0.112419926,7.224277,4.3372917
3940,-0.23051086,-0.12607089,6.5199037,3.355478
3941,-0.37967864,-0.26219305,5.038431,3.5521817
3942,-0.4626929,-0.11560774,3.1015048,3.7726352
3943,-0.45123503,-0.1638327,3.1133165,3.7587576
3944,-0.40340856,-0.21183413,5.181453,3.3655827
3945,-0.13574627,0.1348244,6.8633657,3.902041
3946,-0.19884181,-0.22443473,5.5555167,2.8646731
3947,-0.25391194,-0.04346463,5.568955,2.890893
3948,-0.18735892,-0.12899014,5.488428,2.842082
3949,-0.5159633,-0.24943264,2.7407362,3.2613354
3950,-0.17582887,-0.18389401,5.5358014,2.849948
3951,-0.5156076,-0.024007356,5.1662335,4.001898
3952,-0.39099035,-0.24678148,3.1419475,3.802121
3953,-0.45749635,-0.051673755,3.071653,3.86767
3954,-0.20942241,-0.035146765,6.326832,4.7015414
3955,-0.41846475,-0.28172544,3.047615,3.8425426
3956,-0.16184883,0.2413657,11.453641,1.47748
3957,-0.5378468,0.054822557,5.3191943,3.9688964
3958,-0.41883698,-0.019665627,5.708113,3.8413935
3959,-0.20221785,0.02343026,5.9752574,3.7505152
3960,-0.4298081,-0.053652003,5.688048,3.8352487
3961,-0.41857693,-0.057411015,5.6822333,3.8376427
3962,-0.3639448,-0.10838081,5.5165257,3.8032048
3963,-0.06341756,-0.17524227,5.8015785,1.5309033
3964,-0.3154841,-0.25077128,5.699026,1.6783462
3965,-0.05077115,0.11797367,6.2860603,3.2874455
3966,-0.4478306,-0.019918745,3.039434,3.6937876
3967,-0.15237033,0.08055652,7.8350053,3.3657734
3968,-0.60030496,-0.11019777,2.907665,3.3077822
3969,-0.3863658,-0.14265624,4.9500165,3.9956837
3970,-0.2413933,0.06363463,8.9744005,0.13566652
3971,-0.31115606,-0.1569061,5.6989512,3.1163096
3972,-0.42587402,-0.04967092,3.0090878,3.7181618
3973,-0.5328046,-0.19865501,2.785046,3.3200908
3974,-0.3078768,-0.21388179,3.0438616,3.832224
3975,-0.004465636,-0.26865426,6.1780457,2.8235188
3976,-0.3251932,-0.27547872,4.930585,3.6431227
3977,-0.38493118,-0.08955524,4.908849,3.7003477
3978,-0.38310936,-0.29719055,2.531577,3.3283885
3979,0.010785356,-0.09337659,6.1440835,2.8048198
3980,-0.44214615,-0.2638954,2.5056891,3.352398
3981,-0.26316708,-0.24900195,4.940163,3.5953186
3982,0.034752473,-0.240219,6.106388,2.8551636
3983,-0.2664197,-0.37199554,2.8113089,3.756717
3984,-0.4625523,-0.008017221,3.101022,3.7763846
3985,-0.2601122,0.13036278,11.677428,1.2443072
3986,-0.23186636,-0.013625283,6.7212963,4.142944
3987,-0.27185595,0.18671983,6.7470717,3.935649
3988,-0.05972945,-0.105944455,6.2432566,4.459392
3989,-0.42674848,0.013587771,5.4737525,4.2834167
3990,-0.3853016,-0.04163412,5.4709506,4.2609177
3991,-0.20122245,0.007997997,6.315289,4.179925
3992,-0.44326848,-0.07408568,3.0929713,3.2183216
3993,-0.39845863,-0.036234573,5.1993117,4.138475
3994,-0.4038084,-0.072242916,5.202756,4.163444
3995,-0.32079265,0.00030796602,5.2826414,4.1069245
3996,-0.1658882,0.09794189,7.07335,3.624677
3997,-0.39546067,-0.02197995,5.183317,4.128861
3998,-0.13122338,0.021874158,7.2730494,3.368142
3999,-0.073789194,-0.15997532,6.312379,2.8140533
4000,-0.15974346,-0.050264046,6.3273554,2.8834355
4001,-0.07476052,-0.14689317,6.2896547,2.7960114
4002,-0.22462957,-0.016995003,6.32494,2.9434254
4003,-0.2940158,-0.16271755,6.3419676,2.8210952
4004,-0.34224692,-0.061062954,5.1994514,4.1602697
4005,-0.16887543,-0.15325508,7.271797,3.1203477
4006,-0.05371169,-0.16122611,7.0445123,2.9444556
4007,-0.1655036,-0.107439294,7.2561064,3.0391958
4008,-0.050536506,-0.08819395,10.313121,6.6348324
4009,-0.08444133,-0.16429502,8.146447,2.1901085
4010,-0.06617441,-0.17441973,9.042346,6.507178
4011,-0.10837534,0.16378117,6.389071,3.2622561
4012,-0.47124997,-0.20669132,2.7073433,3.2202475
4013,-0.13819665,-0.019871797,6.47304,3.3354564
4014,-0.21627876,0.10335486,7.039381,3.8182259
4015,-0.2032447,0.021206638,6.480388,3.585279
4016,-0.2564958,0.056912333,6.558741,3.5828297
4017,-0.50188315,-0.042382985,5.085498,3.996809
4018,-0.18687372,-0.046931848,6.48963,3.340037
4019,-0.2675938,2.6728958e-05,6.3236914,4.347603
4020,-0.4835675,-0.040328432,5.2103267,3.9190466
4021,-0.45942405,0.019948756,5.127937,3.9177804
4022,-0.13826303,-0.00037480518,6.0641727,3.7427666
4023,-0.2317878,-0.0374796,4.8784304,3.896136
4024,-0.14944656,-0.14983957,6.670631,3.1029892
4025,-0.41571647,-0.15844671,5.1202083,3.7275553
4026,-0.23138674,0.12865773,6.777641,3.8969567
4027,-0.07251373,0.031365216,6.3185916,3.1922216
4028,-0.23220024,-0.019752303,6.6172695,3.6124527
4029,-0.31932905,-0.055136226,6.534598,3.4541454
4030,-0.15454794,0.039853595,6.2283096,4.720792
4031,-0.19839853,-0.03546326,6.85998,4.2833343
4032,-0.14764792,-0.08582185,6.449372,3.0918014
4033,-0.38176504,-0.1416584,5.03054,3.8691468
4034,-0.1091766,-0.14439365,6.5530996,3.288608
4035,-0.5491643,-0.06161487,2.8712022,3.242895
4036,-0.34878466,-0.060510114,4.849007,3.846502
4037,-0.3330492,-0.16652513,2.6959434,3.1794622
4038,-0.4276602,0.05917748,4.921502,3.8326342
4039,-0.31030035,0.006729046,3.0333347,3.8268425
4040,-0.3342975,-0.12108332,5.2924643,4.074104
4041,-0.16464184,0.0028231572,6.6964355,3.9262402
4042,-0.09636467,0.07972855,6.7247396,3.7671711
4043,-0.23361859,-0.24703339,7.2099285,3.3116114
4044,-0.23486814,-0.22225851,2.913705,3.6301155
4045,-0.37623146,-0.25715965,2.7068467,3.267757
4046,-0.40228274,-0.099254414,2.9641328,3.6920793
4047,-0.36928132,-0.016190212,8.249348,4.8438635
4048,-0.483398,-0.110003814,3.079642,3.2888024
4049,-0.06385473,0.09984566,7.299137,3.8926642
4050,-0.3705119,-0.26075584,2.8886304,3.2297788
4051,-0.32888892,-0.14098218,4.9943833,3.7985263
4052,-0.062022075,-0.0002948176,9.87353,6.0024905
4053,-0.39613464,-0.113605835,5.298961,3.9236898
4054,-0.2456927,0.20829618,6.9573,3.8548791
4055,-0.31667393,-0.08914453,5.823154,4.441741
4056,-0.29090288,0.082115166,5.9102583,4.5463157
4057,-0.46619156,-0.006314514,5.74213,4.50035
4058,-0.22762448,0.06985761,5.987617,4.5206985
4059,-0.42447147,-0.03228979,5.7708783,4.4593654
4060,-0.13917887,-0.052157655,6.1020103,4.5136943
4061,-0.5461036,-0.071073264,2.986624,3.2243245
4062,-0.41207528,-0.033907343,5.771187,4.459129
4063,-0.3940328,-0.0733265,5.7532463,4.4474683
4064,-0.16325833,-0.16348147,11.908021,5.4496913
4065,-0.40423423,-0.24101292,4.9521413,3.6297336
4066,-0.5903013,-0.1141233,2.814359,3.2148483
4067,-0.39521196,-0.06774215,4.8760815,3.737908
4068,-0.33305338,-0.15622449,2.6724458,3.183714
4069,-0.22619382,-0.1043033,5.668325,2.9350727
4070,-0.42841008,-0.12275916,5.04537,4.0471597
4071,-0.39562467,0.08095805,2.6956692,3.190235
4072,-0.3227651,-0.20102604,8.206553,2.2646203
4073,-0.5723938,0.028441558,4.9538684,3.9339771
4074,-0.65503335,-0.19173145,2.844201,3.197508
4075,-0.5550622,-0.055939898,4.940404,3.8382907
4076,-0.4852462,-0.17552269,5.4020305,4.07181
4077,-0.4397876,-0.073799245,4.8722596,3.8443158
4078,-0.57464695,-0.12709704,2.795051,3.1871178
4079,-0.1780631,-0.06073752,6.683711,3.567412
4080,-0.15478563,-0.013525886,8.2560425,2.2358932
4081,-0.2318927,0.075169854,6.782155,3.9037163
4082,-0.123361036,-0.08684267,6.187383,4.0728984
4083,-0.32989296,-0.10866736,6.2410007,4.0468307
4084,-0.22560854,0.045968667,8.487583,3.932946
4085,-0.23422626,-0.2025953,8.473253,3.8719225
4086,-0.27721196,-0.18153787,8.446413,3.9237409
4087,-0.31895986,-0.073872514,8.465726,3.8988752
4088,-0.13987625,0.014762474,8.480292,3.9099207
4089,-0.29324183,0.10776736,7.9217653,4.2154436
4090,-0.18905793,-0.009153931,8.07413,4.224065
4091,-0.19038327,0.119065344,7.052989,4.004136
4092,-0.28642067,0.06035094,6.2558336,4.5491
4093,-0.380145,-0.2464846,5.0854845,3.777633
4094,-0.30439612,0.06936105,7.0904036,4.2084904
4095,-0.31291422,0.035688616,6.9098473,4.126655
4096,-0.20309317,-0.0028757052,6.484403,4.684788
4097,-0.26001406,-0.013545211,6.5297256,4.6820703
4098,-0.18870799,-0.059328295,6.450698,4.729356
4099,-0.1736479,-0.16954881,6.561061,4.346204
4100,-0.5865319,-0.10721776,3.0550654,3.286124
4101,-0.3206726,0.0057747643,6.49596,4.6448817
4102,-0.18046945,-0.036892906,6.3662853,4.7060432
4103,-0.16083205,0.05258493,10.853386,6.391129
4104,-0.13130122,0.032659292,10.862951,6.446857
4105,-0.40529886,0.10862738,4.934276,3.9802847
4106,-0.26859564,0.20126325,6.726759,3.914387
4107,-0.11637997,-0.14031361,10.465126,5.6570406
4108,-0.27206576,0.06617559,6.792936,4.315248
4109,-0.425726,-0.026843041,5.3326364,4.0820885
4110,-0.39707962,-0.19462264,2.9240954,3.2111926
4111,-0.35273722,-0.119959526,5.0338273,3.947027
4112,-0.23492044,0.02014474,7.463331,2.52039
4113,-0.35854688,-0.29253036,5.2582917,3.532886
4114,-0.35235554,-7.545762e-05,5.1190414,3.9601967
4115,-0.120363235,0.13755548,12.349991,5.6783533
4116,-0.1261631,0.14449656,6.684889,4.8112054
4117,-0.12990241,0.1849774,7.046972,4.0793037
4118,-0.21764381,0.09683495,6.6927476,4.7815413
4119,-0.20822914,0.11649841,6.612019,4.6783676
4120,-0.1479763,0.021541594,6.602372,4.704733
4121,-0.556664,-0.13079932,2.7823648,3.2112896
4122,-0.13210848,-0.0015836377,6.6379137,4.6539483
4123,-0.3989115,-0.022428302,5.197972,3.9376426
4124,-0.16416812,0.097591564,6.6645446,4.721731
4125,-0.15318422,0.07511277,6.680689,4.7071424
4126,-0.19917373,0.04416646,6.6389623,4.803152
4127,-0.14442515,0.07865845,6.6956496,4.7050896
4128,-0.3035235,-0.024877869,3.0339992,3.8162155
4129,-0.40770936,0.109769076,5.046667,4.04457
4130,-0.19764146,0.12347637,8.820581,1.2616601
4131,-0.5889629,0.0122520495,2.9931865,3.3051953
4132,-0.13628975,-0.26314104,8.316271,3.8023632
4133,-0.44121307,-0.2427667,2.7035472,3.217259
4134,-0.28030586,-0.23343001,5.1753063,3.9321
4135,-0.34965083,-0.24181008,5.1493216,3.9866946
4136,-0.055828817,-0.2044817,10.165369,6.312685
4137,-0.28707516,-0.032470156,5.457182,3.998983
4138,-0.0034191161,-0.062661365,10.395083,-0.28925943
4139,-0.443943,-0.046756107,5.1612525,4.1127334
4140,-0.21154329,-0.00859821,7.31703,2.4832525
4141,-0.4998735,-0.20374164,2.7851083,3.1979067
4142,-0.19321953,0.0905322,11.101455,4.3321004
4143,-0.4017996,-0.12321097,3.1387067,3.8023472
4144,-0.071971506,-0.07838366,7.3983073,4.193095
4145,-0.43570414,-0.2357854,2.7752879,3.1598737
4146,-0.45591137,-0.17965947,2.8327641,3.1630752
4147,-0.3873976,-0.11273458,5.1101513,4.119492
4148,-0.137083,0.058735922,6.4622808,4.2613664
4149,-0.13142416,0.07428101,11.43041,1.9441891
4150,-0.17522265,-0.022890331,11.674396,5.0347295
4151,-0.33199152,-0.11304712,5.106997,3.772013
4152,-0.45114577,-0.09501854,5.1620126,3.9147341
4153,-0.44022927,-0.123475865,5.235304,3.8393958
4154,-0.11003632,-0.11640829,9.571126,6.7628465
4155,-0.12342872,-0.06536094,10.052404,6.8752995
4156,-0.0452502,-0.01611626,6.613675,3.976297
4157,-0.11788593,-0.0006112922,6.8633814,2.6857865
4158,-0.3591946,-0.025014104,5.1170216,3.6416323
4159,-0.39124027,-0.051027887,5.142657,3.6536345
4160,-0.10100539,0.2389029,10.487548,1.1730117
4161,-0.1519891,0.16700855,10.0200615,1.5692503
4162,-0.320905,0.118624195,6.352139,3.9447536
4163,-0.25933087,0.03804885,6.812894,4.3107634
4164,-0.39846998,-0.03965862,5.1919913,4.1090493
4165,-0.10697554,0.004061995,10.879829,6.342041
4166,-0.49768957,0.04553152,2.931153,3.2643862
4167,-0.5388516,0.04565292,2.9389815,3.300489
4168,-0.14763422,-0.13364133,6.3949795,3.7141747
4169,-0.2711459,0.11733632,4.9349685,3.8110106
4170,-0.36822057,-0.2196281,2.8688557,3.0575414
4171,-0.32008514,-0.14244074,5.3898954,3.9538987
4172,-0.1515967,0.09986532,6.401574,3.33623
4173,-0.4097246,-0.117879264,5.0987973,3.6856186
4174,-0.20969997,0.013181312,6.0410013,3.5630405
4175,-0.1687491,0.16492449,6.659853,3.555502
4176,-0.27798593,-0.022796756,6.4749613,3.757722
4177,-0.5134134,-0.21006297,5.1188874,3.7382584
4178,-0.568846,-0.3435527,2.7266965,3.3035946
4179,-0.26683074,0.14715368,6.973586,3.9008658
4180,-0.53030676,0.1445996,4.907466,4.108733
4181,-0.21888027,0.018949589,6.5176854,3.5650012
4182,-0.5280138,-0.11751114,3.0444477,3.8098717
4183,-0.49392164,-0.15108752,3.0296502,3.8111844
4184,-0.28629673,0.023058875,6.128141,3.803045
4185,-0.23085356,-0.1386126,6.5082965,3.332675
4186,-0.30815095,0.021451151,6.343417,4.3007407
4187,-0.5420791,-0.08536418,5.172879,3.87304
4188,-0.18563563,-0.24773064,6.7879524,3.0575256
4189,-0.45018777,-0.23529233,5.054488,3.7094653
4190,-0.32454494,0.09181643,6.813016,4.023197
4191,-0.10308546,-0.1416056,6.3590465,3.1270816
4192,-0.41455147,-0.22954617,4.918917,3.7291174
4193,-0.48702982,-0.24211192,5.046435,3.757455
4194,-0.34545046,0.068275794,6.6658936,4.1188784
4195,-0.57797647,0.014828024,5.092615,4.105269
4196,-0.5413507,0.042203546,4.9330883,3.905217
4197,-0.3780845,-0.122468844,5.5279155,3.991304
4198,-0.43592456,-0.1297712,5.403015,3.9135761
4199,-0.24213153,-0.07496528,6.890584,4.30134
4200,-0.19951282,-0.039729264,8.190813,2.1156013
4201,-0.22589123,-0.09408457,6.3027024,4.616799
4202,-0.3551209,0.00027884915,4.929281,3.9324906
4203,-0.47118858,-0.003894845,4.9694896,4.026754
4204,-0.114577785,-0.103964075,6.600376,2.7188969
4205,-0.46609512,0.04364431,4.995163,3.9944122
4206,-0.42324445,0.008314064,5.0162125,3.9971514
4207,-0.29140562,0.055986665,6.480805,3.1737037
4208,-0.48191026,0.0820349,4.9237776,4.0287395
4209,-0.5169905,-0.082542054,4.828985,3.7625089
4210,-0.6165652,-0.14976633,2.792981,3.2602854
4211,-0.5674914,-0.122595236,2.7977092,3.1496038
4212,-0.20422691,-0.008257369,6.0778794,3.4724975
4213,-0.17279513,0.0092018265,6.4693837,3.4202
4214,-0.51464045,-0.20265156,2.717976,3.232405
4215,-0.23275164,-0.0005348753,6.4697957,3.6495845
4216,-0.5749948,-0.33119613,2.623731,3.321235
4217,-0.25491378,0.15198937,7.0239367,3.723293
4218,-0.27759778,0.08187215,6.5339704,3.6390734
4219,-0.5575205,-0.07670745,4.9936867,4.046862
4220,-0.29098764,-0.08399243,6.6764526,3.5810335
4221,-0.329886,-0.011981018,6.4232936,4.397812
4222,-0.46128926,-0.29978845,2.7257779,3.1867034
4223,-0.22595453,-0.21830729,6.74963,3.1457427
4224,-0.4846249,-0.21342272,4.953667,3.693033
4225,-0.45657423,-0.23990777,4.954463,3.6412256
4226,-0.37062332,0.10134668,6.810918,3.885337
4227,-0.1389529,-0.04675707,6.311535,3.14081
4228,-0.3129939,-0.007444186,6.8010716,4.044323
4229,-0.5473361,-0.12538101,4.897108,3.8147674
4230,-0.22086439,0.019388089,6.2829823,4.794172
4231,-0.46393278,-0.14281718,5.1153927,3.7948449
4232,-0.488747,-0.08238048,5.035321,3.7942848
4233,-0.28911686,-0.01211861,8.106155,2.150699
4234,-0.28440636,-0.010123502,6.4412565,4.524418
4235,-0.2772118,-0.15166047,6.5755277,4.629253
4236,-0.43730316,-0.27388117,2.6854508,3.1959682
4237,-0.5294316,0.046410568,4.9078712,3.9814389
4238,-0.18568921,0.17793295,6.900294,3.9109504
4239,-0.36536422,-0.049987704,4.9400115,3.6813076
4240,-0.32503903,-0.089682125,3.4156926,3.3849843
4241,-0.41370192,0.021137146,4.9401956,3.809077
4242,-0.1684596,0.115703866,6.6720147,4.058226
4243,-0.3260872,-0.019458834,5.2292256,4.0682635
4244,-0.3311323,-0.064874835,5.6256247,3.5466213
4245,-0.35831085,-0.13260175,5.5139537,3.5657372
4246,-0.2776677,-0.16326343,5.594222,3.4692986
4247,-0.30305812,-0.12798877,5.585289,3.4858956
4248,-0.42402098,-0.078455396,5.5414386,3.51978
4249,-0.5186557,-0.18835102,3.0560079,3.2440076
4250,-0.17733431,-0.15539664,5.5173545,3.5916517
4251,-0.23460713,0.102120794,5.7750206,4.911865
4252,-0.21583244,0.012046868,5.7748127,4.9092646
4253,-0.28561667,0.06461666,5.769863,4.934093
4254,-0.122384936,0.035245597,5.806839,4.8637314
4255,-0.57533216,-0.1522534,2.8873644,3.271635
4256,-0.26139766,-0.027021036,5.803881,4.862848
4257,-0.14923406,0.016935213,5.818662,4.900516
4258,-0.26468945,0.052632645,5.7866325,4.8870196
4259,-0.45444235,-0.028734475,2.8036225,3.2030003
4260,-0.36648002,-0.12633543,4.890055,3.7463152
4261,-0.4206399,-0.045292474,3.0052202,3.8322313
4262,-0.17216137,-0.01788135,7.039171,3.7638638
4263,-0.12796998,-0.088531874,7.2003646,3.787517
4264,-0.25047785,0.046379447,7.0671263,3.8702672
4265,-0.3236855,-0.16768308,5.5038505,4.0920234
4266,-0.37276715,-0.08040364,4.9573193,3.8017483
4267,-0.30642647,-0.14929442,4.87592,3.8230073
4268,-0.3098931,-0.18391725,3.0371711,3.8193095
4269,-0.20544344,0.17675716,9.728717,2.0601988
4270,-0.23022649,0.17007318,9.7749605,2.047158
4271,-0.4254286,-0.116868496,4.9539,3.7630672
4272,-0.27787533,0.036108084,6.766198,3.9735699
4273,-0.26280355,0.058652326,6.652959,3.8883429
4274,-0.5411242,-0.23456097,3.022262,3.3001418
4275,-0.29402164,-0.015760303,6.742195,3.7991931
4276,-0.38691363,-0.032630917,5.0789866,3.8262813
4277,-0.53093004,-0.11608146,3.023024,3.2464182
4278,-0.60386586,-0.1407456,3.0494723,3.2710156
4279,-0.61619914,-0.18109612,3.1199062,3.2643719
4280,-0.24928816,0.017098622,6.217661,3.349812
4281,-0.6025456,-0.11969818,3.0506454,3.2638786
4282,-0.14077702,-0.019122683,6.2242,3.3050883
4283,-0.49023703,-0.06551998,5.276504,3.9924395
4284,-0.28146923,-0.0131099615,6.1380286,3.2951996
4285,-0.5622053,-0.12338177,3.0848007,3.2549548
4286,-0.08884212,-0.016574321,7.788041,4.023688
4287,-0.31315714,0.11399566,5.2723327,4.0945306
4288,-0.30326667,-0.039254524,8.382321,0.09093809
4289,-0.35857317,0.05370847,4.98736,4.008325
4290,-0.38242176,0.11058596,4.8437486,3.8737314
4291,-0.48352125,0.031058168,2.8449855,3.142586
4292,-0.24993373,-0.062256016,5.2609234,4.1528573
4293,-0.10134354,-0.21578082,7.3402605,2.268661
4294,-0.15856043,-0.25125766,7.4747324,2.2066026
4295,-0.31393683,-0.22242595,5.2593417,3.6507576
4296,-0.25783396,-0.06864322,5.3500705,4.1723495
4297,-0.4449214,-0.17996559,5.241737,4.086261
4298,-0.56312895,-0.24218687,2.9668152,3.2409177
4299,-0.33560112,0.0067090373,6.63487,4.9253707
4300,-0.6044129,-0.24095167,2.7802486,3.2933779
4301,-0.25004482,0.17648461,7.306024,3.6769443
4302,-0.4962126,0.010269247,5.0522385,4.0859375
4303,-0.63741064,-0.082021184,3.0053256,3.28958
4304,-0.6085428,-0.14267911,2.8685,3.2450984
4305,-0.5892252,-0.25087896,2.8763716,3.215419
4306,-0.63356614,-0.040689953,2.9416687,3.166599
4307,-0.46705875,-0.049889676,4.954792,3.9211137
4308,-0.63760364,-0.0729436,2.909748,3.1795497
4309,-0.4812399,-0.024287103,4.986423,3.926439
4310,-0.58835566,-0.14849213,2.9338765,3.2587545
4311,-0.29648754,-0.28144568,5.7599177,3.277255
4312,-0.22244115,0.18682644,6.398976,3.8372872
4313,-0.29111478,0.11431332,6.471319,3.9067256
4314,-0.28326645,0.069226466,6.570104,3.870137
4315,-0.49780828,0.032226346,3.122466,3.8077066
4316,-0.087389454,0.16204658,3.6931722,3.3833222
4317,-0.16227101,0.12717429,3.67132,3.37945
4318,-0.41978487,0.06745808,3.5424364,3.3930352
4319,-0.5628749,-0.057852715,3.1038713,3.2650456
4320,-0.139016,0.13313022,3.7259645,3.3883607
4321,-0.52930665,-0.0680972,3.251173,3.3292098
4322,-0.5363089,-0.07787974,3.2566595,3.2880409
4323,-0.33750457,-0.0121181365,3.3235366,3.3833733
4324,-0.3127236,-0.15662946,5.157984,3.9722025
4325,-0.22125022,0.21257868,6.77447,3.9972634
4326,-0.1259222,-0.10977273,6.519932,3.3180442
4327,-0.4979772,-0.21387866,3.1763504,3.2934597
4328,-0.49775675,-0.016585095,2.6842802,3.252591
4329,-0.42466965,0.13461183,5.0169926,4.200526
4330,-0.3821461,-0.25035217,5.2540274,3.6946807
4331,-0.44018802,-0.036500376,5.044854,4.1864595
4332,-0.44622976,-0.14806564,3.1616375,3.7815576
4333,-0.47207782,0.03535234,3.206943,3.8096726
4334,-0.4255381,-0.06822447,4.9441323,4.2741957
4335,-0.42949536,-0.059552126,4.965609,4.2051597
4336,-0.5525696,-0.14430772,3.5585854,3.8240125
4337,-0.04759154,0.019361278,12.4024725,3.6765225
4338,-0.07511333,-0.13755207,12.503246,3.6680112
4339,-0.3280966,-0.15383671,5.092555,2.696491
4340,-0.39321172,0.020672401,5.037796,3.6673315
4341,-0.16857521,-0.0183872,6.952675,4.284851
4342,-0.48591313,-0.14718777,2.9877205,3.2454288
4343,-0.3224667,-0.15939161,5.240714,4.1262674
4344,-0.4988779,0.0657658,4.8893323,4.005912
4345,-0.4920123,0.07787229,4.9526067,4.010751
4346,-0.6169983,-0.09724313,2.8576934,3.184329
4347,-0.50466007,-0.13420078,5.0467405,3.9603145
4348,-0.32072517,0.1565057,7.0100174,3.8345861
4349,-0.5357274,-0.10001073,4.9460273,3.9560542
4350,-0.5514554,0.032204404,5.027099,4.0332336
4351,-0.5895922,-0.08339185,2.8948755,3.1987782
4352,-0.40446767,0.057442978,6.8233614,3.50796
4353,-0.63875353,-0.15370099,2.9474137,3.1853986
4354,-0.4875705,0.039232656,3.1898742,3.6847558
4355,-0.4128168,-0.16536002,4.934504,3.704891
4356,-0.39298272,-0.14867353,4.9330444,3.6166387
4357,-0.369581,-0.19904411,3.071535,3.791271
4358,-0.4658281,0.06273003,3.0986977,3.792087
4359,-0.12206411,-0.0065161586,6.3408914,3.1593611
4360,-0.6232836,-0.0484183,3.0121875,3.2783074
4361,-0.27728736,0.08374418,6.4699006,3.2844658
4362,-0.15040243,-0.078258775,7.618892,4.1301713
4363,-0.12785137,0.20775908,10.538579,0.24302667
4364,-0.18686502,0.048255585,6.034303,3.5481296
4365,-0.38509133,-0.017630117,5.1057916,3.9142148
4366,-0.32325885,0.052067928,6.166333,4.255005
4367,-0.19740474,-0.023216488,6.8597627,3.8167493
4368,-0.51385343,-0.0131911095,2.8092775,3.2286396
4369,-0.23796104,0.01882626,6.150668,3.9280717
4370,-0.292464,-0.03345651,12.014228,5.1971784
4371,-0.12190618,0.18962336,12.0513525,5.2635717
4372,-0.14745808,-0.16895652,7.569339,4.625012
4373,-0.15467454,-0.09077789,8.999559,3.645423
4374,-0.4698663,-0.18359238,2.7214863,3.2169912
4375,-0.19074297,0.07123752,8.968289,3.5910215
4376,-0.444707,-0.030193377,5.0657864,3.9315367
4377,-0.5290928,-0.16086392,2.8066142,3.174755
4378,-0.13042858,-0.08940532,7.3138995,3.8028347
4379,-0.6195991,-0.03922461,2.8637125,3.209042
4380,-0.4351463,-0.08418769,4.98717,3.8707645
4381,-0.47305706,-0.0021734778,5.1565423,4.005757
4382,-0.40695384,-0.05682411,4.9704075,3.8137453
4383,-0.16897434,0.056622803,8.27852,2.0904124
4384,-0.45838,-0.03471192,5.055961,3.9852853
4385,-0.5712975,-0.061898276,2.8181007,3.2059238
4386,-0.36850622,-0.25615683,3.3525908,3.636068
4387,-0.29769754,-0.26702875,6.1006303,3.259009
4388,-0.55192935,-0.07757941,3.0537648,3.3119738
4389,-0.32904205,-0.19111764,3.259937,3.5686066
4390,-0.44287404,-0.077272214,3.1577704,3.6381419
4391,-0.21087538,0.016887376,6.847698,3.1809633
4392,-0.061944515,-0.25873137,6.668147,2.8314443
4393,-0.25395924,-0.051585443,6.6995296,3.2368448
4394,-0.045902494,-0.23504186,6.6560717,2.957844
4395,-0.2814974,-0.03242605,6.7122912,3.0449984
4396,-0.51831985,-0.20901555,2.5838916,3.2918782
4397,-0.21365179,0.064171776,6.0635014,3.4871597
4398,-0.099601604,-0.029550722,6.2007647,3.1501806
4399,-0.37344107,-0.2503749,2.5384328,3.341285
4400,-0.14903882,0.11387175,6.443008,3.4129245
4401,-0.1589134,0.04538931,6.284951,3.5401094
4402,-0.5065974,-0.18962955,2.5345914,3.3090239
4403,-0.405473,-0.34746125,2.5061,3.338017
4404,-0.42119697,-0.03487028,5.101536,3.768027
4405,-0.069348834,-0.21857852,6.3456554,2.9783955
4406,-0.31590226,-0.2175255,4.867333,3.6762304
4407,-0.07180345,-0.04512185,6.3183875,3.085048
4408,-0.09842163,0.035731345,6.2131147,3.0936797
4409,-0.4165224,-0.3417744,2.5569265,3.2919953
4410,-0.46362355,-0.26170594,2.5559871,3.3513205
4411,-0.110778116,0.066083804,6.2384653,4.705768
4412,-0.3157325,-0.09187733,4.969126,3.6552181
4413,-0.42914024,-0.36998567,2.54498,3.3881848
4414,0.019441165,-0.119411185,6.1155324,3.1053903
4415,-0.23746946,-0.31517342,2.794773,3.6974595
4416,-0.22946915,-0.20963068,4.8820624,3.5619895
4417,-0.29422772,-0.3464754,2.8742595,3.7711205
4418,-0.2794953,0.09794713,6.7691,4.2598553
4419,-0.5428947,0.0082998965,5.1982565,4.0409975
4420,-0.17527847,-0.0671809,11.79895,-0.50593823
4421,-0.35719326,-0.21815771,2.8483765,3.5104299
4422,-0.45394757,0.04601705,4.882163,3.9867723
4423,-0.41820624,-0.09635743,4.867311,3.8583724
4424,-0.3298576,-0.21914065,4.8585424,3.7593493
4425,-0.32548785,-0.22621912,4.906478,3.8655367
4426,-0.3934777,-0.1926114,3.0090141,3.7368634
4427,-0.2581223,-0.12909798,4.8388367,3.858531
4428,-0.23544288,0.14354077,6.9722323,3.9439888
4429,-0.49283537,-0.20804909,2.742051,3.1673868
4430,-0.4076145,-0.14153814,4.919753,3.874299
4431,-0.36142772,-0.06586251,5.0549345,3.8955421
4432,-0.3233681,-0.040350787,4.996971,3.9400105
4433,-0.3370672,-0.11648716,5.1575675,3.9375966
4434,-0.29060933,-0.12087551,5.082734,3.9112313
4435,-0.054344818,-0.046336018,8.287377,1.5421783
4436,-0.41935977,-0.26172036,2.7168748,3.2078433
4437,-0.26837313,-0.07056791,8.872505,4.320812
4438,-0.026686259,-0.024304837,8.931237,4.283921
4439,-0.36549512,-0.1915029,2.7131827,3.1478734
4440,-0.1614547,-0.1207041,8.072548,2.3108375
4441,-0.38428304,-0.1777476,3.0334647,3.8512337
4442,-0.14292973,0.15326567,11.255392,6.871318
4443,-0.13941571,0.12559223,6.4143453,3.8430383
4444,-0.20207284,0.077095345,6.4890475,3.945021
4445,-0.42570013,0.010840407,5.22909,4.1475086
4446,-0.5543605,-0.1121213,2.8826578,3.2095754
4447,0.01723551,-0.073771924,10.287918,5.845229
4448,-0.21511619,0.0712329,11.991926,-0.1600547
4449,-0.5862335,-0.11109337,2.8430805,3.1955051
4450,-0.43727675,-0.19550729,2.7320404,3.1470945
4451,-0.13908714,0.112966746,6.938494,3.8667672
4452,-0.30764797,0.08492987,6.8702164,3.837244
4453,-0.2633749,0.10900824,6.7462435,3.783888
4454,-0.30049083,0.065327,6.6159544,3.8898191
4455,-0.3374666,0.17048362,6.871932,3.8776155
4456,-0.3037709,0.07116625,6.7696977,3.852461
4457,-0.30562297,0.048669018,6.457074,4.4014134
4458,-0.23715767,-0.119687095,6.9837694,3.8689978
4459,-0.21772982,0.08815476,6.738711,3.739877
4460,-0.34897438,0.06722185,6.807985,3.9211996
4461,-0.36905807,0.061249442,6.7707176,3.7863736
4462,-0.2350384,-0.024308266,6.2697477,4.8133607
4463,-0.32397225,-0.0144149475,6.6915836,4.1028967
4464,-0.10619659,0.16516924,6.3527565,3.9385018
4465,-0.036870126,0.0143897105,7.1006036,4.5225186
4466,-0.07002225,0.052237906,6.9366693,4.3701315
4467,-0.46265975,-0.0668992,2.985793,3.2346458
4468,-0.14516363,-0.005595699,6.2679734,4.5072927
4469,-0.31414008,-0.2639924,2.5642228,3.32971
4470,-0.23493634,-0.12714134,4.921053,3.6960084
4471,-0.22060817,0.08410284,6.846711,3.7737503
4472,-0.37836906,-0.12398076,5.2849474,3.9542744
4473,-0.27895945,-0.2392687,2.6834364,3.2581599
4474,-0.27973574,-0.0074041486,3.063198,3.8055668
4475,-0.32335776,-0.23177831,5.307903,3.5511487
4476,-0.3405173,-0.26238164,5.4243107,3.4441047
4477,-0.2507458,-0.09087442,6.506524,2.8752046
4478,-0.21810423,-0.12134087,6.530325,2.7891316
4479,-0.33152792,-0.1855802,4.935824,3.641042
4480,-0.24653578,0.10833585,5.4433055,3.4921925
4481,-0.49856418,0.044806182,5.0375137,3.7463481
4482,-0.2311476,-0.24424317,3.101504,3.7754211
4483,-0.17733374,0.071590416,6.7691092,3.291026
4484,-0.41706857,0.042679317,5.7228312,4.1141505
4485,-0.13392524,-0.13759594,6.560697,4.2820754
4486,-0.45770708,-0.04120066,3.1632874,3.818931
4487,-0.30416164,0.053178415,6.5084276,4.252637
4488,-0.25459933,-0.008390365,6.4891157,4.360064
4489,-0.2651243,0.012318034,6.9354463,3.6865592
4490,-0.18311873,-0.16854765,7.9657125,2.3143396
4491,-0.19164728,0.0069478117,6.7613544,4.3808517
4492,-0.27044725,-0.08797309,4.838451,3.8341298
4493,-0.25083035,0.12128654,6.4955873,4.0003023
4494,-0.5003607,-0.083095536,5.204716,3.922466
4495,-0.5339526,-0.25292403,2.857065,3.2270725
4496,-0.4662136,-0.12489403,5.267852,3.8339264
4497,-0.5186796,-0.28131312,2.847528,3.1465135
4498,-0.3459877,0.08425814,6.4640737,3.9570956
4499,-0.5008639,-0.17087969,5.212236,3.8225455
4500,-0.35817233,0.09303568,6.6333203,4.2683253
4501,-0.5762398,-0.20434329,2.8899276,3.2309773
4502,-0.38975352,-0.21215704,5.317747,3.852497
4503,-0.41881582,-0.17835137,5.1856375,3.7223465
4504,-0.47281125,-0.124738574,5.308327,3.79195
4505,-0.35070908,-0.09599765,5.1486387,4.137689
4506,-0.24502462,-0.25642425,8.43004,4.0314693
4507,-0.15357593,-0.081285834,12.42531,2.8090143
4508,-0.1649323,-0.15180844,4.915322,3.9208422
4509,-0.31162575,-0.05707805,5.2194424,4.1162453
4510,-0.3413839,-0.10032269,3.131367,3.8187706
4511,-0.04462629,-0.19353336,5.7009954,2.9857445
4512,-0.37690172,-0.20895937,3.1008856,3.8739407
4513,-0.42825022,-0.215031,4.952414,3.7167668
4514,-0.3876281,-0.19927728,2.9053736,3.6917136
4515,-0.5397608,-0.23308718,2.7578068,3.2020419
4516,-0.5390359,-0.28332663,2.8059733,3.2613242
4517,-0.17678103,0.052810647,6.542061,4.254337
4518,-0.37969574,-0.19587979,3.555255,3.4517486
4519,-0.42106315,-0.26108155,3.4530709,3.3141856
4520,-0.34256032,-0.14888084,3.8835807,3.4096775
4521,-0.105406225,-0.0959248,6.243512,5.5367136
4522,-0.1642298,0.08799539,6.206323,5.2431607
4523,-0.18977593,-0.052132025,6.463486,4.5846
4524,-0.23911132,0.018484881,6.4492226,4.2853656
4525,-0.40462825,-0.24298932,5.091533,3.8439822
4526,-0.49659956,-0.03346104,5.243058,4.029171
4527,-0.49840215,-0.0947201,5.2259183,3.9595299
4528,-0.3448048,0.07455706,6.4196577,4.776499
4529,-0.4314931,-0.20698884,5.158199,3.8858855
4530,-0.31296185,0.023229642,6.4891424,4.471003
4531,-0.29249176,-0.04509117,6.432785,4.4942946
4532,-0.5144881,-0.19930571,2.7345629,3.205301
4533,-0.28940886,-0.12899835,5.1738467,3.75115
4534,-0.2152105,0.044086374,6.271889,4.3730564
4535,0.0016722828,-0.17492636,5.980224,3.3262458
4536,-0.2572582,-0.16602755,5.551887,3.3970914
4537,-0.51483154,-0.114540905,2.7638192,3.2029424
4538,-0.37096816,-0.0413412,5.070168,3.8150556
4539,-0.20318425,-0.012099203,5.2449417,4.1634173
4540,-0.18816493,-0.06333084,5.2681336,4.175906
4541,-0.14361767,-0.13750036,6.4523053,4.1447654
4542,-0.24112989,0.051348314,6.440567,3.9849398
4543,-0.25848967,0.009750163,6.5221524,4.054606
4544,-0.10200763,-0.07971157,6.325412,4.646831
4545,-0.05027479,-0.17894968,6.4916954,3.5296917
4546,-0.19367096,-0.044169914,10.268719,6.5371957
4547,-0.08079689,-0.15344864,10.249617,6.4199557
4548,-0.31718513,-0.112003185,5.1557527,4.155126
4549,-0.42951813,-0.15607968,6.086718,3.412547
4550,-0.17374109,-0.14955583,6.5346985,3.3604436
4551,-0.28361458,-0.13533798,6.5095468,3.320633
4552,-0.28206116,-0.18341644,8.071254,3.177481
4553,-0.29696974,-0.060314342,5.2964296,3.939504
4554,-0.27653468,0.026299832,6.0030107,3.8085341
4555,-0.3010478,0.143705,6.1288676,3.9753237
4556,-0.31933323,0.027039772,6.0917935,3.9610445
4557,-0.46715882,-0.060046166,5.7966228,3.945804
4558,-0.19810043,-0.11476147,6.1299186,3.930777
4559,-0.4422755,-0.12452837,5.5620594,3.845429
4560,-0.48109534,-0.008762358,5.539462,4.0621414
4561,-0.3934262,-0.09351738,5.846654,3.8990507
4562,-0.2724321,-0.0047566686,6.1676426,3.9706428
4563,-0.2971984,-0.035522044,6.1703243,3.9704866
4564,-0.18735722,-0.05819288,6.6304216,4.2141933
4565,-0.17552331,-0.08029166,6.197627,3.9641118
4566,-0.25919652,-0.060950637,6.1038766,3.9959953
4567,-0.31120417,-0.17659056,5.3544655,4.021504
4568,-0.19765876,-0.07178888,6.121288,4.3703117
4569,-0.24034673,0.037636437,5.8904824,3.7498739
4570,-0.4441873,-0.08302838,3.1499884,3.5932906
4571,-0.6002202,-0.064533986,3.1124449,3.2928941
4572,-0.35187212,0.05499494,6.027567,3.894197
4573,-0.4372774,-0.078577526,5.6553545,3.7066355
4574,-0.21964216,-0.12795933,5.9250307,3.846062
4575,-0.34322816,0.13243449,5.982602,3.8538656
4576,-0.2140759,-0.04892724,5.9765863,3.7607894
4577,-0.55892897,-0.15521784,3.202102,3.380585
4578,-0.42144847,-0.09781049,5.6566634,3.724402
4579,-0.11685758,0.05852408,6.608397,3.3541696
4580,-0.35737315,-0.18000287,5.1382275,3.7706869
4581,-0.44527438,0.040113807,4.9753547,3.9483292
4582,-0.4001499,-0.24599245,5.03652,3.7242854
4583,-0.47306204,0.058388382,4.9622855,4.0193043
4584,-0.48700356,-0.0733576,5.176656,4.00366
4585,-0.38221148,-0.19080165,5.1026354,3.8354816
4586,-0.62949383,-0.11695722,3.0481038,3.2879386
4587,-0.343557,-0.10720695,5.5001802,3.8795388
4588,-0.3741056,-0.27091333,5.1306767,3.7428658
4589,-0.5363933,0.021465717,5.053651,4.092128
4590,-0.41600683,-0.17846587,4.9978766,3.7996206
4591,-0.48443475,-0.106332764,5.16736,3.9827278
4592,-0.47967628,-0.09892288,4.967687,3.8050072
4593,-0.5536016,-0.21925592,2.9906855,3.3392513
4594,-0.42128083,-0.22531745,3.0856578,3.7118683
4595,-0.51343316,-0.3324503,3.0168614,3.2120845
4596,-0.20046125,-0.17261672,7.21671,3.0334518
4597,-0.41691595,-0.176476,5.2017813,3.9069557
4598,-0.5484742,-0.2405392,2.841747,3.2054121
4599,-0.21960053,-0.10769961,4.935732,3.9082673
4600,-0.3061286,0.10731515,2.9519331,3.7275882
4601,-0.13731593,-0.12678991,8.572063,1.1055682
4602,-0.2028122,0.018928045,6.913507,4.135583
4603,-0.30653912,-0.10600373,5.236252,3.9756405
4604,-0.3744029,-0.12574692,2.832596,3.0860476
4605,-0.13429888,0.00062041916,10.344983,7.000984
4606,-0.14306661,-0.03204686,10.289363,6.933529
4607,-0.5208502,-0.1312085,3.0167005,3.2818942
4608,-0.30557075,-0.095725596,5.2974677,3.8426228
4609,-0.13340145,-0.14701258,8.488446,4.508711
4610,-0.28887933,-0.1963667,2.7331817,3.1147234
4611,-0.34857216,-0.039877705,3.032254,3.8067677
4612,-0.21890101,0.019471122,6.5992866,3.5528367
4613,-0.25889018,-0.12270308,3.179188,3.7894835
4614,-0.3059761,-0.2506822,2.662063,3.0395796
4615,-0.25238276,-0.22907768,2.6895194,3.059308
4616,-0.40971857,-0.21077666,5.2873683,3.7642357
4617,-0.35116014,-0.19651636,5.2459226,3.729298
4618,-0.17823833,-0.1336822,6.7743073,2.6675513
4619,-0.16250168,0.076630116,6.4259787,3.4750323
4620,-0.36526385,-0.168881,5.015322,3.43514
4621,-0.311326,-0.0865314,4.960457,3.4484532
4622,-0.38187993,0.02839852,4.9704537,3.5509245
4623,-0.35483736,-0.037926286,4.970936,3.4859145
4624,-0.29408273,-0.115038134,5.0600085,3.4449384
4625,-0.35628042,-0.10528786,4.940338,3.515743
4626,-0.22287717,-0.059276365,2.9556563,3.7830749
4627,-0.2269958,-0.08855019,4.81128,3.727817
4628,-0.3603346,-0.2658596,2.61638,3.1749158
4629,-0.43994808,-0.008955866,4.9887977,4.0503364
4630,-0.365017,-0.25449866,2.6609588,3.2772808
4631,-0.49903426,-0.12147808,2.777935,3.1465652
4632,-0.15998939,-0.06698627,7.353471,3.4829783
4633,-0.43334743,-0.031015651,3.0190623,3.8084831
4634,-0.16804627,0.033263117,9.207821,3.1123223
4635,0.04451219,-0.07718363,10.818517,3.0840054
4636,-0.11722866,0.040508658,6.5774846,3.2589805
4637,-0.46878144,0.078954294,7.1159854,3.0670455
4638,-0.49540594,-0.06701592,5.094893,3.9204845
4639,-0.51459485,-0.2324234,2.951784,3.2770708
4640,-0.42525488,-0.17861065,3.1048632,3.1475146
4641,-0.21855588,-0.13249609,7.789889,2.2807596
4642,-0.19823003,-0.16235718,7.7422304,2.1895053
4643,-0.36126176,-0.111406215,5.0338063,3.8331914
4644,-0.5948622,-0.16916399,2.934479,3.1421697
4645,-0.4784067,-0.13603161,2.7835536,3.1809864
4646,-0.44207755,-0.026537778,5.1317463,4.0626364
4647,-0.3916466,-0.0829722,3.126725,3.836405
4648,-0.023464508,-0.09711929,6.029497,4.58405
4649,-0.19423304,0.04081425,6.0204816,4.6092515
4650,0.007051632,-0.082455896,6.1615224,4.706169
4651,-0.39444086,-0.16130257,3.1969807,3.9129252
4652,-0.36195692,-0.065329306,3.095096,3.7595162
4653,-0.23563203,-0.17844689,5.4275255,2.761216
4654,-0.36554053,-0.080330744,5.210869,3.5096831
4655,-0.4667283,0.006176831,5.7894425,4.4728045
4656,-0.16813855,-0.15959029,6.2343926,4.6048727
4657,-0.17172012,-0.083562985,6.1922865,4.618941
4658,-0.45664445,-0.034826398,6.0364046,4.553281
4659,-0.27468747,0.006172817,6.2938547,4.683428
4660,-0.21274365,-0.044579722,6.238277,4.595324
4661,-0.10369432,0.07871144,10.717667,-0.03195039
4662,-0.3326352,-0.16772673,3.0128918,3.644982
4663,-0.5461229,-0.04738388,3.0012217,3.3051314
4664,-0.2477851,-0.175279,3.37933,3.474433
4665,-0.14758293,0.015825277,5.989249,4.0897245
4666,-0.2202576,0.044025376,6.0349965,4.092939
4667,-0.25036722,-0.06063401,5.5451636,4.085784
4668,-0.16408674,0.09411577,6.188785,4.0953536
4669,-0.5058911,-0.092512235,3.0284812,3.2111514
4670,-0.18038933,0.0014526341,5.9781404,4.0725126
4671,-0.49535933,-0.07031672,2.891347,3.131065
4672,-0.20872796,0.06916006,6.586785,4.2183824
4673,-0.54785585,-0.19793397,2.784199,3.1463513
4674,-0.5746187,-0.12482688,2.7908306,3.0885792
4675,-0.52526695,-0.14507277,2.835953,3.134109
4676,-0.24078372,0.029922707,6.6757874,4.2709923
4677,-0.27957928,0.06793332,6.530582,4.0273213
4678,-0.5577934,-0.21875468,2.825214,3.113881
4679,-0.31774256,0.18956238,6.772044,4.187305
4680,-0.6398865,-0.011890348,2.8719554,3.1339457
4681,-0.36990532,0.06704581,6.6245227,4.284661
4682,-0.5009473,-0.21156877,2.825353,3.0848749
4683,-0.6154946,-0.12172581,2.95204,3.1796067
4684,-0.5115726,-0.042343676,5.086037,3.7611527
4685,-0.22872932,-0.106693044,6.730534,4.1819735
4686,-0.55702925,-0.23500618,2.8334727,3.0749724
4687,-0.34584454,0.101019114,6.7981696,4.0748186
4688,-0.2672266,0.008394787,6.712337,4.1491103
4689,-0.25754893,0.06277037,6.6813555,4.2411427
4690,-0.58881354,-0.1889786,2.8642945,3.050046
4691,-0.43968633,-0.12889145,5.137312,3.6791685
4692,-0.5124407,-0.12355456,5.1405754,3.741913
4693,-0.5533521,-0.1497511,2.8872664,3.0669844
4694,-0.45526728,-0.11326536,5.2120857,3.8224514
4695,-0.42389026,-0.19370309,5.278058,3.5325708
4696,-0.4099284,-0.15483166,5.352587,3.476408
4697,-0.3092831,-0.11359862,8.991059,6.6708674
4698,-0.42819324,-0.110809654,5.5440984,2.0859916
4699,-0.573377,0.039909862,2.878547,3.2917397
4700,-0.27758288,-0.11567723,6.8343153,3.6532836
4701,-0.006314764,0.0181621,6.121372,3.7759092
4702,-0.24046278,-0.05638556,5.871095,3.878657
4703,-0.335494,0.11805534,5.148497,4.1663494
4704,-0.23732273,-0.10765962,5.1031737,3.6490507
4705,-0.016540492,-0.124456815,7.0159116,3.8639445
4706,-0.057039328,-0.117637895,6.954237,3.8455868
4707,-0.36274925,-0.330894,2.479675,3.3243983
4708,-0.3477939,-0.32694325,2.4570408,3.3299623
4709,-0.30701858,-0.05159098,4.8255363,3.7658722
4710,-0.31912515,-0.15537071,2.9175863,3.769245
4711,-0.095640786,-0.11901931,6.706732,3.0031323
4712,-0.45566604,-0.0035319477,3.0284245,3.8683262
4713,-0.4077579,-0.10660371,2.982385,3.8300412
4714,-0.40136394,-0.09563099,4.880531,3.75812
4715,-0.4188518,-0.23898473,2.6006095,3.3227496
4716,-0.4923217,-0.24631539,2.568664,3.329192
4717,-0.41818264,-0.19596227,2.668088,3.285455
4718,-0.547271,-0.21264306,2.6200147,3.2687695
4719,-0.42869112,-0.13975865,6.106098,2.1563747
4720,-0.27321744,-0.05686705,6.2674665,1.8859531
4721,-0.184415,-0.11433776,6.311682,1.9036621
4722,-0.22144215,-0.021109845,5.1455846,3.387444
4723,-0.44371977,-0.13725853,4.953934,3.6195145
4724,-0.42953923,-0.11061163,4.9895086,3.7704809
4725,-0.2800618,-0.32276192,3.2613535,3.1926758
4726,-0.28514922,-0.32204318,4.9465017,3.490819
4727,-0.58302605,-0.19072962,3.1266735,3.1710005
4728,-0.31753924,-0.29869074,4.9286003,3.5578668
4729,-0.5458224,-0.26006553,3.112658,3.1401553
4730,-0.3162019,-0.18801057,5.1419926,3.745364
4731,-0.5287041,-0.30423433,3.1796894,3.144564
4732,-0.1645887,-0.06531244,8.441007,2.3729053
4733,-0.267719,-0.0071747266,9.211121,1.9066286
4734,-0.19873807,-0.07374116,9.225876,1.8834655
4735,-0.37626827,-0.096024536,4.961242,4.0005245
4736,-0.48680124,-0.15086803,2.9371457,3.2133522
4737,-0.532792,-0.14161664,2.9349072,3.2113304
4738,-0.45777598,-0.02662365,5.023164,3.958385
4739,-0.6048188,-0.13777821,2.9470973,3.1869724
4740,-0.527557,-0.0891897,5.072239,3.8842084
4741,-0.17933863,-0.031684235,6.677579,3.310391
4742,-0.05646244,-0.22753477,6.845892,3.2183385
4743,-0.28154087,-0.0010656659,6.7367935,3.7204847
4744,-0.4488999,-0.32042328,2.9214191,3.2068985
4745,-0.20555931,-0.16123216,6.7612257,3.2473538
4746,-0.098997146,-0.11633845,6.849652,3.127392
4747,-0.34452105,-0.26366243,5.360895,3.7964911
4748,-0.21262868,0.09125865,10.503447,-2.306525
4749,-0.477298,-0.23903981,2.7375438,3.2541285
4750,-0.1364227,-0.08628736,10.519259,-2.3353653
4751,-0.385247,-0.026657294,4.7906747,3.7934754
4752,-0.17432252,0.09764002,10.517865,-2.3356347
4753,-0.35899493,-0.04667284,5.2481666,4.033943
4754,-0.21169622,0.09392301,6.2548504,4.590758
4755,-0.502151,-0.039241076,3.0524704,3.2929273
4756,-0.44368377,-0.06573445,3.053741,3.2817416
4757,-0.31230512,0.1545247,6.957324,4.259947
4758,-0.58916056,-0.08833047,3.0779989,3.2000926
4759,-0.32482192,0.10349348,6.7751985,4.3290405
4760,-0.20054784,-0.028656622,6.902776,4.273036
4761,-0.26720703,-0.024936872,6.9359922,4.300413
4762,-0.07099469,-0.168845,6.596054,1.7212387
4763,-0.20351608,0.059849724,6.1382666,4.4444904
4764,-0.1280926,0.03127008,6.64214,4.155508
4765,-0.11028274,0.018631572,6.980964,3.960113
4766,-0.30500862,-0.1190511,2.955172,3.8027458
4767,-0.26769352,-0.23254499,2.9368813,3.7706563
4768,-0.15875566,0.17527929,6.9627385,3.8420105
4769,-0.3521305,-0.10222993,2.9753923,3.766053
4770,-0.37371996,-0.101133995,2.9729044,3.8154144
4771,-0.23575792,-0.115464896,2.9446414,3.9733741
4772,-0.10862019,-0.057729438,9.067488,2.67807
4773,-0.46376067,0.1740911,4.999146,4.0822062
4774,-0.5854149,0.021414215,3.0392592,3.2729673
4775,-0.2423318,0.09431267,6.67244,3.4519246
4776,-0.48782042,-0.15821901,3.0150461,3.2096539
4777,-0.40466255,0.025668954,6.3824124,3.5424957
4778,-0.59424365,-0.0025672838,3.0650194,3.2874627
4779,-0.13314483,0.20098746,6.674053,3.5184827
4780,-0.30928823,-0.10473439,2.9981227,3.7526646
4781,-0.43749854,-0.005693849,6.6321,3.0243802
4782,-0.0769635,-0.30773875,6.7504315,2.7850087
4783,-0.29730257,-0.013359804,6.665195,3.0879302
4784,-0.13994852,-0.24129283,6.710897,2.849222
4785,-0.3097928,-0.054954663,6.631719,3.0001235
4786,-0.121056594,-0.24407804,6.7852497,2.565809
4787,-0.1480658,-0.07544609,9.772249,6.6694674
4788,-0.18340129,0.019379245,5.838042,5.351321
4789,-0.19967961,-0.022485537,5.8045235,5.3389335
4790,-0.29451147,0.053624064,5.806367,5.310529
4791,-0.24806723,-0.008143043,5.833464,5.33528
4792,-0.16163212,-0.11555217,5.8482213,5.3347063
4793,-0.44373578,-0.059125893,5.049151,4.3903656
4794,-0.3213543,0.06980338,5.824633,5.320988
4795,-0.31773505,0.020085266,5.7563424,5.3623376
4796,-0.43402764,-0.06011884,5.043209,4.1017184
4797,-0.20833302,-0.0466301,5.8449955,5.360666
4798,-0.40529403,-0.24921831,2.8771017,3.1414168
4799,-0.34550717,-0.16556227,5.0081234,3.8849843
4800,-0.2233794,-0.17458504,5.091763,4.0088344
4801,-0.47147664,-0.09929245,5.0672398,3.9030411
4802,-0.23165783,0.08847974,6.4533696,4.103524
4803,-0.27383393,0.11476858,6.1786494,4.070907
4804,-0.03902775,-0.04547675,7.153603,3.1739554
4805,-0.25820103,0.041438274,5.389821,4.8981194
4806,-0.18311769,-0.0850864,5.394854,4.9057336
4807,-0.44525886,-0.082567334,5.0222397,4.3205876
4808,-0.33193678,0.051499374,5.3966675,4.8986993
4809,-0.4179877,-0.057359964,5.049772,4.341277
4810,-0.24237463,-0.0031426884,5.3925676,4.923791
4811,-0.10787681,-0.16333899,6.849679,4.4272194
4812,-0.17669153,-0.10920403,6.524626,4.4069486
4813,-0.19491582,0.06376568,6.752754,4.6340184
4814,-0.26271626,0.14626086,6.6166883,4.368394
4815,-0.2955236,0.058019273,6.548994,4.3844166
4816,-0.25811768,-0.011364289,6.5361605,4.4178333
4817,-0.1846683,-0.08279969,6.59425,4.411119
4818,-0.22476043,0.0777868,6.5252466,4.3165464
4819,-0.2646014,0.051296793,6.6314063,4.4090385
4820,-0.29164335,-0.006135717,6.62086,4.417746
4821,-0.19421124,-0.025681203,6.6440825,4.414208
4822,-0.20734262,-0.006310788,6.535879,4.4197893
4823,-0.19412954,0.015182981,7.5478816,4.2545238
4824,-0.107758395,-0.028488724,7.662524,4.1500573
4825,-0.42183354,-0.07040931,5.306598,4.1922708
4826,-0.37627313,-0.026114954,5.276858,4.181105
4827,-0.14476457,0.072940335,11.517461,6.2051964
4828,-0.18886933,-0.05906731,9.544321,6.1156964
4829,-0.37992483,-0.16498747,3.1633613,3.823954
4830,-0.2422803,0.046589762,6.154209,4.1754737
4831,-0.46524638,-0.028353702,5.582703,4.175717
4832,-0.33438864,-0.13602988,5.776475,4.2016687
4833,-0.22446683,0.10047878,9.792788,1.993358
4834,-0.19780955,0.16101147,11.49209,6.1615267
4835,-0.025077429,-0.18632644,11.197371,7.0723767
4836,-0.00053659454,-0.13976555,11.196382,7.0240307
4837,-0.18461503,0.06200598,6.2156553,4.5550632
4838,-0.49221596,-0.07509837,3.0530202,3.1902375
4839,-0.49547145,-0.19089228,2.710449,3.1851013
4840,-0.37550047,-0.10215898,3.0639353,3.8318112
4841,-0.2790974,-0.0032324437,10.70318,2.0096006
4842,-0.42857012,-0.10273865,2.724388,3.2331705
4843,-0.23102339,0.13578391,8.1797905,-1.9738672
4844,-0.2226854,0.08360618,8.199677,-1.9764401
4845,-0.2874912,0.057221852,4.936443,3.821898
4846,-0.43483874,-0.16399859,4.9250035,3.5058293
4847,-0.16910267,-0.037202224,7.304903,4.699278
4848,-0.21892133,-0.049027868,7.2010374,4.7062063
4849,-0.21690327,-0.022026947,10.2256775,6.7961965
4850,-0.19160831,-0.067726865,8.492738,2.3884983
4851,-0.13167092,-0.10142181,8.404648,2.3582938
4852,-0.38370103,-0.030548112,3.0991278,3.2412148
4853,-0.19157223,-0.069696516,7.25629,2.614945
4854,-0.15956527,-0.20704606,12.5328,5.4216137
4855,-0.12801093,-0.1382003,12.471734,5.361219
4856,-0.3033723,-0.21897066,2.5002344,3.3213782
4857,-0.097595505,-0.021537714,8.570216,4.7868204
4858,-0.51116943,-0.15127507,2.909856,3.1470714
4859,-0.5662042,-0.08216266,3.0065086,3.1989448
4860,-0.113651566,-0.16993743,7.034425,4.2721925
4861,-0.3193824,-0.09229672,5.121891,3.9806116
4862,-0.08163973,0.11058861,3.9582899,4.65163
4863,-0.15325098,0.0017932206,3.981319,4.6742077
4864,-0.2344391,0.07041779,3.999425,4.665236
4865,-0.29720786,-0.17608501,3.5605953,4.2993107
4866,-0.21253881,-0.009963635,3.9638805,4.6707187
4867,-0.27983174,-0.24681994,2.6934092,3.3506045
4868,-0.31730625,-0.16812886,3.5046499,4.2558393
4869,-0.21352516,0.13215107,3.9743905,4.6676245
4870,-0.3610423,-0.100904815,3.9192507,4.618919
4871,-0.13932112,0.023006445,3.9108756,4.686918
4872,-0.4167017,-0.032223716,3.5102804,4.2602887
4873,-0.08025265,-0.026929045,6.1835985,4.82573
4874,-0.15332696,0.063898094,3.9546342,4.6667833
4875,-0.45534715,-0.026652563,3.5825002,4.3164716
4876,-0.55579126,-0.015280382,3.5389109,4.280039
4877,-0.47116882,-0.074577875,2.6342893,3.3523002
4878,-0.4018839,0.008922635,2.9168017,3.7174156
4879,-0.23777321,-0.08346012,7.7982273,1.4826953
4880,-0.50221086,-0.34080395,2.821098,3.0947437
4881,-0.28164667,-0.12406259,7.803788,1.4865267
4882,-0.34001344,-0.026377,7.516531,1.9087954
4883,-0.1781647,-0.22068626,7.763487,1.5285543
4884,-0.039725572,-0.0193741,10.365103,5.295221
4885,-0.27943575,0.078556344,6.0443425,3.531063
4886,-0.30462828,0.2075918,7.205054,3.7167583
4887,-0.5918642,-0.09719467,2.7682931,3.2098684
4888,-0.3312512,0.062422328,6.0559773,3.8210926
4889,-0.25836894,-0.09873879,7.0510154,3.5523765
4890,-0.65064514,0.026407843,2.948814,3.2825172
4891,-0.18350479,-0.019069461,6.5579844,3.2347214
4892,-0.36441347,0.07778405,6.684741,4.0719953
4893,-0.56364405,0.058076233,5.0696263,3.9753692
4894,-0.394063,0.11638996,6.6580443,3.4812672
4895,-0.20236525,0.09053797,7.318658,3.52767
4896,-0.2526763,-0.022150718,5.472752,4.8377876
4897,-0.2229276,0.0707781,6.937731,2.5570896
4898,-0.08697745,-0.20535854,6.7349014,2.6423228
4899,-0.5047159,-0.08594509,2.7557852,3.176878
4900,-0.21896526,-0.0518009,4.9278464,3.5777714
4901,-0.27168825,0.11096592,6.6982365,4.843035
4902,-0.2939643,0.03149458,6.674748,4.740716
4903,-0.27422255,0.037259772,6.621249,4.7218146
4904,-0.19591442,0.009134939,6.5884295,4.8116136
4905,-0.11163999,-0.14350797,6.7428174,4.867502
4906,-0.18259144,0.013553489,6.7232604,4.8660493
4907,-0.3337755,0.028981892,6.6606426,4.630763
4908,-0.20768605,-0.10574111,6.7166553,4.8507705
4909,-0.18121612,0.07635051,6.3922553,4.0328674
4910,-0.41501138,-0.06809553,5.1250362,3.7302372
4911,-0.321228,-0.13428377,3.0937626,3.5897064
4912,-0.25414735,0.07165637,6.345142,4.0721135
4913,-0.31664702,0.13950884,6.4285054,4.081542
4914,-0.45747417,0.047297657,4.9294624,3.87421
4915,-0.13295026,0.021127379,6.5674667,3.9238985
4916,-0.2417705,0.108983696,6.382361,4.0477204
4917,-0.5789317,-0.13455333,2.957334,3.260521
4918,-0.5462235,-0.13093175,2.769262,3.1941435
4919,-0.06969562,0.079471625,6.1860995,4.3616395
4920,-0.31423935,0.07023939,5.361362,4.194001
4921,-0.064007215,-0.09155307,7.608172,4.376431
4922,-0.38873777,-0.27720422,5.140585,3.4769378
4923,-0.22411889,0.039853074,6.5327816,3.612753
4924,-0.21738708,0.05405984,6.781349,3.4364283
4925,-0.31332716,0.025379585,6.267756,3.7656593
4926,-0.23328865,-0.008184566,6.672001,3.4646904
4927,-0.20566407,-0.08370977,6.8938694,3.4962075
4928,-0.287973,0.15157275,6.814394,3.5659611
4929,-0.14328533,0.024306098,6.428651,3.1429727
4930,-0.3189631,0.11619699,6.7428374,3.4735415
4931,-0.3320289,0.11185482,6.835142,3.433727
4932,-0.29756734,0.050792202,6.74518,3.4163508
4933,-0.13371706,-0.124567546,7.9318304,3.292747
4934,-0.30214426,0.017070478,4.947636,4.0527124
4935,-0.17378306,0.18791331,8.233636,4.63262
4936,-0.1672797,0.171681,8.341581,4.6238
4937,-0.20827416,0.049515694,8.509266,4.495218
4938,-0.23409149,0.087810025,6.8982906,4.9268236
4939,-0.29615626,0.09580973,6.5297112,5.3327403
4940,-0.32399604,0.115284875,6.6009254,5.263091
4941,-0.25186175,-0.2335372,3.2997854,3.1648664
4942,-0.04366499,-0.18285127,8.014303,3.025049
4943,-0.28063443,0.05524063,6.0493293,4.4493747
4944,-0.2698746,0.12276119,6.2604337,4.3675013
4945,-0.08940047,0.03569095,10.343668,-1.7832569
4946,-0.21336693,0.041446917,11.669297,3.4218268
4947,-0.15252784,-0.13903314,6.644199,4.0657935
4948,0.01951532,-0.024942528,6.386126,3.4017994
4949,-0.033712145,0.032942563,6.365525,3.3644884
4950,-0.4180079,-0.2061413,3.1982248,3.100199
4951,-0.2925069,-0.15560754,5.1254487,3.6036496
4952,-0.33410338,-0.0012371708,5.149652,3.43691
4953,-0.349623,0.12087545,4.899147,4.0995326
4954,-0.37715718,-0.21287921,2.7494428,3.1485271
4955,-0.13552816,-0.06714756,7.2710457,2.4319458
4956,0.010845911,-0.16137613,6.830835,1.8263063
4957,-0.51803684,0.068395294,3.108306,3.2339344
4958,-0.33517477,-0.20234504,2.7002866,3.1582606
4959,-0.4010943,0.00019278377,5.0153008,3.8237016
4960,-0.31458718,-0.05924385,2.6747503,3.1701872
4961,-0.18034522,0.046885923,5.368124,4.684786
4962,-0.50829285,-0.09731718,2.926692,3.2230973
4963,-0.17286657,0.053651713,6.274013,4.4272985
4964,-0.383404,-0.05748801,2.7907376,3.192938
4965,-0.08096439,0.08277397,6.910245,3.5630577
4966,-0.18889631,0.21836203,6.922715,3.831136
4967,-0.15824011,0.024538698,11.045863,6.3607235
4968,-0.22665289,0.10337749,6.855444,4.695852
4969,-0.13638568,-0.048075244,6.9265084,4.5497375
4970,-0.1934982,-0.06374346,6.6654177,4.600654
4971,-0.06494386,0.0070341546,9.638778,3.0439677
4972,-0.24741033,0.035480447,6.6712375,3.5517023
4973,-0.1677069,-0.120726064,6.60957,3.31635
4974,-0.30998582,-0.072018586,6.6440916,3.294046
4975,-0.23526222,-0.13186592,6.492608,4.286597
4976,-0.35577908,0.11467859,2.9719346,3.7956157
4977,-0.18308435,0.084465705,6.4404154,4.156833
4978,-0.0023889765,-0.12725362,6.9023876,3.0594852
4979,-0.21205659,0.025965063,7.16573,4.57639
4980,-0.23802216,-0.011344576,7.068727,4.5148573
4981,-0.11511907,0.26775873,11.902239,0.99015653
4982,-0.4235402,-0.17130351,3.0168836,3.7715628
4983,-0.40235972,0.02255859,5.3621793,4.187496
4984,-0.48621717,-0.14358704,3.0429144,3.850649
4985,-0.45342207,0.017050324,3.0276155,3.8284879
4986,-0.498632,0.053664662,4.9696274,4.0697393
4987,-0.5583178,-0.036129326,5.033078,4.058468
4988,-0.5195823,-0.045090035,5.1730866,4.0359473
4989,-0.51734126,-0.292528,2.8118792,3.3383496
4990,-0.5426115,-0.058044396,5.007119,4.1017046
4991,-0.59052145,-0.2443878,2.885683,3.2485068
4992,-0.55246055,-0.07091882,5.0893283,4.055093
4993,-0.3332217,0.052556604,6.569921,3.3373551
4994,-0.40696165,-0.07392913,2.932122,4.0104933
4995,-0.4559777,-0.19068316,3.0356474,3.7469974
4996,-0.5873891,-0.32371858,2.8330855,3.2317126
4997,-0.54415214,-0.16986746,5.2231145,3.7946432
4998,-0.52067757,-0.15129074,5.111772,3.8723137
4999,-0.3859506,-0.10142262,2.646344,3.2564952
5000,-0.35738936,-0.08455713,2.905072,4.0135293
5001,-0.2574427,0.120456845,6.4909415,3.4964812
5002,-0.52057254,-0.1068733,3.0058002,3.8152494
5003,-0.47223714,-0.19499257,2.945578,3.8854816
5004,-0.5025246,0.024878914,3.016236,3.9130373
5005,-0.49132153,-0.022339601,4.9048195,3.7330723
5006,-0.33931616,-0.028669309,2.9378557,3.998993
5007,-0.3869494,-0.019865777,5.002502,3.6614664
5008,-0.46590784,-0.14536858,2.9199018,3.9124427
5009,-0.56249547,-0.108160086,2.7670314,3.3544474
5010,-0.24949726,0.047143385,5.012481,4.0483985
5011,-0.38880548,-0.19903517,2.839536,3.1646047
5012,-0.15851057,0.012800118,6.969114,3.98325
5013,-0.15592316,-0.08967539,7.713436,1.8735008
5014,-0.442462,-0.04265239,3.3156657,3.4787958
5015,-0.38310274,0.069320954,3.1682875,3.7247543
5016,-0.36905155,0.060568124,5.571963,4.6291842
5017,-0.45810065,-0.06165815,3.2721486,3.4889026
5018,-0.33978668,0.03501402,5.580181,4.5659475
5019,-0.15270147,0.09239054,5.673015,4.653059
5020,-0.33346102,0.07313757,5.5693154,4.655732
5021,-0.27571157,0.029811246,7.0603013,3.9661942
5022,-0.34055582,0.12555972,2.9397266,3.7113264
5023,-0.38167801,-0.079313815,2.6487367,3.264988
5024,-0.40309876,-0.13221732,2.6938841,3.3834574
5025,-0.41666186,0.08416118,3.0427718,3.813819
5026,-0.28461072,-0.061711684,2.9183192,3.8105652
5027,-0.14947456,-0.056800388,11.432313,6.09855
5028,-0.44366446,-0.043134686,2.7358932,3.1959965
5029,-0.32485953,-0.02298369,4.8508844,3.7644541
5030,-0.32818583,-0.099241145,3.096503,3.5476573
5031,-0.33201453,0.014590686,4.9956045,4.090004
5032,-0.4478816,-0.12357675,2.6150994,3.2019954
5033,-0.19542535,0.07670534,12.034172,-0.26648176
5034,-0.19547397,0.083291076,12.050122,-0.27878338
5035,-0.39387223,-0.14125326,2.6463068,3.227492
5036,-0.34565514,0.06857822,12.078861,-0.32950017
5037,-0.3244423,0.035768308,12.082164,-0.25540668
5038,-0.3050401,0.038001023,12.082882,-0.26014987
5039,-0.30718797,0.0038097762,12.081981,-0.28262618
5040,-0.3709273,0.016597321,5.2250123,4.1221
5041,-0.07243347,-0.029801056,6.914899,4.2005553
5042,-0.14200507,0.21418223,10.884352,1.7246777
5043,-0.29612663,0.013474727,5.0347333,3.612557
5044,-0.27368182,0.07013114,6.015212,4.186616
5045,-0.44266322,0.07542227,5.1437793,4.198078
5046,-0.522823,0.0032188054,5.1470666,4.128906
5047,-0.27758068,0.04500734,6.1451483,4.239519
5048,-0.24560393,-0.09675229,6.0476394,4.1728344
5049,-0.59376574,-0.082469285,3.0807621,3.27231
5050,-0.30121484,-0.00971305,6.0774674,4.2171125
5051,-0.2641715,-0.07741603,6.1127996,3.938947
5052,-0.6089933,-0.099192396,2.9966178,3.202439
5053,-0.3549889,0.035613038,6.031576,4.1671677
5054,-0.26132518,0.0120120775,5.955279,4.180756
5055,-0.39324108,0.009914292,5.367783,4.1513667
5056,-0.3563259,-0.05709718,3.1130145,3.808206
5057,-0.1771965,0.04335536,9.259229,6.464086
5058,-0.34291545,0.0067021456,5.19568,4.205882
5059,-0.13993582,0.049120195,10.784722,6.4687934
5060,-0.2802408,0.020171927,7.678325,4.3513317
5061,-0.2004124,-0.06996715,7.590715,4.317978
5062,-0.13170117,-0.12824292,7.61949,4.292704
5063,-0.48376018,-0.23626934,2.7826254,3.1908944
5064,-0.11968042,-0.0993644,7.6263566,4.300535
5065,-0.17252119,-0.09192766,7.6046195,4.313395
5066,-0.24444851,0.033145353,6.38274,3.0634115
5067,-0.40432712,-0.011619777,6.749151,4.1895022
5068,-0.2810946,0.016996553,6.7875915,4.1491246
5069,-0.26096886,-0.036123402,6.7668757,4.1246634
5070,-0.27305767,-0.22705728,2.8863418,3.4270623
5071,-0.36866567,-0.090826176,3.0642068,3.8304226
5072,-0.08518459,-0.18636674,7.031561,4.1770773
5073,-0.22588934,0.09055651,6.3468137,4.0420666
5074,-0.16676903,0.0036321525,6.09079,4.168086
5075,-0.10840705,-0.15952325,6.9165583,2.5911815
5076,-0.1572626,-0.07254406,5.976736,3.7118185
5077,-0.20383167,-0.036161385,5.878792,3.5878088
5078,-0.12344591,-0.037601817,5.928541,3.601849
5079,-0.16584578,0.18696748,10.312915,-1.5149997
5080,-0.24534895,0.021389747,7.2101626,4.994451
5081,-0.42521104,-0.24962366,2.453654,3.3296072
5082,-0.06157458,-0.3123192,6.480225,2.2164426
5083,-0.2458191,0.01518348,6.4393783,3.8370373
5084,-0.19481342,-0.054373972,7.003894,4.480015
5085,-0.21771131,-0.13050719,6.8150883,5.4472256
5086,-0.41863093,-0.19047256,2.909248,3.197699
5087,-0.076240174,-0.22469762,7.0346665,3.672769
5088,-0.08752425,-0.096671745,13.982212,1.1015171
5089,0.051467575,-0.11825183,13.889061,1.1991177
5090,-0.11794022,0.12702283,11.244078,2.9434943
5091,-0.08368833,-0.031534612,6.5932536,4.566015
5092,-0.20378298,0.060502276,6.591916,4.5545087
5093,-0.24214694,-0.023143694,5.8490777,4.4973245
5094,-0.21201997,0.017441953,5.9204183,4.492207
5095,-0.2999222,-0.035626277,7.2191157,5.7882032
5096,-0.2530221,-0.071630865,6.815852,5.2353096
5097,-0.09275168,0.092376016,8.495509,1.0882109
5098,-0.025262993,-0.23170826,8.256042,1.5463707
5099,-0.19686167,-0.105851024,8.245494,1.58089
5100,-0.21635732,-0.032873638,6.517065,4.538689
5101,-0.008456141,0.059597827,10.394949,-1.6392164
5102,-0.31915376,0.009566512,2.8202617,3.0290391
5103,9.4842166e-05,0.13295448,10.124583,0.0015756569
5104,-0.143342,-0.02126206,6.5421734,3.41801
5105,-0.15366717,-0.021396546,7.5171423,0.3386552
5106,-0.369856,-0.30738115,4.8994436,3.7016602
5107,-0.42039835,-0.13741298,4.899222,3.7228878
5108,-0.21054149,0.12325461,7.3099318,4.4369373
5109,-0.1697896,-0.060767725,7.308636,4.413332
5110,-0.19008906,0.016053429,7.430719,4.4516897
5111,-0.20540917,0.0066065434,6.4944615,4.4861174
5112,-0.10951228,-0.06434725,8.79729,3.6729598
5113,-0.1740117,-0.056614347,8.704732,3.7047293
5114,-0.5705968,-0.030547583,2.8521574,3.1455715
5115,-0.2002998,-0.0040659774,6.7354445,3.8344283
5116,-0.5057993,0.06637663,3.087985,3.8572724
5117,-0.27261484,0.06493368,6.569672,3.5868917
5118,-0.35000098,0.13856617,6.6013966,3.7058127
5119,-0.15286222,-0.2173188,6.7300887,3.2879467
5120,-0.45773903,-0.0812942,4.994561,3.9262774
5121,-0.20418406,0.048868015,6.652179,3.5041058
5122,-0.098515145,-0.14083968,6.5779715,3.354391
5123,-0.27044207,0.031932235,6.6785746,3.6879892
5124,-0.31858358,0.011118025,6.6896796,3.6746411
5125,-0.17908287,-0.016757278,6.286429,4.7173815
5126,-0.5941639,-0.22641358,2.8689022,3.0836945
5127,-0.21955527,-0.085572906,6.6686387,3.577547
5128,-0.28094968,-0.24089086,5.6064434,3.3688846
5129,-0.16759789,-0.112260975,7.02954,3.023367
5130,-0.08348058,-0.19568366,6.9439874,3.0437598
5131,-0.11613868,0.089992896,8.296387,1.9764374
5132,-0.101935245,0.041811675,6.378055,3.384046
5133,-0.17284623,-0.18586746,6.717178,2.7511544
5134,-0.07335374,-0.10379623,6.9298253,4.5532217
5135,-0.023918718,0.09277503,11.06095,-1.3320667
5136,-0.16234578,-0.06329177,12.824933,3.4758782
5137,-0.08205906,-0.15966307,6.9085784,2.840597
5138,-0.071471974,-0.17943908,7.387446,6.1214685
5139,-0.05063179,0.020333866,13.284615,3.152303
5140,-0.097870514,0.06378634,6.2590594,3.2568655
5141,-0.12616812,-0.10420909,6.170591,3.3494942
5142,-0.24438247,-0.08179858,6.126381,3.6539829
5143,-0.55967045,-0.24032648,2.6080341,3.331834
5144,-0.11902417,-0.02537898,6.2087784,3.2672298
5145,-0.18588722,-0.10023488,6.257736,3.2275617
5146,-0.22021413,0.088582635,5.360536,4.827683
5147,-0.48908538,0.03538751,5.039942,4.3188133
5148,-0.33649883,0.19125593,6.7802596,4.370615
5149,-0.34285223,0.018419,6.795503,4.7850885
5150,-0.21296993,-0.14963277,6.806091,4.853761
5151,-0.45860064,-0.22304079,5.1231637,3.7365355
5152,-0.3793585,0.10601035,6.7267323,4.471727
5153,-0.58291173,0.06892097,5.163947,4.1169887
5154,-0.26650262,-0.05909428,6.879197,5.042344
5155,-0.3547318,0.053026482,6.682186,4.5149426
5156,-0.56194854,-0.04166855,3.184448,3.8845046
5157,-0.51049674,-0.12938975,3.0657,3.8136542
5158,-0.23305723,-0.035906732,6.380818,4.8278155
5159,-0.21254273,-0.11138931,6.9336605,4.4206247
5160,-0.27350312,-0.0970384,6.9005175,5.136187
5161,-0.3241043,0.11273354,6.918228,4.632935
5162,-0.22435802,-0.0746497,11.441076,6.556266
5163,-0.42680827,-0.20805077,2.8037758,3.1828403
5164,-0.20299521,-0.06159523,11.461211,6.549171
5165,-0.15915808,0.23565549,12.328526,0.45850518
5166,-0.27110955,0.19991091,12.417203,0.48060226
5167,-0.20721212,0.14754264,10.853098,6.553838
5168,-0.23150478,0.06292852,10.846903,6.5708547
5169,-0.18237516,0.07155244,10.870576,6.592169
5170,-0.21687762,0.07845843,10.850861,6.590018
5171,-0.24348605,0.055191107,10.85829,6.5734024
5172,-0.19075876,0.065600246,10.881613,6.580215
5173,-0.24377462,0.11226298,10.932718,4.1736407
5174,-0.49831173,-0.16889498,2.5860322,3.2180178
5175,-0.19255486,0.10619549,7.651664,3.3680954
5176,-0.5489129,-0.20308095,2.5669854,3.2236364
5177,-0.54736865,-0.13077402,2.5435805,3.2271755
5178,-0.16894975,-0.049690776,10.252272,6.6340437
5179,-0.070045784,0.032323137,9.367355,4.1548076
5180,-0.120665506,0.015404554,9.312736,4.179293
5181,-0.03331002,-0.06644385,9.353918,4.1635785
5182,-0.036183037,-0.06004238,9.369374,4.112653
5183,-0.2713468,0.22817132,7.2281513,4.1554556
5184,-0.2825677,0.16391303,7.263007,4.3286357
5185,-0.2755592,0.16589862,7.2190194,4.1350775
5186,-0.20649576,0.06558893,7.3691063,4.224197
5187,-0.3151639,0.17455041,7.182683,4.2204313
5188,-0.17872725,0.08397479,7.211724,4.310022
5189,0.0068572685,0.14378978,11.52148,1.6182351
5190,-0.0071730465,0.01413182,7.503713,4.300536
5191,-0.26975238,0.06333952,6.6841593,4.5798125
5192,-0.31142777,-0.0589272,3.3388433,3.712985
5193,-0.017820893,-0.14511558,10.4432745,4.347798
5194,-0.19849804,0.11301342,10.361107,4.3295493
5195,-0.106086984,-0.019195033,10.43519,4.270925
5196,-0.09776519,-0.026958052,6.5300035,3.577388
5197,0.005280871,-0.16051559,6.7256794,2.7493222
5198,-0.14430532,0.031621,6.875423,3.4355836
5199,-0.12602876,-0.0314302,7.1089606,3.5259483
5200,-0.101650596,-0.09649486,6.6980667,3.1066487
5201,-0.082090214,0.09355231,9.593619,3.786605
5202,-0.18988888,-0.005161969,9.494627,7.138564
5203,-0.3076446,-0.10553901,2.9379954,4.0388474
5204,-0.24311718,0.08023147,6.642081,3.7438252
5205,-0.3188744,0.050126985,6.609648,4.2783084
5206,-0.22210792,0.04568313,6.574334,3.6694334
5207,-0.18061355,-0.033038147,6.8677526,4.318015
5208,-0.17583208,0.013665386,9.729572,7.378668
5209,-0.21332636,0.03440895,9.721089,7.3444843
5210,-0.108250216,-0.047459394,9.725635,7.379602
5211,-0.19954485,0.09376293,9.697538,7.32394
5212,-0.19705689,0.12519217,10.746276,6.6319485
5213,-0.19322081,0.06990865,10.733807,6.6447816
5214,-0.19188587,0.09877558,10.757385,6.619048
5215,-0.26783168,0.056188077,10.749632,6.642873
5216,-0.16423103,0.050828844,10.748488,6.6141624
5217,-0.09307175,-0.13343005,6.252503,3.3297012
5218,-0.16049221,-0.0727313,11.834873,-0.09829945
5219,-0.29786107,0.008748712,7.2177863,3.1284156
5220,0.062469624,0.097373724,11.836711,-0.19812563
5221,-0.09172131,0.13875885,7.3202953,0.6657436
5222,-0.23664495,0.0703152,6.4738016,3.8702288
5223,0.003006205,-0.1506879,6.8176746,0.48684293
5224,-0.009800017,-0.2138128,6.806447,0.49746573
5225,-0.26393685,0.0816375,6.6259255,3.9176793
5226,-0.08914709,-0.07515569,6.844188,0.5732473
5227,-0.2754292,0.009987228,6.8018465,0.8093686
5228,-0.10362841,-0.06274743,6.980845,4.3140516
5229,-0.046791155,-0.036541995,7.176044,0.7400424
5230,-0.13741711,-0.11545865,6.8070326,0.7223467
5231,-0.55287683,-0.070135675,2.7599714,3.1986065
5232,-0.23221698,0.18550085,12.1294365,0.6931422
5233,-0.19845372,0.17602485,11.470569,0.37689707
5234,-0.07135231,0.021635985,7.413139,4.4145255
5235,-0.10189677,-0.04285022,7.4090486,4.4176397
5236,-0.16013539,-0.07296264,7.6786213,3.098034
5237,-0.091376275,-0.13280013,7.5267873,3.1132407
5238,-0.261649,0.086580575,7.712138,3.1305892
5239,-0.24010351,0.030226218,7.6842785,3.0890079
5240,-0.20618403,-0.044121116,7.616071,3.0033283
5241,-0.10614967,-0.040063187,7.359947,4.8820815
5242,-0.1011841,-0.013979642,7.7437854,2.1665187
5243,-0.06259276,-0.1286029,6.8180213,3.384553
5244,-0.15426108,-0.12869893,6.8283463,3.3613029
5245,-0.05622954,-0.18232632,6.75612,4.32382
5246,-0.056025736,-0.18097368,6.7226005,4.3177056
5247,-0.042907406,-0.17701662,8.334686,6.177588
5248,-0.20463333,-0.039941803,8.292986,6.2085705
5249,-0.009778377,-0.105309844,9.3425455,3.5715284
5250,-0.08296703,-0.025765315,9.359957,3.616902
5251,0.13064855,0.003928071,8.43096,-0.66101474
5252,-0.046368282,-0.021314643,8.933534,0.70487195
5253,0.20975366,0.093227476,10.321366,1.3779547
5254,0.05201873,0.046055004,12.2865,2.104991
5255,0.12100276,-0.031732,10.344703,4.605299
5256,0.06997471,0.1821668,12.822825,5.463798
5257,0.20309171,0.013881169,10.677364,3.7955844
5258,0.023118243,0.06703895,9.638396,-0.7765522
5259,0.14317119,0.013617294,8.230705,5.712763
5260,0.21224783,0.14857155,10.597909,1.5017084
5261,0.120011106,0.070481665,7.6824136,0.8365278
5262,-0.008962877,0.23125291,12.764876,1.2892517
5263,0.034560233,0.11651586,8.756332,-0.8687182
5264,0.10097855,-0.04841364,9.141643,2.123763
5265,0.04293613,0.06624725,10.060028,2.948642
5266,0.13038428,0.12653759,9.233672,-0.6565988
5267,0.108109355,0.058236517,6.9318566,-0.29487708
5268,-0.034882396,0.05311983,8.164879,4.459513
5269,-0.1689793,0.1845319,9.715036,2.6887352
5270,0.0393006,-0.14824569,8.818579,5.8074946
5271,0.21595928,0.00853817,8.748736,3.5680952
5272,0.09679511,-0.19409302,6.335001,-0.48581564
5273,0.025910936,-0.2805934,7.2373695,1.5398941
5274,-0.012579812,-0.072593704,8.304625,5.183604
5275,0.015176259,-0.063947074,7.8111506,1.199086
5276,-0.0075426623,-0.15605322,7.08934,1.9365187
5277,0.056753695,0.009473005,7.6279263,0.35301188
5278,0.005658526,-0.21458629,6.7072096,1.4137158
5279,-0.03450097,0.040916406,8.702472,1.7272674
5280,0.108497724,0.16196331,10.678542,-0.40192848
5281,0.12901336,-0.090767175,7.5972977,1.1564727
5282,0.06813249,0.14691481,9.615571,-0.86879426
5283,0.06307049,0.16983062,12.329503,1.0670313
5284,0.17315814,-0.056829505,8.43506,7.24831
5285,0.2707503,-0.035119526,8.498668,7.0839396
5286,0.12704147,-0.22343601,8.286568,2.0468383
5287,0.046538442,-0.030371653,7.9894114,0.5791094
5288,0.09231329,0.22393769,10.935051,-0.7960949
5289,-0.061392047,-0.12542997,5.9316883,1.0715562
5290,-0.018133616,-0.021346586,8.930621,0.025574118
5291,0.04301648,0.0173702,9.063129,-0.24951501
5292,0.18001962,0.14311798,10.584034,-0.34298396
5293,-0.045574006,0.035580516,8.904751,0.04064967
5294,0.1526038,-0.06424866,8.441629,7.1982193
5295,0.12896252,0.1878917,10.559937,-0.77304363
5296,0.091731906,-0.03215733,8.462698,7.3229322
5297,0.112445295,-0.19318041,12.59286,5.231894
5298,0.02742184,-0.022513729,10.466342,2.6077173
5299,0.25313655,-0.12406481,9.760738,4.113401
5300,0.1708867,0.26168627,10.398239,-0.19195434
5301,0.028956994,-0.110432565,8.717568,2.3375566
5302,-0.0053597763,0.008287149,11.403408,0.43685234
5303,-0.062346812,-0.015501913,8.339868,0.66108656
5304,0.08832881,-0.050765313,11.240538,-0.9930511
5305,0.15707663,0.0558969,9.708569,-0.16624492
5306,0.12317309,-0.32027483,8.355821,6.0594964
5307,0.16538218,0.13034923,9.672787,-0.10258852
5308,0.083100796,-0.2271923,7.6694636,2.8452554
5309,0.050188586,-0.20410523,6.6988053,-0.075542666
5310,-0.06022916,-0.13698074,8.044543,0.61723703
5311,-0.008580271,0.04203715,10.346481,-0.7977271
5312,0.012576617,0.17585155,12.141173,-0.015965426
5313,0.16242954,-0.17280886,9.1513605,6.6353374
5314,0.0022566058,-0.13653547,7.558894,3.667645
5315,0.07096277,-0.008267054,7.534258,0.5540819
5316,0.16755322,0.033058867,8.055485,2.528038
5317,0.15404993,0.06245935,7.6788816,0.95946026
5318,0.06447528,-0.15347339,8.305298,3.0735576
5319,-0.021798037,-0.28865206,6.6194463,1.9940928
5320,0.056583337,0.10232924,10.29682,0.54944396
5321,0.027590998,-0.27805376,5.7797184,1.4994484
5322,0.09623608,-0.024650972,7.546044,1.5370711
5323,0.19720608,-0.15884076,8.4190035,7.340911
5324,0.051760472,-0.005844935,7.4306054,-0.19790122
5325,0.07048025,0.23026697,10.098838,-0.8280995
5326,0.060448706,-0.03626346,5.8372416,1.7519867
5327,0.1080794,0.077400684,9.9039135,0.25130373
5328,0.18785535,-0.11628888,8.478178,7.309062
5329,0.1449174,-0.15631455,9.771615,4.3962193
5330,0.009661563,-0.22883303,11.73858,-1.2454163
5331,0.10502395,-0.13155021,9.56023,6.5656185
5332,0.105924934,-0.035696745,9.540061,0.89378065
5333,0.17196545,-0.16733435,11.606194,-1.2244529
5334,0.19523814,-0.16616246,8.898783,0.9228491
5335,-0.14883144,0.110720694,7.514719,2.781834
5336,0.047232322,-0.046477236,10.245088,-1.9298279
5337,0.0769584,-0.1986219,8.686367,3.1915846
5338,0.06648251,-0.12815952,8.321404,3.0014656
5339,0.09297922,-0.22524217,8.772341,3.9855247
5340,0.22511959,-0.031898454,10.701254,4.9165597
5341,0.23386577,-0.06274535,10.678053,4.9177384
5342,0.029041775,0.26959503,9.974865,0.16747525
5343,0.116367415,0.024890004,8.3026085,-0.24596503
5344,-0.031215154,0.040825635,11.017101,0.07960914
5345,0.06132169,0.05222456,9.959445,1.1880913
5346,0.0038559847,-0.20779759,8.046538,2.3214228
5347,0.07637904,-0.2580211,8.368773,3.0916653
5348,0.19547784,0.07883949,8.840508,1.6884993
5349,0.033264376,0.096183136,8.868129,1.7301604
5350,-0.039193306,0.05677452,11.161862,2.620283
5351,0.11555186,-0.023755223,7.7065654,1.2120756
5352,-0.03476692,-0.017182954,7.733176,1.4455582
5353,-0.013654543,0.041242972,8.734942,-0.27971727
5354,0.23681346,-0.19388479,7.5200686,0.8029236
5355,-0.13323408,-0.03904797,10.087463,0.9140972
5356,0.23111156,-0.08735177,6.4987764,1.5505667
5357,0.06155449,0.021418987,8.399893,2.5307214
5358,0.15615219,-0.116106406,8.281281,2.250495
5359,0.15420417,-0.20946205,7.0876055,1.3820726
5360,0.097480044,-0.11950013,9.576879,0.62139994
5361,0.09872475,-0.0952871,8.764501,1.8540902
5362,0.2033705,-0.15591103,9.132056,3.9059038
5363,0.17981365,-0.032318033,9.506433,0.5750748
5364,0.09743035,-0.18718457,8.579267,2.1469975
5365,0.0122319795,-0.25192645,10.256681,-1.3631961
5366,0.09642433,0.09288228,10.614327,3.4562366
5367,-0.07357144,0.044476137,9.882841,4.1169977
5368,-0.04213347,0.20596868,10.007955,-0.84249705
5369,0.05176799,-0.077671,8.691836,1.6972325
5370,0.12876171,0.098492205,9.38471,3.2967272
5371,0.09440185,-0.10659648,13.586295,3.136348
5372,0.12982711,-0.033264935,13.538312,3.0543587
5373,-0.066613376,0.028578473,12.009108,0.021607183
5374,0.052963153,0.18334249,8.882427,1.1818842
5375,0.03733027,-0.010524573,8.494498,-0.8124096
5376,0.03971602,0.06675449,8.168628,-0.9691048
5377,-0.018504325,0.3143836,13.453505,2.9550338
5378,0.06764495,0.06615666,10.832097,-0.5944286
5379,0.21231991,0.04019253,11.475256,-0.9408781
5380,0.1221548,-0.055285655,8.62111,2.2045152
5381,0.09705326,-0.010895582,9.87115,2.9329293
5382,0.0756499,0.20817283,8.954706,1.4805254
5383,0.021390915,0.016571263,8.392457,-0.893768
5384,0.16907969,-0.020861201,7.935812,2.19755
5385,0.036080778,0.027384887,10.95983,2.9208493
5386,0.016694415,-0.016368417,10.508848,5.322541
5387,0.04240863,-0.22798046,6.239802,2.325402
5388,0.024055652,-0.16032879,7.844198,0.4030182
5389,0.056346193,0.31710097,10.5679245,-0.4889172
5390,0.0785999,0.22667414,10.556596,-0.4427817
5391,0.18816218,0.12230328,12.668439,5.6057105
5392,-0.06508469,-0.1046947,8.059358,-0.092000924
5393,0.19828057,0.21017194,9.446696,-1.0564975
5394,0.104022354,0.022593675,13.4392,3.2110589
5395,0.0040044636,0.060943566,8.300301,-1.883692
5396,0.10684474,0.23360062,11.142467,-0.6750659
5397,-0.0425689,-0.13660087,13.967422,1.0970683
5398,-0.11760193,0.20875022,9.65604,-0.7772792
5399,0.06974173,-0.04936447,8.233292,1.6645606
5400,0.012114719,-0.20340553,8.216407,5.0617867
5401,0.17394918,-0.18343467,7.0565615,1.3685125
5402,0.14410333,-0.07927154,8.45522,1.5436131
5403,-0.013979053,-0.040319163,9.934397,2.2589774
5404,0.13762149,-0.10154231,7.9106965,2.2003303
5405,0.06160284,-0.017295316,5.6773434,1.6255687
5406,-0.049773753,0.09149304,12.193067,3.26566
5407,0.2185477,-0.03361531,8.750328,-0.9234777
5408,0.08200211,-0.023001857,9.742744,-0.53905964
5409,-0.113447726,-0.010521689,5.9663386,4.5670214
5410,0.061769873,-0.06753703,7.6217294,4.13638
5411,0.10116322,-0.14753701,8.754852,4.8681393
5412,0.22779125,-0.17914046,8.225673,3.4066663
5413,0.12857673,0.17551225,9.034736,-1.4731177
5414,0.10807973,-0.04963792,10.866204,3.6535783
5415,0.08431187,0.15036073,12.2875395,2.123148
5416,0.20045125,0.11646341,10.340955,1.386176
5417,0.14776301,0.046618685,10.377646,-0.7363536
5418,0.07830102,0.053565606,9.325904,2.096854
5419,0.115985215,-0.12244488,9.119661,1.4853215
5420,-0.11630547,0.2155307,9.264607,-0.74727404
5421,-0.073228344,0.13238135,11.857357,1.6721889
5422,-0.032897085,-0.10499026,8.831974,-0.90976375
5423,0.23802975,-0.0932208,8.537603,3.131078
5424,0.0019513145,0.23222545,10.828399,-0.6762215
5425,0.058060326,0.04385799,9.450443,0.24863029
5426,-0.07818361,0.27161008,12.705315,2.5556536
5427,0.2419832,-0.12724583,8.113851,3.574236
5428,0.11908087,-0.12331978,10.443406,1.5727352
5429,0.028987013,-0.105039455,8.847859,-0.9001707
5430,0.14210016,-0.04651813,12.334115,-0.7798655
5431,0.057013713,0.2955966,11.1536455,2.3098514
5432,0.11297071,-0.12878178,11.508315,-0.6402567
5433,0.12760422,0.2216385,9.97346,-0.3217424
5434,-0.0058715492,-0.051013328,12.55334,2.051188
5435,0.014963545,-0.122446835,9.194883,2.9087758
5436,-0.076229334,0.097005874,11.059251,3.9568594
5437,0.041494593,0.31911513,9.639245,-0.72144604
5438,0.1603873,0.064092435,10.238049,0.12261832
5439,0.05205808,0.2527505,12.539453,2.0865622
5440,0.06817611,-0.15116212,7.4747324,2.183668
5441,0.16214652,0.077701434,11.071298,-1.2928609
5442,0.1768097,-0.14491962,8.082725,3.1603553
5443,0.09555943,-0.20107573,7.437198,1.763228
5444,0.19191083,-0.06726654,8.2586355,5.801264
5445,-0.09997404,0.042892627,8.5263195,0.82939816
5446,-0.01840626,-0.13700943,8.088579,1.2372315
5447,0.077054486,0.14608283,9.7125,1.3233595
5448,0.09126252,-0.04303646,10.099869,2.9321449
5449,0.1831564,-0.094999954,8.543791,7.3334036
5450,0.09965053,-0.024840385,8.04143,3.9953594
5451,0.19030634,-0.08116706,9.583896,5.3154173
5452,0.13907148,-0.21376371,6.338403,-0.5719175
5453,0.14616632,-0.12945472,6.299713,1.1753459
5454,0.008686762,-0.064078614,8.895184,0.10498138
5455,0.09335299,0.1822649,12.695059,0.7293661
5456,0.0732947,0.068959996,7.5354714,0.3841234
5457,0.1688081,-0.17212503,9.732775,4.2815046
5458,0.118528664,-0.04521046,10.285511,3.464735
5459,0.06997471,0.1821668,12.837372,5.4642434
5460,0.17606786,-0.009036131,9.420366,0.012091669
5461,-0.038218454,-0.08304003,7.1375065,2.8767908
5462,0.09220776,-0.053402312,8.220939,2.208671
5463,0.1558417,-0.07959642,10.673884,4.551024
5464,-0.05614081,0.1974068,8.421839,-1.0903553
5465,0.18045011,-0.19711414,8.649421,4.606479
5466,0.1270226,0.082180925,8.676191,0.5230482
5467,0.1472037,0.017351674,12.092619,-0.89814025
5468,-0.013701871,0.02529526,12.135028,0.0045774137
5469,0.1451918,-0.12364363,9.630942,1.6327927
5470,0.21050383,-0.09182921,10.575194,5.1229663
5471,0.06853331,0.15452114,11.006002,-0.68278915
5472,0.0017582849,-0.008270175,13.124384,2.984159
5473,0.06695201,0.093470305,10.652458,-0.9630184
5474,-0.0045214817,-0.022329252,12.7757015,3.346542
5475,-0.01613608,-0.07386907,10.054237,-0.3279966
5476,0.027033456,-0.017194621,7.964103,1.6518472
5477,0.17697954,-0.09497774,7.2560625,1.277178
5478,0.10471204,-0.09854174,11.237568,-1.0336933
5479,0.19525473,0.15869662,10.905476,1.6470872
5480,0.20924424,0.02339015,8.492289,7.022834
5481,0.21932864,-0.14031556,8.449241,7.305175
5482,0.027424946,-0.06795702,8.554246,-0.6174114
5483,0.08333786,0.12285507,9.682236,0.53552735
5484,0.14340328,0.14077365,9.402078,-0.99653745
5485,0.1292187,-0.021897595,10.437298,3.8843696
5486,-0.00040608272,-0.11418832,7.726755,-0.9665032
5487,-0.096956864,0.036698036,9.25898,1.8456135
5488,0.24174911,-0.052060686,8.970054,2.3817484
5489,-0.07939246,-0.10218036,8.981387,2.2450702
5490,0.18193701,0.015671981,9.50926,1.0308905
5491,0.09813158,0.109255224,10.27953,-0.76441455
5492,-0.07814313,-0.05430153,10.196954,2.0999048
5493,-0.0020082481,-0.27007458,6.8805704,2.7818727
5494,0.07579853,0.011317087,9.666725,1.9769268
5495,0.18608034,-0.19939116,7.910979,3.5856295
5496,0.028946862,-0.079608,7.1892877,3.4240136
5497,0.07228441,-0.08162511,10.204676,-2.114455
5498,0.13223606,-0.0856058,8.7509365,0.7705142
5499,0.1699982,-0.15261039,7.4855165,1.0263495
5500,0.025248215,-0.21401538,5.429359,0.93213
5501,0.06711043,-0.21150246,7.9755716,3.0766842
5502,0.08439027,-0.078833036,7.635359,2.1642427
5503,0.062018633,-0.19474511,5.8404746,1.3336186
5504,0.10404788,-0.034041636,11.598959,-0.7769809
5505,0.010101251,-0.14266859,7.078323,6.3626738
5506,-0.045247447,0.06138841,13.2898035,4.924716
5507,0.0067859255,-0.09643535,7.080018,6.3922
5508,0.00083789974,0.012898887,9.435746,3.520345
5509,0.049904317,-0.16156942,8.167648,3.0881925
5510,0.032959998,-0.13547617,10.267481,-1.3318168
5511,0.104547724,0.024393251,9.335966,0.48964822
5512,0.06067489,-0.009232737,7.9119782,2.0919683
5513,0.13493292,-0.13404213,8.567784,5.061442
5514,0.19622448,-0.14119004,8.489747,3.5493326
5515,-0.00074317306,-0.12346865,8.43196,-0.6207855
5516,0.00487059,-0.24573052,5.8462763,1.2017512
5517,0.20368627,-0.023124155,9.440839,-0.022931669
5518,0.09623645,0.09053761,10.939784,-0.6608506
5519,0.17743164,-0.07337922,10.129571,2.991128
5520,0.047341026,-0.1769905,7.9179707,2.1942215
5521,0.17747936,0.031199938,10.487957,3.5229962
5522,0.16612548,-0.12088525,9.018305,5.396562
5523,0.028408282,-0.042633362,7.5853834,0.05704536
5524,0.06339593,0.2376808,10.8789215,1.8680716
5525,0.08593848,-0.09473601,6.904055,-0.61270416
5526,0.05527304,-0.1988842,6.999125,1.2251875
5527,-0.027368965,0.040413305,12.156797,-0.02041389
5528,-0.080668315,-0.02109504,8.376551,-0.30143625
5529,0.00530212,0.16752417,10.902937,-0.6561277
5530,0.16637582,-0.1320405,9.174385,3.3357043
5531,-0.030114375,0.018620217,12.709352,5.623444
5532,0.10139944,0.10942988,10.050155,-1.0051004
5533,0.101107806,-0.099112555,11.288244,6.9572225
5534,0.1463635,0.036224894,10.704864,-1.000728
5535,0.22114354,-0.07853613,9.359159,0.40478358
5536,0.18478647,0.20427313,10.48388,1.5219098
5537,0.080685794,0.17886794,10.608209,0.7558519
5538,0.12227662,0.07512154,9.276281,2.4490464
5539,0.20171754,-0.11066276,9.088547,3.3216465
5540,0.108588696,-0.05843942,8.035734,6.788033
5541,0.023655288,0.08487727,12.8490715,0.71741104
5542,0.099129096,0.116297945,10.146023,-0.676193
5543,0.02450551,0.22502428,10.084983,-0.7932593
5544,-0.0671378,0.1759237,8.69427,-0.53170526
5545,0.12673458,0.12733747,10.486243,0.5949957
5546,-0.025446028,-0.1449657,7.7952905,5.072804
5547,0.11241588,-0.19932133,5.915001,0.77555937
5548,0.09233454,-0.12661956,6.9479227,1.3570294
5549,0.07831884,-0.1623371,7.5570393,3.4598522
5550,0.05882109,-0.01292925,9.136579,1.6514748
5551,0.19708794,0.006141426,9.778069,2.6657503
5552,0.026449755,0.11006528,10.064353,2.7842882
5553,0.17935416,0.019634029,12.442499,1.834032
5554,0.18495557,-0.030848477,9.706122,1.5390986
5555,0.20179394,-0.18774241,7.9501686,3.2387216
5556,0.2767494,0.27792838,9.820871,-0.17068475
5557,0.12116894,-0.1147743,7.905531,1.4191971
5558,0.055020563,0.14760524,12.819088,1.5497096
5559,0.16642982,0.0053743925,8.392836,0.7707506
5560,-0.0030250289,-0.20729178,6.9083266,2.9216125
5561,0.01137048,-0.19015563,6.9947767,2.9780054
5562,0.12627372,0.14345059,10.115319,0.07895151
5563,0.09819104,-0.110850945,8.514895,-0.83325034
5564,0.17173895,-0.1340295,9.678961,1.5353327
5565,0.18832414,-0.15741113,6.337855,-0.53711957
5566,0.03163895,0.13871303,13.257336,2.2533777
5567,0.060272455,-0.1847775,13.582363,1.1817847
5568,0.06293934,-0.18431571,13.578703,1.1779803
5569,0.113685995,0.22782157,9.970439,-0.19695759
5570,0.08704378,0.115471944,11.525046,1.1623346
5571,0.072391905,-0.047083274,8.54707,1.6989229
5572,0.124147445,-0.047794193,9.066061,0.835838
5573,0.20879026,-0.11376724,8.394574,5.14208
5574,0.24167272,-0.18718943,8.233622,6.990225
5575,0.12026052,0.12909007,10.351578,-0.10005285
5576,0.028812274,-0.14008409,7.899714,-0.89005333
5577,-0.106574655,0.12947324,8.205099,0.5749482
5578,0.26491505,0.07871643,9.801891,-0.16354126
5579,-0.050873537,-0.16716221,5.8857245,1.2680236
5580,0.049709648,0.08630077,8.661889,-1.0157089
5581,-0.02820855,-0.003979236,13.350505,2.8802752
5582,0.0237539,0.034889735,8.48688,1.609386
5583,-0.056419548,0.10639115,9.485843,2.1240153
5584,0.08566937,-0.04714419,10.41334,-1.5854813
5585,0.17168088,0.031073017,10.344672,5.2818847
5586,0.16014412,-0.20677175,7.247617,1.92037
5587,0.081599794,-0.119664356,6.86178,0.4962666
5588,0.14514185,-0.08346023,7.3264103,2.2530267
5589,0.18252087,-0.143471,8.75961,2.0119784
5590,0.15129556,-0.045738496,6.8462024,0.66307676
5591,0.14932507,-0.22108693,9.048978,4.597451
5592,0.0879906,-0.0144350305,8.219571,-0.9549623
5593,0.14748451,0.098613195,8.576943,7.284467
5594,0.19571733,-0.19707495,8.586047,3.3587008
5595,0.070388004,-0.074407704,6.0986233,1.0350964
5596,0.120011106,0.070481665,7.634552,0.7950256
5597,0.111410975,-0.16437617,8.068622,-0.97842735
5598,-0.0077394918,0.03165105,11.446112,0.5262845
5599,0.11827695,-0.087754294,7.489399,2.7080224
5600,0.07017649,-0.28966895,7.6423993,3.7461162
5601,0.01924429,-0.027381536,9.593319,3.1519172
5602,0.10129589,-0.13287267,11.617148,-0.93667895
5603,-0.021830916,0.03740543,8.72225,0.2904463
5604,0.10180467,-0.15564352,8.240784,2.9503665
5605,0.0056471564,-0.11318903,8.694707,4.0320926
5606,0.053598598,0.03363619,10.076078,2.8392665
5607,0.047813997,-0.16339114,7.841165,-0.95560074
5608,0.09850542,-0.0013324488,8.534476,1.6835093
5609,0.22985587,-0.0102863815,9.046787,2.558599
5610,0.009312741,0.08447896,11.483528,3.5352263
5611,0.119469345,-0.05642897,11.105367,3.2957234
5612,0.15759298,-0.14036983,12.183312,-1.0844762
5613,0.07653762,0.13370512,10.955697,1.5810764
5614,0.026515208,-0.011971956,8.254218,0.4931188
5615,0.1085421,-0.11554481,8.307194,4.9324
5616,-0.08649509,-0.18189347,7.0283675,3.9504151
5617,0.13536118,-0.15097323,8.315822,1.4519242
5618,0.16405848,-0.062404707,10.49202,-1.2041321
5619,0.0491691,-0.13022132,7.9014044,-0.8947156
5620,0.06208381,-0.14517993,7.7363396,-1.0098183
5621,0.1296834,-0.10515623,10.979761,2.0635278
5622,0.06847404,-0.031655222,10.731274,-1.5188807
5623,0.013229296,-0.108391054,7.0739093,2.9733243
5624,0.0047069415,-0.054768622,8.978578,0.16878398
5625,0.17065182,-0.16944563,9.111371,2.9251037
5626,0.15909421,0.17882466,7.757588,-0.033096336
5627,0.054562107,-0.17682105,7.9744973,3.8535528
5628,0.098506525,0.017925283,8.94605,1.8317271
5629,0.23369676,-0.09067997,8.34132,6.7053313
5630,0.113369375,0.08919231,10.169127,0.99304825
5631,0.22501752,0.033334672,10.483588,5.1026216
5632,-0.008962877,0.23125291,12.759755,1.2540967
5633,0.12838374,-0.22959471,7.915085,3.2938643
5634,0.097888276,0.031235112,11.349199,1.5119493
5635,0.11732522,0.18512113,10.934686,-0.69775814
5636,0.11425002,-0.103005126,8.667598,6.404337
5637,0.07045032,0.2100023,10.958077,-0.7093118
5638,0.07552683,-0.00066627376,8.1883,-0.7755646
5639,0.0022520088,-0.020612333,10.993804,0.23973073
5640,0.058249168,-0.07297668,12.4696045,3.7426338
5641,0.14968373,0.12352836,10.292902,1.4629377
5642,0.07622286,0.19663587,10.680014,-0.60028356
5643,0.110896125,-0.005835347,10.405844,4.39549
5644,0.20794204,0.08290255,9.613257,-0.36788446
5645,0.03715659,-0.1586058,6.9134827,1.8413079
5646,-0.012636967,0.14189425,10.599507,-0.37453356
5647,-0.06929115,0.07840719,10.924121,0.15389176
5648,-0.074468,0.0045215525,8.068343,5.763871
5649,0.055040285,0.12755647,10.6642275,0.5374072
5650,0.15113297,0.007204499,11.202876,0.13649736
5651,-0.06384052,-0.1394489,7.739098,3.682392
5652,-0.095467076,-0.18233201,9.782929,-1.0232104
5653,0.06720929,-0.08269244,7.8622437,5.059738
5654,0.20387098,-0.06209962,9.801755,3.2705994
5655,0.017625716,0.11237411,9.773581,0.66894513
5656,0.013651602,-0.16696306,7.9792147,2.4759884
5657,0.11684094,-0.030199807,10.980564,-0.49489635
5658,0.09341404,-0.19094773,8.2562275,7.0216208
5659,0.06299657,-0.19482774,8.69445,6.570772
5660,0.19420666,-0.25644106,8.942814,3.966267
5661,0.15853424,0.07253661,10.392282,1.521288
5662,0.09948069,0.106003225,10.156894,1.1443526
5663,0.027197316,-0.1607337,8.211821,-0.52140427
5664,0.0031201392,-0.08490417,8.244988,1.7650548
5665,0.10857108,-0.08350779,9.783484,2.2805161
5666,0.13857032,0.09596138,8.563155,1.5692322
5667,0.106796294,-0.092427105,11.541479,-1.2715229
5668,0.06998003,-0.023481565,10.155803,2.588286
5669,0.13265651,-0.06125571,8.52657,7.237725
5670,0.08448541,-0.06296153,7.4498115,4.036833
5671,0.20449388,0.12803115,10.806409,0.6637403
5672,0.14293194,0.089904405,10.71444,1.6676474
5673,0.18783635,0.020147903,9.930351,4.4537463
5674,-0.056728773,0.02184561,10.927537,-0.7086038
5675,0.027767763,0.03315728,7.97982,-0.6919375
5676,0.048802525,0.050365776,6.164365,0.6755501
5677,0.082717985,-0.13265023,8.593354,2.164546
5678,0.07038386,-0.13752387,8.667716,3.6983402
5679,0.03310503,0.04497952,12.54728,0.9256402
5680,-0.04481303,0.014211619,7.2871003,2.479612
5681,0.23209909,-0.058946706,10.985446,2.9626617
5682,-0.04779128,0.07241532,13.496077,1.8185807
5683,0.15723921,0.043330386,10.855507,-0.2135068
5684,-0.019377567,-0.033495605,9.798333,0.32447925
5685,0.2040633,0.055250667,10.497692,0.31049645
5686,0.18153137,0.022806069,9.233754,0.15593758
5687,0.06944641,0.03600701,13.007038,1.7600908
5688,0.016860675,-0.011316503,9.160579,0.6477878
5689,0.17516325,-0.110503554,9.026841,0.8430833
5690,0.17257157,-0.069889724,7.61906,0.94510525
5691,0.047014512,0.13896663,9.983736,-0.93054366
5692,0.075986326,-0.00302283,9.10573,0.7609683
5693,0.028619073,-0.034550898,9.26565,-0.67317575
5694,-0.15194848,-0.019146726,7.4429855,2.310545
5695,0.09143582,-0.114257805,7.65172,0.67062676
5696,0.17247805,-0.05178137,9.567958,1.1316969
5697,0.19593985,-0.050826237,6.4669757,-0.4891983
5698,-0.0093646515,-0.11530639,6.063047,0.7462322
5699,-0.07031382,0.16970816,8.271199,-0.9585802
5700,0.22576806,-0.15848307,7.4230585,-0.14718038
5701,-0.021285377,-0.057296507,6.8712535,0.94063634
5702,0.11336842,-0.06896368,11.278609,-1.3739607
5703,0.052351095,-0.114528514,6.889034,0.25604466
5704,0.1191885,-0.1299124,8.328107,2.5612338
5705,0.18425179,0.14249507,10.939221,2.2373016
5706,0.17867118,0.011254327,7.362443,2.150087
5707,0.062653124,-0.06007448,7.3659353,2.0700803
5708,-0.09193617,0.05246166,6.955436,0.9101194
5709,0.19199532,0.12293249,10.0521965,-0.32539368
5710,-0.017200364,0.22781178,10.21843,1.1866841
5711,0.015261047,0.09227833,10.176527,-0.30312544
5712,0.08141133,-0.23213938,6.92601,5.5877914
5713,0.13997257,-0.15424876,10.515531,0.3331539
5714,0.03161221,-0.23960178,8.487307,4.482063
5715,0.069804,0.06344502,10.24318,-0.59485114
5716,0.046420567,-0.04195962,9.31098,3.9735572
5717,0.06807846,0.08046202,13.068712,4.1261654
5718,0.13783339,0.04261773,7.829822,0.89207006
5719,0.16185997,-0.291183,8.433572,6.37094
5720,0.022998296,-0.24043396,7.136132,1.7479243
5721,0.01594593,0.052034184,8.025039,-1.0150698
5722,-0.03513241,0.06981068,7.3123736,0.16956179
5723,-0.08942005,0.08082972,9.12205,-0.56406254
5724,-0.17964698,0.18049932,11.603795,1.5438502
5725,-0.007303972,-0.07746372,7.493528,1.8406247
5726,0.026614793,0.20570803,10.498193,-0.5689054
5727,0.03175255,0.19141588,7.817991,0.28341997
5728,-0.08097703,0.11624713,9.443411,-2.37214
5729,-0.077721305,-0.033221625,11.352354,2.655148
5730,-0.09036518,-0.0060873535,11.392349,2.602964
5731,0.22012007,-0.012149176,9.937671,0.8252491
5732,-0.025994802,-0.12784797,8.546596,-0.83983105
5733,0.26009837,0.02650628,7.3700533,-0.50016636
5734,0.05439858,-0.13720495,8.203834,5.894552
5735,0.028346539,0.048248485,10.005462,-1.4001434
5736,0.22649184,-0.11013368,7.6451554,2.928748
5737,0.03209815,0.07721804,8.765441,-0.3074954
5738,-0.025515947,-0.13912189,10.834746,3.1562405
5739,-0.088578045,0.19716671,9.531218,1.5637859
5740,-0.06095613,0.08961423,8.239172,-0.89060813
5741,-0.03353467,0.108970344,9.781645,1.8563406
5742,0.14999816,-0.19569972,6.001395,0.8111354
5743,-0.056087967,0.026806118,11.350993,2.9496794
5744,-0.07187873,0.040629573,11.603352,2.904422
5745,0.10802747,0.07039865,11.050272,2.2094455
5746,0.13653852,-0.08680813,8.256394,1.7593749
5747,-0.015156016,-0.21117671,7.3445687,5.5715046
5748,0.13770732,-0.17316562,7.681272,5.042239
5749,0.019214924,0.032790206,10.199363,-0.4850841
5750,-0.050053142,-0.26642823,7.2078257,1.3062794
5751,0.0011094362,-0.042693198,8.509649,2.3882406
5752,0.18438828,-0.08161388,9.961073,1.6889012
5753,0.08347699,-0.22422215,8.677638,3.7271905
5754,0.12693115,-0.19396815,6.9547153,1.4390721
5755,0.05691216,-0.0026078261,9.525631,1.6046367
5756,-0.021730108,-0.07591041,7.5583353,3.0053
5757,-0.018840842,-0.18744437,9.683664,-1.082237
5758,0.029127158,-0.11334299,8.98902,1.1525232
5759,0.03188149,-0.028004993,10.29219,2.5854855
5760,-0.117927335,-0.15472725,7.0227895,3.3159575
5761,0.10234974,0.092429176,11.562487,-1.210927
5762,0.08368632,0.08736162,10.737618,-1.1008587
5763,-0.09278368,-0.1271995,9.377487,0.046850458
5764,0.1976653,-0.31232366,7.635414,3.1014798
5765,0.07842799,0.06432824,11.249777,7.0087996
5766,0.14385873,0.046890058,8.789369,2.6137404
5767,0.056836747,-0.09399906,7.5033937,4.75111
5768,0.092766196,0.102495864,8.230394,-0.24253047
5769,0.066817,-0.15299287,8.498986,6.552214
5770,0.11663392,-0.17602068,9.076939,5.114076
5771,0.17193563,-0.1462103,8.453613,7.3705792
5772,0.14014716,-0.07360971,10.918599,-0.89963007
5773,0.15714201,-0.088494115,10.314856,-0.73914057
5774,0.12799011,-0.15497035,9.172285,5.2490177
5775,0.085788,-0.0014602523,10.489355,2.2568662
5776,-0.04173578,-0.020187214,3.9648147,4.6615844
5777,0.048000865,-0.30005005,8.765283,3.4509954
5778,0.03444811,-0.16895513,8.172445,1.49849
5779,0.1253727,0.09174593,10.352485,-1.0109445
5780,-0.105982915,0.02219508,8.30471,0.7378321
5781,0.02973827,0.13248757,11.604874,1.6390176
5782,0.18670654,-0.12618102,8.861125,3.707732
5783,0.07103505,-0.035295725,8.262552,3.9490619
5784,-0.051127065,-0.11135573,7.222727,2.162199
5785,0.06622353,-0.0459942,7.5851426,1.1422505
5786,0.032960705,0.02133497,9.144781,0.8597273
5787,-0.07857272,-0.040442325,8.950588,-0.102560386
5788,0.09208661,0.028371869,7.714296,1.1627707
5789,0.15816623,-0.060938127,8.99683,6.7825527
5790,0.10857844,0.07592077,8.916687,-0.7156677
5791,0.049477383,-0.17837363,7.121635,2.0376356
5792,0.100065514,0.113713115,9.896583,0.15043281
5793,0.09664598,-0.09505796,10.5639515,5.1902776
5794,0.15508257,-0.17674096,8.703737,-0.61081403
5795,-0.117101476,0.10284472,10.401266,2.5866563
5796,0.09627858,-0.19164932,7.6683693,1.5941871
5797,-0.028289456,-0.05791364,8.053399,3.6583948
5798,0.016964246,-0.14663659,7.1031995,2.5269234
5799,0.118342414,-0.059522368,7.388348,0.57089907
5800,0.20012459,-0.041322753,8.384742,7.152412
5801,0.23546919,-0.09305874,8.15836,2.865854
5802,0.025852084,0.06109947,8.236801,0.56261194
5803,0.30187044,-0.038423404,8.177163,2.8136895
5804,0.09388794,0.05627951,9.897415,1.5633165
5805,-0.25706613,0.063700624,7.5861444,2.759096
5806,0.11810173,-0.096656725,8.05711,3.0499456
5807,0.131011,-0.05204244,10.271527,5.342546
5808,0.13616812,-0.08873637,8.828594,3.4984782
5809,0.16000769,0.03299214,10.035363,-1.0883663
5810,0.06988008,0.16830435,10.884871,-0.6585027
5811,0.2038782,0.022318045,7.007692,-0.7258923
5812,-0.013262197,-0.031421877,7.4751987,4.8592534
5813,0.08253986,-0.03560928,12.170548,3.614589
5814,0.182449,-0.13252965,11.95879,-1.166844
5815,0.17349309,-0.026187882,7.064629,-0.86473304
5816,0.11513886,-0.13001424,8.676939,4.063054
5817,0.024246238,0.059064947,13.680511,-0.20182844
5818,0.09512189,0.012649389,13.621096,-0.18557301
5819,-0.051586132,-0.20186374,7.0423107,3.7820592
5820,0.023936138,-0.12461273,7.2826557,5.708453
5821,0.08684877,-0.1678743,8.583519,2.9168124
5822,0.07144017,-0.17141598,7.219569,5.6236897
5823,0.043901145,0.011174107,11.063279,4.22742
5824,0.050879702,-0.01823856,7.1828337,-1.3360385
5825,0.094462246,-0.01046208,9.93756,7.2476854
5826,0.16070965,-0.063398145,10.690079,1.7921021
5827,0.020354308,0.09071325,9.80735,3.1154928
5828,-0.0470409,0.035611406,12.006757,1.8195955
5829,0.048874915,-0.016706187,7.6807275,0.8793072
5830,0.014913645,0.124669746,12.100694,3.261069
5831,0.06698369,-0.13010651,8.095382,1.6461533
5832,0.18963256,0.037537314,10.210449,0.17267293
5833,0.17303067,-0.20249349,9.07776,4.2021427
5834,0.0022738501,-0.118813366,8.363017,7.043796
5835,0.060575172,-0.16790488,7.028985,2.0778959
5836,0.069992445,-0.05219076,11.60956,2.8705108
5837,0.098395035,0.01717726,10.082627,-0.3335834
5838,0.08261724,-0.1685363,7.7763405,-0.37729898
5839,0.051492788,0.014689347,11.088784,-1.3505621
5840,0.16220587,0.0131388735,11.96652,-0.8540383
5841,0.17659019,-0.1855717,7.565062,4.935545
5842,0.07315452,-0.14228338,9.080426,0.5853053
5843,-0.01938992,-0.23036778,6.872179,4.3215055
5844,0.09901139,-0.10750841,9.436379,6.205331
5845,0.017170943,0.15891376,8.336349,-0.96954817
5846,0.15112434,-0.081648394,11.5950575,2.8988364
5847,0.16493145,-0.048752584,9.39741,2.654261
5848,0.16429803,-0.053196438,9.42104,3.2187002
5849,0.1664679,-0.013104433,9.268644,3.1837237
5850,0.14343387,0.08966867,10.043782,1.0440793
5851,0.14746702,-0.15678446,10.427182,4.4074755
5852,0.12704393,-0.107565016,8.425038,7.3259854
5853,0.1124358,-0.028982028,6.245873,0.7796151
5854,0.054531127,0.11640823,10.82734,-1.0708749
5855,0.17832363,-0.018623257,10.80614,-0.6464772
5856,-0.030638447,-0.17001511,7.9889927,3.1964054
5857,0.18103707,0.13414817,10.489324,0.43133944
5858,0.21549892,0.053979367,8.080274,0.401867
5859,-0.050683945,-0.03438409,5.373528,4.927217
5860,0.08330347,-0.022786094,9.554333,6.4043083
5861,0.03412012,0.1319299,8.281026,1.3095475
5862,0.08579619,0.13970798,8.260651,0.39744794
5863,-0.20476547,0.2168693,7.9903893,-0.68096143
5864,-0.27990782,0.31851503,9.472481,2.2313461
5865,0.065742984,-0.0111242775,9.923721,2.897907
5866,0.09070514,-0.09852069,12.730879,2.9894764
5867,0.030690834,-0.045286648,12.717938,3.0961063
5868,0.04016018,0.016518282,12.70052,2.9111216
5869,0.06309961,-0.0020505004,11.255049,2.3141093
5870,-0.03059412,0.19720736,12.565143,2.4215546
5871,0.1706317,0.12880918,11.077789,0.7972654
5872,0.025960103,0.19705275,12.459896,2.65848
5873,-0.11374682,0.28053686,9.585549,-1.2007356
5874,0.15418491,-0.0037760716,9.49084,1.1738223
5875,0.173601,-0.018866263,9.530612,1.208121
5876,-0.08133573,0.07331012,12.567648,2.7226253
5877,-0.113634415,0.27904066,12.115904,0.8899711
5878,0.09005879,-0.013281053,12.790101,2.8478992
5879,0.023067351,-0.07406079,9.659181,-0.2037906
5880,0.0760861,0.06410392,12.644422,2.9117937
5881,0.017232716,-0.005452158,12.607483,2.8515143
5882,0.11745861,0.2129986,10.987354,0.6763
5883,-0.026602015,-0.19077274,8.8096075,6.508008
5884,0.05772169,-0.1299179,8.311509,5.7903214
5885,0.094217286,0.15829939,11.428358,2.4474194
5886,0.012218364,0.2256459,11.438709,2.4992647
5887,0.11188313,0.094153106,11.295993,2.4088972
5888,0.10003209,0.16065773,12.634781,2.7648878
5889,0.25528342,0.025726339,8.549937,6.9065
5890,-0.1950448,0.21984217,7.6676297,2.7095857
5891,-0.10861875,0.24781278,7.727755,2.7191677
5892,-0.21694815,0.2776601,7.683537,2.6788077
5893,-0.04714205,0.15486869,12.668843,2.7446291
5894,0.15760909,0.18036957,12.63716,2.7869728
5895,0.08640835,0.2123869,12.400146,2.6706195
5896,0.020441145,0.050048523,12.668028,2.7662065
5897,0.1328399,-0.028043631,12.299317,2.847615
5898,-0.031431273,0.14973648,10.55818,0.6155016
5899,0.031957217,0.025297424,13.131491,2.8809175
5900,0.011651766,-0.015849262,9.803147,2.3969133
5901,0.10279028,0.1507723,11.161233,-0.1719495
5902,-0.018670224,0.13430583,11.006462,-0.7153007
5903,0.047871746,0.031600915,11.446809,0.42226002
5904,0.055978723,0.07049385,9.176464,-0.67498726
5905,0.008626752,0.23463514,11.614388,0.8440607
5906,-0.008522216,0.10091494,10.975712,0.109688394
5907,0.050642744,0.053155556,11.415546,0.27234522
5908,-0.1128798,0.12400067,13.027083,2.8274822
5909,0.035682403,-0.0028071767,9.114727,3.3242664
5910,0.04232429,-0.025612425,9.430402,3.6716502
5911,-0.121185906,0.22431806,13.077081,2.7402954
5912,0.10523823,0.2906722,12.967348,2.7338958
5913,-0.038678233,0.18111876,13.109841,2.818171
5914,-0.0038987845,0.108658224,12.973246,2.911168
5915,0.21561316,-0.014372565,10.579427,0.8615019
5916,0.25685278,0.060756557,10.647738,0.6618004
5917,0.1988976,0.17012478,10.647918,0.5407568
5918,-0.007233508,0.17675349,11.29301,1.5660406
5919,-0.004106004,0.16994977,10.071298,0.01696347
5920,0.22134805,-0.07760749,6.4427404,-0.5989992
5921,0.111266196,-0.12991957,6.3903203,-0.56882894
5922,0.20037717,-0.018049654,6.384533,-0.537668
5923,0.019655827,-0.012011953,12.874957,3.0484273
5924,0.084581494,-0.041631926,7.669233,4.3992195
5925,0.05638568,-0.026994297,7.826408,4.4400263
5926,-0.053419497,-0.1435405,6.627661,2.0059586
5927,0.0149521455,0.09038737,6.6648583,1.8541887
5928,0.010667894,-0.28826693,6.5845456,2.0277212
5929,-0.044363003,-0.06149745,6.6921043,1.8759907
5930,0.067187846,-0.25949165,7.2627325,1.7562361
5931,0.063037485,-0.14947967,7.3514905,1.7640021
5932,0.015410315,0.048612736,11.077682,0.77102816
5933,0.050605685,0.14764842,10.79388,0.6070229
5934,0.24690089,0.10155581,9.619139,1.1479809
5935,0.049271226,-0.14699519,8.243959,5.6953487
5936,0.057831064,0.087831065,13.260336,2.4958193
5937,-0.06695929,0.048342913,7.621887,0.42739752
5938,0.053127766,0.11116572,7.791079,0.41228536
5939,0.13323224,0.11154851,9.0358715,2.2295344
5940,0.118038,-0.08628403,8.857415,4.07764
5941,0.07948885,0.16529661,10.597384,-0.663769
5942,0.017417505,-0.09084686,12.911532,3.0524957
5943,0.097681314,0.14849369,9.011369,-0.92337734
5944,0.020155929,-0.21310955,7.1570473,1.8058383
5945,0.10649924,-0.0922212,12.902899,2.9622946
5946,0.016288616,-0.041220877,10.885314,-1.9049234
5947,0.075248815,-0.09597722,7.172722,1.9544674
5948,0.06302518,-0.0062026316,7.121951,1.8397663
5949,0.072245024,-0.023894813,7.117374,1.8192803
5950,0.013107572,0.18105978,9.397802,-1.2261645
5951,0.034959055,0.14804044,10.317451,0.79506624
5952,0.04603818,0.009388847,12.453593,1.103925
5953,0.13652484,-0.011286017,7.774542,0.37832206
5954,0.07550309,-0.003612646,7.7892284,0.18077673
5955,0.117669806,-0.07981785,7.757716,0.18497458
5956,0.1040813,-0.0389309,10.765496,5.0656223
5957,0.065961406,0.025115063,10.85811,5.191615
5958,0.15070996,-0.12919107,9.36268,3.8496032
5959,0.113636285,0.14854011,12.99345,2.8442414
5960,-0.06480774,0.07525505,11.207198,5.6285243
5961,-0.046233214,0.09675731,9.61043,0.7433096
5962,0.011622317,0.01199518,9.603356,0.7070822
5963,0.09265235,-0.105509356,6.7108717,1.4388691
5964,0.062695555,-0.12886204,6.7605705,1.3521225
5965,0.22102603,0.22526106,12.724456,2.9275815
5966,0.047440104,-0.13879596,5.729607,3.9174323
5967,-0.24930617,0.18446696,7.952378,2.4089541
5968,-0.044694085,0.09580363,9.416753,-1.5750651
5969,-0.18664394,0.17231746,8.927297,-0.39276427
5970,-0.33273843,0.1590113,6.760667,4.1966457
5971,-0.1861018,0.084795915,10.224495,2.9707818
5972,-0.017767975,0.12391937,8.828291,1.8722749
5973,0.14137354,0.035811327,8.959025,2.2099519
5974,0.0035118498,0.0125053525,8.823302,1.7234102
5975,0.034032613,0.05192533,8.9480715,1.7988257
5976,0.09186931,-0.068482295,7.4720635,1.7455426
5977,0.108109504,-0.18390775,8.023786,2.0814955
5978,0.17990851,-0.037409786,9.022793,2.5029202
5979,0.07315166,0.06302111,11.01977,-0.51152223
5980,0.12023461,-0.10926995,8.669477,4.3786583
5981,-0.06601731,0.21315949,9.057881,0.12521665
5982,0.115302086,0.026679156,9.005472,0.26313174
5983,0.1291763,0.020321699,8.956294,0.24665977
5984,0.15778689,0.015845818,8.883101,0.31936628
5985,0.12672827,0.027517302,8.920894,0.21621783
5986,0.13512355,-0.023351045,8.796885,0.124244116
5987,0.02434726,-0.2520678,6.6127133,2.007822
5988,0.082029514,-0.25022253,6.6645403,2.1025445
5989,0.05040711,-0.18150815,7.017936,2.1050122
5990,0.09362206,-0.15363273,8.458811,1.398119
5991,0.059454918,-0.051980406,10.972794,-0.6215021
5992,0.026595727,-0.3281109,6.46047,2.2399602
5993,-0.04270782,0.081769906,10.167039,-1.5842425
5994,-0.05277594,0.15395297,10.179277,-1.5555841
5995,0.13720113,0.110415146,9.2959795,-0.41590315
5996,0.08060123,-0.10040478,6.4902697,2.2273197
5997,0.0883864,0.20870164,10.905489,-0.2904315
5998,-0.053360946,0.15474683,10.779117,1.5680277
5999,-0.059732933,0.22448616,10.869762,1.2300259
6000,-0.01834857,0.092254095,6.6556363,3.8855827
6001,-0.019018233,0.13550961,9.851337,-0.87271976
6002,-0.022735823,0.18088819,8.289926,-1.0953726
6003,0.15171899,-0.0069409376,6.6418867,3.8481088
6004,0.15820494,-0.13740593,8.413535,4.884989
6005,-0.13528308,-0.014481365,8.099422,2.3767166
6006,-0.06279871,0.11351493,9.187918,-1.8918096
6007,-0.037658047,-0.031184766,8.849847,0.13399129
6008,0.17174365,-0.20305595,7.572138,1.0519689
6009,0.0889595,-0.19304207,7.525162,1.1333236
6010,0.116114005,0.08163217,10.451942,1.1537168
6011,0.134832,0.054168344,10.503518,1.1056772
6012,0.09296563,-0.18334728,6.3746386,-0.5060372
6013,-0.076554,0.22967705,10.576366,0.1574151
6014,-0.19251369,0.27103817,8.506555,1.1466734
6015,-0.009370709,0.08770436,11.210073,1.4855884
6016,0.18287832,-0.12146364,8.557341,3.0161827
6017,0.04728636,0.038224563,10.181858,3.393036
6018,-0.09159844,0.11228882,8.267868,0.5392075
6019,0.10788256,0.028646922,10.140141,3.3351128
6020,0.1292707,0.05592347,10.202507,3.3203156
6021,0.083756104,0.11357002,10.65753,1.2159239
6022,0.060157448,0.11731602,11.775887,2.171352
6023,0.051751405,0.104915485,11.924178,2.4341972
6024,0.1178717,-0.076357186,10.021248,2.8255427
6025,0.070478655,0.13740951,10.082233,2.832952
6026,0.14302287,-0.10580026,9.947419,2.7807717
6027,-0.03379254,-0.17354117,9.127962,0.88824517
6028,0.08430503,-0.15650569,9.327707,1.1303846
6029,0.17284675,-0.02174295,9.568249,0.7447561
6030,0.08467306,-0.067514576,8.340088,0.45549566
6031,0.12874067,-0.106045924,8.325725,0.49387664
6032,0.14702472,-0.08744586,8.389368,0.39420742
6033,0.10355766,0.15690488,7.369453,-0.2132132
6034,0.02591722,0.22493042,7.30252,-0.20904584
6035,0.07676298,-0.11200512,7.547911,5.6334004
6036,0.08953187,-0.13026756,7.6120315,5.5360847
6037,0.0010813773,0.24066943,12.597354,0.9202788
6038,0.003302358,0.067409605,10.84641,7.214734
6039,-0.0021995716,-0.19554245,6.8405414,1.1723626
6040,0.13259052,-0.10403666,6.790114,1.1170627
6041,-0.013127029,0.028694512,8.949688,-0.46935573
6042,0.12526703,0.126758,12.485757,2.545277
6043,0.10405812,-0.15592438,7.0568075,6.4550185
6044,0.24088481,0.08605207,10.099348,1.4358435
6045,0.08786376,0.24534953,13.093827,2.6905525
6046,0.035897456,0.12170452,10.084624,2.3137965
6047,-0.13734117,0.14371727,7.918485,4.763334
6048,0.045401037,-0.02048192,12.255543,1.1936051
6049,0.10938245,-0.14871888,6.8283234,1.0694317
6050,0.13970368,-0.013353024,8.67192,2.6514883
6051,0.019941948,0.12784435,12.225172,0.16654953
6052,0.09276757,0.21717027,11.376708,3.2677073
6053,-0.043038353,-0.12551886,5.716205,1.0559206
6054,0.06328975,-0.00044812262,5.687573,0.9770286
6055,-0.06520203,0.0796475,11.947202,1.1583728
6056,-0.040105786,0.23348507,9.828155,-0.9779541
6057,0.07287805,-0.16397682,12.564364,5.462042
6058,-0.014590725,0.13850787,9.86671,-0.7159715
6059,-0.0752413,0.29982808,9.508721,-1.5147296
6060,-0.06452102,0.3227115,9.497675,-1.5501285
6061,0.09261796,-0.06951485,10.188418,2.886902
6062,0.021004722,0.02973056,13.681859,-0.20294742
6063,0.13710257,-0.06590562,10.166275,2.8838623
6064,0.18386672,-0.16093872,7.4494495,1.0796739
6065,0.08494481,0.04863152,7.8872714,0.6104295
6066,0.18206973,0.11919868,12.537254,2.896488
6067,0.15258922,-0.17714325,8.253879,2.0383484
6068,0.0533707,0.14659703,11.113746,1.6907793
6069,-0.004399009,-0.028263737,9.122817,0.62516636
6070,0.004995115,0.094696075,12.3877535,1.1314386
6071,-0.05601448,0.21265636,10.895922,-0.98168224
6072,-0.069767036,0.20687926,10.941563,-1.0581179
6073,-0.008664437,0.18553168,10.91911,-0.9877819
6074,-0.0676895,0.025921168,5.6185017,1.5823952
6075,-0.112209074,-0.048226852,6.0829926,3.5382154
6076,-0.0017138645,-0.13700248,7.045653,2.8062143
6077,0.059733838,-0.0070231548,7.1157064,2.6840131
6078,-0.019116767,-0.07083089,7.189874,2.8642876
6079,0.11567649,-0.11514353,11.406707,5.7228246
6080,-0.074573815,0.25667226,10.904584,1.5532727
6081,0.17531562,-0.06837943,11.410722,5.8001366
6082,0.11280911,-0.17699447,11.368795,6.1535783
6083,0.07526593,-0.17833115,7.0828176,6.446527
6084,0.106895804,-0.13517402,7.0720263,6.461502
6085,0.0337765,-0.21381912,7.1100564,6.419474
6086,0.033251107,-0.019062687,12.376793,0.5499551
6087,0.04968658,-0.028023014,10.697771,5.735524
6088,-0.018022005,0.04045628,12.451843,0.45258075
6089,0.21594357,-0.06011632,9.667658,6.2321687
6090,0.11046979,-0.122371495,10.192789,-1.4213239
6091,0.09553297,-0.20297956,8.640706,0.61983174
6092,0.17016262,-0.16703403,8.602909,0.4929951
6093,0.21096897,-0.05298437,9.617055,5.168243
6094,-0.047549225,-0.13222481,10.218578,-1.5261732
6095,0.014639854,0.15200785,10.776155,-1.119247
6096,0.12544292,0.005395338,10.37026,2.614733
6097,0.010076713,-0.096137255,8.982394,2.6967878
6098,-0.008210747,0.17986698,11.826822,1.2926068
6099,0.118451774,-0.018588897,11.809201,2.706785
6100,-0.038199686,0.010592919,7.99934,0.029483296
6101,0.11221957,-0.018839141,8.221725,1.7510018
6102,-0.037602976,-0.1394179,5.6937823,1.0812347
6103,0.020977996,-0.079836175,5.8268743,1.0671128
6104,0.053235598,-0.10257111,5.9003615,1.0627486
6105,-0.050288886,-4.0223822e-05,8.205701,-0.9344237
6106,-0.04525943,-0.08135292,9.580794,-0.2623052
6107,-0.015609633,0.11018312,8.217229,-0.8239894
6108,0.19583878,-0.14094257,9.833036,4.7036366
6109,0.028770924,-0.0697477,8.381462,1.8198718
6110,-0.014575146,0.1541203,11.169501,-0.7081218
6111,-0.11747212,0.05806967,9.624683,2.0910485
6112,-0.057805903,-0.044999942,6.5432863,3.48122
6113,-0.009660184,-0.26568878,8.540211,2.2653425
6114,0.100476116,0.12614188,13.039899,2.6452768
6115,0.044804744,-0.16615753,8.214603,3.001694
6116,0.079149574,-0.13920587,8.073067,2.6963203
6117,-0.110461,0.0005577393,10.5375185,-0.53091615
6118,0.12795727,0.07959862,8.914051,0.082454056
6119,-0.007825147,0.049873464,8.893649,0.07925798
6120,0.09954734,-0.098202236,11.048018,4.9756866
6121,0.04018479,0.22638306,10.944183,-0.75771195
6122,0.06971814,-0.16915375,8.61455,5.8116527
6123,0.08448154,0.22713469,11.02049,1.5867747
6124,0.14837308,-0.1278498,6.3612714,-0.58384967
6125,0.082125664,0.10326634,12.5514765,2.7772229
6126,0.17452815,-0.07655939,9.435971,1.0806264
6127,0.06681779,0.06315127,12.550085,3.4164863
6128,0.06935872,-0.036152255,11.421945,0.24970767
6129,0.039316155,0.024619149,10.227996,1.0790378
6130,0.09556356,0.050378174,11.039014,-0.31907305
6131,0.08991139,0.13394576,7.428733,0.3001432
6132,0.12366554,0.067546375,7.5014095,0.21829723
6133,-0.017282113,0.34215555,10.869289,-0.7342537
6134,0.015665606,0.09408144,13.061895,2.833465
6135,0.06250637,-0.06795764,11.007562,2.9768834
6136,0.20769697,0.010652857,13.209458,2.8084292
6137,0.04628232,0.13850738,13.10758,2.8664186
6138,0.09378095,0.097848535,13.072428,2.8794224
6139,0.13556741,0.04337115,12.959564,3.1377594
6140,0.01800828,0.03528194,8.013598,6.722966
6141,0.16480352,-0.01656209,8.55985,2.095539
6142,0.17051107,0.07182292,10.140769,4.6326294
6143,0.012602907,-0.2132892,11.715807,-1.2102456
6144,0.026728533,0.036570378,8.39809,5.24666
6145,0.05985815,0.11351463,12.270213,3.5340483
6146,-0.048593532,0.055061407,12.083165,3.5136082
6147,0.096340165,0.01640019,10.514858,3.9597547
6148,-0.014375769,0.048394598,12.944512,3.7440908
6149,0.063887745,0.17478848,11.127247,0.95199126
6150,0.20174553,0.009082301,8.570475,-0.7375233
6151,0.13785315,-0.0048650317,8.624507,-0.69069064
6152,0.22825149,-0.035325445,8.62911,-0.7239093
6153,0.2047282,0.067913435,8.601892,-0.70189124
6154,0.11420451,0.043316334,7.541148,0.9666272
6155,0.2617685,0.044705324,10.724433,3.8304622
6156,0.18659803,-0.035841744,10.5128,4.4068313
6157,0.12504005,-0.09058095,9.877165,3.5115662
6158,0.1696113,-0.030756433,9.926514,3.5040896
6159,0.18251348,-0.061114274,9.846557,3.5301113
6160,0.056655683,-0.13085331,7.5636067,4.098471
6161,0.05107054,-0.1495881,7.6613717,4.069162
6162,0.03348816,-0.08974801,7.622473,4.1096272
6163,0.13143021,0.027579097,11.234671,2.6426609
6164,0.070283286,0.2578546,9.918278,1.1474725
6165,-0.0029327646,-0.043299906,10.985311,2.2034402
6166,0.07525041,0.18587035,11.667264,1.5186511
6167,0.034745052,-0.10310015,8.208567,4.9519334
6168,0.021554567,-0.09729525,8.257706,4.9738817
6169,0.07957299,0.14898951,11.664287,1.5542307
6170,0.20525996,-0.04605434,9.998357,5.3885684
6171,0.08356208,0.34666726,11.823585,1.5532169
6172,0.13622086,0.036842212,11.303104,3.6574042
6173,-0.017971847,0.14426221,11.519802,2.4705496
6174,0.030453943,0.14751905,11.548893,2.4583063
6175,-0.06812493,-0.027681416,9.651314,1.4389433
6176,-0.111889854,-0.069780484,6.038154,0.7381905
6177,-0.0069074705,-0.075673506,9.347371,1.1332617
6178,0.0150344595,-0.060323797,13.670679,-0.18735512
6179,0.12741622,-0.2016454,12.587125,5.18721
6180,0.11551495,0.09282835,10.9649935,0.6931225
6181,0.1324389,0.18984658,9.712488,1.7874736
6182,0.1396586,0.03421458,9.720233,1.8361465
6183,0.04912702,-0.029600745,9.600181,0.47461227
6184,0.096375465,-0.015533313,8.770554,-0.31930432
6185,0.09913413,-0.08261492,8.729729,-0.33372116
6186,0.0775637,-0.023596134,8.755214,-0.33135128
6187,0.13949403,0.1228475,10.606258,2.1990395
6188,0.088543326,0.12934175,11.352307,4.1072116
6189,0.23982301,0.11457315,11.347316,4.0638256
6190,0.12960297,-0.08977038,11.394281,4.1365786
6191,0.20155375,-0.060878642,11.265005,4.2937284
6192,0.109052554,-0.008761471,9.733101,1.2911121
6193,0.29399058,-0.020891044,10.067276,3.9900985
6194,0.07948399,-0.035951044,10.443824,2.793387
6195,0.08611533,-0.08343796,10.890788,4.8733144
6196,0.09661879,0.03361637,10.906481,4.278693
6197,0.017819803,0.29769185,10.665309,1.7825563
6198,0.14266668,0.096232206,11.172488,5.304705
6199,0.09840843,-0.07691635,11.372832,4.1103363
6200,0.09069632,0.14024234,11.724627,1.462246
6201,0.0679498,0.12808062,11.738665,1.3909178
6202,-0.06426776,0.08381697,11.013952,-0.5780128
6203,0.016771253,-0.27183208,8.168273,5.339627
6204,-0.018687509,0.03006162,8.453705,2.4070911
6205,0.02799026,0.28925827,11.972663,2.2979624
6206,0.036267564,0.054763265,11.86086,3.2392843
6207,0.1593549,0.112888426,11.815513,3.0851302
6208,-0.041166943,0.14454597,11.991058,0.8171025
6209,-0.036311217,0.16222347,12.208174,2.9097118
6210,0.031472236,0.17395163,11.843858,2.98905
6211,0.0485927,0.037894763,12.284409,2.7874324
6212,0.23451379,-0.067542635,8.534836,3.3194592
6213,0.02491863,0.1299794,10.995537,-0.58583194
6214,0.047162585,0.1881674,9.485842,-1.0990238
6215,-0.01567398,-0.035061076,9.23086,2.6591368
6216,0.20272173,0.025858222,9.536448,2.8186336
6217,0.091332465,-0.12500648,9.098837,2.578254
6218,0.08847084,-0.10985858,9.234852,2.6108365
6219,0.072366565,0.16059652,11.933181,2.8148632
6220,0.15712321,-0.07653737,10.004293,4.5466957
6221,0.21472761,-0.1805093,9.591055,5.285438
6222,0.2051504,-0.1477584,9.547665,5.3147535
6223,0.1770891,-0.24472722,7.4798923,2.630011
6224,-0.073738724,-0.12495057,6.734087,0.0822105
6225,0.022899475,-0.11519226,6.7130957,0.14568418
6226,0.031067863,-0.16213065,10.915366,2.966623
6227,0.052196383,0.0068404526,7.942637,2.8140762
6228,0.16064231,-0.0058875363,7.973845,-0.48417285
6229,0.13923529,-0.10015939,7.909209,-0.42834145
6230,0.026757069,0.02817235,10.588407,1.0573747
6231,0.052746423,-0.033349693,11.3895445,0.49122515
6232,0.10016455,0.02854566,10.414728,1.028646
6233,0.002072446,0.24585226,12.514807,2.6605403
6234,0.13038802,0.029179348,12.465467,2.61609
6235,-0.006915521,-0.12432715,7.018143,2.2139535
6236,0.005852878,-0.023044655,8.238498,0.54377264
6237,-0.07159649,-0.028184563,6.9700313,2.4605577
6238,0.019588154,0.13778321,12.66446,2.7459342
6239,0.059095725,0.04971665,10.583272,-0.33458444
6240,-0.2012625,-0.03904029,8.47122,0.39565125
6241,0.057976052,-0.18738791,7.5694804,1.5397346
6242,0.035627156,0.00025635958,11.261255,-0.96943
6243,0.020006604,-0.06735403,11.203324,-1.0389123
6244,0.099831164,-0.032118134,12.026922,2.735768
6245,0.24153787,-0.12944934,9.685171,6.6090665
6246,0.15628526,-0.16752298,9.6693325,6.6057024
6247,0.028327197,-0.028624415,11.991792,2.2888713
6248,0.08516982,-0.14883183,8.654,4.740454
6249,0.29380298,-0.13547315,10.040694,3.872103
6250,0.29176757,-0.12964363,10.099445,3.8973582
6251,0.16059741,0.05601473,10.249565,3.5997813
6252,0.17807916,0.03329567,10.14238,3.4212723
6253,0.19354793,-0.16116431,8.391392,3.2664266
6254,0.085206985,-0.13500927,8.162365,3.3318162
6255,0.17926711,-0.15202323,8.312906,3.26869
6256,0.15503001,0.10390203,10.70103,1.480797
6257,0.06163031,0.05103925,7.3070374,5.880549
6258,0.070347354,-0.027050516,8.4468565,7.2920213
6259,-0.0632938,0.22941911,9.599683,-0.9468817
6260,0.029171951,0.1935609,9.738826,-0.9383873
6261,0.023483872,0.15698034,9.544314,-1.2722676
6262,0.07504444,0.18736675,9.470974,-1.4348664
6263,0.02218695,0.07902558,9.456102,-1.4305556
6264,0.07276687,0.06152471,10.1735325,3.506772
6265,0.19288102,0.04580214,7.3869133,0.9910196
6266,0.13239872,0.051970325,7.418551,1.1226338
6267,0.06944586,-0.01742901,5.9471188,5.3843336
6268,0.065874875,-0.017542584,11.08648,6.129992
6269,0.12641357,-0.19591635,8.371704,1.516443
6270,0.1520432,-0.06399434,11.345919,6.0636053
6271,0.03429182,-0.24183223,7.278039,4.1309366
6272,-0.047321178,0.13406469,6.239653,0.9094098
6273,0.029008746,-0.13212165,7.863328,2.7073221
6274,0.091940835,-0.18726353,7.9009414,2.6672795
6275,0.08516821,-0.22931162,7.8664756,2.761071
6276,0.043536082,-0.21660256,7.9194026,2.6950388
6277,-0.0026301518,-0.12652147,8.154453,2.7194076
6278,0.057936683,-0.13243791,6.7733345,2.367155
6279,-0.054413296,-0.20161924,6.687351,2.3832633
6280,-0.027654197,0.26417017,9.995627,-0.8700629
6281,-0.08319052,0.00471914,8.280983,-0.02940047
6282,0.047012918,-0.204046,6.7035613,2.3086169
6283,0.017243803,-0.17669128,6.714571,2.3843172
6284,-0.060255587,-0.19222027,6.772373,2.4274485
6285,0.18490048,-0.0015155654,12.265344,2.8199365
6286,0.23412314,-0.03042029,9.173364,3.438412
6287,0.13695335,0.07304964,7.2989616,2.101131
6288,0.25337252,0.09938639,9.927274,4.2858677
6289,0.09516308,0.1280423,9.06449,3.4136276
6290,0.2210994,-0.049331732,9.842752,3.9011824
6291,0.2734944,0.036497213,8.925643,2.8462024
6292,0.1527571,-0.07379035,9.244987,3.43742
6293,0.29446077,-0.12985036,9.136455,3.4718175
6294,0.2487944,-0.13810696,9.247555,3.5993955
6295,-0.03351946,-0.08068329,12.4751,3.293923
6296,0.14864217,0.08704265,12.417556,2.6309202
6297,-0.014676534,-0.017355833,12.496711,2.5570567
6298,0.12809052,-0.04937668,10.876339,5.0979505
6299,0.08558047,-0.19236113,9.005738,6.465533
6300,0.20742495,-0.11394845,8.479302,7.1740007
6301,-0.048815392,0.100182995,10.926075,-0.68425
6302,-0.120322734,-0.105626844,8.817855,2.079669
6303,0.018494971,-0.018132305,8.809351,-0.39988023
6304,0.041033827,-0.03689158,8.7827635,-0.36480594
6305,-0.029148176,-0.08955028,5.3406625,4.9179444
6306,0.21250264,0.06997992,9.581162,-0.06290371
6307,0.18810737,-0.035096303,6.984342,0.3178397
6308,0.08535749,0.06029281,12.437144,2.6144412
6309,0.12945938,0.07118391,12.588786,2.6480448
6310,-0.031564765,0.08217969,8.317039,-0.13415071
6311,0.08875625,0.16685267,9.848974,-0.70504403
6312,0.06895288,0.15753159,10.0146675,-0.78360975
6313,0.083852306,-0.011891028,7.8464494,-0.4388996
6314,0.15583313,0.079339504,8.381643,-0.632343
6315,0.1661514,0.2469916,12.916476,2.5161808
6316,0.21150069,-0.13477962,6.7084765,-0.11152726
6317,0.030437216,-0.15952112,8.008285,0.5270256
6318,0.13718069,-0.13003485,7.6857843,1.0374404
6319,0.031149983,-0.01430533,8.032431,0.76173025
6320,0.06363469,-0.13952821,7.9626703,0.70617795
6321,0.225056,-0.08625947,8.799185,1.613063
6322,0.15363327,-0.116296835,8.3862505,2.256044
6323,0.06888639,0.08581953,12.713668,2.7255158
6324,0.06051892,0.083262175,10.363404,-0.7418463
6325,0.032332942,0.12504323,10.335469,-0.79805195
6326,0.009854522,0.16593575,10.420158,-0.8176878
6327,0.08755807,0.08396129,12.136204,0.001892206
6328,0.11479738,-0.100734055,9.637645,5.190143
6329,0.12562114,0.21288726,9.913483,0.9289143
6330,0.16989598,0.10992545,11.325048,0.13447443
6331,0.035542697,0.20474821,11.655073,0.32076737
6332,0.0010661148,-0.07041964,5.3883157,0.83733505
6333,0.16485715,-0.13584654,9.740461,5.0862956
6334,0.05343192,-0.08775359,10.53052,5.6042953
6335,0.20411782,-0.08601369,11.490055,5.7938037
6336,0.22673312,-0.0675797,11.522664,5.810515
6337,-0.02797731,0.111854255,13.160043,2.9595199
6338,0.061233044,0.21987861,11.013878,1.8207076
6339,0.018382177,0.12560262,11.335908,3.2881393
6340,0.08705681,-0.18645363,7.540927,3.3510313
6341,0.088170454,-0.13732964,7.5829935,3.7474973
6342,0.12996335,-0.10494002,7.4490314,3.471279
6343,-0.038301528,-0.049282625,10.072188,1.7575428
6344,5.628541e-05,0.040499426,10.112318,1.820034
6345,-0.033642843,0.047159746,9.961297,1.7182187
6346,0.100585654,0.0016724262,7.5183697,0.42888033
6347,0.097825736,-0.0071540736,7.5545645,0.45945334
6348,0.046228677,-0.054237008,7.5052385,0.27154192
6349,-0.0800339,-0.17534989,6.392393,-0.50041425
6350,-0.15998967,-0.044912167,6.4253197,-0.57228
6351,-0.14878705,-0.06892094,6.5292535,-0.5715616
6352,0.09315461,-0.18230505,6.332994,-0.53720963
6353,-0.02688354,-0.14391446,6.348343,-0.5305085
6354,0.12001738,-0.1484508,8.212707,1.9979262
6355,0.047458194,-0.13787487,6.347372,-0.55199075
6356,0.015647396,0.063835435,5.7605205,2.766222
6357,-0.11450505,0.14947237,5.7015924,2.7404017
6358,0.003501784,0.11273408,13.041731,3.2647178
6359,-0.020729624,0.14217955,9.575538,-0.48469457
6360,0.09337439,-0.16661553,8.141769,4.226754
6361,0.03903562,0.010199724,10.316029,0.7977781
6362,0.13151488,0.04741452,10.485796,1.074592
6363,0.14084795,0.09213762,10.518605,1.0088669
6364,0.16672401,-0.14913204,7.4704366,6.087226
6365,0.23652354,0.1209677,8.302731,-0.18908896
6366,0.19597071,-0.085800566,9.391099,1.5216804
6367,0.123575866,0.26098108,8.259996,-0.22088298
6368,0.20751964,0.093654305,12.34218,3.2435205
6369,0.25892726,0.023066616,8.982514,2.3762372
6370,0.14116505,-0.15819994,9.18817,3.6370122
6371,0.1889705,0.033651836,9.328206,3.7105975
6372,0.21702221,-0.054890476,12.673896,3.1999445
6373,0.086917296,0.1951697,12.856916,2.641362
6374,0.10158852,0.021791471,8.500962,7.285929
6375,0.101781204,-0.011523837,9.9936495,-0.00011939088
6376,0.17534477,0.12782925,9.984983,-0.15789565
6377,0.15768878,0.17802249,7.6710134,0.91449374
6378,0.22728118,0.09062563,8.254026,0.89003766
6379,0.14701395,0.036998793,8.081185,2.4154885
6380,0.13004501,-0.056724973,8.324087,3.1206455
6381,0.14885558,-0.11803867,7.7769284,4.4028134
6382,0.06896655,-0.07525875,8.3305235,3.1023164
6383,0.12947924,-0.10779234,8.315376,2.9992933
6384,0.10077663,0.1300397,8.032497,1.288826
6385,0.08038984,-0.059766605,12.546686,5.4372635
6386,0.102100596,-0.16880226,7.8777995,2.1970537
6387,0.119733304,-0.083767325,12.401472,2.8669643
6388,0.088878766,-0.07053122,12.328233,3.0379386
6389,0.082529366,-0.030793441,11.386492,-0.74706185
6390,0.06876793,-0.07772102,11.418755,-0.62921447
6391,0.0023379475,0.26241827,11.760629,1.2564499
6392,0.15976459,-0.111283906,8.629759,3.0578732
6393,-0.10741976,0.2708231,9.403142,1.5418825
6394,-0.037300896,0.17724422,9.358867,1.5344113
6395,-0.14483063,0.21875283,9.366558,1.5731328
6396,-0.044680003,0.010358283,6.183808,0.9287704
6397,0.09804511,-0.045958422,11.848232,5.3522134
6398,0.0728998,0.042736657,8.971269,-1.1482822
6399,0.035052642,0.10096862,10.254,0.5456476
6400,0.18441917,0.16405559,10.307109,0.771167
6401,-0.11093863,-0.064290375,7.179606,3.6691918
6402,0.050956726,0.1301862,12.052885,1.2864426
6403,0.08346577,-0.08499128,9.344291,4.939942
6404,0.1128446,-0.14977737,7.6192327,5.043516
6405,-0.0016243085,-0.12516797,6.3710546,-0.8002173
6406,-0.0797067,-0.14230251,6.60192,3.7654552
6407,-0.052609377,-0.034776665,8.180943,4.2352624
6408,-0.03942735,-0.10559036,8.960429,4.797518
6409,-0.16373742,0.22965899,9.972295,-0.9461031
6410,-0.16883293,-0.103322506,6.731265,3.5630982
6411,-0.09307811,-0.13213831,6.732355,3.616858
6412,-0.016232472,-0.07564863,8.423103,3.2048194
6413,0.07150137,-0.08402756,6.4860773,3.8178036
6414,-0.15432338,-0.17158303,7.0182576,3.4322264
6415,0.17538196,-0.06618773,10.805405,4.8647723
6416,0.0011987761,0.06964935,10.080227,1.6250768
6417,0.19385806,0.11000241,10.556307,-0.27268216
6418,-0.016714063,-0.041123502,8.424631,3.4344606
6419,-0.07846156,0.060344413,8.378769,3.0227818
6420,-0.004541479,-0.0073905233,8.462473,3.4416795
6421,0.1051223,-0.0008636359,11.947674,3.3545766
6422,0.03890471,-0.14351365,6.2765646,5.7077813
6423,-0.07680777,-0.06768307,6.3989115,5.594948
6424,0.09055832,-0.16319886,11.334218,4.5120993
6425,0.069316335,-0.112147406,7.8992887,0.78723395
6426,0.19588882,-0.13414323,9.615125,5.603467
6427,-0.10183246,0.07088266,8.274985,-0.8770993
6428,0.070225604,-0.010312276,11.94333,4.2020907
6429,0.026792087,0.02068737,10.593225,2.5831728
6430,-0.055433232,-0.100447506,7.9713492,4.111396
6431,0.030571572,0.04128304,11.1837635,5.503044
6432,0.0127458535,-0.20034231,9.127047,5.0783806
6433,0.015233442,-0.0065777367,8.3348875,4.3048863
6434,-0.015980572,0.12782027,11.159132,-0.7111013
6435,-0.042205323,-0.13474527,9.064675,6.621048
6436,-0.018800264,0.03419131,9.903963,4.9712276
6437,0.19933723,-0.0122941155,8.965515,3.3574338
6438,0.036343053,-0.08734324,9.978643,6.715934
6439,-0.03945346,0.31104124,11.379572,1.4701526
6440,-0.014373571,0.059467226,8.769664,-0.40551287
6441,0.060870044,-0.088462725,9.320481,2.336649
6442,0.07917698,0.02135486,9.197495,2.284485
6443,0.003556542,-0.13981959,8.819752,3.8051157
6444,0.11507532,0.003471516,9.737715,0.51404697
6445,0.13688052,-0.1648936,10.275189,-1.1017088
6446,-0.0043522716,0.088379785,10.037422,-0.9194687
6447,0.16150129,-0.09798409,10.355478,5.2839813
6448,0.08350115,-0.087111145,8.844875,3.7813892
6449,0.10063037,-0.16028534,10.389929,6.5182858
6450,-0.012319485,-0.01832824,6.2254434,5.593599
6451,0.11523971,-0.17961165,5.8419127,3.148134
6452,0.02816856,-0.06905329,8.648272,1.2989212
6453,-0.039800636,0.10974611,9.437358,-1.6604004
6454,-0.051537164,0.19941981,9.513096,-1.4416562
6455,-0.049502626,0.12693529,9.93772,1.7071842
6456,-0.064320885,0.09354508,12.497185,6.148909
6457,-0.22604719,0.05321464,7.2825456,3.076302
6458,-0.22648598,0.18853605,11.99204,1.2202284
6459,-0.13316658,0.0838962,11.069368,3.590244
6460,-0.03974209,-0.042672403,7.6241107,2.0626483
6461,-0.21900123,0.23066068,9.003333,-0.15033191
6462,-0.34743193,-0.010731736,6.748369,3.732195
6463,-0.110113285,-0.19318366,6.4773545,1.9001741
6464,-0.009792522,0.009568108,6.83719,0.19950296
6465,-0.21687919,0.08934332,6.491959,2.7495768
6466,-0.22101855,0.01997774,6.296129,4.4239006
6467,0.17552242,-0.08981052,9.969697,5.4365063
6468,0.12713388,-0.03231431,9.949697,5.3535414
6469,0.019055419,-0.11761932,9.22633,4.6971846
6470,-0.0066900607,-0.12750985,6.6267347,2.245141
6471,-0.03691784,-0.03971471,9.928014,-0.8509639
6472,-0.13892177,-0.020317636,7.2791543,3.3364937
6473,0.028158888,0.11297843,10.949467,-1.1299281
6474,-0.13685647,0.20152652,11.286911,1.3146733
6475,-0.046117306,-0.024429243,8.237118,1.1995718
6476,-0.05359151,0.058151983,8.391759,1.1778405
6477,0.18700185,0.055736654,10.528209,1.435106
6478,-0.00835616,-0.021264318,6.372131,5.663517
6479,-0.028970346,0.014869677,7.4501295,0.39235246
6480,-0.14043342,0.16091329,7.6906343,-2.0259688
6481,-0.0673218,0.18544477,10.284272,0.69850063
6482,0.04302322,0.07261771,7.4635525,0.4558181
6483,-0.045306716,-0.15348911,9.433272,5.09744
6484,0.008430481,-0.11109433,10.087984,5.6852207
6485,0.062306292,-0.118452385,10.37626,5.374013
6486,0.052889317,-0.059546255,10.129888,5.656733
6487,0.13389732,-0.10871087,10.337477,5.2539177
6488,0.09253658,-0.0987355,10.524039,5.328179
6489,-0.05151896,0.027226744,9.064058,0.799551
6490,-0.075610556,-0.04319783,8.660835,-0.34151608
6491,-0.028801722,-0.074764855,7.822164,1.5049107
6492,-0.021260671,-0.079888344,7.847697,1.4845096
6493,0.08095692,-0.019847464,7.870433,1.4623901
6494,0.05635707,0.025659809,12.487499,3.4558685
6495,0.004237715,0.04539185,7.742072,1.5607451
6496,-0.09598458,0.22082397,10.449609,1.7362927
6497,0.023593053,0.27841845,10.509697,1.7271835
6498,0.058185138,0.2261034,10.517037,1.8297973
6499,0.12595865,0.087391205,10.533692,1.8729014
6500,0.12717462,0.09457426,10.349064,1.8337011
6501,-0.09156835,-0.07588817,6.1754894,3.7827291
6502,0.11877468,0.10449535,10.515855,1.0123274
6503,-0.020623509,-0.12725636,7.2409935,5.648593
6504,-0.010517098,0.02999925,11.970706,3.0974138
6505,0.09853898,0.16568884,10.787131,1.0739573
6506,0.10438633,0.18079905,10.847448,1.1830331
6507,-0.046300836,0.10069865,10.655108,0.42799178
6508,0.087563366,0.1924859,10.602462,0.5427217
6509,0.012458257,0.1466833,10.72073,0.6069256
6510,0.020924062,0.28343293,12.15611,1.8083
6511,-0.04702773,0.31834522,7.7572207,0.151634
6512,0.12915367,-0.035970695,10.819136,5.4924536
6513,0.109381124,0.21241097,11.192506,1.7307614
6514,0.030604497,-0.013871652,8.228804,4.927119
6515,0.14604503,-0.018931126,8.292626,5.018964
6516,0.12628806,-0.13636653,8.029904,3.9110286
6517,0.14631444,-0.23780787,7.9189897,4.5281367
6518,0.04290331,-0.15493064,7.52923,4.3966517
6519,-0.013374388,0.09646608,13.061728,3.0635042
6520,-0.002114281,0.09783888,13.033707,3.100753
6521,0.12727289,-0.05926884,8.201383,4.7780304
6522,0.04730612,0.10709646,11.211941,2.167632
6523,0.055234402,-0.060405776,7.345984,1.4220246
6524,0.12116945,0.04230366,12.124054,3.3923683
6525,0.09750044,0.06256235,7.5285683,-0.17416085
6526,0.06285637,0.0005149562,7.3647876,-0.17063275
6527,0.14767966,0.1909773,10.95764,1.4964893
6528,0.05376382,-0.0056410413,8.505911,4.635338
6529,0.08802067,-0.13803065,8.100319,4.838578
6530,-0.121185675,0.07986853,12.999889,3.189653
6531,0.031033404,-0.04916536,7.447528,2.902563
6532,-0.10843083,0.14403914,10.197173,1.3347887
6533,-0.13857411,0.21693759,10.093819,0.02506921
6534,-0.009051433,0.063138284,10.828546,-0.72640896
6535,-0.0018335916,0.054427676,12.385911,0.52359873
6536,-0.019359848,0.08088698,13.07433,3.0799797
6537,0.100119665,0.27505037,10.724084,0.38751853
6538,0.104647934,0.2103326,10.046164,-0.8290022
6539,0.079977915,-0.07180359,9.407541,3.4270477
6540,0.12231037,-0.15281054,7.254371,5.364769
6541,0.16982283,-0.107504286,12.504182,5.2913637
6542,0.03279508,-0.07735445,12.100712,-0.9719639
6543,0.059603572,-0.055678114,12.110014,-1.0285107
6544,0.061190143,-0.10123681,12.101393,-0.9547086
6545,0.029290423,0.13654548,12.092048,-0.94180715
6546,0.0060161836,-0.069469035,7.281331,5.5068903
6547,0.021402106,-0.11713292,10.093464,5.6247253
6548,0.10612145,-0.10126342,11.742873,-1.16983
6549,0.040485717,-0.18479273,8.427418,2.747889
6550,-0.036130443,-0.1419339,6.012413,3.3312984
6551,0.074857876,-0.025342578,11.085825,4.5160403
6552,0.22093186,0.0318664,10.516005,4.9002857
6553,0.20904523,0.0022862274,10.643735,4.7925115
6554,0.17482659,-0.06577572,10.709871,4.707312
6555,0.03703308,-0.23019469,9.508538,5.6057014
6556,0.09926231,-0.016704971,9.960391,5.3808217
6557,0.18466395,-0.036445647,10.53218,3.3451357
6558,0.09391381,-0.117446765,12.704093,5.056021
6559,0.07370721,-0.012893691,10.599957,5.683827
6560,0.040132485,-0.10354027,9.783797,5.7412047
6561,0.08266002,-0.041025624,8.532006,2.5175557
6562,0.10309756,-0.18554002,8.567533,2.6812994
6563,0.009836867,0.22231738,10.748224,2.1008644
6564,0.13157904,0.09583461,11.901265,0.7399208
6565,0.0134576075,-0.10216479,6.2921004,1.133371
6566,-0.014388815,0.1920215,9.148253,-1.0833372
6567,-0.10740413,0.23675823,9.129097,-1.1233157
6568,0.10242134,0.34136352,12.77251,2.1176612
6569,0.06063187,-0.19632196,9.537337,2.47012
6570,-0.033901617,-0.08395713,10.038228,-1.250536
6571,-0.0984665,0.20444489,12.401332,2.7223816
6572,0.013535053,0.21782076,12.149559,3.5493743
6573,-0.009884335,0.2601374,10.403037,-0.33965275
6574,-0.04438051,0.0065080523,12.282061,5.977557
6575,0.024816785,-0.055438213,12.092604,4.941486
6576,-0.054673653,-0.03578695,11.760213,5.043156
6577,-0.010616116,-0.03096813,12.136858,3.7348301
6578,-0.004620306,-0.06452549,10.959466,5.068683
6579,-0.09691163,-0.0314389,5.597465,3.7638183
6580,-0.08707549,-0.10987222,5.599549,3.8196237
6581,0.055138648,-0.1551137,5.6134424,3.8003788
6582,0.1548681,-0.080948636,11.3906765,5.9561048
6583,0.11332178,-0.079550266,10.371768,4.6353436
6584,0.0117920935,-0.08218191,10.089027,4.931878
6585,0.06978616,-0.08786897,10.752213,5.759562
6586,-0.12695098,0.02788649,5.986955,4.395269
6587,-0.06603671,0.032815516,5.813037,4.3482294
6588,-0.021549772,0.040607616,5.852538,4.3365827
6589,0.09954615,-0.07937586,12.493205,6.1083107
6590,-0.15029381,0.13605763,11.786842,3.6592312
6591,0.001189474,-0.039449926,11.649884,4.0357556
6592,0.055764273,-0.076220974,9.901863,5.499739
6593,0.07938181,-0.20713964,6.841335,5.8370605
6594,0.09759456,-0.28488705,6.817985,5.8740296
6595,-0.08971992,0.19185323,12.17857,2.6749375
6596,0.06603734,-0.18281832,9.081643,6.6518736
6597,0.14692688,-0.1114465,10.394373,4.495319
6598,0.1459429,-0.09131756,10.431193,4.536599
6599,0.008482598,0.13677236,11.003359,0.07168293
6600,0.0035623573,-0.08641745,10.585834,6.077979
6601,0.054279156,-0.076728456,10.578337,5.9799237
6602,0.062696196,-0.06610181,10.594632,6.0901375
6603,0.09107177,0.1354255,9.484515,-0.21992964
6604,0.009425625,-0.11363117,9.088109,4.5798097
6605,-0.0040913,-0.13651504,8.1320305,4.189163
6606,-0.011291619,-0.11936805,8.081218,4.0247583
6607,0.03485074,0.05992616,11.842373,3.2108006
6608,-0.17237073,0.21021357,8.778123,-0.51821417
6609,0.10612103,0.19578597,11.333336,3.0650678
6610,-0.04154299,-0.050139517,10.348376,4.156996
6611,0.145716,-0.09781491,10.4398365,4.333267
6612,-0.030635111,-0.3344585,6.5105314,1.7720038
6613,0.12124179,-0.1256977,7.948589,3.1761296
6614,0.085290015,-0.12771377,7.9456754,3.1187289
6615,0.10642797,-0.11280925,8.25317,2.872462
6616,-0.099388026,0.10175424,11.186803,2.1464324
6617,0.007253684,-0.10983792,9.850004,3.875656
6618,0.05021704,-0.024713084,7.494909,-0.14842227
6619,0.02396788,-0.22682196,6.518536,0.94851315
6620,-0.031601425,-0.16895524,6.2157974,0.8416409
6621,0.008136887,-0.20838657,6.453959,1.1595727
6622,-0.012125753,-0.05385021,6.495248,1.0457541
6623,-0.1607134,0.14444783,11.576555,0.035380803
6624,0.017363507,-0.18150087,8.910764,5.3879247
6625,0.08946751,0.0456367,11.296355,4.270653
6626,0.04534456,0.01683036,11.1174965,1.1044261
6627,0.085599065,0.08792658,8.718292,4.538164
6628,0.10181257,0.12252638,11.248466,1.2201914
6629,-0.18247077,-0.123383194,5.595774,1.549677
6630,-0.2501946,-0.029183086,5.5646486,1.5183254
6631,0.008282375,-0.046788782,5.742541,1.6943063
6632,0.020622887,0.19266556,11.9851,0.80049103
6633,0.1000258,0.16450812,11.984872,0.8279127
6634,0.08526258,-0.15449917,10.47441,5.7413983
6635,-0.22478962,0.21509147,12.052879,1.1170756
6636,0.12379876,-0.14862326,8.055922,4.8194776
6637,0.0040738173,-0.23076048,6.4133115,1.6899204
6638,-0.041168403,-0.06392334,6.7304797,5.2018414
6639,0.015564129,-0.07911772,8.084939,-0.771629
6640,0.065064594,-0.114997774,8.58321,4.9740167
6641,-0.020052986,-0.017129574,10.648287,4.4884305
6642,0.08947456,0.11851953,10.736032,0.7862591
6643,0.051431686,-0.012412963,7.1869593,0.97041565
6644,-0.011214456,-0.123290345,9.495794,5.4569273
6645,-0.17806071,-0.010611357,9.44434,5.4277616
6646,-0.029605892,0.021771653,9.311845,5.3579755
6647,0.056793153,-0.06116198,8.546187,1.3476821
6648,0.021419756,-0.046455845,10.056831,4.766385
6649,0.17560324,-0.0010208506,10.908094,1.9455138
6650,0.13280857,0.06551235,10.448604,3.1790912
6651,0.16977695,-0.17007501,7.209476,1.477804
6652,0.13048789,-0.0017489819,7.175777,1.2352248
6653,0.05965136,-0.01228014,12.278199,3.443151
6654,-0.15458915,0.03500142,7.8657613,0.2621204
6655,-0.19543484,-0.00042682514,7.224349,3.908619
6656,-0.2628517,0.17090803,12.244747,-0.0032919906
6657,-0.16283341,0.04841137,7.3583503,0.55576354
6658,-0.16192755,0.16218254,8.90027,1.0966905
6659,-0.36481526,0.02101173,6.6889296,4.3235655
6660,-0.21325146,-0.033867605,7.134011,3.9843636
6661,-0.19552997,0.06782142,6.3616095,2.655868
6662,-0.18097687,0.030544644,7.3600574,3.9691596
6663,-0.19073325,0.051708534,7.317098,5.850735
6664,-0.1754436,0.07190578,9.237391,1.6006507
6665,-0.12950076,0.19422245,13.685079,-0.20447367
6666,-0.0072829854,-0.06584213,7.3216662,3.8923666
6667,0.035616033,-0.087041944,10.473489,5.745194
6668,-0.041262966,0.018165221,7.228337,3.8677108
6669,0.08377181,-0.01574651,8.351911,0.37207577
6670,-0.037391875,0.073559076,11.403565,4.819983
6671,-0.1274176,0.0900882,11.513705,4.8019643
6672,0.011202458,0.03508018,11.498111,4.771588
6673,0.16722327,-0.07882695,10.154619,4.928271
6674,-0.00417988,0.31464377,11.433605,1.4131896
6675,0.18474658,-0.121739715,10.535914,3.7657025
6676,0.044072457,0.26695898,12.2301655,2.5725598
6677,0.032671526,-0.13569672,10.680642,5.7564397
6678,0.0024887472,0.019514369,7.1947,0.9409786
6679,-0.15438898,0.009370355,8.20492,4.339953
6680,0.120086506,0.029171048,12.111318,5.1811724
6681,-0.062203106,0.061331466,9.210123,-0.27352023
6682,0.07663648,0.017662784,12.101323,5.226767
6683,0.16516034,0.037274137,12.10369,5.2064657
6684,-0.13852331,-0.05529932,5.763791,3.3010166
6685,-0.13461271,0.074500814,12.829094,0.16103187
6686,-0.10191688,0.12250765,10.527355,2.3071694
6687,-0.22596002,-0.0065992903,7.328572,2.9760966
6688,-0.30387452,0.20998466,7.3872476,2.8126528
6689,-0.10344907,0.19463062,9.155199,-1.6266079
6690,-0.20159581,0.012494946,7.320463,6.7203608
6691,-0.07969855,0.11933173,6.7003517,-1.0789944
6692,-0.036725976,-0.09327127,5.9543457,3.3773472
6693,0.08083579,0.0056476984,9.365955,4.1936555
6694,0.15956864,0.12903653,9.678487,4.5062466
6695,0.08668493,-0.033711165,10.447883,5.435152
6696,0.05087535,0.10054171,6.732469,-1.0884044
6697,0.23458484,-0.020387502,9.022961,4.2731285
6698,0.12065551,-0.031128576,10.334357,3.6293037
6699,0.115002036,0.19262157,9.843608,0.016224813
6700,0.005874723,-0.21516193,7.8148828,5.8766465
6701,0.21111885,0.05607803,9.680645,-0.10405385
6702,0.17468423,-0.065058686,8.779638,4.068546
6703,0.14197028,-0.18672769,8.617002,4.4172525
6704,0.09208888,0.007130701,11.692914,5.342653
6705,0.053295307,-0.13333376,8.772021,3.1396115
6706,0.19529839,0.016555687,10.861146,-1.2592893
6707,0.13845912,0.19177324,10.263322,-0.0439551
6708,0.10434179,-0.23847508,7.93741,4.891934
6709,-0.03599273,-0.16819507,10.3570175,2.8680878
6710,0.042819858,-0.089803346,10.445928,2.864089
6711,-0.04900183,-0.074395254,8.101506,0.06908046
6712,0.03274779,-0.006896617,10.52808,5.091188
6713,0.12746936,-0.10243269,9.933545,5.1534705
6714,0.043439105,-0.09871506,6.2097,3.1818104
6715,0.14253931,-0.20826666,7.8162904,3.235053
6716,0.116273224,-0.19587237,7.8254986,3.3248062
6717,0.060751677,-0.082384236,9.234904,4.2281785
6718,0.0738001,-0.026032956,12.054081,3.2770133
6719,-0.0103360675,0.16165537,11.614889,0.7811625
6720,0.03687808,-0.050859705,10.551876,5.186166
6721,0.051476903,0.10244058,10.337069,1.9535546
6722,0.06586951,0.028437598,12.102646,3.6680684
6723,-0.041402202,0.10911992,11.254096,-0.23153225
6724,0.12688203,-0.20368284,5.6272426,1.0787834
6725,-0.05686786,-0.03528436,5.627977,1.1522566
6726,0.023061238,-0.18929276,9.324426,6.078391
6727,-0.02695252,-0.17345247,8.19814,3.2754467
6728,0.07490301,0.0064563956,11.691386,4.9778795
6729,0.02299181,-0.057108402,10.423102,-1.0975736
6730,0.022102162,-0.21142274,7.8989735,2.3606946
6731,0.09544529,0.053133726,7.021525,1.1965652
6732,-0.13044819,0.03598927,7.456131,0.4042974
6733,-0.12035626,0.009406032,8.091018,0.083303094
6734,-0.17182177,0.067802705,10.039151,1.3296843
6735,0.11481011,-0.2832065,8.619755,5.328756
6736,0.06640753,-0.21428528,7.8945,2.2614956
6737,0.17675814,-0.221266,7.974487,2.4482207
6738,0.12161125,-0.18719873,12.013936,5.1080923
6739,0.07634012,0.004188122,9.049511,4.618698
6740,-0.017287375,-0.15763775,9.193651,6.440726
6741,0.0060400814,-0.0014703851,9.87573,5.9553185
6742,-0.014684524,0.061550252,7.7716575,5.986507
6743,0.11401585,-0.061326727,9.620261,6.749964
6744,0.18923809,0.04801473,7.5155034,0.9600188
6745,0.10116239,-0.08681028,10.133517,3.1791358
6746,-0.031100798,-0.13621554,12.278987,4.2666717
6747,-0.06849723,0.08726019,11.148652,4.7878213
6748,0.018925663,0.008776799,11.194265,4.8732405
6749,0.038669683,0.03834957,11.201087,4.7273555
6750,-0.083149455,0.13555138,5.9589176,4.443807
6751,-0.04646954,-0.005387672,10.602241,4.4221683
6752,-0.055820003,-0.0014983434,10.488713,4.409165
6753,0.02645833,-0.25048313,7.189409,5.5145383
6754,0.14005214,-0.2580758,6.7966924,1.2030758
6755,0.14411834,-0.14769399,7.027652,1.3249803
6756,-0.10321307,0.040160216,6.463448,3.8112667
6757,-0.004684504,-0.15618864,8.279727,5.436659
6758,0.10713662,-0.070800774,10.674973,5.675563
6759,0.0037654787,0.048621647,7.485814,4.507483
6760,-0.09028438,-0.22083688,6.3629975,1.6860282
6761,0.011582449,-0.22090471,6.399455,1.7098278
6762,-0.087046765,0.043180108,7.678793,-2.028621
6763,0.10202192,-0.015819665,10.295266,5.080512
6764,-0.04135287,-0.12421315,8.310087,2.6501474
6765,0.06291495,0.022520645,10.62088,3.775462
6766,-0.14256361,-0.06624185,6.9689527,4.248691
6767,0.112142846,-0.09036367,10.355809,5.814929
6768,0.08860907,-0.1934972,8.507727,5.9099607
6769,0.19527319,-0.17544147,9.416709,5.1542983
6770,0.10007349,-0.18197075,8.522796,3.2165034
6771,-0.023555994,0.13915963,11.70815,3.4585075
6772,0.08616313,0.023647076,11.935348,3.5426223
6773,-0.017040584,0.12950273,11.183305,2.7052293
6774,0.114470705,-0.080635846,10.348192,4.972125
6775,0.024565652,-0.2017034,10.375198,-1.4011018
6776,0.054221183,-0.18573806,10.528607,-1.339833
6777,0.085709326,-0.14724155,10.176283,5.1157575
6778,-0.024416242,-0.046586916,10.966166,-0.22046967
6779,-0.22177698,-0.10389845,5.4880853,2.8308458
6780,-0.28062314,0.19163148,7.4590206,2.7296026
6781,-0.24483998,0.09778683,7.494832,2.7083352
6782,-0.122946575,0.015886853,7.7228775,0.7904286
6783,-0.17027661,0.12211497,8.807209,1.1372507
6784,-0.15378822,0.06982036,12.582855,5.0099564
6785,-0.20372328,-0.093497664,5.5079927,1.5900931
6786,-0.23685351,-0.0738011,5.5148225,2.8523405
6787,-0.3025584,0.107494265,8.021413,1.4878757
6788,-0.16086838,-0.13673596,7.5459642,3.4638138
6789,-0.03270305,-0.016190808,5.482605,2.8263323
6790,-0.14124568,-0.06428425,5.488611,2.834611
6791,0.057411104,0.11957216,12.45511,3.243908
6792,-0.006285131,0.15610239,11.60208,1.5237439
6793,0.011349421,-0.12787682,10.625384,4.9619403
6794,-0.04352978,-0.088216074,10.512296,4.8726654
6795,0.01421994,-0.056216463,11.870046,3.5599155
6796,0.08991541,-0.016796475,9.283615,3.4380367
6797,-0.010296859,-0.03936211,6.4232745,3.0877953
6798,0.10322057,-0.07327154,8.838662,2.8091617
6799,0.16177696,-0.16068316,9.176723,3.345296
6800,0.17738774,0.005801184,9.755867,2.1486342
6801,0.14864968,-0.11653531,7.5782223,1.0204847
6802,0.18668091,-0.09185767,7.284981,1.0120052
6803,-0.0034808517,-0.20514742,8.625328,5.5769506
6804,0.07360798,-0.22697206,6.3001504,-0.56939685
6805,-0.03455229,-0.027856378,12.299518,3.232731
6806,0.09886192,-0.09361774,10.204101,5.29404
6807,-0.26575986,0.06238492,7.627365,2.704291
6808,-0.030193029,0.0018519331,7.6557555,2.5605803
6809,-0.23900494,0.10291059,7.656273,2.73181
6810,0.15177983,0.054164335,11.405355,3.6247413
6811,0.07320939,-0.012627695,11.155416,5.4206176
6812,0.11998555,-0.11404728,11.731678,5.3154273
6813,0.062942825,-0.01012882,12.554186,3.282429
6814,0.078993686,-0.010221703,10.640743,5.977277
6815,-0.049951207,-0.03736128,9.862961,-0.40342855
6816,0.12369096,-0.20366842,9.086041,6.7158494
6817,0.13766167,0.12151468,12.370824,3.2239225
6818,0.20414276,-0.16809747,8.975004,4.0640574
6819,-0.021732751,-0.20464596,7.4561925,3.9098182
6820,0.041854717,0.14456718,12.504768,3.2641294
6821,0.054693334,-0.21161762,5.9032845,1.4102023
6822,-0.03892084,-0.09638543,5.955048,1.3587273
6823,-0.09272398,0.017232677,11.943637,2.4905849
6824,-0.0121941175,-0.043466132,8.865636,6.5336685
6825,-0.012906849,-0.03451331,7.4161563,3.3941867
6826,0.047360383,-0.07331201,9.406665,2.5121655
6827,-0.01846701,-0.053482436,8.149279,3.36443
6828,0.06023653,-0.044609863,8.003702,2.8545587
6829,0.14249124,-0.16521323,7.6607018,4.7504687
6830,0.021184914,-0.085304685,7.661571,4.802226
6831,0.16342449,-0.10483473,10.977302,5.1764154
6832,0.15744437,-0.043037035,10.954591,5.3282447
6833,0.060417816,-0.089836486,9.702527,5.7538643
6834,0.0039675497,-0.008976459,6.5624256,5.9933305
6835,-0.061195962,0.015464319,11.381624,3.0700076
6836,-0.028406955,0.020973599,11.597035,3.285664
6837,0.13496827,-0.0851758,6.7374635,0.25357527
6838,0.1424017,-0.17757496,6.7761335,0.29206216
6839,0.02146162,0.15663655,12.332063,0.5837991
6840,0.035968676,-0.029189806,11.056153,3.2205496
6841,0.13995989,-0.05381725,7.5850344,1.3000273
6842,0.11125499,-0.21780322,7.3526454,5.367218
6843,0.21338469,0.13613555,9.249473,3.1696227
6844,0.053309023,-0.049801886,10.88623,2.382579
6845,0.10354099,-0.03724041,12.4516,3.496926
6846,0.0014447793,0.0074092355,9.283079,6.6221657
6847,-0.013661064,-0.20362341,6.023474,3.8218415
6848,0.11727783,-0.036125086,10.308487,5.8177004
6849,-0.07555744,-0.0784345,5.9736824,3.8179572
6850,-0.15190777,0.15785421,12.590511,0.6474911
6851,-0.1601752,0.1155113,8.327617,-1.8758769
6852,-0.11481472,0.07283898,12.565412,0.58471245
6853,-0.0023784041,-0.13344498,8.669656,-0.57281244
6854,0.034509033,-0.15339425,6.0419517,3.8385372
6855,0.018674381,-0.19661525,7.3728213,5.142956
6856,0.14382565,-0.19109786,8.3407545,5.3259087
6857,0.21193697,-0.048374753,9.151282,3.059921
6858,0.059607454,-0.092525415,10.499693,5.2561655
6859,0.043770336,-0.0034583546,9.643367,2.5646148
6860,0.151063,-0.10645652,9.135581,4.0783024
6861,0.1161603,-0.032240752,9.146119,3.8907092
6862,0.106793165,-0.07693344,8.6882305,3.4270732
6863,0.095347404,-0.009102156,8.643571,3.2448664
6864,0.030532792,0.028148877,9.29473,-1.826369
6865,0.09539899,-0.0905846,8.974248,2.5395598
6866,0.049019143,-0.04946214,9.014367,2.5446196
6867,-0.007549569,0.046036392,12.02548,5.0867457
6868,0.04608628,0.05990038,9.137608,1.46034
6869,0.106248796,-0.032998204,10.03472,1.0822393
6870,0.07046933,-0.061425954,12.625517,1.4746444
6871,0.02497647,0.14347598,11.555414,3.259878
6872,0.015145566,-0.087979086,10.773027,4.6752853
6873,0.09070572,-0.15480137,10.793027,4.6746783
6874,0.10469061,-0.14469902,10.849143,4.6950784
6875,0.0035933703,0.22608894,10.992007,2.0885816
6876,-0.04728849,0.06643515,8.698129,3.1758296
6877,0.08547386,-0.14100285,10.791753,5.3841906
6878,0.19154954,-0.068936154,10.533818,5.283478
6879,0.07459436,0.08691672,11.566497,3.4963458
6880,0.14089589,-0.10220846,7.8643756,0.98412025
6881,0.020956166,0.024566965,8.716014,2.8099668
6882,-0.041471533,0.057538725,11.078725,4.3467364
6883,0.09635228,-0.048805207,11.82868,3.5959039
6884,0.114894986,0.13262011,9.988961,0.1431315
6885,-0.025272097,0.11595954,10.803169,-0.0022423826
6886,-0.058489516,0.10674407,10.376722,-1.526933
6887,0.11183673,0.12209888,10.6235075,0.13620153
6888,0.12893339,-0.03559398,11.894871,3.5795405
6889,-0.064297885,0.047891214,11.976679,3.5502965
6890,0.008495893,0.11038555,12.258527,0.68314743
6891,-0.043296274,0.15004292,11.734251,0.26326185
6892,0.06725998,-0.046630546,8.787357,3.997545
6893,0.07214623,-0.14124745,8.559608,4.6895323
6894,0.06592766,-0.061728336,8.647762,4.8232822
6895,0.074359,-0.10434443,12.016431,3.4818237
6896,-0.10318164,0.10912709,8.825978,1.1491921
6897,0.06929361,-0.13162787,11.84662,3.4097028
6898,-0.023576666,-0.22112265,8.5785265,5.4314756
6899,-0.12298608,0.007486796,12.58268,5.011719
6900,0.025455426,0.023151254,12.552447,5.0215845
6901,0.17685217,0.012395097,9.702456,3.092219
6902,0.14569329,0.046077006,6.859306,1.1817089
6903,0.12228629,-0.083491035,9.757034,5.1570487
6904,0.17531401,-0.053527318,10.434185,4.532887
6905,0.18437353,-0.06814206,10.338995,4.4543805
6906,0.15303567,-0.11858228,10.263638,4.4875536
6907,0.098075956,-0.041746482,9.15236,5.50699
6908,0.11668053,-0.13858567,10.216509,3.286727
6909,0.06371895,0.16926733,8.166267,-0.8167183
6910,0.15539235,0.0643726,7.7414975,-0.6999474
6911,0.014337853,-0.18729997,8.727897,4.3892264
6912,0.033824727,-0.18007572,8.337902,5.151901
6913,0.11717136,-0.12753259,8.90271,4.4831886
6914,0.044023864,-0.2990891,8.275706,6.41423
6915,0.1640325,-0.114068136,8.088643,1.8109819
6916,0.078866154,-0.2131393,8.266746,5.3923097
6917,0.15873913,0.0041916072,10.896724,2.0093327
6918,0.10095729,0.058255784,11.027603,-0.81580365
6919,0.12507355,-0.14271384,7.5019045,-0.71387976
6920,0.2170203,-0.15165822,7.2571783,-0.7769804
6921,0.1679774,-0.0030926745,7.626012,-0.74769
6922,-0.080225304,0.18785949,12.079952,2.4068525
6923,0.18236317,-0.0044314414,9.631666,6.1598835
6924,-0.05155268,0.16476563,12.040491,2.9591327
6925,-0.023223817,-0.14839545,7.6386895,4.7927394
6926,-0.06943363,-0.07446759,7.5464845,4.6893578
6927,0.089235574,-0.18421265,5.9809475,5.40141
6928,0.068973765,-0.11954717,7.4857025,1.3585454
6929,0.052386686,-0.05564917,11.896243,3.0917542
6930,0.08772369,-0.108705334,9.560168,5.0548806
6931,0.12504339,-0.034707896,10.248456,-1.883245
6932,0.13057512,0.07042797,10.276187,-1.8614315
6933,0.13397792,-0.20394851,8.547534,5.3390045
6934,0.0427673,-0.20518866,8.569226,5.365195
6935,0.017876156,-0.0052432856,8.309144,1.171966
6936,0.09998873,-0.059941806,8.258418,1.1522644
6937,0.1260559,0.15153338,9.676555,0.21123153
6938,-0.022292096,-0.018453328,11.662927,-0.6642539
6939,0.062479913,-0.025312586,11.4106655,3.8755536
6940,-0.096590854,-0.00726832,8.998993,0.07466029
6941,0.052280493,0.17848647,9.137212,0.014547241
6942,-0.11173047,0.11178608,9.00896,0.05186112
6943,-0.15569097,0.07530974,9.07742,0.1284033
6944,-0.04142107,0.15198687,9.138658,0.017650325
6945,-0.10727619,-0.09109223,8.886715,0.1690485
6946,-0.13596572,0.25261363,9.0404005,0.091897815
6947,-0.10000784,0.1899808,9.222072,0.0074422765
6948,-0.08864483,0.069575734,9.00006,0.09193532
6949,-0.25727385,0.1497044,8.963041,0.093274236
6950,0.046009757,-0.1397591,8.942896,0.10810618
6951,-0.112593725,-0.0877745,8.942166,0.075597554
6952,-0.066445634,0.02412557,9.02557,0.013281662
6953,0.047641136,-0.080291905,8.961771,0.0968352
6954,-0.054590628,-0.035602137,8.977037,0.08819138
6955,0.04950255,-0.0517217,8.61604,2.941854
6956,0.10389386,-0.18153763,8.6827545,3.1658304
6957,0.10123932,0.057792835,10.970424,2.3504024
6958,0.11923677,0.016370239,9.723188,2.1372936
6959,0.20987165,0.09822145,10.167421,1.7366494
6960,0.064741984,0.25285563,9.715055,1.9958895
6961,0.28878245,0.18139379,9.852357,0.3658975
6962,0.12628734,-0.13567062,10.94809,5.287844
6963,0.04071509,-0.14426935,5.7234807,2.9562652
6964,0.10463525,-0.05975809,6.4328647,0.92864084
6965,0.08754313,0.06112595,11.489595,3.7381856
6966,0.05608917,0.00835309,11.083295,1.8137751
6967,0.10330674,0.16533494,11.018844,1.5039443
6968,-0.041191142,-0.18909937,7.7416043,4.16659
6969,-0.04690284,-0.03411915,7.581315,4.1242976
6970,0.008138929,-0.026934756,11.872749,3.0704145
6971,0.044852108,0.022936972,11.911485,2.9695466
6972,0.055871457,0.25044015,11.896407,2.877777
6973,0.13715741,0.095957786,11.913018,3.0656295
6974,0.1379697,-0.1404157,5.369187,0.73288375
6975,0.060183138,-0.077241756,5.375027,0.77239203
6976,0.06175168,-0.15626904,6.087193,2.746308
6977,0.0007447675,-0.121425405,6.143814,2.8180099
6978,0.04616832,-0.18619731,6.0976496,2.7854846
6979,0.014960401,-0.111405715,6.058619,2.674052
6980,-0.08202107,-0.21444288,6.0884886,2.8089237
6981,0.06891789,0.075427786,10.937394,4.559379
6982,0.11321087,0.050168395,11.451657,1.4726052
6983,0.19877848,0.115237266,10.801277,4.847737
6984,0.20304695,-0.02036506,10.834227,5.097321
6985,-0.095353976,0.017686138,10.711704,5.79253
6986,-0.046356227,-0.15170898,10.687273,5.658392
6987,0.062315486,-0.21108752,6.704975,5.8575115
6988,0.14721033,0.029591618,11.538092,4.116333
6989,0.06596582,-0.03562118,11.526332,4.256289
6990,0.09576635,-0.059350193,7.7047234,1.0909111
6991,0.13012972,-0.0033885334,10.36521,3.1958213
6992,0.14486298,-0.0093846265,10.331641,3.1530924
6993,0.22814164,0.04878865,10.3572855,3.240932
6994,0.1356849,0.012900943,8.4706955,-2.616312
6995,0.19646186,-0.07097517,10.355069,3.2658565
6996,0.074512295,-0.040680416,10.80999,4.7246313
6997,0.07103082,-0.14948416,10.217808,5.028857
6998,0.09452799,-0.04375214,11.496914,4.2254558
6999,0.19512288,0.030809043,11.571044,4.143665
7000,0.06284751,-0.008145947,11.075778,5.5839615
7001,0.00469587,-0.053905375,9.703977,-1.0815824
7002,0.06958276,0.014463229,11.372747,4.264764
7003,-0.026523348,-0.0993616,9.735228,-1.0825036
7004,0.07039867,-0.07946576,8.555451,3.7893255
7005,0.05791293,0.20038317,10.721078,2.9052744
7006,0.16138174,-0.09182961,9.996232,2.3633833
7007,0.009776838,-0.1250503,8.418021,2.3703058
7008,0.037634037,-0.18075782,11.026975,2.1075997
7009,-0.03900848,0.07200138,12.259456,3.3188767
7010,0.17709629,-0.11459601,8.805222,2.5518916
7011,0.16429856,-0.034807198,10.907015,5.88643
7012,0.016053218,0.0014192723,12.105591,5.350781
7013,0.061419845,-0.16162807,8.610525,4.9089875
7014,0.055785254,-0.06839437,8.507561,-2.559731
7015,0.17039624,0.057178453,9.505196,4.4282703
7016,0.08351699,-0.09551671,10.194492,4.516499
7017,0.071614,0.07726584,12.382059,2.8873167
7018,0.031444408,0.090254575,12.514418,2.9441946
7019,0.05571054,-0.031864323,12.604522,2.8430998
7020,0.039402686,0.12678754,12.520029,2.9364872
7021,0.09633374,0.17562401,12.554183,2.8278358
7022,0.0745973,0.1995891,10.09783,0.1706094
7023,0.04385557,-0.21031263,8.780507,5.556981
7024,0.13511916,0.054133177,8.324115,-0.22326487
7025,0.071885645,-0.24542555,8.129686,6.224809
7026,-0.02270402,-0.21950877,7.2572937,5.6745567
7027,0.23613277,-0.009022279,9.605874,3.5356665
7028,0.29221478,-0.016943285,9.6793,3.5670395
7029,0.023956403,0.08794657,9.481647,-0.7685987
7030,-0.03140732,0.020718386,7.4200096,-0.2442101
7031,0.07466248,-0.16020559,7.3527775,1.8854291
7032,0.026847556,0.068726175,10.310819,0.84816813
7033,0.06598,-0.06243632,12.142743,3.3367846
7034,0.03190092,-0.042705134,12.139819,3.3327692
7035,0.0008737445,-0.009123271,12.036366,3.3324442
7036,0.12886705,0.015341153,9.893293,1.9739724
7037,-0.07226277,0.041088074,9.568479,4.7029014
7038,-0.030308757,0.0021738838,7.727187,3.8102057
7039,0.010259278,-0.17972308,9.074501,4.163021
7040,0.12506787,0.13786852,10.4102335,-0.2546061
7041,-0.013815921,-0.027214617,8.611538,1.5617461
7042,0.1966328,-0.009322746,9.073413,3.369006
7043,0.030882731,0.11110327,11.884687,1.4418858
7044,0.16618773,-0.09401824,9.902509,5.047038
7045,-0.024521202,-0.038395517,10.817562,6.426771
7046,0.004996136,0.04301987,11.025846,5.7817583
7047,-0.102598645,0.009697536,10.806633,6.451717
7048,0.07542181,-0.13980214,10.816796,6.4425516
7049,0.07091152,0.107194394,10.806316,6.3102336
7050,-0.042107407,0.0034701955,10.791412,6.4831595
7051,0.06512354,0.032261953,7.415648,3.445605
7052,-0.19845347,0.03086085,5.4110136,1.5394287
7053,0.10534309,0.22131619,10.424402,-0.39408612
7054,-0.05056926,0.026120191,10.475232,-0.36397794
7055,-0.13064714,-0.0027008886,7.029938,3.5186446
7056,0.004877787,-0.11260328,7.3130207,3.493272
7057,0.12870494,0.14251496,10.459119,-0.31192213
7058,-0.017931495,0.16448571,10.828554,-0.57705736
7059,-0.0087218415,0.21183506,9.280612,-1.5954499
7060,-0.05645372,0.2469815,12.139678,2.7116954
7061,0.12613162,-0.03471911,6.9435177,1.2831581
7062,0.08989027,0.028506799,10.107123,1.8446586
7063,0.13663276,-0.0060619824,11.261697,6.7543344
7064,-0.025759444,-0.18204975,7.7174783,5.384392
7065,0.0365337,-0.15937927,7.7611012,5.3835945
7066,0.088959366,-0.16240752,11.056986,3.1450033
7067,0.14013943,0.030562242,11.11184,3.118153
7068,0.08739008,0.24263006,9.67107,-0.50007564
7069,0.07889956,-0.103249274,8.731935,2.998279
7070,0.006902188,-0.17491403,6.295881,2.7731981
7071,0.09133348,-0.027396511,12.131962,3.48352
7072,0.005764276,-0.08166228,7.2040424,2.9840033
7073,0.017345723,0.104910545,7.5072575,2.9812922
7074,-0.16185962,0.037280798,8.464709,-2.6163251
7075,-0.28285158,-0.027158976,7.7404118,5.8466387
7076,0.043708697,-0.22801813,7.0861015,2.9823205
7077,0.111601785,0.13004345,10.327473,0.3048945
7078,-0.051865727,-0.04757022,7.336012,3.1691363
7079,0.027867243,-0.17209962,8.370645,5.036758
7080,-0.10428173,-0.13066445,7.1622095,2.8881094
7081,-0.020848174,-0.02450698,7.2287316,3.050822
7082,0.08808605,-0.07930138,8.922285,4.607297
7083,0.17033832,-0.18054631,8.145688,4.2203403
7084,0.16831623,-0.15204814,10.265671,6.5409303
7085,-0.04394843,0.22487523,9.454846,-1.5837524
7086,0.07836903,-0.06460535,10.354133,6.5813723
7087,0.19389173,-0.117614105,10.358794,6.623996
7088,-0.04030917,-0.023865258,10.739933,5.68059
7089,0.13806659,-0.051328845,9.622845,6.3271737
7090,0.0990974,-0.040606543,10.462122,-0.23091196
7091,0.18210557,-0.23974605,8.287487,2.2091362
7092,0.027806625,-0.019406714,7.9827137,1.3430609
7093,0.040874958,-0.015691046,7.6699705,1.1647921
7094,0.135464,0.021177595,11.198713,5.0222263
7095,0.08939162,-0.15447798,9.219773,6.5122614
7096,0.09726128,-0.094819665,9.168746,6.5247493
7097,0.12935907,-0.08778831,9.168154,4.5285416
7098,0.20704496,-0.061329126,9.181834,4.563538
7099,0.21982062,-0.038121846,9.254586,4.5696487
7100,0.03815785,-0.069467455,10.691849,5.7179437
7101,0.13483658,-0.10911436,10.191642,5.8094287
7102,0.019753214,-0.13493064,9.49619,6.3071933
7103,0.0022522397,-0.11502774,9.576533,6.247585
7104,0.09484935,-0.06223365,9.570696,6.3830514
7105,0.043144815,0.26611793,9.539995,1.3137231
7106,0.14081194,-0.004626179,11.965672,2.8679051
7107,0.11201762,0.22589043,9.58583,1.4009981
7108,0.033338614,0.026938269,11.584835,3.427224
7109,0.1812034,0.12916933,10.756744,1.7515936
7110,0.16517568,0.1413101,10.851571,1.7688459
7111,0.09325522,0.16900377,11.673598,3.2799032
7112,0.093894914,0.18904757,8.911891,1.6449864
7113,0.08252272,0.035262555,6.793401,3.8538694
7114,0.070928395,0.011420852,6.7095976,3.7854643
7115,0.092708096,-0.1101759,10.00649,2.9032056
7116,0.12442958,-0.17400432,9.589151,4.5955825
7117,0.06869492,-0.1981916,5.9555125,1.567014
7118,-0.06304482,-0.003600628,5.9247365,1.578011
7119,0.014724463,-0.06859499,5.9806213,1.6013981
7120,0.119439274,0.18461278,10.7168665,-0.97445273
7121,0.06546616,-0.07053743,10.750564,5.728351
7122,0.042205416,-0.0893989,11.441533,6.7712054
7123,0.09756075,-0.085325845,11.45266,6.646474
7124,0.057853803,-0.09210953,8.254583,1.7858527
7125,0.14945239,-0.07667462,8.239663,1.776701
7126,0.18637222,-0.091739014,8.265874,1.7441281
7127,-0.006549556,-0.13785754,5.8311357,1.5215636
7128,-0.013169354,0.07872909,12.617258,1.2408724
7129,-0.0050384887,-0.1595636,8.1368885,2.3977532
7130,0.1588474,-0.12694597,8.183359,2.3840475
7131,0.096577525,-0.17775424,8.132083,2.4392433
7132,0.15591292,-0.15518208,8.158693,2.541877
7133,0.16217425,-0.18892562,8.142255,2.5260315
7134,0.20225066,-0.08707529,8.191514,1.9030699
7135,0.161798,-0.060169637,8.353687,1.959884
7136,0.24264383,-0.17329004,8.139084,2.3960536
7137,0.18636388,-0.16641173,8.129891,2.4044156
7138,-0.0015376285,-0.06263629,8.826191,1.6890843
7139,0.031168468,-0.02011628,8.785568,1.598023
7140,0.10449667,0.1470927,12.721163,2.792549
7141,0.09394921,0.109641895,8.115986,1.2658634
7142,0.2077802,-0.09907611,8.587006,6.3793216
7143,0.17974266,0.025753593,8.593897,6.461017
7144,-1.7687678e-05,-0.014912205,8.581211,6.5896773
7145,0.19081691,-0.11444725,8.648182,6.308427
7146,0.17556718,-0.11549024,12.499221,6.0804524
7147,0.24562076,-0.036516465,12.504151,6.057797
7148,0.15193704,-0.011458022,12.088298,-0.8660652
7149,0.21669015,-0.097619876,12.508821,6.0850787
7150,0.19198783,-0.0909266,12.4838,6.0925026
7151,0.06836735,-0.14384267,8.365663,3.9895642
7152,0.048325732,-0.0129541885,8.701527,1.3085679
7153,0.047903627,-0.18738464,8.407934,2.013371
7154,-0.041375782,-0.13742493,8.472301,2.0526905
7155,0.08479838,-0.07792348,8.380727,2.075829
7156,0.0025920756,-0.11952661,7.9864273,4.457144
7157,0.03219434,-0.12961954,8.45693,2.0308077
7158,-0.19141996,0.23691964,12.021049,1.1781521
7159,-0.26228094,0.078493774,6.302065,4.3601546
7160,-0.26877236,0.12949109,6.5827265,4.2525496
7161,-0.0549419,0.27329525,9.951385,-0.8921147
7162,-0.14191058,-0.013132045,8.363979,-1.1738774
7163,-0.08411508,0.037720747,9.025207,-0.39426497
7164,-0.1410473,0.1134883,9.0265255,-0.23492283
7165,-0.041021653,0.014778892,9.103566,-0.29703057
7166,-0.105180785,0.026690664,6.4994,3.2692945
7167,0.03797877,0.10509051,11.493665,1.6990203
7168,0.18194607,0.033152416,9.262181,3.0597496
7169,-0.07074119,-0.15077308,6.509986,2.903683
7170,0.04896675,0.037594356,12.532461,4.951635
7171,-0.019268999,-0.019194353,12.145615,3.0120087
7172,0.128941,0.030350083,12.163656,3.1922991
7173,0.07528528,0.018004222,8.781523,2.8516786
7174,0.023034189,-0.013762359,8.713107,-0.3119209
7175,0.11048533,-0.091171466,6.8399334,1.0230297
7176,-0.17226574,0.11750691,9.062474,-1.7478341
7177,-0.04966159,0.07689494,10.155364,0.89956516
7178,-0.002415903,-0.06420603,10.115644,0.90868706
7179,0.022552725,0.13743727,12.233451,3.0699055
7180,0.22628567,-0.10336371,6.4599786,1.5041176
7181,0.09900959,0.026166314,10.7052555,0.43122265
7182,0.105240434,0.074052826,9.608619,0.7203826
7183,0.034716323,0.071484,10.728282,0.40520838
7184,0.08636193,0.09547764,10.751075,0.240308
7185,0.18668652,0.15350074,9.82959,1.585558
7186,0.17549515,0.030493798,8.454294,2.4660501
7187,0.06950492,0.045346044,8.561736,2.4570446
7188,0.10268508,0.0152304415,8.533146,2.563141
7189,0.17195448,0.019797994,7.5635576,0.877889
7190,0.23053548,-0.13336957,8.449449,2.4964592
7191,0.0858142,-0.14521542,7.4031553,5.7575865
7192,-0.07866175,-0.2258665,7.3596954,5.7116694
7193,0.0065892115,-0.22973035,7.7368875,6.0494184
7194,0.020367369,-0.20926842,7.1914287,5.710067
7195,0.11297774,-0.078772366,9.1211,2.393293
7196,0.1275865,-0.07952162,9.155647,2.4084573
7197,0.08871761,-0.022386838,9.219208,2.3975663
7198,0.09798728,0.0765263,10.739395,-1.1489203
7199,0.14198244,0.095989615,10.813679,-1.1926233
7200,0.07818467,0.1141672,10.755989,-1.1326656
7201,0.047906548,0.17498389,10.518851,-0.6464514
7202,0.066898406,0.10733496,10.801826,-1.0976337
7203,0.10005878,0.11901523,10.765762,-1.1104418
7204,0.12945087,0.16842309,11.276684,1.6769364
7205,0.15195268,0.28269354,10.759665,-0.015704097
7206,0.064296484,0.28401294,10.551312,-0.25511444
7207,0.21288437,-0.13037734,8.483817,2.7518036
7208,0.019173153,-0.069002554,7.940762,0.9091378
7209,0.064504005,-0.07644903,7.952721,0.9714235
7210,0.04936243,-0.03638631,7.9759,1.0334839
7211,0.16359776,-0.03791309,7.8168273,0.8755339
7212,0.0028402396,0.10178046,12.190922,2.9899895
7213,-0.13209857,0.16440555,11.77851,0.42296034
7214,0.04302741,0.14029393,11.609519,0.38996223
7215,0.10793243,0.09001438,11.829183,0.34673065
7216,0.11945267,0.17676339,12.261791,2.950084
7217,0.08242854,-0.1693506,7.4673343,1.9466956
7218,-0.044099998,0.09814596,11.154798,2.5579085
7219,0.018499348,0.069743626,9.851031,1.9658568
7220,0.052800998,-0.2793592,7.3021445,2.0562923
7221,0.06014763,0.12671176,11.016141,-0.58668154
7222,0.034641355,0.12994267,9.473478,-2.4765196
7223,0.057723247,0.11640987,10.972083,-1.3596053
7224,-0.00096095353,-0.073255986,8.494571,2.3842387
7225,-0.030085556,-0.22294846,7.39661,2.0256
7226,0.18442479,0.075358406,9.893667,-0.85374016
7227,0.18720324,0.032615334,8.6829605,0.386811
7228,0.076117,0.10028626,8.321616,-1.140335
7229,0.04123801,0.13902158,12.241895,2.883936
7230,0.09708327,0.11788392,10.346906,-1.115406
7231,0.04909961,0.16477372,12.150823,2.9997358
7232,0.058992952,0.15386087,10.509549,1.2088081
7233,0.13682947,0.18537037,10.504122,1.0988984
7234,-0.092781134,0.1353875,8.346804,-1.2700217
7235,0.24956384,-0.19156183,9.045967,3.8846858
7236,0.23676082,-0.08628878,8.804212,2.881711
7237,0.17613864,-0.03749065,8.797115,3.0351074
7238,0.06197229,0.18657798,11.643229,1.5108491
7239,0.17648557,-0.121003315,10.684313,4.9587474
7240,0.1165677,-0.03441264,9.606582,0.71970654
7241,0.02194921,-0.073169746,11.840677,2.0144875
7242,0.093017206,-0.07060044,11.780378,1.9886631
7243,0.12082939,-0.10707406,8.648999,2.084512
7244,-0.031261943,0.11596346,8.239834,0.02704499
7245,0.014892243,0.064415805,12.19727,3.0807445
7246,-0.018950546,-0.051230185,8.463485,-0.58491784
7247,0.22730836,-0.12909971,8.653186,0.48310292
7248,0.19791465,-0.25603437,8.096947,3.4716618
7249,0.121254504,-0.20517793,8.739779,0.7073236
7250,-0.04116679,0.22136341,13.561283,1.9666646
7251,0.041157365,0.19092071,10.603554,3.4564507
7252,0.107746124,-0.009102685,13.489968,3.2226088
7253,-0.14422867,0.15132336,11.245943,1.914785
7254,0.11561759,-0.0034421133,9.854291,4.2319465
7255,0.067686826,-0.10001032,9.458161,4.157748
7256,0.1744865,0.0428344,8.473724,4.9748535
7257,0.23940751,0.04771565,10.272111,1.3315996
7258,0.19720371,0.086887054,10.355147,1.4184585
7259,0.05222013,0.15963201,12.138755,0.75663775
7260,0.12040588,0.16406918,12.027897,0.5991145
7261,0.08205507,0.0654145,7.5169196,0.37645906
7262,0.017828077,-0.024648167,6.350147,1.5052354
7263,0.07442054,0.2837734,13.516678,3.0143688
7264,0.11437678,0.16094118,13.312368,2.369636
7265,0.16125296,-0.08171135,13.521671,3.2048762
7266,0.08011791,0.23853526,9.967599,-0.8886063
7267,0.053384706,0.2252151,10.040666,-0.76830834
7268,0.08245812,0.27253088,9.906935,-0.24640119
7269,0.05173134,0.049610347,13.561723,3.1259027
7270,0.13594878,0.20852044,13.504739,3.1092696
7271,0.137438,-0.21419871,8.925444,5.6835647
7272,-0.047496263,0.22650748,11.747274,0.865102
7273,0.056063637,0.012074064,10.930158,6.2055216
7274,0.057842895,0.14958939,11.37801,5.2001595
7275,0.0152601,0.045611694,13.528574,3.1323535
7276,0.037646785,-0.040667035,8.9078865,-0.95186657
7277,0.07827364,-0.0029918822,8.924355,-0.9280044
7278,-0.06084381,0.044562355,11.607775,0.9802133
7279,0.07152288,-0.06498845,11.797353,3.410103
7280,0.15521392,-0.0841247,13.583658,3.1686502
7281,0.1280697,-0.016398156,13.583632,3.1660495
7282,-0.018358504,0.09788101,8.745438,-1.6052938
7283,-0.07866978,0.10076955,7.998641,-0.66694105
7284,0.22466692,-0.03408276,8.430871,1.8708032
7285,0.089672774,-0.08490599,13.583991,3.1688714
7286,0.119747415,-0.13052294,8.787642,4.9021225
7287,0.04274133,-0.20544612,8.052308,2.160064
7288,0.1342384,0.19558853,13.5551605,3.1491652
7289,0.17527048,0.08959055,9.697173,1.7068198
7290,-0.005606124,-0.2989748,7.157867,3.0002408
7291,0.09600203,-0.0043519977,9.481107,2.1369545
7292,0.06038004,-0.092743374,9.4189205,2.2427862
7293,0.10643637,0.061409824,9.462137,1.9540927
7294,-0.12997927,-0.0072987378,8.274144,-0.9196895
7295,0.046057567,0.18624678,13.496239,3.1343398
7296,0.064897716,0.027470184,10.314503,-0.27889925
7297,0.06590697,0.17686263,8.845421,1.376935
7298,0.13227412,-0.125688,8.626354,2.1487868
7299,-0.033113625,0.096845016,8.145289,-1.2130367
7300,0.0014073178,0.1960833,13.558244,3.078104
7301,-0.056613833,0.23762935,9.920524,-1.3334311
7302,-0.073742025,0.28035876,10.081918,-1.4717953
7303,-0.06338669,0.2748009,10.090391,-1.4693778
7304,0.07085146,0.078161955,10.587889,-0.353861
7305,0.039586,0.18299976,13.501787,3.1236856
7306,0.0917384,0.018658882,13.0653105,2.8624392
7307,0.18254091,0.110364646,10.498744,3.333455
7308,-0.0722354,-0.057892546,7.558695,6.185816
7309,0.009244107,-0.08369255,7.3400397,6.701248
7310,0.16325387,-0.13667569,7.1079793,1.3995157
7311,-0.02908999,0.015376354,12.9785185,2.8043673
7312,0.1080724,-0.0984195,11.00174,2.1083493
7313,0.14647317,-0.017628793,12.976437,2.794917
7314,0.13653083,0.06589062,10.126677,-1.0569073
7315,0.09726933,-0.028376753,13.530909,3.1951513
7316,0.13671908,0.12198545,13.480552,3.1330373
7317,0.084326446,0.105914444,8.896609,1.5748718
7318,0.17722437,-0.02097701,13.452169,3.1220627
7319,-0.05401347,-0.27388108,7.702981,3.0712771
7320,0.087603725,-0.19747189,7.7191625,3.0742402
7321,-0.016773708,-0.2679499,7.7410407,2.9599862
7322,0.045474887,-0.26058412,7.7508035,3.0725987
7323,0.124893874,-0.16463567,7.855767,3.1816568
7324,0.035007715,0.06359314,13.527439,3.1468494
7325,0.14011957,0.04253248,13.544564,3.157551
7326,0.08078769,0.097571716,13.516006,3.123692
7327,0.08056251,-0.074279636,8.629239,1.6424577
7328,0.041014098,0.1905579,13.509883,3.1183937
7329,0.10683665,0.18210953,10.480989,1.2721069
7330,0.18464145,0.07526919,10.523581,1.6441357
7331,0.09796913,0.02084574,13.60621,3.1616485
7332,-0.017301572,-0.07973024,9.056857,0.98521787
7333,0.05358763,0.13095051,8.857014,-1.0225413
7334,-0.004706241,0.26064533,11.505718,0.9639595
7335,0.012314469,0.24208555,13.45905,2.882284
7336,0.094614446,0.33931637,13.509916,2.9281082
7337,0.06198156,0.0790216,10.318638,4.671113
7338,0.19603157,0.06820518,10.329715,4.652283
7339,0.18193793,-0.23057899,8.4616785,5.4431696
7340,0.013947912,0.085960686,10.205512,4.3834014
7341,-0.06195895,-0.015511561,9.669765,-0.81235176
7342,0.17742664,-0.0021329029,10.8891325,-1.8795627
7343,0.21292976,0.03705436,8.071112,0.44936335
7344,0.12317847,0.15072832,11.265618,-0.44911724
7345,0.10786787,0.058551483,9.772896,-0.9091187
7346,0.10912904,-0.10009999,9.488323,-0.7242264
7347,-0.018854324,-0.083942145,13.567672,3.1411705
7348,0.13416632,-0.07219405,8.719785,2.1629288
7349,0.08724278,0.14061269,10.688047,0.113386765
7350,0.08759462,0.15704182,10.734618,0.18505916
7351,0.1480916,-0.0983538,8.659751,2.0318816
7352,-0.06258054,-0.21715799,7.904266,3.3281837
7353,-0.03807631,-0.13125454,8.420508,2.0193276
7354,0.099020034,-0.033941105,10.302223,3.0718343
7355,0.17287047,-0.11843997,9.748837,2.138164
7356,0.22466996,0.19018772,10.170661,0.77733296
7357,0.13991167,0.15480697,10.607886,0.08962091
7358,-0.08996703,0.24013439,11.197249,0.20102723
7359,-0.018601406,0.18458094,10.315119,-1.854227
7360,-0.030866887,0.15579517,10.86914,0.31197667
7361,0.06974055,-0.14758837,9.751966,5.0774713
7362,0.06402697,-0.13265103,9.836318,5.05178
7363,0.10466078,0.22490224,13.431324,3.1322713
7364,0.21859443,-0.003539782,8.106983,1.3042717
7365,0.22082046,0.039622,7.6184773,0.8508904
7366,0.08872368,-0.054799438,8.481914,-0.9242777
7367,0.21759441,-0.08065485,7.9714413,2.2925289
7368,0.1773088,-0.14617866,7.9970846,2.6110017
7369,0.10401723,0.1965614,11.552539,0.62136114
7370,0.11304566,0.037392303,13.577227,3.148675
7371,0.15099013,-0.0364334,10.974405,2.9229803
7372,0.107985795,-0.073022045,10.561446,5.2382917
7373,0.23466748,-0.01581196,6.879951,1.2436601
7374,0.24110255,0.001790734,6.871965,1.2835859
7375,0.065852046,0.05262001,13.616313,3.0628161
7376,0.12879786,0.028393311,9.660616,1.1432053
7377,0.113310665,-0.02897965,5.7983966,1.1531053
7378,0.0017809719,-0.22650117,6.6025968,2.114509
7379,0.03929092,-0.04712984,8.92165,2.0240972
7380,-0.1313521,0.115985334,11.135474,1.1878107
7381,0.13526277,-0.11475619,8.876323,2.083742
7382,0.15208733,-0.13419077,9.305504,5.563162
7383,0.13105704,-0.056083344,8.947897,2.0014539
7384,0.11370525,0.08798317,10.969458,5.3290553
7385,0.0111043975,0.26791653,11.756986,1.1996725
7386,-0.024489332,0.07495695,8.496249,1.1875391
7387,-0.029489089,0.0758068,8.62691,1.392286
7388,0.14931405,0.29076806,9.464154,-1.0587941
7389,-0.03565266,0.2049864,9.217547,-1.7462808
7390,0.23706087,0.057943597,10.112795,1.6037699
7391,0.079659514,-0.11571722,9.05874,1.5944622
7392,0.056331865,0.26633468,13.389095,3.0528927
7393,0.21888235,-0.11833997,8.481408,7.071933
7394,0.10964957,0.22568347,13.480859,2.9993844
7395,0.1627433,0.03631527,9.756837,-0.18061729
7396,0.07535481,0.15261933,10.178404,2.8038716
7397,-0.04039203,0.10727578,10.124929,2.6880462
7398,-0.22909325,0.00046882592,7.4559274,2.5863733
7399,-0.034074873,0.03138049,7.427617,2.5149922
7400,-0.060323596,0.046422854,7.3974056,2.591712
7401,-0.08886523,0.07249424,7.5000844,2.5347614
7402,-0.033611827,0.004290914,8.275,-0.5492892
7403,-0.016607504,-0.055847734,8.216803,-0.5191639
7404,0.047472022,0.11199576,8.458792,4.7731647
7405,0.13843036,-0.14707531,8.671835,4.7040854
7406,0.06604627,0.02543057,10.689595,2.574791
7407,0.0357347,-0.040552896,7.9739428,0.79769415
7408,0.16615862,0.18554863,12.72022,5.5855746
7409,0.018793374,0.11885969,12.788552,1.7688944
7410,0.087532245,-0.056605294,8.097991,-0.08366064
7411,0.13038765,0.0103442725,8.067618,-0.12936297
7412,0.040484086,0.0045479517,8.096626,-0.11305696
7413,0.01986961,0.06319425,10.180537,-2.143931
7414,0.11974864,-0.03495704,8.08075,-0.1309411
7415,0.1564145,0.04041279,8.082967,-0.13864984
7416,0.13975392,-0.018046718,13.595554,3.1279647
7417,0.12946688,-0.051392376,13.564283,3.148676
7418,0.03345646,-0.007546162,8.546856,0.44004402
7419,0.056078985,0.016595958,8.557493,0.41615495
7420,-0.044606857,0.054559626,8.4861,0.4398541
7421,-0.120760284,0.19735172,8.626475,0.3896931
7422,0.14807269,0.25062928,13.360908,3.0900214
7423,0.11000982,0.23062637,13.357091,3.1334329
7424,0.024526212,0.2333202,13.499134,2.9521246
7425,0.028628819,0.18840533,13.452739,3.1183758
7426,0.06967828,-0.019359468,13.67033,-0.2038971
7427,-0.023937806,-0.020436177,8.284839,-0.35925636
7428,-0.109448455,-0.037708007,8.302137,-0.43520057
7429,0.1341012,0.20626298,13.525074,3.0584488
7430,0.052308723,0.043050133,8.35831,-1.8436966
7431,0.11528784,0.018820463,8.36499,-1.8868476
7432,-0.005362168,-0.16772656,13.97335,1.098454
7433,-0.033825576,-0.161569,13.972597,1.0928856
7434,0.06746179,-0.13651182,7.965529,-0.88916904
7435,0.085606314,0.15257242,9.030625,-1.7126503
7436,0.0037862882,0.16508245,10.405125,-0.11708496
7437,-0.043624442,0.19305965,8.554259,1.0113717
7438,0.20957673,0.030630505,13.509143,3.1991785
7439,0.1353308,-0.04795716,11.59533,5.846121
7440,0.02393464,-0.041916274,13.501434,3.2241755
7441,0.093746975,0.023672367,13.492605,3.1723228
7442,0.04156641,-0.10007827,10.606189,5.812444
7443,0.064045295,-0.13338701,10.614523,5.8528457
7444,0.0045751147,-0.10774259,8.815894,3.3539786
7445,0.13654152,-0.09580485,11.415785,6.524295
7446,0.12574047,-0.0862541,11.483837,6.5057693
7447,0.107124686,-0.115743615,11.427006,6.4632998
7448,0.07469171,0.06261062,8.302025,1.6626052
7449,0.11726047,-0.015758505,8.287234,1.6645561
7450,0.15742421,-0.11493869,8.461327,1.7533642
7451,0.074460045,-0.016625308,8.489997,1.6223322
7452,-0.11936675,0.1798543,11.739006,1.3849951
7453,0.07636873,-0.08478454,7.318356,3.2091835
7454,-0.098783046,0.22364478,11.668331,1.5176913
7455,0.04163152,0.10512398,12.642141,2.8054085
7456,-0.0012543276,-0.13501032,7.3478236,3.3260665
7457,0.03879576,-0.11413081,7.309369,3.3637617
7458,0.07320449,-0.041086767,11.690668,3.5384347
7459,0.17469692,-0.12817822,9.573043,6.3054547
7460,0.08927056,0.008650972,10.924732,4.048382
7461,0.07566734,0.05826947,9.715524,2.1511097
7462,0.15711759,0.017559392,6.752434,-1.056821
7463,0.05374272,-0.19090615,6.878256,5.8762684
7464,0.1255508,-0.13304994,10.200264,5.845691
7465,-0.061421663,-0.23530957,8.2454815,5.1171346
7466,0.069914535,-0.13622013,8.579001,5.1425796
7467,-0.06412931,0.07057026,11.378217,2.9195197
7468,0.1516017,0.010636305,11.634544,3.8935452
7469,0.2395972,0.09133178,11.729467,3.8883824
7470,0.11859259,-0.036585446,10.885724,-0.38595098
7471,0.1616258,0.005566653,10.8792515,-0.2659291
7472,0.08091401,0.052039176,10.794593,-0.3222695
7473,0.13044333,0.039204113,8.8533,1.6051251
7474,0.17583218,-0.053629503,8.687563,1.6131668
7475,0.13540918,0.11435023,8.823434,1.5392525
7476,0.034111723,-0.24580443,8.282713,5.275391
7477,0.055568054,0.124968946,9.984987,4.621762
7478,0.106052846,0.055639565,9.953401,4.7159743
7479,0.12456173,-0.18444583,8.983572,4.777546
7480,0.12109223,0.009513583,9.695039,5.1009903
7481,0.05034679,0.06122557,9.742524,5.1462464
7482,0.1405355,0.019778041,9.807059,2.527484
7483,0.047928274,-0.16365097,5.3406014,0.81004703
7484,0.041185588,-0.11215721,5.4848075,0.92098135
7485,0.15154451,-0.17071687,5.5269365,0.9378079
7486,0.123196065,-0.025852203,5.3921704,0.8028467
7487,0.11475833,-0.14262804,5.3894124,0.83769816
7488,0.17189442,-0.09494764,8.207587,4.2088413
7489,0.12118727,-0.104779415,12.071504,3.3144128
7490,0.0048457384,0.014886556,11.293364,4.809485
7491,0.055987604,-0.12822649,7.869779,1.4866793
7492,0.10857873,0.022266855,11.017337,2.7416453
7493,-0.012559619,0.12946592,11.095523,2.7355926
7494,0.036941513,0.08659174,13.209574,2.8809152
7495,0.08432212,-0.14775416,11.4685,-0.47489896
7496,0.06243053,-0.065505214,11.504002,-0.44728804
7497,-0.05558342,0.20084885,11.478171,-0.39916384
7498,0.14198883,-0.03736902,9.956507,-0.57052237
7499,0.02192507,0.1378575,11.47899,-0.3833819
7500,0.026573151,0.3135899,11.444941,-0.373999
7501,-0.031151082,0.13592936,11.455746,-0.40043786
7502,0.1627948,0.088819824,10.593158,-0.9222738
7503,0.012264706,0.14504331,11.535345,-0.35791028
7504,0.091364995,-0.12563278,11.421386,-0.9040974
7505,0.13005981,-0.026644848,11.386584,-1.015875
7506,0.19142167,-0.117143065,8.3720045,7.1185985
7507,0.13226348,-0.15224689,8.445205,6.264408
7508,-0.0075934455,-0.042645678,6.349822,1.3767321
7509,0.021421123,0.11966403,10.693704,1.4163826
7510,0.06641326,0.19498006,10.824535,1.5365053
7511,-0.03875125,-0.061653197,10.711672,-0.60044444
7512,0.017330319,-0.043294504,6.303957,-0.54835814
7513,0.15418172,-0.22823629,6.3650084,-0.6341912
7514,0.13848713,0.14807352,10.883014,1.3160032
7515,0.020703048,-0.13376248,8.251535,4.782325
7516,-0.13606717,-0.013694642,8.768219,5.5069294
7517,-0.07417956,0.15789981,10.036545,0.59503007
7518,0.06257249,-0.12197415,8.25723,4.6725097
7519,0.08037264,-0.08844084,8.257205,4.7814283
7520,0.09182872,0.0730822,9.805042,1.9665387
7521,0.0023079738,-0.04918871,12.206953,3.0796099
7522,0.075093076,-0.082242385,9.9720335,5.6488657
7523,-0.007082382,-0.011733794,9.919744,5.397547
7524,-0.023591824,0.01721011,11.867016,3.3451805
7525,0.03657821,-0.05703535,7.3449326,3.898047
7526,0.098421484,-0.07337921,7.3668814,3.8224123
7527,0.19907695,-0.21854085,7.9855375,2.45955
7528,0.19644862,-0.18717608,7.870309,2.40223
7529,0.24475536,-0.19613677,8.652411,3.3330383
7530,0.17755863,-0.039258387,7.658796,2.116159
7531,0.09386024,-0.03986203,8.525774,5.1847167
7532,0.086618975,-0.076017834,8.392057,5.4180536
7533,0.10978797,-0.17718174,9.392599,5.443344
7534,-0.029770419,-0.084438115,10.664173,2.459456
7535,0.06131562,-0.26162532,6.5434246,2.0888212
7536,0.024999853,-0.0075517725,9.816193,3.0185947
7537,0.015703455,-0.12340753,7.6451945,4.0381603
7538,0.13430686,-0.12508625,7.5566597,3.6588027
7539,0.07006619,-0.09910253,7.772722,4.131128
7540,-0.021970693,0.023719212,11.170075,0.17600991
7541,-0.009872882,0.17703845,12.092283,-2.0430813
7542,0.068314046,-0.04607034,11.58306,5.8192368
7543,0.06547233,0.08339119,12.783589,0.6603468
7544,0.04787621,0.18059888,12.092838,-2.0420136
7545,-0.02454253,0.19350958,10.593828,2.252594
7546,0.1730521,-0.05097197,7.9024105,2.164385
7547,0.21056569,-0.09349414,7.8943853,2.1809578
7548,0.08450828,0.04345441,10.213962,1.1507013
7549,0.25122875,-0.026865607,7.9599686,2.1548343
7550,0.059104055,0.07385551,12.432959,3.2795386
7551,0.13591409,0.2535639,10.153156,-0.113460556
7552,0.110024095,0.22519276,10.133684,-0.10097007
7553,0.010220312,0.07828225,5.943567,1.7833644
7554,0.038886584,0.15585966,12.499678,3.2502856
7555,0.09930791,-0.0093580745,7.9180703,4.0994806
7556,-0.04948727,-0.059484668,12.476319,3.3680844
7557,0.06963169,-0.10980936,10.448104,4.5921803
7558,0.06881444,-0.23437692,8.83265,6.5016155
7559,0.064068355,0.019918991,11.548255,5.0039153
7560,-0.001331564,0.06294188,11.11185,2.4964309
7561,0.039877683,0.055736296,11.087562,2.3877237
7562,0.10583845,0.08169796,8.936259,-0.8724843
7563,0.0508909,0.105662555,9.548932,0.23040439
7564,0.107385635,0.1537465,9.540479,0.34058556
7565,0.01432094,0.06444031,11.183985,3.2935417
7566,0.14099653,0.20178428,11.77284,0.5659065
7567,-0.029505886,0.33090967,11.850271,0.5074746
7568,0.18839476,0.13301687,9.071364,2.1721895
7569,0.060924426,-0.10809542,9.929529,6.0106435
7570,0.1562232,-0.08378063,9.979162,5.961961
7571,-0.024197455,-0.13143821,5.662569,3.918147
7572,0.033033624,-0.1782302,8.002265,6.7784724
7573,-0.027298901,-0.06498178,5.7437124,3.8987203
7574,-0.06485197,-0.14323868,5.6797724,4.0054297
7575,0.12974247,-0.115428045,9.274304,2.6998568
7576,0.056709997,-0.13652432,9.111848,2.855072
7577,-0.023960644,-0.14407197,7.697213,5.9556
7578,0.0041862167,0.17070761,10.500319,-0.5539713
7579,0.076474935,0.07651292,12.639695,3.7954974
7580,0.15416855,0.029386105,11.058784,4.7523203
7581,0.08158935,0.14075862,11.498049,4.3200517
7582,-0.109159045,0.22594681,12.008867,2.232057
7583,-0.009581899,0.076553255,10.607828,1.1841898
7584,0.109213725,-0.108504444,10.014886,5.0864344
7585,0.0030092783,0.050188556,12.561528,3.2065067
7586,0.2208859,-0.089256674,10.413843,-0.02483723
7587,0.09541011,-0.15800144,9.6207,1.73738
7588,0.15015207,-0.1402327,10.068346,4.8224874
7589,0.1674768,-0.08522636,10.088218,4.8088937
7590,0.057721987,-0.029543933,10.071959,4.851971
7591,0.1506153,-0.13540895,10.031438,4.812639
7592,-0.08968522,-0.04093264,10.060263,2.3033442
7593,-0.024339791,0.0030333232,12.652593,2.8380957
7594,-0.03913474,-0.0135988295,8.303511,3.3847728
7595,-0.03581373,0.06243421,8.181842,3.4207942
7596,0.09367189,0.009028779,8.218847,3.391981
7597,0.16663761,-0.11480363,10.431313,5.7420115
7598,0.1350721,-0.12890112,10.541957,5.8531494
7599,0.021178879,0.19066492,10.54867,0.71131986
7600,0.031395726,0.25225767,12.785279,2.7469702
7601,-0.022614077,0.24568489,12.779442,2.4586728
7602,-0.042016223,0.10208611,12.690441,2.3391104
7603,0.14529902,-0.018477343,10.649528,1.8207414
7604,0.24417761,0.073254526,9.705287,3.5495784
7605,0.20240533,-0.08930353,9.87513,3.6178095
7606,0.24755248,0.025622217,9.594695,3.5201867
7607,0.15146582,-0.18512157,9.409303,5.2891526
7608,0.09216918,0.055273764,12.146821,3.5935013
7609,0.27284727,-0.08750236,8.6898365,2.5869567
7610,-0.13551523,-0.034356393,7.7878914,5.8734827
7611,-0.061899185,0.071007915,6.084758,1.1137358
7612,0.17527956,0.038416862,11.405774,0.054016974
7613,0.05613835,-0.08784416,8.035139,4.566809
7614,0.008331209,0.16374987,12.420685,2.6918743
7615,0.10605058,-0.16936772,9.543804,4.4003425
7616,-0.0015926212,-0.021494487,6.321721,1.1358849
7617,-0.0074300095,-0.14698356,9.268551,0.5638707
7618,0.04956299,-0.083172634,9.494028,4.4192367
7619,0.15776744,-0.07894321,6.8257875,-0.6225454
7620,0.064093694,-0.034132697,8.925424,3.7104447
7621,-0.20456417,0.14295365,7.8515544,2.7068624
7622,0.011200435,-0.16340603,8.228549,4.870804
7623,0.051227607,-0.11400604,9.521791,5.003796
7624,0.068080075,0.025346225,9.606969,4.8951416
7625,-0.046666533,0.09435814,10.007757,2.1204715
7626,0.16673386,-0.18961231,9.625904,0.73164463
7627,0.068196826,0.022994695,6.9789515,1.163151
7628,0.13884714,0.035973005,6.946467,1.103294
7629,0.1274494,-0.12085208,6.938574,2.623444
7630,-0.1150866,0.10653119,5.95278,4.468211
7631,-0.19338912,0.09419218,6.0756955,4.544934
7632,0.102586135,-0.05658035,8.577889,3.0918684
7633,0.17202789,-0.04956311,8.107131,3.2243776
7634,0.1238336,-0.1256491,8.066278,3.184146
7635,0.03697049,-0.23449408,7.67924,3.7755558
7636,0.077898726,-0.077822104,7.211364,5.463977
7637,0.08672905,0.29068914,10.986208,1.4990976
7638,-0.015215458,-0.01086114,12.142505,3.3145568
7639,0.049073555,0.00021070056,12.1203575,3.3041365
7640,0.046237275,-0.06973346,13.5806875,5.7099442
7641,0.046738178,0.006054351,12.566027,1.3062718
7642,0.09899466,-0.033516593,12.202857,1.5783583
7643,0.011881571,0.3103198,9.760456,1.6729723
7644,0.09265366,0.04171527,10.916972,6.2252374
7645,-0.064538226,-0.082961574,8.561468,3.824842
7646,-0.01438738,-0.09202745,8.582631,3.7891753
7647,-0.003201019,-0.0684935,8.576751,3.8117511
7648,0.029685482,0.08301227,12.402503,0.9195238
7649,0.058730595,-0.03723464,12.154124,3.5012221
7650,0.06956642,0.1479284,10.889194,1.4544737
7651,0.10640749,-0.009606872,12.141837,5.62495
7652,0.13592678,-0.0003894996,12.210134,5.6515713
7653,0.07532908,-0.06298353,11.008122,5.4069943
7654,0.16826203,-0.21995446,8.833974,3.773819
7655,0.15557756,-0.26083902,8.163237,3.4763386
7656,0.26984772,-0.2219536,8.1861105,3.3322
7657,0.27125454,-0.20514292,8.159141,3.3454428
7658,-0.007103823,-0.11650737,12.516475,4.9619336
7659,-0.010782085,-0.019417724,10.071177,2.3632739
7660,0.010888979,-0.045855395,12.096338,3.2908556
7661,0.011088803,-0.0077318167,7.4142194,0.6009294
7662,-0.008110944,-0.01287478,12.139903,3.3890662
7663,0.14081779,-0.052584022,11.886093,5.386448
7664,-0.028183304,-0.00864399,11.902016,5.4556265
7665,-0.014586667,-0.038769223,13.600466,5.743416
7666,-0.07506031,-0.09069076,13.58233,5.7415285
7667,0.12696306,-0.018771147,9.18989,2.9744625
7668,0.12330675,0.047216587,11.767242,5.3574586
7669,0.046964563,-0.030224033,10.634033,2.714444
7670,-0.06750149,0.046861492,10.534762,2.7034328
7671,0.07344042,0.026012016,9.467073,3.724291
7672,-0.10239394,-0.17712742,6.352345,1.8140938
7673,-0.014074277,0.21253014,9.926366,-0.8707463
7674,0.13256986,-0.20218898,6.8237996,1.686249
7675,-0.09507218,0.14069688,10.074376,-1.3016384
7676,0.017834391,0.037297927,11.551066,0.11269545
7677,0.06765443,0.08981079,10.645736,2.678276
7678,-0.015164429,0.05309105,9.6667,3.5098708
7679,-0.0483219,0.20619853,12.499879,2.0292742
7680,-0.019486438,-0.13555808,12.297045,2.1431077
7681,0.17324233,0.11798169,8.906065,-1.5477815
7682,0.047966197,0.14013432,8.913202,-1.556655
7683,0.0288876,0.034900613,12.388875,2.2582483
7684,-0.040865123,0.27027676,12.287907,2.1510875
7685,0.07685861,0.016209552,12.393403,2.2676015
7686,0.14380625,-0.11700202,9.747699,5.278161
7687,-0.026965722,0.21591057,12.380359,2.028418
7688,0.09486905,-0.12639639,7.965733,1.4183339
7689,0.13604747,0.10842304,11.013489,3.614507
7690,0.13722035,0.08789676,10.853365,3.5832107
7691,0.114680886,0.040115923,12.689479,3.6200147
7692,0.028436646,-0.04186725,10.613352,2.7757196
7693,-0.04118634,0.3080162,10.679423,0.2763069
7694,0.0992434,0.038965262,7.649045,1.3512799
7695,-0.09413635,0.00926636,9.645676,-1.1004642
7696,0.041721836,-0.117683046,9.657135,-1.0743375
7697,0.023906901,0.05282736,9.648571,-1.0436507
7698,0.03326735,-0.020188829,10.197203,-2.1491039
7699,-0.035276692,0.08169122,12.021968,2.2049825
7700,-0.023177117,0.09245341,12.2391205,2.2247732
7701,0.038248003,0.030961314,9.623145,-1.1497816
7702,0.037141517,0.09419316,9.629579,-1.1043892
7703,0.12361348,0.13745034,9.242298,0.30329242
7704,0.0096593425,0.130218,9.45494,-2.4137397
7705,-0.06744317,0.3745645,11.091782,1.4210358
7706,-0.056002967,0.27710816,9.588206,-0.56987864
7707,-0.07334818,0.10394001,8.221581,0.9168503
7708,0.0872135,-0.0512017,9.174761,1.3091427
7709,-0.04789527,-0.06168011,7.237997,-1.3457963
7710,-0.15932783,0.14209738,8.661935,-0.37772942
7711,-0.07049759,0.06367062,7.2907224,-1.4282916
7712,0.047274604,-0.09993286,8.6767235,2.9011762
7713,-0.003977217,0.08118,12.671023,3.8794272
7714,0.12201053,-0.022128236,12.370122,3.7455442
7715,0.06311804,-0.0055114105,9.506272,4.32306
7716,0.17124423,-0.0021746252,9.5150175,4.386556
7717,0.1668077,0.11574067,9.559464,4.339101
7718,-0.106659986,-0.0301409,7.3588843,-1.3825276
7719,-0.02803864,0.061523512,7.33789,-1.3893973
7720,-0.066168904,-0.011480318,8.483741,-0.81283414
7721,0.08382706,0.15799177,12.04888,2.0460567
7722,0.16081536,-0.028031314,10.559001,1.5066818
7723,0.048622474,0.1373956,12.202373,2.0557451
7724,0.064810544,-0.05727219,7.131981,1.296997
7725,0.05074203,0.08528536,9.075446,4.5178065
7726,0.124519706,0.03819736,9.058673,4.591296
7727,0.099101484,-0.04382004,8.876384,4.668987
7728,0.037283644,0.27676037,11.424009,1.1529735
7729,0.073903516,-0.108053125,9.872317,5.5097995
7730,-0.032201976,0.14351371,11.543939,2.3757486
7731,0.02562305,0.060866006,11.435174,2.207982
7732,0.038354248,-0.15739289,9.885068,-0.4699865
7733,-0.11690854,-0.022578556,5.505763,1.5558299
7734,0.024823442,0.02484828,8.400066,1.0746857
7735,0.082472205,0.17150386,10.95433,0.39746445
7736,-0.02562195,0.10608317,9.269995,1.5814469
7737,-0.030400366,0.17938216,9.29987,1.5540857
7738,0.0107054,0.00013263151,9.264583,1.5815612
7739,0.10399747,0.31279942,11.936469,1.7193927
7740,0.044134244,0.18550941,10.715853,1.8486723
7741,0.11925319,0.0986058,9.613214,-0.052095555
7742,-0.041211717,0.21855739,11.780886,2.1338496
7743,0.019588225,0.09492338,11.67204,2.1003585
7744,0.10181835,-0.07145502,10.024957,2.9467804
7745,0.09492259,0.21785042,12.277758,2.2042263
7746,-0.06149743,0.16867675,11.884722,2.2749493
7747,0.119342685,-0.08539799,6.4699574,-0.8286323
7748,0.004255321,0.032448374,12.322595,2.2774198
7749,-0.046955124,-0.1299192,8.577257,1.0648415
7750,0.04819362,-0.12954274,8.48833,0.99443924
7751,0.096990705,0.17024018,12.896209,2.4851499
7752,-0.10090528,0.017877882,11.329637,2.6754866
7753,0.026423998,0.3202428,12.851276,2.5515847
7754,0.1372743,0.2623144,10.659577,0.53870463
7755,0.045388803,0.10386917,11.145484,0.84489536
7756,-0.07227479,0.10797283,12.449667,2.6452484
7757,-0.033016793,0.23107506,11.339342,1.3821642
7758,-0.056990102,-0.122676715,6.7546606,2.2116141
7759,-0.084309794,0.06758628,9.92377,1.7385368
7760,0.048410244,-0.22057068,6.7087755,2.2504137
7761,0.004309222,-0.1038339,6.767524,2.207503
7762,0.09868884,-0.18733725,6.722052,2.2580907
7763,0.0369042,-0.053570285,10.029016,6.824631
7764,-0.042074405,0.29717383,10.71224,0.61944604
7765,0.0917539,-0.12107896,8.714384,0.8330842
7766,-0.13351339,-0.043957733,12.3285885,2.9653268
7767,-0.08941834,-0.042380072,12.29398,2.984225
7768,0.11147852,0.0728789,12.345291,2.669818
7769,0.08418908,-0.15301389,6.541312,0.84947145
7770,0.070436746,0.19688027,10.279457,-0.5614798
7771,0.032645144,0.0621413,7.207401,0.13905972
7772,0.12072328,0.15602294,12.589103,2.4517765
7773,0.014938198,0.14812435,10.6986685,2.6106544
7774,0.20339525,0.042438656,7.646943,0.9082231
7775,0.2427797,-0.06430152,9.834508,2.7900052
7776,0.17992505,-0.16621499,9.746334,2.6970496
7777,0.13829756,-0.037007213,9.894815,2.845957
7778,-0.062520795,0.098200694,11.605413,2.532185
7779,0.06857726,0.13426799,9.511886,1.3659555
7780,0.09709719,-0.009510448,9.418516,2.0097508
7781,0.028174989,-0.056146793,12.2056875,2.5469189
7782,-0.07107128,0.017235773,9.143097,-0.58574593
7783,0.020155672,0.19509587,12.229628,2.2873585
7784,0.07157846,-0.04017222,12.186545,2.1770062
7785,0.04501535,0.15854846,8.366603,3.4833474
7786,0.108970016,-0.11690159,10.109625,4.4909177
7787,0.14759777,-0.15237516,10.150749,4.5357847
7788,0.06203328,-0.0621401,10.837808,4.7518883
7789,-0.059945993,0.28343937,9.746707,0.6919907
7790,-0.21071005,0.11390284,8.911902,1.376135
7791,-0.119086355,-0.11667667,7.212053,3.2845888
7792,0.042146765,0.09088418,10.634694,-0.7546332
7793,0.104623035,0.16157494,9.472833,-2.4723487
7794,0.09322822,0.13101834,9.46643,-2.4490862
7795,0.057580367,0.16824387,9.46755,-2.4725733
7796,0.09173101,0.06953901,9.471624,-2.4778028
7797,0.007981606,0.072527274,10.779258,-0.67709166
7798,0.19795336,0.04529146,9.181932,2.6351378
7799,0.22781053,-0.07514469,9.167426,2.9098854
7800,-0.06306536,0.00084876455,11.643942,1.800235
7801,-0.023249924,0.13968809,12.1826,2.0864122
7802,-0.011324143,0.17473125,12.294542,2.1440117
7803,0.0058933236,-0.17958981,7.7022147,1.90765
7804,-0.06909353,-0.09792068,8.2249,1.5148747
7805,0.019797996,0.14207128,12.265498,2.0971541
7806,0.21474308,0.019008396,9.095025,-1.5758157
7807,0.043363966,-0.30483475,7.6558733,5.1892214
7808,-0.13158602,0.1986966,12.227933,2.1477718
7809,-0.022936609,0.18433884,11.922294,2.2864137
7810,0.0041019917,0.19517821,11.805118,2.2627769
7811,0.067418754,0.15398717,8.392161,5.877676
7812,-0.008422894,0.022379825,12.369285,2.2324967
7813,0.19179365,0.0901015,10.1271715,2.9326134
7814,0.15144508,-0.040606346,8.704071,5.263382
7815,0.05966554,0.031844385,12.366293,2.257246
7816,-0.0015446618,-0.11355218,8.753876,-0.94813687
7817,-0.019012544,0.10684344,11.151757,0.9168043
7818,0.08953269,0.03952705,8.674642,-0.60717785
7819,0.0838355,0.21372262,11.243075,1.7003416
7820,0.26444086,0.13608634,9.837871,0.2683803
7821,0.26902163,0.051320866,9.758907,0.24980038
7822,0.23694599,0.110228345,9.826877,0.42165697
7823,-0.03279939,0.08376315,12.384371,2.20617
7824,-0.032047026,0.16658805,12.289693,2.2311552
7825,0.09130892,-0.0788017,9.048864,6.35685
7826,-0.030583978,0.031926043,12.305747,2.324206
7827,0.021033384,0.13856006,12.348759,2.183676
7828,0.17377889,-0.10247171,9.1770315,1.1764919
7829,0.1981113,-0.10155675,9.20895,1.2081523
7830,0.23499349,-0.0236055,8.030872,2.4670475
7831,0.18838155,-0.17955546,8.415767,3.1184595
7832,0.1767633,-0.21016064,8.465581,2.9426873
7833,0.20227575,-0.10890562,8.412605,3.0233881
7834,0.09312232,0.32350394,12.4431505,2.208475
7835,0.07236725,-0.021650365,8.134767,5.7530746
7836,0.09726401,0.06406491,11.06622,1.3194469
7837,0.0101237,0.09315879,12.750954,0.68045855
7838,0.1285564,-0.21996635,8.205833,3.831451
7839,0.041196316,0.122656405,12.364172,2.1933753
7840,0.104977876,0.12875131,12.273664,2.0881498
7841,-0.014067829,0.09408474,12.191609,2.3230608
7842,-0.11838205,0.12501013,11.49796,2.503249
7843,0.029157087,0.086859494,11.502838,2.4111311
7844,-0.011671269,0.18233517,11.5489435,2.5131757
7845,-0.018389903,0.1649147,11.520501,2.3622086
7846,0.011653673,0.22245622,12.325584,2.2215447
7847,-0.11789705,0.05768384,12.083922,2.3926103
7848,0.17295346,0.06849702,9.946607,-0.07601946
7849,0.04520818,-0.10682407,7.154335,1.8038032
7850,0.05682051,0.063996345,10.155395,-0.15544847
7851,0.11013709,-0.0527639,9.360711,0.39441606
7852,0.109887496,0.041907772,9.517407,0.25314936
7853,-0.087674744,0.11853753,11.980594,2.3845232
7854,0.0044701435,0.17597498,11.186051,2.5319695
7855,0.117318004,0.025871238,10.654735,2.9919126
7856,-0.019320153,0.094468355,11.804594,2.4448566
7857,0.12850524,-0.0012658667,9.563262,-0.6366672
7858,0.11702354,0.12946205,7.5340548,0.323015
7859,0.15021282,0.06955058,9.613846,-0.90937895
7860,0.019497797,0.2537288,11.945182,2.2868934
7861,-0.021227513,0.10977128,10.053419,3.893625
7862,-0.07956231,0.17805651,12.167403,2.3792818
7863,0.015066586,0.123950854,12.073809,2.4693604
7864,0.011813693,0.27069655,12.106049,2.3370507
7865,0.060045972,0.32104948,12.381666,1.1087434
7866,-0.04421726,0.12590551,11.98179,3.444008
7867,-0.037864167,0.062431663,11.570076,0.9091929
7868,-0.063159786,0.20713156,11.665257,0.9422236
7869,0.09777625,-0.045157753,7.967422,2.1754582
7870,-0.06331436,0.086015716,9.972452,2.265562
7871,0.2022647,-0.007806454,7.9458528,2.0333269
7872,0.11879599,-0.17206176,7.9638715,2.2721026
7873,0.15361637,-0.09954472,7.9454117,2.1665113
7874,0.18882494,-0.09693548,7.890789,2.114435
7875,-0.04218242,0.31796616,12.731797,2.5040877
7876,0.0835222,0.12563157,11.071644,-1.179473
7877,0.19253951,-0.117267795,8.133191,3.5352561
7878,0.2573028,-0.015912225,8.11741,1.5097474
7879,0.09356776,0.15401347,9.960943,2.3549075
7880,0.1714837,-0.024830434,10.521516,1.5059719
7881,0.13385347,-0.0886689,10.445951,1.5391859
7882,0.068308115,-0.053892776,8.023167,2.193518
7883,0.027416162,0.12259552,10.944227,1.7202603
7884,0.13232121,0.049049586,12.569575,2.9662766
7885,0.044885613,0.057602644,11.487266,2.974711
7886,0.074468635,0.05358289,11.197251,3.3158376
7887,0.07042594,0.04702927,11.093835,3.3492332
7888,0.06063634,0.078914836,11.240988,3.3999581
7889,0.12207559,-0.058117166,11.168519,3.3775482
7890,0.16005298,-0.07744476,9.9536705,4.668913
7891,0.07601238,-0.027029982,11.690023,4.1121073
7892,0.05944775,-0.14805427,6.213221,4.6502857
7893,0.111062646,0.19649786,12.506469,1.9299928
7894,0.006320901,0.22435534,12.4218445,2.1093454
7895,0.07409516,0.005300259,6.5246854,-0.6231432
7896,-0.028602663,0.018231204,10.692734,2.5390458
7897,-0.022618383,0.12793985,10.770747,2.356335
7898,0.04289317,-0.044195056,10.543914,5.349391
7899,0.1333838,-0.09134389,10.567287,5.3462315
7900,0.018329293,0.12440503,10.98564,-1.3822218
7901,0.11272536,0.088727884,11.025154,-1.3503815
7902,0.18760176,0.1544734,10.967155,-1.3740522
7903,0.1282165,0.058846362,10.956089,-1.3953542
7904,0.04399176,0.050238006,11.004531,-1.3917357
7905,0.0048839003,-0.13486446,8.778795,-0.920794
7906,0.02406007,0.15589881,10.965142,-1.3375577
7907,0.13757257,0.1833959,11.092665,-1.4414439
7908,0.17504488,0.043204397,10.947587,-1.3677078
7909,0.05083114,0.11701402,10.417978,-1.2938912
7910,-0.08913012,0.07433253,3.8762884,3.4013734
7911,0.08935708,0.23411706,10.3777895,-1.7442812
7912,0.026526779,0.123829424,12.529442,2.1350818
7913,0.1608097,-0.033563856,10.494538,4.607738
7914,0.09108701,-0.036011145,10.416578,4.527121
7915,0.03581406,-0.08445552,10.361383,4.5683775
7916,-0.11465241,-0.16708538,7.7380533,3.790791
7917,-0.07588711,-0.036616996,8.77918,-1.6807743
7918,0.04584103,-0.08856526,10.549482,4.9868603
7919,0.105386734,-0.16448095,8.506714,4.436772
7920,0.09575239,-0.2271047,11.648311,-0.8893197
7921,0.21066222,-0.20452152,8.164733,3.2058973
7922,0.006345827,0.05978401,8.376222,4.43798
7923,0.15364029,0.03551826,10.137488,3.0771668
7924,-0.11945491,0.07609776,10.22021,4.3125696
7925,0.1202891,0.1424003,13.048541,2.6753983
7926,-0.057768546,0.04087752,10.111928,4.4518404
7927,0.06751144,0.03254249,12.861645,0.1683842
7928,0.105555624,0.026337018,12.306211,-0.81813467
7929,0.10900821,0.062092096,11.167824,2.0884411
7930,-0.015644148,0.0732255,11.633795,2.549762
7931,0.03168562,-0.20456958,10.349563,5.753148
7932,-0.045168124,-0.13478354,10.462224,5.7910037
7933,0.13816926,-0.07821922,11.132316,5.382577
7934,-0.07199682,-0.10269916,6.699468,4.7530556
7935,-0.23632619,-0.058850355,5.7463465,1.4162582
7936,-0.21416315,-0.12536418,5.728691,1.4216307
7937,-0.2083356,-0.07086354,5.6296406,1.5809212
7938,-0.07300978,-0.05841504,6.7562275,4.9009447
7939,0.028673768,-0.06340497,11.888069,1.8677156
7940,-0.043657962,0.28013638,11.57093,0.9485552
7941,0.058266886,-0.052149266,8.4013605,1.4345746
7942,0.068994954,0.08094035,8.305482,1.3641001
7943,0.08806001,-0.070276685,8.042966,1.1704849
7944,0.026015103,-0.022541262,7.841235,4.9470105
7945,0.02530884,0.0066299513,7.855139,5.0905595
7946,-0.11480538,-0.15112695,8.378733,0.39714935
7947,0.05291944,-0.13438185,8.49372,1.4043825
7948,0.08982706,-0.13549738,8.239799,1.4361461
7949,0.10084322,-0.10289278,9.871087,5.678756
7950,0.041631646,-0.037594557,10.730406,6.327796
7951,-0.028784454,-0.03001287,7.127468,2.852719
7952,0.106942296,0.14787282,7.3024797,-0.17726608
7953,0.07724661,0.18663242,10.264352,3.070267
7954,0.013460897,0.28928903,10.681325,-1.0019945
7955,-0.081886366,0.07557778,9.827358,2.5863168
7956,0.039137274,-0.13110223,9.7687235,2.5918076
7957,0.021651566,-0.049519904,9.773469,2.586311
7958,-0.13223542,0.1760754,12.258911,2.2962098
7959,0.025594264,0.10139461,12.473716,2.161685
7960,-0.011493521,0.005370466,12.244713,2.3792858
7961,-0.0025918595,0.12627622,11.127647,2.566061
7962,-0.105325595,0.34962168,11.589111,0.88425916
7963,-0.088961594,0.13052242,12.507715,2.1222324
7964,-0.15167473,0.23433527,12.43397,2.2183778
7965,-0.21174057,0.16069853,8.30873,1.5258828
7966,0.14047956,-0.19794542,8.1154785,3.517957
7967,-0.1763298,0.21160626,11.206943,3.0123727
7968,0.05946576,0.067803055,10.967474,3.751331
7969,0.15551592,0.26097095,9.802033,-0.11135325
7970,0.14233664,0.2899941,9.774224,-0.041119047
7971,-0.08558747,-0.0032144608,10.392887,2.830039
7972,0.0013233572,0.14472947,9.97541,1.7774373
7973,0.21097618,-0.0630502,6.6189094,-0.7745939
7974,-0.026878566,0.2680248,9.119803,-0.94681007
7975,0.013314117,0.07742424,9.755058,1.6231767
7976,-0.02520874,0.10179695,12.371231,2.3982842
7977,-0.16603588,-0.09527914,7.819728,3.0820687
7978,-0.073913455,0.09466613,12.311779,2.328829
7979,-0.2021371,-0.024908967,7.576424,3.0734258
7980,-0.06028267,-0.15859438,7.619248,3.070715
7981,0.058993228,0.13451537,12.449151,2.2702084
7982,0.039757892,-0.2210041,7.694899,2.8847213
7983,-0.0067262053,-0.15339467,6.077771,1.3786776
7984,-0.02800012,0.06091985,6.139896,1.3637471
7985,0.0086341165,-0.1900327,6.057264,1.3838111
7986,0.15452555,0.14892675,10.226333,1.6084538
7987,0.106047034,-0.09639826,8.822735,0.6104235
7988,0.20756295,-0.02850136,8.852041,0.5709942
7989,0.23207802,-0.040626794,8.766001,0.5658906
7990,0.17448445,-0.01036215,8.870349,0.5734416
7991,0.24591011,-0.05686105,8.82849,0.58620626
7992,0.0028141737,0.32694146,10.055219,-0.24636763
7993,0.04416983,0.08814828,9.732143,1.8208947
7994,0.18698809,0.20733303,9.968366,-0.29579833
7995,0.004308548,0.05387722,9.067427,0.9275596
7996,0.044048265,0.03135202,8.616582,-1.6668298
7997,0.10122082,0.03308589,9.090171,-1.0404941
7998,0.071220025,0.06065826,8.562878,-1.7145721
7999,0.08937085,0.12967077,8.663039,-1.6664534
8000,0.10074319,0.05485879,8.647937,-1.6139979
8001,0.02447148,0.31347528,11.88757,1.1774983
8002,0.112552136,0.021279013,11.307684,3.4662402
8003,-0.060108352,0.07963729,12.532793,2.1377754
8004,0.10546543,-0.029140249,8.814447,4.812521
8005,0.022039294,0.12044123,12.55961,2.1774602
8006,0.1051224,0.204216,11.464769,6.011759
8007,0.10713157,-0.18809307,10.463902,5.675076
8008,0.10404387,0.027185699,10.607528,5.7358284
8009,0.09299877,0.25420696,12.593616,1.9718375
8010,0.08116301,0.2972694,12.601121,2.030133
8011,0.07434172,0.21889985,12.545806,2.1498346
8012,0.08802241,-0.011616326,10.989379,5.1721005
8013,0.091193676,0.4109885,12.901425,2.2783167
8014,-0.006844856,0.059165724,12.47636,2.1630032
8015,0.045845337,0.12166619,12.545884,2.1310098
8016,-0.036436744,0.22862,12.55599,1.8237282
8017,0.08587541,0.016347101,12.522873,2.0337355
8018,-0.020326786,0.23933399,11.684234,0.74708456
8019,-0.060440578,0.13425495,12.540604,2.1596134
8020,0.093398124,0.028469017,12.512442,2.1213596
8021,-0.035869226,0.1368044,11.91209,2.487605
8022,0.061433464,0.034658067,11.681144,2.5288498
8023,0.057567067,0.048944287,12.543315,2.18399
8024,-0.22901079,0.21309736,7.8316417,2.6019835
8025,-0.19618414,0.22974548,9.227567,-1.7764329
8026,0.10908079,0.115009695,11.349377,3.1947026
8027,-0.009723177,0.2564631,10.869889,2.2019112
8028,0.15039115,0.11215253,11.320433,3.1725898
8029,0.10386774,0.25764844,12.639587,2.038537
8030,0.088800214,0.09156985,12.6289835,2.0420866
8031,0.029173695,0.2866324,12.453345,1.753991
8032,0.110890836,0.20606883,12.567351,1.8694109
8033,0.11217219,-0.008502842,12.527397,1.9064194
8034,-0.047516026,0.23475572,12.562237,2.119347
8035,0.038746223,-0.023480773,7.8267245,1.0833182
8036,0.036950104,0.004545182,12.526406,2.198102
8037,-0.035264574,0.16389862,10.065283,-0.3611819
8038,0.1140528,0.08920397,12.648837,2.1871872
8039,0.007951196,-0.122829616,12.614774,2.2100434
8040,0.12086016,-0.10212376,10.085024,4.5034347
8041,0.07234063,-0.017712025,10.130219,4.4095974
8042,0.10306376,0.23742288,12.613861,2.044112
8043,0.121032044,-0.027333105,12.566919,1.9813812
8044,0.16965793,0.033821434,9.1288395,2.9404156
8045,0.084200725,-0.19318268,9.160674,2.7456768
8046,0.011232462,-0.021621946,10.989898,4.071237
8047,-0.034671955,-0.011321792,10.988805,4.081337
8048,0.036702737,0.11439702,7.302569,1.9251388
8049,0.11291695,0.3552594,12.582546,1.9574836
8050,0.1223266,0.20684534,9.602017,-0.9984347
8051,0.1089032,0.2847943,9.5602455,-1.0967262
8052,0.03562042,0.051222794,12.862603,2.5582123
8053,-0.054384477,0.13615692,12.424685,2.1941826
8054,0.033853985,-0.01914569,9.161847,2.2131293
8055,-0.03124458,0.09270558,9.199208,2.1807318
8056,0.016019255,0.10007998,9.23587,2.1467066
8057,0.014481775,0.2429047,9.824571,0.39182955
8058,0.06517481,0.028950298,12.479496,2.1899931
8059,-0.026809331,0.11676055,11.711311,2.5414958
8060,0.0119899735,0.118950754,9.741044,1.5997425
8061,0.15075088,0.008939918,8.003925,0.7774077
8062,0.12088746,0.0007616803,7.494147,2.1853626
8063,0.094814524,0.25330266,9.59751,-0.71734405
8064,0.017674007,0.2908589,9.658004,-0.5890155
8065,0.118590444,0.18121934,12.53973,2.174412
8066,0.017503113,0.07664336,12.523573,2.0757632
8067,-0.039583355,0.11972882,12.489886,2.1158633
8068,0.062422976,0.06103897,12.402777,2.09316
8069,0.006760139,0.07386947,12.507869,2.0898135
8070,-0.040418465,0.24694484,12.468029,2.1708405
8071,0.013767853,0.13409945,12.466332,2.1524255
8072,-0.027324706,0.29301593,12.52187,2.1138303
8073,0.06337899,-0.13772121,8.597985,4.9445357
8074,0.07868128,-0.13717638,8.597601,4.944269
8075,0.07671027,-0.030505866,8.530023,4.7734756
8076,-0.05104903,-0.07534442,9.301188,3.9344745
8077,0.059684053,0.04663685,12.5220375,2.0942636
8078,0.16209692,0.16981035,10.438055,-0.51518446
8079,0.23419577,0.060052104,10.1540785,0.13379116
8080,0.2160177,0.22502254,11.2931185,-0.23188756
8081,0.23273453,0.02664783,7.136618,-0.45086876
8082,0.09178439,0.06913456,12.476101,2.063617
8083,-0.04823064,0.060661472,9.326205,3.4116917
8084,0.02895733,0.14159393,11.758963,1.181487
8085,0.20776397,-0.21197571,7.6764345,2.1535144
8086,0.14439447,-0.18353343,7.616999,2.165146
8087,0.1502099,-0.21238807,8.215515,6.187661
8088,-0.03957621,0.13461664,9.316188,2.321803
8089,0.08154141,0.20963609,10.714741,2.0666547
8090,0.07749158,0.12222311,10.587612,2.2261546
8091,0.10896942,0.20545867,11.335352,1.70806
8092,-0.21947461,0.04416527,9.542212,5.5430403
8093,-0.07566069,-0.07539864,9.586081,6.772594
8094,-0.113455944,0.0065843984,9.604694,6.7771134
8095,0.07713835,-0.04769458,9.593373,6.7744784
8096,-0.0677863,0.060150743,9.578627,6.792022
8097,0.021943774,0.014663702,9.600876,6.7900867
8098,0.11701463,-0.015424693,10.95813,-1.3206213
8099,0.1587143,-0.025235735,10.950149,-1.3441792
8100,0.111056775,-0.009342484,10.960208,-1.3218482
8101,0.1982992,0.053775556,11.062563,-1.3287251
8102,-0.1664555,0.001728652,7.372501,3.1981454
8103,-0.149252,-0.0772832,7.7402153,2.9406145
8104,-0.07184337,0.02975416,9.549731,6.810979
8105,-0.035420362,-0.145204,8.385873,2.2818549
8106,0.045834474,-0.028747711,8.409322,2.270953
8107,0.04290165,0.22805776,9.787434,-1.4884465
8108,-0.012938593,-0.06969114,8.400338,2.2525432
8109,0.08391133,-0.027319785,10.947894,1.8583249
8110,-0.010471895,-0.15605217,8.351235,2.1677248
8111,-0.030669678,-0.12192954,8.451298,2.2042828
8112,0.07148472,-0.17353003,8.269965,2.2570057
8113,-0.01991288,0.04503487,10.243722,2.392372
8114,0.015630163,0.14882298,9.8604355,1.6627975
8115,-0.08150257,0.138268,9.8274145,1.7294389
8116,0.04872206,0.15995964,9.841059,1.6567864
8117,-0.13394904,-0.13327216,6.6861734,0.44938427
8118,-0.0037514009,-0.17058805,8.6578665,-0.5390017
8119,-0.079307385,-0.04171734,6.1933484,5.855431
8120,-0.19118388,0.0074723903,6.5109854,6.0287347
8121,-0.07081553,-0.0788138,9.305323,3.1911254
8122,-0.22392221,-0.047514625,6.867505,0.54687166
8123,0.047052838,-0.15552056,9.449248,6.351091
8124,0.11745609,0.1486789,11.174949,3.1526835
8125,0.031110086,0.108053714,10.456187,1.614411
8126,0.25489148,-0.0074304854,8.826738,2.6711795
8127,0.17014271,-0.05727104,8.081716,3.1316538
8128,0.23563555,-0.1923806,8.052491,3.0768447
8129,-0.20581223,0.14890136,8.750635,-0.43552184
8130,-0.021398257,0.11819869,10.887947,-0.49896145
8131,0.14049006,-0.09076242,9.895296,5.2075753
8132,-0.006149005,-0.047856994,9.821739,5.042884
8133,0.10582931,-0.007128667,9.847847,5.234247
8134,0.0031286776,0.10156901,12.483036,3.6559749
8135,-0.010629207,-0.053240426,10.87221,5.555655
8136,-0.024922352,-0.08244505,12.479861,3.7205808
8137,0.15902254,0.09569001,8.321243,5.6365047
8138,0.059765913,0.123182476,8.56399,0.83619285
8139,0.01376633,0.00655064,8.546134,0.87499696
8140,0.12384842,-0.10443775,8.127779,1.6573954
8141,-0.11954129,-0.12086052,6.3703074,1.064464
8142,0.06393425,-0.16329,6.3713527,0.9717757
8143,0.022593826,-0.05510184,10.693604,2.3885088
8144,0.05092849,-0.23017621,7.9879265,4.5520415
8145,0.030298628,-0.21242377,6.2674265,-0.57928604
8146,0.052163966,0.01277641,9.095922,-0.80887663
8147,0.042786688,-0.059831217,12.863711,3.6806464
8148,0.077388704,-0.08886709,9.686238,4.6125355
8149,0.022106793,-0.08383425,8.416754,1.9678013
8150,-0.0003545694,-0.06037391,8.444975,2.031252
8151,0.013669379,-0.024599718,12.513938,3.7127228
8152,0.009262804,-0.11190836,11.410312,4.3556924
8153,0.027930394,-0.1379773,7.507353,2.7512317
8154,0.07596831,-0.24311966,7.370035,2.845129
8155,-0.03543761,0.3026095,11.527973,0.76927185
8156,-0.058649134,0.17210492,11.423934,0.8564375
8157,-0.0665457,-0.06347223,6.417693,2.8087807
8158,-0.0192858,-0.26630345,8.020699,6.164084
8159,-0.060995672,-0.039158583,7.8832955,4.7967415
8160,0.1109886,-0.102935754,11.4707775,-0.98494005
8161,0.10057962,0.054896742,8.940633,4.2954288
8162,-0.04542275,-0.11953452,6.269818,4.0405555
8163,-0.033029113,0.005460689,6.2048254,4.0546913
8164,-0.10502613,-0.11437013,10.075814,6.477517
8165,-0.021669522,0.18986678,9.108371,0.34558108
8166,-0.021515902,0.1184486,9.307203,1.182935
8167,0.022913784,0.11035207,11.307863,-0.3671375
8168,-0.08959769,0.24786463,11.230551,-0.3236086
8169,0.021121588,0.14295152,11.28223,-0.3554837
8170,0.026558153,-0.10494818,8.475396,3.92549
8171,-0.052632242,0.001942927,10.779847,-1.1241636
8172,0.023384314,0.020140143,10.740962,-1.135138
8173,-0.13365768,-0.09534082,7.7739825,0.4374501
8174,-0.0024846569,-0.11867937,8.215672,2.9877849
8175,-0.111248724,-0.17270766,7.22382,1.3045062
8176,-0.10211755,0.19616681,7.292213,-0.14418276
8177,-0.048238736,0.18945152,7.3104906,-0.18697527
8178,0.1370772,-0.1691145,8.554935,3.8847945
8179,0.029328652,-0.13377671,8.517008,3.9826028
8180,0.12943217,-0.08286656,8.541289,3.9823787
8181,0.045243293,0.12848341,11.593362,0.7251994
8182,-0.047856934,-0.05533024,12.196993,-0.074388094
8183,-0.15421015,-0.024871042,12.221699,-0.063118376
8184,-0.03907005,-0.11687997,12.15644,3.0623782
8185,0.08166054,-0.11659065,8.143816,4.238324
8186,0.040672533,-0.08036481,8.200611,4.263444
8187,-0.14945586,0.05359853,12.312056,2.967413
8188,0.096898526,-0.0525273,10.875637,6.322268
8189,-0.015973076,-0.040944867,12.181302,3.0639231
8190,0.043054834,0.09248835,12.280168,3.0342596
8191,-0.033371337,-0.004129894,7.222724,4.1363873
8192,-0.049740057,-0.17560154,8.262508,4.1368866
8193,0.018170483,-0.20877418,8.297323,4.2820983
8194,-0.007110078,-0.043297347,10.689924,5.735386
8195,0.05697625,-0.008243995,10.316596,6.442059
8196,-0.037438698,-0.1427742,7.6525793,4.664268
8197,-0.1518772,0.211842,7.4549103,4.339625
8198,-0.19857475,0.16568196,7.142418,4.1458316
8199,-0.043730695,-0.19042477,7.81098,4.7819953
8200,0.08231244,0.021412695,7.6605077,4.6943173
8201,0.124485224,-0.15692969,7.695697,4.7340794
8202,-0.0030512474,-0.06673324,7.659788,4.7092686
8203,-0.023522522,-0.09062594,12.206372,3.16851
8204,-0.084340006,-0.014451373,6.4901476,4.701563
8205,-0.20665446,0.012277951,6.2461514,2.6116316
8206,-0.090700224,0.097212136,6.7074785,-1.0677054
8207,0.08108905,-0.076235816,10.370559,6.5528135
8208,-0.065813676,-0.114115134,6.4588633,4.6677055
8209,-0.1442681,-0.03688453,6.516191,4.686874
8210,0.014378071,-0.00980466,12.214415,3.0383391
8211,-0.10340015,0.052156784,9.61545,6.8227134
8212,0.02668757,0.2035358,12.342147,2.692086
8213,0.1227179,0.03045815,11.112113,3.2025275
8214,0.069090694,-0.18178684,6.9798017,1.8766987
8215,-0.18578538,0.04651004,9.826709,0.43585274
8216,0.0460463,-0.007307809,10.851539,6.3882422
8217,0.101359665,-0.08028166,8.569689,1.8881059
8218,0.12693799,0.121616915,11.014172,0.12946993
8219,0.07248649,0.020874439,9.563357,0.21136142
8220,0.032224223,0.015139094,8.502511,1.2862711
8221,0.07205975,-0.1407074,8.435512,4.538161
8222,-0.003712874,0.00069818087,12.365778,3.060538
8223,0.120642796,0.12774105,11.736288,1.4188523
8224,0.032889105,0.08970252,10.7265415,1.2844287
8225,-0.18615688,0.0040666573,10.983303,4.149017
8226,-0.0022375546,0.063611776,12.321078,3.0851133
8227,0.08197592,-0.041966148,10.208371,0.1303534
8228,0.055614993,-0.040833935,10.260848,0.16792198
8229,0.08501171,0.098077714,12.431436,3.1103601
8230,0.05253893,0.16208063,12.558951,3.0934086
8231,0.024656892,-0.0879754,8.313148,1.3545972
8232,-0.09647736,0.075143,8.344225,5.56345
8233,-0.07897926,-0.0023625474,9.724389,7.3367453
8234,0.15105146,-0.09560685,12.475822,6.048794
8235,-0.012483608,0.057026386,10.618878,2.6875277
8236,0.10150637,-0.047451846,8.038189,4.2639103
8237,0.083944194,-0.0455716,9.744916,0.7927811
8238,0.0052018985,0.050662674,9.775132,0.7839308
8239,-0.073810995,-0.09560622,8.972032,0.7405593
8240,0.061304748,-0.07283092,8.92805,0.9406266
8241,-0.11320907,-0.07299728,8.924025,0.83405775
8242,-0.039606415,-0.22907296,5.95549,0.64537364
8243,-0.03949122,-0.021925831,5.9773574,0.6256423
8244,0.058532596,-0.16094054,6.982243,0.5270754
8245,0.12548319,-0.01767553,9.391836,3.5480485
8246,0.048387304,-0.24176775,5.9671125,0.6471894
8247,0.16915606,-0.16021279,9.170987,3.6981559
8248,0.16913533,0.006422337,11.036375,2.0593698
8249,-0.0048648342,0.018397113,10.369669,-1.1021147
8250,-0.055144846,-0.050061166,7.333952,6.7412934
8251,-0.037690602,0.05819297,10.341396,-1.2556124
8252,-0.018325284,0.049899794,10.548502,-1.0489202
8253,-0.009849178,-0.21904714,8.418164,6.5489926
8254,0.026252594,-0.24648257,8.413084,6.5615973
8255,0.03630332,-0.12853159,8.401638,6.4560857
8256,0.025962599,-0.01605533,10.337244,-1.225102
8257,-0.039806906,-0.10850547,10.062419,-1.1148278
8258,0.057479843,-0.03125313,10.5044,5.578725
8259,0.03601761,-0.08801363,10.521935,5.6134896
8260,-0.024435407,-0.05628898,13.023953,3.3178015
8261,0.06085804,0.108680055,12.99136,3.2971582
8262,0.17896986,0.004769152,11.044141,2.681381
8263,0.050296858,0.0036556944,6.417662,1.2651857
8264,-0.10008195,-0.14874971,9.094684,3.8813508
8265,-0.12461452,-0.13607278,9.304663,3.9557252
8266,0.10283615,-0.10800056,9.828502,5.134174
8267,0.16915785,-0.010332007,10.705437,4.996758
8268,0.15315792,-0.065399796,10.568869,4.9700155
8269,0.25910705,-0.023342246,10.558942,5.0598783
8270,0.18358988,-0.057772294,6.2301874,1.1252339
8271,0.16685696,-0.042564258,6.26201,1.0403868
8272,0.19511864,-0.07829114,6.2629075,1.1492994
8273,0.16302034,-0.006087804,6.287638,1.1352717
8274,0.18961829,-0.066041,10.535314,5.05046
8275,0.2219153,-0.117034525,10.510489,5.0576735
8276,0.1027638,0.05278276,11.35506,3.0510523
8277,0.06665507,-0.06545137,8.329055,4.75819
8278,0.18227735,-0.038250737,10.54972,5.6875997
8279,0.12567887,-0.06122634,12.300907,3.4812675
8280,0.05403819,-0.19927916,8.397215,7.2825108
8281,-0.00975387,0.14387608,6.643597,-0.5809491
8282,0.16180615,0.08652268,6.574112,-0.6189792
8283,0.19742265,-0.02358992,6.6143303,-0.6513291
8284,0.26017684,-0.02969548,6.6112223,-0.63671803
8285,0.22448161,-0.028509973,6.5586095,-0.5208621
8286,0.15116003,0.0631895,11.32917,1.0199323
8287,0.066849984,-0.00027786568,13.082907,3.3655217
8288,0.04104443,0.2565524,8.292134,0.07316351
8289,0.04599174,0.22414964,10.845112,-0.33145967
8290,0.0022401325,0.18358216,11.748044,2.5470564
8291,0.13887663,0.06250082,13.088572,3.3299112
8292,0.1332492,0.22035077,8.240017,0.18772021
8293,0.06477234,-0.0038940543,13.029039,3.4155178
8294,0.13380483,0.05499246,13.039505,3.3358734
8295,0.06638013,0.121908724,7.529993,0.3286702
8296,0.06381271,-0.00018255226,13.033506,3.3580225
8297,0.015783817,0.21125501,13.041818,3.3683395
8298,0.017173372,0.27405787,13.046423,3.2256346
8299,0.15457639,-0.14044255,9.997029,5.581796
8300,0.15804903,-0.11777931,9.72654,5.5116267
8301,0.13313022,-0.11294852,9.862216,5.5374904
8302,0.15370052,0.28089392,12.603649,2.6404185
8303,-0.042915024,0.24318913,12.674106,3.0786288
8304,0.18808872,-0.07806983,8.581559,7.060504
8305,0.08867633,-0.08666326,11.608765,-0.8842293
8306,0.032315336,0.0058499165,10.941455,-0.74124223
8307,-0.048260033,0.019295612,10.472817,2.8669267
8308,0.11842272,0.18317328,12.804428,3.423713
8309,0.052767463,-0.056228787,12.7825365,3.5105915
8310,0.07710169,0.043814763,12.765258,3.5313227
8311,0.12718853,-0.12409641,8.974222,4.6196537
8312,0.13884336,0.00804827,8.984348,4.6034007
8313,0.058808036,0.04339449,12.7874155,3.5109334
8314,0.15749633,-0.034180373,7.727289,0.85223675
8315,0.18699764,-0.1320596,9.569198,4.4653335
8316,0.20692481,-0.1258683,9.530345,4.446033
8317,0.17603612,-0.07184439,9.667825,4.505675
8318,0.17358425,-0.089776024,9.54975,4.4789133
8319,0.24631521,-0.14322037,9.504657,4.3413196
8320,0.21553117,-0.1828587,9.485773,4.448753
8321,0.12505299,-0.0901559,9.752523,4.538689
8322,0.021383055,-0.004636231,12.764037,3.513658
8323,0.194722,-0.15352526,9.822838,4.3182907
8324,0.007832851,-0.015128717,12.791443,3.4964674
8325,0.059583597,-0.049681135,7.892301,4.80119
8326,0.050875634,-0.14672181,7.4396915,-0.6679747
8327,-0.08582221,0.057581417,11.443937,2.4794517
8328,0.068721704,0.08919877,12.7939415,3.4860215
8329,0.22623017,0.1310735,10.9506235,0.6798706
8330,0.14173421,0.16206458,12.873098,3.5914116
8331,0.002083607,-0.20146403,6.3843837,2.3114378
8332,0.10606103,0.05980493,12.884731,3.633013
8333,-0.06505778,0.16686442,12.403677,2.443946
8334,0.046000652,0.036573865,12.829925,3.6073365
8335,0.050107762,-0.20525157,8.653943,6.515019
8336,0.17397378,-0.08714338,7.8478584,3.4132175
8337,0.10976681,0.12994488,12.833679,3.6132674
8338,0.07708603,0.16718349,12.747213,3.7155218
8339,0.06700864,0.059434332,12.898062,3.6455922
8340,-0.09502452,0.16351572,8.625025,2.0633864
8341,0.110145345,-0.039792523,12.930941,3.6499758
8342,0.25437498,0.07912637,10.631023,3.4505098
8343,0.044243924,0.03735868,12.922568,3.5301158
8344,0.18005735,0.02448582,10.250478,3.422534
8345,0.21877164,-4.9540773e-05,10.277057,3.5792925
8346,0.011498086,-0.11388766,10.963065,2.7182891
8347,-0.064287834,-0.12083021,10.87022,2.7396467
8348,0.2522824,0.050423153,10.333706,3.4975955
8349,0.051502675,-0.08874194,8.042846,6.7502646
8350,0.19000101,0.14312187,9.90084,0.8632491
8351,0.07799035,-0.14146666,8.457883,1.486529
8352,0.15515685,-0.042911954,11.228069,5.2997036
8353,0.13920657,-0.105443925,11.282182,5.2768917
8354,0.18747996,0.13991486,13.019045,3.7585757
8355,0.11040118,0.13604337,12.947449,3.6077223
8356,0.16245055,0.17768835,11.928339,1.324868
8357,0.14693129,0.23042792,11.260728,1.5012333
8358,0.12207784,0.14813803,12.848544,5.4881196
8359,0.119024694,0.18461859,12.852875,5.427004
8360,0.049837664,0.17391449,12.826501,5.463571
8361,0.10236576,-0.056142308,8.392043,1.8024249
8362,0.045955263,-0.056552045,6.7909136,0.5722557
8363,0.16517335,-0.17007035,6.850797,0.5866925
8364,0.14825171,-0.12486121,6.8339233,0.5163174
8365,0.0410112,-0.09906811,9.78881,2.5476413
8366,-0.11160941,0.1264674,12.246477,-0.01427042
8367,0.047178388,-0.17118953,7.115295,2.8424032
8368,0.05176682,-0.03821487,7.1269736,2.9351563
8369,0.16347153,0.122146636,8.521691,1.2972794
8370,0.12886147,0.09621953,12.908388,3.5688965
8371,0.1779378,-0.0031155944,12.860967,3.5075207
8372,0.028901167,0.07675563,12.809925,3.7359395
8373,0.13820948,-0.14471123,8.475791,3.0722115
8374,0.1733162,-0.012580143,8.673349,2.0667198
8375,-0.0144192055,-0.09782119,10.571096,3.0957022
8376,-0.013709722,0.1712741,10.323257,-1.827199
8377,0.11590196,-0.078533456,8.125831,2.2279406
8378,0.0426815,0.13207597,7.3240604,0.37741485
8379,0.02998373,0.0684883,13.001397,3.5120788
8380,0.055099025,-0.09165592,9.63081,1.7162244
8381,0.114518344,-0.124623,13.01643,3.5691102
8382,0.15451881,0.11471325,9.591059,0.7536901
8383,0.16388193,-0.0057764864,9.633939,0.7540249
8384,-0.110627964,0.06274086,7.542461,2.545393
8385,0.18518081,0.07318358,10.457376,4.7335887
8386,0.1161167,-0.043459065,7.53064,0.8098331
8387,0.13919078,-0.078017466,7.405687,0.7770295
8388,-0.080466405,-0.120410845,7.548473,2.5079327
8389,0.22680196,0.048063837,11.182839,3.8877323
8390,-0.013812214,0.10855776,7.677582,2.475513
8391,0.07534364,-0.10990381,6.872617,1.7932109
8392,-0.050947577,-0.07075318,7.421038,2.803745
8393,0.13016373,-0.010270977,9.479657,2.9665802
8394,-0.019583378,0.06942852,7.4579806,2.782141
8395,0.08347605,0.22367619,10.590827,2.4034195
8396,0.13739178,0.20960017,10.26864,2.7646692
8397,0.08099669,0.042067155,10.589173,2.1340399
8398,0.07243533,0.098067395,12.975276,3.5809648
8399,0.14301494,0.05255337,12.936184,3.5985026
8400,0.11289811,0.06789016,8.458901,-1.140364
8401,0.0028662235,0.11774805,7.8148136,0.8517858
8402,-0.07043343,0.083415106,8.696787,1.656496
8403,-0.030376269,0.24832061,8.867441,1.4271325
8404,-0.107485116,0.061091393,8.321199,-1.8903601
8405,0.0038172305,0.0053111054,6.8930397,1.1515944
8406,0.07404783,0.1066841,9.90096,2.1724305
8407,0.16305546,0.18158633,8.679148,1.6307626
8408,0.20928875,-0.16930684,8.306023,3.2053504
8409,0.20954037,-0.16052169,8.321285,3.1697357
8410,0.13317971,-0.1189674,8.3013525,3.1170547
8411,0.19727325,-0.17974171,8.367496,3.1129258
8412,0.17509234,-0.09000592,8.599323,7.2429256
8413,0.17158529,-0.16554393,8.96174,3.7390523
8414,0.004150115,0.072622865,11.386913,2.4213367
8415,0.24114385,-0.0059576062,8.749348,0.70330775
8416,0.17823213,0.056612313,8.639941,0.502056
8417,0.17173022,0.0045079235,8.680351,0.5145849
8418,0.13799086,-0.02736517,10.192583,1.8403711
8419,0.19281024,0.2146639,10.80894,0.97909117
8420,0.13447316,0.031987578,13.031403,3.567701
8421,-0.026004914,-0.112698264,11.329145,0.6184353
8422,-0.20503375,0.09181881,11.070397,3.619216
8423,0.106488526,0.09771629,11.122781,0.8313112
8424,0.09964198,-0.0023761988,11.267435,0.6906693
8425,0.030366063,0.03406442,11.169701,0.77754265
8426,0.14349872,0.016329812,9.535599,2.7825086
8427,0.008175269,-0.052904516,9.45208,2.9900775
8428,-0.1259148,-0.021389306,8.20927,1.4497349
8429,-0.20006949,-0.00018663332,8.244569,1.4105078
8430,0.09377411,0.34921387,12.9413595,3.0814822
8431,0.12656608,0.027037842,12.980687,3.6049473
8432,0.13146906,0.17560095,12.879559,3.2405596
8433,-0.00538351,0.06036578,11.032552,-0.77673876
8434,0.055958748,0.0805964,12.974603,3.5212278
8435,-0.099576734,-0.17359674,6.3754444,-0.5479181
8436,-0.06149551,-0.16929461,6.4112773,-0.5140253
8437,0.13946295,0.101683825,13.031814,3.4938293
8438,0.19025138,-0.15760204,8.273561,1.9338224
8439,0.066701,0.0674012,12.730135,3.5432644
8440,0.08967887,-0.06418999,12.948047,3.5517612
8441,0.09617518,0.031448312,12.947332,3.5630434
8442,-0.003658481,0.08089036,8.354107,5.000315
8443,0.030229926,-0.053860947,12.115515,-0.013300096
8444,0.037362717,0.12473595,12.406503,2.2648523
8445,-0.03895086,-0.3248144,6.8312416,2.955117
8446,-0.14281115,-0.16563703,7.879184,0.30895528
8447,-0.05369588,-0.0016783094,8.510496,-1.7697339
8448,-0.10285178,-0.044741645,8.252161,-0.028659428
8449,-0.13261287,-0.08297027,8.343557,-1.871386
8450,-0.18799669,-0.20649229,3.8898563,3.4004421
8451,-0.14907277,-0.2903847,6.772374,2.8893123
8452,0.006153032,-0.351203,6.815139,2.7538185
8453,-0.052076463,-0.26952067,6.915325,2.8967133
8454,0.007579539,0.11102362,10.940445,1.1497703
8455,0.14468281,0.038944565,9.543711,2.0768445
8456,0.10013768,0.02448271,12.941077,3.5582538
8457,0.10188955,0.077067226,11.173364,1.2169893
8458,0.14655507,0.060245775,11.091029,1.2598804
8459,0.14327842,0.04817287,12.913319,3.5284948
8460,0.13632019,-0.009850303,11.271651,-0.6092316
8461,0.06617478,0.14336309,9.468504,-2.4905987
8462,0.10342938,0.17575169,10.996161,-1.3783159
8463,0.056852683,-0.027775688,8.504424,2.3713415
8464,0.06919239,0.029060272,13.099372,3.6189783
8465,0.25667882,-0.0028385362,10.432934,5.1214547
8466,0.11215438,-0.10390809,8.748157,1.6109641
8467,0.17315027,0.026136892,13.022739,3.5991735
8468,0.09121807,0.0938306,12.983359,3.5101976
8469,0.10867424,-0.060830668,6.664655,1.0516893
8470,0.07827017,-0.27196845,6.954257,2.9475176
8471,0.124983355,-0.11310586,8.303586,2.6879427
8472,0.048935287,0.17767608,12.873878,3.680624
8473,0.24850398,-0.028692052,10.752377,5.081527
8474,0.055494428,0.1098119,11.082914,2.8057406
8475,0.2666624,-0.14737192,10.461786,5.1368465
8476,0.09170911,0.07053876,12.923225,3.5455692
8477,0.100432634,-0.014252823,12.82514,3.6112065
8478,0.089705095,-0.13105683,10.751398,4.86618
8479,0.118135095,0.15163982,12.744337,3.2417579
8480,0.026415072,0.029870225,10.580476,1.1923234
8481,0.08749327,0.041875407,11.2922535,-1.3766875
8482,0.0873324,-0.051212743,12.100551,3.385512
8483,0.07888517,0.04627236,11.322674,3.8236594
8484,0.059430838,-0.009374855,13.0033245,3.3538227
8485,-0.019226521,0.1398867,7.631818,2.4741333
8486,0.05671365,-0.066202946,8.829441,2.9134443
8487,0.14608896,-0.099917285,8.820488,2.9439988
8488,0.094017446,0.10290162,11.279306,3.56484
8489,0.0135069415,0.019239405,8.413643,2.9986064
8490,0.07001571,0.011388129,12.892197,3.2506895
8491,0.18513554,0.15660356,11.190044,2.3276944
8492,0.10216233,0.07565822,12.896621,3.2471848
8493,0.10046828,0.08474706,12.957331,3.124179
8494,0.07835755,-0.120283835,10.823294,3.7004282
8495,0.04292421,0.2308527,10.989485,-0.68075365
8496,0.091724336,0.019547088,10.576896,-0.9236843
8497,0.038014702,0.1500155,10.680662,-1.0263815
8498,0.07678006,0.33155972,12.891602,2.9579477
8499,0.17209235,-0.09652368,9.499479,5.456217
8500,0.016032495,-0.06547577,8.352457,3.2999294
8501,0.11018404,-0.08019297,9.668874,5.443079
8502,0.23492357,-0.25647652,8.061259,3.6248837
8503,0.17740396,-0.13621233,8.128398,3.7952147
8504,0.07221688,0.054944575,8.391836,1.7047305
8505,0.08413851,0.08012082,13.011483,3.050578
8506,0.11415428,-0.017880084,10.731483,3.661166
8507,0.031131208,0.26616633,11.59843,2.4072225
8508,0.046988264,-0.021626292,9.496381,3.0725372
8509,0.0760443,-0.10540041,9.412959,2.965435
8510,0.13800871,0.08976872,9.585776,5.449078
8511,0.1045029,0.01853074,10.330832,2.4545963
8512,-0.0477442,0.021014797,11.265434,0.13411352
8513,0.13279323,0.07711004,12.788312,3.043349
8514,-0.002943676,-0.14239918,6.3193407,-0.61962754
8515,0.061978653,0.20602216,10.888622,-0.05050986
8516,0.008880213,0.31033167,9.500748,-1.5923938
8517,-0.054778848,0.015940702,10.669877,-0.08273525
8518,-0.054423075,0.11068487,12.753286,3.33364
8519,-0.030402072,0.15716293,11.34962,1.7841144
8520,-0.13824476,0.0009957086,9.684884,2.4959059
8521,-0.13031368,0.17186022,9.716909,2.3157542
8522,-0.06554593,-0.032808542,9.845784,2.4172354
8523,-0.14797749,0.06383693,9.700884,2.4929752
8524,-0.072024375,0.05897755,12.742675,3.5512657
8525,0.20357494,0.07764069,10.870521,1.0766845
8526,-0.030543722,0.15998876,11.019853,-0.6454925
8527,0.009370424,0.15313336,12.8738365,3.4320412
8528,0.1506202,-0.01766984,9.237558,-0.65418565
8529,0.07113989,0.20654692,10.905861,-0.5922836
8530,-0.036159597,0.20792529,10.372928,0.18241405
8531,-0.097354874,0.07557447,9.987304,2.2949793
8532,0.031646617,0.012274111,8.482063,2.5217476
8533,0.1173245,-0.050170034,7.913043,1.6443355
8534,0.14149375,-0.08998553,7.9532948,1.7179
8535,0.12748694,-0.16611604,8.268331,5.435756
8536,0.0920012,0.17325267,10.716705,1.3030457
8537,0.01883258,-0.010167183,11.275186,-0.9695087
8538,0.12563816,-0.099171504,11.222297,-0.97780555
8539,0.03584878,-0.05014486,12.92955,3.6020856
8540,0.12162879,0.051563464,10.499189,2.8603837
8541,0.1481379,0.1860959,10.111583,0.9196287
8542,0.17894585,0.19363603,10.117523,1.0645338
8543,0.13305523,0.0017003268,12.703524,3.397669
8544,-0.0900063,0.07451994,8.442834,-1.1179532
8545,0.14530694,0.0638422,9.862709,3.1489935
8546,-0.012967873,-0.051586166,11.902317,2.2863655
8547,0.05967135,0.22621244,11.65292,3.0190804
8548,0.11021224,0.19227332,12.383454,3.244946
8549,0.11807461,0.14675538,11.606882,3.0283494
8550,0.11416297,0.15246063,11.649195,3.0845928
8551,0.18734586,-0.13962659,8.367078,7.4354014
8552,0.12447269,0.20698516,10.570677,2.790809
8553,0.1356143,-0.009197832,8.468228,-0.6137103
8554,0.18331267,0.0036824793,8.472692,-0.62943274
8555,0.101661295,-0.006823322,12.93401,3.1913626
8556,0.09723653,-0.06403925,10.899452,6.3338265
8557,0.03322228,0.23851904,9.596827,0.9151295
8558,0.10033493,-0.055069394,9.8664465,1.294885
8559,0.13229184,-0.021260627,10.196128,1.07848
8560,-0.029347602,-0.053802736,7.0968165,3.3213527
8561,0.12837008,-0.10944972,9.517812,5.665385
8562,-0.048897408,0.13654932,10.539437,2.8471022
8563,0.07741299,-0.020583382,9.483637,2.447222
8564,-0.055171516,0.020294135,13.589654,5.715247
8565,0.027539708,-0.015552434,9.500021,2.4318902
8566,0.11057821,-0.059362248,10.759576,-0.43005243
8567,0.10174568,-0.16000777,8.158295,5.310367
8568,0.001931183,0.051546022,13.049384,3.455634
8569,0.10745227,0.19215633,9.4580765,-1.00136
8570,0.10599467,0.12990557,11.076796,2.096915
8571,0.09665161,-0.04499527,13.02199,3.443213
8572,0.06131418,0.06578016,11.572305,5.8136706
8573,0.22999814,0.10798721,10.387765,3.8750958
8574,0.18887974,0.09556689,10.352032,3.8366973
8575,0.10639611,-0.02673244,10.466341,3.9071307
8576,-0.062780246,0.23222622,12.901305,3.1400504
8577,0.13625398,-0.015789622,11.146708,-0.8028605
8578,0.058191292,0.1845391,11.301673,-0.3421092
8579,0.11505374,0.050890565,8.261384,-1.0929586
8580,0.010382153,0.20931678,10.936959,-0.63208115
8581,-0.06373829,0.1749348,7.898081,-0.5245628
8582,0.05598767,0.29519722,11.211186,-0.26491788
8583,0.114117205,-0.052504264,7.193418,-0.85429233
8584,0.096725374,0.031553417,8.61781,-0.84135103
8585,0.24993235,0.016668139,8.565732,-0.9039775
8586,0.11460221,-0.008550029,10.472943,-0.62094784
8587,0.06717959,0.010025309,13.241409,3.4474947
8588,0.05977188,-0.08393037,12.873887,3.7945328
8589,0.15751615,-0.23814197,8.65685,4.4311647
8590,-0.061239794,0.0905515,7.7473803,-0.90397257
8591,0.14497142,-0.19628653,8.56571,3.901218
8592,0.08926387,-0.012394574,11.458676,0.13484824
8593,0.20375362,0.16288197,11.136052,0.22771975
8594,0.02982375,0.08859054,10.030679,1.2178859
8595,0.0038141012,0.034567162,7.0485415,1.5349995
8596,0.047435686,0.19886109,11.355405,1.0921074
8597,0.06822708,-0.20154238,6.327704,2.0321598
8598,0.09068674,-0.10905461,6.3373184,2.4638355
8599,0.02264794,0.0043902323,6.3536077,2.0332584
8600,-0.08111797,-0.033372764,13.30603,4.924295
8601,-0.0020865314,-0.27281606,6.347337,1.9671838
8602,0.10597433,-0.183963,6.2534704,1.9335042
8603,0.055355236,-0.16489774,5.8609834,1.293142
8604,0.030681126,0.16497087,11.934341,2.6748407
8605,0.025288634,-0.006722131,13.211364,3.4431586
8606,0.08233272,0.20123847,10.361898,-0.1470941
8607,0.015481081,-0.018719878,11.210556,1.0503838
8608,-0.012814613,0.03873784,9.462387,-0.7036056
8609,0.027659751,0.053419247,9.326284,1.7852101
8610,-0.039827377,0.01647236,9.160374,1.8735238
8611,0.113081425,-0.14304782,7.2475653,1.0132675
8612,-0.056114133,0.18026239,13.205124,3.4646122
8613,-0.14701442,0.031810872,13.178603,3.433745
8614,-0.063657954,0.2607213,12.182493,1.241101
8615,-0.06878552,0.14368254,13.23664,3.4582322
8616,0.087899745,-0.19080763,7.432213,6.0067725
8617,0.06309328,0.10677625,13.217413,3.409528
8618,-0.114732385,-0.012868809,7.8495793,0.7254982
8619,0.122020885,-0.07058335,7.629397,1.098373
8620,0.057603374,0.1256212,11.781627,2.6522746
8621,0.1638293,0.12742175,10.920571,0.37729323
8622,0.02045517,-0.04083819,8.038356,-0.76087856
8623,-0.08516882,-0.057424217,6.504558,6.019883
8624,-0.039405726,0.065412164,7.6995883,0.95894265
8625,-0.20182502,0.123791575,6.5136027,6.0275083
8626,-0.041452423,0.089249305,6.533674,5.999361
8627,-0.033706892,-0.07765365,6.4954767,6.027144
8628,-0.106002636,0.06395969,11.523805,4.772175
8629,-0.09547242,0.08366548,11.531056,1.6028233
8630,0.08382517,0.16352326,12.532536,2.2792938
8631,-0.08248162,0.061054602,7.0870504,1.8181958
8632,0.33285502,-0.11958378,8.975577,2.5555432
8633,0.28546378,-0.18247893,8.953525,2.5236788
8634,0.06786278,0.14160994,13.24344,3.3993335
8635,-0.016886868,-0.0028704768,13.095958,3.4663854
8636,0.088200495,-0.015134066,13.2724,3.4943385
8637,0.10031293,-0.0069002304,13.13481,2.867243
8638,0.121236816,0.29083338,12.994377,2.8782206
8639,0.08403616,0.010582192,10.573954,2.1850197
8640,0.038505442,0.11967039,9.769097,2.3926969
8641,0.09717521,0.10890475,9.787049,2.3653448
8642,0.13676232,0.14132747,9.809124,2.3748085
8643,-0.2748733,-0.047105566,7.506169,2.9291131
8644,0.05166416,-0.05312939,10.526778,2.3031483
8645,0.00032836944,0.1479714,13.23701,3.4669144
8646,0.033475213,0.22402039,13.040719,3.2898402
8647,-0.00684534,0.037174486,6.553817,6.0426855
8648,0.017873872,-0.10939955,13.191556,3.525556
8649,0.05312317,-0.023347817,8.953992,2.2515235
8650,0.09634939,-0.10478428,8.961589,2.1961176
8651,-0.04024876,-0.09210436,8.986755,2.2652779
8652,0.00467705,-0.17230675,8.999445,2.257358
8653,0.07410763,-0.08851415,9.298478,5.2522244
8654,0.051853634,-0.07308612,8.153607,6.831152
8655,-0.07865468,0.035942666,11.888537,-0.018022543
8656,0.02443789,-0.080221,11.747809,-0.068922594
8657,0.052453443,0.101582415,11.87212,-0.0118948035
8658,-0.048149716,0.06811928,11.907968,0.0022170728
8659,0.02188395,0.13259807,13.218564,3.4042728
8660,0.100912005,0.017817115,13.232161,3.4474616
8661,0.030662537,-0.13332649,13.222588,3.4614866
8662,-0.05846428,-0.025833549,13.310975,3.4152896
8663,0.096389264,0.039876185,13.259636,3.288668
8664,0.13738467,-0.15642667,5.661591,1.0851123
8665,0.055990234,-0.1270281,5.6017885,1.0348498
8666,-0.08426303,0.14733157,7.2547207,-1.4367223
8667,-0.13532633,0.104055196,6.7098517,4.893674
8668,0.0072593093,-0.01816795,5.163727,1.9088238
8669,-0.097390376,0.06322133,5.4277506,2.2987516
8670,-0.05550131,0.060827583,5.4212885,2.283001
8671,-0.00079667196,0.111254364,10.595166,-1.8618104
8672,0.11247349,0.0068596974,10.885962,-1.8600138
8673,0.1332196,0.075966135,10.82244,-1.8284801
8674,0.08765506,0.073426194,10.602399,0.6326166
8675,0.23453355,-0.010467061,9.590521,0.9996435
8676,0.19729584,0.057423726,9.451052,1.0043358
8677,-0.020660771,0.29837045,13.249401,3.4091167
8678,0.011706032,-0.07692584,10.680752,3.105833
8679,0.12304132,0.18018799,10.414707,-0.53697944
8680,0.14577983,0.1717367,10.294967,-0.5321108
8681,0.061628602,0.13517144,10.440184,-0.50007457
8682,0.17018008,0.18958202,10.344653,-0.50354797
8683,-0.10693675,0.050587915,10.035569,3.8775616
8684,0.08899449,0.07698788,10.187274,2.093773
8685,0.070151486,0.07708168,10.169517,1.999778
8686,-0.038021363,0.10406672,10.177205,2.0978844
8687,-0.034275107,0.02418455,10.209291,2.1617715
8688,0.080015756,-0.09662333,7.5558887,5.666183
8689,0.039445505,-0.123089835,7.568698,5.6061153
8690,-0.060159955,-0.021485105,7.477563,5.611431
8691,-0.050186966,-0.023040377,7.4565954,5.6274724
8692,0.20342496,-0.22541833,7.5433598,5.543072
8693,0.17608324,-0.1541548,7.5290446,5.5618334
8694,0.13815685,-0.06106297,7.5761952,5.603465
8695,0.058166787,0.027827552,10.153602,3.9005642
8696,0.0041235015,-0.14060308,10.193467,-1.373267
8697,0.063570164,-0.29368353,6.8538523,2.768879
8698,0.026826635,-0.054909192,6.7852206,2.7197936
8699,0.07731916,0.105685934,9.624475,2.117665
8700,0.13933751,-0.00270205,9.686343,1.9355627
8701,0.05462884,-0.042591274,11.960503,2.4778168
8702,0.19510585,0.026887434,9.506481,2.2924623
8703,0.08856693,0.14535978,10.961128,-0.21721758
8704,-0.038792104,-0.21040255,6.8007216,2.1603005
8705,-0.0021374002,0.14999014,10.449854,1.0765045
8706,0.065579996,0.072408445,9.311086,1.5956494
8707,0.012574121,-0.07446537,9.988606,-1.3046079
8708,-0.02550219,0.13420251,10.355501,0.9871329
8709,-0.053367514,0.15832564,13.211394,3.3839905
8710,0.11353096,0.05822085,13.216942,3.4461396
8711,0.17496467,-0.00633559,11.300613,0.46701208
8712,0.23318556,0.032859482,10.331234,4.1372967
8713,0.12125081,0.12685095,13.207786,3.3787756
8714,-0.060105518,-0.068788536,8.980849,2.1850727
8715,-0.1305189,-0.011487753,6.40162,0.5684184
8716,-0.11546746,0.015805786,10.332526,2.1005251
8717,0.10908002,-0.08837905,8.93652,2.1961386
8718,-0.00483647,-0.048267722,9.005281,2.2059758
8719,0.18724684,0.03272879,9.646554,0.758006
8720,0.014530148,0.17042953,13.256429,3.4694521
8721,-0.026309399,0.2979357,10.034733,0.2731541
8722,0.22329763,-0.09707674,8.640701,5.131789
8723,0.0008180812,0.19910331,11.762408,2.564519
8724,0.12674585,0.13241483,10.379068,4.5792356
8725,0.028451294,0.046270467,13.234968,3.4810262
8726,-0.0042928383,-0.098528944,13.240087,3.4898617
8727,-0.055687163,0.03540829,7.123554,0.9538322
8728,0.1074453,-0.14217252,7.218864,3.3074956
8729,0.10822612,-0.108925104,6.360534,-0.5917573
8730,-0.011336112,-0.052666046,8.674361,1.7361484
8731,0.08669033,0.29344007,11.091716,0.42815644
8732,0.21151093,0.14492285,11.113594,0.4373659
8733,0.024309594,-0.057184108,10.693185,-1.3145181
8734,0.16517495,-0.0473236,9.628816,5.1215324
8735,0.07289904,0.042380102,11.124617,1.2285602
8736,0.118453726,0.13577682,11.255925,-0.17658813
8737,-0.027820531,-0.011585472,13.256874,3.461605
8738,-0.14508907,0.18604673,13.261089,3.4351323
8739,0.07957264,0.18172845,13.241896,3.3457453
8740,0.16946048,-0.09340988,13.248843,3.496586
8741,-0.049862362,0.08457394,13.192963,3.400961
8742,-0.03149251,0.041379325,13.103519,3.2547393
8743,0.13471882,-0.04493396,11.565311,4.970768
8744,0.12822698,-0.018544825,11.574623,5.064581
8745,0.28873125,-0.09735589,7.939654,2.3917859
8746,0.14556918,-0.08882993,8.980607,4.8751583
8747,0.074327745,0.1293157,10.997955,4.451044
8748,-0.12671801,0.03775882,10.634521,5.6028123
8749,-0.15247369,-0.014146058,7.5320377,5.5325837
8750,-0.06726482,0.18243288,10.18647,-1.6120366
8751,-0.018612495,0.03872882,10.818773,7.218461
8752,-0.045539677,0.086885475,10.241104,-1.9492928
8753,-0.12822537,0.37545127,11.585823,0.87726706
8754,-0.07720967,0.2153829,11.988254,-0.14740917
8755,0.074938506,0.04667017,9.182788,-1.8732563
8756,0.01780361,0.03784635,10.98433,4.434546
8757,0.036948368,0.13183019,11.039432,4.451824
8758,0.053632207,0.09617147,7.447992,0.93119985
8759,0.13390125,0.33069515,12.516237,2.0330715
8760,0.078755274,0.07204449,12.531226,3.4771087
8761,0.12561011,0.12502506,8.560905,1.5395854
8762,0.14742067,0.06670657,8.5668125,1.5681227
8763,0.18061358,-0.34116015,8.330245,5.423726
8764,0.11022729,0.0014426,12.721997,3.250014
8765,0.053244136,0.19912279,10.474744,-0.25557676
8766,0.10844609,-0.11528268,8.214152,1.7760563
8767,0.15720583,0.2731776,12.538094,2.762056
8768,0.119774446,0.33798206,10.545653,-0.13507394
8769,0.16328114,0.012132311,10.203204,-2.1403248
8770,0.18158588,-0.17500147,7.526966,1.9954581
8771,0.19449483,0.037320472,11.784092,4.014294
8772,-0.10639017,0.015902517,12.317542,5.6861587
8773,0.048943065,0.038682416,12.377829,5.7797146
8774,-0.07836156,0.065534875,10.273217,0.059500113
8775,-0.053438082,-0.017928721,9.847478,-0.19563316
8776,-0.14934766,0.12043695,11.958001,5.2354813
8777,0.083450474,0.24133575,11.208303,0.03126388
8778,-0.008843355,0.17883296,10.605037,-0.7832788
8779,-0.02034499,0.21826813,10.509553,-0.8405422
8780,0.013838638,0.095794864,11.306977,-0.9867255
8781,0.04275585,0.007972587,10.625861,-1.0891767
8782,0.1139493,-0.13096794,8.836466,5.5535655
8783,0.03584777,0.25525853,10.273593,-0.94241494
8784,0.01869037,-0.028384704,10.134981,2.2870111
8785,0.08735647,0.10040258,10.462251,1.0325766
8786,0.05055408,0.059806585,10.304985,-0.101535425
8787,-0.05573128,-0.029313063,6.6763563,4.8161955
8788,-0.18486589,0.13242051,6.732777,4.5765514
8789,-0.06879655,0.07648546,9.022688,1.334159
8790,0.05624941,0.2961584,6.759019,4.730652
8791,0.007586628,0.037885167,6.6914268,4.8535237
8792,0.019674957,0.19371624,6.6755714,4.78902
8793,-0.059997097,0.004365649,6.6660743,4.892979
8794,0.026738003,0.014615072,6.77102,4.6308074
8795,0.061777674,0.18250161,10.66251,-0.24965087
8796,-0.018915828,0.1648612,12.430253,3.346925
8797,-0.089207456,0.06489467,8.174355,3.3619418
8798,0.13515548,0.023442863,9.73102,1.4974674
8799,0.1409027,0.042024404,10.371647,0.72193336
8800,0.13086599,0.18291023,10.401133,0.7699351
8801,0.028516151,-0.16608603,10.074276,3.4863126
8802,0.07973513,0.07445562,10.574618,5.294106
8803,0.038796082,0.13938807,10.868343,1.4865865
8804,-0.0023664795,0.23681483,11.7202635,0.33598945
8805,-0.050738595,0.056213588,7.3919587,3.401422
8806,-0.010472462,0.107581675,7.1936545,2.8127635
8807,-0.09267387,-0.00084225275,7.278921,3.5997043
8808,0.016875226,0.050215542,12.031485,4.296022
8809,-0.003849443,-0.1591585,7.1551857,6.036562
8810,0.050230816,-0.23289979,9.838348,5.8850613
8811,0.05004386,-0.17442435,9.806946,5.8702407
8812,-0.038296826,-0.19387586,9.8391695,5.9099655
8813,0.118164435,-0.1362209,9.834563,5.8800735
8814,0.07994604,-0.18730113,9.877668,5.9298716
8815,0.12601586,-0.15666035,9.830052,5.9029584
8816,0.20435679,0.16153777,11.321742,0.13352309
8817,0.15825886,-0.07204698,8.223609,4.1953764
8818,0.041203916,0.10489306,8.160393,4.221377
8819,0.18183053,0.00082832575,8.163649,4.117862
8820,0.03243552,-0.1498824,10.329106,5.716009
8821,-0.036163017,-0.15405294,8.525383,3.871636
8822,0.052149862,-0.039143577,7.7212477,3.9845889
8823,0.034765095,-0.10921833,7.6875367,4.1543703
8824,0.15300706,0.03817624,9.258677,1.1764235
8825,0.08808723,-0.040843062,10.378353,4.340707
8826,-0.05193323,0.041052498,11.769214,-0.5970644
8827,0.036169365,0.0521926,10.692541,2.6361575
8828,0.091077074,0.21919331,10.650185,2.640513
8829,0.15265802,-0.033450123,10.296032,3.213208
8830,0.005916845,-0.07755996,10.768369,4.093733
8831,-0.0045673028,0.05800578,11.497113,1.6205078
8832,0.08298042,0.2217116,12.815545,2.435898
8833,0.06319129,0.10879432,10.759117,0.25894085
8834,0.23452607,-0.12268477,10.257499,5.237626
8835,0.006447904,0.023479005,10.373896,-0.35603088
8836,-0.027548581,-0.008299237,10.345495,-0.42430702
8837,0.018120024,0.052027866,10.373117,-0.3610664
8838,0.06612046,0.020970987,10.365802,-0.050256934
8839,0.043442316,-0.05342292,12.442953,3.6107275
8840,0.031976968,0.15856868,11.809584,1.4150307
8841,0.06887917,0.15728804,11.732384,1.3839326
8842,0.0057318434,0.20766473,11.856151,1.288196
8843,0.18330787,0.030282436,9.276466,-0.4877874
8844,0.104408145,-0.0060077813,9.241382,-0.49446326
8845,-0.049970683,-0.11334361,12.45517,5.009647
8846,0.044745788,-0.01462817,8.247546,0.29883292
8847,0.15965322,-0.028736956,9.8699465,5.2938523
8848,0.047516197,-0.032639477,8.18266,0.30179697
8849,0.13217238,-0.093709506,10.456343,0.6118513
8850,0.20242652,-0.1214933,8.715186,0.7733766
8851,-0.0019422323,-0.042922795,11.642102,4.201862
8852,0.047235064,-0.1935458,5.9978304,1.3128573
8853,0.15063152,-0.10690096,8.027516,1.6421335
8854,-0.12579614,0.2914451,11.18354,0.09932935
8855,0.002008345,-0.15065649,10.418862,5.519732
8856,0.07097411,-0.080004744,10.537156,5.435613
8857,-0.024846599,0.1229392,12.191187,1.1069573
8858,-0.0720413,0.06321724,12.054437,1.1752341
8859,-0.03776812,0.25265038,12.63533,0.7911309
8860,-0.067563124,0.11344263,10.16782,2.9319434
8861,0.016210858,0.060483508,12.165736,1.1654994
8862,-0.1067776,-0.01400172,10.042437,5.6137495
8863,0.07342251,-0.011952221,11.849631,4.0780473
8864,-0.091786824,0.0003441535,6.646206,4.840048
8865,0.05053758,0.037826553,8.907572,-1.7140249
8866,0.09511843,0.03858073,12.078646,1.2396666
8867,0.11464083,-0.18231764,10.076539,3.0217335
8868,0.1331032,-0.08985865,10.953821,4.8775854
8869,0.117638946,-0.13327007,10.098297,5.306587
8870,0.1668235,0.122628346,11.078343,1.8319762
8871,0.044802427,-0.24103594,9.014145,6.615949
8872,0.11802837,0.12671873,10.622517,3.4684658
8873,0.1319053,0.065268144,10.635631,3.4714496
8874,0.11096987,-0.015599325,10.644382,3.5443401
8875,0.13059574,-0.09838292,10.035568,5.821134
8876,0.066887885,0.0034219008,11.570185,4.1458716
8877,0.06636377,-0.09160885,11.602301,4.202058
8878,0.038793325,-0.030505113,11.612049,4.251354
8879,0.12376557,-0.11942561,12.433576,4.9646797
8880,0.092812106,-0.13611211,12.430945,5.0007415
8881,0.06667246,-0.10419133,12.547666,5.0025845
8882,-0.025274092,-0.12963168,12.556287,5.024318
8883,0.01882175,-0.18245849,12.556671,5.021692
8884,0.13663457,-0.1926466,12.526069,4.989435
8885,0.07330622,-0.10799833,12.554716,5.0226407
8886,0.059607804,0.033548154,12.466614,4.94986
8887,0.060381465,-0.049823277,12.523524,5.155038
8888,0.10055907,-0.10666384,12.395222,5.03567
8889,0.18435773,0.09961176,7.3970895,1.013246
8890,-0.01727106,-0.028260086,11.380077,3.9133167
8891,0.051115923,-0.021921223,11.351432,-0.9983418
8892,-0.019464225,-0.016768005,7.5719056,-1.3183315
8893,0.07609464,0.14500374,9.304303,-0.71712106
8894,0.14312884,-0.11856094,9.338567,4.80252
8895,0.16052707,-0.14283223,9.275407,4.782848
8896,0.02847968,0.19868985,12.337547,3.5485034
8897,0.17527224,0.106854916,9.369555,2.3097808
8898,0.11860475,0.1510679,9.99639,1.3738031
8899,0.24240273,0.10033476,10.169724,1.4738066
8900,0.12512952,0.08778377,10.101652,0.054542962
8901,0.033085473,-0.17103061,6.267861,2.8989666
8902,0.14643979,0.16595209,7.938787,0.98893774
8903,0.10427624,0.15480545,10.642719,1.4130404
8904,-0.06452655,0.06656525,8.56381,1.2082841
8905,-0.060754556,0.12228474,10.429324,2.5093856
8906,-0.14059885,0.13373506,8.687922,1.2617077
8907,-0.0039720833,0.06352749,8.640834,1.2908629
8908,0.09417342,0.26932415,10.863442,0.3846498
8909,0.13487124,-0.14849956,9.109149,3.357453
8910,-0.0014702231,0.009863803,10.677228,-0.34007072
8911,0.004438795,-0.0031615049,10.647492,-0.3807334
8912,0.10403189,-0.10242542,12.195897,3.5785215
8913,-0.08616113,-0.016635,10.201336,2.3587768
8914,0.0150990635,-0.1368292,7.569064,1.8332026
8915,0.10563354,0.07027098,11.836092,3.7089524
8916,0.019868746,-0.17802778,10.16229,6.2645035
8917,-0.124037765,0.18261123,11.9083605,1.2523634
8918,0.07889483,-0.27728745,10.138962,6.295809
8919,0.061716005,-0.19639164,10.197001,6.3227353
8920,0.25113684,-0.041562878,8.771381,2.6546998
8921,0.008041952,-0.15215157,9.278602,1.9944764
8922,0.06739482,-0.11471113,9.296455,2.0240612
8923,0.06995919,0.089013904,10.823968,6.2943044
8924,0.04462555,-0.20026115,7.3762875,4.4871135
8925,0.016280461,-0.089294985,7.695278,2.410697
8926,-0.012103481,0.060653426,10.632813,-0.36133876
8927,0.09451933,-0.21176328,5.851909,1.2973566
8928,0.094191864,-0.078341246,5.7849307,1.358736
8929,-0.03522157,-0.14714925,10.229897,-1.573923
8930,-0.076500446,0.20904315,9.182194,-1.8450235
8931,-0.093283676,0.088137,11.284072,1.3215303
8932,-0.09645239,0.1878514,9.132687,-1.7689403
8933,-0.07494572,-0.124799214,5.95472,2.2703009
8934,0.10003179,-0.20761552,7.554612,3.4580872
8935,0.20870127,0.16777827,9.360736,-0.20243481
8936,0.009655841,0.008744089,11.296638,-0.033456195
8937,0.109613806,-0.094131604,10.332192,4.37021
8938,0.0025578476,0.021517532,7.798966,4.8590045
8939,-0.054832205,-0.069106735,7.485086,2.337742
8940,0.028139673,-0.22593899,7.355288,2.1172786
8941,-0.0073398054,-0.109166026,11.65398,-0.91560805
8942,0.08210057,-0.021616373,11.204034,4.4152627
8943,-0.0976523,0.17472877,11.140374,4.368125
8944,-0.034615465,0.07828897,11.142573,4.367666
8945,0.09037888,-0.11220716,11.074977,4.355622
8946,0.0212956,0.13457337,8.9896555,-1.7011914
8947,-0.045746587,-0.0064259637,8.459804,-2.6225517
8948,0.0072992705,-0.086229764,9.802776,4.883414
8949,0.045576654,0.032773726,9.55582,0.7315456
8950,0.049998045,0.041866466,9.556607,0.73223364
8951,0.082980424,-0.09141737,8.348382,1.3040255
8952,0.07965576,-0.10626504,5.6652665,1.0431155
8953,0.17610267,-0.1327739,9.552169,6.502806
8954,0.060323514,-0.15881261,9.542297,6.477963
8955,-0.0027031153,-0.06727183,7.9245524,4.302055
8956,0.042299844,0.05843647,7.9004207,4.2683496
8957,-0.11882118,-0.04917285,8.416614,0.46855006
8958,-0.034506496,0.27907774,11.148437,1.0654653
8959,0.09010497,-0.07405526,6.970721,0.33200923
8960,0.07758671,-0.12789007,6.528438,5.941852
8961,0.024747826,-0.21684673,7.9486046,4.29122
8962,0.03963483,-0.005155038,7.938902,4.3288803
8963,0.08947007,-0.13859753,10.225856,-1.0382118
8964,0.124280065,-0.12669975,9.32089,6.4888964
8965,0.06554205,-0.070133574,12.239737,4.02229
8966,-0.027873602,0.06718327,8.341604,0.6270157
8967,0.11510077,0.14763406,12.752674,2.6746724
8968,0.039353624,0.059064552,8.36177,1.2060679
8969,-0.0309974,0.070106745,12.208062,4.060422
8970,0.063875616,0.084508814,12.226465,4.075486
8971,0.066786356,-0.11367875,8.083448,4.4804783
8972,0.023013305,-0.12468679,11.832925,5.066373
8973,-0.015887337,-0.1338931,11.781047,5.0514016
8974,0.0758322,-0.07112881,8.7174,2.9928832
8975,0.0029819123,0.34840748,10.43692,-0.45761806
8976,-0.07338372,0.26594895,9.197553,-0.54331565
8977,0.08805764,0.079790406,8.208655,4.6986465
8978,0.017031003,0.21027598,10.754384,1.1607816
8979,0.028795838,0.05322414,12.287464,4.1361876
8980,0.13214579,-0.06269305,11.153605,5.6551213
8981,0.12998906,-0.019641116,11.153838,5.668624
8982,0.1589623,-0.014305921,11.116213,5.559511
8983,0.10872035,0.3069428,10.90289,-0.018621953
8984,0.10624707,0.087438926,11.077783,5.534115
8985,0.21841776,-0.055110373,10.165657,3.265889
8986,-0.20872822,0.06295701,9.742258,2.5122077
8987,-0.14136653,0.072904766,9.624954,2.4705262
8988,0.042849824,-0.20424318,8.956955,6.653532
8989,0.0983319,0.20077237,12.300823,5.557574
8990,0.19119608,-0.0043798424,10.473862,4.6516633
8991,0.041584633,0.039834782,8.640183,4.6416388
8992,0.017811187,0.26445404,12.006309,1.2282125
8993,-0.068718895,0.13196185,11.978769,0.08117707
8994,0.050468363,0.071951814,11.744495,5.0869045
8995,-0.048344705,0.19301659,11.90515,1.2757492
8996,0.12806603,-0.08875567,10.323079,6.1839876
8997,0.06531737,-0.058788285,9.177055,4.293116
8998,-0.003182847,-0.20917308,9.625639,6.7344627
8999,0.0002785325,-0.17530075,9.577895,6.7503653
9000,-0.005547583,-0.13004619,9.578892,6.776273
9001,0.103339076,-0.08786258,9.897749,5.3975024
9002,0.114884526,-0.06604217,9.958962,5.431225
9003,0.07048021,-0.012589579,9.88857,5.5796223
9004,0.032016337,-0.24726617,8.512246,5.4258227
9005,0.030046403,-0.14848651,8.63314,5.3937383
9006,-0.08521028,-0.039016284,6.389601,4.854028
9007,-0.07909784,-0.0056100925,6.491853,4.8401833
9008,0.07701964,-0.06827086,12.196189,4.095803
9009,0.09339604,-0.116709635,9.518506,6.4104376
9010,0.15667337,-0.048062176,10.520225,5.827174
9011,0.10313934,0.068876825,10.092221,3.3054254
9012,-0.10093279,0.032131538,12.192445,4.0789537
9013,-0.22233936,0.15200576,8.121509,-1.221644
9014,0.015436735,-0.086247966,10.083412,6.505276
9015,0.013127707,-0.097993664,7.0561333,6.395276
9016,0.07754813,-0.013287608,11.406085,3.8108473
9017,-0.085741185,0.110064104,13.297505,4.917983
9018,-0.022797234,4.5506284e-05,13.285819,4.923487
9019,0.07327878,-0.026062712,13.249783,4.904758
9020,0.17581314,-0.03532412,9.629161,1.2553151
9021,0.20112817,0.02304559,9.830445,5.013957
9022,0.14478303,-0.091095984,10.281365,6.2608266
9023,0.013875939,0.0060054865,11.918286,4.10702
9024,0.0037155151,-0.019618561,10.570209,1.9716249
9025,0.02861406,0.08454019,11.186867,1.3049648
9026,0.040680707,-0.03046676,11.204929,7.002946
9027,0.092607245,0.15487051,10.382009,-0.1672417
9028,-0.15951836,-0.035075754,10.683473,6.6349783
9029,0.053029135,-0.093498744,11.871004,4.1334577
9030,-0.057645608,-0.042519122,7.071106,6.38139
9031,-0.07048375,-0.1282025,7.1884794,6.2716026
9032,0.106861696,-0.1063143,9.7307415,4.95151
9033,0.009148143,0.002809601,10.577402,4.876635
9034,0.04490403,-0.03304973,9.415624,3.4942517
9035,0.094026834,-0.0481558,9.443192,3.520314
9036,0.09704894,-0.04287447,9.436486,3.493708
9037,0.013856061,0.03334301,9.436359,3.5044546
9038,0.06972818,0.021849724,12.570601,3.4379816
9039,0.098369196,-0.00065146945,8.379178,4.264223
9040,-0.0058881193,0.008422401,12.411472,3.5586014
9041,-0.00070379674,-0.12886398,11.190342,2.9532876
9042,0.18333325,-0.2069534,9.697875,5.7514
9043,0.09330925,-0.031769805,9.616162,5.7564583
9044,-0.058146723,-0.071818665,6.994683,2.6192725
9045,-0.1411988,-0.012674971,6.798028,2.7510006
9046,-0.010248542,-0.17556418,7.080458,2.548284
9047,0.0584573,-0.10807747,7.075397,2.6643343
9048,0.03897299,0.0010093674,7.0032344,2.6068094
9049,0.08672416,-0.0019193012,12.408727,3.5899117
9050,0.100488305,-0.13991483,8.305792,3.231152
9051,0.13046917,-0.18396834,10.436321,5.6470804
9052,0.0062545165,-0.18363148,8.870403,5.007984
9053,-0.03309645,0.19603333,10.657668,1.1117207
9054,0.0044175684,-0.13174757,7.406113,4.790236
9055,-0.2236962,0.054806978,7.2650194,4.8286877
9056,-0.04423267,-0.12238962,7.359674,4.7479854
9057,0.10050751,-0.14207813,7.422726,4.8196564
9058,-0.014957335,-0.102806345,12.404538,3.6687837
9059,0.032630816,-0.13523827,12.807662,3.828171
9060,0.14304945,-0.1331836,10.201794,5.417947
9061,-0.08684193,-0.0438497,12.829344,3.8182094
9062,0.033056006,0.12538949,12.8364,3.427788
9063,-0.16960666,0.0664507,9.015419,0.13465591
9064,-0.09750726,0.1725837,9.316061,0.8772315
9065,-0.010854356,0.17149098,10.067054,0.94363976
9066,-0.038256064,0.22192575,9.706863,0.60855556
9067,0.16246624,-0.18477419,7.5919724,4.862965
9068,0.026977606,-0.018408494,12.49318,3.4601245
9069,-0.083646946,0.11436875,12.506518,3.4600253
9070,-0.0019660518,-0.18046337,9.733294,0.30325773
9071,-0.013711756,-0.14421225,9.792033,0.33827925
9072,-0.15100908,-0.01625515,12.683236,3.8154964
9073,0.013078362,0.29036176,9.97403,-0.86553156
9074,0.16042897,-0.10746558,8.354632,7.0877395
9075,0.20484787,-0.12703991,8.34679,7.0286937
9076,0.07206936,0.0501135,9.314424,-0.47295296
9077,0.25918034,-0.0992033,8.834061,-1.4162495
9078,0.100296974,-0.13144255,9.019192,4.479748
9079,-0.01694948,0.06832032,9.617817,0.4733245
9080,0.029643834,0.12780908,12.543866,3.3470168
9081,0.026361838,0.19002843,12.478957,3.3195798
9082,0.035067275,-0.13082685,9.506357,5.6474566
9083,0.044680804,-0.024079913,10.369511,2.7929046
9084,-0.07652302,0.05402054,9.927008,2.260796
9085,0.070324436,0.06363923,9.6426115,-0.7386832
9086,-0.1384627,0.06647925,12.869473,0.13403586
9087,-0.056706592,0.22385134,11.986812,0.84705514
9088,0.02521,0.030263664,12.887387,0.102387026
9089,0.057728186,-0.053161316,13.0251465,3.3195777
9090,0.09117764,-0.2079022,7.5317206,2.2167091
9091,0.09464206,0.012270182,10.0816345,1.3035237
9092,0.03465844,-0.12868471,8.136241,4.1909685
9093,0.058502376,-0.11711812,8.098973,4.219158
9094,0.07600325,-0.043223687,6.5934625,-0.6602188
9095,0.11085133,0.09158763,10.114677,1.2761223
9096,0.06809577,-0.12800246,7.9531846,2.0045426
9097,0.14985996,-0.08309476,7.932666,2.0834053
9098,0.111931354,0.048765987,9.257022,0.60740954
9099,0.13991614,-0.118083924,7.828814,2.1264763
9100,0.13066271,-0.21261847,7.5964265,2.1792805
9101,0.0474959,-0.11177656,10.213128,-1.3451307
9102,0.12265441,-0.010566896,10.128601,-1.3277808
9103,0.07227826,0.02840014,10.063504,-1.1191126
9104,-0.09945834,0.055228755,12.8306055,3.7982392
9105,-0.08783721,0.15946612,6.324779,3.614363
9106,-0.06403278,0.22940865,6.3453546,3.7382596
9107,0.050593182,0.16321199,12.149953,3.677872
9108,0.044998184,-0.05001249,6.075825,0.9953037
9109,0.04681333,-0.18578388,7.7451835,2.383946
9110,-0.0951321,-0.09643944,6.047041,3.7960238
9111,0.23464796,-0.07343509,10.446411,4.4170623
9112,0.22823432,-0.04159092,10.39743,4.3719864
9113,0.07283592,0.01994829,9.366444,5.1063304
9114,0.052662686,-0.0068065915,9.272281,5.161799
9115,0.01298302,0.06621453,8.65231,1.2487993
9116,-0.03303015,0.04108557,8.344303,1.295273
9117,-0.0132137425,0.19926775,10.078087,1.5691438
9118,0.19077408,-0.005032815,8.597548,4.9724994
9119,0.15274093,-0.08546096,8.66017,4.9109654
9120,0.11316754,-0.08979687,7.94292,1.5569214
9121,0.15515158,-0.11374908,7.781723,1.5003892
9122,0.049754098,-0.07864055,7.381501,5.2172766
9123,0.12126109,-0.02832635,10.297311,1.8361778
9124,0.043515146,-0.040168084,8.936852,1.595899
9125,0.028981268,-0.16135243,10.4777155,-1.4992775
9126,0.0852287,0.24189201,12.590044,3.0735579
9127,0.024152815,0.0035397466,12.748733,1.4091512
9128,0.14924252,0.13795677,10.504967,2.4002585
9129,0.04242728,0.1958583,8.866595,1.0868421
9130,0.050894387,0.27062997,12.533754,3.1412582
9131,0.03143636,-0.0708651,9.311879,3.4720237
9132,0.10405412,0.0029539336,9.387932,3.3923697
9133,0.050900638,0.027193109,9.214534,3.337733
9134,0.07953422,-0.07104494,9.399296,3.4962664
9135,0.11341959,-0.20129913,8.998295,3.901611
9136,-0.023341727,-0.015653033,8.885395,3.6761067
9137,0.060644068,-0.09285202,7.87288,1.686297
9138,0.04704413,0.22547051,11.145566,-0.06852793
9139,0.058762617,-0.017037755,11.429046,1.3435273
9140,0.14035083,0.1136511,9.635332,-0.68178296
9141,0.07355123,0.17433798,9.38411,-0.889184
9142,0.048920646,0.19685757,12.577515,3.2780952
9143,0.0846409,-0.2160322,5.8544807,1.4240054
9144,0.019390501,-0.11298149,5.9428844,2.017838
9145,-0.1451825,-0.017315865,6.421433,3.9293363
9146,-0.15417999,0.01686812,5.902659,2.1345963
9147,-0.0066769347,-0.06694198,7.488544,1.7854631
9148,0.11710483,0.08662571,7.806054,0.98897886
9149,0.0830178,-0.00035698153,8.011703,0.82349116
9150,0.028302148,-0.0034726132,3.978917,4.6801662
9151,-0.099314876,-0.08450373,11.370445,6.8998604
9152,-0.0151266325,-0.115350455,11.372158,6.917187
9153,0.17805237,-0.10376151,8.561062,7.3238425
9154,0.1447984,0.116356626,12.430114,3.4803023
9155,0.089656085,0.01295655,11.266738,1.4310597
9156,0.13884233,-0.12624238,9.335632,3.9183052
9157,0.058493182,0.11517334,10.810286,0.31765217
9158,0.10633233,-0.21820699,9.499356,5.2544518
9159,0.113820225,-0.069859095,10.874761,6.2904205
9160,0.014338881,-0.17029406,10.876497,6.344521
9161,0.22575912,-0.12486383,9.658494,6.5595145
9162,-0.077818565,-0.11637542,12.460869,3.63111
9163,0.08392159,-0.050671317,6.8553767,4.4179525
9164,-0.03232676,0.070758015,8.631409,-2.4244313
9165,-0.009484315,-0.003566363,8.491281,-2.5936913
9166,0.06334695,-0.0009376593,10.924628,1.0730709
9167,0.02328962,0.07036466,11.747678,5.3570995
9168,0.07010205,0.038357116,8.471907,-2.6173575
9169,0.033088505,0.12178077,11.832716,1.2657236
9170,0.00058237463,-0.09265975,12.302042,3.7815022
9171,0.20344083,-0.022916766,9.06881,4.4595346
9172,0.062427297,0.2328991,12.440173,3.2808409
9173,-0.051899187,-0.045961782,12.451418,3.6257598
9174,-0.05324875,0.052442335,12.385842,3.5914824
9175,0.015839942,-0.17856896,6.387223,3.7172236
9176,0.13278891,-0.15806454,8.7706585,6.0209866
9177,0.08686642,-0.09008588,11.355225,6.9109497
9178,0.008421861,-0.06787281,5.6683645,1.0530797
9179,0.07466498,0.10881229,10.658342,5.8717966
9180,0.039498843,0.0075065214,10.555405,5.970426
9181,-0.037741628,0.15920398,12.365638,3.526494
9182,0.08588831,0.23954871,11.627005,1.4668651
9183,0.105873704,-0.106905274,11.091784,4.9645653
9184,-0.026385684,0.18538299,11.189598,4.782222
9185,0.08961815,0.094054304,11.190451,4.8075547
9186,0.070638396,-0.04412348,11.252428,4.8323526
9187,0.12881076,-0.05834724,11.204691,4.9647017
9188,0.03164301,-0.023207134,7.7431345,3.8886013
9189,0.05790984,0.003129417,12.407366,3.6740181
9190,-0.0013545379,-0.038052194,7.647769,0.5339773
9191,0.031687766,-0.12027694,6.909796,2.1125567
9192,0.02565018,-0.17480452,7.1735935,2.1713893
9193,0.15289551,0.12436095,10.355778,-0.52950716
9194,0.050879337,-0.021008352,10.847359,4.680633
9195,0.062019862,-0.08173844,7.687042,0.7284619
9196,-0.086666174,-0.085802026,6.530216,2.2447944
9197,0.062750086,-0.15766306,6.0196853,1.9397825
9198,0.072858386,0.014008677,10.984285,-0.3818647
9199,-0.046549723,0.16675088,12.6525135,3.3812523
9200,0.04037538,0.07323133,12.57946,3.5113568
9201,-0.063905984,-0.048375644,8.02564,1.5813533
9202,-0.01335937,-0.024055181,11.122729,0.9626917
9203,0.10474628,-0.056576103,8.415992,-0.55902666
9204,0.13995211,-0.110564634,8.525504,0.7368181
9205,0.029845059,-0.14692077,8.474146,-0.521311
9206,0.035371274,0.05012176,9.210795,0.01644185
9207,0.1504936,0.19786137,10.601199,-0.48725763
9208,0.017491952,0.17069468,9.188301,-0.016475445
9209,0.1313721,0.25523886,10.84489,-1.2715578
9210,0.1544244,0.20756662,10.750416,-1.0268509
9211,0.10118008,-0.17065999,5.9782367,1.1343873
9212,0.11901109,-0.028779764,12.151725,4.079848
9213,-0.017709326,-0.14523998,10.171935,6.407024
9214,0.12925342,-0.042827535,9.728695,4.637399
9215,0.13947669,-0.21942122,9.078006,5.177353
9216,0.08191067,0.004707668,10.043884,4.8792887
9217,0.022720538,-0.09137296,9.751679,0.35953057
9218,0.14654985,0.09988816,9.971223,4.791311
9219,0.06393671,-0.053175166,10.284982,4.1543016
9220,0.10652457,-0.078398,10.219684,4.204753
9221,0.06776284,0.21550861,10.185112,2.4330413
9222,0.06562023,-0.09875838,9.477765,0.47111413
9223,-0.06163154,-0.10635583,7.1434994,-0.00815792
9224,-0.10669289,0.10970566,9.252596,0.3916012
9225,0.020432599,-0.12901922,7.1236854,0.06175681
9226,0.0027663782,-0.19672245,7.133354,0.05582974
9227,-0.006172426,-0.14260507,7.1254945,-0.010382517
9228,-0.015595488,-0.13497545,7.096452,0.0053416886
9229,0.110661656,-0.11808577,9.668413,5.129324
9230,-0.0032984577,0.01852229,10.578546,1.7176987
9231,0.18451157,-0.16663495,9.177508,3.4334252
9232,0.050696135,-0.088667944,9.8937645,4.847496
9233,0.00028181076,-0.04658594,8.170539,1.64759
9234,0.016489275,-0.03317157,6.0806623,1.02303
9235,0.0024386048,-0.12471125,6.234929,5.336009
9236,0.07202259,-0.09084662,6.189172,5.4455476
9237,0.111682475,-0.035619006,12.157995,4.0885963
9238,0.027997144,0.057228886,11.030501,4.172644
9239,0.062560394,-0.04945702,9.877847,5.925315
9240,0.21034136,-0.0084763765,12.080492,-0.77227867
9241,0.1030252,0.12726156,12.184052,4.0610814
9242,0.082246095,-0.083959,8.856301,3.2812939
9243,0.07299256,0.04909361,12.112758,4.121895
9244,0.100237295,0.22743025,12.171782,3.979149
9245,0.13977222,-0.08935388,11.252731,5.271711
9246,0.1749208,-0.09238388,11.293767,5.505905
9247,0.09067559,-0.13098522,8.282406,2.255737
9248,0.06642058,-0.16862881,8.215484,2.2294266
9249,0.093349665,0.052294947,12.169893,4.079658
9250,0.11202721,0.058907494,11.964127,4.14202
9251,-0.06499764,-0.08500828,10.454718,4.3277664
9252,0.09982166,-0.095573336,9.599493,4.2069173
9253,0.115144014,-0.22545204,6.4416065,2.546016
9254,0.12365194,-0.21038833,8.082254,3.8365958
9255,0.14706087,-0.17666447,8.164581,3.7593112
9256,0.20633793,-0.14099742,9.961607,3.5375571
9257,0.09258065,0.031174956,9.79704,-0.082430415
9258,0.17950553,0.16209403,9.691187,-0.16947095
9259,0.13005668,0.119816095,11.019612,-0.23701778
9260,0.0241393,-0.16504215,6.622706,1.0451398
9261,0.19973755,-0.10847938,7.876526,2.1550307
9262,0.118608475,-0.14580531,7.8706746,2.1539986
9263,0.20460999,0.10440264,10.6059675,3.539902
9264,0.1768035,0.1025924,10.664785,3.4823146
9265,0.1280182,0.02411292,10.835851,3.644619
9266,0.18465623,0.0084001925,9.141506,3.0948808
9267,0.198562,-0.017647637,9.092855,3.2903278
9268,0.065946,0.011643155,11.012446,3.6605122
9269,0.17830168,0.14160624,10.623222,3.5104215
9270,0.020570882,0.12987298,10.969755,1.791451
9271,-0.09447372,0.05994966,6.4906936,6.0426083
9272,0.027305678,-0.050369903,10.16609,3.0728734
9273,-0.13579465,0.14122525,10.068566,0.79341936
9274,0.15189914,-0.030869747,10.880483,3.6570725
9275,0.0143431015,0.19997603,11.049204,-0.41335824
9276,0.14250818,-0.10492031,8.325247,3.2593813
9277,0.21303608,-0.12899807,8.507528,6.2654386
9278,0.18604967,-0.10886572,9.936255,5.042355
9279,0.20764706,-0.10845807,10.092608,4.8449745
9280,0.19475019,-0.056920126,10.074941,4.971702
9281,0.11326033,-0.14549328,8.514772,4.9605846
9282,0.062213838,-0.16833551,10.231262,5.055048
9283,0.124129444,-0.07278002,8.600459,7.3535976
9284,0.071489505,-0.017107803,9.975522,5.920204
9285,0.14983743,0.0021484941,7.6873064,0.7355397
9286,0.0028524324,0.11475378,11.972803,2.4619098
9287,0.032210246,0.004045762,5.9889116,3.5111012
9288,-0.13949367,-0.035590023,8.352786,2.4452755
9289,-0.19976564,0.21828696,7.817038,-1.8656546
9290,-0.27394563,0.034448266,7.1704826,5.0506825
9291,-0.19756922,-0.026896894,5.42459,1.5499475
9292,-0.2774884,-0.060554057,7.4788694,4.005973
9293,-0.105705455,0.065086424,7.348672,4.8373184
9294,-0.34205842,0.05889134,7.176711,5.544784
9295,-0.2899359,0.15535057,5.7659,4.916605
9296,-0.105742574,0.09499058,8.76971,0.7008367
9297,-0.31430557,0.022980092,6.5233083,4.323634
9298,-0.20925339,0.084234685,10.6968975,6.406114
9299,-0.22485201,0.04948976,10.690241,6.4083886
9300,-0.18181255,0.1470464,9.253435,-0.7157581
9301,-0.027077802,-0.13764134,6.7586393,2.0969012
9302,-0.21016932,-0.06899383,7.3242297,6.7728286
9303,0.00981329,0.10581004,12.102523,4.5141463
9304,0.104913354,-0.07772521,12.102967,-0.8945285
9305,0.0829202,0.13981147,12.174321,1.9813751
9306,0.050558172,-0.053877205,11.610395,4.2959113
9307,0.12937489,-0.1761909,9.031729,2.3924503
9308,0.1476723,-0.14624017,8.5898905,7.239925
9309,0.16291296,-0.04487373,9.737772,1.9946593
9310,0.1922341,0.016537478,10.313427,3.1333137
9311,0.034991503,-0.09801181,10.849291,4.7803597
9312,-0.1451816,-0.07979758,5.82364,4.8572426
9313,-0.0003269948,-0.05462528,11.631724,4.34291
9314,-0.051933892,0.016923701,6.6325245,2.6606455
9315,-0.13765116,0.25940153,11.994898,0.7823643
9316,-0.023228025,0.17161068,10.704404,-0.08306005
9317,0.057394505,0.14019874,10.479692,-0.49802753
9318,-0.068854555,-0.11902298,7.0998244,1.8096784
9319,0.012298614,0.20454401,9.481051,-0.91381514
9320,-0.28644836,0.051535286,5.973307,2.4064138
9321,-0.08308829,-0.014880462,7.276303,1.2151496
9322,-0.09944574,0.22047317,12.122436,-0.024919149
9323,-0.16888517,0.12703401,5.4360104,2.2986512
9324,-0.2614349,0.10021133,5.311563,3.3420448
9325,-0.14065857,0.19060755,11.793353,-0.28480464
9326,-0.212956,0.27567473,11.659263,1.4065382
9327,0.14535218,-0.13213202,8.561983,-0.07983426
9328,-0.029546265,-0.051062383,6.6961584,2.4339044
9329,0.18246004,-0.09206028,11.113124,6.772216
9330,0.21552947,-0.03080025,11.181702,6.951738
9331,-0.08295937,-0.025768254,6.507259,3.6899483
9332,0.1006262,-0.038908064,12.057098,4.626831
9333,0.06862236,0.07038409,9.411667,2.9986012
9334,-0.03913886,-0.0898046,8.432448,3.1561704
9335,0.13268904,-0.14947456,7.145122,6.259211
9336,0.04594534,-0.046501406,12.089354,4.5483294
9337,-0.06767526,0.1258269,12.143733,4.5216217
9338,0.092992276,-0.012952016,12.1241255,4.6047993
9339,0.061227657,-0.020371892,12.111907,4.701633
9340,0.08053076,0.1490458,12.135108,4.614508
9341,0.0017275661,-0.023526935,12.021252,4.5620646
9342,0.19815679,-0.14339921,8.259462,6.95513
9343,-0.0056098253,0.010592349,10.158969,1.2455983
9344,0.23225382,0.0024403837,9.504428,4.142433
9345,0.2721199,-0.06727629,10.228823,1.7673534
9346,0.22770402,-0.014968779,9.4110985,4.1301975
9347,0.14872205,-0.04310601,9.381574,3.985726
9348,0.059449673,-0.027733823,6.0114174,3.541021
9349,0.12197173,-0.123916514,12.009079,5.2016387
9350,0.0985425,0.04511632,8.94324,2.1941466
9351,-0.011329902,-0.021514848,12.084782,4.5689015
9352,0.007926706,-0.021192618,12.022651,4.6446533
9353,-0.046608776,-0.09975825,12.072411,4.5579123
9354,0.12558892,-0.14809139,8.404997,3.260007
9355,-0.3424799,0.13834146,12.280947,0.027958296
9356,-0.28658885,-0.063742004,8.110178,2.36125
9357,-0.22617584,0.10858765,6.424098,4.4115605
9358,-0.08974624,-0.12266697,6.684154,0.43170077
9359,-0.2799205,0.04131064,5.6672454,3.4412668
9360,-0.12113035,-0.15409075,7.627979,1.9976392
9361,-0.2347151,0.050035402,6.677233,5.9786334
9362,-0.28463912,-0.09192851,6.313479,1.224377
9363,-0.34179515,0.04062117,6.6130614,5.3555183
9364,-0.23925348,0.21596867,11.398873,1.3475039
9365,-0.31326506,-0.08701834,10.454206,5.7616024
9366,-0.16056249,-0.16870406,5.9852176,1.9439418
9367,-0.20987332,-0.11187322,5.9614377,1.9914393
9368,-0.17355347,-0.15870243,6.4368587,1.7254556
9369,-0.20371479,0.119737834,10.586452,2.5218694
9370,-0.17982525,-0.0024216287,7.0171294,4.2511425
9371,-0.28730336,0.0487193,10.267148,-1.6197524
9372,-0.08871323,-0.13811277,7.4363685,6.016327
9373,-0.1262333,0.0518039,11.266715,3.8260496
9374,-0.21100771,-0.030837614,7.133904,4.39089
9375,-0.015635662,0.02683545,11.866797,3.3214023
9376,0.03434463,-0.0020287242,7.62478,0.076081604
9377,0.06997335,-0.11068778,9.890987,5.497504
9378,-0.108656496,-0.021099335,11.962755,4.247009
9379,0.09054248,-0.078709275,9.960103,4.2402925
9380,0.055450857,-0.0049177576,10.6599,3.6825593
9381,-0.055564627,-0.1358873,9.846108,2.6163063
9382,0.017025612,0.08855565,11.404901,-0.030245647
9383,-0.007352583,0.22453266,10.57336,1.7845565
9384,0.056205243,-0.10986617,9.343817,1.0856261
9385,-0.024318483,0.066388875,11.373364,-0.9527063
9386,0.07835205,0.016704878,9.589528,0.7135656
9387,0.08403371,0.008750107,6.6618733,-0.640407
9388,0.024235897,-0.021289686,11.406481,-1.1298074
9389,0.04669459,-0.12997454,12.15843,-1.0771768
9390,0.16665603,0.004141411,10.088343,0.30719626
9391,0.17426404,-0.12501341,6.7581067,1.7053206
9392,0.053183272,-0.0817551,10.70578,5.7605853
9393,0.082313985,-0.11415514,8.934496,6.0397778
9394,-0.050900828,-0.0863275,12.090484,4.178401
9395,-0.053253926,-0.051914,12.083226,4.22673
9396,0.023053747,0.088617764,9.181534,-0.73620176
9397,-0.015498787,-0.037058603,12.131972,4.2296515
9398,0.033940725,-0.12284579,12.086475,4.197023
9399,0.15211862,-0.037093773,7.6482697,0.8779178
9400,0.16142537,0.046812013,7.6266184,0.929125
9401,0.23622993,0.011869606,7.600499,0.95627314
9402,0.06252058,-0.16564484,8.116428,4.255666
9403,-0.12566599,-0.15819748,6.099886,3.7489667
9404,-0.19313797,-0.025449015,5.9380846,5.370137
9405,-0.17691952,-0.036698118,10.531706,5.724664
9406,-0.043353286,0.084881574,12.24251,3.6925535
9407,0.0859608,0.038000226,12.216294,3.726782
9408,0.045060962,-0.08318764,6.949711,-0.6320836
9409,0.048548184,-0.0987926,6.362075,-0.61269
9410,0.077646844,-0.15441392,6.2969275,-0.61193603
9411,0.047635972,-0.092859335,10.735762,3.383051
9412,0.06900438,-0.11445238,10.729922,3.4721763
9413,0.1563423,-0.058622494,10.27523,5.849763
9414,0.10221507,0.01042141,10.056679,1.663371
9415,0.0706729,-0.0864903,10.44299,4.4131603
9416,0.07260266,-0.15521075,12.089768,3.9898953
9417,0.15367764,-0.0404199,10.352173,3.2510679
9418,0.14729092,-0.047632977,10.192712,3.2261374
9419,0.037959337,0.14864986,12.162415,4.0208573
9420,0.12257962,-0.107211605,12.132595,3.95914
9421,0.13375823,-0.046013724,10.202142,3.20768
9422,-0.016241722,-0.13094544,7.1962776,1.2722548
9423,-0.063923925,-0.059209913,5.911258,5.3749485
9424,0.19128942,-0.05523137,9.07908,3.2841666
9425,0.036706187,-0.009214941,5.948085,3.3684673
9426,0.055995196,0.17668295,9.257956,-0.6479818
9427,0.052170955,0.16999644,9.263632,-0.70337325
9428,0.17793328,-0.1589816,9.97154,5.7812114
9429,0.054486245,-0.038295276,11.451758,0.46845368
9430,-0.036887985,0.14288655,12.252169,3.7061415
9431,-0.007943636,-0.040480502,12.182458,3.6922007
9432,0.07223867,0.19913708,12.23768,3.7325563
9433,0.05727823,-0.10448379,10.214219,3.1114445
9434,-0.020647958,0.091774,12.468103,0.80298805
9435,0.1326094,-0.17940462,9.781984,5.1511636
9436,0.015015144,-0.10669424,9.608047,5.0621037
9437,0.090644255,-0.06569074,9.484259,5.1026244
9438,0.03071414,-0.09197849,9.892063,5.7563396
9439,0.094543785,-0.08161275,10.685551,5.8736477
9440,0.026259862,-0.018049601,11.446938,0.11741054
9441,0.08885422,0.102594346,9.290252,-0.63580036
9442,0.1566591,0.0056498144,10.329336,3.3095706
9443,0.062190786,-0.026213584,7.7410026,-0.88969666
9444,0.048551187,0.05604437,10.88409,0.043803312
9445,0.031058848,-0.039772294,11.373953,0.54606277
9446,0.077533565,0.11676413,9.812426,0.3517022
9447,0.15291187,-0.18592061,8.378574,7.4091506
9448,0.007898461,0.0074776933,12.421938,6.1899943
9449,0.13143556,-0.20599493,11.158886,5.744281
9450,0.13461536,0.14854336,12.534365,3.0722432
9451,0.063748404,-0.03138199,5.1900196,2.0572524
9452,0.12038343,-0.22110116,8.414454,4.0991855
9453,0.01745934,0.21834739,11.121518,1.6305889
9454,0.074964955,0.028747296,12.169912,3.796286
9455,0.04058116,-0.21780741,10.662737,5.528255
9456,0.07644397,0.057910047,11.530834,1.6335309
9457,0.089954406,0.14541864,11.06426,4.3205295
9458,-0.051913332,-0.083511636,10.287427,5.449122
9459,-0.045640215,0.13221863,6.063684,3.4018111
9460,0.09078106,-0.008016938,6.155507,3.4328778
9461,-0.0016289726,0.040069178,12.18972,3.789674
9462,0.07159895,-0.21025011,10.183753,5.6922174
9463,0.054933757,-0.22317657,10.055165,5.710438
9464,0.08832176,-0.036510043,10.117232,2.2486947
9465,0.054776438,-0.18331575,8.69423,4.73511
9466,0.0061246417,0.06672621,11.4588375,6.044057
9467,0.034783833,-0.091723435,8.835325,5.544991
9468,0.14681545,0.077478535,8.545454,0.27920085
9469,0.014398567,0.029735034,8.815592,5.525355
9470,0.016980484,-0.1765353,8.812806,5.4794483
9471,0.037725933,0.2069408,11.828453,0.34257153
9472,0.10468283,-0.060749017,8.816291,5.5316763
9473,0.09619072,-0.179679,8.183675,1.9296435
9474,0.042300418,-0.06805001,12.092911,3.8697288
9475,-0.08317079,-0.054531507,11.189153,4.6846037
9476,-0.03977828,-0.0012621824,5.2197933,2.175249
9477,0.06649999,-0.034371044,5.1731067,2.0166404
9478,0.054163694,0.05806291,12.564917,1.8621045
9479,0.16195466,-0.06050913,5.185026,2.0878763
9480,0.16045034,-0.064589724,5.218566,1.8778749
9481,-0.012618711,0.16809188,12.198948,2.6838968
9482,-0.07000853,-0.0020491518,12.203094,3.780467
9483,0.005398918,0.0002487935,12.250011,3.85656
9484,0.0891252,0.18026489,12.210037,3.7108853
9485,0.055727966,0.13120079,10.564251,3.85486
9486,0.08935122,0.12657024,10.120246,4.016376
9487,0.06896541,0.08948755,9.9735365,3.8764312
9488,-0.12430711,0.26088053,11.557822,0.96313983
9489,-0.06937766,0.121720254,12.131375,3.684889
9490,0.0028811656,-0.10512522,9.94211,3.928771
9491,0.02725137,-0.011959678,9.955943,3.9682164
9492,0.023731831,-0.043716125,9.344424,1.5573071
9493,-0.018855609,-0.032481756,9.3165,1.6089207
9494,0.087354176,0.014939634,6.8402543,1.1183747
9495,0.067004375,-0.066811666,10.224261,-0.36768883
9496,0.079337075,-0.041294448,10.652629,-0.41389742
9497,-0.015526626,-0.020893201,8.300145,-0.35410205
9498,-0.016209256,-0.18259335,8.279621,-0.25619608
9499,0.08353064,-0.014435706,8.036428,1.0272671
9500,0.04407973,-0.009856218,8.036746,1.0375552
9501,0.095610335,-0.050122403,12.140681,3.439801
9502,0.045660496,0.029090969,12.157375,3.3824768
9503,0.046605557,0.18045083,9.917048,1.8619055
9504,0.06895282,0.24432904,12.728766,2.4821153
9505,0.06278673,-0.025696622,7.2912016,4.094274
9506,-0.035523646,0.0019977186,11.146035,5.5927987
9507,0.04012072,0.03972011,10.910108,4.5929847
9508,-0.04103843,0.1632252,7.6902256,-2.0086055
9509,0.0004913509,0.19880931,7.690475,-2.0160234
9510,0.17278329,-0.17517516,10.386033,5.0908647
9511,0.21841183,-0.15022326,10.496825,5.0615
9512,-0.027332459,0.114963576,7.68486,-2.018218
9513,0.14857572,0.07478872,12.783565,3.7565818
9514,0.06561055,-0.0013946388,8.929788,3.1581504
9515,-0.12247705,-0.043892227,7.2803698,6.542342
9516,0.16239466,-0.091646716,11.325785,5.905621
9517,0.06623728,-0.07791919,11.358624,5.920302
9518,-0.017976496,-0.11164394,10.935128,5.2098904
9519,0.053084902,-0.05787284,8.686325,2.1280596
9520,-0.001894258,-0.07586175,8.726425,2.1667194
9521,0.022576325,-0.25150385,8.593497,5.3458967
9522,0.124324426,-0.083335325,9.351722,4.210384
9523,0.030123793,0.02534741,8.661597,5.28034
9524,0.051926166,0.1152374,11.436576,3.074344
9525,-0.10962995,0.03811919,7.584173,2.5111217
9526,-0.05549943,-0.051931337,7.557657,2.676801
9527,0.02462621,-0.08219408,9.893114,5.2814074
9528,0.04427045,-0.065606005,5.795858,3.4087899
9529,-0.030496037,-0.12085778,6.6840024,-0.096192144
9530,-0.19206819,0.09173241,7.288494,3.012131
9531,0.0062392913,-0.06246618,5.644599,3.4387403
9532,0.025630392,-0.045576505,11.376051,-1.03039
9533,-0.076896265,0.23318058,11.826435,0.33739415
9534,-0.22707431,0.28534606,10.223505,-1.6701747
9535,-0.025185043,0.050265342,8.242551,1.218639
9536,0.105447054,-0.11775417,8.163733,3.283366
9537,0.07700133,-0.07588335,7.9379086,0.001454718
9538,-0.18917724,0.03525117,5.7798305,4.925329
9539,-0.07854636,0.018189693,5.774078,4.9246573
9540,0.08349646,0.06638577,12.082895,2.9086232
9541,-0.031786744,0.081255056,11.995534,2.9680417
9542,-0.06923918,0.092555,10.754061,0.5665349
9543,-0.10062803,0.09563798,10.630462,0.58827406
9544,0.0019354299,0.12769274,11.197873,1.2140833
9545,0.018414333,0.03365729,11.299388,0.8740271
9546,0.05853188,-0.08013138,6.160917,3.6244066
9547,0.021130066,0.2236127,11.071134,1.7264291
9548,-0.0110841375,0.18091711,11.184919,1.7240913
9549,-0.09608929,0.07567231,12.102567,2.9961686
9550,0.082462564,-0.16666813,9.082957,6.588594
9551,0.01679932,0.03636331,10.37259,-1.3762971
9552,-0.06451249,-0.015997695,10.440502,5.477109
9553,0.16939133,-0.0014472511,9.796692,4.6627083
9554,0.008072041,0.1542546,11.792385,1.4397163
9555,0.17002611,-0.22166997,8.035904,3.5433724
9556,0.10261816,-0.18295214,9.437139,5.517373
9557,0.04956474,-0.004337049,10.152558,1.3959886
9558,-0.04062051,0.0067853387,8.530839,2.4081202
9559,0.018676475,0.23367056,12.399423,1.0915022
9560,0.07959932,0.16896862,12.370881,1.2699381
9561,0.109065086,0.20636469,11.0022335,5.1251273
9562,-0.0061563514,0.29632378,12.370278,1.1523285
9563,0.08606986,0.078112,10.933951,1.7936819
9564,0.062079385,-0.18171912,7.1090107,5.017941
9565,0.15646145,-0.14576088,7.8502474,3.4841452
9566,0.06066779,-0.1406057,6.9492097,5.2909865
9567,0.033299074,0.049439505,9.339891,6.727343
9568,-0.049707346,-0.01171658,12.064603,3.0514624
9569,0.11398363,-0.041344635,11.10835,2.236683
9570,0.10151832,-0.04471899,10.315338,4.536158
9571,-0.029565208,0.26631424,11.484335,0.5950298
9572,-0.108422086,0.08569888,10.403609,-1.7016205
9573,-0.112228386,0.16350518,10.555437,2.6579595
9574,4.8466027e-05,0.07372518,10.033668,0.6103729
9575,0.077431336,-0.27760103,6.6259327,2.1770437
9576,0.02180273,0.14152345,11.62469,0.69676286
9577,-0.0825439,0.014203897,12.148548,3.0389788
9578,-0.04781043,-0.17940672,7.317041,5.2709475
9579,-0.14645569,0.08661266,11.796991,-0.53541464
9580,-0.15655226,-0.09611755,10.554703,5.7171793
9581,-0.25636595,0.17655458,11.869521,1.8047972
9582,-0.1497721,-0.05105509,6.1470857,2.5570283
9583,-0.09167242,0.26192865,3.6642208,3.3718345
9584,-0.15850616,0.10001525,3.6349292,3.3615384
9585,-0.2527044,0.16279542,11.847848,1.8227144
9586,-0.0005169697,0.09413453,10.107542,0.29952154
9587,-0.1622021,0.010136435,10.538484,5.712576
9588,-0.00393831,0.06586086,11.092399,1.8177242
9589,-0.11703061,0.07493061,11.134278,1.7782041
9590,-0.3737775,-0.07576437,6.929443,3.560247
9591,-0.07325323,0.08945538,9.525967,6.2098074
9592,-0.024660269,0.12645268,10.353082,1.3171893
9593,0.08811877,0.015059916,10.842966,-0.087257914
9594,-0.15888178,0.19979459,10.727006,1.5479416
9595,-0.158202,0.12421836,11.495727,5.030691
9596,-0.075419635,0.15842341,8.742662,-0.76673734
9597,-0.07780035,-0.020449474,7.8769455,0.9334528
9598,-0.05833871,0.11788483,10.393298,-1.7457829
9599,-0.16809404,0.18465015,11.548152,0.009491837
9600,-0.23704062,0.029115839,11.84237,-0.5558391
9601,-0.115500934,0.19018796,9.284116,0.37724945
9602,-0.13020606,0.13581699,10.394625,-1.5277009
9603,-0.12133845,0.089879096,9.075095,1.4927603
9604,-0.20003061,0.03926781,6.523317,5.9486036
9605,-0.021121938,0.037978217,9.24375,0.6408539
9606,0.0076118,-0.024516921,10.57482,-0.12527749
9607,-0.044305325,0.19721591,10.539191,6.8838696
9608,0.03913647,0.121857196,10.527099,0.90179497
9609,0.004930835,0.037857257,10.851802,2.3003194
9610,0.022774957,0.019402122,12.460483,1.081653
9611,0.08936377,0.086417794,12.475025,0.95445895
9612,0.052019224,-0.080017544,9.820777,5.513675
9613,0.046028443,0.120397046,12.873559,0.16587976
9614,0.025108725,-0.12575202,7.319165,3.8202329
9615,-0.21484423,-0.070339076,7.8620377,1.6076823
9616,0.023449332,0.038587593,12.440407,1.1374868
9617,-0.15174124,-0.15020508,7.140801,3.753127
9618,0.06875969,-0.087099865,12.044312,5.0841546
9619,0.022547979,0.03629657,6.3522625,2.575392
9620,-0.042591583,-0.06143439,7.24056,3.8019922
9621,0.045116767,-0.044556193,7.279925,3.7654984
9622,-0.0877292,0.035714902,10.928749,3.1263435
9623,0.03028962,0.022902424,11.034333,3.0640337
9624,0.054736763,0.00034215488,11.10575,3.572063
9625,0.09946619,-0.06965632,11.124706,3.3915796
9626,0.04061438,0.06389451,11.086522,3.6164074
9627,0.03961005,0.045004033,11.033671,3.6348088
9628,0.025624461,-0.012476175,8.005517,0.9252336
9629,-0.05049618,0.0821751,10.434822,1.1609516
9630,-0.07614433,0.084384926,8.856262,3.3935752
9631,0.1052476,0.036087878,9.303585,3.6846466
9632,0.046111792,0.021221744,11.805038,1.8156561
9633,-0.106477305,0.044816367,11.77691,1.7887797
9634,-0.098495394,-0.055926614,11.806473,1.7988666
9635,-0.044481926,0.083559245,11.775381,1.7833872
9636,0.07848054,-0.094322935,11.411641,6.4572334
9637,0.060262926,-0.17542845,11.373792,6.4451594
9638,0.021284033,-0.17006117,11.352062,6.3991156
9639,0.09490734,-0.023158388,11.423595,6.46312
9640,0.035315275,0.056746498,11.697738,3.3206058
9641,0.07584517,-0.14739883,11.41495,6.4503336
9642,0.14582905,-0.055444047,10.423238,4.347116
9643,0.0089999065,0.054910228,11.2564335,-0.3481184
9644,0.15311013,0.15950891,9.861965,0.35787117
9645,0.13395274,-0.066704266,10.424336,4.258953
9646,0.0726472,0.014994601,8.513032,2.940716
9647,0.006118249,0.10674825,10.393327,4.0545554
9648,-0.005599659,0.21805152,8.9832115,-0.95237803
9649,-0.032514066,-0.071225464,7.3332486,6.7390575
9650,0.029307231,-0.10572789,7.084828,0.63703984
9651,-0.013862196,0.031808816,7.29869,4.5115604
9652,0.075486794,-0.03610748,10.7176,2.53476
9653,-0.0010310188,-0.0898841,9.085511,5.3509355
9654,0.05492896,0.15909073,11.863835,3.1128464
9655,-0.040528446,0.18586224,11.600117,2.313824
9656,-0.014677282,0.06255412,11.981439,3.114968
9657,-0.0069149192,0.15622778,8.408812,1.6539464
9658,0.0033191964,0.03803546,11.97298,3.199933
9659,0.13148129,-0.036257032,7.7146177,1.2535336
9660,0.024325091,-0.16490738,6.1137686,3.3189802
9661,0.1154878,-0.13289405,7.054833,6.417242
9662,-0.0821147,-0.066988245,7.7910485,0.28178182
9663,-0.050312117,-0.056446612,7.739032,0.11457544
9664,0.027961254,0.055710077,7.8505855,0.044082288
9665,-0.010033675,-0.0633696,7.8495893,0.23582467
9666,0.17469984,-0.072190896,10.289075,4.5753646
9667,0.19343716,0.044515118,10.211468,5.2395234
9668,-0.028304186,0.023510402,9.859526,5.639474
9669,0.050666317,-0.049458332,9.846139,5.7150087
9670,0.11584744,0.015431216,9.879697,5.5734324
9671,0.10676336,-0.13327621,9.854383,5.6634707
9672,0.050526544,0.14102648,11.000411,1.8545711
9673,0.23104584,-0.102565706,9.849186,3.600893
9674,0.11686334,0.0019565728,11.855734,3.306739
9675,-0.0030467957,-0.003233403,10.334476,1.5248375
9676,-0.14080973,0.11400744,9.343977,-0.102014855
9677,0.07855667,-0.07453301,11.484756,3.2346778
9678,0.19186491,-0.028021675,10.881382,3.9298294
9679,0.0689536,-0.013471239,10.086999,-1.3260587
9680,-0.067056276,-0.039511103,11.946974,3.2265747
9681,-0.1117934,-0.006983677,10.3633585,3.1232827
9682,0.002254285,-0.036012623,7.5334835,4.145397
9683,-0.0021371022,-0.0016693566,7.4842024,4.2095265
9684,-0.08047454,0.061479673,7.0464697,3.8839524
9685,0.05527977,-0.064819574,9.690784,2.0606647
9686,-0.1251223,0.11743222,9.790313,2.1039853
9687,-0.061304912,0.0747032,9.784364,2.0539598
9688,-0.014712252,-0.08318122,7.900903,4.885951
9689,-0.05648661,0.0451487,11.826692,-0.03184989
9690,0.02119112,-0.0068118274,11.514747,-1.3011538
9691,-0.061261974,0.0757979,12.58699,0.6902143
9692,-0.04771857,0.05222529,7.5839653,1.4486859
9693,0.037038848,-0.010938788,7.788077,4.7563725
9694,0.110095054,-0.021993693,8.656411,2.9520166
9695,0.0018237941,-0.09856531,5.4784484,2.474256
9696,0.023810424,-0.13546808,8.126807,4.226222
9697,0.060821183,-0.1471606,7.58502,-0.8696568
9698,0.11516832,-0.17116895,7.6031475,-0.8794131
9699,0.06374721,-0.038733173,12.673246,5.6449847
9700,0.08487919,0.0667828,11.233528,-0.33670777
9701,0.061523154,-0.06989991,8.973787,-0.48608708
9702,0.025856066,0.1814223,8.175424,-2.0307667
9703,0.15073079,-0.02947089,7.7680097,-0.3284457
9704,-0.034247197,-0.20753622,7.6316648,5.5397444
9705,-0.10379717,-0.15926906,5.324282,0.7725595
9706,-0.006711632,-0.1967488,7.714064,5.551115
9707,0.15937032,0.15845054,9.523812,2.9277916
9708,0.026304483,-0.19629318,8.704961,5.9799323
9709,0.07224946,-0.11454253,8.64023,5.9052978
9710,0.16289246,-0.05209358,8.522774,7.1668544
9711,0.09306075,0.04208391,9.70165,2.0742397
9712,0.04156729,-0.11596185,8.3482685,3.794796
9713,-0.031102711,0.14440602,10.047491,0.77630734
9714,-0.122621,0.2402333,7.958649,0.44184726
9715,-0.091830716,0.28947267,11.5175295,1.1759697
9716,0.06998679,-0.099403344,7.474474,4.1015987
9717,0.09544268,0.019355586,10.357216,-0.312568
9718,0.10954289,0.10236441,10.306733,-0.28563932
9719,-0.031540334,0.010905415,10.302239,-0.2638511
9720,-0.08447013,-0.14398703,6.9006042,0.56533444
9721,0.10357574,-0.21965289,6.861817,0.6521476
9722,0.14048894,-0.19932583,6.8412333,0.43931586
9723,0.09250569,-0.017875263,12.792133,3.8733997
9724,0.25254354,0.020083336,10.033685,3.5123775
9725,0.14322338,-0.021162927,10.092874,3.4945834
9726,0.16321439,0.048121937,10.078872,3.450905
9727,0.11374137,0.14545363,11.913366,3.1932836
9728,-0.11434582,-0.043156922,6.7957907,3.8143895
9729,-0.31273177,-0.029012678,7.7638817,5.8577876
9730,-0.19461608,-0.00087710284,9.633159,4.9437466
9731,0.09071286,-0.048207942,12.080515,3.4946613
9732,0.077621974,-0.096672036,10.395559,5.279753
9733,-0.008641098,-0.006304143,10.95738,3.6245499
9734,0.06801041,-0.06128268,12.032154,3.691444
9735,0.07073347,0.055458806,10.719635,0.14975879
9736,-0.032443292,0.061642736,11.957611,3.9779496
9737,0.092871204,-0.08903965,9.487885,2.5203547
9738,0.09910557,0.028095735,9.889481,4.296373
9739,-0.14821213,-0.11609854,6.151435,3.2799149
9740,-0.14647469,0.034510426,8.33065,-1.8833508
9741,-0.048155215,0.064044155,9.376243,1.9732949
9742,-0.017046519,-0.10780204,12.564111,5.021472
9743,-0.19522576,-0.062496334,7.4685616,3.756742
9744,-0.16980398,-0.011729166,7.8082623,2.352195
9745,-0.19159378,0.09779039,5.751993,2.7444742
9746,-0.18092339,0.29027668,6.1449566,3.1861107
9747,-0.11019896,-0.12490061,6.14172,3.3076205
9748,0.045485914,-0.12768038,8.399475,4.31292
9749,0.059035763,-0.09685533,8.351584,4.291996
9750,0.16899347,0.081889406,10.93089,1.9662037
9751,0.1695939,-0.040180266,8.844521,4.8674865
9752,0.16834301,0.08733603,9.126316,1.4328032
9753,0.15532537,-0.09354824,9.297354,3.4607255
9754,0.049431086,-0.064108565,7.7890973,4.207863
9755,0.12406719,0.07205072,10.127952,1.1498226
9756,0.02569919,-0.198683,8.15742,5.5920453
9757,-0.21398832,-0.03557299,8.002753,5.3576503
9758,-0.11322646,-0.14223146,8.127522,5.5844083
9759,0.020040203,0.06848924,12.09977,3.6103933
9760,0.16514784,0.022727793,10.847151,4.012162
9761,0.034683518,0.056944862,11.893091,2.8485913
9762,-0.1048777,0.08565214,10.08256,0.8423973
9763,0.053920656,-0.01308593,12.418626,3.8825524
9764,-0.019074453,-0.009671849,9.325005,1.1968541
9765,-0.046183653,0.20246488,10.7515135,0.033908386
9766,-0.061575584,0.17203742,11.949292,-0.26730543
9767,0.03633891,0.009681717,10.408037,5.45851
9768,0.049568817,0.0031159092,9.610141,0.7801639
9769,-0.16389842,0.17020297,10.102327,0.90528405
9770,0.026913986,-0.11526342,8.879713,5.960324
9771,-0.05930846,-0.05991129,5.8891144,4.9723134
9772,-0.089357674,0.088562414,11.794043,-0.027443087
9773,-0.033276856,0.012856573,11.880066,-0.016245265
9774,0.007305857,0.1063724,7.4886413,1.4539078
9775,-0.10530423,-0.18760249,6.7389016,5.079997
9776,-0.15538292,0.00042986497,11.622685,1.558517
9777,0.09862526,-0.13231094,8.351646,1.768531
9778,0.012401182,-0.0626093,11.645559,3.2909114
9779,-0.057984043,0.25766158,12.788468,2.7688606
9780,0.0604117,0.010872785,11.189251,2.0648143
9781,0.0153234005,0.1406776,12.185141,3.6457946
9782,0.14763762,-0.07354886,9.623903,5.387395
9783,0.1266897,-0.072779424,8.946973,4.4434543
9784,0.20794763,-0.0392815,9.9480505,5.9548283
9785,0.088116825,-0.23716174,7.4306707,1.8570259
9786,0.07455349,-0.18645564,7.4547324,1.8707194
9787,0.1302305,0.08269012,11.173027,1.619091
9788,0.05914872,-0.07451995,11.472426,6.326326
9789,-0.016455092,-0.25661615,8.091681,5.868076
9790,0.039490044,-0.0050532874,11.525217,6.4858727
9791,0.11826868,-0.19512942,6.111146,2.3267694
9792,0.10421917,-0.2089123,8.292353,5.6585183
9793,0.12733158,-0.1715804,8.356491,5.557545
9794,0.13316303,-0.0681608,8.303297,5.637144
9795,0.14947449,-0.115454935,8.348217,5.6551776
9796,0.12201524,-0.21514915,8.170085,5.6816826
9797,0.017096419,-0.15855761,6.4456105,4.7939563
9798,0.040094778,-0.17121115,6.3806314,4.644277
9799,0.003422603,0.1773762,10.931893,-0.7342789
9800,0.07103437,-0.11149442,7.7425027,4.7323937
9801,0.10627082,0.036453545,7.8365574,4.7937455
9802,0.068620645,-0.14605874,7.7753487,4.802906
9803,0.05157707,-0.08071752,12.091334,-0.9507502
9804,0.10764621,-0.006536383,10.371912,0.4825628
9805,0.060447663,-0.22295532,9.05701,6.641097
9806,0.1845648,-0.03563696,9.898248,2.7530482
9807,0.09320155,0.23597613,10.095307,2.724836
9808,0.17522545,0.11515741,10.565817,2.8408759
9809,0.18269657,0.17453118,10.740554,1.6483649
9810,0.19202495,-0.13799442,9.614818,2.7165756
9811,0.03280802,0.11834262,10.94787,1.4262828
9812,0.17426522,-0.039271727,10.991124,6.3010874
9813,0.16760394,-0.07766294,10.993147,6.330013
9814,-0.069734804,0.18453977,8.476424,1.1562712
9815,0.055330314,0.31473598,10.992874,1.6709385
9816,0.013632216,-0.037628062,11.665589,3.9063768
9817,0.08297022,0.14974305,11.141825,0.80638707
9818,0.057443827,-0.14140344,11.690724,-0.88776493
9819,0.07763755,-0.08122111,11.655731,-0.8474157
9820,-0.061397176,-0.022044914,5.752847,4.944228
9821,0.07670104,0.0137552265,10.541795,5.4116945
9822,0.014135383,-0.016153349,10.530514,5.764666
9823,0.029120848,-0.14209202,9.850099,5.407684
9824,0.123734534,-0.03476914,9.881292,5.43307
9825,0.016736887,-0.17061952,9.805604,5.443276
9826,0.11438832,-0.13549745,9.715467,5.389874
9827,0.106042966,-0.08852814,9.898634,5.43593
9828,0.018119872,0.0038552023,10.242647,-1.8379765
9829,-0.10609869,0.20158592,11.508384,1.5616243
9830,-0.03341405,0.085385785,12.433965,1.2214205
9831,0.059635468,-0.0028276062,12.080129,3.4035218
9832,0.04307518,-0.19729558,10.107838,2.3932195
9833,0.039341763,-0.042348363,9.900419,3.9122312
9834,0.1464327,-0.09114505,8.370248,4.0205684
9835,0.047544636,-0.0699419,7.8161206,4.540133
9836,0.049938917,-0.035728738,10.645181,6.350201
9837,0.07469175,-0.12767152,10.997906,5.0731463
9838,0.022902895,0.15159504,11.889752,1.5025343
9839,0.09692824,-0.16190109,10.345732,5.0977135
9840,0.028228857,0.037297465,10.784341,6.244523
9841,-0.0021387115,0.16781479,11.549589,2.7565773
9842,-0.09435238,0.11917624,11.285273,3.2992945
9843,-0.09598578,0.34808004,11.702886,1.5128982
9844,-0.026608437,0.20718868,10.324444,-0.6359498
9845,0.12587473,0.11128032,11.248073,2.6969702
9846,0.106254935,-0.1319741,11.271701,6.9532447
9847,0.07649349,-0.078348815,11.252336,6.9793763
9848,0.106311336,0.06419181,12.796141,2.8261178
9849,0.12061061,-0.027228175,11.411622,6.856945
9850,0.024733897,-0.017873999,9.160387,-0.26839587
9851,0.23167321,-0.13133205,9.290899,0.39950076
9852,0.21383765,-0.071015686,9.3197565,0.5307125
9853,0.111443445,-0.04555408,9.284092,0.2792317
9854,-0.0089233,0.003374936,6.9238863,2.4387226
9855,-0.09153199,0.16814998,10.291336,1.3509215
9856,0.1206824,0.21541083,12.402332,2.7720141
9857,0.031051733,0.08948945,12.454261,2.8176055
9858,0.180802,0.2659651,12.574648,2.6658442
9859,0.0013791025,0.080932535,10.940312,0.80873996
9860,0.015654687,-0.024631338,9.65513,3.0411656
9861,-0.011482928,0.1477769,10.71605,1.7801571
9862,0.18181959,0.013935063,9.384297,3.2180612
9863,0.09372687,0.14919844,12.434011,2.78405
9864,0.20595127,-0.0089481585,11.297519,4.609869
9865,0.08056608,-0.11128033,11.659214,4.1994915
9866,0.1165643,0.16721083,11.6376295,4.257129
9867,0.08538864,0.2321159,10.357912,0.7880181
9868,-0.13929234,0.21759765,9.436676,1.6977893
9869,-0.13330837,0.2477923,9.441499,1.7613704
9870,-0.07446051,-0.1255797,12.286414,0.74342334
9871,-0.0552782,0.15775937,12.557981,0.7893938
9872,0.02955442,-0.014222665,8.284368,-0.9681873
9873,0.074422255,0.06393914,10.766824,2.7971501
9874,0.077102005,0.12038842,10.485791,2.5056791
9875,0.036059573,0.08993017,11.325768,3.4721487
9876,0.13557445,0.054105707,12.049769,5.1962624
9877,0.15937392,0.031676322,12.082544,5.17406
9878,0.14687403,0.14563821,10.547656,1.5790548
9879,0.124946415,0.24966267,10.694087,1.5526558
9880,0.24157262,-0.10882875,8.974439,3.252114
9881,0.14539337,-0.14200422,9.496543,1.1480336
9882,0.23679706,0.035038628,9.085171,3.2563398
9883,0.15236801,0.09824849,10.3117285,1.2623599
9884,0.029217191,0.09278919,11.952679,-0.1747564
9885,0.010969322,0.13383056,8.495398,3.4244616
9886,0.023200836,0.07365111,10.866229,1.6385512
9887,0.08324306,0.006365938,11.777961,3.633098
9888,0.016070537,0.15538818,11.227303,2.2364144
9889,-0.03398949,0.0042807553,10.859755,1.8198693
9890,0.053751543,0.0067707077,9.166203,0.95695597
9891,-0.020737275,-0.019748988,9.020694,0.8799544
9892,0.14523876,0.05752828,11.703215,-0.5350827
9893,0.1171231,0.041538514,11.314579,0.052465312
9894,0.15550631,-0.010647935,9.593863,6.753599
9895,0.11180365,-0.0074721873,8.063225,6.79337
9896,0.021578208,0.080872305,9.660962,0.60337794
9897,0.03681019,-0.043920193,7.8348784,3.637177
9898,0.038170025,0.23041768,13.277966,2.72312
9899,-0.03553149,0.1182521,13.101516,2.9506023
9900,-0.057029366,0.23473814,10.150454,1.0785758
9901,0.14658469,0.03795643,10.555175,2.656998
9902,0.06484309,0.088577405,13.170939,2.6195643
9903,0.023124471,0.16079837,12.841637,0.71817416
9904,0.074694276,0.08513109,12.87348,0.7325372
9905,0.046938643,0.107922435,13.369671,2.3101938
9906,0.116059154,0.23912919,9.666256,0.72489274
9907,0.0270916,0.290668,10.635232,1.4065096
9908,0.09086569,0.075498715,13.383924,2.2778406
9909,0.053709254,0.10029495,13.347436,2.2931294
9910,0.053351276,0.18267936,13.3545685,2.2176635
9911,0.095078886,0.20267498,13.364614,2.2546735
9912,-0.008556183,0.16217218,13.381424,2.2704768
9913,0.07958287,0.14129603,13.391533,2.3124034
9914,0.08256483,0.38086686,13.393281,2.2669823
9915,-0.052854087,0.20344359,13.45306,2.3402102
9916,0.117592484,0.2503489,13.351142,2.3072617
9917,0.081115425,0.013015864,13.435046,2.2937133
9918,0.05124317,0.12115529,9.85956,0.69952047
9919,0.09010351,0.24904868,13.212039,2.4207556
9920,0.1207425,0.19782409,13.389503,2.3137305
9921,-0.014446029,0.073658824,8.458817,-0.78732455
9922,-0.054895505,0.33206898,13.287383,2.1501613
9923,0.15645532,0.21739972,12.555857,1.7511457
9924,0.123057246,-0.1776362,8.913457,3.977848
9925,0.12846035,0.33605593,13.351681,2.2949638
9926,0.08772065,0.20111737,13.297969,2.342069
9927,0.087341264,0.17510974,13.468105,2.1752114
9928,0.092531234,0.2478312,13.395945,2.3042364
9929,-0.036408115,0.24580222,13.295872,2.2364259
9930,-0.021562826,0.21222773,13.453138,2.2816103
9931,0.113351226,0.35173622,13.183418,2.2896194
9932,0.11816178,0.12716118,9.273958,-1.275068
9933,0.061852798,0.1884047,13.36776,2.2794569
9934,0.10346612,0.12138662,13.425205,2.3097165
9935,0.1123433,0.28031623,13.412901,2.250882
9936,0.103010476,0.10446741,13.372638,2.353
9937,0.14569758,-0.11621268,10.638006,3.89153
9938,0.033875145,0.34454766,13.09606,2.1135318
9939,-0.06884915,-0.060381003,8.940531,0.14654458
9940,-0.063579865,-0.091158204,8.455727,0.41697508
9941,0.084764525,-0.122749984,8.559765,0.56429017
9942,0.07776226,-0.12087156,8.519058,0.5306216
9943,0.17811334,-0.062161118,8.598127,0.58757263
9944,0.051170617,0.24171981,10.168105,-0.79184294
9945,-0.021010937,0.17377427,10.090203,-0.7959474
9946,0.119696885,-0.25890836,6.8762436,2.8183196
9947,0.15277535,0.088882044,9.311504,-0.69082105
9948,-0.00088589266,0.06303338,9.55067,-0.6701207
9949,0.17531332,-0.30196628,6.8382716,2.7123852
9950,0.10752046,-0.103798166,6.8799005,2.8474905
9951,-0.002843462,0.20088476,8.245804,-0.8160664
9952,-0.00856033,0.2030095,8.864777,-0.3893798
9953,-0.0508397,0.11966324,10.808025,-0.95844805
9954,0.06670812,0.111128375,13.471857,2.2687807
9955,0.07831064,0.14666092,13.404887,2.3113728
9956,0.12581371,0.23794982,13.334426,2.2305582
9957,0.0932066,0.20128804,13.16048,2.387772
9958,0.031165347,0.1255843,10.534693,1.0487096
9959,0.13273583,-0.12604982,8.542621,3.4013464
9960,-0.028352538,0.22086461,13.2860155,2.248902
9961,-0.0014151037,0.21615554,13.194315,2.139374
9962,0.015353236,0.0060841907,10.697677,0.6306975
9963,0.012783859,0.42186406,13.232215,2.3314254
9964,-0.024324382,0.04743001,8.42525,0.08364536
9965,0.11975357,-0.013114968,8.427791,0.08281276
9966,0.09726189,-0.026949272,8.412692,0.09867376
9967,0.049831875,0.054068312,8.409573,0.08318343
9968,0.112785965,0.14490302,13.391319,2.252185
9969,0.08260667,0.040803477,8.376106,0.07145155
9970,-0.0058319047,0.08106615,13.373254,2.2068038
9971,0.1030481,0.28200656,13.37442,2.3436823
9972,0.007184703,0.31966087,13.32062,2.2396283
9973,0.110047,0.021804517,13.444209,2.2897959
9974,0.019770276,0.05927734,13.171085,2.0690773
9975,-0.0021685213,0.2556558,13.301689,2.1280358
9976,-0.0101014,0.3046228,13.180628,2.1290703
9977,0.1001215,0.28744033,13.354803,2.277064
9978,0.06503753,0.121696144,7.6791105,0.97821695
9979,-0.023482336,0.109480545,11.977767,1.3014585
9980,0.036541373,0.124859124,10.344947,-1.0921898
9981,-0.003976237,0.13961776,8.470423,-1.333724
9982,0.1409076,0.098205045,8.485632,-0.09009124
9983,0.1258497,0.15394153,12.737361,5.573876
9984,0.095691815,0.13547474,8.459377,2.1429555
9985,0.040108643,-0.07040711,8.186799,5.2225275
9986,0.094528094,0.16239071,9.98011,0.14727497
9987,0.0043535084,0.0091901515,9.486193,0.30104792
9988,0.07205393,-0.24359342,6.7594194,1.1763164
9989,0.14706965,0.17130613,10.966593,-0.19347578
9990,0.04193881,0.28558183,12.94509,2.5780542
9991,0.12228054,0.31249595,12.919846,2.5731945
9992,0.03636527,0.12094173,12.975396,2.2999866
9993,0.15777579,0.15963925,12.947424,2.581254
9994,-0.058841117,0.11116609,12.813429,2.7946706
9995,0.06788604,0.23734728,12.965798,2.5395057
9996,0.1867206,-0.040130217,7.721119,1.4118806
9997,0.09074594,0.29723707,12.971787,2.5156927
9998,0.116478056,0.17000261,12.756383,2.5487595
9999,0.1445263,0.120982915,13.163789,2.5904455
10000,0.12255409,-0.06718041,11.095882,6.071852
10001,0.19037938,-0.026160184,9.014205,4.788032
10002,0.10596292,0.12715253,9.540292,3.8363037
10003,-0.0039663613,-0.11718261,11.577943,4.4497614
10004,0.04031889,0.12343128,10.8412075,0.5103946
10005,0.09833673,0.18437478,10.716004,0.5105381
10006,-0.013832085,0.26526085,10.858466,0.50967145
10007,0.08848043,0.22986847,13.201419,2.4724982
10008,0.04999189,0.18283796,13.167813,2.3823888
10009,0.059146106,0.012288913,13.215583,2.605591
10010,0.039982453,0.23745742,11.51351,1.9742982
10011,0.08494775,0.21838677,13.191407,2.4847615
10012,0.026951432,0.055754095,10.818944,7.212872
10013,-0.04210601,0.07615719,7.837314,5.0237036
10014,0.07043965,0.02840302,7.845652,4.99822
10015,0.054543927,-0.1373548,8.881218,1.9022754
10016,0.06472739,-0.22440057,8.3351145,1.8336024
10017,0.07909698,-0.21305552,8.817406,1.9451318
10018,0.036057867,-0.029562617,10.956462,-0.64583606
10019,0.14340788,-0.14475125,9.032972,1.8573401
10020,0.05372639,-0.047304235,9.078654,1.8428771
10021,0.0876707,0.3498505,13.082872,2.3176265
10022,0.012321703,-0.02987969,13.202,2.5914524
10023,0.08193368,0.28906336,13.143352,2.3275778
10024,0.05433233,-0.033704568,9.648981,0.5764235
10025,0.1495986,-0.00024535693,7.4255867,1.8281639
10026,-0.018231511,0.29355568,13.269425,2.4558175
10027,0.04861009,0.33935952,13.212931,2.3499374
10028,0.056004822,0.3052886,9.93428,-0.2446614
10029,0.09864062,0.2928007,13.064075,2.3980906
10030,-0.014743678,0.3779563,13.286888,2.4732287
10031,0.010491475,0.37708667,12.970577,2.263377
10032,0.088988915,0.15115295,10.748638,0.28677544
10033,0.04756348,0.21251903,13.176468,2.3527012
10034,-0.08086783,0.30884868,13.035076,2.147897
10035,0.13097048,0.32452342,13.093792,2.375131
10036,0.07361707,0.31479022,13.227716,2.2246099
10037,-0.0510917,0.25531688,13.228146,2.411446
10038,0.12261742,0.03926214,10.908096,-0.21697982
10039,0.019327737,0.27120885,12.872118,1.9265567
10040,-0.04236267,-0.15978229,7.3698764,-1.1931016
10041,-0.104719505,-0.087506205,7.350098,-1.2620296
10042,-0.16036284,-0.124411985,7.3564444,-1.2234403
10043,-0.032959998,-0.07067626,7.345286,-1.2743468
10044,-0.17814764,0.07537193,11.575984,1.6467333
10045,0.058104962,-0.106008574,7.3996525,-1.2096727
10046,0.03930472,-0.099983856,7.3373103,-1.2472345
10047,0.031565152,-0.0011516828,7.474695,-1.1598452
10048,0.132368,0.118948475,10.204961,0.44603476
10049,0.12213214,0.040803716,11.377455,0.2422526
10050,-0.00757109,-0.13645172,9.084371,0.77699924
10051,0.07462801,0.2322541,10.027855,-0.2751153
10052,0.06504131,0.035435155,13.151136,2.3630707
10053,-0.0017514527,0.13171461,13.178862,2.6852078
10054,0.18392645,-0.00056087784,7.5939717,1.1786816
10055,-0.016644988,0.022461431,13.229103,2.4681296
10056,-0.01676345,0.091999926,13.160165,2.6312656
10057,-0.026061123,0.3364779,13.166295,2.4183462
10058,0.105801165,0.208336,13.152758,2.5998633
10059,0.15476054,0.12712981,13.142556,2.6229978
10060,0.18844232,0.29403397,12.092982,-2.038356
10061,0.1771995,0.31917855,12.087671,-2.036687
10062,0.0074172392,0.205192,13.125006,2.6687696
10063,0.04664713,0.00016244315,13.137365,2.684926
10064,-0.019409446,0.14522359,11.790001,2.468894
10065,0.1731521,-0.08556423,8.805509,0.1865901
10066,0.064512916,0.14014414,9.580549,0.5136772
10067,0.080452435,0.10456337,11.149499,3.3014243
10068,0.17777884,-0.08565686,9.398982,0.67591244
10069,0.09269446,0.03782618,13.151791,2.6573267
10070,0.15271625,0.019175189,13.108262,2.7163627
10071,-0.00036108866,0.35135433,11.822494,0.74393976
10072,0.1369335,0.12367724,8.432297,1.4848709
10073,0.07861238,0.39630845,13.110505,2.6283975
10074,0.03686671,0.19707075,13.166706,2.5274067
10075,0.09986693,0.15171817,13.146719,2.655804
10076,0.10396847,0.16756922,13.177561,2.630512
10077,0.12580925,-0.025057757,13.208045,2.6659863
10078,0.120548055,-0.1001069,8.541451,1.9626399
10079,0.27481467,-0.03179124,9.639587,2.6842544
10080,0.078349575,0.230053,11.629598,2.2410276
10081,0.1518442,0.2360586,11.891157,2.796243
10082,0.07305768,0.17445447,12.464475,2.550165
10083,0.08000922,-0.3127816,8.531634,5.4719744
10084,0.10203615,0.2652541,13.150337,2.5984828
10085,0.11365487,0.11564082,10.14144,2.7610495
10086,-0.02373774,-0.00012516417,13.223725,2.6290236
10087,0.08761249,0.043654263,13.252021,2.599202
10088,-0.12291881,0.15075292,13.201506,2.5598314
10089,0.18728851,0.17469169,13.1858425,2.6595635
10090,0.24473572,-0.1431846,7.2280154,1.6097472
10091,0.22157922,-0.14984635,6.9844027,1.4548178
10092,0.049343154,0.226105,13.25807,2.6078093
10093,-0.012100942,0.33903536,8.299755,-0.029568205
10094,0.080624275,-0.07326327,13.334954,2.6870255
10095,0.0402717,0.25318027,12.807568,1.8166051
10096,0.005297929,-0.08764018,7.9835873,-0.8886416
10097,-0.004511349,-0.04570742,8.059327,-0.9149682
10098,0.08061288,0.09465206,13.167013,2.7659302
10099,0.07952593,0.031908646,13.283451,2.7026262
10100,0.09553918,0.15048283,13.353491,2.6567204
10101,0.03833645,0.2786063,13.332511,2.6083143
10102,0.047675297,0.21206161,10.278176,0.31479216
10103,0.0730069,0.2594011,13.307332,2.6465197
10104,0.109831944,-0.14564563,5.307781,0.7386492
10105,-0.013885383,0.20385605,13.313711,2.5656526
10106,0.08370817,0.077110864,10.342025,1.4073297
10107,0.18554942,-0.034707434,10.496209,3.3267405
10108,0.22499752,0.100877345,10.4776325,3.3127723
10109,0.22155783,0.014156034,10.441521,3.2905138
10110,0.012493186,0.22287136,13.085459,2.020677
10111,0.13856432,0.05963716,11.341555,3.8154407
10112,0.10444537,-0.016069766,11.333964,3.7961266
10113,0.1643958,0.018507058,13.230024,2.9370685
10114,0.02517889,-0.06235911,11.088273,4.0834346
10115,0.060706556,-0.068154834,11.486949,-0.74937534
10116,-0.03794001,0.078909725,8.678067,0.90965164
10117,-0.007835094,0.0692468,12.290093,0.2441045
10118,0.12452322,-0.12083014,11.062878,3.2351153
10119,-0.02184952,0.12682928,12.050099,3.0998197
10120,-0.043428645,-0.028634682,11.779175,3.9562805
10121,0.019941024,-0.005325499,11.857381,3.993541
10122,0.08501159,0.2437661,13.407453,2.647306
10123,0.04140845,0.20250282,12.377396,1.923094
10124,0.08170311,0.10261434,9.817051,0.34307316
10125,0.16999948,0.17140004,9.796434,0.36567658
10126,0.18961841,0.0667503,9.7935295,0.3731701
10127,0.10083453,0.2534671,9.843876,0.3001059
10128,0.11543186,0.14124805,9.82511,0.34808132
10129,0.04055509,0.029235655,9.667885,1.5317532
10130,0.059134185,0.040722564,10.113309,1.2344443
10131,0.009879503,0.15469564,13.33823,2.4319806
10132,0.027311496,0.19923508,13.396214,2.5914197
10133,0.03326139,0.22091967,13.325543,2.318048
10134,0.03429032,0.15264589,8.114319,-1.2503206
10135,0.005859133,0.23543778,11.633159,2.0200737
10136,0.085804954,-0.023634734,13.311025,2.799814
10137,0.16008537,0.1555315,12.618518,2.1756744
10138,0.17450474,0.22398421,12.911341,2.4550817
10139,0.046178438,-0.027896162,10.680185,5.164073
10140,0.08788575,-0.095146686,13.046489,3.376548
10141,0.17461604,-0.09290259,10.627983,5.059634
10142,0.20253754,0.3580534,9.8878145,-0.23165634
10143,0.11397199,-0.027492477,7.732752,1.2825683
10144,0.036747053,0.21084294,9.335162,1.3489269
10145,0.02937983,0.17767435,9.29197,1.3666816
10146,0.046528608,0.14565226,13.386207,2.5903478
10147,0.2157175,0.108587176,10.535115,2.8504376
10148,0.06323205,0.07528485,13.084933,2.7820594
10149,0.15412599,0.35151824,12.990282,2.58088
10150,0.039970353,0.02141164,9.23301,0.5749992
10151,0.08267649,-0.09970795,7.787815,1.5620768
10152,0.12762976,-0.05770112,7.995382,0.65620774
10153,0.08536689,0.09323606,8.816079,-1.3758509
10154,0.05241579,-0.049489252,12.754996,1.4039707
10155,0.056769483,0.03669954,12.74782,1.4470159
10156,0.05077502,0.118297726,12.736772,1.4166702
10157,0.024298899,0.20543787,13.337832,2.6055157
10158,0.07007278,0.060354576,12.734541,1.4210416
10159,0.15053195,-0.15769055,8.306909,3.3913505
10160,0.13476166,-0.17743295,8.758811,6.4948707
10161,0.2172583,0.069973096,9.7045965,1.054126
10162,0.20432451,-0.045097157,8.44625,5.1396008
10163,0.10637048,0.20333424,9.131522,-1.6992185
10164,0.14981273,0.31722328,12.956729,2.4310882
10165,0.23776183,-0.009253742,8.378784,0.871034
10166,0.20725527,-0.06252053,8.398638,0.6926578
10167,0.03366565,0.14919198,13.021824,2.5560808
10168,0.013769895,0.012487723,13.327701,2.6665184
10169,-0.004875317,-0.12094386,11.701665,-1.2239501
10170,0.07774758,-0.084722266,13.126703,2.8148842
10171,0.11442304,-0.16831534,8.541035,-0.33485365
10172,0.12579776,0.2049138,13.132493,2.6868427
10173,0.049276948,0.22592095,12.946608,2.7263517
10174,0.0130312145,0.036726326,12.906854,2.9131086
10175,0.049478464,-0.055691026,8.283731,2.8718553
10176,0.26064757,-0.05196695,10.387795,5.262665
10177,0.03866683,0.112187475,13.03125,2.877945
10178,0.08523204,0.14565888,13.088716,2.9320474
10179,0.09624523,-0.20829834,8.38346,5.1321955
10180,0.23273903,0.24593633,13.047175,2.8819814
10181,0.13898751,0.060161285,9.943256,-0.19956553
10182,0.17478691,0.17665583,9.7969475,-0.019216748
10183,0.117908955,-0.14967988,8.959092,3.2051878
10184,-0.015685374,0.18170501,13.16611,2.9682937
10185,0.107009426,0.013621027,13.059202,2.9707644
10186,0.06157133,0.15083897,9.612722,-0.391396
10187,0.11669998,0.25410947,13.102433,2.8848524
10188,0.06081929,0.13247885,13.103777,2.8820336
10189,-0.055094928,0.20498249,13.111661,2.8448336
10190,-0.037798025,0.10919167,5.3511205,4.89867
10191,0.06834466,0.092908606,9.31782,0.31339008
10192,0.07311133,0.1047451,9.244815,0.3255999
10193,0.049944118,0.16674736,10.627243,2.2165766
10194,0.058833018,-0.21838138,7.7958727,3.4329474
10195,0.11453277,-0.25014085,7.312219,3.003465
10196,0.052476853,-0.14982158,7.3283153,3.0961337
10197,0.09906843,-0.051356293,9.1823635,0.9191546
10198,0.095572576,-0.011380574,12.760849,0.13223955
10199,-0.07996623,0.07523711,10.693729,-0.8662495
10200,0.08970612,0.12702835,8.953912,4.2743006
10201,0.09266628,0.17385235,13.109915,2.9194095
10202,0.048216395,0.1310047,13.195224,2.9009097
10203,-0.12865071,0.17395797,10.223425,0.7940249
10204,0.23384103,-0.0668503,7.412433,0.8710421
10205,-0.0077457055,0.046270147,6.912202,-0.31539688
10206,-0.06306316,-0.1340143,8.351892,0.46049124
10207,0.1130147,0.11980294,13.239306,2.1641343
10208,0.13021587,-0.13342018,6.550112,-0.42441
10209,0.14209357,-0.13248928,8.877214,3.5784574
10210,0.17638803,-0.1647022,8.97216,3.6119184
10211,0.17920828,0.028568437,13.149304,2.948347
10212,0.07843346,-0.048805192,11.41161,6.451616
10213,0.15862116,-0.05326283,11.4396925,6.4574413
10214,0.068590455,0.036156304,13.233646,2.562801
10215,0.11807147,0.068061136,10.637422,1.9487066
10216,-0.024303678,0.022390524,13.204067,2.5457134
10217,0.12745307,0.14324027,10.796939,2.0252998
10218,0.150264,0.14254498,13.183855,2.4220276
10219,0.056125604,-0.18985425,13.577662,1.1665637
10220,0.19821644,0.1052194,10.653747,1.5634227
10221,0.17798904,0.1071746,10.540352,1.4956734
10222,0.20912212,0.10218679,10.632805,1.5214984
10223,0.07191557,0.2811738,12.792918,1.9076006
10224,0.15639919,0.051359527,13.208218,2.7882843
10225,0.022948008,0.06456329,8.313004,0.59087443
10226,0.08084573,0.0930807,10.546039,-0.22202228
10227,0.08229199,0.20851776,10.851305,1.1100199
10228,0.13957879,0.061806843,11.433106,1.4256902
10229,0.06705563,0.18337333,8.5718,1.5108916
10230,0.15224527,-0.052829072,13.659862,1.7121472
10231,0.09792963,-0.0052310247,8.633409,1.6832322
10232,0.10223244,-0.03497017,8.602745,1.7228894
10233,0.14119285,-0.019736266,8.644024,1.6682513
10234,0.039945252,0.041343644,13.626815,1.7568378
10235,0.08577826,0.041045442,9.050921,0.14195369
10236,0.16306646,-0.13348062,6.3612785,-0.57439107
10237,0.11979398,-0.1263176,7.9231176,3.1817505
10238,0.018603422,-0.010877365,10.307265,2.502039
10239,0.23976478,-0.027311916,6.7119436,-0.65601283
10240,0.09502435,-0.14157167,6.0853434,0.9572235
10241,-0.13645947,-0.052581914,5.86664,0.9842689
10242,0.05070874,-0.1698195,6.621748,1.9209938
10243,0.11928503,0.055768423,11.352474,0.052137
10244,0.17922217,-0.059227012,6.195811,0.90333956
10245,-0.071383975,0.15903081,9.253553,1.9834734
10246,0.073147625,0.04608489,9.180024,2.1423335
10247,0.07618815,-0.07538867,9.142648,0.96217895
10248,0.19416082,-0.20990458,8.477447,5.101599
10249,0.08412512,-0.011913011,13.642418,1.7301341
10250,0.15637282,-0.029343579,13.683367,1.7060056
10251,0.17454657,0.18525988,13.679489,1.7006228
10252,0.12888242,-0.025723878,13.666052,1.7191269
10253,-0.009988818,0.004595425,10.90088,0.5571761
10254,0.14648327,-0.15267861,6.2340245,-0.49968088
10255,0.24216226,0.056442298,6.1464424,-0.40295327
10256,0.19514918,-0.1917186,7.894618,3.2693555
10257,0.17453802,-0.18285483,6.1983285,-0.4895539
10258,0.13293916,-0.1890916,6.2133946,-0.48533943
10259,0.17136423,-0.19738,6.1969285,-0.48004204
10260,0.12639645,0.14829981,9.997899,1.650887
10261,0.07839991,0.016674737,13.644106,1.7065485
10262,0.07601392,-0.09622961,13.437158,1.7174069
10263,0.11677563,-0.04329706,13.650599,1.7202016
10264,0.16070771,0.2258157,10.344685,-0.08881066
10265,0.08926198,0.13109371,10.357719,0.09825714
10266,0.15034604,0.030298473,12.160959,2.7906427
10267,-0.11381406,-0.021779073,7.7509203,2.6709502
10268,-0.0885749,-0.0059594214,7.7599525,2.690379
10269,-0.05558241,0.10083506,8.001565,2.6941485
10270,0.0350674,0.111744285,8.191598,0.61206746
10271,0.06076725,-0.058056615,7.157179,0.35964447
10272,0.11278178,0.0016701873,7.2543216,0.25545767
10273,0.12755564,-0.09489294,7.053511,0.22247763
10274,0.092235416,-0.022905156,10.2138,2.4299402
10275,0.043424726,0.1584864,13.088881,2.8352542
10276,-0.013983948,0.10264736,13.33232,2.7985644
10277,0.16858307,0.096614674,11.300368,1.2759184
10278,0.15113649,0.03528461,13.135314,2.697025
10279,0.1440915,-0.23433432,7.6591716,5.509176
10280,0.21297379,0.17053083,11.079002,0.3360479
10281,0.2417795,0.16324304,9.802777,-0.17518465
10282,0.03394895,0.015195409,8.335315,1.1259742
10283,-0.08674055,0.037394546,6.192096,0.9965873
10284,-0.04797419,0.02649268,8.228456,6.086591
10285,-0.056185544,0.0056277495,12.365592,6.2121153
10286,0.03410563,0.014961189,8.202854,-1.1855416
10287,0.03089264,0.033471853,8.122503,-1.2354655
10288,0.1688427,-0.056686476,8.427189,1.1663345
10289,0.083275065,0.015978603,8.469267,0.98330903
10290,0.21481058,-0.011458305,8.928057,0.6116504
10291,0.10673125,0.28743473,12.943318,2.7784696
10292,0.14284274,0.01776771,13.369329,2.8972304
10293,0.09688133,0.010219948,9.7354355,1.8032007
10294,0.109763384,0.122924805,10.376364,-0.5635138
10295,0.11739658,-0.006373875,13.273441,2.8203144
10296,-0.00901374,-0.045312524,8.96308,1.7181704
10297,0.07966885,0.013665322,13.3657,2.836311
10298,0.10162543,0.20062181,13.390177,2.6398335
10299,0.03646396,0.24199393,10.786464,0.08335523
10300,0.08235149,0.08844955,13.321969,3.0320494
10301,0.18727161,0.036947154,8.345902,1.0869356
10302,0.21249849,0.056195326,8.309959,1.1558431
10303,0.21777645,0.042794004,8.349249,1.1012586
10304,0.26596558,0.0059756674,8.3078375,1.0765263
10305,0.23378485,-0.094884165,8.151575,1.1979871
10306,0.22965378,-0.09096865,10.368106,5.181331
10307,-0.018969357,-0.14196485,5.8991303,1.2637156
10308,-0.14624421,-0.053310312,5.909667,1.2488315
10309,-0.15953441,-0.042150974,5.9148498,1.2768339
10310,-0.024476908,0.061390206,8.750737,-1.6391373
10311,-0.13066506,0.028096126,7.9305735,-0.5859598
10312,0.14314687,0.12956063,8.636525,-1.1049801
10313,0.17501087,0.057754986,8.659549,-1.1251316
10314,0.085538,-0.15257987,5.8860536,1.2629194
10315,0.10526517,-0.16716331,5.880973,1.2480808
10316,0.1154052,0.08815566,13.290986,2.8486881
10317,0.06690918,0.20017786,13.398358,2.7080889
10318,0.09606373,0.04597298,13.204961,2.8096526
10319,0.04652109,0.15180251,10.43944,2.0524328
10320,0.21326953,0.062075995,13.44592,2.7961338
10321,0.113098025,0.030772274,9.456362,2.5786679
10322,0.014719505,-0.24418336,6.54409,1.9672246
10323,0.050873317,-0.24294326,6.6546183,2.0937235
10324,0.10986966,0.022675673,7.874573,0.7150503
10325,0.08623968,0.21191618,10.242954,1.0126097
10326,0.11698587,-0.043409474,8.497894,1.6721874
10327,0.13078168,0.07037937,8.43088,1.683451
10328,0.1440622,0.06434275,8.582794,1.6142966
10329,0.012812842,0.19461618,13.411088,2.5941334
10330,0.20377222,-0.07247262,12.593378,3.6907218
10331,0.039084077,0.20497832,13.058148,2.5069523
10332,0.0063835084,0.0797738,12.715768,3.5145466
10333,0.048496917,0.031343512,13.173162,3.9206994
10334,0.1617842,0.047615744,13.195262,3.900382
10335,0.10318647,-0.09741469,9.920618,4.8344254
10336,0.031117737,0.27089307,11.144523,0.4507155
10337,0.096440375,0.25313154,11.090954,0.25711814
10338,0.0863154,0.3304966,10.9573555,0.4990843
10339,0.041515812,0.12539428,10.220864,-0.4157413
10340,0.16884881,0.031366013,13.267532,4.0475793
10341,0.023536649,0.17491885,13.224675,4.0288715
10342,0.07217869,0.1555029,13.26978,4.047918
10343,0.14005086,0.049269587,10.812753,0.8267891
10344,0.0716085,0.2145455,10.498819,-0.5774577
10345,0.13598695,0.19189313,13.287446,4.052027
10346,-0.043734364,0.19283871,13.253875,4.0291595
10347,0.07132889,0.098517776,13.269845,4.0243673
10348,0.12305823,0.08398247,13.234651,3.940956
10349,0.09721717,0.2888759,13.2641,4.0472736
10350,-0.020183977,0.15225907,11.375404,6.623429
10351,0.08894251,-0.0009958744,13.266789,4.03285
10352,0.10842089,0.19235572,11.723409,1.3558016
10353,0.10696891,0.2581335,11.976975,1.3361896
10354,0.027786218,0.14749555,9.442747,2.1070666
10355,0.13814962,-0.122273006,10.318834,4.440944
10356,-0.14024298,0.30383354,9.399455,-0.9015609
10357,0.12060997,-0.21903016,7.5186915,1.5759786
10358,0.104193345,-0.012351635,10.372786,-1.6195674
10359,-0.13636497,0.19556506,10.415076,1.2944878
10360,-0.06559954,0.19782971,9.02551,-1.7389458
10361,0.13835558,-0.08042441,10.253792,5.2098536
10362,-0.11369717,0.11065963,9.012486,0.056890823
10363,0.14376706,-0.056498244,9.726573,1.5134085
10364,0.14380713,0.035211027,11.366847,4.6601214
10365,0.14760354,0.15891893,9.954719,1.3688146
10366,-0.017062891,0.20572338,11.200307,1.396449
10367,0.12532166,-0.06135848,10.237064,5.4974685
10368,0.057685778,0.06669852,11.451289,3.738352
10369,-0.0809736,-0.08609837,11.851048,3.33433
10370,0.059030667,-0.005055636,10.866184,4.68631
10371,-0.005299326,0.09579858,11.226857,1.0123236
10372,0.060234584,-0.07347137,9.94523,3.2233217
10373,-0.114331014,0.27060524,11.701781,1.4515331
10374,0.013631135,-0.04426219,8.155725,0.57132787
10375,-0.10043221,-0.055180266,7.080287,6.384323
10376,-0.037000336,0.02581122,11.0626335,3.7866812
10377,0.19088538,-0.17077331,9.835299,4.502038
10378,0.18181717,-0.16034438,9.831213,4.5849314
10379,0.14797068,0.14691028,8.481174,7.011482
10380,0.024854302,0.035029553,10.292479,-0.9279722
10381,0.05134809,-0.13069984,12.101546,3.9466555
10382,0.06234762,0.0004549045,12.043668,4.056073
10383,-0.0929677,-0.23428518,7.512797,2.1876903
10384,-0.12504962,-0.07377945,12.565818,5.026033
10385,-0.13203786,-0.054424934,12.567542,5.015485
10386,-0.15500101,-0.14233576,7.580343,1.3918726
10387,-0.011343289,-0.2887796,7.550711,2.177793
10388,-0.06771006,-0.2359376,7.5011787,1.9984899
10389,-0.01685473,-0.0036365949,7.653205,0.5467792
10390,0.009303883,0.10515343,11.166048,0.6338823
10391,-0.030973487,0.17609665,11.204323,0.6140031
10392,-0.024966456,0.14494446,11.226833,0.66715795
10393,0.082271755,-0.014137028,11.513958,1.3522886
10394,-0.043536175,-0.057663843,12.093503,4.025213
10395,-0.23690122,-0.15781185,5.3924065,3.232276
10396,-0.28892198,-0.087981164,5.359823,3.1846082
10397,-0.2564021,-0.16915631,5.3723803,3.231381
10398,-0.2904811,-0.15336958,5.331738,3.2574217
10399,0.07595621,-0.13662629,7.370786,5.8339114
10400,0.14935094,0.040363766,12.105757,4.025899
10401,-0.0076152943,0.06984593,11.132618,0.9232408
10402,0.07326455,0.0124270655,12.021668,3.1196377
10403,0.07320039,0.06506668,9.352018,-1.6074176
10404,-0.07106821,0.35189328,9.442949,-1.5917884
10405,0.10647924,0.18799937,9.427445,-1.538746
10406,0.11412144,0.22838666,12.214195,3.0152607
10407,0.08234726,0.03403733,10.835971,2.348811
10408,0.032931954,0.087888,9.25682,-0.7244003
10409,-0.18823534,-0.11962974,6.661768,5.1130257
10410,-0.25596532,0.007643072,6.577117,5.1090384
10411,-0.22150564,9.564869e-05,6.6109476,5.1288137
10412,-0.099774264,0.26100752,10.039484,-0.892079
10413,-0.17108782,0.23358008,10.040632,-0.940051
10414,-0.12460774,-0.11773795,6.6130266,5.098385
10415,-0.10048624,-0.09904378,6.631923,5.1584544
10416,0.036540836,-0.23872031,8.442399,4.8558125
10417,0.19085038,-0.009268591,12.102746,3.5333376
10418,0.08442801,-0.06699179,9.633525,5.591632
10419,0.100415125,-0.068237595,11.145172,4.1559277
10420,0.097355574,-0.048805878,7.8533454,1.0752273
10421,0.120658845,0.14783925,8.829854,-1.3790082
10422,0.17143622,0.025956186,9.166206,-1.632237
10423,-0.05850243,0.08029126,10.829526,-0.602378
10424,0.123179466,0.13698597,9.149478,-1.6360973
10425,0.0031777546,0.13551846,9.180526,-1.6087891
10426,0.08662814,0.35697296,10.271058,-0.4424856
10427,0.08769862,0.32422695,10.175093,-0.41526034
10428,-0.09485677,0.044295102,9.80471,1.241834
10429,0.16762829,-0.028318522,10.246175,3.0086448
10430,-0.018622786,0.14514701,10.2343235,2.8998954
10431,0.14274174,-0.05920721,9.4304905,4.1653605
10432,0.05713561,-0.18067908,9.761331,1.0979335
10433,0.06272571,-0.13625294,6.3035917,1.013998
10434,-0.18355104,-0.008718224,7.581448,3.4794025
10435,-0.25839716,0.1458742,12.252308,-0.008830612
10436,-0.11260158,0.08841318,9.594366,6.8195825
10437,-0.2075531,-0.017592775,7.8003902,4.569668
10438,-0.19779512,0.12302019,7.3516655,4.838835
10439,-0.2512032,0.056253284,8.797025,3.6860657
10440,-0.15500394,-0.0009036008,8.541615,7.234231
10441,-0.2415911,0.13506436,13.685106,-0.20536657
10442,-0.21387255,0.08063039,8.474286,3.4842505
10443,-0.12666197,0.20393795,7.3434577,3.7042096
10444,0.08533187,-0.048698254,9.356812,1.5069972
10445,-0.09201707,0.009532968,8.020384,3.4333258
10446,-0.019848313,-0.13693984,7.8747816,3.410527
10447,0.07758385,-0.09391631,8.9310055,4.0948067
10448,0.052190743,-0.061492205,10.489722,6.1142373
10449,-0.039011076,-0.21430804,6.3291407,2.8915932
10450,0.04937078,-0.23209538,7.049811,3.1123533
10451,0.15582296,-0.08888437,8.947133,2.294575
10452,-0.18016243,0.26359382,6.4643207,3.8162315
10453,-0.1290255,0.06356529,10.732797,2.6123934
10454,0.038728528,0.015332466,10.691019,2.5896692
10455,-0.016541248,0.08287842,10.774636,2.6695848
10456,0.08903892,-0.23000513,11.84086,4.085375
10457,0.14056511,-0.11198919,10.476571,4.3593454
10458,0.12762067,-0.16297586,8.871248,4.676478
10459,0.116068855,-0.18121862,8.910898,4.569609
10460,0.06428089,-0.04746979,9.942391,2.2812967
10461,0.0844194,0.0070317257,9.157798,1.9296907
10462,0.119776994,-0.13526715,8.046446,3.3740475
10463,0.09546983,-0.090920135,9.8423815,4.460198
10464,0.15947475,-0.07583631,8.035358,1.6565224
10465,0.0796542,-0.10958009,11.995465,3.9759307
10466,0.0741754,0.1681191,11.9057045,3.889119
10467,0.04522358,0.026458243,11.933055,4.088699
10468,0.054192416,-0.07952791,11.94406,4.088666
10469,0.054573253,-0.07103631,11.951236,4.0794735
10470,0.02977243,-0.07201535,9.097633,4.744654
10471,0.036602058,-0.07245049,10.574822,5.742835
10472,-0.116634615,0.009286569,3.6950824,3.386367
10473,0.08149618,-0.07396589,11.975634,4.070512
10474,0.07706838,-0.13233045,7.857713,4.4261436
10475,0.046642855,-0.016304974,7.870933,4.4702344
10476,-0.079856895,0.1409732,10.571497,0.022527296
10477,-0.098031074,0.15789174,12.227143,1.0753282
10478,-0.0069497116,0.08749121,10.295496,0.45349947
10479,0.0717664,-0.07444429,11.988105,4.06014
10480,0.22402036,-0.19901484,10.325433,4.6582146
10481,0.21677417,-0.08586314,8.968502,1.474825
10482,0.15538579,0.052549846,6.911425,0.65619344
10483,0.22822687,-0.14298928,10.355767,4.59649
10484,0.12686673,-0.13578093,8.611324,5.2248383
10485,0.079875626,-0.042690232,7.5126925,4.7629614
10486,0.06780808,-0.0024378896,11.50943,4.1543713
10487,0.008280627,0.17471087,10.765779,-1.8479271
10488,0.028805263,0.3757997,9.516362,-1.5732462
10489,0.051231578,0.22781044,10.134446,1.7588421
10490,0.04673183,0.10520214,9.995637,1.727595
10491,0.063979074,-0.058462895,11.536948,4.0899935
10492,-0.054414883,-0.100917466,9.381845,3.837757
10493,-0.012380999,-0.04855393,12.370922,3.59258
10494,0.023982577,-0.0932064,5.088773,4.3616333
10495,0.046335272,0.18812269,11.049604,1.1171299
10496,0.091490716,-0.04233917,11.784215,5.0909905
10497,0.12500347,-0.12503776,8.525606,6.259097
10498,-0.12548871,-0.04250691,6.744568,0.41582564
10499,0.06020222,-0.09094617,8.553011,6.223386
10500,-0.017260429,-0.0838605,7.19234,6.0385303
10501,-0.03281797,-0.13326302,7.157789,6.093698
10502,0.13982937,-0.124367364,8.479015,5.98125
10503,0.14225447,-0.09356332,8.559798,6.155756
10504,0.238204,-0.049669243,8.593355,7.2092395
10505,0.15187362,0.02148213,8.618963,7.237993
10506,0.06578186,0.054952763,8.632643,7.247322
10507,0.1422851,-0.1394623,11.929743,5.12075
10508,0.02511505,-0.21248412,8.066928,3.7896268
10509,0.003921196,0.27544045,9.429754,-1.5986441
10510,0.019572917,0.12957689,10.78192,2.6467376
10511,0.106184125,-0.10901938,12.125367,-1.029214
10512,0.045847714,0.004074296,11.581297,-1.2206956
10513,0.12200676,0.20117342,11.152757,-0.6754272
10514,0.11284521,-0.072705686,12.146468,-0.95404935
10515,-0.012115762,-0.035042945,12.138159,-0.979759
10516,0.12838951,-0.14229487,12.097312,-0.96974075
10517,0.043082654,0.17549616,12.451051,3.0815277
10518,0.11613636,0.038919285,11.78385,2.5315158
10519,-0.037383415,0.015150128,9.218606,0.6642493
10520,0.01847615,0.020587223,10.39625,2.6093473
10521,0.035513222,0.06182894,8.074441,-0.153353
10522,0.061811775,0.19146985,12.092125,-2.0411565
10523,0.0588801,0.051249713,10.212594,2.3561358
10524,-0.06884864,-0.032053493,9.011351,0.7489902
10525,0.06350024,0.00012262538,7.802308,4.9533153
10526,0.12291394,-0.15765604,9.063372,0.55167156
10527,0.060766526,-0.16081582,8.465692,6.2616944
10528,-0.00069993734,-0.045083612,10.925069,6.4968324
10529,0.14454894,0.09312817,13.006367,2.7935326
10530,-0.068143666,0.10997783,11.244852,0.81944907
10531,-0.07755613,0.15075219,9.298866,-0.12378904
10532,-0.2173186,0.14118695,11.4423,-0.31201008
10533,-0.06426347,-0.09273839,7.658985,1.6300354
10534,-0.17426245,-0.027041946,8.356205,2.2662754
10535,0.06296651,-0.21607631,7.6509633,1.6158375
10536,0.12325686,-0.09503095,10.216568,4.967648
10537,0.038564414,-0.03122896,5.835248,1.1296982
10538,0.035137333,0.0135763455,5.86779,1.1375118
10539,-0.10128833,0.06940028,8.426866,-1.3681871
10540,-0.11639109,0.100607306,8.429064,-1.398509
10541,0.018334765,-0.15914857,7.6910906,6.2203197
10542,-0.14719504,-0.021153014,4.98056,4.30884
10543,-0.21356782,0.03619527,7.5108614,1.4637868
10544,-0.09560246,0.012843104,7.7805634,2.1285603
10545,0.24584779,-0.0760255,9.117337,4.5996656
10546,0.18133417,-0.20885712,9.043879,4.5989575
10547,0.0673306,-0.20715523,8.425763,3.4151888
10548,0.001991935,-0.13495642,5.1774015,2.7000825
10549,0.01217638,-0.090835385,8.695341,2.2360785
10550,0.002779901,-0.021799449,7.560671,1.0394231
10551,0.12357491,-0.05057449,7.5944333,1.0292987
10552,-0.05323027,-0.028005378,5.237793,2.6514769
10553,0.026275728,0.04689537,7.66259,1.0404829
10554,-0.028575182,-0.14271632,5.1899614,2.6851668
10555,0.14050986,-0.13722034,9.681882,5.780987
10556,0.057466812,-0.12553819,8.293011,6.192959
10557,-0.044792887,0.0139853,6.863863,-0.361641
10558,-0.114672884,0.0447708,11.796072,1.7657926
10559,0.12256916,-0.009749178,6.843111,-0.33672336
10560,0.1373809,-0.06370921,6.864879,-0.37186274
10561,0.10646905,-0.027364606,6.8657117,-0.34248337
10562,0.003507547,-0.24611917,8.094931,5.8329782
10563,-0.015837066,-0.19859779,8.073794,5.872272
10564,-0.051700696,0.048323184,10.913416,-0.65907985
10565,-0.2967108,0.051152214,7.2617087,3.4035382
10566,-0.24691127,0.052161083,8.284759,5.3792863
10567,-0.20462959,0.2693701,7.252791,3.365219
10568,-0.20699951,0.14499757,6.928902,3.6069806
10569,-0.20714757,-0.014896378,7.304788,3.3721097
10570,0.101664186,0.15646322,12.615723,3.2325206
10571,0.14078914,-0.021210555,10.8261385,4.8835063
10572,0.056024738,-0.14348699,12.036922,5.085433
10573,-0.045709975,-0.1779138,7.1649246,3.4167197
10574,0.010726064,-0.05480109,5.7463713,3.423544
10575,-0.14097448,-0.04873675,7.202772,3.4325328
10576,-0.00043801218,-0.058266133,7.3687935,5.8599834
10577,0.1437009,-0.08687377,9.992122,3.4209578
10578,0.010475792,0.0019496363,10.276961,1.0954921
10579,0.09151706,-0.06948917,10.457832,1.1100541
10580,0.067124814,0.16294374,13.036702,2.1088524
10581,0.063805476,-0.12826452,8.53091,1.6825527
10582,0.17168719,-0.030249441,8.1539135,-0.9022595
10583,0.16668767,0.21977898,9.967299,-0.19805437
10584,0.010307103,0.18016997,10.895969,-0.2753497
10585,0.042391956,-0.09193726,7.443144,5.500959
10586,0.046210676,-0.0076276455,7.47254,5.3666973
10587,-0.105952784,-0.12016949,5.583895,1.5761523
10588,-0.011613168,-0.07450774,8.603915,0.9441836
10589,-0.20323381,-0.049293652,7.148136,4.623777
10590,0.04487425,0.20845693,12.791736,2.3985388
10591,0.15256631,-0.13585646,9.462767,3.59087
10592,0.11739744,-0.12883781,9.4301815,3.5242288
10593,0.13224293,-0.0032737413,11.839758,3.6140985
10594,0.08122412,0.0015742388,6.8038435,-0.3569019
10595,-0.14468054,0.0047596786,6.498762,2.8681073
10596,-0.26109228,0.20396362,11.78489,0.9729799
10597,-0.16375114,0.0635665,9.866308,1.7713476
10598,-0.3337312,0.251321,7.1636057,3.6117878
10599,0.08890249,0.12573679,10.699327,2.6362844
10600,-0.1257102,0.105973855,6.564136,2.6461818
10601,-0.063801646,-0.029852562,12.097521,3.9802954
10602,0.06616033,-0.24564698,7.714011,4.1890607
10603,0.12057516,-0.16658182,7.7247577,4.195707
10604,0.12403469,-0.24416924,7.890461,4.0896263
10605,0.029443353,-0.1259693,7.558448,4.018246
10606,0.078124315,0.007444255,8.32333,4.1898713
10607,-0.05834553,-0.03618162,6.008336,0.9758682
10608,0.24558482,-0.061219014,10.164903,1.792815
10609,0.076074496,0.083905175,8.934205,-1.0215542
10610,0.14326617,0.22275576,9.323303,-1.1233467
10611,0.09816608,-0.0118154045,11.895396,3.4997613
10612,0.011695713,0.051145613,10.185886,2.5615761
10613,0.07300007,-0.072047405,8.964713,3.4530041
10614,0.11407296,0.11492005,12.553216,3.1270506
10615,0.03459967,-0.037217133,9.221023,4.122119
10616,0.11441791,-0.18164793,8.754649,5.1750007
10617,-0.059592128,0.14899743,10.655417,0.13202253
10618,-0.011003893,-0.039477,10.60756,0.21567781
10619,0.093031764,0.03311853,10.113468,2.5581498
10620,-0.089627154,0.13152994,7.560115,4.1034274
10621,0.063436314,0.109727144,7.2768307,0.3421665
10622,0.07600423,0.016426964,8.4623575,-2.6308825
10623,0.096890405,0.08239238,10.533824,2.7005303
10624,0.104234606,0.02071209,9.834626,2.611127
10625,0.11871438,-0.032092243,9.690178,2.6534412
10626,-0.0364239,-0.1605447,6.1261578,3.907231
10627,-0.23723298,0.062825084,5.9162593,3.787095
10628,0.008364286,-0.1797556,6.0922685,3.8060668
10629,-0.037194476,-0.14897764,6.1888366,3.9385767
10630,0.09318097,-0.066739246,12.015017,5.11517
10631,0.23013967,-0.07255736,12.515228,6.0707755
10632,0.16450235,-0.104249634,12.532084,6.0976667
10633,0.07610456,-0.06608483,10.567018,4.466422
10634,0.15354833,-0.11837353,12.0203905,5.125557
10635,0.0025072582,0.1564967,11.952826,-0.09275995
10636,0.018608294,0.07219434,11.187891,0.6494214
10637,0.06175676,0.00594406,10.9802265,-0.84303737
10638,-0.04342363,0.0233094,11.071134,-0.6096368
10639,-0.0405362,-0.09878469,7.0865026,2.2365842
10640,0.11964324,-0.02356561,10.360591,4.314786
10641,0.03464961,-0.22616695,11.248427,5.6976485
10642,-0.10287721,-0.08515065,8.073963,-0.66551787
10643,0.080888994,0.069217816,8.269385,-1.0021108
10644,0.07137932,-0.16887274,8.163486,-0.8781842
10645,-0.039013263,-0.044438604,8.082195,-0.7411352
10646,0.025640417,-0.012272639,10.732817,4.2791696
10647,-0.017033292,-0.12004944,7.772816,4.917207
10648,0.151606,-0.034973923,9.831496,3.5320435
10649,0.08360648,-0.20026349,9.108843,4.669122
10650,0.019092917,0.09910339,10.312882,2.4104571
10651,0.2126109,0.08807645,10.184398,1.7149905
10652,0.16578801,-0.026000315,12.112283,3.3300145
10653,0.16777617,-0.25718004,7.632262,2.9635532
10654,0.089540064,-0.15384838,7.659252,3.0510283
10655,0.031712748,-0.018645754,10.72783,4.12043
10656,0.11950217,-0.048826292,10.872278,4.6617694
10657,0.18382412,-0.09549714,10.355272,6.249673
10658,0.042166628,-0.030290661,10.4080305,6.4114733
10659,0.09439096,-0.15911143,8.1553755,2.7575147
10660,0.005100999,-0.27365404,7.429923,2.1663096
10661,-0.048306573,-0.011574417,8.9898205,3.5274599
10662,0.07425159,0.033405855,9.080961,3.552147
10663,0.03624265,-0.02518381,9.019346,3.5906365
10664,0.10410975,-0.27044266,8.150082,2.7559004
10665,-0.014729612,0.010037055,8.243355,2.7601142
10666,0.13107815,-0.085821584,12.050808,4.9405346
10667,0.09591928,-0.008330634,12.007379,4.8340583
10668,0.06650057,0.18151446,10.632346,0.06938393
10669,0.21673879,-0.040588014,8.632051,2.8244307
10670,0.061934665,0.024260981,8.666972,2.511785
10671,0.07395199,-0.02857939,12.052948,4.855014
10672,0.08044474,0.15385148,12.045041,4.855535
10673,0.032416277,0.14766154,12.041832,4.760418
10674,0.16137174,0.098283574,9.059018,-1.3774861
10675,0.11046915,0.1609366,12.109064,4.684728
10676,0.13539161,-0.076529235,12.070356,4.861574
10677,0.09121999,-0.053689554,10.744171,4.508305
10678,0.07046315,0.014559107,11.924444,-1.137887
10679,0.059773073,0.17098294,11.916631,-0.92454886
10680,-0.108224295,-0.017303549,10.072579,2.6463535
10681,-0.1414465,0.13386619,9.949889,2.5534472
10682,-0.16659555,0.16324493,11.888694,-0.018878093
10683,0.06613838,-0.03618879,10.231917,2.58927
10684,0.10574737,0.072872154,6.125132,0.78605247
10685,-0.039200395,0.02489735,10.078497,2.6667452
10686,0.08895138,-0.012450884,10.043327,2.6638036
10687,0.03820259,-0.07448975,5.9092865,0.7179751
10688,0.017400902,-0.19253555,6.2349296,3.2154253
10689,0.031214096,-0.20075423,6.4784274,3.090184
10690,-0.050757363,0.24700817,11.8478365,0.80198014
10691,-0.056975886,0.23167211,11.840819,0.8074582
10692,0.05232933,-0.2094275,8.19248,1.9728119
10693,0.115162656,-0.24317157,8.406902,6.7241864
10694,0.02903232,-0.30219904,7.1744547,5.6912785
10695,0.06404129,-0.16715325,8.482288,7.0123396
10696,0.10529992,-0.18033126,8.4451685,6.9419956
10697,0.16957559,-0.14129606,8.416163,6.955137
10698,0.17682232,-0.21346188,8.356393,6.4159117
10699,0.1453509,-0.25861147,8.195668,5.423229
10700,0.15608957,-0.3010977,7.6565623,3.8510737
10701,0.14137062,-0.3258588,8.246903,5.502358
10702,-0.043415986,-0.12276806,6.8227806,3.1489382
10703,-0.0049511474,-0.21413049,6.8764305,3.014263
10704,0.0135453865,-0.2171358,7.822431,3.910126
10705,0.06639241,-0.22340457,7.7393627,4.012326
10706,0.10597482,0.09768907,12.471021,3.2175047
10707,-0.09918214,0.20825163,11.815178,0.3529083
10708,0.028602831,-0.2122738,8.203842,5.7430024
10709,0.058479488,0.06760768,10.488781,-0.49831212
10710,0.08243169,-0.2352767,7.2848835,5.3005548
10711,0.12760516,-0.20132795,8.996047,3.1288347
10712,0.116464004,-0.050950646,12.449257,3.4054587
10713,-0.16153833,0.09499216,12.490101,3.4866154
10714,-0.00915315,-0.053889476,9.769729,2.1014993
10715,0.0019189417,0.046217106,10.072346,2.8619916
10716,-0.062120326,-0.15825956,6.172383,2.3954
10717,0.08200938,-0.0046942253,12.461155,6.0271797
10718,0.111270174,-0.0045927744,12.512493,6.051085
10719,-0.031477287,0.09903328,13.719973,-0.1925004
10720,-0.046007972,0.08046631,10.088747,2.3593674
10721,-0.04214432,0.045219652,9.997916,2.2850263
10722,-0.09625198,-0.026625335,10.104018,2.311766
10723,0.026661426,0.0011114366,10.126397,2.8616302
10724,0.09909472,-0.01767915,10.069947,2.9732273
10725,0.0697312,-0.122389294,8.563604,4.9419317
10726,0.120851815,0.089412525,10.499243,2.6820128
10727,-0.010311969,0.13288026,11.1862955,1.0733145
10728,-0.095793255,0.106414214,8.800767,-1.72906
10729,-0.21753576,-0.07788335,7.931763,-0.5656857
10730,-0.10429767,0.068825334,10.1599,2.9833627
10731,-0.0003533475,-0.10453858,6.4421453,3.0542629
10732,0.057883516,-0.19375816,6.5298753,2.8961978
10733,-0.09154682,-0.19755009,8.109149,2.8080013
10734,-0.09069404,0.016151099,6.89662,4.3701034
10735,0.074105226,0.22133723,9.822907,0.45582545
10736,0.008754354,0.040378295,12.3675,3.6070561
10737,0.11236225,0.13565311,12.4888935,3.3299866
10738,-0.14227775,0.06385456,7.5464883,1.5076799
10739,-0.20309082,0.26257488,9.499328,-1.4041184
10740,-0.14115074,0.23805407,6.3643103,0.89751637
10741,-0.16077486,0.13817649,9.86402,3.8825328
10742,-0.045522746,0.0752636,7.5355954,1.4192401
10743,-0.0787004,0.028048156,7.512231,1.4772506
10744,0.08460033,-0.07076077,7.4920053,1.47886
10745,0.07412624,-0.14168912,6.098563,1.0054245
10746,0.0031001829,0.10920836,9.596315,3.7764068
10747,0.017946243,0.0025772993,11.2954645,0.57939583
10748,-0.0025148094,-0.1450298,7.5639615,-0.9869074
10749,0.124945045,-0.15485953,5.3134356,0.7283264
10750,0.0167332,-0.18893182,7.0421333,6.4435678
10751,0.05200868,-0.07150849,10.167244,3.520005
10752,-0.00084800273,-0.16700032,7.5693355,-0.9918791
10753,-0.0720038,-0.120699115,7.50508,-1.1683184
10754,-0.11845039,-0.050053053,7.4487114,-1.2064995
10755,0.045782045,-0.20066309,7.600249,-1.0356042
10756,0.05782199,0.07834291,10.442103,1.3172392
10757,0.05345854,0.10813743,10.337021,1.2567453
10758,0.006961137,-0.006454517,10.949882,2.1910977
10759,-0.03667162,-0.00068502314,11.8129,-0.40049848
10760,0.14902343,-0.07415494,6.526225,0.54109323
10761,0.037696995,0.2583467,12.293561,3.894769
10762,-0.061449103,-0.052696176,12.311738,4.182934
10763,0.08281496,0.21362594,12.339656,4.0526657
10764,-0.037709724,0.07855299,12.352514,4.0896587
10765,-0.08810746,0.14508572,12.398879,4.1540246
10766,-0.20879799,0.14879678,12.416165,4.201826
10767,0.15081081,-0.045408756,12.219384,4.647782
10768,0.120452926,-0.010786218,12.081441,5.0793285
10769,0.19400018,-0.08702252,12.113191,5.0868096
10770,0.089470595,0.086270675,10.953244,2.028446
10771,0.128715,-0.026963014,11.390572,4.7627864
10772,0.15529768,0.010842653,11.389647,4.7360663
10773,0.022756346,0.13419035,12.319261,4.1259704
10774,0.16281754,0.17490527,10.494083,3.4894977
10775,0.11860934,-0.05420301,6.0251493,1.157304
10776,0.09640643,-0.10010278,10.821664,5.471337
10777,-0.054134622,0.13989203,10.576555,0.18982637
10778,0.16841055,-0.20571592,8.670578,4.0386195
10779,-0.0041186064,-0.06457638,8.339763,2.8530474
10780,0.1532827,-0.068206586,7.8335824,2.2063873
10781,0.10968882,0.005919287,10.852728,2.3437636
10782,0.0631279,0.22342455,10.473654,1.0530473
10783,0.20714667,-0.08417949,7.279746,1.2192653
10784,0.14203276,-0.12552717,9.553212,4.5714436
10785,-0.019552303,0.009618461,9.497178,3.5568538
10786,0.096992865,-0.2220707,9.019709,0.97495794
10787,0.11631088,-0.19361413,8.652405,6.44504
10788,0.03740429,0.035627082,11.110451,-0.67268455
10789,0.09314914,0.10923633,10.087635,0.3325653
10790,0.08676448,-0.046091564,9.688183,3.1365023
10791,0.16387585,-0.097425275,10.240649,5.8599596
10792,0.17000705,-0.006402554,10.99601,1.7491479
10793,0.12152113,0.06224502,11.528583,-1.1769854
10794,0.006067805,-0.107603505,7.8021054,2.2026467
10795,-0.11389369,0.21279004,11.825247,0.32848528
10796,-0.17684686,0.10253608,8.924234,0.034804292
10797,0.15775889,-0.02607159,8.812349,0.5525514
10798,-0.2831815,0.085730165,10.8938,3.1325116
10799,-0.1843194,0.22639085,7.6864743,-2.0167844
10800,-0.012421131,0.008885294,5.9894805,0.5675019
10801,-0.09711905,-0.13858758,5.779637,1.4057266
10802,-0.1997912,0.098709255,9.137001,-1.7680249
10803,-0.06413074,-0.055262692,8.880268,-0.2882913
10804,-0.1272682,0.054125354,9.94447,2.2640412
10805,-0.10638679,0.19873673,3.9682486,4.6451616
10806,-0.13386972,0.16251448,7.383057,0.3762432
10807,-0.18244353,0.26882398,11.991542,0.8641424
10808,-0.12198785,0.12268704,7.6141367,0.28136
10809,-0.2351419,0.071627356,9.725562,2.506932
10810,-0.13984287,-0.26855448,6.398209,1.7948484
10811,-0.06559736,-0.17137589,7.8720717,2.7152345
10812,-0.04774882,-0.15722913,10.414754,-1.3987839
10813,-0.06459284,0.14216396,10.600347,2.0116806
10814,-0.06959762,-0.20381433,8.35608,5.2911997
10815,-0.04449088,-0.09251919,8.464843,-2.6272297
10816,-0.23064458,0.20635065,10.819337,-0.04066535
10817,-0.17471227,-0.030541826,8.402835,0.47580832
10818,-0.13782993,-0.109629914,8.386503,5.2448115
10819,-0.13936946,0.057728082,8.985947,-0.40947166
10820,-0.12414174,0.07766722,8.0909815,5.1422324
10821,-0.12194919,0.10399394,8.447974,-2.6064787
10822,-0.06369394,0.051024064,6.7052627,1.0960705
10823,-0.17325741,0.12583123,9.279552,-1.853792
10824,-0.16792095,0.09706884,6.4473696,3.234623
10825,-0.020884737,0.04525598,8.863625,4.005008
10826,0.19799882,-0.10670109,9.187769,3.9787776
10827,0.13525775,-0.13726237,7.804238,2.1438932
10828,0.06306949,0.2215546,11.31205,3.3710818
10829,0.09456986,-0.17557721,10.136418,3.027113
10830,0.10071689,0.17060822,11.872913,2.8902237
10831,0.071843356,0.15581682,11.364428,3.4509723
10832,0.085351154,0.04053516,12.954188,2.6486287
10833,0.0038228557,-0.09867236,7.6564183,1.1569133
10834,-0.04869009,-0.04776662,8.5255165,2.4742463
10835,0.07917923,-0.22801553,6.4855547,1.7345661
10836,0.076426774,-0.16469237,7.5803337,1.1511444
10837,0.036981873,-0.036944553,7.668466,1.1789404
10838,0.069923066,0.06419309,8.522081,-0.7913582
10839,-0.05812009,-0.0762621,8.83981,0.28980613
10840,-0.11795114,0.014435975,7.7158093,4.461569
10841,0.14485484,0.010630665,8.563801,1.5928631
10842,0.20602661,0.15893058,11.333632,3.2074246
10843,0.075476095,0.23820662,10.678178,1.4693167
10844,0.056228757,-0.18643677,8.439996,5.6903644
10845,0.24927261,-0.19796889,7.534153,1.9544896
10846,0.22491992,-0.073439956,8.146461,3.1266
10847,0.10319108,-0.2045961,8.06356,5.504473
10848,0.11281599,-0.18496683,8.1044855,5.339009
10849,0.049341217,-0.13251182,6.87286,4.3904896
10850,0.18778652,-0.15193841,9.932248,4.8978186
10851,-0.034560543,-0.10101174,12.910356,5.391773
10852,0.13742757,-0.13074502,9.277094,6.4807253
10853,0.10056004,0.10121983,10.066834,2.296906
10854,0.12458235,-0.13218476,9.036153,6.642143
10855,0.055750296,-0.05719488,8.812756,1.7522298
10856,0.14179443,-0.22577292,8.663098,1.9795988
10857,0.13410603,-0.045237154,8.449066,0.0631863
10858,0.17480907,0.2107587,11.29625,-0.3001376
10859,0.13134849,-0.24684775,6.3768964,1.230149
10860,0.08854289,-0.1906927,6.4224467,1.2327981
10861,0.05294904,-0.1934931,6.313852,1.2051004
10862,0.1727135,-0.07648327,6.684284,1.1415716
10863,0.12460062,-0.10906955,6.837152,1.1072993
10864,0.16009285,-0.19580083,6.349399,1.2169095
10865,0.1829882,-0.16661553,9.04763,1.9432201
10866,0.051176354,0.051158518,10.15005,2.2894683
10867,0.05480525,-0.0575163,10.178732,2.367573
10868,0.041761942,-0.009124614,6.357181,5.904776
10869,0.07981218,0.09764825,11.321571,0.23954774
10870,0.09060903,-0.06897316,9.829125,2.237054
10871,0.10168874,-0.039249122,12.087896,-0.9298519
10872,-0.06910099,0.13926686,11.955412,1.839415
10873,-0.05890233,0.17730615,10.948963,2.4565618
10874,0.033426248,-0.059668735,9.238034,1.1371825
10875,0.049327858,-0.12544988,8.682806,1.046302
10876,-0.0009549968,-0.06768248,8.144016,1.5264224
10877,0.0367304,-0.14204043,8.291863,1.5814226
10878,0.06418359,-0.103127174,8.1327,1.4281445
10879,0.105194986,-0.11642961,8.424169,1.5079426
10880,0.030538984,0.034094304,10.997348,-0.27419275
10881,0.26086107,-0.12505473,9.539094,4.804787
10882,0.12991583,-0.004752529,9.305618,4.7293797
10883,-0.058828384,-0.0144643355,7.4752326,2.9895718
10884,0.0898764,0.019934764,10.5721855,3.5118177
10885,0.20390138,-0.01942467,10.171249,4.716714
10886,0.052862927,-0.022626773,6.442425,-0.50906616
10887,0.050914034,0.07638078,11.867683,3.7991328
10888,0.10358554,-0.03475511,7.8403277,-0.9381314
10889,0.052780554,-0.109798186,7.8630123,-0.8978397
10890,0.08557222,-0.17841414,7.7287836,-0.94599634
10891,0.116012305,-0.05022707,8.226521,2.4202235
10892,0.026772104,0.10609187,10.917674,0.43667567
10893,0.021883965,0.0076062344,12.085634,3.1069589
10894,0.16717881,0.14783394,10.395338,1.3836834
10895,-0.003887307,0.14533433,10.772104,-0.21783794
10896,0.011408277,0.12282947,10.92223,-0.77420646
10897,0.109641746,0.011767313,8.997466,4.2593174
10898,0.13627407,-0.07522368,8.975018,4.28282
10899,0.19041213,-0.014181867,8.963694,4.268635
10900,0.1802913,-0.04408654,8.929459,4.32956
10901,0.2438949,-0.10534862,8.697028,4.4154925
10902,0.151149,-0.083032906,8.723158,4.4120536
10903,0.15974662,-0.0004001204,8.507227,1.5805799
10904,0.13443497,-0.0731714,8.180676,0.91774064
10905,0.16470164,-0.08975474,10.327945,3.7210636
10906,0.026856124,0.0830605,11.216493,1.8617394
10907,0.15155686,-0.18550883,12.169544,-1.0858335
10908,-0.09383735,-0.1110965,8.146941,2.2227962
10909,-0.13478231,-0.036854506,7.087,2.438413
10910,0.019055974,0.02383033,10.260371,-1.9294771
10911,-0.018197091,-0.17967498,7.4955244,-0.73531
10912,-0.18112716,0.07783045,9.504322,3.448872
10913,-0.1922247,0.028455278,7.4141135,0.4146532
10914,-0.017446276,-0.11929334,8.10242,2.3006463
10915,0.0831919,0.2793188,12.92666,2.6653492
10916,-0.026017938,0.0050734,11.302883,6.8265123
10917,0.080390885,-0.02126152,11.318968,6.768237
10918,0.10498586,-0.00812201,11.303395,6.8064966
10919,0.05095031,-0.19297713,7.442335,1.9069749
10920,0.09842132,-0.16320714,7.5321193,1.3963828
10921,0.05469276,-0.23505484,7.4312005,1.9439967
10922,0.09620665,-0.25696996,7.4513817,1.8717841
10923,0.12253225,0.058933936,10.750896,2.2271187
10924,-0.04885851,-0.0071974583,11.961185,3.2955804
10925,0.067592405,0.08589616,12.269037,3.2924328
10926,0.01812607,-0.020735338,7.3885546,0.5496899
10927,-0.017406257,0.12606141,10.149477,1.3905817
10928,0.09634726,0.004064249,9.3819275,-0.6643685
10929,0.06265214,-0.25942665,8.526711,4.4488854
10930,0.14000905,-0.1010677,9.981259,4.845098
10931,0.13139167,0.051475145,9.994056,3.3624418
10932,0.0793835,0.20529774,10.974878,-0.67936325
10933,-0.043607708,-0.18498698,8.363163,1.9703083
10934,0.10667297,-0.07146471,11.709836,4.116515
10935,-0.026775574,-0.16501263,6.841564,2.0028126
10936,0.043969296,-0.06726245,8.1200695,2.2853265
10937,0.11575976,-0.06474407,10.672544,4.829523
10938,0.1750654,-0.057674587,9.836658,4.68261
10939,0.053549364,0.053984582,5.4376616,2.3320842
10940,0.15872845,-0.11367041,10.171653,4.933092
10941,0.21820095,0.13329072,8.268478,0.39337185
10942,0.15140995,0.043969862,8.308769,0.44588834
10943,0.086749524,-0.022851309,8.254561,0.47952852
10944,0.14904025,0.19724265,12.939427,3.0019095
10945,0.13586281,0.13062213,10.453569,0.6664245
10946,0.14646554,-0.121295616,9.121363,4.402782
10947,0.123135954,-0.10376684,8.952585,4.403131
10948,0.16207314,-0.0024260432,10.074623,5.3171716
10949,0.14916009,-0.16826576,10.267657,4.6842003
10950,0.15625884,-0.031674206,10.804946,4.8261514
10951,0.10942659,-0.029938485,10.285762,4.6051626
10952,0.17728314,-0.029298352,10.659786,4.815051
10953,0.17070621,-0.079163395,10.723664,4.8249426
10954,0.23890069,-0.06420102,10.340669,4.682994
10955,0.081990495,-0.115976825,10.2721405,4.6379766
10956,0.09792587,-0.0668752,10.588077,3.5749352
10957,-0.099428646,0.09421462,11.085001,-0.6095148
10958,0.07398085,0.14649689,11.283147,1.6506121
10959,0.03266623,0.14135247,10.488203,4.5442142
10960,0.12918912,0.24171609,11.610947,0.5081247
10961,0.012627594,-0.14586218,7.858948,0.2598528
10962,0.021992642,-0.12842506,7.8091283,0.28766584
10963,-0.0053650495,0.14736643,11.299276,2.1214416
10964,0.0700739,-0.20734261,10.272308,5.9053445
10965,0.17068355,0.0072547626,10.646284,3.5628536
10966,0.051152937,-0.11018833,11.74342,-1.1394787
10967,0.09517549,0.012006722,11.938841,-0.1279537
10968,0.0070375204,0.15927795,11.232352,1.8676071
10969,-0.014703019,0.24023712,11.369014,1.8469785
10970,-0.011606585,0.19207239,11.986164,-0.13054591
10971,0.056092955,-0.031499565,9.920655,0.5377677
10972,0.22672266,-0.09785503,10.097909,4.8535576
10973,0.23204958,-0.063350834,11.988441,-1.1446948
10974,0.23751411,0.12100421,10.407385,-1.1471355
10975,-0.09043923,0.11265534,12.6353245,0.7205601
10976,-0.07688402,0.14469418,12.574393,0.8065802
10977,0.034765318,0.10309658,10.706193,-1.6067197
10978,0.09489231,0.04860293,11.544308,-1.2151723
10979,0.011587389,-0.040332656,8.841779,1.8738246
10980,-0.0048433654,0.052985296,8.9093075,1.8222522
10981,0.2287313,-0.026404027,11.48187,-1.1668363
10982,0.035939887,0.11957908,12.057595,2.8578713
10983,0.0083967075,0.21956518,9.123317,-1.5631256
10984,0.04162606,0.20049343,10.917081,-0.14890741
10985,0.042510673,0.22763185,11.016588,-0.0020556755
10986,-0.005493205,0.21356477,10.856484,-0.13371503
10987,0.10819912,0.24613383,10.798581,-0.08465262
10988,0.035529926,0.11022921,11.018558,-0.089602016
10989,-0.17253086,0.169489,9.444864,-1.669106
10990,0.0080741085,-0.06161554,9.784557,2.2785335
10991,0.056583166,-0.16220777,9.653167,2.3814042
10992,-0.00049832463,-0.2631787,8.499173,5.149404
10993,0.10960545,-0.07705471,10.671275,6.72576
10994,0.0625942,0.18506658,10.584458,-0.33532828
10995,-0.08635714,0.29673868,9.457732,1.3296654
10996,0.0025164299,0.21956953,9.62646,0.7788214
10997,-0.040266197,0.32925037,9.712074,0.52763605
10998,-0.07732853,0.15166457,10.150766,-2.1609724
10999,0.012548361,-0.03890849,9.927986,4.416431
11000,0.12829502,-0.032330662,10.028848,4.485499
11001,0.058310762,-0.16033594,9.045538,3.7110288
11002,0.17534372,-0.086879626,10.040319,4.5330076
11003,0.14000668,-0.16477111,7.877055,3.6468604
11004,0.019608315,-0.007656781,9.337742,-0.2677908
11005,0.1576518,-0.17722541,9.362839,0.26297998
11006,0.20202434,-0.14144565,9.457764,0.17749792
11007,0.10064249,0.021142082,7.6717668,0.93173766
11008,0.14146927,0.003532203,10.259968,3.2648902
11009,0.095371366,-0.0273423,10.857534,0.8714695
11010,0.007874582,0.009814685,7.1795864,-0.08825432
11011,0.10897376,0.1107554,8.4146595,0.028076611
11012,0.003122151,-0.033049554,7.3681602,-1.1490647
11013,-0.03207741,0.15923707,10.830749,3.0974486
11014,0.034913912,0.21101981,10.929157,0.86364347
11015,0.11488579,0.11700261,10.919666,5.7704954
11016,0.06641614,0.0030911248,8.916504,0.11898663
11017,0.18143798,-0.061495125,8.88953,0.16021797
11018,0.08317545,0.16867083,8.983539,0.17682174
11019,0.013136581,0.04380811,12.060892,2.5209763
11020,0.15066367,-0.032000743,10.875992,6.331671
11021,0.19873217,-0.09174722,10.992996,6.3411026
11022,0.036325574,-0.05422599,10.454492,5.1401157
11023,0.1385914,-0.13369091,10.687742,4.934879
11024,-0.015942544,0.0102697,12.095373,3.3663316
11025,0.026222475,0.0132684875,10.257147,1.3880215
11026,0.09325123,0.21213573,12.06552,2.1479933
11027,0.118612334,-0.09010777,5.955689,1.0867753
11028,0.123472765,-0.042131476,9.303114,0.5988276
11029,0.029883519,-0.07991756,9.722958,5.5345325
11030,0.0013611019,-0.021644613,12.676265,1.7610396
11031,0.06791847,-0.13554367,6.349155,1.1351596
11032,0.032880634,-0.14645194,6.477689,1.1181641
11033,0.07177861,0.0929423,12.59327,1.7397597
11034,0.10681844,0.1924229,12.647341,2.0805583
11035,0.064065814,-0.097639315,10.809374,2.224874
11036,0.0834374,-0.12329853,12.762373,5.313368
11037,0.09781687,-0.24095266,12.653776,5.262927
11038,0.17194963,-0.021741634,12.045674,-0.8064944
11039,0.07220827,0.06601084,11.663737,1.4856306
11040,0.079251654,0.056554973,11.664394,1.5483769
11041,0.13695273,-0.13171636,9.808076,5.2101016
11042,0.073838174,-0.13144048,9.61636,5.268094
11043,0.08133133,-0.056376882,9.762665,5.499292
11044,0.055229127,0.22229302,10.167166,1.0430479
11045,-0.0363274,0.17397183,9.029732,1.119329
11046,-0.036732182,0.0202407,10.952421,-0.7508546
11047,0.10906735,0.16781434,10.360655,-0.6480304
11048,0.1707933,0.08975223,10.893897,-0.69952726
11049,-0.07712264,-0.12184903,7.669989,-0.9911795
11050,0.12514234,-0.024626946,10.074183,4.5699387
11051,0.096966654,0.08271221,10.6533375,2.736714
11052,0.10347511,0.086237445,10.602332,2.7449718
11053,0.13890748,-0.04086355,10.449371,5.271051
11054,0.11672868,-0.021077897,10.286482,3.187015
11055,0.15904823,0.002629606,9.393726,3.0967793
11056,0.051079795,0.10305546,7.5109706,0.15317142
11057,0.11948186,-0.19157517,8.712138,4.521921
11058,-0.0056236833,-0.102932915,8.580624,4.5352674
11059,0.117857605,0.027751101,10.553175,4.987276
11060,0.054786533,-0.16193059,7.9904585,3.8617022
11061,0.067897744,-0.18958156,7.977934,3.8548641
11062,-0.012537293,0.0055799726,8.007082,3.8674212
11063,-0.0035695806,0.22844389,8.056219,3.8846824
11064,-0.051393267,-0.039041787,7.993286,3.8448305
11065,0.08130139,-0.025288481,10.963454,4.742203
11066,-0.039579134,0.015292486,12.458476,5.032327
11067,-0.24252447,-0.06632971,6.885171,3.9544775
11068,-0.267747,-0.078860804,7.2210765,5.0286136
11069,-0.05730776,-0.23399287,6.9657593,3.93623
11070,0.01795549,-0.08798149,7.7862277,4.4622126
11071,0.02944035,-0.07143959,7.7730794,4.376803
11072,-0.14415073,-0.10491446,7.048327,3.9501176
11073,-0.023395546,0.061024234,11.046392,-0.7699496
11074,0.12664953,-0.08135418,9.946775,5.483021
11075,0.0079600625,0.061122358,9.83701,3.8925197
11076,0.06380026,-0.04946191,10.71823,5.8784533
11077,0.05425816,-0.17585716,8.549664,5.527064
11078,0.12559916,-0.12925792,8.60409,1.8562094
11079,0.08477689,0.06995276,13.038876,3.2146974
11080,0.13766874,-0.09998329,6.604199,5.856031
11081,0.13125062,-0.13425761,8.940621,3.4552622
11082,0.102060616,-0.11001559,9.0188055,3.4393702
11083,0.076126546,-0.066646144,9.0248785,3.5205648
11084,0.015173774,-0.007832405,10.801018,5.8362393
11085,-0.26687872,0.11807227,11.5092945,4.7787585
11086,0.029076502,0.16736692,8.894783,1.6314232
11087,0.026077572,0.20584373,9.028356,1.6497818
11088,0.15992801,-0.06679237,10.638838,4.6217303
11089,0.17438701,-0.047994558,9.521655,4.414933
11090,0.17602131,-0.07682532,11.738355,-0.9459378
11091,0.22190061,-0.014757967,10.952132,0.2272604
11092,0.07592585,0.010428302,11.994913,3.5815318
11093,-0.009737302,0.23127782,10.803255,-0.16087358
11094,0.08064943,0.21604547,10.850605,0.77875876
11095,-0.024425454,-0.0635068,8.196366,4.2881775
11096,0.07471585,-0.082265496,9.432821,1.0614399
11097,0.09188065,0.14123222,9.8350935,1.2056631
11098,-0.12683979,-0.066649586,6.0624,0.7078522
11099,-0.033548735,-0.050902873,8.128104,2.76366
11100,0.18099633,-0.014698129,10.972053,5.005535
11101,0.1059899,0.032092318,12.937216,3.204248
11102,0.018372823,0.12994155,6.872972,0.6025957
11103,-0.022215836,0.15008476,11.912768,1.2018266
11104,0.19556504,-0.00699527,8.368958,6.810292
11105,0.15870374,-0.24338794,7.552968,3.4871356
11106,0.17717987,-0.05784729,8.506703,6.967347
11107,0.13615665,0.064127274,12.63286,5.6331315
11108,0.15306312,0.07753786,9.753334,1.6942021
11109,-0.048231445,-0.16259219,7.491667,5.4927135
11110,0.070504576,-0.2124697,7.6270456,5.474431
11111,0.058775634,-0.183721,8.952817,6.626713
11112,0.03308376,-0.09765464,7.3877873,2.066675
11113,0.10264249,-0.30305338,8.2297,5.57805
11114,0.038199753,-0.20149404,8.323189,5.153219
11115,0.029851869,-0.27015042,8.406696,5.132127
11116,-0.039560933,-0.23586202,6.9460044,2.6112406
11117,0.021205176,0.122950554,11.168013,-0.7173555
11118,0.07699276,0.016888535,10.382691,0.5296303
11119,0.044757202,0.22784677,10.938377,-0.5975783
11120,0.054716773,0.024244374,8.824149,5.537558
11121,0.16593677,0.13619757,8.722891,-0.74423957
11122,0.117026776,0.16683602,8.778339,-0.7848983
11123,0.070142865,-0.08236824,10.790578,4.664608
11124,0.056815103,-0.20458698,8.362358,-0.31630334
11125,0.017116703,-0.12315345,8.506045,-0.32554746
11126,0.042582527,-0.15132374,8.269047,-0.18309578
11127,0.09678863,0.30845335,12.969684,2.2004645
11128,0.050011918,0.11797887,12.5243845,0.967385
11129,0.07334997,0.09398806,9.665852,2.1693497
11130,0.0451445,0.29490435,12.887413,1.8492047
11131,-0.09051412,-0.028675474,8.208907,0.047352456
11132,0.08232869,-0.09418522,8.17732,6.0340805
11133,0.09337245,-0.11044404,8.272015,6.0456276
11134,0.12885717,-0.13563375,8.156186,5.946555
11135,0.09619686,0.015502738,10.646967,2.3441205
11136,0.13818012,0.15357748,10.465394,1.9478467
11137,0.29295155,-0.032087624,10.587548,3.5591202
11138,0.18433297,0.1883496,12.284193,1.9024773
11139,0.13724752,4.9570575e-05,11.138891,2.1309988
11140,0.049282752,0.08499278,11.715297,1.5436841
11141,0.06316884,-0.19956201,9.288828,5.2367063
11142,0.09115976,-0.21040672,8.024733,3.1952305
11143,0.19201848,-0.06089051,10.918061,2.1561472
11144,0.14968318,0.0109328795,11.071569,2.19825
11145,0.07579037,-0.09616415,9.162348,0.51052547
11146,0.00903127,-0.01612833,12.510531,5.30484
11147,0.16828336,-0.03329768,10.507481,3.3151596
11148,0.13618143,-0.03564292,10.47466,3.3221927
11149,0.09110409,-0.107441515,9.103052,0.57889456
11150,0.15195075,-0.17802052,9.120284,0.53741795
11151,0.1192116,-0.1204582,9.111742,0.59442073
11152,0.1477979,-0.10985804,7.2351627,-0.6330828
11153,-0.07070275,-0.020112257,6.232729,2.5427587
11154,0.0022973083,-0.15764466,6.7678165,2.060698
11155,-0.06342347,-0.2026137,7.02633,1.4574263
11156,0.13771677,-0.09591591,9.865186,4.605566
11157,0.09834857,-0.05871912,12.00924,5.3351564
11158,-0.0071141664,-0.035896026,12.126669,5.4679923
11159,-0.0023729987,0.14274324,11.730726,-0.18821791
11160,0.041758247,0.030209644,12.013827,5.395322
11161,0.14597389,0.014280414,9.58076,3.7832372
11162,0.08498733,0.045657583,11.599534,3.6555326
11163,0.124173015,0.045496203,9.59013,3.7945006
11164,0.20666686,0.11654636,10.230097,1.3981923
11165,0.19347003,0.07510549,9.897215,2.716611
11166,0.18680349,0.16260007,11.053202,0.92182636
11167,-0.051842965,0.014499286,7.438403,2.8350058
11168,0.05556369,0.30312148,12.211374,1.6855026
11169,0.16657399,0.0140772145,12.806296,2.546197
11170,0.02470769,-0.14292541,12.489215,5.453008
11171,0.07385461,0.07725908,8.294249,-0.8196638
11172,0.050701924,-0.23980537,8.421943,6.5863333
11173,0.13042751,-0.17611913,8.457375,6.5569477
11174,0.026105992,-0.11157409,8.433908,6.4805613
11175,-0.01513496,0.17013997,10.846399,-1.1324008
11176,-0.11443129,0.27155912,12.258968,1.5124998
11177,-0.1630194,0.24754351,12.380422,1.1032583
11178,-0.13357948,0.23243819,9.145864,-1.7918032
11179,-0.16768794,-0.13743174,11.836622,-0.5000177
11180,-0.2531658,0.08931188,5.3403087,4.899986
11181,-0.10678693,0.2153596,12.321773,0.9610492
11182,-0.028077524,0.19626215,10.416938,1.3799465
11183,-0.074076995,0.07722305,10.2128525,4.213888
11184,0.014399286,0.18137619,10.259867,1.3403792
11185,-0.03733562,0.094079,9.468114,0.5290302
11186,0.19587657,0.06462374,10.254406,0.47246033
11187,0.17065921,0.18930015,11.032736,-0.55457705
11188,0.051362544,-0.0217792,8.077194,3.0989633
11189,0.15098417,-0.1715473,8.022259,3.5835538
11190,0.001644358,0.060561627,8.598217,2.7802143
11191,0.11724387,0.1257349,11.180412,-0.5149726
11192,0.12520133,-0.0041383933,8.986724,2.671588
11193,0.023426276,-0.02943589,12.494601,0.42908967
11194,-0.06639339,0.032255694,12.540535,0.42695478
11195,-0.20377488,0.055844694,12.417049,0.4046638
11196,0.10385652,0.07628831,8.00324,3.22525
11197,0.23182282,0.118542194,10.266973,1.3800772
11198,0.041672625,0.057436176,10.309527,1.683629
11199,-0.1028763,0.17242172,12.087359,3.052568
11200,-0.035263415,0.094564654,7.225018,0.07633862
11201,0.06515908,-0.020525202,10.174372,-1.5617075
11202,0.12956008,0.028798329,7.848357,-0.3858323
11203,0.08376197,-0.1512045,9.267092,1.0397129
11204,0.08663296,0.27432117,10.555094,-0.43542895
11205,0.08151277,0.26486433,10.603055,-0.37484178
11206,0.13000454,0.2122198,11.287086,1.8961838
11207,0.05067288,0.032262057,9.824987,2.5985575
11208,0.07671499,-0.19324605,11.653979,-0.91078097
11209,0.0236189,-0.18773504,11.4990425,-0.68657756
11210,0.19427696,0.0012084991,11.400316,-1.011171
11211,0.14776947,-0.1928406,11.045029,3.2120743
11212,0.0137036815,0.054367974,10.084447,5.621237
11213,0.14133683,-0.103093475,10.529395,5.193286
11214,0.12194663,-0.07357308,10.5535,5.136297
11215,0.16075306,-0.07908643,10.538646,5.239935
11216,0.046320558,-0.23294997,9.495934,5.567018
11217,0.04257319,0.15033355,10.298812,1.2420564
11218,-0.00509277,0.2692677,12.922196,2.9061375
11219,-0.12619367,0.13005811,8.501941,-0.8823062
11220,0.06808337,0.1430366,12.865864,2.9051282
11221,0.228412,-0.17214224,8.620203,3.0780325
11222,0.1208158,0.18503395,9.645433,-0.71693593
11223,0.037806578,-0.0077298637,8.293289,4.833528
11224,-0.038486563,0.19457126,12.9219,2.9284956
11225,0.22427234,0.03154964,10.924114,0.70930564
11226,0.07500718,0.31808263,12.910719,2.873799
11227,0.19963554,0.033938132,9.506821,0.14945284
11228,0.18065932,-0.08549547,9.431452,0.10472474
11229,0.23231092,-0.18950039,9.492832,4.9580636
11230,0.19835803,-0.25822923,9.601621,4.935337
11231,0.106717944,0.020663785,9.44873,0.24244021
11232,0.026264481,-0.0798432,12.589202,4.9903793
11233,0.21919972,0.0066208187,9.467376,0.1960115
11234,0.077042714,0.17481004,11.260736,1.2640527
11235,0.030943379,0.22054577,11.381486,1.1840445
11236,0.12658496,0.15282738,12.952894,3.0050864
11237,0.08042362,0.03492321,9.141379,2.1673102
11238,0.0152130015,0.31667846,12.904367,2.903711
11239,0.05396434,0.31097722,12.902105,2.8565123
11240,-0.042282283,-0.11726175,7.266299,1.2348526
11241,0.10775702,0.1677857,12.969439,2.8580265
11242,0.12887585,0.14733157,12.934148,2.918427
11243,0.053847983,0.12149659,12.89191,2.9335508
11244,0.014267821,0.09301931,10.5162115,0.8422614
11245,-0.058010437,0.10679762,11.016239,0.6444384
11246,0.1614857,0.051050887,10.848391,1.287879
11247,0.18105547,-0.09419806,6.8741965,0.59213936
11248,0.114469156,0.05687145,10.603063,0.56202775
11249,0.18023798,0.09175204,10.480896,0.7026976
11250,0.11712922,0.1660128,10.6164665,0.61012954
11251,0.119259134,0.18047388,10.617312,0.5110659
11252,0.1629763,-0.089143336,9.303637,6.51936
11253,0.1719512,-0.039648294,9.304374,6.488249
11254,0.19035353,-0.06574617,9.328254,6.499693
11255,0.1515693,0.16611004,11.20534,0.17582384
11256,0.10961035,0.3640134,12.546384,2.1590815
11257,0.1911195,0.26103255,9.985299,-0.22312397
11258,0.06130746,0.023895869,11.048718,-0.87399673
11259,0.19612879,0.16581225,9.270149,-0.6105451
11260,-0.113080055,0.043962047,8.308389,1.2177491
11261,0.14233151,0.044038653,9.009853,-1.7326787
11262,-0.08914474,-0.2636987,6.38847,1.840965
11263,-0.17962086,-0.16374564,6.183541,1.4480222
11264,0.056664474,0.07069935,10.328017,-0.5442308
11265,-0.082435735,-0.27723682,6.38384,1.8409802
11266,-0.0272642,-0.24648058,6.424002,1.8174317
11267,-0.04618455,-0.25370947,6.4268165,1.7978439
11268,0.13927788,-0.16346951,6.8708835,0.61529416
11269,0.039155588,-0.08047339,7.8428464,1.1729254
11270,-0.033031806,0.1656817,13.159802,2.5884185
11271,-0.080708325,-0.2520677,7.1579657,2.8991878
11272,-0.042698048,-0.0027275905,11.228084,5.3358755
11273,-0.007517662,-0.19296807,9.745064,7.378299
11274,0.2061464,-0.000517888,10.4859915,3.4669728
11275,-0.067800865,0.11253759,10.948625,0.18585047
11276,0.13371335,-0.093981944,10.992399,5.118457
11277,0.09338257,-0.023533996,10.096479,2.9321513
11278,0.08638549,-0.09634885,10.189294,2.927275
11279,0.11510317,-0.058100104,10.107473,2.8432198
11280,0.11446378,0.1380011,11.480859,1.4107375
11281,0.08031903,0.112454504,12.078661,2.0674539
11282,0.14613192,0.027586406,10.239553,5.288367
11283,-0.046522055,0.26889756,11.537436,0.8745792
11284,-0.11303337,0.09177101,10.202501,1.358025
11285,0.08218688,-0.21846727,7.439128,2.975961
11286,-0.075604,-0.13809253,8.840315,2.0357375
11287,0.00017428398,-0.030499935,8.757517,1.8717892
11288,-0.11912798,-0.020037599,6.4915185,3.2469084
11289,0.038666934,0.014410531,12.068404,3.346516
11290,0.04096599,-0.30268928,7.134502,2.7375243
11291,0.021229398,-0.20019723,5.869262,1.5915465
11292,0.04425727,-0.18801147,6.470759,1.724787
11293,0.0103194155,0.06586811,10.538285,0.57229066
11294,0.08122406,-0.03350214,6.4884405,3.7572167
11295,0.16252588,-0.021164598,9.51245,2.8165262
11296,-0.022117555,-0.25162083,6.5790668,2.6733751
11297,-0.19599909,-0.15230602,7.0831027,1.8743736
11298,-0.096047215,-0.19889009,6.300895,2.4657025
11299,0.0031241663,0.22900543,11.15045,1.504263
11300,-0.24704894,0.060602054,11.825793,1.814746
11301,0.023622777,-0.28670764,6.642606,2.6342437
11302,-0.0002424717,-0.26086682,6.6535826,2.6516976
11303,-0.08713553,-0.0669373,8.070753,1.7213584
11304,-0.029335076,0.11945295,6.699472,2.709
11305,0.11211525,-0.103391655,9.023375,3.4275312
11306,0.032615274,-0.06490704,7.770524,0.8726203
11307,0.089672655,-0.106522515,7.76767,0.8925229
11308,0.029511683,-0.12275739,7.85417,0.91337097
11309,0.031703115,0.22526002,9.839605,-1.5412568
11310,0.05520519,0.21173415,9.887147,-1.5520047
11311,0.055717647,-0.028355606,8.272882,1.2306703
11312,0.12269765,-0.015255984,8.252652,1.3004203
11313,0.15162589,0.15377685,13.2680235,2.534721
11314,0.045213774,-0.10221034,6.469308,0.4696594
11315,-0.019761423,0.095610544,6.3527293,0.4938592
11316,0.04189282,0.18614736,11.330602,-0.3599497
11317,-0.034465462,-0.028504035,11.647112,-0.6810432
11318,0.108379155,0.26350752,12.729043,2.8410966
11319,0.0574224,-0.12451529,5.1925893,3.4406638
11320,0.2549587,-0.13925241,9.385491,3.6305952
11321,0.11069527,-0.13015866,7.9097657,-0.8432799
11322,0.053456873,-0.06894281,7.9733915,-0.58837616
11323,0.20684868,0.22148028,12.798098,2.7416224
11324,0.05439564,-0.01790419,10.923789,4.714458
11325,0.065567404,0.0069884565,11.582013,2.62392
11326,0.018698353,-0.14313371,9.503786,5.1241345
11327,0.050439835,-0.1656765,9.514991,5.038941
11328,0.09454103,-0.16283755,9.0170765,3.5236955
11329,0.113670975,-0.13257472,9.028857,3.5541904
11330,0.104248494,0.1802113,10.596572,0.5180073
11331,0.1060559,-0.052774623,11.751445,2.764967
11332,0.041291974,0.09873387,11.7068815,1.5322899
11333,-0.2522428,-0.08641545,7.1126766,3.1875222
11334,0.07879545,-0.20875794,7.895303,2.7118254
11335,0.19497478,0.08784036,10.90283,0.502875
11336,0.16604698,-0.05799973,10.019621,4.9377255
11337,0.15912008,-0.058855183,10.281484,4.5514655
11338,0.19679222,-0.06387473,10.811384,5.09573
11339,0.07311718,-0.09882475,7.9677477,1.8237257
11340,-0.06458424,-0.09682315,10.542313,5.7583404
11341,0.14317131,-0.13019302,7.826659,1.697274
11342,0.30107942,-0.04683721,10.612871,4.9972744
11343,0.17957735,-0.14126049,7.8258615,1.65089
11344,0.20678413,-0.14855507,7.5054946,1.3906223
11345,0.20321018,-0.16808762,8.083437,1.9382453
11346,0.21872815,-0.23022625,8.0801525,1.8826202
11347,0.1673252,-0.21906085,8.098273,1.8547845
11348,0.0598464,-0.026736978,7.8712707,4.9862757
11349,0.124800965,0.0435595,9.43293,0.5360707
11350,0.07036559,0.0076551344,9.313582,0.56439614
11351,0.113503516,0.07840237,9.8196945,3.2381504
11352,0.13683967,0.04574456,9.768045,3.2027276
11353,0.22886118,-0.04598587,9.786294,3.3074532
11354,0.12613219,-0.01145668,11.542711,2.6594646
11355,0.29426774,-0.081800446,9.661453,4.476577
11356,0.13977328,0.022347024,11.436824,2.5456145
11357,0.24367377,-0.10133561,9.595059,4.358546
11358,0.10367094,-0.027586708,10.934926,2.0984306
11359,0.004124351,-0.02598178,9.670602,3.8778653
11360,-0.011197366,-0.014350526,9.536225,3.9183655
11361,0.09038845,0.12058222,8.721474,4.643058
11362,0.03954281,0.3442581,12.824231,2.7205946
11363,-0.038272962,0.21217486,9.561624,-1.450749
11364,0.014025789,0.1739926,8.826148,-0.98695296
11365,-0.01586974,0.07475119,12.505214,3.0647225
11366,-0.07404545,0.077102706,9.38402,3.2359
11367,-0.16881771,-0.13005626,6.912403,2.9294803
11368,0.08627649,-0.020419223,11.337873,3.8069923
11369,0.087335154,-0.022318551,9.100403,0.56076294
11370,0.10450952,-0.2623507,8.686093,5.631455
11371,0.19299242,-0.100875214,8.461031,5.1132183
11372,0.14244097,-0.08921414,8.349952,5.0993586
11373,-0.020672075,-0.1986989,6.906738,2.3508756
11374,0.118108794,-0.14043564,8.659958,4.0891066
11375,0.15204759,-0.1592984,6.394996,2.2535398
11376,-0.04888504,0.028201373,6.8589234,4.4501305
11377,-0.06279786,0.26092434,12.068043,1.0234665
11378,0.055698663,0.04780902,11.015143,-0.5487225
11379,0.023202423,-0.24224891,8.509199,5.579414
11380,0.121893734,-0.040302813,8.578971,5.242007
11381,0.004819937,-0.06757118,5.420994,1.5501671
11382,0.067819625,0.031636998,8.34889,5.1328573
11383,-0.03508486,0.097113386,6.1008897,2.3214133
11384,-0.14963788,0.15373814,10.225078,-1.9361254
11385,-0.027349994,-0.031449802,6.9218674,5.592973
11386,-0.04425446,0.14921796,11.607226,1.054552
11387,0.010453299,-0.077157326,8.78808,5.5143213
11388,-0.10076948,-0.016856687,11.624932,1.0255461
11389,-0.07644381,0.053357378,11.773283,1.1074356
11390,0.0053857155,-0.12441416,8.889376,5.2377434
11391,-0.1201792,0.09990566,9.02003,0.037604
11392,-0.0533574,0.119430766,8.999692,0.09304261
11393,0.07360706,-0.04454831,7.5831385,1.1200486
11394,0.057611927,0.20532951,10.68447,0.68324643
11395,-0.09244692,0.35252646,9.361967,-1.8057767
11396,-0.003886789,0.33153155,11.478155,0.3061381
11397,-0.031430107,-0.100587204,6.2254133,2.2883985
11398,-0.12615393,0.21963069,9.257918,-1.7463739
11399,0.2135579,-0.09946368,9.386818,0.35431588
11400,-0.043094955,0.15123019,11.506634,0.9982476
11401,-0.035805233,0.030194292,11.492072,0.96730393
11402,0.055428833,0.20338759,11.515968,0.85813475
11403,0.07763681,0.20259896,11.563289,-1.1852572
11404,-0.08400574,0.22918516,11.758607,1.0899917
11405,0.18433367,-0.15055886,9.923871,5.406407
11406,0.06190309,-0.12590215,7.33984,1.5384697
11407,0.08814518,-0.14898428,7.368349,1.5577282
11408,0.12468329,-0.14633639,7.3371964,1.5896477
11409,0.09350431,-0.094565935,7.195477,1.4114345
11410,0.12681088,0.0628762,12.181893,3.4217718
11411,-0.005618673,-0.07262879,7.256792,4.450525
11412,0.07043522,0.013473017,11.241989,4.086328
11413,0.0395862,0.012165649,11.568507,3.6586363
11414,-0.08752743,-0.15132761,6.602082,4.279417
11415,0.05055225,-0.113713846,9.776298,5.3680673
11416,0.0409303,-0.09071554,9.857909,5.3921986
11417,0.019091837,-0.085168764,9.787581,5.4272943
11418,0.12256172,-0.21339376,6.7597275,2.4524205
11419,0.17563336,-0.1739369,6.767223,2.4825852
11420,0.059448518,-0.24706697,6.755909,2.5246394
11421,0.03255613,-0.18820257,6.655485,4.183946
11422,0.0009133965,-0.03039991,9.961027,5.7853503
11423,0.052599028,-0.13001558,8.773628,6.2402263
11424,0.08454216,-0.21492314,7.917762,3.2961419
11425,0.08793749,-0.27457228,5.93919,1.4166449
11426,0.054603934,0.08465089,12.387469,1.0772862
11427,0.05357638,0.11932936,12.379176,1.1127009
11428,0.0940229,-0.08667736,9.226571,4.215518
11429,0.12653153,-0.10981017,9.216419,4.1302624
11430,0.19454321,-0.19615075,9.290779,4.112253
11431,-0.059043087,-0.18830949,8.317292,2.0544877
11432,0.10246,-0.010032928,11.648768,4.0282207
11433,0.13186944,0.060580432,11.609241,4.006304
11434,0.08575969,0.02133081,10.611269,4.3961143
11435,0.038165785,0.19623984,10.638311,4.326309
11436,0.1951026,-0.083468445,10.480095,4.3074255
11437,0.16095047,-0.02896644,10.506002,4.32652
11438,0.16193257,-0.07059791,10.501395,4.2676506
11439,0.07487112,0.009808904,10.605198,4.3584642
11440,0.13600703,-0.035886765,11.69125,3.9691424
11441,0.0672276,-0.102967575,6.094451,3.610999
11442,0.0415217,0.09132257,11.851478,3.7383022
11443,0.078562364,0.07812021,10.754254,5.523502
11444,-0.072421804,0.22797379,11.129931,1.2569149
11445,0.09867203,-0.07206403,10.49943,5.5747786
11446,-0.139972,0.042037986,11.655596,1.4924148
11447,0.1427618,-0.1395194,8.285812,2.9607847
11448,0.074878834,0.17340831,10.531748,-0.43778184
11449,0.103529096,0.25923973,10.680567,-0.3713511
11450,0.14032334,-0.11343234,8.814354,4.79841
11451,0.05883138,-0.18277512,8.201475,-0.63751674
11452,-0.16069794,-0.12484302,6.1656146,3.707138
11453,-0.14018646,0.019956963,12.331778,3.3671083
11454,-0.0111724865,0.11618826,12.254964,2.9418612
11455,-0.011715516,-0.17974737,11.013718,2.2747953
11456,-0.07645109,-0.1127976,7.6651893,5.518231
11457,-0.027109776,-0.21921189,7.7671537,5.474313
11458,-0.04531894,-0.2197066,7.700403,5.5469756
11459,0.1894258,-0.033049215,7.759363,0.92261773
11460,0.04855597,0.1784209,10.1624565,1.4217626
11461,0.12572375,-0.040486142,10.000618,5.3468275
11462,0.11643106,0.15001988,12.33935,3.2416942
11463,0.0810453,-0.018997138,8.390756,2.3292334
11464,0.011160381,-0.051465258,8.39738,2.3732307
11465,0.17928547,-0.10387331,8.420882,1.9350029
11466,0.2204163,-0.06917118,8.4755945,1.9312241
11467,0.11188078,-0.025186019,8.181525,1.8035754
11468,0.17025213,0.027376907,8.266251,1.6699569
11469,0.16914208,-0.09191917,10.338601,4.7012672
11470,0.06841855,0.08137898,11.003335,-0.655597
11471,0.094659925,0.19224803,11.129528,-0.7088052
11472,0.089960724,-0.11386855,8.178728,1.7756166
11473,-0.00610419,-0.0752619,11.889427,4.277578
11474,0.02272651,-0.118121,12.5259695,5.1209407
11475,-0.14088869,-0.07943552,7.7526836,0.22895059
11476,-0.16442788,0.28442875,9.428244,-1.6524814
11477,-0.088489056,0.029663367,8.396968,-1.2912817
11478,-0.14321138,0.23198536,9.435557,-1.6191925
11479,-0.34185028,-0.0051380936,5.844106,3.1089005
11480,-0.25127333,-0.041469447,6.3574524,0.506817
11481,0.0883848,-0.041338097,8.98101,3.9224124
11482,-0.037804045,-0.1405402,5.853395,3.6982415
11483,0.09245202,-0.117190935,7.276887,5.4878445
11484,-0.08056015,-0.101350956,5.5776362,3.7665336
11485,-0.14463067,-0.070775986,5.6041045,3.7091706
11486,0.1235981,0.15709959,10.8634,1.2990831
11487,0.1383779,0.18681177,10.951532,1.2788081
11488,0.009547204,-0.04692874,9.124631,0.75114757
11489,-0.016455984,-0.11378594,10.824871,3.0379462
11490,0.20984274,-0.08920196,8.299054,1.0572207
11491,0.0037674792,-0.21044123,7.3998013,5.5515532
11492,0.014573842,0.24688908,11.234314,0.65686697
11493,-0.03603193,-0.12387242,7.374481,5.5119243
11494,-0.0033123977,-0.23256403,7.4016314,5.476209
11495,0.0040228143,-0.10258185,7.4576535,5.497396
11496,-0.031332545,0.04394594,8.719621,0.9792771
11497,0.09625903,0.06521352,11.086079,3.1484628
11498,0.12307212,0.06278859,11.066286,3.1412077
11499,0.06398174,-0.24002165,8.974447,5.777333
11500,0.1003291,-0.021108843,10.35035,2.9158618
11501,0.061162136,-0.25753877,8.290609,1.3732681
11502,0.21381474,-0.07318179,7.2270036,1.3413638
11503,0.1342663,-0.13002348,7.3496404,1.61828
11504,0.17631218,-0.06898934,9.089878,1.3792613
11505,-0.20479378,-0.0295707,7.5687833,2.787731
11506,0.083222,-0.08188498,8.095549,5.8010745
11507,0.060817033,-0.11219271,7.976609,5.7481723
11508,-0.019818392,-0.16922393,5.855102,1.2971257
11509,-0.19852865,-0.051892124,5.487799,1.5660828
11510,-0.102348365,-0.14247593,5.846954,1.115295
11511,-0.17734772,-0.13670427,7.3770843,6.1602545
11512,-0.033423737,0.03219694,10.148379,1.124851
11513,0.04761976,-0.0790669,5.8349447,1.368002
11514,-0.0054880735,-0.15775952,5.7843604,1.4153656
11515,0.03444904,-0.24865156,5.8078504,1.4460021
11516,0.08498582,-0.05388333,12.129502,-1.0806973
11517,0.07149923,0.074240625,8.98185,1.0095096
11518,0.04262153,-0.13925956,8.012609,5.353749
11519,0.022428777,-0.068084896,8.017142,5.303175
11520,0.10199091,-0.05130598,12.266556,3.4717212
11521,0.14391868,0.20709404,12.82938,2.1022487
11522,0.027909368,-0.07255012,7.281288,5.400491
11523,0.011992469,-0.1519649,8.713201,4.3215556
11524,-0.055115797,0.07530316,6.2016525,4.0683746
11525,0.12073231,-0.09981531,8.450227,2.2134004
11526,0.11388275,-0.10262305,8.4405575,3.739412
11527,-0.02523792,0.09472854,9.446159,-1.6530325
11528,0.15900338,0.104658395,12.463647,3.347522
11529,0.027808838,-0.095165655,8.432062,3.9218721
11530,-0.0502134,-0.0519436,7.7504234,1.294999
11531,0.011480115,-0.17053613,7.588443,1.4359062
11532,0.010727797,-0.1446456,7.6590433,1.365509
11533,-0.036279224,0.0101209,6.906827,4.139018
11534,0.18917735,0.033813804,12.230161,3.2717493
11535,0.16646704,0.17858806,12.622583,2.9830475
11536,-0.05158165,0.21816412,11.727067,1.6039659
11537,0.19290261,-0.09649071,9.542521,2.6376243
11538,0.16853377,-0.023863066,9.469738,2.555605
11539,0.011896707,-0.039616644,10.932777,5.819304
11540,0.08403535,-0.15673159,6.9070225,1.6648512
11541,-0.010402519,0.21766181,13.240424,2.1775491
11542,0.21983913,0.14595811,10.746898,1.7427849
11543,0.07462937,0.116606176,12.492772,3.164813
11544,0.14807354,-0.08998091,10.012576,5.884684
11545,0.08925228,-0.107778214,11.411878,0.09603721
11546,0.00455492,0.13585244,8.177956,0.54587114
11547,0.075446635,-0.14835058,8.175128,5.51402
11548,0.09233849,0.083911955,10.857993,1.001493
11549,-0.017309919,-0.08614124,7.8904524,0.6433095
11550,-0.12342466,-0.04758562,8.565793,3.7840152
11551,-0.05514311,-0.03997621,7.3807936,0.55123395
11552,0.21098277,-0.054121107,8.075819,0.18996483
11553,0.09871857,-0.13681269,7.8851466,0.74205244
11554,0.03579314,-0.096065454,7.936773,0.6718754
11555,0.10522516,-0.00028551556,11.356453,6.122532
11556,0.03672993,0.25455588,12.4728365,2.746685
11557,-0.029904626,0.102038875,12.382973,2.8694348
11558,0.024124525,-0.056081086,10.838614,0.456314
11559,0.009083707,0.0011926834,10.145481,2.5928648
11560,0.1586569,-0.08635932,8.1532545,3.5596013
11561,0.046534322,-0.064223625,10.941459,5.4871597
11562,-0.020886868,-0.10190124,12.376468,2.7988698
11563,0.016732316,-0.076541886,7.2628517,1.2455826
11564,0.040639885,-0.09154328,8.147382,-1.1114271
11565,0.024622284,-0.07036499,9.580517,-0.30476567
11566,0.09915918,0.23324534,12.408248,2.8978608
11567,0.059726626,-0.09901741,8.2290125,4.993908
11568,0.12423116,0.050246805,10.299648,2.833784
11569,0.075709134,0.20784305,12.381169,2.7608676
11570,0.020903468,0.23339501,12.665583,1.879807
11571,-0.04559256,0.11596584,9.312496,3.1507564
11572,0.097216934,0.061936647,9.334863,3.1683831
11573,0.13621724,-0.06035748,9.780412,2.8214905
11574,0.0985648,0.09289612,10.304995,0.9180606
11575,0.18323793,0.117103755,10.397698,1.7639283
11576,0.14800434,0.1467559,10.37345,1.8514832
11577,0.1718657,-0.08310898,9.9774,0.8914657
11578,0.14360033,-0.12284181,7.611838,1.2659984
11579,0.15471333,0.15463015,9.922135,0.52983785
11580,0.10490237,0.2078494,12.3954315,3.185606
11581,0.048334315,0.24456435,7.631277,0.29447827
11582,0.03380754,0.29282528,7.7729897,0.21033755
11583,0.109704286,0.114809856,11.093534,-0.44475883
11584,0.14643937,0.089524314,12.399613,2.8268175
11585,0.011168659,0.08781396,12.37002,2.8334637
11586,0.11620635,-0.04898248,7.510105,5.528075
11587,0.15791243,0.043755166,12.439554,2.8318014
11588,0.18959886,-0.003541681,10.410293,5.175387
11589,0.18685554,-0.031872056,10.268454,5.2299466
11590,0.15654679,0.040491022,11.42159,4.1176257
11591,0.17498124,0.08239451,11.165419,0.48012748
11592,0.12258956,0.002377985,11.385625,6.124413
11593,0.21918505,0.13176674,10.570127,1.6259696
11594,0.10858311,0.13006793,11.75447,3.922834
11595,0.14737481,-0.17084116,9.159026,3.4235947
11596,0.18248342,-0.095390715,9.2108965,3.458889
11597,0.09561688,-0.051995635,9.235349,3.471166
11598,0.15102485,-0.08561632,9.259588,3.529445
11599,0.09892008,-0.14150271,11.503527,5.389897
11600,0.02804397,0.14813802,10.250181,1.2434535
11601,0.0057083964,0.017147949,6.598494,5.9696655
11602,0.122131675,0.07647446,9.878717,4.420861
11603,-0.04420927,0.057652615,10.830465,3.7855275
11604,0.16930565,0.056609437,10.610039,4.5593934
11605,0.035721973,-0.16623485,8.945573,3.5315278
11606,-0.23678714,0.07871396,8.61586,1.2454625
11607,0.021086574,-0.13768458,9.6974325,-1.0366094
11608,0.069289975,-0.11369861,9.117462,3.361086
11609,0.066370495,-0.10360222,8.510069,6.135346
11610,0.032527372,-0.09163963,8.4489565,6.1584907
11611,0.06342004,-0.09539425,8.4321995,6.159916
11612,0.10757017,0.1431483,9.279489,2.9568257
11613,0.10447094,-0.120689966,8.497047,2.5390801
11614,0.06335864,-0.13820027,8.368134,2.3540084
11615,0.026136167,0.052358292,11.387112,3.7621083
11616,0.11723533,-0.15698059,9.935473,5.4237885
11617,0.20088995,-0.052347474,12.476395,6.055565
11618,0.17938602,0.013466887,12.538021,6.0124764
11619,0.044998378,-0.12127419,7.0695205,6.521923
11620,0.048696354,-0.112385444,7.105914,6.4804854
11621,-0.020915862,-0.181957,3.921232,3.4055827
11622,-0.012952302,-0.0053958576,7.0704665,4.229726
11623,0.12500632,-0.065432906,9.128713,2.3850834
11624,0.14321996,-0.14949566,9.051697,4.500967
11625,0.21480393,-0.020453056,8.180169,1.2889696
11626,0.17912135,-0.07405417,8.912607,5.8790007
11627,-0.05636084,0.25741187,11.551731,0.8591492
11628,0.07305664,0.054079928,9.464108,0.441234
11629,-0.04958104,0.056212492,12.800975,3.8701794
11630,0.058934912,-0.21670455,8.1297865,5.318839
11631,-0.083601385,-0.13410427,7.8604074,2.7417576
11632,-0.074275136,-0.06327438,7.7655516,-0.3670606
11633,0.08809914,-0.27581492,7.662056,3.479922
11634,0.07110987,-0.14276542,7.6410303,3.6554585
11635,0.047668464,-0.23441508,7.7428446,3.6793332
11636,0.15323451,0.048812106,11.310469,3.6933935
11637,0.1193061,-0.061753325,10.504693,5.743314
11638,0.011161476,0.18815467,10.636791,-0.15223353
11639,0.09887026,-0.112584844,8.734542,6.1955676
11640,0.058022127,0.17917886,10.639817,0.01763012
11641,-0.15364966,-0.08220274,8.519613,0.43703476
11642,0.10228568,-0.20007241,7.098703,6.4405475
11643,0.14314014,-0.101577945,9.487117,5.144791
11644,0.14597909,-0.10543166,9.607141,5.150768
11645,0.04409662,-0.13549466,9.233288,6.619387
11646,-0.024899572,-0.15321827,8.563814,0.49280524
11647,0.07381366,-0.16091579,8.401977,0.5037527
11648,0.054144718,-0.16846919,8.396845,0.45593888
11649,0.03108555,-0.18122414,8.420102,0.46447244
11650,-0.027631726,-0.15282805,8.4321785,0.46722817
11651,0.19613427,-0.118669614,9.986767,5.8155303
11652,0.061844528,0.10711623,9.941774,5.9334626
11653,0.038227692,-0.076370254,9.816618,5.9113655
11654,0.058211714,-0.06966157,9.941905,5.920582
11655,0.047111303,-0.11116679,9.951152,5.9662905
11656,0.15212344,-0.13544591,10.431169,4.5840974
11657,0.08169246,-0.17072093,10.283744,5.3562565
11658,0.08979514,-0.19536483,10.193973,5.364317
11659,0.15642731,-0.15735374,8.116716,3.5048413
11660,0.04098746,0.034645893,9.970535,2.2416
11661,0.05419296,0.14687896,10.716371,-0.35665947
11662,-0.19828871,-0.08070802,6.1935234,5.232858
11663,-0.21928665,0.09163632,10.5527115,6.443526
11664,-0.16688295,0.12509054,6.2118573,5.176235
11665,-0.1252974,-0.14423831,7.4092236,1.9720685
11666,-0.1579858,-0.09031583,6.0109835,1.2083256
11667,-0.14233999,-0.008684259,6.1528883,5.2783093
11668,-0.023064803,-0.15201862,6.21398,5.297371
11669,-0.044690154,-0.1327013,6.159256,5.436614
11670,-0.03795509,-0.18207353,8.300137,2.9371755
11671,-0.020629037,-0.13139044,6.2105355,5.323531
11672,-0.10650987,0.06462567,9.132439,-1.6805428
11673,0.11638448,0.099035785,11.167135,1.1783375
11674,-0.036912262,-0.02130007,8.421144,-0.118073866
11675,0.07219493,0.019598277,11.446098,0.4378276
11676,0.015932083,-0.023245547,11.243397,0.6698992
11677,-0.005616527,0.0032075662,12.362662,3.4666915
11678,-0.027656581,0.0628599,13.0476465,2.794289
11679,-0.04407213,-0.09177889,7.492994,3.0922265
11680,-0.09104031,0.030812865,12.386764,3.5316737
11681,-0.0059776064,-0.12900516,5.9003525,3.1452656
11682,0.19322681,-0.023055026,9.940833,5.333429
11683,0.084219195,-0.17971122,10.0156355,6.5590577
11684,-0.18469681,0.054180153,6.0366993,0.7307841
11685,0.14033324,0.09244659,10.272731,1.3104693
11686,-0.019093664,0.047371656,12.098849,3.5160284
11687,0.042685613,-0.18307114,7.8061814,3.984227
11688,0.07968262,-0.15256795,7.9034085,3.7040834
11689,0.16301712,-0.16333483,9.515273,6.311927
11690,0.16272503,-0.15093276,9.4858465,6.3089886
11691,0.059280455,0.05695469,8.7303915,3.0588436
11692,0.14938697,0.052266687,8.778162,2.9956434
11693,0.0434929,0.11975999,10.731491,-1.8002942
11694,0.04929688,-0.020887135,7.3083086,3.8443055
11695,0.0018545985,-0.028789084,7.3718576,3.8423634
11696,0.02601416,0.09486574,11.530256,5.8175874
11697,0.19857937,0.14147957,10.757763,5.133909
11698,0.050294563,0.05842729,11.623403,-0.17840643
11699,0.007853381,0.0707857,11.645043,1.6146079
11700,0.016436122,0.08713464,11.84401,3.0543475
11701,0.15012643,-0.090003215,8.703526,-1.2989012
11702,0.06491175,-0.015007845,7.9784102,-0.63398874
11703,0.15704899,0.01234778,7.8050804,0.2840403
11704,0.04645075,0.07865401,10.824477,1.2367419
11705,0.21276012,0.075139545,7.657873,0.8582087
11706,0.17335555,-0.0035505276,10.6022005,5.1859784
11707,0.15593508,-0.1009726,8.043316,1.1855654
11708,0.20355222,0.037971035,11.115695,5.346985
11709,0.15835497,-0.02000224,11.116622,5.3180327
11710,0.05290109,-0.09326047,10.18194,-1.4305768
11711,0.030922689,-0.13604829,8.9548435,4.6070294
11712,-0.03536129,0.025625622,12.0845995,-0.2619913
11713,0.034548283,-0.21648571,9.604886,6.723218
11714,0.0041686073,0.31444183,9.461845,-1.6024537
11715,0.060927555,0.04087332,10.750766,6.174114
11716,0.04863277,0.027241057,6.124747,0.8303714
11717,0.044685364,0.19050509,11.409656,0.41166252
11718,0.0033032298,-0.08322919,6.3843746,4.300823
11719,0.096412286,-0.039083727,10.359292,0.40885326
11720,0.17169732,-0.09074578,9.699046,2.717353
11721,0.2761325,-0.05442843,9.758336,2.7465458
11722,0.00056085736,-0.24805427,8.84325,5.637722
11723,0.08986227,-0.05916682,10.828165,5.992705
11724,0.04103747,-0.20316815,7.799047,3.0429113
11725,0.14993206,-0.12789778,8.002471,3.6343374
11726,0.17894422,-0.21100318,5.9237437,1.231673
11727,0.14215241,-0.053601027,9.019528,3.5932508
11728,-0.118472375,0.28428835,10.795867,1.7476107
11729,0.11477283,-0.041119978,8.672914,3.7408876
11730,0.037517592,-0.024378387,12.142221,3.4300113
11731,-0.02366171,-0.16325724,7.71896,3.8021958
11732,0.06552473,-0.19517925,7.79792,3.8918462
11733,0.041110218,-0.033419117,12.157222,3.44727
11734,0.07268014,0.06818239,7.673368,1.218867
11735,0.12449816,0.049547523,10.898685,-0.62877065
11736,-0.05600193,-0.009673393,11.03107,-0.6978993
11737,-0.0268774,0.034461066,11.089084,-0.6245945
11738,-0.004465673,-0.13178612,7.3219676,2.4930542
11739,0.043245085,-0.17033654,7.3755403,2.3735683
11740,0.09198466,-0.13176519,9.14844,3.457151
11741,-0.053828534,-0.08530795,8.42967,1.0331618
11742,-0.025385484,0.018346177,11.986429,2.5130558
11743,0.04211557,0.14219934,11.928406,2.4639487
11744,0.09626378,-0.06577996,10.311004,5.7539115
11745,0.0028704405,0.065644346,11.100469,-0.59502584
11746,0.28641757,-0.116156414,9.747746,4.5121346
11747,0.123581424,-0.15848431,7.781285,4.1182942
11748,0.05136343,-0.12441907,10.330133,6.4022408
11749,0.027508467,-0.10293044,10.343528,6.4195952
11750,0.13027216,-0.034682333,10.381047,4.9207044
11751,0.0987615,0.02577315,9.733361,4.2354884
11752,-0.1295291,0.0013249908,5.8977513,4.5559263
11753,0.12995015,0.11927247,10.003411,1.3382211
11754,0.09422158,0.009483408,7.7868114,-0.35476995
11755,-0.029890813,0.0888868,11.198256,-0.6106672
11756,0.06243454,0.010944504,8.130557,0.7061926
11757,-0.048682116,-0.052637108,8.116599,0.70546365
11758,-0.17107025,0.053949058,8.186187,0.76508147
11759,-0.09884983,0.05464378,11.004631,3.1296973
11760,0.06813123,0.08972624,8.090881,0.7280901
11761,-0.09847468,0.02312799,8.145298,0.80006355
11762,0.19181256,0.014458777,10.942842,2.9328551
11763,-0.015266348,0.25039047,10.347657,1.569258
11764,0.03697872,0.09859779,10.527012,1.1031046
11765,-0.11940992,0.12932113,6.594524,5.375326
11766,-0.024904035,0.1848634,11.713746,1.5987582
11767,0.04268316,0.14316921,13.450937,1.8608326
11768,0.048021987,0.16474932,9.270132,0.830583
11769,0.054997735,-0.039066277,9.118362,0.9272004
11770,-0.07800282,0.15058532,11.7887,-0.7163158
11771,0.09257826,0.041510947,13.517857,1.9786149
11772,0.10650088,0.2185556,10.931694,-0.60147613
11773,0.08499469,-0.046377823,11.080337,-0.3856025
11774,-0.0086545255,0.09818657,13.488777,1.8244486
11775,0.011511184,0.1527867,13.412771,1.9195185
11776,0.07941288,0.1498562,13.431996,1.8999585
11777,0.15584433,0.081445664,10.152038,5.3467407
11778,0.06387608,-0.041929156,9.742521,0.25435495
11779,0.033726424,-0.040621825,9.80415,0.28190637
11780,0.014119841,-0.019886052,9.793111,0.27857336
11781,0.14166456,-0.06685737,9.761307,0.33672476
11782,-0.012083326,0.049769506,13.453175,1.8574231
11783,0.11358303,-0.026825378,11.135778,-0.63786256
11784,-0.004837122,0.09125672,13.467802,1.844066
11785,0.0934329,0.098293886,13.480891,1.8214036
11786,0.075296074,0.13487525,13.487299,1.8692316
11787,0.016603522,-0.07292897,10.43196,-0.7518528
11788,0.09110348,0.061139412,10.002063,-0.6105879
11789,-0.016089935,-0.06224019,9.916647,-0.5509603
11790,0.059247807,-0.07765225,10.080421,-0.6198937
11791,0.052305788,0.052798785,10.596654,3.4278228
11792,0.25432667,-0.06278633,10.298258,4.04061
11793,0.13681199,-0.040213212,10.200806,3.8010986
11794,0.052800447,0.1399977,10.532857,3.2477448
11795,0.0137852505,0.11764549,10.618296,2.8830476
11796,0.07008952,0.20327994,10.09082,-0.84753734
11797,0.06952972,-0.19073908,6.0445776,0.9199224
11798,-0.07422809,0.07063896,8.345142,-0.089822024
11799,-0.016299624,0.121593386,13.483414,1.8449408
11800,-0.0042472184,-0.14016901,7.9667425,2.6528273
11801,-0.016275903,-0.15184711,8.127288,0.7170768
11802,-0.06870631,-0.032959487,8.181404,0.730578
11803,0.105502665,-0.120809615,8.19317,0.70250636
11804,0.08452134,0.034023963,8.207235,0.719679
11805,-0.022181217,-0.12883736,8.179793,0.7375134
11806,0.1086463,0.20643711,13.508216,1.8688768
11807,0.025684353,0.20385946,13.502476,1.9624434
11808,0.086765476,-0.074644044,7.2236447,1.7062292
11809,0.047141433,-0.089209475,8.405178,-0.8376972
11810,0.038085632,0.05715081,13.388416,1.6829736
11811,0.093436435,0.07463829,9.450388,2.5506117
11812,0.08238244,-0.09469037,9.221171,2.1719134
11813,0.16379264,0.108180285,9.281164,-0.176554
11814,0.18626481,-0.0094569065,8.933994,2.3129375
11815,0.16962206,-0.060850948,8.927295,2.338917
11816,0.15761401,0.01846029,9.017774,2.2162368
11817,0.092475474,0.022291625,9.02782,2.2432115
11818,0.086214796,0.02544001,8.375012,1.1069559
11819,0.12652534,0.03878782,9.262359,3.319902
11820,0.09931578,0.07543588,13.530975,1.9164324
11821,-0.018421698,0.08870602,9.21885,3.3842561
11822,-0.011772938,0.15240313,9.2196045,3.3754885
11823,0.15537709,0.018476123,9.180617,3.362508
11824,0.06713016,0.10112747,9.216947,3.3700743
11825,0.14073387,-0.062342376,7.600512,1.0237235
11826,-0.12070297,-0.07499824,6.4579687,3.2586365
11827,-0.054798894,-0.20301053,6.668073,3.1959133
11828,-0.07292604,-0.15278457,6.5700593,3.3120182
11829,0.07103717,-0.038530286,11.760043,1.8643935
11830,0.057046473,-0.0483447,11.734721,1.8938318
11831,-0.033660468,0.12658016,13.429024,1.8199652
11832,-0.02095035,0.30820885,13.37404,1.8975192
11833,0.013650537,0.11505155,9.98211,1.7941748
11834,0.06676979,0.042918928,10.531045,1.3688656
11835,-3.9421022e-05,0.0033482146,7.889597,4.2605715
11836,-0.0040774904,0.15923774,13.489697,1.8146222
11837,0.048446193,0.239054,8.620114,1.05709
11838,0.095404804,0.09623219,13.556394,1.7877555
11839,-0.10887821,0.23633766,9.408027,1.4544746
11840,-0.05013515,0.13700779,9.355479,1.4552965
11841,-0.071044795,0.23499987,9.387663,1.43408
11842,0.066035554,-0.0012688022,9.1823015,0.6261054
11843,0.13345581,-0.011184646,10.084135,5.392732
11844,0.057749078,-0.30137467,5.3823857,0.78375244
11845,0.1147649,-0.25197262,5.3936696,0.7983569
11846,0.07205854,0.15790129,10.948334,1.4153541
11847,0.055124693,0.11114885,10.948144,1.4271597
11848,0.1489836,0.011481551,11.081102,-0.5579497
11849,0.015490741,0.12692904,10.797498,0.08502945
11850,0.117790535,-0.054653905,8.670212,2.8832533
11851,0.19632742,-0.003430076,8.22887,0.5216925
11852,0.09117322,0.039219275,10.690123,3.3837569
11853,0.06967504,0.07877232,9.878957,-0.91002566
11854,-0.02137255,-0.1745698,8.227015,3.292969
11855,0.11252537,-0.17356071,8.312378,3.3350885
11856,0.029617578,-0.19208905,8.223485,3.26608
11857,0.006330002,-0.068711974,9.019664,0.7979921
11858,-0.005091481,0.039608307,9.30346,-0.6598309
11859,0.1310476,-0.09668199,8.912967,-1.6880322
11860,0.16113019,-0.013014553,10.834375,6.3559885
11861,0.15663314,-0.0057626395,9.717313,1.715215
11862,0.020789854,-0.1323367,9.736508,1.7446436
11863,0.071942136,0.053600714,7.3361397,1.162688
11864,0.07864937,-0.12819627,7.3331046,1.1736246
11865,0.20325312,4.967861e-05,9.691046,4.0988774
11866,0.09798865,-0.12435094,11.3828125,-0.6632181
11867,-0.033406746,0.071749344,11.06251,-0.62513167
11868,0.107292384,-0.14655787,8.876913,-0.64919645
11869,0.023994781,0.062035717,8.761135,-1.6647377
11870,-0.09549457,-0.047293507,7.960064,-0.5854882
11871,0.019924067,0.061581016,11.664863,3.119626
11872,0.042562254,-0.03939802,10.435181,-1.5534618
11873,0.012864318,0.073030636,10.39115,-1.5923522
11874,0.052005954,-0.13319208,10.221814,-1.6276442
11875,-0.019770091,-0.10278313,6.4050097,1.204118
11876,0.14027183,-0.10585321,7.616729,0.7297539
11877,0.139472,-0.12538785,7.783547,0.6278789
11878,-0.101096846,0.120130956,8.47974,0.96870226
11879,0.06175556,0.06317161,11.733449,3.070692
11880,-0.17858079,0.06751095,5.7847605,1.9511074
11881,0.100022584,-0.14597106,6.5155926,1.5259848
11882,0.037125103,0.06127248,11.686589,3.1431477
11883,0.07892916,0.06275716,11.665757,3.1125185
11884,0.0006619841,0.17276189,11.709477,3.166688
11885,0.10435754,-0.056963176,10.133474,6.095871
11886,0.0032143109,0.02084436,7.7969246,2.1303475
11887,0.2159284,-0.092429526,7.7661805,2.088665
11888,0.1820133,-0.1041457,7.7438884,2.1338906
11889,0.13965413,-0.062394038,7.7247524,2.113965
11890,0.2284374,-0.06267003,7.201323,1.8775306
11891,0.17530733,-0.10471511,7.7873735,2.081715
11892,0.13154155,-0.21291293,7.6818366,2.8700933
11893,0.18173817,-0.16329576,7.6562433,2.0670726
11894,0.12396683,0.031807587,6.9289017,0.6893606
11895,0.145147,-0.0038691703,6.876244,0.749745
11896,0.049585626,0.33390787,10.4386,0.8345055
11897,0.077104785,0.28012213,9.243393,-1.2439873
11898,0.22893557,-0.117762946,9.58321,1.1571178
11899,0.15260652,-0.09707884,6.435808,-0.5707327
11900,0.11079346,-0.18837419,9.290294,2.323084
11901,0.050173372,-0.120326996,6.0800996,0.821919
11902,0.09115954,0.08004904,12.479965,2.8210166
11903,0.14726734,0.3188897,11.165629,0.20827106
11904,0.13476391,0.24520093,10.436787,1.0159379
11905,0.09583844,-0.22246405,8.225654,3.0856676
11906,0.10173017,-0.108215265,8.25933,3.0512846
11907,0.044639938,-0.11340456,7.862404,0.5395714
11908,0.12318201,0.031233495,8.008621,0.90650976
11909,0.04211215,-0.018778147,8.984102,0.9148712
11910,-0.012279674,0.21743417,8.254377,-0.9544147
11911,-0.017194793,0.19172773,8.320189,-0.96218216
11912,0.17615204,-0.08605694,9.645605,0.433585
11913,0.15048414,-0.015367344,9.15802,2.7856717
11914,0.14430436,-0.15103145,9.01435,2.863468
11915,0.2079173,-0.16812596,7.50715,0.24096496
11916,-0.008166796,0.026775515,10.557927,2.7286634
11917,0.13792178,0.12241165,10.652466,0.34293264
11918,0.06984406,-0.13376987,11.660125,3.128305
11919,-0.04884337,0.042749643,10.410743,2.6812432
11920,-0.011313755,0.16594154,10.420031,2.7912943
11921,-0.10248779,0.036738977,12.244204,-0.046662185
11922,-0.07132183,-0.009928615,12.264628,-0.0036324454
11923,0.022837017,0.00073840097,6.2473516,0.84903586
11924,0.045221075,-0.039897963,6.86038,1.0099195
11925,0.062101707,0.0031771604,6.829312,1.0021864
11926,0.048693314,0.008733854,6.8487864,1.0400019
11927,0.14871046,-0.072194055,6.8025303,1.0389981
11928,-0.077107176,-0.12107298,6.8245583,1.6773853
11929,0.06078548,0.18875214,10.37827,-0.20743066
11930,0.07184334,-0.0440398,6.8887954,1.7844838
11931,0.001878608,-0.01817887,7.9511924,3.6422975
11932,-0.053236004,-0.0078096204,10.480932,3.0773406
11933,0.039881065,-0.053712927,10.565607,3.045005
11934,0.006569624,0.04592952,9.7214775,-0.6800279
11935,0.11761178,-0.011576701,12.004538,2.397775
11936,0.09076078,-0.05844944,12.154299,2.55414
11937,0.11459395,0.073958024,10.817139,-0.34168652
11938,0.07839706,0.09654853,10.881841,-0.31979665
11939,0.15806544,-0.016258001,7.0715513,1.3043602
11940,0.120734334,0.052421108,12.066436,2.531692
11941,0.1786855,0.21309826,9.683418,-0.34700185
11942,0.21976581,0.110844895,9.71232,-0.24313663
11943,0.014712438,-0.06553752,8.913026,-0.253347
11944,-0.1541403,0.06296521,8.918192,-0.2453648
11945,0.085503004,-0.035212345,9.029187,-0.40529808
11946,0.05999299,0.27374282,13.038891,2.456719
11947,0.105076015,-0.07967107,8.803607,4.560825
11948,0.07610607,0.21040046,12.580998,1.7433796
11949,-0.028253544,-0.044901147,7.018931,2.6202164
11950,0.0077633634,0.21830465,10.504897,1.6589013
11951,-0.003290005,0.0644421,11.427529,3.2558556
11952,0.16691089,-0.04419183,6.381862,0.96439856
11953,0.17650914,-0.066671886,10.545929,3.8526423
11954,0.075091556,0.12889642,10.176881,1.946205
11955,0.06912856,-0.049556166,11.602188,3.151125
11956,-0.0024529025,0.100113526,9.461081,1.6398892
11957,0.08160769,-0.01916781,9.459817,1.6033934
11958,0.013886921,0.10607141,9.486233,1.5954721
11959,0.06720762,0.079754144,9.518249,1.6288975
11960,0.10192542,-0.11648232,10.610641,4.9183316
11961,-0.018785309,0.085600674,10.777953,1.9030914
11962,0.021582048,0.23351896,9.125571,-1.801918
11963,0.15495723,-0.13900268,8.263165,2.548318
11964,-0.06821482,-0.04444736,11.667555,3.123658
11965,0.07944127,-0.11831413,8.818665,4.7999735
11966,-0.023511417,0.11891541,13.688545,-0.20236701
11967,0.030896135,0.015695972,9.752415,-0.73103696
11968,0.04606715,0.057689965,9.747718,-0.70433295
11969,0.136411,0.13325863,9.60176,1.2227029
11970,0.014748044,0.0050211027,6.881821,1.865125
11971,-0.017469488,0.22212838,10.172681,-0.6436895
11972,0.17535028,0.014430618,8.383216,-0.3253056
11973,0.009097636,-0.046549417,7.15786,1.4087993
11974,0.14422518,0.10896531,10.371398,-0.58292264
11975,0.021749146,0.10513871,9.434893,2.0473378
11976,-0.09700536,0.21247861,10.006883,0.76441795
11977,-0.11622901,0.19238195,12.441136,1.0535327
11978,-0.1214263,0.04546006,8.700829,5.4382153
11979,-0.030610513,-0.079255335,8.620186,7.156261
11980,0.051139772,-0.07463036,8.721516,-0.193016
11981,0.083543405,0.008043369,6.88791,1.8749435
11982,0.043345995,-0.14491074,6.883016,1.8467789
11983,0.089074686,-0.005434026,6.906942,1.9079764
11984,0.15991884,-0.17543992,8.5796385,6.426488
11985,0.19710615,-0.13864939,8.592755,6.441379
11986,-0.0084845275,0.01857013,9.764166,-0.73316836
11987,0.12144925,-0.11432983,9.112347,0.8795102
11988,0.11249381,0.2635229,11.089278,1.632756
11989,-0.095912024,0.36496976,10.991875,1.7386619
11990,0.045478597,0.2951054,10.989183,1.7245913
11991,0.13505536,0.03426227,9.608524,1.2308371
11992,0.08734551,-0.06047473,8.396782,5.154221
11993,0.04895425,0.10353768,10.923239,1.6376363
11994,-0.022538945,-0.015723675,5.860443,4.481279
11995,0.15532964,0.19341508,10.978807,2.0764227
11996,0.14497398,0.08329822,11.053826,2.423326
11997,0.065000705,-0.08696516,9.836632,1.8376632
11998,0.009625863,0.1107761,10.902338,2.592321
11999,-0.041106164,-0.048600845,10.539783,3.075201
12000,0.036846846,-0.06894548,5.683643,1.1433817
12001,-0.0116684325,0.03764367,9.877602,1.7908977
12002,0.109224394,0.07381159,7.3174887,2.0395668
12003,0.14844838,-0.006454463,7.264859,1.9640976
12004,0.11891416,-0.005971398,12.209013,3.4557524
12005,0.090366915,0.12110104,12.345829,3.294998
12006,0.13040449,-0.003039034,12.191627,3.4943266
12007,-0.15412256,-0.04749334,6.062735,3.9507165
12008,-0.05534596,-0.17340282,6.1863656,3.7629476
12009,-0.10807862,-0.17952138,5.998495,3.9674087
12010,-0.12092388,-0.03558309,6.109377,3.9202518
12011,0.008989569,-0.17339708,10.046306,5.8920693
12012,-0.09572718,0.020398496,8.6088505,1.2882357
12013,0.060156763,0.21695143,10.3439865,1.7514603
12014,0.15106565,0.038834617,11.4880905,4.721774
12015,0.101338804,-0.045402445,9.685802,5.093627
12016,0.19069251,-0.07670041,9.879451,5.232057
12017,0.09982461,-0.27581167,6.532732,1.6241609
12018,0.15962026,0.03103943,10.595231,4.7590046
12019,-0.12212509,-0.008204432,11.818025,-0.48685148
12020,0.093292,0.042626746,10.923253,4.97942
12021,0.17806783,0.07813923,10.859089,4.8466496
12022,0.09536174,-0.11456519,12.506864,6.1166263
12023,-0.0367834,-0.012340987,12.275501,3.3948462
12024,0.1398384,0.0391374,7.8025985,-0.07974239
12025,0.14770296,0.038959213,7.724748,-0.08345019
12026,0.09527676,-0.110160016,7.7570567,4.0205083
12027,-0.076651305,0.0645078,6.237278,0.8227498
12028,-0.04091828,0.013291929,6.65432,0.35269365
12029,0.048857555,-0.028100682,12.195521,3.1142783
12030,-0.21179713,-0.038991857,5.827435,3.751738
12031,-0.13701403,0.03640558,8.724834,6.1018586
12032,-0.20079476,-0.11164944,5.8530126,3.8032699
12033,-0.32355407,0.1334416,5.8884478,3.6408694
12034,-0.13247146,-0.055250086,5.9342,3.7585328
12035,-0.15238294,-0.012305363,5.834189,3.7536297
12036,-0.05048204,-0.10977107,6.77072,3.2360334
12037,-0.09616633,-0.043602034,8.815078,-0.5193101
12038,-0.3140947,0.065791085,6.8288937,3.2912428
12039,-0.22698635,-0.1581907,5.7298417,1.5572706
12040,-0.017191324,0.06539674,9.539323,2.785975
12041,0.0018993169,-0.14905895,7.352411,2.6225238
12042,-0.18100128,0.008735165,8.096674,0.67269677
12043,-0.0414888,-0.08272158,9.200978,2.8876972
12044,-0.2701639,0.0035505388,3.9792464,4.6814566
12045,-0.10655886,0.020230578,9.181385,-1.8547641
12046,-0.15080069,-0.07305883,8.52061,5.009686
12047,-0.24118258,-0.0076198783,6.068014,3.2054496
12048,-0.2460027,0.17406657,10.143121,-1.5398709
12049,-0.17163289,0.005943034,9.280747,-1.846343
12050,-0.16176513,0.084023535,10.854932,5.1860666
12051,-0.28956422,0.0923464,5.813189,3.863023
12052,0.011620998,-0.15241316,6.8782144,-0.60172075
12053,-0.009362087,-0.022037122,8.065029,0.16812465
12054,-0.06336048,-0.021061122,8.034806,0.20622681
12055,-0.26765865,-0.06453821,6.3103204,3.8511248
12056,-0.3072431,0.04402367,7.250049,4.8251686
12057,-0.010503501,-0.10852508,6.817685,3.30936
12058,0.13356344,0.12061137,13.393906,3.1369953
12059,0.10261282,0.15161297,9.2544155,4.102607
12060,-0.032753546,-0.06971331,7.2695236,-0.69677407
12061,-0.045618724,0.0060549043,7.236361,-0.7348261
12062,0.16699922,0.23998263,10.133362,-0.33830035
12063,0.20204115,0.036165275,10.125092,0.2851957
12064,0.09466413,0.18457326,10.406598,-0.26734152
12065,0.10918096,0.091964304,10.15034,-0.17992051
12066,0.16206245,-0.111032404,11.557218,-1.3750076
12067,0.025190696,0.13837335,9.246537,2.4115045
12068,0.003934011,-0.17015576,8.819994,2.1756284
12069,0.0733709,-0.18251806,12.572121,5.1784816
12070,0.067018166,-0.16475412,8.90571,2.771556
12071,-0.058674037,-0.010448572,12.531594,3.438055
12072,0.0025444105,0.19203484,10.916423,2.124422
12073,0.008582126,-0.17986467,8.53747,1.186137
12074,0.037670724,-0.011250231,9.271837,0.94887
12075,0.065151855,-0.086108334,6.9480357,-0.28362933
12076,0.028673895,-0.027465345,9.04735,1.0034704
12077,-0.027351726,-0.0712653,9.127802,0.9245665
12078,0.026712835,-0.012879899,9.136024,0.89822346
12079,-0.04536137,-0.044537544,9.801535,6.635523
12080,0.07695873,0.019208318,9.568558,3.8612838
12081,0.18757266,0.2577767,13.350802,2.646617
12082,-0.27781343,0.11406931,7.1401443,3.1079574
12083,0.13670348,0.19756946,11.208789,-0.7083936
12084,0.07983102,0.02309789,12.986422,3.0445607
12085,0.13510576,-0.006655818,11.923242,5.1652803
12086,0.13164046,0.014842058,8.488565,6.910832
12087,0.16154009,-0.044189215,13.298732,3.6795611
12088,0.1607919,-0.0075379983,11.58758,5.4497113
12089,0.1348207,-0.051056713,11.42308,5.2576904
12090,-0.079420745,0.12194489,9.322691,-0.08219995
12091,0.0392709,0.22569084,10.2547245,-0.28270924
12092,0.13678616,-0.17630172,8.810834,3.5871575
12093,0.041984163,-0.15296476,6.9752355,5.582227
12094,0.01958986,-0.24158466,7.0275755,5.6345663
12095,0.06339163,-0.11646105,10.384182,7.0013905
12096,0.029646046,-0.19271627,10.358828,7.010074
12097,0.03814698,-0.093665585,10.362299,7.0279536
12098,0.123096704,-0.12923156,10.199333,6.8959417
12099,0.07129316,-0.07503811,10.383523,7.002305
12100,-0.12178211,-0.1368755,5.520526,2.0539954
12101,-0.17595676,-0.1248005,5.639195,1.0267673
12102,-0.15410902,0.03917017,5.5197268,2.2013671
12103,-0.20009395,0.071683854,9.8188505,3.8933737
12104,0.051490963,0.006463306,5.423408,2.176812
12105,-0.05518726,-0.11945068,5.4853854,2.1015787
12106,0.010240637,-0.016828528,5.4631486,2.1329217
12107,0.088720314,-0.22096162,8.12239,3.3816252
12108,0.07303126,0.06505435,6.136274,1.1137595
12109,-0.12082254,-0.13892196,6.736933,4.296209
12110,-0.05830116,-0.09332097,6.724025,4.3693566
12111,0.008455567,-0.118493974,8.487587,4.496708
12112,-0.0086336695,0.1532407,12.305258,3.3495636
12113,0.0005266443,-0.12018711,9.113773,0.96957415
12114,0.005786158,0.017961463,9.158514,0.9134277
12115,0.14556089,-0.053424977,10.85616,0.58603317
12116,0.05331567,0.09775536,11.313617,3.3740547
12117,0.100541785,-0.059012733,10.969433,0.55126464
12118,0.06265601,0.05005964,11.211035,3.8503501
12119,-0.06335972,0.05720061,12.254742,0.023337761
12120,0.120370954,-0.017298233,10.019107,5.3722353
12121,0.034204677,-0.21196109,2.737783,2.8048005
12122,0.10318264,-0.061134912,8.859351,1.7441211
12123,-0.029535668,0.10331612,10.79896,-0.8243977
12124,0.032461323,0.1974782,10.243124,-0.61344016
12125,-0.026059201,0.14256719,13.203249,3.729393
12126,0.074925825,-0.07093883,10.743021,4.8634715
12127,-0.052473217,0.11503431,8.95907,-1.561022
12128,-0.024209006,-0.16561072,6.873595,2.6135385
12129,-0.049475446,-0.039787956,8.35007,-0.06724967
12130,-0.19691196,-0.012216054,11.4240265,4.00485
12131,-0.116704226,0.07869724,9.599675,-1.1542498
12132,-0.038483903,-0.25113925,6.910198,2.5535102
12133,-0.08472051,-0.07208303,6.907442,2.5827887
12134,-0.014116593,0.10582857,10.459439,3.902994
12135,0.06572387,-0.056127444,10.569698,4.456428
12136,0.09054819,-0.07941092,10.378882,4.3824215
12137,-0.016361497,-0.03839183,6.6997213,-0.93455726
12138,0.12538388,0.00065038353,8.234383,3.057969
12139,0.014327407,-0.049279936,8.195424,0.736325
12140,0.064736985,-0.059670962,8.217663,3.1195328
12141,-0.08301189,-0.25980982,6.6203876,2.206905
12142,-0.20226586,0.13071486,10.048423,0.90940475
12143,0.09277132,-0.16313669,8.429861,3.0471065
12144,-0.12824556,0.07985943,6.858844,0.24385042
12145,0.11360139,0.06632376,10.261192,0.48374957
12146,-0.04652564,0.1682769,10.181528,0.4946084
12147,0.09150845,0.038316898,10.128799,0.5093337
12148,-0.00055486336,0.17294027,10.199483,0.5176571
12149,-0.11890145,-0.12725024,8.686163,2.3800354
12150,-0.005457118,0.17722474,11.041017,-0.58721596
12151,-0.12772053,0.005320793,5.766832,3.5938814
12152,-0.23319751,0.034680985,6.4729757,3.359391
12153,0.048272565,-0.018949104,11.494917,0.037214458
12154,0.085286126,-0.16763026,8.085958,1.7534705
12155,-0.01805779,-0.059174664,12.968982,4.05861
12156,0.018747702,-0.16799068,6.482086,3.8119543
12157,0.06810482,0.10473168,10.654569,-0.15010774
12158,0.10576114,0.13863286,10.277107,-0.68232214
12159,0.10954276,0.1331174,10.72005,1.9799452
12160,0.13286597,0.02215988,10.811589,3.1045616
12161,-0.17571189,0.015179602,6.5783863,4.77043
12162,0.08377083,-0.1429698,10.67399,3.1902423
12163,0.091815636,0.117654204,13.016898,4.096988
12164,-0.011263948,-0.0051930435,13.062155,4.1351037
12165,0.072539166,-0.21049729,6.6531744,2.196477
12166,-0.0023733303,-0.19802971,8.557932,3.1800125
12167,-0.006478317,-0.14611639,6.7507153,2.337952
12168,0.04763867,-0.032612924,9.131614,0.6266535
12169,0.051075533,-0.035704937,9.167585,0.59588206
12170,0.025245726,-0.12134718,8.766956,3.343775
12171,0.016947985,0.23816308,12.993747,4.128741
12172,-0.0014403276,-0.1585997,5.7807417,3.0001695
12173,0.077509746,-0.1448488,10.693897,5.788027
12174,0.09943022,-0.14535476,10.647222,5.851449
12175,0.07064404,-0.108945966,6.46869,2.1592479
12176,0.032358795,0.3007554,11.213577,1.0994068
12177,-0.0031647757,-0.0052151047,13.059466,4.111707
12178,0.17234811,-0.008107761,9.330663,0.40799114
12179,0.13282515,-0.16832975,9.277301,0.47977477
12180,0.046658263,0.03107418,12.938147,3.982615
12181,0.06640375,-0.07477143,8.961335,-0.46809664
12182,0.13765003,-0.12593041,9.012996,-0.45192477
12183,-0.07175957,0.22661883,8.830252,1.3690801
12184,-0.042398285,-0.036305673,13.027979,4.128295
12185,0.13730323,-0.17673397,8.210465,5.134462
12186,-0.13658631,0.25629926,13.043143,4.107741
12187,0.04813972,0.03477692,12.870297,3.9941175
12188,0.050175585,-0.13852154,8.273745,3.389171
12189,0.09455679,-0.15729372,8.247169,3.4845388
12190,0.05227875,-0.10674224,8.29644,3.4466941
12191,0.13922623,-0.095191106,8.314941,3.4310293
12192,0.06727668,-0.21859255,8.231485,3.3380082
12193,-0.018186022,0.052938446,7.730545,0.87790203
12194,-0.029947218,0.0942359,11.786761,0.35905734
12195,0.0545405,-0.046524983,10.871349,3.1259346
12196,-0.065130904,0.04580999,10.803506,3.1430247
12197,-0.090302385,0.05407773,10.739089,3.1944106
12198,-0.08372567,-0.0016525015,5.5883913,1.4758748
12199,0.13859586,-0.064092636,12.949136,4.0402036
12200,-0.08091051,-0.19630146,7.414359,1.0012684
12201,0.11684717,-0.2206622,8.7502165,4.7988873
12202,0.031454884,-0.031752437,13.050782,4.14255
12203,0.017351955,-0.03553624,13.088899,4.1460533
12204,-0.1470366,-0.09335158,13.058323,4.1376505
12205,-0.026252134,-0.09912931,13.010038,4.163389
12206,-0.06370494,-0.050780423,11.163552,4.184548
12207,-0.07868454,-0.019179909,11.003466,4.1404777
12208,-0.02569844,0.045639098,12.605728,6.0587473
12209,0.0035509095,-0.16774708,12.649443,6.0116057
12210,0.072274804,0.14733918,12.659435,6.015017
12211,-0.0926636,0.0047662947,7.4646506,-1.390981
12212,-0.065607846,0.020971043,11.117031,5.2381787
12213,-0.19591634,0.113122195,11.56184,1.6021396
12214,0.0014081225,0.038980335,7.4698462,-1.3912939
12215,-0.08509662,0.06584391,7.450566,-1.3879722
12216,-0.07357494,0.12811853,7.4667883,-1.3957571
12217,-0.0260113,0.042426035,7.4846597,-1.425224
12218,0.060367174,0.07152688,12.368017,2.7345967
12219,-0.058847316,-0.1257207,9.423186,6.3227596
12220,0.089793906,0.027930362,8.616793,-0.25759348
12221,0.2058526,-0.036493447,8.348881,-0.23154834
12222,0.091305256,0.015893107,9.137651,-0.37676713
12223,0.1885282,0.034244932,10.931059,4.7753105
12224,0.10582605,0.12350598,9.463658,3.692736
12225,0.06225665,0.23909733,11.424109,1.6166084
12226,0.08135961,0.061375618,11.062138,2.1829216
12227,0.15044431,0.20090568,13.060402,4.1304755
12228,-0.11847346,0.13290346,7.906185,0.6646517
12229,0.027142838,-0.069223076,12.772367,4.389083
12230,0.025163896,-0.12755421,11.000442,5.888808
12231,0.014607511,0.0074157715,9.746549,2.5199645
12232,0.05977626,0.09987738,13.050544,4.122532
12233,-0.16298516,0.2205834,9.090526,-0.5748069
12234,-0.2095033,0.1232605,9.127442,-0.57536167
12235,-0.060037214,0.038882293,9.120935,-0.580346
12236,0.090185165,-0.055037573,11.458906,3.7013543
12237,0.18817207,0.1576337,9.539822,-0.7065091
12238,-0.016578276,0.11570683,10.986613,-0.67055005
12239,-0.008320499,-0.05105602,10.817518,3.1623943
12240,0.07839996,0.003996223,8.979996,0.069881335
12241,0.19099385,-0.20726678,8.459628,6.3587165
12242,0.09818652,-0.29372734,7.1276917,1.7634857
12243,0.04787904,-0.2027621,7.1433945,1.747974
12244,0.14144066,-0.21976848,7.163951,1.7297887
12245,0.121056214,-0.25502408,7.184116,1.7731055
12246,-0.039836455,0.09726449,11.833689,0.45413437
12247,-0.08875272,0.22577575,11.679297,0.2023399
12248,0.07863215,-0.14608149,10.77835,0.47884464
12249,0.080093846,-0.059420742,6.911538,1.1970903
12250,-0.10075142,-0.13524154,8.806519,0.37657636
12251,-0.06340517,-0.020155517,10.953489,0.2350236
12252,0.1063561,-0.037339374,7.995016,-1.0550398
12253,0.09130068,0.024770522,8.04188,-1.0664914
12254,0.079796694,0.006381793,8.055426,-1.0724592
12255,0.12913004,-0.04610207,8.111607,-1.2240875
12256,0.121689916,0.021040646,8.050943,-1.09485
12257,-0.046171833,-0.015104035,8.432309,3.3021312
12258,0.07890479,-0.039858453,8.150296,1.5110885
12259,0.012669835,0.15580757,13.007455,4.1229467
12260,-0.08485168,0.28017756,13.017032,4.1144695
12261,-0.18070051,0.14304495,9.211912,-0.8069649
12262,-0.2408899,0.21395496,9.146512,-0.59756494
12263,-0.11980973,0.12713766,9.183735,-0.5806392
12264,-0.06752013,0.07925367,12.846781,0.13019313
12265,0.13516971,-0.024432614,8.836542,1.5947815
12266,0.16509056,0.028919054,8.963722,1.7018045
12267,0.05655369,0.037092254,9.990319,2.3084984
12268,-0.16500844,0.108197376,9.972645,2.2913003
12269,0.090672806,0.028274944,9.956997,2.2473814
12270,0.18200049,-0.00403109,9.836374,3.624171
12271,0.14610676,0.00644722,11.223454,-0.6998747
12272,0.078285255,0.058561474,11.462626,1.7038034
12273,0.04948131,0.06188616,11.502023,1.6720353
12274,-0.003109239,0.027226986,11.467653,1.674674
12275,0.058782592,-0.18256652,7.4338436,1.8258892
12276,-0.06273121,-0.01496702,7.4012566,1.8846325
12277,-0.009709587,0.13238381,12.9592495,4.070862
12278,0.17288291,0.107081935,10.516306,0.05480758
12279,-0.053147964,-0.07975682,7.2170553,5.6130886
12280,0.1611579,0.024899079,8.32398,-0.28478968
12281,0.17762552,-0.08316164,9.789257,3.8349078
12282,0.06648247,0.17278706,9.437001,-2.3282804
12283,0.040464714,0.09204565,12.357376,1.0426018
12284,-0.12192923,0.057333305,12.552976,1.13953
12285,-0.18936683,0.17592391,7.5552835,1.3676605
12286,0.011551425,0.09622879,12.063239,0.93608785
12287,-0.094819695,0.053475276,12.577869,1.2358162
12288,0.14277536,0.053943753,10.986633,1.7526344
12289,0.11272213,0.105857745,10.966569,1.7278763
12290,0.01386635,0.024623284,12.950995,4.0555058
12291,-0.024196986,0.10122822,10.237886,-1.9542537
12292,-0.102942005,-0.13385133,7.0024166,4.0228786
12293,-0.0013956428,-0.15788716,7.0198817,4.076842
12294,0.020565499,0.20583136,9.28954,-0.09599368
12295,-0.11655134,0.18841472,9.452968,-2.3969135
12296,-0.10055143,0.04465516,7.848924,3.4349904
12297,-0.13266182,0.2092156,10.809113,1.1075691
12298,-0.0039346516,0.06625531,8.7661,3.291174
12299,0.021944992,-0.09521577,7.905139,3.3807697
12300,-0.079080135,-0.1589578,7.48626,3.0885398
12301,0.13389173,-0.04273416,9.50567,3.3315988
12302,-0.11250515,0.048596904,10.164371,2.4234126
12303,0.23909026,0.1999735,11.215774,-0.107926264
12304,-0.0198308,0.20429905,13.006432,4.019318
12305,-0.08665554,0.07097749,12.832951,0.12724607
12306,0.035121746,0.04143674,12.824252,0.11899832
12307,-0.16624388,0.019282607,12.796299,0.20703888
12308,-0.026198853,0.12395473,12.818314,0.17787766
12309,-0.06754657,0.05654584,12.732187,0.26526436
12310,-0.080464005,0.10088125,12.835752,0.1919045
12311,0.07537699,-0.011626547,9.612471,3.4567611
12312,0.08650291,0.0580312,9.574223,3.4844692
12313,-0.108812764,0.27511927,13.038802,4.092274
12314,0.05542314,-0.15238222,7.90723,3.0834653
12315,-0.00949261,-0.12586093,6.518167,2.2943814
12316,-0.039281245,0.028803548,11.444974,2.714333
12317,0.07133861,-0.109260336,11.190613,2.5950687
12318,0.067753695,-0.080025926,9.259254,3.0288053
12319,-0.0046545677,0.12402412,9.372603,3.0546389
12320,0.13343395,-0.08821184,9.18923,2.9736571
12321,-0.09253982,-0.08854717,10.591834,3.0703964
12322,0.07506495,-0.06489527,10.955362,5.005901
12323,0.019644551,-0.22532538,10.625255,3.167107
12324,0.05286286,-0.10877228,10.519246,3.0819845
12325,-0.0835894,-0.004727032,12.841393,4.0336375
12326,0.13110192,-0.19609672,10.602062,3.334768
12327,0.08795786,-0.22675498,10.525013,3.399407
12328,0.0066013075,-0.16226579,8.136961,5.8486238
12329,-0.072706185,-0.09665738,6.940679,2.8230217
12330,0.07279679,-0.21103665,7.880492,0.5811368
12331,0.09194827,-0.12297698,10.734187,3.0951076
12332,0.09055987,-0.106472425,10.69542,3.0330927
12333,0.111309856,-0.16194172,10.75037,3.1386602
12334,0.018843185,0.08323529,13.035544,4.1297407
12335,-0.11025247,0.028807146,8.425658,2.3506029
12336,0.05042532,0.10423199,8.53878,2.1199605
12337,-0.05365491,0.20100614,13.051315,4.1401496
12338,0.0051871017,0.23030709,13.0472555,4.1012754
12339,-0.05751659,-0.08528777,8.989784,-0.08404779
12340,0.037162796,-0.17960533,9.044156,0.08850388
12341,-0.042318057,-0.18826684,7.202772,5.610518
12342,0.008030094,-0.12897356,9.04835,0.025304902
12343,-0.047014177,-0.070122994,8.611378,3.0459116
12344,-0.059886932,-0.07436382,8.677015,3.050462
12345,-0.1466364,-0.061012156,12.997481,4.1767063
12346,0.077634394,-0.0361516,13.032175,4.149558
12347,0.22128949,-0.12815917,8.882295,3.0238082
12348,0.078452915,-0.13772443,8.926094,3.0384433
12349,0.12091583,-0.023670323,8.902235,3.0767806
12350,0.050827935,0.061497003,9.386915,-0.10174232
12351,-0.09719971,0.06628732,12.9173765,4.0114994
12352,-0.026355138,0.25201094,13.13248,4.0064054
12353,0.030189052,-0.113659054,9.308222,1.9250145
12354,0.192745,0.023616986,9.38827,2.0531037
12355,-0.035150312,-0.0069269957,13.041677,4.0959315
12356,-0.10300195,0.14577106,13.040255,4.1095433
12357,-0.10146927,0.18554759,13.054452,4.165225
12358,0.11542496,0.108860046,10.607625,3.492271
12359,0.21408662,0.04989934,10.619479,3.4857721
12360,0.13842699,-0.08159623,7.6756496,0.9776582
12361,-0.1412394,0.24117029,13.024366,4.1817946
12362,0.06566718,0.25070587,13.027831,4.178335
12363,0.12709048,-0.12241897,7.946125,0.43838835
12364,-0.019135071,-0.19156885,8.868109,2.1371062
12365,0.0775939,-0.24522667,6.814252,1.8844887
12366,0.08005838,-0.13503172,8.524622,-0.40239993
12367,0.10664356,-0.1894739,8.556457,-0.83139235
12368,0.1190425,-0.18621312,8.475888,-0.824628
12369,0.059963748,-0.05694139,8.602594,-0.7655398
12370,-0.026464878,-0.08814318,7.379904,1.2931963
12371,-0.106412254,0.12732798,13.025807,4.096057
12372,-0.020770222,-0.076357804,10.594336,2.7273538
12373,0.016304903,-0.06830956,10.581863,2.7755756
12374,-0.085678704,0.043735012,10.487247,2.680026
12375,0.13140912,0.18525735,9.997788,1.0076647
12376,0.21849856,0.15877269,7.5263653,-0.4232244
12377,0.3150088,-0.048628718,7.311936,-0.39937183
12378,0.30826244,0.02039232,7.3707023,-0.4492916
12379,0.23308355,0.15204892,10.792455,-1.0625337
12380,0.034033522,-0.27384192,5.9955206,1.861405
12381,0.019522652,-0.004633624,13.0561495,4.0731196
12382,0.08576013,-0.13352308,13.080181,4.0831094
12383,0.030104883,0.049199857,13.119761,3.986998
12384,0.08384727,-0.22884324,8.215684,6.061013
12385,0.15403622,-0.23206297,8.275958,5.8462644
12386,0.10924412,-0.18613854,8.236946,5.6992903
12387,0.12374486,-0.23704591,8.225553,6.0817575
12388,-0.19610742,0.13699642,7.264573,3.0200186
12389,-0.10631476,0.13762671,7.280102,3.0296435
12390,0.094292045,0.22761193,10.624307,2.4581552
12391,0.06109433,0.097604245,13.160534,3.911369
12392,0.13825879,-0.028457914,12.121425,-0.8769199
12393,0.21618065,0.08971775,9.842918,3.9991
12394,0.101183414,0.10122124,9.710471,3.895135
12395,-0.016216494,-0.22462618,7.47577,6.0399265
12396,0.22617653,-0.11718142,7.626132,2.8140156
12397,-0.023290206,0.07231219,9.273231,0.43533298
12398,-0.19078138,0.14491892,9.27864,0.3705791
12399,0.14196602,-0.17302531,8.559464,1.9202037
12400,0.09976196,-0.0037109572,8.662869,1.8994411
12401,0.07416152,-0.011980699,11.595965,4.779799
12402,0.104880005,-0.028470594,11.498896,4.7506833
12403,0.05215709,0.018207995,13.213115,3.8619685
12404,0.10318136,0.13324457,13.143999,3.839156
12405,-0.14190616,-0.025811361,10.990958,2.7348344
12406,-0.07168129,0.21997082,11.179534,2.96138
12407,0.018698689,-0.08382538,8.692199,-0.22656178
12408,0.077706054,0.058917172,8.718746,-0.24499045
12409,0.08710773,0.1070952,8.949579,-0.9581122
12410,0.127375,0.060627468,8.979918,-0.9933493
12411,-0.10213288,-0.03554997,5.4728646,4.98335
12412,-0.12511483,-0.06117607,5.423206,4.920599
12413,0.10063517,-0.012630254,10.736196,3.1967766
12414,0.08054034,0.19133988,12.664564,3.8848174
12415,-0.028096236,0.12883513,8.905244,1.0538491
12416,-0.085233994,-0.04077228,10.824818,3.1914809
12417,-0.018764542,0.16098748,10.782652,3.126883
12418,0.023143094,0.184394,9.516877,1.6176691
12419,0.082898065,-0.17788172,8.1375065,-0.90571463
12420,-0.0004963428,0.03536246,8.225887,-0.9147922
12421,0.05453369,-0.026541835,7.749235,2.1013775
12422,-0.017095089,-0.09421933,7.784607,2.2022977
12423,0.050031833,0.03027085,7.7487273,1.6382269
12424,-0.0016640536,0.08833173,7.7220106,1.918827
12425,0.05090294,-0.19221196,6.7204065,-0.027571464
12426,0.08889389,0.011884067,10.648869,3.1562872
12427,0.12912944,-0.17475311,6.8082275,1.7102501
12428,-0.044137593,-0.030266888,8.257497,3.4376516
12429,-0.01242815,0.16183536,11.08708,0.72466254
12430,-0.0119464435,0.018721571,8.488659,3.2985492
12431,0.08466193,0.10739665,13.023634,4.0943108
12432,-0.005142415,-0.13032167,10.060025,2.7860951
12433,-0.09888621,-0.08474407,6.739171,5.538579
12434,-0.20147875,0.05624248,9.720881,2.533539
12435,0.0593407,0.08559861,11.502173,2.9296327
12436,0.11365233,-0.035707884,10.229088,3.444254
12437,-0.18605085,-0.07760171,6.614231,2.3255777
12438,-0.031603154,-0.15928055,6.597634,2.269687
12439,-0.17229709,-0.12392002,6.643964,2.3474448
12440,-0.093539655,-0.15125845,6.620833,2.322007
12441,0.044716552,0.056550637,12.904592,3.914704
12442,0.032953434,-0.031773638,12.891402,3.8659682
12443,-0.006265387,0.14705046,9.689635,1.7310736
12444,-0.039437965,0.13755527,9.786317,1.6847987
12445,-0.10541067,0.19747376,9.806959,1.7399533
12446,0.14604229,0.06793773,9.81212,1.7438056
12447,0.063717246,0.17866668,9.765488,1.7550343
12448,0.09431332,0.045567498,9.781715,1.8126423
12449,0.013704397,0.015314857,11.694512,3.0546098
12450,0.082421094,0.10122189,11.899474,3.1722035
12451,-0.09819777,0.016830696,11.547312,2.969534
12452,0.058868214,-0.08924261,8.795736,2.2649515
12453,0.08224004,0.013825901,8.844627,2.2293875
12454,-0.06447087,-0.03496159,11.551284,2.951239
12455,0.13165763,0.014025228,8.98716,0.1378493
12456,0.010391984,-0.006882512,9.029719,0.19592316
12457,-0.028620435,0.10078177,11.27994,2.415429
12458,0.04816895,-0.0036965087,10.691981,3.1532254
12459,0.07154661,0.13467455,10.749862,2.056673
12460,-0.020326048,0.068267345,11.155503,2.2296293
12461,0.0981835,0.09151459,11.120062,2.1807826
12462,0.08613615,0.033975855,7.3341894,0.14438276
12463,-0.09735353,0.115023464,12.981755,4.0261664
12464,0.13317195,0.28606433,10.284623,1.2875888
12465,0.0388,0.025887148,8.806975,3.1565428
12466,0.08537795,-0.1656788,10.776007,4.5543823
12467,0.11081754,-0.047471143,6.1984744,0.8668693
12468,0.12936392,-0.01328565,8.050952,-0.22287369
12469,0.0627425,0.036972225,13.686948,-0.20316994
12470,0.03392899,-0.040817454,6.2018914,0.86500734
12471,0.12547645,-0.088020965,6.267177,0.892683
12472,-0.11841775,0.087017156,11.3874235,2.5805616
12473,-0.013429955,-0.07926082,7.3646517,5.4725127
12474,0.014268674,0.06988296,10.943655,-0.48267215
12475,0.059434056,0.012605885,7.4178452,1.0977693
12476,0.075960115,0.11033012,8.801891,4.505013
12477,0.107942715,0.16711754,11.233993,-0.46833086
12478,-0.01352882,0.10423951,11.400249,-0.1256636
12479,0.009987097,-0.13635676,7.58555,5.119032
12480,0.047061235,-0.10412232,6.0345216,4.697266
12481,-0.031673156,-0.063752584,6.0289044,4.639691
12482,0.020770326,0.053305686,11.087082,2.366968
12483,-0.03095403,-0.01199672,11.622339,0.785802
12484,0.10773322,-0.017884394,10.662374,5.8607454
12485,-0.046188522,-0.08255956,5.4305224,2.3758023
12486,0.021770973,-0.06430652,5.421358,2.3304217
12487,-0.025777783,0.057347164,6.6822467,0.6616862
12488,0.0034152977,0.08106074,12.639494,0.72352356
12489,-0.08797469,0.1351216,12.639326,0.6409747
12490,-0.019698646,0.016857581,12.496863,0.7711329
12491,0.120016515,0.0019483678,13.620567,-0.13253005
12492,0.061886087,0.048291355,13.638159,-0.16607602
12493,0.08747122,0.052120976,8.007436,1.240654
12494,0.01741384,-0.24430951,7.7018065,5.8030224
12495,-0.12623829,-0.066541016,7.6755,5.925613
12496,0.03141111,-0.11680327,7.4562154,5.3966694
12497,0.030946597,0.019027239,11.127804,5.2850857
12498,0.0998956,-0.11829533,9.765984,5.0038786
12499,0.08202238,-0.13346995,8.920555,5.0070176
12500,0.05038497,-0.031007946,9.232711,5.4188776
12501,0.063876115,-0.11097453,9.504069,5.6922708
12502,0.057287514,-0.10085594,9.792502,5.3443284
12503,-0.122599944,-0.096467465,6.185426,4.65177
12504,-0.04659375,-0.12568809,6.230743,4.632373
12505,-0.09197896,-0.06562501,6.181945,4.6438994
12506,0.061072923,-0.21938008,8.732357,5.508947
12507,-0.0049131885,-0.22786336,8.768097,5.5087748
12508,0.057535768,-0.21035382,8.450682,5.452487
12509,0.016847484,-0.016692748,8.410199,0.068660855
12510,-0.0680462,-0.114852175,10.646164,0.0017375386
12511,-0.08176674,0.088416316,10.751751,0.021185612
12512,-0.057753116,-0.10876895,10.6431875,-0.0634237
12513,0.033711106,-0.08230691,10.999048,5.633891
12514,0.043518223,-0.09540741,7.830954,4.9478817
12515,0.004734602,-0.087335706,7.731721,4.9320736
12516,-0.0018824935,0.109020084,9.242871,-0.3340388
12517,0.083856195,-0.024378449,11.1727495,-0.64622366
12518,0.04652016,-0.11768699,6.380143,4.725515
12519,0.1019447,-0.044835284,8.465072,4.7252913
12520,-0.0066329874,0.100859135,13.065584,3.7478642
12521,0.01747996,-0.2567941,7.3662,5.6544266
12522,-0.029066324,-0.06859298,6.4787464,6.075495
12523,0.05109588,-0.20241374,8.366202,4.1421475
12524,0.09555906,-0.18195292,7.922501,1.4883095
12525,-0.4048215,-0.006005507,5.4969916,4.06876
12526,0.14700139,-0.016494641,6.0337667,3.9548116
12527,0.029898874,0.15678944,11.382508,0.45568132
12528,0.13460779,0.0025614873,11.019675,4.723089
12529,0.08880361,0.032302193,10.569685,2.292165
12530,-0.16779444,0.09916107,11.495151,2.4520907
12531,0.038379237,0.10710281,11.536837,2.3752775
12532,-0.05275483,0.19231413,11.53069,2.4124043
12533,-0.052756805,0.038069755,8.146096,-1.2896385
12534,0.07452934,0.057317212,7.9315457,1.0668919
12535,-0.038967058,-0.021106798,8.139195,-1.2881886
12536,-0.14104368,0.037821695,9.919244,-0.30899948
12537,-0.037516907,0.1000538,10.062266,-0.39661378
12538,-0.2481597,-0.0032003792,6.639276,4.2412777
12539,-0.20260304,0.0857847,10.853237,6.420355
12540,-0.20397049,-0.03621147,7.8148236,0.5878279
12541,-0.14888936,0.15431646,10.357396,-1.7726768
12542,-0.22000074,0.23311701,10.231048,-1.6701238
12543,-0.24541453,0.04551962,6.654627,4.1982446
12544,-0.1372364,-0.00344396,7.154632,4.4365826
12545,-0.24912538,-0.06257492,5.6485257,3.1697686
12546,-0.30624,0.021910949,5.397196,1.6161318
12547,-0.31175455,0.05865127,5.565668,3.4768932
12548,-0.18423992,0.00031642802,9.64966,7.2003574
12549,-0.16464315,-0.19207701,8.463983,5.801784
12550,-0.09824562,-0.072262794,6.8782563,4.4391456
12551,-0.018022902,-0.11138871,9.969605,6.8422523
12552,-0.101857,0.0706742,12.792224,1.4708573
12553,0.13134736,-0.07414118,8.462677,6.2707353
12554,0.053021327,-0.058562934,8.416845,6.314244
12555,-0.10307112,-0.113277406,5.5052056,3.4101071
12556,-0.07306263,-0.17621869,5.584631,3.141532
12557,0.040398255,-0.06546135,9.896183,4.801343
12558,0.12485206,-0.009193664,9.60667,4.393352
12559,-0.16502155,-0.010700984,10.444525,5.7563043
12560,-0.006959399,-0.0075126523,11.947534,3.436469
12561,0.1060676,0.07051589,11.019874,1.8471044
12562,0.048310272,0.14825758,11.875974,2.8271544
12563,0.011640895,0.22226395,9.461426,1.5752038
12564,-0.007986061,0.051027074,12.465608,0.75089824
12565,-0.025000181,0.04698479,12.455873,0.73688436
12566,0.048468553,0.06853079,12.48503,0.73860043
12567,0.12654996,0.034688972,12.321955,3.312307
12568,0.010653865,-0.10207542,9.050868,6.7212033
12569,-0.017204445,-0.09753733,9.000421,6.6503406
12570,0.01402168,-0.10345131,9.0504875,6.6962314
12571,0.08234747,-0.19092375,5.885292,0.7092227
12572,0.03484711,-0.29782245,6.3394575,1.6590827
12573,0.09053421,0.07319136,11.5647135,4.337845
12574,0.1137242,-0.035794325,11.249946,4.7981954
12575,0.100003496,-0.09369613,9.636637,6.3313527
12576,0.047483288,-0.011259351,10.85818,5.1789756
12577,-0.0063598547,0.072929546,11.6289215,4.250718
12578,0.016112052,0.046919636,10.960628,2.106261
12579,0.12719058,-0.14868832,9.291216,-0.20088682
12580,0.19143198,-0.153889,9.3260145,-0.2650734
12581,0.095403045,-0.1446612,9.36247,-0.2339212
12582,-0.06553142,0.23894474,8.41832,-1.0595111
12583,0.07435366,-0.08775235,10.941773,2.2958546
12584,0.036123514,-0.08416798,11.6356,3.93497
12585,0.08829975,-0.025349533,10.733063,6.2008758
12586,0.07614989,-0.24588358,6.992981,1.6327811
12587,0.16095209,-0.19097133,9.472761,4.977345
12588,0.088774815,0.08675884,10.417455,4.7565227
12589,0.109360844,0.033309698,6.921506,1.1834675
12590,0.012890879,-0.13483708,7.1110835,0.11961259
12591,0.12752435,-0.05019643,8.446451,-0.8981487
12592,0.11560106,-0.15857351,8.497476,6.6664906
12593,-0.11177447,-0.042177156,5.6623435,1.8221213
12594,-0.03562307,-0.07400466,5.6321654,1.84261
12595,-0.056114905,-0.071510844,5.615136,1.8447604
12596,-0.002300378,-0.09201764,5.594754,1.5651976
12597,0.054123178,-0.14711398,9.315869,3.0234559
12598,0.11090499,-0.122147515,10.102382,4.9832664
12599,0.09284495,-0.071317226,12.066106,-1.0414245
12600,0.12247223,-0.2837264,8.488485,3.4698553
12601,0.096129954,-0.23827694,8.44227,3.4815395
12602,0.06737594,-0.22096393,8.502708,3.5239449
12603,-0.019687492,-0.043120533,8.584534,3.5661113
12604,-0.0070992354,-0.07409664,8.6073,3.581925
12605,0.17009822,0.012864012,10.822653,0.70638555
12606,0.06528972,0.095396966,5.708385,1.045098
12607,-0.018773071,0.21075949,11.993922,3.8962417
12608,0.127985,-0.10197154,9.515341,4.360261
12609,0.11592013,-0.004662507,10.099353,-0.44974402
12610,0.11463001,-0.101206616,8.813605,2.9134042
12611,0.16957878,-0.1216294,8.496912,6.1391325
12612,0.121679485,-0.019565169,11.4008665,6.116723
12613,0.16135424,0.0046688803,11.322064,6.1282425
12614,-0.047174335,-0.2498939,7.2573304,1.3396469
12615,0.025213644,-0.23873547,7.1279464,1.3794538
12616,0.2260898,-0.0015692506,6.916266,-0.53678215
12617,0.10587123,-0.14362453,6.395769,-0.57675266
12618,0.11831246,-0.15485883,6.542891,-0.5790836
12619,0.12101686,-0.12959841,9.557479,6.444787
12620,0.05315379,-0.11044397,9.525954,6.465574
12621,0.19627452,-0.029849213,10.345187,3.2014062
12622,0.20432016,-0.060942166,6.592523,-0.64859045
12623,0.24941978,-0.071477436,10.294097,4.4756827
12624,0.2680905,0.0401116,10.266428,4.432044
12625,0.28294602,0.0014575105,10.296516,4.480896
12626,0.021804437,-0.10922374,8.592023,4.4828806
12627,-0.043420654,0.0041991733,12.084046,4.0458817
12628,-0.019594058,-0.15418804,7.6257553,0.03684949
12629,-0.1526409,0.08439703,7.6199493,-0.04642647
12630,-0.095035985,-0.12677234,7.600527,-0.029050985
12631,-0.049485542,-0.08607464,7.61179,-0.013086954
12632,-0.0001052022,-0.14738044,7.5889125,-0.020340415
12633,-0.017263724,-0.028469129,12.01207,4.0802937
12634,0.10028756,-0.03819891,10.365282,5.1939235
12635,0.11706558,-0.13131839,8.417457,7.3435216
12636,0.076775804,-0.08231832,8.437652,7.3473096
12637,0.055188715,-0.10173991,7.219152,3.5241847
12638,0.08862372,-0.09318042,7.128423,3.5908577
12639,0.015708908,-0.1148402,7.152407,3.5705504
12640,0.027377196,-0.059669673,6.119458,3.7731955
12641,0.023193069,-0.034003295,6.226972,3.7357676
12642,-0.12303518,0.052137226,9.752945,3.7201898
12643,-0.06496556,0.07208441,9.671982,3.692411
12644,0.029163882,-0.08487191,8.130002,3.9793756
12645,0.07002577,-0.13943098,8.017147,3.8902266
12646,-0.0674326,-0.12195495,6.9520283,3.9669178
12647,0.033459485,0.17167073,12.300102,3.948852
12648,0.1477784,0.1950591,8.713427,-0.9842872
12649,0.15878454,-0.09203717,9.389074,3.845925
12650,0.22859523,-0.16275251,9.357632,3.8286173
12651,0.032341525,-0.08756978,12.059165,4.057198
12652,0.20170727,-0.03179975,9.484187,6.3419933
12653,0.14504662,-0.12782918,9.300973,6.5379868
12654,0.12686718,-0.14512394,7.8566365,3.7525563
12655,0.108774394,-0.03307052,8.9646225,6.6219454
12656,0.06653117,-0.0102371005,7.754102,4.332727
12657,0.14371832,-0.22587943,7.5626945,3.4599118
12658,0.15828282,-0.17547938,7.528983,3.4622536
12659,0.11164339,-0.002739314,11.423037,6.515726
12660,0.09974939,-0.15792625,9.28605,6.5225587
12661,0.033559844,-0.11174511,12.564726,5.307701
12662,-0.09181033,-0.22086242,12.515477,5.2750435
12663,0.12519254,-0.19142187,12.535714,5.3912635
12664,0.09660536,-0.10291495,12.546925,5.3832345
12665,0.11221337,-0.044466164,6.786152,-0.47146177
12666,0.027403876,-0.2092105,5.9284105,5.3549657
12667,0.15445511,-0.10166624,9.360848,6.523779
12668,0.027607247,-0.0614281,9.396619,0.71106035
12669,-0.010236571,0.06003782,5.6953087,3.410123
12670,0.050972834,-0.004174061,5.743906,3.3917303
12671,0.0087891705,-0.019012894,9.853629,1.7597173
12672,0.12532158,-0.12366348,7.6446733,1.2521367
12673,0.040954687,-0.049222514,9.872828,1.8643111
12674,0.113155544,-0.21391223,8.80591,3.798704
12675,0.11433345,-0.1935091,6.954837,1.4461719
12676,0.036296256,0.08826572,9.470222,1.469936
12677,-0.042394243,-0.052935645,9.528453,1.6522197
12678,0.122136116,-0.11881253,9.478677,1.6122338
12679,0.058746733,-0.052506916,6.41525,5.9939637
12680,0.1532813,-0.112350896,9.801357,5.323449
12681,0.17007564,-0.1058519,9.853832,5.181799
12682,0.19509962,-0.12526579,9.779824,5.330088
12683,0.12681143,0.046359323,12.542221,3.371473
12684,-0.14326733,0.12225197,7.2405386,-1.4717312
12685,-0.17079824,0.08439732,6.6538687,4.897506
12686,-0.03228043,0.012939356,5.1901526,1.8924176
12687,-0.13648388,0.013542723,5.411891,2.3112192
12688,-0.083006024,0.008226473,5.393122,2.3095021
12689,-0.13831896,0.13961047,9.639711,1.7302387
12690,-0.20193797,0.18784928,8.263085,1.2543335
12691,-0.21635118,0.15448377,6.391846,3.1247857
12692,0.10715382,-0.11901511,10.02665,5.851475
12693,0.055121943,-0.0030365717,9.103658,2.77968
12694,-0.07678002,-0.057267256,7.244843,1.202776
12695,0.15438724,-0.10333261,7.3510156,3.0532649
12696,-0.0022914857,0.16715705,11.078312,-0.79096043
12697,0.08941853,-0.013167825,9.119851,2.7012298
12698,-0.0118618645,-0.07581616,9.289934,3.0404158
12699,0.033029176,0.063361615,9.290259,2.6611676
12700,0.024540506,-0.20943365,8.4445,4.6596756
12701,0.16300753,-0.104421906,9.796202,4.226974
12702,0.069285534,-0.044014566,9.546537,4.09922
12703,-0.047943145,0.01305517,8.354519,0.8883933
12704,-0.10761896,0.15878275,8.398898,0.8684487
12705,0.02091885,0.17664394,10.918259,0.12693009
12706,0.11752042,-0.10373628,7.3000717,-0.5979197
12707,0.051417522,-0.19585036,9.6891575,-1.0819923
12708,0.02297201,-0.18612123,9.709812,-1.0823082
12709,0.082375556,-0.11097852,9.647328,-1.0405318
12710,0.10579008,0.06710988,9.863133,1.8416868
12711,-0.10513787,-0.20239721,6.3260207,1.7282512
12712,-0.2055698,0.03065793,9.667992,1.1591003
12713,0.04094325,-0.22617611,6.3834586,1.6934577
12714,0.098995045,-0.18408605,6.3059497,-0.5585766
12715,0.12934846,-0.13912563,9.654516,4.513433
12716,0.14939156,0.015052805,10.523752,3.0411913
12717,-0.09945191,-0.22492471,7.541738,3.4223218
12718,0.025234401,-0.15947446,6.486573,2.2979715
12719,0.0132867135,-0.27044973,6.522339,2.260161
12720,-0.04515216,0.007659737,9.995862,2.6440074
12721,0.07758222,-0.0028586295,9.977829,2.705676
12722,0.15210964,0.055030927,12.084197,1.240708
12723,0.1095421,0.15791948,12.015952,1.2870198
12724,0.09486002,0.13034204,10.520753,-0.4497293
12725,0.08412458,0.16444167,7.726084,0.13510144
12726,0.071007885,0.036278866,7.4592767,5.6565323
12727,0.111454174,0.14930686,7.747694,-0.048604913
12728,0.097328454,0.24680224,11.506046,1.6418418
12729,0.19905953,-0.1596553,9.487913,0.44199124
12730,0.21291122,-0.15267687,9.408006,0.5219033
12731,0.2260364,0.003836302,11.040826,1.8341409
12732,0.012187213,-0.28149253,6.636684,2.1797
12733,0.09130162,0.13677049,10.138602,1.397704
12734,0.1727604,0.11815123,10.523998,1.8028889
12735,0.08471115,0.09562725,7.770156,-0.36451495
12736,0.008333825,-0.10243981,8.49334,2.37674
12737,0.017859247,-0.05712436,8.47507,2.3715775
12738,-0.038992025,0.0054770224,8.446298,2.4391947
12739,0.017459512,-0.12084676,12.893784,5.369418
12740,-0.0160723,0.1444098,13.136805,3.052409
12741,0.0039949305,-0.13340664,9.049803,0.9276106
12742,0.030498609,-0.1492961,12.516728,3.3868313
12743,0.02281122,0.13609946,12.576046,3.2370412
12744,0.13634683,0.071830764,11.221471,1.8490897
12745,0.031415425,-0.11557378,8.19518,1.4285395
12746,0.16692331,-0.058548488,8.658354,3.0660617
12747,0.10062346,-0.053096287,10.048633,1.0686119
12748,-0.036152583,0.12808067,11.265396,3.3609796
12749,0.13028434,-0.015444936,7.563189,1.3217735
12750,-0.08656822,-0.10122226,9.186469,1.8824677
12751,-0.22146599,0.17082235,9.688271,1.8621784
12752,0.016019832,-0.10980461,9.185771,1.8473918
12753,0.11159456,-0.1584225,7.168541,1.360714
12754,0.16245046,-0.20630091,7.1878834,1.3535149
12755,0.04047315,0.005650183,12.18628,3.365597
12756,-0.01688397,-0.08292261,9.202752,1.8984921
12757,-0.007966902,-0.18017435,7.369481,2.8873045
12758,0.011302952,-0.16306198,7.564785,2.8263206
12759,0.028079584,-0.2644663,6.8872166,3.0352008
12760,-0.116737776,-0.005638551,7.185623,-1.3686334
12761,-0.17836252,0.06518132,12.3817625,0.54653305
12762,-0.044507105,-0.09669547,6.966106,3.151456
12763,-0.11305857,-0.06037937,7.6589622,4.9374313
12764,-0.11163702,-0.16708481,6.8892,3.0340292
12765,-0.06813637,0.15874705,9.638695,-0.39937946
12766,-0.18518731,0.092009634,6.5895524,3.3847978
12767,-0.020449094,-0.1430403,7.001429,3.067235
12768,0.06683201,-0.114870176,10.520694,-2.3351855
12769,0.11297974,-0.14728704,8.676045,6.412937
12770,-0.070401624,0.0430704,10.519097,-2.3471746
12771,0.07946372,-0.33696532,7.249316,3.0409954
12772,0.0920375,-0.14453372,9.069138,4.3360267
12773,0.099588305,-0.10393785,11.707122,-0.8575642
12774,0.038465776,-0.12305956,11.701775,-0.858365
12775,0.028092898,-0.038312573,12.517576,3.4245806
12776,0.15621945,-0.03781575,11.341079,-1.0034578
12777,-0.05874018,0.13411969,11.789434,1.2111878
12778,0.05437568,0.027113521,11.689436,2.64777
12779,0.026567541,0.24452972,11.238596,-0.1266082
12780,0.06075958,0.23719105,12.424489,1.297614
12781,-0.037974954,-0.103012756,8.4930935,4.554712
12782,0.07116921,-0.079842806,10.527237,6.086303
12783,0.008589603,-0.08069906,8.293956,4.503182
12784,0.09760927,-0.13546264,11.816152,5.397928
12785,0.09233758,-0.08430084,11.82224,5.216661
12786,-0.05488462,-0.0029093605,6.198266,4.58157
12787,-0.22560208,0.07718483,11.397379,6.801478
12788,0.14523256,-0.16063285,8.812495,4.8133388
12789,0.0068583116,0.09316786,8.760466,4.6755877
12790,-0.12389377,0.06044261,8.622446,4.647958
12791,0.15401313,-0.05148481,8.817284,4.850983
12792,0.19003132,-0.2094556,8.747726,4.8754478
12793,0.03880485,-0.12295336,8.157122,1.8497047
12794,-0.076885134,-0.060030535,13.295194,4.933845
12795,0.06460032,-0.16966516,8.210585,1.8230157
12796,0.06064082,-0.052027382,8.154217,1.8309785
12797,0.13791701,-0.029349538,8.4029875,4.4382033
12798,0.0869935,0.11452961,8.509659,4.37182
12799,0.05406689,-0.019256286,7.386267,3.9132395
12800,-0.0898185,0.31760707,11.569486,0.04841048
12801,0.11300334,-0.046974756,9.829966,5.644601
12802,0.05860976,0.061558463,11.8151655,-0.6781876
12803,0.03576731,0.11965808,11.18616,0.23855446
12804,0.09835616,0.067984365,11.755208,-1.1755726
12805,0.063479096,-0.016301239,11.939701,-0.95627755
12806,0.10388371,-0.17370784,8.553771,3.9107451
12807,0.1345799,-0.21232879,9.200763,5.1532764
12808,-0.00487034,-0.18268776,9.728749,5.56689
12809,0.09919585,-0.09178424,9.615258,6.2399335
12810,0.063762784,-0.1471212,9.756906,5.609519
12811,-0.019364312,-0.07254395,8.677463,5.431984
12812,0.08943853,-0.06481422,9.162637,1.9600043
12813,0.08883892,0.038521342,9.254008,2.1828103
12814,-0.059385624,-0.15244862,7.059924,3.3271458
12815,0.07589026,-0.046568505,11.964057,5.2349453
12816,0.10839215,-0.024583863,11.977438,5.2596345
12817,0.13601935,-0.18569985,6.619881,2.1971707
12818,-0.0970053,-0.113895215,8.872343,6.5757723
12819,0.034287125,-0.27760842,6.6536283,2.171995
12820,0.05970411,-0.29639974,6.7245007,2.2963316
12821,-0.110808596,0.16194314,8.944527,-0.9455315
12822,-0.040612996,0.07107108,11.343072,6.7078223
12823,-0.18829262,0.14750494,10.490268,4.3890615
12824,0.115986556,0.0018610675,9.584648,6.4321976
12825,0.050187774,-0.013022654,9.546477,6.4192266
12826,0.019155774,0.12557092,11.979202,1.2032423
12827,0.08559942,-0.11806507,7.463838,4.7835994
12828,0.10655314,-0.24694008,7.4095254,4.760653
12829,0.12266761,-0.15577999,6.765659,1.7430038
12830,0.03568375,-0.16131008,9.177214,6.523682
12831,0.11177385,0.059203163,9.913447,2.8271074
12832,0.028771155,-0.050384335,8.807025,4.9215302
12833,0.064137585,-0.16995001,6.7654443,1.7655189
12834,0.006950818,-0.025251253,7.0982885,4.1799555
12835,-0.16717999,0.22216144,9.104504,-1.0805709
12836,-0.03553202,0.067230836,9.554989,3.6629808
12837,0.0005059913,-0.10731489,8.688119,4.3845515
12838,0.0399338,0.025394311,9.169709,2.639129
12839,-0.13912223,0.12549162,7.2729993,-1.4307817
12840,-0.13734786,0.003046481,7.3301516,-1.3920524
12841,-0.15305793,0.06207659,7.1771607,-1.3490962
12842,-0.18338099,0.101730704,6.68239,4.8596635
12843,0.015290283,-0.035219334,5.1859713,1.8809016
12844,-0.117116876,0.054740563,5.3985577,2.2884164
12845,-0.0851366,0.020675385,5.392401,2.2715926
12846,-0.0031242743,0.047923133,8.421146,0.060611032
12847,-0.09095972,-0.07622579,7.316617,-1.2571014
12848,-0.10701823,-0.026885334,7.160773,-1.3339925
12849,0.041842006,-0.04778131,8.925185,2.1350405
12850,0.16375461,-0.04195928,9.200515,2.7130466
12851,0.16478182,-0.101239756,9.066296,2.3717802
12852,0.22166908,-0.03445836,9.028089,2.4322248
12853,-0.029785171,0.0030202065,9.137749,2.6205785
12854,0.027273014,-0.040134687,9.1566,2.71694
12855,0.07600731,-0.10515351,9.109728,2.6501663
12856,0.00037598237,0.03470783,11.992898,3.9759517
12857,-0.21938732,0.008594476,6.5122843,3.4692554
12858,-0.14038922,0.12577695,12.007474,1.4671397
12859,-0.08596636,-0.03394652,12.2782955,0.7026439
12860,-0.20266871,0.13295607,12.198136,0.7201506
12861,0.06103076,-0.052550532,7.400408,4.072078
12862,-0.026916454,0.13879782,12.646124,0.82040584
12863,0.058609217,-0.1089436,8.943849,1.3759838
12864,-0.10896768,0.18873096,12.213104,0.9171635
12865,0.15251675,-0.0126881115,9.415145,3.144168
12866,0.101014,0.05568117,9.394706,3.2466314
12867,-0.06587792,-0.102059454,9.10809,1.7199706
12868,-0.09841319,-0.26315296,6.3584743,-0.6089052
12869,0.05575949,-0.081053615,8.806334,3.3743222
12870,0.050373077,-0.0456233,8.885133,3.35557
12871,0.043145105,-0.10306181,8.976663,1.7262795
12872,0.17004319,0.14443639,9.312332,-0.69197726
12873,0.0074281767,0.03932751,11.646707,-1.208614
12874,0.018117052,0.009122739,11.681367,-1.1933597
12875,0.054768614,0.028934194,11.651981,-1.2610612
12876,0.14466418,0.14435911,11.290061,-0.44146752
12877,-0.012378551,-0.00089304335,9.14343,1.7114532
12878,-0.06478992,0.094033524,9.649701,3.582035
12879,-0.07949844,0.1500448,9.620372,3.580049
12880,-0.064324684,0.14692965,9.650383,3.6012077
12881,-0.0113005545,0.099824525,9.631603,3.5840037
12882,0.13855118,-0.059814498,10.120346,4.837477
12883,0.1218752,-0.13371238,9.871226,4.649837
12884,0.18216525,-0.1429809,9.256241,4.7636333
12885,-0.0018122867,0.06282357,11.12137,0.29390806
12886,0.2052297,0.07674017,10.768157,-1.0516711
12887,0.08423799,0.04331916,10.396629,-1.0390911
12888,-0.07190682,0.045872852,8.152946,-1.2923771
12889,0.016908858,0.22740126,10.424333,-0.6849799
12890,0.052440308,0.018640505,10.340934,-1.1824524
12891,0.059892416,-0.06884495,10.334599,-1.1699376
12892,0.17241189,0.12565333,10.319345,-1.1314346
12893,0.17933108,0.14476295,10.337765,-1.1296492
12894,-0.0037091002,0.14319995,10.616411,-0.8635872
12895,0.1334139,-0.059784062,11.332433,4.280196
12896,0.07320638,-0.18924071,9.382522,0.09713233
12897,-0.045243323,-0.11871916,10.220691,-1.5329846
12898,-0.022575507,-0.040632475,8.682616,1.8151484
12899,-0.020883877,0.08197305,9.068469,0.7093432
12900,-0.057480942,0.15138043,11.776331,-0.06865083
12901,0.07679906,-0.095033064,9.329012,3.4143605
12902,-0.057279047,-0.14689502,9.995077,2.3067398
12903,0.035384238,-0.15142113,8.564443,5.545459
12904,0.062094077,0.1293221,10.388178,0.94893366
12905,0.15823229,0.093704164,11.1533985,2.1034925
12906,-0.026844813,-0.14614229,9.885206,6.6313095
12907,-0.05459342,0.0328016,9.582745,6.779168
12908,-0.0013317578,-0.14201796,10.559881,5.8754206
12909,0.17721093,-0.27591825,7.588568,2.986792
12910,-0.051015165,-0.11735943,5.8594594,5.369437
12911,-0.056645904,0.08005508,10.217902,-0.51708424
12912,0.06608905,-0.18096864,11.70996,-0.8680747
12913,0.12278825,-0.17808819,12.182642,-1.0696523
12914,-0.12608449,-0.11173019,12.147013,-1.0430968
12915,0.16200598,-0.10483839,10.446019,4.2871103
12916,0.1777339,0.20978698,10.723976,0.6484837
12917,0.08214596,-0.20604388,8.508293,3.8472712
12918,0.07043223,-0.11119717,8.560179,3.85152
12919,-0.010409396,0.050480336,8.0772915,4.831691
12920,0.036824696,-0.10508172,11.012043,7.109458
12921,0.16255966,-0.021046968,9.444615,1.2602274
12922,0.21117546,-0.009972362,10.9580145,5.506062
12923,-0.004803799,-0.10551282,8.246476,4.34138
12924,0.11566424,-0.1497562,9.873564,5.1703978
12925,0.15585843,-0.06789714,7.3390455,1.7677969
12926,-0.102614015,-0.01630475,5.3508606,4.9055653
12927,-0.0009389445,-0.013874697,6.0863843,4.6844997
12928,0.1183057,0.117938995,11.038946,-0.63260883
12929,-0.12657739,0.05670896,8.522358,0.40952045
12930,-0.024817169,0.018078161,7.324321,-1.3853904
12931,0.012610175,-0.076102726,7.3320065,-1.2831383
12932,-0.02868031,-0.0028929682,7.2964454,-1.3567958
12933,0.17503294,0.15427683,11.150797,-0.685756
12934,0.13981551,0.11674872,10.98921,-1.3992219
12935,0.069847554,0.25443396,11.51603,1.1854336
12936,-0.06752773,0.11536965,11.743038,-0.6565439
12937,0.062477298,0.071052,11.572781,-1.1854972
12938,0.09636517,-0.0033527054,6.565347,4.428393
12939,0.07455672,-0.007248775,6.595774,4.353628
12940,-0.051194936,-0.15417814,7.783376,5.0259824
12941,-0.010169622,-0.068812855,7.8020616,4.9966626
12942,0.05011916,-0.26543888,8.236916,4.0552044
12943,0.06292193,-0.055247925,7.6601987,4.154591
12944,0.01802617,-0.046113603,7.6227417,4.321658
12945,0.05117389,0.0054493044,7.6837196,4.1009917
12946,-0.036530193,-0.01105812,7.580188,4.3220677
12947,-0.062531605,0.02413941,9.050765,1.019992
12948,-0.15256503,0.24484748,12.039739,3.751094
12949,-0.09996124,0.07431514,12.0589905,3.9875166
12950,0.103726864,-0.089968175,12.001735,-1.1730423
12951,0.07863948,0.09270514,11.568458,-1.2152128
12952,0.03507775,-0.0126884505,11.628772,-1.2544267
12953,0.11083886,-0.053254634,12.052323,-1.1315621
12954,0.1516885,-0.09949415,11.895809,-1.1761888
12955,0.10567288,0.038495407,10.587732,1.4963348
12956,0.110223964,0.08919899,10.63945,1.4357471
12957,0.082165286,0.019557225,11.444092,6.1152015
12958,0.10063958,0.04605809,11.452935,6.0641413
12959,-0.09365717,0.03850387,11.750933,5.3580875
12960,0.07479639,-0.015168488,11.20641,5.100595
12961,0.030432098,0.04273799,11.301392,4.9349394
12962,0.14258029,-0.026428886,9.620301,6.15387
12963,0.25297558,-0.040190168,10.243164,5.327186
12964,-0.0065996964,0.00034721754,12.106054,4.065185
12965,-0.051349524,-0.06935,5.827049,4.212092
12966,-0.11259793,0.035127245,9.765385,2.056351
12967,-0.020393537,0.036687285,11.482995,6.1859937
12968,0.06187342,0.03488092,11.4693985,6.0905876
12969,0.085230865,-0.00797,9.696011,1.5157567
12970,0.06723681,-0.17245439,11.206701,7.0374994
12971,-0.08808535,0.09552287,5.477121,2.8186262
12972,-0.074711494,-0.052093834,11.429845,5.955036
12973,-0.08568015,-0.044498384,11.532251,5.885741
12974,-0.11396508,-0.015849812,11.516221,5.889431
12975,0.028995618,-0.024460362,10.763907,6.395761
12976,0.11116469,-0.0536523,10.694466,6.234223
12977,-0.014900334,0.034439705,8.80127,-1.790737
12978,-0.032318853,0.18887039,8.984405,2.2702572
12979,0.15360671,-0.025233474,8.583782,2.8002896
12980,0.15734142,-0.16535838,8.456325,2.6857271
12981,-0.021240832,0.051628903,8.636171,2.6205263
12982,0.046639286,0.0011451952,8.631919,2.5563767
12983,0.17296869,0.11446011,8.87559,2.671136
12984,0.25649717,-0.019246036,8.910848,2.5806766
12985,0.20584518,0.0678191,8.678036,2.6113818
12986,0.17428659,0.052503765,8.656686,2.6605308
12987,0.122259855,-0.015392964,9.872827,4.8547177
12988,-0.0026235953,0.00389741,9.681656,3.7954118
12989,-0.030099658,0.13736472,9.879764,4.8595333
12990,0.07741162,0.012974,9.864257,4.721621
12991,0.22571576,-0.21653056,8.333575,3.098784
12992,0.12213004,-0.13091564,9.880428,5.7293
12993,0.01118084,-0.13810839,11.578909,5.593165
12994,-0.025751207,-0.2673107,6.512648,1.8850569
12995,0.058347456,-0.110716686,8.27898,1.4636536
12996,0.10057378,0.11013587,10.992529,-0.5161922
12997,0.12034583,-0.15053776,6.465984,2.047334
12998,0.14329365,0.086760595,12.272086,3.2429976
12999,0.034420177,0.0012404006,9.600386,2.107962
13000,-0.0031977408,-0.10199561,9.55962,2.0979033
13001,0.03012865,-0.059262984,10.2214365,-1.5489483
13002,0.07589162,-0.08276139,10.220692,-1.5642926
13003,0.01194847,-0.21524538,10.251477,-1.5496478
13004,0.13411018,-0.22592409,10.192374,-1.4130521
13005,0.11147165,-0.10328809,10.6930485,5.031162
13006,0.015103385,-0.19446364,10.22546,-1.5696384
13007,0.029270232,-0.21128404,8.176994,5.3657165
13008,0.15117672,-0.04677466,10.724788,-0.4829132
13009,0.042521134,0.08581115,11.962601,2.9242432
13010,0.0029650629,0.007120276,10.342727,3.2152627
13011,0.1470852,-0.1688866,9.334106,3.9633286
13012,-0.05656256,-0.038191736,8.924022,0.7932943
13013,0.22934583,0.08977656,9.966406,0.82479715
13014,0.10916084,0.11119537,11.926172,2.842674
13015,0.0019329786,0.14842954,11.915352,2.8260188
13016,0.09588432,0.1434823,11.950899,2.9005241
13017,0.01657769,-0.10191218,7.866899,2.6629608
13018,0.08546433,-0.023730718,7.4555645,2.9371614
13019,0.12836559,-0.049697004,9.43829,3.809849
13020,0.036466643,-0.052920423,9.359506,3.7840266
13021,-0.08118491,0.020006327,6.881439,0.6953224
13022,0.057572693,-0.1245323,10.583418,5.7032294
13023,0.15365449,0.17076284,11.025026,1.103727
13024,0.13047811,0.0072327293,9.551162,2.0288742
13025,0.0533775,0.063001245,11.059349,0.9355082
13026,0.10477182,-0.16678207,5.99362,0.9878315
13027,0.09429476,-0.13330029,5.844124,0.6544274
13028,0.11574602,0.006064225,8.318795,-0.27691233
13029,0.030652635,-0.18189403,8.439605,6.6654572
13030,0.031872936,-0.29425883,8.401522,6.5789905
13031,0.119558245,-0.12177715,8.448731,6.631907
13032,-0.00013281405,-0.1668624,8.4065275,6.5127034
13033,0.021132994,-0.21061857,8.386912,6.6167426
13034,0.21005493,0.0062810015,7.7141094,1.2426113
13035,0.15396321,-0.19141665,9.185515,5.052418
13036,0.05309675,-0.123491526,8.712109,5.0378366
13037,-0.046578243,-0.13150038,5.798952,1.6684407
13038,0.08735554,-0.0610495,10.80978,1.9707592
13039,0.021473773,0.11327362,10.979254,1.8751699
13040,0.07302782,0.08770239,10.906339,1.9528948
13041,0.2000784,-0.10337507,10.888322,1.0257591
13042,-0.040779956,0.034314886,10.081367,1.8138556
13043,-0.021963507,0.038257755,6.922394,2.3816624
13044,0.24257848,-0.13960256,8.527956,6.1151223
13045,0.023135293,-0.17228037,10.263782,3.426779
13046,-0.013741288,0.03146202,8.1930685,-2.0010955
13047,0.02484423,0.015752165,8.191735,-2.026973
13048,-0.04986339,0.11197224,8.177373,-2.0269842
13049,0.00038728863,0.1564741,8.172464,-2.038727
13050,0.038948134,0.11413273,8.248847,-1.9605576
13051,0.08463237,-0.021067102,10.93899,0.47309044
13052,-0.018098738,0.005624434,10.592511,1.0020741
13053,0.31389913,-0.054082654,9.736136,0.741552
13054,0.108572304,-0.021951582,10.170588,0.23945576
13055,0.25444904,-0.24445263,9.639693,0.96470845
13056,0.23887914,-0.056842983,9.658306,1.1309842
13057,0.026038643,0.12643099,11.046651,-0.59935236
13058,0.19440275,0.08903529,10.504204,4.499143
13059,0.083487794,-0.03220455,11.022174,-0.67986375
13060,0.17839965,0.1663241,12.322346,3.3634367
13061,0.108950555,-0.0961163,8.607562,6.0243516
13062,0.029169373,0.12849979,7.4573674,0.3586176
13063,0.15187863,-0.0058657527,8.7134905,2.7893589
13064,0.07362918,0.13911504,10.489811,-0.33583796
13065,0.1411874,0.12015626,10.486655,-0.22682415
13066,0.10221897,0.16716447,10.400464,-0.20065147
13067,0.13724646,-0.12433437,7.610406,4.3381615
13068,0.08510049,-0.11310932,8.928187,1.2427435
13069,0.08732547,0.019579964,10.953058,2.4569325
13070,-0.015016405,0.15501685,11.026201,2.5681415
13071,0.16495189,0.0042645875,10.76868,2.3760931
13072,-0.066815436,-0.14966291,5.657142,1.256166
13073,-0.19878863,-0.019143451,5.8177214,1.1590759
13074,-0.11889308,0.0445138,5.7613006,1.8982426
13075,0.07081243,-0.10948028,5.6828365,1.1514375
13076,0.0032387786,-0.120348476,5.6808944,1.2011287
13077,0.032572858,-0.19704312,5.6722026,1.1870753
13078,0.13047102,-0.14849742,9.167583,5.2373023
13079,0.10987298,-0.018518424,10.97009,5.847861
13080,0.121650666,-0.03267267,10.873865,5.8633466
13081,0.072327085,-0.007950927,10.423299,6.52293
13082,-0.00506516,0.011702029,10.31466,6.4259257
13083,0.08630519,-0.022525134,10.420491,4.3864083
13084,-0.023873776,-0.06562396,7.5356684,4.8614717
13085,-0.06370288,-0.07738673,7.541828,4.8239636
13086,-0.047183346,0.08223745,11.940659,5.33934
13087,0.1312631,0.055779733,11.043279,1.8744972
13088,0.14397375,0.04959742,11.020796,1.8343098
13089,0.14118405,0.027865654,11.470108,0.21408285
13090,0.06042224,-0.08953238,12.112349,4.0192623
13091,-0.10894307,-0.095804006,8.443833,2.388544
13092,0.026649788,0.102016084,10.12009,1.9976835
13093,0.07374763,0.12852119,10.106599,2.0720513
13094,-0.016219938,0.16332561,10.126455,2.0853665
13095,0.006437853,0.15041825,10.0354805,2.0441403
13096,0.0015355349,0.09326315,8.293798,-1.9239103
13097,0.14043432,-0.14705801,6.619133,1.0113345
13098,0.12411484,-0.20430264,6.7373724,1.0743216
13099,0.0835602,0.18537307,10.549925,0.7094309
13100,0.038473606,0.10964693,10.876411,0.5634961
13101,0.18216881,-0.026437145,10.725548,4.9751906
13102,0.0844785,-0.06003973,6.1642923,5.806382
13103,0.019972634,-0.11015088,6.1465125,5.7646036
13104,0.07706438,-0.066599324,6.1205,5.7981496
13105,0.09313135,-0.01341801,6.1556363,5.812647
13106,0.05007769,-0.1754138,8.3389015,4.1802087
13107,-0.08707858,0.030652275,10.603428,-0.04667933
13108,-0.037594125,0.006477995,10.801987,6.3927135
13109,0.040778346,0.023291433,9.113552,3.3860748
13110,-0.017646203,-0.0058594607,12.798845,1.4214638
13111,-0.02907797,0.03503558,11.267858,6.2252893
13112,-0.06817988,-0.07852071,7.410768,2.3894303
13113,-0.21945956,-0.005499224,9.898088,-0.29365
13114,-0.11463103,0.083664924,9.9407215,-0.3587414
13115,0.14113784,-0.26106232,8.505688,3.8796508
13116,0.15625305,-0.23109578,8.630468,3.8026206
13117,0.060697615,-0.15732913,12.569162,5.446464
13118,-0.08923115,0.10042451,12.551978,5.0936284
13119,-0.136254,0.1720064,9.268471,1.5846415
13120,0.11054465,0.07063262,10.8818865,5.8824744
13121,-0.05074943,-0.21534467,7.758283,3.791002
13122,0.03396848,-0.013383929,7.637273,4.9709015
13123,-0.056435205,-0.13136934,8.446803,3.8604605
13124,0.040885434,0.24841294,10.801062,0.9863559
13125,0.08465468,-0.14437169,8.614963,4.863581
13126,-0.033497844,0.0851461,8.367848,4.6381474
13127,-0.15854494,-0.0076023918,8.062727,-0.72075486
13128,-0.0069716685,-0.033843003,7.4095445,3.717796
13129,0.0670905,0.0119115,10.501414,2.1818297
13130,0.011041958,0.029963715,10.48258,2.2716436
13131,0.07886354,0.019359311,10.413217,2.3315337
13132,0.04267341,-0.029471066,10.530511,2.268995
13133,-0.013891598,0.07409848,10.181317,2.203506
13134,-0.004592791,-0.26908278,7.1460032,4.2794027
13135,0.03917683,-0.16106743,7.152548,4.2760043
13136,-0.021728467,-0.16553019,7.1257467,4.2209845
13137,0.051198974,-0.1251763,8.03369,0.87587774
13138,-0.089680664,0.065289184,10.694796,1.9896208
13139,-0.16992319,0.044833377,6.5912166,5.3661375
13140,0.033933192,-0.099219516,8.043234,0.82263464
13141,0.023727715,0.12913784,11.316698,-0.31789532
13142,-0.17490458,0.21690124,4.870938,4.039793
13143,0.16695185,-0.10071801,9.405801,4.728349
13144,-0.05770612,0.12426174,9.220692,-1.8413062
13145,-0.0028262623,0.0037861485,8.239369,-0.95094967
13146,0.13258924,-0.061619416,8.277516,-1.0770456
13147,-0.07513419,0.08799864,8.302156,-1.1013733
13148,0.0073441453,-0.104219615,3.972471,4.6810026
13149,0.09657642,-0.14155115,10.042176,5.1091824
13150,0.04511092,-0.08753282,9.0374565,2.6242619
13151,0.03693018,-0.015729101,9.826515,5.1466517
13152,0.12673467,-0.11253779,10.046946,5.1110806
13153,-0.03265467,-0.19470367,7.7765718,1.5614724
13154,0.04300747,-0.15853575,7.7929664,1.4964896
13155,-0.08003263,-0.21210846,7.827692,1.4792576
13156,0.11720598,0.32706067,9.488944,0.55859274
13157,0.0023909844,0.10383642,10.554703,5.4013433
13158,-0.03572543,-0.056826107,4.787067,4.0403914
13159,-0.069350526,0.01790866,7.614567,0.03376183
13160,0.09813219,0.065372065,7.69116,0.014191982
13161,-0.06061101,0.023758942,7.1303506,2.6536345
13162,0.012653764,0.1678445,10.570852,-0.33554593
13163,0.06840221,0.16537708,11.598245,2.9716005
13164,-0.057808384,-0.07933223,6.6508517,1.0935336
13165,0.11516829,0.113236845,9.3819475,-0.47569406
13166,0.044995233,0.08643338,10.149878,-0.7859171
13167,0.15715662,-0.14555684,8.370301,6.5667925
13168,0.15720893,-0.03069997,10.893834,1.6518872
13169,0.0026266277,-0.15139273,7.9076777,4.3644
13170,0.030062169,0.1154681,10.733418,1.640429
13171,-0.33506015,0.050440058,6.2240186,-0.47103763
13172,-0.2984818,0.21281001,7.6320786,3.5573177
13173,-0.17231181,-0.02814632,7.6600714,3.4099574
13174,-0.19249147,0.010485606,7.4577193,3.36463
13175,-0.04007883,0.031318635,9.078575,1.0167037
13176,0.051354647,-0.09730268,5.2824006,1.7098641
13177,0.054107822,-0.12066804,10.221493,5.536539
13178,-0.1583002,-0.08775507,6.9134717,2.4273417
13179,0.10236664,0.034334518,9.756851,2.0518959
13180,0.0040742457,0.1424911,9.784576,1.9911242
13181,0.094862774,-0.22305208,10.321149,6.1986337
13182,0.07404877,-0.17796354,10.513779,6.0673413
13183,-0.023278423,-0.062538885,7.552644,5.017643
13184,-0.032720152,-0.04312387,7.644443,5.062567
13185,-0.04744364,0.009339483,6.255368,1.1734914
13186,0.12365416,0.018408196,12.110764,3.4317725
13187,-0.1020246,-0.09704423,6.7070394,4.9003935
13188,-0.046509013,-0.1916898,6.7542076,4.869266
13189,-0.06452936,-0.10971534,6.89657,4.972903
13190,-0.14726453,-0.065155685,6.844385,4.986759
13191,-0.048524432,-0.0013362337,6.374645,4.0431967
13192,-0.20267195,0.11874691,10.548321,5.447908
13193,-0.24148889,-0.026424002,7.1925907,1.2953844
13194,-0.102497734,0.015507543,4.8300285,4.030345
13195,0.099113464,0.23831993,11.287028,2.6784594
13196,-0.02349202,0.016130684,10.950133,-0.6309818
13197,-0.011923773,0.036241993,9.95035,2.7250125
13198,-0.008627657,0.019216744,5.162564,1.9298621
13199,0.15165347,0.04656014,10.082039,2.741506
13200,0.02266068,-0.0161467,10.298123,5.283167
13201,-0.08295746,0.15239015,11.484941,6.085205
13202,-0.22172415,-0.017691163,11.9647875,2.5340924
13203,0.08717536,-0.05525519,8.559783,-0.85440826
13204,0.026911594,-0.31013215,5.969049,1.2245018
13205,0.013811342,-0.13354701,7.9195337,2.2774794
13206,0.035233796,-0.11308013,7.981155,2.312405
13207,0.03219881,-0.10680557,7.9391794,2.2881968
13208,0.01724758,-0.021187168,7.006068,2.4997063
13209,0.081860214,-0.120177865,6.9363384,2.4758854
13210,0.093165725,-0.0361662,10.625658,4.773011
13211,-0.01088603,-0.13397245,4.8354826,3.994497
13212,-0.25611794,-0.046936568,5.054096,3.7451122
13213,-0.12970336,-0.042247795,7.511324,2.7262902
13214,0.14949444,-0.22528706,8.116784,3.4683278
13215,0.05566483,-0.23337317,7.006227,2.0362632
13216,0.025576402,-0.1471771,8.598823,3.3499246
13217,0.08095359,-0.2615479,8.121166,3.3523567
13218,0.070821196,-0.17853872,8.053812,3.317445
13219,-0.04319221,0.12641573,9.882438,1.1229844
13220,0.11042076,0.10107909,9.771829,1.3010329
13221,0.032635696,0.01093594,6.412694,-0.53158605
13222,0.032635696,0.01093594,6.408196,-0.5180071
13223,0.08241646,0.041226156,8.812447,4.5275145
13224,-0.09821773,-0.02777378,7.852378,4.402418
13225,0.09691352,-0.013974572,11.166485,0.18598777
13226,0.040273614,-0.0006692987,9.962955,1.8587976
13227,0.109547675,-0.051303588,9.023953,4.7912993
13228,-0.045624718,-0.092957176,11.392678,6.826839
13229,0.08622966,0.018634913,10.024423,1.3633772
13230,-0.0022488236,0.050394364,9.951031,1.257302
13231,-0.09705486,0.15404485,7.428996,0.24299502
13232,0.058116898,0.13269737,11.564284,1.697988
13233,0.009870395,0.18742603,11.597366,1.6822177
13234,-0.08507638,-0.03302352,8.6003475,4.515847
13235,0.09439106,-0.024890225,8.678331,4.527462
13236,-0.019203894,-0.061043017,8.569353,4.586577
13237,0.11909497,-0.057530425,9.541769,4.499819
13238,0.027759507,0.14299893,8.5199175,-0.9218042
13239,0.080510475,0.1644203,10.969965,-0.5016512
13240,0.12195684,0.20937918,11.024352,-0.42246926
13241,-0.037601158,-0.03066637,6.9872556,5.016161
13242,0.095951766,0.05269452,6.9996595,5.0217605
13243,-0.22911164,0.027337736,8.434649,3.538701
13244,0.08076944,0.22090393,11.165074,-0.16043086
13245,0.10825339,0.22959079,10.985522,-1.2506186
13246,0.026086189,-0.1933568,8.056917,2.9942698
13247,0.09442739,-0.049531773,8.081147,3.0390053
13248,-0.16755144,-0.00082036294,5.994491,4.4240785
13249,-0.024365013,0.02852668,7.542922,0.4642254
13250,0.006317571,0.10441509,10.615127,1.6593201
13251,-0.07199591,0.109757155,6.595348,0.7920919
13252,-0.05125434,0.012972439,6.808983,0.6951137
13253,-0.1492938,-0.1540966,7.0188212,5.2640476
13254,0.049657196,0.07518044,10.161917,1.305793
13255,0.09514864,0.16727084,10.1132765,1.3732368
13256,-0.028642584,0.15008837,10.710725,-1.706058
13257,0.071169436,0.124884665,10.076676,1.3698068
13258,0.13982284,0.030797543,10.116545,1.3935603
13259,0.013308477,0.1546987,10.124806,0.43853346
13260,0.11274113,0.21509552,9.813447,0.3742258
13261,0.16539606,-0.10945941,8.86159,3.724639
13262,0.15429312,-0.09055124,8.842195,3.6387389
13263,0.16468275,-0.16281477,8.7623825,3.7279682
13264,-0.03801546,0.25881594,10.939238,0.993612
13265,-0.047372445,-0.16675672,6.945533,2.6979558
13266,-0.20311874,-0.07325199,7.332346,6.7669325
13267,0.129091,-0.11459847,6.465746,-0.50085187
13268,0.1599935,-0.109709665,6.444024,-0.5338986
13269,0.18678449,-0.030665882,7.1664443,-0.67288685
13270,0.2396597,0.015410205,7.2228007,-0.60696363
13271,0.13366888,-0.24479175,8.587585,3.035887
13272,0.08399033,-0.008516017,6.9516926,-0.7263312
13273,0.07594287,-0.038709134,6.802157,-0.71658105
13274,0.046831325,-0.0652375,10.813085,-0.5382669
13275,0.08865614,0.022536537,11.676676,3.551985
13276,-0.015373202,-0.057883255,6.932088,4.590857
13277,0.10565993,-0.07375549,11.20981,0.59685695
13278,0.029405989,-0.12979768,8.49544,4.481793
13279,0.111960396,0.071680844,10.607432,1.2494023
13280,-0.04539042,0.13397858,11.791746,3.3069394
13281,0.0041251965,0.14088964,11.036491,0.64544576
13282,0.11013256,-0.029860549,10.555013,2.4379427
13283,0.06464477,-0.12990932,8.576659,3.7846553
13284,-0.14282906,-0.063504696,4.7342424,4.007001
13285,0.03810721,-0.103208095,7.6469393,2.3870888
13286,0.19109379,-0.033040993,6.7328005,-1.0492852
13287,0.09449217,0.012194542,8.723425,-1.4883554
13288,0.09449217,0.012194542,8.741356,-1.4844867
13289,0.15516503,0.1685271,10.848339,1.5938641
13290,0.11962366,0.22752018,10.927353,1.5140219
13291,0.20588626,0.19702215,9.847396,-1.4995744
13292,0.19892366,-0.06607647,6.695117,-1.0159577
13293,0.04159388,-0.08047964,8.662094,2.8647952
13294,0.11325207,-0.113815345,9.643095,6.7446804
13295,-0.0033697076,0.0051765647,7.2312,2.0251443
13296,-0.04017752,-0.15837541,6.684825,-0.040568713
13297,0.08954221,0.053433567,12.492463,1.8528494
13298,0.03203644,0.115180865,10.072764,-1.0780724
13299,0.112625,-0.21381721,7.0492496,1.3854105
13300,0.22029844,-0.048037834,10.598164,4.761046
13301,0.21342939,0.064797066,10.411496,4.805081
13302,0.06625495,0.050216265,11.653881,-1.1536833
13303,-0.04850608,0.08680361,7.310817,-1.4104
13304,0.020381652,-0.034414165,7.3331523,-1.2726306
13305,0.08081257,0.04181125,11.604322,-1.1198637
13306,0.10405208,0.0327518,11.650668,-1.1662843
13307,0.08400815,-0.014397323,7.2738647,0.09805853
13308,0.109393775,0.15597813,11.298441,-0.5416516
13309,0.14787021,0.23271275,12.609865,2.0391943
13310,0.1446762,0.2557885,12.719901,2.1064909
13311,0.21421233,0.15710297,10.513393,-0.41261685
13312,0.122231156,0.011962771,12.7787695,1.9375576
13313,-0.0037960373,0.012055736,12.460661,1.904418
13314,0.14889508,-0.164603,8.510522,4.8633466
13315,0.15164576,0.24955657,10.540392,-0.4694291
13316,0.11535528,0.25507623,10.690732,-0.82049304
13317,0.16723454,0.305667,10.574677,-0.6713479
13318,0.16298035,-0.12074697,12.362684,1.9107215
13319,0.09152001,0.2449925,12.549891,1.8690833
13320,-0.15427585,0.06928736,7.428031,0.35918653
13321,-0.05174045,-0.024673762,7.4653354,0.32396287
13322,-0.013376944,0.07753185,7.436342,0.34510824
13323,0.007922083,0.04586406,7.4163256,0.36181718
13324,0.005859647,-0.026618753,7.4533763,0.3006871
13325,0.096662864,0.0481913,7.8242188,1.2044947
13326,0.037786394,-0.03282773,9.123318,0.91878825
13327,0.07479074,-0.058949836,9.03635,0.92397135
13328,0.19316772,-0.023099497,11.005607,4.95725
13329,-0.12996055,0.10891454,12.612567,3.1394715
13330,-0.19056572,0.0912687,11.491809,0.58593386
13331,0.0008325055,0.045594342,11.485799,0.5878404
13332,-0.03275725,0.044179097,10.9378805,4.595525
13333,-0.009704109,0.081161425,10.716221,0.6531858
13334,-0.0876614,-0.03611089,7.174655,3.3833282
13335,-0.0055670273,0.10043166,10.362171,0.74372405
13336,-0.071387514,0.15097633,9.19776,-1.2279005
13337,-0.07927525,0.18293306,11.851698,1.3315028
13338,-0.09122648,0.23478797,11.920393,1.3632077
13339,-0.0026228353,0.14321965,12.098081,1.6937802
13340,-0.062418718,0.0893862,11.212687,3.3833542
13341,-0.055269405,0.096676484,11.246408,3.412293
13342,-0.055368803,0.0815907,11.244104,3.376271
13343,0.027079575,0.117133886,11.94693,1.3956294
13344,0.06961957,0.16355243,12.011795,1.2935622
13345,-0.08085258,0.13728501,12.626503,3.1214912
13346,0.060478926,-0.07226107,10.680027,5.793933
13347,-0.036742937,-0.010975985,9.00208,-0.4603441
13348,0.09525737,-0.10956586,9.056346,-0.4639341
13349,-0.04431891,-0.027081538,8.984684,-0.41386223
13350,0.011382464,0.07168047,8.940775,-0.44721144
13351,0.0461099,-0.08088437,8.132328,4.21299
13352,0.1236977,-0.11132795,8.083847,4.229024
13353,0.05090107,-0.06666358,11.824097,3.3302634
13354,0.052178033,0.17904162,10.412713,-0.18147847
13355,0.08954179,0.13453951,10.025184,0.06530458
13356,0.06939244,-0.10723084,12.584698,5.427045
13357,0.07961154,-0.10958628,12.519088,5.43236
13358,0.013580367,-0.12149176,7.151929,2.266493
13359,-0.09161182,-0.05051039,10.704371,4.4591174
13360,0.07707673,0.1833488,13.240209,2.1142547
13361,0.07734592,-0.10927558,11.828452,5.5264106
13362,0.016545542,-0.005704537,11.612357,5.741419
13363,0.014295347,-0.076146565,11.825903,5.569668
13364,-0.11667439,-0.077630185,11.851863,5.551911
13365,-0.024859106,-0.07372496,9.542955,6.7945337
13366,0.09346555,-0.08349773,11.811687,5.5258985
13367,0.080878645,-0.11254438,11.848687,5.509073
13368,0.024098963,-0.025707986,11.890314,5.5670347
13369,0.07939166,-0.08941389,11.844172,5.499941
13370,0.055269904,-0.07489345,11.881097,5.5211
13371,0.11090043,-0.073198095,11.856303,5.5095067
13372,0.10885161,-0.13975069,11.897049,3.1103375
13373,0.043491393,-0.070837446,7.7127047,4.915199
13374,0.026718333,-0.017199686,11.239893,0.3521218
13375,0.16944742,-0.019347671,11.892181,3.4365005
13376,0.08913943,0.26325616,10.017645,4.1292453
13377,0.06788375,0.3468432,12.877045,2.7288606
13378,0.11575219,-0.16173998,9.914167,5.6464276
13379,0.074122734,-0.03951548,9.054996,1.4026194
13380,0.07895769,0.09823258,12.058799,3.1401112
13381,0.15321913,0.09282882,10.024278,3.1680799
13382,-0.027166963,0.01750884,7.4658504,1.0101248
13383,-0.017284628,0.07918397,12.690248,3.0824347
13384,-0.035446618,-0.06444951,5.8542404,0.69557554
13385,0.17382324,-0.22315252,8.5974245,1.352954
13386,0.10866088,-0.26956904,6.7162323,2.1669872
13387,0.2015846,-0.24310936,6.9155874,1.6556668
13388,0.13229658,-0.30025387,6.8094115,1.8747858
13389,0.11992541,-0.24511845,6.828147,1.8102
13390,-0.028603796,-0.010075206,9.816535,0.44066635
13391,-0.092225194,0.038330138,10.186329,3.5320542
13392,0.026031047,0.14313622,10.008051,-0.99016845
13393,0.06996114,-0.12686057,9.789819,0.43943343
13394,0.026005283,0.1180345,9.79297,0.3829905
13395,0.047637954,-0.0948426,9.864516,0.4532978
13396,0.045317918,0.15446113,10.016394,-1.0226157
13397,0.019671254,0.13981554,10.828721,-0.43521813
13398,-0.18156172,0.24497655,9.398287,1.6559004
13399,-0.05687221,-0.062585235,10.781771,-0.5977401
13400,0.19580713,-0.16169813,9.368973,5.6550035
13401,0.18259943,-0.076973714,10.6534395,3.6466258
13402,0.07427478,0.018224603,10.74454,3.612355
13403,-0.070021525,0.029159235,6.639507,5.3388686
13404,-0.020000478,0.20194662,11.343468,-0.1832935
13405,0.031757362,0.041185133,8.31442,0.2926857
13406,0.051836163,-0.16508636,6.463427,1.4724667
13407,0.100981444,-0.14627087,6.598038,1.5569541
13408,0.035322405,0.16892694,11.693326,0.68555164
13409,-0.038202606,-0.02067261,12.544548,5.1204515
13410,0.018885847,0.19590144,11.7415085,0.57066053
13411,0.10982989,0.024094833,12.238903,2.8017094
13412,0.07079984,-0.1174791,9.119195,3.4210706
13413,0.10546291,-0.1066785,8.392928,4.868823
13414,0.18018578,-0.15393499,8.3885975,5.1490355
13415,0.06324857,0.1044883,10.423765,2.5927455
13416,0.016025376,0.08805724,10.470682,2.5452151
13417,-0.03880231,0.092375204,10.487062,2.5806296
13418,-0.03339394,-0.018085202,5.395234,4.574196
13419,0.08313537,0.15318686,11.421542,1.3299527
13420,-0.07583322,0.21137363,11.385213,1.3314497
13421,0.098076314,0.01417589,10.765523,4.9364834
13422,0.08191583,0.04656618,10.73099,4.9253335
13423,0.06430876,0.046232343,9.961747,3.1258252
13424,0.14138623,-0.020709142,10.048384,3.1609178
13425,0.055016972,-0.08506122,9.640502,6.7682867
13426,-0.1218923,-0.18344375,6.883563,3.2450957
13427,-0.14264427,-0.11672202,6.8965087,3.2210135
13428,0.075775586,-0.11251676,10.361126,5.3994064
13429,-0.0016423538,-0.10081595,10.3513775,5.2937207
13430,0.031000838,-0.033013545,11.65456,4.0816064
13431,0.0680437,-0.031788036,11.04894,6.31946
13432,0.052474514,-0.039575018,11.067605,6.3399496
13433,-0.16888127,0.09703085,11.048041,6.3489747
13434,0.08381296,0.0073323343,11.040431,6.345009
13435,0.07956271,0.001465017,11.037874,6.354661
13436,-0.07207601,0.04469014,8.897533,0.0535042
13437,-0.015633473,-0.13755792,11.489032,0.22469047
13438,0.008026373,0.004864432,9.617457,3.0345445
13439,0.066802755,0.016790507,9.165275,0.96518636
13440,-0.08963526,-0.054402396,9.629892,6.759953
13441,-0.1166833,-0.042093918,5.882442,3.3774898
13442,-0.11922445,-0.124735884,6.783942,3.2177424
13443,-0.09657155,-0.1487172,8.640211,3.143452
13444,-0.0909868,-0.16636167,6.72085,3.2674618
13445,-0.15974352,-0.10669389,6.7671566,3.2083862
13446,-0.074345835,-0.043344244,6.255994,5.587611
13447,0.11405137,-0.052990064,11.578758,4.130035
13448,0.021311674,0.049550265,9.287791,1.5308034
13449,0.021504514,0.043036297,9.259104,1.7586169
13450,0.11217949,-0.03792943,9.220026,1.4345435
13451,0.18968832,-0.09920902,8.404228,2.3662405
13452,-0.09520449,0.18894145,11.318215,3.2904053
13453,0.08695372,0.101108335,11.321674,3.2789683
13454,0.08771085,-0.07922275,8.3969555,1.7410889
13455,0.05835443,-0.03945671,10.772089,4.6185308
13456,0.17774925,-0.07323729,10.846992,4.741456
13457,0.09335998,-0.03470857,10.721159,5.831856
13458,0.18622133,0.13394946,10.3937645,0.31978106
13459,0.19908422,-0.18421471,7.760043,1.6547287
13460,-0.016225472,-0.04105086,10.668958,2.3964794
13461,0.027866445,-0.11909865,11.641573,4.1887717
13462,0.096755624,-0.25160295,8.425722,4.048284
13463,0.024379108,-0.05721174,12.071609,3.626044
13464,-0.08548814,-0.05116052,6.9740705,4.299858
13465,-0.11452413,-0.091589704,8.146535,1.713424
13466,-0.111673884,0.082635604,10.194397,-1.613779
13467,-0.15048559,0.17126001,10.200554,-1.5797622
13468,0.006735809,0.1035769,12.1242075,3.6238225
13469,-0.060720243,0.0912662,8.408819,0.87826353
13470,0.10836673,-0.10879241,10.28912,5.199467
13471,0.07234767,-0.14511544,7.311902,2.558059
13472,-0.009002335,-0.1391317,7.2188997,4.585062
13473,0.19692855,-0.12827988,8.206539,4.1847043
13474,-0.08713692,-0.050016314,7.153673,4.6882033
13475,-0.1292983,-0.006000668,6.379595,3.1129832
13476,-0.16186546,-0.06997719,9.069133,6.683389
13477,-0.1605134,0.27917254,11.790042,0.3531752
13478,-0.1948118,0.32774684,9.756097,-0.9125549
13479,-0.15989825,0.10193436,7.489584,4.206937
13480,-0.1920936,0.15556896,10.748238,2.6354556
13481,-0.2236955,0.19297177,10.921722,0.13148746
13482,-0.13873973,0.090993464,6.363445,3.234982
13483,-0.08023332,0.051222973,7.469858,1.6853979
13484,-0.18386161,0.047586508,10.2365265,-1.531145
13485,-0.27109557,0.0720365,6.03245,2.4184237
13486,-0.16085494,0.2252401,8.968952,-0.9751652
13487,-0.15195179,-0.0064698867,6.6228914,3.3570876
13488,-0.20095962,0.065780416,9.265189,-0.7028774
13489,-0.23805797,0.23738196,11.294504,0.5110095
13490,-0.14846942,0.20013073,10.747219,-1.8091822
13491,-0.23598586,0.1815786,6.419635,3.1885388
13492,-0.37335292,0.23911902,6.4205165,3.1686246
13493,-0.36795393,0.12877117,6.4940696,3.6156898
13494,-0.17664944,-0.0771308,6.2230344,3.0118108
13495,-0.23219173,0.050410643,12.230275,4.1382604
13496,-0.24575257,0.017339176,5.9506254,2.3405979
13497,-0.15425286,0.1966072,9.40502,2.5073874
13498,-0.16246131,0.081979066,10.245345,-1.9496521
13499,-0.24411401,-0.045596182,8.438237,5.280417
13500,-0.20099373,-0.084272206,8.576112,5.205271
13501,-0.2498289,-0.072268635,7.1258845,2.7103682
13502,-0.17750627,-0.047041856,6.801207,0.63988733
13503,-0.09669452,0.011861948,8.331816,-0.247553
13504,-0.15446255,-0.08819641,9.193929,0.29225802
13505,0.010484278,-0.13083449,6.3826575,3.0566957
13506,-0.07912415,-0.07251457,6.4437456,3.107503
13507,0.023435846,0.08554985,9.891609,1.190593
13508,0.17857604,-0.017248953,9.661557,1.7445672
13509,0.14055714,0.0502754,9.702375,1.7532859
13510,-0.10204482,0.15802735,8.222237,-1.9788511
13511,-0.12291163,-0.059053205,8.225125,-1.8208025
13512,-0.086520955,0.12919796,8.245327,-1.9305793
13513,-0.07860501,0.16287911,8.328658,-1.843228
13514,0.09638351,-0.051848836,8.970473,5.255434
13515,0.07109763,-0.032024212,8.980635,5.1527996
13516,0.13828738,0.14236537,11.053433,1.9565915
13517,0.06480411,-0.082026884,9.657369,5.5887146
13518,0.013032012,-0.09765476,7.9973116,5.0277586
13519,0.11469732,-0.1707992,9.586755,6.3822837
13520,0.0803427,0.123359084,12.288512,3.051933
13521,-0.084493786,-0.041589275,6.0428987,3.6929624
13522,-0.036621418,-0.07260898,8.19242,3.4566622
13523,0.019095354,-0.09445736,8.208741,3.7888794
13524,-0.0025352538,-0.04735295,11.10096,4.8350267
13525,0.024257697,-0.20273912,6.6263733,1.5159478
13526,-0.021430476,-0.047468252,11.690814,4.0078177
13527,0.11783233,0.040229358,11.226908,5.65458
13528,0.057663284,0.027547969,10.548264,5.7357593
13529,0.066963956,0.06852409,6.776279,-0.40489882
13530,-0.008931555,0.0760553,12.098128,3.6455066
13531,0.077492915,-0.17361489,5.9499044,0.89026856
13532,0.20302457,-0.06703084,6.5500603,-0.46466964
13533,0.15780541,-0.054310612,6.5589323,-0.4849252
13534,0.02369031,0.050576106,7.549868,0.48338953
13535,0.123978004,-0.030616224,9.415522,1.0114642
13536,0.0071243644,-0.1105175,8.407108,1.9120814
13537,0.014628094,0.089355126,5.6814666,4.658804
13538,0.05369103,0.017400326,8.249272,0.50311494
13539,0.31800872,-0.014512011,8.191936,2.8303993
13540,0.34603778,-0.13330369,8.125639,2.9077828
13541,0.094566345,-0.0037421333,10.04335,4.9932723
13542,-0.14581174,-0.076865,7.536648,4.2118134
13543,0.15806368,-0.029992932,10.898075,4.663553
13544,0.087515295,-0.18468292,5.5511856,2.8778996
13545,0.17329577,-0.13533415,9.547649,4.863286
13546,-0.033373386,0.16223074,10.662822,0.16309197
13547,-0.1350534,0.063813,9.848785,1.6607041
13548,-0.13400528,0.07893869,6.009831,0.9697175
13549,-0.043707937,0.2936396,12.070242,0.6062548
13550,0.07428135,-0.11383623,5.925159,1.6059444
13551,-0.01866394,0.15813509,10.543417,0.19353074
13552,0.08080023,0.11166832,11.517047,5.754726
13553,0.074739836,0.14760602,11.510836,1.6601858
13554,0.040767327,0.11411701,10.91326,1.7281744
13555,-0.042265616,-0.1014116,11.462482,6.686828
13556,0.12058592,-0.14641404,11.479002,6.646339
13557,-0.04010704,-0.0032611582,11.648206,6.5805206
13558,0.17398512,0.22627011,12.836323,2.7474442
13559,-0.11208131,0.031117281,9.3245,1.0372542
13560,-0.03658259,-0.13694446,6.3855243,1.72843
13561,-0.06465792,-0.2054334,6.363245,1.7796593
13562,0.012859885,0.07815451,12.217057,3.5059648
13563,0.1480155,0.09631512,11.454625,5.2153344
13564,-0.046786442,0.035697445,8.439289,4.0704803
13565,0.17036405,0.03872644,10.180909,2.7342231
13566,0.12285058,0.24806118,10.376387,-0.00047739694
13567,0.087966524,0.22052282,12.304108,2.950414
13568,0.052157305,0.016776985,7.722596,1.2015679
13569,0.04410828,-0.10151624,12.18112,3.7590482
13570,0.0477826,0.08475432,11.579255,1.6977888
13571,0.10493806,-0.26358616,8.711614,5.3957653
13572,0.15890642,-0.17144004,8.805408,4.9715233
13573,0.07008515,-0.09099599,9.212913,0.020355219
13574,0.07790732,0.021326257,9.016902,-0.3133192
13575,0.07890583,0.2842286,13.0206,2.3266134
13576,0.052939035,-0.013305093,12.536892,3.4850338
13577,0.16236782,0.009388987,9.541049,1.2702382
13578,-0.22508663,0.07887682,7.608331,2.8109171
13579,-0.1500146,0.13607742,7.6361866,2.7775502
13580,-0.0809737,-0.027344288,7.5942006,2.666459
13581,0.2348778,0.015274504,10.276029,1.5470748
13582,0.13435626,-0.2354925,8.5233135,6.0216656
13583,0.261109,-0.10560331,9.672973,5.1460505
13584,0.01436317,0.13042475,11.591806,0.57866585
13585,0.089455575,0.13474718,11.62241,1.2580501
13586,0.17944068,-0.068231456,8.520512,6.342305
13587,0.16682449,-0.16821085,8.515277,6.353525
13588,0.115183935,0.07325833,11.4481535,5.116777
13589,0.05017691,-0.006232217,9.327104,-0.3422226
13590,-0.0055451207,0.09008794,10.0267935,-1.0491191
13591,-0.017844852,0.022374732,9.990314,1.2718414
13592,0.017561335,0.006911082,9.354742,-0.31660727
13593,-0.0782751,0.16213992,9.247332,-1.5614542
13594,0.050347917,0.13369876,9.235042,-1.4829956
13595,0.03307835,-0.021272657,9.345848,-0.28275606
13596,0.20260406,-0.11460866,9.780192,5.05871
13597,0.041716456,0.21297349,7.3114433,-0.16985604
13598,-0.06763573,0.2592725,9.126358,-1.1008595
13599,0.09663406,0.14457458,10.135475,-2.1913562
13600,-0.048749156,-0.17854059,7.8165593,5.8930817
13601,0.09451796,-0.111677095,6.300484,0.96301055
13602,-0.0019821823,-0.1410459,7.571082,0.03306154
13603,-0.021342237,0.098749116,9.505035,0.559183
13604,-0.012113683,0.21197262,9.452394,-1.4580287
13605,0.06632562,-0.10290329,8.164807,5.550362
13606,0.14925873,-0.13697222,9.798512,5.005678
13607,-0.049774893,0.14187315,10.82246,0.10416739
13608,0.06323324,0.18410091,10.627628,-0.25739834
13609,0.14030552,0.061347187,8.663104,2.607713
13610,0.15791589,-0.08352209,9.122933,3.3092773
13611,0.17409942,0.11964075,10.2236805,-0.9905926
13612,0.14596726,0.086183906,10.031859,-1.0584745
13613,0.12084845,0.12392028,11.226833,2.9779134
13614,0.11758931,0.06289851,11.16959,2.8482988
13615,0.06508422,0.20490208,11.185675,2.8462543
13616,-0.12384063,9.490177e-06,8.209263,5.6050386
13617,0.056293316,0.097556315,10.860544,-0.7062926
13618,0.14911392,0.059321314,10.189189,4.343528
13619,0.11951853,0.066753216,10.168346,4.348917
13620,-0.040851846,0.08512084,12.004929,-0.29041833
13621,-0.022699945,0.17029622,12.059443,-0.2921603
13622,-0.106771715,0.14860898,12.079722,-0.2390048
13623,-0.0041659176,0.062308714,12.006145,-0.2168927
13624,0.07789347,0.21245469,9.75679,2.2676785
13625,0.08359729,0.07311447,10.163371,4.291315
13626,0.079856075,0.09357368,10.188481,4.313195
13627,0.06504711,-0.049846776,8.91975,1.6125932
13628,-0.0012085624,-0.015630478,7.513913,5.5974593
13629,0.048178755,0.10143447,9.643283,0.75391716
13630,0.048671678,-0.044792697,11.702975,-0.8309279
13631,0.00081531703,0.05840776,11.470628,3.8873951
13632,0.16247171,0.09016139,10.546285,0.5091095
13633,0.130276,0.19142744,10.588546,0.4508931
13634,-0.015346179,0.26631668,11.819069,0.84185714
13635,0.13237295,0.0351135,8.996634,-0.4904617
13636,0.010574184,0.06924371,11.932411,-0.28353378
13637,-0.026494823,0.101370275,11.975837,-0.270597
13638,-0.029440232,0.13946727,12.0000105,-0.23508656
13639,0.057690457,-0.14401825,11.728919,-1.084509
13640,0.015442736,-0.050604917,7.4088297,2.5640104
13641,0.005441848,0.14396434,10.746914,1.7584882
13642,-0.16488366,0.109203756,10.706203,1.7567669
13643,-0.13361937,0.19981469,10.813702,1.7323388
13644,0.055887632,0.17923464,10.876894,1.7663172
13645,0.04036978,0.16712601,10.795552,1.7311827
13646,0.038091734,-0.09398376,6.1532655,2.310078
13647,0.021339908,-0.0686912,8.480176,2.3090959
13648,-0.0026705079,-0.066295676,7.6589603,-0.9547741
13649,0.030994907,-0.005370455,11.017322,1.1561724
13650,-0.022012329,0.030037494,5.336063,2.4292953
13651,0.086726815,-0.05711595,6.5306506,1.0511003
13652,0.043604434,-0.034962736,11.004947,4.7947507
13653,-0.08069552,-0.12004441,6.897292,4.2644963
13654,0.08743546,-0.02554231,8.411712,5.0142417
13655,-0.21515164,0.0336693,12.522338,5.1004944
13656,-0.27812696,0.06870417,5.8142567,4.1637053
13657,-0.0546838,0.095641516,8.709667,-0.25321397
13658,-0.08019431,0.025242353,6.0461507,4.203113
13659,-0.09130587,0.2004483,9.390613,-1.4918894
13660,0.051181957,-0.072819896,9.559859,4.7772374
13661,0.037037328,0.122452885,10.857791,-0.66266704
13662,-0.056800235,0.31988564,9.381783,1.4305673
13663,0.04869041,-0.05645828,9.8299675,4.845216
13664,0.023023643,-0.13369688,9.725596,4.5407977
13665,0.07930135,0.01457957,9.832315,4.8458395
13666,0.035043843,-0.14314146,9.285697,6.4588437
13667,0.063197926,-0.0388012,9.277528,6.509953
13668,-0.105350696,-0.17344427,7.644696,4.3063245
13669,-0.15648864,0.00574556,7.7201023,4.371038
13670,-0.06178354,-0.1754488,7.646267,4.3087897
13671,0.0058703423,-0.1471563,7.6931524,4.298788
13672,0.1391586,-0.01926083,10.028169,5.330929
13673,0.009359274,-0.08209349,8.007866,4.242336
13674,-0.056058444,-0.042316236,8.5620365,0.33776587
13675,-0.04912345,-0.04776474,8.203298,4.4059005
13676,0.05953508,-0.03370952,6.0278206,2.331836
13677,0.119893,0.06017503,10.349591,3.197151
13678,0.094894364,0.0023124386,8.78285,0.9754167
13679,0.07493171,-0.06526342,6.285113,2.474214
13680,0.1640119,-0.11711006,11.8623085,5.1270986
13681,0.07743575,-0.04029332,11.885489,5.067618
13682,0.20010552,0.0648179,12.066058,5.1774087
13683,0.10777506,-0.048523724,11.951231,-1.1756516
13684,-0.14674622,-0.039308436,6.78103,4.154695
13685,-0.04315307,-0.07772876,6.84034,4.144927
13686,-0.04146216,-0.029367618,11.51676,2.0339253
13687,0.033970132,-0.15357983,7.5950036,5.0841026
13688,0.21340895,-0.08533327,10.433116,4.531863
13689,0.18769825,-0.054144144,10.499055,4.5302777
13690,0.14515173,-0.0707858,9.115717,6.7146916
13691,0.045084417,-0.023625635,9.005729,0.7312033
13692,-0.1262207,-0.11099441,12.389009,3.5802479
13693,0.015342761,0.23030423,10.5008335,0.009876746
13694,-0.020036142,0.01992174,11.789537,3.301332
13695,-0.03328689,-0.0739602,13.578541,5.726031
13696,0.04138437,-0.10842196,7.4745793,4.776521
13697,-0.033065,-0.0715468,8.324444,2.0449078
13698,-0.0025469437,0.08172915,13.046618,3.1950836
13699,0.07284556,-0.112122,10.401491,6.38537
13700,0.07249734,-0.19519338,7.0746574,1.8304327
13701,0.11825301,-0.13116485,10.50581,4.2198925
13702,0.08886595,-0.019819902,11.013547,4.712258
13703,-0.06606661,-0.06774711,6.3805423,3.1402123
13704,0.16692303,-0.11939392,8.227315,3.6370487
13705,0.18367413,-0.17025016,8.217568,3.29031
13706,0.16709185,-0.04019445,10.881112,4.6988363
13707,0.10868372,0.016985284,10.979195,4.7871513
13708,0.17621294,-0.03919226,10.107908,0.3667934
13709,0.10105243,-0.11612021,11.882697,5.037245
13710,0.08030284,0.0137669165,10.960909,4.904051
13711,0.14184204,-0.010512294,10.757166,4.8664813
13712,0.16749227,0.16591467,11.158442,4.534462
13713,-0.019441321,-0.024541339,6.0810738,4.1816278
13714,0.03958185,-0.19824624,7.1691885,2.1892014
13715,0.12712896,-0.036556743,7.246547,2.2794583
13716,0.046469733,0.15414876,11.035328,-0.67912585
13717,0.073436394,-0.04057633,11.44575,0.28500196
13718,0.026133366,0.117624015,9.492206,-2.5253205
13719,0.05947695,0.14638278,11.007393,-1.3825461
13720,-0.108621724,0.07490723,7.8269863,2.7281828
13721,0.009527843,-0.001505563,8.492196,2.392412
13722,-0.013047628,0.023716701,11.9428,3.4435554
13723,0.06803827,-0.025906703,5.9886103,3.5868115
13724,0.10844129,0.0005467683,5.942627,3.5456069
13725,0.07528403,0.19078663,11.088629,0.7582966
13726,0.051798776,0.30456755,11.092261,0.6438031
13727,-0.021192674,0.1736089,11.198734,0.7043015
13728,0.0628747,-0.010546716,5.8993654,3.6600087
13729,0.068162575,0.02387192,5.973505,3.5714266
13730,-0.0072518233,0.061142646,10.321981,-1.5684447
13731,-0.015579492,-0.01279429,10.272121,-1.8836635
13732,0.08899525,-0.010732136,10.349081,-1.3019948
13733,-0.016894786,0.07815352,10.355888,-1.4939672
13734,0.09040083,-0.23260146,7.4417715,6.00641
13735,0.12860252,-0.12651263,7.410671,6.0809946
13736,0.16353208,-0.15223113,7.3914394,6.1098657
13737,0.15543005,-0.16551727,7.3905516,6.1500773
13738,0.12751058,-0.18691319,8.056087,1.2682768
13739,0.08985518,-0.25345227,7.414722,6.0412164
13740,0.009832624,-0.1885864,7.2820177,5.2942247
13741,0.07735835,-0.242942,8.675891,5.479107
13742,0.042519808,-0.27755246,8.256628,6.1451964
13743,0.10512623,0.04593093,10.992496,4.8266597
13744,0.15513907,-0.09793487,8.680619,3.1617725
13745,0.06384768,-0.043541193,8.694541,2.2551858
13746,0.062458843,-0.04150204,10.306436,3.5915644
13747,0.12689598,-0.04979515,8.596014,4.0936885
13748,0.108689845,-0.12191236,8.645144,4.1091046
13749,0.11569004,-0.093255654,11.374984,4.723027
13750,0.107224554,-0.10877497,8.6251135,4.104564
13751,0.043449298,-0.21831971,8.5877,4.174598
13752,0.08709493,-0.17150944,8.595335,4.099323
13753,0.15045679,-0.19616725,8.624579,4.0006566
13754,0.08722478,-0.04146562,9.3563595,4.7376394
13755,0.13666643,0.120746255,12.707962,2.6632645
13756,-0.008244507,-0.29925194,6.3929477,2.0027397
13757,-0.03376371,0.024160637,7.191149,-0.017814485
13758,0.0043908693,-0.30275545,6.3508053,1.8981677
13759,-0.06615382,0.06400191,13.68725,-0.20589137
13760,0.11440346,-0.00420128,13.611014,-0.16762747
13761,0.07053158,0.017145513,13.681981,-0.1954033
13762,0.07995726,-0.15673998,7.332121,6.7295475
13763,-0.076645985,-0.08532015,7.340588,6.7372694
13764,-0.15580483,0.020131936,7.344568,6.752885
13765,-0.09025743,-0.07823102,7.3257003,6.780126
13766,-0.19002938,-0.0060854433,7.286674,6.689492
13767,-0.01398471,0.20845762,11.60115,0.95641357
13768,0.04377068,-0.20745012,7.548564,5.498683
13769,-0.15276517,-0.05260192,7.5103326,2.4840775
13770,-0.032962725,-0.18052983,6.896691,5.573901
13771,-0.011762917,-0.1823561,6.859309,5.5917253
13772,-0.09393707,-0.03159236,6.8135448,5.517048
13773,0.1414657,-0.077732965,6.7071285,5.4938354
13774,0.15829635,-0.17503363,6.670503,5.666256
13775,0.16060415,-0.18479489,6.5794888,5.702699
13776,0.21567181,0.14143664,10.255298,1.9339026
13777,-0.009930894,-0.10866279,7.848698,4.658449
13778,-0.04136658,-0.21770357,7.149224,5.5934644
13779,0.031507604,0.029589636,12.409354,3.2847574
13780,0.007672075,-0.23365556,7.0295014,3.7818964
13781,-0.07337043,-0.2017784,7.069783,3.7785559
13782,-0.0035946667,-0.0768765,14.00007,1.0818009
13783,0.04340119,-0.072042204,13.990474,1.0841092
13784,0.18147594,0.16425942,13.978051,1.0875952
13785,0.017984785,-0.004612919,13.992944,1.0807643
13786,0.018350229,0.009079883,14.000043,1.0735183
13787,0.0019189082,-0.061534718,13.881544,1.2245901
13788,0.05434037,-0.0044842903,11.3292885,1.3565009
13789,-0.014001124,-0.049917474,9.033451,0.7815075
13790,0.11690283,0.0031359028,7.30472,5.6005697
13791,0.103352994,-0.034578167,8.595575,7.251935
13792,0.13944887,-0.05593176,8.64043,7.1620793
13793,0.13634568,0.025274543,9.39847,2.9179578
13794,0.14820537,-0.060191236,9.4412775,2.8509557
13795,0.113067284,-0.17517938,7.234061,5.616234
13796,0.105890825,-0.1690863,7.295033,5.61469
13797,0.060541302,-0.12833655,7.1863694,5.4888663
13798,-0.022910004,-0.028322583,9.555614,2.4196541
13799,-0.008315299,0.037426814,9.526117,2.300387
13800,0.03713537,0.0089861695,9.530697,2.3682601
13801,0.095648184,0.12540329,12.539064,1.5138768
13802,0.07869549,0.20532048,12.084453,1.453645
13803,-0.02353994,-0.100970104,7.3371177,5.9499745
13804,0.034949124,-0.12118922,7.3011107,5.8616767
13805,0.16772744,-0.11898674,7.355203,5.9415207
13806,-0.030391915,-0.11096414,7.3472943,5.89923
13807,-0.009016484,-0.27421948,7.5373344,5.461805
13808,-0.12371017,0.2578409,12.118786,1.8233823
13809,0.18542305,-0.18622848,8.397792,4.180357
13810,0.13135347,-0.07073839,9.722215,4.0458302
13811,-0.060006093,0.059624046,11.225395,3.0042913
13812,0.048477277,0.07197169,11.1778965,2.968789
13813,-0.015065808,0.07609972,11.208733,2.9758198
13814,0.037106827,0.10893941,11.192248,2.9752014
13815,0.09360689,-0.21552026,9.567729,5.670271
13816,0.11551255,-0.18780342,9.567654,5.6917534
13817,-0.007535029,-0.13598771,9.664373,5.760064
13818,0.12890649,-0.15981331,7.498745,6.0341487
13819,0.09618811,0.09541922,11.317637,0.07608563
13820,0.1669347,-0.025918042,8.688075,4.74004
13821,0.129239,-0.089581,7.2123356,-1.3091162
13822,0.0498702,0.0992727,12.61589,3.4420395
13823,0.11624874,-0.0021464806,9.193172,-1.8579392
13824,0.00920983,-0.19585845,8.515778,4.9405837
13825,0.19461566,0.046813436,9.129687,-1.6445395
13826,-0.069389984,0.042300805,6.6279473,4.5727477
13827,0.09385887,0.06339242,10.357091,-1.2478006
13828,-0.044367343,-0.06826104,7.422798,0.3382685
13829,0.0035522804,0.19860142,11.186968,0.37292853
13830,-0.07984497,-0.027983455,5.857707,4.469863
13831,0.06778571,-0.08473083,8.511862,1.8999475
13832,0.07239957,0.11816658,10.361021,-1.1388893
13833,0.031683132,-0.15464582,7.230494,5.4422793
13834,-0.007889241,-0.12991868,8.279281,1.597169
13835,0.06982921,-0.09633684,8.238075,1.6014082
13836,0.16360953,-0.10975291,9.272527,6.377714
13837,0.0013002418,-0.010493511,10.452505,-1.6242379
13838,-0.17699727,0.06026323,7.1815042,3.9976234
13839,0.09477994,-0.22843255,7.5511136,4.921038
13840,0.17692241,0.005798312,11.416095,4.663288
13841,-0.035775006,0.22435471,10.832393,-0.53973156
13842,-0.06867488,0.088128194,9.095083,-1.2852842
13843,0.05358828,0.10845336,10.071682,0.004368746
13844,-0.03191806,0.29210177,10.084545,-0.03344004
13845,0.12318495,0.040920265,10.242837,0.024829868
13846,0.023512147,0.20038927,10.6285925,-0.10217195
13847,-0.015327543,-0.04879176,7.550329,0.29018456
13848,0.12339981,-0.1729337,10.089384,5.061805
13849,-0.07549104,-0.060989246,7.4588933,4.4184003
13850,-0.059512533,-0.14017849,7.7925653,4.3351
13851,-0.03912828,-0.0073147267,6.011116,3.9289322
13852,0.15263027,0.24665776,12.835074,2.8500338
13853,-0.026623735,-0.11155607,8.825191,3.6530304
13854,0.00879924,-0.23241946,8.550378,4.851042
13855,0.14213648,-0.046236604,12.849424,3.2107427
13856,0.15471676,-0.13287184,8.8697815,4.5788374
13857,0.078209355,-0.03536279,9.913364,7.2797747
13858,0.0642484,-0.036529787,12.758649,3.24602
13859,0.113863975,-0.12986395,8.361367,7.415885
13860,-0.16740245,-0.04904665,6.933295,3.85661
13861,-0.19043349,-0.010573564,6.0589643,0.72948164
13862,-0.2050828,0.21310228,12.040104,-0.2427269
13863,-0.049814764,-0.04213272,6.8064685,3.7555342
13864,-0.13835733,-0.04435657,7.070177,3.9357896
13865,-0.033342954,0.008867536,7.80221,1.5191913
13866,0.1450269,0.11705431,12.598136,3.2134652
13867,0.07514995,-0.13744779,11.664394,-0.8498843
13868,-0.028775051,0.063787885,8.521114,2.0259233
13869,-0.07394259,0.07568351,6.565502,4.3852344
13870,0.052125745,-0.12578587,9.064004,4.3150096
13871,0.035571977,0.014569944,10.306343,3.3331754
13872,0.1143277,-0.1536848,8.904768,2.059544
13873,0.19445437,-0.12762234,8.9119835,2.0642045
13874,-0.027562913,0.11860445,10.986398,0.06299985
13875,0.05106958,-0.012258111,10.971345,-0.11641085
13876,0.024166264,-0.1325156,7.0582542,2.996867
13877,-0.0094227195,-0.14114848,11.808122,3.909055
13878,0.2850149,-0.030718563,10.4867325,0.42681506
13879,0.09521526,0.07902336,12.247884,3.0292413
13880,0.09033328,0.17215182,10.687163,-0.37174183
13881,0.1802602,-0.061952464,11.819211,5.49801
13882,0.06414062,0.008478383,12.557983,3.251459
13883,0.041092597,0.048101753,12.771896,2.5080874
13884,0.0065726824,-0.105617665,9.856399,-0.31523728
13885,-0.040809374,0.3510607,10.647551,1.7895225
13886,0.17459843,0.22702184,12.823924,2.4817638
13887,0.15189287,0.17530565,12.749679,2.4336996
13888,0.21164855,0.14613166,12.73441,2.472746
13889,0.024262812,0.10175555,12.773542,2.4941359
13890,0.09051329,0.33695933,12.88779,2.409345
13891,0.11711943,0.28716806,12.848885,2.5951471
13892,0.090272725,0.06129075,8.901203,-0.79130846
13893,0.06998215,0.14280325,9.199175,-1.6337006
13894,0.023863614,0.1686694,12.626453,2.4616897
13895,0.1013563,0.17063153,12.834026,2.4034648
13896,0.022847071,0.23465228,11.141507,1.229018
13897,0.11411919,0.09373495,12.883882,2.5262086
13898,0.12179884,0.078984916,10.903363,-0.15019299
13899,0.12789375,0.123909324,10.933753,-0.19532691
13900,0.08497991,0.11169323,11.887119,2.9846027
13901,0.013651598,0.12887916,11.93689,2.969105
13902,0.054381244,0.13849974,12.007562,1.3028524
13903,0.13729993,-0.02901173,10.914917,0.5378071
13904,0.027629115,0.18413341,9.831227,1.6216849
13905,0.07672861,0.18027064,13.044798,2.5155673
13906,0.06366464,0.08976905,12.663825,2.4555964
13907,-0.032154914,0.060924925,9.733188,1.9455434
13908,0.08025519,0.34217486,12.97334,2.3436368
13909,-0.08017478,0.002308309,6.0630994,0.6804218
13910,-0.065279335,0.066854,11.742797,1.8312459
13911,0.006115038,0.09704693,11.750629,1.8302114
13912,-0.027824089,-0.0009275358,10.697076,5.6839156
13913,-0.0979419,0.065173395,11.9634905,1.7771773
13914,-0.06321723,0.1405221,10.802673,3.1293695
13915,-0.0585268,0.031172192,13.990957,1.0882149
13916,0.11936928,-0.11124095,9.665418,3.4383173
13917,0.1307306,-0.16040552,6.31424,-0.5832633
13918,0.14283998,-0.16784325,6.3237305,-0.5891502
13919,0.072239645,-0.19820444,8.534994,4.872853
13920,-0.051067233,-0.08492391,12.020605,1.9251355
13921,0.2203128,-0.012991341,8.768594,5.236991
13922,0.080514506,-0.21121013,8.072199,4.8258023
13923,-0.023229763,0.051543802,12.052594,1.8859589
13924,-0.019232646,0.047485,11.98755,1.9086959
13925,0.050661676,-0.122302756,12.018578,1.9361421
13926,-0.02806722,0.20656794,12.001613,1.8010602
13927,0.1505259,-0.17161232,8.088115,4.8528237
13928,0.03205569,0.106296554,10.502772,-0.46749032
13929,0.14199017,0.10602528,10.425621,-0.4009073
13930,0.042050578,0.053853735,10.710322,-0.5230687
13931,0.0135737285,0.053637624,6.979529,-0.7677156
13932,0.019935131,0.03257118,7.802142,0.9225153
13933,0.14738792,-0.066297665,9.618766,6.8008466
13934,0.10402009,0.17534116,12.845932,2.3978007
13935,0.002285909,0.21929389,5.805157,2.701569
13936,-0.074316196,0.079782724,11.401743,2.8308487
13937,0.08279315,0.22745696,10.920122,-0.5826326
13938,-0.022955999,0.10997783,12.2659,2.4831314
13939,0.18188244,-0.11971649,8.882662,0.62118536
13940,0.05956199,0.17147893,11.954834,1.1457434
13941,-0.0070911907,0.21031088,8.826484,1.2805994
13942,0.053592376,0.04617832,6.8091497,0.57942253
13943,0.010728482,0.16852568,12.634245,2.3426583
13944,0.09997366,0.20682542,10.064335,0.9661235
13945,0.15028575,0.07018809,8.465768,4.6352496
13946,0.1444641,-0.010127688,7.7632623,5.7178445
13947,0.04128816,0.18509209,10.2832985,-0.89503896
13948,0.08991861,0.19548751,12.976541,2.5797849
13949,-0.023187846,0.14406714,12.730967,2.4594376
13950,0.07170785,0.1387648,10.424907,4.882411
13951,-0.06011062,0.29645044,12.700339,2.1636899
13952,-0.095325306,0.1274814,11.074533,3.6230712
13953,0.20647398,-0.023129772,8.375882,1.8267167
13954,0.10332571,0.034295775,8.60373,-0.66934866
13955,0.030193813,-0.03517938,8.652979,-0.6776911
13956,0.085597225,0.14537376,12.829535,2.5532637
13957,0.049753368,0.14623381,12.9348,2.5666153
13958,0.07764892,0.23559165,12.700087,1.9370435
13959,0.03388098,0.30018017,12.637899,1.7662746
13960,-0.03958375,0.15924491,12.498644,2.4448113
13961,-0.026751747,0.076303266,5.4756775,1.5735735
13962,0.02305524,-0.0952885,6.3793063,1.6634618
13963,0.14971207,0.03433069,10.255727,0.12064667
13964,0.18734264,0.019034227,10.181445,0.17388093
13965,0.06605767,-0.010302967,8.3878765,1.8324459
13966,0.17959502,-0.06862844,10.356399,0.38425177
13967,0.21736634,0.10655071,10.462929,0.4243353
13968,0.18844245,-0.10184479,10.304035,0.41384956
13969,0.14956471,-0.053978458,9.60961,5.1422334
13970,0.13450304,-0.17362416,6.312365,-0.60212815
13971,0.148051,-0.09828041,10.561017,0.16946954
13972,0.09413552,-0.14251837,11.580035,-1.334065
13973,0.04282029,0.1970287,10.842631,-1.0829912
13974,-0.07899396,0.19093296,12.642178,2.3464227
13975,-0.091383815,0.20428261,11.13891,2.544803
13976,0.14841199,0.23624402,13.016645,2.4481926
13977,0.00065938383,-0.038319595,6.677936,1.2560157
13978,0.0029867403,0.35892496,12.781922,2.1341865
13979,-0.11102511,0.1033763,12.686925,2.2548027
13980,0.02406805,0.24987206,10.388,0.25073338
13981,0.15697867,0.23535118,10.87742,0.30119976
13982,0.049603477,0.1611546,10.287598,0.13240819
13983,0.10665974,0.35491917,12.585784,1.9282439
13984,0.07251474,0.06076786,9.462066,1.6163709
13985,-0.10951204,0.111137345,10.089512,1.8107752
13986,0.12781428,0.14407557,7.365271,-0.57812595
13987,-0.049966615,0.10998784,12.69381,2.0816188
13988,0.08950701,0.2688137,10.871758,1.6404183
13989,0.08618345,0.25995868,9.483046,-0.9544807
13990,0.023566,0.20186083,9.246412,-1.3134481
13991,-0.1200177,0.14019138,12.450914,2.385659
13992,0.03413935,-0.13395868,8.997156,2.038859
13993,0.07283132,0.025544828,8.195595,-0.89191544
13994,0.042772807,0.06434247,7.1604543,1.4075947
13995,0.047254145,0.08938597,12.47631,0.76537716
13996,-0.039335318,0.17013365,10.520327,2.4255066
13997,0.09925416,0.06720726,12.842956,2.479415
13998,-0.030256093,-0.055958696,6.119046,2.239204
13999,0.20052853,0.17316934,12.819328,2.5032852
14000,0.062398165,0.06568037,10.585249,2.2430346
14001,0.046998814,0.15528348,12.711686,2.432973
14002,0.17535058,0.15874082,12.1804285,0.5938973
14003,0.03799194,0.13204053,12.800384,2.4978213
14004,0.05834513,0.15687369,12.983098,2.6103141
14005,-0.008502342,0.15752678,10.566482,2.6684802
14006,-0.03357777,0.15257071,12.309123,1.7805687
14007,0.027098805,-0.06286818,10.831612,3.5973995
14008,0.14807844,0.062485196,11.015275,0.55148554
14009,-0.23099524,0.09461072,8.431031,0.45341882
14010,-0.0008858554,0.22022997,12.807548,2.429103
14011,-0.18450078,0.05037847,9.716603,7.342664
14012,-0.040626332,0.22950384,12.682017,2.326867
14013,0.040535167,-0.08532323,12.398955,3.3246274
14014,0.06188733,-0.10970235,9.399785,0.5200355
14015,0.042022698,-0.16489643,8.865478,0.18286783
14016,0.016608018,-0.21588963,8.782014,0.36720794
14017,0.003066644,-0.22072917,8.653414,0.29174533
14018,-0.10995928,0.058201022,10.297441,-1.9033036
14019,-0.0014500171,0.1306313,13.678403,-0.19864401
14020,0.10937905,-0.23303217,7.6023912,-0.8071847
14021,-0.0837053,0.18387441,11.790229,1.3631322
14022,0.002975449,0.09890938,11.367107,0.04707055
14023,-0.016368482,-0.12063586,6.6944613,3.0781758
14024,0.031396255,-0.120653704,7.7858367,4.6995616
14025,0.117058665,-0.1870674,8.101698,6.169416
14026,0.113550305,-0.09951254,8.126367,6.1522927
14027,0.04354702,-0.075899675,8.1153555,6.19771
14028,0.09637904,-0.10939981,8.10095,6.242311
14029,0.06029521,0.07918971,9.116531,0.9138346
14030,0.08047241,-0.13294585,7.215918,2.4164915
14031,-0.03515178,-0.13841337,10.120843,4.8685303
14032,0.13276725,-0.16729678,7.0293846,2.0810127
14033,0.107648954,0.01359863,7.823896,-0.03613699
14034,0.14443828,-0.01800702,10.527883,1.0116165
14035,0.119494334,-0.13989392,7.2579055,1.8621899
14036,0.05748962,-0.18254095,7.011006,2.1497402
14037,-0.04701277,-0.0488664,10.967009,0.044114254
14038,-0.0025540926,0.0477065,10.960541,-0.13411051
14039,-0.008528212,-0.12381607,7.3201118,2.388304
14040,0.20443736,0.18141945,6.7680984,0.9707681
14041,0.20516706,0.23712936,6.8155956,0.950714
14042,0.1516441,-0.05813896,7.1071157,1.045773
14043,0.15019536,0.00038111396,8.042664,6.0033083
14044,0.19248292,0.29013363,11.271941,-0.18102576
14045,0.115479544,0.2599691,11.181941,0.061955187
14046,0.07484951,-0.22181469,9.86453,3.0468993
14047,-0.047554202,-0.20308954,7.743908,5.546491
14048,-0.046366297,-0.09870714,7.389553,5.946995
14049,0.08865516,0.054564744,11.350717,3.8055031
14050,0.06178122,0.022863617,12.066118,3.1183827
14051,0.012996793,-0.06352425,12.013073,3.1509738
14052,0.13679679,0.023331529,11.333976,-0.66842484
14053,-0.03170765,0.13836192,11.844952,0.03567559
14054,0.04859563,0.13778952,7.522917,0.31470978
14055,0.12900007,0.21602708,10.015579,-0.27451533
14056,0.10364205,-0.07031527,8.866719,6.004978
14057,0.15034714,-0.08925762,7.7841835,-0.3507809
14058,0.1773959,0.041631877,8.094185,-0.27756608
14059,0.021570269,-0.14542666,7.714142,-0.36512524
14060,0.15402001,-0.044338472,7.7581077,-0.36210945
14061,0.028071336,-0.060094066,7.7850137,-0.40272233
14062,0.0492374,0.00047503784,9.792809,2.5328054
14063,0.046363026,-0.2206016,9.409316,4.8645372
14064,0.08634425,-0.05934394,12.083115,3.2265441
14065,0.20390436,-0.04457564,11.098376,5.9920826
14066,0.19569305,0.1006507,11.154218,-1.3582801
14067,0.087278344,-0.17545378,8.041236,-0.49964035
14068,0.14086176,0.037379697,11.139457,-1.3650438
14069,0.11020903,0.022126956,11.463361,5.3222857
14070,0.07994609,-0.08276692,9.2978115,5.28432
14071,0.1325245,0.099310204,11.419154,-0.44212183
14072,0.20069724,-0.06453412,10.318845,5.787737
14073,0.033144876,0.32401004,12.710389,3.1762874
14074,0.12634435,-0.0790059,11.214769,5.340866
14075,0.05161666,-0.037037127,12.857609,3.433364
14076,0.21240273,-0.29187885,6.787789,1.6127642
14077,-0.023066506,-0.013717522,12.874709,3.4336033
14078,0.15664522,-0.003031833,10.319138,5.286114
14079,0.016081147,-0.1486923,11.434033,5.850116
14080,0.08673585,-0.13802683,7.07575,1.1827115
14081,0.16324094,0.07481471,12.245564,3.3554554
14082,0.14329231,0.058841914,10.313274,1.7896422
14083,0.065662146,0.20960066,11.574055,1.9821792
14084,0.07701087,-0.027802153,12.848934,3.4520183
14085,0.088721275,0.08113936,9.209955,-1.748643
14086,0.059269436,-0.051128924,9.875855,-0.581149
14087,0.092400044,0.14086615,12.959228,3.3515778
14088,0.04526767,0.24707982,12.874125,3.1485422
14089,0.13026288,0.034143,10.566877,3.3406484
14090,0.12113236,0.12772487,10.20127,1.6658283
14091,0.20750076,0.030160135,9.473167,0.6351359
14092,0.23045525,0.087492004,9.312575,0.6768439
14093,-0.090386055,0.07445266,11.787504,-0.101012126
14094,-0.030285478,0.05393561,8.294898,-0.064702325
14095,0.057163686,0.024624264,12.885906,3.452872
14096,0.030984059,0.20754842,13.332324,2.6053598
14097,0.15428148,0.062737465,9.617635,-0.20766276
14098,-0.053470697,0.027049085,9.379748,-0.5763209
14099,0.16443197,-0.23184422,10.295196,4.6795607
14100,0.1388377,-0.035299532,9.528377,3.9458246
14101,0.052896082,0.13051413,12.282896,3.2380004
14102,0.009458765,0.012609994,7.313705,1.1959205
14103,0.11286113,-0.2602321,8.354924,5.718335
14104,0.021325842,0.20681983,11.169944,1.811068
14105,0.136971,0.16436532,12.1078,2.9735663
14106,0.108979195,-0.07456312,8.671739,3.0783193
14107,0.15005809,-0.102435715,9.120897,2.7244093
14108,0.16264066,-0.15670991,9.126936,2.77664
14109,0.068715796,0.23280427,11.876162,2.8163877
14110,0.110831335,-0.064058594,10.219055,1.4384091
14111,-0.0035475753,0.18038945,9.189976,1.5344999
14112,-0.015937263,0.093446165,11.871623,2.9260051
14113,0.020396665,0.26176924,9.474704,-1.1767936
14114,-0.003374286,0.17072323,11.265895,2.261821
14115,-0.035860952,0.25391948,11.456212,2.028887
14116,0.1542993,-0.03574775,12.448518,6.1458955
14117,0.08580113,0.123089954,10.954699,-0.59339124
14118,0.11000927,0.28151247,10.814217,1.5855609
14119,0.14527875,0.1765541,11.853522,2.858828
14120,0.13492736,-0.10509362,11.287676,3.8302975
14121,0.14503098,0.07885518,11.395286,4.0653176
14122,0.16665718,0.012362814,9.426723,2.6720066
14123,0.020218734,-0.20050822,7.387162,6.1214767
14124,0.07317396,-0.17002869,7.3870273,6.1266804
14125,0.0032911524,-0.21706697,7.407815,6.140409
14126,0.10039745,-0.13437396,7.365808,6.1747932
14127,0.14996336,-0.20171872,7.3875995,6.1710725
14128,0.058234796,0.023460934,9.377476,2.7655725
14129,0.14472419,-0.088340476,8.913479,3.3730597
14130,0.1310432,-0.03642805,9.074891,3.2642927
14131,0.09231794,0.028611472,10.601938,-0.09178156
14132,0.10281156,0.17234261,12.615273,0.227566
14133,0.12158215,-0.050792962,9.863331,3.896121
14134,0.13935715,-0.0153666055,9.890807,3.88606
14135,0.13681142,0.085432306,9.898644,3.8718243
14136,0.17656952,0.17813797,12.471782,3.0618312
14137,0.019893423,0.16232246,8.250898,1.2944759
14138,0.1375842,-0.092507735,9.809756,3.812293
14139,0.10128985,0.11277415,11.153645,5.9038963
14140,0.18886515,-0.05119063,10.181885,5.0660863
14141,0.03911455,-0.14829959,6.9028707,0.73822284
14142,-0.012146059,-0.11443323,7.246538,1.1646649
14143,0.102909416,-0.19297981,7.423478,1.2594873
14144,-0.0789462,-0.08763866,7.838305,0.8027136
14145,0.002142001,-0.11749804,8.053427,0.8384137
14146,0.0104445,0.007355472,13.189719,3.203769
14147,0.12345478,-0.08970527,7.402337,6.00098
14148,0.11372326,0.11016275,11.118826,1.6983578
14149,0.20068155,0.0830405,11.162574,2.213389
14150,0.014638379,0.06446857,10.337299,1.932049
14151,0.119387776,-0.15601042,5.9190154,0.74138623
14152,-0.08291659,0.12574497,9.415921,4.973438
14153,-0.053995498,-0.026557267,6.2689705,3.2219396
14154,-0.07176632,-0.011630673,8.114094,-0.69136524
14155,-0.11499893,0.004883008,5.376839,4.8489475
14156,-0.18239088,-0.060625687,6.9324455,5.190084
14157,-0.25451475,-0.057300285,6.6711946,0.38217264
14158,-0.14440736,-0.10855457,6.992311,5.214229
14159,0.07914871,-0.14072165,8.575407,5.242593
14160,0.10513824,-0.06174273,8.65412,5.0513062
14161,0.12452747,-0.17676716,9.685642,5.5263166
14162,-0.118558645,-0.06892074,7.071897,4.9865746
14163,0.065541536,-0.10893926,7.1373873,4.8154187
14164,-0.00559547,-0.19942537,6.766418,1.9457939
14165,0.0131012015,-0.10773684,6.812085,1.946487
14166,0.11107837,0.040989444,8.567794,1.3037328
14167,-0.005623197,-0.118956216,8.836077,5.8653493
14168,0.16477802,-0.17073575,8.173838,4.1752186
14169,0.10388167,-0.31496033,7.455545,5.2306366
14170,0.01544733,-0.11977104,11.464103,6.5327916
14171,-0.014175419,0.0025486238,11.736761,5.427351
14172,-0.039326925,-0.16009426,11.431999,6.606236
14173,0.043169722,-0.091853075,11.47838,6.55485
14174,0.058070444,0.0031068344,11.442191,6.537977
14175,0.09599076,0.007880291,11.488044,6.5648403
14176,-0.12169912,0.09862186,12.409603,0.48584208
14177,-0.079140894,0.11551079,12.399375,0.5208436
14178,-0.018511787,0.08264069,12.397096,0.5163342
14179,0.063166775,-0.020264989,8.610343,-1.1555299
14180,0.031595215,0.07905722,12.07671,0.79018146
14181,0.0248973,-0.03501203,10.865604,6.5086
14182,0.004491672,-0.06321725,10.851059,6.53628
14183,0.11727923,-0.06503172,10.405104,5.278822
14184,-0.03328714,0.0087276995,10.980558,4.1626196
14185,-0.049717702,0.033080168,10.931035,4.1807785
14186,0.018881612,0.056867562,10.933681,4.0970893
14187,-0.044344053,0.014857484,8.5603695,3.0002868
14188,-0.12741156,0.061551385,10.532861,5.67206
14189,0.068414316,0.0015461259,8.785749,2.9110894
14190,0.06498174,-0.04145163,8.785678,2.877864
14191,0.11947875,-0.12333609,10.344772,6.379908
14192,0.11972308,-0.18719116,10.231276,6.342225
14193,0.06665406,-0.17029676,9.265466,6.4975195
14194,0.07313134,-0.015890405,10.337797,6.620247
14195,0.12977056,-0.17311123,9.462119,6.6085253
14196,0.10271379,-0.03963343,9.365252,4.1204414
14197,-0.0727206,0.028106572,9.351575,4.200389
14198,0.12569214,-0.04849468,9.388068,4.0220203
14199,0.08370382,-0.110226825,9.379341,4.1673717
14200,0.09819256,-0.06666537,9.395205,4.122717
14201,0.082934655,-0.0020373072,9.34564,4.183734
14202,0.076815486,0.01531644,11.020866,5.7337856
14203,0.0752594,0.1551412,10.099318,1.3060989
14204,0.17416689,-0.06875436,6.2018943,0.9448523
14205,0.08443835,0.012776885,6.2097855,0.88005716
14206,-0.08078177,-1.7363578e-05,7.8941126,4.230703
14207,-0.0855488,0.1489101,5.754602,4.671492
14208,-0.032660395,-0.00733565,8.115975,4.29817
14209,0.04774458,-0.14242853,8.145983,4.2257347
14210,0.008274913,-0.11850878,10.854987,7.1880784
14211,0.060557127,-0.13690175,10.829014,7.2118115
14212,0.09130862,-0.06701684,8.798574,4.6876035
14213,0.2845488,-0.26884523,7.781029,3.1625893
14214,0.030109137,0.07959296,10.884248,1.6910504
14215,0.07687183,-0.044476617,11.036929,5.157351
14216,-0.020872135,-0.11325994,13.616008,5.749112
14217,-0.028400742,-0.20315999,13.616753,5.757574
14218,-0.06695701,-0.12476364,13.63897,5.765907
14219,0.07537979,-0.14036389,10.433322,4.4049945
14220,-0.061296105,0.10428505,10.428427,4.322917
14221,-0.0968207,-0.04389714,10.452903,4.361279
14222,0.054483145,-0.09823847,10.462339,4.247222
14223,0.056169376,-0.06777606,11.449647,0.6014038
14224,-0.056042552,0.127393,12.247295,0.9662106
14225,0.082469136,-0.03299719,11.52698,0.5657721
14226,-0.029081065,0.13693531,11.064093,-0.37511837
14227,-0.029497458,0.10088405,11.368748,-0.04938234
14228,0.07307176,0.08422326,7.176074,-0.675902
14229,0.082968384,0.16533789,10.690793,1.0156558
14230,0.115027875,0.027393727,10.201212,0.55698955
14231,0.029398412,-0.043285854,11.014198,3.5965865
14232,-0.02063584,0.057480276,8.790554,1.9132942
14233,-0.0801354,-0.22716342,8.440888,6.592731
14234,0.046878755,-0.05512561,8.45806,6.541116
14235,0.056621395,-0.069969416,10.456127,6.560321
14236,0.0094754845,0.05658006,10.604669,6.6731935
14237,0.15074232,-0.10003049,8.101927,4.2500796
14238,-0.08187191,0.11196835,10.9991665,-0.61374897
14239,0.13184443,-0.061552137,10.325452,5.816934
14240,-0.012865128,0.021148061,11.792612,4.2470245
14241,0.048436597,-0.17314555,7.596055,5.0720825
14242,0.016786695,-0.08338466,7.574384,5.1264806
14243,-0.029820962,-0.048636734,10.940632,0.15919474
14244,0.035914764,0.09452982,10.937041,-0.69654506
14245,-0.06746913,0.02477611,7.065075,2.912993
14246,0.09416595,0.20848238,12.222906,4.0971
14247,-0.07824616,-0.09422742,9.714188,7.3679285
14248,-0.074348405,-0.0009008553,9.472302,7.1073647
14249,-0.06592214,-0.040778343,9.48312,7.137714
14250,0.10218465,-0.107991256,8.645132,2.1690352
14251,0.09828532,0.219459,12.10252,1.3670716
14252,-0.055164825,0.14848408,9.099236,-0.54059935
14253,0.16226819,0.18183953,11.1958885,-0.41942197
14254,0.06041114,-0.091555305,8.952013,4.275284
14255,0.0072304904,-0.10279977,9.737654,-1.0172602
14256,0.06419392,-0.224991,8.534363,4.4777465
14257,-0.023153115,-0.24957153,8.571168,4.4477253
14258,0.11788632,-0.006479848,11.141721,-1.3726529
14259,0.1658545,-0.07297438,9.018866,4.1605425
14260,0.16874363,-0.11402562,8.528066,4.4740844
14261,0.17592752,0.1411291,10.514436,0.3750626
14262,-0.08018642,-0.080321535,8.985815,4.0397725
14263,0.07094159,-0.09844346,9.036718,4.2271767
14264,0.13559335,0.23094371,10.733065,0.85998005
14265,0.05172477,-0.021797996,10.058641,6.9029493
14266,0.105528474,0.068772815,6.9612107,2.3351758
14267,0.08076897,-0.13791315,9.021101,4.2264767
14268,0.060157552,-0.027707025,8.9096775,1.6547748
14269,0.07223786,-0.08804398,11.102824,1.6337858
14270,0.12670586,-0.000690287,9.467226,5.1236396
14271,0.1831379,-0.073777914,10.065734,5.363395
14272,0.1453108,0.31930602,11.204959,-0.2346536
14273,0.13563989,0.20440528,10.994959,-0.22445498
14274,-0.09271917,-0.026547253,6.411615,-0.57644325
14275,-0.1479685,0.19287595,9.509027,-1.4196917
14276,-0.18976168,0.14499548,10.093256,-0.020915566
14277,-0.21377212,0.031898215,8.630968,1.1935586
14278,0.029396571,-0.04956685,9.730239,7.361339
14279,0.07687731,-0.14872168,9.503309,6.9434657
14280,-0.09103568,-0.12818593,10.430198,5.780786
14281,-0.07104491,-0.08459687,10.313642,5.7433543
14282,0.011956602,-0.07866149,8.249943,1.0451471
14283,0.03409481,0.029440971,8.203976,1.1101689
14284,0.118879974,-0.11382048,11.511678,6.7874956
14285,-0.12990022,0.052558996,10.721854,6.6282454
14286,-0.009624848,-0.09215766,10.73957,6.6148705
14287,-0.050242238,-0.008957932,10.729912,6.6332917
14288,-0.012317508,-0.14967999,7.9335976,3.1164944
14289,0.025083922,0.27725056,10.624481,1.3838129
14290,0.06754962,0.20745827,12.300818,4.0485415
14291,0.027196646,-0.04498993,10.939141,2.4936087
14292,-0.084730856,0.042399056,11.912536,1.8882271
14293,-0.087218985,0.120598614,9.2759495,0.40008992
14294,0.05891335,-0.05410248,6.9706073,-0.66681284
14295,0.06476025,0.047486395,10.443313,-1.0815719
14296,-0.27507746,0.043683134,8.217568,1.5810467
14297,0.11711182,-0.15600535,8.403417,5.0646305
14298,0.08098836,0.06940079,12.81382,0.1808493
14299,-0.024429709,0.120099664,11.655567,1.8602295
14300,-0.053431343,0.19985336,12.840616,0.840158
14301,0.10974069,0.03604477,12.188814,4.1560698
14302,0.005466521,0.07173548,8.674687,4.5569
14303,0.09325379,-0.09275259,9.8667,5.4595113
14304,0.10639995,-0.07515897,10.076176,3.138802
14305,0.1040196,-0.09436026,10.049139,3.0429037
14306,0.124518886,0.10255847,11.738113,-0.18777595
14307,0.1761269,0.0008841511,11.541764,-0.16222957
14308,0.032170117,0.006113438,11.438799,0.13215077
14309,0.057597607,-0.14181812,9.438083,5.360708
14310,0.10248402,-0.22320193,9.42539,5.5907197
14311,0.15515727,-0.163107,9.468319,5.246817
14312,0.14174113,-0.21280362,9.488966,5.619259
14313,0.014786407,-0.06967169,9.571804,5.475765
14314,-0.022704199,0.20982857,10.467865,1.2945198
14315,-0.019687641,-0.09468592,6.821219,0.56587523
14316,-0.059052423,-0.07695884,7.7792306,1.4407691
14317,-0.011155173,-0.15821199,8.044869,5.5429153
14318,-0.18073276,0.028390983,10.562363,5.543504
14319,-0.033488125,-0.11280179,13.626123,5.753905
14320,-0.04377929,-0.13930915,7.337251,0.3059905
14321,0.022031907,-0.17703544,6.867157,0.57738
14322,-0.009745404,0.00092860684,10.000103,-1.045709
14323,0.07841313,-0.1806045,6.9909735,0.81931674
14324,-0.06203067,-0.12434856,7.3484845,0.26575387
14325,0.26990622,-0.2614761,8.443155,2.5314705
14326,0.20197634,-0.19523564,8.415093,2.2403266
14327,0.17857687,-0.0074048284,8.249156,6.9108987
14328,0.05395107,0.058233067,10.81709,-1.5492753
14329,0.1916033,-0.14541507,8.231109,6.9860754
14330,0.19389728,-0.17595652,8.244311,7.000032
14331,0.06716748,-0.13073215,7.9473414,4.2247276
14332,-0.06440482,0.09369563,12.20434,0.70276266
14333,-0.039151005,0.11997725,12.1409855,0.6865064
14334,-0.073436126,0.15343842,12.188902,0.7079328
14335,-0.05068086,0.17424086,12.133921,0.7684802
14336,-0.053484417,0.15410897,11.527283,0.44525877
14337,0.07140633,-0.04831984,10.971811,1.9354103
14338,0.032251537,-0.105978474,7.7145505,-0.28776383
14339,-0.10382262,0.09903653,7.5303297,0.25316042
14340,-0.24120212,0.16212294,6.358485,3.1844466
14341,0.04093633,-0.03113679,12.067575,4.232045
14342,0.065013655,-0.10601212,7.6645594,4.355761
14343,-0.12463369,0.2422579,11.052812,2.1830323
14344,-0.12377091,0.1914671,10.223002,-1.6418393
14345,0.10091336,-0.0878263,6.220263,5.953752
14346,0.00399632,0.0031769332,8.013014,3.0608687
14347,-0.258163,0.078336686,5.3786125,1.5599821
14348,0.15483484,0.014528306,8.151216,2.8188972
14349,0.011122499,0.051304355,7.9960494,3.0781631
14350,0.08146376,0.013248248,8.074427,3.0822096
14351,0.07127687,0.03576468,8.032032,2.9628446
14352,0.033953458,0.108232185,10.89919,-0.21341869
14353,-0.18984336,0.34302112,7.9249425,2.583695
14354,0.10554598,0.23322386,11.884225,1.5014261
14355,0.0607287,-0.1954334,9.0668545,6.7156262
14356,0.13559955,-0.11848143,9.249774,4.839602
14357,-0.12218094,0.03384444,8.134569,4.435616
14358,0.08349793,-0.11812272,12.607958,5.20514
14359,0.0054687113,-0.11899926,12.57995,5.2389503
14360,0.1422293,-0.19126701,12.577602,5.130263
14361,0.047000222,0.042482547,11.060096,1.2327601
14362,0.11835235,-0.092670925,12.504918,6.124257
14363,0.011541422,0.15560992,10.913992,-0.6946517
14364,-0.029527191,-0.035136074,7.73594,2.187127
14365,-0.02302523,-0.12923259,7.742128,2.1383498
14366,-0.07058941,0.004347509,12.12621,3.659559
14367,-0.0060226712,-0.09314856,10.1317,5.624101
14368,0.05788876,-0.05242405,10.168183,3.0080376
14369,0.060729533,-0.019537874,10.181878,2.9431393
14370,0.10816723,-0.00855882,10.18926,2.9878857
14371,0.14956576,-0.04920818,10.216861,3.069797
14372,0.12148595,0.11104043,12.226348,4.0578184
14373,0.07029885,0.017830765,12.236342,4.0633388
14374,0.002427861,-0.18606886,8.350724,6.2552137
14375,0.030039042,-0.1836651,8.341335,6.200926
14376,0.15674235,-0.12969634,9.6588545,6.263065
