sample_id,cluster
0,6
1,0
2,4
3,6
4,6
5,1
6,5
7,2
8,0
9,2
10,2
11,6
12,3
13,3
14,6
15,1
16,5
17,6
18,1
19,4
20,5
21,2
22,5
23,2
24,1
25,4
26,1
27,1
28,0
29,1
30,1
31,6
32,1
33,6
34,1
35,6
36,6
37,1
38,1
39,1
40,1
41,5
42,4
43,4
44,5
45,4
46,1
47,5
48,3
49,5
50,2
51,5
52,1
53,5
54,6
55,6
56,0
57,6
58,1
59,6
60,1
61,1
62,2
63,6
64,2
65,6
66,6
67,1
68,1
69,2
70,1
71,6
72,1
73,2
74,1
75,2
76,6
77,2
78,2
79,2
80,1
81,2
82,1
83,4
84,1
85,6
86,1
87,6
88,6
89,6
90,1
91,6
92,1
93,2
94,1
95,6
96,1
97,6
98,4
99,2
100,4
101,0
102,4
103,6
104,1
105,6
106,1
107,5
108,6
109,1
110,1
111,1
112,3
113,5
114,0
115,4
116,1
117,0
118,5
119,1
120,0
121,6
122,1
123,1
124,6
125,3
126,1
127,2
128,6
129,1
130,1
131,3
132,2
133,6
134,1
135,0
136,5
137,1
138,5
139,1
140,2
141,3
142,3
143,2
144,5
145,1
146,6
147,4
148,5
149,4
150,5
151,4
152,5
153,2
154,1
155,2
156,6
157,2
158,4
159,2
160,1
161,1
162,1
163,5
164,2
165,6
166,1
167,6
168,6
169,6
170,2
171,6
172,4
173,6
174,5
175,6
176,1
177,0
178,3
179,5
180,1
181,6
182,5
183,6
184,1
185,1
186,3
187,4
188,5
189,1
190,3
191,1
192,1
193,5
194,5
195,1
196,1
197,4
198,1
199,1
200,1
201,1
202,1
203,1
204,5
205,1
206,1
207,3
208,3
209,2
210,6
211,2
212,1
213,6
214,1
215,1
216,1
217,1
218,6
219,6
220,0
221,6
222,6
223,6
224,1
225,6
226,1
227,6
228,1
229,5
230,6
231,2
232,1
233,5
234,1
235,5
236,1
237,4
238,4
239,6
240,2
241,6
242,5
243,5
244,6
245,1
246,1
247,6
248,1
249,6
250,3
251,1
252,6
253,5
254,1
255,3
256,6
257,1
258,6
259,3
260,3
261,3
262,6
263,2
264,6
265,1
266,6
267,2
268,1
269,6
270,0
271,6
272,6
273,0
274,2
275,1
276,0
277,3
278,6
279,1
280,6
281,6
282,5
283,3
284,1
285,1
286,3
287,5
288,1
289,3
290,1
291,6
292,3
293,2
294,1
295,6
296,1
297,0
298,1
299,1
300,4
301,1
302,2
303,2
304,1
305,6
306,3
307,6
308,1
309,6
310,6
311,3
312,6
313,0
314,3
315,5
316,1
317,1
318,3
319,3
320,2
321,2
322,6
323,2
324,6
325,2
326,1
327,3
328,1
329,3
330,1
331,6
332,1
333,6
334,1
335,4
336,1
337,4
338,5
339,6
340,1
341,6
342,1
343,4
344,3
345,0
346,3
347,1
348,2
349,1
350,2
351,0
352,2
353,1
354,2
355,1
356,2
357,1
358,2
359,1
360,2
361,1
362,2
363,1
364,2
365,1
366,2
367,0
368,2
369,1
370,2
371,6
372,1
373,1
374,2
375,1
376,3
377,1
378,3
379,1
380,1
381,3
382,1
383,5
384,1
385,2
386,1
387,2
388,2
389,1
390,2
391,1
392,2
393,0
394,2
395,1
396,2
397,1
398,2
399,3
400,2
401,6
402,2
403,1
404,2
405,5
406,2
407,1
408,2
409,1
410,2
411,4
412,2
413,4
414,2
415,1
416,2
417,4
418,2
419,1
420,2
421,1
422,2
423,1
424,2
425,1
426,2
427,1
428,5
429,2
430,2
431,2
432,6
433,2
434,1
435,2
436,1
437,2
438,1
439,2
440,2
441,2
442,1
443,2
444,1
445,2
446,6
447,2
448,1
449,2
450,3
451,2
452,3
453,2
454,6
455,2
456,2
457,2
458,1
459,2
460,2
461,1
462,2
463,3
464,3
465,6
466,1
467,2
468,1
469,6
470,2
471,6
472,2
473,6
474,2
475,1
476,2
477,6
478,2
479,2
480,2
481,1
482,2
483,6
484,2
485,6
486,2
487,6
488,2
489,1
490,2
491,1
492,2
493,1
494,2
495,6
496,2
497,2
498,2
499,6
500,5
501,6
502,1
503,1
504,6
505,3
506,1
507,1
508,1
509,3
510,3
511,6
512,1
513,6
514,1
515,6
516,6
517,1
518,6
519,1
520,1
521,1
522,3
523,1
524,3
525,1
526,2
527,1
528,5
529,6
530,3
531,1
532,5
533,1
534,3
535,1
536,3
537,3
538,3
539,3
540,6
541,1
542,6
543,6
544,6
545,1
546,6
547,4
548,6
549,6
550,3
551,1
552,6
553,1
554,1
555,6
556,2
557,3
558,5
559,6
560,5
561,6
562,5
563,3
564,1
565,3
566,1
567,6
568,3
569,1
570,5
571,6
572,5
573,3
574,3
575,6
576,0
577,3
578,0
579,6
580,1
581,3
582,5
583,6
584,0
585,6
586,0
587,3
588,5
589,5
590,0
591,5
592,5
593,1
594,5
595,1
596,5
597,2
598,2
599,5
600,0
601,5
602,1
603,5
604,6
605,5
606,2
607,1
608,5
609,5
610,1
611,5
612,1
613,5
614,1
615,5
616,2
617,0
618,5
619,0
620,1
621,5
622,6
623,1
624,1
625,5
626,1
627,5
628,5
629,1
630,5
631,5
632,1
633,5
634,1
635,5
636,2
637,0
638,3
639,5
640,2
641,0
642,3
643,1
644,5
645,0
646,5
647,0
648,5
649,1
650,5
651,1
652,6
653,1
654,1
655,2
656,4
657,3
658,0
659,2
660,0
661,2
662,0
663,2
664,2
665,0
666,2
667,0
668,3
669,0
670,3
671,0
672,1
673,4
674,3
675,0
676,3
677,0
678,3
679,0
680,6
681,1
682,2
683,4
684,2
685,0
686,3
687,0
688,2
689,0
690,3
691,6
692,1
693,0
694,1
695,0
696,1
697,1
698,3
699,1
700,3
701,0
702,3
703,0
704,2
705,0
706,3
707,1
708,1
709,2
710,0
711,6
712,0
713,2
714,0
715,2
716,0
717,4
718,2
719,2
720,0
721,6
722,0
723,3
724,1
725,3
726,0
727,2
728,1
729,2
730,3
731,3
732,1
733,2
734,0
735,1
736,0
737,2
738,0
739,1
740,0
741,2
742,1
743,3
744,1
745,2
746,0
747,2
748,0
749,2
750,1
751,1
752,0
753,3
754,0
755,1
756,1
757,3
758,0
759,2
760,6
761,2
762,0
763,0
764,0
765,2
766,0
767,3
768,0
769,3
770,5
771,2
772,0
773,2
774,0
775,3
776,0
777,3
778,2
779,3
780,6
781,2
782,0
783,3
784,0
785,2
786,1
787,1
788,0
789,3
790,1
791,3
792,3
793,3
794,0
795,3
796,2
797,3
798,0
799,3
800,0
801,3
802,0
803,0
804,3
805,0
806,4
807,0
808,2
809,0
810,3
811,6
812,0
813,1
814,2
815,3
816,0
817,1
818,6
819,3
820,5
821,6
822,0
823,1
824,0
825,1
826,0
827,3
828,0
829,3
830,0
831,3
832,0
833,3
834,0
835,3
836,0
837,2
838,0
839,3
840,0
841,3
842,5
843,2
844,0
845,3
846,6
847,2
848,0
849,5
850,0
851,2
852,0
853,3
854,0
855,3
856,0
857,2
858,0
859,3
860,6
861,3
862,6
863,1
864,1
865,2
866,2
867,1
868,3
869,1
870,3
871,2
872,2
873,2
874,2
875,2
876,2
877,2
878,2
879,4
880,1
881,1
882,2
883,1
884,1
885,2
886,1
887,3
888,1
889,2
890,1
891,2
892,1
893,2
894,1
895,2
896,1
897,2
898,6
899,2
900,2
901,3
902,1
903,2
904,1
905,6
906,1
907,3
908,5
909,2
910,1
911,1
912,3
913,3
914,5
915,1
916,3
917,1
918,6
919,3
920,1
921,1
922,6
923,3
924,2
925,3
926,1
927,3
928,1
929,6
930,1
931,3
932,1
933,3
934,5
935,3
936,5
937,3
938,2
939,6
940,5
941,2
942,5
943,1
944,5
945,1
946,5
947,3
948,5
949,3
950,5
951,3
952,5
953,2
954,5
955,2
956,1
957,2
958,5
959,5
960,5
961,6
962,1
963,3
964,1
965,4
966,2
967,3
968,2
969,2
970,5
971,5
972,5
973,6
974,5
975,2
976,5
977,1
978,5
979,6
980,2
981,3
982,5
983,2
984,5
985,3
986,5
987,2
988,5
989,6
990,5
991,3
992,5
993,2
994,5
995,3
996,5
997,1
998,6
999,2
1000,5
1001,2
1002,3
1003,3
1004,1
1005,3
1006,1
1007,5
1008,3
1009,2
1010,5
1011,3
1012,1
1013,3
1014,1
1015,5
1016,1
1017,3
1018,0
1019,2
1020,0
1021,2
1022,0
1023,3
1024,0
1025,3
1026,6
1027,1
1028,0
1029,6
1030,0
1031,3
1032,0
1033,3
1034,3
1035,3
1036,5
1037,3
1038,5
1039,3
1040,5
1041,6
1042,5
1043,6
1044,0
1045,6
1046,5
1047,6
1048,1
1049,6
1050,1
1051,6
1052,0
1053,1
1054,1
1055,6
1056,1
1057,6
1058,0
1059,6
1060,5
1061,4
1062,5
1063,6
1064,0
1065,1
1066,0
1067,6
1068,6
1069,6
1070,6
1071,6
1072,1
1073,0
1074,0
1075,1
1076,1
1077,6
1078,1
1079,6
1080,0
1081,4
1082,1
1083,6
1084,3
1085,6
1086,6
1087,6
1088,0
1089,6
1090,1
1091,1
1092,6
1093,1
1094,1
1095,1
1096,1
1097,1
1098,6
1099,1
1100,2
1101,1
1102,6
1103,1
1104,6
1105,1
1106,6
1107,1
1108,1
1109,1
1110,3
1111,1
1112,6
1113,1
1114,6
1115,1
1116,6
1117,1
1118,6
1119,3
1120,4
1121,5
1122,2
1123,1
1124,6
1125,3
1126,1
1127,6
1128,1
1129,6
1130,2
1131,2
1132,1
1133,6
1134,1
1135,1
1136,6
1137,3
1138,0
1139,6
1140,0
1141,3
1142,3
1143,0
1144,1
1145,0
1146,6
1147,6
1148,6
1149,0
1150,3
1151,4
1152,2
1153,6
1154,3
1155,0
1156,3
1157,2
1158,6
1159,2
1160,6
1161,0
1162,2
1163,1
1164,6
1165,0
1166,6
1167,0
1168,2
1169,0
1170,3
1171,6
1172,6
1173,3
1174,6
1175,3
1176,6
1177,3
1178,6
1179,1
1180,6
1181,1
1182,1
1183,1
1184,3
1185,0
1186,1
1187,0
1188,3
1189,0
1190,2
1191,5
1192,6
1193,2
1194,6
1195,1
1196,3
1197,2
1198,6
1199,1
1200,6
1201,6
1202,3
1203,2
1204,2
1205,0
1206,1
1207,2
1208,3
1209,3
1210,3
1211,1
1212,3
1213,6
1214,3
1215,1
1216,3
1217,1
1218,1
1219,1
1220,3
1221,0
1222,6
1223,3
1224,1
1225,2
1226,3
1227,3
1228,1
1229,3
1230,1
1231,1
1232,1
1233,1
1234,0
1235,3
1236,0
1237,3
1238,2
1239,1
1240,5
1241,0
1242,3
1243,3
1244,3
1245,0
1246,3
1247,1
1248,3
1249,0
1250,3
1251,0
1252,3
1253,0
1254,3
1255,1
1256,3
1257,1
1258,6
1259,3
1260,6
1261,1
1262,6
1263,5
1264,3
1265,5
1266,4
1267,5
1268,6
1269,5
1270,3
1271,2
1272,3
1273,5
1274,6
1275,3
1276,5
1277,1
1278,5
1279,3
1280,5
1281,1
1282,5
1283,3
1284,5
1285,3
1286,1
1287,3
1288,5
1289,3
1290,5
1291,3
1292,5
1293,6
1294,0
1295,6
1296,0
1297,3
1298,5
1299,3
1300,5
1301,3
1302,5
1303,3
1304,5
1305,5
1306,0
1307,3
1308,5
1309,3
1310,5
1311,3
1312,5
1313,0
1314,6
1315,5
1316,1
1317,4
1318,3
1319,1
1320,3
1321,5
1322,5
1323,6
1324,1
1325,1
1326,1
1327,1
1328,0
1329,6
1330,3
1331,3
1332,3
1333,2
1334,3
1335,1
1336,3
1337,6
1338,5
1339,0
1340,6
1341,0
1342,1
1343,1
1344,1
1345,6
1346,1
1347,6
1348,1
1349,6
1350,3
1351,6
1352,6
1353,5
1354,6
1355,5
1356,1
1357,5
1358,1
1359,1
1360,1
1361,1
1362,4
1363,3
1364,5
1365,6
1366,1
1367,6
1368,1
1369,2
1370,6
1371,1
1372,5
1373,1
1374,1
1375,6
1376,1
1377,5
1378,1
1379,0
1380,1
1381,1
1382,6
1383,6
1384,1
1385,6
1386,6
1387,6
1388,6
1389,6
1390,1
1391,0
1392,3
1393,1
1394,1
1395,3
1396,1
1397,1
1398,1
1399,1
1400,0
1401,6
1402,4
1403,5
1404,6
1405,5
1406,2
1407,6
1408,1
1409,6
1410,1
1411,6
1412,6
1413,6
1414,6
1415,0
1416,1
1417,6
1418,1
1419,6
1420,4
1421,1
1422,6
1423,1
1424,4
1425,6
1426,1
1427,1
1428,1
1429,6
1430,6
1431,6
1432,6
1433,5
1434,1
1435,0
1436,1
1437,2
1438,1
1439,1
1440,6
1441,6
1442,1
1443,4
1444,3
1445,6
1446,1
1447,2
1448,6
1449,2
1450,0
1451,4
1452,2
1453,1
1454,6
1455,2
1456,5
1457,6
1458,6
1459,1
1460,6
1461,6
1462,5
1463,1
1464,1
1465,1
1466,1
1467,1
1468,1
1469,1
1470,1
1471,5
1472,3
1473,1
1474,5
1475,2
1476,1
1477,1
1478,6
1479,1
1480,2
1481,2
1482,0
1483,3
1484,5
1485,5
1486,1
1487,1
1488,5
1489,3
1490,0
1491,1
1492,5
1493,1
1494,1
1495,3
1496,5
1497,1
1498,5
1499,1
1500,1
1501,3
1502,1
1503,1
1504,1
1505,3
1506,6
1507,1
1508,1
1509,6
1510,6
1511,1
1512,4
1513,0
1514,6
1515,0
1516,1
1517,3
1518,6
1519,6
1520,6
1521,1
1522,0
1523,4
1524,1
1525,1
1526,1
1527,3
1528,1
1529,1
1530,1
1531,1
1532,1
1533,3
1534,1
1535,6
1536,2
1537,6
1538,6
1539,0
1540,1
1541,0
1542,6
1543,3
1544,6
1545,6
1546,6
1547,6
1548,6
1549,1
1550,1
1551,6
1552,0
1553,1
1554,6
1555,6
1556,6
1557,1
1558,0
1559,1
1560,4
1561,1
1562,0
1563,6
1564,0
1565,6
1566,6
1567,1
1568,6
1569,1
1570,0
1571,0
1572,0
1573,0
1574,3
1575,1
1576,6
1577,1
1578,5
1579,1
1580,6
1581,1
1582,6
1583,1
1584,6
1585,1
1586,6
1587,1
1588,6
1589,1
1590,0
1591,1
1592,3
1593,1
1594,1
1595,1
1596,1
1597,1
1598,1
1599,1
1600,6
1601,1
1602,0
1603,1
1604,0
1605,1
1606,0
1607,1
1608,1
1609,1
1610,3
1611,1
1612,4
1613,1
1614,1
1615,1
1616,0
1617,1
1618,6
1619,1
1620,1
1621,0
1622,1
1623,0
1624,0
1625,1
1626,6
1627,2
1628,1
1629,2
1630,1
1631,1
1632,2
1633,1
1634,1
1635,1
1636,0
1637,1
1638,1
1639,1
1640,0
1641,1
1642,6
1643,1
1644,1
1645,1
1646,1
1647,1
1648,1
1649,6
1650,1
1651,1
1652,1
1653,1
1654,1
1655,1
1656,0
1657,1
1658,1
1659,1
1660,4
1661,1
1662,1
1663,1
1664,1
1665,1
1666,4
1667,1
1668,0
1669,1
1670,2
1671,1
1672,4
1673,3
1674,1
1675,1
1676,1
1677,6
1678,1
1679,1
1680,1
1681,1
1682,1
1683,6
1684,1
1685,1
1686,1
1687,1
1688,1
1689,1
1690,0
1691,1
1692,1
1693,1
1694,1
1695,1
1696,2
1697,6
1698,1
1699,1
1700,1
1701,6
1702,5
1703,3
1704,5
1705,1
1706,5
1707,6
1708,5
1709,6
1710,5
1711,6
1712,1
1713,6
1714,6
1715,6
1716,5
1717,6
1718,1
1719,6
1720,5
1721,1
1722,1
1723,1
1724,5
1725,1
1726,5
1727,1
1728,5
1729,5
1730,5
1731,3
1732,5
1733,6
1734,5
1735,5
1736,5
1737,5
1738,1
1739,6
1740,1
1741,6
1742,2
1743,6
1744,1
1745,6
1746,1
1747,6
1748,1
1749,6
1750,5
1751,6
1752,5
1753,5
1754,5
1755,3
1756,5
1757,6
1758,5
1759,3
1760,5
1761,1
1762,1
1763,1
1764,5
1765,1
1766,5
1767,5
1768,5
1769,5
1770,5
1771,5
1772,5
1773,5
1774,3
1775,0
1776,2
1777,0
1778,0
1779,5
1780,5
1781,5
1782,1
1783,1
1784,3
1785,5
1786,5
1787,5
1788,3
1789,1
1790,5
1791,5
1792,6
1793,0
1794,1
1795,0
1796,5
1797,0
1798,5
1799,6
1800,5
1801,2
1802,1
1803,0
1804,6
1805,0
1806,6
1807,5
1808,1
1809,5
1810,5
1811,2
1812,3
1813,2
1814,3
1815,2
1816,1
1817,2
1818,1
1819,1
1820,3
1821,5
1822,5
1823,6
1824,1
1825,1
1826,1
1827,0
1828,5
1829,1
1830,0
1831,1
1832,2
1833,6
1834,6
1835,4
1836,2
1837,0
1838,6
1839,4
1840,0
1841,4
1842,5
1843,6
1844,2
1845,4
1846,5
1847,6
1848,0
1849,1
1850,1
1851,1
1852,6
1853,1
1854,1
1855,6
1856,4
1857,6
1858,6
1859,2
1860,6
1861,2
1862,6
1863,6
1864,6
1865,2
1866,6
1867,2
1868,6
1869,2
1870,4
1871,1
1872,4
1873,2
1874,6
1875,2
1876,6
1877,2
1878,6
1879,2
1880,6
1881,6
1882,6
1883,2
1884,6
1885,2
1886,6
1887,0
1888,6
1889,0
1890,6
1891,0
1892,6
1893,2
1894,6
1895,6
1896,6
1897,6
1898,5
1899,6
1900,5
1901,6
1902,2
1903,6
1904,0
1905,6
1906,5
1907,6
1908,5
1909,6
1910,5
1911,1
1912,2
1913,6
1914,6
1915,4
1916,6
1917,4
1918,0
1919,4
1920,5
1921,6
1922,0
1923,6
1924,6
1925,6
1926,0
1927,6
1928,0
1929,1
1930,4
1931,6
1932,6
1933,6
1934,1
1935,5
1936,1
1937,5
1938,6
1939,5
1940,6
1941,5
1942,6
1943,1
1944,6
1945,5
1946,6
1947,5
1948,1
1949,5
1950,1
1951,5
1952,6
1953,5
1954,6
1955,5
1956,6
1957,5
1958,6
1959,5
1960,6
1961,0
1962,6
1963,5
1964,6
1965,5
1966,4
1967,6
1968,1
1969,5
1970,6
1971,5
1972,1
1973,6
1974,5
1975,6
1976,5
1977,4
1978,1
1979,1
1980,5
1981,6
1982,5
1983,6
1984,5
1985,3
1986,6
1987,3
1988,6
1989,5
1990,1
1991,5
1992,6
1993,5
1994,6
1995,0
1996,6
1997,0
1998,5
1999,5
2000,1
2001,5
2002,1
2003,5
2004,2
2005,5
2006,6
2007,5
2008,4
2009,5
2010,1
2011,5
2012,2
2013,5
2014,6
2015,5
2016,3
2017,5
2018,6
2019,5
2020,5
2021,1
2022,6
2023,6
2024,5
2025,2
2026,5
2027,1
2028,5
2029,2
2030,5
2031,1
2032,5
2033,1
2034,1
2035,6
2036,5
2037,1
2038,5
2039,1
2040,0
2041,6
2042,5
2043,6
2044,5
2045,6
2046,5
2047,6
2048,5
2049,6
2050,5
2051,2
2052,5
2053,1
2054,5
2055,6
2056,5
2057,0
2058,6
2059,5
2060,6
2061,5
2062,1
2063,5
2064,6
2065,5
2066,1
2067,5
2068,6
2069,5
2070,6
2071,0
2072,6
2073,0
2074,2
2075,0
2076,6
2077,5
2078,6
2079,5
2080,6
2081,5
2082,1
2083,5
2084,1
2085,5
2086,6
2087,5
2088,4
2089,5
2090,4
2091,5
2092,1
2093,5
2094,6
2095,5
2096,6
2097,3
2098,6
2099,5
2100,6
2101,5
2102,6
2103,5
2104,6
2105,5
2106,6
2107,5
2108,6
2109,5
2110,2
2111,5
2112,1
2113,5
2114,1
2115,5
2116,6
2117,6
2118,6
2119,5
2120,6
2121,5
2122,6
2123,5
2124,6
2125,5
2126,6
2127,5
2128,1
2129,5
2130,1
2131,1
2132,1
2133,6
2134,2
2135,6
2136,1
2137,1
2138,1
2139,5
2140,5
2141,5
2142,6
2143,1
2144,5
2145,1
2146,2
2147,6
2148,5
2149,6
2150,1
2151,6
2152,5
2153,1
2154,5
2155,6
2156,5
2157,6
2158,5
2159,6
2160,5
2161,6
2162,4
2163,1
2164,1
2165,1
2166,6
2167,1
2168,1
2169,1
2170,1
2171,1
2172,3
2173,1
2174,1
2175,1
2176,1
2177,6
2178,1
2179,1
2180,1
2181,0
2182,1
2183,1
2184,1
2185,1
2186,1
2187,1
2188,1
2189,1
2190,1
2191,1
2192,1
2193,1
2194,1
2195,1
2196,1
2197,1
2198,1
2199,1
2200,1
2201,1
2202,1
2203,1
2204,1
2205,1
2206,1
2207,1
2208,1
2209,1
2210,1
2211,1
2212,1
2213,2
2214,1
2215,1
2216,4
2217,1
2218,2
2219,1
2220,4
2221,1
2222,2
2223,4
2224,1
2225,1
2226,1
2227,1
2228,1
2229,1
2230,6
2231,1
2232,1
2233,1
2234,1
2235,0
2236,0
2237,5
2238,5
2239,2
2240,2
2241,1
2242,6
2243,1
2244,1
2245,1
2246,1
2247,5
2248,1
2249,5
2250,1
2251,1
2252,6
2253,6
2254,6
2255,4
2256,1
2257,1
2258,0
2259,0
2260,0
2261,5
2262,5
2263,6
2264,1
2265,5
2266,0
2267,1
2268,1
2269,3
2270,1
2271,6
2272,6
2273,1
2274,1
2275,1
2276,1
2277,3
2278,1
2279,6
2280,4
2281,6
2282,1
2283,6
2284,6
2285,6
2286,6
2287,6
2288,1
2289,1
2290,1
2291,1
2292,6
2293,1
2294,1
2295,6
2296,1
2297,1
2298,1
2299,1
2300,1
2301,1
2302,1
2303,1
2304,1
2305,5
2306,0
2307,0
2308,1
2309,6
2310,0
2311,3
2312,0
2313,3
2314,5
2315,5
2316,5
2317,5
2318,1
2319,5
2320,5
2321,5
2322,1
2323,3
2324,3
2325,6
2326,5
2327,5
2328,0
2329,6
2330,6
2331,0
2332,5
2333,5
2334,5
2335,1
2336,1
2337,5
2338,1
2339,3
2340,1
2341,3
2342,6
2343,6
2344,6
2345,3
2346,0
2347,5
2348,5
2349,3
2350,2
2351,3
2352,5
2353,3
2354,1
2355,3
2356,4
2357,2
2358,5
2359,4
2360,6
2361,3
2362,0
2363,6
2364,6
2365,1
2366,6
2367,5
2368,3
2369,5
2370,5
2371,3
2372,0
2373,1
2374,4
2375,3
2376,4
2377,6
2378,6
2379,6
2380,6
2381,6
2382,4
2383,2
2384,0
2385,4
2386,2
2387,5
2388,2
2389,6
2390,5
2391,2
2392,6
2393,3
2394,5
2395,6
2396,6
2397,3
2398,6
2399,6
2400,4
2401,6
2402,6
2403,5
2404,4
2405,6
2406,4
2407,5
2408,5
2409,1
2410,5
2411,2
2412,4
2413,6
2414,5
2415,3
2416,3
2417,5
2418,3
2419,3
2420,2
2421,3
2422,4
2423,3
2424,3
2425,5
2426,3
2427,3
2428,3
2429,5
2430,5
2431,3
2432,3
2433,5
2434,3
2435,5
2436,6
2437,4
2438,5
2439,4
2440,5
2441,5
2442,5
2443,5
2444,3
2445,3
2446,5
2447,5
2448,3
2449,5
2450,6
2451,5
2452,6
2453,6
2454,0
2455,6
2456,3
2457,1
2458,5
2459,4
2460,3
2461,6
2462,5
2463,0
2464,0
2465,5
2466,5
2467,2
2468,5
2469,0
2470,5
2471,4
2472,2
2473,3
2474,3
2475,3
2476,3
2477,3
2478,6
2479,3
2480,6
2481,5
2482,5
2483,3
2484,0
2485,2
2486,4
2487,3
2488,1
2489,0
2490,0
2491,6
2492,0
2493,6
2494,4
2495,6
2496,6
2497,0
2498,6
2499,0
2500,4
2501,5
2502,3
2503,3
2504,4
2505,2
2506,3
2507,3
2508,3
2509,0
2510,5
2511,0
2512,3
2513,6
2514,6
2515,6
2516,6
2517,4
2518,6
2519,6
2520,6
2521,6
2522,6
2523,3
2524,0
2525,5
2526,5
2527,5
2528,3
2529,6
2530,6
2531,6
2532,5
2533,6
2534,4
2535,3
2536,6
2537,3
2538,3
2539,6
2540,2
2541,4
2542,6
2543,6
2544,6
2545,6
2546,6
2547,1
2548,5
2549,6
2550,5
2551,5
2552,5
2553,4
2554,2
2555,6
2556,6
2557,0
2558,3
2559,3
2560,4
2561,4
2562,4
2563,3
2564,6
2565,2
2566,2
2567,0
2568,3
2569,3
2570,3
2571,6
2572,3
2573,3
2574,3
2575,6
2576,3
2577,4
2578,3
2579,6
2580,6
2581,3
2582,3
2583,3
2584,6
2585,2
2586,2
2587,3
2588,2
2589,6
2590,2
2591,5
2592,3
2593,5
2594,3
2595,2
2596,6
2597,3
2598,5
2599,3
2600,3
2601,3
2602,3
2603,3
2604,2
2605,3
2606,3
2607,3
2608,5
2609,5
2610,0
2611,5
2612,3
2613,5
2614,3
2615,4
2616,5
2617,5
2618,2
2619,5
2620,6
2621,5
2622,5
2623,3
2624,4
2625,6
2626,2
2627,4
2628,4
2629,6
2630,3
2631,3
2632,3
2633,4
2634,2
2635,6
2636,3
2637,1
2638,3
2639,2
2640,3
2641,3
2642,3
2643,3
2644,2
2645,2
2646,3
2647,5
2648,5
2649,3
2650,5
2651,2
2652,3
2653,3
2654,0
2655,4
2656,6
2657,6
2658,3
2659,6
2660,5
2661,6
2662,2
2663,2
2664,3
2665,6
2666,0
2667,2
2668,3
2669,3
2670,4
2671,3
2672,2
2673,5
2674,5
2675,6
2676,2
2677,5
2678,5
2679,2
2680,3
2681,3
2682,5
2683,5
2684,5
2685,4
2686,5
2687,2
2688,5
2689,3
2690,4
2691,5
2692,3
2693,0
2694,3
2695,2
2696,2
2697,2
2698,3
2699,1
2700,6
2701,2
2702,6
2703,5
2704,3
2705,3
2706,2
2707,3
2708,3
2709,4
2710,4
2711,1
2712,6
2713,6
2714,2
2715,2
2716,5
2717,3
2718,0
2719,6
2720,6
2721,5
2722,5
2723,1
2724,2
2725,3
2726,2
2727,4
2728,0
2729,2
2730,2
2731,6
2732,5
2733,2
2734,2
2735,6
2736,4
2737,4
2738,5
2739,5
2740,2
2741,3
2742,2
2743,2
2744,2
2745,2
2746,4
2747,3
2748,6
2749,2
2750,3
2751,5
2752,4
2753,3
2754,3
2755,3
2756,5
2757,2
2758,5
2759,5
2760,2
2761,3
2762,5
2763,2
2764,6
2765,3
2766,3
2767,3
2768,3
2769,3
2770,3
2771,0
2772,2
2773,2
2774,1
2775,5
2776,5
2777,2
2778,2
2779,2
2780,2
2781,4
2782,2
2783,2
2784,3
2785,2
2786,5
2787,5
2788,2
2789,5
2790,2
2791,2
2792,6
2793,2
2794,2
2795,3
2796,2
2797,2
2798,5
2799,2
2800,3
2801,2
2802,2
2803,2
2804,1
2805,2
2806,6
2807,2
2808,6
2809,5
2810,5
2811,6
2812,3
2813,3
2814,5
2815,0
2816,3
2817,5
2818,5
2819,5
2820,4
2821,4
2822,5
2823,1
2824,0
2825,4
2826,2
2827,3
2828,6
2829,4
2830,2
2831,5
2832,4
2833,4
2834,6
2835,2
2836,2
2837,4
2838,3
2839,2
2840,5
2841,2
2842,4
2843,2
2844,2
2845,2
2846,5
2847,5
2848,2
2849,5
2850,2
2851,2
2852,2
2853,5
2854,4
2855,5
2856,2
2857,3
2858,5
2859,2
2860,0
2861,3
2862,0
2863,5
2864,0
2865,3
2866,0
2867,2
2868,5
2869,2
2870,2
2871,4
2872,3
2873,2
2874,5
2875,2
2876,5
2877,4
2878,6
2879,5
2880,5
2881,5
2882,1
2883,2
2884,5
2885,3
2886,3
2887,2
2888,2
2889,5
2890,2
2891,1
2892,2
2893,4
2894,3
2895,0
2896,2
2897,5
2898,3
2899,2
2900,5
2901,2
2902,5
2903,5
2904,5
2905,0
2906,2
2907,2
2908,3
2909,2
2910,2
2911,0
2912,3
2913,2
2914,3
2915,0
2916,5
2917,2
2918,3
2919,3
2920,3
2921,5
2922,5
2923,4
2924,6
2925,3
2926,6
2927,2
2928,0
2929,3
2930,4
2931,5
2932,2
2933,5
2934,6
2935,1
2936,1
2937,0
2938,3
2939,2
2940,2
2941,3
2942,3
2943,3
2944,2
2945,5
2946,5
2947,3
2948,0
2949,6
2950,5
2951,2
2952,3
2953,3
2954,5
2955,5
2956,0
2957,2
2958,6
2959,2
2960,3
2961,0
2962,2
2963,3
2964,3
2965,4
2966,2
2967,3
2968,2
2969,5
2970,6
2971,3
2972,3
2973,4
2974,3
2975,5
2976,6
2977,2
2978,2
2979,6
2980,6
2981,2
2982,1
2983,3
2984,5
2985,1
2986,3
2987,6
2988,6
2989,2
2990,5
2991,2
2992,5
2993,3
2994,2
2995,4
2996,5
2997,3
2998,3
2999,3
3000,5
3001,5
3002,3
3003,1
3004,2
3005,0
3006,6
3007,3
3008,2
3009,3
3010,6
3011,3
3012,2
3013,5
3014,5
3015,4
3016,5
3017,2
3018,4
3019,3
3020,2
3021,4
3022,2
3023,0
3024,3
3025,2
3026,4
3027,5
3028,0
3029,0
3030,3
3031,0
3032,6
3033,3
3034,3
3035,6
3036,5
3037,6
3038,5
3039,2
3040,3
3041,4
3042,5
3043,1
3044,0
3045,2
3046,0
3047,3
3048,4
3049,3
3050,3
3051,1
3052,3
3053,5
3054,5
3055,4
3056,0
3057,2
3058,6
3059,3
3060,1
3061,6
3062,2
3063,4
3064,3
3065,2
3066,6
3067,2
3068,3
3069,6
3070,2
3071,3
3072,5
3073,5
3074,3
3075,6
3076,2
3077,2
3078,2
3079,0
3080,4
3081,4
3082,4
3083,0
3084,5
3085,3
3086,6
3087,4
3088,6
3089,2
3090,2
3091,2
3092,3
3093,2
3094,5
3095,5
3096,2
3097,6
3098,6
3099,2
3100,2
3101,6
3102,4
3103,2
3104,3
3105,2
3106,0
3107,2
3108,2
3109,2
3110,0
3111,2
3112,2
3113,3
3114,3
3115,5
3116,2
3117,6
3118,4
3119,3
3120,2
3121,2
3122,4
3123,2
3124,3
3125,2
3126,5
3127,0
3128,5
3129,5
3130,4
3131,3
3132,2
3133,6
3134,5
3135,3
3136,5
3137,3
3138,6
3139,2
3140,3
3141,3
3142,5
3143,2
3144,3
3145,4
3146,5
3147,3
3148,3
3149,2
3150,4
3151,3
3152,3
3153,3
3154,4
3155,3
3156,6
3157,4
3158,1
3159,5
3160,3
3161,5
3162,5
3163,2
3164,2
3165,3
3166,4
3167,3
3168,5
3169,4
3170,5
3171,3
3172,2
3173,2
3174,2
3175,6
3176,4
3177,3
3178,2
3179,2
3180,4
3181,5
3182,2
3183,1
3184,1
3185,4
3186,3
3187,2
3188,2
3189,2
3190,3
3191,4
3192,2
3193,2
3194,5
3195,3
3196,2
3197,2
3198,3
3199,2
3200,5
3201,2
3202,0
3203,2
3204,2
3205,5
3206,5
3207,2
3208,2
3209,3
3210,2
3211,2
3212,3
3213,3
3214,2
3215,2
3216,6
3217,2
3218,4
3219,5
3220,2
3221,3
3222,0
3223,0
3224,0
3225,0
3226,0
3227,0
3228,0
3229,0
3230,0
3231,0
3232,5
3233,0
3234,5
3235,5
3236,5
3237,5
3238,5
3239,5
3240,5
3241,5
3242,5
3243,5
3244,5
3245,0
3246,0
3247,0
3248,0
3249,0
3250,0
3251,0
3252,0
3253,0
3254,0
3255,0
3256,0
3257,0
3258,0
3259,0
3260,0
3261,0
3262,0
3263,0
3264,0
3265,0
3266,0
3267,0
3268,0
3269,0
3270,0
3271,0
3272,0
3273,4
3274,4
3275,0
3276,0
3277,4
3278,4
3279,4
3280,0
3281,0
3282,0
3283,1
3284,4
3285,4
3286,4
3287,5
3288,5
3289,5
3290,5
3291,5
3292,4
3293,5
3294,0
3295,0
3296,0
3297,0
3298,4
3299,0
3300,6
3301,5
3302,5
3303,5
3304,5
3305,5
3306,5
3307,5
3308,5
3309,5
3310,5
3311,1
3312,5
3313,5
3314,5
3315,5
3316,5
3317,5
3318,0
3319,5
3320,5
3321,5
3322,5
3323,5
3324,5
3325,5
3326,0
3327,5
3328,5
3329,5
3330,5
3331,5
3332,5
3333,1
3334,5
3335,5
3336,6
3337,0
3338,5
3339,5
3340,6
3341,0
3342,5
3343,5
3344,0
3345,0
3346,0
3347,5
3348,0
3349,6
3350,0
3351,0
3352,5
3353,0
3354,0
3355,0
3356,0
3357,5
3358,5
3359,0
3360,0
3361,6
3362,0
3363,0
3364,0
3365,6
3366,0
3367,0
3368,5
3369,0
3370,0
3371,5
3372,5
3373,0
3374,0
3375,5
3376,0
3377,0
3378,0
3379,0
3380,0
3381,0
3382,0
3383,0
3384,0
3385,0
3386,0
3387,0
3388,0
3389,0
3390,0
3391,5
3392,5
3393,5
3394,5
3395,5
3396,5
3397,5
3398,5
3399,5
3400,5
3401,6
3402,5
3403,5
3404,5
3405,5
3406,5
3407,5
3408,0
3409,5
3410,4
3411,6
3412,4
3413,6
3414,6
3415,6
3416,6
3417,6
3418,6
3419,4
3420,6
3421,6
3422,6
3423,4
3424,6
3425,6
3426,4
3427,5
3428,6
3429,5
3430,5
3431,5
3432,5
3433,5
3434,5
3435,5
3436,5
3437,5
3438,5
3439,5
3440,5
3441,5
3442,5
3443,4
3444,5
3445,0
3446,5
3447,6
3448,5
3449,5
3450,5
3451,5
3452,5
3453,5
3454,5
3455,5
3456,5
3457,6
3458,4
3459,4
3460,4
3461,4
3462,4
3463,4
3464,6
3465,4
3466,3
3467,4
3468,6
3469,6
3470,4
3471,6
3472,4
3473,4
3474,4
3475,4
3476,0
3477,0
3478,0
3479,4
3480,4
3481,0
3482,4
3483,4
3484,0
3485,0
3486,0
3487,0
3488,3
3489,0
3490,0
3491,2
3492,0
3493,0
3494,0
3495,0
3496,5
3497,6
3498,0
3499,0
3500,0
3501,0
3502,0
3503,0
3504,0
3505,0
3506,0
3507,0
3508,0
3509,0
3510,0
3511,0
3512,5
3513,0
3514,0
3515,0
3516,0
3517,0
3518,0
3519,6
3520,2
3521,5
3522,4
3523,5
3524,4
3525,6
3526,6
3527,6
3528,4
3529,5
3530,0
3531,5
3532,6
3533,0
3534,6
3535,1
3536,4
3537,6
3538,2
3539,3
3540,0
3541,4
3542,4
3543,3
3544,6
3545,3
3546,0
3547,5
3548,5
3549,3
3550,6
3551,1
3552,6
3553,4
3554,6
3555,6
3556,3
3557,4
3558,5
3559,6
3560,5
3561,0
3562,4
3563,0
3564,5
3565,1
3566,0
3567,5
3568,5
3569,5
3570,6
3571,4
3572,6
3573,0
3574,0
3575,0
3576,0
3577,0
3578,0
3579,0
3580,0
3581,0
3582,0
3583,0
3584,0
3585,5
3586,4
3587,0
3588,5
3589,5
3590,5
3591,5
3592,5
3593,5
3594,5
3595,6
3596,4
3597,5
3598,2
3599,5
3600,2
3601,2
3602,6
3603,2
3604,0
3605,2
3606,2
3607,2
3608,2
3609,4
3610,2
3611,5
3612,0
3613,0
3614,6
3615,5
3616,5
3617,0
3618,6
3619,4
3620,4
3621,5
3622,6
3623,5
3624,0
3625,6
3626,5
3627,5
3628,4
3629,5
3630,3
3631,0
3632,5
3633,0
3634,5
3635,0
3636,0
3637,0
3638,4
3639,3
3640,0
3641,0
3642,0
3643,0
3644,0
3645,0
3646,1
3647,5
3648,0
3649,5
3650,0
3651,1
3652,1
3653,0
3654,4
3655,0
3656,0
3657,5
3658,0
3659,0
3660,5
3661,0
3662,0
3663,0
3664,4
3665,0
3666,5
3667,1
3668,0
3669,0
3670,6
3671,6
3672,0
3673,6
3674,5
3675,4
3676,6
3677,0
3678,0
3679,5
3680,4
3681,0
3682,5
3683,0
3684,4
3685,6
3686,2
3687,6
3688,4
3689,0
3690,6
3691,4
3692,6
3693,6
3694,6
3695,6
3696,0
3697,6
3698,6
3699,4
3700,0
3701,6
3702,0
3703,4
3704,6
3705,5
3706,4
3707,4
3708,6
3709,5
3710,2
3711,6
3712,4
3713,4
3714,5
3715,3
3716,6
3717,5
3718,6
3719,6
3720,6
3721,6
3722,6
3723,6
3724,5
3725,6
3726,0
3727,0
3728,6
3729,6
3730,6
3731,6
3732,0
3733,0
3734,0
3735,3
3736,6
3737,3
3738,6
3739,6
3740,3
3741,6
3742,6
3743,6
3744,6
3745,6
3746,5
3747,5
3748,5
3749,4
3750,5
3751,0
3752,5
3753,5
3754,5
3755,5
3756,0
3757,5
3758,5
3759,4
3760,5
3761,5
3762,5
3763,5
3764,5
3765,0
3766,5
3767,5
3768,6
3769,0
3770,0
3771,0
3772,5
3773,0
3774,5
3775,0
3776,0
3777,4
3778,0
3779,0
3780,5
3781,0
3782,0
3783,0
3784,6
3785,0
3786,5
3787,5
3788,5
3789,0
3790,0
3791,5
3792,6
3793,6
3794,0
3795,0
3796,0
3797,6
3798,6
3799,0
3800,5
3801,0
3802,2
3803,0
3804,0
3805,5
3806,6
3807,5
3808,0
3809,0
3810,0
3811,4
3812,0
3813,2
3814,0
3815,0
3816,5
3817,4
3818,0
3819,4
3820,7
3821,7
3822,7
3823,1
3824,7
3825,7
3826,4
3827,7
3828,7
3829,7
3830,7
3831,7
3832,7
3833,4
3834,7
3835,7
3836,7
3837,7
3838,7
3839,7
3840,7
3841,7
3842,7
3843,7
3844,7
3845,7
3846,7
3847,7
3848,7
3849,1
3850,1
3851,1
3852,1
3853,7
3854,7
3855,7
3856,7
3857,7
3858,7
3859,7
3860,7
3861,7
3862,7
3863,7
3864,7
3865,7
3866,7
3867,1
3868,7
3869,7
3870,7
3871,1
3872,1
3873,1
3874,1
3875,7
3876,1
3877,7
3878,1
3879,1
3880,1
3881,1
3882,7
3883,7
3884,7
3885,7
3886,7
3887,7
3888,7
3889,1
3890,1
3891,7
3892,1
3893,4
3894,1
3895,1
3896,4
3897,1
3898,7
3899,1
3900,7
3901,1
3902,1
3903,1
3904,1
3905,7
3906,1
3907,1
3908,1
3909,1
3910,1
3911,7
3912,7
3913,7
3914,7
3915,7
3916,7
3917,7
3918,7
3919,7
3920,7
3921,7
3922,7
3923,7
3924,7
3925,7
3926,7
3927,1
3928,7
3929,7
3930,7
3931,7
3932,1
3933,7
3934,1
3935,7
3936,1
3937,7
3938,1
3939,4
3940,1
3941,7
3942,7
3943,7
3944,7
3945,1
3946,1
3947,1
3948,1
3949,7
3950,4
3951,7
3952,7
3953,7
3954,1
3955,7
3956,1
3957,7
3958,7
3959,1
3960,7
3961,7
3962,7
3963,4
3964,7
3965,2
3966,7
3967,1
3968,7
3969,7
3970,1
3971,7
3972,7
3973,7
3974,7
3975,4
3976,7
3977,7
3978,7
3979,2
3980,7
3981,7
3982,4
3983,7
3984,7
3985,1
3986,1
3987,1
3988,4
3989,7
3990,7
3991,1
3992,7
3993,7
3994,7
3995,7
3996,1
3997,7
3998,1
3999,4
4000,1
4001,4
4002,1
4003,7
4004,7
4005,1
4006,4
4007,1
4008,0
4009,0
4010,0
4011,2
4012,7
4013,1
4014,1
4015,1
4016,1
4017,7
4018,1
4019,1
4020,7
4021,7
4022,1
4023,7
4024,4
4025,7
4026,1
4027,2
4028,1
4029,1
4030,1
4031,1
4032,1
4033,7
4034,4
4035,7
4036,7
4037,7
4038,7
4039,7
4040,7
4041,1
4042,2
4043,7
4044,7
4045,7
4046,7
4047,7
4048,7
4049,1
4050,7
4051,7
4052,1
4053,7
4054,1
4055,7
4056,1
4057,7
4058,1
4059,7
4060,1
4061,7
4062,7
4063,7
4064,4
4065,7
4066,7
4067,7
4068,7
4069,1
4070,7
4071,7
4072,7
4073,7
4074,7
4075,7
4076,7
4077,7
4078,7
4079,4
4080,4
4081,1
4082,4
4083,1
4084,1
4085,7
4086,7
4087,7
4088,1
4089,1
4090,1
4091,1
4092,1
4093,7
4094,1
4095,1
4096,1
4097,1
4098,1
4099,4
4100,7
4101,1
4102,1
4103,1
4104,1
4105,7
4106,1
4107,1
4108,1
4109,7
4110,7
4111,7
4112,1
4113,7
4114,7
4115,1
4116,1
4117,1
4118,1
4119,1
4120,1
4121,7
4122,1
4123,7
4124,1
4125,1
4126,1
4127,1
4128,7
4129,7
4130,1
4131,7
4132,7
4133,7
4134,7
4135,7
4136,4
4137,7
4138,4
4139,7
4140,1
4141,7
4142,1
4143,7
4144,1
4145,7
4146,7
4147,7
4148,1
4149,1
4150,1
4151,7
4152,7
4153,7
4154,1
4155,0
4156,1
4157,4
4158,7
4159,7
4160,3
4161,1
4162,1
4163,1
4164,7
4165,1
4166,7
4167,7
4168,1
4169,7
4170,7
4171,7
4172,1
4173,7
4174,1
4175,1
4176,1
4177,7
4178,7
4179,1
4180,7
4181,1
4182,7
4183,7
4184,1
4185,1
4186,1
4187,7
4188,4
4189,7
4190,1
4191,4
4192,7
4193,7
4194,1
4195,7
4196,7
4197,7
4198,7
4199,1
4200,1
4201,1
4202,7
4203,7
4204,4
4205,7
4206,7
4207,1
4208,7
4209,7
4210,7
4211,7
4212,1
4213,1
4214,7
4215,1
4216,7
4217,1
4218,1
4219,7
4220,1
4221,1
4222,7
4223,4
4224,7
4225,7
4226,1
4227,4
4228,1
4229,7
4230,1
4231,7
4232,7
4233,1
4234,1
4235,1
4236,7
4237,7
4238,1
4239,7
4240,7
4241,7
4242,1
4243,7
4244,7
4245,7
4246,7
4247,7
4248,7
4249,7
4250,7
4251,1
4252,1
4253,1
4254,1
4255,7
4256,1
4257,1
4258,1
4259,7
4260,7
4261,7
4262,1
4263,4
4264,1
4265,7
4266,7
4267,7
4268,7
4269,1
4270,1
4271,7
4272,1
4273,1
4274,7
4275,1
4276,7
4277,7
4278,7
4279,7
4280,1
4281,7
4282,4
4283,7
4284,1
4285,7
4286,2
4287,7
4288,7
4289,7
4290,7
4291,7
4292,7
4293,4
4294,4
4295,7
4296,7
4297,7
4298,7
4299,1
4300,7
4301,1
4302,7
4303,7
4304,7
4305,7
4306,7
4307,7
4308,7
4309,7
4310,7
4311,7
4312,1
4313,1
4314,1
4315,7
4316,2
4317,1
4318,7
4319,7
4320,1
4321,7
4322,7
4323,7
4324,7
4325,1
4326,1
4327,7
4328,7
4329,7
4330,7
4331,7
4332,7
4333,7
4334,7
4335,7
4336,7
4337,5
4338,0
4339,7
4340,7
4341,1
4342,7
4343,7
4344,7
4345,7
4346,7
4347,7
4348,1
4349,7
4350,7
4351,7
4352,1
4353,7
4354,7
4355,7
4356,7
4357,7
4358,7
4359,4
4360,7
4361,1
4362,1
4363,1
4364,1
4365,7
4366,1
4367,1
4368,7
4369,1
4370,1
4371,1
4372,4
4373,1
4374,7
4375,1
4376,7
4377,7
4378,1
4379,7
4380,7
4381,7
4382,7
4383,1
4384,7
4385,7
4386,7
4387,7
4388,7
4389,7
4390,7
4391,1
4392,4
4393,1
4394,4
4395,1
4396,7
4397,1
4398,1
4399,7
4400,1
4401,1
4402,7
4403,7
4404,7
4405,4
4406,7
4407,4
4408,1
4409,7
4410,7
4411,1
4412,7
4413,7
4414,4
4415,7
4416,7
4417,7
4418,1
4419,7
4420,1
4421,7
4422,7
4423,7
4424,7
4425,7
4426,7
4427,7
4428,1
4429,7
4430,7
4431,7
4432,7
4433,7
4434,7
4435,4
4436,7
4437,7
4438,6
4439,7
4440,1
4441,7
4442,1
4443,2
4444,1
4445,7
4446,7
4447,6
4448,1
4449,7
4450,7
4451,1
4452,1
4453,1
4454,1
4455,1
4456,1
4457,1
4458,1
4459,1
4460,1
4461,1
4462,1
4463,1
4464,1
4465,5
4466,1
4467,7
4468,1
4469,7
4470,7
4471,1
4472,7
4473,7
4474,7
4475,7
4476,7
4477,1
4478,1
4479,7
4480,1
4481,7
4482,7
4483,1
4484,7
4485,1
4486,7
4487,1
4488,1
4489,1
4490,1
4491,1
4492,7
4493,1
4494,7
4495,7
4496,7
4497,7
4498,1
4499,7
4500,1
4501,7
4502,7
4503,7
4504,7
4505,7
4506,7
4507,4
4508,7
4509,7
4510,7
4511,4
4512,7
4513,7
4514,7
4515,7
4516,7
4517,1
4518,7
4519,7
4520,7
4521,1
4522,1
4523,1
4524,1
4525,7
4526,7
4527,7
4528,1
4529,7
4530,1
4531,1
4532,7
4533,7
4534,1
4535,4
4536,7
4537,7
4538,7
4539,7
4540,7
4541,1
4542,1
4543,1
4544,1
4545,4
4546,1
4547,4
4548,7
4549,7
4550,4
4551,1
4552,7
4553,7
4554,1
4555,1
4556,1
4557,7
4558,1
4559,7
4560,7
4561,7
4562,1
4563,1
4564,1
4565,1
4566,1
4567,7
4568,1
4569,1
4570,7
4571,7
4572,1
4573,7
4574,1
4575,1
4576,1
4577,7
4578,7
4579,2
4580,7
4581,7
4582,7
4583,7
4584,7
4585,7
4586,7
4587,7
4588,7
4589,7
4590,7
4591,7
4592,7
4593,7
4594,7
4595,7
4596,7
4597,7
4598,7
4599,7
4600,7
4601,4
4602,1
4603,7
4604,7
4605,1
4606,1
4607,7
4608,7
4609,1
4610,7
4611,7
4612,1
4613,7
4614,7
4615,7
4616,7
4617,7
4618,1
4619,1
4620,7
4621,7
4622,7
4623,7
4624,7
4625,7
4626,7
4627,7
4628,7
4629,7
4630,7
4631,7
4632,1
4633,7
4634,1
4635,4
4636,4
4637,7
4638,7
4639,7
4640,7
4641,7
4642,7
4643,7
4644,7
4645,7
4646,7
4647,7
4648,4
4649,1
4650,5
4651,7
4652,7
4653,7
4654,7
4655,7
4656,1
4657,1
4658,7
4659,1
4660,1
4661,1
4662,7
4663,7
4664,7
4665,1
4666,1
4667,7
4668,1
4669,7
4670,1
4671,7
4672,1
4673,7
4674,7
4675,7
4676,1
4677,1
4678,7
4679,1
4680,7
4681,1
4682,7
4683,7
4684,7
4685,1
4686,7
4687,1
4688,1
4689,1
4690,7
4691,7
4692,7
4693,7
4694,7
4695,7
4696,7
4697,7
4698,7
4699,7
4700,7
4701,5
4702,7
4703,7
4704,7
4705,4
4706,4
4707,7
4708,7
4709,7
4710,7
4711,4
4712,7
4713,7
4714,7
4715,7
4716,7
4717,7
4718,7
4719,7
4720,1
4721,1
4722,1
4723,7
4724,7
4725,7
4726,7
4727,7
4728,7
4729,7
4730,7
4731,7
4732,1
4733,1
4734,1
4735,7
4736,7
4737,7
4738,7
4739,7
4740,7
4741,1
4742,4
4743,1
4744,7
4745,1
4746,4
4747,7
4748,1
4749,7
4750,1
4751,7
4752,1
4753,7
4754,1
4755,7
4756,7
4757,1
4758,7
4759,1
4760,1
4761,1
4762,0
4763,1
4764,1
4765,2
4766,7
4767,7
4768,1
4769,7
4770,7
4771,7
4772,4
4773,7
4774,7
4775,1
4776,7
4777,7
4778,7
4779,2
4780,7
4781,7
4782,4
4783,1
4784,4
4785,1
4786,4
4787,1
4788,1
4789,1
4790,1
4791,1
4792,1
4793,7
4794,1
4795,1
4796,7
4797,1
4798,7
4799,7
4800,7
4801,7
4802,1
4803,1
4804,0
4805,1
4806,1
4807,7
4808,1
4809,7
4810,1
4811,1
4812,1
4813,1
4814,1
4815,1
4816,1
4817,1
4818,1
4819,1
4820,1
4821,1
4822,1
4823,1
4824,1
4825,7
4826,7
4827,1
4828,7
4829,7
4830,1
4831,7
4832,1
4833,1
4834,1
4835,0
4836,0
4837,1
4838,7
4839,7
4840,7
4841,7
4842,7
4843,1
4844,1
4845,7
4846,7
4847,1
4848,1
4849,1
4850,1
4851,1
4852,7
4853,1
4854,0
4855,1
4856,7
4857,1
4858,7
4859,7
4860,4
4861,7
4862,1
4863,1
4864,1
4865,7
4866,1
4867,7
4868,7
4869,1
4870,7
4871,1
4872,7
4873,1
4874,1
4875,7
4876,7
4877,7
4878,7
4879,1
4880,7
4881,1
4882,1
4883,1
4884,5
4885,1
4886,1
4887,7
4888,1
4889,1
4890,7
4891,1
4892,1
4893,7
4894,1
4895,1
4896,1
4897,1
4898,4
4899,7
4900,7
4901,1
4902,1
4903,1
4904,1
4905,4
4906,1
4907,1
4908,1
4909,1
4910,7
4911,7
4912,1
4913,1
4914,7
4915,1
4916,1
4917,7
4918,7
4919,1
4920,7
4921,1
4922,7
4923,1
4924,1
4925,1
4926,1
4927,1
4928,1
4929,1
4930,1
4931,1
4932,1
4933,1
4934,7
4935,1
4936,1
4937,1
4938,1
4939,1
4940,1
4941,7
4942,5
4943,1
4944,1
4945,1
4946,1
4947,1
4948,4
4949,4
4950,7
4951,7
4952,7
4953,7
4954,7
4955,4
4956,4
4957,7
4958,7
4959,7
4960,7
4961,1
4962,7
4963,1
4964,7
4965,3
4966,1
4967,1
4968,1
4969,1
4970,1
4971,5
4972,1
4973,4
4974,1
4975,1
4976,7
4977,1
4978,4
4979,1
4980,1
4981,2
4982,7
4983,7
4984,7
4985,7
4986,7
4987,7
4988,7
4989,7
4990,7
4991,7
4992,7
4993,1
4994,7
4995,7
4996,7
4997,7
4998,7
4999,7
5000,7
5001,1
5002,7
5003,7
5004,7
5005,7
5006,7
5007,7
5008,7
5009,7
5010,7
5011,7
5012,1
5013,1
5014,7
5015,7
5016,7
5017,7
5018,7
5019,1
5020,7
5021,1
5022,7
5023,7
5024,7
5025,7
5026,7
5027,5
5028,7
5029,7
5030,7
5031,7
5032,7
5033,1
5034,1
5035,7
5036,7
5037,7
5038,7
5039,7
5040,7
5041,4
5042,3
5043,7
5044,1
5045,7
5046,7
5047,1
5048,1
5049,7
5050,1
5051,1
5052,7
5053,1
5054,1
5055,7
5056,7
5057,1
5058,7
5059,1
5060,1
5061,1
5062,4
5063,7
5064,4
5065,1
5066,1
5067,7
5068,1
5069,1
5070,7
5071,7
5072,4
5073,1
5074,1
5075,4
5076,1
5077,7
5078,1
5079,1
5080,1
5081,7
5082,4
5083,1
5084,1
5085,1
5086,7
5087,4
5088,4
5089,4
5090,1
5091,1
5092,1
5093,1
5094,1
5095,1
5096,1
5097,1
5098,0
5099,1
5100,1
5101,4
5102,7
5103,3
5104,4
5105,1
5106,7
5107,7
5108,1
5109,1
5110,1
5111,1
5112,1
5113,1
5114,7
5115,1
5116,7
5117,1
5118,1
5119,4
5120,7
5121,1
5122,4
5123,1
5124,1
5125,1
5126,7
5127,1
5128,7
5129,1
5130,4
5131,1
5132,1
5133,4
5134,1
5135,2
5136,1
5137,4
5138,0
5139,4
5140,2
5141,1
5142,1
5143,7
5144,4
5145,1
5146,1
5147,7
5148,1
5149,1
5150,1
5151,7
5152,1
5153,7
5154,1
5155,1
5156,7
5157,7
5158,1
5159,1
5160,1
5161,1
5162,1
5163,7
5164,1
5165,3
5166,1
5167,1
5168,1
5169,1
5170,1
5171,1
5172,1
5173,1
5174,7
5175,1
5176,7
5177,7
5178,1
5179,2
5180,1
5181,4
5182,5
5183,1
5184,1
5185,1
5186,1
5187,1
5188,1
5189,3
5190,1
5191,1
5192,7
5193,4
5194,1
5195,1
5196,4
5197,4
5198,2
5199,0
5200,4
5201,1
5202,1
5203,1
5204,1
5205,1
5206,1
5207,1
5208,1
5209,1
5210,1
5211,1
5212,1
5213,1
5214,1
5215,1
5216,1
5217,4
5218,4
5219,1
5220,2
5221,3
5222,1
5223,6
5224,6
5225,1
5226,4
5227,1
5228,1
5229,6
5230,1
5231,7
5232,1
5233,2
5234,1
5235,1
5236,4
5237,4
5238,1
5239,1
5240,1
5241,5
5242,6
5243,4
5244,4
5245,0
5246,4
5247,0
5248,1
5249,4
5250,1
5251,6
5252,2
5253,6
5254,3
5255,0
5256,2
5257,5
5258,3
5259,0
5260,2
5261,5
5262,5
5263,3
5264,3
5265,0
5266,5
5267,6
5268,2
5269,2
5270,5
5271,1
5272,0
5273,6
5274,0
5275,4
5276,4
5277,3
5278,6
5279,2
5280,6
5281,3
5282,4
5283,6
5284,4
5285,2
5286,0
5287,4
5288,6
5289,3
5290,3
5291,0
5292,5
5293,6
5294,5
5295,2
5296,6
5297,4
5298,6
5299,2
5300,4
5301,4
5302,3
5303,6
5304,5
5305,4
5306,5
5307,3
5308,5
5309,2
5310,4
5311,2
5312,6
5313,2
5314,3
5315,0
5316,6
5317,4
5318,6
5319,4
5320,4
5321,2
5322,3
5323,0
5324,4
5325,6
5326,2
5327,6
5328,5
5329,3
5330,6
5331,4
5332,2
5333,0
5334,4
5335,0
5336,6
5337,3
5338,5
5339,6
5340,0
5341,5
5342,4
5343,0
5344,4
5345,6
5346,4
5347,3
5348,4
5349,4
5350,4
5351,4
5352,5
5353,6
5354,3
5355,6
5356,0
5357,2
5358,2
5359,3
5360,0
5361,4
5362,3
5363,3
5364,1
5365,5
5366,4
5367,2
5368,6
5369,4
5370,6
5371,6
5372,0
5373,6
5374,4
5375,3
5376,6
5377,4
5378,6
5379,4
5380,5
5381,6
5382,4
5383,4
5384,3
5385,6
5386,6
5387,3
5388,4
5389,3
5390,4
5391,5
5392,2
5393,3
5394,6
5395,3
5396,3
5397,2
5398,2
5399,6
5400,6
5401,3
5402,3
5403,6
5404,6
5405,6
5406,4
5407,0
5408,6
5409,4
5410,3
5411,2
5412,2
5413,4
5414,3
5415,3
5416,3
5417,3
5418,4
5419,1
5420,4
5421,4
5422,5
5423,6
5424,4
5425,4
5426,4
5427,4
5428,2
5429,6
5430,2
5431,0
5432,4
5433,1
5434,5
5435,5
5436,6
5437,3
5438,0
5439,3
5440,3
5441,3
5442,2
5443,6
5444,4
5445,3
5446,1
5447,6
5448,6
5449,2
5450,3
5451,3
5452,4
5453,4
5454,6
5455,6
5456,3
5457,4
5458,3
5459,5
5460,4
5461,3
5462,3
5463,2
5464,3
5465,6
5466,2
5467,4
5468,4
5469,0
5470,1
5471,4
5472,3
5473,6
5474,5
5475,6
5476,0
5477,0
5478,6
5479,4
5480,6
5481,6
5482,5
5483,3
5484,0
5485,2
5486,6
5487,4
5488,0
5489,6
5490,3
5491,4
5492,2
5493,2
5494,3
5495,6
5496,0
5497,2
5498,4
5499,3
5500,5
5501,4
5502,6
5503,0
5504,6
5505,3
5506,0
5507,0
5508,6
5509,2
5510,2
5511,5
5512,4
5513,3
5514,6
5515,6
5516,2
5517,2
5518,4
5519,4
5520,6
5521,2
5522,4
5523,5
5524,6
5525,4
5526,4
5527,4
5528,4
5529,4
5530,4
5531,6
5532,4
5533,5
5534,0
5535,6
5536,0
5537,6
5538,4
5539,6
5540,4
5541,4
5542,0
5543,6
5544,4
5545,4
5546,6
5547,2
5548,4
5549,4
5550,6
5551,0
5552,4
5553,3
5554,4
5555,4
5556,2
5557,6
5558,2
5559,6
5560,2
5561,6
5562,5
5563,2
5564,4
5565,3
5566,2
5567,6
5568,4
5569,2
5570,0
5571,6
5572,6
5573,3
5574,3
5575,3
5576,3
5577,6
5578,3
5579,6
5580,6
5581,6
5582,4
5583,4
5584,4
5585,3
5586,3
5587,2
5588,6
5589,6
5590,3
5591,3
5592,4
5593,4
5594,3
5595,6
5596,4
5597,4
5598,2
5599,4
5600,4
5601,6
5602,3
5603,4
5604,4
5605,3
5606,2
5607,2
5608,6
5609,6
5610,4
5611,0
5612,2
5613,4
5614,3
5615,6
5616,6
5617,6
5618,3
5619,6
5620,3
5621,4
5622,5
5623,4
5624,4
5625,6
5626,3
5627,5
5628,6
5629,5
5630,6
5631,4
5632,3
5633,0
5634,4
5635,5
5636,4
5637,2
5638,4
5639,0
5640,3
5641,6
5642,6
5643,3
5644,4
5645,6
5646,2
5647,6
5648,6
5649,6
5650,5
5651,5
5652,5
5653,2
5654,6
5655,0
5656,0
5657,0
5658,2
5659,6
5660,4
5661,0
5662,2
5663,4
5664,4
5665,4
5666,3
5667,4
5668,4
5669,0
5670,5
5671,0
5672,3
5673,4
5674,3
5675,2
5676,0
5677,2
5678,6
5679,2
5680,5
5681,3
5682,3
5683,5
5684,6
5685,4
5686,2
5687,2
5688,0
5689,3
5690,2
5691,4
5692,2
5693,4
5694,0
5695,0
5696,4
5697,4
5698,2
5699,6
5700,0
5701,0
5702,4
5703,6
5704,2
5705,6
5706,4
5707,6
5708,4
5709,3
5710,3
5711,2
5712,5
5713,0
5714,4
5715,2
5716,5
5717,2
5718,3
5719,6
5720,2
5721,6
5722,2
5723,4
5724,5
5725,2
5726,4
5727,6
5728,6
5729,3
5730,2
5731,4
5732,2
5733,2
5734,2
5735,4
5736,4
5737,4
5738,4
5739,6
5740,4
5741,6
5742,4
5743,6
5744,6
5745,6
5746,6
5747,3
5748,6
5749,6
5750,6
5751,4
5752,6
5753,6
5754,6
5755,6
5756,4
5757,6
5758,6
5759,2
5760,5
5761,0
5762,4
5763,4
5764,6
5765,6
5766,5
5767,3
5768,0
5769,0
5770,4
5771,6
5772,6
5773,3
5774,1
5775,4
5776,2
5777,3
5778,3
5779,4
5780,4
5781,2
5782,4
5783,6
5784,0
5785,4
5786,6
5787,4
5788,4
5789,3
5790,3
5791,5
5792,1
5793,6
5794,4
5795,6
5796,6
5797,5
5798,4
5799,4
5800,0
5801,3
5802,4
5803,4
5804,6
5805,4
5806,6
5807,4
5808,6
5809,4
5810,4
5811,4
5812,5
5813,4
5814,2
5815,2
5816,4
5817,4
5818,5
5819,6
5820,5
5821,2
5822,2
5823,0
5824,0
5825,0
5826,2
5827,4
5828,0
5829,4
5830,1
5831,0
5832,6
5833,4
5834,2
5835,6
5836,5
5837,6
5838,5
5839,4
5840,6
5841,3
5842,6
5843,4
5844,3
5845,0
5846,2
5847,4
5848,2
5849,5
5850,4
5851,1
5852,1
5853,6
5854,4
5855,4
5856,1
5857,4
5858,4
5859,0
5860,4
5861,6
5862,6
5863,6
5864,4
5865,4
5866,1
5867,5
5868,5
5869,5
5870,6
5871,3
5872,6
5873,5
5874,5
5875,6
5876,6
5877,5
5878,2
5879,0
5880,4
5881,6
5882,0
5883,4
5884,0
5885,5
5886,6
5887,4
5888,5
5889,5
5890,3
5891,3
5892,3
5893,4
5894,3
5895,0
5896,2
5897,4
5898,0
5899,4
5900,4
5901,4
5902,4
5903,5
5904,2
5905,0
5906,4
5907,4
5908,5
5909,3
5910,4
5911,4
5912,5
5913,5
5914,3
5915,5
5916,0
5917,6
5918,2
5919,6
5920,0
5921,2
5922,2
5923,1
5924,5
5925,3
5926,2
5927,1
5928,1
5929,0
5930,5
5931,5
5932,5
5933,3
5934,3
5935,5
5936,2
5937,3
5938,6
5939,4
5940,3
5941,3
5942,5
5943,4
5944,3
5945,6
5946,2
5947,4
5948,0
5949,3
5950,3
5951,3
5952,3
5953,0
5954,1
5955,3
5956,3
5957,2
5958,5
5959,5
5960,3
5961,5
5962,2
5963,3
5964,4
5965,2
5966,2
5967,2
5968,2
5969,2
5970,2
5971,2
5972,3
5973,5
5974,6
5975,3
5976,3
5977,3
5978,3
5979,0
5980,2
5981,2
5982,3
5983,3
5984,6
5985,6
5986,6
5987,3
5988,6
5989,6
5990,4
5991,3
5992,4
5993,4
5994,4
5995,4
5996,4
5997,2
5998,3
5999,2
6000,4
6001,0
6002,3
6003,3
6004,6
6005,2
6006,6
6007,0
6008,2
6009,4
6010,3
6011,4
6012,4
6013,6
6014,6
6015,6
6016,6
6017,3
6018,3
6019,5
6020,6
6021,6
6022,6
6023,6
6024,5
6025,5
6026,5
6027,3
6028,1
6029,6
6030,6
6031,6
6032,6
6033,3
6034,0
6035,6
6036,1
6037,1
6038,1
6039,1
6040,1
6041,3
6042,5
6043,4
6044,6
6045,6
6046,4
6047,5
6048,2
6049,5
6050,6
6051,6
6052,6
6053,6
6054,4
6055,6
6056,4
6057,4
6058,4
6059,4
6060,2
6061,4
6062,6
6063,3
6064,2
6065,6
6066,2
6067,2
6068,3
6069,3
6070,3
6071,6
6072,6
6073,5
6074,6
6075,1
6076,3
6077,6
6078,6
6079,4
6080,4
6081,2
6082,2
6083,6
6084,2
6085,1
6086,2
6087,6
6088,3
6089,6
6090,6
6091,6
6092,2
6093,5
6094,6
6095,4
6096,3
6097,6
6098,6
6099,6
6100,6
6101,6
6102,6
6103,6
6104,2
6105,6
6106,0
6107,0
6108,3
6109,0
6110,6
6111,6
6112,2
6113,3
6114,0
6115,2
6116,2
6117,3
6118,3
6119,6
6120,4
6121,4
6122,5
6123,3
6124,3
6125,4
6126,6
6127,2
6128,5
6129,3
6130,0
6131,3
6132,3
6133,3
6134,4
6135,0
6136,5
6137,6
6138,6
6139,5
6140,6
6141,2
6142,4
6143,5
6144,2
6145,2
6146,2
6147,2
6148,4
6149,5
6150,4
6151,4
6152,4
6153,5
6154,3
6155,5
6156,0
6157,0
6158,0
6159,0
6160,5
6161,5
6162,4
6163,5
6164,6
6165,6
6166,6
6167,5
6168,4
6169,2
6170,4
6171,5
6172,3
6173,3
6174,6
6175,6
6176,6
6177,6
6178,6
6179,4
6180,4
6181,3
6182,5
6183,5
6184,2
6185,1
6186,2
6187,4
6188,2
6189,5
6190,5
6191,4
6192,3
6193,4
6194,6
6195,6
6196,2
6197,0
6198,3
6199,0
6200,2
6201,2
6202,5
6203,2
6204,0
6205,2
6206,6
6207,2
6208,3
6209,2
6210,0
6211,0
6212,3
6213,2
6214,3
6215,3
6216,2
6217,5
6218,4
6219,2
6220,3
6221,5
6222,5
6223,5
6224,2
6225,3
6226,6
6227,6
6228,6
6229,6
6230,0
6231,5
6232,5
6233,0
6234,0
6235,0
6236,0
6237,0
6238,6
6239,5
6240,3
6241,4
6242,3
6243,4
6244,6
6245,2
6246,5
6247,3
6248,5
6249,3
6250,3
6251,4
6252,6
6253,4
6254,4
6255,0
6256,4
6257,3
6258,3
6259,3
6260,4
6261,4
6262,4
6263,4
6264,3
6265,3
6266,3
6267,5
6268,5
6269,0
6270,0
6271,5
6272,5
6273,5
6274,3
6275,5
6276,5
6277,5
6278,5
6279,2
6280,0
6281,2
6282,3
6283,5
6284,5
6285,2
6286,3
6287,3
6288,5
6289,6
6290,2
6291,2
6292,3
6293,4
6294,5
6295,4
6296,4
6297,3
6298,6
6299,5
6300,6
6301,6
6302,4
6303,6
6304,4
6305,3
6306,6
6307,6
6308,4
6309,2
6310,2
6311,4
6312,3
6313,6
6314,6
6315,4
6316,6
6317,6
6318,3
6319,2
6320,6
6321,4
6322,6
6323,6
6324,6
6325,0
6326,0
6327,6
6328,0
6329,0
6330,0
6331,5
6332,5
6333,6
6334,4
6335,0
6336,3
6337,0
6338,0
6339,5
6340,2
6341,2
6342,3
6343,3
6344,3
6345,0
6346,6
6347,3
6348,5
6349,5
6350,0
6351,5
6352,0
6353,6
6354,4
6355,4
6356,4
6357,4
6358,4
6359,0
6360,4
6361,3
6362,3
6363,4
6364,4
6365,4
6366,5
6367,5
6368,6
6369,5
6370,3
6371,5
6372,5
6373,5
6374,5
6375,5
6376,0
6377,5
6378,3
6379,5
6380,0
6381,0
6382,2
6383,6
6384,4
6385,4
6386,4
6387,6
6388,6
6389,5
6390,5
6391,4
6392,3
6393,3
6394,3
6395,6
6396,6
6397,3
6398,4
6399,6
6400,4
6401,4
6402,4
6403,4
6404,6
6405,4
6406,4
6407,3
6408,2
6409,2
6410,2
6411,6
6412,3
6413,2
6414,0
6415,2
6416,2
6417,2
6418,6
6419,0
6420,5
6421,0
6422,5
6423,0
6424,3
6425,3
6426,5
6427,4
6428,4
6429,4
6430,6
6431,4
6432,4
6433,3
6434,6
6435,6
6436,6
6437,4
6438,4
6439,1
6440,1
6441,4
6442,4
6443,4
6444,4
6445,6
6446,1
6447,3
6448,2
6449,5
6450,6
6451,2
6452,6
6453,0
6454,3
6455,6
6456,3
6457,5
6458,6
6459,5
6460,5
6461,5
6462,2
6463,5
6464,4
6465,2
6466,5
6467,3
6468,6
6469,6
6470,6
6471,4
6472,4
6473,4
6474,6
6475,3
6476,0
6477,4
6478,4
6479,5
6480,5
6481,2
6482,2
6483,3
6484,4
6485,3
6486,3
6487,3
6488,6
6489,0
6490,3
6491,2
6492,2
6493,3
6494,0
6495,2
6496,5
6497,5
6498,6
6499,4
6500,5
6501,0
6502,3
6503,1
6504,4
6505,6
6506,5
6507,4
6508,5
6509,5
6510,2
6511,6
6512,6
6513,6
6514,5
6515,5
6516,5
6517,5
6518,4
6519,5
6520,4
6521,5
6522,5
6523,4
6524,5
6525,0
6526,4
6527,5
6528,2
6529,0
6530,5
6531,5
6532,0
6533,3
6534,6
6535,0
6536,6
6537,4
6538,6
6539,6
6540,6
6541,5
6542,6
6543,0
6544,5
6545,4
6546,4
6547,3
6548,3
6549,3
6550,3
6551,1
6552,1
6553,1
6554,3
6555,1
6556,1
6557,4
6558,6
6559,1
6560,1
6561,5
6562,5
6563,4
6564,4
6565,2
6566,1
6567,2
6568,1
6569,4
6570,1
6571,2
6572,5
6573,1
6574,1
6575,1
6576,6
6577,0
6578,5
6579,5
6580,5
6581,5
6582,5
6583,4
6584,4
6585,4
6586,4
6587,4
6588,5
6589,4
6590,4
6591,3
6592,3
6593,3
6594,6
6595,6
6596,4
6597,2
6598,5
6599,2
6600,3
6601,3
6602,2
6603,2
6604,3
6605,3
6606,3
6607,5
6608,3
6609,0
6610,0
6611,0
6612,4
6613,4
6614,3
6615,3
6616,0
6617,3
6618,5
6619,5
6620,2
6621,6
6622,3
6623,5
6624,0
6625,3
6626,5
6627,3
6628,1
6629,2
6630,2
6631,3
6632,2
6633,3
6634,3
6635,5
6636,0
6637,5
6638,2
6639,2
6640,2
6641,3
6642,0
6643,5
6644,4
6645,4
6646,4
6647,5
6648,0
6649,5
6650,6
6651,5
6652,5
6653,5
6654,4
6655,5
6656,5
6657,4
6658,4
6659,3
6660,5
6661,6
6662,2
6663,3
6664,3
6665,4
6666,4
6667,3
6668,3
6669,2
6670,5
6671,5
6672,5
6673,5
6674,5
6675,4
6676,4
6677,4
6678,5
6679,5
6680,5
6681,5
6682,1
6683,1
6684,2
6685,5
6686,3
6687,5
6688,5
6689,4
6690,4
6691,2
6692,0
6693,5
6694,5
6695,2
6696,5
6697,5
6698,5
6699,6
6700,5
6701,4
6702,4
6703,5
6704,1
6705,5
6706,5
6707,5
6708,4
6709,4
6710,4
6711,6
6712,2
6713,5
6714,2
6715,4
6716,6
6717,6
6718,5
6719,1
6720,4
6721,5
6722,4
6723,5
6724,2
6725,1
6726,1
6727,4
6728,2
6729,2
6730,5
6731,1
6732,5
6733,4
6734,5
6735,4
6736,0
6737,6
6738,5
6739,5
6740,5
6741,1
6742,5
6743,0
6744,5
6745,5
6746,5
6747,5
6748,5
6749,5
6750,3
6751,1
6752,1
6753,6
6754,1
6755,1
6756,1
6757,1
6758,1
6759,1
6760,1
6761,1
6762,6
6763,5
6764,1
6765,6
6766,5
6767,1
6768,5
6769,5
6770,3
6771,5
6772,2
6773,5
6774,6
6775,1
6776,6
6777,2
6778,2
6779,2
6780,2
6781,1
6782,1
6783,6
6784,1
6785,1
6786,3
6787,1
6788,6
6789,4
6790,5
6791,5
6792,5
6793,6
6794,5
6795,5
6796,6
6797,0
6798,6
6799,6
6800,0
6801,5
6802,4
6803,6
6804,2
6805,6
6806,4
6807,4
6808,6
6809,5
6810,5
6811,0
6812,4
6813,4
6814,4
6815,5
6816,5
6817,2
6818,5
6819,5
6820,5
6821,2
6822,6
6823,6
6824,0
6825,4
6826,5
6827,4
6828,4
6829,6
6830,6
6831,6
6832,1
6833,0
6834,4
6835,4
6836,5
6837,5
6838,0
6839,5
6840,5
6841,5
6842,6
6843,0
6844,5
6845,5
6846,4
6847,5
6848,1
6849,6
6850,5
6851,6
6852,6
6853,6
6854,1
6855,0
6856,5
6857,5
6858,4
6859,4
6860,1
6861,5
6862,6
6863,0
6864,4
6865,5
6866,0
6867,0
6868,4
6869,5
6870,5
6871,3
6872,5
6873,6
6874,6
6875,4
6876,6
6877,1
6878,1
6879,1
6880,1
6881,1
6882,1
6883,1
6884,1
6885,1
6886,1
6887,4
6888,1
6889,5
6890,2
6891,5
6892,4
6893,5
6894,5
6895,4
6896,5
6897,4
6898,5
6899,4
6900,6
6901,0
6902,0
6903,0
6904,5
6905,5
6906,1
6907,4
6908,1
6909,5
6910,5
6911,5
6912,5
6913,5
6914,4
6915,0
6916,5
6917,5
6918,4
6919,4
6920,3
6921,6
6922,0
6923,6
6924,6
6925,4
6926,4
6927,0
6928,4
6929,4
6930,4
6931,6
6932,5
6933,5
6934,5
6935,5
6936,1
6937,5
6938,6
6939,6
6940,2
6941,5
6942,5
6943,0
6944,5
6945,5
6946,5
6947,5
6948,4
6949,5
6950,4
6951,1
6952,1
6953,6
6954,6
6955,5
6956,6
6957,0
6958,5
6959,5
6960,6
6961,5
6962,5
6963,6
6964,6
6965,2
6966,5
6967,5
6968,3
6969,3
6970,2
6971,5
6972,5
6973,6
6974,6
6975,6
6976,6
6977,2
6978,4
6979,5
6980,5
6981,5
6982,0
6983,4
6984,1
6985,5
6986,6
6987,2
6988,2
6989,2
6990,5
6991,5
6992,2
6993,2
6994,6
6995,0
6996,5
6997,5
6998,3
6999,3
7000,5
7001,0
7002,1
7003,4
7004,5
7005,6
7006,5
7007,5
7008,5
7009,6
7010,5
7011,0
7012,3
7013,3
7014,4
7015,0
7016,5
7017,0
7018,6
7019,0
7020,5
7021,2
7022,4
7023,6
7024,3
7025,3
7026,5
7027,5
7028,4
7029,6
7030,5
7031,6
7032,5
7033,5
7034,4
7035,6
7036,2
7037,0
7038,0
7039,4
7040,4
7041,6
7042,2
7043,5
7044,4
7045,6
7046,1
7047,2
7048,6
7049,1
7050,3
7051,3
7052,6
7053,1
7054,4
7055,4
7056,4
7057,4
7058,4
7059,4
7060,6
7061,4
7062,5
7063,5
7064,6
7065,3
7066,3
7067,5
7068,4
7069,0
7070,5
7071,2
7072,2
7073,4
7074,0
7075,5
7076,5
7077,5
7078,3
7079,3
7080,0
7081,2
7082,4
7083,4
7084,4
7085,4
7086,4
7087,5
7088,5
7089,5
7090,5
7091,5
7092,5
7093,5
7094,4
7095,5
7096,5
7097,4
7098,5
7099,5
7100,0
7101,5
7102,5
7103,5
7104,5
7105,5
7106,5
7107,5
7108,4
7109,5
7110,4
7111,6
7112,3
7113,0
7114,5
7115,0
7116,2
7117,0
7118,5
7119,5
7120,0
7121,0
7122,3
7123,5
7124,5
7125,3
7126,0
7127,3
7128,3
7129,3
7130,3
7131,0
7132,6
7133,6
7134,0
7135,0
7136,0
7137,0
7138,2
7139,6
7140,4
7141,6
7142,5
7143,5
7144,5
7145,3
7146,1
7147,6
7148,4
7149,2
7150,0
7151,2
7152,5
7153,3
7154,5
7155,5
7156,4
7157,5
7158,1
7159,4
7160,5
7161,1
7162,5
7163,1
7164,3
7165,4
7166,1
7167,4
7168,2
7169,2
7170,3
7171,3
7172,4
7173,5
7174,0
7175,0
7176,0
7177,0
7178,5
7179,2
7180,5
7181,4
7182,5
7183,4
7184,3
7185,1
7186,1
7187,4
7188,2
7189,2
7190,0
7191,4
7192,3
7193,5
7194,5
7195,5
7196,3
7197,5
7198,5
7199,5
7200,5
7201,0
7202,5
7203,0
7204,6
7205,5
7206,5
7207,0
7208,0
7209,5
7210,5
7211,5
7212,5
7213,5
7214,4
7215,5
7216,4
7217,5
7218,3
7219,5
7220,3
7221,5
7222,6
7223,6
7224,3
7225,3
7226,6
7227,6
7228,4
7229,4
7230,4
7231,6
7232,6
7233,2
7234,5
7235,5
7236,5
7237,6
7238,6
7239,6
7240,1
7241,4
7242,3
7243,5
7244,4
7245,4
7246,4
7247,4
7248,4
7249,0
7250,6
7251,4
7252,4
7253,4
7254,6
7255,2
7256,3
7257,0
7258,0
7259,3
7260,0
7261,5
7262,5
7263,2
7264,5
7265,5
7266,6
7267,3
7268,4
7269,4
7270,2
7271,5
7272,6
7273,1
7274,1
7275,1
7276,3
7277,2
7278,1
7279,1
7280,6
7281,2
7282,5
7283,5
7284,4
7285,4
7286,4
7287,4
7288,3
7289,2
7290,5
7291,4
7292,4
7293,4
7294,3
7295,6
7296,4
7297,3
7298,6
7299,2
7300,6
7301,2
7302,2
7303,3
7304,6
7305,6
7306,6
7307,6
7308,5
7309,0
7310,0
7311,0
7312,0
7313,0
7314,0
7315,0
7316,5
7317,0
7318,6
7319,2
7320,2
7321,2
7322,2
7323,2
7324,2
7325,3
7326,4
7327,2
7328,2
7329,6
7330,6
7331,4
7332,6
7333,6
7334,3
7335,1
7336,2
7337,3
7338,3
7339,4
7340,4
7341,3
7342,2
7343,4
7344,2
7345,3
7346,2
7347,4
7348,4
7349,6
7350,6
7351,3
7352,3
7353,2
7354,3
7355,2
7356,2
7357,3
7358,6
7359,5
7360,6
7361,3
7362,5
7363,6
7364,6
7365,5
7366,6
7367,4
7368,4
7369,3
7370,3
7371,4
7372,6
7373,4
7374,4
7375,6
7376,3
7377,3
7378,3
7379,5
7380,6
7381,1
7382,6
7383,6
7384,0
7385,6
7386,6
7387,2
7388,3
7389,6
7390,0
7391,3
7392,3
7393,0
7394,3
7395,3
7396,3
7397,2
7398,3
7399,3
7400,0
7401,4
7402,3
7403,5
7404,3
7405,3
7406,4
7407,6
7408,2
7409,5
7410,5
7411,6
7412,3
7413,3
7414,3
7415,6
7416,4
7417,5
7418,4
7419,4
7420,3
7421,3
7422,4
7423,5
7424,0
7425,0
7426,3
7427,3
7428,3
7429,3
7430,4
7431,3
7432,0
7433,3
7434,3
7435,3
7436,3
7437,3
7438,2
7439,3
7440,2
7441,5
7442,0
7443,6
7444,0
7445,3
7446,0
7447,4
7448,6
7449,3
7450,3
7451,3
7452,0
7453,4
7454,4
7455,4
7456,4
7457,6
7458,3
7459,5
7460,3
7461,0
7462,3
7463,3
7464,3
7465,3
7466,4
7467,3
7468,3
7469,3
7470,3
7471,3
7472,3
7473,2
7474,6
7475,0
7476,0
7477,6
7478,2
7479,2
7480,2
7481,2
7482,2
7483,6
7484,4
7485,4
7486,6
7487,4
7488,3
7489,2
7490,4
7491,4
7492,6
7493,5
7494,0
7495,3
7496,3
7497,6
7498,3
7499,3
7500,1
7501,0
7502,0
7503,3
7504,6
7505,3
7506,3
7507,3
7508,6
7509,6
7510,4
7511,6
7512,3
7513,3
7514,6
7515,6
7516,6
7517,4
7518,6
7519,6
7520,3
7521,6
7522,6
7523,4
7524,4
7525,4
7526,1
7527,4
7528,5
7529,6
7530,5
7531,3
7532,2
7533,3
7534,3
7535,3
7536,6
7537,0
7538,3
7539,0
7540,3
7541,4
7542,3
7543,6
7544,1
7545,4
7546,4
7547,2
7548,6
7549,6
7550,3
7551,5
7552,3
7553,4
7554,3
7555,2
7556,2
7557,3
7558,3
7559,4
7560,4
7561,6
7562,4
7563,6
7564,6
7565,6
7566,3
7567,3
7568,6
7569,3
7570,6
7571,3
7572,3
7573,3
7574,3
7575,3
7576,3
7577,3
7578,3
7579,4
7580,1
7581,3
7582,6
7583,6
7584,3
7585,3
7586,4
7587,4
7588,6
7589,3
7590,2
7591,2
7592,0
7593,0
7594,5
7595,4
7596,5
7597,5
7598,0
7599,5
7600,4
7601,5
7602,4
7603,6
7604,6
7605,4
7606,4
7607,6
7608,1
7609,4
7610,1
7611,2
7612,4
7613,4
7614,5
7615,0
7616,5
7617,6
7618,6
7619,5
7620,5
7621,0
7622,0
7623,3
7624,6
7625,5
7626,5
7627,2
7628,2
7629,3
7630,6
7631,4
7632,6
7633,2
7634,0
7635,3
7636,5
7637,5
7638,5
7639,6
7640,0
7641,4
7642,6
7643,6
7644,2
7645,6
7646,5
7647,0
7648,5
7649,0
7650,3
7651,3
7652,3
7653,4
7654,4
7655,3
7656,5
7657,3
7658,3
7659,3
7660,3
7661,3
7662,4
7663,2
7664,0
7665,0
7666,4
7667,4
7668,2
7669,2
7670,4
7671,6
7672,6
7673,3
7674,4
7675,1
7676,3
7677,4
7678,5
7679,3
7680,5
7681,5
7682,5
7683,2
7684,5
7685,5
7686,6
7687,6
7688,6
7689,6
7690,0
7691,0
7692,0
7693,4
7694,4
7695,5
7696,5
7697,4
7698,5
7699,2
7700,4
7701,6
7702,6
7703,6
7704,6
7705,3
7706,4
7707,6
7708,2
7709,6
7710,3
7711,2
7712,2
7713,4
7714,3
7715,5
7716,5
7717,5
7718,5
7719,4
7720,5
7721,0
7722,0
7723,6
7724,6
7725,6
7726,2
7727,5
7728,3
7729,3
7730,3
7731,5
7732,5
7733,0
7734,0
7735,4
7736,0
7737,0
7738,0
7739,0
7740,2
7741,3
7742,5
7743,2
7744,2
7745,2
7746,5
7747,5
7748,5
7749,6
7750,5
7751,5
7752,5
7753,5
7754,1
7755,5
7756,5
7757,3
7758,6
7759,5
7760,5
7761,3
7762,3
7763,2
7764,2
7765,0
7766,0
7767,0
7768,0
7769,5
7770,5
7771,0
7772,0
7773,6
7774,2
7775,5
7776,3
7777,4
7778,6
7779,4
7780,0
7781,6
7782,5
7783,1
7784,6
7785,5
7786,5
7787,3
7788,4
7789,6
7790,6
7791,0
7792,1
7793,1
7794,6
7795,5
7796,6
7797,5
7798,6
7799,0
7800,2
7801,5
7802,5
7803,4
7804,4
7805,4
7806,3
7807,5
7808,1
7809,5
7810,1
7811,5
7812,4
7813,2
7814,5
7815,5
7816,5
7817,4
7818,6
7819,4
7820,0
7821,6
7822,4
7823,1
7824,4
7825,6
7826,5
7827,5
7828,5
7829,4
7830,1
7831,5
7832,5
7833,4
7834,2
7835,5
7836,4
7837,6
7838,4
7839,3
7840,2
7841,5
7842,5
7843,2
7844,4
7845,3
7846,3
7847,3
7848,5
7849,3
7850,5
7851,0
7852,3
7853,4
7854,5
7855,6
7856,6
7857,5
7858,3
7859,6
7860,1
7861,4
7862,6
7863,6
7864,3
7865,3
7866,6
7867,6
7868,2
7869,3
7870,3
7871,3
7872,1
7873,4
7874,6
7875,1
7876,6
7877,6
7878,5
7879,6
7880,5
7881,5
7882,3
7883,6
7884,6
7885,4
7886,3
7887,4
7888,3
7889,6
7890,4
7891,3
7892,2
7893,0
7894,2
7895,5
7896,3
7897,3
7898,4
7899,6
7900,4
7901,3
7902,3
7903,3
7904,3
7905,3
7906,3
7907,3
7908,2
7909,2
7910,3
7911,2
7912,4
7913,3
7914,3
7915,6
7916,3
7917,4
7918,4
7919,3
7920,4
7921,3
7922,2
7923,5
7924,3
7925,3
7926,4
7927,3
7928,4
7929,6
7930,4
7931,0
7932,2
7933,4
7934,4
7935,5
7936,3
7937,6
7938,6
7939,6
7940,3
7941,3
7942,6
7943,6
7944,6
7945,6
7946,3
7947,6
7948,6
7949,6
7950,5
7951,4
7952,3
7953,5
7954,3
7955,6
7956,5
7957,5
7958,3
7959,3
7960,1
7961,0
7962,2
7963,2
7964,2
7965,3
7966,6
7967,2
7968,4
7969,4
7970,4
7971,3
7972,3
7973,4
7974,0
7975,3
7976,3
7977,0
7978,3
7979,3
7980,3
7981,1
7982,3
7983,4
7984,3
7985,0
7986,5
7987,6
7988,6
7989,6
7990,3
7991,5
7992,2
7993,6
7994,3
7995,3
7996,0
7997,3
7998,3
7999,6
8000,4
8001,4
8002,4
8003,6
8004,6
8005,6
8006,3
8007,0
8008,5
8009,6
8010,0
8011,5
8012,2
8013,3
8014,3
8015,1
8016,4
8017,3
8018,3
8019,3
8020,1
8021,2
8022,4
8023,2
8024,3
8025,4
8026,3
8027,3
8028,3
8029,5
8030,3
8031,6
8032,6
8033,3
8034,3
8035,5
8036,3
8037,3
8038,3
8039,3
8040,3
8041,2
8042,2
8043,6
8044,6
8045,6
8046,6
8047,6
8048,6
8049,3
8050,3
8051,6
8052,6
8053,6
8054,3
8055,4
8056,0
8057,4
8058,6
8059,2
8060,5
8061,5
8062,5
8063,6
8064,5
8065,6
8066,5
8067,5
8068,4
8069,3
8070,3
8071,6
8072,4
8073,2
8074,5
8075,5
8076,2
8077,2
8078,2
8079,2
8080,2
8081,6
8082,6
8083,2
8084,2
8085,2
8086,2
8087,1
8088,2
8089,3
8090,5
8091,5
8092,6
8093,1
8094,1
8095,5
8096,0
8097,4
8098,4
8099,5
8100,5
8101,1
8102,2
8103,5
8104,6
8105,6
8106,5
8107,2
8108,0
8109,4
8110,5
8111,5
8112,1
8113,6
8114,1
8115,5
8116,4
8117,3
8118,4
8119,3
8120,6
8121,0
8122,0
8123,4
8124,4
8125,0
8126,5
8127,5
8128,4
8129,6
8130,3
8131,2
8132,1
8133,4
8134,4
8135,3
8136,3
8137,3
8138,3
8139,3
8140,3
8141,3
8142,3
8143,4
8144,3
8145,3
8146,3
8147,3
8148,5
8149,3
8150,6
8151,3
8152,3
8153,3
8154,1
8155,3
8156,1
8157,4
8158,5
8159,4
8160,4
8161,3
8162,4
8163,3
8164,6
8165,5
8166,6
8167,6
8168,6
8169,3
8170,3
8171,4
8172,3
8173,3
8174,4
8175,2
8176,6
8177,2
8178,6
8179,3
8180,5
8181,3
8182,3
8183,3
8184,5
8185,5
8186,5
8187,3
8188,3
8189,3
8190,5
8191,3
8192,3
8193,3
8194,3
8195,3
8196,2
8197,3
8198,3
8199,3
8200,4
8201,5
8202,1
8203,3
8204,5
8205,3
8206,5
8207,3
8208,3
8209,3
8210,3
8211,0
8212,3
8213,3
8214,5
8215,3
8216,3
8217,6
8218,0
8219,6
8220,3
8221,5
8222,6
8223,6
8224,4
8225,5
8226,6
8227,3
8228,3
8229,3
8230,3
8231,3
8232,3
8233,3
8234,4
8235,3
8236,6
8237,6
8238,3
8239,3
8240,6
8241,3
8242,6
8243,3
8244,3
8245,3
8246,3
8247,3
8248,3
8249,3
8250,3
8251,3
8252,3
8253,0
8254,0
8255,0
8256,0
8257,3
8258,3
8259,2
8260,2
8261,6
8262,2
8263,1
8264,2
8265,6
8266,6
8267,0
8268,3
8269,3
8270,3
8271,2
8272,1
8273,1
8274,1
8275,0
8276,1
8277,6
8278,6
8279,6
8280,6
8281,0
8282,1
8283,4
8284,1
8285,6
8286,4
8287,2
8288,6
8289,5
8290,4
8291,4
8292,6
8293,3
8294,3
8295,3
8296,3
8297,6
8298,6
8299,0
8300,1
8301,6
8302,1
8303,0
8304,3
8305,3
8306,4
8307,0
8308,6
8309,6
8310,1
8311,2
8312,5
8313,4
8314,0
8315,5
8316,5
8317,5
8318,4
8319,0
8320,3
8321,3
8322,4
8323,0
8324,4
8325,4
8326,5
8327,4
8328,0
8329,3
8330,5
8331,5
8332,4
8333,4
8334,5
8335,5
8336,4
8337,4
8338,3
8339,2
8340,4
8341,0
8342,4
8343,4
8344,6
8345,4
8346,4
8347,4
8348,5
8349,3
8350,6
8351,6
8352,2
8353,2
8354,2
8355,4
8356,6
8357,6
8358,6
8359,6
8360,6
8361,2
8362,6
8363,6
8364,5
8365,4
8366,2
8367,4
8368,1
8369,5
8370,5
8371,5
8372,5
8373,5
8374,5
8375,5
8376,0
8377,4
8378,4
8379,5
8380,5
8381,4
8382,3
8383,1
8384,4
8385,6
8386,4
8387,0
8388,5
8389,5
8390,1
8391,3
8392,5
8393,4
8394,4
8395,5
8396,1
8397,3
8398,5
8399,5
8400,1
8401,5
8402,4
8403,2
8404,4
8405,3
8406,4
8407,5
8408,5
8409,5
8410,1
8411,2
8412,4
8413,4
8414,3
8415,6
8416,2
8417,4
8418,1
8419,1
8420,5
8421,1
8422,6
8423,4
8424,6
8425,4
8426,0
8427,4
8428,6
8429,6
8430,4
8431,5
8432,6
8433,5
8434,0
8435,0
8436,1
8437,6
8438,2
8439,2
8440,0
8441,0
8442,0
8443,2
8444,4
8445,5
8446,5
8447,5
8448,5
8449,5
8450,6
8451,5
8452,0
8453,0
8454,6
8455,6
8456,0
8457,6
8458,6
8459,6
8460,6
8461,6
8462,0
8463,0
8464,5
8465,5
8466,5
8467,5
8468,0
8469,4
8470,6
8471,6
8472,6
8473,6
8474,6
8475,2
8476,5
8477,6
8478,2
8479,2
8480,3
8481,5
8482,6
8483,5
8484,5
8485,2
8486,6
8487,5
8488,3
8489,3
8490,5
8491,5
8492,5
8493,3
8494,3
8495,0
8496,4
8497,2
8498,5
8499,3
8500,5
8501,4
8502,5
8503,5
8504,2
8505,4
8506,5
8507,6
8508,6
8509,5
8510,6
8511,6
8512,5
8513,5
8514,5
8515,3
8516,4
8517,4
8518,3
8519,3
8520,5
8521,5
8522,4
8523,3
8524,3
8525,5
8526,0
8527,4
8528,5
8529,3
8530,5
8531,1
8532,5
8533,5
8534,3
8535,6
8536,6
8537,0
8538,0
8539,5
8540,0
8541,2
8542,0
8543,6
8544,5
8545,3
8546,3
8547,2
8548,3
8549,2
8550,2
8551,2
8552,0
8553,6
8554,6
8555,6
8556,6
8557,4
8558,3
8559,4
8560,4
8561,4
8562,3
8563,3
8564,5
8565,3
8566,4
8567,0
8568,4
8569,0
8570,3
8571,0
8572,6
8573,3
8574,6
8575,5
8576,6
8577,6
8578,1
8579,0
8580,6
8581,6
8582,4
8583,0
8584,3
8585,6
8586,5
8587,4
8588,3
8589,3
8590,3
8591,5
8592,3
8593,6
8594,5
8595,3
8596,3
8597,3
8598,1
8599,3
8600,1
8601,6
8602,3
8603,6
8604,4
8605,6
8606,6
8607,6
8608,6
8609,5
8610,4
8611,5
8612,2
8613,6
8614,6
8615,5
8616,3
8617,3
8618,4
8619,1
8620,2
8621,4
8622,4
8623,5
8624,6
8625,1
8626,1
8627,3
8628,5
8629,5
8630,2
8631,3
8632,6
8633,6
8634,3
8635,4
8636,5
8637,5
8638,3
8639,3
8640,3
8641,4
8642,3
8643,4
8644,6
8645,6
8646,3
8647,1
8648,4
8649,4
8650,4
8651,4
8652,6
8653,6
8654,5
8655,2
8656,2
8657,5
8658,2
8659,6
8660,2
8661,0
8662,3
8663,6
8664,0
8665,0
8666,3
8667,3
8668,6
8669,4
8670,4
8671,3
8672,0
8673,0
8674,0
8675,3
8676,0
8677,5
8678,3
8679,2
8680,6
8681,5
8682,5
8683,5
8684,3
8685,4
8686,4
8687,3
8688,5
8689,5
8690,5
8691,3
8692,3
8693,4
8694,2
8695,4
8696,2
8697,3
8698,2
8699,5
8700,6
8701,0
8702,4
8703,6
8704,4
8705,3
8706,3
8707,3
8708,0
8709,3
8710,4
8711,4
8712,5
8713,2
8714,2
8715,3
8716,6
8717,3
8718,4
8719,3
8720,3
8721,3
8722,3
8723,1
8724,3
8725,5
8726,1
8727,5
8728,5
8729,2
8730,3
8731,2
8732,2
8733,6
8734,3
8735,6
8736,6
8737,4
8738,6
8739,0
8740,3
8741,6
8742,6
8743,6
8744,0
8745,5
8746,3
8747,3
8748,3
8749,0
8750,3
8751,1
8752,5
8753,6
8754,3
8755,3
8756,5
8757,3
8758,0
8759,0
8760,3
8761,6
8762,6
8763,6
8764,5
8765,5
8766,3
8767,4
8768,6
8769,2
8770,6
8771,0
8772,3
8773,2
8774,1
8775,2
8776,5
8777,0
8778,3
8779,2
8780,3
8781,5
8782,5
8783,5
8784,6
8785,5
8786,5
8787,3
8788,2
8789,2
8790,6
8791,2
8792,3
8793,2
8794,6
8795,6
8796,6
8797,2
8798,3
8799,5
8800,0
8801,4
8802,3
8803,6
8804,2
8805,2
8806,2
8807,5
8808,2
8809,4
8810,6
8811,0
8812,6
8813,4
8814,4
8815,6
8816,3
8817,5
8818,2
8819,2
8820,3
8821,3
8822,2
8823,3
8824,0
8825,3
8826,1
8827,3
8828,3
8829,0
8830,3
8831,3
8832,6
8833,3
8834,2
8835,4
8836,1
8837,6
8838,1
8839,1
8840,1
8841,1
8842,1
8843,2
8844,6
8845,4
8846,0
8847,3
8848,4
8849,5
8850,5
8851,3
8852,0
8853,2
8854,2
8855,3
8856,1
8857,0
8858,3
8859,3
8860,5
8861,5
8862,6
8863,2
8864,4
8865,6
8866,4
8867,0
8868,0
8869,2
8870,6
8871,6
8872,3
8873,3
8874,3
8875,4
8876,4
8877,3
8878,6
8879,6
8880,6
8881,1
8882,6
8883,6
8884,6
8885,6
8886,2
8887,2
8888,4
8889,2
8890,6
8891,2
8892,3
8893,4
8894,2
8895,2
8896,2
8897,2
8898,2
8899,1
8900,6
8901,3
8902,3
8903,3
8904,0
8905,0
8906,6
8907,6
8908,0
8909,0
8910,6
8911,5
8912,4
8913,4
8914,4
8915,6
8916,6
8917,3
8918,6
8919,6
8920,6
8921,2
8922,4
8923,2
8924,6
8925,4
8926,2
8927,3
8928,3
8929,2
8930,0
8931,5
8932,4
8933,6
8934,1
8935,4
8936,0
8937,6
8938,3
8939,3
8940,5
8941,3
8942,4
8943,3
8944,5
8945,4
8946,3
8947,4
8948,6
8949,4
8950,3
8951,2
8952,6
8953,0
8954,2
8955,2
8956,3
8957,3
8958,2
8959,5
8960,3
8961,2
8962,5
8963,5
8964,6
8965,0
8966,6
8967,1
8968,1
8969,3
8970,0
8971,1
8972,3
8973,3
8974,3
8975,5
8976,2
8977,3
8978,3
8979,5
8980,6
8981,6
8982,0
8983,3
8984,2
8985,0
8986,2
8987,2
8988,4
8989,6
8990,4
8991,5
8992,1
8993,5
8994,4
8995,4
8996,1
8997,2
8998,2
8999,2
9000,2
9001,4
9002,0
9003,3
9004,0
9005,3
9006,2
9007,0
9008,1
9009,6
9010,3
9011,5
9012,3
9013,1
9014,5
9015,2
9016,3
9017,3
9018,5
9019,2
9020,2
9021,0
9022,0
9023,3
9024,2
9025,2
9026,2
9027,0
9028,5
9029,4
9030,0
9031,6
9032,4
9033,0
9034,0
9035,0
9036,2
9037,5
9038,5
9039,5
9040,5
9041,6
9042,2
9043,2
9044,5
9045,5
9046,2
9047,5
9048,3
9049,5
9050,5
9051,5
9052,2
9053,3
9054,0
9055,2
9056,2
9057,2
9058,2
9059,5
9060,3
9061,5
9062,2
9063,6
9064,6
9065,5
9066,2
9067,5
9068,2
9069,4
9070,6
9071,5
9072,4
9073,4
9074,6
9075,4
9076,3
9077,4
9078,5
9079,2
9080,5
9081,2
9082,1
9083,2
9084,5
9085,5
9086,1
9087,3
9088,5
9089,5
9090,5
9091,5
9092,5
9093,0
9094,6
9095,6
9096,5
9097,6
9098,5
9099,5
9100,5
9101,5
9102,5
9103,0
9104,0
9105,0
9106,0
9107,0
9108,5
9109,0
9110,5
9111,6
9112,5
9113,2
9114,2
9115,3
9116,5
9117,5
9118,3
9119,3
9120,2
9121,3
9122,3
9123,6
9124,3
9125,2
9126,1
9127,1
9128,1
9129,1
9130,3
9131,4
9132,2
9133,2
9134,5
9135,4
9136,1
9137,4
9138,5
9139,5
9140,5
9141,4
9142,5
9143,0
9144,4
9145,4
9146,2
9147,4
9148,4
9149,4
9150,2
9151,6
9152,6
9153,6
9154,6
9155,3
9156,1
9157,3
9158,6
9159,4
9160,2
9161,4
9162,5
9163,2
9164,4
9165,4
9166,4
9167,5
9168,1
9169,4
9170,5
9171,3
9172,2
9173,5
9174,6
9175,6
9176,5
9177,6
9178,0
9179,0
9180,4
9181,6
9182,1
9183,3
9184,6
9185,6
9186,4
9187,2
9188,4
9189,0
9190,5
9191,3
9192,3
9193,4
9194,5
9195,5
9196,5
9197,5
9198,4
9199,5
9200,3
9201,3
9202,5
9203,2
9204,5
9205,5
9206,5
9207,5
9208,2
9209,5
9210,5
9211,1
9212,1
9213,0
9214,2
9215,5
9216,6
9217,3
9218,3
9219,5
9220,0
9221,3
9222,0
9223,5
9224,4
9225,4
9226,5
9227,0
9228,0
9229,0
9230,0
9231,0
9232,1
9233,1
9234,5
9235,5
9236,5
9237,5
9238,5
9239,1
9240,5
9241,4
9242,5
9243,6
9244,6
9245,6
9246,2
9247,5
9248,5
9249,5
9250,6
9251,5
9252,5
9253,6
9254,1
9255,5
9256,1
9257,0
9258,0
9259,5
9260,5
9261,6
9262,6
9263,6
9264,5
9265,6
9266,3
9267,5
9268,5
9269,4
9270,5
9271,0
9272,4
9273,1
9274,4
9275,4
9276,4
9277,5
9278,5
9279,5
9280,0
9281,2
9282,5
9283,1
9284,0
9285,5
9286,4
9287,4
9288,0
9289,4
9290,3
9291,6
9292,3
9293,3
9294,3
9295,0
9296,5
9297,3
9298,6
9299,6
9300,3
9301,3
9302,0
9303,0
9304,2
9305,6
9306,0
9307,6
9308,3
9309,3
9310,0
9311,4
9312,6
9313,3
9314,1
9315,3
9316,4
9317,5
9318,4
9319,6
9320,5
9321,5
9322,6
9323,3
9324,4
9325,4
9326,4
9327,2
9328,6
9329,6
9330,6
9331,6
9332,6
9333,6
9334,3
9335,4
9336,3
9337,3
9338,3
9339,5
9340,4
9341,4
9342,5
9343,5
9344,3
9345,6
9346,4
9347,5
9348,3
9349,0
9350,0
9351,0
9352,0
9353,5
9354,5
9355,5
9356,4
9357,4
9358,3
9359,5
9360,5
9361,3
9362,3
9363,5
9364,6
9365,6
9366,5
9367,4
9368,6
9369,6
9370,0
9371,2
9372,5
9373,3
9374,3
9375,3
9376,4
9377,0
9378,1
9379,1
9380,4
9381,3
9382,3
9383,0
9384,1
9385,5
9386,5
9387,5
9388,5
9389,6
9390,2
9391,0
9392,5
9393,0
9394,0
9395,5
9396,5
9397,2
9398,5
9399,2
9400,2
9401,5
9402,2
9403,5
9404,5
9405,3
9406,5
9407,5
9408,4
9409,0
9410,5
9411,6
9412,5
9413,5
9414,3
9415,3
9416,5
9417,3
9418,6
9419,6
9420,5
9421,0
9422,5
9423,4
9424,4
9425,4
9426,2
9427,5
9428,2
9429,4
9430,4
9431,2
9432,3
9433,5
9434,5
9435,2
9436,6
9437,6
9438,6
9439,4
9440,6
9441,2
9442,6
9443,2
9444,2
9445,6
9446,5
9447,5
9448,5
9449,0
9450,5
9451,2
9452,2
9453,5
9454,4
9455,5
9456,3
9457,6
9458,6
9459,1
9460,4
9461,6
9462,6
9463,4
9464,0
9465,5
9466,4
9467,5
9468,5
9469,6
9470,4
9471,0
9472,5
9473,2
9474,5
9475,5
9476,5
9477,5
9478,5
9479,2
9480,5
9481,5
9482,4
9483,0
9484,5
9485,5
9486,5
9487,5
9488,0
9489,4
9490,5
9491,0
9492,2
9493,6
9494,2
9495,4
9496,6
9497,4
9498,4
9499,6
9500,6
9501,5
9502,0
9503,5
9504,5
9505,3
9506,2
9507,1
9508,4
9509,1
9510,5
9511,2
9512,6
9513,0
9514,0
9515,0
9516,0
9517,6
9518,0
9519,5
9520,5
9521,0
9522,6
9523,6
9524,1
9525,1
9526,1
9527,1
9528,1
9529,5
9530,1
9531,1
9532,1
9533,1
9534,1
9535,1
9536,1
9537,4
9538,1
9539,2
9540,5
9541,2
9542,5
9543,4
9544,5
9545,5
9546,6
9547,5
9548,1
9549,5
9550,4
9551,3
9552,2
9553,2
9554,4
9555,3
9556,1
9557,4
9558,3
9559,1
9560,1
9561,1
9562,1
9563,4
9564,4
9565,0
9566,0
9567,2
9568,5
9569,2
9570,5
9571,0
9572,5
9573,3
9574,5
9575,5
9576,6
9577,5
9578,0
9579,0
9580,4
9581,5
9582,6
9583,5
9584,5
9585,5
9586,5
9587,2
9588,5
9589,5
9590,5
9591,5
9592,1
9593,1
9594,1
9595,6
9596,1
9597,6
9598,1
9599,1
9600,1
9601,1
9602,1
9603,1
9604,1
9605,1
9606,1
9607,1
9608,1
9609,0
9610,1
9611,1
9612,5
9613,4
9614,6
9615,5
9616,5
9617,4
9618,0
9619,4
9620,2
9621,3
9622,6
9623,2
9624,6
9625,6
9626,2
9627,4
9628,2
9629,6
9630,5
9631,0
9632,5
9633,5
9634,5
9635,5
9636,5
9637,0
9638,6
9639,6
9640,5
9641,4
9642,1
9643,1
9644,2
9645,6
9646,4
9647,6
9648,6
9649,4
9650,5
9651,5
9652,5
9653,6
9654,5
9655,0
9656,0
9657,5
9658,3
9659,5
9660,5
9661,4
9662,4
9663,1
9664,4
9665,5
9666,6
9667,6
9668,0
9669,2
9670,2
9671,5
9672,2
9673,0
9674,5
9675,5
9676,6
9677,5
9678,0
9679,5
9680,2
9681,2
9682,2
9683,2
9684,2
9685,2
9686,2
9687,0
9688,5
9689,0
9690,5
9691,5
9692,4
9693,3
9694,5
9695,5
9696,5
9697,5
9698,5
9699,3
9700,5
9701,5
9702,0
9703,0
9704,5
9705,5
9706,2
9707,0
9708,2
9709,3
9710,0
9711,3
9712,6
9713,4
9714,0
9715,5
9716,1
9717,6
9718,6
9719,5
9720,6
9721,3
9722,5
9723,5
9724,5
9725,5
9726,5
9727,5
9728,2
9729,5
9730,5
9731,5
9732,5
9733,3
9734,6
9735,4
9736,2
9737,6
9738,4
9739,4
9740,6
9741,6
9742,5
9743,5
9744,3
9745,2
9746,5
9747,5
9748,5
9749,3
9750,3
9751,0
9752,0
9753,1
9754,5
9755,5
9756,1
9757,5
9758,5
9759,5
9760,2
9761,4
9762,0
9763,5
9764,3
9765,5
9766,6
9767,4
9768,5
9769,5
9770,6
9771,1
9772,5
9773,2
9774,3
9775,1
9776,4
9777,5
9778,2
9779,1
9780,1
9781,5
9782,2
9783,2
9784,2
9785,2
9786,2
9787,5
9788,3
9789,3
9790,3
9791,0
9792,2
9793,5
9794,5
9795,0
9796,6
9797,5
9798,5
9799,3
9800,3
9801,3
9802,3
9803,3
9804,3
9805,4
9806,6
9807,6
9808,5
9809,5
9810,0
9811,5
9812,2
9813,2
9814,3
9815,2
9816,4
9817,2
9818,2
9819,4
9820,1
9821,1
9822,1
9823,1
9824,3
9825,1
9826,1
9827,2
9828,1
9829,2
9830,1
9831,1
9832,1
9833,3
9834,2
9835,1
9836,1
9837,3
9838,6
9839,2
9840,1
9841,1
9842,1
9843,1
9844,1
9845,1
9846,2
9847,5
9848,1
9849,2
9850,5
9851,5
9852,5
9853,5
9854,5
9855,5
9856,1
9857,5
9858,4
9859,5
9860,6
9861,5
9862,5
9863,5
9864,5
9865,5
9866,6
9867,2
9868,2
9869,6
9870,2
9871,2
9872,5
9873,5
9874,1
9875,1
9876,2
9877,5
9878,5
9879,6
9880,5
9881,5
9882,5
9883,5
9884,2
9885,2
9886,5
9887,5
9888,5
9889,3
9890,0
9891,6
9892,6
9893,5
9894,0
9895,5
9896,2
9897,2
9898,3
9899,5
9900,5
9901,4
9902,0
9903,4
9904,4
9905,2
9906,4
9907,2
9908,5
9909,5
9910,2
9911,0
9912,0
9913,0
9914,3
9915,0
9916,5
9917,4
9918,1
9919,5
9920,6
9921,6
9922,2
9923,1
9924,1
9925,1
9926,1
9927,4
9928,1
9929,1
9930,2
9931,2
9932,2
9933,2
9934,6
9935,2
9936,6
9937,0
9938,0
9939,4
9940,2
9941,5
9942,2
9943,2
9944,2
9945,2
9946,0
9947,6
9948,0
9949,2
9950,0
9951,0
9952,0
9953,4
9954,4
9955,3
9956,3
9957,3
9958,5
9959,2
9960,2
9961,1
9962,4
9963,4
9964,6
9965,5
9966,6
9967,2
9968,2
9969,5
9970,4
9971,1
9972,1
9973,5
9974,5
9975,5
9976,5
9977,2
9978,5
9979,6
9980,5
9981,4
9982,1
9983,6
9984,0
9985,1
9986,1
9987,1
9988,3
9989,4
9990,4
9991,5
9992,5
9993,5
9994,0
9995,5
9996,4
9997,5
9998,0
9999,1
10000,0
10001,2
10002,5
10003,5
10004,1
10005,5
10006,6
10007,2
10008,2
10009,5
10010,4
10011,1
10012,0
10013,4
10014,2
10015,2
10016,1
10017,4
10018,1
10019,0
10020,5
10021,2
10022,2
10023,2
10024,5
10025,5
10026,0
10027,4
10028,4
10029,3
10030,5
10031,0
10032,2
10033,4
10034,0
10035,0
10036,0
10037,0
10038,0
10039,4
10040,4
10041,2
10042,4
10043,5
10044,4
10045,2
10046,2
10047,0
10048,5
10049,3
10050,5
10051,3
10052,0
10053,2
10054,5
10055,5
10056,3
10057,3
10058,5
10059,2
10060,4
10061,4
10062,1
10063,5
10064,5
10065,5
10066,0
10067,4
10068,5
10069,0
10070,5
10071,3
10072,5
10073,5
10074,0
10075,5
10076,5
10077,6
10078,5
10079,5
10080,5
10081,5
10082,5
10083,3
10084,5
10085,3
10086,6
10087,3
10088,3
10089,5
10090,5
10091,5
10092,5
10093,2
10094,2
10095,4
10096,4
10097,4
10098,4
10099,3
10100,3
10101,1
10102,3
10103,3
10104,3
10105,2
10106,6
10107,3
10108,5
10109,5
10110,5
10111,4
10112,3
10113,3
10114,3
10115,3
10116,4
10117,2
10118,4
10119,5
10120,3
10121,5
10122,5
10123,5
10124,3
10125,3
10126,6
10127,6
10128,0
10129,4
10130,5
10131,2
10132,2
10133,6
10134,3
10135,5
10136,3
10137,2
10138,4
10139,4
10140,2
10141,2
10142,5
10143,0
10144,0
10145,3
10146,4
10147,3
10148,3
10149,3
10150,5
10151,3
10152,6
10153,6
10154,6
10155,3
10156,6
10157,3
10158,3
10159,3
10160,2
10161,3
10162,3
10163,3
10164,3
10165,3
10166,3
10167,5
10168,3
10169,3
10170,3
10171,3
10172,3
10173,3
10174,0
10175,3
10176,3
10177,3
10178,3
10179,3
10180,3
10181,3
10182,6
10183,3
10184,3
10185,3
10186,2
10187,5
10188,2
10189,6
10190,6
10191,6
10192,6
10193,6
10194,3
10195,3
10196,3
10197,3
10198,4
10199,6
10200,2
10201,4
10202,5
10203,3
10204,3
10205,3
10206,2
10207,3
10208,3
10209,3
10210,3
10211,2
10212,5
10213,3
10214,2
10215,5
10216,3
10217,6
10218,6
10219,6
10220,6
10221,3
10222,6
10223,3
10224,3
10225,3
10226,5
10227,6
10228,3
10229,3
10230,3
10231,3
10232,3
10233,6
10234,3
10235,3
10236,3
10237,3
10238,0
10239,6
10240,6
10241,6
10242,2
10243,3
10244,3
10245,2
10246,2
10247,3
10248,3
10249,4
10250,3
10251,3
10252,3
10253,5
10254,0
10255,5
10256,4
10257,3
10258,3
10259,3
10260,2
10261,3
10262,3
10263,3
10264,3
10265,3
10266,5
10267,6
10268,5
10269,4
10270,4
10271,4
10272,2
10273,4
10274,4
10275,3
10276,4
10277,3
10278,4
10279,4
10280,3
10281,3
10282,2
10283,3
10284,3
10285,3
10286,2
10287,3
10288,3
10289,3
10290,3
10291,3
10292,6
10293,2
10294,3
10295,4
10296,6
10297,6
10298,6
10299,1
10300,4
10301,6
10302,6
10303,6
10304,2
10305,4
10306,3
10307,5
10308,3
10309,0
10310,3
10311,3
10312,3
10313,3
10314,3
10315,3
10316,2
10317,3
10318,3
10319,3
10320,4
10321,4
10322,4
10323,2
10324,5
10325,6
10326,5
10327,5
10328,2
10329,3
10330,3
10331,3
10332,3
10333,3
10334,5
10335,4
10336,6
10337,3
10338,3
10339,3
10340,0
10341,3
10342,3
10343,3
10344,3
10345,6
10346,1
10347,3
10348,6
10349,6
10350,3
10351,3
10352,4
10353,2
10354,6
10355,6
10356,3
10357,3
10358,3
10359,3
10360,3
10361,3
10362,2
10363,3
10364,2
10365,5
10366,5
10367,5
10368,3
10369,5
10370,5
10371,2
10372,3
10373,5
10374,4
10375,1
10376,3
10377,0
10378,5
10379,5
10380,5
10381,3
10382,3
10383,6
10384,2
10385,6
10386,6
10387,2
10388,6
10389,2
10390,6
10391,3
10392,6
10393,2
10394,3
10395,3
10396,3
10397,5
10398,6
10399,3
10400,5
10401,4
10402,5
10403,3
10404,6
10405,3
10406,3
10407,3
10408,5
10409,3
10410,3
10411,4
10412,2
10413,4
10414,6
10415,3
10416,5
10417,5
10418,3
10419,3
10420,5
10421,5
10422,0
10423,5
10424,5
10425,3
10426,3
10427,6
10428,6
10429,6
10430,3
10431,3
10432,4
10433,4
10434,4
10435,4
10436,3
10437,2
10438,3
10439,3
10440,5
10441,3
10442,3
10443,4
10444,0
10445,3
10446,2
10447,2
10448,2
10449,4
10450,3
10451,5
10452,2
10453,3
10454,5
10455,3
10456,1
10457,4
10458,6
10459,6
10460,3
10461,6
10462,4
10463,4
10464,4
10465,4
10466,5
10467,2
10468,3
10469,3
10470,3
10471,1
10472,6
10473,6
10474,3
10475,4
10476,4
10477,6
10478,6
10479,5
10480,6
10481,5
10482,5
10483,5
10484,3
10485,3
10486,3
10487,3
10488,3
10489,4
10490,4
10491,2
10492,6
10493,6
10494,2
10495,3
10496,6
10497,2
10498,2
10499,2
10500,6
10501,3
10502,4
10503,6
10504,6
10505,6
10506,6
10507,3
10508,2
10509,6
10510,6
10511,4
10512,6
10513,4
10514,6
10515,4
10516,2
10517,6
10518,3
10519,3
10520,4
10521,0
10522,3
10523,3
10524,3
10525,3
10526,5
10527,6
10528,4
10529,6
10530,4
10531,6
10532,6
10533,6
10534,6
10535,3
10536,6
10537,6
10538,3
10539,3
10540,6
10541,1
10542,4
10543,3
10544,4
10545,6
10546,4
10547,6
10548,4
10549,2
10550,3
10551,3
10552,3
10553,6
10554,0
10555,2
10556,6
10557,6
10558,6
10559,0
10560,6
10561,6
10562,6
10563,4
10564,6
10565,6
10566,3
10567,5
10568,3
10569,6
10570,5
10571,0
10572,3
10573,3
10574,2
10575,3
10576,6
10577,6
10578,6
10579,6
10580,6
10581,5
10582,6
10583,6
10584,6
10585,6
10586,3
10587,6
10588,6
10589,6
10590,6
10591,6
10592,3
10593,3
10594,3
10595,3
10596,3
10597,5
10598,4
10599,4
10600,3
10601,3
10602,6
10603,4
10604,6
10605,6
10606,3
10607,5
10608,3
10609,3
10610,3
10611,5
10612,5
10613,2
10614,2
10615,2
10616,2
10617,3
10618,3
10619,3
10620,5
10621,2
10622,3
10623,3
10624,3
10625,3
10626,3
10627,3
10628,3
10629,3
10630,5
10631,3
10632,3
10633,5
10634,4
10635,3
10636,4
10637,4
10638,1
10639,3
10640,5
10641,6
10642,4
10643,6
10644,5
10645,2
10646,2
10647,5
10648,5
10649,0
10650,5
10651,2
10652,5
10653,3
10654,4
10655,1
10656,3
10657,5
10658,5
10659,3
10660,4
10661,2
10662,5
10663,5
10664,4
10665,1
10666,1
10667,1
10668,4
10669,4
10670,6
10671,2
10672,2
10673,2
10674,5
10675,5
10676,1
10677,1
10678,1
10679,1
10680,6
10681,0
10682,5
10683,2
10684,3
10685,3
10686,3
10687,3
10688,3
10689,5
10690,5
10691,1
10692,1
10693,1
10694,3
10695,1
10696,1
10697,1
10698,0
10699,5
10700,0
10701,2
10702,0
10703,3
10704,3
10705,2
10706,3
10707,3
10708,3
10709,3
10710,2
10711,5
10712,3
10713,5
10714,4
10715,4
10716,1
10717,1
10718,1
10719,1
10720,1
10721,1
10722,1
10723,1
10724,1
10725,1
10726,4
10727,1
10728,4
10729,6
10730,5
10731,4
10732,4
10733,6
10734,1
10735,1
10736,4
10737,1
10738,0
10739,5
10740,0
10741,0
10742,4
10743,2
10744,5
10745,6
10746,0
10747,5
10748,5
10749,5
10750,5
10751,5
10752,5
10753,5
10754,1
10755,5
10756,5
10757,5
10758,2
10759,1
10760,2
10761,5
10762,5
10763,5
10764,4
10765,6
10766,6
10767,6
10768,0
10769,5
10770,5
10771,2
10772,3
10773,3
10774,2
10775,5
10776,5
10777,5
10778,4
10779,2
10780,5
10781,0
10782,6
10783,0
10784,4
10785,0
10786,0
10787,0
10788,5
10789,5
10790,5
10791,5
10792,4
10793,3
10794,3
10795,4
10796,2
10797,2
10798,2
10799,5
10800,4
10801,3
10802,5
10803,2
10804,4
10805,6
10806,2
10807,5
10808,4
10809,0
10810,4
10811,0
10812,5
10813,2
10814,2
10815,2
10816,3
10817,1
10818,6
10819,4
10820,5
10821,2
10822,6
10823,3
10824,3
10825,0
10826,1
10827,1
10828,6
10829,5
10830,5
10831,5
10832,0
10833,5
10834,6
10835,4
10836,6
10837,4
10838,6
10839,4
10840,5
10841,0
10842,6
10843,1
10844,6
10845,6
10846,6
10847,4
10848,0
10849,2
10850,1
10851,1
10852,3
10853,1
10854,1
10855,5
10856,5
10857,4
10858,4
10859,5
10860,1
10861,0
10862,0
10863,4
10864,2
10865,2
10866,2
10867,0
10868,3
10869,6
10870,3
10871,2
10872,0
10873,0
10874,4
10875,6
10876,1
10877,3
10878,5
10879,5
10880,5
10881,6
10882,4
10883,1
10884,1
10885,1
10886,2
10887,3
10888,5
10889,4
10890,4
10891,4
10892,4
10893,5
10894,4
10895,6
10896,6
10897,3
10898,3
10899,5
10900,5
10901,5
10902,4
10903,5
10904,5
10905,5
10906,2
10907,4
10908,0
10909,1
10910,6
10911,0
10912,6
10913,0
10914,0
10915,5
10916,1
10917,4
10918,5
10919,6
10920,5
10921,5
10922,5
10923,5
10924,3
10925,2
10926,6
10927,2
10928,4
10929,2
10930,5
10931,5
10932,4
10933,6
10934,4
10935,6
10936,5
10937,4
10938,0
10939,5
10940,5
10941,3
10942,5
10943,4
10944,4
10945,4
10946,5
10947,5
10948,5
10949,5
10950,4
10951,4
10952,2
10953,3
10954,4
10955,4
10956,5
10957,5
10958,5
10959,2
10960,6
10961,6
10962,5
10963,3
10964,3
10965,3
10966,2
10967,5
10968,5
10969,2
10970,2
10971,1
10972,1
10973,1
10974,0
10975,6
10976,1
10977,0
10978,6
10979,4
10980,4
10981,2
10982,2
10983,4
10984,0
10985,0
10986,0
10987,0
10988,0
10989,0
10990,0
10991,0
10992,0
10993,0
10994,4
10995,4
10996,0
10997,0
10998,5
10999,3
11000,0
11001,2
11002,6
11003,5
11004,5
11005,2
11006,4
11007,2
11008,0
11009,5
11010,5
11011,0
11012,6
11013,6
11014,6
11015,2
11016,2
11017,0
11018,6
11019,5
11020,3
11021,1
11022,1
11023,4
11024,4
11025,4
11026,1
11027,2
11028,2
11029,5
11030,1
11031,1
11032,1
11033,1
11034,1
11035,4
11036,0
11037,0
11038,2
11039,2
11040,4
11041,6
11042,0
11043,6
11044,4
11045,4
11046,6
11047,4
11048,3
11049,3
11050,5
11051,2
11052,6
11053,2
11054,4
11055,5
11056,2
11057,1
11058,1
11059,5
11060,5
11061,5
11062,5
11063,5
11064,5
11065,2
11066,5
11067,0
11068,5
11069,2
11070,4
11071,6
11072,4
11073,5
11074,3
11075,5
11076,5
11077,5
11078,4
11079,0
11080,2
11081,6
11082,6
11083,5
11084,5
11085,6
11086,2
11087,4
11088,3
11089,1
11090,6
11091,1
11092,1
11093,6
11094,6
11095,1
11096,6
11097,6
11098,3
11099,6
11100,1
11101,1
11102,1
11103,4
11104,4
11105,6
11106,3
11107,4
11108,6
11109,1
11110,1
11111,1
11112,1
11113,1
11114,1
11115,6
11116,1
11117,1
11118,5
11119,5
11120,4
11121,5
11122,4
11123,5
11124,5
11125,5
11126,6
11127,6
11128,4
11129,4
11130,6
11131,3
11132,6
11133,1
11134,0
11135,3
11136,3
11137,2
11138,0
11139,6
11140,6
11141,0
11142,0
11143,0
11144,5
11145,0
11146,6
11147,0
11148,3
11149,0
11150,4
11151,4
11152,6
11153,2
11154,6
11155,6
11156,6
11157,6
11158,6
11159,6
11160,4
11161,3
11162,4
11163,5
11164,2
11165,5
11166,2
11167,5
11168,2
11169,6
11170,4
11171,4
11172,4
11173,4
11174,4
11175,2
11176,5
11177,5
11178,1
11179,5
11180,5
11181,2
11182,6
11183,5
11184,6
11185,6
11186,4
11187,5
11188,2
11189,5
11190,3
11191,2
11192,2
11193,6
11194,6
11195,6
11196,6
11197,5
11198,6
11199,6
11200,6
11201,4
11202,6
11203,5
11204,5
11205,0
11206,3
11207,5
11208,1
11209,1
11210,6
11211,6
11212,1
11213,1
11214,4
11215,3
11216,5
11217,5
11218,5
11219,4
11220,5
11221,4
11222,4
11223,5
11224,2
11225,5
11226,6
11227,2
11228,6
11229,2
11230,4
11231,5
11232,6
11233,2
11234,4
11235,5
11236,4
11237,0
11238,6
11239,5
11240,0
11241,0
11242,6
11243,6
11244,6
11245,6
11246,5
11247,2
11248,6
11249,6
11250,5
11251,5
11252,5
11253,5
11254,5
11255,5
11256,5
11257,6
11258,0
11259,0
11260,2
11261,0
11262,2
11263,5
11264,2
11265,6
11266,6
11267,0
11268,3
11269,5
11270,0
11271,4
11272,2
11273,3
11274,3
11275,2
11276,4
11277,5
11278,5
11279,2
11280,6
11281,6
11282,6
11283,6
11284,0
11285,2
11286,5
11287,2
11288,4
11289,2
11290,5
11291,5
11292,3
11293,3
11294,3
11295,3
11296,2
11297,3
11298,1
11299,4
11300,4
11301,0
11302,5
11303,2
11304,3
11305,3
11306,3
11307,6
11308,5
11309,5
11310,5
11311,5
11312,4
11313,4
11314,4
11315,6
11316,6
11317,4
11318,2
11319,2
11320,2
11321,2
11322,6
11323,2
11324,2
11325,5
11326,4
11327,4
11328,3
11329,3
11330,5
11331,5
11332,5
11333,5
11334,5
11335,4
11336,2
11337,6
11338,4
11339,6
11340,5
11341,6
11342,6
11343,0
11344,6
11345,3
11346,4
11347,4
11348,4
11349,0
11350,5
11351,5
11352,0
11353,0
11354,5
11355,3
11356,3
11357,2
11358,2
11359,2
11360,4
11361,5
11362,5
11363,6
11364,5
11365,5
11366,6
11367,6
11368,4
11369,6
11370,5
11371,4
11372,4
11373,4
11374,6
11375,3
11376,5
11377,5
11378,5
11379,1
11380,1
11381,4
11382,6
11383,6
11384,1
11385,2
11386,5
11387,5
11388,5
11389,0
11390,4
11391,5
11392,5
11393,5
11394,5
11395,5
11396,5
11397,1
11398,3
11399,3
11400,5
11401,5
11402,0
11403,5
11404,5
11405,3
11406,2
11407,4
11408,5
11409,3
11410,6
11411,6
11412,5
11413,0
11414,3
11415,5
11416,0
11417,0
11418,0
11419,5
11420,5
11421,5
11422,6
11423,0
11424,0
11425,0
11426,0
11427,0
11428,0
11429,0
11430,0
11431,0
11432,2
11433,2
11434,2
11435,6
11436,3
11437,3
11438,5
11439,4
11440,4
11441,4
11442,3
11443,2
11444,2
11445,3
11446,1
11447,0
11448,0
11449,0
11450,5
11451,3
11452,5
11453,3
11454,5
11455,5
11456,0
11457,4
11458,6
11459,5
11460,6
11461,3
11462,4
11463,5
11464,5
11465,5
11466,4
11467,4
11468,4
11469,4
11470,0
11471,0
11472,0
11473,5
11474,5
11475,0
11476,2
11477,5
11478,5
11479,5
11480,5
11481,3
11482,5
11483,6
11484,1
11485,3
11486,5
11487,2
11488,0
11489,6
11490,2
11491,6
11492,0
11493,0
11494,0
11495,2
11496,3
11497,3
11498,3
11499,4
11500,1
11501,3
11502,3
11503,2
11504,3
11505,6
11506,2
11507,2
11508,2
11509,4
11510,2
11511,2
11512,2
11513,4
11514,1
11515,1
11516,2
11517,3
11518,5
11519,3
11520,5
11521,6
11522,5
11523,6
11524,4
11525,2
11526,2
11527,5
11528,3
11529,3
11530,4
11531,4
11532,2
11533,0
11534,5
11535,5
11536,5
11537,5
11538,0
11539,3
11540,3
11541,3
11542,3
11543,5
11544,3
11545,6
11546,5
11547,3
11548,5
11549,3
11550,6
11551,6
11552,0
11553,0
11554,6
11555,0
11556,4
11557,5
11558,3
11559,5
11560,0
11561,3
11562,3
11563,4
11564,3
11565,3
11566,3
11567,2
11568,3
11569,5
11570,2
11571,5
11572,6
11573,3
11574,4
11575,3
11576,3
11577,3
11578,0
11579,0
11580,0
11581,2
11582,3
11583,3
11584,6
11585,6
11586,1
11587,3
11588,4
11589,4
11590,6
11591,4
11592,4
11593,4
11594,0
11595,4
11596,3
11597,4
11598,4
11599,6
11600,0
11601,5
11602,2
11603,5
11604,4
11605,5
11606,5
11607,5
11608,3
11609,5
11610,3
11611,3
11612,4
11613,4
11614,4
11615,1
11616,2
11617,4
11618,6
11619,6
11620,5
11621,4
11622,5
11623,4
11624,1
11625,4
11626,3
11627,1
11628,4
11629,4
11630,1
11631,3
11632,5
11633,6
11634,4
11635,4
11636,2
11637,2
11638,4
11639,4
11640,3
11641,6
11642,6
11643,2
11644,4
11645,3
11646,4
11647,5
11648,6
11649,6
11650,4
11651,3
11652,5
11653,5
11654,0
11655,6
11656,0
11657,0
11658,3
11659,5
11660,3
11661,1
11662,4
11663,2
11664,5
11665,5
11666,5
11667,6
11668,6
11669,6
11670,5
11671,6
11672,6
11673,6
11674,0
11675,0
11676,0
11677,6
11678,0
11679,2
11680,2
11681,0
11682,5
11683,0
11684,5
11685,5
11686,5
11687,5
11688,5
11689,5
11690,5
11691,5
11692,3
11693,3
11694,3
11695,2
11696,1
11697,1
11698,5
11699,4
11700,2
11701,0
11702,5
11703,0
11704,4
11705,6
11706,4
11707,4
11708,3
11709,4
11710,2
11711,0
11712,0
11713,6
11714,5
11715,2
11716,2
11717,1
11718,0
11719,3
11720,0
11721,1
11722,5
11723,4
11724,3
11725,3
11726,4
11727,0
11728,2
11729,3
11730,3
11731,4
11732,3
11733,6
11734,2
11735,1
11736,2
11737,2
11738,3
11739,0
11740,4
11741,4
11742,4
11743,4
11744,5
11745,5
11746,5
11747,5
11748,4
11749,0
11750,0
11751,0
11752,4
11753,4
11754,4
11755,0
11756,5
11757,0
11758,4
11759,4
11760,5
11761,2
11762,5
11763,5
11764,5
11765,4
11766,5
11767,5
11768,5
11769,2
11770,5
11771,5
11772,0
11773,5
11774,5
11775,5
11776,5
11777,5
11778,3
11779,5
11780,4
11781,1
11782,0
11783,3
11784,3
11785,5
11786,2
11787,4
11788,6
11789,1
11790,1
11791,3
11792,0
11793,0
11794,0
11795,0
11796,6
11797,3
11798,5
11799,5
11800,4
11801,5
11802,4
11803,6
11804,6
11805,6
11806,6
11807,5
11808,2
11809,2
11810,6
11811,5
11812,4
11813,6
11814,3
11815,3
11816,3
11817,1
11818,1
11819,3
11820,4
11821,4
11822,5
11823,1
11824,2
11825,3
11826,3
11827,4
11828,4
11829,6
11830,0
11831,2
11832,0
11833,0
11834,6
11835,1
11836,5
11837,5
11838,0
11839,5
11840,0
11841,6
11842,5
11843,6
11844,1
11845,0
11846,0
11847,4
11848,1
11849,6
11850,1
11851,4
11852,4
11853,4
11854,4
11855,5
11856,3
11857,0
11858,0
11859,5
11860,3
11861,0
11862,0
11863,5
11864,6
11865,5
11866,3
11867,5
11868,6
11869,4
11870,4
11871,4
11872,3
11873,5
11874,3
11875,3
11876,0
11877,0
11878,5
11879,4
11880,2
11881,3
11882,6
11883,3
11884,5
11885,4
11886,3
11887,0
11888,2
11889,6
11890,1
11891,6
11892,6
11893,4
11894,4
11895,5
11896,3
11897,3
11898,5
11899,6
11900,5
11901,6
11902,5
11903,4
11904,4
11905,4
11906,4
11907,3
11908,6
11909,5
11910,3
11911,2
11912,3
11913,6
11914,5
11915,2
11916,5
11917,6
11918,4
11919,6
11920,6
11921,5
11922,3
11923,3
11924,2
11925,3
11926,5
11927,4
11928,3
11929,5
11930,5
11931,5
11932,5
11933,2
11934,2
11935,5
11936,3
11937,5
11938,4
11939,5
11940,5
11941,5
11942,6
11943,3
11944,6
11945,2
11946,6
11947,6
11948,5
11949,1
11950,4
11951,4
11952,0
11953,0
11954,0
11955,2
11956,4
11957,4
11958,5
11959,0
11960,5
11961,5
11962,4
11963,0
11964,4
11965,5
11966,0
11967,0
11968,6
11969,0
11970,3
11971,2
11972,3
11973,0
11974,4
11975,6
11976,4
11977,4
11978,4
11979,5
11980,5
11981,2
11982,0
11983,2
11984,1
11985,0
11986,0
11987,0
11988,5
11989,4
11990,6
11991,6
11992,6
11993,4
11994,5
11995,3
11996,6
11997,5
11998,0
11999,5
12000,5
12001,5
12002,6
12003,6
12004,2
12005,1
12006,1
12007,2
12008,4
12009,6
12010,1
12011,4
12012,4
12013,4
12014,4
12015,3
12016,2
12017,4
12018,2
12019,4
12020,5
12021,2
12022,5
12023,5
12024,4
12025,5
12026,0
12027,6
12028,3
12029,3
12030,4
12031,4
12032,0
12033,0
12034,5
12035,5
12036,2
12037,4
12038,6
12039,5
12040,5
12041,3
12042,5
12043,3
12044,0
12045,6
12046,6
12047,2
12048,6
12049,5
12050,5
12051,5
12052,5
12053,4
12054,5
12055,3
12056,0
12057,2
12058,3
12059,5
12060,2
12061,2
12062,5
12063,2
12064,6
12065,0
12066,0
12067,5
12068,4
12069,0
12070,6
12071,4
12072,5
12073,5
12074,3
12075,5
12076,4
12077,4
12078,4
12079,2
12080,4
12081,3
12082,2
12083,2
12084,2
12085,4
12086,4
12087,4
12088,4
12089,6
12090,3
12091,5
12092,2
12093,5
12094,5
12095,5
12096,5
12097,5
12098,4
12099,1
12100,2
12101,6
12102,2
12103,6
12104,6
12105,6
12106,6
12107,6
12108,6
12109,6
12110,6
12111,3
12112,2
12113,3
12114,3
12115,3
12116,3
12117,3
12118,6
12119,2
12120,5
12121,2
12122,2
12123,6
12124,3
12125,3
12126,3
12127,3
12128,4
12129,6
12130,6
12131,2
12132,6
12133,3
12134,2
12135,3
12136,3
12137,3
12138,4
12139,2
12140,4
12141,4
12142,5
12143,0
12144,0
12145,2
12146,5
12147,5
12148,3
12149,4
12150,3
12151,3
12152,4
12153,6
12154,4
12155,4
12156,6
12157,6
12158,3
12159,3
12160,4
12161,6
12162,3
12163,3
12164,4
12165,6
12166,6
12167,6
12168,4
12169,6
12170,6
12171,3
12172,5
12173,3
12174,3
12175,4
12176,3
12177,4
12178,1
12179,4
12180,4
12181,5
12182,5
12183,2
12184,3
12185,3
12186,2
12187,2
12188,3
12189,2
12190,3
12191,3
12192,3
12193,3
12194,4
12195,2
12196,5
12197,4
12198,4
12199,3
12200,0
12201,2
12202,3
12203,6
12204,6
12205,5
12206,4
12207,6
12208,6
12209,4
12210,4
12211,6
12212,4
12213,4
12214,6
12215,6
12216,0
12217,2
12218,6
12219,4
12220,3
12221,4
12222,5
12223,4
12224,2
12225,5
12226,3
12227,6
12228,3
12229,4
12230,3
12231,6
12232,4
12233,4
12234,6
12235,6
12236,3
12237,3
12238,1
12239,4
12240,3
12241,3
12242,3
12243,6
12244,6
12245,4
12246,5
12247,6
12248,4
12249,6
12250,6
12251,6
12252,6
12253,6
12254,3
12255,6
12256,3
12257,6
12258,6
12259,6
12260,4
12261,6
12262,6
12263,3
12264,2
12265,2
12266,4
12267,4
12268,6
12269,6
12270,6
12271,3
12272,3
12273,3
12274,6
12275,6
12276,6
12277,6
12278,6
12279,3
12280,2
12281,5
12282,2
12283,5
12284,1
12285,4
12286,6
12287,4
12288,6
12289,6
12290,6
12291,4
12292,3
12293,4
12294,3
12295,5
12296,5
12297,4
12298,6
12299,5
12300,2
12301,2
12302,6
12303,3
12304,3
12305,6
12306,4
12307,1
12308,4
12309,3
12310,6
12311,2
12312,4
12313,3
12314,5
12315,4
12316,6
12317,5
12318,5
12319,5
12320,3
12321,4
12322,3
12323,3
12324,5
12325,3
12326,3
12327,6
12328,6
12329,3
12330,5
12331,2
12332,4
12333,4
12334,2
12335,4
12336,6
12337,6
12338,6
12339,6
12340,6
12341,3
12342,1
12343,1
12344,6
12345,4
12346,3
12347,4
12348,6
12349,0
12350,0
12351,6
12352,4
12353,2
12354,3
12355,3
12356,2
12357,0
12358,3
12359,5
12360,3
12361,6
12362,0
12363,3
12364,5
12365,6
12366,6
12367,6
12368,6
12369,6
12370,5
12371,5
12372,5
12373,1
12374,4
12375,5
12376,1
12377,5
12378,5
12379,3
12380,5
12381,5
12382,5
12383,4
12384,5
12385,2
12386,5
12387,5
12388,5
12389,5
12390,6
12391,6
12392,5
12393,6
12394,6
12395,6
12396,6
12397,1
12398,1
12399,6
12400,1
12401,4
12402,1
12403,4
12404,1
12405,1
12406,1
12407,5
12408,6
12409,1
12410,4
12411,1
12412,3
12413,1
12414,1
12415,1
12416,1
12417,1
12418,1
12419,6
12420,6
12421,6
12422,6
12423,1
12424,1
12425,4
12426,5
12427,2
12428,4
12429,2
12430,2
12431,2
12432,2
12433,3
12434,6
12435,3
12436,4
12437,6
12438,6
12439,4
12440,3
12441,4
12442,2
12443,6
12444,2
12445,2
12446,2
12447,0
12448,5
12449,3
12450,1
12451,2
12452,5
12453,2
12454,5
12455,0
12456,5
12457,5
12458,5
12459,5
12460,6
12461,2
12462,6
12463,0
12464,0
12465,0
12466,0
12467,0
12468,0
12469,0
12470,0
12471,6
12472,6
12473,1
12474,1
12475,2
12476,6
12477,6
12478,4
12479,6
12480,4
12481,5
12482,4
12483,4
12484,5
12485,3
12486,4
12487,2
12488,2
12489,5
12490,2
12491,5
12492,5
12493,5
12494,4
12495,4
12496,2
12497,6
12498,3
12499,3
12500,5
12501,3
12502,4
12503,4
12504,1
12505,1
12506,4
12507,4
12508,5
12509,4
12510,6
12511,5
12512,6
12513,4
12514,6
12515,6
12516,4
12517,1
12518,6
12519,6
12520,2
12521,2
12522,2
12523,2
12524,4
12525,2
12526,2
12527,1
12528,2
12529,0
12530,4
12531,4
12532,2
12533,6
12534,3
12535,5
12536,1
12537,4
12538,3
12539,3
12540,4
12541,4
12542,4
12543,2
12544,2
12545,0
12546,3
12547,4
12548,5
12549,5
12550,4
12551,3
12552,3
12553,4
12554,4
12555,6
12556,2
12557,0
12558,3
12559,5
12560,0
12561,3
12562,3
12563,4
12564,4
12565,6
12566,6
12567,4
12568,4
12569,3
12570,4
12571,1
12572,1
12573,6
12574,4
12575,4
12576,4
12577,5
12578,3
12579,1
12580,4
12581,1
12582,1
12583,5
12584,5
12585,5
12586,6
12587,6
12588,1
12589,4
12590,6
12591,6
12592,6
12593,3
12594,5
12595,2
12596,6
12597,2
12598,5
12599,3
12600,3
12601,3
12602,3
12603,1
12604,5
12605,5
12606,0
12607,3
12608,3
12609,3
12610,4
12611,5
12612,2
12613,2
12614,5
12615,6
12616,0
12617,0
12618,4
12619,4
12620,4
12621,4
12622,4
12623,2
12624,2
12625,4
12626,2
12627,4
12628,2
12629,6
12630,6
12631,6
12632,6
12633,6
12634,6
12635,0
12636,6
12637,3
12638,3
12639,3
12640,3
12641,1
12642,1
12643,2
12644,6
12645,6
12646,1
12647,6
12648,0
12649,2
12650,1
12651,6
12652,2
12653,1
12654,4
12655,4
12656,3
12657,2
12658,6
12659,0
12660,2
12661,5
12662,2
12663,5
12664,1
12665,1
12666,2
12667,1
12668,0
12669,3
12670,5
12671,3
12672,0
12673,0
12674,3
12675,2
12676,3
12677,1
12678,1
12679,3
12680,3
12681,4
12682,4
12683,5
12684,3
12685,2
12686,3
12687,2
12688,2
12689,1
12690,2
12691,1
12692,1
12693,5
12694,5
12695,3
12696,4
12697,4
12698,4
12699,4
12700,4
12701,4
12702,4
12703,3
12704,6
12705,4
12706,6
12707,4
12708,4
12709,5
12710,0
12711,0
12712,2
12713,0
12714,4
12715,4
12716,4
12717,4
12718,6
12719,3
12720,1
12721,2
12722,3
12723,3
12724,4
12725,4
12726,0
12727,4
12728,4
12729,4
12730,4
12731,4
12732,6
12733,4
12734,6
12735,2
12736,3
12737,3
12738,4
12739,6
12740,4
12741,3
12742,3
12743,3
12744,6
12745,0
12746,3
12747,3
12748,4
12749,4
12750,4
12751,4
12752,4
12753,4
12754,6
12755,4
12756,4
12757,3
12758,0
12759,4
12760,1
12761,6
12762,6
12763,6
12764,6
12765,5
12766,0
12767,5
12768,4
12769,3
12770,0
12771,0
12772,0
12773,0
12774,1
12775,3
12776,3
12777,3
12778,6
12779,4
12780,5
12781,5
12782,0
12783,6
12784,6
12785,2
12786,1
12787,4
12788,4
12789,5
12790,5
12791,3
12792,3
12793,4
12794,1
12795,3
12796,4
12797,4
12798,3
12799,3
12800,1
12801,1
12802,6
12803,3
12804,3
12805,1
12806,3
12807,3
12808,3
12809,3
12810,4
12811,3
12812,4
12813,6
12814,4
12815,4
12816,6
12817,0
12818,6
12819,4
12820,2
12821,6
12822,3
12823,4
12824,6
12825,1
12826,3
12827,6
12828,4
12829,4
12830,4
12831,4
12832,3
12833,6
12834,6
12835,1
12836,1
12837,2
12838,3
12839,5
12840,5
12841,6
12842,5
12843,4
12844,3
12845,4
12846,2
12847,4
12848,6
12849,4
12850,4
12851,6
12852,0
12853,3
12854,6
12855,6
12856,6
12857,1
12858,3
12859,5
12860,4
12861,2
12862,2
12863,0
12864,2
12865,6
12866,1
12867,0
12868,2
12869,3
12870,3
12871,6
12872,2
12873,5
12874,5
12875,4
12876,0
12877,2
12878,5
12879,0
12880,0
12881,6
12882,6
12883,6
12884,2
12885,5
12886,5
12887,2
12888,0
12889,0
12890,0
12891,5
12892,5
12893,5
12894,5
12895,5
12896,4
12897,4
12898,1
12899,4
12900,1
12901,0
12902,0
12903,0
12904,6
12905,4
12906,2
12907,4
12908,5
12909,4
12910,5
12911,2
12912,2
12913,4
12914,5
12915,3
12916,4
12917,0
12918,6
12919,4
12920,0
12921,7
12922,5
12923,2
12924,5
12925,2
12926,1
12927,2
12928,3
12929,4
12930,3
12931,4
12932,1
12933,3
12934,1
12935,1
12936,1
12937,1
12938,3
12939,1
12940,1
12941,1
12942,1
12943,1
12944,1
12945,0
12946,1
12947,0
12948,5
12949,0
12950,0
12951,5
12952,0
12953,5
12954,5
12955,1
12956,5
12957,5
12958,3
12959,3
12960,2
12961,2
12962,3
12963,5
12964,0
12965,0
12966,0
12967,6
12968,4
12969,5
12970,5
12971,5
12972,5
12973,5
12974,3
12975,4
12976,6
12977,6
12978,3
12979,0
12980,5
12981,0
12982,6
12983,0
12984,3
12985,4
12986,6
12987,6
12988,0
12989,4
12990,4
12991,4
12992,6
12993,4
12994,5
12995,6
12996,4
12997,6
12998,6
12999,5
13000,5
13001,2
13002,6
13003,3
13004,5
13005,3
13006,0
13007,0
13008,0
13009,5
13010,5
13011,4
13012,6
13013,4
13014,6
13015,6
13016,0
13017,0
13018,0
13019,5
13020,6
13021,6
13022,6
13023,5
13024,5
13025,6
13026,5
13027,4
13028,1
13029,4
13030,4
13031,4
13032,5
13033,5
13034,0
13035,0
13036,5
13037,5
13038,4
13039,5
13040,5
13041,1
13042,2
13043,4
13044,5
13045,1
13046,3
13047,3
13048,5
13049,0
13050,5
13051,5
13052,0
13053,4
13054,5
13055,2
13056,4
13057,4
13058,5
13059,0
13060,0
13061,4
13062,5
13063,5
13064,6
13065,0
13066,0
13067,4
13068,3
13069,2
13070,2
13071,5
13072,5
13073,4
13074,6
13075,6
13076,6
13077,4
13078,3
13079,0
13080,4
13081,5
13082,5
13083,5
13084,0
13085,5
13086,1
13087,1
13088,6
13089,1
13090,1
13091,1
13092,1
13093,1
13094,5
13095,4
13096,6
13097,4
13098,4
13099,2
13100,4
13101,5
13102,5
13103,6
13104,0
13105,5
13106,4
13107,3
13108,2
13109,4
13110,6
13111,4
13112,4
13113,6
13114,5
13115,4
13116,1
13117,4
13118,6
13119,5
13120,5
13121,4
13122,4
13123,4
13124,6
13125,6
13126,5
13127,2
13128,2
13129,6
13130,0
13131,6
13132,2
13133,5
13134,6
13135,5
13136,4
13137,3
13138,5
13139,5
13140,4
13141,4
13142,1
13143,0
13144,3
13145,4
13146,4
13147,3
13148,5
13149,4
13150,6
13151,4
13152,6
13153,5
13154,5
13155,4
13156,3
13157,4
13158,4
13159,6
13160,5
13161,5
13162,4
13163,4
13164,4
13165,6
13166,1
13167,6
13168,1
13169,4
13170,6
13171,1
13172,4
13173,0
13174,0
13175,1
13176,4
13177,0
13178,4
13179,4
13180,5
13181,2
13182,2
13183,4
13184,2
13185,3
13186,5
13187,5
13188,5
13189,5
13190,5
13191,5
13192,5
13193,1
13194,5
13195,6
13196,1
13197,5
13198,5
13199,4
13200,6
13201,4
13202,4
13203,5
13204,5
13205,5
13206,3
13207,5
13208,2
13209,2
13210,2
13211,5
13212,4
13213,5
13214,5
13215,5
13216,5
13217,0
13218,5
13219,5
13220,6
13221,5
13222,5
13223,4
13224,4
13225,4
13226,4
13227,3
13228,5
13229,1
13230,5
13231,5
13232,5
13233,5
13234,5
13235,5
13236,0
13237,2
13238,0
13239,6
13240,4
13241,3
13242,2
13243,0
13244,4
13245,6
13246,6
13247,6
13248,1
13249,6
13250,6
13251,6
13252,6
13253,6
13254,6
13255,6
13256,6
13257,4
13258,6
13259,4
13260,4
13261,4
13262,5
13263,1
13264,1
13265,2
13266,1
13267,4
13268,5
13269,0
13270,2
13271,5
13272,5
13273,4
13274,6
13275,6
13276,6
13277,4
13278,2
13279,2
13280,6
13281,6
13282,6
13283,2
13284,5
13285,1
13286,1
13287,1
13288,5
13289,5
13290,5
13291,5
13292,2
13293,2
13294,6
13295,2
13296,6
13297,2
13298,6
13299,6
13300,2
13301,6
13302,2
13303,5
13304,4
13305,4
13306,6
13307,4
13308,2
13309,2
13310,5
13311,4
13312,0
13313,2
13314,5
13315,0
13316,0
13317,5
13318,4
13319,4
13320,1
13321,2
13322,4
13323,4
13324,1
13325,5
13326,3
13327,4
13328,4
13329,5
13330,0
13331,5
13332,5
13333,5
13334,0
13335,0
13336,1
13337,5
13338,2
13339,6
13340,6
13341,6
13342,6
13343,2
13344,2
13345,2
13346,2
13347,2
13348,5
13349,5
13350,6
13351,6
13352,4
13353,2
13354,5
13355,2
13356,6
13357,2
13358,1
13359,5
13360,4
13361,2
13362,2
13363,2
13364,5
13365,2
13366,2
13367,5
13368,5
13369,1
13370,5
13371,5
13372,5
13373,5
13374,5
13375,4
13376,1
13377,2
13378,5
13379,6
13380,0
13381,1
13382,5
13383,5
13384,1
13385,5
13386,5
13387,6
13388,3
13389,6
13390,6
13391,5
13392,6
13393,6
13394,0
13395,6
13396,6
13397,6
13398,5
13399,5
13400,5
13401,5
13402,6
13403,5
13404,5
13405,4
13406,5
13407,5
13408,2
13409,4
13410,5
13411,0
13412,4
13413,4
13414,6
13415,4
13416,4
13417,5
13418,4
13419,0
13420,5
13421,5
13422,2
13423,0
13424,2
13425,2
13426,6
13427,3
13428,3
13429,4
13430,4
13431,5
13432,0
13433,6
13434,5
13435,3
13436,6
13437,6
13438,6
13439,6
13440,6
13441,0
13442,0
13443,0
13444,0
13445,0
13446,0
13447,0
13448,0
13449,4
13450,4
13451,5
13452,5
13453,2
13454,5
13455,3
13456,3
13457,0
13458,4
13459,1
13460,2
13461,2
13462,2
13463,2
13464,2
13465,0
13466,6
13467,6
13468,5
13469,5
13470,2
13471,3
13472,2
13473,2
13474,4
13475,5
13476,0
13477,2
13478,5
13479,2
13480,2
13481,2
13482,4
13483,4
13484,5
13485,3
13486,5
13487,4
13488,1
13489,6
13490,6
13491,0
13492,4
13493,0
13494,5
13495,5
13496,5
13497,5
13498,5
13499,5
13500,5
13501,5
13502,5
13503,5
13504,0
13505,2
13506,5
13507,4
13508,2
13509,3
13510,2
13511,3
13512,2
13513,6
13514,4
13515,3
13516,2
13517,5
13518,0
13519,0
13520,0
13521,0
13522,4
13523,3
13524,5
13525,2
13526,5
13527,5
13528,4
13529,1
13530,1
13531,6
13532,6
13533,0
13534,1
13535,3
13536,5
13537,4
13538,5
13539,5
13540,2
13541,4
13542,5
13543,1
13544,4
13545,6
13546,3
13547,3
13548,0
13549,6
13550,4
13551,4
13552,6
13553,6
13554,1
13555,1
13556,6
13557,2
13558,3
13559,5
13560,1
13561,3
13562,6
13563,6
13564,3
13565,0
13566,5
13567,5
13568,5
13569,5
13570,4
13571,4
13572,4
13573,3
13574,5
13575,5
13576,6
13577,6
13578,6
13579,3
13580,3
13581,6
13582,2
13583,6
13584,0
13585,5
13586,0
13587,6
13588,4
13589,5
13590,1
13591,1
13592,1
13593,1
13594,5
13595,6
13596,5
13597,4
13598,5
13599,3
13600,4
13601,5
13602,6
13603,5
13604,6
13605,5
13606,4
13607,6
13608,4
13609,1
13610,1
13611,1
13612,1
13613,5
13614,3
13615,2
13616,4
13617,6
13618,6
13619,5
13620,1
13621,6
13622,4
13623,4
13624,6
13625,6
13626,4
13627,4
13628,4
13629,5
13630,5
13631,7
13632,4
13633,4
13634,4
13635,6
13636,4
13637,4
13638,2
13639,6
13640,6
13641,6
13642,5
13643,1
13644,2
13645,5
13646,6
13647,6
13648,5
13649,5
13650,6
13651,6
13652,5
13653,5
13654,2
13655,5
13656,5
13657,5
13658,0
13659,3
13660,2
13661,2
13662,5
13663,5
13664,1
13665,2
13666,2
13667,5
13668,5
13669,1
13670,3
13671,3
13672,3
13673,6
13674,0
13675,2
13676,2
13677,2
13678,2
13679,5
13680,2
13681,2
13682,6
13683,6
13684,6
13685,3
13686,4
13687,1
13688,6
13689,6
13690,6
13691,6
13692,0
13693,6
13694,6
13695,2
13696,5
13697,4
13698,2
13699,0
13700,2
13701,3
13702,2
13703,2
13704,5
13705,5
13706,7
13707,4
13708,6
13709,3
13710,3
13711,3
13712,3
13713,2
13714,6
13715,5
13716,5
13717,4
13718,6
13719,6
13720,6
13721,6
13722,6
13723,3
13724,0
13725,0
13726,5
13727,2
13728,6
13729,6
13730,2
13731,6
13732,6
13733,2
13734,3
13735,3
13736,2
13737,4
13738,3
13739,3
13740,0
13741,2
13742,2
13743,2
13744,6
13745,3
13746,1
13747,4
13748,6
13749,2
13750,4
13751,3
13752,4
13753,6
13754,3
13755,5
13756,1
13757,1
13758,2
13759,2
13760,2
13761,1
13762,2
13763,3
13764,3
13765,3
13766,3
13767,6
13768,6
13769,6
13770,2
13771,3
13772,2
13773,5
13774,5
13775,2
13776,4
13777,1
13778,2
13779,5
13780,4
13781,5
13782,4
13783,2
13784,6
13785,0
13786,0
13787,4
13788,1
13789,3
13790,5
13791,5
13792,5
13793,1
13794,4
13795,5
13796,5
13797,5
13798,0
13799,0
13800,5
13801,4
13802,5
13803,2
13804,5
13805,2
13806,2
13807,0
13808,6
13809,3
13810,3
13811,6
13812,3
13813,5
13814,6
13815,4
13816,4
13817,6
13818,6
13819,4
13820,4
13821,1
13822,6
13823,4
13824,3
13825,4
13826,6
13827,2
13828,3
13829,4
13830,5
13831,5
13832,5
13833,5
13834,2
13835,2
13836,6
13837,6
13838,2
13839,1
13840,2
13841,3
13842,0
13843,0
13844,0
13845,1
13846,2
13847,1
13848,4
13849,3
13850,1
13851,6
13852,6
13853,6
13854,6
13855,0
13856,4
13857,4
13858,0
13859,0
13860,5
13861,5
13862,5
13863,1
13864,5
13865,5
13866,6
13867,4
13868,5
13869,2
13870,1
13871,1
13872,4
13873,6
13874,4
13875,4
13876,4
13877,5
13878,3
13879,6
13880,4
13881,6
13882,3
13883,5
13884,5
13885,6
13886,5
13887,5
13888,4
13889,3
13890,6
13891,6
13892,5
13893,4
13894,0
13895,1
13896,1
13897,6
13898,3
13899,3
13900,3
13901,5
13902,4
13903,5
13904,5
13905,5
13906,4
13907,1
13908,3
13909,3
13910,1
13911,1
13912,3
13913,1
13914,6
13915,4
13916,1
13917,3
13918,1
13919,1
13920,1
13921,1
13922,1
13923,1
13924,1
13925,1
13926,1
13927,1
13928,1
13929,1
13930,1
13931,1
13932,1
13933,1
13934,6
13935,4
13936,4
13937,4
13938,2
13939,5
13940,2
13941,1
13942,6
13943,1
13944,1
13945,2
13946,2
13947,5
13948,5
13949,6
13950,5
13951,3
13952,1
13953,6
13954,5
13955,5
13956,4
13957,6
13958,5
13959,4
13960,5
13961,5
13962,6
13963,5
13964,4
13965,5
13966,6
13967,2
13968,2
13969,4
13970,5
13971,6
13972,6
13973,6
13974,6
13975,6
13976,6
13977,0
13978,4
13979,5
13980,0
13981,0
13982,2
13983,1
13984,1
13985,3
13986,5
13987,2
13988,3
13989,5
13990,3
13991,5
13992,5
13993,5
13994,3
13995,1
13996,4
13997,4
13998,5
13999,5
14000,5
14001,5
14002,2
14003,3
14004,6
14005,5
14006,4
14007,5
14008,0
14009,5
14010,4
14011,6
14012,3
14013,5
14014,5
14015,1
14016,1
14017,1
14018,4
14019,5
14020,0
14021,0
14022,2
14023,2
14024,0
14025,0
14026,3
14027,4
14028,6
14029,6
14030,4
14031,3
14032,3
14033,6
14034,5
14035,5
14036,6
14037,3
14038,6
14039,0
14040,4
14041,4
14042,6
14043,3
14044,0
14045,0
14046,3
14047,2
14048,6
14049,5
14050,5
14051,2
14052,6
14053,6
14054,3
14055,5
14056,3
14057,0
14058,3
14059,2
14060,6
14061,2
14062,5
14063,2
14064,2
14065,2
14066,2
14067,5
14068,5
14069,5
14070,4
14071,0
14072,6
14073,4
14074,5
14075,2
14076,2
14077,2
14078,2
14079,2
14080,2
14081,2
14082,4
14083,4
14084,3
14085,1
14086,3
14087,3
14088,3
14089,4
14090,5
14091,6
14092,6
14093,6
14094,6
14095,5
14096,4
14097,2
14098,1
14099,1
14100,2
14101,4
14102,3
14103,5
14104,2
14105,3
14106,5
14107,4
14108,5
14109,0
14110,5
14111,4
14112,1
14113,4
14114,4
14115,5
14116,4
14117,6
14118,5
14119,4
14120,0
14121,2
14122,5
14123,4
14124,5
14125,5
14126,5
14127,2
14128,1
14129,4
14130,5
14131,5
14132,5
14133,5
14134,0
14135,4
14136,4
14137,2
14138,2
14139,4
14140,5
14141,4
14142,3
14143,5
14144,4
14145,5
14146,5
14147,4
14148,4
14149,6
14150,5
14151,5
14152,2
14153,5
14154,5
14155,5
14156,5
14157,4
14158,4
14159,4
14160,2
14161,2
14162,2
14163,2
14164,2
14165,2
14166,3
14167,5
14168,6
14169,5
14170,3
14171,5
14172,4
14173,5
14174,2
14175,2
14176,4
14177,2
14178,0
14179,0
14180,0
14181,0
14182,4
14183,0
14184,4
14185,0
14186,0
14187,5
14188,5
14189,6
14190,5
14191,5
14192,5
14193,6
14194,5
14195,6
14196,0
14197,4
14198,6
14199,5
14200,3
14201,4
14202,6
14203,4
14204,2
14205,0
14206,5
14207,0
14208,0
14209,6
14210,1
14211,1
14212,1
14213,2
14214,0
14215,4
14216,0
14217,6
14218,0
14219,6
14220,5
14221,5
14222,5
14223,6
14224,0
14225,6
14226,4
14227,4
14228,4
14229,6
14230,6
14231,6
14232,4
14233,6
14234,6
14235,5
14236,0
14237,6
14238,3
14239,4
14240,4
14241,4
14242,6
14243,5
14244,0
14245,0
14246,0
14247,1
14248,3
14249,3
14250,5
14251,3
14252,3
14253,0
14254,0
14255,0
14256,0
14257,0
14258,3
14259,5
14260,5
14261,5
14262,5
14263,5
14264,5
14265,0
14266,5
14267,6
14268,0
14269,2
14270,5
14271,6
14272,6
14273,5
14274,3
14275,4
14276,3
14277,1
14278,2
14279,4
14280,2
14281,5
14282,4
14283,2
14284,0
14285,0
14286,0
14287,0
14288,4
14289,1
14290,0
14291,5
14292,2
14293,3
14294,3
14295,3
14296,4
14297,2
14298,4
14299,5
14300,5
14301,5
14302,1
14303,3
14304,5
14305,0
14306,5
14307,5
14308,5
14309,5
14310,0
14311,1
14312,6
14313,1
14314,4
14315,1
14316,3
14317,3
14318,4
14319,2
14320,1
14321,0
14322,3
14323,4
14324,6
14325,2
14326,2
14327,4
14328,4
14329,0
14330,5
14331,5
14332,2
14333,5
14334,5
14335,3
14336,4
14337,3
14338,3
14339,3
14340,3
14341,3
14342,3
14343,3
14344,2
14345,3
14346,3
14347,3
14348,3
14349,5
14350,2
14351,6
14352,5
14353,5
14354,2
14355,2
14356,3
14357,3
14358,3
14359,1
14360,3
14361,6
14362,2
14363,2
14364,5
14365,6
14366,3
14367,3
14368,6
14369,5
14370,6
14371,6
14372,0
14373,3
14374,5
14375,5
14376,0
14377,3
14378,3
14379,0
14380,3
14381,5
14382,2
14383,6
14384,2
14385,3
14386,6
14387,6
14388,0
14389,3
14390,3
14391,3
14392,2
14393,3
14394,4
14395,2
14396,3
14397,6
14398,3
14399,3
14400,2
14401,0
14402,2
14403,5
14404,3
14405,0
14406,3
14407,5
14408,6
14409,3
14410,4
14411,5
14412,3
14413,2
14414,2
14415,3
14416,6
14417,6
14418,2
14419,2
14420,4
14421,4
14422,0
14423,2
14424,0
14425,0
14426,0
14427,4
14428,6
14429,2
14430,3
14431,3
14432,3
14433,6
14434,2
14435,3
14436,2
14437,2
14438,2
14439,3
14440,3
14441,3
14442,3
14443,2
14444,3
14445,3
14446,3
14447,3
14448,4
14449,3
14450,3
14451,2
14452,2
14453,5
14454,0
14455,5
14456,3
14457,3
14458,2
14459,3
14460,5
14461,5
14462,2
14463,4
14464,2
14465,1
14466,3
14467,1
14468,3
14469,5
14470,4
14471,4
14472,4
14473,4
14474,1
14475,3
14476,4
14477,2
14478,2
14479,4
14480,0
14481,0
14482,0
14483,0
14484,0
14485,6
14486,4
14487,4
14488,4
14489,4
14490,2
14491,2
14492,4
14493,4
14494,2
14495,2
14496,4
14497,3
14498,3
14499,6
14500,4
14501,0
14502,2
14503,2
14504,0
14505,0
14506,0
14507,3
14508,5
14509,5
14510,2
14511,5
14512,2
14513,3
14514,0
14515,4
14516,6
14517,4
14518,6
14519,6
14520,6
14521,4
14522,0
14523,5
14524,5
14525,6
14526,6
14527,6
14528,5
14529,5
14530,0
14531,2
14532,5
14533,3
14534,0
14535,6
14536,5
14537,6
14538,5
14539,5
14540,5
14541,0
14542,5
14543,6
14544,2
14545,5
14546,2
14547,4
14548,3
14549,2
14550,5
14551,3
14552,2
14553,6
14554,4
14555,2
14556,3
14557,3
14558,4
14559,3
14560,2
14561,2
14562,5
14563,5
14564,3
14565,3
14566,0
14567,2
14568,3
14569,4
14570,4
14571,4
14572,3
14573,5
14574,3
14575,5
14576,3
14577,3
14578,3
14579,5
14580,4
14581,2
14582,3
14583,5
14584,5
14585,5
14586,6
14587,4
14588,5
14589,0
14590,0
14591,0
14592,0
14593,0
14594,5
14595,6
14596,6
14597,6
14598,5
14599,2
14600,5
14601,5
14602,5
14603,5
14604,3
14605,5
14606,5
14607,0
14608,6
14609,1
14610,0
14611,4
14612,4
14613,5
14614,0
14615,5
14616,5
14617,3
14618,6
14619,1
14620,2
14621,4
14622,1
14623,1
14624,1
14625,1
14626,0
14627,5
14628,5
14629,0
14630,5
14631,4
14632,4
14633,5
14634,5
14635,0
14636,0
14637,5
14638,5
14639,4
14640,5
14641,5
14642,5
14643,1
14644,2
14645,2
14646,4
14647,2
14648,5
14649,5
14650,5
14651,1
14652,1
14653,6
14654,1
14655,1
14656,4
14657,4
14658,5
14659,5
14660,0
14661,5
14662,0
14663,5
14664,1
14665,5
14666,5
14667,5
14668,5
14669,5
14670,2
14671,6
14672,6
14673,1
14674,1
14675,5
14676,5
14677,0
14678,0
14679,5
14680,4
14681,5
14682,5
14683,4
14684,4
14685,0
14686,5
14687,5
14688,2
14689,5
14690,5
14691,4
14692,2
14693,4
14694,2
14695,2
14696,2
14697,2
14698,2
14699,6
14700,2
14701,0
14702,0
14703,0
14704,5
14705,5
14706,5
14707,2
14708,5
14709,5
14710,5
14711,5
14712,4
14713,2
14714,6
14715,2
14716,2
14717,5
14718,0
14719,1
14720,5
14721,2
14722,3
14723,2
14724,2
14725,2
14726,2
14727,0
14728,0
14729,2
14730,5
14731,0
14732,2
14733,6
14734,2
14735,2
14736,0
14737,0
14738,4
14739,5
14740,0
14741,5
14742,0
14743,2
14744,2
14745,6
14746,1
14747,1
14748,1
14749,5
14750,4
14751,5
14752,6
14753,4
14754,4
14755,0
14756,1
14757,4
14758,5
14759,0
14760,3
14761,2
14762,5
14763,1
14764,3
14765,6
14766,2
14767,1
14768,0
14769,6
14770,3
14771,3
14772,5
14773,5
14774,5
14775,5
14776,5
14777,2
14778,2
14779,2
14780,5
14781,0
14782,5
14783,0
14784,5
14785,3
14786,4
14787,6
14788,6
14789,1
14790,0
14791,4
14792,4
14793,6
14794,6
14795,4
14796,0
14797,6
14798,0
14799,0
14800,0
14801,0
14802,4
14803,2
14804,2
14805,2
14806,2
14807,2
14808,5
14809,4
14810,2
14811,1
14812,5
14813,5
14814,3
14815,1
14816,0
14817,6
14818,1
14819,6
14820,4
14821,6
14822,4
14823,2
14824,3
14825,3
14826,0
14827,5
14828,1
14829,4
14830,4
14831,6
14832,5
14833,5
14834,2
14835,6
14836,6
14837,4
14838,5
14839,5
14840,2
14841,5
14842,0
14843,5
14844,5
14845,0
14846,0
14847,0
