sample_id,cluster
0,4
1,3
2,4
3,4
4,1
5,1
6,3
7,0
8,3
9,0
10,0
11,4
12,0
13,4
14,4
15,1
16,3
17,0
18,1
19,1
20,3
21,0
22,3
23,4
24,1
25,3
26,1
27,1
28,3
29,1
30,1
31,4
32,1
33,4
34,1
35,4
36,1
37,1
38,1
39,1
40,1
41,3
42,3
43,3
44,3
45,3
46,1
47,3
48,0
49,3
50,0
51,0
52,1
53,3
54,4
55,4
56,3
57,4
58,1
59,4
60,1
61,1
62,0
63,4
64,0
65,4
66,4
67,1
68,1
69,4
70,1
71,4
72,1
73,0
74,1
75,0
76,4
77,0
78,0
79,0
80,1
81,3
82,1
83,3
84,1
85,4
86,1
87,4
88,4
89,4
90,1
91,4
92,1
93,0
94,1
95,4
96,1
97,4
98,1
99,4
100,1
101,3
102,3
103,4
104,1
105,4
106,1
107,3
108,4
109,1
110,1
111,1
112,1
113,3
114,1
115,3
116,1
117,3
118,3
119,1
120,3
121,4
122,1
123,1
124,4
125,0
126,1
127,0
128,4
129,1
130,1
131,0
132,0
133,4
134,1
135,3
136,3
137,1
138,0
139,1
140,0
141,1
142,0
143,0
144,3
145,1
146,4
147,4
148,0
149,4
150,3
151,4
152,0
153,3
154,1
155,1
156,4
157,0
158,3
159,3
160,1
161,1
162,1
163,3
164,0
165,4
166,1
167,4
168,4
169,4
170,1
171,4
172,4
173,4
174,1
175,4
176,1
177,4
178,0
179,3
180,1
181,4
182,0
183,4
184,1
185,1
186,0
187,4
188,0
189,1
190,0
191,1
192,1
193,3
194,0
195,1
196,1
197,1
198,1
199,1
200,1
201,1
202,1
203,1
204,3
205,1
206,1
207,0
208,0
209,0
210,4
211,0
212,1
213,4
214,1
215,1
216,1
217,1
218,4
219,4
220,1
221,4
222,4
223,4
224,1
225,4
226,1
227,4
228,1
229,3
230,4
231,0
232,1
233,3
234,1
235,3
236,1
237,3
238,3
239,4
240,4
241,4
242,4
243,0
244,4
245,1
246,1
247,4
248,1
249,4
250,0
251,1
252,4
253,1
254,1
255,0
256,4
257,1
258,4
259,0
260,0
261,0
262,4
263,0
264,4
265,1
266,4
267,0
268,1
269,4
270,1
271,4
272,4
273,3
274,0
275,1
276,4
277,0
278,4
279,1
280,3
281,3
282,0
283,4
284,1
285,1
286,0
287,3
288,1
289,1
290,1
291,4
292,0
293,0
294,1
295,4
296,1
297,3
298,1
299,1
300,1
301,1
302,0
303,0
304,1
305,4
306,4
307,4
308,0
309,4
310,4
311,4
312,4
313,3
314,1
315,3
316,1
317,1
318,0
319,4
320,0
321,0
322,4
323,0
324,4
325,0
326,1
327,3
328,1
329,1
330,1
331,3
332,1
333,4
334,1
335,4
336,1
337,3
338,0
339,4
340,1
341,4
342,1
343,4
344,1
345,1
346,3
347,1
348,0
349,1
350,1
351,1
352,0
353,1
354,0
355,1
356,0
357,1
358,0
359,1
360,0
361,1
362,0
363,1
364,0
365,1
366,0
367,1
368,0
369,1
370,0
371,4
372,1
373,1
374,0
375,1
376,0
377,1
378,0
379,1
380,1
381,0
382,0
383,0
384,0
385,0
386,1
387,0
388,0
389,1
390,0
391,1
392,0
393,1
394,0
395,1
396,0
397,1
398,0
399,0
400,0
401,4
402,0
403,1
404,0
405,3
406,0
407,1
408,0
409,1
410,0
411,1
412,4
413,4
414,0
415,1
416,0
417,1
418,0
419,1
420,0
421,1
422,4
423,1
424,0
425,1
426,4
427,1
428,3
429,0
430,0
431,4
432,4
433,3
434,1
435,0
436,1
437,0
438,1
439,0
440,0
441,0
442,1
443,0
444,1
445,0
446,4
447,0
448,0
449,0
450,4
451,0
452,0
453,0
454,4
455,0
456,4
457,0
458,1
459,0
460,0
461,1
462,0
463,0
464,0
465,4
466,1
467,0
468,1
469,4
470,0
471,4
472,0
473,4
474,0
475,1
476,0
477,4
478,0
479,0
480,0
481,1
482,0
483,4
484,0
485,4
486,0
487,4
488,0
489,0
490,0
491,1
492,0
493,1
494,0
495,4
496,0
497,0
498,0
499,4
500,0
501,4
502,1
503,1
504,4
505,0
506,1
507,0
508,1
509,0
510,1
511,4
512,1
513,4
514,1
515,4
516,4
517,1
518,4
519,1
520,1
521,1
522,1
523,1
524,0
525,1
526,0
527,1
528,0
529,4
530,1
531,1
532,0
533,1
534,4
535,1
536,0
537,0
538,0
539,0
540,4
541,1
542,4
543,4
544,4
545,1
546,4
547,4
548,4
549,1
550,0
551,1
552,4
553,1
554,1
555,4
556,0
557,0
558,1
559,4
560,3
561,4
562,3
563,0
564,1
565,0
566,1
567,4
568,4
569,1
570,3
571,4
572,3
573,0
574,4
575,4
576,3
577,4
578,3
579,4
580,1
581,4
582,3
583,4
584,3
585,4
586,3
587,1
588,3
589,0
590,3
591,0
592,3
593,1
594,3
595,1
596,3
597,0
598,0
599,3
600,3
601,3
602,1
603,3
604,4
605,3
606,0
607,1
608,3
609,3
610,1
611,3
612,1
613,3
614,1
615,3
616,0
617,3
618,3
619,1
620,1
621,3
622,4
623,1
624,1
625,3
626,1
627,3
628,1
629,1
630,0
631,3
632,1
633,3
634,1
635,3
636,0
637,3
638,0
639,3
640,0
641,1
642,0
643,1
644,0
645,3
646,0
647,4
648,0
649,1
650,0
651,1
652,4
653,1
654,1
655,0
656,3
657,0
658,1
659,3
660,3
661,0
662,4
663,0
664,0
665,4
666,0
667,4
668,0
669,3
670,0
671,3
672,1
673,1
674,0
675,1
676,0
677,3
678,0
679,3
680,4
681,1
682,0
683,3
684,0
685,4
686,1
687,3
688,0
689,3
690,0
691,4
692,1
693,4
694,1
695,3
696,1
697,1
698,0
699,1
700,0
701,1
702,4
703,3
704,0
705,3
706,0
707,1
708,1
709,0
710,4
711,1
712,4
713,0
714,4
715,0
716,3
717,4
718,0
719,0
720,3
721,4
722,3
723,0
724,1
725,0
726,3
727,0
728,1
729,0
730,1
731,4
732,1
733,0
734,3
735,1
736,1
737,0
738,4
739,1
740,0
741,0
742,1
743,0
744,1
745,0
746,3
747,0
748,3
749,1
750,1
751,1
752,3
753,1
754,3
755,1
756,1
757,4
758,3
759,0
760,4
761,0
762,3
763,4
764,3
765,0
766,4
767,0
768,3
769,4
770,1
771,0
772,3
773,0
774,3
775,0
776,3
777,0
778,0
779,1
780,4
781,0
782,3
783,0
784,3
785,0
786,1
787,1
788,3
789,0
790,1
791,1
792,1
793,0
794,3
795,1
796,0
797,1
798,3
799,1
800,4
801,4
802,3
803,3
804,0
805,3
806,0
807,4
808,0
809,4
810,4
811,4
812,3
813,1
814,3
815,4
816,3
817,1
818,4
819,0
820,0
821,4
822,4
823,1
824,3
825,1
826,3
827,4
828,3
829,4
830,3
831,1
832,1
833,1
834,4
835,0
836,3
837,0
838,3
839,0
840,3
841,4
842,3
843,0
844,3
845,0
846,4
847,0
848,3
849,3
850,3
851,0
852,3
853,4
854,3
855,0
856,3
857,0
858,3
859,0
860,4
861,0
862,0
863,1
864,1
865,0
866,0
867,1
868,0
869,1
870,0
871,0
872,0
873,0
874,3
875,0
876,0
877,0
878,0
879,0
880,1
881,1
882,0
883,1
884,1
885,0
886,1
887,0
888,1
889,0
890,1
891,0
892,1
893,0
894,1
895,0
896,1
897,0
898,0
899,0
900,0
901,0
902,1
903,0
904,1
905,4
906,1
907,0
908,0
909,0
910,1
911,1
912,0
913,0
914,0
915,1
916,4
917,1
918,4
919,0
920,1
921,1
922,0
923,0
924,0
925,0
926,1
927,0
928,1
929,4
930,1
931,0
932,1
933,0
934,3
935,0
936,0
937,0
938,0
939,4
940,3
941,0
942,3
943,1
944,3
945,1
946,3
947,0
948,3
949,0
950,3
951,1
952,3
953,0
954,3
955,0
956,1
957,0
958,3
959,3
960,3
961,4
962,1
963,0
964,1
965,1
966,0
967,0
968,0
969,4
970,3
971,3
972,3
973,4
974,3
975,0
976,3
977,1
978,3
979,4
980,0
981,0
982,3
983,0
984,3
985,0
986,3
987,0
988,3
989,4
990,3
991,0
992,3
993,0
994,3
995,0
996,3
997,1
998,4
999,0
1000,0
1001,0
1002,0
1003,4
1004,1
1005,0
1006,1
1007,4
1008,0
1009,0
1010,3
1011,0
1012,1
1013,0
1014,1
1015,0
1016,1
1017,0
1018,3
1019,0
1020,1
1021,0
1022,3
1023,0
1024,3
1025,0
1026,0
1027,0
1028,3
1029,4
1030,3
1031,1
1032,3
1033,0
1034,0
1035,0
1036,3
1037,0
1038,3
1039,0
1040,3
1041,4
1042,1
1043,4
1044,4
1045,4
1046,3
1047,4
1048,1
1049,4
1050,1
1051,4
1052,4
1053,1
1054,1
1055,4
1056,1
1057,4
1058,4
1059,4
1060,3
1061,1
1062,3
1063,4
1064,3
1065,1
1066,3
1067,1
1068,4
1069,4
1070,4
1071,4
1072,1
1073,0
1074,3
1075,1
1076,1
1077,4
1078,4
1079,4
1080,3
1081,1
1082,1
1083,3
1084,4
1085,4
1086,4
1087,4
1088,3
1089,1
1090,1
1091,1
1092,4
1093,0
1094,1
1095,1
1096,1
1097,1
1098,4
1099,1
1100,0
1101,1
1102,4
1103,1
1104,4
1105,1
1106,4
1107,1
1108,1
1109,1
1110,4
1111,1
1112,4
1113,1
1114,4
1115,0
1116,4
1117,1
1118,4
1119,1
1120,4
1121,3
1122,0
1123,1
1124,4
1125,4
1126,3
1127,4
1128,1
1129,4
1130,3
1131,0
1132,1
1133,4
1134,1
1135,1
1136,4
1137,0
1138,4
1139,4
1140,3
1141,4
1142,0
1143,3
1144,1
1145,3
1146,4
1147,4
1148,4
1149,3
1150,0
1151,4
1152,0
1153,4
1154,4
1155,3
1156,4
1157,0
1158,0
1159,0
1160,4
1161,3
1162,0
1163,1
1164,4
1165,1
1166,4
1167,3
1168,0
1169,3
1170,4
1171,0
1172,4
1173,0
1174,4
1175,0
1176,4
1177,0
1178,4
1179,1
1180,4
1181,1
1182,1
1183,0
1184,0
1185,3
1186,4
1187,3
1188,4
1189,3
1190,0
1191,3
1192,4
1193,0
1194,4
1195,1
1196,1
1197,0
1198,4
1199,1
1200,4
1201,4
1202,0
1203,0
1204,4
1205,3
1206,1
1207,0
1208,4
1209,0
1210,4
1211,1
1212,4
1213,0
1214,1
1215,1
1216,1
1217,1
1218,1
1219,1
1220,1
1221,3
1222,4
1223,4
1224,1
1225,0
1226,0
1227,1
1228,1
1229,0
1230,1
1231,1
1232,1
1233,1
1234,4
1235,1
1236,3
1237,0
1238,0
1239,1
1240,3
1241,3
1242,4
1243,0
1244,4
1245,4
1246,4
1247,1
1248,1
1249,3
1250,4
1251,3
1252,1
1253,4
1254,1
1255,1
1256,1
1257,1
1258,4
1259,0
1260,4
1261,1
1262,4
1263,3
1264,1
1265,3
1266,4
1267,3
1268,4
1269,3
1270,4
1271,3
1272,0
1273,3
1274,4
1275,4
1276,3
1277,1
1278,3
1279,4
1280,3
1281,1
1282,3
1283,4
1284,3
1285,1
1286,1
1287,0
1288,3
1289,3
1290,3
1291,0
1292,3
1293,4
1294,3
1295,4
1296,3
1297,0
1298,3
1299,3
1300,3
1301,0
1302,1
1303,4
1304,3
1305,0
1306,1
1307,3
1308,3
1309,0
1310,3
1311,0
1312,3
1313,3
1314,4
1315,1
1316,1
1317,3
1318,1
1319,1
1320,4
1321,3
1322,3
1323,4
1324,1
1325,1
1326,1
1327,1
1328,3
1329,4
1330,4
1331,4
1332,1
1333,0
1334,4
1335,1
1336,4
1337,4
1338,3
1339,4
1340,4
1341,4
1342,1
1343,1
1344,1
1345,4
1346,1
1347,4
1348,1
1349,3
1350,0
1351,4
1352,1
1353,3
1354,3
1355,3
1356,1
1357,3
1358,1
1359,1
1360,1
1361,1
1362,3
1363,0
1364,3
1365,4
1366,1
1367,4
1368,1
1369,0
1370,4
1371,1
1372,3
1373,1
1374,1
1375,4
1376,1
1377,3
1378,1
1379,3
1380,1
1381,1
1382,4
1383,4
1384,1
1385,4
1386,4
1387,4
1388,4
1389,4
1390,1
1391,3
1392,1
1393,1
1394,1
1395,1
1396,1
1397,1
1398,1
1399,1
1400,3
1401,4
1402,3
1403,3
1404,4
1405,3
1406,4
1407,4
1408,1
1409,4
1410,1
1411,4
1412,4
1413,4
1414,4
1415,4
1416,1
1417,4
1418,1
1419,4
1420,3
1421,1
1422,4
1423,1
1424,3
1425,1
1426,1
1427,1
1428,1
1429,1
1430,4
1431,4
1432,4
1433,3
1434,1
1435,3
1436,1
1437,0
1438,1
1439,1
1440,4
1441,1
1442,1
1443,3
1444,0
1445,4
1446,1
1447,3
1448,3
1449,3
1450,3
1451,3
1452,0
1453,1
1454,4
1455,0
1456,3
1457,4
1458,4
1459,1
1460,4
1461,4
1462,3
1463,1
1464,1
1465,1
1466,1
1467,1
1468,1
1469,1
1470,1
1471,3
1472,0
1473,1
1474,0
1475,0
1476,1
1477,1
1478,4
1479,1
1480,0
1481,0
1482,3
1483,1
1484,3
1485,0
1486,1
1487,1
1488,3
1489,4
1490,3
1491,1
1492,3
1493,1
1494,1
1495,0
1496,3
1497,1
1498,3
1499,1
1500,1
1501,1
1502,1
1503,1
1504,1
1505,0
1506,1
1507,1
1508,1
1509,4
1510,3
1511,1
1512,3
1513,3
1514,4
1515,3
1516,1
1517,4
1518,4
1519,4
1520,4
1521,1
1522,1
1523,1
1524,1
1525,1
1526,1
1527,4
1528,1
1529,1
1530,1
1531,1
1532,1
1533,4
1534,1
1535,4
1536,1
1537,4
1538,4
1539,3
1540,1
1541,4
1542,4
1543,0
1544,4
1545,4
1546,4
1547,4
1548,4
1549,1
1550,1
1551,4
1552,4
1553,1
1554,4
1555,4
1556,4
1557,1
1558,3
1559,1
1560,3
1561,1
1562,0
1563,4
1564,0
1565,4
1566,4
1567,1
1568,4
1569,1
1570,3
1571,1
1572,4
1573,1
1574,4
1575,1
1576,4
1577,1
1578,3
1579,1
1580,3
1581,1
1582,4
1583,1
1584,4
1585,1
1586,4
1587,1
1588,4
1589,1
1590,4
1591,1
1592,0
1593,1
1594,1
1595,1
1596,1
1597,1
1598,1
1599,1
1600,4
1601,1
1602,3
1603,1
1604,3
1605,1
1606,4
1607,1
1608,1
1609,1
1610,4
1611,1
1612,4
1613,1
1614,1
1615,1
1616,3
1617,1
1618,4
1619,1
1620,1
1621,3
1622,1
1623,3
1624,4
1625,1
1626,4
1627,0
1628,1
1629,0
1630,1
1631,1
1632,1
1633,1
1634,1
1635,1
1636,2
1637,1
1638,1
1639,1
1640,3
1641,1
1642,4
1643,1
1644,1
1645,1
1646,1
1647,1
1648,1
1649,1
1650,1
1651,1
1652,1
1653,1
1654,1
1655,1
1656,4
1657,1
1658,1
1659,1
1660,3
1661,1
1662,1
1663,1
1664,1
1665,1
1666,3
1667,1
1668,3
1669,1
1670,3
1671,1
1672,1
1673,1
1674,1
1675,1
1676,1
1677,4
1678,1
1679,1
1680,1
1681,1
1682,1
1683,4
1684,1
1685,1
1686,1
1687,1
1688,1
1689,1
1690,4
1691,1
1692,1
1693,1
1694,1
1695,1
1696,0
1697,4
1698,1
1699,1
1700,1
1701,3
1702,3
1703,0
1704,0
1705,1
1706,3
1707,4
1708,3
1709,4
1710,3
1711,4
1712,1
1713,1
1714,3
1715,1
1716,3
1717,4
1718,1
1719,1
1720,1
1721,1
1722,0
1723,1
1724,0
1725,1
1726,0
1727,1
1728,0
1729,1
1730,3
1731,4
1732,3
1733,4
1734,3
1735,3
1736,3
1737,0
1738,1
1739,4
1740,1
1741,4
1742,0
1743,4
1744,1
1745,4
1746,1
1747,4
1748,1
1749,4
1750,3
1751,4
1752,3
1753,0
1754,3
1755,0
1756,0
1757,4
1758,3
1759,1
1760,3
1761,1
1762,1
1763,1
1764,3
1765,1
1766,3
1767,1
1768,3
1769,3
1770,0
1771,3
1772,3
1773,0
1774,0
1775,3
1776,3
1777,3
1778,3
1779,3
1780,0
1781,3
1782,1
1783,1
1784,0
1785,0
1786,0
1787,0
1788,0
1789,1
1790,0
1791,3
1792,4
1793,3
1794,1
1795,3
1796,0
1797,3
1798,0
1799,4
1800,3
1801,0
1802,1
1803,0
1804,1
1805,3
1806,1
1807,3
1808,1
1809,3
1810,1
1811,0
1812,0
1813,4
1814,0
1815,0
1816,1
1817,4
1818,1
1819,1
1820,0
1821,3
1822,0
1823,4
1824,1
1825,1
1826,1
1827,3
1828,3
1829,1
1830,3
1831,1
1832,3
1833,4
1834,4
1835,3
1836,4
1837,3
1838,4
1839,3
1840,4
1841,4
1842,3
1843,4
1844,0
1845,4
1846,3
1847,4
1848,3
1849,1
1850,1
1851,1
1852,3
1853,1
1854,1
1855,4
1856,3
1857,4
1858,4
1859,0
1860,4
1861,0
1862,4
1863,4
1864,4
1865,4
1866,4
1867,0
1868,4
1869,0
1870,1
1871,1
1872,4
1873,4
1874,4
1875,0
1876,4
1877,0
1878,4
1879,0
1880,4
1881,4
1882,4
1883,0
1884,4
1885,0
1886,4
1887,4
1888,4
1889,3
1890,4
1891,3
1892,4
1893,0
1894,4
1895,4
1896,4
1897,4
1898,0
1899,4
1900,3
1901,4
1902,0
1903,4
1904,3
1905,4
1906,3
1907,4
1908,3
1909,4
1910,3
1911,1
1912,3
1913,4
1914,4
1915,3
1916,4
1917,4
1918,3
1919,3
1920,3
1921,4
1922,3
1923,4
1924,4
1925,4
1926,4
1927,4
1928,4
1929,1
1930,3
1931,4
1932,4
1933,4
1934,1
1935,3
1936,1
1937,3
1938,4
1939,3
1940,4
1941,3
1942,1
1943,1
1944,4
1945,1
1946,4
1947,0
1948,1
1949,3
1950,1
1951,0
1952,4
1953,3
1954,4
1955,0
1956,4
1957,3
1958,4
1959,3
1960,4
1961,3
1962,4
1963,1
1964,4
1965,3
1966,4
1967,4
1968,1
1969,3
1970,4
1971,3
1972,1
1973,4
1974,3
1975,4
1976,0
1977,4
1978,1
1979,1
1980,0
1981,4
1982,3
1983,4
1984,3
1985,0
1986,4
1987,0
1988,4
1989,3
1990,1
1991,3
1992,4
1993,1
1994,4
1995,3
1996,3
1997,3
1998,4
1999,3
2000,1
2001,3
2002,1
2003,3
2004,0
2005,0
2006,4
2007,3
2008,4
2009,3
2010,1
2011,3
2012,0
2013,3
2014,4
2015,3
2016,1
2017,3
2018,4
2019,3
2020,3
2021,1
2022,4
2023,4
2024,3
2025,1
2026,3
2027,1
2028,3
2029,1
2030,3
2031,1
2032,3
2033,1
2034,1
2035,4
2036,3
2037,1
2038,3
2039,1
2040,3
2041,3
2042,3
2043,4
2044,3
2045,4
2046,1
2047,4
2048,3
2049,4
2050,3
2051,1
2052,3
2053,1
2054,3
2055,4
2056,0
2057,3
2058,4
2059,3
2060,4
2061,3
2062,1
2063,3
2064,4
2065,3
2066,1
2067,3
2068,4
2069,3
2070,4
2071,3
2072,4
2073,3
2074,0
2075,3
2076,4
2077,3
2078,4
2079,3
2080,4
2081,3
2082,1
2083,3
2084,1
2085,3
2086,4
2087,3
2088,3
2089,3
2090,4
2091,3
2092,1
2093,3
2094,4
2095,3
2096,1
2097,1
2098,4
2099,3
2100,4
2101,3
2102,4
2103,3
2104,4
2105,3
2106,4
2107,0
2108,4
2109,0
2110,0
2111,3
2112,1
2113,0
2114,1
2115,3
2116,4
2117,0
2118,4
2119,3
2120,4
2121,3
2122,4
2123,3
2124,4
2125,3
2126,4
2127,3
2128,1
2129,3
2130,1
2131,1
2132,1
2133,4
2134,1
2135,4
2136,1
2137,1
2138,1
2139,1
2140,4
2141,0
2142,4
2143,1
2144,0
2145,1
2146,0
2147,4
2148,0
2149,4
2150,1
2151,4
2152,0
2153,1
2154,0
2155,4
2156,0
2157,4
2158,0
2159,4
2160,0
2161,4
2162,4
2163,1
2164,1
2165,1
2166,4
2167,1
2168,1
2169,1
2170,1
2171,1
2172,0
2173,1
2174,1
2175,1
2176,1
2177,4
2178,0
2179,1
2180,1
2181,1
2182,1
2183,1
2184,1
2185,1
2186,1
2187,1
2188,1
2189,1
2190,1
2191,1
2192,1
2193,1
2194,1
2195,1
2196,1
2197,1
2198,1
2199,1
2200,1
2201,1
2202,1
2203,1
2204,1
2205,1
2206,1
2207,1
2208,1
2209,1
2210,1
2211,1
2212,1
2213,1
2214,1
2215,1
2216,1
2217,1
2218,1
2219,1
2220,1
2221,1
2222,1
2223,1
2224,1
2225,1
2226,1
2227,1
2228,1
2229,1
2230,1
2231,1
2232,1
2233,1
2234,1
2235,3
2236,3
2237,3
2238,3
2239,1
2240,0
2241,1
2242,4
2243,1
2244,1
2245,1
2246,1
2247,3
2248,1
2249,3
2250,1
2251,1
2252,4
2253,4
2254,4
2255,3
2256,1
2257,1
2258,3
2259,3
2260,3
2261,3
2262,3
2263,4
2264,1
2265,3
2266,3
2267,1
2268,1
2269,0
2270,1
2271,4
2272,4
2273,1
2274,1
2275,1
2276,1
2277,1
2278,1
2279,4
2280,4
2281,4
2282,1
2283,4
2284,4
2285,4
2286,4
2287,4
2288,1
2289,1
2290,1
2291,1
2292,4
2293,1
2294,1
2295,1
2296,1
2297,1
2298,1
2299,1
2300,1
2301,1
2302,1
2303,1
2304,1
2305,3
2306,3
2307,3
2308,0
2309,4
2310,3
2311,0
2312,3
2313,0
2314,0
2315,1
2316,3
2317,0
2318,1
2319,3
2320,0
2321,3
2322,0
2323,0
2324,0
2325,4
2326,0
2327,3
2328,3
2329,4
2330,4
2331,3
2332,3
2333,3
2334,3
2335,1
2336,1
2337,0
2338,1
2339,1
2340,1
2341,0
2342,4
2343,4
2344,4
2345,0
2346,3
2347,4
2348,3
2349,0
2350,0
2351,3
2352,3
2353,1
2354,1
2355,0
2356,1
2357,0
2358,3
2359,4
2360,4
2361,0
2362,4
2363,4
2364,4
2365,1
2366,4
2367,3
2368,1
2369,3
2370,3
2371,0
2372,3
2373,1
2374,1
2375,4
2376,4
2377,4
2378,4
2379,4
2380,4
2381,4
2382,3
2383,4
2384,3
2385,1
2386,0
2387,3
2388,0
2389,4
2390,1
2391,0
2392,4
2393,4
2394,3
2395,4
2396,4
2397,0
2398,4
2399,4
2400,3
2401,4
2402,4
2403,3
2404,3
2405,4
2406,3
2407,3
2408,3
2409,1
2410,3
2411,0
2412,4
2413,4
2414,0
2415,0
2416,0
2417,3
2418,0
2419,1
2420,0
2421,1
2422,3
2423,0
2424,0
2425,0
2426,0
2427,4
2428,0
2429,3
2430,3
2431,0
2432,3
2433,0
2434,0
2435,3
2436,4
2437,1
2438,0
2439,3
2440,3
2441,3
2442,3
2443,3
2444,0
2445,0
2446,0
2447,3
2448,0
2449,3
2450,4
2451,3
2452,3
2453,4
2454,3
2455,4
2456,3
2457,1
2458,3
2459,3
2460,0
2461,4
2462,3
2463,3
2464,3
2465,4
2466,3
2467,0
2468,0
2469,3
2470,3
2471,4
2472,0
2473,0
2474,0
2475,0
2476,4
2477,0
2478,4
2479,0
2480,4
2481,3
2482,3
2483,0
2484,0
2485,0
2486,3
2487,0
2488,1
2489,3
2490,3
2491,4
2492,3
2493,4
2494,3
2495,4
2496,4
2497,4
2498,4
2499,3
2500,3
2501,0
2502,0
2503,1
2504,0
2505,0
2506,0
2507,4
2508,0
2509,3
2510,3
2511,0
2512,0
2513,4
2514,4
2515,4
2516,4
2517,3
2518,4
2519,4
2520,4
2521,4
2522,4
2523,0
2524,3
2525,0
2526,3
2527,3
2528,4
2529,4
2530,4
2531,4
2532,0
2533,4
2534,3
2535,4
2536,4
2537,4
2538,4
2539,4
2540,0
2541,4
2542,4
2543,4
2544,4
2545,4
2546,4
2547,1
2548,3
2549,4
2550,3
2551,3
2552,3
2553,3
2554,0
2555,4
2556,4
2557,3
2558,4
2559,4
2560,3
2561,4
2562,3
2563,0
2564,4
2565,0
2566,0
2567,3
2568,3
2569,0
2570,0
2571,3
2572,3
2573,0
2574,0
2575,4
2576,0
2577,4
2578,0
2579,4
2580,4
2581,3
2582,0
2583,0
2584,4
2585,0
2586,0
2587,0
2588,0
2589,4
2590,0
2591,3
2592,1
2593,3
2594,4
2595,0
2596,4
2597,0
2598,3
2599,4
2600,0
2601,1
2602,0
2603,0
2604,0
2605,4
2606,0
2607,1
2608,0
2609,0
2610,3
2611,4
2612,4
2613,3
2614,0
2615,3
2616,3
2617,3
2618,0
2619,0
2620,4
2621,3
2622,3
2623,1
2624,3
2625,4
2626,0
2627,4
2628,3
2629,4
2630,0
2631,0
2632,0
2633,3
2634,0
2635,4
2636,0
2637,1
2638,0
2639,0
2640,0
2641,0
2642,0
2643,0
2644,0
2645,0
2646,0
2647,0
2648,0
2649,0
2650,3
2651,0
2652,0
2653,4
2654,3
2655,0
2656,4
2657,4
2658,0
2659,4
2660,0
2661,4
2662,0
2663,0
2664,0
2665,3
2666,3
2667,0
2668,0
2669,0
2670,3
2671,0
2672,0
2673,3
2674,3
2675,4
2676,0
2677,0
2678,3
2679,0
2680,4
2681,0
2682,3
2683,3
2684,3
2685,3
2686,0
2687,0
2688,3
2689,4
2690,3
2691,3
2692,0
2693,3
2694,0
2695,0
2696,0
2697,0
2698,0
2699,1
2700,4
2701,0
2702,4
2703,0
2704,0
2705,0
2706,0
2707,4
2708,4
2709,1
2710,0
2711,1
2712,4
2713,4
2714,0
2715,0
2716,3
2717,0
2718,3
2719,4
2720,4
2721,3
2722,0
2723,1
2724,0
2725,4
2726,0
2727,3
2728,3
2729,0
2730,0
2731,4
2732,0
2733,0
2734,0
2735,4
2736,4
2737,3
2738,3
2739,3
2740,0
2741,4
2742,0
2743,0
2744,0
2745,0
2746,4
2747,0
2748,4
2749,0
2750,0
2751,0
2752,1
2753,1
2754,0
2755,0
2756,3
2757,0
2758,3
2759,3
2760,0
2761,0
2762,0
2763,0
2764,4
2765,0
2766,4
2767,0
2768,0
2769,4
2770,0
2771,3
2772,0
2773,0
2774,1
2775,0
2776,3
2777,0
2778,0
2779,0
2780,0
2781,3
2782,0
2783,0
2784,0
2785,0
2786,0
2787,3
2788,0
2789,3
2790,0
2791,0
2792,4
2793,0
2794,0
2795,1
2796,0
2797,0
2798,3
2799,0
2800,0
2801,0
2802,0
2803,0
2804,1
2805,0
2806,4
2807,0
2808,4
2809,3
2810,3
2811,4
2812,4
2813,0
2814,3
2815,3
2816,0
2817,3
2818,3
2819,3
2820,4
2821,4
2822,3
2823,1
2824,4
2825,3
2826,0
2827,0
2828,4
2829,3
2830,3
2831,3
2832,3
2833,4
2834,4
2835,3
2836,0
2837,3
2838,4
2839,0
2840,3
2841,0
2842,3
2843,0
2844,0
2845,0
2846,3
2847,0
2848,0
2849,3
2850,0
2851,0
2852,0
2853,0
2854,3
2855,0
2856,0
2857,0
2858,0
2859,0
2860,3
2861,4
2862,0
2863,3
2864,3
2865,4
2866,3
2867,0
2868,3
2869,0
2870,0
2871,3
2872,0
2873,0
2874,3
2875,0
2876,3
2877,3
2878,4
2879,3
2880,0
2881,3
2882,1
2883,0
2884,0
2885,0
2886,0
2887,0
2888,0
2889,3
2890,0
2891,1
2892,0
2893,3
2894,0
2895,3
2896,4
2897,3
2898,0
2899,0
2900,3
2901,0
2902,3
2903,3
2904,3
2905,3
2906,0
2907,0
2908,0
2909,0
2910,0
2911,0
2912,0
2913,0
2914,0
2915,3
2916,3
2917,0
2918,0
2919,4
2920,0
2921,0
2922,3
2923,4
2924,4
2925,0
2926,3
2927,0
2928,3
2929,0
2930,3
2931,4
2932,0
2933,3
2934,4
2935,1
2936,1
2937,3
2938,0
2939,0
2940,0
2941,0
2942,0
2943,0
2944,0
2945,0
2946,3
2947,0
2948,4
2949,4
2950,3
2951,0
2952,0
2953,0
2954,3
2955,3
2956,3
2957,0
2958,0
2959,0
2960,0
2961,3
2962,0
2963,0
2964,4
2965,3
2966,0
2967,1
2968,4
2969,3
2970,4
2971,0
2972,0
2973,3
2974,0
2975,3
2976,4
2977,0
2978,0
2979,4
2980,4
2981,0
2982,1
2983,0
2984,0
2985,1
2986,0
2987,4
2988,4
2989,0
2990,3
2991,0
2992,3
2993,4
2994,0
2995,0
2996,3
2997,0
2998,0
2999,4
3000,4
3001,3
3002,4
3003,1
3004,0
3005,3
3006,4
3007,0
3008,0
3009,0
3010,4
3011,0
3012,3
3013,0
3014,1
3015,4
3016,3
3017,0
3018,4
3019,1
3020,0
3021,0
3022,0
3023,0
3024,1
3025,0
3026,1
3027,0
3028,3
3029,4
3030,4
3031,4
3032,4
3033,0
3034,0
3035,4
3036,0
3037,4
3038,3
3039,0
3040,0
3041,4
3042,3
3043,1
3044,3
3045,0
3046,3
3047,0
3048,3
3049,0
3050,0
3051,1
3052,0
3053,3
3054,3
3055,3
3056,3
3057,0
3058,4
3059,0
3060,1
3061,4
3062,0
3063,4
3064,0
3065,0
3066,4
3067,0
3068,0
3069,4
3070,0
3071,0
3072,3
3073,3
3074,0
3075,4
3076,0
3077,0
3078,0
3079,3
3080,3
3081,1
3082,3
3083,3
3084,0
3085,0
3086,0
3087,4
3088,4
3089,0
3090,0
3091,0
3092,0
3093,0
3094,3
3095,3
3096,0
3097,4
3098,4
3099,0
3100,0
3101,4
3102,0
3103,0
3104,0
3105,0
3106,3
3107,0
3108,0
3109,0
3110,3
3111,0
3112,0
3113,0
3114,4
3115,3
3116,0
3117,4
3118,4
3119,0
3120,0
3121,0
3122,3
3123,0
3124,1
3125,3
3126,3
3127,3
3128,3
3129,0
3130,3
3131,0
3132,0
3133,4
3134,3
3135,0
3136,3
3137,0
3138,4
3139,0
3140,0
3141,4
3142,3
3143,0
3144,0
3145,3
3146,4
3147,0
3148,0
3149,0
3150,4
3151,0
3152,0
3153,0
3154,3
3155,0
3156,4
3157,3
3158,1
3159,0
3160,1
3161,3
3162,3
3163,0
3164,0
3165,0
3166,4
3167,0
3168,3
3169,3
3170,3
3171,0
3172,0
3173,0
3174,0
3175,4
3176,3
3177,0
3178,0
3179,0
3180,3
3181,0
3182,0
3183,1
3184,1
3185,0
3186,0
3187,0
3188,0
3189,0
3190,1
3191,3
3192,0
3193,0
3194,0
3195,0
3196,0
3197,3
3198,4
3199,0
3200,0
3201,0
3202,3
3203,0
3204,0
3205,3
3206,0
3207,0
3208,0
3209,4
3210,0
3211,0
3212,0
3213,0
3214,0
3215,0
3216,4
3217,0
3218,3
3219,1
3220,3
3221,4
3222,3
3223,3
3224,3
3225,3
3226,3
3227,3
3228,3
3229,3
3230,3
3231,3
3232,3
3233,3
3234,3
3235,3
3236,3
3237,3
3238,3
3239,3
3240,3
3241,3
3242,3
3243,3
3244,3
3245,3
3246,3
3247,3
3248,3
3249,3
3250,3
3251,3
3252,3
3253,3
3254,3
3255,3
3256,3
3257,3
3258,3
3259,3
3260,3
3261,3
3262,3
3263,3
3264,3
3265,3
3266,3
3267,3
3268,3
3269,3
3270,3
3271,3
3272,3
3273,3
3274,3
3275,3
3276,3
3277,3
3278,3
3279,3
3280,3
3281,3
3282,3
3283,1
3284,3
3285,3
3286,3
3287,3
3288,3
3289,3
3290,3
3291,3
3292,3
3293,3
3294,3
3295,3
3296,3
3297,3
3298,3
3299,3
3300,4
3301,3
3302,3
3303,3
3304,3
3305,3
3306,3
3307,3
3308,3
3309,3
3310,3
3311,1
3312,3
3313,3
3314,3
3315,3
3316,3
3317,3
3318,3
3319,3
3320,3
3321,3
3322,3
3323,3
3324,1
3325,3
3326,3
3327,3
3328,3
3329,0
3330,3
3331,3
3332,3
3333,1
3334,3
3335,3
3336,3
3337,3
3338,3
3339,3
3340,3
3341,3
3342,3
3343,3
3344,3
3345,3
3346,4
3347,3
3348,3
3349,4
3350,3
3351,3
3352,0
3353,3
3354,3
3355,3
3356,3
3357,3
3358,3
3359,3
3360,3
3361,4
3362,3
3363,3
3364,3
3365,4
3366,3
3367,3
3368,3
3369,3
3370,3
3371,3
3372,3
3373,4
3374,3
3375,3
3376,3
3377,3
3378,3
3379,3
3380,3
3381,3
3382,3
3383,3
3384,3
3385,3
3386,3
3387,3
3388,3
3389,3
3390,3
3391,3
3392,3
3393,3
3394,3
3395,3
3396,3
3397,3
3398,3
3399,3
3400,3
3401,4
3402,3
3403,3
3404,3
3405,3
3406,3
3407,3
3408,3
3409,0
3410,3
3411,4
3412,3
3413,4
3414,4
3415,4
3416,4
3417,4
3418,4
3419,3
3420,4
3421,4
3422,4
3423,3
3424,4
3425,4
3426,4
3427,3
3428,4
3429,3
3430,3
3431,3
3432,3
3433,3
3434,3
3435,3
3436,3
3437,3
3438,3
3439,3
3440,3
3441,3
3442,3
3443,3
3444,3
3445,3
3446,3
3447,4
3448,3
3449,3
3450,3
3451,3
3452,3
3453,4
3454,3
3455,3
3456,3
3457,4
3458,3
3459,4
3460,3
3461,3
3462,3
3463,4
3464,4
3465,3
3466,1
3467,4
3468,4
3469,4
3470,3
3471,4
3472,3
3473,3
3474,3
3475,3
3476,3
3477,3
3478,3
3479,3
3480,3
3481,3
3482,3
3483,3
3484,3
3485,3
3486,3
3487,3
3488,0
3489,3
3490,3
3491,0
3492,4
3493,0
3494,3
3495,3
3496,3
3497,3
3498,3
3499,3
3500,3
3501,3
3502,3
3503,3
3504,3
3505,3
3506,3
3507,3
3508,3
3509,3
3510,3
3511,3
3512,3
3513,3
3514,3
3515,3
3516,3
3517,3
3518,3
3519,4
3520,0
3521,3
3522,3
3523,3
3524,4
3525,4
3526,4
3527,4
3528,0
3529,3
3530,3
3531,3
3532,4
3533,3
3534,4
3535,1
3536,3
3537,4
3538,0
3539,4
3540,3
3541,3
3542,3
3543,4
3544,4
3545,0
3546,3
3547,3
3548,3
3549,0
3550,4
3551,1
3552,4
3553,3
3554,4
3555,4
3556,4
3557,4
3558,3
3559,4
3560,3
3561,3
3562,3
3563,3
3564,0
3565,1
3566,1
3567,3
3568,3
3569,3
3570,4
3571,3
3572,4
3573,3
3574,3
3575,3
3576,3
3577,4
3578,3
3579,3
3580,3
3581,4
3582,3
3583,3
3584,3
3585,3
3586,3
3587,3
3588,4
3589,3
3590,3
3591,3
3592,3
3593,3
3594,3
3595,4
3596,3
3597,3
3598,3
3599,3
3600,0
3601,0
3602,4
3603,3
3604,3
3605,0
3606,0
3607,0
3608,0
3609,0
3610,0
3611,3
3612,3
3613,3
3614,3
3615,3
3616,3
3617,3
3618,4
3619,3
3620,3
3621,3
3622,4
3623,3
3624,3
3625,3
3626,3
3627,3
3628,3
3629,3
3630,3
3631,3
3632,3
3633,3
3634,3
3635,3
3636,3
3637,3
3638,3
3639,3
3640,3
3641,1
3642,3
3643,4
3644,3
3645,3
3646,1
3647,3
3648,3
3649,3
3650,3
3651,1
3652,1
3653,3
3654,0
3655,3
3656,1
3657,3
3658,3
3659,3
3660,3
3661,3
3662,3
3663,3
3664,3
3665,3
3666,3
3667,1
3668,3
3669,4
3670,4
3671,4
3672,4
3673,4
3674,3
3675,4
3676,4
3677,3
3678,4
3679,3
3680,3
3681,3
3682,3
3683,3
3684,4
3685,4
3686,0
3687,4
3688,3
3689,4
3690,3
3691,4
3692,4
3693,4
3694,4
3695,4
3696,3
3697,4
3698,4
3699,3
3700,3
3701,4
3702,3
3703,4
3704,4
3705,3
3706,3
3707,3
3708,4
3709,3
3710,0
3711,4
3712,3
3713,3
3714,3
3715,4
3716,3
3717,4
3718,3
3719,4
3720,4
3721,4
3722,4
3723,4
3724,3
3725,4
3726,4
3727,3
3728,4
3729,4
3730,4
3731,4
3732,4
3733,4
3734,4
3735,4
3736,4
3737,4
3738,4
3739,3
3740,4
3741,4
3742,4
3743,4
3744,4
3745,4
3746,3
3747,3
3748,3
3749,3
3750,3
3751,3
3752,3
3753,3
3754,3
3755,3
3756,3
3757,3
3758,3
3759,3
3760,3
3761,3
3762,3
3763,3
3764,3
3765,3
3766,3
3767,3
3768,4
3769,3
3770,3
3771,3
3772,3
3773,3
3774,3
3775,3
3776,3
3777,3
3778,3
3779,3
3780,3
3781,3
3782,3
3783,3
3784,3
3785,3
3786,3
3787,3
3788,3
3789,3
3790,3
3791,3
3792,4
3793,4
3794,3
3795,3
3796,3
3797,4
3798,4
3799,3
3800,3
3801,4
3802,0
3803,4
3804,3
3805,3
3806,3
3807,3
3808,3
3809,3
3810,4
3811,3
3812,3
3813,0
3814,3
3815,4
3816,3
3817,3
3818,1
3819,3
3820,2
3821,2
3822,2
3823,1
3824,2
3825,2
3826,3
3827,2
3828,2
3829,2
3830,2
3831,2
3832,2
3833,1
3834,2
3835,2
3836,2
3837,2
3838,2
3839,2
3840,2
3841,2
3842,2
3843,2
3844,2
3845,2
3846,2
3847,2
3848,2
3849,1
3850,1
3851,1
3852,1
3853,2
3854,2
3855,2
3856,2
3857,2
3858,2
3859,2
3860,2
3861,2
3862,2
3863,2
3864,2
3865,2
3866,2
3867,1
3868,2
3869,2
3870,2
3871,1
3872,1
3873,1
3874,1
3875,2
3876,1
3877,2
3878,1
3879,1
3880,1
3881,1
3882,2
3883,2
3884,2
3885,2
3886,2
3887,2
3888,2
3889,1
3890,1
3891,2
3892,1
3893,4
3894,1
3895,1
3896,1
3897,1
3898,2
3899,1
3900,2
3901,1
3902,1
3903,1
3904,1
3905,2
3906,1
3907,1
3908,1
3909,1
3910,1
3911,2
3912,2
3913,2
3914,2
3915,2
3916,2
3917,2
3918,2
3919,2
3920,2
3921,2
3922,2
3923,2
3924,2
3925,2
3926,2
3927,1
3928,2
3929,2
3930,2
3931,2
3932,1
3933,2
3934,1
3935,2
3936,1
3937,2
3938,1
3939,1
3940,1
3941,2
3942,2
3943,2
3944,2
3945,1
3946,1
3947,1
3948,1
3949,2
3950,1
3951,2
3952,2
3953,2
3954,1
3955,2
3956,1
3957,2
3958,2
3959,1
3960,2
3961,2
3962,2
3963,1
3964,2
3965,0
3966,2
3967,1
3968,2
3969,2
3970,1
3971,2
3972,2
3973,2
3974,2
3975,3
3976,2
3977,2
3978,2
3979,3
3980,2
3981,2
3982,3
3983,2
3984,2
3985,1
3986,1
3987,1
3988,1
3989,2
3990,2
3991,1
3992,2
3993,2
3994,2
3995,2
3996,1
3997,2
3998,1
3999,1
4000,1
4001,1
4002,1
4003,2
4004,2
4005,1
4006,1
4007,1
4008,3
4009,3
4010,3
4011,1
4012,2
4013,1
4014,1
4015,1
4016,1
4017,2
4018,1
4019,1
4020,2
4021,2
4022,1
4023,2
4024,1
4025,2
4026,1
4027,0
4028,1
4029,1
4030,1
4031,1
4032,1
4033,2
4034,1
4035,2
4036,2
4037,2
4038,2
4039,2
4040,2
4041,1
4042,1
4043,2
4044,2
4045,2
4046,2
4047,2
4048,2
4049,1
4050,2
4051,2
4052,1
4053,2
4054,1
4055,2
4056,1
4057,2
4058,1
4059,2
4060,1
4061,2
4062,2
4063,2
4064,3
4065,2
4066,2
4067,2
4068,2
4069,1
4070,2
4071,2
4072,2
4073,2
4074,2
4075,2
4076,2
4077,2
4078,2
4079,1
4080,1
4081,1
4082,1
4083,1
4084,1
4085,2
4086,2
4087,2
4088,1
4089,1
4090,1
4091,1
4092,1
4093,2
4094,1
4095,1
4096,1
4097,1
4098,1
4099,1
4100,2
4101,1
4102,1
4103,1
4104,1
4105,2
4106,1
4107,1
4108,1
4109,2
4110,2
4111,2
4112,1
4113,2
4114,2
4115,1
4116,1
4117,1
4118,1
4119,1
4120,1
4121,2
4122,1
4123,2
4124,1
4125,1
4126,1
4127,1
4128,2
4129,2
4130,1
4131,2
4132,2
4133,2
4134,2
4135,2
4136,1
4137,2
4138,3
4139,2
4140,1
4141,2
4142,1
4143,2
4144,1
4145,2
4146,2
4147,2
4148,1
4149,1
4150,1
4151,2
4152,2
4153,2
4154,1
4155,1
4156,1
4157,1
4158,2
4159,2
4160,0
4161,1
4162,1
4163,1
4164,2
4165,1
4166,2
4167,2
4168,1
4169,2
4170,2
4171,2
4172,1
4173,2
4174,1
4175,1
4176,1
4177,2
4178,2
4179,1
4180,2
4181,1
4182,2
4183,2
4184,1
4185,1
4186,1
4187,2
4188,1
4189,2
4190,1
4191,1
4192,2
4193,2
4194,1
4195,2
4196,2
4197,2
4198,2
4199,1
4200,1
4201,1
4202,2
4203,2
4204,1
4205,2
4206,2
4207,1
4208,2
4209,2
4210,2
4211,2
4212,1
4213,1
4214,2
4215,1
4216,2
4217,1
4218,1
4219,2
4220,1
4221,1
4222,2
4223,1
4224,2
4225,2
4226,1
4227,1
4228,1
4229,2
4230,1
4231,2
4232,2
4233,1
4234,1
4235,1
4236,2
4237,2
4238,1
4239,2
4240,2
4241,2
4242,1
4243,2
4244,2
4245,2
4246,2
4247,2
4248,2
4249,2
4250,2
4251,1
4252,1
4253,1
4254,1
4255,2
4256,1
4257,1
4258,1
4259,2
4260,2
4261,2
4262,1
4263,1
4264,1
4265,2
4266,2
4267,2
4268,2
4269,1
4270,1
4271,2
4272,1
4273,1
4274,2
4275,1
4276,2
4277,2
4278,2
4279,2
4280,1
4281,2
4282,1
4283,2
4284,1
4285,2
4286,1
4287,2
4288,2
4289,2
4290,2
4291,2
4292,2
4293,1
4294,1
4295,2
4296,2
4297,2
4298,2
4299,1
4300,2
4301,1
4302,2
4303,2
4304,2
4305,2
4306,2
4307,2
4308,2
4309,2
4310,2
4311,2
4312,1
4313,1
4314,1
4315,2
4316,0
4317,1
4318,2
4319,2
4320,1
4321,2
4322,2
4323,2
4324,2
4325,1
4326,1
4327,2
4328,2
4329,2
4330,2
4331,2
4332,2
4333,2
4334,2
4335,2
4336,2
4337,3
4338,3
4339,2
4340,2
4341,1
4342,2
4343,2
4344,2
4345,2
4346,2
4347,2
4348,1
4349,2
4350,2
4351,2
4352,1
4353,2
4354,2
4355,2
4356,2
4357,2
4358,2
4359,1
4360,2
4361,1
4362,1
4363,1
4364,1
4365,2
4366,1
4367,1
4368,2
4369,1
4370,1
4371,1
4372,1
4373,1
4374,2
4375,1
4376,2
4377,2
4378,1
4379,2
4380,2
4381,2
4382,2
4383,1
4384,2
4385,2
4386,2
4387,2
4388,2
4389,2
4390,2
4391,1
4392,3
4393,1
4394,3
4395,1
4396,2
4397,1
4398,1
4399,2
4400,1
4401,1
4402,2
4403,2
4404,2
4405,1
4406,2
4407,1
4408,1
4409,2
4410,2
4411,1
4412,2
4413,2
4414,3
4415,2
4416,2
4417,2
4418,1
4419,2
4420,1
4421,2
4422,2
4423,2
4424,2
4425,2
4426,2
4427,2
4428,1
4429,2
4430,2
4431,2
4432,2
4433,2
4434,2
4435,3
4436,2
4437,2
4438,4
4439,2
4440,1
4441,2
4442,1
4443,1
4444,1
4445,2
4446,2
4447,3
4448,1
4449,2
4450,2
4451,1
4452,1
4453,1
4454,1
4455,1
4456,1
4457,1
4458,1
4459,1
4460,1
4461,1
4462,1
4463,1
4464,1
4465,3
4466,1
4467,2
4468,1
4469,2
4470,2
4471,1
4472,2
4473,2
4474,2
4475,2
4476,2
4477,1
4478,1
4479,2
4480,1
4481,2
4482,2
4483,1
4484,2
4485,1
4486,2
4487,1
4488,1
4489,1
4490,1
4491,1
4492,2
4493,1
4494,2
4495,2
4496,2
4497,2
4498,1
4499,2
4500,1
4501,2
4502,2
4503,2
4504,2
4505,2
4506,2
4507,1
4508,2
4509,2
4510,2
4511,1
4512,2
4513,2
4514,2
4515,2
4516,2
4517,1
4518,2
4519,2
4520,2
4521,1
4522,1
4523,1
4524,1
4525,2
4526,2
4527,2
4528,1
4529,2
4530,1
4531,1
4532,2
4533,2
4534,1
4535,3
4536,2
4537,2
4538,2
4539,2
4540,2
4541,1
4542,1
4543,1
4544,1
4545,1
4546,1
4547,1
4548,2
4549,2
4550,1
4551,1
4552,2
4553,2
4554,1
4555,1
4556,1
4557,2
4558,1
4559,2
4560,2
4561,2
4562,1
4563,1
4564,1
4565,1
4566,1
4567,2
4568,1
4569,1
4570,2
4571,2
4572,1
4573,2
4574,1
4575,1
4576,1
4577,2
4578,2
4579,1
4580,2
4581,2
4582,2
4583,2
4584,2
4585,2
4586,2
4587,2
4588,2
4589,2
4590,2
4591,2
4592,2
4593,2
4594,2
4595,2
4596,2
4597,2
4598,2
4599,2
4600,2
4601,1
4602,1
4603,2
4604,2
4605,1
4606,1
4607,2
4608,2
4609,1
4610,2
4611,2
4612,1
4613,2
4614,2
4615,2
4616,2
4617,2
4618,1
4619,1
4620,2
4621,2
4622,2
4623,2
4624,2
4625,2
4626,2
4627,2
4628,2
4629,2
4630,2
4631,2
4632,1
4633,2
4634,1
4635,3
4636,1
4637,2
4638,2
4639,2
4640,2
4641,2
4642,2
4643,2
4644,2
4645,2
4646,2
4647,2
4648,1
4649,1
4650,3
4651,2
4652,2
4653,2
4654,2
4655,2
4656,1
4657,1
4658,2
4659,1
4660,1
4661,1
4662,2
4663,2
4664,2
4665,1
4666,1
4667,2
4668,1
4669,2
4670,1
4671,2
4672,1
4673,2
4674,2
4675,2
4676,1
4677,1
4678,2
4679,1
4680,2
4681,1
4682,2
4683,2
4684,2
4685,1
4686,2
4687,1
4688,1
4689,1
4690,2
4691,2
4692,2
4693,2
4694,2
4695,2
4696,2
4697,2
4698,2
4699,2
4700,2
4701,3
4702,2
4703,2
4704,2
4705,3
4706,3
4707,2
4708,2
4709,2
4710,2
4711,1
4712,2
4713,2
4714,2
4715,2
4716,2
4717,2
4718,2
4719,2
4720,1
4721,1
4722,1
4723,2
4724,2
4725,2
4726,2
4727,2
4728,2
4729,2
4730,2
4731,2
4732,1
4733,1
4734,1
4735,2
4736,2
4737,2
4738,2
4739,2
4740,2
4741,1
4742,1
4743,1
4744,2
4745,1
4746,1
4747,2
4748,1
4749,2
4750,1
4751,2
4752,1
4753,2
4754,1
4755,2
4756,2
4757,1
4758,2
4759,1
4760,1
4761,1
4762,1
4763,1
4764,1
4765,1
4766,2
4767,2
4768,1
4769,2
4770,2
4771,2
4772,1
4773,2
4774,2
4775,1
4776,2
4777,2
4778,2
4779,1
4780,2
4781,2
4782,3
4783,1
4784,1
4785,1
4786,1
4787,1
4788,1
4789,1
4790,1
4791,1
4792,1
4793,2
4794,1
4795,1
4796,2
4797,1
4798,2
4799,2
4800,2
4801,2
4802,1
4803,1
4804,1
4805,1
4806,1
4807,2
4808,1
4809,2
4810,1
4811,1
4812,1
4813,1
4814,1
4815,1
4816,1
4817,1
4818,1
4819,1
4820,1
4821,1
4822,1
4823,1
4824,1
4825,2
4826,2
4827,1
4828,2
4829,2
4830,1
4831,2
4832,2
4833,1
4834,1
4835,3
4836,3
4837,1
4838,2
4839,2
4840,2
4841,2
4842,2
4843,1
4844,1
4845,2
4846,2
4847,1
4848,1
4849,1
4850,1
4851,1
4852,2
4853,1
4854,2
4855,1
4856,2
4857,1
4858,2
4859,2
4860,1
4861,2
4862,1
4863,1
4864,1
4865,2
4866,1
4867,2
4868,2
4869,1
4870,2
4871,1
4872,2
4873,1
4874,1
4875,2
4876,2
4877,2
4878,2
4879,1
4880,2
4881,1
4882,1
4883,1
4884,3
4885,1
4886,1
4887,2
4888,1
4889,1
4890,2
4891,1
4892,1
4893,2
4894,1
4895,1
4896,1
4897,1
4898,3
4899,2
4900,2
4901,1
4902,1
4903,1
4904,1
4905,1
4906,1
4907,1
4908,1
4909,1
4910,2
4911,2
4912,1
4913,1
4914,2
4915,1
4916,1
4917,2
4918,2
4919,1
4920,2
4921,1
4922,2
4923,1
4924,1
4925,1
4926,1
4927,1
4928,1
4929,1
4930,1
4931,1
4932,1
4933,1
4934,2
4935,1
4936,1
4937,1
4938,1
4939,1
4940,1
4941,2
4942,3
4943,1
4944,1
4945,1
4946,1
4947,1
4948,0
4949,0
4950,2
4951,2
4952,2
4953,2
4954,2
4955,1
4956,4
4957,2
4958,2
4959,2
4960,2
4961,1
4962,2
4963,1
4964,2
4965,0
4966,1
4967,1
4968,1
4969,1
4970,1
4971,3
4972,1
4973,1
4974,1
4975,1
4976,2
4977,1
4978,3
4979,1
4980,1
4981,0
4982,2
4983,2
4984,2
4985,2
4986,2
4987,2
4988,2
4989,2
4990,2
4991,2
4992,2
4993,1
4994,2
4995,2
4996,2
4997,2
4998,2
4999,2
5000,2
5001,1
5002,2
5003,2
5004,2
5005,2
5006,2
5007,2
5008,2
5009,2
5010,2
5011,2
5012,1
5013,1
5014,2
5015,2
5016,2
5017,2
5018,2
5019,1
5020,2
5021,1
5022,2
5023,2
5024,2
5025,2
5026,2
5027,1
5028,2
5029,2
5030,2
5031,2
5032,2
5033,1
5034,1
5035,2
5036,2
5037,2
5038,2
5039,2
5040,2
5041,1
5042,1
5043,2
5044,1
5045,2
5046,2
5047,1
5048,1
5049,2
5050,1
5051,1
5052,2
5053,1
5054,1
5055,2
5056,2
5057,1
5058,2
5059,1
5060,1
5061,1
5062,1
5063,2
5064,1
5065,1
5066,1
5067,2
5068,1
5069,1
5070,2
5071,2
5072,3
5073,1
5074,1
5075,1
5076,1
5077,2
5078,1
5079,1
5080,1
5081,2
5082,3
5083,1
5084,1
5085,1
5086,2
5087,3
5088,4
5089,3
5090,1
5091,1
5092,1
5093,1
5094,1
5095,1
5096,1
5097,1
5098,3
5099,1
5100,1
5101,0
5102,2
5103,0
5104,1
5105,1
5106,2
5107,2
5108,1
5109,1
5110,1
5111,1
5112,1
5113,1
5114,2
5115,1
5116,2
5117,1
5118,1
5119,1
5120,2
5121,1
5122,1
5123,1
5124,1
5125,1
5126,2
5127,1
5128,2
5129,1
5130,3
5131,1
5132,1
5133,1
5134,1
5135,0
5136,1
5137,1
5138,3
5139,0
5140,1
5141,1
5142,1
5143,2
5144,1
5145,1
5146,1
5147,2
5148,1
5149,1
5150,1
5151,2
5152,1
5153,2
5154,1
5155,1
5156,2
5157,2
5158,1
5159,1
5160,1
5161,1
5162,1
5163,2
5164,1
5165,1
5166,1
5167,1
5168,1
5169,1
5170,1
5171,1
5172,1
5173,1
5174,2
5175,1
5176,2
5177,2
5178,1
5179,0
5180,1
5181,3
5182,3
5183,1
5184,1
5185,1
5186,1
5187,1
5188,1
5189,0
5190,1
5191,1
5192,2
5193,3
5194,1
5195,1
5196,1
5197,3
5198,1
5199,1
5200,1
5201,1
5202,1
5203,1
5204,1
5205,1
5206,1
5207,1
5208,1
5209,1
5210,1
5211,1
5212,1
5213,1
5214,1
5215,1
5216,1
5217,1
5218,1
5219,1
5220,0
5221,4
5222,1
5223,4
5224,4
5225,1
5226,1
5227,1
5228,1
5229,4
5230,1
5231,2
5232,1
5233,0
5234,1
5235,1
5236,1
5237,1
5238,1
5239,1
5240,1
5241,3
5242,4
5243,1
5244,1
5245,1
5246,3
5247,3
5248,1
5249,3
5250,1
5251,4
5252,1
5253,4
5254,4
5255,4
5256,0
5257,3
5258,4
5259,3
5260,0
5261,3
5262,3
5263,0
5264,4
5265,4
5266,3
5267,4
5268,4
5269,0
5270,1
5271,1
5272,3
5273,4
5274,3
5275,3
5276,4
5277,4
5278,4
5279,0
5280,4
5281,0
5282,4
5283,4
5284,1
5285,0
5286,3
5287,1
5288,4
5289,4
5290,0
5291,3
5292,3
5293,4
5294,3
5295,0
5296,4
5297,3
5298,4
5299,0
5300,4
5301,3
5302,0
5303,4
5304,3
5305,3
5306,3
5307,0
5308,3
5309,0
5310,3
5311,0
5312,4
5313,4
5314,4
5315,3
5316,4
5317,4
5318,4
5319,4
5320,3
5321,0
5322,0
5323,3
5324,3
5325,4
5326,0
5327,4
5328,3
5329,4
5330,4
5331,3
5332,0
5333,3
5334,3
5335,3
5336,4
5337,0
5338,3
5339,4
5340,3
5341,3
5342,3
5343,3
5344,0
5345,4
5346,3
5347,1
5348,4
5349,3
5350,3
5351,3
5352,3
5353,4
5354,0
5355,4
5356,3
5357,0
5358,0
5359,4
5360,3
5361,3
5362,0
5363,0
5364,1
5365,3
5366,4
5367,0
5368,4
5369,1
5370,4
5371,4
5372,3
5373,3
5374,3
5375,4
5376,4
5377,3
5378,4
5379,3
5380,3
5381,4
5382,4
5383,4
5384,0
5385,1
5386,4
5387,0
5388,4
5389,4
5390,3
5391,3
5392,0
5393,0
5394,4
5395,4
5396,0
5397,0
5398,0
5399,4
5400,4
5401,4
5402,4
5403,4
5404,4
5405,4
5406,3
5407,3
5408,4
5409,4
5410,0
5411,0
5412,0
5413,4
5414,0
5415,3
5416,0
5417,0
5418,4
5419,1
5420,4
5421,3
5422,3
5423,4
5424,4
5425,3
5426,4
5427,0
5428,0
5429,4
5430,4
5431,4
5432,3
5433,1
5434,3
5435,3
5436,4
5437,4
5438,3
5439,4
5440,0
5441,0
5442,0
5443,4
5444,3
5445,1
5446,1
5447,4
5448,4
5449,0
5450,4
5451,0
5452,3
5453,3
5454,4
5455,4
5456,0
5457,3
5458,0
5459,4
5460,4
5461,1
5462,0
5463,0
5464,0
5465,4
5466,0
5467,4
5468,3
5469,3
5470,1
5471,3
5472,0
5473,4
5474,3
5475,4
5476,3
5477,4
5478,4
5479,3
5480,0
5481,4
5482,3
5483,4
5484,3
5485,0
5486,4
5487,4
5488,3
5489,4
5490,4
5491,3
5492,0
5493,0
5494,4
5495,4
5496,3
5497,0
5498,0
5499,0
5500,3
5501,3
5502,4
5503,4
5504,4
5505,4
5506,3
5507,3
5508,4
5509,0
5510,0
5511,3
5512,4
5513,1
5514,4
5515,4
5516,0
5517,0
5518,4
5519,3
5520,4
5521,0
5522,3
5523,3
5524,4
5525,4
5526,4
5527,3
5528,3
5529,3
5530,3
5531,4
5532,3
5533,3
5534,3
5535,4
5536,3
5537,4
5538,4
5539,4
5540,4
5541,0
5542,3
5543,4
5544,4
5545,4
5546,4
5547,0
5548,3
5549,4
5550,4
5551,3
5552,3
5553,0
5554,3
5555,3
5556,0
5557,4
5558,0
5559,4
5560,0
5561,4
5562,3
5563,0
5564,3
5565,0
5566,0
5567,4
5568,3
5569,0
5570,4
5571,4
5572,4
5573,0
5574,0
5575,0
5576,4
5577,4
5578,4
5579,3
5580,4
5581,4
5582,3
5583,4
5584,3
5585,4
5586,0
5587,0
5588,4
5589,4
5590,0
5591,4
5592,3
5593,4
5594,0
5595,4
5596,4
5597,4
5598,0
5599,4
5600,3
5601,4
5602,4
5603,3
5604,4
5605,4
5606,0
5607,0
5608,4
5609,4
5610,3
5611,3
5612,0
5613,4
5614,1
5615,4
5616,4
5617,4
5618,3
5619,4
5620,1
5621,3
5622,3
5623,3
5624,3
5625,4
5626,0
5627,3
5628,4
5629,3
5630,4
5631,3
5632,0
5633,3
5634,3
5635,3
5636,4
5637,0
5638,3
5639,3
5640,4
5641,4
5642,3
5643,4
5644,4
5645,4
5646,0
5647,4
5648,4
5649,4
5650,0
5651,3
5652,3
5653,0
5654,4
5655,3
5656,1
5657,3
5658,3
5659,4
5660,3
5661,3
5662,3
5663,3
5664,3
5665,3
5666,0
5667,3
5668,3
5669,3
5670,0
5671,3
5672,0
5673,3
5674,3
5675,0
5676,3
5677,0
5678,3
5679,0
5680,3
5681,4
5682,0
5683,3
5684,4
5685,4
5686,0
5687,0
5688,1
5689,0
5690,0
5691,4
5692,0
5693,3
5694,3
5695,3
5696,0
5697,4
5698,0
5699,4
5700,3
5701,3
5702,3
5703,4
5704,0
5705,4
5706,4
5707,4
5708,3
5709,4
5710,0
5711,4
5712,3
5713,3
5714,1
5715,0
5716,3
5717,0
5718,4
5719,4
5720,0
5721,4
5722,0
5723,4
5724,3
5725,0
5726,0
5727,4
5728,4
5729,4
5730,0
5731,4
5732,0
5733,4
5734,0
5735,0
5736,3
5737,3
5738,3
5739,4
5740,0
5741,4
5742,1
5743,4
5744,3
5745,3
5746,4
5747,0
5748,4
5749,4
5750,4
5751,3
5752,4
5753,4
5754,4
5755,4
5756,3
5757,4
5758,4
5759,0
5760,0
5761,3
5762,3
5763,3
5764,4
5765,0
5766,3
5767,4
5768,4
5769,3
5770,4
5771,4
5772,4
5773,0
5774,1
5775,3
5776,0
5777,0
5778,1
5779,3
5780,1
5781,3
5782,4
5783,4
5784,4
5785,0
5786,4
5787,0
5788,3
5789,1
5790,4
5791,1
5792,1
5793,4
5794,0
5795,4
5796,4
5797,3
5798,4
5799,3
5800,3
5801,4
5802,3
5803,4
5804,4
5805,3
5806,4
5807,4
5808,3
5809,3
5810,3
5811,3
5812,3
5813,3
5814,0
5815,0
5816,4
5817,3
5818,3
5819,4
5820,3
5821,0
5822,0
5823,3
5824,3
5825,3
5826,3
5827,3
5828,3
5829,3
5830,1
5831,3
5832,4
5833,3
5834,0
5835,4
5836,0
5837,4
5838,3
5839,4
5840,4
5841,4
5842,4
5843,4
5844,4
5845,3
5846,0
5847,3
5848,0
5849,3
5850,4
5851,1
5852,1
5853,4
5854,3
5855,3
5856,1
5857,3
5858,4
5859,3
5860,3
5861,4
5862,4
5863,4
5864,3
5865,0
5866,1
5867,3
5868,3
5869,3
5870,4
5871,0
5872,4
5873,3
5874,3
5875,3
5876,4
5877,3
5878,0
5879,3
5880,4
5881,4
5882,4
5883,4
5884,4
5885,3
5886,3
5887,4
5888,3
5889,3
5890,4
5891,0
5892,4
5893,3
5894,0
5895,3
5896,0
5897,3
5898,3
5899,4
5900,3
5901,0
5902,4
5903,3
5904,0
5905,3
5906,3
5907,3
5908,3
5909,0
5910,3
5911,3
5912,3
5913,3
5914,4
5915,3
5916,3
5917,4
5918,0
5919,4
5920,3
5921,0
5922,0
5923,1
5924,3
5925,0
5926,0
5927,1
5928,1
5929,3
5930,3
5931,3
5932,3
5933,0
5934,0
5935,0
5936,0
5937,4
5938,4
5939,3
5940,1
5941,0
5942,3
5943,3
5944,4
5945,4
5946,0
5947,3
5948,3
5949,4
5950,4
5951,4
5952,0
5953,3
5954,1
5955,0
5956,1
5957,0
5958,0
5959,0
5960,0
5961,4
5962,0
5963,0
5964,3
5965,0
5966,0
5967,0
5968,0
5969,0
5970,0
5971,0
5972,0
5973,3
5974,4
5975,1
5976,0
5977,0
5978,0
5979,3
5980,0
5981,0
5982,0
5983,0
5984,4
5985,4
5986,4
5987,0
5988,4
5989,4
5990,3
5991,4
5992,3
5993,4
5994,3
5995,3
5996,3
5997,0
5998,0
5999,0
6000,4
6001,4
6002,4
6003,0
6004,4
6005,0
6006,0
6007,3
6008,0
6009,3
6010,4
6011,3
6012,3
6013,4
6014,4
6015,4
6016,4
6017,0
6018,0
6019,3
6020,4
6021,4
6022,4
6023,4
6024,3
6025,4
6026,3
6027,0
6028,1
6029,4
6030,4
6031,4
6032,4
6033,0
6034,3
6035,4
6036,1
6037,1
6038,1
6039,1
6040,1
6041,1
6042,4
6043,4
6044,4
6045,4
6046,3
6047,3
6048,0
6049,3
6050,4
6051,4
6052,4
6053,4
6054,0
6055,4
6056,3
6057,3
6058,4
6059,3
6060,0
6061,3
6062,4
6063,4
6064,0
6065,4
6066,0
6067,0
6068,4
6069,4
6070,4
6071,4
6072,4
6073,3
6074,4
6075,1
6076,4
6077,4
6078,4
6079,3
6080,4
6081,0
6082,0
6083,4
6084,0
6085,1
6086,0
6087,3
6088,4
6089,4
6090,4
6091,4
6092,0
6093,0
6094,4
6095,3
6096,0
6097,3
6098,4
6099,4
6100,4
6101,4
6102,4
6103,4
6104,0
6105,4
6106,3
6107,3
6108,0
6109,3
6110,4
6111,4
6112,0
6113,4
6114,3
6115,0
6116,0
6117,0
6118,0
6119,4
6120,0
6121,4
6122,3
6123,0
6124,0
6125,4
6126,4
6127,0
6128,3
6129,0
6130,3
6131,0
6132,0
6133,0
6134,3
6135,3
6136,3
6137,4
6138,4
6139,0
6140,4
6141,0
6142,3
6143,3
6144,0
6145,0
6146,0
6147,4
6148,1
6149,3
6150,3
6151,4
6152,3
6153,3
6154,4
6155,3
6156,3
6157,3
6158,3
6159,3
6160,3
6161,3
6162,1
6163,3
6164,4
6165,4
6166,4
6167,3
6168,4
6169,0
6170,3
6171,3
6172,0
6173,3
6174,4
6175,4
6176,4
6177,4
6178,4
6179,4
6180,3
6181,4
6182,3
6183,3
6184,0
6185,1
6186,0
6187,3
6188,0
6189,3
6190,3
6191,1
6192,0
6193,4
6194,4
6195,4
6196,0
6197,3
6198,0
6199,3
6200,0
6201,3
6202,0
6203,0
6204,4
6205,4
6206,4
6207,0
6208,0
6209,0
6210,3
6211,4
6212,0
6213,0
6214,0
6215,4
6216,3
6217,0
6218,3
6219,0
6220,0
6221,0
6222,3
6223,0
6224,0
6225,0
6226,4
6227,4
6228,4
6229,4
6230,3
6231,3
6232,3
6233,3
6234,3
6235,3
6236,3
6237,3
6238,4
6239,0
6240,0
6241,3
6242,0
6243,3
6244,3
6245,0
6246,3
6247,0
6248,3
6249,0
6250,0
6251,1
6252,4
6253,3
6254,3
6255,3
6256,4
6257,0
6258,0
6259,3
6260,3
6261,3
6262,3
6263,4
6264,0
6265,0
6266,0
6267,3
6268,3
6269,3
6270,4
6271,3
6272,3
6273,3
6274,0
6275,3
6276,3
6277,0
6278,0
6279,0
6280,3
6281,0
6282,0
6283,3
6284,0
6285,0
6286,0
6287,0
6288,0
6289,4
6290,0
6291,0
6292,0
6293,1
6294,3
6295,3
6296,3
6297,0
6298,4
6299,3
6300,3
6301,4
6302,4
6303,4
6304,3
6305,3
6306,4
6307,4
6308,0
6309,0
6310,0
6311,0
6312,0
6313,4
6314,4
6315,4
6316,4
6317,4
6318,4
6319,0
6320,4
6321,3
6322,4
6323,4
6324,4
6325,3
6326,4
6327,4
6328,3
6329,3
6330,3
6331,0
6332,3
6333,4
6334,3
6335,3
6336,0
6337,4
6338,3
6339,3
6340,0
6341,0
6342,0
6343,0
6344,4
6345,0
6346,4
6347,0
6348,3
6349,3
6350,3
6351,3
6352,3
6353,4
6354,4
6355,3
6356,4
6357,4
6358,3
6359,3
6360,3
6361,4
6362,4
6363,3
6364,3
6365,3
6366,3
6367,3
6368,4
6369,0
6370,0
6371,3
6372,4
6373,3
6374,3
6375,3
6376,3
6377,0
6378,4
6379,3
6380,3
6381,3
6382,0
6383,4
6384,3
6385,3
6386,3
6387,4
6388,4
6389,0
6390,0
6391,4
6392,4
6393,0
6394,0
6395,4
6396,4
6397,0
6398,4
6399,4
6400,3
6401,3
6402,3
6403,4
6404,4
6405,3
6406,3
6407,0
6408,0
6409,0
6410,0
6411,4
6412,0
6413,0
6414,3
6415,0
6416,0
6417,0
6418,4
6419,3
6420,3
6421,3
6422,3
6423,3
6424,0
6425,0
6426,0
6427,3
6428,3
6429,3
6430,4
6431,3
6432,3
6433,0
6434,4
6435,4
6436,4
6437,3
6438,1
6439,1
6440,1
6441,3
6442,3
6443,3
6444,4
6445,4
6446,1
6447,0
6448,0
6449,3
6450,4
6451,0
6452,0
6453,3
6454,0
6455,4
6456,0
6457,0
6458,4
6459,3
6460,3
6461,3
6462,0
6463,3
6464,0
6465,0
6466,3
6467,0
6468,4
6469,4
6470,4
6471,3
6472,3
6473,4
6474,4
6475,4
6476,3
6477,4
6478,3
6479,3
6480,3
6481,3
6482,3
6483,0
6484,3
6485,1
6486,0
6487,1
6488,1
6489,3
6490,4
6491,0
6492,0
6493,4
6494,1
6495,0
6496,3
6497,3
6498,3
6499,3
6500,3
6501,3
6502,4
6503,1
6504,3
6505,4
6506,3
6507,1
6508,3
6509,0
6510,0
6511,4
6512,4
6513,4
6514,3
6515,3
6516,3
6517,3
6518,3
6519,3
6520,1
6521,3
6522,3
6523,3
6524,3
6525,3
6526,3
6527,3
6528,0
6529,3
6530,3
6531,3
6532,3
6533,0
6534,4
6535,3
6536,4
6537,3
6538,4
6539,4
6540,4
6541,3
6542,4
6543,3
6544,3
6545,3
6546,3
6547,1
6548,4
6549,4
6550,1
6551,1
6552,1
6553,1
6554,4
6555,1
6556,1
6557,1
6558,4
6559,1
6560,1
6561,3
6562,3
6563,3
6564,3
6565,3
6566,1
6567,0
6568,1
6569,3
6570,1
6571,0
6572,3
6573,1
6574,1
6575,1
6576,4
6577,3
6578,3
6579,3
6580,3
6581,3
6582,3
6583,0
6584,1
6585,3
6586,1
6587,3
6588,3
6589,0
6590,3
6591,1
6592,0
6593,4
6594,4
6595,4
6596,3
6597,0
6598,3
6599,0
6600,0
6601,4
6602,0
6603,0
6604,0
6605,0
6606,0
6607,3
6608,0
6609,3
6610,3
6611,3
6612,3
6613,3
6614,0
6615,0
6616,3
6617,0
6618,3
6619,0
6620,4
6621,4
6622,0
6623,3
6624,3
6625,1
6626,3
6627,1
6628,1
6629,0
6630,0
6631,1
6632,0
6633,0
6634,0
6635,3
6636,3
6637,3
6638,3
6639,3
6640,3
6641,0
6642,3
6643,3
6644,3
6645,3
6646,3
6647,3
6648,3
6649,4
6650,4
6651,3
6652,3
6653,3
6654,3
6655,3
6656,3
6657,3
6658,3
6659,0
6660,0
6661,4
6662,0
6663,0
6664,0
6665,3
6666,4
6667,0
6668,0
6669,0
6670,3
6671,3
6672,3
6673,3
6674,3
6675,1
6676,3
6677,3
6678,3
6679,3
6680,3
6681,3
6682,1
6683,1
6684,0
6685,3
6686,1
6687,3
6688,3
6689,3
6690,3
6691,0
6692,3
6693,3
6694,3
6695,0
6696,3
6697,3
6698,3
6699,4
6700,3
6701,3
6702,3
6703,3
6704,1
6705,0
6706,3
6707,3
6708,3
6709,3
6710,3
6711,3
6712,0
6713,3
6714,3
6715,3
6716,4
6717,4
6718,3
6719,1
6720,3
6721,0
6722,3
6723,0
6724,0
6725,1
6726,1
6727,3
6728,0
6729,0
6730,3
6731,1
6732,3
6733,3
6734,3
6735,3
6736,3
6737,4
6738,0
6739,4
6740,3
6741,1
6742,3
6743,3
6744,3
6745,3
6746,0
6747,3
6748,3
6749,3
6750,1
6751,1
6752,1
6753,4
6754,1
6755,1
6756,1
6757,1
6758,1
6759,1
6760,1
6761,1
6762,4
6763,3
6764,1
6765,4
6766,1
6767,1
6768,1
6769,3
6770,0
6771,3
6772,0
6773,3
6774,4
6775,1
6776,4
6777,0
6778,0
6779,0
6780,0
6781,1
6782,1
6783,4
6784,1
6785,1
6786,1
6787,1
6788,4
6789,4
6790,3
6791,0
6792,3
6793,4
6794,3
6795,3
6796,0
6797,3
6798,4
6799,4
6800,3
6801,3
6802,3
6803,4
6804,0
6805,4
6806,3
6807,3
6808,4
6809,3
6810,3
6811,3
6812,3
6813,3
6814,3
6815,3
6816,3
6817,0
6818,3
6819,0
6820,3
6821,0
6822,4
6823,4
6824,3
6825,3
6826,3
6827,3
6828,3
6829,4
6830,4
6831,4
6832,1
6833,4
6834,3
6835,3
6836,3
6837,3
6838,3
6839,3
6840,0
6841,3
6842,4
6843,3
6844,3
6845,1
6846,3
6847,3
6848,1
6849,4
6850,1
6851,4
6852,4
6853,4
6854,1
6855,3
6856,3
6857,3
6858,3
6859,3
6860,1
6861,3
6862,4
6863,3
6864,1
6865,3
6866,3
6867,3
6868,3
6869,0
6870,3
6871,0
6872,3
6873,4
6874,4
6875,3
6876,4
6877,1
6878,1
6879,1
6880,1
6881,1
6882,1
6883,1
6884,1
6885,1
6886,1
6887,1
6888,1
6889,0
6890,0
6891,3
6892,3
6893,3
6894,3
6895,3
6896,3
6897,3
6898,3
6899,3
6900,4
6901,3
6902,3
6903,3
6904,3
6905,3
6906,1
6907,3
6908,1
6909,3
6910,3
6911,3
6912,3
6913,3
6914,0
6915,3
6916,0
6917,3
6918,3
6919,0
6920,0
6921,4
6922,4
6923,4
6924,4
6925,3
6926,3
6927,3
6928,4
6929,3
6930,3
6931,4
6932,3
6933,3
6934,3
6935,3
6936,1
6937,3
6938,4
6939,4
6940,0
6941,3
6942,3
6943,3
6944,0
6945,3
6946,3
6947,3
6948,3
6949,3
6950,1
6951,1
6952,1
6953,4
6954,4
6955,3
6956,4
6957,4
6958,3
6959,3
6960,4
6961,3
6962,3
6963,4
6964,4
6965,0
6966,3
6967,3
6968,4
6969,3
6970,3
6971,3
6972,0
6973,4
6974,4
6975,4
6976,0
6977,0
6978,3
6979,3
6980,3
6981,0
6982,3
6983,3
6984,1
6985,3
6986,4
6987,0
6988,0
6989,0
6990,3
6991,0
6992,0
6993,0
6994,3
6995,3
6996,3
6997,3
6998,1
6999,1
7000,3
7001,3
7002,1
7003,3
7004,3
7005,4
7006,3
7007,3
7008,3
7009,3
7010,4
7011,3
7012,0
7013,3
7014,3
7015,3
7016,3
7017,3
7018,4
7019,3
7020,3
7021,0
7022,4
7023,4
7024,4
7025,1
7026,3
7027,0
7028,3
7029,4
7030,3
7031,4
7032,3
7033,3
7034,4
7035,4
7036,0
7037,3
7038,3
7039,3
7040,3
7041,4
7042,0
7043,3
7044,1
7045,4
7046,1
7047,1
7048,4
7049,1
7050,4
7051,0
7052,4
7053,1
7054,3
7055,3
7056,3
7057,3
7058,1
7059,3
7060,4
7061,3
7062,3
7063,3
7064,0
7065,0
7066,0
7067,3
7068,3
7069,3
7070,3
7071,0
7072,0
7073,3
7074,3
7075,3
7076,3
7077,3
7078,0
7079,3
7080,3
7081,4
7082,3
7083,3
7084,3
7085,3
7086,3
7087,0
7088,0
7089,3
7090,0
7091,3
7092,3
7093,3
7094,3
7095,3
7096,3
7097,3
7098,3
7099,3
7100,3
7101,3
7102,3
7103,3
7104,3
7105,3
7106,3
7107,3
7108,3
7109,3
7110,3
7111,4
7112,0
7113,3
7114,3
7115,3
7116,0
7117,3
7118,3
7119,3
7120,3
7121,3
7122,0
7123,3
7124,0
7125,4
7126,3
7127,0
7128,0
7129,0
7130,0
7131,3
7132,4
7133,4
7134,3
7135,3
7136,4
7137,3
7138,0
7139,4
7140,3
7141,4
7142,3
7143,3
7144,3
7145,3
7146,1
7147,4
7148,3
7149,0
7150,3
7151,0
7152,3
7153,4
7154,0
7155,3
7156,3
7157,3
7158,1
7159,3
7160,0
7161,1
7162,3
7163,1
7164,0
7165,4
7166,1
7167,3
7168,0
7169,0
7170,0
7171,0
7172,3
7173,4
7174,3
7175,3
7176,3
7177,3
7178,4
7179,0
7180,3
7181,3
7182,3
7183,3
7184,0
7185,1
7186,1
7187,3
7188,0
7189,3
7190,3
7191,1
7192,4
7193,3
7194,3
7195,3
7196,0
7197,3
7198,3
7199,3
7200,3
7201,3
7202,3
7203,3
7204,4
7205,3
7206,3
7207,3
7208,3
7209,3
7210,3
7211,3
7212,3
7213,3
7214,3
7215,3
7216,3
7217,3
7218,4
7219,3
7220,4
7221,3
7222,4
7223,4
7224,0
7225,0
7226,4
7227,4
7228,3
7229,3
7230,3
7231,4
7232,4
7233,0
7234,3
7235,3
7236,3
7237,4
7238,4
7239,4
7240,1
7241,4
7242,0
7243,3
7244,3
7245,3
7246,3
7247,3
7248,4
7249,3
7250,4
7251,3
7252,3
7253,3
7254,4
7255,0
7256,4
7257,3
7258,4
7259,4
7260,3
7261,3
7262,3
7263,3
7264,3
7265,3
7266,4
7267,3
7268,3
7269,4
7270,3
7271,3
7272,4
7273,1
7274,1
7275,1
7276,1
7277,4
7278,1
7279,1
7280,4
7281,0
7282,0
7283,3
7284,3
7285,0
7286,4
7287,0
7288,0
7289,0
7290,3
7291,0
7292,3
7293,1
7294,1
7295,4
7296,3
7297,0
7298,4
7299,0
7300,4
7301,0
7302,0
7303,4
7304,4
7305,4
7306,4
7307,4
7308,3
7309,3
7310,3
7311,3
7312,3
7313,3
7314,3
7315,3
7316,3
7317,3
7318,3
7319,0
7320,0
7321,0
7322,0
7323,0
7324,0
7325,0
7326,3
7327,0
7328,0
7329,4
7330,4
7331,3
7332,4
7333,4
7334,0
7335,1
7336,0
7337,0
7338,0
7339,3
7340,3
7341,0
7342,0
7343,3
7344,0
7345,4
7346,0
7347,3
7348,4
7349,4
7350,4
7351,4
7352,0
7353,0
7354,0
7355,0
7356,0
7357,4
7358,4
7359,3
7360,4
7361,0
7362,3
7363,4
7364,4
7365,3
7366,4
7367,4
7368,4
7369,0
7370,0
7371,4
7372,4
7373,4
7374,3
7375,4
7376,0
7377,0
7378,4
7379,3
7380,1
7381,1
7382,4
7383,4
7384,0
7385,4
7386,4
7387,0
7388,0
7389,4
7390,4
7391,0
7392,0
7393,3
7394,0
7395,0
7396,0
7397,0
7398,4
7399,0
7400,3
7401,4
7402,0
7403,4
7404,0
7405,0
7406,4
7407,4
7408,0
7409,3
7410,3
7411,4
7412,4
7413,4
7414,4
7415,4
7416,3
7417,3
7418,3
7419,3
7420,0
7421,4
7422,4
7423,3
7424,3
7425,4
7426,4
7427,4
7428,4
7429,0
7430,0
7431,0
7432,4
7433,4
7434,0
7435,1
7436,1
7437,1
7438,0
7439,0
7440,0
7441,0
7442,3
7443,4
7444,4
7445,4
7446,3
7447,3
7448,4
7449,3
7450,0
7451,4
7452,3
7453,3
7454,3
7455,3
7456,3
7457,4
7458,0
7459,3
7460,0
7461,3
7462,0
7463,0
7464,0
7465,4
7466,3
7467,0
7468,4
7469,0
7470,0
7471,0
7472,0
7473,0
7474,4
7475,4
7476,3
7477,4
7478,0
7479,0
7480,0
7481,0
7482,0
7483,4
7484,3
7485,4
7486,4
7487,3
7488,0
7489,0
7490,4
7491,3
7492,4
7493,3
7494,3
7495,0
7496,0
7497,4
7498,1
7499,0
7500,1
7501,3
7502,3
7503,0
7504,4
7505,4
7506,4
7507,4
7508,4
7509,4
7510,3
7511,4
7512,0
7513,4
7514,4
7515,4
7516,4
7517,3
7518,4
7519,4
7520,0
7521,4
7522,4
7523,3
7524,3
7525,4
7526,1
7527,3
7528,3
7529,4
7530,0
7531,0
7532,0
7533,4
7534,0
7535,1
7536,4
7537,4
7538,0
7539,3
7540,4
7541,0
7542,0
7543,4
7544,1
7545,1
7546,1
7547,1
7548,4
7549,4
7550,0
7551,3
7552,3
7553,3
7554,0
7555,0
7556,0
7557,0
7558,0
7559,4
7560,3
7561,4
7562,0
7563,4
7564,4
7565,4
7566,4
7567,4
7568,4
7569,4
7570,4
7571,0
7572,1
7573,0
7574,0
7575,0
7576,0
7577,3
7578,4
7579,1
7580,1
7581,0
7582,4
7583,4
7584,0
7585,0
7586,4
7587,4
7588,3
7589,0
7590,0
7591,0
7592,3
7593,3
7594,3
7595,0
7596,3
7597,3
7598,3
7599,3
7600,3
7601,3
7602,4
7603,4
7604,4
7605,3
7606,4
7607,4
7608,1
7609,3
7610,1
7611,0
7612,3
7613,4
7614,3
7615,3
7616,3
7617,4
7618,4
7619,3
7620,3
7621,3
7622,3
7623,4
7624,4
7625,3
7626,0
7627,0
7628,0
7629,0
7630,4
7631,4
7632,4
7633,0
7634,3
7635,0
7636,0
7637,3
7638,3
7639,4
7640,3
7641,3
7642,4
7643,4
7644,4
7645,4
7646,3
7647,3
7648,3
7649,3
7650,4
7651,4
7652,0
7653,3
7654,3
7655,0
7656,3
7657,4
7658,0
7659,0
7660,0
7661,0
7662,3
7663,3
7664,3
7665,3
7666,3
7667,3
7668,0
7669,0
7670,3
7671,4
7672,4
7673,0
7674,3
7675,1
7676,4
7677,3
7678,3
7679,0
7680,3
7681,3
7682,3
7683,0
7684,3
7685,3
7686,4
7687,3
7688,4
7689,4
7690,3
7691,3
7692,3
7693,3
7694,3
7695,3
7696,3
7697,3
7698,3
7699,0
7700,4
7701,0
7702,4
7703,4
7704,0
7705,4
7706,3
7707,4
7708,0
7709,3
7710,0
7711,0
7712,0
7713,0
7714,4
7715,0
7716,3
7717,3
7718,3
7719,3
7720,3
7721,4
7722,3
7723,4
7724,4
7725,4
7726,0
7727,0
7728,0
7729,0
7730,0
7731,3
7732,3
7733,3
7734,3
7735,3
7736,3
7737,3
7738,3
7739,3
7740,0
7741,0
7742,0
7743,0
7744,0
7745,0
7746,3
7747,0
7748,3
7749,4
7750,3
7751,3
7752,3
7753,3
7754,1
7755,3
7756,3
7757,1
7758,4
7759,3
7760,3
7761,0
7762,0
7763,0
7764,0
7765,3
7766,0
7767,3
7768,3
7769,3
7770,0
7771,3
7772,1
7773,4
7774,0
7775,3
7776,0
7777,3
7778,4
7779,3
7780,3
7781,4
7782,3
7783,1
7784,3
7785,3
7786,3
7787,4
7788,3
7789,4
7790,4
7791,3
7792,1
7793,1
7794,4
7795,3
7796,4
7797,3
7798,4
7799,3
7800,0
7801,3
7802,3
7803,3
7804,3
7805,3
7806,0
7807,3
7808,1
7809,3
7810,3
7811,0
7812,3
7813,0
7814,3
7815,3
7816,3
7817,3
7818,4
7819,4
7820,3
7821,4
7822,3
7823,3
7824,3
7825,4
7826,3
7827,3
7828,3
7829,3
7830,1
7831,3
7832,0
7833,3
7834,0
7835,3
7836,3
7837,4
7838,3
7839,1
7840,0
7841,3
7842,3
7843,0
7844,3
7845,4
7846,4
7847,4
7848,3
7849,0
7850,3
7851,3
7852,0
7853,3
7854,0
7855,4
7856,4
7857,3
7858,0
7859,4
7860,1
7861,3
7862,4
7863,4
7864,4
7865,4
7866,4
7867,4
7868,0
7869,4
7870,0
7871,4
7872,1
7873,4
7874,4
7875,1
7876,4
7877,4
7878,0
7879,4
7880,3
7881,3
7882,0
7883,4
7884,4
7885,4
7886,0
7887,0
7888,0
7889,4
7890,3
7891,0
7892,0
7893,3
7894,0
7895,3
7896,0
7897,0
7898,3
7899,4
7900,0
7901,0
7902,1
7903,0
7904,3
7905,0
7906,0
7907,0
7908,0
7909,0
7910,0
7911,0
7912,3
7913,0
7914,0
7915,4
7916,0
7917,3
7918,3
7919,0
7920,1
7921,0
7922,0
7923,0
7924,0
7925,0
7926,3
7927,4
7928,3
7929,4
7930,3
7931,3
7932,0
7933,3
7934,3
7935,3
7936,3
7937,4
7938,4
7939,4
7940,0
7941,0
7942,4
7943,4
7944,4
7945,4
7946,0
7947,4
7948,4
7949,4
7950,3
7951,0
7952,0
7953,3
7954,0
7955,4
7956,3
7957,3
7958,1
7959,4
7960,1
7961,1
7962,0
7963,0
7964,0
7965,4
7966,4
7967,0
7968,0
7969,3
7970,0
7971,0
7972,0
7973,3
7974,1
7975,0
7976,4
7977,3
7978,0
7979,4
7980,0
7981,1
7982,4
7983,3
7984,0
7985,3
7986,3
7987,4
7988,4
7989,4
7990,0
7991,0
7992,0
7993,4
7994,0
7995,0
7996,3
7997,0
7998,0
7999,4
8000,3
8001,3
8002,4
8003,3
8004,3
8005,4
8006,0
8007,4
8008,0
8009,4
8010,3
8011,0
8012,0
8013,0
8014,0
8015,1
8016,0
8017,0
8018,0
8019,0
8020,1
8021,0
8022,4
8023,0
8024,4
8025,3
8026,4
8027,1
8028,0
8029,0
8030,0
8031,4
8032,4
8033,4
8034,4
8035,0
8036,0
8037,0
8038,0
8039,0
8040,0
8041,0
8042,0
8043,4
8044,4
8045,4
8046,4
8047,4
8048,4
8049,0
8050,0
8051,4
8052,4
8053,4
8054,0
8055,3
8056,3
8057,3
8058,4
8059,0
8060,0
8061,0
8062,0
8063,0
8064,0
8065,4
8066,3
8067,3
8068,3
8069,0
8070,0
8071,4
8072,1
8073,0
8074,3
8075,3
8076,0
8077,4
8078,0
8079,0
8080,0
8081,3
8082,4
8083,0
8084,0
8085,0
8086,0
8087,1
8088,0
8089,0
8090,3
8091,3
8092,4
8093,1
8094,1
8095,3
8096,3
8097,3
8098,3
8099,0
8100,3
8101,1
8102,0
8103,0
8104,4
8105,4
8106,0
8107,0
8108,3
8109,3
8110,3
8111,3
8112,1
8113,1
8114,1
8115,3
8116,3
8117,0
8118,3
8119,0
8120,4
8121,3
8122,3
8123,1
8124,3
8125,3
8126,3
8127,3
8128,3
8129,4
8130,0
8131,0
8132,1
8133,3
8134,3
8135,1
8136,0
8137,4
8138,0
8139,0
8140,1
8141,0
8142,1
8143,3
8144,1
8145,0
8146,0
8147,0
8148,1
8149,4
8150,4
8151,0
8152,4
8153,0
8154,1
8155,0
8156,1
8157,3
8158,0
8159,3
8160,3
8161,4
8162,4
8163,4
8164,3
8165,3
8166,4
8167,4
8168,4
8169,0
8170,0
8171,3
8172,4
8173,4
8174,4
8175,0
8176,4
8177,0
8178,4
8179,0
8180,3
8181,0
8182,3
8183,0
8184,0
8185,3
8186,0
8187,0
8188,0
8189,0
8190,3
8191,0
8192,4
8193,0
8194,0
8195,3
8196,0
8197,0
8198,0
8199,1
8200,0
8201,3
8202,1
8203,1
8204,0
8205,0
8206,0
8207,0
8208,0
8209,0
8210,0
8211,4
8212,0
8213,4
8214,3
8215,0
8216,0
8217,4
8218,3
8219,4
8220,0
8221,4
8222,4
8223,4
8224,3
8225,4
8226,4
8227,1
8228,4
8229,0
8230,0
8231,0
8232,0
8233,0
8234,3
8235,4
8236,4
8237,4
8238,0
8239,0
8240,4
8241,4
8242,4
8243,0
8244,0
8245,0
8246,0
8247,0
8248,4
8249,0
8250,0
8251,0
8252,0
8253,3
8254,4
8255,3
8256,3
8257,0
8258,0
8259,0
8260,0
8261,4
8262,0
8263,1
8264,0
8265,4
8266,4
8267,3
8268,1
8269,0
8270,4
8271,0
8272,1
8273,1
8274,1
8275,3
8276,1
8277,4
8278,4
8279,4
8280,4
8281,4
8282,1
8283,1
8284,1
8285,4
8286,3
8287,0
8288,4
8289,3
8290,4
8291,3
8292,4
8293,1
8294,0
8295,1
8296,4
8297,4
8298,4
8299,1
8300,1
8301,1
8302,1
8303,3
8304,0
8305,4
8306,4
8307,4
8308,4
8309,4
8310,1
8311,0
8312,3
8313,3
8314,3
8315,0
8316,3
8317,3
8318,3
8319,3
8320,4
8321,4
8322,0
8323,3
8324,1
8325,4
8326,3
8327,3
8328,3
8329,4
8330,3
8331,3
8332,3
8333,3
8334,3
8335,3
8336,3
8337,3
8338,0
8339,0
8340,1
8341,3
8342,3
8343,3
8344,4
8345,3
8346,3
8347,3
8348,3
8349,0
8350,0
8351,0
8352,0
8353,0
8354,0
8355,3
8356,4
8357,4
8358,4
8359,4
8360,4
8361,0
8362,4
8363,4
8364,3
8365,3
8366,0
8367,3
8368,1
8369,3
8370,3
8371,3
8372,0
8373,3
8374,3
8375,0
8376,1
8377,3
8378,3
8379,3
8380,3
8381,3
8382,1
8383,1
8384,3
8385,4
8386,3
8387,4
8388,3
8389,3
8390,1
8391,1
8392,3
8393,3
8394,1
8395,3
8396,1
8397,0
8398,3
8399,3
8400,1
8401,3
8402,3
8403,0
8404,0
8405,3
8406,3
8407,3
8408,0
8409,0
8410,1
8411,0
8412,3
8413,3
8414,0
8415,4
8416,0
8417,3
8418,1
8419,1
8420,3
8421,1
8422,4
8423,3
8424,4
8425,3
8426,3
8427,1
8428,4
8429,4
8430,3
8431,3
8432,4
8433,3
8434,3
8435,3
8436,1
8437,4
8438,0
8439,0
8440,3
8441,3
8442,3
8443,0
8444,3
8445,3
8446,3
8447,3
8448,0
8449,3
8450,4
8451,3
8452,3
8453,3
8454,4
8455,4
8456,4
8457,4
8458,4
8459,4
8460,4
8461,4
8462,4
8463,4
8464,0
8465,3
8466,3
8467,3
8468,3
8469,3
8470,4
8471,4
8472,4
8473,4
8474,4
8475,0
8476,3
8477,0
8478,0
8479,0
8480,0
8481,0
8482,4
8483,3
8484,3
8485,0
8486,4
8487,3
8488,0
8489,0
8490,3
8491,3
8492,3
8493,0
8494,0
8495,3
8496,3
8497,0
8498,1
8499,4
8500,3
8501,0
8502,3
8503,4
8504,0
8505,3
8506,3
8507,3
8508,3
8509,3
8510,3
8511,4
8512,3
8513,3
8514,3
8515,4
8516,3
8517,3
8518,4
8519,0
8520,0
8521,0
8522,3
8523,3
8524,1
8525,3
8526,3
8527,3
8528,0
8529,0
8530,3
8531,1
8532,3
8533,0
8534,0
8535,4
8536,4
8537,3
8538,1
8539,3
8540,4
8541,0
8542,3
8543,4
8544,3
8545,0
8546,0
8547,0
8548,0
8549,0
8550,0
8551,0
8552,3
8553,4
8554,4
8555,4
8556,4
8557,3
8558,1
8559,4
8560,3
8561,4
8562,4
8563,4
8564,3
8565,0
8566,3
8567,4
8568,3
8569,3
8570,0
8571,3
8572,4
8573,0
8574,4
8575,3
8576,4
8577,4
8578,1
8579,3
8580,4
8581,4
8582,3
8583,0
8584,0
8585,4
8586,3
8587,3
8588,0
8589,0
8590,0
8591,3
8592,0
8593,4
8594,3
8595,4
8596,4
8597,4
8598,1
8599,1
8600,1
8601,4
8602,0
8603,4
8604,3
8605,4
8606,4
8607,4
8608,4
8609,3
8610,3
8611,3
8612,0
8613,4
8614,4
8615,3
8616,0
8617,3
8618,3
8619,1
8620,0
8621,0
8622,0
8623,0
8624,4
8625,1
8626,1
8627,0
8628,3
8629,0
8630,0
8631,0
8632,4
8633,4
8634,0
8635,3
8636,3
8637,3
8638,0
8639,4
8640,4
8641,4
8642,0
8643,3
8644,4
8645,4
8646,4
8647,1
8648,1
8649,3
8650,3
8651,3
8652,1
8653,4
8654,3
8655,0
8656,0
8657,3
8658,3
8659,4
8660,0
8661,3
8662,3
8663,4
8664,3
8665,3
8666,4
8667,0
8668,4
8669,3
8670,3
8671,0
8672,3
8673,4
8674,4
8675,0
8676,4
8677,3
8678,0
8679,0
8680,4
8681,3
8682,3
8683,3
8684,1
8685,3
8686,3
8687,0
8688,3
8689,3
8690,0
8691,0
8692,4
8693,3
8694,0
8695,4
8696,0
8697,0
8698,0
8699,3
8700,4
8701,3
8702,0
8703,4
8704,3
8705,4
8706,0
8707,4
8708,3
8709,0
8710,3
8711,3
8712,0
8713,0
8714,0
8715,0
8716,4
8717,0
8718,3
8719,0
8720,4
8721,0
8722,0
8723,1
8724,1
8725,3
8726,1
8727,0
8728,0
8729,0
8730,0
8731,3
8732,0
8733,4
8734,4
8735,4
8736,4
8737,4
8738,4
8739,4
8740,0
8741,4
8742,4
8743,4
8744,3
8745,3
8746,4
8747,4
8748,4
8749,3
8750,3
8751,1
8752,0
8753,4
8754,0
8755,0
8756,0
8757,0
8758,3
8759,3
8760,0
8761,4
8762,4
8763,4
8764,3
8765,3
8766,0
8767,3
8768,4
8769,0
8770,4
8771,3
8772,0
8773,3
8774,1
8775,3
8776,3
8777,3
8778,0
8779,0
8780,4
8781,0
8782,3
8783,3
8784,0
8785,0
8786,3
8787,0
8788,0
8789,0
8790,4
8791,0
8792,0
8793,0
8794,4
8795,4
8796,4
8797,0
8798,4
8799,3
8800,4
8801,4
8802,0
8803,4
8804,0
8805,0
8806,0
8807,0
8808,0
8809,4
8810,3
8811,3
8812,4
8813,3
8814,4
8815,4
8816,0
8817,0
8818,0
8819,0
8820,0
8821,1
8822,0
8823,4
8824,3
8825,0
8826,1
8827,0
8828,0
8829,3
8830,0
8831,1
8832,4
8833,0
8834,0
8835,4
8836,1
8837,4
8838,1
8839,1
8840,1
8841,1
8842,1
8843,0
8844,4
8845,3
8846,4
8847,0
8848,0
8849,3
8850,3
8851,0
8852,3
8853,0
8854,0
8855,0
8856,1
8857,3
8858,0
8859,0
8860,3
8861,3
8862,4
8863,0
8864,3
8865,4
8866,3
8867,3
8868,3
8869,0
8870,4
8871,4
8872,0
8873,0
8874,0
8875,3
8876,4
8877,0
8878,4
8879,4
8880,4
8881,1
8882,4
8883,4
8884,4
8885,0
8886,0
8887,0
8888,0
8889,0
8890,4
8891,0
8892,0
8893,3
8894,0
8895,0
8896,0
8897,0
8898,0
8899,1
8900,4
8901,4
8902,4
8903,4
8904,4
8905,4
8906,4
8907,4
8908,3
8909,3
8910,4
8911,3
8912,4
8913,3
8914,3
8915,4
8916,4
8917,0
8918,4
8919,4
8920,4
8921,0
8922,4
8923,0
8924,4
8925,4
8926,0
8927,0
8928,4
8929,0
8930,3
8931,0
8932,4
8933,4
8934,1
8935,4
8936,4
8937,4
8938,0
8939,0
8940,3
8941,0
8942,3
8943,0
8944,0
8945,3
8946,4
8947,3
8948,4
8949,3
8950,0
8951,0
8952,4
8953,3
8954,0
8955,0
8956,3
8957,1
8958,0
8959,3
8960,0
8961,0
8962,3
8963,3
8964,4
8965,3
8966,0
8967,1
8968,1
8969,1
8970,3
8971,1
8972,1
8973,0
8974,4
8975,3
8976,0
8977,4
8978,0
8979,0
8980,4
8981,4
8982,3
8983,4
8984,0
8985,3
8986,0
8987,0
8988,4
8989,4
8990,3
8991,3
8992,1
8993,3
8994,1
8995,0
8996,1
8997,0
8998,0
8999,0
9000,0
9001,4
9002,3
9003,0
9004,3
9005,0
9006,0
9007,1
9008,1
9009,4
9010,0
9011,3
9012,0
9013,1
9014,3
9015,0
9016,0
9017,4
9018,3
9019,0
9020,0
9021,3
9022,3
9023,0
9024,0
9025,0
9026,0
9027,1
9028,3
9029,3
9030,3
9031,4
9032,3
9033,3
9034,4
9035,3
9036,0
9037,3
9038,0
9039,3
9040,3
9041,4
9042,3
9043,3
9044,3
9045,3
9046,0
9047,0
9048,0
9049,3
9050,3
9051,3
9052,0
9053,0
9054,3
9055,0
9056,3
9057,0
9058,0
9059,3
9060,0
9061,0
9062,0
9063,4
9064,4
9065,3
9066,3
9067,3
9068,3
9069,3
9070,4
9071,3
9072,3
9073,3
9074,4
9075,3
9076,0
9077,3
9078,3
9079,0
9080,1
9081,0
9082,1
9083,0
9084,3
9085,3
9086,1
9087,0
9088,3
9089,3
9090,3
9091,3
9092,0
9093,3
9094,4
9095,4
9096,4
9097,4
9098,3
9099,3
9100,3
9101,3
9102,3
9103,3
9104,3
9105,3
9106,3
9107,3
9108,3
9109,3
9110,3
9111,4
9112,3
9113,0
9114,4
9115,0
9116,3
9117,3
9118,0
9119,0
9120,0
9121,0
9122,4
9123,4
9124,0
9125,0
9126,1
9127,1
9128,1
9129,1
9130,0
9131,3
9132,0
9133,0
9134,3
9135,3
9136,1
9137,3
9138,0
9139,3
9140,1
9141,3
9142,3
9143,3
9144,3
9145,3
9146,0
9147,3
9148,3
9149,3
9150,0
9151,4
9152,4
9153,4
9154,4
9155,1
9156,1
9157,1
9158,1
9159,3
9160,0
9161,0
9162,3
9163,0
9164,1
9165,3
9166,4
9167,3
9168,1
9169,0
9170,3
9171,0
9172,0
9173,3
9174,4
9175,4
9176,3
9177,4
9178,3
9179,3
9180,3
9181,4
9182,1
9183,0
9184,4
9185,4
9186,3
9187,0
9188,3
9189,3
9190,3
9191,1
9192,0
9193,0
9194,3
9195,0
9196,3
9197,3
9198,3
9199,3
9200,0
9201,0
9202,0
9203,0
9204,3
9205,3
9206,3
9207,3
9208,0
9209,0
9210,3
9211,1
9212,1
9213,3
9214,0
9215,3
9216,4
9217,0
9218,0
9219,0
9220,3
9221,0
9222,3
9223,3
9224,3
9225,3
9226,3
9227,3
9228,3
9229,3
9230,3
9231,3
9232,1
9233,1
9234,3
9235,3
9236,3
9237,0
9238,1
9239,1
9240,3
9241,3
9242,3
9243,0
9244,4
9245,4
9246,3
9247,3
9248,3
9249,3
9250,4
9251,0
9252,3
9253,0
9254,1
9255,3
9256,1
9257,3
9258,1
9259,3
9260,3
9261,3
9262,4
9263,4
9264,3
9265,4
9266,0
9267,3
9268,3
9269,3
9270,3
9271,3
9272,4
9273,1
9274,3
9275,4
9276,4
9277,3
9278,3
9279,3
9280,3
9281,0
9282,3
9283,1
9284,3
9285,3
9286,3
9287,3
9288,3
9289,3
9290,0
9291,4
9292,1
9293,0
9294,4
9295,3
9296,3
9297,0
9298,4
9299,4
9300,1
9301,0
9302,3
9303,3
9304,0
9305,3
9306,3
9307,4
9308,0
9309,0
9310,3
9311,3
9312,4
9313,0
9314,1
9315,0
9316,0
9317,3
9318,4
9319,4
9320,3
9321,3
9322,4
9323,4
9324,4
9325,4
9326,3
9327,0
9328,4
9329,4
9330,4
9331,4
9332,4
9333,4
9334,1
9335,4
9336,0
9337,0
9338,0
9339,3
9340,3
9341,3
9342,3
9343,3
9344,0
9345,4
9346,1
9347,3
9348,0
9349,3
9350,3
9351,4
9352,3
9353,3
9354,3
9355,3
9356,3
9357,4
9358,0
9359,3
9360,0
9361,0
9362,0
9363,3
9364,4
9365,4
9366,3
9367,3
9368,4
9369,4
9370,3
9371,0
9372,3
9373,0
9374,0
9375,0
9376,3
9377,3
9378,1
9379,1
9380,3
9381,4
9382,4
9383,4
9384,1
9385,3
9386,3
9387,0
9388,3
9389,4
9390,0
9391,3
9392,3
9393,3
9394,3
9395,3
9396,4
9397,0
9398,3
9399,0
9400,0
9401,3
9402,0
9403,3
9404,3
9405,0
9406,3
9407,0
9408,3
9409,3
9410,3
9411,4
9412,0
9413,4
9414,0
9415,0
9416,3
9417,0
9418,4
9419,4
9420,3
9421,3
9422,3
9423,4
9424,4
9425,3
9426,0
9427,3
9428,3
9429,1
9430,3
9431,0
9432,0
9433,0
9434,3
9435,3
9436,4
9437,4
9438,4
9439,4
9440,4
9441,0
9442,4
9443,0
9444,0
9445,4
9446,3
9447,3
9448,3
9449,3
9450,3
9451,4
9452,0
9453,0
9454,3
9455,3
9456,0
9457,4
9458,4
9459,1
9460,3
9461,4
9462,4
9463,3
9464,3
9465,3
9466,3
9467,3
9468,3
9469,4
9470,3
9471,3
9472,3
9473,0
9474,3
9475,3
9476,0
9477,3
9478,3
9479,0
9480,3
9481,3
9482,3
9483,3
9484,3
9485,0
9486,3
9487,3
9488,3
9489,3
9490,3
9491,3
9492,0
9493,4
9494,0
9495,4
9496,4
9497,3
9498,4
9499,0
9500,4
9501,3
9502,3
9503,3
9504,3
9505,0
9506,0
9507,1
9508,3
9509,1
9510,3
9511,0
9512,4
9513,4
9514,3
9515,3
9516,3
9517,4
9518,3
9519,3
9520,3
9521,4
9522,4
9523,4
9524,1
9525,1
9526,1
9527,1
9528,1
9529,1
9530,1
9531,1
9532,1
9533,1
9534,1
9535,1
9536,1
9537,3
9538,1
9539,0
9540,3
9541,0
9542,3
9543,3
9544,3
9545,3
9546,4
9547,3
9548,1
9549,3
9550,0
9551,1
9552,0
9553,0
9554,4
9555,0
9556,1
9557,4
9558,4
9559,1
9560,1
9561,1
9562,1
9563,3
9564,4
9565,3
9566,3
9567,1
9568,3
9569,0
9570,3
9571,3
9572,3
9573,0
9574,3
9575,4
9576,4
9577,3
9578,3
9579,3
9580,3
9581,3
9582,4
9583,3
9584,3
9585,3
9586,3
9587,0
9588,3
9589,3
9590,3
9591,3
9592,1
9593,1
9594,1
9595,4
9596,1
9597,4
9598,1
9599,1
9600,1
9601,1
9602,1
9603,1
9604,1
9605,1
9606,1
9607,1
9608,1
9609,3
9610,1
9611,1
9612,3
9613,3
9614,4
9615,3
9616,1
9617,3
9618,3
9619,3
9620,0
9621,0
9622,4
9623,0
9624,4
9625,4
9626,4
9627,3
9628,0
9629,4
9630,3
9631,3
9632,3
9633,3
9634,1
9635,3
9636,3
9637,4
9638,4
9639,4
9640,3
9641,3
9642,1
9643,1
9644,0
9645,4
9646,3
9647,4
9648,4
9649,3
9650,3
9651,3
9652,3
9653,4
9654,3
9655,3
9656,3
9657,3
9658,0
9659,3
9660,3
9661,3
9662,4
9663,1
9664,3
9665,4
9666,4
9667,4
9668,3
9669,0
9670,0
9671,3
9672,0
9673,3
9674,3
9675,3
9676,3
9677,3
9678,3
9679,3
9680,0
9681,0
9682,3
9683,0
9684,0
9685,0
9686,4
9687,3
9688,3
9689,3
9690,0
9691,3
9692,3
9693,4
9694,3
9695,3
9696,0
9697,0
9698,3
9699,0
9700,3
9701,0
9702,3
9703,3
9704,3
9705,3
9706,0
9707,3
9708,0
9709,3
9710,3
9711,4
9712,4
9713,3
9714,3
9715,3
9716,1
9717,4
9718,4
9719,3
9720,4
9721,0
9722,0
9723,0
9724,0
9725,0
9726,0
9727,3
9728,0
9729,1
9730,3
9731,0
9732,3
9733,3
9734,4
9735,3
9736,3
9737,4
9738,4
9739,4
9740,4
9741,4
9742,3
9743,3
9744,0
9745,0
9746,3
9747,3
9748,3
9749,0
9750,0
9751,3
9752,3
9753,1
9754,0
9755,3
9756,1
9757,3
9758,3
9759,3
9760,3
9761,3
9762,3
9763,3
9764,3
9765,0
9766,4
9767,1
9768,3
9769,3
9770,4
9771,1
9772,3
9773,3
9774,1
9775,1
9776,1
9777,3
9778,3
9779,1
9780,1
9781,0
9782,0
9783,0
9784,0
9785,0
9786,0
9787,3
9788,0
9789,0
9790,0
9791,3
9792,0
9793,3
9794,3
9795,0
9796,4
9797,3
9798,3
9799,4
9800,0
9801,0
9802,0
9803,0
9804,0
9805,3
9806,4
9807,4
9808,3
9809,3
9810,3
9811,3
9812,0
9813,1
9814,1
9815,0
9816,3
9817,0
9818,0
9819,3
9820,1
9821,1
9822,1
9823,1
9824,0
9825,1
9826,1
9827,0
9828,1
9829,0
9830,1
9831,1
9832,1
9833,0
9834,3
9835,1
9836,1
9837,1
9838,4
9839,0
9840,1
9841,1
9842,1
9843,1
9844,1
9845,1
9846,0
9847,3
9848,0
9849,0
9850,3
9851,3
9852,4
9853,3
9854,0
9855,3
9856,1
9857,3
9858,1
9859,3
9860,4
9861,3
9862,3
9863,1
9864,3
9865,3
9866,4
9867,0
9868,0
9869,4
9870,0
9871,0
9872,3
9873,3
9874,1
9875,1
9876,0
9877,3
9878,3
9879,4
9880,3
9881,3
9882,3
9883,3
9884,0
9885,0
9886,3
9887,3
9888,0
9889,4
9890,4
9891,4
9892,4
9893,3
9894,3
9895,0
9896,0
9897,0
9898,0
9899,0
9900,3
9901,3
9902,3
9903,1
9904,3
9905,0
9906,1
9907,0
9908,3
9909,3
9910,0
9911,3
9912,3
9913,3
9914,0
9915,3
9916,3
9917,3
9918,1
9919,3
9920,4
9921,4
9922,0
9923,1
9924,1
9925,1
9926,1
9927,3
9928,1
9929,1
9930,3
9931,0
9932,0
9933,4
9934,4
9935,0
9936,4
9937,3
9938,3
9939,3
9940,3
9941,3
9942,0
9943,3
9944,0
9945,4
9946,3
9947,4
9948,3
9949,0
9950,3
9951,3
9952,3
9953,3
9954,3
9955,0
9956,4
9957,0
9958,3
9959,3
9960,0
9961,1
9962,4
9963,3
9964,4
9965,3
9966,4
9967,3
9968,0
9969,0
9970,1
9971,1
9972,1
9973,3
9974,3
9975,3
9976,3
9977,0
9978,3
9979,4
9980,3
9981,1
9982,1
9983,4
9984,3
9985,1
9986,1
9987,1
9988,1
9989,1
9990,3
9991,3
9992,0
9993,3
9994,3
9995,3
9996,3
9997,0
9998,3
9999,1
10000,3
10001,0
10002,4
10003,0
10004,1
10005,3
10006,4
10007,0
10008,0
10009,3
10010,3
10011,1
10012,3
10013,1
10014,0
10015,0
10016,0
10017,1
10018,1
10019,3
10020,3
10021,0
10022,3
10023,0
10024,3
10025,3
10026,4
10027,3
10028,3
10029,0
10030,3
10031,3
10032,3
10033,3
10034,3
10035,3
10036,3
10037,4
10038,4
10039,3
10040,3
10041,0
10042,3
10043,3
10044,3
10045,3
10046,0
10047,3
10048,3
10049,0
10050,0
10051,4
10052,3
10053,0
10054,3
10055,3
10056,0
10057,0
10058,3
10059,0
10060,3
10061,3
10062,1
10063,3
10064,3
10065,3
10066,3
10067,3
10068,3
10069,3
10070,3
10071,0
10072,0
10073,3
10074,3
10075,3
10076,3
10077,4
10078,3
10079,3
10080,0
10081,3
10082,3
10083,0
10084,0
10085,0
10086,4
10087,0
10088,0
10089,3
10090,3
10091,3
10092,3
10093,3
10094,0
10095,3
10096,3
10097,3
10098,4
10099,4
10100,0
10101,1
10102,0
10103,0
10104,0
10105,0
10106,3
10107,0
10108,3
10109,0
10110,3
10111,3
10112,0
10113,0
10114,1
10115,1
10116,3
10117,0
10118,3
10119,3
10120,0
10121,3
10122,3
10123,4
10124,0
10125,0
10126,4
10127,4
10128,3
10129,3
10130,3
10131,0
10132,0
10133,4
10134,0
10135,3
10136,0
10137,0
10138,0
10139,3
10140,0
10141,0
10142,3
10143,4
10144,4
10145,0
10146,3
10147,0
10148,0
10149,0
10150,3
10151,0
10152,4
10153,4
10154,4
10155,0
10156,4
10157,0
10158,0
10159,4
10160,0
10161,0
10162,0
10163,0
10164,0
10165,0
10166,0
10167,3
10168,0
10169,0
10170,0
10171,4
10172,0
10173,0
10174,3
10175,0
10176,0
10177,0
10178,0
10179,0
10180,0
10181,0
10182,4
10183,0
10184,0
10185,0
10186,0
10187,3
10188,0
10189,4
10190,4
10191,4
10192,4
10193,4
10194,0
10195,0
10196,4
10197,0
10198,3
10199,4
10200,0
10201,3
10202,3
10203,4
10204,4
10205,4
10206,0
10207,0
10208,0
10209,0
10210,0
10211,0
10212,3
10213,0
10214,0
10215,0
10216,0
10217,4
10218,4
10219,4
10220,4
10221,0
10222,4
10223,4
10224,0
10225,0
10226,3
10227,4
10228,0
10229,0
10230,0
10231,4
10232,0
10233,4
10234,4
10235,4
10236,0
10237,0
10238,3
10239,4
10240,4
10241,4
10242,0
10243,0
10244,0
10245,0
10246,0
10247,1
10248,0
10249,4
10250,0
10251,0
10252,0
10253,3
10254,3
10255,0
10256,3
10257,4
10258,0
10259,0
10260,0
10261,0
10262,0
10263,3
10264,0
10265,0
10266,3
10267,4
10268,0
10269,4
10270,3
10271,3
10272,0
10273,4
10274,0
10275,0
10276,3
10277,0
10278,3
10279,0
10280,0
10281,0
10282,0
10283,0
10284,0
10285,0
10286,0
10287,0
10288,0
10289,0
10290,0
10291,0
10292,4
10293,0
10294,0
10295,4
10296,4
10297,4
10298,4
10299,1
10300,3
10301,4
10302,4
10303,4
10304,0
10305,4
10306,0
10307,3
10308,0
10309,3
10310,4
10311,0
10312,0
10313,0
10314,0
10315,0
10316,0
10317,0
10318,3
10319,0
10320,3
10321,4
10322,4
10323,0
10324,0
10325,4
10326,3
10327,3
10328,0
10329,4
10330,0
10331,0
10332,0
10333,0
10334,3
10335,3
10336,4
10337,4
10338,0
10339,0
10340,3
10341,0
10342,4
10343,4
10344,1
10345,4
10346,1
10347,0
10348,4
10349,4
10350,0
10351,0
10352,3
10353,0
10354,4
10355,4
10356,0
10357,4
10358,0
10359,0
10360,0
10361,0
10362,3
10363,0
10364,0
10365,3
10366,0
10367,3
10368,0
10369,0
10370,3
10371,0
10372,3
10373,3
10374,3
10375,1
10376,4
10377,3
10378,0
10379,1
10380,3
10381,0
10382,0
10383,4
10384,0
10385,4
10386,4
10387,0
10388,4
10389,0
10390,4
10391,0
10392,4
10393,0
10394,0
10395,4
10396,0
10397,3
10398,4
10399,0
10400,3
10401,3
10402,3
10403,0
10404,4
10405,0
10406,4
10407,0
10408,3
10409,0
10410,0
10411,3
10412,0
10413,4
10414,4
10415,0
10416,3
10417,3
10418,0
10419,0
10420,3
10421,3
10422,3
10423,0
10424,3
10425,0
10426,0
10427,4
10428,4
10429,4
10430,0
10431,4
10432,4
10433,4
10434,3
10435,4
10436,0
10437,0
10438,4
10439,3
10440,3
10441,0
10442,0
10443,4
10444,3
10445,0
10446,0
10447,0
10448,0
10449,3
10450,0
10451,3
10452,0
10453,0
10454,0
10455,0
10456,1
10457,4
10458,0
10459,4
10460,0
10461,4
10462,3
10463,3
10464,3
10465,3
10466,3
10467,0
10468,4
10469,0
10470,0
10471,1
10472,4
10473,4
10474,4
10475,4
10476,4
10477,4
10478,4
10479,3
10480,3
10481,3
10482,3
10483,3
10484,0
10485,0
10486,0
10487,0
10488,0
10489,4
10490,4
10491,0
10492,4
10493,4
10494,0
10495,4
10496,4
10497,0
10498,0
10499,0
10500,0
10501,0
10502,3
10503,4
10504,4
10505,4
10506,4
10507,4
10508,0
10509,4
10510,4
10511,3
10512,4
10513,4
10514,4
10515,3
10516,0
10517,4
10518,1
10519,4
10520,3
10521,3
10522,3
10523,3
10524,0
10525,3
10526,3
10527,4
10528,3
10529,4
10530,3
10531,4
10532,4
10533,4
10534,4
10535,4
10536,4
10537,4
10538,0
10539,0
10540,4
10541,1
10542,1
10543,1
10544,4
10545,4
10546,4
10547,4
10548,4
10549,3
10550,0
10551,0
10552,0
10553,4
10554,3
10555,0
10556,4
10557,4
10558,4
10559,4
10560,4
10561,4
10562,4
10563,3
10564,4
10565,4
10566,0
10567,3
10568,3
10569,4
10570,3
10571,3
10572,3
10573,0
10574,0
10575,0
10576,4
10577,4
10578,4
10579,4
10580,4
10581,3
10582,4
10583,4
10584,4
10585,4
10586,4
10587,4
10588,4
10589,4
10590,4
10591,4
10592,0
10593,0
10594,0
10595,0
10596,4
10597,3
10598,3
10599,3
10600,4
10601,0
10602,4
10603,3
10604,4
10605,4
10606,0
10607,3
10608,0
10609,0
10610,0
10611,3
10612,3
10613,0
10614,0
10615,0
10616,0
10617,4
10618,0
10619,0
10620,0
10621,0
10622,0
10623,0
10624,0
10625,0
10626,0
10627,4
10628,3
10629,0
10630,0
10631,1
10632,4
10633,3
10634,3
10635,0
10636,3
10637,4
10638,1
10639,0
10640,3
10641,4
10642,3
10643,4
10644,3
10645,0
10646,0
10647,3
10648,3
10649,3
10650,3
10651,0
10652,3
10653,0
10654,3
10655,1
10656,3
10657,3
10658,3
10659,0
10660,3
10661,0
10662,3
10663,3
10664,1
10665,1
10666,1
10667,1
10668,3
10669,1
10670,4
10671,0
10672,0
10673,0
10674,3
10675,3
10676,1
10677,1
10678,1
10679,1
10680,4
10681,3
10682,3
10683,0
10684,3
10685,3
10686,0
10687,0
10688,0
10689,3
10690,3
10691,1
10692,1
10693,1
10694,4
10695,1
10696,1
10697,1
10698,3
10699,3
10700,3
10701,3
10702,3
10703,4
10704,3
10705,0
10706,0
10707,1
10708,0
10709,0
10710,0
10711,3
10712,0
10713,3
10714,3
10715,3
10716,1
10717,1
10718,1
10719,1
10720,1
10721,1
10722,1
10723,1
10724,1
10725,1
10726,3
10727,1
10728,3
10729,4
10730,3
10731,3
10732,3
10733,4
10734,1
10735,1
10736,3
10737,1
10738,3
10739,3
10740,3
10741,3
10742,3
10743,0
10744,3
10745,4
10746,3
10747,3
10748,0
10749,3
10750,3
10751,3
10752,3
10753,3
10754,1
10755,3
10756,3
10757,3
10758,0
10759,1
10760,0
10761,3
10762,3
10763,3
10764,3
10765,4
10766,4
10767,4
10768,3
10769,3
10770,3
10771,0
10772,0
10773,0
10774,0
10775,3
10776,3
10777,3
10778,3
10779,0
10780,3
10781,3
10782,4
10783,4
10784,3
10785,3
10786,3
10787,3
10788,3
10789,3
10790,0
10791,3
10792,3
10793,0
10794,0
10795,3
10796,0
10797,0
10798,3
10799,3
10800,3
10801,0
10802,0
10803,0
10804,0
10805,4
10806,0
10807,0
10808,1
10809,3
10810,3
10811,3
10812,3
10813,0
10814,0
10815,0
10816,1
10817,1
10818,4
10819,3
10820,3
10821,0
10822,4
10823,1
10824,1
10825,3
10826,1
10827,1
10828,4
10829,3
10830,3
10831,3
10832,3
10833,3
10834,4
10835,3
10836,4
10837,4
10838,4
10839,3
10840,3
10841,3
10842,1
10843,1
10844,4
10845,4
10846,4
10847,3
10848,4
10849,0
10850,1
10851,1
10852,1
10853,1
10854,1
10855,0
10856,3
10857,3
10858,3
10859,3
10860,1
10861,3
10862,3
10863,3
10864,0
10865,3
10866,0
10867,3
10868,0
10869,4
10870,4
10871,0
10872,4
10873,3
10874,1
10875,4
10876,1
10877,0
10878,3
10879,3
10880,3
10881,4
10882,1
10883,1
10884,1
10885,1
10886,0
10887,1
10888,3
10889,3
10890,3
10891,3
10892,3
10893,3
10894,3
10895,4
10896,4
10897,0
10898,0
10899,3
10900,0
10901,3
10902,4
10903,0
10904,3
10905,3
10906,0
10907,3
10908,3
10909,1
10910,4
10911,3
10912,4
10913,4
10914,4
10915,3
10916,1
10917,3
10918,3
10919,4
10920,3
10921,3
10922,3
10923,3
10924,0
10925,0
10926,4
10927,0
10928,3
10929,0
10930,3
10931,3
10932,1
10933,4
10934,3
10935,4
10936,3
10937,3
10938,3
10939,3
10940,0
10941,4
10942,3
10943,3
10944,3
10945,3
10946,3
10947,3
10948,3
10949,4
10950,3
10951,3
10952,0
10953,3
10954,3
10955,3
10956,3
10957,3
10958,3
10959,0
10960,4
10961,4
10962,3
10963,0
10964,0
10965,4
10966,0
10967,3
10968,3
10969,3
10970,0
10971,1
10972,1
10973,1
10974,3
10975,4
10976,0
10977,3
10978,4
10979,3
10980,3
10981,0
10982,0
10983,3
10984,3
10985,4
10986,3
10987,4
10988,3
10989,3
10990,3
10991,3
10992,3
10993,3
10994,3
10995,3
10996,3
10997,3
10998,0
10999,1
11000,3
11001,0
11002,4
11003,3
11004,3
11005,1
11006,3
11007,0
11008,1
11009,3
11010,3
11011,1
11012,4
11013,4
11014,4
11015,0
11016,3
11017,3
11018,0
11019,0
11020,1
11021,1
11022,1
11023,3
11024,3
11025,1
11026,1
11027,0
11028,0
11029,0
11030,1
11031,1
11032,1
11033,1
11034,1
11035,1
11036,3
11037,3
11038,0
11039,0
11040,3
11041,4
11042,4
11043,4
11044,3
11045,3
11046,4
11047,3
11048,0
11049,0
11050,3
11051,0
11052,4
11053,0
11054,3
11055,0
11056,0
11057,1
11058,1
11059,3
11060,3
11061,3
11062,0
11063,3
11064,3
11065,0
11066,0
11067,3
11068,3
11069,0
11070,3
11071,4
11072,3
11073,3
11074,0
11075,3
11076,3
11077,3
11078,3
11079,3
11080,0
11081,4
11082,4
11083,3
11084,3
11085,3
11086,0
11087,3
11088,1
11089,1
11090,4
11091,1
11092,1
11093,4
11094,4
11095,1
11096,4
11097,4
11098,1
11099,4
11100,1
11101,1
11102,1
11103,1
11104,4
11105,4
11106,4
11107,3
11108,4
11109,1
11110,1
11111,1
11112,1
11113,1
11114,1
11115,4
11116,1
11117,1
11118,1
11119,3
11120,4
11121,0
11122,3
11123,0
11124,0
11125,0
11126,4
11127,4
11128,3
11129,3
11130,4
11131,4
11132,4
11133,1
11134,4
11135,0
11136,4
11137,0
11138,3
11139,4
11140,4
11141,3
11142,3
11143,3
11144,3
11145,3
11146,4
11147,3
11148,0
11149,3
11150,3
11151,3
11152,4
11153,0
11154,4
11155,4
11156,4
11157,4
11158,4
11159,4
11160,3
11161,3
11162,3
11163,3
11164,0
11165,3
11166,0
11167,0
11168,0
11169,4
11170,3
11171,3
11172,3
11173,3
11174,4
11175,0
11176,3
11177,4
11178,1
11179,3
11180,3
11181,0
11182,4
11183,3
11184,4
11185,4
11186,3
11187,3
11188,0
11189,3
11190,0
11191,0
11192,0
11193,4
11194,4
11195,4
11196,4
11197,3
11198,4
11199,4
11200,4
11201,3
11202,4
11203,0
11204,3
11205,3
11206,1
11207,3
11208,1
11209,1
11210,4
11211,4
11212,1
11213,1
11214,1
11215,0
11216,3
11217,3
11218,3
11219,3
11220,3
11221,3
11222,3
11223,3
11224,0
11225,0
11226,4
11227,0
11228,4
11229,0
11230,3
11231,3
11232,4
11233,0
11234,4
11235,3
11236,3
11237,3
11238,4
11239,3
11240,3
11241,3
11242,4
11243,4
11244,4
11245,4
11246,0
11247,0
11248,3
11249,4
11250,3
11251,3
11252,3
11253,3
11254,3
11255,3
11256,3
11257,4
11258,3
11259,3
11260,1
11261,1
11262,0
11263,0
11264,0
11265,4
11266,4
11267,3
11268,0
11269,3
11270,3
11271,3
11272,3
11273,0
11274,0
11275,0
11276,3
11277,3
11278,3
11279,3
11280,4
11281,4
11282,4
11283,4
11284,3
11285,3
11286,0
11287,0
11288,3
11289,0
11290,3
11291,0
11292,0
11293,0
11294,0
11295,0
11296,0
11297,0
11298,1
11299,3
11300,3
11301,3
11302,3
11303,0
11304,4
11305,4
11306,4
11307,4
11308,3
11309,3
11310,3
11311,3
11312,3
11313,4
11314,3
11315,4
11316,4
11317,3
11318,3
11319,0
11320,0
11321,0
11322,4
11323,0
11324,0
11325,0
11326,4
11327,3
11328,0
11329,4
11330,3
11331,3
11332,3
11333,3
11334,3
11335,3
11336,0
11337,4
11338,3
11339,4
11340,3
11341,4
11342,4
11343,4
11344,4
11345,0
11346,3
11347,3
11348,3
11349,3
11350,0
11351,3
11352,3
11353,3
11354,3
11355,0
11356,4
11357,0
11358,0
11359,0
11360,3
11361,3
11362,3
11363,4
11364,3
11365,3
11366,4
11367,4
11368,3
11369,4
11370,3
11371,3
11372,3
11373,3
11374,3
11375,0
11376,3
11377,3
11378,3
11379,1
11380,1
11381,3
11382,4
11383,4
11384,1
11385,0
11386,3
11387,3
11388,3
11389,4
11390,3
11391,0
11392,3
11393,3
11394,3
11395,3
11396,3
11397,1
11398,0
11399,0
11400,3
11401,3
11402,3
11403,3
11404,3
11405,0
11406,0
11407,3
11408,3
11409,4
11410,4
11411,3
11412,3
11413,0
11414,0
11415,0
11416,3
11417,3
11418,3
11419,3
11420,0
11421,0
11422,4
11423,3
11424,1
11425,3
11426,3
11427,4
11428,3
11429,3
11430,3
11431,3
11432,0
11433,0
11434,0
11435,4
11436,0
11437,0
11438,3
11439,3
11440,3
11441,3
11442,0
11443,0
11444,0
11445,0
11446,4
11447,3
11448,3
11449,3
11450,3
11451,4
11452,3
11453,4
11454,3
11455,0
11456,3
11457,3
11458,4
11459,3
11460,4
11461,3
11462,3
11463,3
11464,3
11465,3
11466,3
11467,3
11468,3
11469,4
11470,1
11471,3
11472,4
11473,3
11474,3
11475,3
11476,0
11477,3
11478,3
11479,3
11480,3
11481,4
11482,3
11483,0
11484,1
11485,0
11486,3
11487,0
11488,3
11489,3
11490,0
11491,4
11492,3
11493,3
11494,3
11495,0
11496,0
11497,1
11498,1
11499,1
11500,1
11501,0
11502,0
11503,0
11504,0
11505,4
11506,0
11507,0
11508,0
11509,3
11510,0
11511,0
11512,0
11513,3
11514,1
11515,1
11516,0
11517,4
11518,0
11519,0
11520,0
11521,4
11522,4
11523,4
11524,3
11525,0
11526,0
11527,3
11528,0
11529,4
11530,3
11531,3
11532,0
11533,3
11534,0
11535,3
11536,3
11537,4
11538,3
11539,0
11540,0
11541,1
11542,0
11543,3
11544,0
11545,4
11546,0
11547,0
11548,3
11549,0
11550,4
11551,4
11552,4
11553,3
11554,4
11555,3
11556,4
11557,0
11558,0
11559,0
11560,4
11561,0
11562,0
11563,4
11564,0
11565,0
11566,0
11567,0
11568,0
11569,0
11570,0
11571,3
11572,4
11573,0
11574,0
11575,4
11576,0
11577,0
11578,3
11579,4
11580,3
11581,0
11582,0
11583,4
11584,4
11585,4
11586,1
11587,3
11588,3
11589,1
11590,4
11591,3
11592,3
11593,3
11594,3
11595,3
11596,0
11597,3
11598,4
11599,4
11600,3
11601,3
11602,0
11603,3
11604,3
11605,3
11606,3
11607,0
11608,0
11609,3
11610,0
11611,0
11612,3
11613,3
11614,3
11615,1
11616,0
11617,3
11618,4
11619,3
11620,0
11621,3
11622,3
11623,3
11624,1
11625,1
11626,0
11627,1
11628,3
11629,3
11630,1
11631,4
11632,3
11633,4
11634,3
11635,4
11636,0
11637,0
11638,3
11639,3
11640,4
11641,4
11642,4
11643,0
11644,4
11645,0
11646,3
11647,3
11648,4
11649,4
11650,3
11651,0
11652,3
11653,3
11654,3
11655,3
11656,3
11657,3
11658,0
11659,3
11660,0
11661,1
11662,3
11663,0
11664,3
11665,3
11666,3
11667,4
11668,4
11669,4
11670,3
11671,4
11672,4
11673,4
11674,3
11675,4
11676,3
11677,4
11678,3
11679,0
11680,0
11681,0
11682,0
11683,3
11684,3
11685,3
11686,3
11687,3
11688,3
11689,3
11690,3
11691,0
11692,0
11693,0
11694,0
11695,0
11696,1
11697,1
11698,3
11699,0
11700,3
11701,3
11702,3
11703,3
11704,3
11705,4
11706,4
11707,0
11708,0
11709,4
11710,0
11711,3
11712,3
11713,4
11714,0
11715,0
11716,0
11717,1
11718,4
11719,0
11720,3
11721,1
11722,0
11723,3
11724,1
11725,4
11726,4
11727,3
11728,0
11729,0
11730,0
11731,3
11732,1
11733,4
11734,0
11735,1
11736,0
11737,0
11738,0
11739,3
11740,3
11741,3
11742,3
11743,4
11744,3
11745,3
11746,3
11747,3
11748,1
11749,3
11750,3
11751,3
11752,3
11753,3
11754,3
11755,4
11756,3
11757,3
11758,3
11759,3
11760,0
11761,0
11762,3
11763,3
11764,3
11765,3
11766,3
11767,3
11768,3
11769,0
11770,3
11771,3
11772,3
11773,3
11774,3
11775,3
11776,0
11777,3
11778,1
11779,3
11780,3
11781,1
11782,3
11783,4
11784,0
11785,3
11786,0
11787,4
11788,4
11789,1
11790,1
11791,0
11792,3
11793,4
11794,3
11795,3
11796,4
11797,0
11798,3
11799,0
11800,0
11801,3
11802,4
11803,4
11804,4
11805,4
11806,4
11807,3
11808,0
11809,0
11810,4
11811,3
11812,3
11813,4
11814,1
11815,4
11816,1
11817,1
11818,1
11819,4
11820,3
11821,3
11822,3
11823,1
11824,0
11825,0
11826,4
11827,3
11828,3
11829,4
11830,3
11831,0
11832,3
11833,3
11834,4
11835,1
11836,0
11837,0
11838,3
11839,3
11840,3
11841,4
11842,3
11843,4
11844,1
11845,3
11846,3
11847,4
11848,1
11849,4
11850,1
11851,1
11852,0
11853,4
11854,4
11855,3
11856,3
11857,3
11858,3
11859,3
11860,0
11861,3
11862,4
11863,1
11864,4
11865,3
11866,0
11867,0
11868,4
11869,1
11870,3
11871,4
11872,4
11873,3
11874,0
11875,0
11876,3
11877,3
11878,3
11879,3
11880,4
11881,0
11882,0
11883,0
11884,3
11885,3
11886,4
11887,3
11888,0
11889,4
11890,1
11891,4
11892,4
11893,3
11894,3
11895,3
11896,0
11897,0
11898,3
11899,4
11900,3
11901,3
11902,3
11903,3
11904,4
11905,4
11906,3
11907,0
11908,3
11909,0
11910,0
11911,0
11912,1
11913,4
11914,3
11915,0
11916,0
11917,0
11918,4
11919,4
11920,4
11921,0
11922,4
11923,4
11924,0
11925,0
11926,0
11927,3
11928,0
11929,3
11930,3
11931,3
11932,3
11933,0
11934,0
11935,3
11936,0
11937,0
11938,3
11939,3
11940,3
11941,3
11942,4
11943,0
11944,4
11945,0
11946,4
11947,4
11948,3
11949,1
11950,3
11951,3
11952,3
11953,3
11954,3
11955,0
11956,3
11957,3
11958,0
11959,3
11960,3
11961,3
11962,3
11963,3
11964,3
11965,3
11966,3
11967,3
11968,4
11969,3
11970,0
11971,0
11972,4
11973,3
11974,4
11975,4
11976,3
11977,4
11978,4
11979,3
11980,3
11981,0
11982,3
11983,0
11984,1
11985,3
11986,3
11987,3
11988,3
11989,3
11990,4
11991,4
11992,4
11993,4
11994,3
11995,4
11996,4
11997,3
11998,3
11999,3
12000,3
12001,3
12002,4
12003,4
12004,0
12005,1
12006,1
12007,0
12008,1
12009,4
12010,1
12011,3
12012,3
12013,3
12014,3
12015,1
12016,0
12017,0
12018,0
12019,0
12020,3
12021,0
12022,3
12023,0
12024,3
12025,3
12026,3
12027,4
12028,4
12029,3
12030,3
12031,3
12032,3
12033,3
12034,3
12035,3
12036,0
12037,3
12038,4
12039,3
12040,0
12041,0
12042,0
12043,0
12044,3
12045,4
12046,4
12047,0
12048,4
12049,3
12050,3
12051,3
12052,3
12053,4
12054,3
12055,3
12056,3
12057,0
12058,0
12059,4
12060,0
12061,0
12062,3
12063,3
12064,4
12065,4
12066,3
12067,3
12068,3
12069,3
12070,4
12071,4
12072,3
12073,3
12074,1
12075,3
12076,3
12077,3
12078,3
12079,0
12080,3
12081,0
12082,0
12083,0
12084,0
12085,3
12086,3
12087,3
12088,3
12089,4
12090,0
12091,3
12092,0
12093,3
12094,3
12095,3
12096,3
12097,3
12098,4
12099,1
12100,0
12101,4
12102,0
12103,4
12104,4
12105,4
12106,4
12107,4
12108,4
12109,4
12110,4
12111,0
12112,0
12113,4
12114,0
12115,0
12116,4
12117,4
12118,4
12119,0
12120,0
12121,0
12122,0
12123,4
12124,0
12125,0
12126,0
12127,0
12128,4
12129,4
12130,4
12131,3
12132,4
12133,4
12134,0
12135,0
12136,0
12137,0
12138,3
12139,0
12140,3
12141,3
12142,0
12143,3
12144,3
12145,4
12146,0
12147,0
12148,4
12149,3
12150,4
12151,4
12152,3
12153,4
12154,4
12155,4
12156,4
12157,4
12158,0
12159,0
12160,4
12161,4
12162,4
12163,0
12164,3
12165,4
12166,4
12167,4
12168,4
12169,4
12170,4
12171,4
12172,0
12173,1
12174,4
12175,3
12176,4
12177,3
12178,1
12179,3
12180,3
12181,3
12182,3
12183,0
12184,0
12185,0
12186,0
12187,0
12188,0
12189,0
12190,0
12191,1
12192,4
12193,4
12194,0
12195,0
12196,3
12197,3
12198,3
12199,0
12200,0
12201,0
12202,0
12203,3
12204,4
12205,3
12206,3
12207,4
12208,4
12209,3
12210,3
12211,4
12212,0
12213,4
12214,4
12215,4
12216,3
12217,0
12218,4
12219,3
12220,4
12221,4
12222,3
12223,3
12224,0
12225,3
12226,4
12227,4
12228,0
12229,4
12230,4
12231,4
12232,1
12233,4
12234,4
12235,4
12236,1
12237,4
12238,1
12239,4
12240,0
12241,0
12242,0
12243,4
12244,4
12245,3
12246,3
12247,4
12248,3
12249,4
12250,4
12251,4
12252,4
12253,4
12254,0
12255,3
12256,0
12257,4
12258,3
12259,4
12260,3
12261,4
12262,4
12263,0
12264,0
12265,0
12266,4
12267,4
12268,4
12269,4
12270,4
12271,0
12272,0
12273,0
12274,4
12275,4
12276,4
12277,3
12278,4
12279,4
12280,0
12281,3
12282,0
12283,0
12284,1
12285,1
12286,4
12287,4
12288,4
12289,4
12290,4
12291,4
12292,0
12293,0
12294,4
12295,3
12296,3
12297,4
12298,4
12299,3
12300,0
12301,0
12302,4
12303,4
12304,0
12305,4
12306,4
12307,1
12308,4
12309,0
12310,4
12311,0
12312,0
12313,0
12314,0
12315,3
12316,4
12317,4
12318,0
12319,3
12320,4
12321,3
12322,4
12323,4
12324,3
12325,1
12326,1
12327,4
12328,4
12329,4
12330,3
12331,0
12332,4
12333,4
12334,0
12335,4
12336,4
12337,4
12338,4
12339,4
12340,4
12341,4
12342,1
12343,1
12344,4
12345,3
12346,4
12347,4
12348,4
12349,3
12350,3
12351,4
12352,3
12353,0
12354,0
12355,0
12356,0
12357,4
12358,0
12359,3
12360,0
12361,4
12362,4
12363,0
12364,3
12365,4
12366,4
12367,4
12368,4
12369,4
12370,3
12371,0
12372,3
12373,1
12374,3
12375,3
12376,1
12377,3
12378,1
12379,0
12380,0
12381,3
12382,3
12383,4
12384,0
12385,1
12386,4
12387,0
12388,3
12389,3
12390,4
12391,4
12392,3
12393,4
12394,4
12395,4
12396,3
12397,1
12398,1
12399,4
12400,1
12401,1
12402,1
12403,3
12404,1
12405,1
12406,1
12407,1
12408,4
12409,1
12410,1
12411,1
12412,1
12413,1
12414,1
12415,1
12416,1
12417,1
12418,1
12419,4
12420,4
12421,4
12422,4
12423,1
12424,1
12425,3
12426,0
12427,0
12428,4
12429,4
12430,0
12431,0
12432,0
12433,4
12434,4
12435,0
12436,3
12437,4
12438,3
12439,0
12440,0
12441,3
12442,0
12443,4
12444,0
12445,3
12446,0
12447,3
12448,3
12449,0
12450,1
12451,0
12452,3
12453,0
12454,3
12455,3
12456,3
12457,3
12458,3
12459,0
12460,4
12461,0
12462,4
12463,3
12464,4
12465,3
12466,3
12467,3
12468,3
12469,3
12470,3
12471,4
12472,4
12473,1
12474,1
12475,3
12476,4
12477,4
12478,3
12479,4
12480,1
12481,3
12482,3
12483,3
12484,3
12485,0
12486,3
12487,0
12488,0
12489,0
12490,3
12491,3
12492,1
12493,3
12494,3
12495,3
12496,0
12497,0
12498,0
12499,0
12500,3
12501,1
12502,3
12503,4
12504,1
12505,1
12506,3
12507,1
12508,3
12509,0
12510,4
12511,3
12512,4
12513,3
12514,4
12515,4
12516,3
12517,1
12518,4
12519,1
12520,0
12521,0
12522,0
12523,0
12524,3
12525,0
12526,1
12527,1
12528,0
12529,3
12530,1
12531,3
12532,0
12533,4
12534,0
12535,3
12536,1
12537,3
12538,0
12539,3
12540,3
12541,3
12542,4
12543,3
12544,0
12545,3
12546,0
12547,3
12548,3
12549,3
12550,4
12551,0
12552,3
12553,3
12554,3
12555,4
12556,3
12557,3
12558,0
12559,3
12560,4
12561,0
12562,4
12563,3
12564,3
12565,4
12566,4
12567,3
12568,1
12569,4
12570,3
12571,1
12572,1
12573,4
12574,3
12575,4
12576,3
12577,3
12578,3
12579,1
12580,3
12581,1
12582,1
12583,0
12584,3
12585,0
12586,4
12587,4
12588,1
12589,4
12590,4
12591,4
12592,4
12593,4
12594,3
12595,0
12596,4
12597,0
12598,0
12599,0
12600,0
12601,4
12602,0
12603,1
12604,3
12605,4
12606,3
12607,0
12608,1
12609,1
12610,0
12611,3
12612,0
12613,0
12614,3
12615,4
12616,3
12617,3
12618,4
12619,3
12620,4
12621,3
12622,4
12623,0
12624,0
12625,3
12626,3
12627,4
12628,1
12629,4
12630,4
12631,4
12632,4
12633,4
12634,1
12635,3
12636,4
12637,4
12638,0
12639,1
12640,1
12641,1
12642,1
12643,0
12644,4
12645,4
12646,1
12647,4
12648,3
12649,0
12650,1
12651,4
12652,0
12653,1
12654,3
12655,1
12656,0
12657,0
12658,4
12659,4
12660,4
12661,3
12662,0
12663,0
12664,1
12665,1
12666,0
12667,1
12668,3
12669,0
12670,3
12671,4
12672,1
12673,4
12674,0
12675,0
12676,1
12677,1
12678,1
12679,1
12680,4
12681,3
12682,3
12683,3
12684,1
12685,0
12686,0
12687,1
12688,0
12689,1
12690,0
12691,1
12692,1
12693,3
12694,0
12695,0
12696,3
12697,3
12698,0
12699,3
12700,3
12701,1
12702,3
12703,0
12704,3
12705,4
12706,4
12707,4
12708,3
12709,3
12710,4
12711,4
12712,3
12713,4
12714,1
12715,3
12716,3
12717,3
12718,4
12719,4
12720,1
12721,0
12722,0
12723,0
12724,3
12725,3
12726,4
12727,3
12728,1
12729,1
12730,1
12731,0
12732,4
12733,4
12734,4
12735,0
12736,1
12737,0
12738,3
12739,4
12740,3
12741,0
12742,0
12743,4
12744,4
12745,3
12746,1
12747,0
12748,3
12749,4
12750,3
12751,4
12752,3
12753,4
12754,4
12755,4
12756,3
12757,0
12758,3
12759,3
12760,1
12761,4
12762,4
12763,4
12764,4
12765,0
12766,3
12767,3
12768,3
12769,0
12770,3
12771,3
12772,4
12773,3
12774,1
12775,1
12776,0
12777,0
12778,4
12779,0
12780,0
12781,0
12782,3
12783,4
12784,4
12785,0
12786,1
12787,3
12788,0
12789,4
12790,3
12791,3
12792,0
12793,0
12794,1
12795,1
12796,3
12797,0
12798,4
12799,4
12800,1
12801,1
12802,4
12803,0
12804,1
12805,1
12806,0
12807,1
12808,0
12809,4
12810,3
12811,4
12812,0
12813,4
12814,0
12815,0
12816,4
12817,3
12818,4
12819,3
12820,0
12821,4
12822,0
12823,3
12824,1
12825,1
12826,0
12827,4
12828,1
12829,3
12830,1
12831,4
12832,4
12833,4
12834,4
12835,1
12836,1
12837,0
12838,0
12839,0
12840,3
12841,4
12842,0
12843,0
12844,1
12845,3
12846,0
12847,3
12848,4
12849,0
12850,4
12851,4
12852,3
12853,0
12854,4
12855,4
12856,4
12857,1
12858,0
12859,3
12860,3
12861,3
12862,4
12863,0
12864,3
12865,3
12866,1
12867,3
12868,0
12869,4
12870,0
12871,4
12872,0
12873,3
12874,3
12875,3
12876,3
12877,0
12878,3
12879,3
12880,3
12881,4
12882,4
12883,4
12884,0
12885,3
12886,3
12887,3
12888,3
12889,1
12890,3
12891,0
12892,3
12893,3
12894,3
12895,3
12896,3
12897,4
12898,1
12899,3
12900,1
12901,3
12902,3
12903,3
12904,4
12905,3
12906,0
12907,3
12908,3
12909,3
12910,3
12911,0
12912,0
12913,3
12914,3
12915,0
12916,3
12917,4
12918,4
12919,3
12920,3
12921,2
12922,3
12923,0
12924,3
12925,0
12926,1
12927,0
12928,0
12929,0
12930,3
12931,3
12932,1
12933,1
12934,1
12935,1
12936,1
12937,1
12938,1
12939,1
12940,1
12941,1
12942,1
12943,1
12944,1
12945,1
12946,1
12947,3
12948,0
12949,3
12950,3
12951,3
12952,3
12953,3
12954,3
12955,1
12956,3
12957,3
12958,0
12959,4
12960,0
12961,0
12962,4
12963,3
12964,3
12965,3
12966,3
12967,4
12968,3
12969,0
12970,3
12971,3
12972,3
12973,0
12974,3
12975,4
12976,4
12977,4
12978,0
12979,3
12980,3
12981,4
12982,4
12983,3
12984,0
12985,0
12986,4
12987,4
12988,3
12989,1
12990,1
12991,1
12992,4
12993,3
12994,3
12995,4
12996,3
12997,4
12998,4
12999,3
13000,3
13001,0
13002,4
13003,0
13004,3
13005,4
13006,4
13007,3
13008,3
13009,3
13010,3
13011,3
13012,4
13013,4
13014,4
13015,4
13016,3
13017,3
13018,3
13019,3
13020,4
13021,4
13022,4
13023,3
13024,3
13025,4
13026,3
13027,3
13028,1
13029,1
13030,3
13031,3
13032,3
13033,3
13034,3
13035,3
13036,3
13037,3
13038,3
13039,3
13040,3
13041,1
13042,0
13043,3
13044,3
13045,1
13046,0
13047,0
13048,3
13049,3
13050,3
13051,3
13052,3
13053,3
13054,3
13055,0
13056,3
13057,3
13058,3
13059,3
13060,3
13061,3
13062,3
13063,3
13064,4
13065,3
13066,3
13067,3
13068,0
13069,3
13070,3
13071,3
13072,3
13073,3
13074,4
13075,4
13076,4
13077,4
13078,4
13079,4
13080,3
13081,3
13082,3
13083,3
13084,3
13085,0
13086,1
13087,1
13088,4
13089,1
13090,1
13091,1
13092,1
13093,1
13094,3
13095,0
13096,3
13097,4
13098,3
13099,0
13100,3
13101,3
13102,0
13103,4
13104,3
13105,3
13106,3
13107,1
13108,0
13109,3
13110,4
13111,3
13112,4
13113,4
13114,3
13115,1
13116,1
13117,3
13118,4
13119,3
13120,0
13121,1
13122,3
13123,3
13124,4
13125,4
13126,0
13127,0
13128,0
13129,4
13130,3
13131,4
13132,0
13133,3
13134,4
13135,3
13136,3
13137,0
13138,0
13139,0
13140,3
13141,3
13142,4
13143,3
13144,0
13145,4
13146,3
13147,0
13148,3
13149,3
13150,4
13151,3
13152,4
13153,0
13154,3
13155,1
13156,1
13157,3
13158,4
13159,4
13160,3
13161,3
13162,3
13163,3
13164,3
13165,4
13166,1
13167,4
13168,1
13169,1
13170,4
13171,1
13172,4
13173,3
13174,3
13175,1
13176,3
13177,3
13178,3
13179,3
13180,3
13181,0
13182,0
13183,3
13184,0
13185,0
13186,3
13187,3
13188,3
13189,3
13190,3
13191,3
13192,1
13193,1
13194,3
13195,1
13196,1
13197,3
13198,3
13199,3
13200,4
13201,3
13202,3
13203,3
13204,0
13205,3
13206,0
13207,3
13208,0
13209,0
13210,0
13211,3
13212,3
13213,3
13214,3
13215,3
13216,3
13217,1
13218,3
13219,3
13220,4
13221,3
13222,3
13223,3
13224,1
13225,3
13226,3
13227,4
13228,0
13229,1
13230,3
13231,3
13232,0
13233,3
13234,3
13235,3
13236,3
13237,0
13238,3
13239,4
13240,3
13241,1
13242,0
13243,3
13244,1
13245,4
13246,4
13247,4
13248,1
13249,4
13250,1
13251,4
13252,4
13253,4
13254,4
13255,4
13256,4
13257,4
13258,4
13259,0
13260,4
13261,3
13262,3
13263,1
13264,1
13265,0
13266,1
13267,3
13268,0
13269,3
13270,0
13271,3
13272,0
13273,3
13274,4
13275,4
13276,4
13277,4
13278,0
13279,0
13280,4
13281,4
13282,4
13283,0
13284,3
13285,1
13286,1
13287,1
13288,0
13289,3
13290,3
13291,3
13292,0
13293,0
13294,0
13295,0
13296,4
13297,0
13298,4
13299,4
13300,0
13301,0
13302,0
13303,3
13304,4
13305,4
13306,4
13307,4
13308,0
13309,0
13310,3
13311,3
13312,4
13313,0
13314,0
13315,3
13316,1
13317,3
13318,3
13319,3
13320,1
13321,1
13322,3
13323,3
13324,1
13325,3
13326,0
13327,3
13328,3
13329,0
13330,3
13331,3
13332,3
13333,3
13334,3
13335,3
13336,1
13337,3
13338,0
13339,4
13340,4
13341,4
13342,4
13343,0
13344,0
13345,0
13346,0
13347,0
13348,3
13349,3
13350,4
13351,4
13352,3
13353,3
13354,3
13355,0
13356,4
13357,1
13358,0
13359,1
13360,3
13361,0
13362,4
13363,3
13364,3
13365,0
13366,0
13367,3
13368,3
13369,1
13370,3
13371,3
13372,3
13373,3
13374,3
13375,3
13376,1
13377,0
13378,3
13379,4
13380,3
13381,1
13382,3
13383,1
13384,1
13385,3
13386,3
13387,4
13388,4
13389,4
13390,4
13391,3
13392,4
13393,4
13394,4
13395,4
13396,4
13397,4
13398,3
13399,3
13400,0
13401,3
13402,4
13403,3
13404,3
13405,3
13406,3
13407,3
13408,0
13409,4
13410,0
13411,3
13412,3
13413,4
13414,4
13415,4
13416,3
13417,3
13418,4
13419,3
13420,3
13421,0
13422,0
13423,3
13424,3
13425,0
13426,4
13427,0
13428,0
13429,3
13430,3
13431,3
13432,3
13433,4
13434,3
13435,0
13436,4
13437,4
13438,4
13439,4
13440,4
13441,3
13442,3
13443,3
13444,3
13445,3
13446,3
13447,3
13448,3
13449,3
13450,3
13451,3
13452,0
13453,0
13454,3
13455,4
13456,4
13457,4
13458,3
13459,1
13460,0
13461,0
13462,0
13463,0
13464,0
13465,3
13466,4
13467,4
13468,3
13469,3
13470,0
13471,4
13472,3
13473,0
13474,3
13475,0
13476,3
13477,0
13478,3
13479,0
13480,0
13481,0
13482,3
13483,3
13484,3
13485,0
13486,3
13487,4
13488,1
13489,1
13490,4
13491,3
13492,3
13493,3
13494,3
13495,3
13496,3
13497,3
13498,1
13499,3
13500,3
13501,3
13502,0
13503,3
13504,3
13505,0
13506,3
13507,1
13508,0
13509,0
13510,0
13511,0
13512,0
13513,4
13514,3
13515,0
13516,0
13517,3
13518,3
13519,3
13520,3
13521,3
13522,3
13523,1
13524,3
13525,0
13526,3
13527,1
13528,4
13529,1
13530,1
13531,4
13532,4
13533,3
13534,1
13535,1
13536,3
13537,3
13538,3
13539,3
13540,0
13541,3
13542,0
13543,1
13544,3
13545,4
13546,4
13547,4
13548,4
13549,4
13550,3
13551,3
13552,4
13553,3
13554,1
13555,1
13556,4
13557,0
13558,0
13559,3
13560,1
13561,1
13562,4
13563,4
13564,4
13565,3
13566,3
13567,3
13568,3
13569,3
13570,3
13571,3
13572,3
13573,0
13574,4
13575,3
13576,4
13577,4
13578,4
13579,0
13580,0
13581,4
13582,0
13583,4
13584,3
13585,3
13586,3
13587,4
13588,3
13589,0
13590,1
13591,1
13592,1
13593,1
13594,0
13595,4
13596,3
13597,1
13598,3
13599,0
13600,3
13601,3
13602,4
13603,3
13604,4
13605,3
13606,1
13607,4
13608,3
13609,1
13610,1
13611,1
13612,1
13613,2
13614,0
13615,0
13616,0
13617,4
13618,4
13619,3
13620,0
13621,4
13622,4
13623,3
13624,4
13625,4
13626,4
13627,3
13628,3
13629,3
13630,3
13631,2
13632,1
13633,3
13634,3
13635,4
13636,3
13637,4
13638,0
13639,0
13640,4
13641,4
13642,3
13643,1
13644,0
13645,3
13646,4
13647,4
13648,3
13649,3
13650,4
13651,4
13652,0
13653,0
13654,0
13655,1
13656,3
13657,3
13658,3
13659,0
13660,0
13661,0
13662,3
13663,0
13664,1
13665,0
13666,0
13667,3
13668,3
13669,1
13670,0
13671,0
13672,1
13673,4
13674,1
13675,0
13676,0
13677,0
13678,0
13679,3
13680,0
13681,0
13682,4
13683,4
13684,4
13685,0
13686,3
13687,1
13688,4
13689,4
13690,4
13691,4
13692,3
13693,4
13694,4
13695,3
13696,3
13697,3
13698,3
13699,3
13700,0
13701,0
13702,0
13703,3
13704,3
13705,3
13706,2
13707,3
13708,4
13709,4
13710,4
13711,0
13712,0
13713,0
13714,4
13715,3
13716,3
13717,4
13718,4
13719,4
13720,4
13721,4
13722,4
13723,4
13724,4
13725,3
13726,3
13727,4
13728,4
13729,4
13730,4
13731,4
13732,4
13733,0
13734,0
13735,0
13736,0
13737,4
13738,0
13739,4
13740,3
13741,0
13742,0
13743,0
13744,4
13745,0
13746,1
13747,0
13748,4
13749,0
13750,0
13751,4
13752,4
13753,4
13754,4
13755,3
13756,1
13757,1
13758,0
13759,0
13760,0
13761,1
13762,0
13763,0
13764,0
13765,0
13766,4
13767,4
13768,4
13769,4
13770,0
13771,0
13772,0
13773,0
13774,3
13775,1
13776,3
13777,1
13778,0
13779,3
13780,3
13781,3
13782,3
13783,0
13784,4
13785,3
13786,3
13787,3
13788,1
13789,0
13790,3
13791,3
13792,3
13793,3
13794,3
13795,3
13796,3
13797,3
13798,3
13799,3
13800,3
13801,3
13802,3
13803,0
13804,3
13805,0
13806,0
13807,3
13808,4
13809,0
13810,4
13811,4
13812,0
13813,3
13814,4
13815,4
13816,3
13817,4
13818,4
13819,3
13820,4
13821,1
13822,4
13823,3
13824,4
13825,4
13826,4
13827,0
13828,1
13829,1
13830,3
13831,3
13832,3
13833,1
13834,0
13835,0
13836,4
13837,4
13838,0
13839,1
13840,0
13841,4
13842,3
13843,3
13844,3
13845,4
13846,0
13847,1
13848,3
13849,0
13850,1
13851,4
13852,4
13853,4
13854,4
13855,3
13856,3
13857,1
13858,3
13859,3
13860,3
13861,3
13862,3
13863,1
13864,4
13865,3
13866,4
13867,3
13868,0
13869,0
13870,1
13871,1
13872,1
13873,4
13874,3
13875,1
13876,3
13877,3
13878,4
13879,4
13880,3
13881,4
13882,0
13883,0
13884,3
13885,4
13886,3
13887,3
13888,3
13889,4
13890,4
13891,4
13892,3
13893,3
13894,3
13895,3
13896,3
13897,4
13898,1
13899,0
13900,0
13901,3
13902,3
13903,3
13904,3
13905,3
13906,1
13907,1
13908,1
13909,0
13910,1
13911,1
13912,1
13913,1
13914,4
13915,1
13916,1
13917,1
13918,1
13919,1
13920,1
13921,1
13922,1
13923,1
13924,1
13925,1
13926,1
13927,1
13928,1
13929,1
13930,1
13931,1
13932,1
13933,1
13934,4
13935,1
13936,3
13937,1
13938,0
13939,3
13940,0
13941,1
13942,4
13943,0
13944,1
13945,3
13946,3
13947,0
13948,3
13949,4
13950,3
13951,4
13952,1
13953,4
13954,3
13955,3
13956,3
13957,4
13958,3
13959,4
13960,0
13961,3
13962,4
13963,0
13964,4
13965,3
13966,4
13967,0
13968,3
13969,3
13970,0
13971,4
13972,4
13973,4
13974,4
13975,4
13976,4
13977,3
13978,1
13979,3
13980,3
13981,3
13982,0
13983,1
13984,1
13985,0
13986,3
13987,0
13988,0
13989,0
13990,0
13991,3
13992,3
13993,4
13994,0
13995,1
13996,3
13997,3
13998,0
13999,0
14000,0
14001,0
14002,0
14003,0
14004,4
14005,3
14006,0
14007,4
14008,3
14009,3
14010,3
14011,4
14012,0
14013,3
14014,3
14015,1
14016,1
14017,1
14018,3
14019,3
14020,3
14021,3
14022,0
14023,0
14024,4
14025,3
14026,0
14027,4
14028,4
14029,4
14030,0
14031,1
14032,0
14033,4
14034,3
14035,3
14036,4
14037,0
14038,4
14039,3
14040,3
14041,3
14042,4
14043,0
14044,3
14045,3
14046,0
14047,0
14048,4
14049,3
14050,3
14051,4
14052,4
14053,4
14054,0
14055,3
14056,0
14057,1
14058,0
14059,0
14060,4
14061,0
14062,0
14063,0
14064,0
14065,0
14066,0
14067,0
14068,0
14069,0
14070,0
14071,3
14072,4
14073,3
14074,3
14075,0
14076,0
14077,0
14078,0
14079,0
14080,0
14081,0
14082,3
14083,3
14084,0
14085,1
14086,1
14087,0
14088,0
14089,3
14090,3
14091,4
14092,3
14093,4
14094,4
14095,3
14096,1
14097,0
14098,1
14099,1
14100,0
14101,1
14102,4
14103,3
14104,0
14105,0
14106,3
14107,3
14108,3
14109,3
14110,3
14111,3
14112,1
14113,3
14114,3
14115,3
14116,3
14117,1
14118,3
14119,3
14120,3
14121,0
14122,3
14123,3
14124,3
14125,3
14126,0
14127,3
14128,1
14129,3
14130,3
14131,3
14132,3
14133,3
14134,3
14135,3
14136,1
14137,0
14138,0
14139,3
14140,3
14141,1
14142,0
14143,3
14144,3
14145,3
14146,3
14147,3
14148,3
14149,4
14150,3
14151,3
14152,3
14153,3
14154,3
14155,3
14156,0
14157,3
14158,3
14159,3
14160,0
14161,0
14162,0
14163,0
14164,0
14165,0
14166,1
14167,3
14168,4
14169,0
14170,0
14171,0
14172,3
14173,3
14174,0
14175,1
14176,3
14177,0
14178,3
14179,4
14180,3
14181,3
14182,3
14183,4
14184,3
14185,3
14186,3
14187,3
14188,3
14189,4
14190,3
14191,3
14192,3
14193,3
14194,3
14195,4
14196,3
14197,3
14198,4
14199,3
14200,0
14201,3
14202,4
14203,3
14204,0
14205,0
14206,3
14207,3
14208,4
14209,4
14210,1
14211,1
14212,1
14213,0
14214,3
14215,1
14216,3
14217,4
14218,1
14219,4
14220,3
14221,3
14222,0
14223,4
14224,3
14225,0
14226,4
14227,3
14228,4
14229,4
14230,4
14231,4
14232,0
14233,4
14234,4
14235,0
14236,4
14237,4
14238,3
14239,3
14240,3
14241,4
14242,4
14243,3
14244,4
14245,3
14246,4
14247,1
14248,4
14249,4
14250,3
14251,0
14252,0
14253,1
14254,3
14255,3
14256,1
14257,3
14258,0
14259,3
14260,3
14261,1
14262,0
14263,4
14264,0
14265,3
14266,3
14267,4
14268,3
14269,0
14270,3
14271,3
14272,4
14273,0
14274,4
14275,3
14276,4
14277,1
14278,0
14279,1
14280,0
14281,3
14282,3
14283,0
14284,3
14285,3
14286,3
14287,3
14288,0
14289,1
14290,3
14291,3
14292,0
14293,0
14294,0
14295,0
14296,0
14297,0
14298,1
14299,3
14300,3
14301,3
14302,3
14303,0
14304,3
14305,3
14306,3
14307,3
14308,3
14309,3
14310,3
14311,1
14312,4
14313,1
14314,3
14315,1
14316,3
14317,0
14318,3
14319,0
14320,1
14321,3
14322,4
14323,3
14324,3
14325,0
14326,0
14327,3
14328,3
14329,4
14330,0
14331,3
14332,0
14333,3
14334,3
14335,0
14336,3
14337,0
14338,0
14339,0
14340,0
14341,0
14342,0
14343,0
14344,0
14345,0
14346,0
14347,0
14348,0
14349,0
14350,0
14351,4
14352,0
14353,0
14354,0
14355,0
14356,0
14357,0
14358,0
14359,1
14360,0
14361,4
14362,0
14363,0
14364,3
14365,4
14366,4
14367,4
14368,4
14369,3
14370,4
14371,4
14372,3
14373,0
14374,3
14375,3
14376,3
14377,0
14378,0
14379,3
14380,0
14381,3
14382,0
14383,4
14384,0
14385,4
14386,4
14387,4
14388,3
14389,0
14390,0
14391,0
14392,0
14393,0
14394,3
14395,0
14396,0
14397,4
14398,0
14399,0
14400,0
14401,3
14402,0
14403,0
14404,0
14405,0
14406,0
14407,0
14408,4
14409,4
14410,3
14411,0
14412,0
14413,0
14414,0
14415,0
14416,4
14417,4
14418,0
14419,0
14420,3
14421,3
14422,3
14423,0
14424,3
14425,3
14426,3
14427,3
14428,4
14429,0
14430,0
14431,1
14432,0
14433,4
14434,0
14435,1
14436,0
14437,0
14438,0
14439,0
14440,0
14441,0
14442,0
14443,0
14444,0
14445,0
14446,0
14447,0
14448,3
14449,4
14450,4
14451,0
14452,0
14453,0
14454,4
14455,0
14456,0
14457,0
14458,0
14459,0
14460,0
14461,0
14462,0
14463,3
14464,0
14465,1
14466,0
14467,1
14468,0
14469,3
14470,3
14471,3
14472,3
14473,4
14474,1
14475,4
14476,3
14477,0
14478,0
14479,4
14480,3
14481,3
14482,3
14483,4
14484,3
14485,4
14486,3
14487,3
14488,3
14489,3
14490,0
14491,0
14492,3
14493,3
14494,0
14495,0
14496,3
14497,4
14498,4
14499,4
14500,4
14501,3
14502,0
14503,0
14504,3
14505,4
14506,1
14507,4
14508,3
14509,3
14510,0
14511,0
14512,0
14513,4
14514,3
14515,3
14516,4
14517,4
14518,4
14519,4
14520,4
14521,3
14522,3
14523,3
14524,3
14525,4
14526,4
14527,4
14528,3
14529,3
14530,3
14531,0
14532,3
14533,0
14534,3
14535,4
14536,3
14537,4
14538,3
14539,3
14540,3
14541,4
14542,0
14543,4
14544,0
14545,3
14546,0
14547,4
14548,0
14549,0
14550,3
14551,0
14552,0
14553,4
14554,3
14555,0
14556,3
14557,4
14558,3
14559,0
14560,0
14561,4
14562,3
14563,3
14564,0
14565,3
14566,3
14567,0
14568,0
14569,3
14570,3
14571,3
14572,0
14573,3
14574,0
14575,0
14576,0
14577,0
14578,0
14579,3
14580,3
14581,0
14582,0
14583,0
14584,3
14585,3
14586,4
14587,3
14588,3
14589,3
14590,3
14591,3
14592,3
14593,3
14594,3
14595,4
14596,4
14597,4
14598,0
14599,0
14600,3
14601,3
14602,0
14603,0
14604,0
14605,3
14606,0
14607,3
14608,4
14609,1
14610,3
14611,1
14612,3
14613,3
14614,3
14615,0
14616,3
14617,4
14618,4
14619,1
14620,1
14621,0
14622,1
14623,1
14624,1
14625,1
14626,3
14627,3
14628,3
14629,1
14630,3
14631,3
14632,3
14633,3
14634,3
14635,3
14636,3
14637,3
14638,3
14639,3
14640,3
14641,3
14642,3
14643,1
14644,0
14645,0
14646,3
14647,0
14648,3
14649,3
14650,3
14651,1
14652,1
14653,4
14654,1
14655,1
14656,0
14657,3
14658,3
14659,3
14660,3
14661,3
14662,3
14663,3
14664,1
14665,3
14666,3
14667,3
14668,3
14669,3
14670,0
14671,4
14672,4
14673,1
14674,1
14675,3
14676,3
14677,3
14678,3
14679,3
14680,3
14681,0
14682,3
14683,3
14684,3
14685,3
14686,3
14687,3
14688,0
14689,1
14690,3
14691,3
14692,0
14693,0
14694,0
14695,0
14696,0
14697,0
14698,3
14699,4
14700,0
14701,3
14702,3
14703,3
14704,3
14705,0
14706,3
14707,0
14708,3
14709,3
14710,3
14711,3
14712,3
14713,0
14714,4
14715,0
14716,1
14717,0
14718,1
14719,1
14720,3
14721,3
14722,0
14723,0
14724,0
14725,3
14726,3
14727,3
14728,3
14729,4
14730,3
14731,3
14732,0
14733,4
14734,3
14735,0
14736,3
14737,4
14738,3
14739,3
14740,3
14741,3
14742,3
14743,0
14744,0
14745,4
14746,1
14747,1
14748,1
14749,3
14750,3
14751,3
14752,4
14753,3
14754,0
14755,3
14756,1
14757,3
14758,3
14759,3
14760,0
14761,0
14762,3
14763,1
14764,0
14765,4
14766,0
14767,1
14768,3
14769,4
14770,0
14771,0
14772,0
14773,0
14774,3
14775,3
14776,3
14777,0
14778,3
14779,0
14780,3
14781,3
14782,3
14783,3
14784,3
14785,0
14786,1
14787,4
14788,4
14789,1
14790,3
14791,3
14792,3
14793,4
14794,4
14795,3
14796,4
14797,4
14798,3
14799,4
14800,3
14801,3
14802,3
14803,0
14804,0
14805,0
14806,0
14807,0
14808,3
14809,3
14810,1
14811,1
14812,3
14813,3
14814,0
14815,1
14816,3
14817,4
14818,1
14819,3
14820,0
14821,4
14822,0
14823,0
14824,1
14825,0
14826,3
14827,3
14828,1
14829,3
14830,3
14831,4
14832,0
14833,3
14834,0
14835,4
14836,4
14837,3
14838,3
14839,3
14840,3
14841,3
14842,3
14843,0
14844,3
14845,3
14846,3
14847,3
