sample_id,cluster
0,0
1,7
2,0
3,0
4,5
5,5
6,8
7,6
8,7
9,6
10,6
11,2
12,2
13,0
14,0
15,2
16,8
17,0
18,5
19,1
20,8
21,6
22,8
23,6
24,5
25,6
26,5
27,5
28,7
29,5
30,5
31,0
32,5
33,0
34,5
35,0
36,4
37,5
38,5
39,5
40,5
41,8
42,0
43,1
44,8
45,1
46,5
47,8
48,2
49,0
50,0
51,8
52,5
53,8
54,4
55,0
56,1
57,0
58,5
59,5
60,5
61,5
62,6
63,0
64,6
65,0
66,4
67,5
68,5
69,0
70,5
71,0
72,5
73,0
74,5
75,6
76,4
77,6
78,6
79,6
80,5
81,0
82,5
83,1
84,5
85,0
86,5
87,0
88,4
89,4
90,5
91,4
92,5
93,2
94,5
95,0
96,5
97,0
98,1
99,6
100,1
101,7
102,1
103,0
104,5
105,0
106,5
107,8
108,4
109,5
110,5
111,5
112,5
113,8
114,7
115,8
116,5
117,7
118,8
119,5
120,7
121,4
122,5
123,5
124,5
125,2
126,5
127,6
128,4
129,5
130,5
131,2
132,6
133,4
134,5
135,7
136,8
137,5
138,8
139,5
140,6
141,2
142,6
143,6
144,8
145,5
146,0
147,0
148,8
149,1
150,8
151,1
152,8
153,6
154,5
155,6
156,4
157,6
158,1
159,6
160,5
161,5
162,5
163,8
164,6
165,0
166,5
167,0
168,4
169,0
170,6
171,0
172,1
173,4
174,8
175,4
176,2
177,7
178,2
179,8
180,2
181,7
182,2
183,4
184,5
185,5
186,2
187,1
188,2
189,5
190,2
191,5
192,2
193,8
194,2
195,1
196,5
197,1
198,5
199,5
200,5
201,5
202,5
203,2
204,8
205,5
206,5
207,2
208,2
209,6
210,4
211,6
212,1
213,0
214,5
215,5
216,5
217,5
218,0
219,0
220,7
221,0
222,4
223,0
224,5
225,0
226,5
227,0
228,5
229,8
230,4
231,6
232,5
233,8
234,5
235,8
236,5
237,1
238,1
239,0
240,6
241,0
242,8
243,2
244,4
245,5
246,5
247,4
248,5
249,0
250,6
251,5
252,4
253,8
254,5
255,2
256,0
257,5
258,0
259,2
260,2
261,2
262,0
263,6
264,0
265,5
266,0
267,6
268,5
269,0
270,7
271,0
272,0
273,7
274,6
275,5
276,7
277,2
278,0
279,5
280,7
281,4
282,2
283,4
284,5
285,5
286,2
287,8
288,5
289,2
290,5
291,4
292,2
293,6
294,5
295,0
296,5
297,7
298,5
299,5
300,1
301,5
302,6
303,6
304,5
305,0
306,4
307,4
308,5
309,0
310,4
311,2
312,4
313,7
314,5
315,8
316,5
317,5
318,2
319,4
320,6
321,6
322,4
323,6
324,4
325,6
326,5
327,2
328,5
329,2
330,5
331,0
332,5
333,0
334,5
335,1
336,5
337,0
338,8
339,0
340,5
341,0
342,5
343,0
344,5
345,5
346,2
347,5
348,6
349,5
350,6
351,7
352,6
353,5
354,6
355,5
356,6
357,5
358,6
359,5
360,6
361,5
362,6
363,5
364,6
365,5
366,6
367,7
368,6
369,5
370,6
371,5
372,5
373,5
374,6
375,5
376,2
377,5
378,2
379,5
380,5
381,2
382,5
383,2
384,5
385,6
386,5
387,6
388,6
389,5
390,6
391,5
392,6
393,7
394,6
395,5
396,6
397,5
398,6
399,2
400,6
401,4
402,2
403,5
404,6
405,8
406,6
407,5
408,6
409,5
410,6
411,5
412,0
413,1
414,6
415,5
416,6
417,1
418,6
419,1
420,6
421,1
422,6
423,5
424,6
425,5
426,6
427,5
428,8
429,6
430,6
431,0
432,0
433,1
434,5
435,6
436,5
437,6
438,2
439,6
440,6
441,6
442,5
443,6
444,5
445,6
446,4
447,0
448,2
449,6
450,2
451,6
452,2
453,6
454,4
455,6
456,6
457,6
458,5
459,6
460,6
461,5
462,6
463,2
464,6
465,0
466,5
467,6
468,5
469,4
470,6
471,4
472,6
473,6
474,6
475,4
476,6
477,4
478,6
479,6
480,6
481,5
482,6
483,0
484,6
485,0
486,6
487,5
488,6
489,6
490,6
491,5
492,6
493,5
494,6
495,4
496,6
497,6
498,6
499,0
500,2
501,0
502,5
503,5
504,4
505,2
506,5
507,2
508,5
509,2
510,2
511,0
512,5
513,0
514,5
515,0
516,5
517,5
518,4
519,5
520,5
521,5
522,2
523,5
524,2
525,5
526,2
527,5
528,2
529,4
530,2
531,5
532,2
533,5
534,2
535,5
536,2
537,2
538,2
539,2
540,4
541,5
542,4
543,4
544,4
545,5
546,0
547,4
548,4
549,5
550,2
551,5
552,2
553,5
554,5
555,4
556,6
557,2
558,8
559,0
560,8
561,4
562,8
563,2
564,5
565,2
566,5
567,0
568,2
569,5
570,8
571,0
572,8
573,2
574,2
575,0
576,7
577,4
578,7
579,4
580,5
581,2
582,8
583,0
584,7
585,4
586,7
587,2
588,8
589,2
590,7
591,8
592,8
593,5
594,8
595,5
596,8
597,6
598,6
599,8
600,7
601,8
602,5
603,8
604,4
605,8
606,6
607,5
608,8
609,8
610,5
611,8
612,5
613,8
614,5
615,8
616,6
617,7
618,8
619,7
620,5
621,8
622,4
623,5
624,5
625,8
626,5
627,8
628,8
629,5
630,2
631,8
632,5
633,8
634,5
635,8
636,6
637,7
638,2
639,8
640,6
641,2
642,2
643,5
644,8
645,7
646,8
647,7
648,8
649,5
650,8
651,5
652,4
653,5
654,5
655,6
656,7
657,2
658,7
659,6
660,7
661,6
662,0
663,6
664,6
665,0
666,6
667,7
668,6
669,7
670,2
671,7
672,5
673,1
674,2
675,7
676,2
677,7
678,2
679,7
680,4
681,5
682,6
683,1
684,6
685,7
686,5
687,7
688,6
689,7
690,2
691,0
692,5
693,7
694,5
695,7
696,5
697,5
698,2
699,5
700,1
701,7
702,0
703,7
704,6
705,7
706,2
707,5
708,7
709,6
710,7
711,4
712,7
713,6
714,7
715,6
716,7
717,1
718,6
719,6
720,7
721,4
722,7
723,2
724,5
725,2
726,7
727,6
728,5
729,6
730,5
731,4
732,5
733,6
734,7
735,5
736,7
737,6
738,7
739,5
740,4
741,6
742,5
743,2
744,5
745,6
746,7
747,6
748,7
749,6
750,5
751,5
752,7
753,5
754,7
755,5
756,2
757,4
758,7
759,6
760,4
761,6
762,7
763,7
764,7
765,6
766,7
767,2
768,7
769,4
770,8
771,6
772,7
773,6
774,7
775,2
776,7
777,2
778,6
779,5
780,0
781,8
782,7
783,2
784,7
785,6
786,5
787,5
788,7
789,6
790,5
791,2
792,2
793,2
794,7
795,2
796,6
797,2
798,7
799,2
800,7
801,2
802,7
803,7
804,2
805,7
806,1
807,7
808,6
809,7
810,4
811,4
812,7
813,5
814,1
815,2
816,7
817,5
818,4
819,2
820,8
821,4
822,7
823,5
824,7
825,5
826,7
827,2
828,7
829,4
830,7
831,2
832,7
833,2
834,0
835,2
836,7
837,6
838,0
839,6
840,7
841,2
842,7
843,6
844,7
845,2
846,0
847,6
848,7
849,8
850,7
851,6
852,7
853,8
854,7
855,2
856,0
857,6
858,7
859,2
860,0
861,2
862,4
863,5
864,5
865,6
866,6
867,5
868,6
869,5
870,6
871,6
872,6
873,6
874,0
875,6
876,6
877,6
878,6
879,1
880,5
881,5
882,6
883,5
884,2
885,6
886,5
887,2
888,5
889,6
890,5
891,6
892,5
893,6
894,5
895,6
896,5
897,6
898,5
899,6
900,6
901,2
902,5
903,6
904,5
905,4
906,5
907,2
908,8
909,6
910,5
911,5
912,2
913,2
914,8
915,5
916,4
917,5
918,4
919,2
920,5
921,5
922,4
923,2
924,6
925,2
926,5
927,2
928,5
929,0
930,5
931,2
932,5
933,2
934,8
935,2
936,8
937,2
938,6
939,4
940,8
941,6
942,8
943,5
944,8
945,5
946,8
947,2
948,8
949,6
950,8
951,2
952,8
953,6
954,8
955,6
956,5
957,6
958,8
959,8
960,8
961,0
962,5
963,2
964,5
965,1
966,6
967,2
968,6
969,6
970,8
971,8
972,8
973,0
974,8
975,6
976,8
977,5
978,8
979,0
980,6
981,2
982,8
983,6
984,8
985,2
986,8
987,6
988,8
989,0
990,8
991,2
992,8
993,6
994,8
995,2
996,8
997,5
998,4
999,6
1000,8
1001,6
1002,2
1003,4
1004,5
1005,2
1006,5
1007,4
1008,2
1009,6
1010,8
1011,2
1012,5
1013,2
1014,5
1015,8
1016,5
1017,2
1018,7
1019,6
1020,7
1021,1
1022,8
1023,2
1024,7
1025,6
1026,8
1027,6
1028,7
1029,0
1030,7
1031,2
1032,7
1033,2
1034,2
1035,2
1036,8
1037,2
1038,8
1039,2
1040,8
1041,0
1042,5
1043,0
1044,7
1045,0
1046,8
1047,0
1048,5
1049,0
1050,5
1051,0
1052,7
1053,0
1054,5
1055,0
1056,5
1057,0
1058,7
1059,0
1060,8
1061,1
1062,8
1063,0
1064,7
1065,0
1066,8
1067,0
1068,0
1069,0
1070,0
1071,0
1072,5
1073,7
1074,8
1075,5
1076,5
1077,0
1078,5
1079,0
1080,7
1081,1
1082,5
1083,0
1084,2
1085,0
1086,4
1087,0
1088,7
1089,5
1090,5
1091,5
1092,0
1093,5
1094,5
1095,5
1096,5
1097,5
1098,4
1099,5
1100,6
1101,5
1102,4
1103,5
1104,4
1105,5
1106,4
1107,5
1108,5
1109,5
1110,2
1111,5
1112,4
1113,5
1114,4
1115,5
1116,4
1117,5
1118,4
1119,5
1120,1
1121,8
1122,6
1123,5
1124,4
1125,2
1126,5
1127,0
1128,5
1129,0
1130,8
1131,6
1132,5
1133,4
1134,5
1135,5
1136,1
1137,6
1138,0
1139,4
1140,7
1141,4
1142,2
1143,7
1144,5
1145,7
1146,4
1147,0
1148,0
1149,7
1150,2
1151,1
1152,6
1153,4
1154,0
1155,7
1156,4
1157,6
1158,4
1159,6
1160,4
1161,7
1162,6
1163,5
1164,4
1165,7
1166,4
1167,7
1168,6
1169,7
1170,4
1171,2
1172,4
1173,2
1174,4
1175,2
1176,4
1177,2
1178,4
1179,5
1180,4
1181,5
1182,5
1183,5
1184,4
1185,7
1186,0
1187,7
1188,4
1189,7
1190,6
1191,8
1192,4
1193,6
1194,4
1195,1
1196,5
1197,6
1198,0
1199,5
1200,4
1201,4
1202,6
1203,6
1204,6
1205,8
1206,5
1207,6
1208,4
1209,2
1210,2
1211,5
1212,4
1213,0
1214,5
1215,5
1216,5
1217,5
1218,5
1219,5
1220,2
1221,7
1222,4
1223,4
1224,5
1225,6
1226,2
1227,2
1228,5
1229,2
1230,5
1231,5
1232,5
1233,5
1234,7
1235,2
1236,7
1237,2
1238,6
1239,5
1240,8
1241,7
1242,4
1243,2
1244,2
1245,7
1246,2
1247,5
1248,5
1249,7
1250,4
1251,7
1252,5
1253,7
1254,5
1255,5
1256,2
1257,5
1258,4
1259,2
1260,4
1261,5
1262,4
1263,8
1264,2
1265,8
1266,1
1267,8
1268,4
1269,8
1270,4
1271,6
1272,2
1273,8
1274,0
1275,2
1276,8
1277,5
1278,8
1279,2
1280,8
1281,5
1282,0
1283,2
1284,8
1285,2
1286,5
1287,2
1288,8
1289,8
1290,8
1291,2
1292,8
1293,0
1294,7
1295,0
1296,7
1297,2
1298,8
1299,7
1300,8
1301,2
1302,8
1303,2
1304,8
1305,8
1306,7
1307,2
1308,0
1309,2
1310,8
1311,2
1312,8
1313,7
1314,4
1315,8
1316,5
1317,1
1318,4
1319,5
1320,5
1321,8
1322,8
1323,0
1324,5
1325,5
1326,0
1327,5
1328,7
1329,4
1330,2
1331,4
1332,2
1333,6
1334,2
1335,5
1336,2
1337,4
1338,8
1339,4
1340,4
1341,7
1342,5
1343,5
1344,5
1345,4
1346,5
1347,4
1348,5
1349,4
1350,6
1351,0
1352,5
1353,8
1354,4
1355,8
1356,5
1357,8
1358,5
1359,5
1360,5
1361,5
1362,1
1363,2
1364,8
1365,4
1366,5
1367,1
1368,5
1369,4
1370,0
1371,5
1372,8
1373,2
1374,2
1375,4
1376,5
1377,8
1378,5
1379,7
1380,5
1381,5
1382,4
1383,4
1384,5
1385,4
1386,4
1387,4
1388,4
1389,4
1390,5
1391,7
1392,2
1393,5
1394,5
1395,2
1396,5
1397,5
1398,5
1399,5
1400,7
1401,4
1402,8
1403,8
1404,4
1405,8
1406,0
1407,4
1408,0
1409,4
1410,0
1411,4
1412,0
1413,4
1414,0
1415,7
1416,0
1417,4
1418,5
1419,4
1420,0
1421,5
1422,0
1423,5
1424,0
1425,4
1426,0
1427,5
1428,5
1429,4
1430,0
1431,4
1432,0
1433,8
1434,0
1435,7
1436,0
1437,6
1438,0
1439,5
1440,0
1441,5
1442,5
1443,1
1444,2
1445,0
1446,2
1447,6
1448,4
1449,6
1450,7
1451,0
1452,6
1453,0
1454,4
1455,0
1456,8
1457,0
1458,4
1459,0
1460,4
1461,0
1462,8
1463,5
1464,5
1465,5
1466,0
1467,5
1468,5
1469,5
1470,5
1471,8
1472,2
1473,5
1474,2
1475,6
1476,5
1477,5
1478,4
1479,5
1480,6
1481,6
1482,7
1483,2
1484,8
1485,2
1486,5
1487,5
1488,8
1489,2
1490,7
1491,5
1492,8
1493,5
1494,5
1495,2
1496,8
1497,5
1498,8
1499,5
1500,5
1501,2
1502,5
1503,5
1504,5
1505,2
1506,8
1507,5
1508,5
1509,0
1510,8
1511,5
1512,1
1513,7
1514,4
1515,7
1516,5
1517,4
1518,4
1519,0
1520,4
1521,5
1522,7
1523,1
1524,5
1525,5
1526,5
1527,5
1528,5
1529,5
1530,5
1531,5
1532,5
1533,2
1534,5
1535,4
1536,6
1537,0
1538,4
1539,7
1540,5
1541,0
1542,4
1543,2
1544,5
1545,0
1546,4
1547,0
1548,0
1549,5
1550,5
1551,4
1552,0
1553,5
1554,0
1555,4
1556,0
1557,5
1558,7
1559,5
1560,1
1561,5
1562,2
1563,4
1564,7
1565,4
1566,0
1567,5
1568,0
1569,5
1570,7
1571,7
1572,0
1573,7
1574,0
1575,5
1576,0
1577,5
1578,8
1579,5
1580,0
1581,5
1582,0
1583,5
1584,0
1585,5
1586,0
1587,5
1588,8
1589,5
1590,7
1591,5
1592,2
1593,5
1594,0
1595,5
1596,5
1597,5
1598,5
1599,5
1600,0
1601,5
1602,7
1603,5
1604,7
1605,5
1606,0
1607,5
1608,5
1609,5
1610,2
1611,5
1612,1
1613,5
1614,5
1615,5
1616,7
1617,5
1618,0
1619,5
1620,5
1621,7
1622,5
1623,7
1624,7
1625,5
1626,0
1627,6
1628,5
1629,6
1630,5
1631,5
1632,6
1633,5
1634,5
1635,5
1636,7
1637,5
1638,5
1639,5
1640,7
1641,5
1642,0
1643,5
1644,5
1645,5
1646,5
1647,5
1648,5
1649,5
1650,5
1651,5
1652,5
1653,5
1654,5
1655,5
1656,7
1657,5
1658,5
1659,5
1660,1
1661,5
1662,5
1663,5
1664,5
1665,5
1666,1
1667,5
1668,7
1669,5
1670,6
1671,5
1672,1
1673,5
1674,5
1675,5
1676,5
1677,0
1678,5
1679,5
1680,5
1681,5
1682,5
1683,4
1684,5
1685,5
1686,5
1687,5
1688,5
1689,5
1690,7
1691,5
1692,5
1693,5
1694,5
1695,5
1696,6
1697,4
1698,5
1699,5
1700,5
1701,7
1702,8
1703,2
1704,2
1705,2
1706,8
1707,0
1708,8
1709,2
1710,8
1711,4
1712,5
1713,5
1714,1
1715,5
1716,8
1717,5
1718,2
1719,5
1720,2
1721,5
1722,2
1723,5
1724,8
1725,5
1726,8
1727,5
1728,8
1729,5
1730,8
1731,2
1732,8
1733,2
1734,8
1735,2
1736,8
1737,2
1738,5
1739,4
1740,5
1741,4
1742,6
1743,0
1744,5
1745,0
1746,5
1747,0
1748,5
1749,0
1750,8
1751,0
1752,8
1753,8
1754,8
1755,2
1756,8
1757,5
1758,8
1759,2
1760,8
1761,5
1762,5
1763,5
1764,8
1765,2
1766,8
1767,5
1768,8
1769,8
1770,8
1771,8
1772,2
1773,2
1774,2
1775,7
1776,6
1777,7
1778,2
1779,8
1780,2
1781,8
1782,5
1783,5
1784,2
1785,2
1786,8
1787,8
1788,2
1789,5
1790,2
1791,8
1792,0
1793,7
1794,5
1795,7
1796,2
1797,7
1798,2
1799,7
1800,8
1801,6
1802,5
1803,7
1804,5
1805,7
1806,5
1807,8
1808,5
1809,8
1810,8
1811,6
1812,2
1813,0
1814,2
1815,6
1816,5
1817,0
1818,2
1819,5
1820,2
1821,8
1822,2
1823,0
1824,5
1825,5
1826,0
1827,7
1828,8
1829,5
1830,7
1831,5
1832,0
1833,1
1834,0
1835,1
1836,0
1837,7
1838,0
1839,1
1840,7
1841,1
1842,8
1843,4
1844,6
1845,1
1846,8
1847,4
1848,7
1849,5
1850,5
1851,5
1852,4
1853,5
1854,5
1855,0
1856,8
1857,0
1858,4
1859,6
1860,4
1861,6
1862,4
1863,0
1864,4
1865,0
1866,4
1867,6
1868,0
1869,6
1870,1
1871,5
1872,1
1873,0
1874,4
1875,6
1876,4
1877,6
1878,4
1879,6
1880,4
1881,0
1882,4
1883,6
1884,4
1885,6
1886,4
1887,7
1888,4
1889,7
1890,4
1891,7
1892,4
1893,6
1894,0
1895,4
1896,0
1897,4
1898,8
1899,4
1900,8
1901,4
1902,6
1903,4
1904,7
1905,4
1906,8
1907,4
1908,8
1909,4
1910,8
1911,5
1912,0
1913,4
1914,0
1915,1
1916,0
1917,1
1918,7
1919,1
1920,8
1921,4
1922,7
1923,4
1924,7
1925,4
1926,7
1927,4
1928,7
1929,5
1930,1
1931,4
1932,4
1933,4
1934,5
1935,8
1936,5
1937,8
1938,1
1939,8
1940,4
1941,8
1942,4
1943,5
1944,4
1945,8
1946,4
1947,8
1948,5
1949,8
1950,5
1951,8
1952,4
1953,8
1954,4
1955,8
1956,4
1957,8
1958,4
1959,8
1960,4
1961,7
1962,4
1963,8
1964,4
1965,8
1966,1
1967,4
1968,5
1969,8
1970,4
1971,8
1972,5
1973,4
1974,8
1975,4
1976,8
1977,1
1978,5
1979,5
1980,8
1981,4
1982,8
1983,4
1984,8
1985,2
1986,4
1987,2
1988,4
1989,8
1990,5
1991,8
1992,4
1993,8
1994,4
1995,7
1996,0
1997,7
1998,4
1999,8
2000,5
2001,8
2002,5
2003,8
2004,6
2005,8
2006,4
2007,8
2008,1
2009,8
2010,5
2011,8
2012,4
2013,8
2014,4
2015,8
2016,5
2017,8
2018,4
2019,8
2020,8
2021,5
2022,0
2023,4
2024,8
2025,6
2026,8
2027,5
2028,8
2029,6
2030,8
2031,5
2032,8
2033,5
2034,5
2035,0
2036,8
2037,5
2038,8
2039,5
2040,7
2041,8
2042,8
2043,4
2044,8
2045,5
2046,8
2047,4
2048,8
2049,4
2050,8
2051,6
2052,8
2053,5
2054,8
2055,4
2056,8
2057,7
2058,4
2059,8
2060,4
2061,8
2062,5
2063,8
2064,0
2065,8
2066,5
2067,8
2068,0
2069,8
2070,4
2071,7
2072,0
2073,7
2074,6
2075,7
2076,0
2077,8
2078,0
2079,8
2080,0
2081,8
2082,5
2083,8
2084,5
2085,8
2086,5
2087,8
2088,8
2089,8
2090,1
2091,8
2092,0
2093,8
2094,0
2095,8
2096,5
2097,2
2098,7
2099,8
2100,4
2101,8
2102,0
2103,8
2104,0
2105,8
2106,4
2107,8
2108,0
2109,8
2110,6
2111,8
2112,5
2113,8
2114,5
2115,8
2116,4
2117,4
2118,4
2119,8
2120,5
2121,8
2122,1
2123,8
2124,0
2125,8
2126,4
2127,8
2128,5
2129,8
2130,5
2131,5
2132,5
2133,0
2134,6
2135,4
2136,5
2137,5
2138,5
2139,8
2140,8
2141,2
2142,4
2143,2
2144,2
2145,0
2146,6
2147,0
2148,8
2149,4
2150,5
2151,0
2152,8
2153,5
2154,8
2155,4
2156,8
2157,0
2158,8
2159,4
2160,8
2161,4
2162,0
2163,0
2164,5
2165,5
2166,4
2167,5
2168,2
2169,5
2170,5
2171,5
2172,2
2173,5
2174,5
2175,5
2176,5
2177,5
2178,2
2179,5
2180,2
2181,7
2182,5
2183,5
2184,5
2185,5
2186,5
2187,5
2188,5
2189,5
2190,5
2191,5
2192,5
2193,5
2194,5
2195,5
2196,5
2197,5
2198,5
2199,5
2200,5
2201,5
2202,5
2203,5
2204,5
2205,5
2206,5
2207,5
2208,5
2209,5
2210,1
2211,5
2212,5
2213,6
2214,5
2215,1
2216,5
2217,1
2218,6
2219,5
2220,1
2221,5
2222,5
2223,1
2224,5
2225,5
2226,5
2227,5
2228,5
2229,5
2230,0
2231,5
2232,5
2233,5
2234,5
2235,7
2236,7
2237,8
2238,8
2239,6
2240,6
2241,5
2242,0
2243,5
2244,5
2245,5
2246,5
2247,8
2248,5
2249,8
2250,5
2251,2
2252,4
2253,0
2254,0
2255,1
2256,5
2257,5
2258,7
2259,7
2260,7
2261,8
2262,8
2263,0
2264,5
2265,8
2266,7
2267,5
2268,5
2269,4
2270,5
2271,4
2272,4
2273,5
2274,5
2275,5
2276,5
2277,5
2278,5
2279,0
2280,1
2281,0
2282,0
2283,0
2284,0
2285,0
2286,4
2287,4
2288,0
2289,0
2290,5
2291,5
2292,0
2293,5
2294,5
2295,5
2296,5
2297,5
2298,5
2299,5
2300,5
2301,5
2302,5
2303,5
2304,5
2305,8
2306,7
2307,7
2308,2
2309,4
2310,7
2311,2
2312,7
2313,2
2314,8
2315,5
2316,8
2317,8
2318,5
2319,8
2320,8
2321,7
2322,5
2323,2
2324,2
2325,4
2326,2
2327,8
2328,7
2329,0
2330,7
2331,7
2332,8
2333,8
2334,8
2335,5
2336,5
2337,2
2338,5
2339,2
2340,2
2341,2
2342,0
2343,4
2344,8
2345,2
2346,7
2347,8
2348,8
2349,2
2350,2
2351,2
2352,8
2353,2
2354,5
2355,2
2356,1
2357,6
2358,8
2359,4
2360,4
2361,2
2362,7
2363,4
2364,4
2365,5
2366,4
2367,2
2368,2
2369,8
2370,8
2371,2
2372,7
2373,5
2374,5
2375,4
2376,0
2377,0
2378,0
2379,0
2380,4
2381,0
2382,1
2383,4
2384,7
2385,1
2386,6
2387,8
2388,6
2389,4
2390,8
2391,6
2392,4
2393,5
2394,8
2395,0
2396,4
2397,2
2398,4
2399,0
2400,1
2401,0
2402,4
2403,8
2404,1
2405,4
2406,4
2407,8
2408,8
2409,5
2410,8
2411,6
2412,4
2413,0
2414,2
2415,2
2416,2
2417,8
2418,2
2419,5
2420,6
2421,2
2422,1
2423,2
2424,2
2425,8
2426,2
2427,4
2428,2
2429,8
2430,2
2431,2
2432,2
2433,2
2434,2
2435,8
2436,4
2437,1
2438,2
2439,1
2440,8
2441,8
2442,8
2443,8
2444,6
2445,2
2446,2
2447,8
2448,2
2449,8
2450,4
2451,8
2452,4
2453,4
2454,7
2455,4
2456,2
2457,5
2458,8
2459,8
2460,2
2461,4
2462,2
2463,8
2464,7
2465,8
2466,8
2467,6
2468,2
2469,7
2470,8
2471,1
2472,6
2473,2
2474,6
2475,2
2476,4
2477,2
2478,4
2479,2
2480,4
2481,2
2482,8
2483,6
2484,7
2485,6
2486,1
2487,2
2488,5
2489,7
2490,7
2491,4
2492,7
2493,2
2494,1
2495,0
2496,0
2497,7
2498,4
2499,7
2500,1
2501,8
2502,2
2503,5
2504,1
2505,6
2506,2
2507,2
2508,2
2509,7
2510,8
2511,2
2512,2
2513,0
2514,0
2515,0
2516,0
2517,7
2518,0
2519,4
2520,0
2521,4
2522,0
2523,2
2524,7
2525,2
2526,8
2527,8
2528,4
2529,0
2530,4
2531,0
2532,2
2533,4
2534,1
2535,2
2536,0
2537,2
2538,0
2539,4
2540,6
2541,1
2542,0
2543,0
2544,0
2545,4
2546,0
2547,5
2548,8
2549,0
2550,8
2551,8
2552,8
2553,0
2554,6
2555,4
2556,0
2557,7
2558,4
2559,4
2560,1
2561,7
2562,1
2563,2
2564,4
2565,6
2566,6
2567,7
2568,2
2569,2
2570,2
2571,4
2572,2
2573,2
2574,2
2575,4
2576,2
2577,1
2578,2
2579,4
2580,4
2581,2
2582,2
2583,2
2584,4
2585,6
2586,6
2587,2
2588,6
2589,0
2590,6
2591,2
2592,5
2593,8
2594,2
2595,6
2596,4
2597,2
2598,8
2599,2
2600,2
2601,2
2602,2
2603,2
2604,6
2605,0
2606,2
2607,2
2608,2
2609,2
2610,7
2611,8
2612,4
2613,8
2614,2
2615,1
2616,8
2617,8
2618,6
2619,8
2620,4
2621,8
2622,8
2623,2
2624,1
2625,0
2626,6
2627,1
2628,1
2629,4
2630,2
2631,2
2632,2
2633,1
2634,6
2635,0
2636,2
2637,5
2638,2
2639,6
2640,2
2641,2
2642,2
2643,2
2644,6
2645,6
2646,2
2647,2
2648,8
2649,2
2650,8
2651,6
2652,2
2653,4
2654,7
2655,1
2656,4
2657,4
2658,4
2659,4
2660,8
2661,4
2662,6
2663,4
2664,4
2665,4
2666,7
2667,6
2668,2
2669,2
2670,1
2671,4
2672,2
2673,8
2674,8
2675,4
2676,6
2677,2
2678,8
2679,6
2680,4
2681,2
2682,8
2683,8
2684,8
2685,0
2686,8
2687,6
2688,8
2689,2
2690,1
2691,8
2692,2
2693,7
2694,2
2695,6
2696,6
2697,6
2698,2
2699,5
2700,4
2701,6
2702,4
2703,2
2704,2
2705,2
2706,6
2707,2
2708,4
2709,1
2710,1
2711,5
2712,0
2713,0
2714,6
2715,6
2716,8
2717,2
2718,7
2719,0
2720,0
2721,8
2722,8
2723,5
2724,6
2725,4
2726,6
2727,1
2728,7
2729,6
2730,2
2731,4
2732,0
2733,2
2734,6
2735,4
2736,1
2737,1
2738,8
2739,8
2740,6
2741,4
2742,6
2743,6
2744,6
2745,6
2746,4
2747,4
2748,4
2749,6
2750,2
2751,8
2752,1
2753,2
2754,2
2755,2
2756,8
2757,6
2758,8
2759,8
2760,6
2761,2
2762,8
2763,4
2764,4
2765,2
2766,4
2767,2
2768,2
2769,4
2770,2
2771,7
2772,6
2773,6
2774,5
2775,8
2776,8
2777,6
2778,6
2779,6
2780,6
2781,1
2782,6
2783,6
2784,2
2785,6
2786,8
2787,8
2788,6
2789,8
2790,6
2791,6
2792,4
2793,6
2794,6
2795,2
2796,6
2797,6
2798,8
2799,6
2800,6
2801,6
2802,0
2803,6
2804,5
2805,6
2806,4
2807,6
2808,4
2809,8
2810,8
2811,0
2812,4
2813,4
2814,8
2815,7
2816,2
2817,0
2818,8
2819,8
2820,0
2821,1
2822,8
2823,5
2824,7
2825,1
2826,6
2827,2
2828,4
2829,0
2830,6
2831,8
2832,1
2833,1
2834,0
2835,8
2836,6
2837,1
2838,4
2839,6
2840,8
2841,6
2842,8
2843,6
2844,6
2845,6
2846,8
2847,8
2848,6
2849,4
2850,6
2851,6
2852,6
2853,8
2854,1
2855,8
2856,6
2857,2
2858,8
2859,2
2860,7
2861,2
2862,7
2863,8
2864,7
2865,2
2866,7
2867,6
2868,8
2869,2
2870,6
2871,1
2872,6
2873,6
2874,8
2875,2
2876,8
2877,1
2878,0
2879,8
2880,8
2881,8
2882,5
2883,6
2884,2
2885,2
2886,2
2887,6
2888,6
2889,8
2890,6
2891,1
2892,6
2893,1
2894,2
2895,7
2896,6
2897,8
2898,2
2899,6
2900,8
2901,4
2902,8
2903,8
2904,8
2905,1
2906,6
2907,6
2908,2
2909,6
2910,6
2911,7
2912,2
2913,8
2914,2
2915,7
2916,2
2917,6
2918,4
2919,4
2920,2
2921,8
2922,8
2923,1
2924,4
2925,2
2926,4
2927,4
2928,7
2929,2
2930,8
2931,4
2932,6
2933,8
2934,0
2935,5
2936,5
2937,7
2938,2
2939,6
2940,6
2941,2
2942,2
2943,1
2944,6
2945,4
2946,8
2947,2
2948,7
2949,0
2950,8
2951,6
2952,2
2953,2
2954,8
2955,8
2956,7
2957,4
2958,4
2959,6
2960,2
2961,7
2962,6
2963,2
2964,4
2965,4
2966,6
2967,5
2968,4
2969,2
2970,6
2971,2
2972,2
2973,1
2974,2
2975,4
2976,4
2977,6
2978,6
2979,0
2980,4
2981,6
2982,5
2983,2
2984,8
2985,5
2986,2
2987,0
2988,4
2989,6
2990,8
2991,6
2992,8
2993,2
2994,6
2995,0
2996,8
2997,2
2998,4
2999,4
3000,8
3001,8
3002,4
3003,5
3004,6
3005,4
3006,4
3007,2
3008,6
3009,2
3010,4
3011,2
3012,6
3013,8
3014,8
3015,4
3016,8
3017,6
3018,4
3019,2
3020,6
3021,1
3022,6
3023,7
3024,2
3025,6
3026,1
3027,4
3028,7
3029,0
3030,0
3031,7
3032,4
3033,2
3034,2
3035,4
3036,4
3037,0
3038,8
3039,6
3040,2
3041,1
3042,8
3043,5
3044,7
3045,6
3046,7
3047,2
3048,1
3049,2
3050,2
3051,5
3052,2
3053,8
3054,8
3055,1
3056,7
3057,6
3058,6
3059,2
3060,5
3061,4
3062,6
3063,1
3064,2
3065,6
3066,4
3067,6
3068,2
3069,4
3070,6
3071,2
3072,8
3073,8
3074,2
3075,0
3076,6
3077,6
3078,6
3079,7
3080,1
3081,1
3082,1
3083,0
3084,2
3085,6
3086,0
3087,1
3088,0
3089,6
3090,6
3091,6
3092,2
3093,6
3094,8
3095,8
3096,6
3097,4
3098,4
3099,6
3100,6
3101,4
3102,1
3103,6
3104,2
3105,6
3106,7
3107,6
3108,6
3109,6
3110,7
3111,6
3112,6
3113,2
3114,2
3115,8
3116,6
3117,1
3118,0
3119,2
3120,6
3121,6
3122,1
3123,6
3124,2
3125,6
3126,8
3127,7
3128,8
3129,2
3130,1
3131,2
3132,6
3133,4
3134,8
3135,2
3136,8
3137,6
3138,0
3139,6
3140,2
3141,4
3142,2
3143,6
3144,2
3145,8
3146,4
3147,2
3148,2
3149,6
3150,1
3151,2
3152,2
3153,2
3154,1
3155,4
3156,4
3157,8
3158,1
3159,2
3160,2
3161,8
3162,8
3163,6
3164,6
3165,1
3166,0
3167,2
3168,8
3169,1
3170,8
3171,6
3172,6
3173,8
3174,6
3175,4
3176,8
3177,2
3178,6
3179,6
3180,1
3181,2
3182,6
3183,6
3184,2
3185,1
3186,2
3187,6
3188,6
3189,6
3190,2
3191,1
3192,6
3193,6
3194,8
3195,2
3196,6
3197,6
3198,4
3199,6
3200,8
3201,6
3202,7
3203,6
3204,6
3205,8
3206,8
3207,6
3208,4
3209,4
3210,6
3211,6
3212,2
3213,2
3214,6
3215,6
3216,4
3217,6
3218,1
3219,8
3220,6
3221,4
3222,7
3223,7
3224,7
3225,7
3226,7
3227,7
3228,7
3229,7
3230,7
3231,7
3232,8
3233,7
3234,8
3235,8
3236,8
3237,8
3238,8
3239,8
3240,8
3241,8
3242,8
3243,8
3244,8
3245,7
3246,7
3247,7
3248,7
3249,7
3250,7
3251,7
3252,7
3253,7
3254,7
3255,7
3256,7
3257,7
3258,7
3259,7
3260,7
3261,7
3262,7
3263,7
3264,7
3265,7
3266,7
3267,7
3268,7
3269,7
3270,7
3271,7
3272,7
3273,1
3274,1
3275,7
3276,7
3277,1
3278,1
3279,1
3280,7
3281,7
3282,7
3283,5
3284,8
3285,1
3286,1
3287,8
3288,8
3289,8
3290,8
3291,8
3292,1
3293,8
3294,7
3295,7
3296,7
3297,7
3298,1
3299,7
3300,4
3301,8
3302,8
3303,8
3304,8
3305,8
3306,8
3307,8
3308,8
3309,8
3310,8
3311,5
3312,8
3313,8
3314,8
3315,8
3316,8
3317,8
3318,7
3319,8
3320,8
3321,8
3322,8
3323,8
3324,2
3325,8
3326,7
3327,8
3328,8
3329,2
3330,8
3331,8
3332,8
3333,5
3334,8
3335,8
3336,4
3337,7
3338,8
3339,8
3340,4
3341,7
3342,8
3343,8
3344,7
3345,7
3346,7
3347,8
3348,7
3349,4
3350,7
3351,7
3352,2
3353,7
3354,7
3355,7
3356,7
3357,8
3358,8
3359,7
3360,7
3361,4
3362,7
3363,7
3364,7
3365,0
3366,7
3367,7
3368,8
3369,7
3370,7
3371,8
3372,8
3373,0
3374,7
3375,8
3376,7
3377,7
3378,7
3379,7
3380,7
3381,7
3382,7
3383,7
3384,7
3385,7
3386,7
3387,7
3388,7
3389,7
3390,7
3391,8
3392,8
3393,8
3394,8
3395,8
3396,8
3397,8
3398,8
3399,8
3400,8
3401,4
3402,8
3403,8
3404,8
3405,8
3406,8
3407,8
3408,8
3409,8
3410,1
3411,4
3412,1
3413,4
3414,4
3415,4
3416,0
3417,4
3418,0
3419,1
3420,0
3421,4
3422,4
3423,1
3424,0
3425,4
3426,1
3427,8
3428,4
3429,8
3430,8
3431,8
3432,8
3433,8
3434,8
3435,8
3436,8
3437,8
3438,8
3439,8
3440,8
3441,8
3442,8
3443,1
3444,8
3445,7
3446,8
3447,4
3448,8
3449,8
3450,8
3451,8
3452,8
3453,8
3454,8
3455,8
3456,8
3457,0
3458,0
3459,0
3460,1
3461,0
3462,1
3463,0
3464,0
3465,1
3466,2
3467,1
3468,0
3469,0
3470,0
3471,0
3472,1
3473,1
3474,1
3475,1
3476,7
3477,7
3478,7
3479,1
3480,1
3481,7
3482,1
3483,1
3484,7
3485,7
3486,7
3487,7
3488,2
3489,7
3490,7
3491,6
3492,7
3493,2
3494,7
3495,7
3496,8
3497,4
3498,7
3499,7
3500,7
3501,7
3502,7
3503,7
3504,7
3505,7
3506,7
3507,7
3508,7
3509,7
3510,7
3511,7
3512,8
3513,7
3514,7
3515,7
3516,7
3517,7
3518,7
3519,4
3520,6
3521,8
3522,1
3523,8
3524,1
3525,0
3526,4
3527,4
3528,1
3529,8
3530,7
3531,4
3532,4
3533,7
3534,4
3535,5
3536,4
3537,4
3538,1
3539,4
3540,7
3541,4
3542,8
3543,2
3544,0
3545,4
3546,7
3547,8
3548,8
3549,4
3550,0
3551,5
3552,0
3553,1
3554,4
3555,4
3556,2
3557,1
3558,8
3559,4
3560,8
3561,7
3562,1
3563,7
3564,8
3565,5
3566,7
3567,8
3568,8
3569,8
3570,4
3571,1
3572,0
3573,7
3574,7
3575,7
3576,7
3577,7
3578,7
3579,7
3580,7
3581,4
3582,7
3583,7
3584,7
3585,8
3586,1
3587,7
3588,8
3589,8
3590,8
3591,8
3592,8
3593,1
3594,8
3595,4
3596,1
3597,8
3598,0
3599,8
3600,6
3601,6
3602,0
3603,0
3604,0
3605,6
3606,6
3607,6
3608,6
3609,1
3610,6
3611,8
3612,7
3613,4
3614,4
3615,8
3616,8
3617,4
3618,4
3619,7
3620,1
3621,8
3622,4
3623,8
3624,7
3625,7
3626,8
3627,8
3628,7
3629,8
3630,2
3631,7
3632,8
3633,7
3634,8
3635,7
3636,7
3637,7
3638,7
3639,7
3640,7
3641,7
3642,7
3643,7
3644,7
3645,7
3646,5
3647,8
3648,7
3649,8
3650,7
3651,5
3652,5
3653,7
3654,1
3655,7
3656,7
3657,8
3658,7
3659,7
3660,8
3661,7
3662,7
3663,7
3664,1
3665,7
3666,8
3667,5
3668,7
3669,7
3670,4
3671,4
3672,7
3673,4
3674,8
3675,1
3676,4
3677,7
3678,4
3679,8
3680,1
3681,7
3682,8
3683,7
3684,4
3685,4
3686,6
3687,4
3688,1
3689,7
3690,4
3691,1
3692,4
3693,4
3694,4
3695,4
3696,7
3697,4
3698,4
3699,1
3700,7
3701,4
3702,4
3703,1
3704,4
3705,8
3706,1
3707,8
3708,4
3709,4
3710,6
3711,4
3712,1
3713,6
3714,8
3715,4
3716,4
3717,4
3718,4
3719,4
3720,4
3721,4
3722,4
3723,4
3724,4
3725,0
3726,4
3727,7
3728,4
3729,4
3730,4
3731,0
3732,7
3733,4
3734,4
3735,4
3736,4
3737,4
3738,4
3739,4
3740,4
3741,4
3742,4
3743,4
3744,4
3745,4
3746,8
3747,8
3748,8
3749,4
3750,8
3751,7
3752,8
3753,8
3754,8
3755,8
3756,0
3757,8
3758,8
3759,1
3760,8
3761,8
3762,8
3763,8
3764,8
3765,7
3766,8
3767,8
3768,4
3769,7
3770,7
3771,7
3772,8
3773,7
3774,8
3775,4
3776,7
3777,8
3778,7
3779,7
3780,8
3781,7
3782,7
3783,7
3784,4
3785,7
3786,8
3787,8
3788,8
3789,8
3790,7
3791,8
3792,0
3793,0
3794,7
3795,7
3796,7
3797,8
3798,0
3799,7
3800,8
3801,7
3802,6
3803,0
3804,7
3805,8
3806,7
3807,8
3808,7
3809,7
3810,7
3811,1
3812,7
3813,6
3814,7
3815,7
3816,8
3817,1
3818,7
3819,1
3820,3
3821,3
3822,3
3823,5
3824,3
3825,3
3826,1
3827,3
3828,3
3829,3
3830,3
3831,3
3832,3
3833,1
3834,3
3835,3
3836,3
3837,3
3838,3
3839,3
3840,3
3841,3
3842,3
3843,3
3844,3
3845,3
3846,3
3847,3
3848,3
3849,5
3850,5
3851,5
3852,5
3853,3
3854,3
3855,3
3856,3
3857,3
3858,3
3859,3
3860,3
3861,3
3862,3
3863,3
3864,3
3865,3
3866,3
3867,5
3868,3
3869,3
3870,3
3871,5
3872,5
3873,5
3874,5
3875,3
3876,5
3877,3
3878,5
3879,5
3880,4
3881,5
3882,3
3883,3
3884,3
3885,3
3886,3
3887,3
3888,3
3889,5
3890,5
3891,3
3892,5
3893,4
3894,5
3895,5
3896,1
3897,5
3898,3
3899,5
3900,3
3901,5
3902,5
3903,5
3904,5
3905,3
3906,5
3907,5
3908,5
3909,5
3910,5
3911,3
3912,3
3913,3
3914,3
3915,3
3916,3
3917,3
3918,3
3919,3
3920,3
3921,3
3922,3
3923,3
3924,3
3925,3
3926,3
3927,5
3928,3
3929,3
3930,3
3931,3
3932,5
3933,3
3934,5
3935,3
3936,5
3937,3
3938,5
3939,1
3940,5
3941,3
3942,3
3943,3
3944,3
3945,5
3946,5
3947,5
3948,5
3949,3
3950,1
3951,3
3952,3
3953,3
3954,5
3955,3
3956,5
3957,3
3958,3
3959,5
3960,3
3961,3
3962,3
3963,0
3964,3
3965,6
3966,3
3967,5
3968,3
3969,3
3970,5
3971,3
3972,3
3973,3
3974,3
3975,1
3976,3
3977,3
3978,3
3979,1
3980,3
3981,3
3982,1
3983,3
3984,3
3985,5
3986,5
3987,5
3988,1
3989,3
3990,3
3991,5
3992,3
3993,3
3994,3
3995,3
3996,5
3997,3
3998,5
3999,1
4000,5
4001,1
4002,5
4003,3
4004,3
4005,5
4006,1
4007,5
4008,7
4009,7
4010,7
4011,6
4012,3
4013,5
4014,5
4015,5
4016,5
4017,3
4018,5
4019,5
4020,3
4021,3
4022,5
4023,3
4024,1
4025,3
4026,5
4027,6
4028,5
4029,5
4030,5
4031,5
4032,5
4033,3
4034,1
4035,3
4036,3
4037,3
4038,3
4039,3
4040,3
4041,5
4042,6
4043,3
4044,3
4045,3
4046,3
4047,3
4048,3
4049,5
4050,3
4051,3
4052,5
4053,3
4054,5
4055,3
4056,5
4057,3
4058,5
4059,3
4060,5
4061,3
4062,3
4063,3
4064,1
4065,3
4066,3
4067,3
4068,3
4069,5
4070,3
4071,3
4072,3
4073,3
4074,3
4075,3
4076,3
4077,3
4078,3
4079,5
4080,1
4081,5
4082,1
4083,5
4084,5
4085,3
4086,3
4087,3
4088,5
4089,5
4090,5
4091,5
4092,5
4093,3
4094,5
4095,5
4096,5
4097,5
4098,5
4099,1
4100,3
4101,5
4102,5
4103,5
4104,5
4105,3
4106,5
4107,5
4108,5
4109,3
4110,3
4111,3
4112,5
4113,3
4114,3
4115,5
4116,5
4117,5
4118,5
4119,5
4120,5
4121,3
4122,5
4123,3
4124,5
4125,5
4126,5
4127,5
4128,3
4129,3
4130,5
4131,3
4132,3
4133,3
4134,3
4135,3
4136,1
4137,3
4138,1
4139,3
4140,5
4141,3
4142,5
4143,3
4144,5
4145,3
4146,3
4147,3
4148,5
4149,5
4150,5
4151,3
4152,3
4153,3
4154,5
4155,7
4156,5
4157,1
4158,3
4159,3
4160,2
4161,5
4162,5
4163,5
4164,3
4165,5
4166,3
4167,3
4168,5
4169,3
4170,3
4171,3
4172,5
4173,3
4174,5
4175,5
4176,5
4177,3
4178,3
4179,5
4180,3
4181,5
4182,3
4183,3
4184,5
4185,5
4186,5
4187,3
4188,1
4189,3
4190,5
4191,1
4192,3
4193,3
4194,5
4195,3
4196,3
4197,3
4198,3
4199,5
4200,5
4201,5
4202,3
4203,3
4204,1
4205,3
4206,3
4207,5
4208,3
4209,3
4210,3
4211,3
4212,5
4213,5
4214,3
4215,5
4216,3
4217,5
4218,5
4219,3
4220,5
4221,5
4222,3
4223,1
4224,3
4225,3
4226,5
4227,1
4228,5
4229,3
4230,5
4231,3
4232,3
4233,5
4234,5
4235,5
4236,3
4237,3
4238,5
4239,3
4240,3
4241,3
4242,5
4243,3
4244,3
4245,3
4246,3
4247,3
4248,3
4249,3
4250,3
4251,5
4252,5
4253,5
4254,5
4255,3
4256,5
4257,5
4258,5
4259,3
4260,3
4261,3
4262,5
4263,1
4264,5
4265,3
4266,3
4267,3
4268,3
4269,5
4270,5
4271,3
4272,5
4273,5
4274,3
4275,5
4276,3
4277,3
4278,3
4279,3
4280,5
4281,3
4282,1
4283,3
4284,5
4285,3
4286,5
4287,3
4288,3
4289,3
4290,3
4291,3
4292,3
4293,1
4294,1
4295,3
4296,3
4297,3
4298,3
4299,5
4300,3
4301,5
4302,3
4303,3
4304,3
4305,3
4306,3
4307,3
4308,3
4309,3
4310,3
4311,3
4312,5
4313,5
4314,5
4315,3
4316,6
4317,5
4318,3
4319,3
4320,5
4321,3
4322,3
4323,3
4324,3
4325,5
4326,5
4327,3
4328,3
4329,3
4330,3
4331,3
4332,3
4333,3
4334,3
4335,3
4336,3
4337,8
4338,7
4339,3
4340,3
4341,5
4342,3
4343,3
4344,3
4345,3
4346,3
4347,3
4348,5
4349,3
4350,3
4351,3
4352,5
4353,3
4354,3
4355,3
4356,3
4357,3
4358,3
4359,1
4360,3
4361,5
4362,5
4363,5
4364,5
4365,3
4366,5
4367,5
4368,3
4369,5
4370,5
4371,5
4372,1
4373,5
4374,3
4375,5
4376,3
4377,3
4378,5
4379,3
4380,3
4381,3
4382,3
4383,5
4384,3
4385,3
4386,3
4387,3
4388,3
4389,3
4390,3
4391,5
4392,1
4393,5
4394,1
4395,5
4396,3
4397,5
4398,5
4399,3
4400,5
4401,5
4402,3
4403,3
4404,3
4405,1
4406,3
4407,1
4408,5
4409,3
4410,3
4411,5
4412,3
4413,3
4414,1
4415,3
4416,3
4417,3
4418,5
4419,3
4420,5
4421,3
4422,3
4423,3
4424,3
4425,3
4426,3
4427,3
4428,5
4429,3
4430,3
4431,3
4432,3
4433,3
4434,3
4435,1
4436,3
4437,3
4438,5
4439,3
4440,5
4441,3
4442,5
4443,6
4444,5
4445,3
4446,3
4447,0
4448,5
4449,3
4450,3
4451,5
4452,5
4453,5
4454,5
4455,5
4456,5
4457,5
4458,5
4459,5
4460,5
4461,5
4462,5
4463,5
4464,5
4465,8
4466,5
4467,3
4468,5
4469,3
4470,3
4471,5
4472,3
4473,3
4474,3
4475,3
4476,3
4477,5
4478,5
4479,3
4480,5
4481,3
4482,3
4483,5
4484,3
4485,5
4486,3
4487,5
4488,5
4489,5
4490,5
4491,5
4492,3
4493,5
4494,3
4495,3
4496,3
4497,3
4498,5
4499,3
4500,5
4501,3
4502,3
4503,3
4504,3
4505,3
4506,3
4507,1
4508,3
4509,3
4510,3
4511,1
4512,3
4513,3
4514,3
4515,3
4516,3
4517,5
4518,3
4519,3
4520,3
4521,5
4522,5
4523,5
4524,5
4525,3
4526,3
4527,3
4528,5
4529,3
4530,5
4531,5
4532,3
4533,3
4534,5
4535,1
4536,3
4537,3
4538,3
4539,3
4540,3
4541,5
4542,5
4543,5
4544,5
4545,1
4546,5
4547,1
4548,3
4549,3
4550,1
4551,5
4552,3
4553,3
4554,5
4555,5
4556,5
4557,3
4558,5
4559,3
4560,3
4561,3
4562,5
4563,5
4564,5
4565,5
4566,5
4567,3
4568,5
4569,5
4570,3
4571,3
4572,5
4573,3
4574,5
4575,5
4576,5
4577,3
4578,3
4579,6
4580,3
4581,3
4582,3
4583,3
4584,3
4585,3
4586,3
4587,3
4588,3
4589,3
4590,3
4591,3
4592,3
4593,3
4594,3
4595,3
4596,3
4597,3
4598,3
4599,3
4600,3
4601,1
4602,5
4603,3
4604,3
4605,5
4606,5
4607,3
4608,3
4609,5
4610,3
4611,3
4612,5
4613,3
4614,3
4615,3
4616,3
4617,3
4618,5
4619,5
4620,3
4621,3
4622,3
4623,3
4624,3
4625,3
4626,3
4627,3
4628,3
4629,3
4630,3
4631,3
4632,5
4633,3
4634,5
4635,1
4636,1
4637,3
4638,3
4639,3
4640,3
4641,3
4642,3
4643,3
4644,3
4645,3
4646,3
4647,3
4648,1
4649,5
4650,8
4651,3
4652,3
4653,3
4654,3
4655,3
4656,5
4657,5
4658,3
4659,5
4660,5
4661,5
4662,3
4663,3
4664,3
4665,5
4666,5
4667,3
4668,5
4669,3
4670,5
4671,3
4672,5
4673,3
4674,3
4675,3
4676,5
4677,5
4678,3
4679,5
4680,3
4681,5
4682,3
4683,3
4684,3
4685,5
4686,3
4687,5
4688,5
4689,5
4690,3
4691,3
4692,3
4693,3
4694,3
4695,3
4696,3
4697,3
4698,3
4699,3
4700,3
4701,8
4702,3
4703,3
4704,3
4705,1
4706,1
4707,3
4708,3
4709,3
4710,3
4711,1
4712,3
4713,3
4714,3
4715,3
4716,3
4717,3
4718,3
4719,3
4720,0
4721,0
4722,1
4723,3
4724,3
4725,1
4726,3
4727,3
4728,3
4729,3
4730,3
4731,3
4732,5
4733,5
4734,5
4735,3
4736,3
4737,3
4738,3
4739,3
4740,3
4741,5
4742,1
4743,5
4744,3
4745,5
4746,1
4747,3
4748,5
4749,3
4750,5
4751,3
4752,5
4753,3
4754,5
4755,3
4756,3
4757,5
4758,3
4759,5
4760,5
4761,5
4762,5
4763,5
4764,5
4765,6
4766,3
4767,3
4768,5
4769,3
4770,3
4771,3
4772,1
4773,3
4774,3
4775,5
4776,3
4777,3
4778,3
4779,6
4780,3
4781,3
4782,1
4783,5
4784,1
4785,5
4786,1
4787,5
4788,5
4789,5
4790,5
4791,5
4792,5
4793,3
4794,5
4795,5
4796,3
4797,5
4798,3
4799,3
4800,3
4801,3
4802,5
4803,5
4804,7
4805,5
4806,5
4807,3
4808,5
4809,3
4810,5
4811,5
4812,5
4813,5
4814,5
4815,5
4816,5
4817,5
4818,5
4819,5
4820,5
4821,5
4822,5
4823,5
4824,5
4825,3
4826,3
4827,5
4828,3
4829,3
4830,5
4831,3
4832,5
4833,5
4834,5
4835,7
4836,7
4837,5
4838,3
4839,3
4840,3
4841,3
4842,3
4843,5
4844,5
4845,3
4846,3
4847,5
4848,5
4849,5
4850,5
4851,5
4852,3
4853,5
4854,7
4855,5
4856,3
4857,5
4858,3
4859,3
4860,1
4861,3
4862,5
4863,5
4864,5
4865,3
4866,5
4867,3
4868,3
4869,5
4870,3
4871,5
4872,3
4873,5
4874,5
4875,3
4876,3
4877,3
4878,3
4879,5
4880,3
4881,5
4882,5
4883,5
4884,8
4885,5
4886,5
4887,3
4888,5
4889,5
4890,3
4891,1
4892,5
4893,3
4894,5
4895,5
4896,5
4897,5
4898,1
4899,3
4900,3
4901,5
4902,5
4903,5
4904,5
4905,1
4906,5
4907,5
4908,5
4909,5
4910,3
4911,3
4912,5
4913,5
4914,3
4915,5
4916,5
4917,3
4918,3
4919,5
4920,3
4921,5
4922,3
4923,5
4924,5
4925,5
4926,5
4927,5
4928,5
4929,1
4930,5
4931,5
4932,5
4933,5
4934,3
4935,5
4936,5
4937,5
4938,5
4939,5
4940,5
4941,3
4942,8
4943,5
4944,5
4945,1
4946,5
4947,5
4948,1
4949,1
4950,3
4951,3
4952,3
4953,3
4954,3
4955,1
4956,1
4957,3
4958,3
4959,3
4960,3
4961,5
4962,3
4963,5
4964,3
4965,1
4966,5
4967,5
4968,5
4969,5
4970,5
4971,8
4972,5
4973,1
4974,5
4975,5
4976,3
4977,5
4978,1
4979,5
4980,5
4981,6
4982,3
4983,3
4984,3
4985,3
4986,3
4987,3
4988,3
4989,3
4990,3
4991,3
4992,3
4993,5
4994,3
4995,3
4996,3
4997,3
4998,3
4999,3
5000,3
5001,5
5002,3
5003,3
5004,3
5005,3
5006,3
5007,3
5008,3
5009,3
5010,3
5011,3
5012,5
5013,1
5014,3
5015,3
5016,3
5017,3
5018,3
5019,5
5020,3
5021,5
5022,3
5023,3
5024,3
5025,3
5026,3
5027,8
5028,3
5029,3
5030,3
5031,3
5032,3
5033,5
5034,5
5035,3
5036,3
5037,3
5038,3
5039,3
5040,3
5041,1
5042,2
5043,3
5044,5
5045,3
5046,3
5047,5
5048,5
5049,3
5050,5
5051,5
5052,3
5053,5
5054,5
5055,3
5056,3
5057,5
5058,3
5059,5
5060,5
5061,5
5062,1
5063,3
5064,1
5065,5
5066,5
5067,3
5068,5
5069,5
5070,3
5071,3
5072,1
5073,5
5074,5
5075,1
5076,5
5077,3
5078,5
5079,5
5080,5
5081,3
5082,1
5083,5
5084,5
5085,5
5086,3
5087,1
5088,1
5089,1
5090,5
5091,5
5092,5
5093,5
5094,5
5095,5
5096,5
5097,5
5098,7
5099,5
5100,5
5101,1
5102,3
5103,2
5104,1
5105,1
5106,3
5107,3
5108,5
5109,5
5110,5
5111,5
5112,5
5113,5
5114,3
5115,5
5116,3
5117,5
5118,5
5119,1
5120,3
5121,5
5122,1
5123,5
5124,5
5125,5
5126,3
5127,5
5128,3
5129,5
5130,1
5131,5
5132,5
5133,1
5134,5
5135,6
5136,5
5137,1
5138,7
5139,1
5140,6
5141,5
5142,5
5143,3
5144,1
5145,5
5146,5
5147,3
5148,5
5149,5
5150,5
5151,3
5152,5
5153,3
5154,5
5155,5
5156,3
5157,3
5158,5
5159,5
5160,5
5161,5
5162,5
5163,3
5164,5
5165,2
5166,5
5167,5
5168,5
5169,5
5170,5
5171,5
5172,5
5173,5
5174,3
5175,5
5176,3
5177,3
5178,5
5179,6
5180,5
5181,1
5182,4
5183,5
5184,5
5185,5
5186,5
5187,5
5188,5
5189,2
5190,5
5191,5
5192,3
5193,8
5194,5
5195,5
5196,1
5197,1
5198,5
5199,7
5200,1
5201,5
5202,5
5203,5
5204,5
5205,5
5206,5
5207,5
5208,5
5209,5
5210,5
5211,5
5212,5
5213,5
5214,5
5215,5
5216,5
5217,1
5218,1
5219,5
5220,6
5221,4
5222,5
5223,4
5224,1
5225,5
5226,1
5227,5
5228,5
5229,4
5230,5
5231,3
5232,5
5233,6
5234,5
5235,5
5236,1
5237,1
5238,5
5239,5
5240,5
5241,8
5242,0
5243,1
5244,1
5245,7
5246,1
5247,7
5248,5
5249,1
5250,5
5251,4
5252,4
5253,4
5254,0
5255,7
5256,6
5257,8
5258,2
5259,7
5260,6
5261,8
5262,8
5263,2
5264,4
5265,4
5266,8
5267,2
5268,6
5269,4
5270,8
5271,2
5272,7
5273,4
5274,7
5275,1
5276,1
5277,4
5278,0
5279,6
5280,4
5281,1
5282,0
5283,4
5284,1
5285,6
5286,7
5287,5
5288,4
5289,4
5290,2
5291,7
5292,8
5293,0
5294,8
5295,6
5296,0
5297,1
5298,2
5299,6
5300,1
5301,8
5302,4
5303,4
5304,8
5305,0
5306,8
5307,2
5308,8
5309,6
5310,1
5311,1
5312,4
5313,6
5314,4
5315,7
5316,4
5317,4
5318,4
5319,4
5320,1
5321,6
5322,6
5323,7
5324,1
5325,4
5326,6
5327,4
5328,8
5329,4
5330,4
5331,1
5332,6
5333,0
5334,1
5335,7
5336,0
5337,6
5338,8
5339,4
5340,7
5341,8
5342,0
5343,7
5344,1
5345,0
5346,1
5347,2
5348,4
5349,1
5350,1
5351,1
5352,8
5353,4
5354,2
5355,4
5356,7
5357,6
5358,6
5359,4
5360,7
5361,1
5362,4
5363,2
5364,5
5365,8
5366,1
5367,6
5368,4
5369,1
5370,0
5371,4
5372,7
5373,0
5374,1
5375,0
5376,4
5377,8
5378,4
5379,1
5380,8
5381,4
5382,1
5383,1
5384,2
5385,5
5386,4
5387,4
5388,4
5389,4
5390,4
5391,8
5392,6
5393,2
5394,4
5395,2
5396,2
5397,4
5398,6
5399,4
5400,8
5401,4
5402,2
5403,4
5404,4
5405,0
5406,1
5407,7
5408,4
5409,1
5410,6
5411,6
5412,4
5413,1
5414,6
5415,2
5416,4
5417,6
5418,1
5419,6
5420,1
5421,7
5422,8
5423,0
5424,4
5425,1
5426,1
5427,0
5428,6
5429,4
5430,6
5431,7
5432,0
5433,5
5434,8
5435,8
5436,4
5437,4
5438,7
5439,0
5440,2
5441,4
5442,6
5443,4
5444,1
5445,2
5446,2
5447,0
5448,4
5449,6
5450,4
5451,2
5452,1
5453,8
5454,1
5455,4
5456,2
5457,4
5458,2
5459,2
5460,1
5461,2
5462,2
5463,6
5464,2
5465,0
5466,6
5467,4
5468,1
5469,8
5470,5
5471,1
5472,2
5473,1
5474,8
5475,4
5476,7
5477,7
5478,0
5479,1
5480,4
5481,4
5482,8
5483,2
5484,7
5485,6
5486,4
5487,1
5488,7
5489,8
5490,2
5491,8
5492,4
5493,6
5494,1
5495,4
5496,7
5497,6
5498,1
5499,4
5500,2
5501,1
5502,4
5503,0
5504,0
5505,2
5506,8
5507,7
5508,1
5509,6
5510,6
5511,8
5512,1
5513,2
5514,4
5515,0
5516,6
5517,4
5518,1
5519,1
5520,4
5521,4
5522,1
5523,8
5524,4
5525,1
5526,4
5527,1
5528,1
5529,1
5530,1
5531,0
5532,1
5533,8
5534,7
5535,0
5536,7
5537,4
5538,1
5539,1
5540,1
5541,1
5542,7
5543,4
5544,1
5545,0
5546,4
5547,6
5548,4
5549,1
5550,4
5551,7
5552,1
5553,2
5554,1
5555,1
5556,1
5557,4
5558,6
5559,4
5560,6
5561,4
5562,8
5563,6
5564,8
5565,4
5566,6
5567,4
5568,8
5569,6
5570,7
5571,0
5572,4
5573,2
5574,4
5575,4
5576,2
5577,0
5578,2
5579,7
5580,0
5581,0
5582,1
5583,4
5584,4
5585,2
5586,2
5587,6
5588,4
5589,7
5590,2
5591,2
5592,1
5593,4
5594,2
5595,0
5596,1
5597,1
5598,6
5599,4
5600,7
5601,4
5602,4
5603,1
5604,1
5605,2
5606,6
5607,6
5608,4
5609,4
5610,4
5611,7
5612,6
5613,1
5614,5
5615,4
5616,0
5617,4
5618,2
5619,4
5620,2
5621,1
5622,8
5623,1
5624,1
5625,4
5626,6
5627,8
5628,0
5629,8
5630,4
5631,1
5632,2
5633,7
5634,0
5635,8
5636,1
5637,6
5638,1
5639,7
5640,4
5641,0
5642,6
5643,4
5644,4
5645,0
5646,6
5647,0
5648,4
5649,4
5650,2
5651,8
5652,8
5653,6
5654,4
5655,7
5656,7
5657,7
5658,6
5659,0
5660,1
5661,7
5662,6
5663,1
5664,1
5665,1
5666,4
5667,1
5668,8
5669,7
5670,8
5671,7
5672,2
5673,7
5674,8
5675,6
5676,7
5677,6
5678,8
5679,6
5680,8
5681,4
5682,2
5683,8
5684,4
5685,1
5686,6
5687,6
5688,7
5689,2
5690,6
5691,1
5692,6
5693,1
5694,7
5695,7
5696,1
5697,1
5698,6
5699,4
5700,7
5701,7
5702,1
5703,4
5704,4
5705,4
5706,1
5707,4
5708,1
5709,4
5710,4
5711,0
5712,8
5713,7
5714,1
5715,6
5716,4
5717,2
5718,4
5719,4
5720,6
5721,4
5722,6
5723,0
5724,8
5725,6
5726,1
5727,4
5728,4
5729,2
5730,6
5731,1
5732,6
5733,4
5734,6
5735,1
5736,1
5737,1
5738,4
5739,4
5740,4
5741,4
5742,1
5743,4
5744,4
5745,4
5746,0
5747,2
5748,4
5749,0
5750,0
5751,1
5752,4
5753,4
5754,4
5755,4
5756,1
5757,4
5758,4
5759,6
5760,6
5761,7
5762,1
5763,7
5764,0
5765,6
5766,8
5767,4
5768,4
5769,7
5770,1
5771,4
5772,0
5773,1
5774,5
5775,1
5776,6
5777,6
5778,5
5779,1
5780,1
5781,6
5782,1
5783,4
5784,7
5785,1
5786,4
5787,1
5788,1
5789,2
5790,2
5791,8
5792,5
5793,0
5794,1
5795,4
5796,4
5797,8
5798,4
5799,1
5800,7
5801,4
5802,1
5803,4
5804,4
5805,1
5806,0
5807,1
5808,4
5809,1
5810,1
5811,1
5812,8
5813,1
5814,6
5815,6
5816,1
5817,1
5818,8
5819,4
5820,8
5821,6
5822,6
5823,7
5824,7
5825,7
5826,6
5827,1
5828,7
5829,8
5830,5
5831,7
5832,4
5833,1
5834,6
5835,4
5836,2
5837,4
5838,8
5839,1
5840,4
5841,4
5842,0
5843,1
5844,2
5845,7
5846,6
5847,1
5848,6
5849,8
5850,1
5851,5
5852,5
5853,2
5854,8
5855,1
5856,5
5857,1
5858,4
5859,7
5860,1
5861,4
5862,4
5863,4
5864,1
5865,1
5866,5
5867,4
5868,8
5869,8
5870,4
5871,6
5872,4
5873,8
5874,8
5875,8
5876,4
5877,8
5878,6
5879,6
5880,1
5881,4
5882,7
5883,4
5884,7
5885,8
5886,0
5887,4
5888,8
5889,8
5890,2
5891,2
5892,4
5893,8
5894,2
5895,7
5896,6
5897,1
5898,7
5899,1
5900,1
5901,1
5902,0
5903,8
5904,6
5905,7
5906,1
5907,1
5908,8
5909,2
5910,4
5911,8
5912,4
5913,4
5914,4
5915,8
5916,7
5917,0
5918,6
5919,4
5920,7
5921,6
5922,6
5923,5
5924,8
5925,2
5926,6
5927,5
5928,5
5929,7
5930,8
5931,8
5932,2
5933,2
5934,2
5935,2
5936,6
5937,2
5938,4
5939,4
5940,2
5941,2
5942,8
5943,1
5944,2
5945,4
5946,2
5947,1
5948,7
5949,2
5950,2
5951,2
5952,2
5953,7
5954,2
5955,2
5956,2
5957,6
5958,2
5959,2
5960,2
5961,4
5962,6
5963,2
5964,1
5965,6
5966,6
5967,6
5968,6
5969,6
5970,6
5971,6
5972,2
5973,8
5974,4
5975,2
5976,2
5977,2
5978,2
5979,7
5980,6
5981,6
5982,2
5983,2
5984,4
5985,4
5986,4
5987,2
5988,4
5989,4
5990,1
5991,4
5992,1
5993,1
5994,1
5995,1
5996,1
5997,2
5998,2
5999,6
6000,1
6001,7
6002,4
6003,2
6004,4
6005,6
6006,4
6007,7
6008,6
6009,1
6010,4
6011,1
6012,1
6013,0
6014,4
6015,0
6016,0
6017,2
6018,2
6019,8
6020,4
6021,4
6022,4
6023,4
6024,8
6025,8
6026,8
6027,2
6028,5
6029,4
6030,4
6031,4
6032,0
6033,2
6034,7
6035,4
6036,5
6037,4
6038,5
6039,5
6040,5
6041,4
6042,4
6043,4
6044,4
6045,4
6046,1
6047,8
6048,6
6049,4
6050,4
6051,4
6052,4
6053,4
6054,4
6055,4
6056,1
6057,1
6058,0
6059,1
6060,6
6061,1
6062,4
6063,2
6064,6
6065,4
6066,6
6067,6
6068,4
6069,4
6070,4
6071,4
6072,4
6073,8
6074,4
6075,5
6076,2
6077,4
6078,4
6079,4
6080,1
6081,6
6082,6
6083,4
6084,6
6085,5
6086,6
6087,8
6088,4
6089,4
6090,4
6091,4
6092,6
6093,2
6094,4
6095,8
6096,2
6097,4
6098,4
6099,4
6100,4
6101,0
6102,0
6103,4
6104,6
6105,0
6106,7
6107,7
6108,2
6109,7
6110,0
6111,0
6112,6
6113,2
6114,7
6115,6
6116,2
6117,2
6118,2
6119,5
6120,1
6121,0
6122,8
6123,2
6124,2
6125,0
6126,0
6127,6
6128,8
6129,6
6130,7
6131,6
6132,2
6133,2
6134,1
6135,7
6136,8
6137,4
6138,4
6139,2
6140,4
6141,6
6142,1
6143,2
6144,6
6145,6
6146,6
6147,0
6148,1
6149,8
6150,1
6151,4
6152,4
6153,8
6154,2
6155,8
6156,7
6157,7
6158,7
6159,7
6160,8
6161,8
6162,1
6163,8
6164,4
6165,4
6166,4
6167,8
6168,1
6169,6
6170,8
6171,8
6172,2
6173,2
6174,0
6175,4
6176,0
6177,0
6178,4
6179,1
6180,1
6181,2
6182,8
6183,8
6184,6
6185,5
6186,6
6187,1
6188,6
6189,8
6190,8
6191,1
6192,2
6193,1
6194,2
6195,0
6196,6
6197,7
6198,2
6199,7
6200,6
6201,4
6202,2
6203,6
6204,4
6205,4
6206,4
6207,6
6208,2
6209,6
6210,7
6211,7
6212,2
6213,6
6214,2
6215,2
6216,4
6217,8
6218,0
6219,6
6220,6
6221,2
6222,8
6223,2
6224,6
6225,4
6226,4
6227,4
6228,4
6229,4
6230,7
6231,8
6232,4
6233,7
6234,7
6235,7
6236,7
6237,7
6238,4
6239,8
6240,2
6241,1
6242,2
6243,8
6244,4
6245,2
6246,8
6247,2
6248,8
6249,2
6250,2
6251,1
6252,0
6253,1
6254,0
6255,7
6256,0
6257,2
6258,2
6259,8
6260,1
6261,1
6262,1
6263,4
6264,2
6265,2
6266,2
6267,8
6268,8
6269,4
6270,4
6271,8
6272,8
6273,8
6274,2
6275,2
6276,8
6277,2
6278,2
6279,6
6280,7
6281,6
6282,2
6283,8
6284,2
6285,6
6286,2
6287,2
6288,2
6289,4
6290,6
6291,6
6292,2
6293,1
6294,8
6295,1
6296,1
6297,2
6298,4
6299,8
6300,8
6301,4
6302,1
6303,4
6304,1
6305,2
6306,0
6307,0
6308,1
6309,1
6310,1
6311,1
6312,2
6313,4
6314,4
6315,1
6316,4
6317,4
6318,2
6319,6
6320,5
6321,1
6322,4
6323,0
6324,4
6325,7
6326,7
6327,4
6328,7
6329,7
6330,7
6331,8
6332,8
6333,4
6334,1
6335,7
6336,2
6337,4
6338,7
6339,8
6340,6
6341,6
6342,6
6343,4
6344,4
6345,7
6346,4
6347,4
6348,8
6349,8
6350,7
6351,8
6352,7
6353,4
6354,4
6355,1
6356,1
6357,1
6358,8
6359,7
6360,1
6361,4
6362,4
6363,1
6364,1
6365,1
6366,4
6367,4
6368,4
6369,8
6370,4
6371,8
6372,4
6373,8
6374,8
6375,8
6376,7
6377,8
6378,2
6379,8
6380,7
6381,7
6382,6
6383,1
6384,1
6385,1
6386,1
6387,4
6388,4
6389,2
6390,8
6391,4
6392,4
6393,6
6394,6
6395,0
6396,4
6397,2
6398,4
6399,4
6400,1
6401,1
6402,4
6403,4
6404,4
6405,1
6406,1
6407,4
6408,6
6409,6
6410,6
6411,4
6412,6
6413,6
6414,7
6415,6
6416,6
6417,6
6418,0
6419,7
6420,8
6421,7
6422,8
6423,7
6424,2
6425,2
6426,2
6427,1
6428,1
6429,1
6430,4
6431,1
6432,2
6433,2
6434,4
6435,4
6436,4
6437,1
6438,1
6439,4
6440,5
6441,1
6442,1
6443,4
6444,4
6445,4
6446,5
6447,2
6448,6
6449,8
6450,4
6451,6
6452,4
6453,7
6454,2
6455,4
6456,2
6457,8
6458,4
6459,4
6460,8
6461,8
6462,6
6463,8
6464,1
6465,6
6466,8
6467,2
6468,4
6469,4
6470,4
6471,4
6472,8
6473,1
6474,4
6475,4
6476,7
6477,1
6478,1
6479,8
6480,8
6481,6
6482,6
6483,2
6484,8
6485,2
6486,2
6487,2
6488,5
6489,7
6490,0
6491,6
6492,6
6493,4
6494,7
6495,6
6496,8
6497,8
6498,4
6499,1
6500,8
6501,7
6502,4
6503,5
6504,1
6505,4
6506,8
6507,1
6508,8
6509,8
6510,6
6511,0
6512,0
6513,0
6514,8
6515,8
6516,8
6517,8
6518,1
6519,8
6520,1
6521,8
6522,8
6523,1
6524,8
6525,0
6526,7
6527,8
6528,6
6529,7
6530,8
6531,8
6532,7
6533,2
6534,4
6535,7
6536,4
6537,8
6538,4
6539,4
6540,4
6541,8
6542,4
6543,7
6544,8
6545,1
6546,7
6547,2
6548,4
6549,4
6550,5
6551,5
6552,5
6553,0
6554,4
6555,5
6556,5
6557,1
6558,0
6559,5
6560,5
6561,8
6562,8
6563,1
6564,1
6565,6
6566,5
6567,6
6568,5
6569,1
6570,5
6571,8
6572,8
6573,5
6574,5
6575,5
6576,4
6577,7
6578,8
6579,8
6580,8
6581,8
6582,8
6583,6
6584,1
6585,1
6586,1
6587,4
6588,8
6589,1
6590,1
6591,2
6592,2
6593,4
6594,4
6595,4
6596,7
6597,4
6598,8
6599,6
6600,4
6601,4
6602,6
6603,6
6604,6
6605,2
6606,2
6607,8
6608,2
6609,7
6610,7
6611,8
6612,1
6613,8
6614,2
6615,2
6616,7
6617,2
6618,8
6619,8
6620,6
6621,0
6622,2
6623,8
6624,7
6625,2
6626,8
6627,2
6628,5
6629,6
6630,6
6631,2
6632,6
6633,6
6634,4
6635,4
6636,7
6637,8
6638,6
6639,6
6640,6
6641,2
6642,7
6643,8
6644,0
6645,1
6646,1
6647,8
6648,7
6649,4
6650,4
6651,8
6652,8
6653,8
6654,1
6655,8
6656,8
6657,1
6658,1
6659,2
6660,8
6661,0
6662,6
6663,2
6664,2
6665,1
6666,1
6667,2
6668,6
6669,6
6670,8
6671,8
6672,8
6673,8
6674,8
6675,1
6676,1
6677,8
6678,8
6679,8
6680,8
6681,8
6682,5
6683,5
6684,6
6685,8
6686,2
6687,8
6688,8
6689,1
6690,7
6691,6
6692,7
6693,8
6694,8
6695,6
6696,8
6697,8
6698,8
6699,4
6700,8
6701,1
6702,1
6703,8
6704,5
6705,2
6706,8
6707,8
6708,1
6709,1
6710,1
6711,0
6712,6
6713,7
6714,6
6715,1
6716,0
6717,0
6718,8
6719,5
6720,8
6721,6
6722,1
6723,2
6724,6
6725,0
6726,0
6727,1
6728,6
6729,6
6730,8
6731,5
6732,8
6733,1
6734,8
6735,1
6736,7
6737,8
6738,8
6739,0
6740,8
6741,5
6742,8
6743,7
6744,8
6745,8
6746,8
6747,8
6748,8
6749,8
6750,0
6751,5
6752,5
6753,5
6754,5
6755,5
6756,5
6757,5
6758,5
6759,5
6760,5
6761,5
6762,0
6763,8
6764,5
6765,8
6766,8
6767,5
6768,8
6769,8
6770,2
6771,8
6772,6
6773,8
6774,0
6775,5
6776,4
6777,6
6778,6
6779,6
6780,8
6781,5
6782,5
6783,5
6784,5
6785,5
6786,5
6787,5
6788,4
6789,1
6790,8
6791,8
6792,8
6793,4
6794,4
6795,8
6796,4
6797,7
6798,4
6799,4
6800,7
6801,8
6802,4
6803,4
6804,6
6805,4
6806,1
6807,1
6808,0
6809,8
6810,8
6811,7
6812,1
6813,1
6814,4
6815,8
6816,8
6817,6
6818,8
6819,8
6820,8
6821,6
6822,0
6823,0
6824,7
6825,8
6826,8
6827,1
6828,1
6829,0
6830,0
6831,0
6832,5
6833,7
6834,1
6835,1
6836,8
6837,8
6838,7
6839,8
6840,8
6841,8
6842,4
6843,7
6844,8
6845,8
6846,1
6847,8
6848,5
6849,0
6850,5
6851,7
6852,0
6853,0
6854,5
6855,7
6856,8
6857,8
6858,1
6859,1
6860,0
6861,8
6862,4
6863,7
6864,1
6865,8
6866,7
6867,7
6868,1
6869,2
6870,8
6871,2
6872,8
6873,0
6874,0
6875,1
6876,4
6877,5
6878,5
6879,5
6880,5
6881,5
6882,5
6883,0
6884,5
6885,5
6886,1
6887,1
6888,5
6889,8
6890,6
6891,8
6892,8
6893,8
6894,8
6895,1
6896,8
6897,8
6898,8
6899,1
6900,0
6901,7
6902,7
6903,7
6904,8
6905,8
6906,5
6907,1
6908,5
6909,8
6910,8
6911,8
6912,8
6913,8
6914,1
6915,7
6916,8
6917,8
6918,1
6919,1
6920,2
6921,0
6922,0
6923,0
6924,0
6925,1
6926,1
6927,7
6928,4
6929,1
6930,8
6931,0
6932,8
6933,8
6934,8
6935,8
6936,5
6937,8
6938,4
6939,4
6940,6
6941,8
6942,8
6943,7
6944,8
6945,8
6946,8
6947,2
6948,1
6949,8
6950,5
6951,5
6952,5
6953,0
6954,0
6955,8
6956,0
6957,7
6958,8
6959,8
6960,0
6961,8
6962,8
6963,4
6964,4
6965,6
6966,8
6967,8
6968,4
6969,2
6970,6
6971,7
6972,2
6973,8
6974,4
6975,4
6976,2
6977,6
6978,1
6979,8
6980,8
6981,2
6982,7
6983,1
6984,5
6985,8
6986,4
6987,6
6988,6
6989,2
6990,8
6991,2
6992,6
6993,6
6994,4
6995,7
6996,8
6997,8
6998,2
6999,2
7000,8
7001,7
7002,5
7003,1
7004,8
7005,0
7006,8
7007,8
7008,4
7009,4
7010,8
7011,7
7012,2
7013,2
7014,1
7015,7
7016,8
7017,7
7018,4
7019,7
7020,8
7021,6
7022,1
7023,4
7024,2
7025,2
7026,8
7027,2
7028,1
7029,4
7030,8
7031,4
7032,8
7033,8
7034,4
7035,4
7036,4
7037,7
7038,7
7039,1
7040,1
7041,4
7042,6
7043,8
7044,1
7045,4
7046,5
7047,0
7048,4
7049,5
7050,2
7051,2
7052,4
7053,5
7054,1
7055,1
7056,1
7057,1
7058,1
7059,1
7060,4
7061,4
7062,2
7063,8
7064,4
7065,4
7066,4
7067,8
7068,1
7069,0
7070,8
7071,6
7072,6
7073,1
7074,7
7075,8
7076,8
7077,8
7078,2
7079,2
7080,0
7081,0
7082,1
7083,1
7084,1
7085,1
7086,1
7087,8
7088,8
7089,8
7090,8
7091,8
7092,8
7093,8
7094,7
7095,8
7096,8
7097,8
7098,8
7099,8
7100,7
7101,8
7102,8
7103,8
7104,8
7105,8
7106,8
7107,8
7108,1
7109,8
7110,1
7111,4
7112,2
7113,7
7114,8
7115,7
7116,6
7117,7
7118,8
7119,8
7120,7
7121,7
7122,4
7123,8
7124,8
7125,2
7126,7
7127,2
7128,2
7129,2
7130,2
7131,7
7132,4
7133,4
7134,7
7135,7
7136,7
7137,7
7138,6
7139,0
7140,1
7141,4
7142,8
7143,8
7144,8
7145,2
7146,5
7147,4
7148,7
7149,4
7150,7
7151,6
7152,4
7153,4
7154,2
7155,8
7156,1
7157,8
7158,5
7159,1
7160,8
7161,2
7162,8
7163,0
7164,4
7165,1
7166,5
7167,1
7168,6
7169,6
7170,2
7171,2
7172,1
7173,4
7174,7
7175,7
7176,7
7177,7
7178,4
7179,6
7180,8
7181,1
7182,8
7183,1
7184,2
7185,5
7186,5
7187,1
7188,6
7189,6
7190,7
7191,1
7192,4
7193,8
7194,8
7195,8
7196,2
7197,8
7198,8
7199,8
7200,8
7201,7
7202,8
7203,7
7204,4
7205,8
7206,8
7207,7
7208,7
7209,8
7210,8
7211,8
7212,8
7213,8
7214,8
7215,8
7216,1
7217,8
7218,2
7219,8
7220,2
7221,8
7222,4
7223,4
7224,2
7225,2
7226,4
7227,4
7228,7
7229,8
7230,0
7231,0
7232,0
7233,6
7234,8
7235,8
7236,8
7237,4
7238,4
7239,4
7240,5
7241,0
7242,2
7243,8
7244,1
7245,1
7246,1
7247,1
7248,4
7249,7
7250,4
7251,1
7252,0
7253,4
7254,4
7255,6
7256,4
7257,7
7258,7
7259,2
7260,7
7261,8
7262,8
7263,8
7264,8
7265,8
7266,4
7267,4
7268,1
7269,1
7270,1
7271,8
7272,4
7273,5
7274,5
7275,5
7276,4
7277,6
7278,5
7279,5
7280,4
7281,6
7282,8
7283,8
7284,1
7285,1
7286,1
7287,1
7288,2
7289,6
7290,8
7291,1
7292,1
7293,1
7294,2
7295,4
7296,1
7297,2
7298,0
7299,6
7300,4
7301,6
7302,6
7303,4
7304,4
7305,4
7306,4
7307,4
7308,8
7309,7
7310,7
7311,8
7312,7
7313,7
7314,7
7315,7
7316,8
7317,7
7318,0
7319,6
7320,6
7321,6
7322,6
7323,6
7324,6
7325,2
7326,1
7327,6
7328,6
7329,4
7330,4
7331,4
7332,4
7333,4
7334,2
7335,6
7336,6
7337,1
7338,2
7339,8
7340,1
7341,2
7342,6
7343,1
7344,6
7345,0
7346,6
7347,1
7348,1
7349,4
7350,4
7351,4
7352,2
7353,6
7354,2
7355,6
7356,6
7357,5
7358,4
7359,4
7360,4
7361,2
7362,8
7363,4
7364,4
7365,8
7366,4
7367,1
7368,4
7369,2
7370,2
7371,4
7372,4
7373,1
7374,1
7375,4
7376,2
7377,2
7378,4
7379,2
7380,5
7381,5
7382,4
7383,4
7384,7
7385,4
7386,4
7387,6
7388,2
7389,4
7390,0
7391,2
7392,4
7393,7
7394,4
7395,4
7396,4
7397,6
7398,2
7399,2
7400,7
7401,4
7402,2
7403,8
7404,2
7405,2
7406,1
7407,4
7408,6
7409,8
7410,8
7411,4
7412,4
7413,4
7414,4
7415,4
7416,8
7417,8
7418,4
7419,7
7420,2
7421,4
7422,1
7423,8
7424,7
7425,7
7426,2
7427,2
7428,2
7429,2
7430,1
7431,2
7432,4
7433,4
7434,2
7435,2
7436,2
7437,2
7438,6
7439,2
7440,1
7441,8
7442,7
7443,0
7444,0
7445,4
7446,7
7447,1
7448,4
7449,2
7450,2
7451,4
7452,7
7453,1
7454,1
7455,1
7456,1
7457,4
7458,2
7459,8
7460,2
7461,7
7462,2
7463,2
7464,4
7465,2
7466,1
7467,6
7468,2
7469,2
7470,2
7471,2
7472,2
7473,4
7474,2
7475,7
7476,7
7477,0
7478,1
7479,6
7480,6
7481,6
7482,6
7483,4
7484,1
7485,1
7486,4
7487,1
7488,4
7489,6
7490,4
7491,1
7492,0
7493,8
7494,7
7495,6
7496,6
7497,8
7498,2
7499,2
7500,5
7501,7
7502,7
7503,2
7504,4
7505,4
7506,4
7507,2
7508,4
7509,4
7510,4
7511,4
7512,4
7513,2
7514,4
7515,4
7516,0
7517,0
7518,0
7519,0
7520,2
7521,4
7522,0
7523,1
7524,1
7525,4
7526,5
7527,1
7528,8
7529,4
7530,2
7531,2
7532,6
7533,2
7534,2
7535,2
7536,4
7537,7
7538,2
7539,7
7540,2
7541,1
7542,2
7543,4
7544,5
7545,1
7546,1
7547,1
7548,4
7549,1
7550,2
7551,8
7552,2
7553,1
7554,6
7555,6
7556,4
7557,4
7558,2
7559,1
7560,1
7561,0
7562,1
7563,0
7564,0
7565,4
7566,2
7567,4
7568,4
7569,4
7570,4
7571,6
7572,2
7573,2
7574,2
7575,2
7576,2
7577,2
7578,4
7579,1
7580,5
7581,2
7582,4
7583,4
7584,4
7585,6
7586,1
7587,1
7588,8
7589,2
7590,6
7591,6
7592,7
7593,7
7594,8
7595,1
7596,8
7597,8
7598,7
7599,8
7600,8
7601,8
7602,1
7603,4
7604,4
7605,7
7606,4
7607,4
7608,5
7609,1
7610,5
7611,6
7612,1
7613,4
7614,8
7615,8
7616,8
7617,4
7618,4
7619,8
7620,8
7621,7
7622,7
7623,4
7624,0
7625,8
7626,8
7627,6
7628,6
7629,4
7630,4
7631,4
7632,4
7633,6
7634,7
7635,2
7636,8
7637,8
7638,8
7639,4
7640,8
7641,0
7642,0
7643,0
7644,0
7645,0
7646,8
7647,8
7648,8
7649,7
7650,4
7651,2
7652,2
7653,1
7654,1
7655,2
7656,8
7657,2
7658,2
7659,6
7660,6
7661,2
7662,1
7663,6
7664,7
7665,7
7666,1
7667,1
7668,6
7669,6
7670,1
7671,4
7672,4
7673,2
7674,8
7675,5
7676,4
7677,1
7678,8
7679,4
7680,8
7681,8
7682,8
7683,6
7684,8
7685,1
7686,4
7687,8
7688,4
7689,4
7690,7
7691,7
7692,7
7693,1
7694,1
7695,8
7696,8
7697,1
7698,8
7699,6
7700,1
7701,4
7702,8
7703,4
7704,4
7705,2
7706,1
7707,4
7708,6
7709,4
7710,2
7711,6
7712,6
7713,0
7714,2
7715,8
7716,8
7717,7
7718,8
7719,7
7720,8
7721,2
7722,2
7723,4
7724,4
7725,4
7726,4
7727,2
7728,2
7729,2
7730,2
7731,8
7732,0
7733,7
7734,7
7735,1
7736,7
7737,7
7738,7
7739,7
7740,6
7741,2
7742,8
7743,6
7744,6
7745,6
7746,8
7747,2
7748,8
7749,4
7750,8
7751,8
7752,8
7753,8
7754,5
7755,8
7756,8
7757,4
7758,4
7759,8
7760,8
7761,2
7762,2
7763,2
7764,6
7765,7
7766,4
7767,7
7768,7
7769,8
7770,8
7771,4
7772,7
7773,0
7774,6
7775,8
7776,2
7777,1
7778,0
7779,1
7780,7
7781,4
7782,8
7783,5
7784,8
7785,8
7786,8
7787,2
7788,1
7789,0
7790,0
7791,7
7792,0
7793,5
7794,4
7795,4
7796,4
7797,8
7798,7
7799,7
7800,6
7801,8
7802,2
7803,1
7804,1
7805,1
7806,2
7807,8
7808,5
7809,8
7810,7
7811,2
7812,1
7813,6
7814,8
7815,8
7816,8
7817,7
7818,4
7819,4
7820,4
7821,4
7822,1
7823,5
7824,1
7825,4
7826,8
7827,8
7828,7
7829,1
7830,5
7831,8
7832,8
7833,1
7834,6
7835,8
7836,1
7837,4
7838,1
7839,5
7840,6
7841,2
7842,8
7843,6
7844,1
7845,4
7846,4
7847,4
7848,2
7849,2
7850,8
7851,7
7852,2
7853,1
7854,8
7855,6
7856,4
7857,8
7858,2
7859,0
7860,5
7861,1
7862,4
7863,0
7864,2
7865,2
7866,4
7867,4
7868,6
7869,2
7870,2
7871,2
7872,5
7873,1
7874,0
7875,5
7876,0
7877,4
7878,2
7879,4
7880,8
7881,4
7882,2
7883,0
7884,0
7885,1
7886,2
7887,1
7888,2
7889,4
7890,1
7891,2
7892,6
7893,7
7894,6
7895,8
7896,2
7897,2
7898,1
7899,0
7900,1
7901,2
7902,2
7903,2
7904,2
7905,2
7906,2
7907,4
7908,6
7909,6
7910,2
7911,6
7912,1
7913,2
7914,2
7915,4
7916,2
7917,1
7918,1
7919,2
7920,1
7921,2
7922,6
7923,2
7924,2
7925,2
7926,1
7927,4
7928,1
7929,0
7930,1
7931,7
7932,6
7933,1
7934,2
7935,8
7936,2
7937,0
7938,4
7939,4
7940,6
7941,2
7942,4
7943,4
7944,4
7945,0
7946,2
7947,4
7948,4
7949,4
7950,8
7951,1
7952,2
7953,8
7954,2
7955,8
7956,8
7957,8
7958,2
7959,2
7960,5
7961,7
7962,6
7963,6
7964,6
7965,0
7966,0
7967,6
7968,8
7969,4
7970,1
7971,2
7972,2
7973,1
7974,7
7975,2
7976,4
7977,7
7978,2
7979,0
7980,2
7981,2
7982,2
7983,2
7984,2
7985,7
7986,8
7987,1
7988,0
7989,4
7990,2
7991,4
7992,6
7993,4
7994,2
7995,2
7996,7
7997,2
7998,2
7999,4
8000,1
8001,4
8002,4
8003,4
8004,8
8005,4
8006,2
8007,7
8008,2
8009,4
8010,7
8011,2
8012,6
8013,2
8014,2
8015,2
8016,1
8017,2
8018,2
8019,2
8020,2
8021,6
8022,1
8023,6
8024,4
8025,1
8026,4
8027,2
8028,2
8029,2
8030,2
8031,4
8032,4
8033,4
8034,2
8035,2
8036,2
8037,2
8038,2
8039,2
8040,2
8041,6
8042,6
8043,4
8044,0
8045,4
8046,4
8047,4
8048,4
8049,2
8050,2
8051,4
8052,4
8053,4
8054,2
8055,8
8056,7
8057,8
8058,8
8059,6
8060,8
8061,2
8062,2
8063,4
8064,2
8065,4
8066,8
8067,8
8068,1
8069,2
8070,2
8071,4
8072,1
8073,6
8074,8
8075,8
8076,6
8077,6
8078,6
8079,6
8080,6
8081,8
8082,1
8083,6
8084,6
8085,6
8086,6
8087,5
8088,2
8089,2
8090,8
8091,8
8092,4
8093,5
8094,5
8095,8
8096,7
8097,1
8098,4
8099,2
8100,8
8101,5
8102,6
8103,8
8104,4
8105,4
8106,8
8107,6
8108,7
8109,8
8110,8
8111,8
8112,0
8113,0
8114,0
8115,8
8116,1
8117,2
8118,1
8119,2
8120,4
8121,4
8122,4
8123,1
8124,1
8125,7
8126,8
8127,8
8128,1
8129,0
8130,2
8131,6
8132,5
8133,1
8134,1
8135,2
8136,2
8137,2
8138,2
8139,2
8140,2
8141,2
8142,2
8143,1
8144,2
8145,2
8146,2
8147,2
8148,2
8149,4
8150,4
8151,2
8152,4
8153,2
8154,1
8155,2
8156,1
8157,1
8158,2
8159,1
8160,1
8161,2
8162,0
8163,4
8164,4
8165,8
8166,4
8167,4
8168,4
8169,2
8170,2
8171,4
8172,4
8173,2
8174,4
8175,6
8176,4
8177,6
8178,4
8179,2
8180,8
8181,2
8182,4
8183,2
8184,2
8185,8
8186,8
8187,2
8188,2
8189,2
8190,8
8191,2
8192,2
8193,2
8194,2
8195,2
8196,6
8197,2
8198,2
8199,2
8200,1
8201,2
8202,5
8203,5
8204,2
8205,2
8206,2
8207,2
8208,2
8209,2
8210,6
8211,7
8212,2
8213,4
8214,2
8215,2
8216,2
8217,0
8218,7
8219,4
8220,2
8221,2
8222,7
8223,4
8224,1
8225,2
8226,0
8227,2
8228,2
8229,2
8230,6
8231,2
8232,2
8233,2
8234,1
8235,2
8236,2
8237,0
8238,2
8239,2
8240,4
8241,4
8242,4
8243,2
8244,2
8245,2
8246,2
8247,2
8248,2
8249,2
8250,2
8251,2
8252,2
8253,7
8254,7
8255,7
8256,7
8257,2
8258,4
8259,6
8260,6
8261,4
8262,6
8263,5
8264,2
8265,4
8266,0
8267,7
8268,2
8269,2
8270,2
8271,6
8272,5
8273,5
8274,5
8275,7
8276,5
8277,0
8278,0
8279,0
8280,0
8281,7
8282,5
8283,1
8284,5
8285,0
8286,1
8287,6
8288,0
8289,8
8290,1
8291,1
8292,7
8293,2
8294,2
8295,5
8296,4
8297,0
8298,0
8299,7
8300,5
8301,4
8302,5
8303,7
8304,2
8305,2
8306,4
8307,4
8308,4
8309,4
8310,5
8311,6
8312,8
8313,1
8314,7
8315,2
8316,8
8317,8
8318,1
8319,8
8320,2
8321,4
8322,6
8323,7
8324,1
8325,0
8326,8
8327,1
8328,7
8329,4
8330,8
8331,8
8332,1
8333,1
8334,8
8335,8
8336,1
8337,1
8338,6
8339,6
8340,1
8341,7
8342,8
8343,1
8344,4
8345,1
8346,1
8347,2
8348,8
8349,2
8350,2
8351,2
8352,6
8353,6
8354,6
8355,1
8356,4
8357,4
8358,0
8359,4
8360,4
8361,6
8362,0
8363,4
8364,8
8365,1
8366,6
8367,1
8368,5
8369,8
8370,8
8371,8
8372,5
8373,8
8374,8
8375,8
8376,7
8377,1
8378,1
8379,8
8380,8
8381,1
8382,2
8383,5
8384,1
8385,4
8386,1
8387,7
8388,8
8389,8
8390,5
8391,4
8392,8
8393,1
8394,1
8395,8
8396,5
8397,2
8398,8
8399,8
8400,5
8401,8
8402,4
8403,6
8404,1
8405,2
8406,1
8407,8
8408,2
8409,8
8410,5
8411,6
8412,1
8413,1
8414,2
8415,1
8416,6
8417,1
8418,5
8419,5
8420,8
8421,5
8422,4
8423,1
8424,4
8425,1
8426,7
8427,1
8428,0
8429,0
8430,1
8431,8
8432,0
8433,8
8434,7
8435,7
8436,5
8437,0
8438,6
8439,6
8440,7
8441,7
8442,7
8443,6
8444,1
8445,8
8446,8
8447,8
8448,2
8449,8
8450,0
8451,8
8452,7
8453,7
8454,0
8455,0
8456,7
8457,0
8458,0
8459,0
8460,0
8461,0
8462,7
8463,7
8464,2
8465,8
8466,8
8467,8
8468,7
8469,1
8470,4
8471,4
8472,4
8473,4
8474,4
8475,6
8476,8
8477,4
8478,6
8479,6
8480,2
8481,8
8482,4
8483,2
8484,8
8485,6
8486,4
8487,2
8488,2
8489,2
8490,8
8491,8
8492,8
8493,2
8494,2
8495,8
8496,1
8497,6
8498,2
8499,4
8500,8
8501,1
8502,8
8503,8
8504,6
8505,1
8506,8
8507,4
8508,8
8509,8
8510,4
8511,4
8512,8
8513,8
8514,8
8515,2
8516,1
8517,1
8518,2
8519,2
8520,8
8521,2
8522,1
8523,2
8524,2
8525,2
8526,7
8527,1
8528,2
8529,2
8530,8
8531,5
8532,8
8533,8
8534,2
8535,4
8536,4
8537,7
8538,7
8539,8
8540,0
8541,6
8542,7
8543,0
8544,8
8545,2
8546,2
8547,6
8548,2
8549,6
8550,6
8551,6
8552,7
8553,4
8554,0
8555,0
8556,0
8557,1
8558,5
8559,1
8560,1
8561,1
8562,4
8563,4
8564,8
8565,2
8566,1
8567,4
8568,1
8569,7
8570,2
8571,7
8572,0
8573,2
8574,4
8575,8
8576,4
8577,4
8578,1
8579,7
8580,4
8581,4
8582,1
8583,7
8584,2
8585,0
8586,8
8587,8
8588,2
8589,2
8590,2
8591,8
8592,2
8593,8
8594,8
8595,2
8596,2
8597,0
8598,4
8599,2
8600,5
8601,0
8602,4
8603,4
8604,8
8605,4
8606,4
8607,4
8608,4
8609,8
8610,1
8611,2
8612,1
8613,4
8614,4
8615,8
8616,2
8617,2
8618,1
8619,5
8620,6
8621,1
8622,1
8623,8
8624,0
8625,5
8626,5
8627,2
8628,8
8629,2
8630,6
8631,2
8632,1
8633,4
8634,2
8635,4
8636,8
8637,8
8638,2
8639,4
8640,1
8641,1
8642,6
8643,1
8644,0
8645,4
8646,4
8647,5
8648,1
8649,1
8650,1
8651,1
8652,4
8653,4
8654,2
8655,6
8656,6
8657,8
8658,6
8659,0
8660,6
8661,7
8662,2
8663,4
8664,7
8665,7
8666,2
8667,2
8668,0
8669,1
8670,1
8671,2
8672,7
8673,2
8674,7
8675,2
8676,7
8677,8
8678,2
8679,6
8680,0
8681,8
8682,2
8683,8
8684,2
8685,1
8686,1
8687,4
8688,8
8689,8
8690,2
8691,4
8692,4
8693,1
8694,6
8695,1
8696,6
8697,2
8698,6
8699,8
8700,0
8701,7
8702,1
8703,4
8704,1
8705,0
8706,4
8707,4
8708,7
8709,2
8710,8
8711,1
8712,8
8713,6
8714,6
8715,2
8716,4
8717,2
8718,1
8719,2
8720,4
8721,2
8722,2
8723,5
8724,2
8725,8
8726,5
8727,2
8728,8
8729,6
8730,2
8731,4
8732,6
8733,4
8734,4
8735,5
8736,4
8737,1
8738,4
8739,7
8740,4
8741,0
8742,0
8743,0
8744,7
8745,2
8746,2
8747,2
8748,2
8749,8
8750,2
8751,5
8752,8
8753,4
8754,2
8755,2
8756,2
8757,2
8758,7
8759,7
8760,2
8761,1
8762,4
8763,4
8764,8
8765,8
8766,2
8767,4
8768,4
8769,6
8770,4
8771,7
8772,2
8773,6
8774,5
8775,6
8776,8
8777,7
8778,2
8779,6
8780,4
8781,2
8782,8
8783,2
8784,4
8785,8
8786,8
8787,2
8788,6
8789,6
8790,4
8791,6
8792,2
8793,6
8794,4
8795,4
8796,4
8797,4
8798,2
8799,8
8800,7
8801,1
8802,2
8803,4
8804,6
8805,6
8806,4
8807,0
8808,6
8809,1
8810,7
8811,0
8812,0
8813,1
8814,0
8815,0
8816,2
8817,1
8818,6
8819,6
8820,1
8821,2
8822,6
8823,2
8824,7
8825,2
8826,5
8827,2
8828,2
8829,7
8830,2
8831,1
8832,4
8833,2
8834,6
8835,1
8836,5
8837,4
8838,5
8839,5
8840,5
8841,5
8842,5
8843,6
8844,0
8845,4
8846,4
8847,2
8848,1
8849,8
8850,8
8851,2
8852,7
8853,6
8854,6
8855,2
8856,5
8857,7
8858,2
8859,2
8860,8
8861,8
8862,0
8863,6
8864,1
8865,0
8866,0
8867,7
8868,7
8869,6
8870,0
8871,4
8872,2
8873,2
8874,2
8875,1
8876,0
8877,2
8878,0
8879,0
8880,0
8881,5
8882,0
8883,0
8884,0
8885,2
8886,6
8887,4
8888,1
8889,6
8890,4
8891,6
8892,2
8893,1
8894,6
8895,6
8896,6
8897,4
8898,4
8899,5
8900,0
8901,2
8902,2
8903,2
8904,7
8905,7
8906,4
8907,4
8908,7
8909,7
8910,4
8911,8
8912,1
8913,1
8914,1
8915,0
8916,4
8917,2
8918,4
8919,4
8920,4
8921,6
8922,1
8923,6
8924,4
8925,1
8926,6
8927,2
8928,2
8929,6
8930,7
8931,2
8932,1
8933,0
8934,5
8935,1
8936,7
8937,4
8938,2
8939,2
8940,8
8941,2
8942,1
8943,2
8944,2
8945,1
8946,0
8947,1
8948,4
8949,1
8950,2
8951,6
8952,0
8953,7
8954,6
8955,6
8956,2
8957,2
8958,2
8959,8
8960,2
8961,1
8962,8
8963,8
8964,4
8965,7
8966,4
8967,5
8968,5
8969,5
8970,7
8971,5
8972,2
8973,2
8974,4
8975,8
8976,6
8977,2
8978,2
8979,2
8980,4
8981,4
8982,7
8983,2
8984,6
8985,7
8986,6
8987,6
8988,1
8989,4
8990,1
8991,8
8992,5
8993,8
8994,1
8995,1
8996,5
8997,6
8998,6
8999,6
9000,6
9001,0
9002,7
9003,6
9004,7
9005,2
9006,6
9007,7
9008,5
9009,4
9010,2
9011,7
9012,2
9013,5
9014,8
9015,6
9016,2
9017,2
9018,8
9019,6
9020,6
9021,7
9022,2
9023,2
9024,6
9025,6
9026,6
9027,7
9028,8
9029,0
9030,7
9031,0
9032,1
9033,7
9034,0
9035,7
9036,6
9037,8
9038,2
9039,8
9040,8
9041,4
9042,6
9043,6
9044,8
9045,8
9046,6
9047,2
9048,2
9049,8
9050,8
9051,8
9052,6
9053,2
9054,7
9055,6
9056,6
9057,6
9058,6
9059,8
9060,2
9061,2
9062,2
9063,4
9064,0
9065,8
9066,6
9067,8
9068,4
9069,1
9070,4
9071,8
9072,1
9073,1
9074,4
9075,1
9076,2
9077,1
9078,8
9079,6
9080,8
9081,6
9082,5
9083,6
9084,8
9085,8
9086,5
9087,2
9088,8
9089,8
9090,8
9091,8
9092,8
9093,7
9094,4
9095,0
9096,8
9097,0
9098,2
9099,8
9100,8
9101,8
9102,8
9103,7
9104,7
9105,7
9106,7
9107,7
9108,8
9109,7
9110,8
9111,0
9112,8
9113,6
9114,0
9115,2
9116,8
9117,8
9118,2
9119,2
9120,6
9121,4
9122,4
9123,4
9124,2
9125,6
9126,5
9127,5
9128,5
9129,5
9130,6
9131,1
9132,6
9133,6
9134,8
9135,1
9136,5
9137,1
9138,8
9139,8
9140,2
9141,1
9142,8
9143,4
9144,1
9145,1
9146,6
9147,1
9148,1
9149,1
9150,6
9151,0
9152,0
9153,0
9154,1
9155,2
9156,5
9157,2
9158,5
9159,1
9160,4
9161,1
9162,8
9163,6
9164,1
9165,1
9166,0
9167,8
9168,5
9169,2
9170,8
9171,2
9172,0
9173,8
9174,4
9175,4
9176,8
9177,0
9178,7
9179,7
9180,1
9181,4
9182,5
9183,2
9184,4
9185,4
9186,1
9187,6
9188,1
9189,7
9190,8
9191,2
9192,2
9193,1
9194,8
9195,8
9196,8
9197,8
9198,1
9199,8
9200,2
9201,2
9202,8
9203,6
9204,8
9205,8
9206,8
9207,8
9208,6
9209,8
9210,8
9211,5
9212,5
9213,7
9214,2
9215,8
9216,4
9217,2
9218,2
9219,2
9220,7
9221,2
9222,7
9223,8
9224,8
9225,8
9226,8
9227,7
9228,7
9229,7
9230,7
9231,7
9232,5
9233,5
9234,8
9235,8
9236,8
9237,8
9238,8
9239,5
9240,4
9241,1
9242,8
9243,0
9244,0
9245,0
9246,4
9247,8
9248,8
9249,8
9250,2
9251,2
9252,8
9253,2
9254,5
9255,8
9256,5
9257,7
9258,7
9259,8
9260,8
9261,4
9262,4
9263,4
9264,4
9265,4
9266,2
9267,8
9268,8
9269,1
9270,8
9271,7
9272,1
9273,5
9274,1
9275,1
9276,4
9277,8
9278,8
9279,8
9280,7
9281,6
9282,8
9283,5
9284,7
9285,8
9286,4
9287,8
9288,7
9289,1
9290,2
9291,5
9292,2
9293,2
9294,2
9295,7
9296,8
9297,2
9298,0
9299,0
9300,0
9301,2
9302,7
9303,7
9304,6
9305,4
9306,7
9307,0
9308,2
9309,4
9310,7
9311,1
9312,4
9313,2
9314,5
9315,2
9316,1
9317,8
9318,1
9319,4
9320,8
9321,8
9322,4
9323,4
9324,1
9325,4
9326,1
9327,6
9328,4
9329,4
9330,1
9331,4
9332,4
9333,4
9334,2
9335,1
9336,2
9337,2
9338,2
9339,0
9340,1
9341,1
9342,8
9343,8
9344,2
9345,4
9346,6
9347,8
9348,2
9349,7
9350,7
9351,4
9352,7
9353,8
9354,8
9355,8
9356,1
9357,1
9358,2
9359,8
9360,8
9361,2
9362,2
9363,4
9364,4
9365,4
9366,4
9367,1
9368,4
9369,4
9370,0
9371,6
9372,8
9373,2
9374,2
9375,2
9376,1
9377,7
9378,5
9379,5
9380,1
9381,2
9382,2
9383,7
9384,5
9385,8
9386,8
9387,8
9388,8
9389,4
9390,6
9391,7
9392,8
9393,7
9394,8
9395,8
9396,8
9397,6
9398,8
9399,6
9400,8
9401,8
9402,2
9403,8
9404,8
9405,2
9406,8
9407,2
9408,7
9409,7
9410,8
9411,0
9412,8
9413,8
9414,2
9415,2
9416,8
9417,2
9418,0
9419,0
9420,8
9421,7
9422,8
9423,1
9424,0
9425,1
9426,6
9427,8
9428,6
9429,1
9430,1
9431,6
9432,2
9433,2
9434,8
9435,6
9436,4
9437,4
9438,4
9439,0
9440,4
9441,6
9442,4
9443,6
9444,6
9445,0
9446,8
9447,8
9448,8
9449,8
9450,8
9451,6
9452,6
9453,2
9454,1
9455,8
9456,2
9457,4
9458,0
9459,5
9460,1
9461,0
9462,0
9463,1
9464,7
9465,8
9466,7
9467,8
9468,8
9469,0
9470,1
9471,7
9472,8
9473,6
9474,8
9475,8
9476,8
9477,8
9478,8
9479,2
9480,8
9481,8
9482,1
9483,7
9484,8
9485,8
9486,8
9487,8
9488,7
9489,8
9490,8
9491,7
9492,6
9493,4
9494,6
9495,1
9496,0
9497,1
9498,1
9499,4
9500,4
9501,8
9502,7
9503,4
9504,8
9505,2
9506,8
9507,5
9508,1
9509,5
9510,8
9511,6
9512,4
9513,7
9514,7
9515,7
9516,7
9517,4
9518,7
9519,8
9520,8
9521,7
9522,2
9523,4
9524,5
9525,5
9526,5
9527,0
9528,5
9529,8
9530,5
9531,5
9532,5
9533,5
9534,5
9535,5
9536,5
9537,1
9538,5
9539,6
9540,8
9541,6
9542,8
9543,1
9544,8
9545,8
9546,4
9547,8
9548,5
9549,8
9550,1
9551,5
9552,6
9553,6
9554,1
9555,6
9556,5
9557,1
9558,2
9559,5
9560,5
9561,5
9562,5
9563,1
9564,1
9565,7
9566,7
9567,6
9568,8
9569,6
9570,8
9571,8
9572,8
9573,2
9574,8
9575,8
9576,4
9577,8
9578,7
9579,7
9580,1
9581,8
9582,4
9583,8
9584,8
9585,8
9586,8
9587,6
9588,8
9589,8
9590,8
9591,8
9592,5
9593,5
9594,5
9595,0
9596,5
9597,0
9598,5
9599,0
9600,5
9601,5
9602,5
9603,5
9604,5
9605,5
9606,5
9607,5
9608,5
9609,7
9610,5
9611,5
9612,8
9613,1
9614,4
9615,8
9616,8
9617,8
9618,7
9619,1
9620,6
9621,6
9622,4
9623,6
9624,4
9625,4
9626,6
9627,1
9628,6
9629,0
9630,8
9631,7
9632,8
9633,8
9634,2
9635,8
9636,8
9637,7
9638,4
9639,4
9640,8
9641,1
9642,5
9643,5
9644,6
9645,4
9646,1
9647,4
9648,4
9649,1
9650,1
9651,8
9652,8
9653,4
9654,8
9655,7
9656,7
9657,8
9658,2
9659,8
9660,8
9661,1
9662,1
9663,5
9664,8
9665,4
9666,4
9667,4
9668,7
9669,6
9670,2
9671,8
9672,2
9673,7
9674,2
9675,8
9676,8
9677,8
9678,7
9679,8
9680,6
9681,6
9682,8
9683,6
9684,6
9685,1
9686,6
9687,7
9688,8
9689,7
9690,2
9691,8
9692,7
9693,2
9694,8
9695,8
9696,8
9697,8
9698,8
9699,2
9700,8
9701,8
9702,0
9703,0
9704,8
9705,8
9706,6
9707,7
9708,6
9709,2
9710,7
9711,2
9712,4
9713,1
9714,7
9715,8
9716,5
9717,0
9718,0
9719,8
9720,0
9721,2
9722,2
9723,8
9724,2
9725,8
9726,8
9727,8
9728,6
9729,8
9730,8
9731,8
9732,8
9733,4
9734,0
9735,1
9736,6
9737,4
9738,4
9739,4
9740,4
9741,4
9742,8
9743,8
9744,2
9745,6
9746,8
9747,8
9748,8
9749,2
9750,2
9751,7
9752,7
9753,5
9754,4
9755,8
9756,5
9757,8
9758,8
9759,8
9760,6
9761,1
9762,7
9763,8
9764,2
9765,2
9766,0
9767,1
9768,8
9769,8
9770,4
9771,5
9772,8
9773,6
9774,2
9775,5
9776,1
9777,4
9778,1
9779,5
9780,5
9781,8
9782,6
9783,1
9784,6
9785,6
9786,6
9787,8
9788,2
9789,2
9790,2
9791,7
9792,6
9793,8
9794,8
9795,2
9796,4
9797,8
9798,8
9799,4
9800,2
9801,2
9802,2
9803,2
9804,4
9805,1
9806,4
9807,4
9808,8
9809,8
9810,7
9811,8
9812,6
9813,6
9814,2
9815,6
9816,1
9817,6
9818,6
9819,1
9820,5
9821,5
9822,5
9823,5
9824,2
9825,5
9826,5
9827,6
9828,5
9829,6
9830,5
9831,5
9832,5
9833,2
9834,6
9835,5
9836,5
9837,5
9838,4
9839,6
9840,5
9841,5
9842,5
9843,5
9844,5
9845,5
9846,6
9847,8
9848,2
9849,6
9850,2
9851,8
9852,2
9853,8
9854,6
9855,8
9856,5
9857,8
9858,1
9859,8
9860,4
9861,8
9862,8
9863,8
9864,8
9865,8
9866,0
9867,8
9868,8
9869,0
9870,6
9871,6
9872,4
9873,8
9874,5
9875,5
9876,6
9877,8
9878,8
9879,0
9880,8
9881,8
9882,8
9883,8
9884,6
9885,6
9886,8
9887,8
9888,2
9889,2
9890,7
9891,0
9892,4
9893,8
9894,7
9895,2
9896,6
9897,6
9898,2
9899,8
9900,8
9901,1
9902,7
9903,1
9904,1
9905,6
9906,1
9907,6
9908,8
9909,8
9910,6
9911,7
9912,7
9913,7
9914,2
9915,7
9916,8
9917,1
9918,5
9919,8
9920,4
9921,4
9922,6
9923,5
9924,5
9925,5
9926,5
9927,8
9928,5
9929,5
9930,6
9931,6
9932,6
9933,0
9934,0
9935,6
9936,4
9937,0
9938,7
9939,1
9940,6
9941,8
9942,6
9943,6
9944,6
9945,0
9946,7
9947,0
9948,7
9949,6
9950,7
9951,7
9952,7
9953,6
9954,1
9955,2
9956,2
9957,2
9958,8
9959,6
9960,6
9961,4
9962,1
9963,1
9964,4
9965,8
9966,4
9967,6
9968,6
9969,2
9970,1
9971,5
9972,5
9973,8
9974,8
9975,8
9976,8
9977,6
9978,8
9979,7
9980,8
9981,1
9982,5
9983,4
9984,7
9985,5
9986,5
9987,5
9988,5
9989,5
9990,1
9991,8
9992,8
9993,8
9994,2
9995,8
9996,8
9997,8
9998,7
9999,5
10000,7
10001,6
10002,4
10003,8
10004,5
10005,8
10006,4
10007,6
10008,6
10009,8
10010,1
10011,5
10012,8
10013,1
10014,6
10015,6
10016,2
10017,1
10018,5
10019,7
10020,8
10021,2
10022,6
10023,6
10024,8
10025,8
10026,7
10027,1
10028,1
10029,2
10030,8
10031,7
10032,6
10033,1
10034,7
10035,7
10036,0
10037,0
10038,7
10039,8
10040,8
10041,6
10042,8
10043,8
10044,8
10045,6
10046,6
10047,7
10048,8
10049,2
10050,2
10051,4
10052,7
10053,6
10054,8
10055,8
10056,2
10057,2
10058,8
10059,6
10060,1
10061,1
10062,5
10063,8
10064,8
10065,8
10066,7
10067,8
10068,8
10069,7
10070,2
10071,2
10072,8
10073,8
10074,8
10075,8
10076,8
10077,7
10078,8
10079,8
10080,2
10081,8
10082,8
10083,6
10084,2
10085,2
10086,4
10087,6
10088,2
10089,8
10090,8
10091,8
10092,8
10093,6
10094,6
10095,8
10096,1
10097,8
10098,1
10099,2
10100,4
10101,5
10102,2
10103,2
10104,2
10105,6
10106,4
10107,2
10108,8
10109,8
10110,8
10111,1
10112,2
10113,2
10114,5
10115,2
10116,1
10117,2
10118,1
10119,2
10120,2
10121,2
10122,4
10123,4
10124,2
10125,2
10126,4
10127,4
10128,7
10129,8
10130,4
10131,6
10132,6
10133,0
10134,2
10135,8
10136,2
10137,6
10138,4
10139,1
10140,0
10141,6
10142,4
10143,7
10144,7
10145,2
10146,1
10147,2
10148,2
10149,2
10150,8
10151,2
10152,0
10153,0
10154,0
10155,2
10156,4
10157,2
10158,2
10159,4
10160,6
10161,2
10162,2
10163,2
10164,2
10165,2
10166,2
10167,2
10168,2
10169,2
10170,2
10171,2
10172,2
10173,2
10174,7
10175,2
10176,2
10177,2
10178,2
10179,2
10180,2
10181,2
10182,4
10183,2
10184,2
10185,2
10186,2
10187,8
10188,6
10189,4
10190,4
10191,4
10192,4
10193,4
10194,2
10195,4
10196,4
10197,4
10198,1
10199,4
10200,6
10201,1
10202,8
10203,2
10204,2
10205,2
10206,6
10207,2
10208,2
10209,2
10210,2
10211,6
10212,8
10213,2
10214,6
10215,2
10216,2
10217,4
10218,4
10219,4
10220,4
10221,2
10222,4
10223,4
10224,2
10225,2
10226,2
10227,4
10228,2
10229,2
10230,2
10231,4
10232,2
10233,4
10234,2
10235,4
10236,4
10237,6
10238,7
10239,4
10240,4
10241,0
10242,6
10243,2
10244,2
10245,6
10246,6
10247,2
10248,2
10249,1
10250,2
10251,2
10252,2
10253,8
10254,7
10255,2
10256,1
10257,2
10258,2
10259,2
10260,6
10261,2
10262,2
10263,2
10264,2
10265,2
10266,2
10267,4
10268,8
10269,1
10270,1
10271,1
10272,6
10273,4
10274,6
10275,2
10276,1
10277,2
10278,1
10279,1
10280,2
10281,2
10282,6
10283,2
10284,2
10285,2
10286,6
10287,2
10288,2
10289,2
10290,2
10291,2
10292,0
10293,6
10294,2
10295,0
10296,0
10297,0
10298,0
10299,5
10300,1
10301,0
10302,0
10303,4
10304,6
10305,1
10306,2
10307,2
10308,2
10309,7
10310,2
10311,2
10312,2
10313,2
10314,2
10315,6
10316,6
10317,2
10318,2
10319,2
10320,1
10321,4
10322,1
10323,6
10324,2
10325,4
10326,2
10327,8
10328,6
10329,4
10330,2
10331,2
10332,2
10333,2
10334,8
10335,6
10336,4
10337,2
10338,2
10339,2
10340,7
10341,2
10342,2
10343,4
10344,1
10345,4
10346,5
10347,2
10348,4
10349,0
10350,2
10351,2
10352,4
10353,6
10354,0
10355,0
10356,2
10357,2
10358,2
10359,2
10360,6
10361,2
10362,0
10363,2
10364,6
10365,8
10366,8
10367,8
10368,2
10369,8
10370,8
10371,6
10372,2
10373,8
10374,1
10375,2
10376,2
10377,7
10378,2
10379,8
10380,8
10381,2
10382,2
10383,4
10384,6
10385,4
10386,4
10387,6
10388,4
10389,6
10390,4
10391,2
10392,7
10393,0
10394,2
10395,2
10396,2
10397,8
10398,4
10399,2
10400,8
10401,8
10402,8
10403,6
10404,4
10405,2
10406,2
10407,2
10408,8
10409,2
10410,2
10411,1
10412,6
10413,1
10414,4
10415,2
10416,8
10417,2
10418,2
10419,2
10420,2
10421,8
10422,7
10423,4
10424,8
10425,2
10426,2
10427,0
10428,0
10429,0
10430,2
10431,2
10432,0
10433,1
10434,1
10435,1
10436,2
10437,6
10438,2
10439,2
10440,8
10441,2
10442,2
10443,1
10444,7
10445,2
10446,6
10447,6
10448,6
10449,1
10450,2
10451,2
10452,6
10453,2
10454,2
10455,2
10456,5
10457,4
10458,4
10459,4
10460,2
10461,4
10462,1
10463,1
10464,7
10465,1
10466,4
10467,6
10468,4
10469,2
10470,2
10471,5
10472,4
10473,4
10474,4
10475,4
10476,4
10477,4
10478,4
10479,8
10480,4
10481,8
10482,8
10483,8
10484,2
10485,2
10486,2
10487,2
10488,4
10489,1
10490,1
10491,4
10492,4
10493,4
10494,6
10495,2
10496,4
10497,6
10498,6
10499,6
10500,4
10501,4
10502,4
10503,4
10504,4
10505,4
10506,4
10507,2
10508,6
10509,4
10510,4
10511,1
10512,4
10513,0
10514,0
10515,1
10516,6
10517,4
10518,2
10519,4
10520,1
10521,7
10522,2
10523,2
10524,2
10525,4
10526,8
10527,4
10528,4
10529,4
10530,7
10531,4
10532,4
10533,4
10534,4
10535,4
10536,4
10537,4
10538,4
10539,2
10540,4
10541,5
10542,1
10543,2
10544,1
10545,4
10546,1
10547,4
10548,1
10549,6
10550,2
10551,2
10552,4
10553,4
10554,7
10555,6
10556,4
10557,4
10558,0
10559,7
10560,0
10561,4
10562,4
10563,1
10564,4
10565,4
10566,2
10567,2
10568,2
10569,4
10570,8
10571,7
10572,2
10573,2
10574,6
10575,2
10576,4
10577,4
10578,4
10579,4
10580,4
10581,8
10582,0
10583,0
10584,0
10585,4
10586,2
10587,0
10588,4
10589,4
10590,0
10591,0
10592,2
10593,2
10594,2
10595,2
10596,2
10597,8
10598,1
10599,1
10600,4
10601,2
10602,4
10603,1
10604,4
10605,4
10606,2
10607,8
10608,2
10609,2
10610,2
10611,8
10612,8
10613,6
10614,6
10615,6
10616,6
10617,2
10618,2
10619,2
10620,8
10621,6
10622,2
10623,2
10624,2
10625,2
10626,2
10627,2
10628,2
10629,2
10630,2
10631,2
10632,2
10633,8
10634,1
10635,2
10636,1
10637,1
10638,5
10639,2
10640,8
10641,0
10642,1
10643,4
10644,8
10645,6
10646,6
10647,8
10648,8
10649,7
10650,8
10651,6
10652,8
10653,2
10654,1
10655,5
10656,2
10657,8
10658,8
10659,2
10660,1
10661,6
10662,8
10663,8
10664,1
10665,5
10666,5
10667,5
10668,1
10669,1
10670,4
10671,6
10672,6
10673,6
10674,8
10675,8
10676,5
10677,5
10678,5
10679,5
10680,4
10681,7
10682,8
10683,6
10684,2
10685,2
10686,2
10687,6
10688,2
10689,8
10690,8
10691,5
10692,5
10693,5
10694,4
10695,5
10696,5
10697,5
10698,7
10699,8
10700,7
10701,6
10702,7
10703,2
10704,2
10705,6
10706,2
10707,2
10708,6
10709,2
10710,6
10711,8
10712,2
10713,4
10714,1
10715,1
10716,1
10717,5
10718,5
10719,5
10720,5
10721,5
10722,5
10723,5
10724,5
10725,5
10726,8
10727,5
10728,1
10729,4
10730,8
10731,1
10732,1
10733,4
10734,5
10735,5
10736,1
10737,2
10738,8
10739,8
10740,7
10741,7
10742,8
10743,6
10744,8
10745,8
10746,7
10747,8
10748,2
10749,6
10750,8
10751,8
10752,8
10753,8
10754,5
10755,8
10756,8
10757,8
10758,6
10759,5
10760,6
10761,8
10762,8
10763,8
10764,4
10765,0
10766,0
10767,4
10768,7
10769,8
10770,8
10771,6
10772,2
10773,2
10774,6
10775,8
10776,8
10777,8
10778,1
10779,6
10780,8
10781,7
10782,0
10783,7
10784,1
10785,7
10786,7
10787,7
10788,4
10789,8
10790,8
10791,8
10792,1
10793,2
10794,2
10795,1
10796,6
10797,6
10798,6
10799,8
10800,7
10801,2
10802,2
10803,6
10804,1
10805,0
10806,6
10807,8
10808,1
10809,7
10810,1
10811,7
10812,8
10813,8
10814,6
10815,5
10816,5
10817,0
10818,0
10819,1
10820,8
10821,0
10822,0
10823,5
10824,5
10825,7
10826,5
10827,5
10828,4
10829,8
10830,8
10831,4
10832,7
10833,8
10834,4
10835,1
10836,4
10837,4
10838,4
10839,1
10840,8
10841,7
10842,4
10843,5
10844,4
10845,4
10846,4
10847,1
10848,0
10849,6
10850,5
10851,5
10852,5
10853,5
10854,5
10855,8
10856,8
10857,1
10858,1
10859,8
10860,5
10861,7
10862,7
10863,1
10864,6
10865,6
10866,6
10867,7
10868,2
10869,4
10870,4
10871,6
10872,7
10873,7
10874,1
10875,4
10876,5
10877,2
10878,8
10879,8
10880,8
10881,4
10882,1
10883,5
10884,5
10885,5
10886,2
10887,1
10888,8
10889,1
10890,1
10891,1
10892,1
10893,8
10894,0
10895,0
10896,4
10897,2
10898,2
10899,8
10900,8
10901,8
10902,1
10903,2
10904,8
10905,8
10906,6
10907,1
10908,7
10909,5
10910,0
10911,7
10912,0
10913,7
10914,7
10915,8
10916,5
10917,1
10918,8
10919,4
10920,8
10921,8
10922,8
10923,8
10924,6
10925,6
10926,4
10927,6
10928,1
10929,6
10930,8
10931,8
10932,1
10933,4
10934,1
10935,0
10936,8
10937,1
10938,7
10939,8
10940,8
10941,4
10942,8
10943,1
10944,1
10945,1
10946,8
10947,8
10948,8
10949,8
10950,1
10951,1
10952,1
10953,4
10954,4
10955,1
10956,2
10957,8
10958,8
10959,6
10960,4
10961,4
10962,8
10963,2
10964,2
10965,2
10966,6
10967,8
10968,8
10969,6
10970,6
10971,5
10972,5
10973,5
10974,7
10975,0
10976,6
10977,7
10978,0
10979,1
10980,1
10981,6
10982,6
10983,1
10984,7
10985,7
10986,7
10987,7
10988,7
10989,7
10990,7
10991,7
10992,7
10993,7
10994,1
10995,1
10996,7
10997,7
10998,2
10999,2
11000,7
11001,6
11002,0
11003,8
11004,8
11005,6
11006,1
11007,6
11008,7
11009,8
11010,8
11011,7
11012,0
11013,0
11014,0
11015,6
11016,6
11017,7
11018,0
11019,6
11020,2
11021,0
11022,5
11023,1
11024,1
11025,1
11026,5
11027,6
11028,6
11029,8
11030,5
11031,5
11032,0
11033,5
11034,5
11035,1
11036,7
11037,0
11038,6
11039,1
11040,1
11041,0
11042,0
11043,0
11044,1
11045,1
11046,0
11047,1
11048,8
11049,2
11050,1
11051,6
11052,0
11053,6
11054,1
11055,2
11056,6
11057,5
11058,5
11059,8
11060,8
11061,8
11062,2
11063,8
11064,8
11065,2
11066,2
11067,0
11068,8
11069,6
11070,8
11071,4
11072,1
11073,8
11074,2
11075,0
11076,8
11077,8
11078,1
11079,7
11080,6
11081,0
11082,0
11083,8
11084,8
11085,6
11086,6
11087,1
11088,2
11089,5
11090,4
11091,5
11092,5
11093,0
11094,0
11095,5
11096,4
11097,5
11098,5
11099,5
11100,5
11101,5
11102,5
11103,1
11104,4
11105,0
11106,2
11107,1
11108,8
11109,5
11110,5
11111,5
11112,5
11113,5
11114,5
11115,0
11116,5
11117,5
11118,8
11119,8
11120,1
11121,2
11122,8
11123,2
11124,8
11125,8
11126,4
11127,0
11128,1
11129,4
11130,4
11131,4
11132,0
11133,5
11134,4
11135,2
11136,4
11137,6
11138,7
11139,0
11140,4
11141,7
11142,7
11143,7
11144,8
11145,7
11146,0
11147,8
11148,2
11149,7
11150,8
11151,1
11152,4
11153,6
11154,0
11155,0
11156,0
11157,0
11158,0
11159,0
11160,8
11161,8
11162,1
11163,8
11164,6
11165,8
11166,6
11167,2
11168,2
11169,4
11170,1
11171,1
11172,1
11173,1
11174,4
11175,6
11176,8
11177,8
11178,5
11179,8
11180,8
11181,6
11182,4
11183,8
11184,0
11185,0
11186,1
11187,8
11188,6
11189,8
11190,2
11191,6
11192,6
11193,4
11194,4
11195,4
11196,4
11197,8
11198,4
11199,4
11200,4
11201,1
11202,4
11203,2
11204,8
11205,7
11206,4
11207,8
11208,5
11209,5
11210,4
11211,4
11212,5
11213,5
11214,1
11215,2
11216,8
11217,8
11218,8
11219,1
11220,8
11221,1
11222,1
11223,2
11224,1
11225,8
11226,4
11227,6
11228,4
11229,6
11230,1
11231,8
11232,0
11233,6
11234,1
11235,8
11236,1
11237,7
11238,8
11239,8
11240,7
11241,7
11242,4
11243,4
11244,4
11245,4
11246,2
11247,6
11248,4
11249,4
11250,8
11251,8
11252,8
11253,8
11254,8
11255,8
11256,8
11257,8
11258,7
11259,7
11260,6
11261,7
11262,6
11263,8
11264,6
11265,1
11266,4
11267,7
11268,2
11269,8
11270,7
11271,0
11272,6
11273,2
11274,2
11275,6
11276,1
11277,8
11278,8
11279,6
11280,4
11281,0
11282,2
11283,0
11284,7
11285,6
11286,8
11287,6
11288,1
11289,6
11290,8
11291,2
11292,2
11293,6
11294,2
11295,2
11296,6
11297,2
11298,5
11299,1
11300,1
11301,7
11302,8
11303,6
11304,2
11305,2
11306,2
11307,0
11308,8
11309,8
11310,8
11311,8
11312,1
11313,4
11314,1
11315,4
11316,4
11317,1
11318,4
11319,6
11320,0
11321,6
11322,0
11323,2
11324,6
11325,2
11326,1
11327,1
11328,2
11329,4
11330,8
11331,8
11332,8
11333,8
11334,8
11335,1
11336,6
11337,0
11338,1
11339,4
11340,8
11341,0
11342,0
11343,0
11344,0
11345,2
11346,1
11347,1
11348,1
11349,7
11350,8
11351,8
11352,7
11353,7
11354,8
11355,2
11356,2
11357,6
11358,6
11359,6
11360,1
11361,8
11362,8
11363,0
11364,8
11365,8
11366,4
11367,4
11368,8
11369,4
11370,8
11371,1
11372,1
11373,1
11374,7
11375,2
11376,8
11377,8
11378,8
11379,5
11380,5
11381,1
11382,4
11383,4
11384,5
11385,6
11386,8
11387,8
11388,8
11389,7
11390,1
11391,8
11392,8
11393,8
11394,8
11395,8
11396,8
11397,5
11398,6
11399,2
11400,8
11401,8
11402,7
11403,8
11404,8
11405,6
11406,6
11407,1
11408,8
11409,4
11410,0
11411,4
11412,8
11413,7
11414,2
11415,2
11416,7
11417,7
11418,7
11419,8
11420,8
11421,8
11422,4
11423,7
11424,7
11425,7
11426,7
11427,7
11428,7
11429,7
11430,7
11431,7
11432,6
11433,6
11434,6
11435,4
11436,2
11437,2
11438,8
11439,1
11440,1
11441,1
11442,2
11443,6
11444,1
11445,2
11446,0
11447,7
11448,7
11449,7
11450,8
11451,2
11452,8
11453,2
11454,8
11455,8
11456,7
11457,7
11458,4
11459,4
11460,4
11461,8
11462,1
11463,8
11464,8
11465,8
11466,1
11467,1
11468,1
11469,1
11470,7
11471,7
11472,7
11473,8
11474,7
11475,7
11476,6
11477,8
11478,8
11479,8
11480,8
11481,4
11482,8
11483,4
11484,5
11485,2
11486,8
11487,6
11488,7
11489,8
11490,6
11491,4
11492,7
11493,7
11494,7
11495,6
11496,2
11497,2
11498,2
11499,1
11500,5
11501,2
11502,2
11503,6
11504,2
11505,2
11506,6
11507,6
11508,6
11509,1
11510,1
11511,6
11512,6
11513,1
11514,1
11515,5
11516,4
11517,4
11518,8
11519,2
11520,2
11521,0
11522,8
11523,0
11524,1
11525,6
11526,6
11527,8
11528,2
11529,2
11530,1
11531,1
11532,6
11533,7
11534,8
11535,8
11536,8
11537,8
11538,7
11539,2
11540,2
11541,2
11542,2
11543,4
11544,2
11545,4
11546,8
11547,2
11548,8
11549,2
11550,4
11551,4
11552,7
11553,7
11554,4
11555,7
11556,4
11557,2
11558,2
11559,2
11560,4
11561,2
11562,2
11563,1
11564,2
11565,2
11566,2
11567,6
11568,4
11569,2
11570,6
11571,2
11572,4
11573,2
11574,1
11575,4
11576,2
11577,2
11578,7
11579,7
11580,7
11581,6
11582,2
11583,4
11584,4
11585,4
11586,5
11587,2
11588,1
11589,0
11590,4
11591,1
11592,1
11593,1
11594,7
11595,4
11596,2
11597,1
11598,1
11599,0
11600,7
11601,8
11602,6
11603,8
11604,1
11605,8
11606,8
11607,2
11608,2
11609,8
11610,2
11611,2
11612,1
11613,1
11614,6
11615,5
11616,6
11617,1
11618,0
11619,0
11620,2
11621,1
11622,8
11623,1
11624,5
11625,1
11626,2
11627,5
11628,1
11629,1
11630,5
11631,4
11632,8
11633,4
11634,1
11635,4
11636,6
11637,6
11638,8
11639,4
11640,4
11641,0
11642,0
11643,6
11644,0
11645,2
11646,1
11647,4
11648,0
11649,0
11650,1
11651,2
11652,8
11653,8
11654,7
11655,7
11656,7
11657,4
11658,2
11659,8
11660,2
11661,5
11662,1
11663,6
11664,8
11665,8
11666,8
11667,4
11668,5
11669,4
11670,4
11671,4
11672,4
11673,4
11674,4
11675,7
11676,7
11677,4
11678,7
11679,6
11680,6
11681,7
11682,6
11683,7
11684,8
11685,8
11686,8
11687,8
11688,8
11689,8
11690,8
11691,2
11692,2
11693,2
11694,2
11695,6
11696,5
11697,5
11698,8
11699,1
11700,6
11701,7
11702,8
11703,7
11704,1
11705,4
11706,1
11707,2
11708,2
11709,1
11710,6
11711,7
11712,7
11713,0
11714,8
11715,6
11716,6
11717,5
11718,7
11719,2
11720,7
11721,0
11722,8
11723,1
11724,2
11725,2
11726,4
11727,7
11728,6
11729,2
11730,6
11731,7
11732,2
11733,4
11734,2
11735,5
11736,6
11737,6
11738,2
11739,8
11740,1
11741,1
11742,0
11743,0
11744,8
11745,8
11746,8
11747,8
11748,1
11749,7
11750,7
11751,7
11752,1
11753,1
11754,1
11755,7
11756,8
11757,7
11758,1
11759,1
11760,8
11761,6
11762,8
11763,8
11764,8
11765,1
11766,8
11767,8
11768,8
11769,6
11770,8
11771,8
11772,7
11773,8
11774,8
11775,8
11776,2
11777,8
11778,2
11779,8
11780,1
11781,5
11782,4
11783,2
11784,6
11785,8
11786,4
11787,1
11788,4
11789,5
11790,5
11791,2
11792,7
11793,7
11794,7
11795,7
11796,4
11797,2
11798,8
11799,2
11800,1
11801,8
11802,4
11803,4
11804,4
11805,4
11806,4
11807,8
11808,6
11809,6
11810,0
11811,8
11812,1
11813,4
11814,2
11815,4
11816,2
11817,5
11818,5
11819,4
11820,1
11821,7
11822,8
11823,4
11824,6
11825,2
11826,4
11827,1
11828,1
11829,4
11830,7
11831,6
11832,7
11833,7
11834,4
11835,5
11836,8
11837,8
11838,7
11839,8
11840,7
11841,0
11842,8
11843,4
11844,5
11845,7
11846,7
11847,0
11848,0
11849,0
11850,5
11851,1
11852,0
11853,0
11854,0
11855,8
11856,2
11857,7
11858,7
11859,8
11860,2
11861,7
11862,7
11863,8
11864,4
11865,8
11866,2
11867,2
11868,4
11869,1
11870,1
11871,1
11872,4
11873,8
11874,2
11875,2
11876,8
11877,8
11878,8
11879,1
11880,0
11881,2
11882,4
11883,2
11884,8
11885,1
11886,4
11887,7
11888,6
11889,4
11890,5
11891,4
11892,4
11893,1
11894,4
11895,8
11896,2
11897,2
11898,8
11899,4
11900,8
11901,4
11902,8
11903,1
11904,1
11905,1
11906,1
11907,2
11908,7
11909,2
11910,2
11911,6
11912,1
11913,4
11914,8
11915,6
11916,8
11917,4
11918,4
11919,4
11920,4
11921,2
11922,4
11923,2
11924,6
11925,2
11926,2
11927,4
11928,2
11929,8
11930,8
11931,8
11932,4
11933,6
11934,2
11935,8
11936,4
11937,2
11938,8
11939,8
11940,8
11941,8
11942,0
11943,2
11944,4
11945,6
11946,4
11947,4
11948,8
11949,5
11950,1
11951,1
11952,7
11953,7
11954,7
11955,6
11956,1
11957,1
11958,8
11959,8
11960,8
11961,8
11962,7
11963,7
11964,1
11965,8
11966,7
11967,7
11968,4
11969,7
11970,2
11971,4
11972,2
11973,7
11974,4
11975,0
11976,1
11977,4
11978,1
11979,8
11980,8
11981,6
11982,7
11983,6
11984,5
11985,7
11986,7
11987,7
11988,8
11989,1
11990,4
11991,4
11992,4
11993,1
11994,8
11995,2
11996,4
11997,8
11998,7
11999,8
12000,8
12001,8
12002,4
12003,4
12004,6
12005,5
12006,5
12007,6
12008,1
12009,0
12010,5
12011,1
12012,1
12013,1
12014,1
12015,2
12016,6
12017,1
12018,6
12019,1
12020,8
12021,6
12022,8
12023,8
12024,1
12025,8
12026,7
12027,0
12028,4
12029,2
12030,8
12031,0
12032,7
12033,7
12034,8
12035,8
12036,6
12037,8
12038,4
12039,8
12040,8
12041,2
12042,8
12043,2
12044,7
12045,4
12046,4
12047,6
12048,4
12049,8
12050,8
12051,8
12052,8
12053,1
12054,8
12055,8
12056,7
12057,6
12058,6
12059,8
12060,0
12061,6
12062,8
12063,6
12064,0
12065,7
12066,7
12067,8
12068,1
12069,7
12070,0
12071,0
12072,8
12073,8
12074,2
12075,8
12076,1
12077,4
12078,7
12079,6
12080,2
12081,2
12082,6
12083,6
12084,6
12085,1
12086,1
12087,1
12088,1
12089,4
12090,6
12091,8
12092,6
12093,8
12094,8
12095,8
12096,8
12097,8
12098,1
12099,5
12100,6
12101,0
12102,6
12103,4
12104,4
12105,4
12106,4
12107,4
12108,4
12109,4
12110,4
12111,2
12112,6
12113,2
12114,2
12115,2
12116,2
12117,4
12118,4
12119,6
12120,8
12121,6
12122,6
12123,4
12124,2
12125,2
12126,2
12127,2
12128,1
12129,4
12130,4
12131,6
12132,4
12133,4
12134,6
12135,2
12136,6
12137,2
12138,1
12139,6
12140,1
12141,1
12142,8
12143,7
12144,7
12145,4
12146,8
12147,2
12148,4
12149,0
12150,2
12151,4
12152,1
12153,4
12154,4
12155,1
12156,4
12157,4
12158,2
12159,2
12160,4
12161,4
12162,4
12163,4
12164,1
12165,4
12166,4
12167,4
12168,1
12169,4
12170,4
12171,4
12172,8
12173,2
12174,2
12175,1
12176,4
12177,8
12178,5
12179,1
12180,1
12181,8
12182,8
12183,6
12184,2
12185,2
12186,6
12187,6
12188,2
12189,6
12190,2
12191,2
12192,2
12193,2
12194,1
12195,1
12196,8
12197,1
12198,1
12199,2
12200,2
12201,6
12202,0
12203,7
12204,4
12205,8
12206,4
12207,4
12208,4
12209,1
12210,1
12211,4
12212,4
12213,1
12214,4
12215,4
12216,7
12217,6
12218,4
12219,1
12220,4
12221,1
12222,8
12223,1
12224,6
12225,8
12226,4
12227,4
12228,2
12229,1
12230,1
12231,4
12232,1
12233,0
12234,4
12235,4
12236,5
12237,0
12238,5
12239,1
12240,2
12241,2
12242,2
12243,0
12244,4
12245,1
12246,8
12247,4
12248,1
12249,0
12250,0
12251,0
12252,4
12253,0
12254,2
12255,4
12256,2
12257,4
12258,4
12259,4
12260,1
12261,0
12262,0
12263,2
12264,6
12265,6
12266,4
12267,4
12268,4
12269,4
12270,4
12271,2
12272,2
12273,2
12274,4
12275,4
12276,4
12277,4
12278,4
12279,0
12280,6
12281,8
12282,2
12283,2
12284,5
12285,1
12286,0
12287,1
12288,0
12289,0
12290,0
12291,1
12292,6
12293,1
12294,2
12295,8
12296,8
12297,1
12298,4
12299,8
12300,6
12301,6
12302,4
12303,2
12304,6
12305,4
12306,1
12307,5
12308,1
12309,2
12310,4
12311,6
12312,1
12313,2
12314,8
12315,1
12316,0
12317,4
12318,2
12319,8
12320,2
12321,1
12322,2
12323,2
12324,8
12325,2
12326,2
12327,4
12328,4
12329,2
12330,8
12331,6
12332,1
12333,1
12334,4
12335,1
12336,0
12337,4
12338,0
12339,4
12340,0
12341,0
12342,5
12343,5
12344,4
12345,1
12346,2
12347,1
12348,1
12349,7
12350,7
12351,4
12352,1
12353,6
12354,2
12355,2
12356,6
12357,7
12358,2
12359,8
12360,4
12361,4
12362,7
12363,2
12364,8
12365,0
12366,4
12367,4
12368,4
12369,4
12370,8
12371,8
12372,8
12373,5
12374,1
12375,8
12376,5
12377,8
12378,8
12379,2
12380,8
12381,8
12382,8
12383,0
12384,8
12385,6
12386,4
12387,8
12388,8
12389,2
12390,4
12391,4
12392,8
12393,4
12394,0
12395,4
12396,8
12397,5
12398,5
12399,0
12400,5
12401,1
12402,5
12403,1
12404,5
12405,5
12406,0
12407,8
12408,4
12409,5
12410,1
12411,5
12412,1
12413,5
12414,5
12415,5
12416,5
12417,5
12418,5
12419,4
12420,4
12421,4
12422,4
12423,5
12424,5
12425,1
12426,2
12427,6
12428,1
12429,6
12430,4
12431,6
12432,6
12433,4
12434,0
12435,2
12436,1
12437,0
12438,8
12439,1
12440,2
12441,1
12442,6
12443,4
12444,6
12445,6
12446,6
12447,7
12448,8
12449,2
12450,5
12451,6
12452,8
12453,6
12454,8
12455,8
12456,8
12457,8
12458,8
12459,6
12460,0
12461,2
12462,4
12463,7
12464,7
12465,7
12466,7
12467,7
12468,7
12469,7
12470,7
12471,0
12472,0
12473,5
12474,5
12475,6
12476,0
12477,0
12478,1
12479,0
12480,1
12481,8
12482,1
12483,7
12484,8
12485,2
12486,8
12487,6
12488,6
12489,2
12490,6
12491,8
12492,8
12493,8
12494,0
12495,1
12496,6
12497,6
12498,6
12499,2
12500,8
12501,4
12502,1
12503,1
12504,5
12505,5
12506,1
12507,1
12508,8
12509,1
12510,4
12511,8
12512,4
12513,4
12514,4
12515,4
12516,1
12517,5
12518,4
12519,5
12520,6
12521,6
12522,6
12523,6
12524,1
12525,6
12526,6
12527,5
12528,6
12529,7
12530,1
12531,1
12532,6
12533,4
12534,2
12535,8
12536,5
12537,1
12538,2
12539,2
12540,1
12541,1
12542,1
12543,6
12544,6
12545,7
12546,2
12547,1
12548,8
12549,8
12550,1
12551,2
12552,2
12553,1
12554,1
12555,4
12556,6
12557,4
12558,2
12559,2
12560,7
12561,6
12562,4
12563,1
12564,1
12565,4
12566,4
12567,1
12568,1
12569,2
12570,1
12571,5
12572,2
12573,0
12574,1
12575,1
12576,7
12577,2
12578,2
12579,5
12580,1
12581,0
12582,0
12583,8
12584,8
12585,8
12586,0
12587,0
12588,5
12589,0
12590,0
12591,0
12592,4
12593,4
12594,8
12595,6
12596,4
12597,6
12598,8
12599,4
12600,4
12601,2
12602,2
12603,5
12604,8
12605,8
12606,7
12607,2
12608,2
12609,5
12610,1
12611,8
12612,6
12613,6
12614,1
12615,4
12616,7
12617,7
12618,1
12619,1
12620,1
12621,1
12622,1
12623,6
12624,6
12625,8
12626,0
12627,1
12628,6
12629,4
12630,0
12631,0
12632,4
12633,4
12634,4
12635,7
12636,0
12637,2
12638,2
12639,2
12640,5
12641,5
12642,5
12643,6
12644,4
12645,4
12646,5
12647,4
12648,7
12649,6
12650,5
12651,4
12652,6
12653,5
12654,1
12655,1
12656,2
12657,6
12658,4
12659,7
12660,6
12661,8
12662,6
12663,2
12664,5
12665,5
12666,6
12667,5
12668,4
12669,8
12670,8
12671,4
12672,7
12673,7
12674,6
12675,6
12676,5
12677,5
12678,5
12679,2
12680,1
12681,1
12682,1
12683,8
12684,2
12685,6
12686,2
12687,6
12688,6
12689,5
12690,6
12691,5
12692,5
12693,8
12694,2
12695,2
12696,1
12697,1
12698,1
12699,1
12700,1
12701,1
12702,8
12703,2
12704,4
12705,1
12706,0
12707,1
12708,1
12709,8
12710,7
12711,7
12712,6
12713,0
12714,1
12715,1
12716,1
12717,1
12718,4
12719,2
12720,5
12721,6
12722,2
12723,2
12724,1
12725,1
12726,0
12727,1
12728,1
12729,1
12730,1
12731,1
12732,4
12733,1
12734,4
12735,6
12736,2
12737,2
12738,1
12739,4
12740,1
12741,2
12742,2
12743,4
12744,4
12745,7
12746,2
12747,2
12748,1
12749,1
12750,1
12751,1
12752,1
12753,1
12754,4
12755,1
12756,1
12757,2
12758,7
12759,1
12760,5
12761,4
12762,4
12763,4
12764,4
12765,6
12766,7
12767,8
12768,1
12769,2
12770,7
12771,7
12772,7
12773,7
12774,5
12775,2
12776,2
12777,2
12778,4
12779,1
12780,8
12781,8
12782,7
12783,4
12784,4
12785,6
12786,5
12787,1
12788,6
12789,8
12790,8
12791,2
12792,2
12793,1
12794,5
12795,2
12796,1
12797,1
12798,4
12799,4
12800,5
12801,5
12802,2
12803,2
12804,2
12805,1
12806,2
12807,2
12808,2
12809,2
12810,1
12811,4
12812,1
12813,1
12814,1
12815,1
12816,4
12817,7
12818,0
12819,1
12820,6
12821,4
12822,2
12823,1
12824,5
12825,5
12826,2
12827,4
12828,1
12829,1
12830,1
12831,0
12832,2
12833,4
12834,4
12835,5
12836,5
12837,6
12838,4
12839,4
12840,2
12841,0
12842,2
12843,1
12844,2
12845,1
12846,6
12847,1
12848,4
12849,1
12850,1
12851,0
12852,7
12853,2
12854,0
12855,4
12856,0
12857,5
12858,2
12859,8
12860,1
12861,0
12862,0
12863,0
12864,0
12865,0
12866,5
12867,7
12868,6
12869,4
12870,2
12871,4
12872,6
12873,8
12874,8
12875,1
12876,2
12877,6
12878,8
12879,7
12880,7
12881,0
12882,0
12883,0
12884,6
12885,8
12886,2
12887,6
12888,7
12889,7
12890,7
12891,8
12892,8
12893,8
12894,8
12895,8
12896,1
12897,4
12898,5
12899,1
12900,5
12901,7
12902,7
12903,7
12904,4
12905,1
12906,6
12907,1
12908,8
12909,8
12910,8
12911,6
12912,6
12913,8
12914,8
12915,2
12916,1
12917,7
12918,4
12919,1
12920,7
12921,3
12922,8
12923,6
12924,8
12925,6
12926,5
12927,6
12928,2
12929,1
12930,2
12931,1
12932,5
12933,2
12934,5
12935,5
12936,5
12937,2
12938,2
12939,5
12940,5
12941,0
12942,0
12943,5
12944,5
12945,7
12946,5
12947,7
12948,2
12949,7
12950,7
12951,8
12952,7
12953,8
12954,8
12955,5
12956,8
12957,8
12958,2
12959,4
12960,6
12961,6
12962,2
12963,8
12964,7
12965,7
12966,7
12967,0
12968,1
12969,8
12970,8
12971,8
12972,8
12973,8
12974,2
12975,1
12976,4
12977,4
12978,2
12979,7
12980,8
12981,4
12982,1
12983,7
12984,2
12985,1
12986,0
12987,4
12988,7
12989,1
12990,1
12991,1
12992,0
12993,1
12994,8
12995,4
12996,1
12997,4
12998,4
12999,8
13000,8
13001,6
13002,0
13003,2
13004,8
13005,4
13006,4
13007,7
13008,7
13009,8
13010,8
13011,1
13012,4
13013,4
13014,4
13015,4
13016,7
13017,7
13018,7
13019,8
13020,4
13021,4
13022,4
13023,4
13024,8
13025,4
13026,8
13027,1
13028,5
13029,1
13030,1
13031,1
13032,8
13033,8
13034,7
13035,8
13036,8
13037,8
13038,8
13039,8
13040,8
13041,5
13042,6
13043,8
13044,8
13045,5
13046,2
13047,4
13048,8
13049,7
13050,8
13051,8
13052,7
13053,1
13054,8
13055,4
13056,1
13057,4
13058,8
13059,7
13060,7
13061,7
13062,8
13063,7
13064,4
13065,7
13066,7
13067,1
13068,6
13069,6
13070,8
13071,8
13072,8
13073,1
13074,4
13075,0
13076,0
13077,1
13078,4
13079,7
13080,1
13081,7
13082,8
13083,8
13084,8
13085,8
13086,0
13087,5
13088,0
13089,5
13090,5
13091,5
13092,5
13093,5
13094,8
13095,1
13096,4
13097,1
13098,1
13099,6
13100,1
13101,8
13102,8
13103,7
13104,7
13105,8
13106,1
13107,2
13108,6
13109,1
13110,4
13111,1
13112,1
13113,4
13114,8
13115,1
13116,0
13117,1
13118,4
13119,8
13120,8
13121,1
13122,1
13123,1
13124,4
13125,4
13126,8
13127,6
13128,6
13129,4
13130,7
13131,4
13132,6
13133,4
13134,4
13135,8
13136,1
13137,4
13138,8
13139,0
13140,1
13141,1
13142,4
13143,7
13144,2
13145,4
13146,1
13147,2
13148,8
13149,8
13150,4
13151,1
13152,4
13153,2
13154,8
13155,1
13156,5
13157,1
13158,1
13159,4
13160,8
13161,8
13162,1
13163,1
13164,1
13165,0
13166,5
13167,4
13168,5
13169,1
13170,4
13171,5
13172,1
13173,7
13174,7
13175,5
13176,1
13177,7
13178,1
13179,1
13180,8
13181,6
13182,6
13183,2
13184,6
13185,2
13186,8
13187,8
13188,8
13189,8
13190,8
13191,8
13192,8
13193,5
13194,8
13195,4
13196,5
13197,8
13198,8
13199,1
13200,0
13201,1
13202,1
13203,8
13204,8
13205,8
13206,2
13207,8
13208,6
13209,6
13210,6
13211,8
13212,4
13213,8
13214,8
13215,8
13216,8
13217,7
13218,8
13219,8
13220,4
13221,8
13222,8
13223,1
13224,1
13225,1
13226,1
13227,2
13228,8
13229,5
13230,8
13231,8
13232,2
13233,8
13234,8
13235,8
13236,7
13237,6
13238,7
13239,0
13240,1
13241,2
13242,6
13243,7
13244,1
13245,0
13246,0
13247,0
13248,5
13249,0
13250,0
13251,0
13252,4
13253,0
13254,0
13255,4
13256,4
13257,4
13258,4
13259,1
13260,1
13261,1
13262,8
13263,5
13264,5
13265,1
13266,5
13267,1
13268,2
13269,7
13270,6
13271,4
13272,8
13273,1
13274,4
13275,4
13276,4
13277,1
13278,6
13279,6
13280,0
13281,0
13282,0
13283,6
13284,8
13285,5
13286,2
13287,5
13288,8
13289,8
13290,8
13291,8
13292,6
13293,6
13294,4
13295,6
13296,4
13297,6
13298,4
13299,4
13300,6
13301,4
13302,6
13303,8
13304,1
13305,1
13306,0
13307,4
13308,6
13309,6
13310,8
13311,1
13312,7
13313,6
13314,8
13315,7
13316,7
13317,8
13318,1
13319,1
13320,5
13321,6
13322,1
13323,1
13324,5
13325,8
13326,2
13327,1
13328,1
13329,8
13330,7
13331,4
13332,8
13333,8
13334,7
13335,7
13336,5
13337,8
13338,6
13339,0
13340,0
13341,0
13342,0
13343,6
13344,6
13345,6
13346,6
13347,6
13348,8
13349,8
13350,0
13351,0
13352,1
13353,6
13354,8
13355,6
13356,5
13357,6
13358,2
13359,8
13360,8
13361,6
13362,0
13363,6
13364,8
13365,6
13366,6
13367,8
13368,8
13369,5
13370,8
13371,8
13372,8
13373,8
13374,8
13375,1
13376,5
13377,6
13378,8
13379,4
13380,7
13381,6
13382,8
13383,8
13384,5
13385,8
13386,8
13387,0
13388,2
13389,4
13390,4
13391,8
13392,4
13393,4
13394,7
13395,4
13396,4
13397,4
13398,8
13399,8
13400,8
13401,8
13402,4
13403,8
13404,8
13405,1
13406,8
13407,8
13408,6
13409,1
13410,2
13411,7
13412,1
13413,1
13414,4
13415,1
13416,1
13417,8
13418,1
13419,7
13420,8
13421,8
13422,6
13423,4
13424,6
13425,6
13426,4
13427,2
13428,2
13429,1
13430,1
13431,8
13432,7
13433,0
13434,8
13435,2
13436,0
13437,4
13438,0
13439,0
13440,7
13441,7
13442,7
13443,7
13444,7
13445,7
13446,7
13447,7
13448,7
13449,7
13450,1
13451,8
13452,2
13453,6
13454,8
13455,2
13456,2
13457,7
13458,7
13459,4
13460,6
13461,4
13462,6
13463,6
13464,6
13465,7
13466,4
13467,4
13468,8
13469,8
13470,6
13471,4
13472,6
13473,6
13474,1
13475,2
13476,7
13477,6
13478,4
13479,6
13480,6
13481,6
13482,8
13483,8
13484,8
13485,2
13486,8
13487,0
13488,0
13489,0
13490,0
13491,0
13492,1
13493,7
13494,8
13495,8
13496,8
13497,8
13498,8
13499,8
13500,8
13501,8
13502,5
13503,8
13504,7
13505,6
13506,8
13507,1
13508,6
13509,2
13510,6
13511,2
13512,6
13513,0
13514,1
13515,2
13516,6
13517,8
13518,7
13519,7
13520,7
13521,7
13522,1
13523,1
13524,8
13525,6
13526,8
13527,8
13528,1
13529,5
13530,5
13531,4
13532,4
13533,7
13534,5
13535,5
13536,8
13537,1
13538,8
13539,8
13540,2
13541,7
13542,2
13543,5
13544,1
13545,0
13546,2
13547,2
13548,7
13549,0
13550,1
13551,8
13552,4
13553,4
13554,5
13555,5
13556,4
13557,6
13558,2
13559,8
13560,5
13561,2
13562,4
13563,4
13564,4
13565,7
13566,8
13567,8
13568,8
13569,8
13570,1
13571,8
13572,1
13573,2
13574,2
13575,8
13576,4
13577,4
13578,4
13579,4
13580,2
13581,0
13582,6
13583,4
13584,7
13585,8
13586,7
13587,4
13588,1
13589,8
13590,5
13591,5
13592,5
13593,5
13594,8
13595,0
13596,8
13597,0
13598,8
13599,2
13600,1
13601,8
13602,0
13603,8
13604,0
13605,8
13606,1
13607,4
13608,1
13609,5
13610,5
13611,5
13612,5
13613,8
13614,2
13615,6
13616,1
13617,0
13618,4
13619,8
13620,0
13621,4
13622,1
13623,0
13624,0
13625,0
13626,0
13627,1
13628,1
13629,8
13630,8
13631,3
13632,1
13633,0
13634,1
13635,0
13636,1
13637,0
13638,6
13639,4
13640,4
13641,4
13642,8
13643,5
13644,6
13645,8
13646,4
13647,4
13648,8
13649,8
13650,4
13651,4
13652,2
13653,2
13654,2
13655,8
13656,8
13657,8
13658,7
13659,6
13660,6
13661,6
13662,8
13663,8
13664,5
13665,6
13666,6
13667,8
13668,8
13669,5
13670,2
13671,2
13672,2
13673,4
13674,7
13675,6
13676,4
13677,6
13678,6
13679,8
13680,6
13681,6
13682,4
13683,4
13684,4
13685,2
13686,1
13687,5
13688,4
13689,4
13690,4
13691,4
13692,7
13693,4
13694,4
13695,6
13696,8
13697,1
13698,1
13699,7
13700,6
13701,2
13702,6
13703,8
13704,8
13705,8
13706,3
13707,1
13708,4
13709,4
13710,4
13711,2
13712,2
13713,6
13714,4
13715,8
13716,8
13717,1
13718,4
13719,4
13720,0
13721,4
13722,4
13723,4
13724,7
13725,8
13726,8
13727,0
13728,0
13729,0
13730,0
13731,0
13732,0
13733,6
13734,2
13735,2
13736,4
13737,1
13738,2
13739,2
13740,7
13741,6
13742,6
13743,6
13744,4
13745,2
13746,5
13747,1
13748,6
13749,6
13750,1
13751,2
13752,1
13753,4
13754,2
13755,8
13756,2
13757,5
13758,6
13759,6
13760,6
13761,5
13762,6
13763,2
13764,2
13765,2
13766,2
13767,2
13768,2
13769,2
13770,1
13771,2
13772,6
13773,2
13774,8
13775,6
13776,1
13777,5
13778,6
13779,8
13780,1
13781,8
13782,1
13783,6
13784,4
13785,7
13786,7
13787,1
13788,5
13789,6
13790,8
13791,8
13792,8
13793,5
13794,7
13795,8
13796,8
13797,8
13798,7
13799,7
13800,8
13801,1
13802,8
13803,6
13804,8
13805,6
13806,6
13807,0
13808,4
13809,2
13810,4
13811,4
13812,2
13813,8
13814,0
13815,1
13816,1
13817,0
13818,0
13819,0
13820,1
13821,5
13822,4
13823,1
13824,4
13825,1
13826,4
13827,6
13828,2
13829,1
13830,8
13831,8
13832,8
13833,2
13834,6
13835,6
13836,0
13837,0
13838,6
13839,5
13840,6
13841,4
13842,7
13843,7
13844,7
13845,2
13846,6
13847,5
13848,1
13849,2
13850,5
13851,0
13852,0
13853,0
13854,0
13855,7
13856,1
13857,1
13858,7
13859,7
13860,8
13861,8
13862,8
13863,5
13864,8
13865,8
13866,5
13867,1
13868,8
13869,6
13870,5
13871,5
13872,1
13873,4
13874,1
13875,1
13876,5
13877,8
13878,4
13879,4
13880,8
13881,4
13882,2
13883,2
13884,8
13885,4
13886,8
13887,8
13888,1
13889,4
13890,4
13891,4
13892,8
13893,1
13894,7
13895,5
13896,5
13897,4
13898,5
13899,2
13900,6
13901,8
13902,1
13903,8
13904,8
13905,8
13906,1
13907,5
13908,2
13909,6
13910,5
13911,5
13912,2
13913,5
13914,0
13915,1
13916,5
13917,5
13918,5
13919,5
13920,5
13921,5
13922,5
13923,5
13924,5
13925,5
13926,5
13927,5
13928,5
13929,5
13930,5
13931,5
13932,5
13933,5
13934,4
13935,1
13936,1
13937,1
13938,6
13939,8
13940,6
13941,5
13942,0
13943,5
13944,5
13945,8
13946,8
13947,2
13948,8
13949,8
13950,8
13951,2
13952,5
13953,4
13954,8
13955,8
13956,1
13957,0
13958,8
13959,4
13960,8
13961,8
13962,4
13963,2
13964,0
13965,4
13966,4
13967,6
13968,4
13969,1
13970,8
13971,4
13972,4
13973,4
13974,4
13975,4
13976,4
13977,7
13978,1
13979,8
13980,7
13981,7
13982,6
13983,5
13984,0
13985,2
13986,8
13987,6
13988,2
13989,8
13990,2
13991,8
13992,8
13993,0
13994,2
13995,5
13996,1
13997,1
13998,2
13999,8
14000,8
14001,8
14002,6
14003,2
14004,4
14005,8
14006,1
14007,2
14008,7
14009,8
14010,1
14011,4
14012,2
14013,8
14014,4
14015,5
14016,5
14017,5
14018,1
14019,4
14020,7
14021,7
14022,6
14023,6
14024,7
14025,7
14026,2
14027,1
14028,4
14029,4
14030,1
14031,2
14032,2
14033,4
14034,4
14035,8
14036,0
14037,2
14038,4
14039,7
14040,0
14041,1
14042,4
14043,2
14044,7
14045,7
14046,2
14047,6
14048,4
14049,8
14050,8
14051,4
14052,4
14053,4
14054,2
14055,2
14056,2
14057,7
14058,6
14059,6
14060,4
14061,8
14062,8
14063,6
14064,6
14065,6
14066,4
14067,8
14068,8
14069,8
14070,1
14071,7
14072,4
14073,1
14074,8
14075,6
14076,6
14077,6
14078,6
14079,6
14080,6
14081,6
14082,1
14083,1
14084,2
14085,5
14086,2
14087,2
14088,2
14089,7
14090,8
14091,1
14092,8
14093,0
14094,0
14095,8
14096,1
14097,4
14098,5
14099,5
14100,6
14101,1
14102,2
14103,8
14104,6
14105,2
14106,8
14107,1
14108,8
14109,7
14110,8
14111,1
14112,5
14113,1
14114,8
14115,8
14116,8
14117,5
14118,8
14119,1
14120,7
14121,6
14122,8
14123,1
14124,8
14125,8
14126,8
14127,6
14128,5
14129,8
14130,8
14131,8
14132,8
14133,8
14134,7
14135,1
14136,1
14137,6
14138,6
14139,1
14140,8
14141,1
14142,2
14143,8
14144,1
14145,8
14146,8
14147,1
14148,8
14149,4
14150,8
14151,8
14152,6
14153,8
14154,8
14155,8
14156,8
14157,1
14158,1
14159,1
14160,6
14161,6
14162,0
14163,6
14164,6
14165,6
14166,2
14167,8
14168,4
14169,2
14170,2
14171,2
14172,1
14173,8
14174,6
14175,6
14176,1
14177,6
14178,7
14179,7
14180,7
14181,7
14182,7
14183,7
14184,7
14185,7
14186,7
14187,8
14188,8
14189,4
14190,8
14191,8
14192,8
14193,4
14194,8
14195,4
14196,7
14197,1
14198,4
14199,4
14200,2
14201,1
14202,0
14203,1
14204,6
14205,7
14206,8
14207,7
14208,7
14209,0
14210,5
14211,5
14212,5
14213,6
14214,7
14215,1
14216,7
14217,4
14218,7
14219,4
14220,8
14221,8
14222,4
14223,7
14224,7
14225,4
14226,1
14227,1
14228,1
14229,4
14230,4
14231,4
14232,1
14233,4
14234,4
14235,2
14236,7
14237,4
14238,2
14239,1
14240,1
14241,4
14242,4
14243,8
14244,7
14245,7
14246,7
14247,5
14248,2
14249,2
14250,8
14251,2
14252,2
14253,7
14254,7
14255,7
14256,7
14257,7
14258,2
14259,8
14260,8
14261,8
14262,2
14263,2
14264,2
14265,7
14266,8
14267,7
14268,7
14269,6
14270,8
14271,0
14272,0
14273,2
14274,4
14275,7
14276,2
14277,5
14278,6
14279,1
14280,6
14281,8
14282,1
14283,6
14284,7
14285,7
14286,7
14287,7
14288,1
14289,5
14290,7
14291,8
14292,6
14293,2
14294,2
14295,2
14296,1
14297,6
14298,1
14299,8
14300,8
14301,8
14302,5
14303,2
14304,8
14305,7
14306,8
14307,8
14308,8
14309,8
14310,7
14311,5
14312,0
14313,5
14314,1
14315,5
14316,2
14317,2
14318,1
14319,6
14320,5
14321,7
14322,4
14323,1
14324,4
14325,6
14326,6
14327,4
14328,1
14329,7
14330,2
14331,8
14332,6
14333,8
14334,8
14335,2
14336,1
14337,2
14338,2
14339,2
14340,2
14341,2
14342,2
14343,2
14344,6
14345,6
14346,2
14347,2
14348,2
14349,8
14350,6
14351,4
14352,6
14353,2
14354,6
14355,6
14356,2
14357,2
14358,2
14359,5
14360,2
14361,0
14362,6
14363,6
14364,8
14365,0
14366,2
14367,2
14368,4
14369,4
14370,4
14371,4
14372,7
14373,2
14374,8
14375,4
14376,7
14377,2
14378,2
14379,7
14380,2
14381,8
14382,6
14383,4
14384,6
14385,4
14386,4
14387,4
14388,7
14389,6
14390,4
14391,2
14392,6
14393,2
14394,1
14395,6
14396,2
14397,0
14398,2
14399,2
14400,6
14401,7
14402,6
14403,2
14404,2
14405,2
14406,2
14407,2
14408,4
14409,4
14410,1
14411,2
14412,2
14413,6
14414,2
14415,2
14416,0
14417,0
14418,6
14419,6
14420,1
14421,1
14422,7
14423,6
14424,4
14425,7
14426,7
14427,1
14428,0
14429,6
14430,2
14431,2
14432,2
14433,0
14434,2
14435,2
14436,6
14437,6
14438,6
14439,2
14440,2
14441,2
14442,2
14443,6
14444,2
14445,2
14446,2
14447,2
14448,1
14449,2
14450,2
14451,2
14452,2
14453,8
14454,7
14455,8
14456,2
14457,2
14458,6
14459,2
14460,2
14461,2
14462,6
14463,1
14464,6
14465,5
14466,2
14467,5
14468,2
14469,8
14470,1
14471,1
14472,1
14473,0
14474,5
14475,4
14476,1
14477,6
14478,6
14479,1
14480,7
14481,7
14482,7
14483,7
14484,7
14485,4
14486,1
14487,1
14488,1
14489,1
14490,6
14491,6
14492,1
14493,1
14494,6
14495,6
14496,1
14497,2
14498,2
14499,0
14500,1
14501,7
14502,6
14503,6
14504,7
14505,7
14506,7
14507,2
14508,8
14509,8
14510,6
14511,8
14512,6
14513,4
14514,7
14515,0
14516,0
14517,0
14518,0
14519,0
14520,0
14521,1
14522,7
14523,8
14524,8
14525,4
14526,4
14527,4
14528,8
14529,8
14530,7
14531,6
14532,8
14533,2
14534,7
14535,0
14536,8
14537,0
14538,8
14539,8
14540,8
14541,0
14542,8
14543,4
14544,6
14545,8
14546,6
14547,1
14548,2
14549,6
14550,2
14551,4
14552,4
14553,4
14554,1
14555,6
14556,2
14557,2
14558,1
14559,2
14560,6
14561,6
14562,8
14563,8
14564,2
14565,2
14566,7
14567,2
14568,2
14569,1
14570,1
14571,1
14572,2
14573,8
14574,2
14575,2
14576,2
14577,2
14578,2
14579,8
14580,4
14581,6
14582,2
14583,2
14584,8
14585,8
14586,4
14587,8
14588,4
14589,7
14590,7
14591,7
14592,7
14593,7
14594,4
14595,4
14596,4
14597,4
14598,8
14599,6
14600,8
14601,8
14602,4
14603,2
14604,2
14605,8
14606,2
14607,7
14608,0
14609,5
14610,7
14611,1
14612,1
14613,2
14614,7
14615,8
14616,8
14617,2
14618,0
14619,5
14620,6
14621,1
14622,5
14623,5
14624,5
14625,5
14626,7
14627,8
14628,8
14629,7
14630,8
14631,1
14632,1
14633,2
14634,8
14635,8
14636,7
14637,8
14638,8
14639,1
14640,8
14641,8
14642,8
14643,5
14644,6
14645,6
14646,1
14647,6
14648,8
14649,8
14650,8
14651,8
14652,0
14653,0
14654,5
14655,5
14656,1
14657,1
14658,8
14659,8
14660,7
14661,8
14662,7
14663,8
14664,5
14665,8
14666,8
14667,8
14668,8
14669,8
14670,6
14671,0
14672,0
14673,5
14674,5
14675,8
14676,8
14677,7
14678,7
14679,8
14680,4
14681,8
14682,8
14683,1
14684,1
14685,7
14686,8
14687,8
14688,6
14689,8
14690,8
14691,1
14692,6
14693,1
14694,6
14695,6
14696,6
14697,2
14698,6
14699,0
14700,6
14701,7
14702,7
14703,7
14704,8
14705,8
14706,8
14707,6
14708,8
14709,8
14710,8
14711,8
14712,1
14713,6
14714,4
14715,6
14716,6
14717,2
14718,7
14719,5
14720,8
14721,6
14722,2
14723,6
14724,6
14725,8
14726,6
14727,7
14728,7
14729,6
14730,8
14731,7
14732,6
14733,0
14734,8
14735,6
14736,7
14737,0
14738,1
14739,8
14740,7
14741,8
14742,7
14743,6
14744,6
14745,5
14746,5
14747,5
14748,5
14749,8
14750,1
14751,8
14752,0
14753,1
14754,1
14755,7
14756,5
14757,1
14758,8
14759,7
14760,2
14761,2
14762,8
14763,5
14764,6
14765,4
14766,6
14767,5
14768,7
14769,4
14770,2
14771,2
14772,8
14773,8
14774,8
14775,8
14776,8
14777,6
14778,6
14779,6
14780,8
14781,7
14782,8
14783,7
14784,8
14785,2
14786,1
14787,4
14788,0
14789,5
14790,7
14791,1
14792,1
14793,0
14794,0
14795,1
14796,4
14797,4
14798,7
14799,7
14800,7
14801,7
14802,8
14803,6
14804,6
14805,6
14806,6
14807,6
14808,8
14809,1
14810,6
14811,5
14812,8
14813,8
14814,2
14815,5
14816,7
14817,4
14818,0
14819,4
14820,1
14821,4
14822,1
14823,6
14824,2
14825,2
14826,7
14827,8
14828,5
14829,1
14830,7
14831,0
14832,8
14833,8
14834,6
14835,0
14836,0
14837,1
14838,8
14839,8
14840,8
14841,8
14842,7
14843,2
14844,8
14845,7
14846,7
14847,7
