sample_id,cluster
0,4
1,3
2,4
3,4
4,1
5,1
6,3
7,5
8,3
9,5
10,0
11,4
12,0
13,4
14,4
15,0
16,3
17,0
18,1
19,1
20,3
21,5
22,3
23,5
24,1
25,5
26,1
27,1
28,3
29,1
30,1
31,4
32,1
33,4
34,1
35,4
36,4
37,5
38,1
39,1
40,1
41,3
42,5
43,5
44,3
45,5
46,1
47,3
48,0
49,3
50,3
51,3
52,1
53,3
54,4
55,4
56,4
57,4
58,1
59,1
60,1
61,1
62,0
63,4
64,0
65,4
66,4
67,1
68,1
69,5
70,1
71,4
72,1
73,5
74,1
75,5
76,4
77,5
78,5
79,5
80,1
81,5
82,1
83,5
84,1
85,4
86,1
87,4
88,4
89,4
90,1
91,4
92,1
93,0
94,1
95,4
96,1
97,4
98,5
99,0
100,5
101,3
102,5
103,4
104,1
105,4
106,1
107,3
108,1
109,1
110,1
111,1
112,1
113,3
114,1
115,4
116,1
117,3
118,3
119,1
120,3
121,4
122,1
123,1
124,1
125,0
126,1
127,0
128,4
129,1
130,1
131,0
132,5
133,4
134,1
135,3
136,3
137,1
138,0
139,1
140,0
141,1
142,0
143,5
144,3
145,1
146,4
147,4
148,0
149,5
150,3
151,4
152,3
153,5
154,1
155,5
156,4
157,5
158,5
159,5
160,1
161,3
162,1
163,3
164,0
165,4
166,1
167,4
168,4
169,4
170,1
171,4
172,5
173,4
174,3
175,4
176,1
177,4
178,0
179,3
180,1
181,4
182,0
183,0
184,1
185,1
186,0
187,5
188,0
189,1
190,0
191,1
192,1
193,3
194,0
195,1
196,1
197,1
198,1
199,1
200,1
201,1
202,1
203,0
204,3
205,1
206,1
207,0
208,0
209,0
210,4
211,0
212,1
213,4
214,1
215,1
216,1
217,1
218,4
219,4
220,1
221,4
222,4
223,4
224,1
225,4
226,1
227,4
228,1
229,3
230,4
231,5
232,1
233,3
234,1
235,3
236,1
237,4
238,5
239,4
240,5
241,4
242,3
243,0
244,4
245,1
246,1
247,4
248,1
249,4
250,0
251,1
252,4
253,3
254,1
255,0
256,4
257,1
258,4
259,0
260,0
261,0
262,4
263,0
264,1
265,1
266,4
267,0
268,1
269,4
270,1
271,4
272,4
273,3
274,5
275,1
276,3
277,0
278,4
279,1
280,4
281,4
282,0
283,4
284,1
285,1
286,0
287,3
288,1
289,1
290,1
291,4
292,0
293,5
294,1
295,4
296,1
297,3
298,1
299,1
300,1
301,1
302,0
303,5
304,1
305,4
306,0
307,4
308,0
309,4
310,4
311,0
312,1
313,3
314,0
315,3
316,1
317,1
318,0
319,4
320,5
321,0
322,4
323,0
324,4
325,0
326,1
327,3
328,1
329,1
330,1
331,4
332,1
333,4
334,1
335,4
336,1
337,5
338,0
339,4
340,1
341,4
342,1
343,4
344,1
345,1
346,4
347,1
348,0
349,1
350,1
351,1
352,0
353,1
354,0
355,1
356,5
357,1
358,5
359,1
360,0
361,1
362,0
363,1
364,0
365,1
366,5
367,1
368,0
369,1
370,0
371,4
372,1
373,1
374,0
375,1
376,0
377,1
378,0
379,1
380,1
381,0
382,1
383,0
384,0
385,0
386,1
387,0
388,0
389,1
390,0
391,1
392,0
393,3
394,1
395,1
396,0
397,1
398,0
399,0
400,0
401,4
402,0
403,1
404,4
405,3
406,0
407,1
408,0
409,1
410,5
411,5
412,4
413,5
414,5
415,1
416,5
417,5
418,0
419,5
420,0
421,5
422,4
423,1
424,0
425,1
426,4
427,1
428,3
429,5
430,5
431,4
432,5
433,5
434,1
435,5
436,1
437,5
438,1
439,0
440,5
441,5
442,1
443,5
444,1
445,0
446,4
447,5
448,0
449,5
450,0
451,5
452,0
453,5
454,4
455,5
456,1
457,5
458,1
459,5
460,0
461,1
462,0
463,0
464,0
465,4
466,1
467,0
468,1
469,4
470,5
471,4
472,0
473,4
474,5
475,1
476,0
477,1
478,0
479,0
480,0
481,1
482,0
483,4
484,0
485,4
486,5
487,1
488,0
489,0
490,0
491,1
492,0
493,1
494,0
495,4
496,0
497,0
498,0
499,1
500,0
501,4
502,1
503,1
504,4
505,0
506,1
507,0
508,1
509,0
510,0
511,4
512,1
513,4
514,1
515,4
516,1
517,1
518,4
519,1
520,1
521,1
522,0
523,1
524,0
525,1
526,0
527,1
528,0
529,4
530,0
531,1
532,0
533,1
534,0
535,5
536,0
537,0
538,0
539,0
540,4
541,1
542,4
543,4
544,4
545,1
546,4
547,4
548,4
549,1
550,0
551,1
552,0
553,1
554,1
555,4
556,0
557,0
558,3
559,4
560,3
561,4
562,3
563,0
564,1
565,0
566,1
567,4
568,0
569,1
570,3
571,4
572,3
573,0
574,4
575,4
576,3
577,0
578,3
579,4
580,1
581,0
582,3
583,4
584,3
585,4
586,3
587,0
588,3
589,0
590,3
591,0
592,3
593,1
594,3
595,1
596,3
597,5
598,0
599,3
600,3
601,3
602,1
603,3
604,4
605,3
606,0
607,1
608,3
609,3
610,1
611,3
612,5
613,3
614,1
615,3
616,0
617,3
618,3
619,3
620,1
621,3
622,4
623,1
624,1
625,3
626,1
627,3
628,3
629,1
630,3
631,3
632,1
633,3
634,1
635,3
636,0
637,3
638,0
639,3
640,0
641,3
642,0
643,1
644,0
645,3
646,0
647,3
648,0
649,1
650,0
651,1
652,4
653,1
654,1
655,0
656,3
657,0
658,1
659,3
660,3
661,0
662,4
663,0
664,0
665,4
666,0
667,4
668,0
669,3
670,0
671,4
672,1
673,4
674,0
675,1
676,0
677,3
678,0
679,3
680,0
681,1
682,0
683,5
684,0
685,4
686,1
687,4
688,0
689,3
690,0
691,4
692,1
693,4
694,1
695,3
696,1
697,1
698,0
699,1
700,0
701,1
702,4
703,4
704,0
705,3
706,0
707,1
708,1
709,1
710,4
711,4
712,4
713,0
714,4
715,0
716,3
717,5
718,0
719,0
720,3
721,4
722,3
723,0
724,1
725,0
726,3
727,0
728,1
729,0
730,1
731,0
732,1
733,0
734,3
735,1
736,1
737,0
738,4
739,1
740,0
741,0
742,1
743,0
744,1
745,0
746,3
747,0
748,3
749,1
750,1
751,1
752,3
753,1
754,3
755,1
756,1
757,0
758,3
759,0
760,4
761,0
762,3
763,4
764,3
765,0
766,4
767,0
768,3
769,4
770,1
771,0
772,3
773,5
774,3
775,0
776,3
777,0
778,5
779,1
780,4
781,3
782,3
783,0
784,3
785,0
786,1
787,1
788,3
789,0
790,1
791,0
792,1
793,0
794,3
795,0
796,5
797,1
798,1
799,1
800,4
801,0
802,3
803,3
804,0
805,3
806,5
807,4
808,3
809,3
810,4
811,4
812,3
813,1
814,5
815,0
816,3
817,1
818,4
819,0
820,3
821,4
822,4
823,1
824,3
825,1
826,4
827,0
828,3
829,0
830,3
831,0
832,1
833,0
834,4
835,0
836,3
837,0
838,3
839,0
840,3
841,0
842,3
843,0
844,4
845,0
846,4
847,5
848,3
849,3
850,3
851,0
852,3
853,0
854,3
855,0
856,3
857,5
858,3
859,0
860,4
861,0
862,0
863,1
864,1
865,0
866,0
867,1
868,0
869,1
870,0
871,5
872,0
873,0
874,5
875,5
876,0
877,5
878,0
879,5
880,1
881,5
882,0
883,1
884,1
885,0
886,1
887,0
888,1
889,5
890,1
891,0
892,1
893,0
894,1
895,5
896,1
897,0
898,0
899,0
900,0
901,0
902,1
903,0
904,1
905,4
906,1
907,0
908,0
909,0
910,1
911,0
912,0
913,0
914,0
915,1
916,4
917,1
918,4
919,0
920,1
921,1
922,0
923,0
924,0
925,0
926,1
927,0
928,1
929,3
930,1
931,0
932,1
933,0
934,3
935,0
936,0
937,0
938,0
939,4
940,3
941,5
942,3
943,1
944,3
945,1
946,3
947,0
948,3
949,0
950,3
951,0
952,3
953,5
954,3
955,0
956,1
957,0
958,3
959,3
960,3
961,4
962,1
963,0
964,1
965,5
966,0
967,0
968,0
969,4
970,3
971,3
972,3
973,4
974,3
975,3
976,3
977,1
978,3
979,4
980,3
981,0
982,3
983,0
984,3
985,0
986,3
987,0
988,3
989,4
990,3
991,0
992,3
993,0
994,3
995,0
996,3
997,1
998,4
999,0
1000,3
1001,1
1002,0
1003,0
1004,1
1005,0
1006,1
1007,0
1008,0
1009,5
1010,3
1011,0
1012,1
1013,0
1014,1
1015,3
1016,1
1017,0
1018,3
1019,5
1020,3
1021,5
1022,3
1023,0
1024,3
1025,0
1026,5
1027,1
1028,3
1029,4
1030,3
1031,0
1032,3
1033,0
1034,0
1035,0
1036,3
1037,0
1038,3
1039,0
1040,3
1041,4
1042,3
1043,4
1044,4
1045,4
1046,3
1047,4
1048,1
1049,4
1050,1
1051,4
1052,4
1053,1
1054,1
1055,4
1056,1
1057,4
1058,4
1059,4
1060,3
1061,1
1062,3
1063,4
1064,3
1065,1
1066,3
1067,1
1068,4
1069,4
1070,1
1071,4
1072,1
1073,0
1074,3
1075,1
1076,1
1077,4
1078,4
1079,4
1080,3
1081,5
1082,1
1083,4
1084,0
1085,4
1086,4
1087,4
1088,3
1089,1
1090,1
1091,5
1092,4
1093,1
1094,1
1095,1
1096,1
1097,1
1098,0
1099,1
1100,0
1101,1
1102,4
1103,1
1104,4
1105,1
1106,4
1107,1
1108,1
1109,1
1110,4
1111,1
1112,4
1113,1
1114,4
1115,3
1116,4
1117,1
1118,4
1119,1
1120,4
1121,3
1122,4
1123,1
1124,4
1125,0
1126,1
1127,4
1128,1
1129,4
1130,3
1131,0
1132,1
1133,4
1134,1
1135,1
1136,4
1137,0
1138,4
1139,4
1140,3
1141,4
1142,0
1143,4
1144,1
1145,3
1146,4
1147,4
1148,4
1149,3
1150,0
1151,5
1152,0
1153,4
1154,4
1155,3
1156,0
1157,0
1158,0
1159,5
1160,4
1161,3
1162,0
1163,1
1164,4
1165,1
1166,4
1167,3
1168,0
1169,3
1170,0
1171,0
1172,4
1173,0
1174,4
1175,0
1176,4
1177,0
1178,4
1179,1
1180,4
1181,1
1182,1
1183,1
1184,0
1185,4
1186,1
1187,4
1188,4
1189,4
1190,0
1191,3
1192,4
1193,5
1194,4
1195,5
1196,1
1197,5
1198,1
1199,1
1200,4
1201,4
1202,0
1203,0
1204,5
1205,3
1206,1
1207,5
1208,4
1209,0
1210,0
1211,1
1212,4
1213,0
1214,1
1215,1
1216,1
1217,1
1218,1
1219,1
1220,1
1221,3
1222,4
1223,4
1224,1
1225,0
1226,0
1227,0
1228,1
1229,0
1230,1
1231,1
1232,1
1233,1
1234,4
1235,0
1236,1
1237,0
1238,0
1239,1
1240,3
1241,3
1242,4
1243,0
1244,0
1245,4
1246,0
1247,1
1248,1
1249,4
1250,1
1251,3
1252,1
1253,4
1254,1
1255,1
1256,0
1257,1
1258,4
1259,0
1260,4
1261,1
1262,4
1263,3
1264,1
1265,3
1266,5
1267,3
1268,4
1269,3
1270,4
1271,5
1272,0
1273,3
1274,4
1275,4
1276,3
1277,1
1278,3
1279,0
1280,3
1281,1
1282,3
1283,0
1284,3
1285,1
1286,1
1287,0
1288,3
1289,3
1290,3
1291,0
1292,3
1293,4
1294,3
1295,4
1296,3
1297,0
1298,3
1299,3
1300,3
1301,0
1302,3
1303,1
1304,3
1305,0
1306,1
1307,3
1308,3
1309,0
1310,3
1311,0
1312,3
1313,3
1314,4
1315,3
1316,1
1317,4
1318,1
1319,1
1320,1
1321,3
1322,3
1323,4
1324,1
1325,1
1326,1
1327,1
1328,3
1329,4
1330,1
1331,0
1332,0
1333,0
1334,4
1335,1
1336,4
1337,4
1338,3
1339,4
1340,4
1341,3
1342,1
1343,1
1344,1
1345,4
1346,1
1347,4
1348,1
1349,4
1350,0
1351,4
1352,1
1353,3
1354,4
1355,3
1356,1
1357,3
1358,1
1359,1
1360,1
1361,1
1362,5
1363,0
1364,3
1365,4
1366,1
1367,4
1368,1
1369,4
1370,4
1371,1
1372,3
1373,1
1374,1
1375,4
1376,1
1377,3
1378,1
1379,3
1380,1
1381,1
1382,4
1383,4
1384,1
1385,4
1386,4
1387,4
1388,4
1389,4
1390,1
1391,3
1392,1
1393,1
1394,1
1395,0
1396,1
1397,1
1398,1
1399,1
1400,3
1401,4
1402,3
1403,3
1404,4
1405,3
1406,5
1407,4
1408,1
1409,4
1410,1
1411,4
1412,4
1413,4
1414,4
1415,3
1416,1
1417,4
1418,1
1419,4
1420,5
1421,1
1422,4
1423,1
1424,5
1425,4
1426,1
1427,1
1428,1
1429,1
1430,4
1431,4
1432,4
1433,3
1434,1
1435,3
1436,1
1437,1
1438,1
1439,1
1440,4
1441,1
1442,1
1443,5
1444,0
1445,4
1446,1
1447,5
1448,4
1449,5
1450,3
1451,5
1452,5
1453,1
1454,4
1455,4
1456,3
1457,4
1458,4
1459,1
1460,4
1461,4
1462,3
1463,1
1464,1
1465,1
1466,1
1467,1
1468,1
1469,1
1470,1
1471,3
1472,0
1473,1
1474,3
1475,5
1476,1
1477,1
1478,4
1479,1
1480,5
1481,3
1482,3
1483,1
1484,3
1485,3
1486,1
1487,1
1488,3
1489,0
1490,3
1491,1
1492,3
1493,1
1494,1
1495,0
1496,3
1497,1
1498,3
1499,1
1500,1
1501,0
1502,1
1503,1
1504,1
1505,0
1506,1
1507,1
1508,1
1509,1
1510,4
1511,1
1512,1
1513,3
1514,4
1515,3
1516,1
1517,4
1518,4
1519,4
1520,4
1521,1
1522,1
1523,5
1524,1
1525,1
1526,1
1527,1
1528,1
1529,1
1530,1
1531,1
1532,1
1533,0
1534,1
1535,4
1536,5
1537,4
1538,4
1539,3
1540,1
1541,4
1542,4
1543,0
1544,4
1545,4
1546,4
1547,4
1548,4
1549,1
1550,1
1551,4
1552,4
1553,1
1554,4
1555,4
1556,4
1557,1
1558,3
1559,1
1560,5
1561,1
1562,3
1563,4
1564,3
1565,4
1566,4
1567,1
1568,4
1569,1
1570,3
1571,1
1572,4
1573,1
1574,4
1575,1
1576,1
1577,1
1578,3
1579,1
1580,3
1581,1
1582,3
1583,1
1584,4
1585,1
1586,4
1587,1
1588,4
1589,1
1590,3
1591,1
1592,0
1593,1
1594,1
1595,1
1596,1
1597,1
1598,1
1599,1
1600,4
1601,1
1602,3
1603,1
1604,3
1605,1
1606,4
1607,1
1608,1
1609,1
1610,4
1611,1
1612,4
1613,1
1614,1
1615,1
1616,3
1617,1
1618,4
1619,1
1620,1
1621,3
1622,1
1623,3
1624,4
1625,1
1626,4
1627,0
1628,1
1629,5
1630,1
1631,1
1632,5
1633,1
1634,3
1635,1
1636,2
1637,1
1638,1
1639,1
1640,3
1641,1
1642,4
1643,1
1644,1
1645,1
1646,1
1647,1
1648,1
1649,1
1650,1
1651,1
1652,1
1653,1
1654,1
1655,1
1656,4
1657,1
1658,1
1659,1
1660,5
1661,1
1662,1
1663,1
1664,1
1665,1
1666,5
1667,1
1668,3
1669,1
1670,5
1671,1
1672,5
1673,1
1674,1
1675,1
1676,1
1677,4
1678,1
1679,1
1680,1
1681,1
1682,1
1683,4
1684,1
1685,1
1686,1
1687,1
1688,1
1689,1
1690,4
1691,1
1692,1
1693,1
1694,5
1695,1
1696,0
1697,4
1698,1
1699,1
1700,1
1701,3
1702,3
1703,0
1704,3
1705,1
1706,3
1707,4
1708,3
1709,4
1710,3
1711,4
1712,1
1713,1
1714,4
1715,1
1716,3
1717,4
1718,1
1719,1
1720,1
1721,1
1722,1
1723,1
1724,0
1725,1
1726,0
1727,1
1728,0
1729,1
1730,3
1731,4
1732,3
1733,4
1734,3
1735,3
1736,3
1737,0
1738,1
1739,4
1740,1
1741,4
1742,0
1743,4
1744,1
1745,4
1746,1
1747,4
1748,1
1749,4
1750,3
1751,4
1752,3
1753,0
1754,3
1755,0
1756,3
1757,4
1758,3
1759,1
1760,3
1761,1
1762,1
1763,1
1764,3
1765,1
1766,3
1767,1
1768,3
1769,3
1770,3
1771,3
1772,4
1773,0
1774,0
1775,3
1776,5
1777,3
1778,3
1779,3
1780,0
1781,3
1782,1
1783,1
1784,0
1785,0
1786,3
1787,0
1788,0
1789,1
1790,3
1791,3
1792,4
1793,3
1794,1
1795,3
1796,0
1797,4
1798,3
1799,4
1800,3
1801,5
1802,1
1803,3
1804,1
1805,3
1806,1
1807,3
1808,1
1809,3
1810,3
1811,5
1812,0
1813,5
1814,0
1815,5
1816,1
1817,5
1818,1
1819,5
1820,0
1821,3
1822,0
1823,4
1824,1
1825,1
1826,1
1827,3
1828,3
1829,1
1830,3
1831,1
1832,5
1833,4
1834,4
1835,5
1836,5
1837,4
1838,4
1839,4
1840,4
1841,4
1842,3
1843,4
1844,5
1845,4
1846,3
1847,4
1848,3
1849,1
1850,1
1851,1
1852,3
1853,1
1854,1
1855,4
1856,3
1857,4
1858,4
1859,4
1860,4
1861,4
1862,4
1863,4
1864,4
1865,4
1866,4
1867,5
1868,4
1869,5
1870,5
1871,1
1872,5
1873,5
1874,4
1875,0
1876,4
1877,5
1878,4
1879,0
1880,4
1881,4
1882,4
1883,5
1884,4
1885,0
1886,4
1887,4
1888,4
1889,3
1890,4
1891,3
1892,4
1893,5
1894,4
1895,4
1896,4
1897,4
1898,0
1899,4
1900,3
1901,4
1902,5
1903,4
1904,3
1905,4
1906,3
1907,4
1908,3
1909,4
1910,3
1911,1
1912,5
1913,4
1914,4
1915,5
1916,4
1917,5
1918,4
1919,5
1920,3
1921,4
1922,3
1923,4
1924,4
1925,4
1926,4
1927,4
1928,4
1929,1
1930,4
1931,4
1932,4
1933,4
1934,1
1935,3
1936,1
1937,3
1938,5
1939,3
1940,4
1941,3
1942,1
1943,1
1944,4
1945,3
1946,4
1947,3
1948,1
1949,3
1950,1
1951,0
1952,4
1953,3
1954,4
1955,3
1956,4
1957,3
1958,4
1959,3
1960,4
1961,3
1962,4
1963,3
1964,4
1965,3
1966,4
1967,4
1968,1
1969,3
1970,4
1971,3
1972,1
1973,4
1974,3
1975,4
1976,0
1977,4
1978,1
1979,1
1980,3
1981,4
1982,3
1983,4
1984,3
1985,0
1986,4
1987,0
1988,4
1989,3
1990,1
1991,3
1992,4
1993,1
1994,4
1995,3
1996,4
1997,3
1998,0
1999,3
2000,1
2001,3
2002,1
2003,3
2004,5
2005,3
2006,4
2007,3
2008,4
2009,3
2010,1
2011,3
2012,4
2013,3
2014,4
2015,3
2016,0
2017,3
2018,4
2019,3
2020,3
2021,1
2022,4
2023,4
2024,3
2025,1
2026,3
2027,1
2028,3
2029,5
2030,3
2031,1
2032,3
2033,1
2034,1
2035,1
2036,3
2037,1
2038,3
2039,1
2040,3
2041,4
2042,3
2043,4
2044,3
2045,1
2046,1
2047,4
2048,3
2049,4
2050,3
2051,1
2052,3
2053,1
2054,3
2055,4
2056,3
2057,3
2058,4
2059,3
2060,4
2061,3
2062,1
2063,3
2064,4
2065,3
2066,1
2067,3
2068,4
2069,3
2070,4
2071,3
2072,4
2073,3
2074,4
2075,3
2076,4
2077,3
2078,4
2079,3
2080,4
2081,3
2082,1
2083,3
2084,1
2085,3
2086,4
2087,3
2088,3
2089,3
2090,5
2091,3
2092,1
2093,3
2094,4
2095,3
2096,1
2097,0
2098,4
2099,3
2100,4
2101,3
2102,4
2103,3
2104,4
2105,3
2106,4
2107,0
2108,3
2109,0
2110,5
2111,3
2112,1
2113,3
2114,1
2115,3
2116,4
2117,0
2118,4
2119,3
2120,4
2121,3
2122,5
2123,3
2124,4
2125,3
2126,4
2127,3
2128,1
2129,3
2130,1
2131,1
2132,1
2133,4
2134,5
2135,4
2136,1
2137,1
2138,1
2139,1
2140,4
2141,0
2142,4
2143,1
2144,0
2145,1
2146,0
2147,4
2148,3
2149,4
2150,1
2151,4
2152,3
2153,1
2154,3
2155,4
2156,0
2157,4
2158,0
2159,4
2160,3
2161,4
2162,1
2163,1
2164,1
2165,1
2166,4
2167,1
2168,1
2169,1
2170,1
2171,1
2172,0
2173,1
2174,1
2175,1
2176,1
2177,1
2178,0
2179,1
2180,1
2181,1
2182,1
2183,1
2184,1
2185,1
2186,1
2187,1
2188,1
2189,1
2190,1
2191,1
2192,1
2193,1
2194,1
2195,1
2196,1
2197,1
2198,1
2199,1
2200,1
2201,1
2202,1
2203,1
2204,1
2205,1
2206,1
2207,1
2208,1
2209,1
2210,5
2211,1
2212,1
2213,5
2214,1
2215,5
2216,1
2217,5
2218,5
2219,1
2220,5
2221,1
2222,5
2223,5
2224,1
2225,1
2226,1
2227,1
2228,1
2229,1
2230,1
2231,1
2232,1
2233,1
2234,1
2235,3
2236,3
2237,3
2238,3
2239,5
2240,5
2241,1
2242,4
2243,1
2244,1
2245,1
2246,1
2247,3
2248,1
2249,3
2250,1
2251,3
2252,4
2253,4
2254,4
2255,5
2256,1
2257,1
2258,3
2259,3
2260,3
2261,3
2262,5
2263,4
2264,1
2265,3
2266,3
2267,1
2268,1
2269,0
2270,1
2271,4
2272,4
2273,1
2274,1
2275,1
2276,1
2277,1
2278,1
2279,4
2280,4
2281,4
2282,1
2283,4
2284,4
2285,4
2286,4
2287,4
2288,1
2289,1
2290,1
2291,1
2292,4
2293,1
2294,1
2295,4
2296,1
2297,1
2298,1
2299,1
2300,1
2301,1
2302,1
2303,1
2304,1
2305,3
2306,3
2307,3
2308,0
2309,4
2310,3
2311,0
2312,3
2313,0
2314,3
2315,1
2316,3
2317,3
2318,1
2319,3
2320,0
2321,3
2322,0
2323,0
2324,0
2325,4
2326,0
2327,3
2328,4
2329,4
2330,4
2331,4
2332,3
2333,3
2334,3
2335,1
2336,1
2337,0
2338,1
2339,1
2340,1
2341,0
2342,4
2343,4
2344,4
2345,0
2346,3
2347,3
2348,3
2349,0
2350,0
2351,3
2352,3
2353,0
2354,1
2355,0
2356,5
2357,0
2358,3
2359,5
2360,4
2361,0
2362,4
2363,4
2364,4
2365,1
2366,4
2367,3
2368,1
2369,3
2370,4
2371,0
2372,3
2373,1
2374,5
2375,4
2376,4
2377,4
2378,4
2379,4
2380,4
2381,4
2382,4
2383,4
2384,4
2385,5
2386,0
2387,3
2388,5
2389,4
2390,1
2391,5
2392,4
2393,1
2394,3
2395,4
2396,4
2397,0
2398,4
2399,4
2400,5
2401,4
2402,4
2403,3
2404,4
2405,4
2406,3
2407,4
2408,3
2409,1
2410,3
2411,5
2412,4
2413,4
2414,0
2415,0
2416,0
2417,3
2418,0
2419,1
2420,0
2421,1
2422,5
2423,0
2424,0
2425,0
2426,0
2427,4
2428,0
2429,3
2430,3
2431,0
2432,3
2433,0
2434,0
2435,5
2436,4
2437,1
2438,5
2439,3
2440,3
2441,3
2442,3
2443,3
2444,0
2445,0
2446,5
2447,3
2448,0
2449,3
2450,4
2451,3
2452,4
2453,4
2454,3
2455,4
2456,0
2457,1
2458,3
2459,5
2460,0
2461,4
2462,3
2463,3
2464,3
2465,3
2466,3
2467,5
2468,0
2469,3
2470,3
2471,5
2472,0
2473,0
2474,0
2475,0
2476,0
2477,0
2478,4
2479,0
2480,4
2481,3
2482,3
2483,0
2484,0
2485,5
2486,5
2487,0
2488,1
2489,3
2490,3
2491,4
2492,3
2493,4
2494,5
2495,4
2496,4
2497,4
2498,4
2499,3
2500,3
2501,3
2502,0
2503,1
2504,5
2505,0
2506,0
2507,0
2508,0
2509,3
2510,3
2511,0
2512,0
2513,4
2514,4
2515,4
2516,4
2517,4
2518,4
2519,4
2520,4
2521,4
2522,4
2523,0
2524,3
2525,0
2526,3
2527,3
2528,4
2529,4
2530,4
2531,4
2532,0
2533,4
2534,5
2535,4
2536,4
2537,0
2538,5
2539,4
2540,0
2541,5
2542,4
2543,4
2544,4
2545,4
2546,4
2547,1
2548,3
2549,4
2550,3
2551,3
2552,3
2553,4
2554,0
2555,4
2556,4
2557,3
2558,0
2559,4
2560,5
2561,4
2562,5
2563,0
2564,4
2565,5
2566,0
2567,3
2568,3
2569,0
2570,0
2571,3
2572,3
2573,0
2574,0
2575,4
2576,0
2577,5
2578,0
2579,4
2580,4
2581,3
2582,0
2583,0
2584,4
2585,0
2586,5
2587,0
2588,5
2589,4
2590,0
2591,3
2592,1
2593,3
2594,0
2595,0
2596,4
2597,0
2598,3
2599,0
2600,0
2601,1
2602,0
2603,0
2604,0
2605,4
2606,0
2607,1
2608,3
2609,0
2610,3
2611,4
2612,4
2613,3
2614,0
2615,5
2616,5
2617,3
2618,0
2619,3
2620,4
2621,3
2622,3
2623,0
2624,5
2625,4
2626,0
2627,5
2628,5
2629,4
2630,0
2631,0
2632,0
2633,4
2634,0
2635,4
2636,0
2637,1
2638,0
2639,0
2640,0
2641,0
2642,0
2643,0
2644,0
2645,5
2646,0
2647,0
2648,0
2649,0
2650,3
2651,0
2652,0
2653,0
2654,3
2655,5
2656,4
2657,4
2658,0
2659,4
2660,0
2661,4
2662,0
2663,0
2664,0
2665,4
2666,3
2667,0
2668,0
2669,0
2670,4
2671,0
2672,0
2673,3
2674,3
2675,4
2676,5
2677,0
2678,3
2679,5
2680,0
2681,0
2682,3
2683,3
2684,3
2685,3
2686,0
2687,0
2688,3
2689,0
2690,5
2691,3
2692,0
2693,3
2694,0
2695,5
2696,4
2697,5
2698,0
2699,1
2700,0
2701,5
2702,4
2703,0
2704,0
2705,0
2706,0
2707,4
2708,4
2709,1
2710,5
2711,1
2712,4
2713,4
2714,0
2715,0
2716,3
2717,0
2718,3
2719,4
2720,4
2721,3
2722,3
2723,5
2724,0
2725,4
2726,5
2727,5
2728,3
2729,5
2730,0
2731,4
2732,0
2733,0
2734,5
2735,4
2736,5
2737,5
2738,3
2739,3
2740,5
2741,0
2742,0
2743,0
2744,5
2745,0
2746,4
2747,0
2748,0
2749,5
2750,0
2751,0
2752,5
2753,0
2754,0
2755,0
2756,3
2757,0
2758,3
2759,3
2760,5
2761,0
2762,0
2763,0
2764,4
2765,0
2766,0
2767,0
2768,0
2769,0
2770,0
2771,3
2772,5
2773,5
2774,1
2775,0
2776,3
2777,0
2778,0
2779,0
2780,5
2781,3
2782,0
2783,5
2784,0
2785,5
2786,0
2787,3
2788,0
2789,3
2790,0
2791,0
2792,4
2793,0
2794,5
2795,1
2796,5
2797,5
2798,3
2799,0
2800,0
2801,5
2802,4
2803,0
2804,1
2805,0
2806,4
2807,5
2808,4
2809,3
2810,5
2811,4
2812,0
2813,0
2814,3
2815,3
2816,0
2817,3
2818,3
2819,3
2820,4
2821,5
2822,3
2823,1
2824,4
2825,5
2826,0
2827,0
2828,4
2829,4
2830,3
2831,3
2832,5
2833,4
2834,4
2835,3
2836,5
2837,5
2838,0
2839,5
2840,3
2841,5
2842,3
2843,3
2844,5
2845,0
2846,3
2847,3
2848,0
2849,3
2850,0
2851,0
2852,5
2853,0
2854,5
2855,0
2856,0
2857,0
2858,3
2859,0
2860,3
2861,0
2862,0
2863,3
2864,3
2865,0
2866,3
2867,0
2868,3
2869,0
2870,0
2871,4
2872,0
2873,5
2874,3
2875,0
2876,3
2877,5
2878,4
2879,3
2880,3
2881,3
2882,1
2883,0
2884,0
2885,0
2886,0
2887,5
2888,0
2889,3
2890,5
2891,5
2892,5
2893,1
2894,0
2895,3
2896,5
2897,3
2898,0
2899,0
2900,3
2901,4
2902,5
2903,3
2904,3
2905,5
2906,0
2907,5
2908,0
2909,0
2910,5
2911,5
2912,0
2913,0
2914,0
2915,3
2916,3
2917,5
2918,0
2919,4
2920,0
2921,3
2922,3
2923,4
2924,4
2925,0
2926,4
2927,0
2928,3
2929,0
2930,3
2931,4
2932,5
2933,3
2934,4
2935,1
2936,1
2937,3
2938,0
2939,0
2940,3
2941,0
2942,0
2943,5
2944,0
2945,0
2946,3
2947,0
2948,4
2949,4
2950,3
2951,5
2952,0
2953,0
2954,3
2955,3
2956,3
2957,4
2958,0
2959,5
2960,0
2961,3
2962,0
2963,0
2964,4
2965,5
2966,5
2967,1
2968,5
2969,3
2970,4
2971,0
2972,0
2973,5
2974,0
2975,3
2976,4
2977,5
2978,0
2979,4
2980,0
2981,0
2982,1
2983,0
2984,0
2985,1
2986,0
2987,4
2988,0
2989,0
2990,3
2991,0
2992,3
2993,0
2994,0
2995,5
2996,3
2997,0
2998,0
2999,0
3000,4
3001,3
3002,4
3003,1
3004,5
3005,3
3006,4
3007,0
3008,5
3009,0
3010,4
3011,0
3012,3
3013,0
3014,3
3015,4
3016,3
3017,0
3018,4
3019,0
3020,0
3021,5
3022,5
3023,3
3024,0
3025,5
3026,1
3027,0
3028,3
3029,4
3030,5
3031,4
3032,4
3033,0
3034,0
3035,4
3036,0
3037,4
3038,3
3039,0
3040,0
3041,5
3042,3
3043,1
3044,3
3045,0
3046,3
3047,0
3048,5
3049,0
3050,0
3051,1
3052,0
3053,3
3054,3
3055,5
3056,3
3057,0
3058,4
3059,0
3060,1
3061,4
3062,0
3063,4
3064,0
3065,0
3066,0
3067,5
3068,0
3069,4
3070,5
3071,0
3072,3
3073,3
3074,0
3075,4
3076,0
3077,0
3078,0
3079,3
3080,5
3081,1
3082,5
3083,5
3084,3
3085,0
3086,0
3087,5
3088,4
3089,0
3090,0
3091,0
3092,0
3093,5
3094,3
3095,5
3096,0
3097,4
3098,4
3099,5
3100,0
3101,4
3102,5
3103,0
3104,0
3105,0
3106,3
3107,0
3108,0
3109,0
3110,3
3111,5
3112,0
3113,0
3114,0
3115,3
3116,0
3117,4
3118,4
3119,5
3120,0
3121,0
3122,5
3123,5
3124,0
3125,5
3126,3
3127,3
3128,3
3129,0
3130,5
3131,0
3132,3
3133,4
3134,3
3135,0
3136,3
3137,0
3138,4
3139,5
3140,0
3141,4
3142,3
3143,5
3144,0
3145,3
3146,4
3147,0
3148,0
3149,0
3150,5
3151,0
3152,0
3153,0
3154,5
3155,0
3156,4
3157,0
3158,5
3159,0
3160,0
3161,3
3162,3
3163,0
3164,0
3165,5
3166,5
3167,0
3168,3
3169,5
3170,3
3171,0
3172,5
3173,5
3174,0
3175,4
3176,5
3177,0
3178,0
3179,5
3180,5
3181,0
3182,5
3183,1
3184,1
3185,5
3186,0
3187,0
3188,5
3189,0
3190,1
3191,5
3192,0
3193,0
3194,0
3195,0
3196,5
3197,5
3198,4
3199,0
3200,0
3201,5
3202,3
3203,5
3204,5
3205,3
3206,5
3207,0
3208,0
3209,4
3210,5
3211,0
3212,0
3213,0
3214,0
3215,5
3216,4
3217,5
3218,5
3219,3
3220,5
3221,4
3222,3
3223,3
3224,3
3225,3
3226,3
3227,3
3228,3
3229,3
3230,3
3231,3
3232,3
3233,3
3234,3
3235,3
3236,3
3237,3
3238,3
3239,3
3240,3
3241,3
3242,3
3243,3
3244,3
3245,3
3246,3
3247,3
3248,3
3249,3
3250,3
3251,3
3252,3
3253,3
3254,3
3255,3
3256,3
3257,3
3258,3
3259,3
3260,3
3261,3
3262,3
3263,3
3264,3
3265,3
3266,3
3267,3
3268,3
3269,3
3270,3
3271,3
3272,3
3273,3
3274,5
3275,3
3276,3
3277,5
3278,5
3279,5
3280,3
3281,3
3282,3
3283,1
3284,3
3285,5
3286,3
3287,3
3288,3
3289,3
3290,4
3291,3
3292,3
3293,3
3294,3
3295,3
3296,3
3297,3
3298,3
3299,4
3300,4
3301,3
3302,3
3303,3
3304,3
3305,3
3306,3
3307,3
3308,3
3309,3
3310,3
3311,1
3312,3
3313,3
3314,3
3315,3
3316,3
3317,3
3318,3
3319,3
3320,3
3321,3
3322,3
3323,3
3324,0
3325,3
3326,3
3327,3
3328,3
3329,0
3330,3
3331,3
3332,3
3333,1
3334,3
3335,3
3336,3
3337,3
3338,3
3339,3
3340,3
3341,3
3342,3
3343,3
3344,3
3345,3
3346,4
3347,3
3348,3
3349,4
3350,3
3351,3
3352,0
3353,4
3354,3
3355,3
3356,3
3357,3
3358,3
3359,4
3360,4
3361,4
3362,3
3363,3
3364,3
3365,4
3366,3
3367,3
3368,3
3369,3
3370,3
3371,3
3372,3
3373,4
3374,3
3375,3
3376,3
3377,3
3378,3
3379,3
3380,3
3381,3
3382,3
3383,3
3384,3
3385,4
3386,3
3387,3
3388,3
3389,3
3390,3
3391,3
3392,3
3393,3
3394,3
3395,3
3396,3
3397,3
3398,3
3399,3
3400,3
3401,4
3402,3
3403,3
3404,3
3405,3
3406,3
3407,3
3408,3
3409,3
3410,4
3411,4
3412,5
3413,4
3414,4
3415,4
3416,4
3417,4
3418,4
3419,4
3420,4
3421,4
3422,4
3423,5
3424,4
3425,4
3426,5
3427,3
3428,4
3429,3
3430,3
3431,3
3432,3
3433,4
3434,3
3435,3
3436,3
3437,3
3438,3
3439,3
3440,3
3441,3
3442,3
3443,5
3444,3
3445,3
3446,3
3447,4
3448,3
3449,3
3450,3
3451,3
3452,3
3453,3
3454,3
3455,3
3456,3
3457,4
3458,4
3459,4
3460,5
3461,4
3462,5
3463,4
3464,4
3465,5
3466,0
3467,5
3468,4
3469,4
3470,4
3471,4
3472,5
3473,4
3474,5
3475,5
3476,3
3477,3
3478,3
3479,5
3480,5
3481,3
3482,5
3483,5
3484,3
3485,5
3486,3
3487,3
3488,0
3489,3
3490,3
3491,5
3492,3
3493,3
3494,3
3495,3
3496,3
3497,4
3498,3
3499,3
3500,3
3501,3
3502,3
3503,3
3504,3
3505,3
3506,3
3507,3
3508,3
3509,3
3510,3
3511,3
3512,3
3513,3
3514,3
3515,3
3516,3
3517,3
3518,3
3519,4
3520,0
3521,3
3522,4
3523,3
3524,4
3525,4
3526,4
3527,4
3528,5
3529,3
3530,3
3531,3
3532,4
3533,3
3534,4
3535,1
3536,3
3537,4
3538,5
3539,0
3540,3
3541,5
3542,3
3543,4
3544,4
3545,0
3546,4
3547,3
3548,3
3549,0
3550,4
3551,1
3552,4
3553,5
3554,4
3555,4
3556,0
3557,5
3558,3
3559,4
3560,3
3561,3
3562,5
3563,3
3564,3
3565,1
3566,1
3567,3
3568,3
3569,3
3570,4
3571,5
3572,4
3573,4
3574,3
3575,3
3576,3
3577,4
3578,3
3579,3
3580,3
3581,4
3582,3
3583,3
3584,3
3585,3
3586,4
3587,3
3588,3
3589,3
3590,3
3591,3
3592,3
3593,3
3594,3
3595,4
3596,3
3597,3
3598,5
3599,3
3600,0
3601,5
3602,4
3603,5
3604,3
3605,5
3606,5
3607,5
3608,0
3609,5
3610,5
3611,3
3612,3
3613,4
3614,4
3615,3
3616,3
3617,3
3618,4
3619,3
3620,5
3621,3
3622,4
3623,3
3624,3
3625,4
3626,3
3627,3
3628,5
3629,3
3630,3
3631,3
3632,3
3633,3
3634,3
3635,3
3636,3
3637,3
3638,3
3639,3
3640,3
3641,1
3642,3
3643,4
3644,3
3645,3
3646,1
3647,3
3648,3
3649,3
3650,3
3651,1
3652,1
3653,3
3654,5
3655,3
3656,1
3657,3
3658,3
3659,3
3660,3
3661,3
3662,3
3663,3
3664,5
3665,3
3666,3
3667,1
3668,3
3669,4
3670,4
3671,4
3672,4
3673,4
3674,3
3675,4
3676,4
3677,4
3678,4
3679,3
3680,5
3681,4
3682,3
3683,3
3684,4
3685,4
3686,5
3687,4
3688,5
3689,4
3690,4
3691,5
3692,4
3693,4
3694,4
3695,4
3696,4
3697,4
3698,4
3699,5
3700,3
3701,4
3702,4
3703,4
3704,4
3705,3
3706,5
3707,3
3708,4
3709,4
3710,5
3711,4
3712,4
3713,5
3714,3
3715,0
3716,4
3717,4
3718,4
3719,4
3720,4
3721,4
3722,4
3723,4
3724,3
3725,4
3726,4
3727,3
3728,4
3729,4
3730,4
3731,4
3732,4
3733,4
3734,4
3735,4
3736,4
3737,4
3738,4
3739,3
3740,0
3741,4
3742,4
3743,4
3744,4
3745,4
3746,3
3747,3
3748,3
3749,4
3750,3
3751,3
3752,3
3753,3
3754,3
3755,3
3756,3
3757,3
3758,3
3759,5
3760,3
3761,3
3762,3
3763,3
3764,3
3765,3
3766,3
3767,3
3768,4
3769,3
3770,3
3771,3
3772,3
3773,3
3774,3
3775,4
3776,3
3777,3
3778,3
3779,3
3780,3
3781,3
3782,3
3783,3
3784,3
3785,3
3786,3
3787,3
3788,3
3789,3
3790,3
3791,3
3792,4
3793,4
3794,3
3795,3
3796,3
3797,3
3798,4
3799,3
3800,3
3801,4
3802,5
3803,3
3804,3
3805,3
3806,4
3807,3
3808,3
3809,3
3810,3
3811,5
3812,3
3813,5
3814,3
3815,4
3816,3
3817,5
3818,1
3819,5
3820,2
3821,2
3822,2
3823,1
3824,2
3825,2
3826,5
3827,2
3828,2
3829,2
3830,2
3831,2
3832,2
3833,5
3834,2
3835,2
3836,2
3837,2
3838,2
3839,2
3840,2
3841,2
3842,2
3843,2
3844,2
3845,2
3846,2
3847,2
3848,2
3849,1
3850,1
3851,1
3852,1
3853,2
3854,2
3855,2
3856,2
3857,2
3858,2
3859,2
3860,2
3861,2
3862,2
3863,2
3864,2
3865,2
3866,2
3867,1
3868,2
3869,2
3870,2
3871,1
3872,1
3873,1
3874,1
3875,2
3876,1
3877,2
3878,1
3879,1
3880,1
3881,1
3882,2
3883,2
3884,2
3885,2
3886,2
3887,2
3888,2
3889,1
3890,1
3891,2
3892,1
3893,4
3894,1
3895,1
3896,1
3897,1
3898,2
3899,1
3900,2
3901,1
3902,1
3903,1
3904,1
3905,2
3906,1
3907,1
3908,1
3909,1
3910,1
3911,2
3912,2
3913,2
3914,2
3915,2
3916,2
3917,2
3918,2
3919,2
3920,2
3921,2
3922,2
3923,2
3924,2
3925,2
3926,2
3927,1
3928,2
3929,2
3930,2
3931,2
3932,1
3933,2
3934,1
3935,2
3936,5
3937,2
3938,1
3939,5
3940,1
3941,2
3942,2
3943,2
3944,2
3945,1
3946,1
3947,1
3948,1
3949,2
3950,1
3951,2
3952,2
3953,2
3954,1
3955,2
3956,1
3957,2
3958,2
3959,1
3960,2
3961,2
3962,2
3963,4
3964,2
3965,5
3966,2
3967,1
3968,2
3969,2
3970,1
3971,2
3972,2
3973,2
3974,2
3975,5
3976,2
3977,2
3978,2
3979,5
3980,2
3981,2
3982,5
3983,2
3984,2
3985,1
3986,1
3987,1
3988,5
3989,2
3990,2
3991,1
3992,2
3993,2
3994,2
3995,2
3996,1
3997,2
3998,1
3999,1
4000,1
4001,5
4002,1
4003,2
4004,2
4005,1
4006,5
4007,1
4008,3
4009,1
4010,3
4011,1
4012,2
4013,1
4014,1
4015,1
4016,1
4017,2
4018,1
4019,1
4020,2
4021,2
4022,1
4023,2
4024,5
4025,2
4026,1
4027,5
4028,1
4029,1
4030,1
4031,1
4032,1
4033,2
4034,5
4035,2
4036,2
4037,2
4038,2
4039,2
4040,2
4041,1
4042,5
4043,2
4044,2
4045,2
4046,2
4047,2
4048,2
4049,1
4050,2
4051,2
4052,1
4053,2
4054,1
4055,2
4056,1
4057,2
4058,1
4059,2
4060,1
4061,2
4062,2
4063,2
4064,5
4065,2
4066,2
4067,2
4068,2
4069,1
4070,2
4071,2
4072,2
4073,2
4074,2
4075,2
4076,2
4077,2
4078,2
4079,5
4080,5
4081,1
4082,1
4083,1
4084,1
4085,2
4086,2
4087,2
4088,1
4089,1
4090,1
4091,1
4092,1
4093,2
4094,1
4095,1
4096,1
4097,1
4098,1
4099,5
4100,2
4101,1
4102,1
4103,1
4104,1
4105,2
4106,1
4107,1
4108,1
4109,2
4110,2
4111,2
4112,1
4113,2
4114,2
4115,1
4116,1
4117,1
4118,1
4119,1
4120,1
4121,2
4122,1
4123,2
4124,1
4125,1
4126,1
4127,1
4128,2
4129,2
4130,1
4131,2
4132,2
4133,2
4134,2
4135,2
4136,5
4137,2
4138,5
4139,2
4140,1
4141,2
4142,1
4143,2
4144,1
4145,2
4146,2
4147,2
4148,1
4149,1
4150,1
4151,2
4152,2
4153,2
4154,1
4155,1
4156,1
4157,5
4158,2
4159,2
4160,0
4161,1
4162,1
4163,1
4164,2
4165,1
4166,2
4167,2
4168,1
4169,2
4170,2
4171,2
4172,1
4173,2
4174,1
4175,1
4176,1
4177,2
4178,2
4179,1
4180,2
4181,1
4182,2
4183,2
4184,1
4185,1
4186,1
4187,2
4188,5
4189,2
4190,1
4191,5
4192,2
4193,2
4194,1
4195,2
4196,2
4197,2
4198,2
4199,1
4200,1
4201,1
4202,2
4203,2
4204,5
4205,2
4206,2
4207,1
4208,2
4209,2
4210,2
4211,2
4212,5
4213,1
4214,2
4215,1
4216,2
4217,1
4218,1
4219,2
4220,1
4221,1
4222,2
4223,1
4224,2
4225,2
4226,1
4227,5
4228,1
4229,2
4230,1
4231,2
4232,2
4233,1
4234,1
4235,1
4236,2
4237,2
4238,1
4239,2
4240,2
4241,2
4242,1
4243,2
4244,2
4245,2
4246,2
4247,2
4248,2
4249,2
4250,2
4251,1
4252,1
4253,1
4254,5
4255,2
4256,1
4257,1
4258,1
4259,2
4260,2
4261,2
4262,1
4263,5
4264,1
4265,2
4266,2
4267,2
4268,2
4269,1
4270,1
4271,2
4272,1
4273,1
4274,2
4275,1
4276,2
4277,2
4278,2
4279,2
4280,1
4281,2
4282,5
4283,2
4284,1
4285,2
4286,5
4287,2
4288,2
4289,2
4290,2
4291,2
4292,2
4293,5
4294,5
4295,2
4296,2
4297,2
4298,2
4299,1
4300,2
4301,1
4302,2
4303,2
4304,2
4305,2
4306,2
4307,2
4308,2
4309,2
4310,2
4311,2
4312,1
4313,1
4314,1
4315,2
4316,5
4317,1
4318,2
4319,2
4320,1
4321,2
4322,2
4323,2
4324,2
4325,1
4326,1
4327,2
4328,2
4329,2
4330,2
4331,2
4332,2
4333,2
4334,2
4335,2
4336,2
4337,3
4338,3
4339,2
4340,2
4341,1
4342,2
4343,2
4344,2
4345,2
4346,2
4347,2
4348,1
4349,2
4350,2
4351,2
4352,1
4353,2
4354,2
4355,2
4356,2
4357,2
4358,2
4359,5
4360,2
4361,1
4362,1
4363,1
4364,1
4365,2
4366,1
4367,1
4368,2
4369,1
4370,1
4371,1
4372,5
4373,1
4374,2
4375,1
4376,2
4377,2
4378,1
4379,2
4380,2
4381,2
4382,2
4383,1
4384,2
4385,2
4386,2
4387,2
4388,2
4389,2
4390,2
4391,1
4392,5
4393,1
4394,5
4395,1
4396,2
4397,1
4398,1
4399,2
4400,1
4401,1
4402,2
4403,2
4404,2
4405,5
4406,2
4407,5
4408,1
4409,2
4410,2
4411,1
4412,2
4413,2
4414,5
4415,2
4416,2
4417,2
4418,1
4419,2
4420,5
4421,2
4422,2
4423,2
4424,2
4425,2
4426,2
4427,2
4428,1
4429,2
4430,2
4431,2
4432,2
4433,2
4434,2
4435,5
4436,2
4437,2
4438,4
4439,2
4440,1
4441,2
4442,1
4443,5
4444,1
4445,2
4446,2
4447,3
4448,1
4449,2
4450,2
4451,1
4452,1
4453,1
4454,1
4455,1
4456,1
4457,1
4458,1
4459,1
4460,1
4461,1
4462,1
4463,1
4464,1
4465,3
4466,1
4467,2
4468,1
4469,2
4470,2
4471,1
4472,2
4473,2
4474,2
4475,2
4476,2
4477,1
4478,1
4479,2
4480,1
4481,2
4482,2
4483,1
4484,2
4485,1
4486,2
4487,1
4488,1
4489,1
4490,1
4491,1
4492,2
4493,1
4494,2
4495,2
4496,2
4497,2
4498,1
4499,2
4500,1
4501,2
4502,2
4503,2
4504,2
4505,2
4506,2
4507,5
4508,2
4509,2
4510,2
4511,5
4512,2
4513,2
4514,2
4515,2
4516,2
4517,1
4518,2
4519,2
4520,2
4521,1
4522,1
4523,1
4524,1
4525,2
4526,2
4527,2
4528,1
4529,2
4530,1
4531,1
4532,2
4533,2
4534,1
4535,5
4536,2
4537,2
4538,2
4539,2
4540,2
4541,1
4542,1
4543,1
4544,1
4545,5
4546,1
4547,1
4548,2
4549,2
4550,5
4551,1
4552,2
4553,2
4554,1
4555,1
4556,1
4557,2
4558,1
4559,2
4560,2
4561,2
4562,1
4563,1
4564,1
4565,1
4566,1
4567,2
4568,1
4569,1
4570,2
4571,2
4572,1
4573,2
4574,1
4575,1
4576,1
4577,2
4578,2
4579,5
4580,2
4581,2
4582,2
4583,2
4584,2
4585,2
4586,2
4587,2
4588,2
4589,2
4590,2
4591,2
4592,2
4593,2
4594,2
4595,2
4596,2
4597,2
4598,2
4599,2
4600,2
4601,1
4602,1
4603,2
4604,2
4605,1
4606,1
4607,2
4608,2
4609,1
4610,2
4611,2
4612,1
4613,2
4614,2
4615,2
4616,2
4617,2
4618,1
4619,1
4620,2
4621,2
4622,2
4623,2
4624,2
4625,2
4626,2
4627,2
4628,2
4629,2
4630,2
4631,2
4632,1
4633,2
4634,1
4635,5
4636,5
4637,2
4638,2
4639,2
4640,2
4641,2
4642,2
4643,2
4644,2
4645,2
4646,2
4647,2
4648,1
4649,1
4650,3
4651,2
4652,2
4653,2
4654,2
4655,2
4656,1
4657,1
4658,2
4659,1
4660,1
4661,1
4662,2
4663,2
4664,2
4665,1
4666,1
4667,2
4668,1
4669,2
4670,1
4671,2
4672,1
4673,2
4674,2
4675,2
4676,1
4677,1
4678,2
4679,1
4680,2
4681,1
4682,2
4683,2
4684,2
4685,1
4686,2
4687,1
4688,1
4689,1
4690,2
4691,2
4692,2
4693,2
4694,2
4695,2
4696,2
4697,2
4698,2
4699,2
4700,2
4701,3
4702,2
4703,2
4704,2
4705,5
4706,5
4707,2
4708,2
4709,2
4710,2
4711,5
4712,2
4713,2
4714,2
4715,2
4716,2
4717,2
4718,2
4719,2
4720,1
4721,1
4722,1
4723,2
4724,2
4725,2
4726,2
4727,2
4728,2
4729,2
4730,2
4731,2
4732,1
4733,1
4734,1
4735,2
4736,2
4737,2
4738,2
4739,2
4740,2
4741,1
4742,5
4743,1
4744,2
4745,1
4746,5
4747,2
4748,1
4749,2
4750,1
4751,2
4752,1
4753,2
4754,1
4755,2
4756,2
4757,1
4758,2
4759,1
4760,1
4761,1
4762,1
4763,1
4764,1
4765,5
4766,2
4767,2
4768,1
4769,2
4770,2
4771,2
4772,5
4773,2
4774,2
4775,1
4776,2
4777,2
4778,2
4779,1
4780,2
4781,2
4782,5
4783,1
4784,5
4785,1
4786,5
4787,1
4788,1
4789,1
4790,1
4791,1
4792,1
4793,2
4794,1
4795,1
4796,2
4797,1
4798,2
4799,2
4800,2
4801,2
4802,1
4803,1
4804,1
4805,1
4806,1
4807,2
4808,1
4809,2
4810,1
4811,1
4812,1
4813,1
4814,1
4815,1
4816,1
4817,1
4818,1
4819,1
4820,1
4821,1
4822,1
4823,1
4824,5
4825,2
4826,2
4827,1
4828,2
4829,2
4830,1
4831,2
4832,2
4833,1
4834,1
4835,3
4836,3
4837,1
4838,2
4839,2
4840,2
4841,2
4842,2
4843,1
4844,1
4845,2
4846,2
4847,1
4848,1
4849,1
4850,1
4851,1
4852,2
4853,1
4854,3
4855,1
4856,2
4857,5
4858,2
4859,2
4860,1
4861,2
4862,1
4863,1
4864,1
4865,2
4866,1
4867,2
4868,2
4869,1
4870,2
4871,1
4872,2
4873,1
4874,1
4875,2
4876,2
4877,2
4878,2
4879,1
4880,2
4881,1
4882,1
4883,1
4884,3
4885,1
4886,1
4887,2
4888,1
4889,1
4890,2
4891,1
4892,1
4893,2
4894,1
4895,1
4896,1
4897,1
4898,5
4899,2
4900,2
4901,1
4902,1
4903,1
4904,1
4905,1
4906,1
4907,1
4908,1
4909,1
4910,2
4911,2
4912,1
4913,1
4914,2
4915,1
4916,1
4917,2
4918,2
4919,1
4920,2
4921,1
4922,2
4923,1
4924,1
4925,1
4926,1
4927,1
4928,1
4929,5
4930,1
4931,1
4932,1
4933,1
4934,2
4935,1
4936,1
4937,1
4938,1
4939,1
4940,1
4941,2
4942,3
4943,1
4944,1
4945,5
4946,1
4947,1
4948,5
4949,5
4950,2
4951,2
4952,2
4953,2
4954,2
4955,1
4956,5
4957,2
4958,2
4959,2
4960,2
4961,1
4962,2
4963,1
4964,2
4965,5
4966,1
4967,1
4968,1
4969,1
4970,1
4971,3
4972,1
4973,5
4974,1
4975,1
4976,2
4977,1
4978,5
4979,1
4980,1
4981,0
4982,2
4983,2
4984,2
4985,2
4986,2
4987,2
4988,2
4989,2
4990,2
4991,2
4992,2
4993,1
4994,2
4995,2
4996,2
4997,2
4998,2
4999,2
5000,2
5001,1
5002,2
5003,2
5004,2
5005,2
5006,2
5007,2
5008,2
5009,2
5010,2
5011,2
5012,1
5013,5
5014,2
5015,2
5016,2
5017,2
5018,2
5019,1
5020,2
5021,1
5022,2
5023,2
5024,2
5025,2
5026,2
5027,1
5028,2
5029,2
5030,2
5031,2
5032,2
5033,1
5034,1
5035,2
5036,2
5037,2
5038,2
5039,2
5040,2
5041,5
5042,1
5043,2
5044,1
5045,2
5046,2
5047,1
5048,1
5049,2
5050,1
5051,1
5052,2
5053,1
5054,1
5055,2
5056,2
5057,1
5058,2
5059,1
5060,1
5061,1
5062,1
5063,2
5064,5
5065,1
5066,1
5067,2
5068,1
5069,1
5070,2
5071,2
5072,5
5073,1
5074,1
5075,5
5076,1
5077,2
5078,1
5079,1
5080,1
5081,2
5082,5
5083,1
5084,1
5085,1
5086,2
5087,5
5088,4
5089,5
5090,1
5091,1
5092,1
5093,1
5094,1
5095,1
5096,1
5097,1
5098,3
5099,1
5100,1
5101,5
5102,2
5103,0
5104,5
5105,5
5106,2
5107,2
5108,1
5109,1
5110,1
5111,1
5112,1
5113,1
5114,2
5115,1
5116,2
5117,1
5118,1
5119,1
5120,2
5121,1
5122,5
5123,1
5124,1
5125,1
5126,2
5127,1
5128,2
5129,1
5130,5
5131,1
5132,5
5133,5
5134,1
5135,0
5136,1
5137,4
5138,5
5139,5
5140,5
5141,5
5142,1
5143,2
5144,5
5145,5
5146,1
5147,2
5148,1
5149,1
5150,1
5151,2
5152,1
5153,2
5154,1
5155,1
5156,2
5157,2
5158,1
5159,1
5160,1
5161,1
5162,1
5163,2
5164,1
5165,1
5166,1
5167,1
5168,1
5169,1
5170,1
5171,1
5172,1
5173,1
5174,2
5175,1
5176,2
5177,2
5178,1
5179,3
5180,1
5181,5
5182,3
5183,1
5184,1
5185,1
5186,1
5187,1
5188,1
5189,0
5190,1
5191,1
5192,2
5193,3
5194,1
5195,1
5196,5
5197,5
5198,5
5199,1
5200,5
5201,1
5202,1
5203,1
5204,1
5205,1
5206,1
5207,1
5208,1
5209,1
5210,1
5211,1
5212,1
5213,1
5214,1
5215,1
5216,1
5217,1
5218,5
5219,1
5220,5
5221,4
5222,1
5223,4
5224,4
5225,1
5226,5
5227,1
5228,1
5229,4
5230,1
5231,2
5232,1
5233,5
5234,1
5235,1
5236,1
5237,5
5238,1
5239,1
5240,1
5241,3
5242,4
5243,5
5244,5
5245,1
5246,1
5247,3
5248,1
5249,5
5250,1
5251,4
5252,5
5253,4
5254,4
5255,3
5256,0
5257,3
5258,0
5259,3
5260,0
5261,3
5262,3
5263,0
5264,4
5265,4
5266,3
5267,4
5268,4
5269,5
5270,3
5271,1
5272,3
5273,4
5274,3
5275,5
5276,4
5277,4
5278,4
5279,0
5280,4
5281,5
5282,5
5283,1
5284,5
5285,0
5286,4
5287,5
5288,4
5289,0
5290,0
5291,3
5292,3
5293,4
5294,3
5295,0
5296,4
5297,5
5298,4
5299,0
5300,5
5301,5
5302,0
5303,4
5304,3
5305,4
5306,3
5307,0
5308,3
5309,0
5310,4
5311,5
5312,4
5313,5
5314,4
5315,3
5316,0
5317,4
5318,4
5319,4
5320,5
5321,5
5322,0
5323,3
5324,5
5325,4
5326,0
5327,4
5328,3
5329,4
5330,4
5331,5
5332,5
5333,4
5334,5
5335,3
5336,4
5337,0
5338,3
5339,4
5340,3
5341,3
5342,3
5343,3
5344,5
5345,4
5346,5
5347,1
5348,5
5349,3
5350,5
5351,4
5352,3
5353,4
5354,0
5355,4
5356,3
5357,5
5358,5
5359,0
5360,3
5361,4
5362,0
5363,0
5364,1
5365,3
5366,5
5367,5
5368,4
5369,1
5370,4
5371,4
5372,3
5373,4
5374,5
5375,5
5376,4
5377,3
5378,4
5379,4
5380,3
5381,4
5382,4
5383,4
5384,0
5385,1
5386,4
5387,0
5388,4
5389,4
5390,4
5391,3
5392,5
5393,0
5394,4
5395,0
5396,0
5397,0
5398,5
5399,4
5400,4
5401,0
5402,4
5403,4
5404,4
5405,4
5406,5
5407,3
5408,4
5409,4
5410,0
5411,0
5412,0
5413,5
5414,0
5415,0
5416,0
5417,0
5418,5
5419,1
5420,4
5421,4
5422,3
5423,4
5424,4
5425,5
5426,4
5427,5
5428,5
5429,4
5430,5
5431,3
5432,4
5433,1
5434,3
5435,3
5436,4
5437,0
5438,3
5439,5
5440,0
5441,0
5442,5
5443,4
5444,4
5445,0
5446,0
5447,4
5448,4
5449,0
5450,4
5451,0
5452,5
5453,3
5454,4
5455,4
5456,0
5457,4
5458,0
5459,4
5460,4
5461,1
5462,0
5463,5
5464,0
5465,4
5466,0
5467,4
5468,5
5469,3
5470,1
5471,4
5472,0
5473,4
5474,3
5475,4
5476,3
5477,4
5478,4
5479,5
5480,0
5481,5
5482,3
5483,0
5484,3
5485,0
5486,4
5487,5
5488,3
5489,4
5490,0
5491,3
5492,0
5493,5
5494,5
5495,4
5496,3
5497,0
5498,5
5499,0
5500,3
5501,5
5502,4
5503,4
5504,4
5505,0
5506,3
5507,3
5508,4
5509,0
5510,0
5511,3
5512,5
5513,5
5514,4
5515,4
5516,5
5517,0
5518,5
5519,5
5520,4
5521,4
5522,4
5523,3
5524,4
5525,5
5526,5
5527,4
5528,5
5529,5
5530,5
5531,4
5532,5
5533,3
5534,3
5535,4
5536,3
5537,4
5538,4
5539,4
5540,5
5541,5
5542,3
5543,4
5544,4
5545,4
5546,4
5547,5
5548,3
5549,4
5550,4
5551,3
5552,5
5553,0
5554,5
5555,5
5556,5
5557,4
5558,5
5559,4
5560,5
5561,4
5562,3
5563,5
5564,3
5565,0
5566,0
5567,4
5568,3
5569,5
5570,4
5571,4
5572,4
5573,0
5574,0
5575,0
5576,0
5577,4
5578,0
5579,4
5580,4
5581,4
5582,4
5583,4
5584,5
5585,0
5586,0
5587,5
5588,4
5589,4
5590,0
5591,0
5592,5
5593,4
5594,0
5595,4
5596,4
5597,4
5598,0
5599,4
5600,3
5601,4
5602,4
5603,4
5604,4
5605,0
5606,0
5607,0
5608,4
5609,4
5610,4
5611,4
5612,0
5613,4
5614,1
5615,4
5616,4
5617,4
5618,0
5619,4
5620,0
5621,5
5622,3
5623,5
5624,5
5625,4
5626,0
5627,3
5628,4
5629,3
5630,4
5631,5
5632,0
5633,3
5634,3
5635,3
5636,4
5637,5
5638,5
5639,5
5640,4
5641,4
5642,5
5643,4
5644,4
5645,4
5646,5
5647,4
5648,4
5649,4
5650,0
5651,3
5652,3
5653,0
5654,4
5655,3
5656,1
5657,3
5658,5
5659,4
5660,5
5661,3
5662,5
5663,5
5664,5
5665,4
5666,0
5667,5
5668,0
5669,3
5670,0
5671,3
5672,0
5673,4
5674,0
5675,0
5676,3
5677,0
5678,4
5679,5
5680,3
5681,0
5682,0
5683,3
5684,4
5685,5
5686,5
5687,1
5688,1
5689,0
5690,5
5691,4
5692,5
5693,5
5694,3
5695,3
5696,5
5697,4
5698,5
5699,4
5700,3
5701,3
5702,5
5703,4
5704,0
5705,4
5706,4
5707,4
5708,5
5709,0
5710,0
5711,5
5712,3
5713,3
5714,1
5715,0
5716,4
5717,0
5718,0
5719,4
5720,5
5721,4
5722,5
5723,5
5724,3
5725,5
5726,5
5727,4
5728,4
5729,0
5730,0
5731,5
5732,0
5733,4
5734,5
5735,5
5736,5
5737,5
5738,4
5739,4
5740,5
5741,4
5742,1
5743,4
5744,4
5745,4
5746,4
5747,0
5748,4
5749,4
5750,4
5751,5
5752,4
5753,4
5754,4
5755,4
5756,5
5757,4
5758,4
5759,0
5760,0
5761,3
5762,5
5763,5
5764,4
5765,0
5766,3
5767,4
5768,4
5769,3
5770,4
5771,4
5772,4
5773,5
5774,1
5775,5
5776,5
5777,0
5778,1
5779,5
5780,5
5781,3
5782,4
5783,4
5784,4
5785,5
5786,4
5787,5
5788,5
5789,0
5790,4
5791,1
5792,1
5793,4
5794,5
5795,4
5796,4
5797,3
5798,4
5799,4
5800,3
5801,4
5802,4
5803,4
5804,4
5805,5
5806,4
5807,5
5808,4
5809,5
5810,4
5811,5
5812,3
5813,1
5814,5
5815,5
5816,4
5817,5
5818,3
5819,4
5820,3
5821,0
5822,5
5823,3
5824,3
5825,3
5826,5
5827,5
5828,3
5829,5
5830,1
5831,3
5832,4
5833,5
5834,5
5835,4
5836,0
5837,4
5838,3
5839,5
5840,4
5841,0
5842,4
5843,5
5844,0
5845,3
5846,5
5847,5
5848,5
5849,3
5850,5
5851,1
5852,1
5853,4
5854,3
5855,4
5856,1
5857,5
5858,4
5859,3
5860,5
5861,4
5862,4
5863,4
5864,5
5865,5
5866,1
5867,4
5868,3
5869,3
5870,4
5871,0
5872,4
5873,3
5874,3
5875,4
5876,4
5877,3
5878,3
5879,3
5880,4
5881,4
5882,4
5883,4
5884,4
5885,3
5886,3
5887,4
5888,3
5889,3
5890,0
5891,0
5892,4
5893,3
5894,0
5895,4
5896,5
5897,5
5898,5
5899,4
5900,5
5901,5
5902,4
5903,3
5904,5
5905,3
5906,5
5907,5
5908,3
5909,0
5910,3
5911,3
5912,3
5913,3
5914,4
5915,3
5916,3
5917,4
5918,5
5919,4
5920,4
5921,0
5922,5
5923,1
5924,3
5925,0
5926,0
5927,1
5928,1
5929,5
5930,3
5931,3
5932,3
5933,0
5934,0
5935,0
5936,0
5937,0
5938,4
5939,5
5940,0
5941,0
5942,3
5943,5
5944,0
5945,4
5946,0
5947,5
5948,3
5949,0
5950,0
5951,0
5952,0
5953,3
5954,1
5955,0
5956,1
5957,0
5958,0
5959,0
5960,0
5961,4
5962,0
5963,0
5964,5
5965,0
5966,5
5967,5
5968,0
5969,0
5970,5
5971,5
5972,0
5973,3
5974,4
5975,0
5976,0
5977,0
5978,0
5979,3
5980,0
5981,0
5982,0
5983,0
5984,4
5985,4
5986,4
5987,0
5988,4
5989,4
5990,5
5991,0
5992,5
5993,5
5994,5
5995,5
5996,5
5997,5
5998,0
5999,0
6000,4
6001,4
6002,4
6003,0
6004,4
6005,5
6006,0
6007,3
6008,0
6009,5
6010,4
6011,5
6012,5
6013,4
6014,4
6015,4
6016,4
6017,0
6018,0
6019,5
6020,4
6021,4
6022,4
6023,4
6024,3
6025,3
6026,3
6027,0
6028,1
6029,4
6030,4
6031,4
6032,4
6033,0
6034,5
6035,1
6036,1
6037,1
6038,1
6039,1
6040,1
6041,1
6042,3
6043,5
6044,4
6045,4
6046,5
6047,3
6048,5
6049,4
6050,4
6051,4
6052,4
6053,4
6054,5
6055,4
6056,5
6057,5
6058,4
6059,5
6060,5
6061,5
6062,4
6063,0
6064,5
6065,4
6066,0
6067,0
6068,4
6069,0
6070,4
6071,4
6072,4
6073,3
6074,4
6075,1
6076,1
6077,4
6078,4
6079,4
6080,4
6081,5
6082,5
6083,4
6084,0
6085,1
6086,5
6087,4
6088,4
6089,4
6090,4
6091,4
6092,5
6093,0
6094,0
6095,5
6096,0
6097,4
6098,4
6099,4
6100,4
6101,4
6102,4
6103,4
6104,0
6105,4
6106,3
6107,3
6108,0
6109,3
6110,4
6111,4
6112,5
6113,0
6114,3
6115,0
6116,0
6117,0
6118,0
6119,1
6120,5
6121,4
6122,3
6123,0
6124,0
6125,5
6126,4
6127,5
6128,3
6129,0
6130,3
6131,5
6132,0
6133,0
6134,5
6135,3
6136,3
6137,4
6138,4
6139,0
6140,4
6141,0
6142,5
6143,3
6144,0
6145,0
6146,0
6147,5
6148,5
6149,3
6150,5
6151,5
6152,5
6153,3
6154,0
6155,3
6156,4
6157,3
6158,3
6159,3
6160,3
6161,3
6162,5
6163,3
6164,4
6165,4
6166,4
6167,3
6168,4
6169,5
6170,5
6171,3
6172,0
6173,3
6174,4
6175,4
6176,4
6177,4
6178,4
6179,5
6180,5
6181,0
6182,3
6183,3
6184,5
6185,1
6186,5
6187,5
6188,0
6189,3
6190,3
6191,5
6192,0
6193,5
6194,4
6195,4
6196,0
6197,3
6198,0
6199,3
6200,0
6201,5
6202,0
6203,5
6204,4
6205,4
6206,4
6207,0
6208,0
6209,0
6210,3
6211,3
6212,0
6213,0
6214,0
6215,4
6216,5
6217,3
6218,5
6219,0
6220,0
6221,0
6222,3
6223,0
6224,0
6225,0
6226,4
6227,4
6228,4
6229,4
6230,3
6231,3
6232,3
6233,3
6234,3
6235,3
6236,3
6237,3
6238,4
6239,0
6240,0
6241,5
6242,0
6243,3
6244,4
6245,0
6246,3
6247,0
6248,3
6249,0
6250,0
6251,5
6252,4
6253,5
6254,4
6255,3
6256,4
6257,0
6258,0
6259,3
6260,5
6261,5
6262,5
6263,5
6264,0
6265,0
6266,0
6267,3
6268,3
6269,3
6270,4
6271,3
6272,3
6273,3
6274,0
6275,3
6276,3
6277,0
6278,0
6279,5
6280,5
6281,5
6282,0
6283,3
6284,3
6285,5
6286,0
6287,0
6288,5
6289,4
6290,0
6291,5
6292,0
6293,5
6294,3
6295,5
6296,5
6297,0
6298,4
6299,4
6300,4
6301,4
6302,5
6303,4
6304,5
6305,0
6306,4
6307,4
6308,5
6309,5
6310,5
6311,5
6312,0
6313,4
6314,4
6315,5
6316,4
6317,1
6318,0
6319,5
6320,1
6321,5
6322,4
6323,4
6324,4
6325,3
6326,4
6327,4
6328,3
6329,3
6330,3
6331,3
6332,3
6333,4
6334,5
6335,4
6336,0
6337,4
6338,3
6339,3
6340,0
6341,5
6342,0
6343,0
6344,4
6345,0
6346,4
6347,0
6348,3
6349,3
6350,3
6351,3
6352,5
6353,1
6354,4
6355,5
6356,4
6357,4
6358,3
6359,3
6360,5
6361,0
6362,4
6363,5
6364,5
6365,1
6366,3
6367,3
6368,4
6369,3
6370,0
6371,3
6372,4
6373,3
6374,3
6375,3
6376,3
6377,0
6378,4
6379,3
6380,3
6381,3
6382,5
6383,4
6384,5
6385,5
6386,5
6387,4
6388,4
6389,0
6390,0
6391,4
6392,4
6393,0
6394,0
6395,4
6396,4
6397,0
6398,4
6399,4
6400,5
6401,5
6402,4
6403,5
6404,4
6405,5
6406,5
6407,0
6408,5
6409,5
6410,0
6411,4
6412,0
6413,5
6414,3
6415,0
6416,5
6417,0
6418,4
6419,3
6420,3
6421,3
6422,3
6423,3
6424,0
6425,0
6426,0
6427,5
6428,5
6429,4
6430,4
6431,5
6432,5
6433,5
6434,4
6435,4
6436,4
6437,5
6438,5
6439,1
6440,1
6441,5
6442,5
6443,4
6444,4
6445,4
6446,1
6447,0
6448,5
6449,3
6450,4
6451,5
6452,0
6453,3
6454,0
6455,4
6456,0
6457,0
6458,4
6459,3
6460,3
6461,3
6462,0
6463,3
6464,5
6465,0
6466,3
6467,0
6468,4
6469,4
6470,4
6471,4
6472,3
6473,5
6474,4
6475,4
6476,3
6477,4
6478,5
6479,3
6480,3
6481,5
6482,5
6483,0
6484,3
6485,0
6486,0
6487,1
6488,1
6489,3
6490,4
6491,5
6492,5
6493,0
6494,1
6495,0
6496,3
6497,3
6498,4
6499,5
6500,3
6501,3
6502,1
6503,1
6504,5
6505,4
6506,3
6507,1
6508,3
6509,0
6510,0
6511,4
6512,4
6513,4
6514,3
6515,3
6516,3
6517,3
6518,5
6519,3
6520,5
6521,3
6522,3
6523,5
6524,3
6525,4
6526,3
6527,3
6528,5
6529,3
6530,3
6531,3
6532,3
6533,0
6534,4
6535,3
6536,4
6537,3
6538,4
6539,4
6540,4
6541,3
6542,4
6543,3
6544,3
6545,5
6546,3
6547,1
6548,0
6549,4
6550,1
6551,1
6552,1
6553,1
6554,4
6555,1
6556,1
6557,5
6558,4
6559,1
6560,1
6561,3
6562,3
6563,3
6564,5
6565,5
6566,1
6567,3
6568,1
6569,5
6570,5
6571,3
6572,3
6573,1
6574,1
6575,1
6576,4
6577,3
6578,3
6579,3
6580,3
6581,3
6582,3
6583,5
6584,5
6585,5
6586,5
6587,5
6588,3
6589,5
6590,5
6591,1
6592,0
6593,0
6594,4
6595,4
6596,5
6597,0
6598,3
6599,5
6600,0
6601,0
6602,5
6603,0
6604,0
6605,0
6606,0
6607,3
6608,0
6609,1
6610,4
6611,3
6612,5
6613,3
6614,0
6615,0
6616,3
6617,0
6618,3
6619,0
6620,4
6621,4
6622,0
6623,3
6624,3
6625,1
6626,3
6627,1
6628,1
6629,5
6630,5
6631,0
6632,0
6633,0
6634,0
6635,3
6636,3
6637,3
6638,5
6639,5
6640,5
6641,0
6642,3
6643,3
6644,5
6645,4
6646,3
6647,3
6648,3
6649,3
6650,4
6651,3
6652,3
6653,3
6654,5
6655,3
6656,3
6657,5
6658,5
6659,0
6660,3
6661,4
6662,0
6663,0
6664,0
6665,5
6666,4
6667,0
6668,0
6669,0
6670,3
6671,3
6672,3
6673,5
6674,3
6675,1
6676,5
6677,3
6678,3
6679,3
6680,3
6681,3
6682,1
6683,1
6684,5
6685,3
6686,1
6687,3
6688,3
6689,5
6690,3
6691,0
6692,3
6693,3
6694,3
6695,0
6696,3
6697,3
6698,3
6699,0
6700,3
6701,5
6702,5
6703,3
6704,1
6705,0
6706,3
6707,3
6708,5
6709,5
6710,5
6711,4
6712,5
6713,3
6714,5
6715,5
6716,4
6717,4
6718,3
6719,1
6720,3
6721,3
6722,5
6723,0
6724,0
6725,1
6726,1
6727,5
6728,5
6729,5
6730,3
6731,1
6732,3
6733,5
6734,3
6735,5
6736,3
6737,4
6738,0
6739,3
6740,3
6741,1
6742,3
6743,3
6744,3
6745,3
6746,3
6747,3
6748,3
6749,3
6750,1
6751,1
6752,1
6753,1
6754,1
6755,1
6756,1
6757,1
6758,1
6759,1
6760,1
6761,1
6762,4
6763,3
6764,1
6765,4
6766,1
6767,1
6768,3
6769,3
6770,0
6771,3
6772,0
6773,3
6774,4
6775,1
6776,4
6777,5
6778,5
6779,5
6780,3
6781,1
6782,1
6783,1
6784,1
6785,1
6786,1
6787,1
6788,1
6789,5
6790,3
6791,3
6792,3
6793,0
6794,3
6795,3
6796,0
6797,3
6798,4
6799,4
6800,4
6801,3
6802,4
6803,4
6804,0
6805,4
6806,5
6807,5
6808,4
6809,3
6810,3
6811,3
6812,5
6813,5
6814,4
6815,3
6816,3
6817,5
6818,3
6819,0
6820,3
6821,5
6822,4
6823,4
6824,3
6825,4
6826,3
6827,5
6828,5
6829,4
6830,4
6831,4
6832,1
6833,4
6834,5
6835,5
6836,3
6837,3
6838,3
6839,3
6840,3
6841,3
6842,4
6843,3
6844,3
6845,5
6846,5
6847,3
6848,1
6849,4
6850,1
6851,4
6852,4
6853,4
6854,1
6855,3
6856,3
6857,3
6858,5
6859,5
6860,1
6861,3
6862,4
6863,3
6864,1
6865,3
6866,3
6867,4
6868,3
6869,0
6870,3
6871,0
6872,3
6873,4
6874,4
6875,4
6876,4
6877,1
6878,1
6879,1
6880,1
6881,1
6882,1
6883,1
6884,1
6885,1
6886,1
6887,5
6888,1
6889,0
6890,0
6891,4
6892,4
6893,3
6894,3
6895,5
6896,3
6897,3
6898,3
6899,3
6900,4
6901,3
6902,4
6903,3
6904,3
6905,3
6906,1
6907,5
6908,1
6909,3
6910,5
6911,3
6912,3
6913,3
6914,5
6915,3
6916,3
6917,3
6918,5
6919,5
6920,0
6921,4
6922,4
6923,4
6924,1
6925,5
6926,5
6927,3
6928,4
6929,5
6930,3
6931,4
6932,3
6933,3
6934,3
6935,3
6936,5
6937,5
6938,4
6939,4
6940,5
6941,3
6942,3
6943,3
6944,0
6945,3
6946,3
6947,3
6948,5
6949,3
6950,1
6951,1
6952,1
6953,4
6954,4
6955,3
6956,4
6957,4
6958,3
6959,3
6960,4
6961,3
6962,3
6963,4
6964,4
6965,5
6966,3
6967,3
6968,4
6969,3
6970,5
6971,3
6972,0
6973,4
6974,4
6975,4
6976,0
6977,5
6978,5
6979,3
6980,3
6981,3
6982,3
6983,5
6984,1
6985,3
6986,4
6987,5
6988,5
6989,5
6990,3
6991,0
6992,5
6993,0
6994,4
6995,3
6996,3
6997,3
6998,1
6999,1
7000,3
7001,3
7002,1
7003,5
7004,3
7005,4
7006,3
7007,3
7008,4
7009,4
7010,3
7011,3
7012,0
7013,0
7014,5
7015,3
7016,3
7017,3
7018,4
7019,3
7020,3
7021,5
7022,4
7023,4
7024,0
7025,0
7026,3
7027,0
7028,4
7029,4
7030,3
7031,4
7032,3
7033,3
7034,5
7035,4
7036,0
7037,3
7038,3
7039,5
7040,5
7041,0
7042,5
7043,3
7044,5
7045,4
7046,1
7047,5
7048,4
7049,1
7050,0
7051,0
7052,4
7053,1
7054,5
7055,5
7056,5
7057,5
7058,5
7059,3
7060,4
7061,4
7062,3
7063,3
7064,0
7065,0
7066,0
7067,3
7068,5
7069,3
7070,3
7071,5
7072,5
7073,4
7074,3
7075,3
7076,3
7077,3
7078,0
7079,3
7080,3
7081,5
7082,5
7083,5
7084,5
7085,5
7086,5
7087,3
7088,3
7089,3
7090,0
7091,3
7092,3
7093,3
7094,3
7095,3
7096,3
7097,3
7098,3
7099,3
7100,3
7101,3
7102,3
7103,3
7104,3
7105,3
7106,3
7107,3
7108,5
7109,3
7110,5
7111,4
7112,0
7113,3
7114,3
7115,3
7116,5
7117,3
7118,3
7119,3
7120,3
7121,3
7122,0
7123,3
7124,0
7125,0
7126,3
7127,0
7128,0
7129,0
7130,0
7131,3
7132,4
7133,4
7134,3
7135,4
7136,3
7137,3
7138,5
7139,4
7140,5
7141,0
7142,3
7143,3
7144,3
7145,3
7146,3
7147,4
7148,3
7149,0
7150,3
7151,5
7152,3
7153,0
7154,0
7155,3
7156,5
7157,3
7158,1
7159,5
7160,0
7161,1
7162,3
7163,1
7164,0
7165,4
7166,1
7167,5
7168,0
7169,5
7170,0
7171,0
7172,5
7173,3
7174,3
7175,3
7176,3
7177,3
7178,0
7179,0
7180,3
7181,3
7182,3
7183,5
7184,0
7185,1
7186,1
7187,5
7188,5
7189,5
7190,5
7191,5
7192,4
7193,3
7194,3
7195,3
7196,0
7197,3
7198,3
7199,3
7200,3
7201,3
7202,3
7203,4
7204,4
7205,3
7206,3
7207,3
7208,3
7209,3
7210,3
7211,3
7212,3
7213,3
7214,3
7215,3
7216,4
7217,3
7218,0
7219,3
7220,0
7221,3
7222,4
7223,0
7224,0
7225,0
7226,4
7227,4
7228,3
7229,3
7230,3
7231,4
7232,4
7233,0
7234,3
7235,3
7236,3
7237,4
7238,4
7239,4
7240,1
7241,4
7242,0
7243,3
7244,5
7245,5
7246,4
7247,5
7248,4
7249,3
7250,4
7251,4
7252,4
7253,4
7254,4
7255,0
7256,4
7257,3
7258,3
7259,4
7260,3
7261,3
7262,3
7263,3
7264,3
7265,3
7266,4
7267,3
7268,5
7269,5
7270,5
7271,3
7272,4
7273,1
7274,1
7275,1
7276,0
7277,4
7278,1
7279,1
7280,4
7281,5
7282,3
7283,3
7284,5
7285,5
7286,5
7287,5
7288,0
7289,5
7290,3
7291,5
7292,5
7293,1
7294,1
7295,4
7296,5
7297,0
7298,4
7299,3
7300,4
7301,3
7302,0
7303,0
7304,4
7305,4
7306,4
7307,4
7308,3
7309,4
7310,3
7311,3
7312,4
7313,3
7314,3
7315,3
7316,3
7317,3
7318,4
7319,5
7320,0
7321,5
7322,0
7323,5
7324,5
7325,0
7326,5
7327,0
7328,0
7329,4
7330,4
7331,4
7332,4
7333,4
7334,0
7335,5
7336,5
7337,5
7338,0
7339,3
7340,5
7341,0
7342,3
7343,5
7344,5
7345,0
7346,5
7347,5
7348,5
7349,4
7350,4
7351,4
7352,0
7353,5
7354,0
7355,0
7356,0
7357,1
7358,4
7359,3
7360,4
7361,0
7362,3
7363,4
7364,4
7365,3
7366,4
7367,4
7368,4
7369,0
7370,0
7371,4
7372,4
7373,4
7374,3
7375,4
7376,0
7377,0
7378,0
7379,3
7380,1
7381,1
7382,4
7383,4
7384,0
7385,4
7386,4
7387,0
7388,0
7389,4
7390,4
7391,0
7392,0
7393,3
7394,0
7395,0
7396,0
7397,0
7398,0
7399,0
7400,3
7401,4
7402,0
7403,3
7404,0
7405,0
7406,4
7407,4
7408,5
7409,3
7410,4
7411,4
7412,4
7413,4
7414,4
7415,4
7416,4
7417,3
7418,4
7419,4
7420,0
7421,4
7422,4
7423,3
7424,3
7425,4
7426,0
7427,4
7428,0
7429,0
7430,5
7431,0
7432,4
7433,4
7434,0
7435,0
7436,0
7437,0
7438,5
7439,0
7440,5
7441,0
7442,3
7443,4
7444,4
7445,1
7446,3
7447,0
7448,4
7449,4
7450,0
7451,0
7452,3
7453,5
7454,5
7455,5
7456,5
7457,4
7458,0
7459,3
7460,0
7461,3
7462,0
7463,0
7464,0
7465,0
7466,5
7467,0
7468,0
7469,0
7470,0
7471,0
7472,0
7473,0
7474,4
7475,3
7476,3
7477,4
7478,5
7479,5
7480,5
7481,5
7482,5
7483,4
7484,5
7485,4
7486,4
7487,5
7488,0
7489,0
7490,4
7491,5
7492,4
7493,3
7494,3
7495,0
7496,0
7497,4
7498,0
7499,0
7500,1
7501,3
7502,3
7503,0
7504,4
7505,0
7506,4
7507,4
7508,4
7509,4
7510,4
7511,4
7512,0
7513,0
7514,4
7515,4
7516,4
7517,5
7518,4
7519,4
7520,0
7521,4
7522,4
7523,5
7524,5
7525,4
7526,1
7527,5
7528,3
7529,4
7530,0
7531,0
7532,5
7533,4
7534,0
7535,0
7536,4
7537,4
7538,0
7539,3
7540,0
7541,5
7542,0
7543,0
7544,1
7545,5
7546,5
7547,5
7548,4
7549,4
7550,0
7551,3
7552,0
7553,5
7554,0
7555,0
7556,0
7557,0
7558,0
7559,5
7560,5
7561,4
7562,5
7563,4
7564,4
7565,4
7566,4
7567,4
7568,4
7569,4
7570,4
7571,0
7572,0
7573,0
7574,0
7575,0
7576,0
7577,0
7578,4
7579,5
7580,1
7581,0
7582,4
7583,4
7584,0
7585,0
7586,4
7587,4
7588,4
7589,0
7590,5
7591,0
7592,3
7593,3
7594,3
7595,5
7596,3
7597,3
7598,5
7599,5
7600,5
7601,3
7602,4
7603,4
7604,4
7605,4
7606,4
7607,4
7608,1
7609,5
7610,1
7611,0
7612,5
7613,4
7614,3
7615,3
7616,3
7617,4
7618,4
7619,3
7620,3
7621,3
7622,3
7623,4
7624,4
7625,3
7626,0
7627,5
7628,5
7629,5
7630,4
7631,4
7632,4
7633,0
7634,3
7635,0
7636,3
7637,3
7638,3
7639,0
7640,3
7641,5
7642,4
7643,4
7644,5
7645,4
7646,3
7647,3
7648,3
7649,3
7650,4
7651,0
7652,0
7653,5
7654,4
7655,0
7656,3
7657,0
7658,0
7659,0
7660,0
7661,0
7662,5
7663,5
7664,3
7665,3
7666,5
7667,5
7668,0
7669,0
7670,5
7671,4
7672,4
7673,0
7674,3
7675,1
7676,1
7677,5
7678,3
7679,0
7680,3
7681,3
7682,3
7683,5
7684,3
7685,5
7686,4
7687,4
7688,4
7689,4
7690,3
7691,3
7692,3
7693,5
7694,5
7695,3
7696,3
7697,3
7698,3
7699,5
7700,4
7701,0
7702,3
7703,4
7704,0
7705,0
7706,5
7707,4
7708,5
7709,4
7710,0
7711,0
7712,0
7713,5
7714,0
7715,0
7716,3
7717,3
7718,3
7719,3
7720,3
7721,0
7722,3
7723,4
7724,4
7725,4
7726,0
7727,3
7728,0
7729,0
7730,0
7731,3
7732,3
7733,3
7734,3
7735,5
7736,3
7737,3
7738,3
7739,3
7740,0
7741,0
7742,3
7743,0
7744,0
7745,5
7746,3
7747,0
7748,3
7749,4
7750,3
7751,3
7752,3
7753,3
7754,1
7755,3
7756,3
7757,1
7758,4
7759,3
7760,3
7761,0
7762,0
7763,0
7764,5
7765,3
7766,3
7767,3
7768,3
7769,3
7770,3
7771,3
7772,1
7773,4
7774,5
7775,3
7776,0
7777,5
7778,4
7779,5
7780,3
7781,4
7782,3
7783,1
7784,4
7785,3
7786,3
7787,0
7788,5
7789,4
7790,4
7791,3
7792,1
7793,1
7794,4
7795,4
7796,4
7797,3
7798,4
7799,3
7800,0
7801,3
7802,3
7803,5
7804,5
7805,5
7806,0
7807,3
7808,1
7809,3
7810,3
7811,3
7812,5
7813,0
7814,3
7815,3
7816,3
7817,4
7818,4
7819,4
7820,4
7821,4
7822,5
7823,3
7824,3
7825,4
7826,3
7827,3
7828,3
7829,5
7830,1
7831,3
7832,3
7833,5
7834,5
7835,3
7836,5
7837,4
7838,5
7839,1
7840,5
7841,3
7842,3
7843,0
7844,3
7845,0
7846,0
7847,0
7848,3
7849,0
7850,3
7851,3
7852,0
7853,3
7854,0
7855,4
7856,4
7857,3
7858,0
7859,4
7860,1
7861,5
7862,5
7863,4
7864,4
7865,4
7866,4
7867,4
7868,0
7869,4
7870,0
7871,0
7872,1
7873,4
7874,4
7875,1
7876,5
7877,4
7878,0
7879,4
7880,3
7881,3
7882,0
7883,4
7884,4
7885,5
7886,0
7887,5
7888,0
7889,4
7890,3
7891,0
7892,5
7893,3
7894,0
7895,3
7896,0
7897,5
7898,5
7899,4
7900,5
7901,0
7902,0
7903,0
7904,3
7905,0
7906,0
7907,0
7908,5
7909,0
7910,0
7911,5
7912,5
7913,0
7914,0
7915,4
7916,0
7917,5
7918,5
7919,0
7920,5
7921,0
7922,0
7923,0
7924,0
7925,0
7926,5
7927,1
7928,5
7929,4
7930,3
7931,3
7932,0
7933,5
7934,3
7935,3
7936,0
7937,4
7938,4
7939,4
7940,0
7941,0
7942,4
7943,4
7944,4
7945,4
7946,0
7947,4
7948,4
7949,4
7950,3
7951,5
7952,0
7953,3
7954,0
7955,4
7956,3
7957,3
7958,0
7959,0
7960,1
7961,1
7962,5
7963,0
7964,0
7965,4
7966,4
7967,5
7968,5
7969,3
7970,5
7971,0
7972,0
7973,5
7974,1
7975,0
7976,4
7977,3
7978,0
7979,0
7980,0
7981,0
7982,0
7983,5
7984,0
7985,3
7986,3
7987,4
7988,4
7989,4
7990,0
7991,0
7992,5
7993,4
7994,0
7995,0
7996,3
7997,0
7998,0
7999,4
8000,5
8001,4
8002,5
8003,4
8004,4
8005,4
8006,0
8007,3
8008,0
8009,4
8010,3
8011,0
8012,0
8013,0
8014,0
8015,1
8016,5
8017,0
8018,0
8019,0
8020,1
8021,5
8022,5
8023,5
8024,4
8025,5
8026,4
8027,1
8028,0
8029,0
8030,0
8031,4
8032,4
8033,4
8034,0
8035,0
8036,0
8037,0
8038,0
8039,0
8040,0
8041,5
8042,0
8043,4
8044,4
8045,4
8046,4
8047,4
8048,4
8049,0
8050,0
8051,0
8052,4
8053,4
8054,0
8055,3
8056,3
8057,3
8058,4
8059,0
8060,0
8061,0
8062,0
8063,0
8064,0
8065,4
8066,3
8067,3
8068,3
8069,0
8070,0
8071,4
8072,5
8073,0
8074,3
8075,3
8076,5
8077,4
8078,0
8079,5
8080,5
8081,4
8082,4
8083,5
8084,0
8085,5
8086,5
8087,1
8088,0
8089,0
8090,3
8091,3
8092,4
8093,1
8094,1
8095,3
8096,3
8097,5
8098,4
8099,0
8100,3
8101,1
8102,0
8103,0
8104,4
8105,4
8106,3
8107,5
8108,3
8109,3
8110,3
8111,3
8112,1
8113,1
8114,1
8115,3
8116,5
8117,0
8118,5
8119,5
8120,4
8121,3
8122,0
8123,1
8124,5
8125,3
8126,3
8127,3
8128,5
8129,4
8130,0
8131,0
8132,1
8133,5
8134,5
8135,1
8136,0
8137,4
8138,0
8139,0
8140,0
8141,0
8142,1
8143,3
8144,0
8145,5
8146,0
8147,0
8148,3
8149,4
8150,4
8151,0
8152,4
8153,0
8154,1
8155,0
8156,1
8157,5
8158,0
8159,5
8160,5
8161,0
8162,4
8163,0
8164,4
8165,3
8166,4
8167,4
8168,4
8169,0
8170,0
8171,4
8172,0
8173,0
8174,5
8175,5
8176,4
8177,0
8178,4
8179,0
8180,3
8181,0
8182,4
8183,0
8184,0
8185,3
8186,3
8187,0
8188,0
8189,0
8190,3
8191,0
8192,0
8193,0
8194,0
8195,0
8196,0
8197,0
8198,0
8199,0
8200,5
8201,3
8202,1
8203,1
8204,0
8205,0
8206,0
8207,0
8208,0
8209,0
8210,0
8211,4
8212,0
8213,4
8214,3
8215,0
8216,0
8217,4
8218,3
8219,4
8220,0
8221,4
8222,4
8223,4
8224,5
8225,3
8226,4
8227,1
8228,0
8229,0
8230,0
8231,0
8232,0
8233,0
8234,5
8235,0
8236,4
8237,4
8238,0
8239,0
8240,4
8241,0
8242,4
8243,0
8244,0
8245,0
8246,0
8247,0
8248,4
8249,0
8250,0
8251,0
8252,0
8253,4
8254,4
8255,3
8256,3
8257,0
8258,0
8259,0
8260,0
8261,4
8262,0
8263,1
8264,0
8265,4
8266,4
8267,3
8268,0
8269,0
8270,0
8271,0
8272,1
8273,1
8274,1
8275,3
8276,1
8277,4
8278,4
8279,4
8280,4
8281,4
8282,1
8283,5
8284,1
8285,4
8286,4
8287,0
8288,4
8289,5
8290,4
8291,5
8292,4
8293,1
8294,0
8295,1
8296,4
8297,4
8298,4
8299,1
8300,1
8301,1
8302,1
8303,3
8304,0
8305,0
8306,4
8307,4
8308,4
8309,4
8310,1
8311,5
8312,3
8313,5
8314,3
8315,0
8316,3
8317,3
8318,5
8319,3
8320,0
8321,0
8322,5
8323,3
8324,5
8325,4
8326,3
8327,3
8328,3
8329,4
8330,3
8331,3
8332,5
8333,5
8334,3
8335,3
8336,5
8337,5
8338,0
8339,0
8340,5
8341,3
8342,3
8343,5
8344,4
8345,4
8346,1
8347,1
8348,3
8349,0
8350,0
8351,0
8352,5
8353,0
8354,5
8355,3
8356,4
8357,4
8358,4
8359,4
8360,4
8361,0
8362,4
8363,4
8364,3
8365,5
8366,0
8367,5
8368,1
8369,3
8370,3
8371,3
8372,0
8373,3
8374,3
8375,3
8376,3
8377,5
8378,5
8379,3
8380,3
8381,5
8382,0
8383,1
8384,5
8385,4
8386,5
8387,4
8388,3
8389,3
8390,1
8391,1
8392,3
8393,5
8394,5
8395,3
8396,1
8397,0
8398,3
8399,3
8400,1
8401,3
8402,4
8403,5
8404,5
8405,3
8406,5
8407,3
8408,0
8409,3
8410,1
8411,5
8412,5
8413,5
8414,0
8415,4
8416,0
8417,5
8418,1
8419,1
8420,3
8421,1
8422,4
8423,5
8424,0
8425,5
8426,3
8427,5
8428,4
8429,4
8430,5
8431,3
8432,4
8433,3
8434,3
8435,3
8436,1
8437,4
8438,5
8439,5
8440,3
8441,3
8442,3
8443,5
8444,5
8445,5
8446,3
8447,3
8448,0
8449,3
8450,4
8451,3
8452,4
8453,3
8454,4
8455,4
8456,4
8457,4
8458,4
8459,4
8460,4
8461,4
8462,4
8463,4
8464,0
8465,3
8466,3
8467,3
8468,3
8469,5
8470,4
8471,4
8472,4
8473,4
8474,4
8475,5
8476,3
8477,0
8478,0
8479,0
8480,0
8481,0
8482,0
8483,3
8484,3
8485,5
8486,5
8487,3
8488,0
8489,0
8490,3
8491,3
8492,3
8493,0
8494,0
8495,3
8496,5
8497,5
8498,0
8499,0
8500,3
8501,5
8502,3
8503,4
8504,5
8505,5
8506,3
8507,4
8508,4
8509,3
8510,4
8511,4
8512,4
8513,3
8514,3
8515,4
8516,3
8517,5
8518,4
8519,0
8520,0
8521,0
8522,5
8523,0
8524,0
8525,3
8526,3
8527,5
8528,0
8529,0
8530,3
8531,1
8532,3
8533,0
8534,0
8535,4
8536,4
8537,3
8538,1
8539,3
8540,4
8541,0
8542,3
8543,4
8544,3
8545,0
8546,0
8547,0
8548,0
8549,0
8550,0
8551,0
8552,3
8553,4
8554,4
8555,4
8556,4
8557,5
8558,1
8559,5
8560,5
8561,4
8562,4
8563,4
8564,3
8565,0
8566,4
8567,4
8568,3
8569,3
8570,0
8571,3
8572,4
8573,0
8574,4
8575,3
8576,4
8577,4
8578,5
8579,3
8580,4
8581,4
8582,5
8583,3
8584,0
8585,4
8586,3
8587,3
8588,0
8589,0
8590,0
8591,3
8592,0
8593,4
8594,3
8595,0
8596,4
8597,4
8598,1
8599,0
8600,1
8601,4
8602,0
8603,0
8604,3
8605,4
8606,4
8607,4
8608,4
8609,3
8610,5
8611,3
8612,5
8613,4
8614,4
8615,3
8616,0
8617,3
8618,5
8619,1
8620,5
8621,5
8622,5
8623,3
8624,4
8625,1
8626,1
8627,0
8628,3
8629,0
8630,5
8631,0
8632,4
8633,4
8634,0
8635,3
8636,3
8637,3
8638,0
8639,0
8640,5
8641,5
8642,0
8643,5
8644,4
8645,4
8646,4
8647,1
8648,5
8649,5
8650,5
8651,5
8652,1
8653,4
8654,0
8655,0
8656,0
8657,3
8658,5
8659,0
8660,0
8661,5
8662,0
8663,4
8664,3
8665,3
8666,0
8667,0
8668,4
8669,5
8670,4
8671,0
8672,3
8673,0
8674,4
8675,0
8676,4
8677,3
8678,0
8679,5
8680,4
8681,3
8682,3
8683,3
8684,0
8685,5
8686,5
8687,0
8688,3
8689,0
8690,0
8691,0
8692,0
8693,3
8694,0
8695,5
8696,5
8697,0
8698,0
8699,3
8700,4
8701,3
8702,5
8703,4
8704,5
8705,0
8706,0
8707,0
8708,3
8709,0
8710,5
8711,5
8712,3
8713,5
8714,5
8715,0
8716,4
8717,0
8718,5
8719,0
8720,4
8721,0
8722,0
8723,1
8724,1
8725,3
8726,1
8727,0
8728,3
8729,0
8730,0
8731,4
8732,0
8733,4
8734,4
8735,4
8736,4
8737,5
8738,4
8739,4
8740,0
8741,4
8742,4
8743,4
8744,3
8745,3
8746,0
8747,0
8748,0
8749,3
8750,3
8751,1
8752,3
8753,4
8754,0
8755,0
8756,0
8757,0
8758,3
8759,3
8760,0
8761,4
8762,4
8763,4
8764,3
8765,3
8766,0
8767,4
8768,4
8769,0
8770,4
8771,3
8772,0
8773,5
8774,1
8775,5
8776,5
8777,3
8778,0
8779,0
8780,0
8781,0
8782,3
8783,3
8784,0
8785,0
8786,3
8787,0
8788,5
8789,0
8790,4
8791,0
8792,0
8793,0
8794,4
8795,4
8796,4
8797,5
8798,0
8799,3
8800,4
8801,5
8802,0
8803,4
8804,5
8805,0
8806,0
8807,0
8808,0
8809,4
8810,4
8811,3
8812,4
8813,5
8814,4
8815,4
8816,0
8817,0
8818,0
8819,5
8820,5
8821,5
8822,5
8823,4
8824,3
8825,0
8826,1
8827,0
8828,0
8829,3
8830,0
8831,1
8832,4
8833,0
8834,0
8835,5
8836,1
8837,4
8838,1
8839,1
8840,1
8841,1
8842,1
8843,0
8844,4
8845,3
8846,4
8847,0
8848,5
8849,3
8850,3
8851,0
8852,3
8853,5
8854,5
8855,0
8856,1
8857,3
8858,0
8859,0
8860,3
8861,3
8862,4
8863,4
8864,5
8865,4
8866,4
8867,3
8868,3
8869,5
8870,4
8871,4
8872,0
8873,0
8874,0
8875,5
8876,5
8877,0
8878,4
8879,4
8880,0
8881,1
8882,4
8883,1
8884,4
8885,0
8886,5
8887,0
8888,5
8889,5
8890,4
8891,5
8892,0
8893,5
8894,5
8895,0
8896,5
8897,0
8898,0
8899,1
8900,4
8901,0
8902,4
8903,4
8904,4
8905,4
8906,4
8907,4
8908,3
8909,3
8910,4
8911,3
8912,4
8913,5
8914,5
8915,4
8916,4
8917,5
8918,4
8919,4
8920,4
8921,5
8922,4
8923,0
8924,4
8925,4
8926,0
8927,0
8928,0
8929,5
8930,3
8931,0
8932,5
8933,4
8934,1
8935,5
8936,4
8937,4
8938,0
8939,0
8940,3
8941,0
8942,4
8943,0
8944,0
8945,5
8946,4
8947,3
8948,4
8949,5
8950,0
8951,0
8952,4
8953,3
8954,3
8955,5
8956,3
8957,0
8958,0
8959,3
8960,0
8961,5
8962,3
8963,3
8964,4
8965,3
8966,0
8967,1
8968,1
8969,1
8970,3
8971,1
8972,1
8973,0
8974,4
8975,3
8976,5
8977,4
8978,0
8979,0
8980,4
8981,4
8982,4
8983,4
8984,0
8985,3
8986,0
8987,0
8988,5
8989,4
8990,3
8991,3
8992,1
8993,3
8994,5
8995,5
8996,1
8997,0
8998,5
8999,0
9000,5
9001,4
9002,3
9003,0
9004,3
9005,0
9006,5
9007,1
9008,1
9009,4
9010,0
9011,3
9012,0
9013,1
9014,3
9015,0
9016,0
9017,4
9018,3
9019,3
9020,0
9021,3
9022,3
9023,0
9024,0
9025,5
9026,0
9027,1
9028,3
9029,5
9030,3
9031,4
9032,5
9033,3
9034,4
9035,3
9036,5
9037,3
9038,3
9039,3
9040,3
9041,4
9042,5
9043,5
9044,3
9045,3
9046,3
9047,5
9048,0
9049,3
9050,3
9051,3
9052,0
9053,0
9054,3
9055,5
9056,5
9057,5
9058,5
9059,3
9060,0
9061,0
9062,0
9063,4
9064,4
9065,3
9066,5
9067,3
9068,5
9069,5
9070,4
9071,3
9072,5
9073,4
9074,4
9075,5
9076,0
9077,5
9078,3
9079,5
9080,3
9081,0
9082,1
9083,5
9084,5
9085,3
9086,1
9087,0
9088,5
9089,3
9090,3
9091,3
9092,3
9093,3
9094,0
9095,4
9096,4
9097,4
9098,3
9099,3
9100,3
9101,3
9102,3
9103,3
9104,3
9105,3
9106,3
9107,4
9108,3
9109,3
9110,3
9111,4
9112,3
9113,5
9114,5
9115,0
9116,3
9117,3
9118,0
9119,0
9120,0
9121,0
9122,4
9123,4
9124,0
9125,0
9126,1
9127,1
9128,1
9129,1
9130,0
9131,5
9132,5
9133,5
9134,3
9135,5
9136,1
9137,5
9138,3
9139,3
9140,1
9141,5
9142,3
9143,3
9144,3
9145,5
9146,5
9147,5
9148,5
9149,3
9150,5
9151,4
9152,4
9153,4
9154,4
9155,1
9156,1
9157,1
9158,4
9159,4
9160,0
9161,5
9162,3
9163,3
9164,5
9165,5
9166,4
9167,3
9168,1
9169,5
9170,3
9171,0
9172,3
9173,3
9174,4
9175,4
9176,3
9177,4
9178,3
9179,3
9180,5
9181,4
9182,1
9183,0
9184,4
9185,4
9186,5
9187,5
9188,5
9189,3
9190,3
9191,1
9192,0
9193,5
9194,3
9195,3
9196,3
9197,3
9198,5
9199,3
9200,0
9201,0
9202,3
9203,0
9204,3
9205,3
9206,3
9207,5
9208,0
9209,3
9210,3
9211,1
9212,1
9213,3
9214,0
9215,3
9216,4
9217,0
9218,0
9219,0
9220,3
9221,0
9222,3
9223,3
9224,3
9225,3
9226,3
9227,3
9228,3
9229,3
9230,3
9231,3
9232,1
9233,1
9234,3
9235,3
9236,3
9237,3
9238,1
9239,1
9240,3
9241,5
9242,3
9243,0
9244,4
9245,4
9246,3
9247,3
9248,3
9249,3
9250,4
9251,3
9252,3
9253,0
9254,1
9255,3
9256,1
9257,3
9258,1
9259,3
9260,3
9261,3
9262,4
9263,4
9264,3
9265,4
9266,0
9267,3
9268,3
9269,5
9270,3
9271,3
9272,5
9273,1
9274,5
9275,5
9276,5
9277,3
9278,3
9279,3
9280,3
9281,0
9282,3
9283,1
9284,3
9285,3
9286,4
9287,3
9288,3
9289,5
9290,0
9291,1
9292,1
9293,0
9294,0
9295,3
9296,3
9297,0
9298,4
9299,4
9300,1
9301,0
9302,4
9303,3
9304,0
9305,4
9306,3
9307,4
9308,0
9309,0
9310,3
9311,5
9312,4
9313,0
9314,5
9315,0
9316,5
9317,3
9318,4
9319,4
9320,3
9321,3
9322,4
9323,0
9324,4
9325,4
9326,3
9327,5
9328,4
9329,4
9330,4
9331,4
9332,4
9333,4
9334,1
9335,5
9336,0
9337,0
9338,0
9339,3
9340,5
9341,5
9342,3
9343,3
9344,0
9345,4
9346,5
9347,3
9348,0
9349,3
9350,3
9351,4
9352,4
9353,3
9354,3
9355,3
9356,5
9357,4
9358,0
9359,3
9360,0
9361,0
9362,0
9363,3
9364,4
9365,4
9366,3
9367,3
9368,4
9369,4
9370,3
9371,0
9372,3
9373,0
9374,0
9375,0
9376,5
9377,3
9378,1
9379,1
9380,5
9381,4
9382,4
9383,4
9384,1
9385,3
9386,3
9387,0
9388,3
9389,4
9390,0
9391,3
9392,3
9393,3
9394,3
9395,3
9396,4
9397,5
9398,5
9399,5
9400,5
9401,5
9402,0
9403,3
9404,3
9405,0
9406,5
9407,0
9408,3
9409,3
9410,3
9411,4
9412,0
9413,3
9414,0
9415,0
9416,3
9417,0
9418,4
9419,4
9420,3
9421,3
9422,3
9423,4
9424,4
9425,5
9426,0
9427,3
9428,5
9429,5
9430,5
9431,5
9432,0
9433,0
9434,3
9435,5
9436,4
9437,4
9438,4
9439,4
9440,4
9441,0
9442,4
9443,0
9444,0
9445,4
9446,3
9447,3
9448,3
9449,3
9450,3
9451,5
9452,5
9453,0
9454,5
9455,3
9456,0
9457,4
9458,4
9459,1
9460,5
9461,4
9462,4
9463,3
9464,3
9465,3
9466,3
9467,3
9468,3
9469,4
9470,5
9471,3
9472,3
9473,3
9474,3
9475,3
9476,0
9477,3
9478,3
9479,0
9480,3
9481,3
9482,5
9483,4
9484,3
9485,3
9486,4
9487,3
9488,3
9489,3
9490,3
9491,3
9492,5
9493,4
9494,0
9495,4
9496,4
9497,5
9498,4
9499,0
9500,0
9501,3
9502,3
9503,3
9504,3
9505,0
9506,0
9507,1
9508,5
9509,1
9510,3
9511,5
9512,4
9513,4
9514,3
9515,3
9516,3
9517,4
9518,3
9519,3
9520,3
9521,4
9522,0
9523,4
9524,1
9525,1
9526,1
9527,1
9528,1
9529,1
9530,1
9531,1
9532,1
9533,1
9534,1
9535,1
9536,1
9537,5
9538,1
9539,0
9540,3
9541,0
9542,3
9543,5
9544,3
9545,5
9546,4
9547,3
9548,1
9549,3
9550,5
9551,1
9552,0
9553,0
9554,4
9555,0
9556,1
9557,4
9558,4
9559,1
9560,1
9561,1
9562,1
9563,5
9564,5
9565,3
9566,3
9567,5
9568,3
9569,5
9570,3
9571,3
9572,3
9573,0
9574,3
9575,3
9576,4
9577,5
9578,4
9579,3
9580,5
9581,3
9582,4
9583,3
9584,3
9585,3
9586,3
9587,5
9588,3
9589,3
9590,3
9591,3
9592,1
9593,1
9594,1
9595,4
9596,1
9597,4
9598,1
9599,1
9600,1
9601,1
9602,1
9603,1
9604,1
9605,1
9606,1
9607,1
9608,1
9609,3
9610,1
9611,1
9612,3
9613,5
9614,4
9615,3
9616,3
9617,5
9618,3
9619,5
9620,5
9621,0
9622,4
9623,5
9624,4
9625,4
9626,5
9627,5
9628,5
9629,4
9630,3
9631,3
9632,3
9633,3
9634,3
9635,3
9636,3
9637,4
9638,4
9639,4
9640,3
9641,5
9642,1
9643,1
9644,5
9645,4
9646,5
9647,4
9648,4
9649,5
9650,5
9651,5
9652,3
9653,4
9654,4
9655,5
9656,3
9657,3
9658,0
9659,3
9660,3
9661,5
9662,4
9663,1
9664,5
9665,4
9666,4
9667,4
9668,3
9669,5
9670,0
9671,5
9672,0
9673,3
9674,3
9675,3
9676,4
9677,3
9678,3
9679,3
9680,5
9681,5
9682,3
9683,5
9684,5
9685,5
9686,4
9687,3
9688,3
9689,3
9690,0
9691,3
9692,3
9693,0
9694,3
9695,3
9696,3
9697,0
9698,3
9699,0
9700,3
9701,3
9702,4
9703,3
9704,3
9705,3
9706,5
9707,3
9708,5
9709,3
9710,3
9711,0
9712,4
9713,5
9714,3
9715,3
9716,1
9717,4
9718,4
9719,3
9720,4
9721,0
9722,0
9723,3
9724,0
9725,3
9726,3
9727,3
9728,0
9729,3
9730,3
9731,5
9732,3
9733,3
9734,4
9735,5
9736,5
9737,4
9738,4
9739,5
9740,4
9741,4
9742,3
9743,3
9744,0
9745,0
9746,5
9747,3
9748,3
9749,0
9750,0
9751,3
9752,3
9753,1
9754,0
9755,3
9756,1
9757,3
9758,3
9759,3
9760,5
9761,5
9762,3
9763,3
9764,3
9765,0
9766,4
9767,5
9768,3
9769,3
9770,4
9771,1
9772,3
9773,5
9774,1
9775,1
9776,5
9777,4
9778,5
9779,1
9780,1
9781,3
9782,0
9783,5
9784,5
9785,5
9786,5
9787,3
9788,0
9789,0
9790,0
9791,3
9792,5
9793,3
9794,3
9795,0
9796,4
9797,3
9798,3
9799,4
9800,0
9801,5
9802,0
9803,0
9804,0
9805,3
9806,4
9807,4
9808,3
9809,3
9810,3
9811,3
9812,0
9813,5
9814,1
9815,0
9816,5
9817,5
9818,5
9819,5
9820,1
9821,1
9822,1
9823,5
9824,0
9825,1
9826,1
9827,5
9828,1
9829,0
9830,1
9831,1
9832,1
9833,0
9834,3
9835,1
9836,1
9837,1
9838,4
9839,5
9840,1
9841,1
9842,1
9843,1
9844,1
9845,1
9846,5
9847,3
9848,0
9849,5
9850,3
9851,3
9852,3
9853,3
9854,0
9855,3
9856,1
9857,3
9858,5
9859,3
9860,5
9861,3
9862,3
9863,3
9864,3
9865,3
9866,4
9867,3
9868,3
9869,4
9870,0
9871,5
9872,3
9873,3
9874,1
9875,1
9876,5
9877,3
9878,3
9879,4
9880,5
9881,3
9882,3
9883,3
9884,5
9885,0
9886,3
9887,3
9888,0
9889,0
9890,4
9891,4
9892,4
9893,3
9894,3
9895,0
9896,0
9897,5
9898,0
9899,0
9900,3
9901,5
9902,3
9903,5
9904,5
9905,5
9906,5
9907,5
9908,3
9909,3
9910,5
9911,3
9912,3
9913,3
9914,0
9915,3
9916,3
9917,5
9918,1
9919,3
9920,4
9921,4
9922,5
9923,1
9924,1
9925,3
9926,1
9927,3
9928,1
9929,1
9930,5
9931,5
9932,5
9933,4
9934,4
9935,5
9936,4
9937,3
9938,3
9939,5
9940,5
9941,3
9942,5
9943,5
9944,0
9945,5
9946,3
9947,4
9948,3
9949,0
9950,3
9951,3
9952,3
9953,5
9954,5
9955,0
9956,0
9957,0
9958,3
9959,5
9960,0
9961,1
9962,4
9963,5
9964,4
9965,3
9966,4
9967,5
9968,0
9969,0
9970,5
9971,1
9972,1
9973,3
9974,3
9975,3
9976,3
9977,5
9978,3
9979,4
9980,3
9981,1
9982,1
9983,4
9984,3
9985,1
9986,1
9987,1
9988,1
9989,1
9990,5
9991,3
9992,3
9993,3
9994,3
9995,3
9996,3
9997,3
9998,3
9999,1
10000,5
10001,0
10002,4
10003,0
10004,1
10005,5
10006,4
10007,5
10008,5
10009,3
10010,5
10011,1
10012,3
10013,1
10014,5
10015,5
10016,1
10017,5
10018,1
10019,3
10020,3
10021,0
10022,3
10023,0
10024,3
10025,3
10026,3
10027,5
10028,3
10029,0
10030,3
10031,3
10032,5
10033,5
10034,3
10035,3
10036,3
10037,4
10038,4
10039,3
10040,3
10041,5
10042,5
10043,3
10044,5
10045,5
10046,3
10047,3
10048,3
10049,0
10050,0
10051,0
10052,3
10053,0
10054,3
10055,3
10056,0
10057,0
10058,3
10059,0
10060,5
10061,5
10062,1
10063,3
10064,3
10065,3
10066,3
10067,3
10068,3
10069,3
10070,3
10071,0
10072,5
10073,3
10074,3
10075,3
10076,3
10077,4
10078,3
10079,3
10080,0
10081,3
10082,3
10083,0
10084,0
10085,0
10086,4
10087,0
10088,0
10089,3
10090,3
10091,3
10092,3
10093,5
10094,5
10095,3
10096,5
10097,3
10098,5
10099,4
10100,0
10101,1
10102,0
10103,0
10104,0
10105,5
10106,4
10107,0
10108,3
10109,0
10110,3
10111,3
10112,0
10113,0
10114,1
10115,0
10116,5
10117,5
10118,5
10119,3
10120,0
10121,3
10122,3
10123,3
10124,0
10125,0
10126,4
10127,4
10128,3
10129,3
10130,3
10131,0
10132,5
10133,4
10134,0
10135,3
10136,0
10137,3
10138,0
10139,5
10140,4
10141,5
10142,3
10143,4
10144,4
10145,0
10146,5
10147,0
10148,0
10149,0
10150,3
10151,0
10152,4
10153,4
10154,4
10155,0
10156,4
10157,0
10158,0
10159,0
10160,0
10161,0
10162,0
10163,0
10164,0
10165,0
10166,0
10167,0
10168,0
10169,0
10170,0
10171,0
10172,0
10173,0
10174,3
10175,0
10176,0
10177,0
10178,0
10179,0
10180,0
10181,0
10182,0
10183,0
10184,0
10185,0
10186,0
10187,3
10188,0
10189,4
10190,4
10191,4
10192,4
10193,4
10194,0
10195,0
10196,0
10197,0
10198,5
10199,4
10200,5
10201,5
10202,3
10203,0
10204,0
10205,0
10206,0
10207,0
10208,0
10209,0
10210,0
10211,0
10212,3
10213,0
10214,0
10215,0
10216,0
10217,5
10218,4
10219,4
10220,4
10221,0
10222,4
10223,0
10224,0
10225,0
10226,3
10227,0
10228,0
10229,0
10230,0
10231,4
10232,0
10233,4
10234,0
10235,4
10236,0
10237,0
10238,3
10239,0
10240,4
10241,4
10242,0
10243,0
10244,0
10245,5
10246,0
10247,0
10248,0
10249,4
10250,0
10251,0
10252,0
10253,3
10254,3
10255,0
10256,5
10257,0
10258,0
10259,0
10260,0
10261,0
10262,0
10263,0
10264,0
10265,0
10266,3
10267,0
10268,0
10269,5
10270,5
10271,5
10272,5
10273,4
10274,5
10275,0
10276,5
10277,0
10278,5
10279,5
10280,0
10281,0
10282,0
10283,0
10284,0
10285,0
10286,0
10287,0
10288,0
10289,0
10290,0
10291,0
10292,4
10293,5
10294,0
10295,5
10296,4
10297,4
10298,4
10299,1
10300,5
10301,4
10302,4
10303,4
10304,5
10305,4
10306,0
10307,3
10308,0
10309,3
10310,0
10311,0
10312,0
10313,0
10314,0
10315,0
10316,0
10317,0
10318,0
10319,0
10320,4
10321,4
10322,5
10323,0
10324,0
10325,4
10326,3
10327,3
10328,0
10329,4
10330,0
10331,0
10332,0
10333,0
10334,3
10335,5
10336,4
10337,0
10338,0
10339,0
10340,3
10341,0
10342,0
10343,0
10344,1
10345,4
10346,1
10347,0
10348,4
10349,4
10350,0
10351,0
10352,4
10353,0
10354,4
10355,4
10356,0
10357,0
10358,0
10359,0
10360,0
10361,0
10362,5
10363,0
10364,3
10365,3
10366,3
10367,3
10368,0
10369,3
10370,3
10371,5
10372,0
10373,3
10374,5
10375,1
10376,0
10377,3
10378,0
10379,3
10380,3
10381,0
10382,0
10383,4
10384,0
10385,4
10386,0
10387,0
10388,4
10389,0
10390,4
10391,0
10392,4
10393,0
10394,0
10395,4
10396,0
10397,3
10398,4
10399,0
10400,3
10401,3
10402,3
10403,0
10404,4
10405,0
10406,0
10407,0
10408,3
10409,0
10410,0
10411,5
10412,5
10413,5
10414,4
10415,0
10416,5
10417,3
10418,0
10419,0
10420,3
10421,3
10422,3
10423,3
10424,3
10425,0
10426,0
10427,4
10428,4
10429,4
10430,0
10431,4
10432,4
10433,4
10434,5
10435,5
10436,0
10437,0
10438,0
10439,0
10440,3
10441,0
10442,0
10443,4
10444,3
10445,0
10446,0
10447,5
10448,0
10449,3
10450,0
10451,3
10452,0
10453,0
10454,0
10455,0
10456,1
10457,4
10458,0
10459,0
10460,0
10461,4
10462,5
10463,5
10464,3
10465,5
10466,3
10467,5
10468,4
10469,0
10470,0
10471,1
10472,4
10473,4
10474,4
10475,5
10476,4
10477,4
10478,4
10479,3
10480,4
10481,3
10482,3
10483,3
10484,0
10485,0
10486,0
10487,0
10488,0
10489,4
10490,4
10491,0
10492,0
10493,4
10494,0
10495,0
10496,4
10497,5
10498,0
10499,0
10500,0
10501,0
10502,4
10503,4
10504,4
10505,4
10506,4
10507,0
10508,0
10509,4
10510,4
10511,3
10512,4
10513,4
10514,4
10515,5
10516,5
10517,4
10518,0
10519,4
10520,5
10521,3
10522,0
10523,3
10524,0
10525,4
10526,5
10527,4
10528,4
10529,4
10530,4
10531,4
10532,4
10533,4
10534,4
10535,4
10536,4
10537,4
10538,0
10539,0
10540,4
10541,1
10542,5
10543,1
10544,4
10545,4
10546,5
10547,4
10548,5
10549,5
10550,0
10551,0
10552,0
10553,4
10554,4
10555,0
10556,0
10557,4
10558,4
10559,4
10560,4
10561,4
10562,4
10563,5
10564,4
10565,4
10566,0
10567,3
10568,3
10569,4
10570,3
10571,3
10572,0
10573,0
10574,0
10575,0
10576,4
10577,4
10578,4
10579,4
10580,4
10581,3
10582,4
10583,4
10584,4
10585,4
10586,4
10587,4
10588,4
10589,4
10590,4
10591,4
10592,0
10593,0
10594,0
10595,0
10596,0
10597,3
10598,5
10599,5
10600,4
10601,0
10602,4
10603,5
10604,4
10605,4
10606,0
10607,3
10608,0
10609,0
10610,5
10611,3
10612,3
10613,0
10614,0
10615,0
10616,0
10617,0
10618,0
10619,0
10620,0
10621,0
10622,0
10623,0
10624,0
10625,0
10626,0
10627,0
10628,0
10629,0
10630,0
10631,0
10632,0
10633,3
10634,5
10635,0
10636,5
10637,5
10638,1
10639,0
10640,3
10641,1
10642,5
10643,4
10644,3
10645,0
10646,0
10647,3
10648,3
10649,1
10650,5
10651,5
10652,3
10653,0
10654,3
10655,1
10656,3
10657,3
10658,3
10659,0
10660,5
10661,5
10662,3
10663,3
10664,5
10665,1
10666,1
10667,1
10668,5
10669,5
10670,4
10671,5
10672,5
10673,5
10674,3
10675,3
10676,1
10677,1
10678,1
10679,1
10680,4
10681,3
10682,3
10683,5
10684,3
10685,0
10686,0
10687,0
10688,0
10689,3
10690,3
10691,1
10692,1
10693,1
10694,0
10695,1
10696,1
10697,1
10698,4
10699,3
10700,3
10701,5
10702,3
10703,0
10704,3
10705,5
10706,0
10707,0
10708,0
10709,0
10710,5
10711,3
10712,0
10713,3
10714,5
10715,5
10716,5
10717,1
10718,1
10719,1
10720,1
10721,1
10722,1
10723,1
10724,1
10725,1
10726,5
10727,1
10728,5
10729,4
10730,3
10731,5
10732,3
10733,4
10734,1
10735,1
10736,5
10737,1
10738,3
10739,3
10740,4
10741,4
10742,5
10743,5
10744,3
10745,4
10746,3
10747,3
10748,0
10749,3
10750,3
10751,3
10752,3
10753,3
10754,1
10755,3
10756,3
10757,3
10758,5
10759,1
10760,5
10761,3
10762,3
10763,3
10764,4
10765,4
10766,4
10767,4
10768,3
10769,3
10770,3
10771,0
10772,0
10773,0
10774,5
10775,3
10776,3
10777,3
10778,5
10779,0
10780,3
10781,3
10782,4
10783,4
10784,5
10785,3
10786,3
10787,3
10788,3
10789,3
10790,0
10791,3
10792,3
10793,0
10794,0
10795,5
10796,5
10797,5
10798,5
10799,3
10800,5
10801,0
10802,0
10803,5
10804,5
10805,4
10806,0
10807,0
10808,5
10809,3
10810,5
10811,3
10812,5
10813,0
10814,5
10815,1
10816,1
10817,1
10818,4
10819,5
10820,3
10821,5
10822,4
10823,1
10824,1
10825,3
10826,1
10827,1
10828,4
10829,3
10830,3
10831,3
10832,4
10833,3
10834,4
10835,5
10836,4
10837,5
10838,4
10839,5
10840,3
10841,3
10842,1
10843,1
10844,4
10845,4
10846,4
10847,5
10848,4
10849,5
10850,1
10851,1
10852,1
10853,1
10854,1
10855,0
10856,3
10857,5
10858,5
10859,3
10860,1
10861,3
10862,3
10863,5
10864,5
10865,5
10866,5
10867,3
10868,0
10869,4
10870,0
10871,0
10872,4
10873,3
10874,5
10875,4
10876,1
10877,0
10878,3
10879,3
10880,3
10881,4
10882,5
10883,1
10884,1
10885,1
10886,0
10887,5
10888,3
10889,5
10890,3
10891,4
10892,3
10893,3
10894,3
10895,4
10896,4
10897,0
10898,0
10899,3
10900,0
10901,3
10902,4
10903,0
10904,3
10905,3
10906,5
10907,4
10908,3
10909,1
10910,4
10911,3
10912,4
10913,4
10914,3
10915,3
10916,1
10917,5
10918,3
10919,4
10920,3
10921,3
10922,3
10923,3
10924,0
10925,5
10926,4
10927,5
10928,5
10929,5
10930,3
10931,3
10932,1
10933,4
10934,5
10935,4
10936,3
10937,3
10938,3
10939,3
10940,0
10941,0
10942,3
10943,5
10944,5
10945,5
10946,3
10947,3
10948,3
10949,3
10950,5
10951,5
10952,5
10953,3
10954,5
10955,5
10956,0
10957,3
10958,3
10959,0
10960,4
10961,4
10962,3
10963,0
10964,0
10965,0
10966,0
10967,3
10968,3
10969,5
10970,0
10971,1
10972,1
10973,1
10974,5
10975,4
10976,5
10977,3
10978,4
10979,5
10980,5
10981,0
10982,0
10983,4
10984,5
10985,4
10986,3
10987,4
10988,4
10989,3
10990,5
10991,5
10992,3
10993,3
10994,3
10995,5
10996,3
10997,3
10998,0
10999,1
11000,4
11001,5
11002,4
11003,3
11004,3
11005,5
11006,5
11007,5
11008,1
11009,3
11010,3
11011,1
11012,4
11013,4
11014,4
11015,5
11016,5
11017,3
11018,4
11019,0
11020,1
11021,1
11022,1
11023,5
11024,5
11025,1
11026,1
11027,0
11028,5
11029,0
11030,1
11031,1
11032,1
11033,1
11034,1
11035,5
11036,3
11037,3
11038,0
11039,5
11040,5
11041,4
11042,4
11043,4
11044,5
11045,5
11046,4
11047,5
11048,5
11049,0
11050,5
11051,5
11052,4
11053,0
11054,5
11055,0
11056,5
11057,1
11058,1
11059,3
11060,3
11061,3
11062,0
11063,3
11064,3
11065,0
11066,0
11067,3
11068,3
11069,5
11070,3
11071,4
11072,5
11073,3
11074,0
11075,3
11076,3
11077,3
11078,5
11079,3
11080,5
11081,4
11082,4
11083,3
11084,3
11085,5
11086,5
11087,5
11088,1
11089,1
11090,4
11091,1
11092,1
11093,4
11094,4
11095,1
11096,4
11097,4
11098,1
11099,1
11100,1
11101,1
11102,1
11103,5
11104,4
11105,4
11106,0
11107,5
11108,4
11109,1
11110,1
11111,1
11112,1
11113,1
11114,1
11115,4
11116,1
11117,1
11118,3
11119,3
11120,4
11121,0
11122,3
11123,0
11124,0
11125,3
11126,4
11127,4
11128,5
11129,4
11130,4
11131,4
11132,4
11133,1
11134,4
11135,0
11136,4
11137,0
11138,3
11139,4
11140,4
11141,3
11142,4
11143,3
11144,3
11145,3
11146,4
11147,3
11148,0
11149,3
11150,5
11151,5
11152,4
11153,0
11154,4
11155,4
11156,4
11157,4
11158,4
11159,4
11160,3
11161,3
11162,5
11163,3
11164,5
11165,3
11166,5
11167,0
11168,0
11169,4
11170,5
11171,5
11172,5
11173,5
11174,4
11175,5
11176,3
11177,4
11178,1
11179,3
11180,3
11181,5
11182,4
11183,3
11184,4
11185,4
11186,5
11187,3
11188,0
11189,3
11190,0
11191,5
11192,5
11193,4
11194,4
11195,4
11196,4
11197,3
11198,4
11199,4
11200,4
11201,5
11202,4
11203,0
11204,3
11205,3
11206,0
11207,3
11208,1
11209,1
11210,4
11211,4
11212,1
11213,1
11214,4
11215,0
11216,3
11217,5
11218,3
11219,5
11220,3
11221,5
11222,4
11223,3
11224,5
11225,0
11226,4
11227,0
11228,0
11229,5
11230,3
11231,3
11232,4
11233,0
11234,5
11235,3
11236,5
11237,5
11238,4
11239,3
11240,3
11241,3
11242,4
11243,4
11244,4
11245,4
11246,0
11247,0
11248,4
11249,4
11250,3
11251,3
11252,3
11253,3
11254,3
11255,3
11256,3
11257,4
11258,3
11259,3
11260,5
11261,1
11262,0
11263,0
11264,0
11265,4
11266,4
11267,3
11268,0
11269,3
11270,3
11271,5
11272,5
11273,0
11274,0
11275,0
11276,5
11277,3
11278,3
11279,5
11280,0
11281,4
11282,1
11283,4
11284,3
11285,5
11286,3
11287,5
11288,5
11289,5
11290,3
11291,3
11292,0
11293,0
11294,0
11295,0
11296,0
11297,0
11298,1
11299,5
11300,5
11301,4
11302,3
11303,0
11304,0
11305,4
11306,4
11307,4
11308,3
11309,5
11310,3
11311,3
11312,5
11313,5
11314,5
11315,4
11316,4
11317,5
11318,3
11319,3
11320,4
11321,0
11322,4
11323,0
11324,0
11325,0
11326,5
11327,5
11328,0
11329,4
11330,3
11331,3
11332,3
11333,4
11334,5
11335,5
11336,0
11337,4
11338,4
11339,4
11340,3
11341,4
11342,4
11343,4
11344,4
11345,0
11346,5
11347,5
11348,5
11349,3
11350,0
11351,3
11352,3
11353,3
11354,3
11355,0
11356,0
11357,5
11358,0
11359,0
11360,5
11361,3
11362,3
11363,4
11364,3
11365,3
11366,4
11367,4
11368,3
11369,4
11370,3
11371,5
11372,5
11373,5
11374,4
11375,0
11376,3
11377,3
11378,3
11379,1
11380,1
11381,5
11382,4
11383,4
11384,1
11385,5
11386,3
11387,3
11388,3
11389,4
11390,5
11391,0
11392,3
11393,3
11394,3
11395,3
11396,3
11397,1
11398,0
11399,0
11400,3
11401,4
11402,3
11403,3
11404,3
11405,0
11406,0
11407,5
11408,3
11409,0
11410,4
11411,4
11412,3
11413,3
11414,0
11415,0
11416,3
11417,3
11418,4
11419,3
11420,0
11421,3
11422,4
11423,3
11424,1
11425,4
11426,3
11427,5
11428,3
11429,3
11430,3
11431,5
11432,5
11433,3
11434,0
11435,4
11436,0
11437,0
11438,3
11439,5
11440,5
11441,5
11442,0
11443,5
11444,5
11445,0
11446,1
11447,3
11448,3
11449,3
11450,3
11451,0
11452,3
11453,0
11454,3
11455,0
11456,3
11457,4
11458,4
11459,4
11460,4
11461,0
11462,5
11463,3
11464,3
11465,3
11466,5
11467,5
11468,5
11469,4
11470,1
11471,3
11472,4
11473,3
11474,3
11475,3
11476,0
11477,3
11478,3
11479,3
11480,3
11481,0
11482,3
11483,0
11484,1
11485,0
11486,3
11487,0
11488,3
11489,4
11490,5
11491,4
11492,3
11493,3
11494,3
11495,0
11496,0
11497,1
11498,1
11499,5
11500,1
11501,0
11502,0
11503,5
11504,0
11505,0
11506,5
11507,0
11508,5
11509,3
11510,5
11511,5
11512,5
11513,5
11514,5
11515,1
11516,0
11517,0
11518,3
11519,0
11520,0
11521,4
11522,4
11523,4
11524,5
11525,0
11526,0
11527,3
11528,0
11529,4
11530,5
11531,5
11532,5
11533,3
11534,5
11535,3
11536,3
11537,4
11538,3
11539,0
11540,0
11541,1
11542,0
11543,3
11544,0
11545,4
11546,0
11547,0
11548,3
11549,0
11550,4
11551,4
11552,4
11553,3
11554,4
11555,4
11556,4
11557,0
11558,0
11559,0
11560,4
11561,0
11562,0
11563,4
11564,0
11565,0
11566,0
11567,5
11568,0
11569,0
11570,1
11571,3
11572,4
11573,0
11574,5
11575,4
11576,0
11577,0
11578,3
11579,4
11580,3
11581,0
11582,0
11583,0
11584,4
11585,4
11586,1
11587,3
11588,5
11589,1
11590,4
11591,5
11592,5
11593,5
11594,4
11595,3
11596,0
11597,5
11598,4
11599,4
11600,3
11601,3
11602,5
11603,3
11604,5
11605,3
11606,5
11607,0
11608,0
11609,3
11610,0
11611,0
11612,5
11613,5
11614,5
11615,1
11616,5
11617,5
11618,4
11619,4
11620,0
11621,5
11622,3
11623,5
11624,1
11625,1
11626,0
11627,1
11628,5
11629,5
11630,1
11631,4
11632,3
11633,4
11634,5
11635,4
11636,0
11637,0
11638,3
11639,3
11640,0
11641,4
11642,4
11643,0
11644,4
11645,0
11646,5
11647,3
11648,4
11649,4
11650,5
11651,0
11652,3
11653,3
11654,3
11655,4
11656,3
11657,4
11658,0
11659,3
11660,0
11661,1
11662,5
11663,0
11664,3
11665,3
11666,3
11667,4
11668,4
11669,4
11670,3
11671,4
11672,4
11673,4
11674,4
11675,4
11676,3
11677,4
11678,3
11679,5
11680,5
11681,3
11682,3
11683,3
11684,3
11685,3
11686,3
11687,3
11688,3
11689,3
11690,3
11691,0
11692,0
11693,0
11694,0
11695,5
11696,1
11697,1
11698,3
11699,5
11700,5
11701,3
11702,3
11703,3
11704,5
11705,4
11706,4
11707,5
11708,0
11709,4
11710,5
11711,3
11712,3
11713,4
11714,3
11715,1
11716,5
11717,1
11718,4
11719,0
11720,3
11721,1
11722,5
11723,5
11724,1
11725,0
11726,4
11727,3
11728,0
11729,0
11730,0
11731,3
11732,1
11733,4
11734,0
11735,1
11736,0
11737,0
11738,0
11739,3
11740,5
11741,5
11742,4
11743,4
11744,3
11745,3
11746,3
11747,3
11748,5
11749,3
11750,3
11751,3
11752,5
11753,5
11754,5
11755,4
11756,3
11757,3
11758,5
11759,5
11760,5
11761,5
11762,3
11763,3
11764,3
11765,5
11766,3
11767,3
11768,3
11769,0
11770,3
11771,3
11772,3
11773,3
11774,3
11775,3
11776,0
11777,3
11778,1
11779,3
11780,5
11781,1
11782,3
11783,0
11784,0
11785,3
11786,0
11787,4
11788,4
11789,1
11790,1
11791,0
11792,3
11793,4
11794,5
11795,3
11796,4
11797,0
11798,3
11799,0
11800,5
11801,5
11802,4
11803,4
11804,4
11805,4
11806,4
11807,3
11808,5
11809,5
11810,4
11811,3
11812,3
11813,4
11814,1
11815,1
11816,1
11817,1
11818,1
11819,4
11820,5
11821,3
11822,3
11823,1
11824,0
11825,0
11826,0
11827,5
11828,5
11829,4
11830,3
11831,5
11832,3
11833,4
11834,4
11835,1
11836,5
11837,3
11838,3
11839,3
11840,4
11841,4
11842,3
11843,4
11844,1
11845,3
11846,3
11847,5
11848,1
11849,4
11850,1
11851,5
11852,5
11853,5
11854,5
11855,3
11856,3
11857,3
11858,3
11859,3
11860,0
11861,3
11862,4
11863,1
11864,4
11865,3
11866,0
11867,0
11868,4
11869,5
11870,5
11871,5
11872,0
11873,3
11874,0
11875,0
11876,3
11877,3
11878,3
11879,5
11880,5
11881,0
11882,0
11883,0
11884,3
11885,5
11886,0
11887,3
11888,5
11889,4
11890,1
11891,4
11892,4
11893,5
11894,4
11895,3
11896,0
11897,0
11898,3
11899,4
11900,3
11901,4
11902,3
11903,5
11904,4
11905,4
11906,5
11907,0
11908,4
11909,0
11910,0
11911,0
11912,1
11913,4
11914,3
11915,5
11916,0
11917,0
11918,5
11919,4
11920,0
11921,0
11922,0
11923,0
11924,0
11925,0
11926,0
11927,3
11928,0
11929,3
11930,3
11931,3
11932,4
11933,0
11934,0
11935,3
11936,0
11937,0
11938,3
11939,3
11940,3
11941,3
11942,4
11943,0
11944,4
11945,0
11946,4
11947,4
11948,3
11949,1
11950,5
11951,5
11952,3
11953,3
11954,3
11955,0
11956,5
11957,5
11958,3
11959,3
11960,3
11961,3
11962,3
11963,3
11964,5
11965,3
11966,3
11967,3
11968,4
11969,3
11970,0
11971,5
11972,1
11973,3
11974,4
11975,4
11976,5
11977,4
11978,4
11979,3
11980,3
11981,0
11982,3
11983,0
11984,5
11985,3
11986,3
11987,3
11988,3
11989,5
11990,4
11991,4
11992,4
11993,4
11994,3
11995,0
11996,4
11997,3
11998,3
11999,3
12000,3
12001,3
12002,4
12003,4
12004,0
12005,1
12006,1
12007,1
12008,1
12009,4
12010,1
12011,5
12012,5
12013,5
12014,5
12015,1
12016,5
12017,5
12018,5
12019,5
12020,3
12021,0
12022,3
12023,3
12024,5
12025,3
12026,3
12027,4
12028,4
12029,3
12030,3
12031,4
12032,3
12033,3
12034,3
12035,3
12036,5
12037,5
12038,4
12039,3
12040,3
12041,0
12042,0
12043,0
12044,3
12045,4
12046,4
12047,5
12048,4
12049,3
12050,3
12051,3
12052,3
12053,4
12054,3
12055,0
12056,3
12057,5
12058,0
12059,3
12060,5
12061,0
12062,3
12063,5
12064,4
12065,4
12066,3
12067,3
12068,5
12069,3
12070,4
12071,5
12072,3
12073,3
12074,1
12075,3
12076,5
12077,4
12078,3
12079,5
12080,5
12081,0
12082,5
12083,5
12084,5
12085,5
12086,5
12087,5
12088,5
12089,4
12090,0
12091,3
12092,5
12093,3
12094,3
12095,3
12096,3
12097,3
12098,5
12099,1
12100,5
12101,4
12102,5
12103,4
12104,4
12105,4
12106,4
12107,4
12108,4
12109,4
12110,4
12111,0
12112,0
12113,0
12114,0
12115,0
12116,0
12117,0
12118,4
12119,1
12120,3
12121,0
12122,0
12123,4
12124,0
12125,0
12126,0
12127,0
12128,5
12129,4
12130,4
12131,5
12132,4
12133,4
12134,5
12135,0
12136,0
12137,0
12138,5
12139,0
12140,5
12141,5
12142,3
12143,3
12144,3
12145,4
12146,0
12147,0
12148,0
12149,5
12150,4
12151,0
12152,5
12153,4
12154,1
12155,4
12156,4
12157,4
12158,0
12159,0
12160,4
12161,4
12162,0
12163,0
12164,5
12165,4
12166,4
12167,4
12168,5
12169,4
12170,4
12171,4
12172,3
12173,1
12174,0
12175,5
12176,4
12177,3
12178,1
12179,5
12180,5
12181,3
12182,3
12183,0
12184,0
12185,0
12186,5
12187,5
12188,0
12189,0
12190,0
12191,1
12192,0
12193,0
12194,5
12195,5
12196,3
12197,5
12198,5
12199,0
12200,3
12201,5
12202,0
12203,3
12204,4
12205,3
12206,4
12207,4
12208,4
12209,4
12210,5
12211,4
12212,5
12213,5
12214,4
12215,4
12216,3
12217,5
12218,4
12219,5
12220,4
12221,4
12222,3
12223,4
12224,5
12225,3
12226,4
12227,4
12228,0
12229,5
12230,5
12231,4
12232,1
12233,4
12234,4
12235,4
12236,1
12237,4
12238,1
12239,5
12240,0
12241,0
12242,0
12243,4
12244,4
12245,5
12246,3
12247,4
12248,5
12249,4
12250,4
12251,4
12252,4
12253,4
12254,0
12255,4
12256,0
12257,4
12258,4
12259,4
12260,5
12261,4
12262,4
12263,0
12264,0
12265,0
12266,4
12267,4
12268,4
12269,4
12270,4
12271,0
12272,0
12273,0
12274,4
12275,4
12276,4
12277,4
12278,4
12279,0
12280,0
12281,3
12282,5
12283,0
12284,5
12285,5
12286,4
12287,5
12288,4
12289,4
12290,4
12291,4
12292,0
12293,5
12294,0
12295,3
12296,3
12297,5
12298,4
12299,3
12300,5
12301,5
12302,4
12303,0
12304,0
12305,4
12306,4
12307,1
12308,5
12309,0
12310,4
12311,0
12312,5
12313,0
12314,0
12315,5
12316,4
12317,4
12318,0
12319,3
12320,1
12321,5
12322,4
12323,0
12324,3
12325,1
12326,0
12327,4
12328,4
12329,4
12330,3
12331,0
12332,5
12333,5
12334,0
12335,4
12336,4
12337,4
12338,4
12339,4
12340,4
12341,4
12342,1
12343,1
12344,4
12345,5
12346,4
12347,4
12348,4
12349,3
12350,3
12351,4
12352,5
12353,0
12354,0
12355,0
12356,0
12357,4
12358,0
12359,3
12360,0
12361,4
12362,4
12363,0
12364,3
12365,4
12366,4
12367,4
12368,4
12369,4
12370,3
12371,0
12372,3
12373,1
12374,5
12375,3
12376,1
12377,3
12378,1
12379,0
12380,3
12381,3
12382,3
12383,5
12384,3
12385,5
12386,4
12387,0
12388,3
12389,3
12390,4
12391,4
12392,3
12393,4
12394,4
12395,4
12396,3
12397,1
12398,1
12399,4
12400,1
12401,5
12402,1
12403,5
12404,1
12405,1
12406,1
12407,1
12408,4
12409,1
12410,4
12411,1
12412,1
12413,1
12414,1
12415,1
12416,1
12417,1
12418,1
12419,4
12420,4
12421,4
12422,4
12423,1
12424,1
12425,5
12426,0
12427,0
12428,5
12429,5
12430,0
12431,5
12432,0
12433,0
12434,4
12435,0
12436,5
12437,4
12438,4
12439,5
12440,0
12441,4
12442,5
12443,4
12444,5
12445,5
12446,5
12447,3
12448,3
12449,0
12450,1
12451,5
12452,3
12453,0
12454,3
12455,3
12456,3
12457,3
12458,3
12459,0
12460,4
12461,0
12462,4
12463,3
12464,4
12465,3
12466,3
12467,3
12468,3
12469,3
12470,3
12471,4
12472,4
12473,1
12474,1
12475,5
12476,4
12477,4
12478,3
12479,4
12480,5
12481,3
12482,5
12483,5
12484,3
12485,0
12486,5
12487,5
12488,5
12489,3
12490,5
12491,3
12492,3
12493,3
12494,5
12495,5
12496,5
12497,0
12498,0
12499,0
12500,3
12501,1
12502,5
12503,4
12504,1
12505,1
12506,5
12507,5
12508,3
12509,5
12510,4
12511,3
12512,4
12513,4
12514,4
12515,4
12516,5
12517,1
12518,4
12519,1
12520,5
12521,0
12522,5
12523,0
12524,5
12525,5
12526,5
12527,1
12528,5
12529,5
12530,5
12531,5
12532,5
12533,0
12534,0
12535,3
12536,1
12537,5
12538,0
12539,0
12540,5
12541,5
12542,5
12543,5
12544,5
12545,4
12546,0
12547,5
12548,3
12549,3
12550,4
12551,0
12552,3
12553,5
12554,5
12555,4
12556,5
12557,4
12558,0
12559,3
12560,4
12561,0
12562,4
12563,5
12564,3
12565,4
12566,4
12567,5
12568,5
12569,0
12570,5
12571,1
12572,1
12573,4
12574,5
12575,4
12576,3
12577,3
12578,3
12579,1
12580,5
12581,1
12582,1
12583,3
12584,3
12585,0
12586,4
12587,4
12588,1
12589,5
12590,4
12591,4
12592,4
12593,4
12594,3
12595,5
12596,4
12597,5
12598,0
12599,0
12600,0
12601,0
12602,0
12603,1
12604,3
12605,4
12606,3
12607,0
12608,1
12609,1
12610,5
12611,3
12612,0
12613,5
12614,5
12615,4
12616,3
12617,3
12618,4
12619,5
12620,4
12621,4
12622,4
12623,5
12624,0
12625,5
12626,5
12627,5
12628,1
12629,4
12630,4
12631,4
12632,4
12633,4
12634,1
12635,3
12636,4
12637,0
12638,0
12639,1
12640,1
12641,1
12642,1
12643,5
12644,4
12645,4
12646,1
12647,4
12648,3
12649,5
12650,1
12651,0
12652,0
12653,1
12654,5
12655,5
12656,0
12657,5
12658,4
12659,4
12660,4
12661,3
12662,0
12663,3
12664,1
12665,1
12666,5
12667,1
12668,3
12669,0
12670,3
12671,0
12672,1
12673,4
12674,0
12675,0
12676,1
12677,1
12678,1
12679,1
12680,5
12681,5
12682,5
12683,3
12684,1
12685,0
12686,0
12687,5
12688,5
12689,1
12690,5
12691,5
12692,1
12693,3
12694,3
12695,0
12696,5
12697,4
12698,5
12699,5
12700,5
12701,5
12702,3
12703,0
12704,4
12705,5
12706,4
12707,5
12708,5
12709,3
12710,4
12711,4
12712,3
12713,4
12714,5
12715,5
12716,5
12717,5
12718,4
12719,0
12720,1
12721,5
12722,0
12723,0
12724,5
12725,5
12726,4
12727,5
12728,5
12729,1
12730,5
12731,5
12732,4
12733,4
12734,4
12735,5
12736,1
12737,0
12738,5
12739,4
12740,5
12741,0
12742,0
12743,0
12744,4
12745,3
12746,0
12747,0
12748,5
12749,5
12750,5
12751,4
12752,5
12753,4
12754,4
12755,5
12756,5
12757,5
12758,3
12759,5
12760,1
12761,4
12762,4
12763,4
12764,4
12765,0
12766,3
12767,3
12768,5
12769,0
12770,3
12771,4
12772,4
12773,3
12774,1
12775,1
12776,0
12777,0
12778,4
12779,5
12780,0
12781,0
12782,3
12783,4
12784,4
12785,5
12786,1
12787,5
12788,5
12789,3
12790,3
12791,3
12792,0
12793,5
12794,1
12795,0
12796,5
12797,5
12798,4
12799,4
12800,5
12801,1
12802,4
12803,0
12804,1
12805,1
12806,0
12807,0
12808,0
12809,4
12810,5
12811,4
12812,5
12813,4
12814,5
12815,5
12816,4
12817,3
12818,4
12819,5
12820,0
12821,4
12822,0
12823,5
12824,4
12825,1
12826,0
12827,4
12828,1
12829,5
12830,1
12831,4
12832,0
12833,4
12834,0
12835,1
12836,1
12837,5
12838,0
12839,5
12840,3
12841,4
12842,0
12843,5
12844,1
12845,5
12846,5
12847,5
12848,4
12849,5
12850,5
12851,4
12852,3
12853,0
12854,4
12855,4
12856,4
12857,1
12858,0
12859,3
12860,5
12861,3
12862,4
12863,3
12864,5
12865,4
12866,5
12867,1
12868,5
12869,4
12870,0
12871,0
12872,5
12873,3
12874,3
12875,5
12876,3
12877,5
12878,3
12879,3
12880,3
12881,4
12882,4
12883,4
12884,5
12885,3
12886,3
12887,3
12888,3
12889,1
12890,3
12891,5
12892,3
12893,3
12894,3
12895,3
12896,3
12897,4
12898,1
12899,5
12900,1
12901,3
12902,3
12903,3
12904,4
12905,5
12906,5
12907,5
12908,3
12909,3
12910,3
12911,5
12912,5
12913,5
12914,3
12915,0
12916,4
12917,4
12918,4
12919,3
12920,3
12921,2
12922,3
12923,5
12924,3
12925,3
12926,1
12927,5
12928,0
12929,5
12930,3
12931,5
12932,1
12933,1
12934,1
12935,1
12936,1
12937,1
12938,1
12939,1
12940,1
12941,1
12942,1
12943,1
12944,1
12945,1
12946,1
12947,3
12948,0
12949,3
12950,3
12951,3
12952,3
12953,3
12954,3
12955,1
12956,3
12957,3
12958,0
12959,4
12960,5
12961,5
12962,4
12963,3
12964,3
12965,3
12966,3
12967,4
12968,5
12969,0
12970,3
12971,3
12972,3
12973,3
12974,3
12975,4
12976,4
12977,4
12978,0
12979,3
12980,3
12981,4
12982,4
12983,4
12984,0
12985,5
12986,4
12987,4
12988,3
12989,5
12990,5
12991,5
12992,4
12993,5
12994,3
12995,4
12996,4
12997,4
12998,4
12999,5
13000,3
13001,5
13002,4
13003,0
13004,3
13005,4
13006,4
13007,3
13008,3
13009,3
13010,3
13011,5
13012,4
13013,4
13014,4
13015,4
13016,3
13017,3
13018,3
13019,3
13020,4
13021,4
13022,4
13023,3
13024,3
13025,4
13026,3
13027,5
13028,1
13029,4
13030,5
13031,5
13032,3
13033,3
13034,3
13035,3
13036,3
13037,5
13038,4
13039,3
13040,3
13041,1
13042,5
13043,5
13044,3
13045,1
13046,0
13047,0
13048,3
13049,3
13050,3
13051,3
13052,3
13053,5
13054,3
13055,0
13056,4
13057,4
13058,3
13059,3
13060,3
13061,5
13062,3
13063,3
13064,4
13065,3
13066,3
13067,5
13068,0
13069,5
13070,3
13071,3
13072,3
13073,5
13074,4
13075,4
13076,4
13077,5
13078,4
13079,4
13080,5
13081,3
13082,3
13083,3
13084,3
13085,0
13086,1
13087,1
13088,4
13089,1
13090,1
13091,1
13092,1
13093,1
13094,3
13095,5
13096,4
13097,4
13098,5
13099,5
13100,5
13101,3
13102,3
13103,4
13104,3
13105,3
13106,5
13107,1
13108,0
13109,5
13110,4
13111,5
13112,4
13113,4
13114,0
13115,5
13116,1
13117,5
13118,4
13119,3
13120,3
13121,5
13122,5
13123,5
13124,1
13125,4
13126,5
13127,0
13128,5
13129,4
13130,3
13131,4
13132,0
13133,4
13134,4
13135,3
13136,5
13137,0
13138,0
13139,0
13140,5
13141,5
13142,4
13143,5
13144,0
13145,4
13146,3
13147,0
13148,3
13149,3
13150,4
13151,5
13152,4
13153,0
13154,3
13155,1
13156,1
13157,5
13158,4
13159,4
13160,3
13161,3
13162,5
13163,5
13164,5
13165,4
13166,1
13167,4
13168,1
13169,5
13170,4
13171,1
13172,4
13173,5
13174,3
13175,1
13176,5
13177,3
13178,5
13179,5
13180,3
13181,5
13182,0
13183,5
13184,0
13185,0
13186,3
13187,3
13188,3
13189,3
13190,3
13191,3
13192,3
13193,1
13194,3
13195,1
13196,1
13197,3
13198,3
13199,5
13200,4
13201,5
13202,5
13203,3
13204,0
13205,3
13206,0
13207,3
13208,3
13209,0
13210,0
13211,3
13212,4
13213,3
13214,3
13215,3
13216,3
13217,3
13218,3
13219,3
13220,4
13221,3
13222,3
13223,5
13224,5
13225,5
13226,5
13227,4
13228,3
13229,1
13230,3
13231,3
13232,0
13233,3
13234,3
13235,3
13236,3
13237,5
13238,3
13239,4
13240,5
13241,1
13242,5
13243,3
13244,5
13245,4
13246,4
13247,4
13248,1
13249,4
13250,1
13251,4
13252,4
13253,4
13254,4
13255,4
13256,4
13257,4
13258,4
13259,5
13260,5
13261,5
13262,3
13263,1
13264,1
13265,5
13266,1
13267,5
13268,0
13269,3
13270,5
13271,3
13272,3
13273,5
13274,4
13275,4
13276,4
13277,5
13278,0
13279,5
13280,4
13281,4
13282,4
13283,5
13284,5
13285,1
13286,1
13287,1
13288,0
13289,3
13290,3
13291,3
13292,5
13293,5
13294,0
13295,5
13296,4
13297,0
13298,4
13299,4
13300,0
13301,0
13302,5
13303,3
13304,4
13305,4
13306,4
13307,4
13308,5
13309,0
13310,3
13311,5
13312,4
13313,0
13314,3
13315,3
13316,3
13317,3
13318,5
13319,5
13320,1
13321,5
13322,5
13323,5
13324,1
13325,3
13326,0
13327,3
13328,5
13329,3
13330,3
13331,5
13332,3
13333,3
13334,3
13335,3
13336,1
13337,3
13338,5
13339,4
13340,5
13341,5
13342,4
13343,5
13344,5
13345,0
13346,5
13347,5
13348,3
13349,3
13350,4
13351,4
13352,5
13353,5
13354,3
13355,5
13356,4
13357,5
13358,0
13359,3
13360,5
13361,5
13362,5
13363,5
13364,3
13365,5
13366,4
13367,3
13368,3
13369,1
13370,3
13371,3
13372,3
13373,3
13374,3
13375,5
13376,1
13377,5
13378,5
13379,4
13380,3
13381,1
13382,3
13383,3
13384,1
13385,3
13386,3
13387,4
13388,0
13389,4
13390,4
13391,3
13392,4
13393,4
13394,4
13395,4
13396,4
13397,4
13398,3
13399,3
13400,0
13401,3
13402,4
13403,3
13404,3
13405,5
13406,3
13407,3
13408,0
13409,5
13410,0
13411,3
13412,5
13413,5
13414,4
13415,4
13416,5
13417,3
13418,4
13419,3
13420,5
13421,3
13422,5
13423,3
13424,5
13425,0
13426,0
13427,0
13428,0
13429,5
13430,5
13431,3
13432,3
13433,4
13434,3
13435,0
13436,4
13437,3
13438,4
13439,4
13440,4
13441,3
13442,3
13443,3
13444,3
13445,3
13446,3
13447,3
13448,3
13449,3
13450,5
13451,3
13452,3
13453,5
13454,3
13455,4
13456,4
13457,4
13458,3
13459,1
13460,3
13461,0
13462,0
13463,5
13464,5
13465,3
13466,4
13467,4
13468,3
13469,3
13470,5
13471,0
13472,5
13473,5
13474,5
13475,0
13476,3
13477,0
13478,3
13479,5
13480,0
13481,0
13482,3
13483,5
13484,3
13485,0
13486,3
13487,4
13488,1
13489,1
13490,4
13491,3
13492,5
13493,3
13494,3
13495,3
13496,3
13497,3
13498,3
13499,3
13500,3
13501,3
13502,3
13503,3
13504,3
13505,5
13506,3
13507,5
13508,5
13509,0
13510,5
13511,0
13512,5
13513,4
13514,5
13515,0
13516,0
13517,3
13518,3
13519,3
13520,3
13521,3
13522,5
13523,1
13524,3
13525,5
13526,3
13527,3
13528,4
13529,1
13530,1
13531,4
13532,4
13533,3
13534,1
13535,1
13536,3
13537,5
13538,3
13539,3
13540,0
13541,5
13542,5
13543,1
13544,5
13545,4
13546,4
13547,4
13548,4
13549,4
13550,3
13551,3
13552,4
13553,3
13554,1
13555,1
13556,4
13557,0
13558,0
13559,3
13560,1
13561,1
13562,4
13563,4
13564,4
13565,1
13566,3
13567,3
13568,3
13569,3
13570,5
13571,3
13572,5
13573,0
13574,0
13575,3
13576,4
13577,4
13578,4
13579,0
13580,0
13581,4
13582,5
13583,4
13584,3
13585,3
13586,3
13587,4
13588,5
13589,0
13590,1
13591,1
13592,1
13593,1
13594,0
13595,4
13596,3
13597,1
13598,3
13599,0
13600,3
13601,3
13602,4
13603,3
13604,4
13605,3
13606,5
13607,4
13608,5
13609,1
13610,1
13611,1
13612,1
13613,2
13614,0
13615,5
13616,5
13617,4
13618,4
13619,3
13620,1
13621,4
13622,4
13623,3
13624,4
13625,4
13626,4
13627,5
13628,5
13629,3
13630,3
13631,2
13632,5
13633,4
13634,5
13635,4
13636,5
13637,4
13638,5
13639,0
13640,4
13641,4
13642,3
13643,1
13644,5
13645,3
13646,4
13647,4
13648,3
13649,3
13650,4
13651,0
13652,0
13653,0
13654,0
13655,1
13656,5
13657,3
13658,3
13659,0
13660,0
13661,0
13662,3
13663,3
13664,1
13665,0
13666,0
13667,3
13668,3
13669,1
13670,0
13671,0
13672,0
13673,4
13674,1
13675,5
13676,0
13677,0
13678,0
13679,3
13680,0
13681,0
13682,4
13683,4
13684,4
13685,0
13686,5
13687,1
13688,4
13689,4
13690,4
13691,4
13692,3
13693,4
13694,4
13695,5
13696,3
13697,5
13698,5
13699,3
13700,0
13701,0
13702,5
13703,3
13704,3
13705,3
13706,2
13707,5
13708,4
13709,4
13710,4
13711,0
13712,0
13713,0
13714,4
13715,3
13716,3
13717,5
13718,4
13719,4
13720,4
13721,4
13722,4
13723,0
13724,4
13725,3
13726,3
13727,4
13728,4
13729,4
13730,4
13731,4
13732,4
13733,0
13734,0
13735,0
13736,0
13737,5
13738,0
13739,4
13740,3
13741,0
13742,0
13743,0
13744,4
13745,0
13746,1
13747,5
13748,5
13749,5
13750,5
13751,4
13752,5
13753,4
13754,0
13755,3
13756,1
13757,1
13758,5
13759,5
13760,5
13761,1
13762,5
13763,0
13764,5
13765,0
13766,0
13767,4
13768,4
13769,4
13770,5
13771,0
13772,5
13773,0
13774,3
13775,5
13776,5
13777,1
13778,0
13779,3
13780,5
13781,3
13782,5
13783,0
13784,4
13785,3
13786,3
13787,5
13788,1
13789,0
13790,3
13791,3
13792,3
13793,3
13794,3
13795,3
13796,3
13797,3
13798,3
13799,3
13800,3
13801,5
13802,3
13803,5
13804,3
13805,0
13806,0
13807,3
13808,4
13809,0
13810,4
13811,4
13812,0
13813,3
13814,4
13815,4
13816,5
13817,4
13818,4
13819,4
13820,5
13821,1
13822,4
13823,5
13824,5
13825,5
13826,4
13827,5
13828,0
13829,5
13830,3
13831,3
13832,3
13833,3
13834,0
13835,5
13836,4
13837,4
13838,5
13839,3
13840,5
13841,0
13842,3
13843,3
13844,3
13845,1
13846,5
13847,1
13848,5
13849,0
13850,1
13851,4
13852,4
13853,4
13854,4
13855,3
13856,5
13857,1
13858,3
13859,3
13860,3
13861,3
13862,3
13863,1
13864,3
13865,3
13866,1
13867,5
13868,5
13869,0
13870,1
13871,1
13872,5
13873,4
13874,5
13875,1
13876,5
13877,3
13878,0
13879,4
13880,3
13881,4
13882,0
13883,0
13884,3
13885,4
13886,3
13887,3
13888,4
13889,0
13890,4
13891,4
13892,3
13893,4
13894,3
13895,1
13896,1
13897,4
13898,1
13899,0
13900,5
13901,3
13902,5
13903,3
13904,3
13905,3
13906,5
13907,1
13908,1
13909,0
13910,1
13911,1
13912,1
13913,1
13914,4
13915,5
13916,1
13917,1
13918,1
13919,1
13920,1
13921,1
13922,1
13923,1
13924,1
13925,1
13926,1
13927,1
13928,1
13929,1
13930,1
13931,1
13932,1
13933,1
13934,4
13935,5
13936,5
13937,5
13938,3
13939,3
13940,5
13941,1
13942,4
13943,0
13944,1
13945,5
13946,3
13947,0
13948,3
13949,4
13950,3
13951,0
13952,1
13953,4
13954,3
13955,3
13956,5
13957,4
13958,3
13959,4
13960,5
13961,3
13962,4
13963,0
13964,4
13965,3
13966,4
13967,5
13968,5
13969,5
13970,3
13971,4
13972,4
13973,4
13974,4
13975,4
13976,4
13977,3
13978,5
13979,3
13980,3
13981,3
13982,5
13983,1
13984,1
13985,0
13986,3
13987,5
13988,0
13989,0
13990,0
13991,3
13992,3
13993,4
13994,0
13995,1
13996,5
13997,5
13998,3
13999,0
14000,3
14001,3
14002,0
14003,0
14004,4
14005,3
14006,5
14007,0
14008,3
14009,3
14010,5
14011,4
14012,0
14013,3
14014,3
14015,1
14016,1
14017,1
14018,5
14019,3
14020,3
14021,3
14022,5
14023,5
14024,4
14025,4
14026,0
14027,5
14028,4
14029,4
14030,5
14031,1
14032,0
14033,4
14034,4
14035,3
14036,4
14037,0
14038,4
14039,3
14040,3
14041,5
14042,4
14043,0
14044,3
14045,3
14046,0
14047,0
14048,4
14049,3
14050,3
14051,4
14052,4
14053,4
14054,0
14055,0
14056,0
14057,1
14058,0
14059,5
14060,4
14061,3
14062,3
14063,5
14064,0
14065,0
14066,0
14067,0
14068,0
14069,3
14070,5
14071,3
14072,4
14073,5
14074,3
14075,5
14076,0
14077,0
14078,5
14079,5
14080,0
14081,0
14082,5
14083,5
14084,0
14085,1
14086,1
14087,0
14088,0
14089,5
14090,3
14091,4
14092,3
14093,4
14094,4
14095,3
14096,5
14097,5
14098,1
14099,1
14100,5
14101,5
14102,0
14103,3
14104,5
14105,0
14106,3
14107,5
14108,3
14109,3
14110,3
14111,5
14112,1
14113,5
14114,3
14115,3
14116,5
14117,1
14118,5
14119,5
14120,3
14121,5
14122,3
14123,5
14124,3
14125,3
14126,3
14127,5
14128,1
14129,5
14130,3
14131,3
14132,3
14133,3
14134,3
14135,5
14136,1
14137,0
14138,5
14139,5
14140,3
14141,5
14142,0
14143,3
14144,5
14145,3
14146,3
14147,5
14148,3
14149,4
14150,3
14151,3
14152,3
14153,3
14154,3
14155,3
14156,0
14157,5
14158,5
14159,5
14160,5
14161,5
14162,0
14163,0
14164,0
14165,5
14166,0
14167,3
14168,4
14169,0
14170,0
14171,0
14172,5
14173,3
14174,5
14175,5
14176,5
14177,5
14178,3
14179,4
14180,3
14181,4
14182,3
14183,4
14184,3
14185,3
14186,3
14187,3
14188,3
14189,4
14190,3
14191,3
14192,3
14193,4
14194,3
14195,4
14196,4
14197,5
14198,4
14199,3
14200,0
14201,5
14202,4
14203,5
14204,3
14205,3
14206,3
14207,3
14208,4
14209,4
14210,1
14211,1
14212,1
14213,0
14214,3
14215,5
14216,4
14217,4
14218,1
14219,4
14220,3
14221,3
14222,0
14223,4
14224,3
14225,0
14226,4
14227,5
14228,4
14229,4
14230,4
14231,0
14232,5
14233,4
14234,4
14235,0
14236,4
14237,4
14238,0
14239,5
14240,5
14241,4
14242,4
14243,3
14244,4
14245,3
14246,4
14247,1
14248,1
14249,4
14250,3
14251,0
14252,0
14253,1
14254,3
14255,3
14256,1
14257,3
14258,0
14259,3
14260,3
14261,3
14262,5
14263,3
14264,0
14265,3
14266,3
14267,4
14268,3
14269,5
14270,3
14271,3
14272,4
14273,0
14274,4
14275,4
14276,4
14277,1
14278,0
14279,5
14280,5
14281,3
14282,5
14283,0
14284,3
14285,3
14286,3
14287,3
14288,5
14289,1
14290,3
14291,3
14292,0
14293,0
14294,0
14295,0
14296,5
14297,0
14298,5
14299,3
14300,3
14301,3
14302,3
14303,0
14304,3
14305,3
14306,3
14307,3
14308,3
14309,3
14310,3
14311,1
14312,4
14313,1
14314,5
14315,1
14316,3
14317,0
14318,5
14319,5
14320,1
14321,4
14322,3
14323,5
14324,4
14325,5
14326,5
14327,4
14328,5
14329,4
14330,0
14331,3
14332,0
14333,3
14334,3
14335,0
14336,5
14337,0
14338,0
14339,0
14340,0
14341,0
14342,0
14343,0
14344,5
14345,0
14346,0
14347,0
14348,0
14349,0
14350,5
14351,4
14352,3
14353,0
14354,0
14355,5
14356,0
14357,0
14358,0
14359,1
14360,0
14361,4
14362,3
14363,0
14364,3
14365,4
14366,0
14367,0
14368,4
14369,4
14370,4
14371,4
14372,3
14373,0
14374,3
14375,3
14376,3
14377,0
14378,0
14379,3
14380,0
14381,3
14382,5
14383,4
14384,5
14385,4
14386,4
14387,4
14388,3
14389,0
14390,0
14391,0
14392,0
14393,0
14394,5
14395,0
14396,0
14397,4
14398,0
14399,0
14400,0
14401,3
14402,0
14403,0
14404,0
14405,0
14406,0
14407,0
14408,4
14409,0
14410,4
14411,0
14412,0
14413,0
14414,0
14415,0
14416,4
14417,4
14418,5
14419,5
14420,5
14421,5
14422,3
14423,0
14424,4
14425,3
14426,4
14427,5
14428,4
14429,0
14430,0
14431,0
14432,0
14433,4
14434,0
14435,1
14436,0
14437,0
14438,0
14439,0
14440,0
14441,0
14442,0
14443,0
14444,0
14445,0
14446,0
14447,0
14448,3
14449,4
14450,0
14451,0
14452,0
14453,0
14454,4
14455,0
14456,0
14457,0
14458,0
14459,0
14460,0
14461,0
14462,0
14463,5
14464,3
14465,1
14466,0
14467,1
14468,0
14469,3
14470,5
14471,5
14472,5
14473,4
14474,1
14475,0
14476,5
14477,0
14478,0
14479,4
14480,3
14481,3
14482,3
14483,4
14484,3
14485,0
14486,5
14487,3
14488,3
14489,5
14490,5
14491,5
14492,5
14493,5
14494,5
14495,5
14496,5
14497,0
14498,0
14499,4
14500,4
14501,3
14502,0
14503,0
14504,3
14505,4
14506,1
14507,3
14508,3
14509,3
14510,5
14511,0
14512,5
14513,0
14514,3
14515,5
14516,4
14517,4
14518,4
14519,4
14520,4
14521,5
14522,3
14523,3
14524,3
14525,0
14526,4
14527,4
14528,3
14529,3
14530,3
14531,5
14532,3
14533,0
14534,3
14535,4
14536,3
14537,4
14538,3
14539,3
14540,3
14541,4
14542,3
14543,0
14544,0
14545,3
14546,5
14547,5
14548,0
14549,0
14550,3
14551,0
14552,0
14553,4
14554,5
14555,5
14556,0
14557,4
14558,5
14559,0
14560,0
14561,5
14562,3
14563,3
14564,0
14565,0
14566,3
14567,0
14568,0
14569,5
14570,5
14571,5
14572,0
14573,3
14574,0
14575,0
14576,0
14577,0
14578,0
14579,3
14580,3
14581,0
14582,0
14583,0
14584,3
14585,3
14586,4
14587,3
14588,3
14589,5
14590,5
14591,5
14592,3
14593,4
14594,3
14595,4
14596,4
14597,4
14598,3
14599,0
14600,3
14601,3
14602,0
14603,0
14604,0
14605,3
14606,0
14607,3
14608,4
14609,1
14610,3
14611,5
14612,5
14613,3
14614,4
14615,0
14616,3
14617,0
14618,4
14619,1
14620,5
14621,5
14622,1
14623,1
14624,1
14625,1
14626,3
14627,3
14628,3
14629,1
14630,3
14631,5
14632,5
14633,3
14634,3
14635,3
14636,3
14637,5
14638,3
14639,5
14640,3
14641,3
14642,3
14643,1
14644,5
14645,5
14646,5
14647,5
14648,3
14649,3
14650,3
14651,5
14652,1
14653,4
14654,5
14655,1
14656,5
14657,5
14658,3
14659,3
14660,3
14661,3
14662,3
14663,3
14664,1
14665,3
14666,3
14667,3
14668,3
14669,3
14670,0
14671,4
14672,4
14673,1
14674,1
14675,3
14676,3
14677,3
14678,3
14679,3
14680,4
14681,3
14682,3
14683,5
14684,3
14685,3
14686,3
14687,3
14688,0
14689,1
14690,3
14691,5
14692,5
14693,5
14694,5
14695,5
14696,5
14697,0
14698,3
14699,4
14700,5
14701,3
14702,3
14703,3
14704,3
14705,3
14706,3
14707,5
14708,3
14709,3
14710,3
14711,3
14712,5
14713,5
14714,4
14715,5
14716,5
14717,0
14718,1
14719,1
14720,3
14721,5
14722,0
14723,0
14724,0
14725,3
14726,3
14727,4
14728,4
14729,4
14730,3
14731,4
14732,0
14733,4
14734,5
14735,0
14736,3
14737,4
14738,4
14739,3
14740,3
14741,3
14742,3
14743,0
14744,0
14745,4
14746,1
14747,1
14748,1
14749,3
14750,5
14751,3
14752,4
14753,5
14754,5
14755,3
14756,1
14757,5
14758,3
14759,4
14760,0
14761,0
14762,3
14763,1
14764,0
14765,4
14766,0
14767,1
14768,3
14769,4
14770,0
14771,0
14772,0
14773,0
14774,3
14775,3
14776,3
14777,5
14778,3
14779,5
14780,3
14781,3
14782,3
14783,3
14784,3
14785,0
14786,5
14787,4
14788,4
14789,1
14790,3
14791,5
14792,5
14793,4
14794,4
14795,5
14796,4
14797,4
14798,3
14799,4
14800,4
14801,4
14802,5
14803,5
14804,5
14805,5
14806,5
14807,5
14808,3
14809,5
14810,5
14811,1
14812,3
14813,3
14814,0
14815,1
14816,3
14817,4
14818,1
14819,4
14820,5
14821,4
14822,5
14823,5
14824,0
14825,0
14826,3
14827,3
14828,1
14829,5
14830,3
14831,4
14832,3
14833,3
14834,5
14835,4
14836,4
14837,5
14838,3
14839,5
14840,5
14841,3
14842,3
14843,0
14844,3
14845,3
14846,3
14847,3
