sample_id,cluster
0,0
1,0
2,0
3,0
4,2
5,1
6,0
7,2
8,0
9,2
10,2
11,2
12,2
13,2
14,2
15,2
16,0
17,2
18,1
19,1
20,0
21,2
22,0
23,2
24,1
25,0
26,1
27,1
28,0
29,1
30,1
31,1
32,1
33,0
34,1
35,0
36,0
37,1
38,1
39,1
40,1
41,0
42,0
43,0
44,0
45,0
46,1
47,0
48,2
49,0
50,2
51,2
52,1
53,0
54,1
55,1
56,0
57,0
58,1
59,2
60,1
61,1
62,2
63,0
64,2
65,1
66,1
67,1
68,1
69,2
70,1
71,2
72,1
73,2
74,1
75,2
76,0
77,2
78,2
79,2
80,1
81,0
82,1
83,0
84,1
85,0
86,1
87,0
88,2
89,0
90,1
91,0
92,1
93,2
94,1
95,2
96,1
97,2
98,0
99,2
100,1
101,0
102,0
103,0
104,1
105,0
106,1
107,0
108,1
109,1
110,1
111,1
112,1
113,0
114,1
115,0
116,1
117,0
118,0
119,2
120,0
121,0
122,1
123,1
124,1
125,2
126,1
127,2
128,0
129,1
130,1
131,2
132,2
133,0
134,1
135,0
136,2
137,1
138,2
139,1
140,2
141,1
142,2
143,2
144,0
145,1
146,0
147,0
148,2
149,2
150,0
151,1
152,2
153,0
154,1
155,1
156,0
157,2
158,0
159,0
160,1
161,0
162,1
163,0
164,2
165,2
166,1
167,2
168,0
169,0
170,1
171,0
172,1
173,0
174,0
175,0
176,2
177,0
178,2
179,0
180,2
181,0
182,2
183,2
184,2
185,2
186,2
187,2
188,2
189,1
190,2
191,0
192,2
193,0
194,2
195,1
196,1
197,0
198,1
199,1
200,1
201,1
202,1
203,2
204,0
205,1
206,1
207,2
208,2
209,2
210,2
211,2
212,1
213,1
214,1
215,1
216,1
217,2
218,1
219,0
220,1
221,0
222,1
223,0
224,1
225,0
226,1
227,0
228,1
229,0
230,2
231,2
232,1
233,0
234,1
235,0
236,1
237,0
238,0
239,0
240,2
241,0
242,2
243,2
244,0
245,1
246,1
247,2
248,1
249,0
250,2
251,1
252,2
253,2
254,1
255,2
256,0
257,1
258,0
259,2
260,2
261,2
262,1
263,2
264,1
265,1
266,1
267,2
268,1
269,2
270,0
271,2
272,0
273,0
274,2
275,1
276,0
277,2
278,1
279,1
280,0
281,0
282,2
283,2
284,1
285,1
286,2
287,0
288,2
289,1
290,1
291,2
292,2
293,0
294,1
295,1
296,1
297,0
298,1
299,1
300,1
301,1
302,2
303,2
304,1
305,2
306,2
307,2
308,2
309,0
310,2
311,2
312,2
313,0
314,2
315,0
316,1
317,1
318,2
319,0
320,2
321,2
322,2
323,2
324,0
325,2
326,1
327,2
328,1
329,2
330,1
331,0
332,1
333,1
334,1
335,0
336,1
337,0
338,2
339,0
340,1
341,1
342,1
343,1
344,1
345,1
346,0
347,1
348,2
349,1
350,1
351,1
352,2
353,1
354,2
355,1
356,2
357,1
358,1
359,1
360,2
361,1
362,2
363,1
364,2
365,1
366,2
367,1
368,2
369,1
370,2
371,1
372,1
373,1
374,2
375,1
376,2
377,1
378,2
379,1
380,1
381,2
382,2
383,2
384,2
385,2
386,1
387,2
388,2
389,1
390,2
391,1
392,2
393,0
394,2
395,1
396,2
397,1
398,2
399,2
400,2
401,0
402,2
403,1
404,2
405,0
406,2
407,1
408,2
409,1
410,2
411,1
412,2
413,2
414,2
415,1
416,2
417,1
418,2
419,1
420,2
421,0
422,2
423,1
424,2
425,1
426,2
427,1
428,0
429,2
430,2
431,0
432,1
433,0
434,1
435,2
436,1
437,2
438,2
439,2
440,2
441,0
442,1
443,2
444,1
445,2
446,2
447,0
448,2
449,2
450,2
451,0
452,2
453,2
454,2
455,0
456,2
457,2
458,1
459,2
460,2
461,1
462,2
463,2
464,2
465,1
466,1
467,2
468,1
469,2
470,2
471,2
472,2
473,2
474,0
475,2
476,2
477,2
478,2
479,2
480,2
481,1
482,2
483,2
484,2
485,0
486,2
487,1
488,2
489,2
490,2
491,1
492,2
493,1
494,2
495,2
496,2
497,2
498,2
499,1
500,2
501,2
502,0
503,1
504,2
505,2
506,1
507,2
508,1
509,2
510,2
511,2
512,1
513,2
514,1
515,2
516,2
517,1
518,2
519,1
520,2
521,1
522,2
523,1
524,2
525,1
526,2
527,1
528,2
529,2
530,2
531,1
532,2
533,1
534,2
535,1
536,2
537,2
538,2
539,2
540,2
541,1
542,2
543,2
544,2
545,1
546,2
547,1
548,2
549,1
550,2
551,2
552,2
553,1
554,2
555,2
556,2
557,2
558,1
559,2
560,0
561,2
562,0
563,2
564,1
565,2
566,1
567,2
568,2
569,2
570,0
571,2
572,0
573,2
574,1
575,2
576,0
577,2
578,0
579,2
580,1
581,2
582,0
583,2
584,0
585,2
586,0
587,2
588,0
589,2
590,0
591,2
592,0
593,1
594,0
595,1
596,0
597,2
598,2
599,0
600,0
601,0
602,1
603,0
604,0
605,0
606,2
607,1
608,0
609,0
610,1
611,0
612,1
613,0
614,1
615,0
616,2
617,0
618,0
619,1
620,1
621,0
622,2
623,1
624,1
625,0
626,1
627,0
628,0
629,1
630,2
631,0
632,1
633,0
634,2
635,0
636,2
637,0
638,2
639,0
640,2
641,2
642,2
643,1
644,2
645,0
646,2
647,0
648,2
649,1
650,2
651,1
652,0
653,1
654,1
655,2
656,0
657,2
658,0
659,0
660,0
661,2
662,0
663,2
664,2
665,0
666,2
667,0
668,2
669,0
670,2
671,0
672,1
673,0
674,2
675,0
676,2
677,0
678,2
679,0
680,2
681,1
682,2
683,0
684,2
685,0
686,1
687,0
688,2
689,0
690,2
691,1
692,1
693,0
694,1
695,0
696,1
697,1
698,2
699,1
700,2
701,0
702,2
703,0
704,2
705,0
706,2
707,2
708,0
709,2
710,0
711,0
712,0
713,2
714,0
715,2
716,0
717,2
718,2
719,2
720,0
721,2
722,2
723,2
724,1
725,2
726,0
727,2
728,1
729,2
730,2
731,2
732,1
733,2
734,0
735,1
736,2
737,2
738,2
739,2
740,2
741,2
742,1
743,2
744,1
745,2
746,0
747,2
748,0
749,2
750,1
751,1
752,0
753,1
754,0
755,1
756,1
757,2
758,0
759,2
760,0
761,2
762,0
763,0
764,0
765,2
766,2
767,2
768,0
769,2
770,0
771,2
772,0
773,2
774,0
775,2
776,0
777,2
778,2
779,1
780,0
781,2
782,0
783,2
784,0
785,2
786,1
787,2
788,0
789,2
790,1
791,2
792,2
793,2
794,0
795,2
796,2
797,2
798,1
799,1
800,0
801,2
802,0
803,0
804,2
805,0
806,2
807,0
808,2
809,0
810,2
811,0
812,0
813,0
814,0
815,2
816,0
817,2
818,2
819,2
820,2
821,2
822,0
823,1
824,0
825,1
826,0
827,2
828,0
829,2
830,0
831,2
832,1
833,2
834,0
835,2
836,0
837,2
838,0
839,2
840,0
841,2
842,0
843,2
844,0
845,2
846,1
847,2
848,0
849,0
850,0
851,2
852,0
853,2
854,0
855,2
856,0
857,2
858,0
859,2
860,0
861,2
862,2
863,2
864,1
865,2
866,2
867,1
868,2
869,1
870,2
871,2
872,2
873,2
874,0
875,2
876,2
877,2
878,2
879,2
880,2
881,1
882,2
883,2
884,2
885,2
886,1
887,2
888,1
889,2
890,1
891,2
892,1
893,2
894,1
895,2
896,1
897,2
898,2
899,2
900,2
901,2
902,1
903,2
904,1
905,2
906,1
907,2
908,2
909,2
910,1
911,2
912,2
913,2
914,2
915,1
916,2
917,1
918,2
919,2
920,1
921,1
922,2
923,2
924,2
925,2
926,1
927,2
928,1
929,0
930,1
931,2
932,1
933,2
934,0
935,2
936,2
937,2
938,2
939,2
940,0
941,2
942,0
943,1
944,0
945,1
946,0
947,2
948,0
949,2
950,0
951,2
952,0
953,2
954,0
955,2
956,1
957,2
958,0
959,0
960,0
961,0
962,1
963,2
964,1
965,1
966,2
967,2
968,2
969,2
970,0
971,1
972,0
973,0
974,0
975,0
976,0
977,1
978,0
979,2
980,0
981,2
982,0
983,2
984,0
985,2
986,0
987,2
988,0
989,0
990,0
991,2
992,0
993,2
994,0
995,2
996,0
997,2
998,2
999,2
1000,2
1001,2
1002,2
1003,2
1004,0
1005,2
1006,0
1007,2
1008,2
1009,2
1010,0
1011,2
1012,1
1013,2
1014,2
1015,2
1016,1
1017,2
1018,0
1019,2
1020,0
1021,0
1022,0
1023,2
1024,0
1025,2
1026,1
1027,2
1028,0
1029,2
1030,0
1031,2
1032,0
1033,2
1034,2
1035,2
1036,0
1037,2
1038,0
1039,2
1040,0
1041,0
1042,2
1043,0
1044,0
1045,0
1046,0
1047,1
1048,1
1049,1
1050,1
1051,0
1052,0
1053,1
1054,1
1055,0
1056,2
1057,0
1058,0
1059,2
1060,0
1061,1
1062,0
1063,0
1064,0
1065,1
1066,0
1067,1
1068,2
1069,1
1070,1
1071,2
1072,1
1073,2
1074,0
1075,1
1076,1
1077,1
1078,0
1079,0
1080,0
1081,1
1082,1
1083,0
1084,2
1085,1
1086,1
1087,0
1088,0
1089,1
1090,1
1091,0
1092,2
1093,2
1094,1
1095,1
1096,1
1097,1
1098,2
1099,1
1100,2
1101,2
1102,1
1103,1
1104,2
1105,1
1106,2
1107,1
1108,1
1109,1
1110,2
1111,1
1112,2
1113,1
1114,2
1115,2
1116,1
1117,2
1118,2
1119,2
1120,0
1121,0
1122,2
1123,1
1124,2
1125,2
1126,0
1127,0
1128,1
1129,0
1130,0
1131,2
1132,1
1133,2
1134,1
1135,1
1136,0
1137,2
1138,0
1139,2
1140,0
1141,2
1142,2
1143,0
1144,1
1145,0
1146,2
1147,2
1148,2
1149,0
1150,2
1151,0
1152,2
1153,2
1154,2
1155,0
1156,2
1157,2
1158,2
1159,2
1160,1
1161,0
1162,2
1163,1
1164,2
1165,1
1166,2
1167,0
1168,2
1169,0
1170,2
1171,2
1172,2
1173,2
1174,2
1175,2
1176,2
1177,2
1178,2
1179,2
1180,2
1181,1
1182,1
1183,2
1184,2
1185,0
1186,1
1187,0
1188,2
1189,0
1190,2
1191,0
1192,2
1193,2
1194,2
1195,0
1196,1
1197,2
1198,1
1199,2
1200,2
1201,2
1202,2
1203,2
1204,2
1205,0
1206,1
1207,2
1208,2
1209,2
1210,2
1211,1
1212,2
1213,2
1214,1
1215,1
1216,2
1217,1
1218,1
1219,2
1220,2
1221,0
1222,2
1223,2
1224,1
1225,2
1226,2
1227,2
1228,1
1229,2
1230,1
1231,1
1232,1
1233,1
1234,0
1235,2
1236,0
1237,2
1238,2
1239,2
1240,0
1241,0
1242,2
1243,2
1244,2
1245,2
1246,2
1247,1
1248,2
1249,0
1250,2
1251,0
1252,1
1253,0
1254,1
1255,1
1256,2
1257,1
1258,2
1259,2
1260,0
1261,1
1262,2
1263,0
1264,2
1265,0
1266,2
1267,0
1268,2
1269,0
1270,2
1271,0
1272,2
1273,0
1274,0
1275,2
1276,0
1277,1
1278,0
1279,2
1280,0
1281,1
1282,0
1283,2
1284,0
1285,1
1286,1
1287,2
1288,0
1289,0
1290,0
1291,2
1292,0
1293,0
1294,0
1295,0
1296,0
1297,2
1298,0
1299,0
1300,0
1301,2
1302,1
1303,2
1304,0
1305,2
1306,1
1307,0
1308,0
1309,2
1310,0
1311,2
1312,0
1313,0
1314,1
1315,0
1316,1
1317,0
1318,2
1319,1
1320,2
1321,0
1322,0
1323,2
1324,1
1325,1
1326,1
1327,1
1328,0
1329,2
1330,2
1331,2
1332,2
1333,2
1334,0
1335,0
1336,0
1337,2
1338,0
1339,0
1340,2
1341,0
1342,1
1343,1
1344,1
1345,0
1346,1
1347,0
1348,0
1349,0
1350,2
1351,0
1352,1
1353,0
1354,0
1355,0
1356,1
1357,0
1358,1
1359,1
1360,1
1361,1
1362,0
1363,2
1364,0
1365,0
1366,1
1367,0
1368,1
1369,2
1370,0
1371,1
1372,0
1373,0
1374,2
1375,2
1376,2
1377,0
1378,1
1379,0
1380,1
1381,0
1382,2
1383,0
1384,1
1385,0
1386,0
1387,0
1388,2
1389,1
1390,1
1391,0
1392,2
1393,2
1394,1
1395,2
1396,1
1397,1
1398,1
1399,1
1400,0
1401,0
1402,0
1403,0
1404,2
1405,0
1406,0
1407,0
1408,1
1409,0
1410,1
1411,2
1412,0
1413,0
1414,0
1415,0
1416,1
1417,1
1418,1
1419,2
1420,0
1421,0
1422,0
1423,0
1424,0
1425,0
1426,1
1427,0
1428,1
1429,1
1430,1
1431,0
1432,1
1433,0
1434,1
1435,0
1436,1
1437,2
1438,1
1439,0
1440,0
1441,0
1442,1
1443,0
1444,2
1445,1
1446,2
1447,0
1448,0
1449,0
1450,0
1451,0
1452,1
1453,1
1454,2
1455,0
1456,0
1457,1
1458,0
1459,1
1460,0
1461,0
1462,0
1463,1
1464,2
1465,1
1466,1
1467,1
1468,1
1469,1
1470,1
1471,0
1472,2
1473,1
1474,2
1475,2
1476,1
1477,1
1478,0
1479,1
1480,2
1481,2
1482,0
1483,2
1484,0
1485,2
1486,1
1487,1
1488,0
1489,2
1490,0
1491,1
1492,0
1493,1
1494,1
1495,2
1496,0
1497,1
1498,0
1499,1
1500,1
1501,2
1502,1
1503,1
1504,0
1505,2
1506,1
1507,1
1508,1
1509,1
1510,0
1511,1
1512,1
1513,0
1514,2
1515,0
1516,1
1517,0
1518,2
1519,0
1520,2
1521,1
1522,1
1523,0
1524,1
1525,1
1526,1
1527,2
1528,1
1529,1
1530,2
1531,1
1532,1
1533,2
1534,1
1535,0
1536,2
1537,2
1538,1
1539,2
1540,1
1541,0
1542,1
1543,2
1544,1
1545,0
1546,1
1547,0
1548,2
1549,1
1550,1
1551,0
1552,0
1553,1
1554,0
1555,0
1556,2
1557,1
1558,0
1559,1
1560,0
1561,1
1562,2
1563,2
1564,2
1565,0
1566,0
1567,1
1568,2
1569,1
1570,0
1571,1
1572,0
1573,1
1574,2
1575,1
1576,1
1577,1
1578,0
1579,1
1580,0
1581,1
1582,0
1583,1
1584,0
1585,1
1586,1
1587,1
1588,0
1589,1
1590,0
1591,1
1592,2
1593,1
1594,1
1595,1
1596,1
1597,1
1598,1
1599,1
1600,2
1601,1
1602,0
1603,1
1604,0
1605,1
1606,0
1607,1
1608,1
1609,1
1610,2
1611,1
1612,0
1613,1
1614,1
1615,1
1616,0
1617,1
1618,0
1619,1
1620,1
1621,0
1622,1
1623,0
1624,0
1625,1
1626,0
1627,2
1628,1
1629,2
1630,1
1631,1
1632,1
1633,1
1634,0
1635,1
1636,0
1637,1
1638,0
1639,0
1640,0
1641,1
1642,0
1643,1
1644,1
1645,1
1646,1
1647,1
1648,1
1649,1
1650,1
1651,1
1652,1
1653,1
1654,1
1655,1
1656,2
1657,1
1658,1
1659,1
1660,0
1661,1
1662,1
1663,1
1664,1
1665,0
1666,0
1667,1
1668,0
1669,0
1670,0
1671,0
1672,1
1673,1
1674,1
1675,1
1676,1
1677,0
1678,1
1679,1
1680,1
1681,1
1682,1
1683,0
1684,1
1685,1
1686,1
1687,1
1688,1
1689,1
1690,0
1691,1
1692,1
1693,1
1694,1
1695,1
1696,2
1697,0
1698,1
1699,1
1700,1
1701,0
1702,0
1703,2
1704,2
1705,2
1706,1
1707,0
1708,0
1709,2
1710,0
1711,2
1712,1
1713,2
1714,0
1715,2
1716,0
1717,2
1718,2
1719,2
1720,2
1721,1
1722,2
1723,1
1724,2
1725,1
1726,2
1727,1
1728,2
1729,1
1730,0
1731,2
1732,0
1733,0
1734,0
1735,0
1736,0
1737,2
1738,1
1739,2
1740,1
1741,0
1742,2
1743,2
1744,1
1745,0
1746,1
1747,2
1748,1
1749,0
1750,0
1751,0
1752,0
1753,2
1754,0
1755,2
1756,2
1757,1
1758,0
1759,1
1760,0
1761,1
1762,0
1763,1
1764,0
1765,1
1766,1
1767,1
1768,0
1769,0
1770,2
1771,0
1772,1
1773,2
1774,2
1775,0
1776,0
1777,0
1778,0
1779,0
1780,2
1781,0
1782,1
1783,1
1784,2
1785,2
1786,2
1787,2
1788,2
1789,0
1790,2
1791,0
1792,0
1793,0
1794,1
1795,0
1796,2
1797,0
1798,2
1799,0
1800,0
1801,2
1802,1
1803,2
1804,1
1805,0
1806,2
1807,0
1808,1
1809,0
1810,0
1811,2
1812,2
1813,2
1814,2
1815,2
1816,1
1817,0
1818,1
1819,1
1820,2
1821,0
1822,2
1823,0
1824,0
1825,1
1826,1
1827,0
1828,0
1829,1
1830,0
1831,1
1832,0
1833,0
1834,0
1835,0
1836,0
1837,0
1838,0
1839,0
1840,0
1841,0
1842,0
1843,0
1844,2
1845,0
1846,0
1847,2
1848,0
1849,1
1850,1
1851,1
1852,0
1853,1
1854,1
1855,0
1856,0
1857,2
1858,0
1859,2
1860,0
1861,2
1862,0
1863,2
1864,2
1865,2
1866,0
1867,2
1868,0
1869,2
1870,1
1871,1
1872,0
1873,2
1874,0
1875,2
1876,1
1877,2
1878,0
1879,2
1880,0
1881,2
1882,2
1883,2
1884,0
1885,2
1886,0
1887,0
1888,0
1889,0
1890,0
1891,0
1892,2
1893,0
1894,2
1895,1
1896,2
1897,1
1898,2
1899,1
1900,0
1901,0
1902,2
1903,2
1904,0
1905,1
1906,0
1907,0
1908,0
1909,1
1910,0
1911,1
1912,0
1913,0
1914,2
1915,0
1916,0
1917,0
1918,0
1919,0
1920,0
1921,0
1922,0
1923,1
1924,1
1925,1
1926,0
1927,1
1928,0
1929,1
1930,0
1931,0
1932,0
1933,2
1934,1
1935,2
1936,1
1937,0
1938,2
1939,0
1940,2
1941,0
1942,1
1943,1
1944,2
1945,0
1946,0
1947,2
1948,1
1949,0
1950,1
1951,2
1952,0
1953,0
1954,0
1955,2
1956,0
1957,0
1958,2
1959,0
1960,0
1961,0
1962,0
1963,0
1964,2
1965,0
1966,0
1967,0
1968,1
1969,0
1970,2
1971,0
1972,2
1973,0
1974,0
1975,2
1976,2
1977,0
1978,1
1979,1
1980,2
1981,1
1982,0
1983,1
1984,0
1985,2
1986,2
1987,2
1988,0
1989,0
1990,1
1991,0
1992,0
1993,1
1994,2
1995,0
1996,0
1997,0
1998,2
1999,0
2000,1
2001,0
2002,1
2003,0
2004,2
2005,2
2006,2
2007,0
2008,2
2009,0
2010,1
2011,0
2012,2
2013,0
2014,2
2015,0
2016,2
2017,0
2018,0
2019,0
2020,0
2021,1
2022,0
2023,0
2024,0
2025,2
2026,0
2027,1
2028,0
2029,2
2030,0
2031,1
2032,0
2033,1
2034,1
2035,2
2036,0
2037,1
2038,0
2039,1
2040,0
2041,0
2042,0
2043,2
2044,0
2045,1
2046,1
2047,0
2048,0
2049,0
2050,0
2051,2
2052,0
2053,1
2054,0
2055,2
2056,2
2057,0
2058,0
2059,0
2060,2
2061,0
2062,1
2063,0
2064,1
2065,0
2066,1
2067,0
2068,2
2069,0
2070,2
2071,0
2072,0
2073,0
2074,2
2075,0
2076,0
2077,0
2078,2
2079,0
2080,0
2081,0
2082,1
2083,0
2084,1
2085,0
2086,1
2087,0
2088,0
2089,0
2090,0
2091,0
2092,1
2093,0
2094,2
2095,0
2096,1
2097,2
2098,0
2099,0
2100,0
2101,0
2102,2
2103,0
2104,2
2105,0
2106,2
2107,2
2108,0
2109,2
2110,2
2111,0
2112,1
2113,2
2114,1
2115,2
2116,0
2117,2
2118,0
2119,0
2120,1
2121,2
2122,0
2123,0
2124,0
2125,0
2126,2
2127,0
2128,1
2129,0
2130,1
2131,1
2132,1
2133,0
2134,2
2135,0
2136,1
2137,1
2138,1
2139,1
2140,0
2141,2
2142,1
2143,2
2144,2
2145,1
2146,2
2147,0
2148,2
2149,2
2150,1
2151,2
2152,2
2153,1
2154,2
2155,1
2156,2
2157,1
2158,2
2159,0
2160,2
2161,2
2162,1
2163,1
2164,1
2165,1
2166,1
2167,1
2168,2
2169,1
2170,1
2171,1
2172,2
2173,1
2174,1
2175,1
2176,1
2177,2
2178,2
2179,1
2180,2
2181,1
2182,1
2183,1
2184,1
2185,1
2186,1
2187,1
2188,1
2189,1
2190,1
2191,1
2192,1
2193,1
2194,1
2195,1
2196,1
2197,1
2198,1
2199,1
2200,1
2201,1
2202,1
2203,1
2204,1
2205,1
2206,1
2207,1
2208,1
2209,1
2210,1
2211,1
2212,2
2213,2
2214,1
2215,1
2216,0
2217,1
2218,2
2219,1
2220,1
2221,1
2222,2
2223,2
2224,1
2225,1
2226,1
2227,1
2228,1
2229,1
2230,1
2231,1
2232,1
2233,1
2234,1
2235,0
2236,0
2237,0
2238,0
2239,1
2240,2
2241,1
2242,1
2243,1
2244,1
2245,1
2246,1
2247,0
2248,0
2249,0
2250,1
2251,0
2252,2
2253,0
2254,0
2255,0
2256,1
2257,1
2258,0
2259,0
2260,0
2261,0
2262,0
2263,1
2264,1
2265,0
2266,0
2267,1
2268,1
2269,2
2270,2
2271,2
2272,2
2273,1
2274,1
2275,0
2276,1
2277,1
2278,1
2279,0
2280,0
2281,1
2282,1
2283,1
2284,0
2285,2
2286,0
2287,0
2288,1
2289,1
2290,1
2291,1
2292,1
2293,1
2294,1
2295,0
2296,1
2297,1
2298,1
2299,1
2300,1
2301,1
2302,0
2303,1
2304,1
2305,0
2306,0
2307,2
2308,2
2309,2
2310,0
2311,2
2312,0
2313,2
2314,2
2315,0
2316,0
2317,2
2318,0
2319,0
2320,2
2321,0
2322,2
2323,2
2324,2
2325,2
2326,2
2327,0
2328,0
2329,0
2330,0
2331,0
2332,0
2333,0
2334,0
2335,2
2336,2
2337,2
2338,1
2339,2
2340,1
2341,2
2342,0
2343,0
2344,0
2345,2
2346,0
2347,0
2348,0
2349,2
2350,2
2351,0
2352,0
2353,2
2354,1
2355,1
2356,2
2357,2
2358,0
2359,0
2360,2
2361,2
2362,0
2363,0
2364,0
2365,1
2366,0
2367,0
2368,2
2369,0
2370,0
2371,2
2372,0
2373,1
2374,1
2375,2
2376,0
2377,0
2378,0
2379,0
2380,0
2381,0
2382,0
2383,2
2384,0
2385,0
2386,2
2387,0
2388,2
2389,0
2390,2
2391,2
2392,0
2393,1
2394,0
2395,0
2396,2
2397,2
2398,0
2399,2
2400,0
2401,0
2402,0
2403,0
2404,0
2405,2
2406,0
2407,0
2408,0
2409,1
2410,0
2411,2
2412,0
2413,0
2414,2
2415,2
2416,2
2417,0
2418,2
2419,2
2420,2
2421,1
2422,0
2423,2
2424,2
2425,2
2426,2
2427,2
2428,2
2429,0
2430,0
2431,2
2432,0
2433,2
2434,2
2435,0
2436,0
2437,2
2438,2
2439,0
2440,0
2441,0
2442,0
2443,0
2444,2
2445,2
2446,2
2447,0
2448,2
2449,0
2450,0
2451,0
2452,0
2453,2
2454,0
2455,2
2456,2
2457,2
2458,0
2459,0
2460,2
2461,2
2462,0
2463,0
2464,0
2465,0
2466,0
2467,2
2468,2
2469,0
2470,0
2471,2
2472,2
2473,2
2474,2
2475,2
2476,2
2477,2
2478,2
2479,2
2480,0
2481,0
2482,0
2483,2
2484,2
2485,2
2486,0
2487,2
2488,1
2489,0
2490,0
2491,0
2492,0
2493,0
2494,0
2495,0
2496,2
2497,0
2498,0
2499,0
2500,0
2501,2
2502,2
2503,1
2504,2
2505,2
2506,2
2507,2
2508,2
2509,0
2510,0
2511,2
2512,2
2513,0
2514,0
2515,0
2516,0
2517,0
2518,0
2519,2
2520,0
2521,0
2522,0
2523,2
2524,0
2525,2
2526,0
2527,0
2528,2
2529,2
2530,0
2531,0
2532,2
2533,0
2534,0
2535,2
2536,0
2537,2
2538,2
2539,0
2540,2
2541,0
2542,2
2543,2
2544,0
2545,2
2546,0
2547,1
2548,0
2549,2
2550,0
2551,0
2552,0
2553,0
2554,2
2555,0
2556,0
2557,0
2558,2
2559,2
2560,0
2561,0
2562,0
2563,2
2564,2
2565,2
2566,2
2567,0
2568,0
2569,2
2570,2
2571,0
2572,2
2573,2
2574,2
2575,2
2576,2
2577,2
2578,2
2579,0
2580,2
2581,0
2582,2
2583,2
2584,2
2585,2
2586,2
2587,2
2588,2
2589,2
2590,2
2591,0
2592,1
2593,0
2594,2
2595,2
2596,2
2597,2
2598,0
2599,2
2600,2
2601,1
2602,2
2603,2
2604,2
2605,0
2606,2
2607,0
2608,2
2609,2
2610,0
2611,0
2612,2
2613,0
2614,2
2615,0
2616,0
2617,0
2618,2
2619,2
2620,0
2621,0
2622,0
2623,2
2624,0
2625,2
2626,2
2627,2
2628,0
2629,2
2630,2
2631,2
2632,2
2633,0
2634,2
2635,2
2636,2
2637,1
2638,2
2639,2
2640,2
2641,2
2642,2
2643,2
2644,2
2645,2
2646,2
2647,2
2648,2
2649,2
2650,0
2651,2
2652,2
2653,2
2654,0
2655,2
2656,0
2657,2
2658,2
2659,0
2660,2
2661,2
2662,2
2663,2
2664,2
2665,0
2666,0
2667,2
2668,2
2669,2
2670,0
2671,2
2672,2
2673,0
2674,0
2675,0
2676,2
2677,2
2678,0
2679,2
2680,2
2681,2
2682,0
2683,0
2684,0
2685,0
2686,2
2687,2
2688,0
2689,2
2690,0
2691,0
2692,2
2693,0
2694,2
2695,2
2696,2
2697,2
2698,2
2699,1
2700,2
2701,2
2702,2
2703,2
2704,2
2705,2
2706,2
2707,2
2708,2
2709,1
2710,2
2711,1
2712,2
2713,0
2714,2
2715,2
2716,0
2717,2
2718,0
2719,0
2720,2
2721,0
2722,2
2723,0
2724,2
2725,2
2726,2
2727,0
2728,0
2729,2
2730,2
2731,2
2732,2
2733,2
2734,2
2735,0
2736,2
2737,0
2738,0
2739,0
2740,2
2741,2
2742,2
2743,2
2744,2
2745,2
2746,0
2747,2
2748,2
2749,2
2750,2
2751,2
2752,0
2753,1
2754,2
2755,2
2756,0
2757,2
2758,0
2759,0
2760,2
2761,2
2762,2
2763,2
2764,2
2765,2
2766,2
2767,2
2768,2
2769,2
2770,2
2771,0
2772,2
2773,2
2774,1
2775,2
2776,0
2777,2
2778,2
2779,2
2780,0
2781,0
2782,2
2783,2
2784,2
2785,2
2786,2
2787,0
2788,2
2789,1
2790,2
2791,2
2792,0
2793,2
2794,2
2795,2
2796,2
2797,2
2798,0
2799,2
2800,2
2801,2
2802,2
2803,2
2804,2
2805,2
2806,0
2807,2
2808,0
2809,0
2810,0
2811,0
2812,2
2813,2
2814,0
2815,0
2816,2
2817,0
2818,0
2819,0
2820,0
2821,0
2822,0
2823,1
2824,0
2825,0
2826,2
2827,2
2828,0
2829,0
2830,2
2831,0
2832,0
2833,0
2834,0
2835,0
2836,2
2837,0
2838,2
2839,2
2840,0
2841,2
2842,0
2843,2
2844,2
2845,2
2846,0
2847,2
2848,2
2849,0
2850,2
2851,2
2852,0
2853,2
2854,0
2855,2
2856,2
2857,2
2858,2
2859,2
2860,0
2861,2
2862,2
2863,0
2864,0
2865,2
2866,0
2867,2
2868,0
2869,2
2870,2
2871,0
2872,2
2873,2
2874,0
2875,2
2876,0
2877,0
2878,2
2879,0
2880,2
2881,0
2882,1
2883,2
2884,2
2885,2
2886,2
2887,2
2888,2
2889,0
2890,2
2891,1
2892,2
2893,0
2894,2
2895,0
2896,2
2897,0
2898,2
2899,2
2900,0
2901,2
2902,0
2903,0
2904,0
2905,0
2906,2
2907,2
2908,2
2909,2
2910,2
2911,2
2912,2
2913,2
2914,2
2915,0
2916,0
2917,0
2918,2
2919,2
2920,2
2921,2
2922,0
2923,0
2924,0
2925,2
2926,0
2927,2
2928,0
2929,2
2930,0
2931,0
2932,2
2933,0
2934,0
2935,1
2936,0
2937,0
2938,2
2939,2
2940,2
2941,2
2942,2
2943,2
2944,2
2945,2
2946,0
2947,2
2948,0
2949,0
2950,0
2951,2
2952,2
2953,2
2954,2
2955,2
2956,0
2957,2
2958,2
2959,2
2960,2
2961,0
2962,2
2963,2
2964,2
2965,2
2966,2
2967,2
2968,2
2969,0
2970,2
2971,2
2972,2
2973,0
2974,2
2975,0
2976,0
2977,2
2978,2
2979,0
2980,2
2981,2
2982,2
2983,2
2984,2
2985,1
2986,2
2987,2
2988,2
2989,2
2990,0
2991,2
2992,0
2993,2
2994,2
2995,0
2996,0
2997,2
2998,2
2999,2
3000,0
3001,0
3002,2
3003,1
3004,2
3005,2
3006,2
3007,2
3008,2
3009,2
3010,0
3011,2
3012,0
3013,2
3014,2
3015,0
3016,0
3017,2
3018,1
3019,2
3020,2
3021,2
3022,2
3023,0
3024,2
3025,2
3026,1
3027,2
3028,0
3029,0
3030,2
3031,0
3032,0
3033,2
3034,2
3035,0
3036,2
3037,2
3038,0
3039,2
3040,2
3041,2
3042,0
3043,1
3044,0
3045,2
3046,0
3047,2
3048,0
3049,2
3050,2
3051,1
3052,2
3053,0
3054,0
3055,0
3056,0
3057,2
3058,2
3059,2
3060,2
3061,2
3062,2
3063,0
3064,2
3065,2
3066,2
3067,2
3068,2
3069,0
3070,2
3071,2
3072,0
3073,0
3074,2
3075,0
3076,2
3077,2
3078,2
3079,0
3080,2
3081,1
3082,0
3083,0
3084,2
3085,2
3086,2
3087,2
3088,0
3089,2
3090,2
3091,2
3092,2
3093,2
3094,0
3095,0
3096,2
3097,2
3098,2
3099,2
3100,2
3101,0
3102,2
3103,2
3104,2
3105,2
3106,0
3107,2
3108,2
3109,2
3110,0
3111,2
3112,2
3113,2
3114,2
3115,0
3116,2
3117,0
3118,0
3119,2
3120,2
3121,2
3122,0
3123,2
3124,2
3125,0
3126,0
3127,0
3128,0
3129,2
3130,0
3131,2
3132,0
3133,2
3134,0
3135,2
3136,0
3137,2
3138,2
3139,0
3140,2
3141,2
3142,0
3143,2
3144,2
3145,0
3146,0
3147,2
3148,2
3149,2
3150,0
3151,2
3152,2
3153,2
3154,0
3155,2
3156,0
3157,0
3158,1
3159,2
3160,2
3161,0
3162,0
3163,2
3164,2
3165,2
3166,0
3167,2
3168,0
3169,0
3170,0
3171,2
3172,2
3173,2
3174,2
3175,2
3176,0
3177,2
3178,2
3179,2
3180,0
3181,2
3182,2
3183,2
3184,2
3185,2
3186,2
3187,2
3188,2
3189,2
3190,1
3191,0
3192,2
3193,2
3194,2
3195,2
3196,2
3197,0
3198,2
3199,2
3200,2
3201,2
3202,0
3203,2
3204,2
3205,0
3206,0
3207,2
3208,2
3209,2
3210,2
3211,2
3212,2
3213,2
3214,2
3215,2
3216,0
3217,2
3218,0
3219,0
3220,0
3221,2
3222,0
3223,0
3224,0
3225,0
3226,0
3227,0
3228,0
3229,0
3230,0
3231,0
3232,0
3233,0
3234,0
3235,0
3236,0
3237,0
3238,0
3239,0
3240,0
3241,0
3242,0
3243,0
3244,0
3245,0
3246,0
3247,0
3248,0
3249,0
3250,0
3251,0
3252,0
3253,0
3254,0
3255,0
3256,0
3257,0
3258,0
3259,0
3260,0
3261,0
3262,0
3263,0
3264,0
3265,0
3266,0
3267,0
3268,0
3269,0
3270,0
3271,0
3272,0
3273,0
3274,0
3275,0
3276,0
3277,0
3278,0
3279,0
3280,0
3281,0
3282,0
3283,1
3284,0
3285,0
3286,0
3287,0
3288,0
3289,0
3290,0
3291,0
3292,0
3293,0
3294,0
3295,0
3296,0
3297,0
3298,0
3299,0
3300,0
3301,0
3302,0
3303,0
3304,0
3305,0
3306,0
3307,0
3308,0
3309,0
3310,0
3311,1
3312,0
3313,0
3314,0
3315,0
3316,0
3317,0
3318,0
3319,0
3320,0
3321,0
3322,0
3323,0
3324,2
3325,0
3326,0
3327,0
3328,0
3329,2
3330,0
3331,0
3332,0
3333,0
3334,0
3335,0
3336,0
3337,0
3338,0
3339,0
3340,0
3341,0
3342,0
3343,0
3344,0
3345,0
3346,0
3347,0
3348,0
3349,0
3350,0
3351,0
3352,2
3353,0
3354,0
3355,0
3356,0
3357,0
3358,0
3359,0
3360,0
3361,0
3362,0
3363,0
3364,0
3365,0
3366,0
3367,0
3368,0
3369,0
3370,0
3371,0
3372,0
3373,0
3374,0
3375,0
3376,0
3377,0
3378,0
3379,0
3380,0
3381,0
3382,0
3383,0
3384,0
3385,0
3386,0
3387,0
3388,0
3389,0
3390,0
3391,0
3392,0
3393,0
3394,0
3395,0
3396,0
3397,0
3398,0
3399,0
3400,0
3401,2
3402,0
3403,0
3404,0
3405,0
3406,0
3407,0
3408,0
3409,2
3410,0
3411,0
3412,0
3413,0
3414,0
3415,0
3416,0
3417,0
3418,0
3419,0
3420,0
3421,2
3422,0
3423,0
3424,0
3425,2
3426,0
3427,0
3428,0
3429,0
3430,0
3431,0
3432,0
3433,0
3434,0
3435,0
3436,0
3437,0
3438,0
3439,0
3440,0
3441,0
3442,0
3443,0
3444,0
3445,0
3446,0
3447,0
3448,0
3449,0
3450,0
3451,0
3452,0
3453,0
3454,0
3455,0
3456,0
3457,0
3458,0
3459,0
3460,0
3461,0
3462,0
3463,0
3464,0
3465,0
3466,2
3467,0
3468,0
3469,0
3470,0
3471,0
3472,0
3473,0
3474,0
3475,0
3476,0
3477,0
3478,0
3479,0
3480,0
3481,0
3482,0
3483,0
3484,0
3485,0
3486,0
3487,0
3488,2
3489,0
3490,0
3491,2
3492,2
3493,2
3494,0
3495,0
3496,0
3497,0
3498,0
3499,0
3500,0
3501,0
3502,0
3503,0
3504,0
3505,0
3506,0
3507,0
3508,0
3509,0
3510,0
3511,0
3512,0
3513,0
3514,0
3515,0
3516,0
3517,0
3518,0
3519,0
3520,2
3521,0
3522,0
3523,0
3524,0
3525,0
3526,0
3527,2
3528,2
3529,0
3530,0
3531,0
3532,0
3533,0
3534,2
3535,1
3536,0
3537,0
3538,2
3539,2
3540,0
3541,0
3542,0
3543,0
3544,2
3545,2
3546,0
3547,0
3548,0
3549,2
3550,0
3551,1
3552,0
3553,0
3554,0
3555,2
3556,2
3557,0
3558,0
3559,2
3560,0
3561,0
3562,0
3563,0
3564,2
3565,1
3566,1
3567,0
3568,0
3569,0
3570,0
3571,0
3572,0
3573,0
3574,0
3575,0
3576,0
3577,0
3578,0
3579,0
3580,0
3581,0
3582,0
3583,0
3584,0
3585,0
3586,0
3587,0
3588,0
3589,0
3590,0
3591,0
3592,0
3593,0
3594,0
3595,0
3596,0
3597,0
3598,0
3599,0
3600,2
3601,2
3602,2
3603,0
3604,0
3605,2
3606,2
3607,0
3608,2
3609,2
3610,2
3611,0
3612,0
3613,0
3614,0
3615,0
3616,0
3617,0
3618,0
3619,0
3620,0
3621,0
3622,0
3623,0
3624,0
3625,0
3626,0
3627,0
3628,0
3629,0
3630,0
3631,0
3632,0
3633,0
3634,0
3635,0
3636,0
3637,0
3638,0
3639,0
3640,0
3641,0
3642,0
3643,0
3644,0
3645,0
3646,1
3647,0
3648,0
3649,0
3650,0
3651,1
3652,1
3653,0
3654,2
3655,0
3656,1
3657,0
3658,0
3659,0
3660,0
3661,0
3662,0
3663,0
3664,0
3665,0
3666,0
3667,1
3668,0
3669,0
3670,0
3671,2
3672,0
3673,0
3674,0
3675,0
3676,0
3677,0
3678,0
3679,0
3680,0
3681,0
3682,0
3683,0
3684,0
3685,0
3686,2
3687,2
3688,0
3689,0
3690,0
3691,2
3692,0
3693,2
3694,1
3695,2
3696,0
3697,0
3698,2
3699,0
3700,0
3701,0
3702,0
3703,0
3704,2
3705,0
3706,0
3707,0
3708,2
3709,0
3710,2
3711,2
3712,0
3713,0
3714,0
3715,2
3716,0
3717,0
3718,0
3719,0
3720,0
3721,0
3722,0
3723,0
3724,2
3725,0
3726,0
3727,0
3728,0
3729,0
3730,0
3731,0
3732,0
3733,0
3734,0
3735,2
3736,0
3737,2
3738,0
3739,0
3740,2
3741,0
3742,0
3743,2
3744,0
3745,0
3746,0
3747,0
3748,0
3749,0
3750,0
3751,0
3752,0
3753,0
3754,0
3755,0
3756,0
3757,0
3758,0
3759,0
3760,0
3761,0
3762,0
3763,0
3764,0
3765,0
3766,0
3767,0
3768,0
3769,0
3770,0
3771,0
3772,0
3773,0
3774,0
3775,0
3776,0
3777,0
3778,0
3779,0
3780,0
3781,0
3782,0
3783,0
3784,0
3785,0
3786,0
3787,0
3788,0
3789,0
3790,0
3791,0
3792,0
3793,2
3794,0
3795,0
3796,0
3797,0
3798,0
3799,0
3800,0
3801,0
3802,2
3803,0
3804,0
3805,0
3806,0
3807,0
3808,0
3809,0
3810,0
3811,0
3812,0
3813,2
3814,0
3815,0
3816,0
3817,0
3818,0
3819,0
3820,1
3821,1
3822,1
3823,1
3824,1
3825,1
3826,0
3827,1
3828,1
3829,1
3830,1
3831,1
3832,1
3833,0
3834,1
3835,1
3836,1
3837,1
3838,1
3839,1
3840,1
3841,1
3842,1
3843,1
3844,1
3845,1
3846,1
3847,1
3848,1
3849,1
3850,1
3851,1
3852,1
3853,1
3854,1
3855,1
3856,1
3857,1
3858,1
3859,1
3860,1
3861,1
3862,1
3863,1
3864,1
3865,1
3866,1
3867,1
3868,1
3869,1
3870,1
3871,1
3872,1
3873,1
3874,1
3875,1
3876,1
3877,1
3878,1
3879,1
3880,2
3881,1
3882,1
3883,1
3884,1
3885,1
3886,1
3887,1
3888,1
3889,1
3890,1
3891,1
3892,1
3893,0
3894,1
3895,1
3896,1
3897,1
3898,1
3899,1
3900,1
3901,1
3902,1
3903,1
3904,1
3905,1
3906,1
3907,1
3908,1
3909,1
3910,2
3911,1
3912,1
3913,1
3914,1
3915,1
3916,1
3917,1
3918,1
3919,1
3920,1
3921,1
3922,1
3923,1
3924,1
3925,1
3926,1
3927,1
3928,1
3929,1
3930,1
3931,1
3932,1
3933,1
3934,1
3935,1
3936,1
3937,1
3938,1
3939,0
3940,1
3941,1
3942,1
3943,1
3944,1
3945,1
3946,1
3947,1
3948,1
3949,1
3950,1
3951,1
3952,1
3953,1
3954,1
3955,1
3956,1
3957,1
3958,1
3959,1
3960,1
3961,1
3962,1
3963,0
3964,1
3965,2
3966,1
3967,1
3968,1
3969,1
3970,1
3971,1
3972,1
3973,1
3974,1
3975,0
3976,1
3977,1
3978,1
3979,0
3980,1
3981,1
3982,0
3983,1
3984,1
3985,1
3986,1
3987,1
3988,0
3989,1
3990,1
3991,1
3992,1
3993,1
3994,1
3995,1
3996,1
3997,1
3998,1
3999,0
4000,1
4001,0
4002,1
4003,1
4004,1
4005,1
4006,0
4007,1
4008,0
4009,0
4010,0
4011,2
4012,1
4013,1
4014,1
4015,1
4016,1
4017,1
4018,1
4019,1
4020,1
4021,1
4022,1
4023,1
4024,1
4025,1
4026,1
4027,2
4028,1
4029,1
4030,1
4031,1
4032,1
4033,1
4034,1
4035,1
4036,1
4037,1
4038,1
4039,1
4040,1
4041,1
4042,1
4043,1
4044,1
4045,1
4046,1
4047,1
4048,1
4049,2
4050,1
4051,1
4052,1
4053,1
4054,1
4055,1
4056,1
4057,1
4058,1
4059,1
4060,1
4061,1
4062,1
4063,1
4064,1
4065,1
4066,1
4067,1
4068,1
4069,1
4070,1
4071,1
4072,1
4073,1
4074,1
4075,1
4076,1
4077,1
4078,1
4079,1
4080,1
4081,1
4082,1
4083,1
4084,1
4085,1
4086,1
4087,1
4088,1
4089,1
4090,1
4091,1
4092,1
4093,1
4094,1
4095,1
4096,1
4097,1
4098,1
4099,1
4100,1
4101,1
4102,1
4103,1
4104,1
4105,1
4106,1
4107,1
4108,1
4109,1
4110,1
4111,1
4112,1
4113,1
4114,1
4115,1
4116,1
4117,1
4118,1
4119,1
4120,1
4121,1
4122,1
4123,1
4124,1
4125,1
4126,1
4127,1
4128,1
4129,1
4130,1
4131,1
4132,0
4133,1
4134,1
4135,1
4136,0
4137,1
4138,0
4139,1
4140,1
4141,1
4142,1
4143,1
4144,1
4145,1
4146,1
4147,1
4148,1
4149,1
4150,1
4151,1
4152,1
4153,1
4154,1
4155,1
4156,0
4157,1
4158,1
4159,1
4160,2
4161,1
4162,1
4163,1
4164,1
4165,1
4166,1
4167,1
4168,1
4169,1
4170,1
4171,1
4172,1
4173,1
4174,1
4175,1
4176,1
4177,1
4178,1
4179,1
4180,1
4181,1
4182,1
4183,1
4184,1
4185,1
4186,1
4187,1
4188,1
4189,1
4190,1
4191,1
4192,1
4193,1
4194,1
4195,1
4196,1
4197,1
4198,1
4199,1
4200,1
4201,1
4202,1
4203,1
4204,1
4205,1
4206,1
4207,1
4208,1
4209,1
4210,1
4211,1
4212,1
4213,1
4214,1
4215,1
4216,1
4217,1
4218,1
4219,1
4220,1
4221,1
4222,1
4223,1
4224,1
4225,1
4226,1
4227,1
4228,1
4229,1
4230,1
4231,1
4232,1
4233,1
4234,1
4235,1
4236,1
4237,1
4238,1
4239,1
4240,1
4241,1
4242,1
4243,1
4244,1
4245,1
4246,1
4247,1
4248,1
4249,1
4250,1
4251,1
4252,1
4253,1
4254,1
4255,1
4256,1
4257,1
4258,1
4259,1
4260,1
4261,1
4262,1
4263,1
4264,1
4265,1
4266,1
4267,1
4268,1
4269,1
4270,1
4271,1
4272,1
4273,1
4274,1
4275,1
4276,1
4277,1
4278,1
4279,1
4280,1
4281,1
4282,1
4283,1
4284,1
4285,1
4286,1
4287,1
4288,1
4289,1
4290,1
4291,1
4292,1
4293,1
4294,1
4295,1
4296,1
4297,1
4298,1
4299,1
4300,1
4301,1
4302,1
4303,1
4304,1
4305,1
4306,1
4307,1
4308,1
4309,1
4310,1
4311,1
4312,1
4313,1
4314,1
4315,1
4316,2
4317,1
4318,1
4319,1
4320,1
4321,1
4322,1
4323,1
4324,1
4325,1
4326,1
4327,1
4328,1
4329,1
4330,1
4331,1
4332,1
4333,1
4334,1
4335,1
4336,1
4337,2
4338,0
4339,1
4340,1
4341,1
4342,1
4343,1
4344,1
4345,1
4346,1
4347,1
4348,1
4349,1
4350,1
4351,1
4352,1
4353,1
4354,1
4355,1
4356,1
4357,1
4358,1
4359,1
4360,1
4361,1
4362,1
4363,2
4364,1
4365,1
4366,1
4367,1
4368,1
4369,1
4370,1
4371,1
4372,1
4373,1
4374,1
4375,1
4376,1
4377,1
4378,1
4379,1
4380,1
4381,1
4382,1
4383,1
4384,1
4385,1
4386,1
4387,1
4388,1
4389,1
4390,1
4391,1
4392,0
4393,1
4394,0
4395,1
4396,1
4397,1
4398,1
4399,1
4400,1
4401,1
4402,1
4403,1
4404,1
4405,0
4406,1
4407,1
4408,1
4409,1
4410,1
4411,1
4412,1
4413,1
4414,0
4415,1
4416,1
4417,1
4418,1
4419,1
4420,1
4421,1
4422,1
4423,1
4424,1
4425,1
4426,1
4427,1
4428,1
4429,1
4430,1
4431,1
4432,1
4433,1
4434,1
4435,0
4436,1
4437,1
4438,0
4439,1
4440,1
4441,1
4442,1
4443,2
4444,1
4445,1
4446,1
4447,0
4448,1
4449,1
4450,1
4451,1
4452,1
4453,1
4454,1
4455,1
4456,1
4457,1
4458,1
4459,1
4460,1
4461,1
4462,1
4463,1
4464,2
4465,0
4466,1
4467,1
4468,1
4469,1
4470,1
4471,1
4472,1
4473,1
4474,1
4475,1
4476,1
4477,1
4478,1
4479,1
4480,1
4481,1
4482,1
4483,1
4484,1
4485,1
4486,1
4487,1
4488,1
4489,1
4490,1
4491,1
4492,1
4493,1
4494,1
4495,1
4496,1
4497,1
4498,1
4499,1
4500,1
4501,1
4502,1
4503,1
4504,1
4505,1
4506,1
4507,1
4508,1
4509,1
4510,1
4511,0
4512,1
4513,1
4514,1
4515,1
4516,1
4517,1
4518,1
4519,1
4520,1
4521,1
4522,1
4523,1
4524,1
4525,1
4526,1
4527,1
4528,1
4529,1
4530,1
4531,1
4532,1
4533,1
4534,1
4535,0
4536,1
4537,1
4538,1
4539,1
4540,1
4541,1
4542,1
4543,1
4544,1
4545,0
4546,1
4547,1
4548,1
4549,1
4550,1
4551,1
4552,1
4553,1
4554,1
4555,1
4556,1
4557,1
4558,1
4559,1
4560,1
4561,1
4562,1
4563,1
4564,1
4565,1
4566,1
4567,1
4568,1
4569,1
4570,1
4571,1
4572,1
4573,1
4574,1
4575,1
4576,1
4577,1
4578,1
4579,1
4580,1
4581,1
4582,1
4583,1
4584,1
4585,1
4586,1
4587,1
4588,1
4589,1
4590,1
4591,1
4592,1
4593,1
4594,1
4595,1
4596,1
4597,1
4598,1
4599,1
4600,1
4601,1
4602,1
4603,1
4604,1
4605,1
4606,1
4607,1
4608,1
4609,1
4610,1
4611,1
4612,1
4613,1
4614,1
4615,1
4616,1
4617,1
4618,1
4619,1
4620,1
4621,1
4622,1
4623,1
4624,1
4625,1
4626,1
4627,1
4628,1
4629,1
4630,1
4631,1
4632,1
4633,1
4634,1
4635,0
4636,1
4637,1
4638,1
4639,1
4640,1
4641,1
4642,1
4643,1
4644,1
4645,1
4646,1
4647,1
4648,0
4649,1
4650,0
4651,1
4652,1
4653,1
4654,1
4655,1
4656,1
4657,1
4658,1
4659,1
4660,1
4661,2
4662,1
4663,1
4664,1
4665,1
4666,1
4667,1
4668,1
4669,1
4670,1
4671,1
4672,1
4673,1
4674,1
4675,1
4676,1
4677,1
4678,1
4679,1
4680,1
4681,1
4682,1
4683,1
4684,1
4685,1
4686,1
4687,1
4688,1
4689,1
4690,1
4691,1
4692,1
4693,1
4694,1
4695,1
4696,1
4697,1
4698,1
4699,1
4700,1
4701,0
4702,1
4703,1
4704,1
4705,0
4706,0
4707,1
4708,1
4709,1
4710,1
4711,1
4712,1
4713,1
4714,1
4715,1
4716,1
4717,1
4718,1
4719,1
4720,1
4721,1
4722,1
4723,1
4724,1
4725,1
4726,1
4727,1
4728,1
4729,1
4730,1
4731,1
4732,1
4733,1
4734,1
4735,1
4736,1
4737,1
4738,1
4739,1
4740,1
4741,1
4742,0
4743,1
4744,1
4745,1
4746,1
4747,1
4748,1
4749,1
4750,1
4751,1
4752,1
4753,1
4754,1
4755,1
4756,1
4757,1
4758,1
4759,1
4760,1
4761,1
4762,1
4763,1
4764,1
4765,1
4766,1
4767,1
4768,1
4769,1
4770,1
4771,1
4772,1
4773,1
4774,1
4775,1
4776,1
4777,1
4778,1
4779,1
4780,1
4781,1
4782,0
4783,1
4784,1
4785,1
4786,1
4787,1
4788,1
4789,1
4790,1
4791,1
4792,1
4793,1
4794,1
4795,1
4796,1
4797,1
4798,1
4799,1
4800,1
4801,1
4802,1
4803,1
4804,0
4805,1
4806,1
4807,1
4808,1
4809,1
4810,1
4811,1
4812,1
4813,1
4814,1
4815,1
4816,1
4817,1
4818,1
4819,1
4820,1
4821,1
4822,1
4823,1
4824,1
4825,1
4826,1
4827,1
4828,1
4829,1
4830,1
4831,1
4832,1
4833,1
4834,1
4835,0
4836,0
4837,1
4838,1
4839,1
4840,1
4841,1
4842,1
4843,1
4844,1
4845,1
4846,1
4847,1
4848,1
4849,1
4850,1
4851,1
4852,1
4853,1
4854,0
4855,1
4856,1
4857,1
4858,1
4859,1
4860,1
4861,1
4862,1
4863,1
4864,1
4865,1
4866,1
4867,1
4868,1
4869,1
4870,1
4871,1
4872,1
4873,1
4874,1
4875,1
4876,1
4877,1
4878,1
4879,1
4880,1
4881,1
4882,1
4883,1
4884,0
4885,1
4886,1
4887,1
4888,1
4889,1
4890,1
4891,1
4892,1
4893,1
4894,1
4895,1
4896,1
4897,1
4898,0
4899,1
4900,1
4901,1
4902,1
4903,1
4904,1
4905,1
4906,1
4907,1
4908,1
4909,1
4910,1
4911,1
4912,1
4913,1
4914,1
4915,1
4916,1
4917,1
4918,1
4919,1
4920,1
4921,0
4922,1
4923,1
4924,1
4925,1
4926,1
4927,1
4928,1
4929,1
4930,1
4931,1
4932,1
4933,1
4934,1
4935,1
4936,1
4937,1
4938,1
4939,1
4940,1
4941,1
4942,0
4943,1
4944,1
4945,1
4946,1
4947,1
4948,2
4949,2
4950,1
4951,1
4952,1
4953,1
4954,1
4955,1
4956,0
4957,1
4958,1
4959,1
4960,1
4961,1
4962,1
4963,1
4964,1
4965,2
4966,1
4967,1
4968,1
4969,1
4970,1
4971,0
4972,1
4973,1
4974,1
4975,1
4976,1
4977,1
4978,0
4979,1
4980,1
4981,2
4982,1
4983,1
4984,1
4985,1
4986,1
4987,1
4988,1
4989,1
4990,1
4991,1
4992,1
4993,1
4994,1
4995,1
4996,1
4997,1
4998,1
4999,1
5000,1
5001,1
5002,1
5003,1
5004,1
5005,1
5006,1
5007,1
5008,1
5009,1
5010,1
5011,1
5012,1
5013,1
5014,1
5015,1
5016,1
5017,1
5018,1
5019,1
5020,1
5021,1
5022,1
5023,1
5024,1
5025,1
5026,1
5027,1
5028,1
5029,1
5030,1
5031,1
5032,1
5033,1
5034,1
5035,1
5036,1
5037,1
5038,1
5039,1
5040,1
5041,1
5042,2
5043,1
5044,1
5045,1
5046,1
5047,1
5048,1
5049,1
5050,1
5051,1
5052,1
5053,1
5054,1
5055,1
5056,1
5057,1
5058,1
5059,1
5060,1
5061,1
5062,1
5063,1
5064,1
5065,1
5066,1
5067,1
5068,1
5069,1
5070,1
5071,1
5072,0
5073,1
5074,1
5075,0
5076,1
5077,1
5078,1
5079,1
5080,1
5081,1
5082,0
5083,1
5084,1
5085,1
5086,1
5087,0
5088,1
5089,0
5090,1
5091,1
5092,1
5093,1
5094,1
5095,1
5096,1
5097,2
5098,0
5099,1
5100,1
5101,2
5102,1
5103,2
5104,1
5105,1
5106,1
5107,1
5108,1
5109,1
5110,1
5111,1
5112,1
5113,1
5114,1
5115,1
5116,1
5117,1
5118,1
5119,1
5120,1
5121,1
5122,1
5123,1
5124,1
5125,1
5126,1
5127,1
5128,1
5129,1
5130,0
5131,1
5132,1
5133,1
5134,0
5135,2
5136,1
5137,1
5138,0
5139,2
5140,1
5141,1
5142,1
5143,1
5144,1
5145,1
5146,1
5147,1
5148,1
5149,1
5150,1
5151,1
5152,1
5153,1
5154,1
5155,1
5156,1
5157,1
5158,1
5159,1
5160,1
5161,1
5162,1
5163,1
5164,1
5165,2
5166,1
5167,1
5168,1
5169,1
5170,1
5171,1
5172,1
5173,1
5174,1
5175,1
5176,1
5177,1
5178,1
5179,2
5180,1
5181,0
5182,0
5183,1
5184,1
5185,1
5186,1
5187,1
5188,1
5189,2
5190,0
5191,1
5192,1
5193,0
5194,1
5195,1
5196,1
5197,0
5198,1
5199,1
5200,1
5201,2
5202,1
5203,1
5204,1
5205,1
5206,1
5207,1
5208,1
5209,1
5210,1
5211,1
5212,1
5213,1
5214,1
5215,1
5216,1
5217,1
5218,1
5219,1
5220,2
5221,2
5222,1
5223,0
5224,0
5225,1
5226,1
5227,1
5228,1
5229,2
5230,1
5231,1
5232,1
5233,1
5234,1
5235,1
5236,1
5237,1
5238,1
5239,1
5240,1
5241,0
5242,1
5243,0
5244,1
5245,0
5246,0
5247,0
5248,1
5249,0
5250,1
5251,2
5252,2
5253,2
5254,2
5255,0
5256,2
5257,0
5258,2
5259,0
5260,2
5261,0
5262,0
5263,2
5264,2
5265,0
5266,0
5267,2
5268,2
5269,2
5270,0
5271,1
5272,0
5273,0
5274,0
5275,0
5276,0
5277,0
5278,0
5279,2
5280,2
5281,2
5282,0
5283,2
5284,2
5285,2
5286,0
5287,1
5288,0
5289,2
5290,2
5291,0
5292,0
5293,0
5294,0
5295,2
5296,0
5297,0
5298,2
5299,2
5300,2
5301,0
5302,2
5303,2
5304,0
5305,0
5306,0
5307,2
5308,0
5309,2
5310,0
5311,2
5312,2
5313,0
5314,2
5315,0
5316,2
5317,0
5318,2
5319,0
5320,0
5321,2
5322,2
5323,0
5324,0
5325,2
5326,2
5327,0
5328,0
5329,2
5330,0
5331,0
5332,2
5333,0
5334,0
5335,0
5336,2
5337,2
5338,0
5339,2
5340,0
5341,0
5342,0
5343,0
5344,2
5345,0
5346,0
5347,1
5348,0
5349,0
5350,0
5351,0
5352,0
5353,0
5354,2
5355,2
5356,0
5357,2
5358,2
5359,2
5360,0
5361,0
5362,2
5363,2
5364,2
5365,0
5366,2
5367,2
5368,0
5369,1
5370,0
5371,2
5372,0
5373,0
5374,0
5375,2
5376,0
5377,0
5378,2
5379,0
5380,0
5381,2
5382,0
5383,0
5384,2
5385,1
5386,2
5387,2
5388,0
5389,2
5390,0
5391,0
5392,2
5393,2
5394,2
5395,2
5396,2
5397,2
5398,2
5399,0
5400,0
5401,2
5402,2
5403,0
5404,2
5405,0
5406,0
5407,0
5408,2
5409,0
5410,2
5411,2
5412,2
5413,0
5414,2
5415,2
5416,2
5417,2
5418,0
5419,2
5420,0
5421,0
5422,0
5423,0
5424,0
5425,0
5426,0
5427,0
5428,2
5429,2
5430,2
5431,0
5432,0
5433,1
5434,0
5435,0
5436,0
5437,2
5438,0
5439,2
5440,2
5441,2
5442,2
5443,2
5444,0
5445,2
5446,2
5447,0
5448,0
5449,2
5450,2
5451,2
5452,0
5453,0
5454,0
5455,0
5456,2
5457,0
5458,2
5459,0
5460,0
5461,2
5462,2
5463,2
5464,2
5465,0
5466,2
5467,0
5468,0
5469,0
5470,2
5471,0
5472,2
5473,0
5474,0
5475,0
5476,0
5477,0
5478,0
5479,0
5480,2
5481,2
5482,0
5483,2
5484,0
5485,2
5486,2
5487,0
5488,0
5489,0
5490,2
5491,0
5492,2
5493,2
5494,2
5495,0
5496,0
5497,2
5498,2
5499,2
5500,0
5501,0
5502,2
5503,0
5504,0
5505,2
5506,0
5507,0
5508,0
5509,2
5510,2
5511,0
5512,0
5513,2
5514,0
5515,0
5516,2
5517,2
5518,0
5519,0
5520,2
5521,2
5522,0
5523,0
5524,2
5525,0
5526,0
5527,0
5528,0
5529,0
5530,0
5531,0
5532,0
5533,0
5534,0
5535,2
5536,0
5537,2
5538,0
5539,0
5540,2
5541,2
5542,0
5543,0
5544,0
5545,0
5546,0
5547,2
5548,0
5549,0
5550,2
5551,0
5552,0
5553,2
5554,0
5555,0
5556,2
5557,1
5558,2
5559,0
5560,2
5561,2
5562,0
5563,2
5564,0
5565,2
5566,2
5567,2
5568,0
5569,2
5570,0
5571,2
5572,0
5573,2
5574,2
5575,2
5576,2
5577,2
5578,2
5579,0
5580,0
5581,0
5582,0
5583,2
5584,0
5585,2
5586,2
5587,2
5588,0
5589,0
5590,2
5591,2
5592,0
5593,1
5594,2
5595,2
5596,0
5597,0
5598,2
5599,0
5600,0
5601,0
5602,2
5603,0
5604,0
5605,2
5606,2
5607,2
5608,0
5609,2
5610,0
5611,0
5612,2
5613,0
5614,2
5615,2
5616,0
5617,2
5618,2
5619,2
5620,2
5621,0
5622,0
5623,0
5624,0
5625,0
5626,2
5627,0
5628,0
5629,0
5630,0
5631,0
5632,2
5633,0
5634,0
5635,0
5636,0
5637,2
5638,0
5639,0
5640,2
5641,0
5642,0
5643,2
5644,0
5645,0
5646,2
5647,0
5648,2
5649,0
5650,2
5651,0
5652,0
5653,2
5654,2
5655,0
5656,0
5657,0
5658,0
5659,0
5660,0
5661,0
5662,0
5663,0
5664,0
5665,0
5666,2
5667,0
5668,0
5669,0
5670,2
5671,0
5672,2
5673,0
5674,0
5675,2
5676,0
5677,2
5678,0
5679,0
5680,0
5681,2
5682,2
5683,0
5684,2
5685,0
5686,2
5687,2
5688,1
5689,2
5690,0
5691,0
5692,2
5693,0
5694,0
5695,0
5696,2
5697,0
5698,0
5699,0
5700,0
5701,0
5702,0
5703,2
5704,2
5705,0
5706,0
5707,0
5708,0
5709,2
5710,2
5711,0
5712,0
5713,0
5714,2
5715,2
5716,0
5717,2
5718,2
5719,0
5720,2
5721,2
5722,2
5723,0
5724,0
5725,2
5726,2
5727,0
5728,0
5729,2
5730,2
5731,0
5732,2
5733,2
5734,2
5735,2
5736,0
5737,0
5738,0
5739,2
5740,2
5741,0
5742,1
5743,0
5744,0
5745,0
5746,0
5747,2
5748,0
5749,0
5750,0
5751,0
5752,0
5753,2
5754,2
5755,0
5756,0
5757,1
5758,2
5759,2
5760,2
5761,0
5762,0
5763,0
5764,0
5765,2
5766,0
5767,2
5768,2
5769,0
5770,0
5771,2
5772,2
5773,2
5774,1
5775,0
5776,2
5777,2
5778,2
5779,0
5780,0
5781,0
5782,0
5783,2
5784,0
5785,2
5786,0
5787,2
5788,0
5789,2
5790,2
5791,2
5792,2
5793,0
5794,2
5795,2
5796,2
5797,0
5798,0
5799,0
5800,0
5801,2
5802,0
5803,0
5804,0
5805,0
5806,0
5807,2
5808,0
5809,0
5810,0
5811,0
5812,0
5813,0
5814,2
5815,2
5816,1
5817,0
5818,0
5819,0
5820,0
5821,2
5822,2
5823,0
5824,0
5825,0
5826,0
5827,0
5828,0
5829,0
5830,0
5831,0
5832,0
5833,0
5834,2
5835,1
5836,2
5837,0
5838,0
5839,0
5840,0
5841,2
5842,0
5843,0
5844,2
5845,0
5846,2
5847,0
5848,2
5849,0
5850,0
5851,1
5852,1
5853,2
5854,0
5855,0
5856,0
5857,0
5858,0
5859,0
5860,0
5861,0
5862,2
5863,0
5864,0
5865,2
5866,1
5867,0
5868,0
5869,0
5870,2
5871,2
5872,2
5873,0
5874,0
5875,0
5876,0
5877,0
5878,2
5879,0
5880,0
5881,0
5882,0
5883,0
5884,0
5885,0
5886,0
5887,0
5888,0
5889,0
5890,2
5891,2
5892,2
5893,0
5894,2
5895,0
5896,2
5897,0
5898,0
5899,0
5900,0
5901,2
5902,0
5903,0
5904,2
5905,0
5906,0
5907,0
5908,0
5909,2
5910,0
5911,0
5912,0
5913,0
5914,2
5915,0
5916,0
5917,0
5918,2
5919,2
5920,0
5921,2
5922,2
5923,0
5924,0
5925,2
5926,2
5927,1
5928,1
5929,0
5930,0
5931,0
5932,0
5933,2
5934,2
5935,2
5936,2
5937,2
5938,2
5939,2
5940,2
5941,2
5942,0
5943,0
5944,2
5945,2
5946,2
5947,0
5948,0
5949,2
5950,2
5951,2
5952,2
5953,0
5954,1
5955,2
5956,1
5957,2
5958,2
5959,2
5960,2
5961,0
5962,2
5963,2
5964,0
5965,2
5966,2
5967,2
5968,2
5969,2
5970,2
5971,2
5972,2
5973,0
5974,0
5975,2
5976,2
5977,2
5978,2
5979,0
5980,2
5981,2
5982,2
5983,2
5984,0
5985,0
5986,0
5987,2
5988,0
5989,0
5990,0
5991,2
5992,0
5993,0
5994,0
5995,0
5996,0
5997,2
5998,2
5999,2
6000,0
6001,0
6002,0
6003,2
6004,2
6005,2
6006,2
6007,0
6008,2
6009,0
6010,2
6011,0
6012,0
6013,2
6014,0
6015,2
6016,2
6017,2
6018,2
6019,0
6020,2
6021,2
6022,2
6023,0
6024,0
6025,0
6026,0
6027,2
6028,2
6029,2
6030,2
6031,0
6032,0
6033,2
6034,0
6035,2
6036,1
6037,2
6038,1
6039,1
6040,1
6041,2
6042,0
6043,2
6044,2
6045,0
6046,0
6047,0
6048,2
6049,0
6050,2
6051,2
6052,2
6053,2
6054,2
6055,0
6056,0
6057,0
6058,0
6059,0
6060,2
6061,0
6062,2
6063,2
6064,2
6065,0
6066,2
6067,2
6068,2
6069,2
6070,2
6071,2
6072,2
6073,0
6074,0
6075,1
6076,2
6077,2
6078,0
6079,0
6080,0
6081,2
6082,2
6083,0
6084,2
6085,1
6086,2
6087,0
6088,2
6089,2
6090,2
6091,2
6092,2
6093,2
6094,2
6095,0
6096,2
6097,0
6098,0
6099,0
6100,2
6101,2
6102,0
6103,0
6104,2
6105,2
6106,0
6107,0
6108,2
6109,0
6110,0
6111,0
6112,2
6113,2
6114,0
6115,2
6116,2
6117,2
6118,2
6119,2
6120,2
6121,0
6122,0
6123,2
6124,2
6125,0
6126,2
6127,2
6128,0
6129,2
6130,0
6131,2
6132,2
6133,2
6134,0
6135,0
6136,0
6137,0
6138,2
6139,2
6140,0
6141,2
6142,0
6143,2
6144,2
6145,2
6146,2
6147,2
6148,1
6149,0
6150,0
6151,2
6152,0
6153,0
6154,2
6155,0
6156,0
6157,0
6158,0
6159,0
6160,0
6161,0
6162,2
6163,0
6164,0
6165,0
6166,0
6167,0
6168,0
6169,2
6170,0
6171,0
6172,2
6173,0
6174,2
6175,0
6176,0
6177,0
6178,0
6179,2
6180,0
6181,2
6182,0
6183,0
6184,2
6185,1
6186,0
6187,0
6188,2
6189,0
6190,0
6191,1
6192,2
6193,2
6194,2
6195,0
6196,2
6197,0
6198,2
6199,0
6200,2
6201,0
6202,2
6203,2
6204,2
6205,2
6206,2
6207,2
6208,2
6209,2
6210,0
6211,0
6212,2
6213,2
6214,2
6215,2
6216,0
6217,2
6218,0
6219,2
6220,2
6221,2
6222,0
6223,2
6224,2
6225,2
6226,2
6227,2
6228,0
6229,2
6230,0
6231,0
6232,0
6233,0
6234,0
6235,0
6236,0
6237,0
6238,0
6239,2
6240,2
6241,0
6242,2
6243,0
6244,0
6245,2
6246,0
6247,2
6248,0
6249,2
6250,2
6251,0
6252,1
6253,0
6254,0
6255,0
6256,0
6257,2
6258,2
6259,0
6260,0
6261,0
6262,0
6263,0
6264,2
6265,2
6266,2
6267,0
6268,0
6269,0
6270,0
6271,0
6272,0
6273,0
6274,2
6275,2
6276,0
6277,2
6278,2
6279,2
6280,0
6281,2
6282,2
6283,2
6284,2
6285,2
6286,2
6287,2
6288,2
6289,0
6290,2
6291,2
6292,2
6293,0
6294,0
6295,0
6296,0
6297,2
6298,0
6299,0
6300,0
6301,0
6302,0
6303,0
6304,0
6305,0
6306,0
6307,0
6308,2
6309,2
6310,2
6311,2
6312,2
6313,2
6314,2
6315,0
6316,2
6317,1
6318,2
6319,2
6320,1
6321,0
6322,2
6323,0
6324,0
6325,0
6326,0
6327,0
6328,0
6329,0
6330,0
6331,2
6332,0
6333,0
6334,0
6335,0
6336,2
6337,2
6338,0
6339,0
6340,2
6341,2
6342,2
6343,2
6344,2
6345,2
6346,2
6347,2
6348,0
6349,0
6350,0
6351,0
6352,0
6353,2
6354,0
6355,0
6356,0
6357,0
6358,0
6359,0
6360,0
6361,2
6362,2
6363,0
6364,0
6365,0
6366,0
6367,0
6368,2
6369,2
6370,2
6371,0
6372,2
6373,0
6374,0
6375,0
6376,0
6377,2
6378,0
6379,0
6380,0
6381,0
6382,2
6383,1
6384,0
6385,0
6386,0
6387,2
6388,2
6389,2
6390,2
6391,0
6392,2
6393,2
6394,2
6395,2
6396,2
6397,2
6398,0
6399,0
6400,0
6401,0
6402,0
6403,2
6404,0
6405,0
6406,0
6407,2
6408,2
6409,2
6410,2
6411,2
6412,2
6413,2
6414,0
6415,2
6416,2
6417,2
6418,0
6419,0
6420,0
6421,0
6422,0
6423,0
6424,2
6425,2
6426,2
6427,0
6428,0
6429,0
6430,0
6431,0
6432,2
6433,2
6434,2
6435,2
6436,2
6437,0
6438,0
6439,1
6440,1
6441,0
6442,0
6443,0
6444,0
6445,2
6446,2
6447,2
6448,2
6449,0
6450,2
6451,2
6452,2
6453,0
6454,2
6455,0
6456,2
6457,2
6458,2
6459,0
6460,0
6461,0
6462,2
6463,0
6464,0
6465,2
6466,0
6467,2
6468,2
6469,2
6470,0
6471,0
6472,0
6473,0
6474,0
6475,2
6476,0
6477,0
6478,0
6479,0
6480,0
6481,0
6482,0
6483,2
6484,0
6485,2
6486,2
6487,2
6488,1
6489,0
6490,2
6491,2
6492,2
6493,2
6494,1
6495,2
6496,0
6497,0
6498,0
6499,0
6500,0
6501,0
6502,2
6503,1
6504,0
6505,0
6506,0
6507,1
6508,0
6509,2
6510,2
6511,0
6512,1
6513,2
6514,0
6515,0
6516,0
6517,0
6518,0
6519,0
6520,2
6521,0
6522,0
6523,0
6524,0
6525,0
6526,0
6527,0
6528,2
6529,0
6530,0
6531,0
6532,0
6533,2
6534,2
6535,0
6536,2
6537,0
6538,0
6539,0
6540,2
6541,0
6542,0
6543,0
6544,0
6545,0
6546,0
6547,2
6548,2
6549,2
6550,2
6551,1
6552,1
6553,1
6554,0
6555,1
6556,1
6557,1
6558,2
6559,1
6560,1
6561,0
6562,0
6563,0
6564,0
6565,0
6566,1
6567,2
6568,1
6569,0
6570,2
6571,2
6572,0
6573,2
6574,1
6575,2
6576,2
6577,0
6578,0
6579,0
6580,0
6581,0
6582,0
6583,2
6584,0
6585,0
6586,0
6587,0
6588,0
6589,2
6590,0
6591,2
6592,2
6593,2
6594,2
6595,2
6596,0
6597,2
6598,0
6599,2
6600,2
6601,2
6602,2
6603,2
6604,2
6605,2
6606,2
6607,0
6608,2
6609,0
6610,0
6611,0
6612,0
6613,0
6614,2
6615,2
6616,0
6617,2
6618,0
6619,2
6620,2
6621,2
6622,2
6623,0
6624,0
6625,1
6626,0
6627,2
6628,1
6629,2
6630,2
6631,2
6632,2
6633,2
6634,2
6635,0
6636,0
6637,0
6638,0
6639,0
6640,0
6641,2
6642,0
6643,0
6644,0
6645,0
6646,0
6647,0
6648,0
6649,0
6650,0
6651,0
6652,0
6653,0
6654,0
6655,0
6656,0
6657,0
6658,0
6659,2
6660,2
6661,0
6662,2
6663,2
6664,2
6665,0
6666,0
6667,2
6668,2
6669,2
6670,0
6671,0
6672,0
6673,0
6674,0
6675,0
6676,0
6677,0
6678,0
6679,0
6680,0
6681,0
6682,1
6683,0
6684,2
6685,0
6686,1
6687,0
6688,0
6689,0
6690,0
6691,2
6692,0
6693,0
6694,0
6695,2
6696,0
6697,0
6698,0
6699,2
6700,0
6701,0
6702,0
6703,0
6704,1
6705,2
6706,0
6707,0
6708,0
6709,0
6710,0
6711,0
6712,2
6713,0
6714,0
6715,0
6716,0
6717,0
6718,0
6719,1
6720,0
6721,2
6722,0
6723,2
6724,2
6725,1
6726,1
6727,0
6728,2
6729,2
6730,0
6731,1
6732,0
6733,0
6734,0
6735,0
6736,0
6737,0
6738,2
6739,0
6740,0
6741,1
6742,2
6743,0
6744,0
6745,0
6746,2
6747,0
6748,0
6749,0
6750,1
6751,1
6752,1
6753,1
6754,1
6755,1
6756,1
6757,1
6758,1
6759,1
6760,1
6761,1
6762,0
6763,0
6764,0
6765,2
6766,0
6767,1
6768,0
6769,0
6770,2
6771,0
6772,2
6773,0
6774,2
6775,1
6776,2
6777,2
6778,2
6779,2
6780,2
6781,1
6782,1
6783,2
6784,1
6785,1
6786,2
6787,1
6788,1
6789,0
6790,0
6791,2
6792,0
6793,2
6794,0
6795,0
6796,2
6797,0
6798,2
6799,0
6800,0
6801,0
6802,0
6803,2
6804,2
6805,0
6806,0
6807,0
6808,0
6809,0
6810,0
6811,0
6812,0
6813,0
6814,0
6815,0
6816,0
6817,2
6818,0
6819,2
6820,0
6821,2
6822,0
6823,0
6824,0
6825,0
6826,0
6827,0
6828,0
6829,2
6830,1
6831,1
6832,1
6833,0
6834,0
6835,0
6836,0
6837,0
6838,0
6839,0
6840,2
6841,0
6842,2
6843,0
6844,0
6845,2
6846,0
6847,0
6848,2
6849,0
6850,0
6851,0
6852,0
6853,0
6854,1
6855,0
6856,0
6857,0
6858,0
6859,0
6860,1
6861,0
6862,0
6863,0
6864,1
6865,0
6866,0
6867,0
6868,0
6869,2
6870,0
6871,2
6872,0
6873,0
6874,0
6875,0
6876,0
6877,1
6878,1
6879,1
6880,1
6881,1
6882,1
6883,1
6884,1
6885,1
6886,1
6887,0
6888,1
6889,2
6890,2
6891,0
6892,0
6893,0
6894,0
6895,0
6896,0
6897,0
6898,0
6899,0
6900,0
6901,0
6902,0
6903,0
6904,0
6905,0
6906,1
6907,0
6908,1
6909,0
6910,0
6911,0
6912,0
6913,0
6914,2
6915,0
6916,2
6917,0
6918,0
6919,2
6920,2
6921,0
6922,0
6923,0
6924,1
6925,0
6926,0
6927,0
6928,0
6929,0
6930,0
6931,0
6932,0
6933,0
6934,0
6935,0
6936,1
6937,0
6938,0
6939,0
6940,2
6941,0
6942,0
6943,0
6944,2
6945,0
6946,0
6947,0
6948,0
6949,0
6950,0
6951,1
6952,1
6953,1
6954,0
6955,0
6956,0
6957,0
6958,0
6959,0
6960,0
6961,0
6962,0
6963,0
6964,2
6965,2
6966,0
6967,0
6968,0
6969,0
6970,0
6971,0
6972,2
6973,0
6974,0
6975,0
6976,2
6977,2
6978,0
6979,0
6980,0
6981,2
6982,0
6983,2
6984,0
6985,0
6986,2
6987,2
6988,2
6989,2
6990,0
6991,2
6992,2
6993,2
6994,0
6995,0
6996,0
6997,0
6998,1
6999,2
7000,0
7001,0
7002,1
7003,2
7004,0
7005,2
7006,0
7007,0
7008,0
7009,0
7010,0
7011,0
7012,2
7013,2
7014,0
7015,0
7016,0
7017,0
7018,0
7019,0
7020,0
7021,2
7022,0
7023,0
7024,2
7025,2
7026,0
7027,2
7028,0
7029,0
7030,0
7031,0
7032,0
7033,0
7034,0
7035,0
7036,2
7037,0
7038,0
7039,0
7040,0
7041,2
7042,0
7043,0
7044,1
7045,2
7046,1
7047,1
7048,2
7049,1
7050,2
7051,2
7052,2
7053,1
7054,0
7055,0
7056,2
7057,0
7058,0
7059,0
7060,0
7061,0
7062,0
7063,0
7064,2
7065,2
7066,2
7067,0
7068,0
7069,0
7070,2
7071,2
7072,2
7073,0
7074,0
7075,0
7076,0
7077,0
7078,2
7079,2
7080,0
7081,0
7082,0
7083,0
7084,0
7085,0
7086,0
7087,2
7088,2
7089,0
7090,2
7091,0
7092,0
7093,0
7094,0
7095,0
7096,0
7097,0
7098,0
7099,0
7100,0
7101,0
7102,0
7103,0
7104,0
7105,0
7106,0
7107,0
7108,0
7109,0
7110,0
7111,0
7112,2
7113,0
7114,0
7115,0
7116,2
7117,0
7118,0
7119,0
7120,0
7121,0
7122,2
7123,0
7124,2
7125,2
7126,0
7127,2
7128,2
7129,2
7130,2
7131,0
7132,2
7133,2
7134,0
7135,0
7136,0
7137,0
7138,2
7139,2
7140,0
7141,2
7142,0
7143,0
7144,0
7145,0
7146,0
7147,2
7148,0
7149,2
7150,0
7151,2
7152,0
7153,2
7154,2
7155,0
7156,0
7157,0
7158,1
7159,0
7160,2
7161,0
7162,0
7163,1
7164,2
7165,2
7166,1
7167,0
7168,2
7169,2
7170,2
7171,2
7172,0
7173,2
7174,0
7175,0
7176,0
7177,0
7178,2
7179,2
7180,0
7181,0
7182,0
7183,0
7184,2
7185,1
7186,1
7187,0
7188,2
7189,0
7190,0
7191,0
7192,0
7193,0
7194,0
7195,0
7196,2
7197,0
7198,0
7199,0
7200,0
7201,0
7202,0
7203,0
7204,2
7205,0
7206,0
7207,0
7208,0
7209,0
7210,0
7211,0
7212,0
7213,0
7214,0
7215,0
7216,0
7217,0
7218,2
7219,0
7220,2
7221,0
7222,2
7223,2
7224,2
7225,2
7226,2
7227,2
7228,0
7229,0
7230,0
7231,1
7232,0
7233,2
7234,0
7235,0
7236,0
7237,0
7238,0
7239,0
7240,2
7241,0
7242,2
7243,0
7244,0
7245,0
7246,0
7247,0
7248,0
7249,0
7250,0
7251,0
7252,0
7253,0
7254,0
7255,2
7256,2
7257,0
7258,0
7259,2
7260,0
7261,0
7262,0
7263,0
7264,0
7265,0
7266,0
7267,0
7268,0
7269,0
7270,0
7271,0
7272,0
7273,1
7274,1
7275,1
7276,2
7277,1
7278,1
7279,1
7280,1
7281,1
7282,2
7283,0
7284,0
7285,2
7286,2
7287,2
7288,2
7289,2
7290,0
7291,0
7292,0
7293,1
7294,1
7295,2
7296,0
7297,2
7298,0
7299,0
7300,2
7301,2
7302,2
7303,2
7304,2
7305,2
7306,2
7307,2
7308,0
7309,0
7310,0
7311,0
7312,0
7313,0
7314,0
7315,0
7316,0
7317,0
7318,0
7319,2
7320,2
7321,2
7322,2
7323,2
7324,2
7325,2
7326,0
7327,2
7328,2
7329,0
7330,0
7331,0
7332,0
7333,0
7334,2
7335,2
7336,2
7337,2
7338,2
7339,0
7340,0
7341,2
7342,2
7343,0
7344,2
7345,2
7346,2
7347,0
7348,0
7349,2
7350,2
7351,2
7352,2
7353,2
7354,2
7355,2
7356,2
7357,2
7358,0
7359,0
7360,0
7361,2
7362,0
7363,2
7364,2
7365,0
7366,0
7367,0
7368,0
7369,2
7370,2
7371,0
7372,0
7373,0
7374,0
7375,0
7376,2
7377,2
7378,2
7379,0
7380,1
7381,1
7382,0
7383,0
7384,2
7385,2
7386,2
7387,2
7388,2
7389,2
7390,0
7391,2
7392,2
7393,0
7394,2
7395,2
7396,2
7397,2
7398,2
7399,2
7400,0
7401,0
7402,2
7403,0
7404,2
7405,2
7406,0
7407,2
7408,2
7409,0
7410,0
7411,0
7412,2
7413,2
7414,2
7415,2
7416,0
7417,0
7418,0
7419,0
7420,2
7421,2
7422,0
7423,0
7424,0
7425,0
7426,2
7427,1
7428,2
7429,2
7430,2
7431,2
7432,0
7433,2
7434,2
7435,2
7436,2
7437,2
7438,2
7439,2
7440,2
7441,2
7442,0
7443,0
7444,0
7445,2
7446,0
7447,0
7448,2
7449,0
7450,2
7451,2
7452,0
7453,0
7454,0
7455,0
7456,0
7457,0
7458,2
7459,0
7460,2
7461,0
7462,2
7463,2
7464,2
7465,2
7466,0
7467,2
7468,2
7469,2
7470,2
7471,2
7472,2
7473,2
7474,2
7475,0
7476,0
7477,2
7478,2
7479,2
7480,2
7481,2
7482,2
7483,2
7484,0
7485,0
7486,0
7487,0
7488,2
7489,2
7490,0
7491,0
7492,0
7493,0
7494,0
7495,2
7496,2
7497,0
7498,2
7499,2
7500,2
7501,0
7502,0
7503,2
7504,0
7505,2
7506,2
7507,2
7508,0
7509,0
7510,0
7511,0
7512,2
7513,2
7514,2
7515,0
7516,0
7517,0
7518,0
7519,0
7520,2
7521,2
7522,0
7523,0
7524,0
7525,0
7526,1
7527,0
7528,0
7529,0
7530,2
7531,2
7532,2
7533,2
7534,2
7535,2
7536,2
7537,0
7538,2
7539,0
7540,2
7541,2
7542,2
7543,2
7544,1
7545,2
7546,2
7547,2
7548,0
7549,0
7550,2
7551,0
7552,2
7553,0
7554,2
7555,2
7556,2
7557,2
7558,2
7559,0
7560,0
7561,2
7562,2
7563,2
7564,0
7565,2
7566,0
7567,0
7568,0
7569,2
7570,2
7571,2
7572,2
7573,2
7574,2
7575,2
7576,2
7577,2
7578,0
7579,0
7580,1
7581,2
7582,2
7583,0
7584,2
7585,2
7586,0
7587,0
7588,0
7589,2
7590,2
7591,2
7592,2
7593,0
7594,0
7595,2
7596,0
7597,0
7598,0
7599,0
7600,0
7601,0
7602,0
7603,2
7604,0
7605,0
7606,0
7607,2
7608,2
7609,0
7610,2
7611,2
7612,0
7613,0
7614,0
7615,0
7616,0
7617,2
7618,2
7619,0
7620,0
7621,0
7622,0
7623,2
7624,0
7625,0
7626,2
7627,0
7628,2
7629,2
7630,2
7631,0
7632,0
7633,2
7634,0
7635,2
7636,2
7637,0
7638,0
7639,2
7640,0
7641,0
7642,0
7643,0
7644,0
7645,0
7646,0
7647,0
7648,0
7649,0
7650,0
7651,2
7652,2
7653,0
7654,0
7655,2
7656,0
7657,2
7658,2
7659,2
7660,2
7661,2
7662,0
7663,0
7664,0
7665,0
7666,0
7667,0
7668,2
7669,2
7670,0
7671,0
7672,0
7673,2
7674,0
7675,1
7676,2
7677,0
7678,0
7679,2
7680,0
7681,0
7682,0
7683,2
7684,0
7685,0
7686,0
7687,0
7688,0
7689,0
7690,0
7691,0
7692,0
7693,0
7694,0
7695,0
7696,0
7697,0
7698,0
7699,2
7700,0
7701,2
7702,0
7703,2
7704,2
7705,2
7706,0
7707,0
7708,2
7709,0
7710,2
7711,2
7712,2
7713,0
7714,2
7715,2
7716,0
7717,0
7718,0
7719,0
7720,0
7721,2
7722,2
7723,2
7724,2
7725,2
7726,2
7727,2
7728,2
7729,2
7730,2
7731,0
7732,0
7733,0
7734,0
7735,0
7736,0
7737,0
7738,0
7739,0
7740,2
7741,2
7742,0
7743,2
7744,2
7745,2
7746,0
7747,2
7748,0
7749,0
7750,0
7751,0
7752,0
7753,0
7754,1
7755,0
7756,0
7757,2
7758,0
7759,0
7760,0
7761,2
7762,2
7763,2
7764,2
7765,0
7766,2
7767,0
7768,0
7769,0
7770,2
7771,0
7772,1
7773,2
7774,2
7775,0
7776,2
7777,0
7778,0
7779,0
7780,0
7781,0
7782,0
7783,1
7784,0
7785,0
7786,0
7787,2
7788,0
7789,2
7790,2
7791,0
7792,1
7793,1
7794,0
7795,0
7796,0
7797,0
7798,0
7799,0
7800,2
7801,0
7802,0
7803,0
7804,0
7805,0
7806,2
7807,0
7808,0
7809,0
7810,0
7811,2
7812,0
7813,2
7814,0
7815,0
7816,0
7817,0
7818,0
7819,0
7820,0
7821,0
7822,0
7823,0
7824,0
7825,2
7826,0
7827,0
7828,0
7829,0
7830,0
7831,0
7832,2
7833,0
7834,2
7835,0
7836,0
7837,2
7838,0
7839,2
7840,2
7841,2
7842,0
7843,2
7844,0
7845,2
7846,2
7847,2
7848,2
7849,2
7850,0
7851,0
7852,2
7853,0
7854,2
7855,2
7856,2
7857,0
7858,2
7859,2
7860,1
7861,0
7862,2
7863,0
7864,2
7865,2
7866,2
7867,2
7868,2
7869,2
7870,2
7871,2
7872,1
7873,0
7874,0
7875,1
7876,2
7877,0
7878,2
7879,0
7880,0
7881,0
7882,2
7883,1
7884,2
7885,2
7886,2
7887,0
7888,2
7889,2
7890,0
7891,2
7892,2
7893,0
7894,2
7895,0
7896,2
7897,2
7898,0
7899,1
7900,2
7901,2
7902,2
7903,2
7904,0
7905,2
7906,2
7907,2
7908,2
7909,2
7910,2
7911,2
7912,0
7913,2
7914,2
7915,0
7916,2
7917,0
7918,0
7919,2
7920,1
7921,2
7922,2
7923,2
7924,2
7925,2
7926,0
7927,2
7928,0
7929,0
7930,0
7931,0
7932,2
7933,0
7934,1
7935,0
7936,2
7937,0
7938,2
7939,2
7940,2
7941,2
7942,2
7943,0
7944,0
7945,0
7946,2
7947,2
7948,2
7949,2
7950,0
7951,2
7952,2
7953,0
7954,2
7955,0
7956,0
7957,0
7958,2
7959,2
7960,1
7961,1
7962,2
7963,2
7964,2
7965,2
7966,2
7967,2
7968,2
7969,0
7970,0
7971,2
7972,2
7973,0
7974,0
7975,2
7976,0
7977,0
7978,2
7979,2
7980,2
7981,2
7982,2
7983,0
7984,2
7985,0
7986,0
7987,0
7988,2
7989,2
7990,2
7991,2
7992,2
7993,2
7994,2
7995,2
7996,0
7997,2
7998,2
7999,0
8000,0
8001,0
8002,2
8003,0
8004,0
8005,0
8006,2
8007,0
8008,2
8009,2
8010,0
8011,2
8012,2
8013,2
8014,2
8015,1
8016,2
8017,2
8018,2
8019,2
8020,1
8021,2
8022,0
8023,2
8024,2
8025,0
8026,2
8027,2
8028,2
8029,2
8030,2
8031,2
8032,2
8033,2
8034,2
8035,2
8036,2
8037,2
8038,2
8039,2
8040,2
8041,2
8042,2
8043,2
8044,2
8045,2
8046,0
8047,0
8048,0
8049,2
8050,2
8051,2
8052,0
8053,2
8054,2
8055,0
8056,0
8057,0
8058,0
8059,2
8060,2
8061,2
8062,2
8063,2
8064,2
8065,0
8066,0
8067,0
8068,0
8069,2
8070,2
8071,2
8072,0
8073,2
8074,0
8075,0
8076,2
8077,2
8078,2
8079,2
8080,2
8081,0
8082,0
8083,2
8084,2
8085,2
8086,2
8087,1
8088,2
8089,2
8090,0
8091,0
8092,0
8093,1
8094,1
8095,0
8096,0
8097,0
8098,0
8099,2
8100,0
8101,1
8102,2
8103,2
8104,2
8105,2
8106,2
8107,2
8108,0
8109,0
8110,0
8111,0
8112,1
8113,1
8114,1
8115,0
8116,0
8117,2
8118,0
8119,2
8120,0
8121,0
8122,2
8123,1
8124,0
8125,0
8126,0
8127,0
8128,0
8129,2
8130,2
8131,2
8132,1
8133,0
8134,0
8135,1
8136,2
8137,0
8138,2
8139,2
8140,2
8141,2
8142,1
8143,0
8144,2
8145,2
8146,2
8147,2
8148,0
8149,2
8150,0
8151,2
8152,2
8153,2
8154,1
8155,2
8156,1
8157,0
8158,2
8159,0
8160,0
8161,2
8162,0
8163,2
8164,0
8165,0
8166,0
8167,2
8168,0
8169,2
8170,2
8171,0
8172,2
8173,2
8174,2
8175,2
8176,2
8177,2
8178,2
8179,2
8180,0
8181,2
8182,0
8183,2
8184,2
8185,0
8186,2
8187,2
8188,2
8189,2
8190,0
8191,2
8192,2
8193,2
8194,2
8195,0
8196,2
8197,2
8198,2
8199,2
8200,2
8201,0
8202,1
8203,1
8204,2
8205,2
8206,2
8207,2
8208,2
8209,2
8210,2
8211,0
8212,2
8213,0
8214,0
8215,2
8216,2
8217,0
8218,0
8219,0
8220,2
8221,0
8222,0
8223,2
8224,0
8225,0
8226,0
8227,2
8228,2
8229,2
8230,2
8231,2
8232,2
8233,2
8234,0
8235,2
8236,2
8237,2
8238,2
8239,2
8240,2
8241,2
8242,2
8243,2
8244,2
8245,2
8246,2
8247,2
8248,2
8249,2
8250,2
8251,2
8252,2
8253,0
8254,0
8255,0
8256,0
8257,2
8258,2
8259,2
8260,2
8261,2
8262,2
8263,1
8264,2
8265,0
8266,0
8267,0
8268,2
8269,2
8270,2
8271,2
8272,1
8273,0
8274,1
8275,0
8276,2
8277,2
8278,0
8279,0
8280,0
8281,2
8282,1
8283,1
8284,1
8285,0
8286,0
8287,2
8288,0
8289,0
8290,0
8291,0
8292,0
8293,0
8294,2
8295,2
8296,2
8297,1
8298,0
8299,1
8300,1
8301,1
8302,1
8303,0
8304,2
8305,2
8306,0
8307,0
8308,0
8309,0
8310,1
8311,2
8312,0
8313,0
8314,0
8315,2
8316,0
8317,0
8318,0
8319,0
8320,2
8321,2
8322,2
8323,0
8324,1
8325,0
8326,0
8327,0
8328,0
8329,2
8330,0
8331,0
8332,0
8333,0
8334,0
8335,0
8336,0
8337,0
8338,2
8339,2
8340,0
8341,0
8342,0
8343,0
8344,2
8345,0
8346,0
8347,0
8348,0
8349,2
8350,2
8351,2
8352,2
8353,2
8354,2
8355,0
8356,1
8357,2
8358,1
8359,0
8360,1
8361,2
8362,2
8363,0
8364,0
8365,0
8366,2
8367,0
8368,1
8369,0
8370,0
8371,0
8372,1
8373,0
8374,0
8375,2
8376,0
8377,0
8378,0
8379,0
8380,0
8381,0
8382,2
8383,1
8384,0
8385,2
8386,0
8387,0
8388,0
8389,0
8390,1
8391,1
8392,0
8393,0
8394,1
8395,0
8396,1
8397,2
8398,0
8399,0
8400,1
8401,0
8402,0
8403,2
8404,2
8405,0
8406,0
8407,0
8408,2
8409,2
8410,1
8411,2
8412,0
8413,0
8414,2
8415,0
8416,2
8417,0
8418,1
8419,1
8420,0
8421,0
8422,0
8423,0
8424,2
8425,0
8426,0
8427,1
8428,0
8429,1
8430,0
8431,0
8432,0
8433,0
8434,0
8435,0
8436,2
8437,0
8438,2
8439,2
8440,0
8441,0
8442,0
8443,0
8444,0
8445,0
8446,0
8447,0
8448,2
8449,0
8450,0
8451,0
8452,1
8453,0
8454,0
8455,0
8456,0
8457,0
8458,0
8459,0
8460,0
8461,0
8462,0
8463,0
8464,2
8465,0
8466,0
8467,0
8468,0
8469,0
8470,2
8471,2
8472,0
8473,0
8474,0
8475,2
8476,0
8477,2
8478,2
8479,2
8480,2
8481,2
8482,2
8483,0
8484,0
8485,2
8486,2
8487,0
8488,2
8489,2
8490,0
8491,0
8492,0
8493,2
8494,2
8495,0
8496,0
8497,2
8498,2
8499,2
8500,0
8501,2
8502,0
8503,0
8504,2
8505,0
8506,0
8507,0
8508,0
8509,0
8510,0
8511,0
8512,0
8513,0
8514,0
8515,2
8516,0
8517,0
8518,2
8519,2
8520,2
8521,2
8522,0
8523,2
8524,2
8525,0
8526,0
8527,0
8528,2
8529,2
8530,0
8531,2
8532,0
8533,2
8534,2
8535,2
8536,2
8537,0
8538,0
8539,2
8540,0
8541,2
8542,0
8543,0
8544,0
8545,2
8546,2
8547,2
8548,2
8549,2
8550,2
8551,2
8552,0
8553,2
8554,0
8555,0
8556,0
8557,0
8558,2
8559,0
8560,0
8561,2
8562,2
8563,2
8564,0
8565,2
8566,0
8567,2
8568,0
8569,0
8570,2
8571,0
8572,2
8573,2
8574,0
8575,0
8576,2
8577,0
8578,1
8579,0
8580,0
8581,0
8582,0
8583,2
8584,2
8585,0
8586,0
8587,0
8588,2
8589,2
8590,2
8591,0
8592,2
8593,0
8594,0
8595,2
8596,2
8597,2
8598,2
8599,2
8600,1
8601,2
8602,2
8603,2
8604,0
8605,0
8606,0
8607,0
8608,0
8609,0
8610,0
8611,0
8612,2
8613,2
8614,2
8615,0
8616,2
8617,0
8618,0
8619,1
8620,2
8621,2
8622,2
8623,2
8624,0
8625,1
8626,1
8627,2
8628,0
8629,2
8630,2
8631,2
8632,1
8633,0
8634,2
8635,0
8636,0
8637,0
8638,2
8639,2
8640,2
8641,2
8642,2
8643,0
8644,1
8645,2
8646,1
8647,1
8648,1
8649,1
8650,0
8651,0
8652,2
8653,2
8654,2
8655,2
8656,2
8657,2
8658,0
8659,2
8660,2
8661,0
8662,0
8663,0
8664,0
8665,0
8666,0
8667,2
8668,0
8669,0
8670,0
8671,2
8672,0
8673,2
8674,0
8675,2
8676,2
8677,0
8678,2
8679,2
8680,2
8681,0
8682,0
8683,0
8684,2
8685,0
8686,0
8687,2
8688,0
8689,2
8690,2
8691,2
8692,2
8693,0
8694,2
8695,2
8696,2
8697,2
8698,2
8699,0
8700,0
8701,0
8702,2
8703,0
8704,0
8705,2
8706,2
8707,2
8708,0
8709,2
8710,0
8711,0
8712,2
8713,2
8714,2
8715,2
8716,0
8717,2
8718,0
8719,2
8720,2
8721,2
8722,2
8723,1
8724,1
8725,0
8726,1
8727,2
8728,2
8729,2
8730,2
8731,2
8732,2
8733,2
8734,2
8735,1
8736,2
8737,2
8738,0
8739,0
8740,2
8741,0
8742,0
8743,0
8744,0
8745,2
8746,2
8747,2
8748,2
8749,0
8750,0
8751,2
8752,2
8753,0
8754,2
8755,2
8756,2
8757,2
8758,0
8759,0
8760,2
8761,0
8762,2
8763,2
8764,0
8765,0
8766,2
8767,0
8768,0
8769,2
8770,0
8771,0
8772,2
8773,0
8774,0
8775,0
8776,0
8777,0
8778,2
8779,2
8780,2
8781,2
8782,0
8783,0
8784,2
8785,2
8786,0
8787,2
8788,0
8789,2
8790,2
8791,2
8792,2
8793,2
8794,0
8795,2
8796,2
8797,2
8798,2
8799,0
8800,0
8801,0
8802,2
8803,0
8804,2
8805,2
8806,2
8807,2
8808,2
8809,0
8810,0
8811,0
8812,0
8813,0
8814,0
8815,0
8816,2
8817,2
8818,2
8819,2
8820,2
8821,2
8822,2
8823,2
8824,0
8825,2
8826,1
8827,2
8828,2
8829,0
8830,2
8831,1
8832,0
8833,2
8834,2
8835,0
8836,1
8837,2
8838,1
8839,2
8840,0
8841,1
8842,2
8843,2
8844,2
8845,0
8846,0
8847,2
8848,2
8849,0
8850,0
8851,2
8852,0
8853,2
8854,2
8855,2
8856,1
8857,0
8858,2
8859,2
8860,0
8861,0
8862,0
8863,2
8864,0
8865,0
8866,0
8867,0
8868,0
8869,2
8870,0
8871,2
8872,2
8873,2
8874,2
8875,0
8876,0
8877,2
8878,0
8879,0
8880,2
8881,1
8882,2
8883,2
8884,2
8885,2
8886,2
8887,2
8888,2
8889,2
8890,2
8891,2
8892,2
8893,0
8894,2
8895,2
8896,2
8897,2
8898,2
8899,1
8900,2
8901,2
8902,2
8903,2
8904,0
8905,0
8906,1
8907,1
8908,0
8909,0
8910,0
8911,0
8912,0
8913,0
8914,0
8915,0
8916,2
8917,2
8918,0
8919,0
8920,2
8921,2
8922,0
8923,2
8924,2
8925,0
8926,2
8927,2
8928,2
8929,2
8930,0
8931,2
8932,0
8933,1
8934,1
8935,0
8936,0
8937,2
8938,2
8939,2
8940,0
8941,2
8942,0
8943,2
8944,2
8945,0
8946,2
8947,0
8948,0
8949,0
8950,2
8951,2
8952,0
8953,0
8954,2
8955,2
8956,0
8957,2
8958,2
8959,0
8960,2
8961,2
8962,0
8963,0
8964,0
8965,0
8966,2
8967,1
8968,1
8969,2
8970,0
8971,2
8972,2
8973,2
8974,2
8975,0
8976,2
8977,2
8978,2
8979,2
8980,2
8981,2
8982,0
8983,2
8984,2
8985,0
8986,2
8987,2
8988,0
8989,2
8990,0
8991,0
8992,1
8993,0
8994,2
8995,2
8996,1
8997,2
8998,2
8999,2
9000,2
9001,2
9002,0
9003,2
9004,0
9005,2
9006,2
9007,0
9008,1
9009,2
9010,2
9011,0
9012,2
9013,0
9014,0
9015,2
9016,2
9017,2
9018,0
9019,0
9020,2
9021,0
9022,0
9023,2
9024,2
9025,2
9026,2
9027,1
9028,0
9029,0
9030,0
9031,0
9032,0
9033,0
9034,0
9035,0
9036,2
9037,0
9038,2
9039,0
9040,0
9041,0
9042,0
9043,0
9044,0
9045,0
9046,2
9047,2
9048,2
9049,0
9050,0
9051,0
9052,2
9053,2
9054,0
9055,2
9056,0
9057,2
9058,2
9059,0
9060,2
9061,2
9062,2
9063,2
9064,2
9065,0
9066,0
9067,0
9068,2
9069,0
9070,0
9071,0
9072,0
9073,0
9074,0
9075,0
9076,2
9077,0
9078,0
9079,2
9080,1
9081,2
9082,2
9083,2
9084,1
9085,0
9086,1
9087,2
9088,0
9089,0
9090,0
9091,0
9092,2
9093,0
9094,2
9095,2
9096,0
9097,0
9098,0
9099,0
9100,0
9101,0
9102,0
9103,0
9104,0
9105,0
9106,0
9107,0
9108,0
9109,0
9110,0
9111,2
9112,0
9113,0
9114,0
9115,2
9116,0
9117,0
9118,2
9119,2
9120,2
9121,2
9122,2
9123,0
9124,2
9125,2
9126,1
9127,2
9128,1
9129,0
9130,2
9131,0
9132,2
9133,2
9134,0
9135,0
9136,0
9137,0
9138,2
9139,0
9140,2
9141,0
9142,0
9143,0
9144,0
9145,0
9146,2
9147,0
9148,0
9149,0
9150,2
9151,0
9152,0
9153,0
9154,0
9155,2
9156,1
9157,2
9158,0
9159,0
9160,2
9161,2
9162,0
9163,2
9164,0
9165,0
9166,0
9167,0
9168,1
9169,2
9170,0
9171,2
9172,0
9173,0
9174,2
9175,2
9176,0
9177,0
9178,0
9179,0
9180,0
9181,2
9182,1
9183,2
9184,0
9185,0
9186,0
9187,2
9188,0
9189,0
9190,0
9191,2
9192,2
9193,2
9194,2
9195,2
9196,0
9197,0
9198,0
9199,0
9200,2
9201,2
9202,2
9203,2
9204,0
9205,0
9206,0
9207,0
9208,2
9209,2
9210,0
9211,1
9212,1
9213,0
9214,2
9215,0
9216,2
9217,2
9218,2
9219,2
9220,0
9221,2
9222,0
9223,0
9224,0
9225,0
9226,0
9227,0
9228,0
9229,0
9230,0
9231,0
9232,0
9233,0
9234,0
9235,0
9236,0
9237,2
9238,1
9239,1
9240,0
9241,0
9242,0
9243,2
9244,0
9245,0
9246,0
9247,0
9248,0
9249,0
9250,0
9251,2
9252,0
9253,2
9254,1
9255,0
9256,0
9257,0
9258,1
9259,0
9260,0
9261,0
9262,2
9263,0
9264,0
9265,2
9266,2
9267,0
9268,0
9269,0
9270,0
9271,0
9272,0
9273,1
9274,0
9275,0
9276,2
9277,0
9278,0
9279,0
9280,0
9281,2
9282,0
9283,1
9284,0
9285,0
9286,0
9287,0
9288,0
9289,0
9290,2
9291,1
9292,2
9293,2
9294,2
9295,0
9296,0
9297,2
9298,0
9299,0
9300,1
9301,2
9302,0
9303,0
9304,2
9305,0
9306,0
9307,2
9308,2
9309,2
9310,0
9311,0
9312,2
9313,2
9314,1
9315,2
9316,2
9317,0
9318,0
9319,2
9320,0
9321,0
9322,0
9323,2
9324,0
9325,0
9326,0
9327,2
9328,0
9329,0
9330,0
9331,0
9332,2
9333,2
9334,1
9335,2
9336,2
9337,2
9338,2
9339,0
9340,0
9341,0
9342,0
9343,0
9344,2
9345,2
9346,2
9347,0
9348,2
9349,0
9350,0
9351,0
9352,0
9353,0
9354,0
9355,0
9356,0
9357,0
9358,2
9359,0
9360,2
9361,2
9362,2
9363,0
9364,0
9365,2
9366,0
9367,0
9368,0
9369,0
9370,0
9371,2
9372,0
9373,2
9374,2
9375,2
9376,0
9377,0
9378,1
9379,1
9380,0
9381,2
9382,2
9383,2
9384,0
9385,0
9386,0
9387,2
9388,0
9389,0
9390,2
9391,0
9392,0
9393,0
9394,0
9395,0
9396,0
9397,2
9398,0
9399,0
9400,2
9401,0
9402,2
9403,0
9404,0
9405,2
9406,0
9407,2
9408,0
9409,0
9410,0
9411,0
9412,2
9413,0
9414,2
9415,2
9416,0
9417,2
9418,2
9419,0
9420,0
9421,0
9422,0
9423,2
9424,0
9425,0
9426,2
9427,0
9428,0
9429,0
9430,0
9431,2
9432,2
9433,2
9434,0
9435,0
9436,0
9437,0
9438,0
9439,0
9440,2
9441,2
9442,2
9443,2
9444,2
9445,0
9446,0
9447,0
9448,0
9449,0
9450,0
9451,2
9452,2
9453,2
9454,0
9455,0
9456,2
9457,0
9458,0
9459,1
9460,0
9461,0
9462,0
9463,0
9464,0
9465,0
9466,0
9467,0
9468,0
9469,0
9470,0
9471,0
9472,0
9473,2
9474,0
9475,0
9476,2
9477,0
9478,0
9479,2
9480,0
9481,0
9482,0
9483,0
9484,0
9485,2
9486,0
9487,0
9488,0
9489,0
9490,0
9491,0
9492,2
9493,2
9494,2
9495,0
9496,0
9497,0
9498,0
9499,2
9500,2
9501,0
9502,0
9503,0
9504,0
9505,2
9506,2
9507,1
9508,0
9509,1
9510,0
9511,2
9512,0
9513,0
9514,0
9515,0
9516,0
9517,0
9518,0
9519,0
9520,0
9521,0
9522,2
9523,0
9524,1
9525,1
9526,1
9527,1
9528,1
9529,1
9530,1
9531,1
9532,1
9533,1
9534,1
9535,1
9536,1
9537,0
9538,1
9539,2
9540,0
9541,2
9542,0
9543,0
9544,0
9545,0
9546,2
9547,0
9548,1
9549,0
9550,2
9551,2
9552,2
9553,2
9554,0
9555,2
9556,1
9557,1
9558,2
9559,1
9560,1
9561,1
9562,1
9563,0
9564,0
9565,0
9566,0
9567,1
9568,0
9569,2
9570,0
9571,0
9572,0
9573,2
9574,0
9575,0
9576,2
9577,0
9578,0
9579,0
9580,0
9581,0
9582,0
9583,0
9584,0
9585,0
9586,0
9587,2
9588,0
9589,0
9590,0
9591,0
9592,1
9593,1
9594,1
9595,1
9596,1
9597,1
9598,1
9599,1
9600,1
9601,1
9602,1
9603,1
9604,1
9605,1
9606,1
9607,1
9608,1
9609,0
9610,1
9611,1
9612,0
9613,0
9614,2
9615,0
9616,1
9617,0
9618,0
9619,0
9620,2
9621,2
9622,0
9623,2
9624,2
9625,2
9626,0
9627,0
9628,2
9629,0
9630,0
9631,0
9632,0
9633,0
9634,0
9635,0
9636,0
9637,0
9638,2
9639,0
9640,0
9641,1
9642,1
9643,1
9644,2
9645,2
9646,0
9647,0
9648,0
9649,0
9650,0
9651,0
9652,0
9653,2
9654,0
9655,0
9656,0
9657,0
9658,2
9659,0
9660,0
9661,0
9662,0
9663,0
9664,0
9665,0
9666,2
9667,2
9668,0
9669,2
9670,2
9671,0
9672,2
9673,0
9674,2
9675,0
9676,0
9677,0
9678,0
9679,0
9680,2
9681,2
9682,0
9683,2
9684,2
9685,2
9686,2
9687,0
9688,0
9689,0
9690,2
9691,0
9692,0
9693,2
9694,0
9695,0
9696,0
9697,2
9698,0
9699,2
9700,0
9701,2
9702,0
9703,0
9704,0
9705,0
9706,2
9707,0
9708,2
9709,0
9710,0
9711,2
9712,0
9713,0
9714,0
9715,0
9716,0
9717,0
9718,2
9719,0
9720,0
9721,2
9722,2
9723,2
9724,2
9725,2
9726,2
9727,0
9728,2
9729,2
9730,0
9731,0
9732,0
9733,0
9734,2
9735,0
9736,0
9737,2
9738,0
9739,2
9740,1
9741,2
9742,0
9743,0
9744,2
9745,2
9746,0
9747,0
9748,0
9749,2
9750,2
9751,0
9752,0
9753,2
9754,2
9755,0
9756,1
9757,0
9758,0
9759,0
9760,0
9761,0
9762,0
9763,0
9764,2
9765,2
9766,1
9767,0
9768,0
9769,0
9770,0
9771,1
9772,0
9773,0
9774,2
9775,1
9776,2
9777,0
9778,0
9779,1
9780,1
9781,2
9782,2
9783,2
9784,2
9785,2
9786,2
9787,0
9788,2
9789,2
9790,2
9791,0
9792,2
9793,0
9794,0
9795,2
9796,0
9797,0
9798,0
9799,2
9800,2
9801,2
9802,2
9803,2
9804,2
9805,0
9806,0
9807,0
9808,2
9809,0
9810,0
9811,0
9812,2
9813,2
9814,2
9815,2
9816,0
9817,2
9818,2
9819,0
9820,1
9821,1
9822,1
9823,1
9824,2
9825,1
9826,1
9827,2
9828,1
9829,2
9830,1
9831,1
9832,1
9833,2
9834,0
9835,1
9836,1
9837,2
9838,1
9839,2
9840,1
9841,1
9842,2
9843,1
9844,1
9845,1
9846,2
9847,0
9848,2
9849,2
9850,0
9851,0
9852,2
9853,0
9854,2
9855,0
9856,1
9857,0
9858,1
9859,0
9860,2
9861,0
9862,0
9863,0
9864,0
9865,0
9866,0
9867,2
9868,2
9869,0
9870,2
9871,2
9872,2
9873,0
9874,1
9875,1
9876,2
9877,0
9878,0
9879,0
9880,0
9881,0
9882,0
9883,0
9884,2
9885,2
9886,0
9887,0
9888,2
9889,2
9890,0
9891,0
9892,2
9893,0
9894,0
9895,2
9896,2
9897,2
9898,2
9899,2
9900,0
9901,0
9902,0
9903,1
9904,2
9905,2
9906,0
9907,2
9908,0
9909,0
9910,2
9911,0
9912,0
9913,0
9914,2
9915,0
9916,0
9917,0
9918,1
9919,0
9920,0
9921,2
9922,0
9923,1
9924,0
9925,0
9926,1
9927,0
9928,1
9929,2
9930,0
9931,2
9932,2
9933,2
9934,2
9935,0
9936,0
9937,0
9938,0
9939,0
9940,0
9941,0
9942,2
9943,0
9944,2
9945,2
9946,0
9947,0
9948,0
9949,2
9950,0
9951,0
9952,0
9953,0
9954,0
9955,2
9956,2
9957,2
9958,0
9959,0
9960,2
9961,2
9962,1
9963,0
9964,0
9965,0
9966,0
9967,0
9968,2
9969,2
9970,1
9971,1
9972,1
9973,0
9974,0
9975,0
9976,0
9977,2
9978,2
9979,0
9980,0
9981,1
9982,1
9983,2
9984,0
9985,1
9986,1
9987,1
9988,1
9989,1
9990,0
9991,0
9992,2
9993,0
9994,0
9995,0
9996,0
9997,2
9998,0
9999,1
10000,0
10001,2
10002,0
10003,2
10004,1
10005,0
10006,2
10007,2
10008,2
10009,0
10010,0
10011,1
10012,0
10013,0
10014,2
10015,2
10016,2
10017,1
10018,1
10019,0
10020,0
10021,2
10022,0
10023,2
10024,0
10025,0
10026,0
10027,0
10028,0
10029,2
10030,0
10031,0
10032,0
10033,0
10034,0
10035,0
10036,0
10037,0
10038,0
10039,0
10040,0
10041,2
10042,0
10043,0
10044,0
10045,0
10046,0
10047,0
10048,0
10049,2
10050,2
10051,2
10052,0
10053,2
10054,0
10055,0
10056,2
10057,2
10058,0
10059,2
10060,0
10061,0
10062,0
10063,0
10064,0
10065,0
10066,0
10067,0
10068,0
10069,0
10070,0
10071,2
10072,2
10073,0
10074,0
10075,0
10076,0
10077,0
10078,0
10079,0
10080,2
10081,0
10082,0
10083,2
10084,2
10085,2
10086,2
10087,2
10088,2
10089,0
10090,0
10091,0
10092,0
10093,2
10094,2
10095,0
10096,0
10097,0
10098,0
10099,0
10100,2
10101,1
10102,2
10103,2
10104,2
10105,2
10106,0
10107,2
10108,0
10109,2
10110,0
10111,0
10112,2
10113,2
10114,2
10115,2
10116,0
10117,2
10118,0
10119,2
10120,2
10121,2
10122,2
10123,0
10124,2
10125,2
10126,2
10127,0
10128,0
10129,0
10130,0
10131,2
10132,2
10133,2
10134,2
10135,0
10136,2
10137,2
10138,2
10139,0
10140,2
10141,2
10142,0
10143,0
10144,0
10145,2
10146,0
10147,2
10148,2
10149,2
10150,0
10151,2
10152,2
10153,2
10154,2
10155,2
10156,2
10157,2
10158,2
10159,2
10160,2
10161,2
10162,2
10163,2
10164,2
10165,2
10166,2
10167,0
10168,2
10169,2
10170,2
10171,2
10172,2
10173,2
10174,0
10175,2
10176,2
10177,2
10178,2
10179,2
10180,2
10181,2
10182,2
10183,2
10184,2
10185,2
10186,2
10187,0
10188,2
10189,1
10190,1
10191,0
10192,0
10193,0
10194,2
10195,2
10196,2
10197,2
10198,0
10199,2
10200,2
10201,0
10202,0
10203,2
10204,2
10205,2
10206,2
10207,2
10208,2
10209,2
10210,2
10211,2
10212,0
10213,2
10214,2
10215,2
10216,2
10217,2
10218,2
10219,2
10220,2
10221,2
10222,2
10223,2
10224,2
10225,2
10226,0
10227,2
10228,2
10229,2
10230,2
10231,2
10232,2
10233,2
10234,2
10235,2
10236,2
10237,2
10238,0
10239,2
10240,2
10241,0
10242,2
10243,2
10244,2
10245,2
10246,2
10247,2
10248,2
10249,0
10250,2
10251,2
10252,2
10253,0
10254,0
10255,2
10256,0
10257,2
10258,2
10259,2
10260,2
10261,2
10262,2
10263,0
10264,2
10265,2
10266,0
10267,2
10268,2
10269,0
10270,0
10271,0
10272,2
10273,0
10274,2
10275,2
10276,0
10277,2
10278,0
10279,2
10280,2
10281,2
10282,2
10283,2
10284,2
10285,2
10286,2
10287,2
10288,2
10289,2
10290,2
10291,2
10292,0
10293,2
10294,2
10295,0
10296,0
10297,1
10298,2
10299,1
10300,0
10301,0
10302,2
10303,2
10304,2
10305,0
10306,2
10307,2
10308,2
10309,0
10310,2
10311,2
10312,2
10313,2
10314,2
10315,2
10316,2
10317,2
10318,0
10319,2
10320,0
10321,2
10322,0
10323,2
10324,2
10325,0
10326,0
10327,0
10328,2
10329,2
10330,2
10331,2
10332,2
10333,2
10334,0
10335,0
10336,0
10337,2
10338,2
10339,2
10340,0
10341,2
10342,2
10343,2
10344,2
10345,2
10346,2
10347,2
10348,0
10349,0
10350,2
10351,2
10352,0
10353,2
10354,0
10355,0
10356,2
10357,2
10358,2
10359,2
10360,2
10361,2
10362,0
10363,2
10364,2
10365,0
10366,2
10367,0
10368,2
10369,2
10370,0
10371,2
10372,2
10373,0
10374,0
10375,2
10376,2
10377,0
10378,2
10379,0
10380,0
10381,2
10382,2
10383,2
10384,2
10385,2
10386,2
10387,2
10388,2
10389,2
10390,0
10391,2
10392,0
10393,2
10394,2
10395,2
10396,2
10397,0
10398,2
10399,2
10400,0
10401,0
10402,0
10403,2
10404,0
10405,2
10406,2
10407,2
10408,2
10409,2
10410,2
10411,0
10412,2
10413,0
10414,0
10415,2
10416,0
10417,0
10418,2
10419,2
10420,2
10421,0
10422,0
10423,2
10424,0
10425,2
10426,2
10427,2
10428,2
10429,0
10430,2
10431,2
10432,0
10433,0
10434,0
10435,0
10436,2
10437,2
10438,2
10439,0
10440,0
10441,2
10442,2
10443,0
10444,0
10445,2
10446,2
10447,2
10448,2
10449,0
10450,2
10451,0
10452,2
10453,2
10454,2
10455,2
10456,2
10457,0
10458,2
10459,2
10460,2
10461,0
10462,0
10463,0
10464,0
10465,0
10466,0
10467,2
10468,2
10469,2
10470,2
10471,1
10472,0
10473,0
10474,2
10475,2
10476,0
10477,2
10478,0
10479,0
10480,0
10481,0
10482,0
10483,0
10484,2
10485,2
10486,2
10487,2
10488,2
10489,0
10490,0
10491,2
10492,2
10493,2
10494,2
10495,2
10496,2
10497,2
10498,2
10499,2
10500,2
10501,2
10502,0
10503,0
10504,2
10505,0
10506,0
10507,2
10508,2
10509,0
10510,0
10511,0
10512,0
10513,0
10514,1
10515,0
10516,2
10517,0
10518,2
10519,2
10520,0
10521,0
10522,0
10523,0
10524,2
10525,0
10526,0
10527,0
10528,0
10529,2
10530,0
10531,0
10532,0
10533,0
10534,2
10535,2
10536,0
10537,0
10538,2
10539,2
10540,2
10541,1
10542,1
10543,2
10544,0
10545,2
10546,0
10547,2
10548,0
10549,0
10550,2
10551,2
10552,2
10553,0
10554,0
10555,2
10556,2
10557,2
10558,2
10559,2
10560,0
10561,2
10562,2
10563,0
10564,2
10565,0
10566,2
10567,0
10568,0
10569,2
10570,0
10571,0
10572,0
10573,2
10574,2
10575,2
10576,2
10577,2
10578,2
10579,0
10580,0
10581,0
10582,0
10583,1
10584,1
10585,2
10586,2
10587,1
10588,2
10589,2
10590,0
10591,0
10592,2
10593,2
10594,2
10595,2
10596,2
10597,0
10598,0
10599,0
10600,2
10601,2
10602,2
10603,0
10604,2
10605,2
10606,2
10607,0
10608,2
10609,2
10610,2
10611,0
10612,0
10613,2
10614,2
10615,2
10616,2
10617,2
10618,2
10619,2
10620,2
10621,2
10622,2
10623,2
10624,2
10625,2
10626,2
10627,2
10628,0
10629,2
10630,2
10631,2
10632,2
10633,0
10634,0
10635,2
10636,0
10637,2
10638,1
10639,2
10640,0
10641,2
10642,0
10643,0
10644,0
10645,2
10646,2
10647,0
10648,0
10649,0
10650,0
10651,2
10652,0
10653,2
10654,0
10655,0
10656,0
10657,0
10658,0
10659,2
10660,0
10661,2
10662,0
10663,0
10664,0
10665,1
10666,1
10667,1
10668,0
10669,0
10670,2
10671,2
10672,2
10673,2
10674,0
10675,0
10676,1
10677,1
10678,1
10679,1
10680,0
10681,0
10682,0
10683,2
10684,0
10685,2
10686,2
10687,2
10688,2
10689,0
10690,2
10691,1
10692,1
10693,1
10694,2
10695,2
10696,1
10697,1
10698,0
10699,0
10700,0
10701,0
10702,0
10703,2
10704,0
10705,2
10706,2
10707,2
10708,2
10709,2
10710,2
10711,0
10712,2
10713,0
10714,0
10715,0
10716,1
10717,1
10718,1
10719,1
10720,1
10721,1
10722,1
10723,1
10724,1
10725,1
10726,0
10727,1
10728,0
10729,0
10730,0
10731,0
10732,0
10733,0
10734,1
10735,1
10736,0
10737,2
10738,0
10739,0
10740,0
10741,0
10742,0
10743,0
10744,0
10745,0
10746,0
10747,0
10748,2
10749,0
10750,0
10751,0
10752,0
10753,0
10754,1
10755,0
10756,0
10757,0
10758,2
10759,2
10760,2
10761,0
10762,0
10763,0
10764,0
10765,0
10766,2
10767,0
10768,0
10769,0
10770,0
10771,2
10772,2
10773,2
10774,2
10775,0
10776,0
10777,0
10778,0
10779,2
10780,0
10781,0
10782,1
10783,0
10784,0
10785,0
10786,0
10787,0
10788,0
10789,0
10790,2
10791,0
10792,0
10793,2
10794,2
10795,0
10796,2
10797,2
10798,0
10799,0
10800,0
10801,2
10802,2
10803,2
10804,2
10805,2
10806,2
10807,2
10808,0
10809,2
10810,0
10811,0
10812,0
10813,2
10814,2
10815,2
10816,1
10817,0
10818,1
10819,0
10820,0
10821,0
10822,2
10823,1
10824,1
10825,0
10826,1
10827,1
10828,1
10829,0
10830,0
10831,0
10832,0
10833,0
10834,0
10835,0
10836,0
10837,2
10838,2
10839,0
10840,0
10841,0
10842,1
10843,1
10844,0
10845,0
10846,0
10847,0
10848,0
10849,2
10850,1
10851,1
10852,1
10853,1
10854,1
10855,2
10856,0
10857,0
10858,0
10859,0
10860,1
10861,0
10862,0
10863,0
10864,2
10865,0
10866,2
10867,0
10868,2
10869,0
10870,2
10871,2
10872,0
10873,0
10874,0
10875,0
10876,1
10877,2
10878,0
10879,0
10880,0
10881,2
10882,1
10883,1
10884,1
10885,1
10886,2
10887,2
10888,0
10889,0
10890,0
10891,0
10892,0
10893,0
10894,0
10895,0
10896,0
10897,2
10898,2
10899,0
10900,2
10901,0
10902,0
10903,2
10904,0
10905,0
10906,2
10907,0
10908,0
10909,1
10910,2
10911,0
10912,2
10913,0
10914,0
10915,0
10916,1
10917,0
10918,0
10919,0
10920,0
10921,0
10922,0
10923,0
10924,2
10925,2
10926,2
10927,2
10928,0
10929,2
10930,0
10931,0
10932,0
10933,2
10934,0
10935,0
10936,0
10937,0
10938,0
10939,0
10940,2
10941,2
10942,0
10943,0
10944,0
10945,0
10946,0
10947,0
10948,0
10949,0
10950,0
10951,0
10952,2
10953,2
10954,0
10955,0
10956,0
10957,0
10958,0
10959,2
10960,0
10961,2
10962,0
10963,2
10964,2
10965,2
10966,2
10967,0
10968,0
10969,0
10970,2
10971,1
10972,1
10973,1
10974,0
10975,2
10976,0
10977,0
10978,0
10979,0
10980,0
10981,2
10982,2
10983,0
10984,0
10985,0
10986,0
10987,0
10988,0
10989,0
10990,0
10991,0
10992,0
10993,0
10994,0
10995,0
10996,0
10997,0
10998,2
10999,2
11000,0
11001,2
11002,0
11003,0
11004,0
11005,1
11006,0
11007,2
11008,0
11009,0
11010,0
11011,2
11012,2
11013,2
11014,1
11015,2
11016,0
11017,0
11018,2
11019,2
11020,1
11021,1
11022,1
11023,0
11024,0
11025,0
11026,1
11027,2
11028,2
11029,2
11030,1
11031,1
11032,1
11033,1
11034,2
11035,0
11036,0
11037,0
11038,2
11039,0
11040,0
11041,0
11042,0
11043,0
11044,0
11045,0
11046,1
11047,0
11048,2
11049,2
11050,0
11051,2
11052,0
11053,2
11054,0
11055,2
11056,2
11057,2
11058,1
11059,0
11060,0
11061,0
11062,2
11063,0
11064,0
11065,2
11066,2
11067,0
11068,0
11069,2
11070,0
11071,0
11072,0
11073,0
11074,2
11075,0
11076,0
11077,0
11078,0
11079,0
11080,2
11081,2
11082,0
11083,0
11084,0
11085,0
11086,2
11087,0
11088,2
11089,1
11090,0
11091,1
11092,1
11093,1
11094,1
11095,1
11096,1
11097,1
11098,2
11099,2
11100,1
11101,1
11102,1
11103,1
11104,0
11105,0
11106,2
11107,0
11108,0
11109,1
11110,1
11111,1
11112,1
11113,1
11114,1
11115,2
11116,1
11117,1
11118,2
11119,0
11120,0
11121,2
11122,0
11123,2
11124,2
11125,2
11126,0
11127,0
11128,0
11129,0
11130,0
11131,2
11132,0
11133,1
11134,0
11135,2
11136,2
11137,2
11138,0
11139,0
11140,0
11141,0
11142,0
11143,0
11144,0
11145,0
11146,0
11147,0
11148,2
11149,0
11150,0
11151,0
11152,2
11153,2
11154,0
11155,0
11156,0
11157,0
11158,0
11159,0
11160,0
11161,2
11162,0
11163,0
11164,2
11165,0
11166,0
11167,2
11168,2
11169,0
11170,0
11171,0
11172,0
11173,0
11174,0
11175,2
11176,0
11177,0
11178,0
11179,2
11180,0
11181,2
11182,0
11183,0
11184,0
11185,0
11186,0
11187,0
11188,2
11189,0
11190,2
11191,2
11192,2
11193,2
11194,0
11195,0
11196,0
11197,0
11198,0
11199,2
11200,2
11201,0
11202,0
11203,2
11204,0
11205,0
11206,2
11207,0
11208,1
11209,1
11210,2
11211,0
11212,1
11213,1
11214,0
11215,2
11216,0
11217,0
11218,0
11219,0
11220,0
11221,0
11222,0
11223,0
11224,2
11225,2
11226,2
11227,2
11228,2
11229,2
11230,0
11231,0
11232,2
11233,2
11234,0
11235,0
11236,0
11237,0
11238,0
11239,0
11240,2
11241,0
11242,2
11243,2
11244,2
11245,2
11246,2
11247,2
11248,0
11249,0
11250,0
11251,0
11252,0
11253,0
11254,0
11255,0
11256,0
11257,0
11258,0
11259,0
11260,2
11261,0
11262,2
11263,2
11264,2
11265,0
11266,0
11267,0
11268,2
11269,0
11270,0
11271,0
11272,0
11273,2
11274,2
11275,2
11276,0
11277,0
11278,0
11279,0
11280,2
11281,2
11282,2
11283,0
11284,0
11285,0
11286,2
11287,2
11288,0
11289,2
11290,0
11291,2
11292,2
11293,2
11294,2
11295,2
11296,2
11297,2
11298,1
11299,0
11300,0
11301,0
11302,0
11303,2
11304,2
11305,2
11306,2
11307,2
11308,0
11309,0
11310,0
11311,0
11312,0
11313,2
11314,0
11315,0
11316,0
11317,0
11318,0
11319,0
11320,2
11321,2
11322,2
11323,2
11324,2
11325,2
11326,2
11327,0
11328,2
11329,2
11330,0
11331,0
11332,0
11333,0
11334,0
11335,2
11336,2
11337,0
11338,0
11339,0
11340,0
11341,0
11342,0
11343,0
11344,2
11345,2
11346,0
11347,0
11348,0
11349,0
11350,2
11351,0
11352,0
11353,0
11354,0
11355,2
11356,2
11357,2
11358,2
11359,2
11360,0
11361,0
11362,2
11363,2
11364,0
11365,0
11366,0
11367,2
11368,0
11369,0
11370,0
11371,0
11372,0
11373,0
11374,0
11375,2
11376,0
11377,0
11378,0
11379,1
11380,1
11381,0
11382,0
11383,0
11384,1
11385,2
11386,0
11387,0
11388,0
11389,0
11390,0
11391,2
11392,0
11393,0
11394,0
11395,0
11396,0
11397,1
11398,2
11399,2
11400,0
11401,0
11402,0
11403,0
11404,0
11405,2
11406,2
11407,0
11408,0
11409,2
11410,1
11411,0
11412,0
11413,2
11414,2
11415,2
11416,0
11417,0
11418,0
11419,0
11420,2
11421,2
11422,2
11423,0
11424,0
11425,0
11426,0
11427,0
11428,0
11429,0
11430,0
11431,0
11432,2
11433,2
11434,2
11435,2
11436,2
11437,2
11438,0
11439,0
11440,0
11441,0
11442,2
11443,2
11444,2
11445,2
11446,1
11447,0
11448,0
11449,0
11450,0
11451,2
11452,0
11453,2
11454,0
11455,2
11456,0
11457,0
11458,0
11459,0
11460,0
11461,0
11462,0
11463,0
11464,0
11465,0
11466,0
11467,0
11468,0
11469,0
11470,1
11471,0
11472,0
11473,0
11474,0
11475,0
11476,2
11477,0
11478,0
11479,0
11480,0
11481,2
11482,2
11483,2
11484,2
11485,2
11486,0
11487,2
11488,0
11489,0
11490,0
11491,2
11492,0
11493,0
11494,0
11495,2
11496,2
11497,2
11498,2
11499,1
11500,1
11501,2
11502,2
11503,2
11504,2
11505,2
11506,2
11507,2
11508,2
11509,0
11510,2
11511,2
11512,2
11513,0
11514,1
11515,1
11516,2
11517,2
11518,2
11519,2
11520,2
11521,2
11522,0
11523,2
11524,0
11525,2
11526,2
11527,0
11528,2
11529,0
11530,0
11531,0
11532,2
11533,0
11534,2
11535,0
11536,0
11537,0
11538,0
11539,2
11540,2
11541,2
11542,2
11543,0
11544,2
11545,2
11546,2
11547,2
11548,0
11549,2
11550,2
11551,0
11552,0
11553,0
11554,2
11555,0
11556,2
11557,2
11558,2
11559,2
11560,2
11561,2
11562,2
11563,0
11564,2
11565,2
11566,2
11567,2
11568,2
11569,2
11570,2
11571,2
11572,0
11573,2
11574,2
11575,2
11576,2
11577,2
11578,0
11579,0
11580,0
11581,2
11582,2
11583,2
11584,2
11585,2
11586,1
11587,0
11588,0
11589,1
11590,2
11591,0
11592,0
11593,0
11594,0
11595,0
11596,2
11597,0
11598,0
11599,0
11600,0
11601,0
11602,2
11603,0
11604,0
11605,0
11606,0
11607,2
11608,2
11609,0
11610,2
11611,2
11612,0
11613,0
11614,0
11615,1
11616,2
11617,0
11618,0
11619,0
11620,2
11621,0
11622,0
11623,0
11624,1
11625,0
11626,2
11627,1
11628,0
11629,0
11630,0
11631,2
11632,0
11633,0
11634,0
11635,0
11636,2
11637,2
11638,0
11639,0
11640,2
11641,0
11642,2
11643,2
11644,0
11645,2
11646,0
11647,0
11648,0
11649,0
11650,0
11651,2
11652,0
11653,0
11654,0
11655,0
11656,0
11657,0
11658,2
11659,0
11660,2
11661,1
11662,0
11663,2
11664,0
11665,0
11666,0
11667,0
11668,0
11669,0
11670,0
11671,0
11672,0
11673,0
11674,0
11675,0
11676,0
11677,0
11678,0
11679,2
11680,2
11681,2
11682,2
11683,0
11684,0
11685,0
11686,0
11687,0
11688,0
11689,0
11690,0
11691,2
11692,2
11693,2
11694,2
11695,2
11696,2
11697,1
11698,0
11699,2
11700,0
11701,0
11702,0
11703,0
11704,0
11705,0
11706,0
11707,2
11708,2
11709,0
11710,2
11711,0
11712,0
11713,0
11714,2
11715,2
11716,0
11717,1
11718,0
11719,2
11720,0
11721,1
11722,2
11723,0
11724,2
11725,2
11726,0
11727,0
11728,2
11729,2
11730,2
11731,0
11732,2
11733,0
11734,2
11735,2
11736,2
11737,2
11738,2
11739,0
11740,0
11741,0
11742,0
11743,0
11744,0
11745,0
11746,0
11747,0
11748,0
11749,0
11750,0
11751,0
11752,0
11753,0
11754,0
11755,0
11756,0
11757,0
11758,0
11759,0
11760,2
11761,2
11762,0
11763,0
11764,0
11765,0
11766,0
11767,0
11768,0
11769,2
11770,0
11771,0
11772,0
11773,0
11774,0
11775,0
11776,2
11777,0
11778,2
11779,0
11780,0
11781,1
11782,0
11783,2
11784,2
11785,0
11786,2
11787,0
11788,0
11789,1
11790,1
11791,2
11792,0
11793,0
11794,0
11795,0
11796,0
11797,2
11798,0
11799,2
11800,2
11801,0
11802,0
11803,0
11804,0
11805,2
11806,2
11807,0
11808,2
11809,2
11810,0
11811,0
11812,0
11813,1
11814,2
11815,1
11816,2
11817,1
11818,1
11819,0
11820,0
11821,0
11822,0
11823,1
11824,2
11825,2
11826,2
11827,0
11828,0
11829,0
11830,0
11831,2
11832,0
11833,0
11834,0
11835,2
11836,2
11837,2
11838,0
11839,0
11840,0
11841,0
11842,0
11843,0
11844,1
11845,0
11846,0
11847,0
11848,1
11849,0
11850,1
11851,2
11852,0
11853,0
11854,0
11855,0
11856,2
11857,0
11858,0
11859,0
11860,2
11861,0
11862,0
11863,0
11864,0
11865,0
11866,2
11867,2
11868,0
11869,0
11870,0
11871,0
11872,2
11873,0
11874,2
11875,2
11876,0
11877,0
11878,0
11879,0
11880,0
11881,2
11882,2
11883,2
11884,0
11885,0
11886,2
11887,0
11888,2
11889,0
11890,1
11891,1
11892,0
11893,0
11894,0
11895,0
11896,2
11897,2
11898,0
11899,0
11900,0
11901,0
11902,0
11903,0
11904,0
11905,0
11906,0
11907,2
11908,0
11909,2
11910,2
11911,2
11912,2
11913,2
11914,0
11915,2
11916,2
11917,2
11918,0
11919,0
11920,2
11921,2
11922,2
11923,2
11924,2
11925,2
11926,2
11927,0
11928,2
11929,0
11930,0
11931,0
11932,0
11933,2
11934,2
11935,0
11936,2
11937,2
11938,0
11939,0
11940,0
11941,0
11942,0
11943,2
11944,0
11945,2
11946,2
11947,2
11948,0
11949,1
11950,0
11951,0
11952,0
11953,0
11954,0
11955,2
11956,0
11957,0
11958,2
11959,0
11960,0
11961,0
11962,0
11963,0
11964,0
11965,0
11966,0
11967,0
11968,0
11969,0
11970,2
11971,2
11972,2
11973,0
11974,0
11975,1
11976,0
11977,0
11978,0
11979,0
11980,0
11981,2
11982,0
11983,2
11984,1
11985,0
11986,0
11987,0
11988,0
11989,0
11990,0
11991,0
11992,0
11993,0
11994,0
11995,2
11996,0
11997,0
11998,0
11999,0
12000,0
12001,0
12002,0
12003,2
12004,2
12005,1
12006,1
12007,1
12008,1
12009,1
12010,1
12011,0
12012,0
12013,0
12014,0
12015,2
12016,2
12017,2
12018,2
12019,2
12020,0
12021,2
12022,0
12023,1
12024,0
12025,0
12026,0
12027,1
12028,2
12029,2
12030,0
12031,0
12032,0
12033,0
12034,2
12035,0
12036,2
12037,0
12038,0
12039,0
12040,2
12041,2
12042,2
12043,2
12044,0
12045,2
12046,0
12047,2
12048,2
12049,0
12050,0
12051,0
12052,0
12053,0
12054,0
12055,2
12056,0
12057,2
12058,2
12059,0
12060,2
12061,2
12062,0
12063,0
12064,0
12065,0
12066,0
12067,0
12068,0
12069,0
12070,0
12071,0
12072,0
12073,0
12074,2
12075,0
12076,0
12077,0
12078,0
12079,2
12080,0
12081,2
12082,2
12083,2
12084,2
12085,0
12086,0
12087,0
12088,0
12089,2
12090,2
12091,0
12092,2
12093,0
12094,0
12095,0
12096,0
12097,0
12098,2
12099,1
12100,2
12101,2
12102,2
12103,2
12104,1
12105,1
12106,1
12107,2
12108,1
12109,0
12110,2
12111,2
12112,2
12113,2
12114,2
12115,2
12116,2
12117,2
12118,2
12119,2
12120,2
12121,2
12122,2
12123,0
12124,2
12125,2
12126,2
12127,2
12128,0
12129,0
12130,0
12131,0
12132,0
12133,2
12134,2
12135,2
12136,2
12137,2
12138,0
12139,2
12140,0
12141,0
12142,0
12143,0
12144,0
12145,2
12146,2
12147,2
12148,2
12149,0
12150,2
12151,2
12152,0
12153,0
12154,1
12155,0
12156,2
12157,0
12158,2
12159,2
12160,0
12161,0
12162,2
12163,2
12164,0
12165,2
12166,0
12167,0
12168,2
12169,2
12170,2
12171,2
12172,2
12173,2
12174,2
12175,0
12176,2
12177,0
12178,1
12179,0
12180,0
12181,0
12182,0
12183,2
12184,2
12185,2
12186,2
12187,0
12188,2
12189,2
12190,2
12191,2
12192,2
12193,2
12194,2
12195,2
12196,0
12197,0
12198,0
12199,2
12200,2
12201,2
12202,2
12203,0
12204,2
12205,2
12206,0
12207,2
12208,2
12209,0
12210,0
12211,0
12212,2
12213,0
12214,2
12215,0
12216,0
12217,0
12218,0
12219,0
12220,2
12221,0
12222,0
12223,0
12224,2
12225,0
12226,2
12227,1
12228,2
12229,0
12230,2
12231,0
12232,1
12233,0
12234,0
12235,0
12236,2
12237,2
12238,1
12239,0
12240,2
12241,2
12242,2
12243,0
12244,2
12245,0
12246,0
12247,0
12248,0
12249,0
12250,0
12251,0
12252,2
12253,2
12254,2
12255,0
12256,2
12257,0
12258,0
12259,0
12260,0
12261,0
12262,0
12263,2
12264,2
12265,2
12266,0
12267,0
12268,0
12269,2
12270,2
12271,2
12272,2
12273,2
12274,0
12275,0
12276,0
12277,0
12278,0
12279,2
12280,2
12281,0
12282,2
12283,2
12284,1
12285,2
12286,2
12287,0
12288,2
12289,2
12290,0
12291,0
12292,2
12293,2
12294,2
12295,0
12296,0
12297,2
12298,2
12299,0
12300,2
12301,2
12302,0
12303,2
12304,2
12305,2
12306,0
12307,1
12308,2
12309,2
12310,0
12311,2
12312,2
12313,2
12314,2
12315,0
12316,0
12317,0
12318,2
12319,0
12320,2
12321,0
12322,2
12323,2
12324,0
12325,2
12326,2
12327,0
12328,0
12329,0
12330,0
12331,2
12332,2
12333,2
12334,2
12335,2
12336,2
12337,2
12338,2
12339,2
12340,2
12341,2
12342,2
12343,1
12344,0
12345,0
12346,2
12347,0
12348,2
12349,0
12350,0
12351,2
12352,0
12353,2
12354,2
12355,2
12356,2
12357,0
12358,2
12359,0
12360,2
12361,2
12362,0
12363,2
12364,0
12365,0
12366,2
12367,0
12368,2
12369,2
12370,0
12371,2
12372,0
12373,1
12374,0
12375,0
12376,1
12377,0
12378,1
12379,2
12380,2
12381,0
12382,0
12383,0
12384,0
12385,1
12386,2
12387,2
12388,0
12389,0
12390,2
12391,2
12392,0
12393,1
12394,1
12395,2
12396,0
12397,1
12398,1
12399,1
12400,1
12401,1
12402,1
12403,0
12404,1
12405,1
12406,1
12407,2
12408,0
12409,1
12410,0
12411,1
12412,1
12413,1
12414,1
12415,1
12416,1
12417,1
12418,1
12419,0
12420,0
12421,2
12422,2
12423,1
12424,1
12425,0
12426,2
12427,2
12428,0
12429,2
12430,2
12431,2
12432,2
12433,2
12434,0
12435,2
12436,0
12437,0
12438,0
12439,2
12440,2
12441,0
12442,2
12443,0
12444,2
12445,0
12446,2
12447,0
12448,0
12449,2
12450,1
12451,2
12452,0
12453,2
12454,0
12455,0
12456,0
12457,0
12458,0
12459,2
12460,2
12461,2
12462,0
12463,0
12464,0
12465,0
12466,0
12467,0
12468,0
12469,0
12470,0
12471,1
12472,1
12473,1
12474,1
12475,2
12476,0
12477,0
12478,0
12479,2
12480,1
12481,0
12482,0
12483,0
12484,0
12485,2
12486,0
12487,2
12488,0
12489,2
12490,0
12491,0
12492,0
12493,0
12494,0
12495,0
12496,2
12497,2
12498,2
12499,2
12500,0
12501,2
12502,0
12503,2
12504,1
12505,1
12506,0
12507,1
12508,0
12509,2
12510,0
12511,0
12512,0
12513,0
12514,2
12515,0
12516,0
12517,1
12518,0
12519,1
12520,2
12521,2
12522,2
12523,2
12524,0
12525,2
12526,1
12527,1
12528,2
12529,0
12530,0
12531,0
12532,2
12533,2
12534,2
12535,0
12536,1
12537,0
12538,2
12539,2
12540,0
12541,0
12542,0
12543,0
12544,0
12545,0
12546,2
12547,0
12548,0
12549,0
12550,0
12551,2
12552,0
12553,0
12554,0
12555,2
12556,0
12557,0
12558,2
12559,0
12560,0
12561,2
12562,2
12563,0
12564,0
12565,0
12566,0
12567,0
12568,2
12569,2
12570,0
12571,2
12572,2
12573,1
12574,0
12575,0
12576,0
12577,0
12578,0
12579,1
12580,0
12581,0
12582,1
12583,2
12584,0
12585,2
12586,2
12587,1
12588,1
12589,2
12590,2
12591,2
12592,2
12593,2
12594,0
12595,2
12596,0
12597,2
12598,2
12599,2
12600,2
12601,2
12602,2
12603,2
12604,0
12605,0
12606,0
12607,2
12608,1
12609,1
12610,2
12611,0
12612,2
12613,2
12614,0
12615,2
12616,0
12617,0
12618,0
12619,0
12620,0
12621,0
12622,0
12623,2
12624,2
12625,0
12626,0
12627,0
12628,2
12629,0
12630,2
12631,2
12632,0
12633,2
12634,1
12635,0
12636,2
12637,2
12638,2
12639,1
12640,1
12641,2
12642,2
12643,0
12644,2
12645,2
12646,1
12647,0
12648,0
12649,2
12650,1
12651,2
12652,2
12653,0
12654,0
12655,0
12656,2
12657,2
12658,2
12659,0
12660,2
12661,0
12662,2
12663,2
12664,1
12665,1
12666,2
12667,1
12668,0
12669,2
12670,2
12671,2
12672,1
12673,0
12674,2
12675,2
12676,2
12677,2
12678,1
12679,2
12680,2
12681,0
12682,0
12683,0
12684,1
12685,2
12686,2
12687,2
12688,2
12689,1
12690,2
12691,2
12692,2
12693,0
12694,2
12695,2
12696,0
12697,0
12698,2
12699,0
12700,0
12701,0
12702,0
12703,2
12704,0
12705,0
12706,0
12707,0
12708,0
12709,0
12710,0
12711,0
12712,0
12713,0
12714,0
12715,0
12716,0
12717,0
12718,0
12719,2
12720,1
12721,2
12722,2
12723,2
12724,0
12725,0
12726,0
12727,0
12728,0
12729,0
12730,1
12731,2
12732,0
12733,0
12734,2
12735,2
12736,1
12737,2
12738,0
12739,0
12740,0
12741,2
12742,2
12743,2
12744,2
12745,0
12746,2
12747,2
12748,0
12749,0
12750,0
12751,0
12752,0
12753,0
12754,0
12755,0
12756,0
12757,2
12758,0
12759,0
12760,1
12761,2
12762,2
12763,0
12764,2
12765,2
12766,0
12767,0
12768,0
12769,2
12770,0
12771,0
12772,0
12773,0
12774,1
12775,2
12776,2
12777,2
12778,0
12779,2
12780,2
12781,2
12782,0
12783,0
12784,0
12785,2
12786,1
12787,0
12788,2
12789,0
12790,0
12791,0
12792,2
12793,2
12794,1
12795,2
12796,0
12797,2
12798,2
12799,2
12800,1
12801,1
12802,0
12803,2
12804,2
12805,1
12806,2
12807,2
12808,2
12809,2
12810,0
12811,2
12812,2
12813,0
12814,2
12815,2
12816,0
12817,2
12818,0
12819,0
12820,2
12821,2
12822,2
12823,0
12824,1
12825,1
12826,2
12827,2
12828,1
12829,0
12830,1
12831,0
12832,2
12833,0
12834,2
12835,2
12836,1
12837,2
12838,2
12839,2
12840,0
12841,0
12842,2
12843,2
12844,1
12845,0
12846,2
12847,0
12848,2
12849,2
12850,2
12851,2
12852,2
12853,2
12854,2
12855,2
12856,2
12857,2
12858,2
12859,0
12860,0
12861,0
12862,0
12863,2
12864,0
12865,0
12866,1
12867,0
12868,2
12869,0
12870,2
12871,2
12872,2
12873,0
12874,0
12875,0
12876,0
12877,0
12878,0
12879,0
12880,0
12881,2
12882,2
12883,2
12884,2
12885,0
12886,2
12887,0
12888,0
12889,1
12890,0
12891,0
12892,0
12893,0
12894,0
12895,0
12896,0
12897,0
12898,1
12899,0
12900,1
12901,0
12902,0
12903,0
12904,2
12905,0
12906,2
12907,0
12908,0
12909,0
12910,0
12911,2
12912,2
12913,0
12914,0
12915,2
12916,0
12917,0
12918,0
12919,0
12920,0
12921,1
12922,0
12923,2
12924,0
12925,2
12926,1
12927,2
12928,2
12929,2
12930,2
12931,0
12932,1
12933,2
12934,1
12935,1
12936,1
12937,1
12938,1
12939,1
12940,1
12941,1
12942,1
12943,1
12944,1
12945,1
12946,1
12947,0
12948,2
12949,0
12950,0
12951,0
12952,0
12953,0
12954,0
12955,1
12956,0
12957,2
12958,2
12959,2
12960,2
12961,2
12962,2
12963,0
12964,0
12965,0
12966,0
12967,0
12968,0
12969,2
12970,0
12971,0
12972,0
12973,2
12974,2
12975,0
12976,0
12977,0
12978,2
12979,0
12980,0
12981,0
12982,0
12983,0
12984,2
12985,2
12986,0
12987,2
12988,0
12989,1
12990,0
12991,0
12992,0
12993,0
12994,0
12995,0
12996,0
12997,0
12998,0
12999,0
13000,0
13001,0
13002,2
13003,2
13004,0
13005,2
13006,0
13007,0
13008,0
13009,0
13010,0
13011,0
13012,0
13013,0
13014,0
13015,0
13016,0
13017,0
13018,0
13019,0
13020,0
13021,0
13022,2
13023,0
13024,0
13025,0
13026,0
13027,0
13028,1
13029,0
13030,0
13031,0
13032,0
13033,0
13034,0
13035,0
13036,0
13037,0
13038,0
13039,0
13040,0
13041,1
13042,2
13043,0
13044,0
13045,0
13046,2
13047,2
13048,0
13049,0
13050,0
13051,0
13052,0
13053,0
13054,0
13055,2
13056,0
13057,0
13058,0
13059,0
13060,0
13061,0
13062,0
13063,0
13064,0
13065,0
13066,0
13067,0
13068,2
13069,0
13070,0
13071,0
13072,0
13073,0
13074,0
13075,0
13076,0
13077,2
13078,2
13079,0
13080,0
13081,0
13082,0
13083,0
13084,0
13085,2
13086,2
13087,1
13088,2
13089,1
13090,1
13091,1
13092,1
13093,1
13094,0
13095,2
13096,0
13097,1
13098,0
13099,2
13100,0
13101,0
13102,2
13103,0
13104,0
13105,0
13106,2
13107,2
13108,2
13109,0
13110,0
13111,0
13112,0
13113,0
13114,2
13115,0
13116,1
13117,0
13118,0
13119,0
13120,2
13121,0
13122,0
13123,0
13124,2
13125,2
13126,2
13127,2
13128,2
13129,2
13130,2
13131,2
13132,2
13133,0
13134,0
13135,0
13136,0
13137,2
13138,2
13139,2
13140,0
13141,0
13142,0
13143,0
13144,2
13145,0
13146,0
13147,2
13148,2
13149,0
13150,0
13151,0
13152,0
13153,2
13154,0
13155,0
13156,1
13157,0
13158,0
13159,0
13160,0
13161,0
13162,0
13163,0
13164,0
13165,1
13166,1
13167,0
13168,1
13169,1
13170,2
13171,1
13172,0
13173,0
13174,0
13175,2
13176,0
13177,0
13178,0
13179,0
13180,0
13181,0
13182,2
13183,0
13184,2
13185,2
13186,0
13187,0
13188,0
13189,0
13190,0
13191,0
13192,0
13193,1
13194,0
13195,2
13196,1
13197,0
13198,0
13199,0
13200,0
13201,0
13202,0
13203,0
13204,2
13205,0
13206,2
13207,0
13208,2
13209,2
13210,2
13211,0
13212,0
13213,0
13214,0
13215,0
13216,0
13217,0
13218,0
13219,0
13220,0
13221,0
13222,0
13223,0
13224,0
13225,0
13226,0
13227,2
13228,2
13229,1
13230,0
13231,0
13232,2
13233,0
13234,0
13235,0
13236,0
13237,2
13238,0
13239,0
13240,0
13241,1
13242,2
13243,0
13244,2
13245,2
13246,1
13247,1
13248,1
13249,2
13250,1
13251,1
13252,2
13253,1
13254,1
13255,0
13256,0
13257,0
13258,0
13259,2
13260,0
13261,0
13262,0
13263,1
13264,1
13265,0
13266,1
13267,0
13268,2
13269,0
13270,2
13271,0
13272,2
13273,0
13274,1
13275,0
13276,0
13277,0
13278,2
13279,2
13280,2
13281,2
13282,2
13283,2
13284,0
13285,2
13286,2
13287,2
13288,2
13289,0
13290,0
13291,0
13292,2
13293,2
13294,2
13295,2
13296,2
13297,2
13298,2
13299,0
13300,2
13301,2
13302,2
13303,0
13304,1
13305,0
13306,0
13307,0
13308,2
13309,2
13310,0
13311,0
13312,0
13313,2
13314,2
13315,0
13316,0
13317,0
13318,0
13319,0
13320,0
13321,2
13322,0
13323,0
13324,1
13325,0
13326,2
13327,0
13328,0
13329,2
13330,0
13331,0
13332,0
13333,0
13334,0
13335,0
13336,1
13337,0
13338,2
13339,2
13340,2
13341,0
13342,2
13343,2
13344,2
13345,2
13346,2
13347,2
13348,0
13349,0
13350,0
13351,0
13352,0
13353,0
13354,0
13355,2
13356,0
13357,2
13358,2
13359,1
13360,0
13361,2
13362,2
13363,0
13364,0
13365,2
13366,2
13367,0
13368,0
13369,1
13370,0
13371,0
13372,0
13373,0
13374,0
13375,0
13376,1
13377,0
13378,0
13379,2
13380,0
13381,2
13382,0
13383,1
13384,1
13385,0
13386,0
13387,2
13388,2
13389,0
13390,0
13391,2
13392,0
13393,2
13394,0
13395,0
13396,2
13397,2
13398,0
13399,0
13400,2
13401,0
13402,0
13403,0
13404,0
13405,0
13406,0
13407,0
13408,2
13409,0
13410,2
13411,0
13412,0
13413,0
13414,0
13415,0
13416,0
13417,0
13418,0
13419,0
13420,0
13421,2
13422,2
13423,0
13424,0
13425,2
13426,2
13427,2
13428,2
13429,0
13430,2
13431,0
13432,0
13433,1
13434,0
13435,2
13436,0
13437,2
13438,0
13439,0
13440,0
13441,0
13442,0
13443,0
13444,0
13445,0
13446,0
13447,0
13448,0
13449,0
13450,0
13451,0
13452,2
13453,2
13454,0
13455,2
13456,2
13457,0
13458,0
13459,2
13460,2
13461,2
13462,2
13463,2
13464,2
13465,0
13466,0
13467,2
13468,0
13469,0
13470,2
13471,2
13472,0
13473,2
13474,0
13475,2
13476,0
13477,2
13478,0
13479,2
13480,2
13481,2
13482,0
13483,0
13484,0
13485,2
13486,0
13487,0
13488,1
13489,1
13490,0
13491,0
13492,0
13493,0
13494,0
13495,0
13496,0
13497,0
13498,0
13499,0
13500,0
13501,0
13502,2
13503,2
13504,0
13505,2
13506,0
13507,0
13508,2
13509,2
13510,2
13511,2
13512,2
13513,0
13514,0
13515,2
13516,2
13517,0
13518,0
13519,0
13520,0
13521,0
13522,0
13523,2
13524,0
13525,2
13526,0
13527,0
13528,0
13529,1
13530,2
13531,0
13532,0
13533,0
13534,1
13535,1
13536,0
13537,0
13538,0
13539,0
13540,2
13541,0
13542,2
13543,1
13544,0
13545,2
13546,2
13547,2
13548,0
13549,2
13550,0
13551,0
13552,0
13553,0
13554,1
13555,1
13556,0
13557,2
13558,2
13559,0
13560,0
13561,2
13562,2
13563,0
13564,2
13565,0
13566,0
13567,0
13568,0
13569,0
13570,0
13571,0
13572,0
13573,2
13574,2
13575,0
13576,1
13577,2
13578,1
13579,2
13580,2
13581,0
13582,2
13583,2
13584,0
13585,0
13586,0
13587,0
13588,0
13589,2
13590,1
13591,1
13592,1
13593,1
13594,2
13595,0
13596,0
13597,1
13598,0
13599,2
13600,0
13601,0
13602,0
13603,0
13604,2
13605,0
13606,1
13607,0
13608,0
13609,1
13610,0
13611,1
13612,1
13613,1
13614,2
13615,2
13616,2
13617,2
13618,2
13619,0
13620,2
13621,1
13622,2
13623,0
13624,0
13625,0
13626,0
13627,0
13628,0
13629,0
13630,0
13631,1
13632,1
13633,0
13634,0
13635,0
13636,0
13637,0
13638,2
13639,2
13640,2
13641,2
13642,0
13643,1
13644,0
13645,0
13646,0
13647,1
13648,0
13649,2
13650,2
13651,2
13652,2
13653,2
13654,2
13655,0
13656,0
13657,0
13658,0
13659,2
13660,2
13661,2
13662,0
13663,0
13664,1
13665,2
13666,2
13667,0
13668,0
13669,1
13670,2
13671,2
13672,2
13673,0
13674,1
13675,2
13676,2
13677,2
13678,2
13679,0
13680,2
13681,2
13682,0
13683,0
13684,0
13685,2
13686,0
13687,1
13688,0
13689,0
13690,2
13691,2
13692,0
13693,2
13694,0
13695,0
13696,0
13697,0
13698,0
13699,0
13700,2
13701,2
13702,2
13703,0
13704,0
13705,0
13706,1
13707,0
13708,0
13709,2
13710,2
13711,2
13712,2
13713,2
13714,0
13715,0
13716,0
13717,0
13718,2
13719,0
13720,2
13721,0
13722,2
13723,2
13724,0
13725,0
13726,2
13727,2
13728,2
13729,2
13730,2
13731,2
13732,2
13733,2
13734,2
13735,2
13736,2
13737,0
13738,2
13739,2
13740,0
13741,2
13742,2
13743,2
13744,0
13745,2
13746,1
13747,2
13748,2
13749,2
13750,2
13751,2
13752,2
13753,2
13754,2
13755,0
13756,1
13757,1
13758,2
13759,2
13760,2
13761,0
13762,2
13763,2
13764,2
13765,2
13766,2
13767,2
13768,2
13769,2
13770,2
13771,2
13772,2
13773,2
13774,0
13775,2
13776,0
13777,0
13778,2
13779,0
13780,0
13781,0
13782,0
13783,2
13784,2
13785,0
13786,0
13787,0
13788,1
13789,2
13790,0
13791,0
13792,0
13793,1
13794,0
13795,0
13796,0
13797,0
13798,0
13799,0
13800,0
13801,0
13802,0
13803,2
13804,0
13805,2
13806,2
13807,0
13808,0
13809,2
13810,2
13811,2
13812,2
13813,0
13814,0
13815,0
13816,0
13817,0
13818,0
13819,0
13820,2
13821,1
13822,2
13823,0
13824,2
13825,0
13826,2
13827,2
13828,2
13829,0
13830,0
13831,0
13832,0
13833,2
13834,2
13835,2
13836,0
13837,0
13838,2
13839,0
13840,2
13841,2
13842,0
13843,0
13844,0
13845,2
13846,2
13847,2
13848,0
13849,2
13850,2
13851,0
13852,2
13853,2
13854,0
13855,0
13856,0
13857,1
13858,0
13859,0
13860,0
13861,0
13862,0
13863,1
13864,0
13865,0
13866,1
13867,0
13868,0
13869,2
13870,1
13871,1
13872,1
13873,0
13874,0
13875,1
13876,0
13877,0
13878,2
13879,2
13880,0
13881,0
13882,2
13883,2
13884,0
13885,0
13886,0
13887,0
13888,0
13889,2
13890,0
13891,0
13892,0
13893,0
13894,0
13895,0
13896,1
13897,1
13898,2
13899,2
13900,2
13901,0
13902,0
13903,0
13904,0
13905,0
13906,1
13907,1
13908,2
13909,2
13910,1
13911,1
13912,1
13913,1
13914,1
13915,1
13916,1
13917,1
13918,1
13919,1
13920,1
13921,1
13922,1
13923,1
13924,1
13925,1
13926,1
13927,1
13928,1
13929,1
13930,1
13931,1
13932,1
13933,1
13934,1
13935,1
13936,0
13937,0
13938,2
13939,0
13940,2
13941,2
13942,1
13943,2
13944,2
13945,0
13946,0
13947,2
13948,0
13949,0
13950,0
13951,2
13952,1
13953,0
13954,0
13955,0
13956,0
13957,0
13958,0
13959,0
13960,2
13961,0
13962,2
13963,2
13964,0
13965,0
13966,0
13967,2
13968,0
13969,0
13970,2
13971,0
13972,2
13973,2
13974,0
13975,0
13976,0
13977,0
13978,1
13979,0
13980,0
13981,0
13982,2
13983,1
13984,1
13985,2
13986,0
13987,2
13988,2
13989,2
13990,2
13991,0
13992,0
13993,0
13994,2
13995,1
13996,0
13997,0
13998,2
13999,2
14000,2
14001,2
14002,2
14003,2
14004,2
14005,0
14006,2
14007,2
14008,0
14009,0
14010,0
14011,2
14012,2
14013,0
14014,0
14015,1
14016,1
14017,1
14018,0
14019,0
14020,0
14021,0
14022,2
14023,2
14024,0
14025,0
14026,2
14027,2
14028,2
14029,2
14030,2
14031,2
14032,2
14033,2
14034,0
14035,0
14036,2
14037,2
14038,2
14039,0
14040,0
14041,0
14042,2
14043,2
14044,0
14045,0
14046,2
14047,2
14048,2
14049,0
14050,0
14051,2
14052,2
14053,2
14054,2
14055,0
14056,2
14057,1
14058,2
14059,2
14060,2
14061,2
14062,2
14063,2
14064,2
14065,2
14066,2
14067,2
14068,2
14069,2
14070,0
14071,0
14072,2
14073,0
14074,0
14075,2
14076,2
14077,2
14078,2
14079,2
14080,2
14081,2
14082,0
14083,0
14084,2
14085,1
14086,2
14087,2
14088,2
14089,0
14090,0
14091,0
14092,0
14093,2
14094,0
14095,0
14096,0
14097,2
14098,1
14099,1
14100,2
14101,2
14102,2
14103,0
14104,2
14105,2
14106,0
14107,0
14108,0
14109,0
14110,0
14111,0
14112,1
14113,0
14114,0
14115,0
14116,0
14117,0
14118,0
14119,0
14120,2
14121,2
14122,0
14123,0
14124,0
14125,0
14126,0
14127,0
14128,1
14129,0
14130,0
14131,0
14132,0
14133,0
14134,0
14135,0
14136,1
14137,2
14138,2
14139,0
14140,0
14141,0
14142,2
14143,0
14144,0
14145,0
14146,0
14147,0
14148,0
14149,0
14150,0
14151,0
14152,0
14153,0
14154,0
14155,0
14156,2
14157,0
14158,0
14159,0
14160,2
14161,0
14162,2
14163,2
14164,2
14165,0
14166,2
14167,0
14168,0
14169,2
14170,2
14171,2
14172,0
14173,0
14174,2
14175,0
14176,0
14177,2
14178,0
14179,0
14180,0
14181,0
14182,0
14183,0
14184,0
14185,0
14186,0
14187,0
14188,0
14189,0
14190,0
14191,0
14192,0
14193,0
14194,0
14195,0
14196,0
14197,0
14198,0
14199,0
14200,2
14201,0
14202,2
14203,0
14204,2
14205,2
14206,0
14207,0
14208,0
14209,1
14210,1
14211,0
14212,1
14213,2
14214,0
14215,1
14216,0
14217,0
14218,0
14219,0
14220,0
14221,0
14222,2
14223,0
14224,0
14225,2
14226,0
14227,0
14228,0
14229,0
14230,0
14231,2
14232,2
14233,2
14234,0
14235,2
14236,0
14237,0
14238,0
14239,0
14240,0
14241,0
14242,2
14243,0
14244,0
14245,0
14246,0
14247,0
14248,2
14249,0
14250,0
14251,2
14252,2
14253,0
14254,0
14255,0
14256,0
14257,0
14258,2
14259,0
14260,0
14261,2
14262,2
14263,2
14264,2
14265,0
14266,0
14267,0
14268,0
14269,2
14270,0
14271,0
14272,0
14273,2
14274,2
14275,0
14276,2
14277,2
14278,2
14279,0
14280,2
14281,0
14282,0
14283,2
14284,0
14285,0
14286,0
14287,0
14288,0
14289,1
14290,0
14291,0
14292,2
14293,2
14294,2
14295,2
14296,2
14297,2
14298,0
14299,0
14300,0
14301,0
14302,0
14303,2
14304,0
14305,0
14306,0
14307,0
14308,0
14309,0
14310,0
14311,1
14312,1
14313,1
14314,0
14315,1
14316,0
14317,2
14318,0
14319,2
14320,1
14321,0
14322,0
14323,0
14324,0
14325,2
14326,2
14327,0
14328,0
14329,0
14330,2
14331,0
14332,2
14333,0
14334,0
14335,2
14336,0
14337,2
14338,2
14339,2
14340,2
14341,2
14342,2
14343,2
14344,2
14345,2
14346,2
14347,2
14348,2
14349,2
14350,2
14351,2
14352,2
14353,2
14354,2
14355,0
14356,2
14357,2
14358,2
14359,2
14360,2
14361,2
14362,2
14363,2
14364,0
14365,2
14366,2
14367,2
14368,2
14369,0
14370,0
14371,0
14372,0
14373,2
14374,0
14375,0
14376,0
14377,2
14378,2
14379,0
14380,2
14381,0
14382,2
14383,2
14384,2
14385,2
14386,2
14387,2
14388,0
14389,2
14390,2
14391,2
14392,2
14393,2
14394,0
14395,2
14396,2
14397,2
14398,2
14399,2
14400,2
14401,0
14402,2
14403,2
14404,2
14405,2
14406,2
14407,2
14408,0
14409,2
14410,0
14411,2
14412,2
14413,2
14414,2
14415,2
14416,2
14417,0
14418,2
14419,2
14420,0
14421,0
14422,0
14423,2
14424,0
14425,0
14426,0
14427,0
14428,0
14429,2
14430,2
14431,2
14432,2
14433,0
14434,2
14435,1
14436,2
14437,2
14438,2
14439,2
14440,2
14441,2
14442,2
14443,2
14444,2
14445,2
14446,2
14447,2
14448,0
14449,2
14450,2
14451,2
14452,2
14453,2
14454,0
14455,2
14456,2
14457,2
14458,2
14459,2
14460,2
14461,2
14462,2
14463,0
14464,2
14465,1
14466,2
14467,1
14468,2
14469,0
14470,0
14471,0
14472,0
14473,0
14474,1
14475,2
14476,0
14477,2
14478,2
14479,0
14480,0
14481,0
14482,0
14483,0
14484,0
14485,2
14486,0
14487,0
14488,0
14489,0
14490,2
14491,0
14492,0
14493,0
14494,0
14495,2
14496,0
14497,2
14498,2
14499,0
14500,0
14501,0
14502,2
14503,2
14504,0
14505,0
14506,0
14507,0
14508,0
14509,0
14510,2
14511,2
14512,2
14513,2
14514,0
14515,0
14516,2
14517,0
14518,0
14519,0
14520,0
14521,0
14522,0
14523,0
14524,0
14525,2
14526,0
14527,2
14528,0
14529,0
14530,0
14531,2
14532,0
14533,2
14534,0
14535,0
14536,0
14537,0
14538,0
14539,0
14540,0
14541,0
14542,2
14543,2
14544,2
14545,0
14546,2
14547,2
14548,2
14549,2
14550,2
14551,2
14552,2
14553,2
14554,0
14555,2
14556,2
14557,2
14558,0
14559,2
14560,2
14561,2
14562,0
14563,0
14564,2
14565,0
14566,0
14567,2
14568,2
14569,0
14570,0
14571,0
14572,2
14573,0
14574,2
14575,2
14576,2
14577,2
14578,2
14579,0
14580,0
14581,2
14582,2
14583,2
14584,0
14585,2
14586,0
14587,0
14588,0
14589,0
14590,0
14591,0
14592,0
14593,0
14594,0
14595,0
14596,0
14597,0
14598,2
14599,2
14600,0
14601,0
14602,2
14603,2
14604,2
14605,0
14606,2
14607,0
14608,0
14609,0
14610,0
14611,0
14612,0
14613,0
14614,0
14615,2
14616,0
14617,2
14618,0
14619,2
14620,0
14621,2
14622,1
14623,1
14624,1
14625,1
14626,0
14627,0
14628,0
14629,1
14630,0
14631,0
14632,0
14633,0
14634,0
14635,0
14636,0
14637,0
14638,0
14639,0
14640,0
14641,0
14642,0
14643,2
14644,2
14645,2
14646,0
14647,2
14648,0
14649,0
14650,0
14651,0
14652,0
14653,2
14654,1
14655,1
14656,2
14657,0
14658,0
14659,0
14660,0
14661,0
14662,0
14663,0
14664,1
14665,0
14666,0
14667,0
14668,0
14669,0
14670,2
14671,0
14672,2
14673,1
14674,2
14675,0
14676,0
14677,0
14678,0
14679,0
14680,0
14681,2
14682,0
14683,0
14684,0
14685,0
14686,0
14687,0
14688,2
14689,0
14690,0
14691,0
14692,2
14693,2
14694,2
14695,2
14696,2
14697,2
14698,0
14699,0
14700,2
14701,0
14702,0
14703,0
14704,0
14705,2
14706,0
14707,2
14708,0
14709,0
14710,0
14711,0
14712,0
14713,2
14714,2
14715,2
14716,2
14717,2
14718,0
14719,1
14720,0
14721,0
14722,2
14723,2
14724,2
14725,0
14726,0
14727,0
14728,0
14729,2
14730,0
14731,0
14732,2
14733,0
14734,0
14735,2
14736,0
14737,2
14738,0
14739,0
14740,0
14741,0
14742,0
14743,2
14744,2
14745,1
14746,1
14747,1
14748,1
14749,0
14750,0
14751,0
14752,1
14753,0
14754,2
14755,0
14756,1
14757,0
14758,0
14759,0
14760,2
14761,2
14762,0
14763,1
14764,2
14765,0
14766,2
14767,1
14768,0
14769,2
14770,2
14771,2
14772,2
14773,2
14774,0
14775,0
14776,0
14777,2
14778,0
14779,2
14780,0
14781,0
14782,0
14783,0
14784,0
14785,2
14786,0
14787,0
14788,0
14789,1
14790,0
14791,0
14792,0
14793,2
14794,0
14795,0
14796,0
14797,0
14798,0
14799,2
14800,0
14801,0
14802,0
14803,2
14804,2
14805,2
14806,2
14807,2
14808,0
14809,0
14810,2
14811,1
14812,0
14813,0
14814,2
14815,1
14816,0
14817,2
14818,1
14819,0
14820,2
14821,2
14822,2
14823,2
14824,2
14825,2
14826,0
14827,0
14828,1
14829,0
14830,0
14831,0
14832,2
14833,0
14834,2
14835,0
14836,0
14837,0
14838,0
14839,0
14840,0
14841,0
14842,0
14843,2
14844,0
14845,0
14846,0
14847,0
