id,phrase,level,main_category,sub_category
1,after-sales service,C2,Business_Finance_Economy,Business_Management
2,ancient monument,C2,Education,Academic_Study
3,arrive at a total of,C2,Business_Finance_Economy,Economy_Markets
4,birth rate,B2,Business_Finance_Economy,Economy_Markets
5,become famous,C2,Psychology_Emotions,Motivation
6,come to a total of,C2,Business_Finance_Economy,Economy_Markets
7,big meal,B1,Health_Medicine,Nutrition_Diet
8,considerable amount,C2,Business_Finance_Economy,Economy_Markets
9,bitterly cold,C2,Psychology_Emotions,Feelings_Emotions
10,considerable number,C2,Business_Finance_Economy,Economy_Markets
11,bitterly disappointed,C2,Psychology_Emotions,Feelings_Emotions
12,constant interruptions,C2,Communication_Media_Arts,Speaking_Expressions
13,continual complaining,C2,Communication_Media_Arts,Speaking_Expressions
14,cause crime,C1,Society_Law_Politics,Law_Crime
15,decline in the number of,C2,Business_Finance_Economy,Economy_Markets
16,dramatic fall,C2,Business_Finance_Economy,Economy_Markets
17,fast food,B2,Health_Medicine,Nutrition_Diet
18,dramatic rise,C2,Business_Finance_Economy,Economy_Markets
19,get a job,B2,Business_Finance_Economy,Jobs_Careers
20,drop in the number of,C2,Business_Finance_Economy,Economy_Markets
21,heavy cold,B2,Health_Medicine,Healthcare_Hospital
22,enormous amount,C2,Business_Finance_Economy,Economy_Markets
23,heavy snow,B2,Science_Nature,Natural_Phenomena
24,enormous number,C2,Business_Finance_Economy,Economy_Markets
25,keep to the rules,C2,Society_Law_Politics,Law_Crime
26,even number,C1,Business_Finance_Economy,Economy_Markets
27,leave university,C2,Education,University_School
28,fall sharply,C1,Business_Finance_Economy,Economy_Markets
29,live music,B2,Communication_Media_Arts,Arts_Creativity
30,fall steeply,C1,Business_Finance_Economy,Economy_Markets
31,make a decision,C2,Daily_Life,General_Interactions
32,increase gradually,C2,Business_Finance_Economy,Economy_Markets
33,make a mistake,C2,Daily_Life,General_Interactions
34,increase in the number of,C2,Business_Finance_Economy,Economy_Markets
35,make an effort,C2,Daily_Life,General_Interactions
36,increase steadily,C2,Business_Finance_Economy,Economy_Markets
37,make a recording,C2,Technology_Digital,Software_Internet
38,keep asking,C1,Daily_Life,Routine_Activities
39,keep hitting,C1,Daily_Life,Routine_Activities
40,play the guitar,C2,Communication_Media_Arts,Arts_Creativity
41,keep interrupting,C2,Daily_Life,Routine_Activities
42,powerful engine,C2,Technology_Digital,Devices_Hardware
43,minute amount,C2,Business_Finance_Economy,Economy_Markets
44,minute number,C2,Business_Finance_Economy,Economy_Markets
45,quick meal,B2,Health_Medicine,Nutrition_Diet
46,odd number,B2,Business_Finance_Economy,Economy_Markets
47,stick to the rules,C2,Society_Law_Politics,Law_Crime
48,rare bird,B2,Daily_Life,General_Interactions
49,strictly forbidden,C2,Society_Law_Politics,Law_Crime
50,rare coin,B2,Daily_Life,General_Interactions
51,substantial meal,C2,Health_Medicine,Nutrition_Diet
52,rare disease,C1,Health_Medicine,Illness_Diseases
53,take a photo,C1,Daily_Life,General_Interactions
54,rare species,C1,Science_Nature,Biology_Life_Sciences
55,take up a profession,C2,Business_Finance_Economy,Jobs_Careers
56,rate falls,B2,Business_Finance_Economy,Economy_Markets
57,valid passport,C2,Education,Exams_Assessments
58,rate rises,B2,Business_Finance_Economy,Economy_Markets
59,watch tv,B1,Communication_Media_Arts,Speaking_Expressions
60,remain constant,C2,Technology_Digital,Artificial_Intelligence
61,write a song,C1,Communication_Media_Arts,Writing_Language
62,remain stable,C2,Technology_Digital,Artificial_Intelligence
63,desperately jealous,C2,Business_Finance_Economy,Economy_Markets
64,rise in the number of,C2,Business_Finance_Economy,Economy_Markets
65,desperately worried,C2,Business_Finance_Economy,Economy_Markets
66,rise sharply,C1,Business_Finance_Economy,Economy_Markets
67,do a course,C1,Education,University_School
68,rise steeply,C1,Business_Finance_Economy,Economy_Markets
69,do some shopping,C2,Daily_Life,Shopping_Everyday
70,significant amount,C2,Business_Finance_Economy,Economy_Markets
71,do some work,C1,Business_Finance_Economy,Jobs_Careers
72,significant number,C2,Business_Finance_Economy,Economy_Markets
73,do your duty,C1,Daily_Life,General_Interactions
74,substantial amount,C2,Business_Finance_Economy,Economy_Markets
75,ease the pain,C2,Health_Medicine,Illness_Diseases
76,substantial number,C2,Business_Finance_Economy,Economy_Markets
77,enrol on a course,C2,Education,University_School
78,surprising amount,C2,Business_Finance_Economy,Economy_Markets
79,extremely easy,C2,Daily_Life,General_Interactions
80,surprising number,C2,Business_Finance_Economy,Economy_Markets
81,find a way,B2,Daily_Life,General_Interactions
82,tiny amount,C1,Business_Finance_Economy,Economy_Markets
83,find your way,C2,Travel_Transportation,Navigation_Directions
84,tiny number,C1,Business_Finance_Economy,Economy_Markets
85,get divorced,C1,Daily_Life,General_Interactions
86,unit of currency,C2,Business_Finance_Economy,Finance_Banking
87,get in someone's way,C2,Daily_Life,General_Interactions
88,unit of electricity,C2,Daily_Life,General_Interactions
89,give a lecture,C2,Education,University_School
90,unit of length,C2,Daily_Life,General_Interactions
91,give someone a call,C2,Communication_Media_Arts,Speaking_Expressions
92,unit of measurement,C2,Science_Nature,Research_Methods
93,give someone a lift,C2,Daily_Life,General_Interactions
94,widespread damage,C2,Communication_Media_Arts,Speaking_Expressions
95,give someone a ring,C2,Communication_Media_Arts,Speaking_Expressions
96,widespread interest,C2,Communication_Media_Arts,Speaking_Expressions
97,give way to,C1,Daily_Life,General_Interactions
98,widespread poverty,C2,Society_Law_Politics,Social_Issues
99,have access to,C2,Daily_Life,General_Interactions
100,widespread support,C2,Communication_Media_Arts,Speaking_Expressions
101,have a chat,C1,Communication_Media_Arts,Speaking_Expressions
102,at breakneck speed,C2,Daily_Life,Routine_Activities
103,have a look,C1,Daily_Life,General_Interactions
104,brisk business,C2,Business_Finance_Economy,Business_Management
105,have a party,C1,Communication_Media_Arts,Arts_Creativity
106,brisk efficiency,C2,Business_Finance_Economy,Entrepreneurship
107,have a rest,C1,Daily_Life,General_Interactions
108,brisk pace,B2,Business_Finance_Economy,Entrepreneurship
109,lead a discussion,C2,Education,Classroom_Interaction
110,brisk walk,B2,Business_Finance_Economy,Entrepreneurship
111,lead a life,C1,Science_Nature,Biology_Life_Sciences
112,come to a standstill,C2,Health_Medicine,Healthcare_Hospital
113,lead an enquiry,C2,Daily_Life,General_Interactions
114,fast car,B1,Travel_Transportation,Road_Travel
115,lead an expedition,C2,Daily_Life,General_Interactions
116,fast computer,C2,Technology_Digital,Devices_Hardware
117,learn the hard way,C2,Education,Learning_Skills
118,fast lane,B2,Daily_Life,General_Interactions
119,fast pace,B2,Daily_Life,Routine_Activities
120,make a good impression,C2,Communication_Media_Arts,Media_Journalism
121,fast train,B2,Technology_Digital,Artificial_Intelligence
122,gather speed,C1,Daily_Life,Routine_Activities
123,make demands on,C2,Business_Finance_Economy,Economy_Markets
124,go astray,B2,Daily_Life,General_Interactions
125,make progress,C2,Daily_Life,General_Interactions
126,hasty conclusion,C2,Daily_Life,General_Interactions
127,make your way,C2,Daily_Life,General_Interactions
128,hasty decision,C2,Daily_Life,General_Interactions
129,meet requirements,C2,Daily_Life,General_Interactions
130,hasty exit,B2,Daily_Life,General_Interactions
131,piece of advice,C2,Daily_Life,General_Interactions
132,hasty words,C1,Daily_Life,General_Interactions
133,really enjoy,C1,Psychology_Emotions,Feelings_Emotions
134,in slow motion,C2,Daily_Life,General_Interactions
135,run a bath,B2,Daily_Life,Routine_Activities
136,leisurely breakfast,C2,Daily_Life,Routine_Activities
137,sharp bend,B2,Daily_Life,General_Interactions
138,lose your balance,C2,Psychology_Emotions,Stress_Mental_State
139,sharp contrast,C2,Daily_Life,General_Interactions
140,lose your footing,C2,Daily_Life,General_Interactions
141,sharp difference,C2,Daily_Life,General_Interactions
142,make a detour,C2,Travel_Transportation,Navigation_Directions
143,sharp distinction,C2,Daily_Life,General_Interactions
144,painfully slow,C2,Health_Medicine,Illness_Diseases
145,sharp drop,B2,Daily_Life,General_Interactions
146,pick up speed,C2,Daily_Life,Routine_Activities
147,sharp increase,C2,Daily_Life,General_Interactions
148,prompt payment,C2,Business_Finance_Economy,Finance_Banking
149,sharp pain,B2,Health_Medicine,Illness_Diseases
150,prompt reply,C1,Communication_Media_Arts,Speaking_Expressions
151,sharp rise,B2,Daily_Life,General_Interactions
152,prompt response,C2,Psychology_Emotions,Behavior
153,sharp turn,B2,Daily_Life,General_Interactions
154,quick answer,C1,Education,Classroom_Interaction
155,spend your time,C2,Daily_Life,Time_Management
156,quick decision,C2,Daily_Life,General_Interactions
157,study for a degree,C2,Education,Academic_Study
158,quick glance,C1,Daily_Life,General_Interactions
159,take a look,C1,Daily_Life,General_Interactions
160,quick look,B2,Daily_Life,General_Interactions
161,take an exam,C1,Education,Exams_Assessments
162,quick lunch,C1,Health_Medicine,Nutrition_Diet
163,take care of,C1,Travel_Transportation,Road_Travel
164,quick shower,C1,Daily_Life,Routine_Activities
165,thoroughly enjoy,C2,Psychology_Emotions,Feelings_Emotions
166,rapid change,C1,Daily_Life,General_Interactions
167,try every possible way,C2,Daily_Life,General_Interactions
168,rapid decline,C2,Business_Finance_Economy,Economy_Markets
169,university entry,C2,Education,University_School
170,rapid growth,C1,Daily_Life,General_Interactions
171,wise choice,C1,Daily_Life,General_Interactions
172,rapid increase,C2,Business_Finance_Economy,Economy_Markets
173,accept an offer,C2,Daily_Life,General_Interactions
174,rapid movement,C2,Daily_Life,General_Interactions
175,aches and pains,C2,Health_Medicine,Illness_Diseases
176,rapid progress,C2,Daily_Life,General_Interactions
177,alleviate pain,C2,Health_Medicine,Illness_Diseases
178,slow-moving traffic,C2,Travel_Transportation,Road_Travel
179,cause pain,B2,Health_Medicine,Illness_Diseases
180,slow to a crawl,C2,Daily_Life,General_Interactions
181,complain of pain,C2,Health_Medicine,Illness_Diseases
182,speedy access,C2,Daily_Life,General_Interactions
183,constant pain,C2,Health_Medicine,Illness_Diseases
184,speedy conclusion,C2,Daily_Life,General_Interactions
185,ease pain,B2,Health_Medicine,Illness_Diseases
186,speedy recovery,C2,Health_Medicine,Healthcare_Hospital
187,experience pain,C2,Health_Medicine,Illness_Diseases
188,speedy response,C2,Psychology_Emotions,Behavior
189,feel pain,B2,Health_Medicine,Illness_Diseases
190,steer the conversation,C2,Communication_Media_Arts,Speaking_Expressions
191,inflict pain,C1,Health_Medicine,Illness_Diseases
192,swift action,C1,Psychology_Emotions,Behavior
193,lessen pain,C1,Health_Medicine,Illness_Diseases
194,swift reaction,C2,Science_Nature,Physics_Chemistry
195,pain subsides,C2,Health_Medicine,Illness_Diseases
196,swift recovery,C2,Health_Medicine,Healthcare_Hospital
197,racked with pain,C2,Health_Medicine,Illness_Diseases
198,swift response,C2,Psychology_Emotions,Behavior
199,relieve pain,C1,Health_Medicine,Illness_Diseases
200,take a detour,C2,Travel_Transportation,Navigation_Directions
201,take a shortcut,C2,Travel_Transportation,Navigation_Directions
202,soothe pain,C1,Health_Medicine,Illness_Diseases
203,take steps,B2,Daily_Life,General_Interactions
204,suffer from pain,C2,Health_Medicine,Illness_Diseases
205,top speed,B2,Daily_Life,Routine_Activities
206,take someone up on an offer,C2,Daily_Life,General_Interactions
207,turn something upside down,C2,Daily_Life,General_Interactions
208,acutely embarrassing,C2,Psychology_Emotions,Feelings_Emotions
209,unhurried manner,C2,Psychology_Emotions,Behavior
210,blissfully happy,C2,Psychology_Emotions,Feelings_Emotions
211,adopt an approach,C2,Technology_Digital,Software_Internet
212,blissfully unaware,C2,Psychology_Emotions,Feelings_Emotions
213,become available,C2,Technology_Digital,Artificial_Intelligence
214,become successful,C2,Psychology_Emotions,Motivation
215,break a habit,C2,Psychology_Emotions,Behavior
216,burst into song,C2,Psychology_Emotions,Feelings_Emotions
217,change doctors,C2,Health_Medicine,Healthcare_Hospital
218,burst into tears,C2,Psychology_Emotions,Feelings_Emotions
219,change jobs,C1,Business_Finance_Economy,Jobs_Careers
220,company expands,C2,Business_Finance_Economy,Business_Management
221,change places,C2,Daily_Life,Routine_Activities
222,company grows,C2,Business_Finance_Economy,Business_Management
223,change schools,C2,Education,University_School
224,company merges,C2,Business_Finance_Economy,Business_Management
225,change seats,C1,Daily_Life,Routine_Activities
226,create opportunities,C2,Health_Medicine,Healthcare_Hospital
227,change the baby,C2,Daily_Life,General_Interactions
228,economy booms,C2,Business_Finance_Economy,Economy_Markets
229,change the beds,C2,Daily_Life,Routine_Activities
230,filled with horror,C2,Psychology_Emotions,Feelings_Emotions
231,change the subject,C2,Communication_Media_Arts,Speaking_Expressions
232,fully aware,C1,Society_Law_Politics,Law_Crime
233,change your clothes,C2,Daily_Life,Routine_Activities
234,ginger cat,B2,Daily_Life,General_Interactions
235,change your mind,C2,Health_Medicine,Mental_Health
236,happily married,C2,Technology_Digital,Software_Internet
237,convert to christianity,C2,Daily_Life,General_Interactions
238,exchange addresses,C2,Communication_Media_Arts,Speaking_Expressions
239,key issue,B2,Daily_Life,General_Interactions
240,exchange ideas,C2,Daily_Life,General_Interactions
241,major problem,C2,Daily_Life,General_Interactions
242,exchange money,C2,Business_Finance_Economy,Finance_Banking
243,have clothes altered,C2,Daily_Life,General_Interactions
244,pang of nostalgia,C2,Psychology_Emotions,Feelings_Emotions
245,improvement in performance,C2,Communication_Media_Arts,Speaking_Expressions
246,place gently,C1,Daily_Life,Routine_Activities
247,kick the habit,C2,Psychology_Emotions,Behavior
248,pose a problem,C2,Daily_Life,General_Interactions
249,make an adjustment,C2,Daily_Life,General_Interactions
250,prices rise,C1,Business_Finance_Economy,Economy_Markets
251,make a slight alteration,C2,Daily_Life,General_Interactions
252,pull steadily,C2,Daily_Life,Routine_Activities
253,make modifications,C2,Daily_Life,General_Interactions
254,roar with laughter,C2,Psychology_Emotions,Feelings_Emotions
255,move house,B2,Daily_Life,Home_Housing
256,sense of pride,C2,Psychology_Emotions,Feelings_Emotions
257,power to transform,C2,Daily_Life,General_Interactions
258,smile proudly,C2,Psychology_Emotions,Feelings_Emotions
259,price rises,C1,Business_Finance_Economy,Economy_Markets
260,surge of anger,C2,Psychology_Emotions,Feelings_Emotions
261,problem arises,C2,Daily_Life,General_Interactions
262,surge of emotion,C2,Health_Medicine,Mental_Health
263,profits rise,C1,Business_Finance_Economy,Finance_Banking
264,swell with pride,C2,Psychology_Emotions,Feelings_Emotions
265,raise a question,C2,Education,Classroom_Interaction
266,tread carefully,C2,Travel_Transportation,Road_Travel
267,raise taxes,C1,Technology_Digital,Artificial_Intelligence
268,well with pride,C2,Psychology_Emotions,Feelings_Emotions
269,raise your hand,C2,Technology_Digital,Artificial_Intelligence
270,revolutionise the way,C2,Science_Nature,Biology_Life_Sciences
271,alight from a bus,C2,Travel_Transportation,Public_Transport
272,standard of living rises,C2,Daily_Life,General_Interactions
273,axe jobs,B1,Business_Finance_Economy,Jobs_Careers
274,the sun rises,C2,Daily_Life,General_Interactions
275,badly need,B2,Daily_Life,General_Interactions
276,address someone politely,C2,Daily_Life,General_Interactions
277,battle against floods,C2,Science_Nature,Natural_Phenomena
278,apologise profusely,C2,Daily_Life,General_Interactions
279,bear the cost,C2,Business_Finance_Economy,Economy_Markets
280,ask someone a favour,C2,Daily_Life,General_Interactions
281,board an aircraft,C2,Technology_Digital,Artificial_Intelligence
282,brief chat,B2,Communication_Media_Arts,Speaking_Expressions
283,bored stiff,C1,Psychology_Emotions,Feelings_Emotions
284,challenge someone directly,C2,Daily_Life,General_Interactions
285,crack down,B2,Daily_Life,General_Interactions
286,cyclists dismount,C2,Travel_Transportation,Public_Transport
287,complain bitterly,C2,Technology_Digital,Artificial_Intelligence
288,dead keen,B2,Daily_Life,General_Interactions
289,crack a joke,C1,Daily_Life,General_Interactions
290,dispose of items,C2,Daily_Life,General_Interactions
291,crack a joke police,C2,Society_Law_Politics,Law_Crime
292,embark upon an explanation,C2,Daily_Life,General_Interactions
293,delicate subject,C2,Daily_Life,General_Interactions
294,extremely keen,C2,Daily_Life,General_Interactions
295,drop a hint,C1,Daily_Life,General_Interactions
296,falling profits,C2,Business_Finance_Economy,Finance_Banking
297,get into conversation,C2,Communication_Media_Arts,Speaking_Expressions
298,floods hit,B2,Science_Nature,Natural_Phenomena
299,get to the point,C2,Communication_Media_Arts,Writing_Language
300,get on a plane,C2,Travel_Transportation,Air_Travel
301,give someone instructions,C2,Daily_Life,General_Interactions
302,give someone your word,C2,Daily_Life,General_Interactions
303,have a word,C1,Communication_Media_Arts,Speaking_Expressions
304,have a think,C1,Daily_Life,General_Interactions
305,join in a conversation,C2,Communication_Media_Arts,Speaking_Expressions
306,job losses,B2,Business_Finance_Economy,Finance_Banking
307,lengthy discussion,C2,Education,Classroom_Interaction
308,launch into an explanation,C2,Daily_Life,General_Interactions
309,lull in the conversation,C2,Communication_Media_Arts,Speaking_Expressions
310,major companies,C2,Business_Finance_Economy,Economy_Markets
311,make an observation,C2,Science_Nature,Research_Methods
312,make redundant,C2,Business_Finance_Economy,Economy_Markets
313,make a speech,C2,Daily_Life,General_Interactions
314,missing teenager,C2,Communication_Media_Arts,Speaking_Expressions
315,make it clear,C2,Communication_Media_Arts,Writing_Language
316,outbreak hits,C2,Science_Nature,Natural_Phenomena
317,make polite conversation,C2,Communication_Media_Arts,Speaking_Expressions
318,police crack down,C2,Society_Law_Politics,Law_Crime
319,plead ignorance,C2,Daily_Life,General_Interactions
320,police quiz,C1,Society_Law_Politics,Law_Crime
321,quick word,B2,Communication_Media_Arts,Speaking_Expressions
322,pretty awful,C1,Daily_Life,General_Interactions
323,raise a subject,C2,Technology_Digital,Artificial_Intelligence
324,pretty dreadful,C2,Daily_Life,General_Interactions
325,speak a language,C2,Communication_Media_Arts,Speaking_Expressions
326,pretty dull,C1,Daily_Life,General_Interactions
327,speak off the record,C2,Communication_Media_Arts,Speaking_Expressions
328,prime suspect,C2,Daily_Life,General_Interactions
329,strike up a conversation,C2,Communication_Media_Arts,Speaking_Expressions
330,prosecute trespassers,C2,Education,Exams_Assessments
331,tell a joke,C1,Communication_Media_Arts,Speaking_Expressions
332,pump prices,C1,Business_Finance_Economy,Economy_Markets
333,tell a lie,B2,Communication_Media_Arts,Speaking_Expressions
334,raise capital,C2,Business_Finance_Economy,Finance_Banking
335,tell a story,C1,Communication_Media_Arts,Writing_Language
336,receptacle provided,C2,Daily_Life,General_Interactions
337,tell the truth,C2,Communication_Media_Arts,Speaking_Expressions
338,slash prices,C1,Business_Finance_Economy,Economy_Markets
339,tone of someone's voice,C2,Communication_Media_Arts,Speaking_Expressions
340,spending rockets,C2,Business_Finance_Economy,Economy_Markets
341,whisper softly,C2,Daily_Life,General_Interactions
342,start up a business,C2,Business_Finance_Economy,Business_Management
343,wish someone luck,C2,Daily_Life,General_Interactions
344,submit a tender,C2,Business_Finance_Economy,Economy_Markets
345,take responsibility,C2,Daily_Life,General_Interactions
346,different walks of life,C2,Science_Nature,Biology_Life_Sciences
347,unwanted items,C2,Daily_Life,General_Interactions
348,easy walk,B2,Daily_Life,Routine_Activities
349,absolutely absurd,C2,Daily_Life,General_Interactions
350,faltering steps,C2,Daily_Life,General_Interactions
351,absolutely alone,C2,Psychology_Emotions,Feelings_Emotions
352,gentle stroll,C2,Daily_Life,Routine_Activities
353,absolutely appalled,C2,Psychology_Emotions,Feelings_Emotions
354,gentle walk,C1,Daily_Life,Routine_Activities
355,absolutely convinced,C2,Daily_Life,General_Interactions
356,get off on the wrong foot,C2,Daily_Life,General_Interactions
357,absolutely devastated,C2,Psychology_Emotions,Feelings_Emotions
358,go for a run,C1,Daily_Life,Routine_Activities
359,absolutely exhausted,C2,Psychology_Emotions,Feelings_Emotions
360,go for a walk,C2,Daily_Life,Routine_Activities
361,absolutely impossible,C2,Daily_Life,General_Interactions
362,go on foot,B2,Daily_Life,General_Interactions
363,absolutely miserable,C2,Psychology_Emotions,Feelings_Emotions
364,go running,B2,Health_Medicine,Fitness_Exercise
365,absolutely ridiculous,C2,Daily_Life,General_Interactions
366,heavy steps,C1,Daily_Life,General_Interactions
367,absolutely stupid,C2,Daily_Life,General_Interactions
368,leisurely stroll,C2,Daily_Life,Routine_Activities
369,absolutely wrong,C2,Daily_Life,General_Interactions
370,light steps,C1,Daily_Life,General_Interactions
371,argue strongly,C2,Communication_Media_Arts,Speaking_Expressions
372,make great strides,C2,Health_Medicine,Healthcare_Hospital
373,pace up and down,C2,Daily_Life,General_Interactions
374,pick your way cautiously,C2,Daily_Life,General_Interactions
375,bitterly disappointing,C2,Psychology_Emotions,Feelings_Emotions
376,run into problems,C2,Daily_Life,General_Interactions
377,bitterly regret,C2,Daily_Life,General_Interactions
378,run up against opposition,C2,Technology_Digital,Artificial_Intelligence
379,bitterly resent,C2,Daily_Life,General_Interactions
380,rush headlong into,C2,Daily_Life,General_Interactions
381,care deeply,C1,Travel_Transportation,Road_Travel
382,stride angrily,C2,Daily_Life,General_Interactions
383,stride confidently,C2,Psychology_Emotions,Feelings_Emotions
384,cry bitterly,C1,Daily_Life,General_Interactions
385,stride purposefully,C2,Psychology_Emotions,Motivation
386,deeply affected,C2,Daily_Life,General_Interactions
387,take a stroll,C2,Daily_Life,Routine_Activities
388,deeply ashamed,C2,Daily_Life,General_Interactions
389,deeply committed,C2,Daily_Life,General_Interactions
390,walk an exam,C1,Education,Exams_Assessments
391,deeply concerned,C2,Daily_Life,General_Interactions
392,walk briskly,C1,Business_Finance_Economy,Entrepreneurship
393,deeply hurt,C1,Daily_Life,General_Interactions
394,walking encyclopaedia,C2,Health_Medicine,Fitness_Exercise
395,deeply moved,C1,Daily_Life,General_Interactions
396,walk swiftly,C1,Daily_Life,Routine_Activities
397,deeply regret,C2,Daily_Life,General_Interactions
398,wander aimlessly,C2,Technology_Digital,Artificial_Intelligence
399,deeply religious,C2,Daily_Life,General_Interactions
400,abrupt end,B2,Daily_Life,General_Interactions
401,deeply shocked,C2,Daily_Life,General_Interactions
402,absolute beginner,C2,Education,General
403,deeply unhappy,C2,Psychology_Emotions,Feelings_Emotions
404,bring something to an end,C2,Daily_Life,General_Interactions
405,extremely competitive,C2,Daily_Life,General_Interactions
406,close finish,C1,Daily_Life,Routine_Activities
407,extremely controversial,C2,Daily_Life,General_Interactions
408,come to an end,C2,Daily_Life,General_Interactions
409,extremely effective,C2,Daily_Life,General_Interactions
410,draw to a close,C2,Daily_Life,General_Interactions
411,extremely likely,C2,Technology_Digital,Social_Media
412,early start,C1,Communication_Media_Arts,Arts_Creativity
413,extremely profitable,C2,Business_Finance_Economy,Finance_Banking
414,end result,B2,Daily_Life,General_Interactions
415,extremely successful,C2,Daily_Life,General_Interactions
416,get off to a good start,C2,Communication_Media_Arts,Arts_Creativity
417,extremely unlikely,C2,Technology_Digital,Social_Media
418,get started,C1,Communication_Media_Arts,Arts_Creativity
419,extremely unusual,C2,Daily_Life,General_Interactions
420,holiday ended,C2,Travel_Transportation,Hotels_Tourism
421,feel strongly,C2,Psychology_Emotions,Feelings_Emotions
422,journey ended,C2,Travel_Transportation,Road_Travel
423,highly competitive,C2,Daily_Life,General_Interactions
424,make a start,C1,Communication_Media_Arts,Arts_Creativity
425,highly controversial,C2,Daily_Life,General_Interactions
426,mark the beginning of the end,C2,Daily_Life,General_Interactions
427,highly educated,C2,Education,General
428,meal ended,B2,Health_Medicine,Nutrition_Diet
429,nail-biting finish,C2,Technology_Digital,Artificial_Intelligence
430,highly likely,C2,Technology_Digital,Social_Media
431,perfect end,C1,Daily_Life,General_Interactions
432,highly profitable,C2,Business_Finance_Economy,Finance_Banking
433,promising start,C2,Communication_Media_Arts,Arts_Creativity
434,highly recommended,C2,Daily_Life,General_Interactions
435,put the finishing touches to,C2,Daily_Life,General_Interactions
436,highly successful,C2,Daily_Life,General_Interactions
437,trip ended,B2,Travel_Transportation,Hotels_Tourism
438,highly unlikely,C2,Technology_Digital,Social_Media
439,be a recipe for disaster,C2,Psychology_Emotions,Stress_Mental_State
440,highly unusual,C2,Daily_Life,General_Interactions
441,brilliant success,C2,Psychology_Emotions,Motivation
442,ridiculously cheap,C2,Daily_Life,General_Interactions
443,bring out the best,C2,Daily_Life,General_Interactions
444,ridiculously early,C2,Daily_Life,General_Interactions
445,come in useful,C2,Daily_Life,General_Interactions
446,ridiculously easy,C2,Daily_Life,General_Interactions
447,crowning achievement,C2,Psychology_Emotions,Motivation
448,ridiculously expensive,C2,Daily_Life,General_Interactions
449,dash someone's hopes,C2,Daily_Life,General_Interactions
450,ridiculously high,C2,Daily_Life,General_Interactions
451,dismal failure,C2,Education,Exams_Assessments
452,ridiculously large,C2,Daily_Life,General_Interactions
453,doomed to failure,C2,Education,Exams_Assessments
454,ridiculously long,C2,Daily_Life,Time_Management
455,dramatic improvement,C2,Daily_Life,General_Interactions
456,ridiculously low,C2,Daily_Life,General_Interactions
457,effective way,C2,Daily_Life,General_Interactions
458,ridiculously short,C2,Daily_Life,Time_Management
459,enjoy the fruits of,C2,Psychology_Emotions,Feelings_Emotions
460,ridiculously small,C2,Daily_Life,General_Interactions
461,excellent grasp of,C2,Science_Nature,Biology_Life_Sciences
462,fail an exam,C1,Education,Exams_Assessments
463,strongly believe,C2,Daily_Life,General_Interactions
464,fail miserably,C2,Education,Exams_Assessments
465,strongly condemn,C2,Daily_Life,General_Interactions
466,gain good marks,C2,Education,General
467,go badly wrong,C2,Daily_Life,General_Interactions
468,strongly dislike,C2,Technology_Digital,Social_Media
469,go out of business,C2,Business_Finance_Economy,Business_Management
470,strongly influence,C2,Daily_Life,General_Interactions
471,great success,C2,Psychology_Emotions,Motivation
472,guarantee success,C2,Daily_Life,General_Interactions
473,strongly opposed,C2,Daily_Life,General_Interactions
474,hard work,B2,Business_Finance_Economy,Jobs_Careers
475,strongly recommend,C2,Daily_Life,General_Interactions
476,have a grasp of,C2,Daily_Life,General_Interactions
477,strongly suggest,C2,Daily_Life,General_Interactions
478,have the ability to,C2,Education,Learning_Skills
479,strongly support,C2,Daily_Life,General_Interactions
480,highly effective,C2,Daily_Life,General_Interactions
481,utterly alone,C2,Psychology_Emotions,Feelings_Emotions
482,lose your nerve,C2,Daily_Life,General_Interactions
483,utterly appalled,C2,Psychology_Emotions,Feelings_Emotions
484,make a breakthrough,C2,Psychology_Emotions,Motivation
485,utterly convinced,C2,Daily_Life,General_Interactions
486,make a contribution,C2,Daily_Life,General_Interactions
487,utterly devastated,C2,Psychology_Emotions,Feelings_Emotions
488,make good progress,C2,Daily_Life,General_Interactions
489,utterly exhausted,C2,Psychology_Emotions,Feelings_Emotions
490,miss the point,C2,Daily_Life,General_Interactions
491,utterly impossible,C2,Daily_Life,General_Interactions
492,pass an exam,C1,Education,Exams_Assessments
493,utterly miserable,C2,Psychology_Emotions,Feelings_Emotions
494,play flops,B2,Communication_Media_Arts,Speaking_Expressions
495,utterly ridiculous,C2,Daily_Life,General_Interactions
496,remarkable achievement,C2,Psychology_Emotions,Motivation
497,utterly stupid,C2,Daily_Life,General_Interactions
498,spectacular failure,C2,Education,Exams_Assessments
499,utterly wrong,C2,Daily_Life,General_Interactions
500,take advantage of,C2,Daily_Life,General_Interactions
501,weep bitterly,C2,Daily_Life,General_Interactions
502,useful contribution,C2,Daily_Life,General_Interactions
503,a phone call,C1,Technology_Digital,Devices_Hardware
504,win respect,C1,Society_Law_Politics,Human_Rights
505,do an experiment,C2,Science_Nature,Research_Methods
506,adverse effect,C2,Daily_Life,General_Interactions
507,do damage,B2,Daily_Life,General_Interactions
508,affect someone deeply,C2,Daily_Life,General_Interactions
509,do exercises,C1,Health_Medicine,Fitness_Exercise
510,attract criticism,C2,Psychology_Emotions,Behavior
511,do harm,B1,Daily_Life,General_Interactions
512,attract interest,C2,Psychology_Emotions,Behavior
513,do someone a favour,C2,Daily_Life,General_Interactions
514,attract support,C2,Psychology_Emotions,Behavior
515,do someone a good turn,C2,Daily_Life,General_Interactions
516,beneficial effect,C2,Daily_Life,General_Interactions
517,bring about a revolution,C2,Science_Nature,Biology_Life_Sciences
518,do the cooking,C2,Daily_Life,Routine_Activities
519,bring about a transformation,C2,Daily_Life,General_Interactions
520,do the ironing,C2,Daily_Life,Routine_Activities
521,bring about the collapse,C2,Daily_Life,General_Interactions
522,do the shopping,C2,Daily_Life,Shopping_Everyday
523,bring about the downfall,C2,Daily_Life,General_Interactions
524,do the washing,C2,Daily_Life,Routine_Activities
525,cause alarm,C1,Daily_Life,General_Interactions
526,do your best,C1,Daily_Life,General_Interactions
527,cause a lot of damage,C2,Daily_Life,General_Interactions
528,do your hair,C1,Technology_Digital,Artificial_Intelligence
529,cause an uproar,C2,Daily_Life,General_Interactions
530,do your homework,C2,Education,University_School
531,cause anxiety,C2,Health_Medicine,Mental_Health
532,make a change,C2,Daily_Life,General_Interactions
533,cause a sensation,C2,Daily_Life,General_Interactions
534,make a choice,C2,Daily_Life,General_Interactions
535,cause chaos,C1,Daily_Life,General_Interactions
536,make a comment,C2,Communication_Media_Arts,Opinion_Discussion
537,cause concern,C2,Daily_Life,General_Interactions
538,cause embarrassment,C2,Daily_Life,General_Interactions
539,cause havoc,C1,Daily_Life,General_Interactions
540,create a bad impression,C2,Communication_Media_Arts,Media_Journalism
541,create awareness,C2,Health_Medicine,Healthcare_Hospital
542,make an excuse,C2,Daily_Life,General_Interactions
543,create problems,C2,Health_Medicine,Healthcare_Hospital
544,make an improvement,C2,Daily_Life,General_Interactions
545,direct result,C2,Daily_Life,General_Interactions
546,make a phone call,C2,Technology_Digital,Devices_Hardware
547,effect a change,C2,Daily_Life,General_Interactions
548,make arrangements for,C2,Daily_Life,General_Interactions
549,have a lot of influence,C2,Daily_Life,General_Interactions
550,make changes,C1,Daily_Life,General_Interactions
551,have an effect,C2,Daily_Life,General_Interactions
552,make comments,C2,Communication_Media_Arts,Opinion_Discussion
553,have an effect on,C2,Daily_Life,General_Interactions
554,make friends,C1,Daily_Life,General_Interactions
555,have an impact on,C2,Psychology_Emotions,Behavior
556,make improvements,C2,Daily_Life,General_Interactions
557,huge effect,C1,Daily_Life,General_Interactions
558,immediate cause,C2,Communication_Media_Arts,Media_Journalism
559,biting wind,C1,Science_Nature,Natural_Phenomena
560,increase the impact,C2,Psychology_Emotions,Behavior
561,blanket of fog,C2,Science_Nature,Natural_Phenomena
562,indirect result,C2,Daily_Life,General_Interactions
563,blanket of mist,C2,Science_Nature,Natural_Phenomena
564,inevitable outcome,C2,Psychology_Emotions,Stress_Mental_State
565,blow down fences,C2,Science_Nature,Natural_Phenomena
566,inevitable result,C2,Psychology_Emotions,Stress_Mental_State
567,break in the clouds,C2,Science_Nature,Natural_Phenomena
568,major impact,C1,Psychology_Emotions,Behavior
569,cause damage,C1,Daily_Life,General_Interactions
570,make a bad impression,C2,Communication_Media_Arts,Media_Journalism
571,crisp snow,B2,Science_Nature,Natural_Phenomena
572,minimise the impact,C2,Psychology_Emotions,Behavior
573,dense fog,B2,Science_Nature,Natural_Phenomena
574,negative effect,C2,Daily_Life,General_Interactions
575,destroy buildings,C2,Science_Nature,Natural_Phenomena
576,positive effect,C2,Daily_Life,General_Interactions
577,driving rain,C1,Technology_Digital,Artificial_Intelligence
578,predictable outcome,C2,Psychology_Emotions,Stress_Mental_State
579,driving snow,C1,Travel_Transportation,Road_Travel
580,produce results,C2,Daily_Life,General_Interactions
581,fog comes down,C2,Science_Nature,Natural_Phenomena
582,produce the opposite effect,C2,Daily_Life,General_Interactions
583,fog lifts,B2,Science_Nature,Natural_Phenomena
584,reduce the impact,C2,Psychology_Emotions,Behavior
585,freak storms,C1,Science_Nature,Natural_Phenomena
586,spark off demonstrations,C2,Daily_Life,General_Interactions
587,freak weather conditions,C2,Science_Nature,Natural_Phenomena
588,spark off riots,C2,Daily_Life,General_Interactions
589,freezing cold,C2,Science_Nature,Natural_Phenomena
590,acute hearing,C2,Daily_Life,General_Interactions
591,fresh snow,B2,Science_Nature,Natural_Phenomena
592,acute sense of smell,C2,Daily_Life,General_Interactions
593,gale force winds,C2,Science_Nature,Physics_Chemistry
594,blot out a memory,C2,Psychology_Emotions,Feelings_Emotions
595,hard frost,B2,Science_Nature,Natural_Phenomena
596,clean forget,C1,Daily_Life,General_Interactions
597,heavy rain,B2,Technology_Digital,Artificial_Intelligence
598,completely forget,C2,Daily_Life,General_Interactions
599,distinctly remember,C2,Daily_Life,General_Interactions
600,high wind,B2,Science_Nature,Natural_Phenomena
601,earliest memory,C2,Psychology_Emotions,Feelings_Emotions
602,light frost,C1,Science_Nature,Natural_Phenomena
603,forget someone's name,C2,Daily_Life,General_Interactions
604,light wind,B2,Science_Nature,Natural_Phenomena
605,forget your homework,C2,Education,University_School
606,looks like rain,C2,Technology_Digital,Artificial_Intelligence
607,get the impression,C2,Communication_Media_Arts,Media_Journalism
608,mist comes down,C2,Science_Nature,Natural_Phenomena
609,give someone a clue,C2,Daily_Life,General_Interactions
610,mist lifts,B2,Science_Nature,Natural_Phenomena
611,go numb,B1,Daily_Life,General_Interactions
612,patches of fog,C2,Science_Nature,Natural_Phenomena
613,have a feeling,C2,Psychology_Emotions,Feelings_Emotions
614,patches of mist,C2,Science_Nature,Natural_Phenomena
615,have a good memory,C2,Psychology_Emotions,Feelings_Emotions
616,pour with rain,C2,Technology_Digital,Artificial_Intelligence
617,have the impression,C2,Communication_Media_Arts,Media_Journalism
618,rain heavily,C1,Technology_Digital,Artificial_Intelligence
619,if i remember rightly,C2,Society_Law_Politics,Law_Crime
620,river bursts its banks,C2,Business_Finance_Economy,Finance_Banking
621,leave something at home,C2,Daily_Life,Home_Housing
622,scorching hot,C2,Science_Nature,Natural_Phenomena
623,long-term memory,C2,Psychology_Emotions,Feelings_Emotions
624,soak up the sunshine,C2,Science_Nature,Natural_Phenomena
625,memories come flooding back,C2,Science_Nature,Natural_Phenomena
626,strong sun,B2,Science_Nature,Natural_Phenomena
627,memories fade,C2,Daily_Life,General_Interactions
628,strong wind,C1,Science_Nature,Natural_Phenomena
629,mind goes blank,C2,Health_Medicine,Mental_Health
630,tear off roofs,C2,Science_Nature,Natural_Phenomena
631,painful memory,C2,Health_Medicine,Illness_Diseases
632,thick cloud,C1,Science_Nature,Natural_Phenomena
633,remember someone's face,C2,Daily_Life,General_Interactions
634,thick fog,B2,Science_Nature,Natural_Phenomena
635,remind someone strongly of,C2,Health_Medicine,Mental_Health
636,thick snow,B2,Science_Nature,Natural_Phenomena
637,ridiculously over-sensitive,C2,Daily_Life,General_Interactions
638,torrential rain,C2,Technology_Digital,Artificial_Intelligence
639,sense tension,C2,Daily_Life,General_Interactions
640,unbroken sunshine,C2,Science_Nature,Natural_Phenomena
641,sensible person,C2,Psychology_Emotions,Feelings_Emotions
642,weather deteriorates,C2,Business_Finance_Economy,Economy_Markets
643,sensitive person,C2,Psychology_Emotions,Feelings_Emotions
644,weather gets worse,C2,Science_Nature,Natural_Phenomena
645,sensitive skin,C2,Health_Medicine,Illness_Diseases
646,weather hits,C1,Science_Nature,Natural_Phenomena
647,sensitive teeth,C2,Daily_Life,General_Interactions
648,weather improves,C2,Science_Nature,Natural_Phenomena
649,sensitive to heat,C2,Health_Medicine,Healthcare_Hospital
650,wind blows,B2,Science_Nature,Natural_Phenomena
651,sensitive to light,C2,Daily_Life,General_Interactions
652,wind dies down,C2,Science_Nature,Natural_Phenomena
653,short-term memory,C2,Psychology_Emotions,Feelings_Emotions
654,wind picks up,C2,Science_Nature,Natural_Phenomena
655,stir up memories,C2,Daily_Life,General_Interactions
656,trust your intuition,C2,Daily_Life,General_Interactions
657,aisle seat,B2,Technology_Digital,Artificial_Intelligence
658,unforgettable experience,C2,Daily_Life,General_Interactions
659,board a plane,C2,Travel_Transportation,Air_Travel
660,vaguely remember,C2,Daily_Life,General_Interactions
661,boat trip,B2,Travel_Transportation,Hotels_Tourism
662,vividly remember,C2,Daily_Life,General_Interactions
663,budget accommodation,C2,Business_Finance_Economy,Finance_Banking
664,agree to differ,C2,Communication_Media_Arts,Opinion_Discussion
665,agree up to a point,C2,Communication_Media_Arts,Opinion_Discussion
666,business travel,C2,Business_Finance_Economy,Business_Management
667,appreciate someone's point of view,C2,Technology_Digital,Software_Internet
668,business trip,C2,Business_Finance_Economy,Business_Management
669,be in agreement,C2,Communication_Media_Arts,Opinion_Discussion
670,camping trip,C1,Travel_Transportation,Hotels_Tourism
671,bitter dispute,C2,Daily_Life,General_Interactions
672,charter flight,C2,Travel_Transportation,Air_Travel
673,come to a compromise,C2,Daily_Life,General_Interactions
674,connecting flight,C2,Travel_Transportation,Air_Travel
675,conflict of opinion,C2,Communication_Media_Arts,Opinion_Discussion
676,day trip,B1,Travel_Transportation,Hotels_Tourism
677,controversy exists,C2,Daily_Life,General_Interactions
678,domestic flight,C2,Travel_Transportation,Air_Travel
679,controversy rages,C2,Daily_Life,General_Interactions
680,family-run hotel,C2,Travel_Transportation,Hotels_Tourism
681,differences arise,C2,Daily_Life,General_Interactions
682,fasten your seatbelt,C2,Health_Medicine,Healthcare_Hospital
683,differences exist,C2,Daily_Life,General_Interactions
684,fully booked,C1,Travel_Transportation,Hotels_Tourism
685,disagree fundamentally,C2,Health_Medicine,Mental_Health
686,in-flight entertainment,C2,Technology_Digital,Artificial_Intelligence
687,enter into an argument,C2,Communication_Media_Arts,Opinion_Discussion
688,in-flight magazine,C2,Travel_Transportation,Air_Travel
689,entirely agree,C2,Communication_Media_Arts,Opinion_Discussion
690,luxury hotel,C1,Travel_Transportation,Hotels_Tourism
691,fundamental disagreement,C2,Health_Medicine,Mental_Health
692,make a reservation,C2,Daily_Life,General_Interactions
693,go along with an idea,C2,Communication_Media_Arts,Speaking_Expressions
694,outward journey,C2,Travel_Transportation,Road_Travel
695,go along with a view,C2,Communication_Media_Arts,Speaking_Expressions
696,overnight journey,C2,Travel_Transportation,Road_Travel
697,head-on clash,C2,Daily_Life,General_Interactions
698,return journey,C2,Travel_Transportation,Road_Travel
699,heated argument,C2,Communication_Media_Arts,Opinion_Discussion
700,run-down hotel,C2,Travel_Transportation,Hotels_Tourism
701,in complete agreement,C2,Communication_Media_Arts,Opinion_Discussion
702,safe journey,C1,Travel_Transportation,Road_Travel
703,reach a compromise,C2,Daily_Life,General_Interactions
704,scheduled flight,C2,Travel_Transportation,Air_Travel
705,see someone's point,C2,Daily_Life,General_Interactions
706,smart hotel,C1,Technology_Digital,Artificial_Intelligence
707,settle a dispute,C2,Daily_Life,General_Interactions
708,settle your differences,C2,Daily_Life,General_Interactions
709,tiring journey,C2,Travel_Transportation,Road_Travel
710,share an opinion,C2,Technology_Digital,Social_Media
711,travel agent,C1,Travel_Transportation,Road_Travel
712,share a view,C1,Technology_Digital,Social_Media
713,travel arrangements,C2,Travel_Transportation,Road_Travel
714,tend to agree,C2,Communication_Media_Arts,Opinion_Discussion
715,travel brochure,C2,Travel_Transportation,Road_Travel
716,tend to disagree,C2,Communication_Media_Arts,Opinion_Discussion
717,window seat,C1,Travel_Transportation,Public_Transport
718,unanimous agreement,C2,Communication_Media_Arts,Opinion_Discussion
719,admire the view,C2,Daily_Life,General_Interactions
720,wholeheartedly agree,C2,Communication_Media_Arts,Arts_Creativity
721,beach stretches,C2,Science_Nature,Environment_Ecology
722,attach importance to,C2,Daily_Life,General_Interactions
723,bleak landscape,C2,Science_Nature,Environment_Ecology
724,cast doubt on,C2,Daily_Life,General_Interactions
725,block the view,C2,Psychology_Emotions,Feelings_Emotions
726,colour someone's judgement,C2,Society_Law_Politics,Law_Crime
727,breathtaking scenery,C2,Science_Nature,Environment_Ecology
728,considered opinion,C2,Communication_Media_Arts,Opinion_Discussion
729,catch a glimpse of,C2,Psychology_Emotions,Feelings_Emotions
730,difference of opinion,C2,Communication_Media_Arts,Opinion_Discussion
731,catch sight of,C2,Psychology_Emotions,Feelings_Emotions
732,evidence is based on,C2,Society_Law_Politics,Law_Crime
733,come into view,C2,Psychology_Emotions,Feelings_Emotions
734,firmly believe,C2,Daily_Life,General_Interactions
735,dense forest,C1,Science_Nature,Environment_Ecology
736,give up hope,C1,Daily_Life,General_Interactions
737,destroy the countryside,C2,Daily_Life,General_Interactions
738,great believer in,C2,Health_Medicine,Healthcare_Hospital
739,dominate the landscape,C2,Science_Nature,Environment_Ecology
740,have a sneaking suspicion,C2,Daily_Life,General_Interactions
741,dramatic setting,C2,Science_Nature,Environment_Ecology
742,have doubts,C1,Daily_Life,General_Interactions
743,enjoy a view,C1,Psychology_Emotions,Feelings_Emotions
744,have misgivings about,C2,Daily_Life,General_Interactions
745,fall into ruin,C2,Daily_Life,General_Interactions
746,have reason to believe,C2,Daily_Life,General_Interactions
747,familiar landscape,C2,Science_Nature,Environment_Ecology
748,have strong opinions,C2,Communication_Media_Arts,Opinion_Discussion
749,fast-flowing river,C2,Science_Nature,Environment_Ecology
750,hold the opinion that,C2,Communication_Media_Arts,Opinion_Discussion
751,follow a path,C2,Daily_Life,General_Interactions
752,hold the view that,C2,Daily_Life,General_Interactions
753,gentle landscape,C2,Science_Nature,Environment_Ecology
754,lead someone to conclude,C2,Daily_Life,General_Interactions
755,golden sands,C1,Science_Nature,Environment_Ecology
756,leave someone alone,C2,Daily_Life,General_Interactions
757,lie in ruins,C1,Daily_Life,General_Interactions
758,make an assumption,C2,Daily_Life,General_Interactions
759,mountains tower,C2,Technology_Digital,Artificial_Intelligence
760,matter of opinion,C2,Communication_Media_Arts,Opinion_Discussion
761,open fields,C1,Science_Nature,Environment_Ecology
762,opinions are divided,C2,Communication_Media_Arts,Opinion_Discussion
763,panoramic view,C2,Psychology_Emotions,Feelings_Emotions
764,poles apart,C1,Communication_Media_Arts,Arts_Creativity
765,peaceful countryside,C2,Psychology_Emotions,Stress_Mental_State
766,popular belief,C2,Daily_Life,General_Interactions
767,protect the environment,C2,Science_Nature,Environment_Ecology
768,serious misgivings,C2,Daily_Life,General_Interactions
769,rocky mountains,C2,Technology_Digital,Artificial_Intelligence
770,set of beliefs,C2,Daily_Life,General_Interactions
771,round a bend,C1,Daily_Life,General_Interactions
772,share someone's opinion on,C2,Technology_Digital,Social_Media
773,sandy beach,C1,Science_Nature,Environment_Ecology
774,think hard,B2,Daily_Life,General_Interactions
775,secluded beach,C2,Science_Nature,Environment_Ecology
776,trust someone's judgement,C2,Society_Law_Politics,Law_Crime
777,snow-covered mountains,C2,Technology_Digital,Artificial_Intelligence
778,unshakeable belief,C2,Daily_Life,General_Interactions
779,spectacular view,C2,Psychology_Emotions,Feelings_Emotions
780,back up an argument,C2,Communication_Media_Arts,Opinion_Discussion
781,steep slope,C1,Science_Nature,Environment_Ecology
782,broad hint,B2,Travel_Transportation,Road_Travel
783,stream winds,C1,Science_Nature,Environment_Ecology
784,claims are unfounded,C2,Technology_Digital,Artificial_Intelligence
785,surrounding countryside,C2,Science_Nature,Environment_Ecology
786,clearly imply,C2,Daily_Life,General_Interactions
787,take a picture,C2,Daily_Life,General_Interactions
788,contradictory advice,C2,Daily_Life,General_Interactions
789,tranquil countryside,C2,Science_Nature,Environment_Ecology
790,contradictory evidence,C2,Society_Law_Politics,Law_Crime
791,turn a corner,C2,Daily_Life,General_Interactions
792,deny a claim,C1,Technology_Digital,Artificial_Intelligence
793,uninterrupted view,C2,Psychology_Emotions,Feelings_Emotions
794,deny an accusation,C2,Psychology_Emotions,Behavior
795,unspoilt countryside,C2,Science_Nature,Environment_Ecology
796,deny an allegation,C2,Psychology_Emotions,Behavior
797,well worth seeing,C2,Daily_Life,General_Interactions
798,deny a rumour,C2,Psychology_Emotions,Behavior
799,avenue runs,C1,Daily_Life,General_Interactions
800,deny charges,C1,Daily_Life,General_Interactions
801,bumper-to-bumper traffic,C2,Travel_Transportation,Road_Travel
802,disclaim responsibility,C2,Technology_Digital,Artificial_Intelligence
803,city skyline,C1,Daily_Life,General_Interactions
804,cobbled street,C2,Daily_Life,General_Interactions
805,face an accusation,C2,Society_Law_Politics,Law_Crime
806,comfortable suburbs,C2,Daily_Life,General_Interactions
807,fully accept,C1,Daily_Life,General_Interactions
808,conservation area,C2,Science_Nature,Environment_Ecology
809,heavy hint,B2,Daily_Life,General_Interactions
810,deprived area,C2,Daily_Life,General_Interactions
811,issue a statement,C2,Daily_Life,General_Interactions
812,leak a document,C2,Daily_Life,General_Interactions
813,fashionable club,C2,Daily_Life,General_Interactions
814,long-running battle,C2,Health_Medicine,Fitness_Exercise
815,good value,B2,Daily_Life,General_Interactions
816,make an allegation,C2,Society_Law_Politics,Law_Crime
817,high-rise flats,C2,Daily_Life,General_Interactions
818,make a point,C1,Daily_Life,General_Interactions
819,imposing building,C2,Communication_Media_Arts,Speaking_Expressions
820,openly accuse,C2,Society_Law_Politics,Law_Crime
821,incessant roar,C2,Daily_Life,General_Interactions
822,put forward a theory,C2,Education,Academic_Study
823,industrial zone,C2,Daily_Life,General_Interactions
824,refuse an invitation,C2,Daily_Life,General_Interactions
825,inner city,B2,Daily_Life,General_Interactions
826,refuse an offer,C2,Daily_Life,General_Interactions
827,inner-city area,C2,Daily_Life,General_Interactions
828,reject a claim,C2,Technology_Digital,Artificial_Intelligence
829,lined with shops,C2,Daily_Life,Shopping_Everyday
830,reject an idea,C2,Daily_Life,General_Interactions
831,lively bar,B2,Daily_Life,General_Interactions
832,reject a suggestion,C2,Daily_Life,General_Interactions
833,no-go area,B2,Daily_Life,General_Interactions
834,run contrary to,C2,Daily_Life,General_Interactions
835,overpriced restaurant,C2,Business_Finance_Economy,Economy_Markets
836,serious allegation,C2,Society_Law_Politics,Law_Crime
837,pavement café,C2,Daily_Life,General_Interactions
838,state clearly,C2,Communication_Media_Arts,Writing_Language
839,pricey restaurant,C2,Business_Finance_Economy,Economy_Markets
840,strongly deny,C2,Psychology_Emotions,Behavior
841,quaint old building,C2,Technology_Digital,Artificial_Intelligence
842,substantiate a claim,C2,Technology_Digital,Artificial_Intelligence
843,relaxed atmosphere,C2,Psychology_Emotions,Stress_Mental_State
844,widely acknowledged,C2,Education,Learning_Skills
845,residential area,C2,Daily_Life,General_Interactions
846,wrongly accuse,C2,Society_Law_Politics,Law_Crime
847,run-down building,C2,Daily_Life,General_Interactions
848,absolute favourite,C2,Daily_Life,General_Interactions
849,shanty town,C1,Daily_Life,General_Interactions
850,all-time favourite,C2,Daily_Life,Time_Management
851,sprawling city,C2,Daily_Life,General_Interactions
852,ardent fan,B2,Daily_Life,General_Interactions
853,strewn with litter,C2,Daily_Life,General_Interactions
854,cater for someone's tastes,C2,Daily_Life,General_Interactions
855,tree-lined avenue,C2,Daily_Life,General_Interactions
856,clear preference,C2,Daily_Life,General_Interactions
857,upmarket shops,C2,Business_Finance_Economy,Economy_Markets
858,dedicated fan,C2,Daily_Life,General_Interactions
859,urban wasteland,C2,Daily_Life,General_Interactions
860,deep hatred,C1,Daily_Life,General_Interactions
861,volume of traffic,C2,Travel_Transportation,Road_Travel
862,deep-rooted hatred,C2,Daily_Life,General_Interactions
863,aspect of someone's personality,C2,Psychology_Emotions,Personality
864,fill someone with admiration,C2,Health_Medicine,Healthcare_Hospital
865,bear a grudge,C2,Psychology_Emotions,Feelings_Emotions
866,genuine liking,C2,Daily_Life,General_Interactions
867,brutally honest,C2,Psychology_Emotions,Personality
868,give someone a warm welcome,C2,Society_Law_Politics,Law_Crime
869,come to terms with,C2,Daily_Life,General_Interactions
870,give someone pleasure,C2,Daily_Life,General_Interactions
871,fiercely loyal,C2,Daily_Life,General_Interactions
872,great enjoyment,C2,Psychology_Emotions,Feelings_Emotions
873,give the impression,C2,Communication_Media_Arts,Media_Journalism
874,greatest regard,C2,Education,Exams_Assessments
875,good company,C1,Business_Finance_Economy,Business_Management
876,great love,B2,Psychology_Emotions,Feelings_Emotions
877,good sense of humour,C2,Daily_Life,General_Interactions
878,great lover,C1,Psychology_Emotions,Feelings_Emotions
879,have a tendency,C2,Psychology_Emotions,Behavior
880,great pleasure,C2,Health_Medicine,Healthcare_Hospital
881,have a vivid imagination,C2,Daily_Life,General_Interactions
882,have a liking for,C2,Daily_Life,General_Interactions
883,highly intelligent,C2,Communication_Media_Arts,Speaking_Expressions
884,have sympathy,C2,Daily_Life,General_Interactions
885,hurt someone's feelings,C2,Psychology_Emotions,Feelings_Emotions
886,highest regard,C2,Daily_Life,General_Interactions
887,keep secrets,C1,Daily_Life,General_Interactions
888,huge aversion,C2,Daily_Life,General_Interactions
889,keep your temper,C2,Daily_Life,General_Interactions
890,huge pleasure,C2,Daily_Life,General_Interactions
891,keep your word,C2,Daily_Life,General_Interactions
892,instant dislike,C2,Technology_Digital,Social_Media
893,lose your patience,C2,Daily_Life,General_Interactions
894,intense dislike,C2,Technology_Digital,Social_Media
895,lose your temper,C2,Daily_Life,General_Interactions
896,keen admirer,C1,Daily_Life,General_Interactions
897,make a fool out of someone,C2,Daily_Life,General_Interactions
898,particular liking,C2,Communication_Media_Arts,Arts_Creativity
899,outgoing personality,C2,Psychology_Emotions,Personality
900,passionate love,C2,Education,Exams_Assessments
901,painfully shy,C2,Health_Medicine,Illness_Diseases
902,relish the thought,C2,Psychology_Emotions,Feelings_Emotions
903,play a joke on,C2,Communication_Media_Arts,Speaking_Expressions
904,sheer enjoyment,C2,Psychology_Emotions,Feelings_Emotions
905,play a trick on,C2,Communication_Media_Arts,Speaking_Expressions
906,state a preference,C2,Daily_Life,General_Interactions
907,put others first,C2,Daily_Life,General_Interactions
908,strong aversion,C2,Daily_Life,General_Interactions
909,razor-sharp mind,C2,Health_Medicine,Mental_Health
910,strong preference,C2,Daily_Life,General_Interactions
911,reveal your true character,C2,Psychology_Emotions,Personality
912,take a dislike to,C2,Technology_Digital,Social_Media
913,selfish streak,C2,Psychology_Emotions,Feelings_Emotions
914,take offence,C1,Society_Law_Politics,Law_Crime
915,sense of humour,C2,Daily_Life,General_Interactions
916,take pleasure,C2,Daily_Life,General_Interactions
917,sense of responsibility,C2,Daily_Life,General_Interactions
918,take pride in,C2,Daily_Life,General_Interactions
919,set high standards,C2,Daily_Life,General_Interactions
920,bitterly criticise,C2,Daily_Life,General_Interactions
921,snap decisions,C2,Daily_Life,General_Interactions
922,come in for criticism,C2,Psychology_Emotions,Behavior
923,strength of character,C2,Health_Medicine,Fitness_Exercise
924,constant criticism,C2,Daily_Life,General_Interactions
925,supremely confident,C2,Psychology_Emotions,Feelings_Emotions
926,constructive criticism,C2,Daily_Life,General_Interactions
927,swallow your pride,C2,Daily_Life,General_Interactions
928,counter criticism,C2,Psychology_Emotions,Behavior
929,swallow your pride s,C2,Daily_Life,General_Interactions
930,dazzling production,C2,Daily_Life,Shopping_Everyday
931,take a joke,C1,Daily_Life,General_Interactions
932,dismiss criticism,C2,Psychology_Emotions,Behavior
933,throw a tantrum,C2,Daily_Life,General_Interactions
934,express your disapproval,C2,Communication_Media_Arts,Speaking_Expressions
935,auburn hair,C1,Technology_Digital,Artificial_Intelligence
936,fiercely criticise,C2,Daily_Life,General_Interactions
937,bear a striking resemblance to,C2,Psychology_Emotions,Personality
938,frown of disapproval,C2,Technology_Digital,Software_Internet
939,bearing a striking resemblance to,C2,Psychology_Emotions,Personality
940,give a performance,C2,Communication_Media_Arts,Speaking_Expressions
941,broad hips,B2,Travel_Transportation,Road_Travel
942,give credit,C1,Daily_Life,General_Interactions
943,broad shoulders,C2,Travel_Transportation,Road_Travel
944,give someone a big clap,C2,Daily_Life,General_Interactions
945,bushy eyebrows,C2,Travel_Transportation,Public_Transport
946,give your blessing,C2,Communication_Media_Arts,Speaking_Expressions
947,chubby cheeks,C2,Psychology_Emotions,Personality
948,harsh critic,C1,Daily_Life,General_Interactions
949,coarse hair,C1,Technology_Digital,Artificial_Intelligence
950,harsh criticism,C2,Daily_Life,General_Interactions
951,dark hair,B2,Technology_Digital,Artificial_Intelligence
952,have nothing but praise for,C2,Technology_Digital,Artificial_Intelligence
953,dishevelled hair,C2,Technology_Digital,Artificial_Intelligence
954,heartily approve,C2,Communication_Media_Arts,Arts_Creativity
955,droopy moustache,C2,Psychology_Emotions,Personality
956,highly critical,C2,Daily_Life,General_Interactions
957,dumpy woman,C1,Psychology_Emotions,Personality
958,justly deserve,C2,Daily_Life,General_Interactions
959,fair hair,B2,Technology_Digital,Artificial_Intelligence
960,last night's performance,C2,Communication_Media_Arts,Speaking_Expressions
961,ginger hair,C1,Technology_Digital,Artificial_Intelligence
962,launch a product,C2,Daily_Life,Shopping_Everyday
963,go bald,B1,Psychology_Emotions,Personality
964,look of disapproval,C2,Technology_Digital,Software_Internet
965,go grey,B1,Psychology_Emotions,Personality
966,offer your congratulations,C2,Daily_Life,General_Interactions
967,have a striking appearance,C2,Psychology_Emotions,Personality
968,outspoken critic,C2,Daily_Life,General_Interactions
969,immaculately groomed,C2,Daily_Life,Home_Housing
970,outstanding performance,C2,Communication_Media_Arts,Speaking_Expressions
971,jet-black hair,C2,Technology_Digital,Artificial_Intelligence
972,pat on the back,C2,Daily_Life,General_Interactions
973,lanky youth,C1,Psychology_Emotions,Personality
974,put on a production,C2,Daily_Life,Shopping_Everyday
975,lovely complexion,C2,Psychology_Emotions,Feelings_Emotions
976,rave review,C1,Daily_Life,General_Interactions
977,oval face,B2,Psychology_Emotions,Personality
978,receive a standing ovation,C2,Daily_Life,General_Interactions
979,pointed face,C1,Psychology_Emotions,Personality
980,receive critical acclaim,C2,Technology_Digital,Artificial_Intelligence
981,portly gentleman,C2,Psychology_Emotions,Personality
982,respond to criticism,C2,Psychology_Emotions,Behavior
983,round face,B2,Psychology_Emotions,Personality
984,richly deserved,C2,Daily_Life,General_Interactions
985,shoulder-length hair,C2,Technology_Digital,Artificial_Intelligence
986,roundly criticise,C2,Daily_Life,General_Interactions
987,sleek hair,B2,Technology_Digital,Artificial_Intelligence
988,round of applause,C2,Technology_Digital,Software_Internet
989,slender waist,C2,Technology_Digital,Artificial_Intelligence
990,set up a business,C2,Business_Finance_Economy,Business_Management
991,slim figure,C1,Psychology_Emotions,Personality
992,severely condemn,C2,Daily_Life,General_Interactions
993,straight nose,C2,Technology_Digital,Artificial_Intelligence
994,sharply critical,C2,Daily_Life,General_Interactions
995,thick hair,B2,Technology_Digital,Artificial_Intelligence
996,show your disapproval,C2,Technology_Digital,Software_Internet
997,upturned nose,C2,Psychology_Emotions,Personality
998,sing someone's praises,C2,Technology_Digital,Artificial_Intelligence
999,well-built person,C2,Psychology_Emotions,Personality
1000,speak highly of,C2,Communication_Media_Arts,Speaking_Expressions
1001,youthful appearance,C2,Psychology_Emotions,Personality
1002,speak well of,C2,Communication_Media_Arts,Speaking_Expressions
1003,acrimonious divorce,C2,Daily_Life,General_Interactions
1004,strenuously object,C2,Daily_Life,General_Interactions
1005,apply for custody of,C2,Technology_Digital,Software_Internet
1006,strongly disapprove of,C2,Technology_Digital,Software_Internet
1007,baby is due,C1,Daily_Life,General_Interactions
1008,strongly object,C2,Daily_Life,General_Interactions
1009,bitter divorce,C2,Daily_Life,General_Interactions
1010,take full credit for,C2,Daily_Life,General_Interactions
1011,blood relative,C2,Daily_Life,General_Interactions
1012,think the world of someone,C2,Daily_Life,General_Interactions
1013,bring up a family,C2,Daily_Life,General_Interactions
1014,thoroughly disapprove,C2,Technology_Digital,Software_Internet
1015,bring up children,C2,Daily_Life,General_Interactions
1016,thunderous applause,C2,Technology_Digital,Software_Internet
1017,bring up up a family,C2,Daily_Life,General_Interactions
1018,universal condemnation,C2,Daily_Life,General_Interactions
1019,broken home,C1,Daily_Life,Home_Housing
1020,warmly approve,C2,Technology_Digital,Software_Internet
1021,close family,C1,Daily_Life,General_Interactions
1022,warmly congratulate,C2,Society_Law_Politics,Law_Crime
1023,close-knit family,C2,Daily_Life,General_Interactions
1024,wholesale condemnation,C2,Business_Finance_Economy,Business_Management
1025,close relative,C2,Daily_Life,General_Interactions
1026,win praise,B2,Technology_Digital,Artificial_Intelligence
1027,confirmed bachelor,C2,Daily_Life,General_Interactions
1028,spark off rumours,C2,Daily_Life,General_Interactions
1029,deprived home,C2,Daily_Life,Home_Housing
1030,strengthen the impact,C2,Health_Medicine,Fitness_Exercise
1031,distant cousin,C2,Daily_Life,General_Interactions
1032,suffer the consequences,C2,Health_Medicine,Illness_Diseases
1033,distant relative,C2,Daily_Life,General_Interactions
1034,underlying cause,C2,Daily_Life,General_Interactions
1035,dysfunctional family,C2,Daily_Life,General_Interactions
1036,unexpected outcome,C2,Psychology_Emotions,Stress_Mental_State
1037,estranged husband,C2,Daily_Life,General_Interactions
1038,unforeseen outcome,C2,Psychology_Emotions,Stress_Mental_State
1039,estranged wife,C2,Daily_Life,General_Interactions
1040,unforeseen result,C2,Psychology_Emotions,Stress_Mental_State
1041,ex-husband,B2,Daily_Life,General_Interactions
1042,annual turnover,C2,Business_Finance_Economy,Finance_Banking
1043,expecting a baby,C2,Daily_Life,General_Interactions
1044,balance the budget,C2,Business_Finance_Economy,Finance_Banking
1045,extended family,C2,Daily_Life,General_Interactions
1046,businesses are going under,C2,Business_Finance_Economy,Business_Management
1047,ex-wife,B1,Daily_Life,General_Interactions
1048,business is booming,C2,Business_Finance_Economy,Business_Management
1049,get a divorce,C2,Daily_Life,General_Interactions
1050,business would fold,C2,Business_Finance_Economy,Business_Management
1051,give custody to,C2,Daily_Life,General_Interactions
1052,carry out market research,C2,Education,Academic_Study
1053,grant custody to,C2,Daily_Life,General_Interactions
1054,cease trading,C2,Daily_Life,General_Interactions
1055,have a baby,C1,Daily_Life,General_Interactions
1056,conduct market research,C2,Education,Academic_Study
1057,have children,C2,Daily_Life,General_Interactions
1058,create jobs,C1,Business_Finance_Economy,Jobs_Careers
1059,immediate family,C2,Communication_Media_Arts,Media_Journalism
1060,cut-throat competition,C2,Daily_Life,General_Interactions
1061,late husband,C1,Daily_Life,General_Interactions
1062,do a deal,B2,Daily_Life,General_Interactions
1063,late wife,B2,Daily_Life,General_Interactions
1064,float the company,C2,Business_Finance_Economy,Business_Management
1065,loving family,C2,Daily_Life,General_Interactions
1066,go bankrupt,C1,Business_Finance_Economy,Finance_Banking
1067,nuclear family,C2,Daily_Life,General_Interactions
1068,go into business,C2,Business_Finance_Economy,Business_Management
1069,provide for your family,C2,Daily_Life,General_Interactions
1070,go into partnership with,C2,Communication_Media_Arts,Arts_Creativity
1071,raise a family,C2,Technology_Digital,Artificial_Intelligence
1072,raise children,C2,Technology_Digital,Artificial_Intelligence
1073,go public,B2,Business_Finance_Economy,Finance_Banking
1074,respectable family,C2,Society_Law_Politics,Human_Rights
1075,second cousin,C2,Daily_Life,General_Interactions
1076,make a loss,C1,Business_Finance_Economy,Finance_Banking
1077,set up home,C1,Daily_Life,Home_Housing
1078,make a profit,C2,Business_Finance_Economy,Finance_Banking
1079,single parent,C2,Daily_Life,Home_Housing
1080,market forces,C2,Business_Finance_Economy,Economy_Markets
1081,stable home,C1,Daily_Life,Home_Housing
1082,put in a bid,C1,Daily_Life,General_Interactions
1083,start a family,C2,Communication_Media_Arts,Arts_Creativity
1084,rival company,C2,Business_Finance_Economy,Business_Management
1085,trial separation,C2,Daily_Life,General_Interactions
1086,run a business,C2,Business_Finance_Economy,Business_Management
1087,accept someone's proposal,C2,Psychology_Emotions,Feelings_Emotions
1088,sales figures,C2,Business_Finance_Economy,Business_Management
1089,casual acquaintance,C2,Technology_Digital,Artificial_Intelligence
1090,secret of your success,C2,Psychology_Emotions,Motivation
1091,cement a friendship,C2,Daily_Life,General_Interactions
1092,close friend,C1,Daily_Life,General_Interactions
1093,stiff competition,C2,Daily_Life,General_Interactions
1094,desperately in love,C2,Business_Finance_Economy,Economy_Markets
1095,strike a deal,C2,Daily_Life,General_Interactions
1096,develop a friendship,C2,Daily_Life,General_Interactions
1097,take on staff,C2,Daily_Life,General_Interactions
1098,fall in love,C1,Psychology_Emotions,Feelings_Emotions
1099,acknowledge your sources,C2,Education,Learning_Skills
1100,form a friendship,C2,Daily_Life,General_Interactions
1101,broadly support,C2,Travel_Transportation,Road_Travel
1102,friendship grows,C2,Daily_Life,General_Interactions
1103,carry out a study,C2,Education,Academic_Study
1104,have a good relationship with someone,C2,Daily_Life,General_Interactions
1105,challenge a theory,C2,Education,Academic_Study
1106,have an affair,C2,Technology_Digital,Artificial_Intelligence
1107,clear illustration,C2,Health_Medicine,Healthcare_Hospital
1108,keep in contact,C2,Psychology_Emotions,Behavior
1109,come under attack,C2,Daily_Life,General_Interactions
1110,keep in touch,C2,Daily_Life,General_Interactions
1111,commit plagiarism,C2,Daily_Life,General_Interactions
1112,lose contact,C1,Psychology_Emotions,Behavior
1113,concise summary,C2,Daily_Life,General_Interactions
1114,lose touch,B2,Daily_Life,General_Interactions
1115,do research,C1,Education,Academic_Study
1116,love at first sight,C2,Psychology_Emotions,Feelings_Emotions
1117,establish a connection,C2,Daily_Life,General_Interactions
1118,love of your life,C2,Science_Nature,Biology_Life_Sciences
1119,gather evidence,C2,Daily_Life,General_Interactions
1120,love someone unconditionally,C2,Psychology_Emotions,Feelings_Emotions
1121,give an account of,C2,Business_Finance_Economy,Business_Management
1122,madly in love,C2,Psychology_Emotions,Feelings_Emotions
1123,go into great detail,C2,Technology_Digital,Artificial_Intelligence
1124,make a commitment,C2,Daily_Life,General_Interactions
1125,groundbreaking research,C2,Education,Academic_Study
1126,irrefutable proof,C2,Society_Law_Politics,Law_Crime
1127,mutual friends,C2,Daily_Life,General_Interactions
1128,key factor,B2,Psychology_Emotions,Behavior
1129,return someone's love,C2,Psychology_Emotions,Feelings_Emotions
1130,make a contribution to,C2,Daily_Life,General_Interactions
1131,special friend,C2,Daily_Life,General_Interactions
1132,perfect example,C2,Education,Exams_Assessments
1133,spoil a friendship,C2,Daily_Life,General_Interactions
1134,play a central role,C2,Communication_Media_Arts,Speaking_Expressions
1135,strike up a friendship,C2,Daily_Life,General_Interactions
1136,play a part,C1,Communication_Media_Arts,Arts_Creativity
1137,add an extension,C2,Daily_Life,General_Interactions
1138,powerful argument,C2,Communication_Media_Arts,Opinion_Discussion
1139,affordable housing,C2,Daily_Life,Home_Housing
1140,propose a theory,C2,Education,Academic_Study
1141,a place of my own,C2,Daily_Life,Home_Housing
1142,provide evidence,C2,Daily_Life,General_Interactions
1143,arouse feelings,C2,Psychology_Emotions,Feelings_Emotions
1144,available to rent,C2,Technology_Digital,Artificial_Intelligence
1145,set out an argument,C2,Communication_Media_Arts,Opinion_Discussion
1146,basement flat,C2,Daily_Life,Home_Housing
1147,shape our thinking,C2,Daily_Life,General_Interactions
1148,significant contribution,C2,Daily_Life,General_Interactions
1149,significant trend,C2,Business_Finance_Economy,Economy_Markets
1150,chilly corridor,C2,Health_Medicine,Healthcare_Hospital
1151,strenuously defend,C2,Daily_Life,General_Interactions
1152,completely refurbished,C2,Daily_Life,General_Interactions
1153,strong tendency,C2,Psychology_Emotions,Behavior
1154,cosy study,B2,Education,Academic_Study
1155,support a claim,C2,Technology_Digital,Artificial_Intelligence
1156,cramped room,C1,Daily_Life,Home_Housing
1157,supporting evidence,C2,Society_Law_Politics,Law_Crime
1158,deeply depressed,C2,Communication_Media_Arts,Media_Journalism
1159,tentative explanation,C2,Daily_Life,General_Interactions
1160,desperately sad,C2,Business_Finance_Economy,Economy_Markets
1161,adopt a position,C2,Daily_Life,General_Interactions
1162,dilapidated building,C2,Daily_Life,General_Interactions
1163,argue convincingly,C2,Communication_Media_Arts,Speaking_Expressions
1164,do up a house,C2,Daily_Life,Home_Housing
1165,assess the significance of,C2,Daily_Life,General_Interactions
1166,do up an old house,C2,Daily_Life,Home_Housing
1167,briefly summarise,C2,Daily_Life,General_Interactions
1168,draughty hall,C2,Daily_Life,General_Interactions
1169,disagree profoundly,C2,Communication_Media_Arts,Opinion_Discussion
1170,dream home,B2,Daily_Life,Home_Housing
1171,draw a conclusion,C2,Communication_Media_Arts,Speaking_Expressions
1172,emotional impact,C2,Health_Medicine,Mental_Health
1173,draw a distinction between,C2,Communication_Media_Arts,Speaking_Expressions
1174,emotional involvement,C2,Health_Medicine,Mental_Health
1175,draw an analogy,C2,Communication_Media_Arts,Speaking_Expressions
1176,emotional response,C2,Health_Medicine,Mental_Health
1177,draw attention to,C2,Communication_Media_Arts,Speaking_Expressions
1178,emotional wreck,C2,Health_Medicine,Mental_Health
1179,draw parallels,C2,Communication_Media_Arts,Speaking_Expressions
1180,express your disappointment,C2,Communication_Media_Arts,Speaking_Expressions
1181,fall into a category,C2,Daily_Life,General_Interactions
1182,feel at home,C1,Psychology_Emotions,Feelings_Emotions
1183,hold firmly to,C2,Daily_Life,General_Interactions
1184,feel homesick,C2,Psychology_Emotions,Feelings_Emotions
1185,lay emphasis on,C2,Daily_Life,General_Interactions
1186,four-storey house,C2,Daily_Life,Home_Housing
1187,lend support to,C2,Daily_Life,General_Interactions
1188,fully-fitted kitchen,C2,Daily_Life,Home_Housing
1189,make a case for,C2,Daily_Life,General_Interactions
1190,fully furnished,C2,Daily_Life,General_Interactions
1191,make a comparison,C2,Daily_Life,General_Interactions
1192,granny flat,C1,Daily_Life,Home_Housing
1193,make reference to,C2,Daily_Life,General_Interactions
1194,great sadness,C2,Psychology_Emotions,Feelings_Emotions
1195,present a case for,C2,Communication_Media_Arts,Speaking_Expressions
1196,happy couple,C1,Psychology_Emotions,Feelings_Emotions
1197,put forward an argument,C2,Communication_Media_Arts,Opinion_Discussion
1198,happy occasion,C2,Psychology_Emotions,Feelings_Emotions
1199,raise questions,C2,Education,Classroom_Interaction
1200,happy occasion have,C2,Psychology_Emotions,Feelings_Emotions
1201,research suggests,C2,Education,Academic_Study
1202,have a view of,C2,Daily_Life,General_Interactions
1203,state an opinion,C2,Communication_Media_Arts,Opinion_Discussion
1204,highly emotional,C2,Health_Medicine,Mental_Health
1205,take into consideration,C2,Daily_Life,General_Interactions
1206,house-warming party,C2,Communication_Media_Arts,Arts_Creativity
1207,take up a position,C2,Daily_Life,General_Interactions
1208,huge disappointment,C2,Psychology_Emotions,Feelings_Emotions
1209,touch on issues,C2,Daily_Life,General_Interactions
1210,increasingly anxious,C2,Communication_Media_Arts,Speaking_Expressions
1211,act as a deterrent,C2,Psychology_Emotions,Behavior
1212,invite someone to a party,C2,Communication_Media_Arts,Arts_Creativity
1213,act within the law,C2,Society_Law_Politics,Law_Crime
1214,lasting happiness,C2,Technology_Digital,Software_Internet
1215,appear in court,C2,Society_Law_Politics,Law_Crime
1216,leave home,B2,Daily_Life,Home_Housing
1217,bend the rules,C2,Society_Law_Politics,Law_Crime
1218,let someone down badly,C2,Daily_Life,General_Interactions
1219,break the law,C2,Society_Law_Politics,Law_Crime
1220,life feels empty,C2,Science_Nature,Biology_Life_Sciences
1221,carry out an investigation,C2,Education,Academic_Study
1222,light airy bedrooms,C2,Technology_Digital,Artificial_Intelligence
1223,comply with the regulations,C2,Society_Law_Politics,Public_Policies
1224,enforce the law,C2,Science_Nature,Physics_Chemistry
1225,make yourself at home,C2,Daily_Life,Home_Housing
1226,face a fine,C1,Society_Law_Politics,Law_Crime
1227,mounting anger,C2,Daily_Life,General_Interactions
1228,face the death penalty,C2,Society_Law_Politics,Law_Crime
1229,move into a flat,C2,Daily_Life,General_Interactions
1230,fair trial,B2,Technology_Digital,Artificial_Intelligence
1231,move into a house,C2,Daily_Life,Home_Housing
1232,follow the rules,C2,Society_Law_Politics,Law_Crime
1233,move out of a flat,C2,Daily_Life,General_Interactions
1234,go on trial,C1,Daily_Life,General_Interactions
1235,newly-built apartment,C2,Communication_Media_Arts,Arts_Creativity
1236,hard legal battle,C2,Society_Law_Politics,Law_Crime
1237,off-road parking,C2,Travel_Transportation,Road_Travel
1238,harsh penalty,C2,Society_Law_Politics,Law_Crime
1239,harsh sentence,C2,Society_Law_Politics,Law_Crime
1240,sad occasion,C1,Psychology_Emotions,Feelings_Emotions
1241,heavy fine,B2,Society_Law_Politics,Law_Crime
1242,second home,C1,Daily_Life,Home_Housing
1243,introduce a law,C2,Society_Law_Politics,Law_Crime
1244,seething with anger,C2,Daily_Life,General_Interactions
1245,law forbids,C1,Society_Law_Politics,Law_Crime
1246,short-let accommodation,C2,Travel_Transportation,Hotels_Tourism
1247,law prohibits,C2,Society_Law_Politics,Law_Crime
1248,show your feelings,C2,Psychology_Emotions,Feelings_Emotions
1249,obey the law,C1,Society_Law_Politics,Law_Crime
1250,spacious living room,C2,Daily_Life,Home_Housing
1251,observe the law,C2,Society_Law_Politics,Law_Crime
1252,studio flat,C1,Daily_Life,Home_Housing
1253,pass a law,B2,Education,Exams_Assessments
1254,suitable accommodation,C2,Travel_Transportation,Hotels_Tourism
1255,pay a fine,B2,Society_Law_Politics,Law_Crime
1256,take out a mortgage,C2,Daily_Life,General_Interactions
1257,reach a verdict,C2,Daily_Life,General_Interactions
1258,welcome someone home,C2,Daily_Life,Home_Housing
1259,regulations apply to,C2,Society_Law_Politics,Public_Policies
1260,widespread condemnation,C2,Communication_Media_Arts,Speaking_Expressions
1261,regulations require,C2,Society_Law_Politics,Public_Policies
1262,worried sick,C1,Health_Medicine,Healthcare_Hospital
1263,regulations stipulate,C2,Society_Law_Politics,Public_Policies
1264,chinese/mexican/french cooking,C2,Health_Medicine,Nutrition_Diet
1265,respect the law,C2,Society_Law_Politics,Law_Crime
1266,chinese/mexican/french cuisine,C2,Health_Medicine,Nutrition_Diet
1267,rules allow,C1,Society_Law_Politics,Law_Crime
1268,chinese/mexican/french food,C2,Health_Medicine,Nutrition_Diet
1269,rules apply to,C2,Technology_Digital,Software_Internet
1270,chinese/mexican/french meal,C2,Health_Medicine,Nutrition_Diet
1271,rules permit,C1,Society_Law_Politics,Law_Crime
1272,decent meal,C1,Health_Medicine,Nutrition_Diet
1273,severely punished,C2,Society_Law_Politics,Law_Crime
1274,dying of hunger,C2,Daily_Life,General_Interactions
1275,first-time buyer,C2,Daily_Life,Shopping_Everyday
1276,uphold the law,C2,Society_Law_Politics,Law_Crime
1277,food additives,C2,Health_Medicine,Nutrition_Diet
1278,win a case,B2,Daily_Life,General_Interactions
1279,food poisoning,C2,Health_Medicine,Nutrition_Diet
1280,act of terrorism,C2,Psychology_Emotions,Behavior
1281,fresh produce,C2,Daily_Life,General_Interactions
1282,break into a house,C2,Daily_Life,Home_Housing
1283,gm food,B1,Health_Medicine,Nutrition_Diet
1284,combat crime,C1,Society_Law_Politics,Law_Crime
1285,gourmet meal,C1,Health_Medicine,Nutrition_Diet
1286,commit an offence,C2,Society_Law_Politics,Law_Crime
1287,have a quick snack,C2,Health_Medicine,Nutrition_Diet
1288,common criminal,C2,Daily_Life,General_Interactions
1289,healthy appetite,C2,Health_Medicine,Healthcare_Hospital
1290,convicted criminal,C2,Daily_Life,General_Interactions
1291,hearty breakfast,C2,Communication_Media_Arts,Arts_Creativity
1292,conviction for robbery,C2,Society_Law_Politics,Law_Crime
1293,home-cooked food,C2,Health_Medicine,Nutrition_Diet
1294,crime figures,C2,Society_Law_Politics,Law_Crime
1295,international cuisine,C2,Health_Medicine,Nutrition_Diet
1296,crime rate,B2,Business_Finance_Economy,Economy_Markets
1297,international food,C2,Health_Medicine,Nutrition_Diet
1298,crime wave,B2,Society_Law_Politics,Law_Crime
1299,junk food,B2,Health_Medicine,Nutrition_Diet
1300,criminal record,C2,Daily_Life,General_Interactions
1301,light meal,B2,Health_Medicine,Nutrition_Diet
1302,drug abuse,B2,Travel_Transportation,Public_Transport
1303,nourishing meal,C2,Health_Medicine,Nutrition_Diet
1304,fight against crime,C2,Technology_Digital,Artificial_Intelligence
1305,organic food,C1,Health_Medicine,Nutrition_Diet
1306,hardened criminal,C2,Daily_Life,General_Interactions
1307,overlook the garden,C2,Daily_Life,Home_Housing
1308,juvenile crime,C2,Society_Law_Politics,Law_Crime
1309,perishable food,C2,Health_Medicine,Nutrition_Diet
1310,mindless vandalism,C2,Health_Medicine,Mental_Health
1311,processed food,C2,Health_Medicine,Nutrition_Diet
1312,petty crime,C1,Society_Law_Politics,Law_Crime
1313,ready meal,B2,Health_Medicine,Nutrition_Diet
1314,political prisoner,C2,Society_Law_Politics,Law_Crime
1315,rob an institution,C2,Daily_Life,General_Interactions
1316,refreshing drink,C2,Daily_Life,General_Interactions
1317,rob a person,C1,Psychology_Emotions,Feelings_Emotions
1318,set menu,B1,Health_Medicine,Nutrition_Diet
1319,serve a sentence of,C2,Daily_Life,General_Interactions
1320,slap-up meal,C1,Health_Medicine,Nutrition_Diet
1321,serve a sentence of (period of time),C2,Daily_Life,Time_Management
1322,soft drink,B2,Daily_Life,General_Interactions
1323,spate of burglaries,C2,Daily_Life,General_Interactions
1324,staggering increase,C2,Daily_Life,General_Interactions
1325,spoil your appetite,C2,Health_Medicine,Nutrition_Diet
1326,steal a car,C1,Travel_Transportation,Road_Travel
1327,steal something,C2,Daily_Life,General_Interactions
1328,turn into a flat,C2,Daily_Life,General_Interactions
1329,street crime,C1,Society_Law_Politics,Law_Crime
1330,absorbed in a book,C2,Education,Academic_Study
1331,tackle crime,C1,Society_Law_Politics,Law_Crime
1332,based on a story,C2,Communication_Media_Arts,Writing_Language
1333,target serious crime,C2,Society_Law_Politics,Law_Crime
1334,beautifully written,C2,Education,Academic_Study
1335,vehicle crime,C2,Society_Law_Politics,Law_Crime
1336,bedtime reading,C2,Daily_Life,Time_Management
1337,vehicle theft,C2,Daily_Life,General_Interactions
1338,beginning of a book,C2,Education,Academic_Study
1339,young offender,C2,Daily_Life,General_Interactions
1340,beginning of a film,C2,Communication_Media_Arts,Arts_Creativity
1341,attract attention,C2,Psychology_Emotions,Behavior
1342,book captures (an atmosphere),C2,Education,Academic_Study
1343,be front-page news,C2,Communication_Media_Arts,Media_Journalism
1344,book comes out,C2,Communication_Media_Arts,Speaking_Expressions
1345,be headline news,C2,Communication_Media_Arts,Media_Journalism
1346,book deals with,C2,Education,Academic_Study
1347,catch fire,B2,Daily_Life,General_Interactions
1348,book review,C1,Communication_Media_Arts,Media_Journalism
1349,close watch,C1,Daily_Life,General_Interactions
1350,book reviewer,C2,Communication_Media_Arts,Media_Journalism
1351,controversial decision,C2,Daily_Life,General_Interactions
1352,box-office hit,C2,Communication_Media_Arts,Arts_Creativity
1353,flick through a newspaper,C2,Communication_Media_Arts,Media_Journalism
1354,cameo role,B2,Communication_Media_Arts,Arts_Creativity
1355,front-page headline,C2,Communication_Media_Arts,Media_Journalism
1356,cast a film,C1,Communication_Media_Arts,Arts_Creativity
1357,give the go-ahead,C2,Daily_Life,General_Interactions
1358,central character,C2,Psychology_Emotions,Personality
1359,hit the headlines,C2,Daily_Life,General_Interactions
1360,closing chapters,C2,Education,Academic_Study
1361,hold talks,B2,Education,Classroom_Interaction
1362,closing scenes,C2,Communication_Media_Arts,Arts_Creativity
1363,interested party,C2,Communication_Media_Arts,Arts_Creativity
1364,compulsive reading,C2,Education,Academic_Study
1365,item of news,C1,Communication_Media_Arts,Media_Journalism
1366,download an audiobook,C2,Technology_Digital,Software_Internet
1367,keep a watch on,C2,Daily_Life,General_Interactions
1368,download an e-book reader app,C2,Technology_Digital,Software_Internet
1369,keep someone informed,C2,Daily_Life,General_Interactions
1370,easy read,B2,Education,Academic_Study
1371,launch a campaign,C2,Technology_Digital,Artificial_Intelligence
1372,end of a book,C2,Education,Academic_Study
1373,lightning strikes,C2,Daily_Life,General_Interactions
1374,end of a film,C2,Communication_Media_Arts,Arts_Creativity
1375,loss of life,C1,Business_Finance_Economy,Finance_Banking
1376,engrossed in a book,C2,Education,Academic_Study
1377,make headlines,C2,Daily_Life,General_Interactions
1378,female lead,C1,Communication_Media_Arts,Arts_Creativity
1379,news breaks,C1,Communication_Media_Arts,Media_Journalism
1380,film captures (an atmosphere),C2,Communication_Media_Arts,Arts_Creativity
1381,news comes in,C2,Communication_Media_Arts,Media_Journalism
1382,film comes out,C2,Communication_Media_Arts,Arts_Creativity
1383,news develops,C2,Communication_Media_Arts,Media_Journalism
1384,film critic,C1,Communication_Media_Arts,Arts_Creativity
1385,news leaks out,C2,Communication_Media_Arts,Media_Journalism
1386,film deals with,C2,Communication_Media_Arts,Arts_Creativity
1387,outline plans,C2,Daily_Life,General_Interactions
1388,film review,C1,Communication_Media_Arts,Arts_Creativity
1389,publish a story,C2,Communication_Media_Arts,Writing_Language
1390,flick through a book,C2,Education,Academic_Study
1391,run a story,C1,Communication_Media_Arts,Writing_Language
1392,full house,B2,Daily_Life,Home_Housing
1393,seize control,C2,Daily_Life,General_Interactions
1394,give a book a bad review,C2,Communication_Media_Arts,Media_Journalism
1395,story breaks,C1,Communication_Media_Arts,Writing_Language
1396,give a film a bad review,C2,Communication_Media_Arts,Arts_Creativity
1397,take captive,C1,Daily_Life,General_Interactions
1398,take hostage,C1,Daily_Life,General_Interactions
1399,go on the stage,C2,Daily_Life,General_Interactions
1400,talks break down,C2,Education,Classroom_Interaction
1401,the latest news,C2,Education,Exams_Assessments
1402,make a film,C1,Communication_Media_Arts,Arts_Creativity
1403,top job,B1,Business_Finance_Economy,Jobs_Careers
1404,male lead,B2,Communication_Media_Arts,Arts_Creativity
1405,turn of events,C2,Daily_Life,General_Interactions
1406,nominate for an oscar,C2,Travel_Transportation,Road_Travel
1407,big money,B2,Business_Finance_Economy,Finance_Banking
1408,opening chapters,C2,Education,Academic_Study
1409,change money,C1,Business_Finance_Economy,Finance_Banking
1410,opening scenes,C2,Communication_Media_Arts,Arts_Creativity
1411,donate money to,C2,Business_Finance_Economy,Finance_Banking
1412,play the role of,C2,Communication_Media_Arts,Speaking_Expressions
1413,earn a good salary,C2,Business_Finance_Economy,Jobs_Careers
1414,recommend a book,C2,Communication_Media_Arts,Media_Journalism
1415,earn money,B2,Business_Finance_Economy,Finance_Banking
1416,recommend a film,C2,Communication_Media_Arts,Arts_Creativity
1417,get a really good deal,C2,Daily_Life,General_Interactions
1418,review a book,C2,Communication_Media_Arts,Media_Journalism
1419,go cheap,B1,Daily_Life,General_Interactions
1420,review a film,C2,Communication_Media_Arts,Arts_Creativity
1421,high price,B2,Business_Finance_Economy,Economy_Markets
1422,see a film at the cinema,C2,Communication_Media_Arts,Arts_Creativity
1423,in short supply,C2,Business_Finance_Economy,Economy_Markets
1424,see a film on television,C2,Communication_Media_Arts,Arts_Creativity
1425,low price,B2,Business_Finance_Economy,Economy_Markets
1426,see a programme on television,C2,Technology_Digital,Software_Internet
1427,make a small fortune,C2,Business_Finance_Economy,Finance_Banking
1428,shoot a film,C1,Communication_Media_Arts,Arts_Creativity
1429,make a withdrawal,C2,Business_Finance_Economy,Finance_Banking
1430,skim through a book,C2,Education,Academic_Study
1431,make money,B2,Business_Finance_Economy,Finance_Banking
1432,special effects,C2,Communication_Media_Arts,Arts_Creativity
1433,money is tied up in,C2,Business_Finance_Economy,Finance_Banking
1434,star in a film,C2,Communication_Media_Arts,Arts_Creativity
1435,money is tight,C2,Business_Finance_Economy,Finance_Banking
1436,the big screen,C2,Technology_Digital,Devices_Hardware
1437,price goes down,C2,Business_Finance_Economy,Economy_Markets
1438,true story,B2,Communication_Media_Arts,Writing_Language
1439,price goes up,C2,Business_Finance_Economy,Economy_Markets
1440,watch a film on television,C2,Communication_Media_Arts,Arts_Creativity
1441,price increases,C2,Business_Finance_Economy,Economy_Markets
1442,watch a programme on television,C2,Technology_Digital,Software_Internet
1443,watch television,C2,Daily_Life,General_Interactions
1444,price soars,C1,Business_Finance_Economy,Economy_Markets
1445,adoring fan,C1,Daily_Life,General_Interactions
1446,raise money,C1,Business_Finance_Economy,Finance_Banking
1447,a happy ending,C2,Psychology_Emotions,Feelings_Emotions
1448,reasonably priced,C2,Business_Finance_Economy,Economy_Markets
1449,album features,C2,Health_Medicine,Healthcare_Hospital
1450,ridiculous price,C2,Business_Finance_Economy,Economy_Markets
1451,background music,C2,Communication_Media_Arts,Arts_Creativity
1452,rock-bottom price,C2,Business_Finance_Economy,Economy_Markets
1453,big hit,B1,Daily_Life,General_Interactions
1454,save money,B2,Business_Finance_Economy,Finance_Banking
1455,capture a wider audience,C2,Daily_Life,General_Interactions
1456,seriously rich,C2,Daily_Life,General_Interactions
1457,catchy tune,C1,Daily_Life,General_Interactions
1458,spend money (on),C2,Business_Finance_Economy,Finance_Banking
1459,compose a piece,C2,Daily_Life,General_Interactions
1460,squander money (on),C2,Business_Finance_Economy,Finance_Banking
1461,conduct an orchestra,C2,Daily_Life,General_Interactions
1462,steady income,C2,Business_Finance_Economy,Business_Management
1463,debut album,C1,Daily_Life,General_Interactions
1464,throw money around,C2,Business_Finance_Economy,Finance_Banking
1465,easy listening,C2,Daily_Life,General_Interactions
1466,throw money at,C2,Business_Finance_Economy,Finance_Banking
1467,waste money (on),C2,Business_Finance_Economy,Finance_Banking
1468,go on tour,B2,Travel_Transportation,Road_Travel
1469,all-out war,C1,Society_Law_Politics,Government_Politics
1470,go solo,B1,Daily_Life,General_Interactions
1471,army goes into action,C2,Psychology_Emotions,Behavior
1472,haunting melody,C2,Daily_Life,General_Interactions
1473,avert war,B2,Society_Law_Politics,Law_Crime
1474,have a happy ending,C2,Psychology_Emotions,Feelings_Emotions
1475,battle rages,C1,Society_Law_Politics,Government_Politics
1476,huge following,C2,Daily_Life,General_Interactions
1477,bring about peace,C2,Psychology_Emotions,Stress_Mental_State
1478,call a ceasefire,C2,Society_Law_Politics,Government_Politics
1479,live performance,C2,Communication_Media_Arts,Speaking_Expressions
1480,call a truce,C1,Society_Law_Politics,Government_Politics
1481,massive hit,C1,Daily_Life,General_Interactions
1482,decisive battle,C2,Society_Law_Politics,Government_Politics
1483,musical heritage,C2,Communication_Media_Arts,Arts_Creativity
1484,declare war,C1,Society_Law_Politics,Government_Politics
1485,musical talent,C2,Communication_Media_Arts,Arts_Creativity
1486,fierce fighting,C2,Society_Law_Politics,Government_Politics
1487,music blasts out from,C2,Communication_Media_Arts,Arts_Creativity
1488,fight a war,C1,Society_Law_Politics,Government_Politics
1489,music lover,C1,Communication_Media_Arts,Arts_Creativity
1490,fight crime,C1,Society_Law_Politics,Law_Crime
1491,music scene,C1,Communication_Media_Arts,Arts_Creativity
1492,fight for life,C2,Science_Nature,Biology_Life_Sciences
1493,piece of music,C2,Communication_Media_Arts,Arts_Creativity
1494,go to war,B2,Society_Law_Politics,Government_Politics
1495,play a piece,C1,Communication_Media_Arts,Speaking_Expressions
1496,horrors of war,C2,Society_Law_Politics,Law_Crime
1497,pop idol,B1,Daily_Life,General_Interactions
1498,join the army,C2,Daily_Life,General_Interactions
1499,rap artist,B2,Communication_Media_Arts,Arts_Creativity
1500,keep the peace,C2,Psychology_Emotions,Stress_Mental_State
1501,release a cd,C1,Daily_Life,General_Interactions
1502,lasting peace,C2,Psychology_Emotions,Stress_Mental_State
1503,release an album,C2,Daily_Life,General_Interactions
1504,lose a battle,C2,Society_Law_Politics,Government_Politics
1505,remix a track,C2,Daily_Life,General_Interactions
1506,minor incident,C2,Daily_Life,General_Interactions
1507,strum a guitar,C2,Daily_Life,General_Interactions
1508,negotiate a peace agreement,C2,Communication_Media_Arts,Opinion_Discussion
1509,take up the guitar,C2,Daily_Life,General_Interactions
1510,offer resistance,C2,Daily_Life,General_Interactions
1511,tune an instrument,C2,Daily_Life,General_Interactions
1512,open fire,B2,Daily_Life,General_Interactions
1513,up-tempo number,C2,Daily_Life,General_Interactions
1514,peace activist,C2,Psychology_Emotions,Behavior
1515,virtuoso performance,C2,Communication_Media_Arts,Speaking_Expressions
1516,peacekeeping forces,C2,Science_Nature,Physics_Chemistry
1517,write the music,C2,Communication_Media_Arts,Writing_Language
1518,peace treaty,C1,Psychology_Emotions,Stress_Mental_State
1519,achieve a personal best,C2,Psychology_Emotions,Feelings_Emotions
1520,price war,B2,Business_Finance_Economy,Economy_Markets
1521,achieve your ambition,C2,Psychology_Emotions,Motivation
1522,put up a fight against,C2,Technology_Digital,Artificial_Intelligence
1523,away match,B2,Daily_Life,Routine_Activities
1524,restore order,C2,Daily_Life,Shopping_Everyday
1525,blow the whistle,C2,Daily_Life,General_Interactions
1526,running battle,C2,Health_Medicine,Fitness_Exercise
1527,break the world record,C2,Daily_Life,General_Interactions
1528,sign a treaty,C2,Society_Law_Politics,Government_Politics
1529,bring on a substitute,C2,Daily_Life,General_Interactions
1530,take prisoner,C2,Society_Law_Politics,Law_Crime
1531,come up against fierce competition,C2,Technology_Digital,Artificial_Intelligence
1532,war breaks out,C2,Society_Law_Politics,Government_Politics
1533,come up against intense competition,C2,Technology_Digital,Artificial_Intelligence
1534,war on crime,C1,Society_Law_Politics,Law_Crime
1535,deserve to win,C2,Daily_Life,General_Interactions
1536,within firing range,C2,Daily_Life,General_Interactions
1537,desperately want,C2,Business_Finance_Economy,Economy_Markets
1538,alleviate poverty,C2,Society_Law_Politics,Social_Issues
1539,do activities,C2,Psychology_Emotions,Behavior
1540,asylum seeker,C2,Daily_Life,General_Interactions
1541,do aerobics,C1,Daily_Life,General_Interactions
1542,below the poverty line,C2,Society_Law_Politics,Social_Issues
1543,do archery,B2,Daily_Life,General_Interactions
1544,breed crime,C1,Society_Law_Politics,Law_Crime
1545,do athletics,C1,Daily_Life,General_Interactions
1546,child labour,C1,Science_Nature,Natural_Phenomena
1547,do circuit training,C2,Education,Learning_Skills
1548,climate change,C2,Science_Nature,Environment_Ecology
1549,combat poverty,C2,Society_Law_Politics,Social_Issues
1550,do gymnastics,C2,Health_Medicine,Fitness_Exercise
1551,crop fails,B2,Education,Exams_Assessments
1552,do judo,B1,Daily_Life,General_Interactions
1553,death toll,B2,Health_Medicine,Healthcare_Hospital
1554,do sport,B1,Health_Medicine,Fitness_Exercise
1555,debt repayment,C2,Business_Finance_Economy,Finance_Banking
1556,do weightlifting,C2,Health_Medicine,Healthcare_Hospital
1557,deplete the ozone layer,C2,Daily_Life,General_Interactions
1558,do wrestling,C1,Daily_Life,General_Interactions
1559,deprived region,C2,Daily_Life,General_Interactions
1560,do yoga,B1,Daily_Life,General_Interactions
1561,desperate need,C2,Business_Finance_Economy,Economy_Markets
1562,drop a player,C2,Communication_Media_Arts,Speaking_Expressions
1563,devastating famine,C2,Daily_Life,General_Interactions
1564,enhance your performance,C2,Communication_Media_Arts,Speaking_Expressions
1565,devastating flood,C2,Science_Nature,Natural_Phenomena
1566,enter a competition,C2,Daily_Life,Routine_Activities
1567,developing country,C2,Daily_Life,General_Interactions
1568,fail a drugs test,C2,Education,Exams_Assessments
1569,disturb the ecological balance,C2,Psychology_Emotions,Stress_Mental_State
1570,foul your opponent,C2,Daily_Life,General_Interactions
1571,earthquake hits,C2,Science_Nature,Natural_Phenomena
1572,gain a place,C1,Technology_Digital,Artificial_Intelligence
1573,economic migrant,C2,Daily_Life,General_Interactions
1574,get a place,C1,Daily_Life,General_Interactions
1575,eradicate poverty,C2,Society_Law_Politics,Social_Issues
1576,go bowling,B2,Daily_Life,General_Interactions
1577,escape poverty,C2,Society_Law_Politics,Social_Issues
1578,go climbing,C1,Daily_Life,General_Interactions
1579,exhaust fumes,C2,Daily_Life,General_Interactions
1580,go cycling,B2,Daily_Life,General_Interactions
1581,fish stocks,C1,Business_Finance_Economy,Business_Management
1582,go fishing,B2,Daily_Life,General_Interactions
1583,fossil fuels,C1,Daily_Life,General_Interactions
1584,go hang-gliding,C2,Daily_Life,General_Interactions
1585,global economy,C2,Business_Finance_Economy,Economy_Markets
1586,go hill walking,C2,Health_Medicine,Fitness_Exercise
1587,golden opportunity,C2,Business_Finance_Economy,Entrepreneurship
1588,go in for a competition,C2,Daily_Life,Routine_Activities
1589,greenhouse gases,C2,Science_Nature,Environment_Ecology
1590,go jogging,B2,Daily_Life,General_Interactions
1591,green politics,C2,Science_Nature,Environment_Ecology
1592,go sailing,B2,Technology_Digital,Artificial_Intelligence
1593,irreparable damage,C2,Daily_Life,General_Interactions
1594,go skateboarding,C2,Travel_Transportation,Air_Travel
1595,lift someone out of poverty,C2,Society_Law_Politics,Social_Issues
1596,go skiing,B2,Daily_Life,General_Interactions
1597,live on the street,C2,Daily_Life,General_Interactions
1598,go snowboarding,C2,Travel_Transportation,Air_Travel
1599,live on the streets,C2,Daily_Life,General_Interactions
1600,go surfing,B2,Daily_Life,General_Interactions
1601,margins of society,C2,Society_Law_Politics,Law_Crime
1602,go to aerobics,C2,Daily_Life,General_Interactions
1603,natural disaster,C2,Science_Nature,Natural_Phenomena
1604,go to judo,B2,Daily_Life,General_Interactions
1605,political asylum,C2,Society_Law_Politics,Law_Crime
1606,go to karate,C1,Business_Finance_Economy,Economy_Markets
1607,rising sea levels,C2,Communication_Media_Arts,Speaking_Expressions
1608,go to yoga,B2,Daily_Life,General_Interactions
1609,seek political asylum,C2,Society_Law_Politics,Law_Crime
1610,have a football game,C2,Daily_Life,Routine_Activities
1611,sexual exploitation,C2,Daily_Life,General_Interactions
1612,have a football match,C2,Daily_Life,Routine_Activities
1613,simple solution,C2,Daily_Life,General_Interactions
1614,have a game,C1,Daily_Life,Routine_Activities
1615,sleep rough,C1,Health_Medicine,Healthcare_Hospital
1616,have a game of,C2,Daily_Life,Routine_Activities
1617,street children,C2,Daily_Life,General_Interactions
1618,have a game of football,C2,Daily_Life,Routine_Activities
1619,tackle pollution,C2,Science_Nature,Environment_Ecology
1620,have a match,C1,Daily_Life,Routine_Activities
1621,take to the street,C2,Daily_Life,General_Interactions
1622,home ground,C1,Daily_Life,Home_Housing
1623,take to the streets,C2,Daily_Life,General_Interactions
1624,home match,B2,Daily_Life,Home_Housing
1625,widening gulf,C2,Daily_Life,General_Interactions
1626,lose a match,C1,Daily_Life,Routine_Activities
1627,world-wide problem,C2,Daily_Life,General_Interactions
1628,narrowly beaten,C2,Health_Medicine,Healthcare_Hospital
1629,alarm goes off,C2,Daily_Life,General_Interactions
1630,narrowly defeated,C2,Health_Medicine,Healthcare_Hospital
1631,bang on time,C1,Daily_Life,Time_Management
1632,play a football game,C2,Daily_Life,Routine_Activities
1633,big time,B1,Daily_Life,Time_Management
1634,play a football match,C2,Daily_Life,Routine_Activities
1635,dead on time,C1,Daily_Life,Time_Management
1636,play a game of,C2,Daily_Life,Routine_Activities
1637,early st century,C2,Daily_Life,General_Interactions
1638,play a game of football,C2,Daily_Life,Routine_Activities
1639,free time,B2,Daily_Life,Time_Management
1640,play badminton,C2,Communication_Media_Arts,Speaking_Expressions
1641,from dawn till dusk,C2,Health_Medicine,Healthcare_Hospital
1642,play baseball,C2,Communication_Media_Arts,Speaking_Expressions
1643,future employer,C2,Business_Finance_Economy,Business_Management
1644,play billiards,C2,Health_Medicine,Healthcare_Hospital
1645,future holds,C1,Daily_Life,General_Interactions
1646,play bowls,B2,Communication_Media_Arts,Speaking_Expressions
1647,have a good time,C2,Daily_Life,Time_Management
1648,play cards,B2,Travel_Transportation,Road_Travel
1649,have a great future ahead,C2,Health_Medicine,Healthcare_Hospital
1650,play chess,B2,Communication_Media_Arts,Speaking_Expressions
1651,have a great time,C2,Daily_Life,Time_Management
1652,play computer games,C2,Technology_Digital,Devices_Hardware
1653,have the time of your life,C2,Science_Nature,Biology_Life_Sciences
1654,play cricket,C1,Communication_Media_Arts,Speaking_Expressions
1655,have time to,C1,Daily_Life,Time_Management
1656,play darts,B2,Communication_Media_Arts,Arts_Creativity
1657,in the not too distant future,C2,Daily_Life,General_Interactions
1658,play dominoes,C2,Communication_Media_Arts,Speaking_Expressions
1659,kill time,B2,Daily_Life,Time_Management
1660,play games,B2,Communication_Media_Arts,Speaking_Expressions
1661,log in with username and password,C2,Education,Exams_Assessments
1662,play golf,B2,Communication_Media_Arts,Speaking_Expressions
1663,make time for,C2,Daily_Life,Time_Management
1664,play hockey,C1,Communication_Media_Arts,Speaking_Expressions
1665,pass the time,C2,Education,Exams_Assessments
1666,play rugby,B2,Communication_Media_Arts,Speaking_Expressions
1667,past few weeks,C2,Daily_Life,General_Interactions
1668,play sport,B2,Health_Medicine,Fitness_Exercise
1669,prehistoric times,C2,Daily_Life,Time_Management
1670,play table tennis,C2,Communication_Media_Arts,Speaking_Expressions
1671,recent past,C1,Daily_Life,General_Interactions
1672,play tennis,C1,Communication_Media_Arts,Speaking_Expressions
1673,right on time,C2,Daily_Life,Time_Management
1674,practise taking a penalty,C2,Psychology_Emotions,Behavior
1675,run out of time,C2,Daily_Life,Time_Management
1676,put up a fight,C2,Daily_Life,General_Interactions
1677,save time,B2,Daily_Life,Time_Management
1678,round of a competition,C2,Daily_Life,Routine_Activities
1679,set your alarm,C2,Daily_Life,Routine_Activities
1680,score a goal,C1,Education,Exams_Assessments
1681,spare time,B2,Daily_Life,Time_Management
1682,set a new world record,C2,Daily_Life,General_Interactions
1683,spend some time,C2,Daily_Life,Time_Management
1684,stage of a competition,C2,Daily_Life,Routine_Activities
1685,take someone ages,C2,Daily_Life,Time_Management
1686,tackle an opponent,C2,Daily_Life,General_Interactions
1687,take your time,C2,Daily_Life,Time_Management
1688,take a free kick,C2,Daily_Life,General_Interactions
1689,tell someone the time,C2,Daily_Life,Time_Management
1690,take a penalty,C2,Daily_Life,General_Interactions
1691,the small hours,C2,Daily_Life,Time_Management
1692,take possession of the ball,C2,Daily_Life,General_Interactions
1693,time goes by,C1,Daily_Life,Time_Management
1694,take the lead,C2,Daily_Life,General_Interactions
1695,time passes,C1,Education,Exams_Assessments
1696,train hard,B2,Technology_Digital,Artificial_Intelligence
1697,ungodly hours,C2,Daily_Life,Time_Management
1698,training session,C2,Education,Learning_Skills
1699,waste time,B2,Daily_Life,Time_Management
1700,win a match,C1,Daily_Life,Routine_Activities
1701,worth your while,C2,Daily_Life,General_Interactions
1702,world record holder,C2,Daily_Life,General_Interactions
1703,almighty bang,C2,Daily_Life,General_Interactions
1704,acutely painful,C2,Health_Medicine,Illness_Diseases
1705,almighty explosion,C2,Daily_Life,General_Interactions
1706,alleviate the pain,C2,Health_Medicine,Illness_Diseases
1707,babbling stream,C2,Daily_Life,General_Interactions
1708,balanced diet,C2,Health_Medicine,Nutrition_Diet
1709,background noise,C2,Daily_Life,General_Interactions
1710,be diagnosed with aids,C2,Technology_Digital,Artificial_Intelligence
1711,birds sing,B2,Communication_Media_Arts,Speaking_Expressions
1712,be diagnosed with autism,C2,Health_Medicine,Illness_Diseases
1713,break the silence,C2,Daily_Life,General_Interactions
1714,be diagnosed with breast cancer,C2,Health_Medicine,Illness_Diseases
1715,clicking sound,C2,Daily_Life,General_Interactions
1716,be diagnosed with cancer,C2,Health_Medicine,Illness_Diseases
1717,crackling sound,C2,Daily_Life,General_Interactions
1718,be diagnosed with leukaemia,C2,Health_Medicine,Illness_Diseases
1719,cry of alarm,C1,Daily_Life,General_Interactions
1720,be diagnosed with lung cancer,C2,Health_Medicine,Illness_Diseases
1721,cry of pain,C1,Health_Medicine,Illness_Diseases
1722,be taken ill,C1,Health_Medicine,Illness_Diseases
1723,cry of surprise,C2,Psychology_Emotions,Feelings_Emotions
1724,catch a chill,C2,Health_Medicine,Illness_Diseases
1725,deafening noise,C2,Daily_Life,General_Interactions
1726,catch a cold,C1,Health_Medicine,Illness_Diseases
1727,deafening sound,C2,Daily_Life,General_Interactions
1728,catch pneumonia,C2,Health_Medicine,Illness_Diseases
1729,dull thud,B2,Daily_Life,General_Interactions
1730,catch (the) flu,C2,Health_Medicine,Illness_Diseases
1731,ear-splitting noise,C2,Daily_Life,General_Interactions
1732,contract a disease,C2,Health_Medicine,Illness_Diseases
1733,ear-splitting sound,C2,Daily_Life,General_Interactions
1734,contract malaria,C2,Psychology_Emotions,Behavior
1735,eerie silence,C2,Daily_Life,General_Interactions
1736,contract typhoid,C2,Psychology_Emotions,Behavior
1737,excessive noise,C2,Daily_Life,General_Interactions
1738,damaged things,C2,Daily_Life,General_Interactions
1739,give a cry,B2,Psychology_Emotions,Feelings_Emotions
1740,develop aids,C1,Technology_Digital,Artificial_Intelligence
1741,give a gasp,C1,Psychology_Emotions,Feelings_Emotions
1742,develop alzheimer's disease,C2,Health_Medicine,Illness_Diseases
1743,give a groan,C1,Psychology_Emotions,Feelings_Emotions
1744,develop arthritis,C2,Communication_Media_Arts,Arts_Creativity
1745,give a laugh,C1,Psychology_Emotions,Feelings_Emotions
1746,develop breast cancer,C2,Health_Medicine,Illness_Diseases
1747,give a loud cry,C2,Psychology_Emotions,Feelings_Emotions
1748,develop cancer,C2,Health_Medicine,Illness_Diseases
1749,give a sigh,C1,Psychology_Emotions,Feelings_Emotions
1750,develop diabetes,C2,Health_Medicine,Illness_Diseases
1751,grating noise,C2,Daily_Life,General_Interactions
1752,develop lung cancer,C2,Health_Medicine,Illness_Diseases
1753,grating sound,C2,Daily_Life,General_Interactions
1754,dull ache,B2,Health_Medicine,Illness_Diseases
1755,loud bang,B2,Daily_Life,General_Interactions
1756,excruciating pain,C2,Health_Medicine,Illness_Diseases
1757,loud explosion,C2,Daily_Life,General_Interactions
1758,follow a fitness programme,C2,Health_Medicine,Fitness_Exercise
1759,machine hums,C1,Daily_Life,General_Interactions
1760,have an attack of,C2,Health_Medicine,Illness_Diseases
1761,machine whirrs,C2,Daily_Life,General_Interactions
1762,have an attack of asthma,C2,Health_Medicine,Illness_Diseases
1763,make a sound,C1,Daily_Life,General_Interactions
1764,have an attack of bronchitis,C2,Health_Medicine,Illness_Diseases
1765,muffled sound,C2,Daily_Life,General_Interactions
1766,have an attack of diarrhoea,C2,Health_Medicine,Illness_Diseases
1767,music blares (out),C2,Communication_Media_Arts,Arts_Creativity
1768,have an attack of hay fever,C2,Health_Medicine,Illness_Diseases
1769,patter of rain,C2,Technology_Digital,Artificial_Intelligence
1770,head injuries,C2,Health_Medicine,Illness_Diseases
1771,piercing cry,C1,Psychology_Emotions,Feelings_Emotions
1772,healthy eating,C2,Health_Medicine,Nutrition_Diet
1773,radio blares (out),C2,Communication_Media_Arts,Speaking_Expressions
1774,raucous laughter,C2,Psychology_Emotions,Feelings_Emotions
1775,incurable illness,C2,Health_Medicine,Illness_Diseases
1776,roar of traffic,C2,Travel_Transportation,Road_Travel
1777,in good shape,C2,Health_Medicine,Fitness_Exercise
1778,rumble of thunder,C2,Daily_Life,General_Interactions
1779,injured people,C2,Health_Medicine,Illness_Diseases
1780,rustling sound,C2,Daily_Life,General_Interactions
1781,intensely painful,C2,Health_Medicine,Illness_Diseases
1782,scratching sound,C2,Daily_Life,General_Interactions
1783,keep fit,B1,Health_Medicine,Fitness_Exercise
1784,shot rings out,C2,Daily_Life,General_Interactions
1785,life-threatening illness,C2,Health_Medicine,Illness_Diseases
1786,shrill laugh,C1,Psychology_Emotions,Feelings_Emotions
1787,major injuries,C2,Health_Medicine,Illness_Diseases
1788,shrill voice,C1,Communication_Media_Arts,Speaking_Expressions
1789,minor ailment,C2,Technology_Digital,Artificial_Intelligence
1790,waves crash,C1,Daily_Life,General_Interactions
1791,minor injuries,C2,Health_Medicine,Illness_Diseases
1792,wind whistles,C2,Daily_Life,General_Interactions
1793,prescribe tablets,C2,Technology_Digital,Devices_Hardware
1794,at close range,C2,Daily_Life,General_Interactions
1795,relieve the pain,C2,Health_Medicine,Illness_Diseases
1796,big brother,C1,Daily_Life,General_Interactions
1797,serious illness,C2,Health_Medicine,Illness_Diseases
1798,considerable distance from,C2,Science_Nature,Research_Methods
1799,serious injuries,C2,Health_Medicine,Illness_Diseases
1800,cover a distance of x kilometres,C2,Science_Nature,Research_Methods
1801,slight cold,C1,Health_Medicine,Illness_Diseases
1802,dear little,C1,Daily_Life,General_Interactions
1803,splitting headache,C2,Health_Medicine,Illness_Diseases
1804,far-flung places,C2,Daily_Life,General_Interactions
1805,stick to a programme,C2,Health_Medicine,Fitness_Exercise
1806,far-off places,C2,Daily_Life,General_Interactions
1807,suffer from asthma,C2,Health_Medicine,Illness_Diseases
1808,fat book,B1,Communication_Media_Arts,Speaking_Expressions
1809,suffer from backache,C2,Health_Medicine,Illness_Diseases
1810,fat person,B2,Psychology_Emotions,Personality
1811,suffer from hay fever,C2,Health_Medicine,Illness_Diseases
1812,great deal of,C2,Business_Finance_Economy,Economy_Markets
1813,suffer injuries,C2,Health_Medicine,Illness_Diseases
1814,great deal of energy,C2,Science_Nature,Physics_Chemistry
1815,sustain injuries,C2,Technology_Digital,Artificial_Intelligence
1816,great deal of enthusiasm,C2,Health_Medicine,Healthcare_Hospital
1817,take exercise,C2,Health_Medicine,Fitness_Exercise
1818,great deal of money,C2,Business_Finance_Economy,Finance_Banking
1819,terminally ill,C2,Health_Medicine,Illness_Diseases
1820,great deal of time,C2,Daily_Life,Time_Management
1821,trivial ailment,C2,Technology_Digital,Artificial_Intelligence
1822,high heels,B2,Daily_Life,General_Interactions
1823,unbearable pain,C2,Health_Medicine,Illness_Diseases
1824,high interest rates,C2,Business_Finance_Economy,Economy_Markets
1825,vigorous exercise,C2,Health_Medicine,Fitness_Exercise
1826,high jump,B2,Daily_Life,General_Interactions
1827,win a contract,C2,Psychology_Emotions,Behavior
1828,high mountain,C2,Technology_Digital,Artificial_Intelligence
1829,anti-virus software,C2,Health_Medicine,Illness_Diseases
1830,back issues,C1,Daily_Life,General_Interactions
1831,high tide,B2,Daily_Life,General_Interactions
1832,back up your files,C2,Daily_Life,General_Interactions
1833,large amount,C1,Business_Finance_Economy,Economy_Markets
1834,block spam,B2,Daily_Life,General_Interactions
1835,large increase,C2,Business_Finance_Economy,Economy_Markets
1836,click on a link,C2,Daily_Life,General_Interactions
1837,large number,C1,Business_Finance_Economy,Economy_Markets
1838,cloud storage,C2,Technology_Digital,Software_Internet
1839,large quantity,C2,Business_Finance_Economy,Economy_Markets
1840,computer crashes,C2,Technology_Digital,Devices_Hardware
1841,large scale map,C2,Travel_Transportation,Navigation_Directions
1842,copy and paste,C2,Daily_Life,General_Interactions
1843,little brother,C2,Daily_Life,General_Interactions
1844,do a web search,C2,Technology_Digital,Software_Internet
1845,little problem,C2,Daily_Life,General_Interactions
1846,download applications,C2,Technology_Digital,Software_Internet
1847,little things,C2,Daily_Life,General_Interactions
1848,evaluate critically,C2,Daily_Life,General_Interactions
1849,long distance from,C2,Science_Nature,Research_Methods
1850,hack into someone's computer,C2,Technology_Digital,Devices_Hardware
1851,look small,B2,Daily_Life,General_Interactions
1852,hints and tips,C2,Daily_Life,General_Interactions
1853,low level,B2,Daily_Life,General_Interactions
1854,keep a record (of),C2,Daily_Life,General_Interactions
1855,make a note,C1,Daily_Life,General_Interactions
1856,low wage,B1,Daily_Life,General_Interactions
1857,memory stick,C1,Psychology_Emotions,Feelings_Emotions
1858,major change,C1,Daily_Life,General_Interactions
1859,online resources,C2,Education,General
1860,major difference,C2,Daily_Life,General_Interactions
1861,open an attachment,C2,Daily_Life,General_Interactions
1862,major difficulty,C2,Daily_Life,General_Interactions
1863,place to start,C2,Communication_Media_Arts,Arts_Creativity
1864,major effect,C1,Daily_Life,General_Interactions
1865,refine your search,C2,Technology_Digital,Software_Internet
1866,major factor,C1,Psychology_Emotions,Behavior
1867,search by keyword,C2,Technology_Digital,Software_Internet
1868,major issue,C1,Daily_Life,General_Interactions
1869,subscribe to online journals,C2,Education,General
1870,major point,C1,Daily_Life,General_Interactions
1871,update regularly,C2,Daily_Life,Routine_Activities
1872,make small talk,C2,Education,Classroom_Interaction
1873,upload your files,C2,Technology_Digital,Software_Internet
1874,minor change,C1,Daily_Life,General_Interactions
1875,acquire a qualification,C2,Education,General
1876,minor difference,C2,Daily_Life,General_Interactions
1877,attend a lecture,C2,Education,University_School
1878,minor difficulty,C2,Daily_Life,General_Interactions
1879,be awarded a degree,C2,Education,University_School
1880,minor effect,C1,Daily_Life,General_Interactions
1881,be awarded a diploma,C2,Education,University_School
1882,minor factor,C1,Psychology_Emotions,Behavior
1883,be given a grade,C2,Education,Exams_Assessments
1884,minor issue,C1,Daily_Life,General_Interactions
1885,carry out a research project,C2,Education,Academic_Study
1886,minor point,C1,Daily_Life,General_Interactions
1887,class is held,C2,Education,University_School
1888,neighbouring area,C2,Daily_Life,General_Interactions
1889,complete a course,C2,Education,University_School
1890,neighbouring country,C2,Daily_Life,General_Interactions
1891,conduct a research project,C2,Education,Academic_Study
1892,neighbouring town,C2,Daily_Life,General_Interactions
1893,continuous assessment,C2,Education,Exams_Assessments
1894,nice little,C1,Daily_Life,General_Interactions
1895,on a large scale,C2,Daily_Life,General_Interactions
1896,do a degree,C1,Education,University_School
1897,on a small scale,C2,Daily_Life,General_Interactions
1898,do a diploma,C1,Education,University_School
1899,painfully thin,C2,Health_Medicine,Illness_Diseases
1900,do a lecture,C1,Education,University_School
1901,plump person,C1,Psychology_Emotions,Personality
1902,do an assignment,C2,Education,General
1903,poor little,C1,Daily_Life,General_Interactions
1904,do an essay,C1,Education,General
1905,short distance from,C2,Science_Nature,Research_Methods
1906,do an exam,B2,Education,Exams_Assessments
1907,skinny person,C2,Psychology_Emotions,Personality
1908,do a research project,C2,Education,Academic_Study
1909,slim book,B2,Communication_Media_Arts,Speaking_Expressions
1910,do a subject,C1,Education,General
1911,slim person,C1,Psychology_Emotions,Personality
1912,do a talk,B2,Education,Classroom_Interaction
1913,small amount,C1,Business_Finance_Economy,Economy_Markets
1914,do homework,C1,Education,University_School
1915,small increase,C2,Business_Finance_Economy,Economy_Markets
1916,small number,C1,Business_Finance_Economy,Economy_Markets
1917,small quantity,C2,Business_Finance_Economy,Economy_Markets
1918,final draft,C1,Daily_Life,General_Interactions
1919,tall building,C2,Daily_Life,General_Interactions
1920,first draft,C1,Daily_Life,General_Interactions
1921,tall person,C1,Psychology_Emotions,Personality
1922,further education,C2,Education,Learning_Skills
1923,tall tree,B2,Daily_Life,General_Interactions
1924,get a degree,C1,Education,University_School
1925,travel a distance of x kilometres,C2,Science_Nature,Research_Methods
1926,get a diploma,C2,Education,University_School
1927,within commuting distance,C2,Daily_Life,General_Interactions
1928,get a grade,C1,Education,Exams_Assessments
1929,within walking distance,C2,Health_Medicine,Fitness_Exercise
1930,get an education,C2,Education,Learning_Skills
1931,add colour to,C2,Daily_Life,General_Interactions
1932,get a qualification,C2,Education,General
1933,beam of light,C2,Daily_Life,General_Interactions
1934,give a grade,C1,Education,Exams_Assessments
1935,be under the shadow of,C2,Daily_Life,General_Interactions
1936,blacken someone's name,C2,Daily_Life,General_Interactions
1937,give a talk,C1,Education,Classroom_Interaction
1938,bright colour,C2,Society_Law_Politics,Law_Crime
1939,give feedback,C2,Education,Classroom_Interaction
1940,bright yellow,C2,Society_Law_Politics,Law_Crime
1941,give (the teacher) an essay,C2,Education,Learning_Skills
1942,candle flickers,C2,Daily_Life,General_Interactions
1943,go to a lecture,C2,Education,University_School
1944,cast a shadow over,C2,Daily_Life,General_Interactions
1945,hand in an essay,C2,Education,General
1946,colour fades,C1,Daily_Life,General_Interactions
1947,higher education,C2,Education,Learning_Skills
1948,colour goes well with,C2,Daily_Life,General_Interactions
1949,keep a notebook,C2,Education,General
1950,colour runs,C1,Daily_Life,General_Interactions
1951,leave a course,C2,Education,University_School
1952,colours clash,C2,Daily_Life,General_Interactions
1953,obtain a degree,C2,Education,University_School
1954,dark green,B2,Science_Nature,Environment_Ecology
1955,obtain a diploma,C2,Education,University_School
1956,faint glow,B2,Technology_Digital,Artificial_Intelligence
1957,obtain a qualification,C2,Education,General
1958,glare of the sun,C2,Daily_Life,General_Interactions
1959,provide training,C2,Education,Learning_Skills
1960,green issue,C1,Science_Nature,Environment_Ecology
1961,receive a grade,C2,Education,Exams_Assessments
1962,grey area,B2,Daily_Life,General_Interactions
1963,receive an education,C2,Education,Learning_Skills
1964,grow dark,B2,Daily_Life,General_Interactions
1965,recognise qualifications,C2,Education,General
1966,pale blue,B2,Daily_Life,General_Interactions
1967,send in an application,C2,Education,General
1968,pinpoint of light,C2,Daily_Life,General_Interactions
1969,sit an exam,C1,Education,Exams_Assessments
1970,pitch dark,B2,Daily_Life,General_Interactions
1971,study a subject,C2,Education,Academic_Study
1972,ray of sunlight,C2,Daily_Life,General_Interactions
1973,shed some light on,C2,Daily_Life,General_Interactions
1974,study for a diploma,C2,Education,Academic_Study
1975,star twinkles,C2,Science_Nature,Natural_Phenomena
1976,study history,C2,Education,Academic_Study
1977,subdued colour,C2,Daily_Life,General_Interactions
1978,submit an application,C2,Education,General
1979,throw some light on,C2,Daily_Life,General_Interactions
1980,take a course,C2,Education,University_School
1981,tinged with gold,C2,Daily_Life,General_Interactions
1982,take a degree,C2,Education,University_School
1983,touch of colour,C2,Daily_Life,General_Interactions
1984,take a diploma,C2,Education,University_School
1985,trousers match a jacket,C2,Daily_Life,General_Interactions
1986,attitude hardens,C2,Psychology_Emotions,Behavior
1987,take a subject,C2,Education,General
1988,attitude softens,C2,Psychology_Emotions,Behavior
1989,tertiary education,C2,Education,Learning_Skills
1990,blunt knife,C1,Daily_Life,General_Interactions
1991,withdraw from a course,C2,Education,University_School
1992,blunt pencil,C1,Daily_Life,General_Interactions
1993,write an assignment,C2,Education,General
1994,bread goes hard,C2,Communication_Media_Arts,Speaking_Expressions
1995,write an essay,C2,Education,General
1996,bumpy flight,C1,Travel_Transportation,Air_Travel
1997,bar chart,B2,Communication_Media_Arts,Arts_Creativity
1998,bumpy road,B2,Travel_Transportation,Road_Travel
1999,body language,C2,Communication_Media_Arts,Writing_Language
2000,choppy sea,B2,Daily_Life,General_Interactions
2001,breathe deeply,C2,Health_Medicine,Healthcare_Hospital
2002,choppy water,C1,Daily_Life,General_Interactions
2003,bring to life,C2,Science_Nature,Biology_Life_Sciences
2004,coarse grain,C1,Technology_Digital,Artificial_Intelligence
2005,bullet points,C2,Daily_Life,General_Interactions
2006,coarse joke,C1,Daily_Life,General_Interactions
2007,connect with your audience,C2,Daily_Life,General_Interactions
2008,coarsely chopped,C2,Daily_Life,General_Interactions
2009,core message,C1,Daily_Life,General_Interactions
2010,creamy texture,C2,Daily_Life,General_Interactions
2011,deal with questions,C2,Education,Classroom_Interaction
2012,crushed garlic,C2,Daily_Life,General_Interactions
2013,easy to read,C1,Communication_Media_Arts,Speaking_Expressions
2014,dry hair,B1,Technology_Digital,Artificial_Intelligence
2015,effective presentation,C2,Education,Classroom_Interaction
2016,dry skin,B1,Health_Medicine,Illness_Diseases
2017,follow your argument,C2,Communication_Media_Arts,Opinion_Discussion
2018,fine grain,B2,Technology_Digital,Artificial_Intelligence
2019,hand gestures,C2,Daily_Life,General_Interactions
2020,finely chopped,C2,Daily_Life,General_Interactions
2021,firm bed,B1,Daily_Life,Home_Housing
2022,hold their attention,C2,Daily_Life,General_Interactions
2023,firm ground,C1,Daily_Life,General_Interactions
2024,interactive presentation,C2,Education,Classroom_Interaction
2025,firm pillow,C1,Daily_Life,Home_Housing
2026,keep simple,C1,Communication_Media_Arts,Writing_Language
2027,fruit goes soft,C2,Daily_Life,General_Interactions
2028,keep their attention,C2,Daily_Life,General_Interactions
2029,gloss finish,C1,Business_Finance_Economy,Finance_Banking
2030,key points,B2,Daily_Life,General_Interactions
2031,gloss paint,C1,Business_Finance_Economy,Finance_Banking
2032,listen carefully,C2,Travel_Transportation,Road_Travel
2033,glossy hair,C1,Business_Finance_Economy,Finance_Banking
2034,maintain eye contact,C2,Technology_Digital,Artificial_Intelligence
2035,go smoothly,C1,Daily_Life,General_Interactions
2036,make an impact,C2,Psychology_Emotions,Behavior
2037,greasy hair,C1,Technology_Digital,Artificial_Intelligence
2038,make eye contact,C2,Psychology_Emotions,Behavior
2039,greasy hands,C1,Daily_Life,General_Interactions
2040,make eye-contact,C2,Psychology_Emotions,Behavior
2041,hard bed,B1,Daily_Life,Home_Housing
2042,pie chart,B2,Communication_Media_Arts,Arts_Creativity
2043,hard ground,C1,Daily_Life,General_Interactions
2044,prepare a presentation,C2,Education,Classroom_Interaction
2045,hard pillow,C1,Daily_Life,Home_Housing
2046,prepare handouts,C2,Daily_Life,General_Interactions
2047,have a sharp tongue,C2,Daily_Life,General_Interactions
2048,presentation software,C2,Education,Classroom_Interaction
2049,ice melts,B2,Daily_Life,General_Interactions
2050,public speaking,C2,Communication_Media_Arts,Speaking_Expressions
2051,matt finish,C1,Daily_Life,General_Interactions
2052,speak clearly,C2,Communication_Media_Arts,Speaking_Expressions
2053,matt paint,B2,Health_Medicine,Illness_Diseases
2054,stand up straight,C2,Technology_Digital,Artificial_Intelligence
2055,oily skin,B2,Health_Medicine,Illness_Diseases
2056,target audience,C2,Daily_Life,General_Interactions
2057,rough complexion,C2,Health_Medicine,Illness_Diseases
2058,rough sea,B2,Daily_Life,General_Interactions
2059,visual aids,C1,Technology_Digital,Artificial_Intelligence
2060,rough skin,B2,Health_Medicine,Illness_Diseases
2061,achieve your goals,C2,Psychology_Emotions,Motivation
2062,rough surface,C2,Daily_Life,General_Interactions
2063,answer the phone,C2,Education,Classroom_Interaction
2064,rough water,C1,Daily_Life,General_Interactions
2065,apply for a job,C2,Business_Finance_Economy,Jobs_Careers
2066,sharp knife,C1,Daily_Life,General_Interactions
2067,arrange a meeting,C2,Daily_Life,General_Interactions
2068,sharp pencil,C1,Daily_Life,General_Interactions
2069,at the height of your career,C2,Business_Finance_Economy,Jobs_Careers
2070,smooth complexion,C2,Health_Medicine,Illness_Diseases
2071,at the peak of your career,C2,Business_Finance_Economy,Jobs_Careers
2072,smooth flight,C2,Travel_Transportation,Air_Travel
2073,available to start work,C2,Business_Finance_Economy,Jobs_Careers
2074,smooth road,C1,Travel_Transportation,Road_Travel
2075,brilliant career,C2,Business_Finance_Economy,Jobs_Careers
2076,smooth sea,B2,Daily_Life,General_Interactions
2077,career fair,C1,Business_Finance_Economy,Jobs_Careers
2078,smooth skin,C1,Health_Medicine,Illness_Diseases
2079,career lasts,C1,Business_Finance_Economy,Jobs_Careers
2080,smooth surface,C2,Daily_Life,General_Interactions
2081,career spans,C1,Business_Finance_Economy,Jobs_Careers
2082,smooth texture,C2,Daily_Life,General_Interactions
2083,career takes off,C2,Business_Finance_Economy,Jobs_Careers
2084,smooth water,C1,Daily_Life,General_Interactions
2085,carry out work,C2,Business_Finance_Economy,Jobs_Careers
2086,snow melts,B2,Daily_Life,General_Interactions
2087,climb the career ladder,C2,Business_Finance_Economy,Jobs_Careers
2088,snow thaws,B2,Daily_Life,General_Interactions
2089,close team,B2,Daily_Life,General_Interactions
2090,soft bed,B1,Daily_Life,Home_Housing
2091,complete work,C2,Business_Finance_Economy,Jobs_Careers
2092,soft ground,C1,Daily_Life,General_Interactions
2093,dead-end job,C1,Business_Finance_Economy,Jobs_Careers
2094,soft pillow,C1,Daily_Life,Home_Housing
2095,demanding job,C2,Business_Finance_Economy,Economy_Markets
2096,sticky fingers,C2,Daily_Life,General_Interactions
2097,embark on a career,C2,Business_Finance_Economy,Jobs_Careers
2098,sticky situation,C2,Daily_Life,General_Interactions
2099,field telephone calls,C2,Technology_Digital,Devices_Hardware
2100,tender meat,C1,Health_Medicine,Healthcare_Hospital
2101,fill a vacancy,C2,Health_Medicine,Healthcare_Hospital
2102,tough meat,B2,Health_Medicine,Healthcare_Hospital
2103,fulfilling job,C2,Business_Finance_Economy,Jobs_Careers
2104,velvety sky,C1,Daily_Life,General_Interactions
2105,generous benefits,C2,Science_Nature,Biology_Life_Sciences
2106,voice hardens,C2,Communication_Media_Arts,Speaking_Expressions
2107,give a presentation,C2,Education,Classroom_Interaction
2108,voice softens,C2,Communication_Media_Arts,Speaking_Expressions
2109,glittering career,C2,Business_Finance_Economy,Jobs_Careers
2110,acquired taste,C2,Daily_Life,General_Interactions
2111,good team player,C2,Communication_Media_Arts,Speaking_Expressions
2112,acrid smoke,C1,Daily_Life,General_Interactions
2113,go wrong,B1,Daily_Life,General_Interactions
2114,bitter coffee,C2,Daily_Life,General_Interactions
2115,hand in your notice,C2,Daily_Life,General_Interactions
2116,body odour,B2,Daily_Life,General_Interactions
2117,have a career in,C2,Business_Finance_Economy,Jobs_Careers
2118,develop a taste for,C2,Daily_Life,General_Interactions
2119,have a good knowledge of,C2,Education,Learning_Skills
2120,distinctive aroma,C2,Daily_Life,General_Interactions
2121,have a job as,C2,Business_Finance_Economy,Jobs_Careers
2122,foul-smelling chemicals,C2,Daily_Life,General_Interactions
2123,have experience in,C2,Daily_Life,General_Interactions
2124,foul-smelling factory,C2,Psychology_Emotions,Behavior
2125,high-powered job,C2,Business_Finance_Economy,Jobs_Careers
2126,fragrant perfume,C2,Daily_Life,General_Interactions
2127,job satisfaction,C2,Business_Finance_Economy,Jobs_Careers
2128,fresh scent,C1,Daily_Life,General_Interactions
2129,keep an appointment,C2,Technology_Digital,Software_Internet
2130,get the flavour of,C2,Daily_Life,General_Interactions
2131,keep a record,C2,Daily_Life,General_Interactions
2132,give off a smell,C2,Daily_Life,General_Interactions
2133,have a smell,C1,Daily_Life,General_Interactions
2134,lucrative job,C2,Business_Finance_Economy,Jobs_Careers
2135,have a taste,C1,Daily_Life,General_Interactions
2136,make a list,C1,Daily_Life,General_Interactions
2137,leave a bad taste in your mouth,C2,Daily_Life,General_Interactions
2138,make an appointment,C2,Technology_Digital,Software_Internet
2139,leave an unpleasant taste in your mouth,C2,Daily_Life,General_Interactions
2140,milk goes sour,C2,Daily_Life,General_Interactions
2141,make photocopies,C2,Daily_Life,General_Interactions
2142,noxious fumes,C2,Daily_Life,General_Interactions
2143,make preparations,C2,Daily_Life,General_Interactions
2144,over-powering stink,C2,Daily_Life,General_Interactions
2145,revolting stench,C2,Daily_Life,General_Interactions
2146,offer someone a job,C2,Business_Finance_Economy,Jobs_Careers
2147,share the same taste in,C2,Technology_Digital,Social_Media
2148,permanent job,C2,Business_Finance_Economy,Jobs_Careers
2149,smell danger,C1,Daily_Life,General_Interactions
2150,promising career,C2,Business_Finance_Economy,Jobs_Careers
2151,smell off,B2,Daily_Life,General_Interactions
2152,rewarding job,C2,Business_Finance_Economy,Jobs_Careers
2153,smell wafts,C1,Daily_Life,General_Interactions
2154,ruin someone's career,C2,Business_Finance_Economy,Jobs_Careers
2155,strong smell,C1,Daily_Life,General_Interactions
2156,set targets,C1,Daily_Life,General_Interactions
2157,subtle flavour,C2,Daily_Life,General_Interactions
2158,steady job,B2,Business_Finance_Economy,Jobs_Careers
2159,taste freedom,C2,Society_Law_Politics,Human_Rights
2160,stimulating working environment,C2,Business_Finance_Economy,Jobs_Careers
2161,whiff of perfume,C2,Daily_Life,General_Interactions
2162,supervise work,C2,Business_Finance_Economy,Jobs_Careers
2163,take charge of,C2,Daily_Life,General_Interactions
2164,take early retirement,C2,Daily_Life,General_Interactions
2165,take on work,C1,Business_Finance_Economy,Jobs_Careers
2166,take the minutes,C2,Daily_Life,General_Interactions
2167,work closely with,C2,Business_Finance_Economy,Jobs_Careers
2168,wreck someone's career,C2,Business_Finance_Economy,Jobs_Careers
2169,become angry,C1,Psychology_Emotions,Feelings_Emotions
2170,become bored,C1,Psychology_Emotions,Feelings_Emotions
2171,become depressed,C2,Communication_Media_Arts,Media_Journalism
2172,become excited,C2,Psychology_Emotions,Feelings_Emotions
2173,become extinct,C2,Daily_Life,General_Interactions
2174,become homeless,C2,Society_Law_Politics,Social_Issues
2175,become impatient,C2,Psychology_Emotions,Feelings_Emotions
2176,become involved,C2,Daily_Life,General_Interactions
2177,become popular,C2,Daily_Life,General_Interactions
2178,become pregnant,C2,Daily_Life,General_Interactions
2179,become unpopular,C2,Daily_Life,General_Interactions
2180,become upset,C1,Psychology_Emotions,Feelings_Emotions
2181,become violent,C2,Daily_Life,General_Interactions
2182,fall ill,B1,Health_Medicine,Illness_Diseases
2183,fall silent,C1,Psychology_Emotions,Feelings_Emotions
2184,get angry,B2,Psychology_Emotions,Feelings_Emotions
2185,get bored,B2,Psychology_Emotions,Feelings_Emotions
2186,get depressed,C2,Communication_Media_Arts,Media_Journalism
2187,get excited,C1,Psychology_Emotions,Feelings_Emotions
2188,get impatient,C2,Psychology_Emotions,Feelings_Emotions
2189,get involved,C1,Daily_Life,General_Interactions
2190,get pregnant,C1,Daily_Life,General_Interactions
2191,get upset,B2,Psychology_Emotions,Feelings_Emotions
2192,get violent,C1,Daily_Life,General_Interactions
2193,go blind,B1,Daily_Life,General_Interactions
2194,go crazy,B1,Psychology_Emotions,Feelings_Emotions
2195,go dark,B1,Science_Nature,Natural_Phenomena
2196,go deaf,B1,Daily_Life,General_Interactions
2197,go mad,A2,Psychology_Emotions,Feelings_Emotions
2198,go red,A2,Science_Nature,Natural_Phenomena
2199,go yellow,B2,Science_Nature,Natural_Phenomena
2200,grow louder,C1,Daily_Life,General_Interactions
2201,grow older,B2,Daily_Life,General_Interactions
2202,have a child,C1,Daily_Life,General_Interactions
2203,have a heart attack,C2,Communication_Media_Arts,Arts_Creativity
2204,suffer a heart attack,C2,Health_Medicine,Illness_Diseases
2205,turn gold,B2,Science_Nature,Natural_Phenomena
2206,turn red,B1,Science_Nature,Natural_Phenomena
2207,turn white,B2,Science_Nature,Natural_Phenomena
2208,have a break,C1,Daily_Life,General_Interactions
2209,have a conversation,C2,Communication_Media_Arts,Speaking_Expressions
2210,have a dream,C1,Daily_Life,General_Interactions
2211,have a go,B2,Daily_Life,General_Interactions
2212,have an accident,C2,Daily_Life,General_Interactions
2213,have an argument,C2,Communication_Media_Arts,Opinion_Discussion
2214,have an experience,C2,Daily_Life,General_Interactions
2215,have a nightmare,C2,Daily_Life,General_Interactions
2216,have a problem,C2,Daily_Life,General_Interactions
2217,have a row,B2,Communication_Media_Arts,Speaking_Expressions
2218,have a try,B2,Daily_Life,General_Interactions
2219,have difficulty,C2,Daily_Life,General_Interactions
2220,have fun,B1,Daily_Life,General_Interactions
2221,have problems,C2,Daily_Life,General_Interactions
2222,pay a compliment,C2,Business_Finance_Economy,Business_Management
2223,pay attention,C2,Business_Finance_Economy,Business_Management
2224,pay tribute,C1,Business_Finance_Economy,Business_Management
2225,pay your (last) respects,C2,Society_Law_Politics,Human_Rights
2226,take a bus,B2,Travel_Transportation,Public_Transport
2227,take a chance,C2,Daily_Life,General_Interactions
2228,take action,C1,Psychology_Emotions,Behavior
2229,take a holiday,C2,Travel_Transportation,Hotels_Tourism
2230,take a liking to,C2,Daily_Life,General_Interactions
2231,take an interest in,C2,Daily_Life,General_Interactions
2232,take a risk,C1,Business_Finance_Economy,Entrepreneurship
2233,take a train,C1,Technology_Digital,Artificial_Intelligence
2234,take a trip,C1,Travel_Transportation,Hotels_Tourism
2235,take photos,C1,Daily_Life,General_Interactions
2236,ancient history,C2,Communication_Media_Arts,Writing_Language
2237,ancient times,C2,Daily_Life,Time_Management
2238,antique furniture,C2,Daily_Life,Home_Housing
2239,antique jewellery,C2,Daily_Life,General_Interactions
2240,big decision,C1,Daily_Life,General_Interactions
2241,big problem,C1,Daily_Life,General_Interactions
2242,charge a phone,C2,Technology_Digital,Devices_Hardware
2243,charge a phone make,C2,Technology_Digital,Devices_Hardware
2244,close a conference,C2,Daily_Life,General_Interactions
2245,close a discussion,C2,Education,Classroom_Interaction
2246,close a meeting,C2,Daily_Life,General_Interactions
2247,close your mouth,C2,Daily_Life,General_Interactions
2248,damaged sofa,C1,Daily_Life,General_Interactions
2249,desperately lonely,C2,Business_Finance_Economy,Economy_Markets
2250,elderly person,C2,Psychology_Emotions,Feelings_Emotions
2251,end a relationship,C2,Daily_Life,General_Interactions
2252,film ends,B2,Communication_Media_Arts,Arts_Creativity
2253,finish your homework,C2,Education,University_School
2254,grow crops,B2,Daily_Life,General_Interactions
2255,grow plants,C1,Science_Nature,Biology_Life_Sciences
2256,large size,B2,Daily_Life,General_Interactions
2257,live alone,B2,Daily_Life,General_Interactions
2258,load a lorry,C1,Daily_Life,General_Interactions
2259,lonely place,C1,Daily_Life,General_Interactions
2260,lonely spot,C1,Daily_Life,General_Interactions
2261,old building,C1,Daily_Life,General_Interactions
2262,old friend,B2,Daily_Life,General_Interactions
2263,only child,B2,Daily_Life,General_Interactions
2264,raise cattle,C1,Technology_Digital,Artificial_Intelligence
2265,shut your mouth,C2,Daily_Life,General_Interactions
2266,sole survivor,C2,Daily_Life,General_Interactions
2267,solitary figure,C2,Daily_Life,General_Interactions
2268,start a car,C1,Travel_Transportation,Road_Travel
2269,travel alone,C1,Travel_Transportation,Road_Travel
2270,unique occasion,C2,Daily_Life,General_Interactions
2271,universe begins,C2,Daily_Life,General_Interactions
2272,achieve success,C2,Psychology_Emotions,Motivation
2273,achieve your aims,C2,Technology_Digital,Artificial_Intelligence
2274,beat an opponent,C2,Daily_Life,Routine_Activities
2275,beat a team,C1,Daily_Life,Routine_Activities
2276,carry a mobile phone,C2,Technology_Digital,Devices_Hardware
2277,carry a suitcase,C2,Travel_Transportation,Road_Travel
2278,defeat an opponent,C2,Daily_Life,Routine_Activities
2279,defeat a team,C2,Daily_Life,Routine_Activities
2280,earn a salary,C2,Business_Finance_Economy,Jobs_Careers
2281,gain access,C1,Technology_Digital,Artificial_Intelligence
2282,gain an advantage,C2,Technology_Digital,Artificial_Intelligence
2283,gain a reputation,C2,Technology_Digital,Artificial_Intelligence
2284,gain control,C1,Technology_Digital,Artificial_Intelligence
2285,gain power,B2,Technology_Digital,Artificial_Intelligence
2286,gain publicity,C2,Technology_Digital,Artificial_Intelligence
2287,gain recognition,C2,Technology_Digital,Artificial_Intelligence
2288,is powered by software,C2,Technology_Digital,Software_Internet
2289,spend a month,C2,Daily_Life,Time_Management
2290,spend a month/week,C2,Daily_Life,Time_Management
2291,spend days,B2,Daily_Life,Time_Management
2292,spend hours,C1,Daily_Life,Time_Management
2293,spend money,C1,Business_Finance_Economy,Finance_Banking
2294,take clothes,C1,Daily_Life,General_Interactions
2295,take clothes with you,C2,Daily_Life,General_Interactions
2296,use a laptop,C1,Technology_Digital,Devices_Hardware
2297,wear a dress,C1,Daily_Life,General_Interactions
2298,wear a hat,B2,Daily_Life,General_Interactions
2299,win a battle,C1,Daily_Life,Routine_Activities
2300,win a medal,C1,Daily_Life,General_Interactions
2301,win an award,C1,Society_Law_Politics,Law_Crime
2302,win an election,C2,Society_Law_Politics,Government_Politics
2303,win a prize,C1,Daily_Life,General_Interactions
2304,win a trophy,C1,Daily_Life,General_Interactions
2305,win a war,B2,Society_Law_Politics,Government_Politics
2306,atmosphere lightens,C2,Daily_Life,General_Interactions
2307,blaze of glory,C2,Daily_Life,General_Interactions
2308,blaze of publicity,C2,Daily_Life,General_Interactions
2309,cheeks burn with embarrassment,C2,Daily_Life,General_Interactions
2310,conversation flows,C2,Communication_Media_Arts,Speaking_Expressions
2311,dark days,B2,Daily_Life,General_Interactions
2312,dark thoughts,C2,Psychology_Emotions,Feelings_Emotions
2313,dark times,B2,Daily_Life,Time_Management
2314,expression darkens,C2,Communication_Media_Arts,Speaking_Expressions
2315,eyes darken,C1,Psychology_Emotions,Personality
2316,eyes light up,C2,Psychology_Emotions,Personality
2317,eyes shine,B2,Psychology_Emotions,Personality
2318,face darkens,C1,Psychology_Emotions,Personality
2319,face lights up,C2,Psychology_Emotions,Personality
2320,face shines,C1,Psychology_Emotions,Personality
2321,fiery temper,C1,Daily_Life,General_Interactions
2322,flood of tears,C2,Science_Nature,Natural_Phenomena
2323,heated conversation,C2,Communication_Media_Arts,Speaking_Expressions
2324,heated debate,C2,Communication_Media_Arts,Opinion_Discussion
2325,heated discussion,C2,Education,Classroom_Interaction
2326,ideas flow,B2,Daily_Life,General_Interactions
2327,mood lightens,C2,Health_Medicine,Mental_Health
2328,people pour,C1,Daily_Life,General_Interactions
2329,people stream,C2,Daily_Life,General_Interactions
2330,people trickle,C2,Daily_Life,General_Interactions
2331,stream of traffic,C2,Travel_Transportation,Road_Travel
2332,stream of visitors,C2,Daily_Life,General_Interactions
2333,sunny day,B2,Science_Nature,Natural_Phenomena
2334,sunny face,B2,Psychology_Emotions,Personality
2335,sunny smile,C1,Psychology_Emotions,Personality
2336,tears stream down someone's face,C2,Daily_Life,General_Interactions
2337,tears stream down someone’s face,C2,Daily_Life,General_Interactions
2338,tempers flare,C2,Daily_Life,General_Interactions
2339,troubles flare up,C2,Daily_Life,General_Interactions
2340,violence flares up,C2,Daily_Life,General_Interactions
2341,abandon,B2,Daily_Life,General_Interactions
2342,adversely,B2,Daily_Life,General_Interactions
2343,aggregate,B2,Daily_Life,General_Interactions
2344,cultivation,C1,Daily_Life,General_Interactions
2345,fertilize,B2,Daily_Life,General_Interactions
2346,intensify,B2,Daily_Life,General_Interactions
2347,irrigation,B2,Daily_Life,General_Interactions
2348,photosynthesis,C2,Education,Academic_Study
2349,precipitation,C2,Daily_Life,General_Interactions
2350,anticipate,B1,Daily_Life,General_Interactions
2351,catastrophic,C1,Daily_Life,General_Interactions
2352,collide,C1,Daily_Life,General_Interactions
2353,eruption,B1,Science_Nature,Natural_Phenomena
2354,persevere,B2,Daily_Life,General_Interactions
2355,plunge,A2,Daily_Life,General_Interactions
2356,unleash,B1,Daily_Life,General_Interactions
2357,adapt,B1,Daily_Life,General_Interactions
2358,diverse,B2,Daily_Life,General_Interactions
2359,evolve,A2,Daily_Life,General_Interactions
2360,feature,A2,Health_Medicine,Healthcare_Hospital
2361,generation,A2,Science_Nature,Biology_Life_Sciences
2362,inherent,C2,Daily_Life,Home_Housing
2363,migration,B2,Daily_Life,General_Interactions
2364,physical,B2,Daily_Life,General_Interactions
2365,process,A2,Daily_Life,General_Interactions
2366,survive,A2,Daily_Life,General_Interactions
2367,constraint,B2,Technology_Digital,Artificial_Intelligence
2368,contamination,C2,Daily_Life,General_Interactions
2369,dispose of,B2,Daily_Life,General_Interactions
2370,elementally,C1,Health_Medicine,Mental_Health
2371,emission,C1,Daily_Life,General_Interactions
2372,extinction,B2,Daily_Life,General_Interactions
2373,reservoir,B2,Daily_Life,General_Interactions
2374,shrink,A2,Daily_Life,General_Interactions
2375,adjust,B1,Daily_Life,General_Interactions
2376,arbitrary,B2,Daily_Life,General_Interactions
2377,denominator,C1,Daily_Life,General_Interactions
2378,exponentially,C2,Daily_Life,General_Interactions
2379,infinitesimal,C2,Daily_Life,General_Interactions
2380,maximize,B2,Daily_Life,General_Interactions
2381,parallel,B1,Daily_Life,General_Interactions
2382,proportion,B2,Daily_Life,General_Interactions
2383,sequence,B1,Daily_Life,General_Interactions
2384,accuracy,B1,Daily_Life,General_Interactions
2385,adjacent,B1,Daily_Life,General_Interactions
2386,compress,B1,Communication_Media_Arts,Media_Journalism
2387,feasibly,B1,Daily_Life,General_Interactions
2388,gut,A1,Daily_Life,General_Interactions
2389,integrally,B2,Daily_Life,General_Interactions
2390,overlap,B1,Daily_Life,General_Interactions
2391,retain,B1,Technology_Digital,Artificial_Intelligence
2392,seep,A1,Daily_Life,General_Interactions
2393,structure,A2,Daily_Life,General_Interactions
2394,circulate,B2,Daily_Life,General_Interactions
2395,corrode,B1,Daily_Life,General_Interactions
2396,derive,A2,Daily_Life,General_Interactions
2397,detection,B2,Daily_Life,General_Interactions
2398,expeditiously,C2,Daily_Life,General_Interactions
2399,implement,B1,Daily_Life,General_Interactions
2400,innovative,B2,Daily_Life,General_Interactions
2401,installation,C1,Daily_Life,General_Interactions
2402,maintenance,C1,Technology_Digital,Artificial_Intelligence
2403,simulation,B2,Daily_Life,General_Interactions
2404,combustion,B2,Science_Nature,Physics_Chemistry
2405,component,B2,Daily_Life,General_Interactions
2406,convey,A2,Daily_Life,General_Interactions
2407,discretely,B2,Daily_Life,General_Interactions
2408,nucleus,B1,Daily_Life,General_Interactions
2409,permeate,C2,Health_Medicine,Healthcare_Hospital
2410,rotate,A2,Daily_Life,General_Interactions
2411,solar,A2,Science_Nature,Natural_Phenomena
2412,source,A2,Daily_Life,General_Interactions
2413,trigger,B1,Daily_Life,General_Interactions
2414,acquisition,C1,Daily_Life,General_Interactions
2415,anomaly,B1,Daily_Life,General_Interactions
2416,consciously,C1,Daily_Life,General_Interactions
2417,degrade,B1,Education,Exams_Assessments
2418,gap,A1,Daily_Life,General_Interactions
2419,indisputable,C1,Daily_Life,General_Interactions
2420,intervene,B2,Daily_Life,General_Interactions
2421,intuitively,C1,Daily_Life,General_Interactions
2422,recede,A2,Daily_Life,General_Interactions
2423,retrieve,B1,Daily_Life,General_Interactions
2424,agnostic,B1,Daily_Life,General_Interactions
2425,animism,B1,Daily_Life,General_Interactions
2426,atheist,B1,Daily_Life,General_Interactions
2427,be inclined to,C2,Daily_Life,General_Interactions
2428,contemplate,C1,Daily_Life,General_Interactions
2429,deify,A2,Daily_Life,General_Interactions
2430,ecclesiastical,C2,Daily_Life,General_Interactions
2431,exalt,A2,Daily_Life,General_Interactions
2432,pious,A2,Daily_Life,General_Interactions
2433,sacrifice,B2,Daily_Life,General_Interactions
2434,aggravate,C1,Daily_Life,General_Interactions
2435,decrepit,C2,Daily_Life,General_Interactions
2436,fatally,B1,Daily_Life,General_Interactions
2437,forensics,B2,Daily_Life,General_Interactions
2438,persist,B1,Daily_Life,General_Interactions
2439,prognosis,C2,Daily_Life,General_Interactions
2440,terminal,B1,Daily_Life,General_Interactions
2441,vein,A1,Daily_Life,General_Interactions
2442,wound,A2,Daily_Life,General_Interactions
2443,anesthesia,B2,Daily_Life,General_Interactions
2444,augment,B2,Daily_Life,General_Interactions
2445,certifiably,C1,Daily_Life,General_Interactions
2446,complication,C1,Daily_Life,General_Interactions
2447,cure,A1,Health_Medicine,Illness_Diseases
2448,implant,B1,Science_Nature,Biology_Life_Sciences
2449,inject,A2,Daily_Life,General_Interactions
2450,obese,A2,Daily_Life,General_Interactions
2451,procedure,B2,Daily_Life,General_Interactions
2452,scar,A1,Travel_Transportation,Road_Travel
2453,astrological,C1,Daily_Life,General_Interactions
2454,divination,B2,Daily_Life,General_Interactions
2455,haunt,A2,Daily_Life,General_Interactions
2456,intermediary,C1,Communication_Media_Arts,Media_Journalism
2457,invoke,C2,Daily_Life,General_Interactions
2458,meditate,B1,Daily_Life,General_Interactions
2459,phantom,B1,Daily_Life,General_Interactions
2460,psychic,B1,Daily_Life,General_Interactions
2461,self-perpetuating,C2,Psychology_Emotions,Feelings_Emotions
2462,assimilate,B2,Daily_Life,General_Interactions
2463,cremation,B2,Daily_Life,General_Interactions
2464,domesticate,C1,Daily_Life,General_Interactions
2465,folklore,B1,Daily_Life,General_Interactions
2466,fossilize,B2,Daily_Life,General_Interactions
2467,relic,A2,Daily_Life,General_Interactions
2468,rite,A1,Daily_Life,General_Interactions
2469,ritually,B1,Daily_Life,General_Interactions
2470,saga,A1,Daily_Life,General_Interactions
2471,vestige,C2,Daily_Life,General_Interactions
2472,amend,A2,Daily_Life,General_Interactions
2473,biased,A2,Daily_Life,General_Interactions
2474,burden,A2,Daily_Life,General_Interactions
2475,de facto,B1,Psychology_Emotions,Behavior
2476,discriminate,C1,Daily_Life,General_Interactions
2477,notion,A2,Daily_Life,General_Interactions
2478,oppress,B1,Communication_Media_Arts,Media_Journalism
2479,paradigm,C2,Daily_Life,General_Interactions
2480,prejudiced,B2,Daily_Life,General_Interactions
2481,curriculum,B2,Education,Academic_Study
2482,erudite,C2,Daily_Life,General_Interactions
2483,fortify,B1,Daily_Life,General_Interactions
2484,implicitly,B2,Daily_Life,General_Interactions
2485,parochial,B2,Daily_Life,General_Interactions
2486,rigor,A2,Daily_Life,General_Interactions
2487,roster,A2,Daily_Life,General_Interactions
2488,secular,B1,Daily_Life,General_Interactions
2489,suspend,B1,Daily_Life,General_Interactions
2490,allegiance,B2,Daily_Life,General_Interactions
2491,artillery,B2,Communication_Media_Arts,Arts_Creativity
2492,hierarchy,B2,Daily_Life,General_Interactions
2493,in the trenches,C2,Daily_Life,General_Interactions
2494,mobilize,B1,Daily_Life,General_Interactions
2495,rank,A2,Daily_Life,General_Interactions
2496,ratio,B1,Daily_Life,General_Interactions
2497,strategic,B1,Business_Finance_Economy,Economy_Markets
2498,annex,A2,Daily_Life,General_Interactions
2499,apex,A1,Daily_Life,General_Interactions
2500,conquest,B1,Daily_Life,General_Interactions
2501,devise,C1,Daily_Life,General_Interactions
2502,invasive,C1,Daily_Life,General_Interactions
2503,prevailing,B2,Technology_Digital,Artificial_Intelligence
2504,resist,A2,Daily_Life,General_Interactions
2505,violation,B2,Daily_Life,General_Interactions
2506,chronologically,C2,Daily_Life,General_Interactions
2507,coincide,B2,Daily_Life,General_Interactions
2508,consequence,A2,Daily_Life,General_Interactions
2509,diminish,B2,Daily_Life,General_Interactions
2510,longitude,B2,Daily_Life,General_Interactions
2511,milieu,A2,Daily_Life,General_Interactions
2512,orwellian,B2,Daily_Life,General_Interactions
2513,reconciliation,C2,Daily_Life,General_Interactions
2514,allocate,B2,Daily_Life,General_Interactions
2515,commodity,B2,Daily_Life,General_Interactions
2516,equity,A2,Daily_Life,General_Interactions
2517,inflation,B2,Business_Finance_Economy,Economy_Markets
2518,net,A1,Daily_Life,General_Interactions
2519,per capita,B2,Daily_Life,General_Interactions
2520,regulate,A2,Daily_Life,General_Interactions
2521,subsidy,B1,Daily_Life,General_Interactions
2522,tangible,B1,Daily_Life,General_Interactions
2523,accumulate,B2,Daily_Life,General_Interactions
2524,affluence,B2,Daily_Life,General_Interactions
2525,elite,A2,Daily_Life,General_Interactions
2526,impoverish,B2,Daily_Life,General_Interactions
2527,nobility,B1,Daily_Life,General_Interactions
2528,prestige,B1,Daily_Life,General_Interactions
2529,privileged,B2,Daily_Life,General_Interactions
2530,prosper,B1,Daily_Life,General_Interactions
2531,working class,C2,Education,University_School
2532,asset,A2,Daily_Life,General_Interactions
2533,hazardous,B2,Daily_Life,General_Interactions
2534,jointly,B1,Daily_Life,General_Interactions
2535,lease,A2,Daily_Life,General_Interactions
2536,liability,B2,Education,Learning_Skills
2537,proprietor,B2,Daily_Life,General_Interactions
2538,safeguard,B2,Daily_Life,General_Interactions
2539,compensate,B1,Daily_Life,General_Interactions
2540,dynamic,B2,Daily_Life,General_Interactions
2541,enterprising,C1,Communication_Media_Arts,Speaking_Expressions
2542,exploit,B2,Daily_Life,General_Interactions
2543,incentive,B1,Daily_Life,General_Interactions
2544,industrious,C1,Daily_Life,General_Interactions
2545,marginal,B2,Daily_Life,General_Interactions
2546,merit,A2,Daily_Life,General_Interactions
2547,promote,A2,Daily_Life,General_Interactions
2548,resign,A2,Business_Finance_Economy,Jobs_Careers
2549,distill,B1,Health_Medicine,Healthcare_Hospital
2550,entrepreneurial,C2,Business_Finance_Economy,Business_Management
2551,extract,B2,Psychology_Emotions,Behavior
2552,haggle,A2,Daily_Life,General_Interactions
2553,intrepid,C2,Daily_Life,General_Interactions
2554,merchant,B1,Daily_Life,General_Interactions
2555,proportionately,C2,Daily_Life,General_Interactions
2556,prototype,B2,Daily_Life,General_Interactions
2557,reward,A2,Society_Law_Politics,Law_Crime
2558,shuttle,B1,Daily_Life,General_Interactions
2559,advocate,B2,Daily_Life,General_Interactions
2560,authority,B2,Daily_Life,General_Interactions
2561,candidate,B2,Daily_Life,General_Interactions
2562,coalition,B2,Daily_Life,General_Interactions
2563,contest,B1,Education,Exams_Assessments
2564,inaugurate,B2,Business_Finance_Economy,Economy_Markets
2565,policy,A2,Society_Law_Politics,Government_Politics
2566,poll,A1,Daily_Life,General_Interactions
2567,allegedly,B2,Daily_Life,General_Interactions
2568,civil,B1,Daily_Life,General_Interactions
2569,convict,B1,Daily_Life,General_Interactions
2570,guilty,A2,Daily_Life,General_Interactions
2571,offense,B1,Daily_Life,General_Interactions
2572,peer,A1,Daily_Life,General_Interactions
2573,witness,B1,Daily_Life,General_Interactions
2574,apprehend,C1,Technology_Digital,Software_Internet
2575,ascertain,C1,Technology_Digital,Artificial_Intelligence
2576,bureaucratic,C1,Daily_Life,General_Interactions
2577,implicate,B1,Daily_Life,General_Interactions
2578,inquiry,B1,Daily_Life,General_Interactions
2579,intrusively,C1,Daily_Life,General_Interactions
2580,surveillance,C2,Health_Medicine,Healthcare_Hospital
2581,analyze,B1,Daily_Life,General_Interactions
2582,assail,C1,Technology_Digital,Artificial_Intelligence
2583,hypothesize,C1,Daily_Life,General_Interactions
2584,impair,C2,Technology_Digital,Artificial_Intelligence
2585,inference,B2,Daily_Life,General_Interactions
2586,objectively,C1,Daily_Life,General_Interactions
2587,suspicious,B2,Daily_Life,General_Interactions
2588,tolerate,B1,Business_Finance_Economy,Economy_Markets
2589,versus,A2,Daily_Life,General_Interactions
2590,bribery,B1,Daily_Life,General_Interactions
2591,cynically,B2,Daily_Life,General_Interactions
2592,erode,B2,Daily_Life,General_Interactions
2593,evade,A2,Daily_Life,General_Interactions
2594,grotesque,B2,Daily_Life,General_Interactions
2595,integrity,C1,Daily_Life,General_Interactions
2596,prevalent,C2,Daily_Life,General_Interactions
2597,reform,A2,Society_Law_Politics,Public_Policies
2598,scandal,B1,Daily_Life,General_Interactions
2599,unmask,A2,Daily_Life,General_Interactions
2600,abduction,B2,Daily_Life,General_Interactions
2601,coerce,C1,Daily_Life,General_Interactions
2602,detain,A2,Technology_Digital,Artificial_Intelligence
2603,deviant,B1,Daily_Life,General_Interactions
2604,distort,B2,Daily_Life,General_Interactions
2605,intentionally,C2,Daily_Life,General_Interactions
2606,piracy,A2,Daily_Life,General_Interactions
2607,predicament,C1,Daily_Life,General_Interactions
2608,smuggle,B1,Daily_Life,General_Interactions
2609,villainy,B1,Technology_Digital,Artificial_Intelligence
2610,addictive,B2,Daily_Life,General_Interactions
2611,cartel,A2,Travel_Transportation,Road_Travel
2612,concentrated,C1,Business_Finance_Economy,Economy_Markets
2613,interdict,B2,Daily_Life,General_Interactions
2614,juxtapose,C2,Daily_Life,General_Interactions
2615,misconception,C2,Daily_Life,General_Interactions
2616,modify,A2,Daily_Life,General_Interactions
2617,potent,A2,Daily_Life,General_Interactions
2618,residual,B1,Daily_Life,General_Interactions
2619,subtly,A2,Daily_Life,General_Interactions
2620,affection,B2,Daily_Life,General_Interactions
2621,associate,B2,Daily_Life,General_Interactions
2622,bond,B2,Daily_Life,General_Interactions
2623,clique,A2,Daily_Life,General_Interactions
2624,confide,C1,Daily_Life,General_Interactions
2625,exclusive,C1,Daily_Life,General_Interactions
2626,fluctuate,B2,Daily_Life,General_Interactions
2627,in common,B2,Daily_Life,General_Interactions
2628,solidarity,B2,Daily_Life,General_Interactions
2629,willing,B1,Health_Medicine,Healthcare_Hospital
2630,complex,B1,Daily_Life,General_Interactions
2631,despondent,C1,Daily_Life,General_Interactions
2632,devotion,B1,Daily_Life,General_Interactions
2633,dilemma,C1,Daily_Life,General_Interactions
2634,engender,C2,Society_Law_Politics,Social_Issues
2635,passion,B1,Education,Exams_Assessments
2636,proliferation,C2,Science_Nature,Biology_Life_Sciences
2637,reciprocity,C1,Daily_Life,General_Interactions
2638,vanish,A2,Daily_Life,General_Interactions
2639,antipathy,C1,Daily_Life,General_Interactions
2640,arrogantly,B2,Daily_Life,General_Interactions
2641,berate,A2,Business_Finance_Economy,Economy_Markets
2642,contemptuous,C2,Daily_Life,General_Interactions
2643,despise,B1,Daily_Life,General_Interactions
2644,humiliation,C1,Daily_Life,General_Interactions
2645,obnoxious,B2,Daily_Life,General_Interactions
2646,shame,A2,Daily_Life,General_Interactions
2647,stigmatize,B2,Daily_Life,General_Interactions
2648,vitriolic,C2,Daily_Life,General_Interactions
2649,adolescent,B2,Daily_Life,General_Interactions
2650,delinquency,C1,Daily_Life,General_Interactions
2651,fringe,A2,Daily_Life,General_Interactions
2652,hedonistic,C1,Daily_Life,General_Interactions
2653,hypocritically,C2,Daily_Life,General_Interactions
2654,manipulation,C1,Daily_Life,General_Interactions
2655,rebel,A2,Daily_Life,General_Interactions
2656,status quo,B2,Daily_Life,General_Interactions
2657,abstract,B2,Psychology_Emotions,Behavior
2658,context,B1,Daily_Life,General_Interactions
2659,depict,A2,Daily_Life,General_Interactions
2660,dimension,B2,Daily_Life,General_Interactions
2661,esthetically,C1,Daily_Life,General_Interactions
2662,intrinsic,C1,Daily_Life,General_Interactions
2663,perspective,B1,Communication_Media_Arts,Opinion_Discussion
2664,portrayal,B2,Daily_Life,General_Interactions
2665,realism,B1,Daily_Life,General_Interactions
2666,spectrum,C2,Daily_Life,General_Interactions
2667,advent,A2,Daily_Life,General_Interactions
2668,ambiguous,B2,Daily_Life,General_Interactions
2669,connotation,C1,Daily_Life,General_Interactions
2670,decipher,B1,Daily_Life,General_Interactions
2671,denote,C1,Daily_Life,General_Interactions
2672,illiterate,B2,Business_Finance_Economy,Economy_Markets
2673,ingenious,B2,Daily_Life,General_Interactions
2674,inscription,C1,Daily_Life,General_Interactions
2675,phonetic,B1,Technology_Digital,Devices_Hardware
2676,symbolic,B1,Daily_Life,General_Interactions
2677,amateurish,B2,Daily_Life,General_Interactions
2678,charismatic,C1,Daily_Life,General_Interactions
2679,gala,A1,Daily_Life,General_Interactions
2680,hilarious,B2,Daily_Life,General_Interactions
2681,improvisation,C2,Travel_Transportation,Road_Travel
2682,incompetent,C1,Daily_Life,General_Interactions
2683,medium,B2,Daily_Life,General_Interactions
2684,skit,A1,Daily_Life,General_Interactions
2685,zeal,A1,Daily_Life,General_Interactions
2686,bulk,A1,Daily_Life,General_Interactions
2687,capricious,C1,Daily_Life,General_Interactions
2688,cumbersome,B2,Daily_Life,General_Interactions
2689,exotic,A2,Daily_Life,General_Interactions
2690,inhibit,B1,Daily_Life,General_Interactions
2691,minimum,B2,Daily_Life,General_Interactions
2692,vanity,A2,Daily_Life,General_Interactions
2693,vulnerable,B2,Daily_Life,General_Interactions
2694,abroad,A2,Travel_Transportation,Road_Travel
2695,abrupt,C1,Daily_Life,General_Interactions
2696,acceptable,B2,Daily_Life,General_Interactions
2697,acclaim,C1,Technology_Digital,Artificial_Intelligence
2698,actually,B1,Psychology_Emotions,Behavior
2699,adverse,B2,Daily_Life,General_Interactions
2700,advice,A2,Daily_Life,General_Interactions
2701,aspect,A2,Daily_Life,General_Interactions
2702,attractive,B2,Psychology_Emotions,Behavior
2703,autonomous,C2,Daily_Life,General_Interactions
2704,chronic,B1,Daily_Life,General_Interactions
2705,disapproval,C1,Technology_Digital,Software_Internet
2706,disruptive,B2,Daily_Life,General_Interactions
2707,haphazardly,C1,Daily_Life,General_Interactions
2708,intervention,C1,Daily_Life,General_Interactions
2709,persistent,B2,Daily_Life,General_Interactions
2710,postpone,B1,Technology_Digital,Social_Media
2711,valid,A2,Daily_Life,General_Interactions
2712,withdraw,C2,Business_Finance_Economy,Finance_Banking
2713,advantage,B1,Daily_Life,General_Interactions
2714,agile,A2,Daily_Life,General_Interactions
2715,albeit,A2,Daily_Life,General_Interactions
2716,appealing,B2,Technology_Digital,Software_Internet
2717,celebrated,B2,Business_Finance_Economy,Economy_Markets
2718,circumvent,C1,Daily_Life,General_Interactions
2719,contemporary,B1,Daily_Life,General_Interactions
2720,distribute,A2,Daily_Life,General_Interactions
2721,encourage,A2,Daily_Life,General_Interactions
2722,energetic,B2,Daily_Life,General_Interactions
2723,frail,A2,Technology_Digital,Artificial_Intelligence
2724,heyday,A2,Daily_Life,General_Interactions
2725,myth,A1,Daily_Life,General_Interactions
2726,refine,A2,Daily_Life,General_Interactions
2727,worthwhile,B2,Daily_Life,General_Interactions
2728,alter,B2,Daily_Life,General_Interactions
2729,ancient,A2,Daily_Life,General_Interactions
2730,annoying,B1,Daily_Life,General_Interactions
2731,benign,C2,Daily_Life,General_Interactions
2732,conform,B2,Daily_Life,General_Interactions
2733,enrich,A2,Daily_Life,General_Interactions
2734,intolerable,C1,Daily_Life,General_Interactions
2735,ongoing,B1,Daily_Life,General_Interactions
2736,potential,B1,Daily_Life,General_Interactions
2737,propose,A2,Daily_Life,General_Interactions
2738,restore,A2,Daily_Life,Shopping_Everyday
2739,staple,A2,Daily_Life,General_Interactions
2740,turbulent,B2,Daily_Life,General_Interactions
2741,vital,A2,Daily_Life,General_Interactions
2742,assert,B2,Daily_Life,General_Interactions
2743,astounding,B2,Daily_Life,General_Interactions
2744,astute,A2,Daily_Life,General_Interactions
2745,concur,C1,Daily_Life,General_Interactions
2746,deceptively,C1,Daily_Life,General_Interactions
2747,designate,B2,Communication_Media_Arts,Arts_Creativity
2748,determined,B2,Daily_Life,General_Interactions
2749,elicit,C1,Daily_Life,General_Interactions
2750,embody,A2,Daily_Life,General_Interactions
2751,instigate,C2,Daily_Life,General_Interactions
2752,mundane,C2,Daily_Life,General_Interactions
2753,petition,B1,Daily_Life,General_Interactions
2754,relinquish,C2,Daily_Life,General_Interactions
2755,resilient,C2,Daily_Life,General_Interactions
2756,stagnant,C2,Daily_Life,General_Interactions
2757,tempt,A2,Daily_Life,General_Interactions
2758,baffle,A2,Daily_Life,General_Interactions
2759,bear,A2,Daily_Life,General_Interactions
2760,blur,A1,Daily_Life,General_Interactions
2761,brilliant,B2,Health_Medicine,Healthcare_Hospital
2762,caution,B1,Daily_Life,General_Interactions
2763,delicate,B1,Daily_Life,General_Interactions
2764,enhance,A2,Daily_Life,General_Interactions
2765,facilitate,B1,Daily_Life,General_Interactions
2766,incessant,B2,Daily_Life,General_Interactions
2767,in conjunction with,C2,Daily_Life,General_Interactions
2768,intrigue,C2,Daily_Life,General_Interactions
2769,obstruct,B1,Daily_Life,General_Interactions
2770,persuade,B1,Daily_Life,General_Interactions
2771,recompense,B2,Daily_Life,General_Interactions
2772,shed,A1,Daily_Life,General_Interactions
2773,unique,A2,Daily_Life,General_Interactions
2774,well-suited,C1,Daily_Life,General_Interactions
2775,work out,B1,Business_Finance_Economy,Jobs_Careers
2776,chiefly,B1,Daily_Life,General_Interactions
2777,coarse,A2,Daily_Life,General_Interactions
2778,commonplace,C1,Daily_Life,General_Interactions
2779,comparatively,C2,Daily_Life,General_Interactions
2780,conventional,C1,Daily_Life,General_Interactions
2781,curious,B1,Daily_Life,General_Interactions
2782,emit,A1,Daily_Life,General_Interactions
2783,exceedingly,C1,Daily_Life,General_Interactions
2784,exclusively,C1,Daily_Life,General_Interactions
2785,extinguish,B2,Daily_Life,General_Interactions
2786,immense,B1,Daily_Life,General_Interactions
2787,instantaneous,C2,Daily_Life,General_Interactions
2788,rigid,B1,Daily_Life,General_Interactions
2789,routinely,B2,Daily_Life,Routine_Activities
2790,stamina,B1,Daily_Life,General_Interactions
2791,sufficiently,C1,Daily_Life,General_Interactions
2792,visibly,B1,Daily_Life,General_Interactions
2793,attribute,B1,Daily_Life,General_Interactions
2794,brash,C1,Daily_Life,General_Interactions
2795,clarify,B1,Daily_Life,General_Interactions
2796,conceal,B1,Daily_Life,General_Interactions
2797,confirm,A2,Daily_Life,General_Interactions
2798,convenient,B2,Daily_Life,General_Interactions
2799,core,B1,Daily_Life,General_Interactions
2800,critical,B1,Daily_Life,General_Interactions
2801,discrepancy,C1,Daily_Life,General_Interactions
2802,eventually,A2,Daily_Life,General_Interactions
2803,prosperous,B2,Daily_Life,General_Interactions
2804,purposefully,C1,Psychology_Emotions,Motivation
2805,reveal,A2,Daily_Life,General_Interactions
2806,scarcely,B1,Travel_Transportation,Road_Travel
2807,simultaneous,C1,Daily_Life,General_Interactions
2808,theoretically,C2,Daily_Life,General_Interactions
2809,accelerate,B2,Business_Finance_Economy,Economy_Markets
2810,creep,A2,Daily_Life,General_Interactions
2811,crush,A2,Daily_Life,General_Interactions
2812,cultivate,C2,Daily_Life,General_Interactions
2813,dictate,B1,Daily_Life,General_Interactions
2814,distinguish,A2,Daily_Life,General_Interactions
2815,docile,C2,Daily_Life,General_Interactions
2816,engross,B1,Daily_Life,General_Interactions
2817,flaw,A1,Society_Law_Politics,Law_Crime
2818,harvest,B1,Daily_Life,General_Interactions
2819,mammoth,B1,Daily_Life,General_Interactions
2820,mirror,A2,Daily_Life,General_Interactions
2821,negotiate,B1,Daily_Life,General_Interactions
2822,obtain,A2,Technology_Digital,Artificial_Intelligence
2823,particle,B1,Science_Nature,Physics_Chemistry
2824,settle,A2,Daily_Life,General_Interactions
2825,transport,A2,Health_Medicine,Fitness_Exercise
2826,account for,C1,Business_Finance_Economy,Business_Management
2827,accurate,B1,Business_Finance_Economy,Economy_Markets
2828,acute,C1,Daily_Life,General_Interactions
2829,classify,B1,Education,University_School
2830,currency,B1,Daily_Life,General_Interactions
2831,deep,A1,Daily_Life,General_Interactions
2832,dense,A2,Daily_Life,General_Interactions
2833,dim,A1,Daily_Life,General_Interactions
2834,display,A2,Communication_Media_Arts,Speaking_Expressions
2835,exports,B1,Daily_Life,General_Interactions
2836,gigantic,B1,Daily_Life,General_Interactions
2837,impressive,B2,Communication_Media_Arts,Media_Journalism
2838,install,B1,Daily_Life,General_Interactions
2839,jargon,C2,Daily_Life,General_Interactions
2840,lasting,B1,Daily_Life,General_Interactions
2841,saturate,B1,Business_Finance_Economy,Economy_Markets
2842,straightforward,C2,Technology_Digital,Artificial_Intelligence
2843,uniform,B1,Daily_Life,General_Interactions
2844,vibrant,B1,Daily_Life,General_Interactions
2845,distinct,B2,Daily_Life,General_Interactions
2846,dominant,C1,Daily_Life,General_Interactions
2847,dormant,C2,Daily_Life,General_Interactions
2848,drab,A1,Daily_Life,General_Interactions
2849,dramatic,A2,Daily_Life,General_Interactions
2850,eclectic,C1,Daily_Life,General_Interactions
2851,elaborate,B2,Business_Finance_Economy,Economy_Markets
2852,exceptional,C1,Daily_Life,General_Interactions
2853,genuine,C1,Daily_Life,General_Interactions
2854,minuscule,B2,Daily_Life,General_Interactions
2855,prime,B1,Daily_Life,General_Interactions
2856,rudimentary,C1,Daily_Life,General_Interactions
2857,skeptical,B2,Daily_Life,General_Interactions
2858,stoic,C2,Daily_Life,General_Interactions
2859,superficial,C2,Daily_Life,General_Interactions
2860,vigorous,B1,Daily_Life,General_Interactions
2861,amenity,B1,Daily_Life,General_Interactions
2862,disperse,C1,Daily_Life,General_Interactions
2863,dwelling,B1,Daily_Life,General_Interactions
2864,element,A2,Daily_Life,General_Interactions
2865,elementary,B2,Daily_Life,General_Interactions
2866,eliminate,B1,Daily_Life,General_Interactions
2867,emerge,A2,Daily_Life,General_Interactions
2868,emphasize,C1,Daily_Life,General_Interactions
2869,encircle,B1,Daily_Life,General_Interactions
2870,erratic,C1,Daily_Life,General_Interactions
2871,exaggerate,B2,Business_Finance_Economy,Economy_Markets
2872,integral,C2,Daily_Life,General_Interactions
2873,justify,B1,Daily_Life,General_Interactions
2874,mention,B1,Daily_Life,General_Interactions
2875,mortify,B1,Daily_Life,General_Interactions
2876,overbearing,C2,Daily_Life,General_Interactions
2877,precipitate,C2,Daily_Life,General_Interactions
2878,release,A2,Daily_Life,General_Interactions
2879,benefit,A2,Health_Medicine,Healthcare_Hospital
2880,blind,A2,Daily_Life,General_Interactions
2881,broaden,B2,Travel_Transportation,Road_Travel
2882,burgeon,C1,Daily_Life,General_Interactions
2883,carry out,B2,Travel_Transportation,Road_Travel
2884,conspicuously,C2,Daily_Life,General_Interactions
2885,deficient,C1,Daily_Life,General_Interactions
2886,eloquent,C1,Daily_Life,General_Interactions
2887,endorse,B1,Daily_Life,General_Interactions
2888,enormous,B2,Daily_Life,General_Interactions
2889,entirely,B1,Daily_Life,General_Interactions
2890,evaporate,B2,Business_Finance_Economy,Economy_Markets
2891,noteworthy,B2,Daily_Life,General_Interactions
2892,recover,B1,Health_Medicine,Healthcare_Hospital
2893,reportedly,B2,Communication_Media_Arts,Media_Journalism
2894,shift,A2,Daily_Life,General_Interactions
2895,susceptible,C2,Daily_Life,General_Interactions
2896,accolade,C1,Daily_Life,General_Interactions
2897,crucial,B2,Daily_Life,General_Interactions
2898,dignitary,C1,Daily_Life,General_Interactions
2899,elude,A2,Daily_Life,General_Interactions
2900,evident,B2,Daily_Life,General_Interactions
2901,exhaust,C1,Daily_Life,General_Interactions
2902,extensive,B1,Daily_Life,General_Interactions
2903,face,A1,Daily_Life,General_Interactions
2904,facet,A2,Daily_Life,General_Interactions
2905,idol,A1,Daily_Life,General_Interactions
2906,inaccessible,C1,Daily_Life,General_Interactions
2907,oblivious,C2,Daily_Life,General_Interactions
2908,obviously,B2,Daily_Life,General_Interactions
2909,offensive,B2,Daily_Life,General_Interactions
2910,predictably,C1,Daily_Life,General_Interactions
2911,suitable,B1,Daily_Life,General_Interactions
2912,surpass,B1,Education,Exams_Assessments
2913,uphold,A2,Daily_Life,General_Interactions
2914,ample,A2,Daily_Life,General_Interactions
2915,arduous,C1,Daily_Life,General_Interactions
2916,arid,A1,Daily_Life,General_Interactions
2917,avert,A2,Daily_Life,General_Interactions
2918,defy,A1,Daily_Life,General_Interactions
2919,diligent,C2,Daily_Life,General_Interactions
2920,enact,A2,Psychology_Emotions,Behavior
2921,feign,A2,Daily_Life,General_Interactions
2922,fertile,B1,Daily_Life,General_Interactions
2923,freshly,B1,Daily_Life,General_Interactions
2924,function,A2,Daily_Life,General_Interactions
2925,fundamental,C1,Health_Medicine,Mental_Health
2926,indiscriminate,C2,Daily_Life,General_Interactions
2927,pinpoint,B1,Daily_Life,General_Interactions
2928,selective,B2,Daily_Life,General_Interactions
2929,spacious,B1,Daily_Life,General_Interactions
2930,withstand,B2,Daily_Life,General_Interactions
2931,adept,B2,Daily_Life,General_Interactions
2932,adhere,C1,Daily_Life,General_Interactions
2933,durable,B1,Daily_Life,General_Interactions
2934,foster,C1,Daily_Life,General_Interactions
2935,gain,A2,Technology_Digital,Artificial_Intelligence
2936,halt,A1,Daily_Life,General_Interactions
2937,handle,A2,Daily_Life,General_Interactions
2938,harbor,C1,Daily_Life,General_Interactions
2939,harmful,B1,Daily_Life,General_Interactions
2940,insignificant,C2,Daily_Life,General_Interactions
2941,mysterious,B2,Daily_Life,General_Interactions
2942,perilous,B1,Daily_Life,General_Interactions
2943,redundant,C2,Daily_Life,General_Interactions
2944,reject,A2,Daily_Life,General_Interactions
2945,substantial,C1,Daily_Life,General_Interactions
2946,trait,A2,Technology_Digital,Artificial_Intelligence
2947,underscore,B2,Education,Exams_Assessments
2948,conscientious,C1,Daily_Life,General_Interactions
2949,encompass,B2,Education,Exams_Assessments
2950,expansion,B2,Daily_Life,General_Interactions
2951,heighten,C1,Daily_Life,General_Interactions
2952,highlight,B2,Daily_Life,General_Interactions
2953,inadvertently,C2,Daily_Life,General_Interactions
2954,inevitable,B1,Daily_Life,General_Interactions
2955,infancy,B1,Daily_Life,General_Interactions
2956,mimic,A2,Daily_Life,General_Interactions
2957,paramount,C2,Daily_Life,General_Interactions
2958,proficient,C2,Daily_Life,General_Interactions
2959,systematically,C2,Technology_Digital,Software_Internet
2960,unlikely,A2,Technology_Digital,Social_Media
2961,unwarranted,C1,Society_Law_Politics,Law_Crime
2962,zenith,C2,Daily_Life,General_Interactions
2963,abysmal,B1,Daily_Life,General_Interactions
2964,agitate,B1,Daily_Life,General_Interactions
2965,comply,B1,Daily_Life,General_Interactions
2966,confidential,C1,Psychology_Emotions,Feelings_Emotions
2967,delighted,B2,Daily_Life,General_Interactions
2968,discreetly,B2,Daily_Life,General_Interactions
2969,documented,B2,Daily_Life,General_Interactions
2970,evoke,A2,Daily_Life,General_Interactions
2971,gradually,B2,Daily_Life,General_Interactions
2972,impartial,C1,Communication_Media_Arts,Arts_Creativity
2973,inordinate,B2,Daily_Life,General_Interactions
2974,instantly,B2,Daily_Life,General_Interactions
2975,inundate,C2,Daily_Life,General_Interactions
2976,mind-set,B1,Health_Medicine,Mental_Health
2977,nominal,C2,Daily_Life,General_Interactions
2978,presumably,B2,Daily_Life,General_Interactions
2979,absurd,C1,Daily_Life,General_Interactions
2980,allocation,B2,Travel_Transportation,Navigation_Directions
2981,balanced,B1,Psychology_Emotions,Stress_Mental_State
2982,brazen,A2,Daily_Life,General_Interactions
2983,come across,C1,Daily_Life,General_Interactions
2984,culminate,C1,Daily_Life,General_Interactions
2985,demeanor,C1,Daily_Life,General_Interactions
2986,exert,A2,Daily_Life,General_Interactions
2987,fallacious,C2,Daily_Life,General_Interactions
2988,feasible,C1,Daily_Life,General_Interactions
2989,intuition,B2,Daily_Life,General_Interactions
2990,lack,A1,Daily_Life,General_Interactions
2991,limber,A2,Daily_Life,General_Interactions
2992,means,A2,Daily_Life,General_Interactions
2993,narrow,A2,Daily_Life,General_Interactions
2994,preconception,C2,Daily_Life,General_Interactions
2995,robust,A2,Travel_Transportation,Public_Transport
2996,steady,A2,Daily_Life,General_Interactions
2997,swift,A2,Daily_Life,General_Interactions
2998,antiquated,B2,Daily_Life,General_Interactions
2999,coherent,C1,Daily_Life,Home_Housing
3000,emulate,C2,Daily_Life,General_Interactions
3001,fabricate,B2,Daily_Life,General_Interactions
3002,generic,B2,Science_Nature,Biology_Life_Sciences
3003,investigation,C2,Education,Academic_Study
3004,look over,B2,Daily_Life,General_Interactions
3005,normally,B1,Daily_Life,General_Interactions
3006,novel,A2,Daily_Life,General_Interactions
3007,nurture,B1,Daily_Life,General_Interactions
3008,opposition,B2,Daily_Life,General_Interactions
3009,relate,A2,Daily_Life,General_Interactions
3010,suspect,B1,Daily_Life,General_Interactions
3011,transform,B1,Daily_Life,General_Interactions
3012,unbiased,B1,Daily_Life,General_Interactions
3013,varied,A2,Daily_Life,General_Interactions
3014,accentuate,C1,Daily_Life,General_Interactions
3015,disguise,B1,Daily_Life,General_Interactions
3016,embedded,B1,Daily_Life,General_Interactions
3017,ignite,A2,Daily_Life,General_Interactions
3018,indifferent,C1,Daily_Life,Home_Housing
3019,initiate,B1,Daily_Life,General_Interactions
3020,narrate,B1,Business_Finance_Economy,Economy_Markets
3021,nevertheless,B2,Daily_Life,General_Interactions
3022,obsolete,B1,Daily_Life,General_Interactions
3023,omit,A1,Daily_Life,General_Interactions
3024,outlandish,C2,Daily_Life,General_Interactions
3025,overcome,B1,Daily_Life,General_Interactions
3026,partially,B2,Communication_Media_Arts,Arts_Creativity
3027,pass,A2,Education,Exams_Assessments
3028,portray,B1,Daily_Life,General_Interactions
3029,streamline,B2,Daily_Life,General_Interactions
3030,affluent,C1,Daily_Life,General_Interactions
3031,decline,B1,Daily_Life,General_Interactions
3032,gather,A2,Daily_Life,General_Interactions
3033,motion,A2,Daily_Life,General_Interactions
3034,outburst,B1,Daily_Life,General_Interactions
3035,partisan,C2,Communication_Media_Arts,Arts_Creativity
3036,pattern,A2,Daily_Life,General_Interactions
3037,phenomena,B2,Daily_Life,General_Interactions
3038,philanthropic,C2,Daily_Life,General_Interactions
3039,placid,A2,Daily_Life,General_Interactions
3040,plentiful,B2,Daily_Life,General_Interactions
3041,propensity,C2,Daily_Life,General_Interactions
3042,reaction,A2,Science_Nature,Physics_Chemistry
3043,rhythm,A2,Daily_Life,General_Interactions
3044,run into,B1,Daily_Life,General_Interactions
3045,scenic,A2,Daily_Life,General_Interactions
3046,shallow,B1,Daily_Life,General_Interactions
3047,sheltered,B2,Daily_Life,General_Interactions
3048,vanishing,B2,Daily_Life,General_Interactions
3049,account,B1,Business_Finance_Economy,Business_Management
3050,alleviate,C1,Daily_Life,General_Interactions
3051,archaic,C1,Technology_Digital,Artificial_Intelligence
3052,bring about,C1,Daily_Life,General_Interactions
3053,enlighten,B2,Daily_Life,General_Interactions
3054,hasten,C1,Daily_Life,General_Interactions
3055,hue,A1,Daily_Life,General_Interactions
3056,inactive,B1,Psychology_Emotions,Behavior
3057,influx,A2,Daily_Life,General_Interactions
3058,intricate,C1,Daily_Life,General_Interactions
3059,magnitude,B2,Daily_Life,General_Interactions
3060,oblige,A2,Daily_Life,General_Interactions
3061,overlook,B1,Daily_Life,General_Interactions
3062,practical,B2,Psychology_Emotions,Behavior
3063,predominant,C1,Daily_Life,General_Interactions
3064,prompt,A2,Daily_Life,General_Interactions
3065,provoke,B1,Daily_Life,General_Interactions
3066,allusion,B1,Daily_Life,General_Interactions
3067,analogous,C1,Daily_Life,General_Interactions
3068,approximately,C2,Technology_Digital,Software_Internet
3069,compel,B1,Daily_Life,General_Interactions
3070,compile,B1,Daily_Life,General_Interactions
3071,formidable,C1,Daily_Life,General_Interactions
3072,intrusive,B2,Daily_Life,General_Interactions
3073,periodic,B1,Daily_Life,General_Interactions
3074,prone,A2,Daily_Life,General_Interactions
3075,prophetic,C2,Daily_Life,General_Interactions
3076,proportions,C1,Daily_Life,General_Interactions
3077,readily,B1,Communication_Media_Arts,Speaking_Expressions
3078,reliably,B1,Daily_Life,General_Interactions
3079,reluctantly,C1,Daily_Life,General_Interactions
3080,renown,A2,Daily_Life,General_Interactions
3081,revive,C2,Daily_Life,General_Interactions
3082,teeming,B1,Daily_Life,General_Interactions
3083,triumph,B1,Daily_Life,General_Interactions
3084,affordable,B2,Daily_Life,General_Interactions
3085,contaminated,C1,Daily_Life,General_Interactions
3086,discernible,C1,Daily_Life,General_Interactions
3087,flourishing,C1,Daily_Life,General_Interactions
3088,insufficient,C1,Daily_Life,General_Interactions
3089,maintain,B2,Technology_Digital,Artificial_Intelligence
3090,mediocre,C2,Daily_Life,General_Interactions
3091,negligible,B2,Daily_Life,General_Interactions
3092,peculiar,B1,Daily_Life,General_Interactions
3093,reciprocate,C2,Daily_Life,General_Interactions
3094,remarkable,B2,Daily_Life,General_Interactions
3095,scattered,B2,Daily_Life,General_Interactions
3096,solid,A2,Daily_Life,General_Interactions
3097,somewhat,B1,Daily_Life,General_Interactions
3098,stem from,B2,Daily_Life,General_Interactions
3099,tedious,C2,Daily_Life,General_Interactions
3100,briefly,B1,Daily_Life,General_Interactions
3101,consistently,C1,Daily_Life,General_Interactions
3102,exhibit,B2,Daily_Life,General_Interactions
3103,found,A2,Daily_Life,General_Interactions
3104,improperly,B2,Daily_Life,General_Interactions
3105,impulsively,C1,Daily_Life,General_Interactions
3106,infrequently,C1,Daily_Life,General_Interactions
3107,isolated,B1,Daily_Life,General_Interactions
3108,overtly,B1,Daily_Life,General_Interactions
3109,profoundly,B2,Daily_Life,General_Interactions
3110,sharply,B1,Daily_Life,General_Interactions
3111,situated,B1,Daily_Life,General_Interactions
3112,subsequently,C1,Daily_Life,General_Interactions
3113,unmistakable,C1,Daily_Life,General_Interactions
3114,upstanding,B2,Daily_Life,General_Interactions
3115,abolish,C1,Daily_Life,General_Interactions
3116,chaotic,B1,Daily_Life,General_Interactions
3117,controversial,B2,Daily_Life,General_Interactions
3118,exemplify,C1,Daily_Life,General_Interactions
3119,factor in,B2,Psychology_Emotions,Behavior
3120,falter,A2,Daily_Life,General_Interactions
3121,gratifying,B2,Daily_Life,General_Interactions
3122,interpret,B2,Daily_Life,General_Interactions
3123,launch,A2,Daily_Life,General_Interactions
3124,legitimate,C1,Daily_Life,General_Interactions
3125,lethargy,C2,Daily_Life,General_Interactions
3126,particular,A2,Communication_Media_Arts,Arts_Creativity
3127,radiant,B1,Daily_Life,General_Interactions
3128,ridge,A2,Daily_Life,General_Interactions
3129,span,A1,Daily_Life,General_Interactions
3130,spontaneous,C1,Daily_Life,General_Interactions
3131,stream,A2,Daily_Life,General_Interactions
3132,striking,B1,Daily_Life,General_Interactions
3133,aptly,A2,Daily_Life,General_Interactions
3134,demonstration,C2,Daily_Life,General_Interactions
3135,ingredients,C1,Daily_Life,General_Interactions
3136,involuntarily,C2,Daily_Life,General_Interactions
3137,marvel,A2,Daily_Life,General_Interactions
3138,moderate,B1,Business_Finance_Economy,Economy_Markets
3139,motivate,B1,Psychology_Emotions,Feelings_Emotions
3140,odd,A1,Daily_Life,General_Interactions
3141,profuse,C2,Daily_Life,General_Interactions
3142,reflection,B2,Daily_Life,General_Interactions
3143,succinct,C2,Daily_Life,General_Interactions
3144,supposedly,B2,Daily_Life,General_Interactions
3145,sustained,B2,Technology_Digital,Artificial_Intelligence
3146,symbol,B1,Daily_Life,General_Interactions
3147,synthesis,B2,Education,Academic_Study
3148,aggravating,C1,Daily_Life,General_Interactions
3149,amusement,B2,Daily_Life,General_Interactions
3150,conceivably,C1,Daily_Life,General_Interactions
3151,convert,A2,Daily_Life,General_Interactions
3152,curative,B1,Daily_Life,General_Interactions
3153,debilitating,C1,Daily_Life,General_Interactions
3154,deplete,C1,Daily_Life,General_Interactions
3155,finite,B2,Daily_Life,General_Interactions
3156,perceive,B1,Daily_Life,General_Interactions
3157,security,B1,Technology_Digital,Cybersecurity
3158,singular,B1,Communication_Media_Arts,Speaking_Expressions
3159,take on,B1,Daily_Life,General_Interactions
3160,toxic,A2,Daily_Life,General_Interactions
3161,tranquility,C1,Daily_Life,General_Interactions
3162,trap,A1,Daily_Life,General_Interactions
3163,trite,C2,Daily_Life,General_Interactions
3164,undeniably,B2,Daily_Life,General_Interactions
3165,underestimated,C2,Daily_Life,General_Interactions
3166,acknowledge,B1,Education,Learning_Skills
3167,acquire,B2,Daily_Life,General_Interactions
3168,adage,A2,Daily_Life,General_Interactions
3169,assortment,B2,Daily_Life,General_Interactions
3170,caliber,B1,Daily_Life,General_Interactions
3171,condensed,B2,Daily_Life,General_Interactions
3172,contradictory,C2,Daily_Life,General_Interactions
3173,disregard,B2,Daily_Life,General_Interactions
3174,precious,B1,Daily_Life,General_Interactions
3175,prominent,B2,Daily_Life,General_Interactions
3176,requisite,C2,Daily_Life,General_Interactions
3177,stable,A2,Daily_Life,General_Interactions
3178,unravel,B1,Daily_Life,General_Interactions
3179,vague,A2,Daily_Life,General_Interactions
3180,vast,A1,Daily_Life,General_Interactions
3181,volume,A2,Daily_Life,General_Interactions
3182,charisma,B2,Daily_Life,General_Interactions
3183,clever,A2,Daily_Life,General_Interactions
3184,convince,A2,Daily_Life,General_Interactions
3185,endure,A2,Daily_Life,General_Interactions
3186,forfeit,B1,Daily_Life,General_Interactions
3187,precarious,B2,Travel_Transportation,Road_Travel
3188,severe,A2,Daily_Life,General_Interactions
3189,sporadic,C2,Daily_Life,General_Interactions
3190,superior,B1,Daily_Life,General_Interactions
3191,truncate,B1,Daily_Life,General_Interactions
3192,wanton,A2,Daily_Life,General_Interactions
3193,weak,A2,Daily_Life,General_Interactions
3194,widespread,B2,Communication_Media_Arts,Speaking_Expressions
3195,wisdom,A2,Daily_Life,General_Interactions
3196,witticism,B2,Daily_Life,General_Interactions
3197,woo,A1,Daily_Life,General_Interactions
3198,comfortable,C1,Daily_Life,General_Interactions
3199,compulsory,B2,Daily_Life,General_Interactions
3200,confident,A2,Psychology_Emotions,Feelings_Emotions
3201,dull,A1,Daily_Life,General_Interactions
3202,exciting,B1,Daily_Life,General_Interactions
3203,extinct,B1,Daily_Life,General_Interactions
3204,fabulous,B1,Daily_Life,General_Interactions
3205,fantastic,B2,Daily_Life,General_Interactions
3206,flexible,B1,Daily_Life,General_Interactions
3207,intact,A2,Psychology_Emotions,Behavior
3208,intensive,B2,Daily_Life,General_Interactions
3209,knowledgeable,C2,Education,Learning_Skills
3210,mandatory,B2,Daily_Life,General_Interactions
3211,necessary,B2,Daily_Life,General_Interactions
3212,optimistic,B2,Psychology_Emotions,Personality
3213,permanent,B2,Daily_Life,General_Interactions
3214,pessimistic,C1,Psychology_Emotions,Personality
3215,realistic,B2,Daily_Life,General_Interactions
3216,salty,A2,Daily_Life,General_Interactions
3217,social,A2,Society_Law_Politics,Social_Issues
3218,spectacular,C1,Daily_Life,General_Interactions
3219,temporary,B1,Daily_Life,General_Interactions
3220,tranquil,B1,Daily_Life,General_Interactions
3221,various,A2,Daily_Life,General_Interactions
3222,voluntary,B2,Daily_Life,General_Interactions
3223,western,B1,Daily_Life,General_Interactions
3224,castle,A2,Daily_Life,General_Interactions
3225,dome,A1,Daily_Life,General_Interactions
3226,fort,A1,Daily_Life,General_Interactions
3227,glasshouse,B2,Daily_Life,Home_Housing
3228,hut,A1,Daily_Life,General_Interactions
3229,lighthouse,B2,Daily_Life,Home_Housing
3230,log cabin,B2,Daily_Life,General_Interactions
3231,palace,A2,Daily_Life,General_Interactions
3232,pyramid,B1,Daily_Life,General_Interactions
3233,sculpture,B2,Communication_Media_Arts,Arts_Creativity
3234,skyscraper,B2,Daily_Life,General_Interactions
3235,black,A2,Daily_Life,General_Interactions
3236,blue,A2,Daily_Life,General_Interactions
3237,brown,A2,Daily_Life,General_Interactions
3238,green,A2,Science_Nature,Environment_Ecology
3239,grey,A1,Daily_Life,General_Interactions
3240,orange,A2,Daily_Life,General_Interactions
3241,pink,A1,Daily_Life,General_Interactions
3242,purple,A2,Daily_Life,General_Interactions
3243,red,A1,Daily_Life,General_Interactions
3244,white,A2,Daily_Life,General_Interactions
3245,yellow,A2,Daily_Life,General_Interactions
3246,africa,A2,Daily_Life,General_Interactions
3247,antarctica,B2,Daily_Life,General_Interactions
3248,asia,A1,Daily_Life,General_Interactions
3249,australia,B2,Daily_Life,General_Interactions
3250,europe,A2,Daily_Life,General_Interactions
3251,north america,C2,Daily_Life,General_Interactions
3252,south america,C2,Daily_Life,General_Interactions
3253,brazil,A2,Daily_Life,General_Interactions
3254,china,A2,Daily_Life,General_Interactions
3255,denmark,B1,Daily_Life,General_Interactions
3256,egypt,A2,Daily_Life,General_Interactions
3257,england,B1,Daily_Life,General_Interactions
3258,france,A2,Daily_Life,General_Interactions
3259,germany,B1,Daily_Life,General_Interactions
3260,greece,A2,Daily_Life,General_Interactions
3261,india,A2,Daily_Life,General_Interactions
3262,indonesia,B2,Daily_Life,General_Interactions
3263,italy,A2,Daily_Life,General_Interactions
3264,malaysia,B1,Daily_Life,General_Interactions
3265,mexico,A2,Daily_Life,General_Interactions
3266,new zealand,C1,Daily_Life,General_Interactions
3267,nigeria,B1,Daily_Life,General_Interactions
3268,north korea,C1,Daily_Life,General_Interactions
3269,pakistan,B1,Daily_Life,General_Interactions
3270,singapore,B2,Communication_Media_Arts,Speaking_Expressions
3271,switzerland,C1,Daily_Life,General_Interactions
3272,turkey,A2,Daily_Life,General_Interactions
3273,united kingdom,C2,Daily_Life,General_Interactions
3274,friday,A2,Daily_Life,General_Interactions
3275,monday,A2,Daily_Life,General_Interactions
3276,saturday,B1,Daily_Life,General_Interactions
3277,sunday,A2,Daily_Life,General_Interactions
3278,thursday,B1,Daily_Life,General_Interactions
3279,tuesday,B1,Daily_Life,General_Interactions
3280,wednesday,B2,Daily_Life,General_Interactions
3281,weekdays,B1,Daily_Life,General_Interactions
3282,weekend,B1,Daily_Life,General_Interactions
3283,backpack,B1,Daily_Life,General_Interactions
3284,breaks,A2,Daily_Life,General_Interactions
3285,cassette,B1,Daily_Life,General_Interactions
3286,device,A2,Technology_Digital,Devices_Hardware
3287,disk,A1,Daily_Life,General_Interactions
3288,gadget,A2,Technology_Digital,Devices_Hardware
3289,helmet,A2,Daily_Life,General_Interactions
3290,light,A2,Daily_Life,General_Interactions
3291,mechanical pencil,C2,Daily_Life,General_Interactions
3292,musical instrument,C2,Communication_Media_Arts,Arts_Creativity
3293,screen,A2,Technology_Digital,Devices_Hardware
3294,wheels,A2,Daily_Life,General_Interactions
3295,century,B1,Daily_Life,General_Interactions
3296,decade,A2,Daily_Life,General_Interactions
3297,fortnight,B2,Daily_Life,General_Interactions
3298,midday,A2,Daily_Life,General_Interactions
3299,midnight,B1,Daily_Life,General_Interactions
3300,millennium,B2,Health_Medicine,Healthcare_Hospital
3301,part-time,B2,Communication_Media_Arts,Arts_Creativity
3302,beans,A2,Daily_Life,General_Interactions
3303,blackcurrant,C1,Daily_Life,General_Interactions
3304,bread,A2,Communication_Media_Arts,Speaking_Expressions
3305,carbohydrates,C2,Business_Finance_Economy,Economy_Markets
3306,cereals,B1,Daily_Life,General_Interactions
3307,cheese,A2,Daily_Life,General_Interactions
3308,disease,A2,Health_Medicine,Illness_Diseases
3309,eggs,A1,Daily_Life,General_Interactions
3310,fruit,A2,Daily_Life,General_Interactions
3311,green pepper,C1,Science_Nature,Environment_Ecology
3312,keep-fit,B1,Health_Medicine,Healthcare_Hospital
3313,liver,A2,Daily_Life,General_Interactions
3314,meal,A1,Health_Medicine,Nutrition_Diet
3315,meat,A1,Health_Medicine,Healthcare_Hospital
3316,medicine,B1,Health_Medicine,Healthcare_Hospital
3317,milk,A1,Daily_Life,General_Interactions
3318,minerals,B1,Daily_Life,General_Interactions
3319,nursery,B1,Health_Medicine,Healthcare_Hospital
3320,nuts,A1,Daily_Life,General_Interactions
3321,pasta,A2,Daily_Life,General_Interactions
3322,pizza,A2,Daily_Life,General_Interactions
3323,potatoes,B1,Daily_Life,General_Interactions
3324,protein,B1,Health_Medicine,Nutrition_Diet
3325,remedy,C2,Daily_Life,General_Interactions
3326,rice,A1,Daily_Life,General_Interactions
3327,salad bar,B2,Daily_Life,General_Interactions
3328,seafood,B1,Health_Medicine,Nutrition_Diet
3329,tomatoes,B1,Daily_Life,General_Interactions
3330,treatment,B2,Health_Medicine,Healthcare_Hospital
3331,vegetables,B2,Daily_Life,General_Interactions
3332,vegetarian,B2,Daily_Life,General_Interactions
3333,vitamin,B1,Health_Medicine,Nutrition_Diet
3334,yoga,A1,Daily_Life,General_Interactions
3335,yoghurt,B1,Daily_Life,General_Interactions
3336,zinc,A1,Daily_Life,General_Interactions
3337,archery,B1,Daily_Life,General_Interactions
3338,billiards,B2,Health_Medicine,Healthcare_Hospital
3339,bowls,A2,Daily_Life,General_Interactions
3340,caving,A2,Daily_Life,General_Interactions
3341,chess,A2,Daily_Life,General_Interactions
3342,climbing,B1,Daily_Life,General_Interactions
3343,darts,A2,Communication_Media_Arts,Arts_Creativity
3344,embroidery,B2,Daily_Life,General_Interactions
3345,gardening,B2,Daily_Life,Home_Housing
3346,golf,A1,Daily_Life,General_Interactions
3347,orienteering,C1,Daily_Life,General_Interactions
3348,painting,A2,Health_Medicine,Illness_Diseases
3349,parachute,B2,Daily_Life,General_Interactions
3350,photography,C1,Communication_Media_Arts,Arts_Creativity
3351,scuba-diving,C1,Daily_Life,General_Interactions
3352,skateboarding,C2,Travel_Transportation,Air_Travel
3353,spelunking,B2,Daily_Life,General_Interactions
3354,apartment building,C2,Communication_Media_Arts,Arts_Creativity
3355,basement,B1,Daily_Life,General_Interactions
3356,bedroom,B1,Daily_Life,Home_Housing
3357,bungalow,B1,Daily_Life,General_Interactions
3358,chimney,B1,Daily_Life,General_Interactions
3359,coffee table,C1,Daily_Life,General_Interactions
3360,condominium,C1,Daily_Life,General_Interactions
3361,dormitory,B2,Daily_Life,General_Interactions
3362,duplex,A2,Daily_Life,General_Interactions
3363,ground floor,C1,Daily_Life,General_Interactions
3364,hallway,B1,Daily_Life,General_Interactions
3365,houseboat,B2,Daily_Life,Home_Housing
3366,insurance,B2,Daily_Life,General_Interactions
3367,kitchen,B1,Daily_Life,Home_Housing
3368,landlord,B1,Daily_Life,General_Interactions
3369,microwave,B2,Daily_Life,General_Interactions
3370,mobile home,C1,Daily_Life,Home_Housing
3371,neighborhood,C1,Daily_Life,Home_Housing
3372,oven,A1,Daily_Life,General_Interactions
3373,refrigerator,C1,Daily_Life,General_Interactions
3374,rent,A2,Daily_Life,Home_Housing
3375,row house,B2,Daily_Life,Home_Housing
3376,sofa,A1,Daily_Life,General_Interactions
3377,storey,A2,Daily_Life,Shopping_Everyday
3378,suburb,A2,Daily_Life,General_Interactions
3379,tenant,A2,Daily_Life,General_Interactions
3380,town house,B2,Daily_Life,Home_Housing
3381,avenue,A2,Daily_Life,General_Interactions
3382,bridge,A2,Daily_Life,General_Interactions
3383,car park,B1,Travel_Transportation,Road_Travel
3384,cities,A2,Daily_Life,General_Interactions
3385,department store,C2,Communication_Media_Arts,Arts_Creativity
3386,embassy,B1,Daily_Life,General_Interactions
3387,garden,A2,Daily_Life,Home_Housing
3388,hospital,B1,Health_Medicine,Healthcare_Hospital
3389,lane,A1,Daily_Life,General_Interactions
3390,street,A2,Daily_Life,General_Interactions
3391,temple,A2,Daily_Life,General_Interactions
3392,bengali,B1,Daily_Life,General_Interactions
3393,bilingual,B2,Daily_Life,General_Interactions
3394,chinese,B1,Daily_Life,General_Interactions
3395,filipino,B1,Daily_Life,General_Interactions
3396,french,A2,Daily_Life,General_Interactions
3397,german,A2,Daily_Life,General_Interactions
3398,greek,A2,Daily_Life,General_Interactions
3399,hindi,A2,Daily_Life,General_Interactions
3400,italian,B1,Daily_Life,General_Interactions
3401,japanese,B1,Daily_Life,General_Interactions
3402,linguistics,C1,Daily_Life,General_Interactions
3403,mandarin,B1,Daily_Life,General_Interactions
3404,persian,B1,Daily_Life,General_Interactions
3405,polyglot,B1,Daily_Life,General_Interactions
3406,portuguese,B2,Daily_Life,General_Interactions
3407,punjabi,B1,Daily_Life,General_Interactions
3408,russian,B1,Daily_Life,General_Interactions
3409,thai,A1,Technology_Digital,Artificial_Intelligence
3410,trilingual,B2,Daily_Life,General_Interactions
3411,catalogue,B2,Daily_Life,General_Interactions
3412,competition,C1,Daily_Life,General_Interactions
3413,customer,B1,Daily_Life,Shopping_Everyday
3414,interview,B2,Communication_Media_Arts,Media_Journalism
3415,leadership,B2,Business_Finance_Economy,Business_Management
3416,management,B2,Business_Finance_Economy,Business_Management
3417,manufacture,A2,Psychology_Emotions,Behavior
3418,mass media,B2,Communication_Media_Arts,Media_Journalism
3419,merchandise,C1,Daily_Life,General_Interactions
3420,newsletter,B2,Communication_Media_Arts,Writing_Language
3421,products,B1,Daily_Life,Shopping_Everyday
3422,questionnaire,C2,Education,Classroom_Interaction
3423,recruitment,C1,Daily_Life,General_Interactions
3424,special offer,C2,Daily_Life,General_Interactions
3425,statistic,B2,Daily_Life,General_Interactions
3426,strategies,B2,Business_Finance_Economy,Economy_Markets
3427,survey,A2,Daily_Life,General_Interactions
3428,trainee,B1,Technology_Digital,Artificial_Intelligence
3429,training,B1,Education,Learning_Skills
3430,aluminum,B1,Daily_Life,General_Interactions
3431,bone,A1,Daily_Life,General_Interactions
3432,cement,A2,Daily_Life,General_Interactions
3433,ceramics,B1,Daily_Life,General_Interactions
3434,composite,B2,Daily_Life,General_Interactions
3435,concrete,B1,Daily_Life,General_Interactions
3436,copper,A2,Daily_Life,General_Interactions
3437,cotton,A2,Daily_Life,General_Interactions
3438,fabric,A2,Daily_Life,General_Interactions
3439,feather,B1,Health_Medicine,Healthcare_Hospital
3440,fiberglass,B2,Daily_Life,General_Interactions
3441,fur,A1,Daily_Life,General_Interactions
3442,glass,A2,Daily_Life,General_Interactions
3443,glue,A1,Daily_Life,General_Interactions
3444,gold,A1,Daily_Life,General_Interactions
3445,leather,B1,Health_Medicine,Healthcare_Hospital
3446,lumber,A2,Daily_Life,General_Interactions
3447,metal,A2,Daily_Life,General_Interactions
3448,paper,A2,Daily_Life,General_Interactions
3449,plastic,B1,Daily_Life,General_Interactions
3450,rubber,A2,Daily_Life,General_Interactions
3451,silver,A2,Daily_Life,General_Interactions
3452,steel,A2,Daily_Life,General_Interactions
3453,stone,A2,Daily_Life,General_Interactions
3454,textile,B1,Daily_Life,General_Interactions
3455,wax,A1,Daily_Life,General_Interactions
3456,wood,A2,Daily_Life,General_Interactions
3457,wool,A1,Daily_Life,General_Interactions
3458,annuity,B1,Daily_Life,General_Interactions
3459,cash,A1,Daily_Life,General_Interactions
3460,cheque,A2,Daily_Life,General_Interactions
3461,coupon,A2,Daily_Life,General_Interactions
3462,credit card,C1,Travel_Transportation,Road_Travel
3463,current account,C2,Daily_Life,Home_Housing
3464,debit,A2,Daily_Life,General_Interactions
3465,debt,A1,Business_Finance_Economy,Finance_Banking
3466,deposit,C1,Daily_Life,General_Interactions
3467,grace period,C1,Daily_Life,General_Interactions
3468,in advance,B2,Daily_Life,General_Interactions
3469,income,A2,Business_Finance_Economy,Business_Management
3470,interest rate,C2,Business_Finance_Economy,Economy_Markets
3471,mortgage,B1,Daily_Life,General_Interactions
3472,poverty,B1,Society_Law_Politics,Social_Issues
3473,purchase,B1,Daily_Life,Shopping_Everyday
3474,visa,A1,Travel_Transportation,Road_Travel
3475,april,A2,Daily_Life,General_Interactions
3476,august,A2,Daily_Life,General_Interactions
3477,december,B1,Daily_Life,General_Interactions
3478,february,B1,Daily_Life,General_Interactions
3479,january,B1,Daily_Life,General_Interactions
3480,july,A1,Daily_Life,General_Interactions
3481,june,A1,Daily_Life,General_Interactions
3482,march,A2,Daily_Life,General_Interactions
3483,may,A1,Daily_Life,General_Interactions
3484,november,B1,Daily_Life,General_Interactions
3485,october,B1,Daily_Life,General_Interactions
3486,september,B2,Daily_Life,General_Interactions
3487,avalanche,B2,Daily_Life,General_Interactions
3488,canyon,A2,Daily_Life,General_Interactions
3489,catastrophe,C1,Daily_Life,General_Interactions
3490,cliff,A2,Daily_Life,General_Interactions
3491,coast,A2,Daily_Life,General_Interactions
3492,dam,A1,Daily_Life,General_Interactions
3493,desertification,C2,Daily_Life,General_Interactions
3494,disaster,B1,Daily_Life,General_Interactions
3495,earthquake,B2,Science_Nature,Natural_Phenomena
3496,environment,C1,Science_Nature,Environment_Ecology
3497,erosion,B1,Daily_Life,General_Interactions
3498,field,A2,Daily_Life,General_Interactions
3499,flood,A2,Science_Nature,Natural_Phenomena
3500,footbridge,B2,Daily_Life,General_Interactions
3501,forest,A2,Science_Nature,Natural_Phenomena
3502,hill,A1,Health_Medicine,Healthcare_Hospital
3503,hurricane,B2,Daily_Life,General_Interactions
3504,island,A2,Daily_Life,General_Interactions
3505,jungle,A2,Daily_Life,General_Interactions
3506,lake,A1,Daily_Life,General_Interactions
3507,mountain,B1,Technology_Digital,Artificial_Intelligence
3508,oasis,A2,Daily_Life,General_Interactions
3509,peninsula,B2,Daily_Life,General_Interactions
3510,pond,A1,Daily_Life,General_Interactions
3511,reef,A1,Daily_Life,General_Interactions
3512,river,A2,Science_Nature,Natural_Phenomena
3513,storm,A2,Science_Nature,Natural_Phenomena
3514,tornado,B1,Science_Nature,Natural_Phenomena
3515,typhoon,B1,Daily_Life,General_Interactions
3516,valley,A2,Daily_Life,General_Interactions
3517,village,B1,Health_Medicine,Healthcare_Hospital
3518,volcano,B1,Science_Nature,Natural_Phenomena
3519,waterfall,B2,Daily_Life,General_Interactions
3520,activity,A2,Psychology_Emotions,Behavior
3521,attitude,B1,Psychology_Emotions,Behavior
3522,burger,A2,Daily_Life,General_Interactions
3523,carriage,B1,Travel_Transportation,Road_Travel
3524,chocolate,B2,Daily_Life,General_Interactions
3525,circuit,B1,Daily_Life,General_Interactions
3526,commerce,B1,Daily_Life,General_Interactions
3527,creation,B1,Health_Medicine,Healthcare_Hospital
3528,creativity,B2,Health_Medicine,Healthcare_Hospital
3529,decision,B1,Daily_Life,General_Interactions
3530,democrats,B2,Daily_Life,General_Interactions
3531,dialect,B1,Daily_Life,General_Interactions
3532,dialogue,B1,Daily_Life,General_Interactions
3533,encyclopedia,C1,Daily_Life,General_Interactions
3534,entrance,B1,Daily_Life,General_Interactions
3535,evolution,B1,Science_Nature,Biology_Life_Sciences
3536,farewell,B1,Daily_Life,General_Interactions
3537,gender,A2,Society_Law_Politics,Social_Issues
3538,government,A2,Society_Law_Politics,Government_Politics
3539,guarantee,A2,Daily_Life,General_Interactions
3540,illiteracy,B2,Health_Medicine,Healthcare_Hospital
3541,indigenous,B1,Daily_Life,General_Interactions
3542,individual,A2,Daily_Life,General_Interactions
3543,junior,A2,Daily_Life,General_Interactions
3544,libertarian,C2,Daily_Life,General_Interactions
3545,life expectancy,C2,Science_Nature,Biology_Life_Sciences
3546,literary,B1,Daily_Life,General_Interactions
3547,lunar calendar,C2,Daily_Life,Time_Management
3548,magnet,A2,Daily_Life,General_Interactions
3549,man-made,B1,Daily_Life,General_Interactions
3550,narrative,B2,Daily_Life,General_Interactions
3551,opportunity,C1,Business_Finance_Economy,Entrepreneurship
3552,practice,A2,Education,Learning_Skills
3553,private sector,C2,Daily_Life,General_Interactions
3554,prize,A2,Daily_Life,General_Interactions
3555,procedures,B2,Daily_Life,General_Interactions
3556,proficiency,C1,Daily_Life,General_Interactions
3557,ramification,C2,Daily_Life,General_Interactions
3558,recipient,B2,Daily_Life,General_Interactions
3559,republicans,C1,Daily_Life,General_Interactions
3560,revolution,A2,Science_Nature,Biology_Life_Sciences
3561,robot,A2,Technology_Digital,Software_Internet
3562,satellite,B2,Communication_Media_Arts,Speaking_Expressions
3563,senior,A2,Daily_Life,General_Interactions
3564,state,A2,Daily_Life,General_Interactions
3565,straight,A2,Technology_Digital,Artificial_Intelligence
3566,strike,A2,Daily_Life,General_Interactions
3567,traffic jams,C1,Travel_Transportation,Road_Travel
3568,ultrasound,B2,Daily_Life,General_Interactions
3569,umbrella,B1,Daily_Life,General_Interactions
3570,variety,A2,Daily_Life,General_Interactions
3571,videos,A2,Daily_Life,General_Interactions
3572,waiting list,C1,Technology_Digital,Artificial_Intelligence
3573,welfare,A2,Society_Law_Politics,Public_Policies
3574,bookshop,B1,Daily_Life,Shopping_Everyday
3575,cafe,A1,Daily_Life,General_Interactions
3576,cafeteria,B2,Daily_Life,General_Interactions
3577,canteen,B1,Daily_Life,General_Interactions
3578,city council,C1,Daily_Life,General_Interactions
3579,cottage,B1,Daily_Life,General_Interactions
3580,kindergarten,C1,Communication_Media_Arts,Arts_Creativity
3581,park,A2,Daily_Life,General_Interactions
3582,parliament,B2,Society_Law_Politics,Government_Politics
3583,restaurant,B2,Daily_Life,General_Interactions
3584,sports centre,C2,Health_Medicine,Fitness_Exercise
3585,swimming pool,C2,Daily_Life,General_Interactions
3586,bark,A1,Daily_Life,General_Interactions
3587,branch,A2,Daily_Life,General_Interactions
3588,cluster,B1,Daily_Life,General_Interactions
3589,fertilizer,B2,Daily_Life,General_Interactions
3590,flower,A2,Daily_Life,General_Interactions
3591,fungus,A2,Daily_Life,General_Interactions
3592,leaves,A2,Daily_Life,General_Interactions
3593,mushroom,B1,Daily_Life,Home_Housing
3594,roots,A2,Daily_Life,General_Interactions
3595,seed,A1,Daily_Life,General_Interactions
3596,stem,A1,Daily_Life,General_Interactions
3597,trunk,A2,Daily_Life,General_Interactions
3598,twig,A1,Daily_Life,General_Interactions
3599,cheap,A2,Daily_Life,General_Interactions
3600,colored,B1,Daily_Life,General_Interactions
3601,dangerous,B2,Daily_Life,General_Interactions
3602,disappointed,C1,Psychology_Emotions,Feelings_Emotions
3603,efficient,B2,Daily_Life,Time_Management
3604,expensive,B2,Daily_Life,General_Interactions
3605,luxurious,B2,Daily_Life,General_Interactions
3606,poor quality,C1,Daily_Life,General_Interactions
3607,reasonable,B2,Daily_Life,General_Interactions
3608,safe,A2,Daily_Life,General_Interactions
3609,satisfactory,C1,Psychology_Emotions,Behavior
3610,satisfied,B2,Daily_Life,General_Interactions
3611,spotted,B1,Daily_Life,General_Interactions
3612,striped,B1,Travel_Transportation,Hotels_Tourism
3613,altitude,B1,Daily_Life,General_Interactions
3614,breadth,B1,Communication_Media_Arts,Speaking_Expressions
3615,circular,B1,Daily_Life,General_Interactions
3616,curved,A2,Daily_Life,General_Interactions
3617,cylindrical,C1,Daily_Life,General_Interactions
3618,depth,A2,Daily_Life,General_Interactions
3619,frequency,B2,Daily_Life,General_Interactions
3620,height,A2,Daily_Life,General_Interactions
3621,length,A2,Daily_Life,General_Interactions
3622,mass,A1,Daily_Life,General_Interactions
3623,metric system,C2,Technology_Digital,Software_Internet
3624,oval,A1,Daily_Life,General_Interactions
3625,polygon,B1,Daily_Life,General_Interactions
3626,rectangular,C1,Daily_Life,General_Interactions
3627,spherical,B2,Daily_Life,General_Interactions
3628,spiral,A2,Daily_Life,General_Interactions
3629,square,A2,Daily_Life,General_Interactions
3630,triangular,B2,Daily_Life,General_Interactions
3631,abseiling,B2,Daily_Life,General_Interactions
3632,american football,C2,Daily_Life,General_Interactions
3633,athlete,B1,Daily_Life,General_Interactions
3634,badminton,B2,Daily_Life,General_Interactions
3635,barbell,B1,Daily_Life,General_Interactions
3636,baseball,B1,Daily_Life,General_Interactions
3637,basketball,B2,Daily_Life,General_Interactions
3638,canoeing,B1,Daily_Life,General_Interactions
3639,championship,C1,Daily_Life,General_Interactions
3640,court,A2,Society_Law_Politics,Law_Crime
3641,cricket,B1,Daily_Life,General_Interactions
3642,cycling,B1,Daily_Life,General_Interactions
3643,gym,A1,Health_Medicine,Fitness_Exercise
3644,gymnasium,B2,Health_Medicine,Fitness_Exercise
3645,hockey,A2,Daily_Life,General_Interactions
3646,horse racing,C1,Daily_Life,General_Interactions
3647,jogging,B1,Daily_Life,General_Interactions
3648,judo,A1,Daily_Life,General_Interactions
3649,ping-pong,B2,Daily_Life,General_Interactions
3650,pitch,A2,Daily_Life,General_Interactions
3651,polo,A1,Daily_Life,General_Interactions
3652,press-up,B1,Communication_Media_Arts,Media_Journalism
3653,push-up,B1,Daily_Life,General_Interactions
3654,recreation,B2,Health_Medicine,Healthcare_Hospital
3655,refreshment,C1,Daily_Life,General_Interactions
3656,rugby,A2,Daily_Life,General_Interactions
3657,skydiving,B2,Daily_Life,General_Interactions
3658,snooker,B1,Daily_Life,General_Interactions
3659,snowboarding,C1,Travel_Transportation,Air_Travel
3660,soccer,A2,Daily_Life,General_Interactions
3661,squash,A2,Daily_Life,General_Interactions
3662,stadium,B1,Daily_Life,General_Interactions
3663,surfing,B1,Daily_Life,General_Interactions
3664,swimming,B1,Daily_Life,General_Interactions
3665,team,B1,Daily_Life,General_Interactions
3666,tennis,A2,Daily_Life,General_Interactions
3667,treadmill,B2,Health_Medicine,Healthcare_Hospital
3668,walking,B1,Health_Medicine,Fitness_Exercise
3669,windsurfing,C1,Daily_Life,General_Interactions
3670,accommodation,C2,Travel_Transportation,Hotels_Tourism
3671,advanced,B1,Daily_Life,General_Interactions
3672,assessment,B2,Education,Exams_Assessments
3673,attendance,B2,Communication_Media_Arts,Arts_Creativity
3674,bachelor's degree,C2,Education,University_School
3675,background,B2,Daily_Life,General_Interactions
3676,certificate,C1,Daily_Life,General_Interactions
3677,classroom,B2,Education,University_School
3678,college,B1,Education,University_School
3679,commencement,C1,Daily_Life,General_Interactions
3680,compound,B1,Daily_Life,General_Interactions
3681,deadline,B1,Daily_Life,Time_Management
3682,department,A2,Communication_Media_Arts,Arts_Creativity
3683,dictionary,B2,Daily_Life,General_Interactions
3684,dining room,C1,Daily_Life,Home_Housing
3685,diploma,B1,Education,University_School
3686,dissertation,C1,Daily_Life,General_Interactions
3687,experience,B2,Daily_Life,General_Interactions
3688,experiment,B2,Science_Nature,Research_Methods
3689,extra,A2,Daily_Life,General_Interactions
3690,facilities,B2,Daily_Life,General_Interactions
3691,faculty,B1,Daily_Life,General_Interactions
3692,feedback,B1,Education,Classroom_Interaction
3693,full-time,B2,Daily_Life,Time_Management
3694,guidelines,B2,Travel_Transportation,Navigation_Directions
3695,handout,B1,Daily_Life,General_Interactions
3696,intermediate,C1,Communication_Media_Arts,Media_Journalism
3697,international,C2,Daily_Life,General_Interactions
3698,introductory,C1,Daily_Life,General_Interactions
3699,knowledge,B2,Education,Learning_Skills
3700,laptop,A2,Technology_Digital,Devices_Hardware
3701,leaflet,B1,Daily_Life,General_Interactions
3702,lecture,B1,Education,University_School
3703,library,B1,Daily_Life,General_Interactions
3704,module,A2,Daily_Life,General_Interactions
3705,outcomes,B1,Daily_Life,General_Interactions
3706,pencil,A2,Daily_Life,General_Interactions
3707,primary,A2,Daily_Life,General_Interactions
3708,printer,B1,Daily_Life,General_Interactions
3709,publication,C1,Daily_Life,General_Interactions
3710,pupils,A2,Daily_Life,General_Interactions
3711,reference,B2,Daily_Life,General_Interactions
3712,research,A2,Education,Academic_Study
3713,schedule,A2,Daily_Life,Routine_Activities
3714,secondary,B2,Daily_Life,General_Interactions
3715,specialist,B2,Daily_Life,General_Interactions
3716,speech,A2,Daily_Life,General_Interactions
3717,staff,A2,Daily_Life,General_Interactions
3718,stationery,B2,Travel_Transportation,Public_Transport
3719,supervisor,B2,Daily_Life,General_Interactions
3720,tasks,A2,Daily_Life,Routine_Activities
3721,teamwork,B1,Business_Finance_Economy,Jobs_Careers
3722,textbook,B1,Communication_Media_Arts,Speaking_Expressions
3723,topic,A2,Daily_Life,General_Interactions
3724,tutor,A2,Daily_Life,General_Interactions
3725,vocabulary,B2,Communication_Media_Arts,Writing_Language
3726,agriculture,C1,Daily_Life,General_Interactions
3727,anthropology,C2,Daily_Life,General_Interactions
3728,archaeology,C1,Daily_Life,General_Interactions
3729,architecture,C1,Daily_Life,General_Interactions
3730,biology,B1,Science_Nature,Biology_Life_Sciences
3731,chemistry,B2,Science_Nature,Physics_Chemistry
3732,economics,B2,Daily_Life,General_Interactions
3733,geography,B2,Daily_Life,General_Interactions
3734,history,B1,Communication_Media_Arts,Writing_Language
3735,humanities,B2,Daily_Life,General_Interactions
3736,law,A1,Society_Law_Politics,Law_Crime
3737,literature,A2,Daily_Life,General_Interactions
3738,logic,B1,Daily_Life,General_Interactions
3739,mathematics,C1,Education,Academic_Study
3740,performing arts,C2,Communication_Media_Arts,Arts_Creativity
3741,philosophy,B2,Daily_Life,General_Interactions
3742,physics,B1,Science_Nature,Physics_Chemistry
3743,politics,B1,Society_Law_Politics,Government_Politics
3744,psychology,B2,Health_Medicine,Mental_Health
3745,science,A2,Education,Academic_Study
3746,statistics,B1,Education,Academic_Study
3747,amphibian,B2,Daily_Life,General_Interactions
3748,birds of prey,C2,Daily_Life,General_Interactions
3749,cetacean,B1,Daily_Life,General_Interactions
3750,class,A2,Education,University_School
3751,creature,B1,Health_Medicine,Healthcare_Hospital
3752,family,A2,Daily_Life,General_Interactions
3753,fish,A1,Daily_Life,General_Interactions
3754,genus,A2,Daily_Life,General_Interactions
3755,insects,B1,Daily_Life,General_Interactions
3756,lion,A1,Daily_Life,General_Interactions
3757,livestock,B2,Business_Finance_Economy,Business_Management
3758,mammals,B1,Daily_Life,General_Interactions
3759,octopus,B1,Daily_Life,General_Interactions
3760,order,A2,Daily_Life,General_Interactions
3761,penguin,B1,Daily_Life,General_Interactions
3762,phylum,A2,Daily_Life,General_Interactions
3763,primates,B1,Daily_Life,General_Interactions
3764,reptile,B1,Daily_Life,General_Interactions
3765,rodents,B1,Daily_Life,General_Interactions
3766,seabirds,B1,Daily_Life,General_Interactions
3767,species,B1,Science_Nature,Biology_Life_Sciences
3768,whale,A2,Daily_Life,General_Interactions
3769,audience,A2,Daily_Life,General_Interactions
3770,ballet,A2,Daily_Life,General_Interactions
3771,carnival,B1,Travel_Transportation,Road_Travel
3772,cinemas,B1,Daily_Life,General_Interactions
3773,classical music,C2,Education,University_School
3774,concert,B1,Daily_Life,General_Interactions
3775,conductor,B2,Daily_Life,General_Interactions
3776,exhibition,B2,Daily_Life,General_Interactions
3777,festival,B1,Daily_Life,General_Interactions
3778,graphics,B1,Daily_Life,General_Interactions
3779,museum,A2,Daily_Life,General_Interactions
3780,newspaper,B2,Communication_Media_Arts,Media_Journalism
3781,opera,A2,Daily_Life,General_Interactions
3782,orchestra,B2,Daily_Life,General_Interactions
3783,radio,A2,Communication_Media_Arts,Speaking_Expressions
3784,symphony,B1,Daily_Life,General_Interactions
3785,television,B2,Daily_Life,General_Interactions
3786,theatre,B1,Communication_Media_Arts,Arts_Creativity
3787,vocalist,B1,Daily_Life,General_Interactions
3788,acid rain,B2,Technology_Digital,Artificial_Intelligence
3789,carbon dioxide,C2,Travel_Transportation,Road_Travel
3790,cattle,A2,Daily_Life,General_Interactions
3791,climate,A2,Science_Nature,Environment_Ecology
3792,coal,A1,Daily_Life,General_Interactions
3793,deforestation,C2,Travel_Transportation,Public_Transport
3794,degradation,C1,Daily_Life,General_Interactions
3795,desert,A2,Daily_Life,General_Interactions
3796,drought,B1,Daily_Life,General_Interactions
3797,firewood,B1,Daily_Life,General_Interactions
3798,global warming,C2,Society_Law_Politics,Law_Crime
3799,greenhouse effect,C2,Science_Nature,Environment_Ecology
3800,landfill,B1,Health_Medicine,Healthcare_Hospital
3801,oxygen,A2,Daily_Life,General_Interactions
3802,pollution,B2,Science_Nature,Environment_Ecology
3803,reliable,B1,Daily_Life,General_Interactions
3804,renewable,B2,Daily_Life,General_Interactions
3805,sea level,B2,Daily_Life,General_Interactions
3806,smog,A1,Daily_Life,General_Interactions
3807,solar panels,C1,Science_Nature,Natural_Phenomena
3808,temperature,C1,Daily_Life,General_Interactions
3809,vegetation,B2,Daily_Life,General_Interactions
3810,aquarium,B1,Daily_Life,General_Interactions
3811,culture,B1,Daily_Life,General_Interactions
3812,guest,A2,Daily_Life,General_Interactions
3813,hostel,A2,Daily_Life,General_Interactions
3814,memorable,B2,Daily_Life,General_Interactions
3815,picnic,A2,Daily_Life,General_Interactions
3816,reservation,C1,Daily_Life,General_Interactions
3817,souvenir,B1,Daily_Life,General_Interactions
3818,suite,A2,Daily_Life,General_Interactions
3819,trip,A2,Travel_Transportation,Hotels_Tourism
3820,view,A2,Daily_Life,General_Interactions
3821,act as sb/sth,C2,Psychology_Emotions,Behavior
3822,act on sth,B2,Psychology_Emotions,Behavior
3823,act out sth,C1,Psychology_Emotions,Behavior
3824,act up,A2,Psychology_Emotions,Behavior
3825,add on sth,B2,Daily_Life,General_Interactions
3826,add to sth,B2,Daily_Life,General_Interactions
3827,add up,A2,Daily_Life,General_Interactions
3828,add up to sth,C2,Daily_Life,General_Interactions
3829,agree on sth,C1,Communication_Media_Arts,Opinion_Discussion
3830,agree to sth,C1,Communication_Media_Arts,Opinion_Discussion
3831,agree with sb/sth,C2,Communication_Media_Arts,Opinion_Discussion
3832,aim at sth,B2,Technology_Digital,Artificial_Intelligence
3833,allow for sth,C2,Daily_Life,General_Interactions
3834,answer back,C1,Education,Classroom_Interaction
3835,answer for sth,C2,Education,Classroom_Interaction
3836,answer to sb,C1,Education,Classroom_Interaction
3837,apply for sth,C2,Technology_Digital,Software_Internet
3838,apply to sb/sth,C2,Technology_Digital,Software_Internet
3839,approve of sb/sth,C2,Technology_Digital,Software_Internet
3840,argue out sth,C2,Communication_Media_Arts,Speaking_Expressions
3841,argue with sb,C2,Communication_Media_Arts,Speaking_Expressions
3842,ask about sb/sth,C2,Daily_Life,General_Interactions
3843,ask after sb,C1,Daily_Life,General_Interactions
3844,ask for sb/sth,C2,Daily_Life,General_Interactions
3845,ask sb in,B2,Daily_Life,General_Interactions
3846,ask sb out,B2,Daily_Life,General_Interactions
3847,ask sb over,C1,Daily_Life,General_Interactions
3848,ask sb round,C1,Daily_Life,General_Interactions
3849,ask to sth,B2,Daily_Life,General_Interactions
3850,back away,B2,Daily_Life,General_Interactions
3851,back down,B2,Daily_Life,General_Interactions
3852,back off,B1,Daily_Life,General_Interactions
3853,back out,B1,Daily_Life,General_Interactions
3854,back up sb/sth,C2,Daily_Life,General_Interactions
3855,bail out sb/sth,C2,Technology_Digital,Artificial_Intelligence
3856,bang into sth/sb,C2,Daily_Life,General_Interactions
3857,bank on sth/sb,C2,Business_Finance_Economy,Finance_Banking
3858,bargain for sth,C2,Technology_Digital,Artificial_Intelligence
3859,bargain with sb,C2,Technology_Digital,Artificial_Intelligence
3860,barrack for sb,C2,Daily_Life,General_Interactions
3861,bash about sb/sth,C2,Daily_Life,General_Interactions
3862,bash up sb/sth,C2,Daily_Life,General_Interactions
3863,bawl out sb,C1,Daily_Life,General_Interactions
3864,bear with sb/sth,C2,Daily_Life,General_Interactions
3865,beat down sb/sth,C2,Health_Medicine,Healthcare_Hospital
3866,beat up sb,B2,Health_Medicine,Healthcare_Hospital
3867,become of sb/sth,C2,Daily_Life,General_Interactions
3868,beg off,B1,Daily_Life,General_Interactions
3869,believe in sb/sth,C2,Daily_Life,General_Interactions
3870,belong to sb/sth,C2,Daily_Life,General_Interactions
3871,belt into sth,C2,Daily_Life,General_Interactions
3872,belt up,B1,Daily_Life,General_Interactions
3873,bend down,B2,Daily_Life,General_Interactions
3874,bend over,B2,Daily_Life,General_Interactions
3875,bend over backwards,C2,Society_Law_Politics,Law_Crime
3876,big up sb/sth,C2,Daily_Life,General_Interactions
3877,bite back,B2,Daily_Life,General_Interactions
3878,blame on sb/sth,C2,Daily_Life,General_Interactions
3879,blast off,B2,Daily_Life,General_Interactions
3880,blaze away,B2,Daily_Life,General_Interactions
3881,blend in,B1,Daily_Life,General_Interactions
3882,bliss out,B2,Daily_Life,General_Interactions
3883,block in sb/sth,C2,Daily_Life,General_Interactions
3884,block out sth,C2,Daily_Life,General_Interactions
3885,block up sth,C1,Daily_Life,General_Interactions
3886,blow away sb/sth,C2,Daily_Life,General_Interactions
3887,blow down sth,C2,Daily_Life,General_Interactions
3888,blow off sth,C1,Daily_Life,General_Interactions
3889,blow out sth,C1,Daily_Life,General_Interactions
3890,blow over,B2,Daily_Life,General_Interactions
3891,blow up,B1,Daily_Life,General_Interactions
3892,boil down to sth,C2,Daily_Life,General_Interactions
3893,boil over,B2,Daily_Life,General_Interactions
3894,book in,B1,Communication_Media_Arts,Speaking_Expressions
3895,book out,B1,Communication_Media_Arts,Speaking_Expressions
3896,book up,B1,Communication_Media_Arts,Speaking_Expressions
3897,boot up,B1,Daily_Life,General_Interactions
3898,bottle out,B2,Daily_Life,General_Interactions
3899,bottle up sth,C2,Daily_Life,General_Interactions
3900,bounce back,C1,Daily_Life,General_Interactions
3901,box in sb/sth,C2,Daily_Life,General_Interactions
3902,branch out,B2,Daily_Life,General_Interactions
3903,break away,B2,Daily_Life,General_Interactions
3904,break down,B2,Daily_Life,General_Interactions
3905,break in,B1,Daily_Life,General_Interactions
3906,break into sth,C2,Daily_Life,General_Interactions
3907,break off,B2,Daily_Life,General_Interactions
3908,break out,B2,Daily_Life,General_Interactions
3909,break through,C2,Daily_Life,General_Interactions
3910,break up,B1,Daily_Life,General_Interactions
3911,brighten up,C1,Society_Law_Politics,Law_Crime
3912,bring about sth,C2,Daily_Life,General_Interactions
3913,bring along sb/sth,C2,Daily_Life,General_Interactions
3914,bring back sth,C2,Daily_Life,General_Interactions
3915,bring down sb/sth,C2,Daily_Life,General_Interactions
3916,bring forward sth,C2,Society_Law_Politics,Law_Crime
3917,bring in sth,C1,Daily_Life,General_Interactions
3918,bring off sth,C2,Daily_Life,General_Interactions
3919,bring on sth,C1,Daily_Life,General_Interactions
3920,bring out sth,C2,Daily_Life,General_Interactions
3921,bring sb around,C2,Daily_Life,General_Interactions
3922,bring sb round,C2,Daily_Life,General_Interactions
3923,bring to sb,C1,Daily_Life,General_Interactions
3924,bring up sth,C1,Daily_Life,General_Interactions
3925,brush aside sb/sth,C2,Daily_Life,General_Interactions
3926,brush off sb/sth,C2,Daily_Life,General_Interactions
3927,brush up on sth,C2,Daily_Life,General_Interactions
3928,bubble over,C1,Daily_Life,General_Interactions
3929,build on sth,C1,Daily_Life,General_Interactions
3930,build up sth,C1,Daily_Life,General_Interactions
3931,bump into sb,C1,Daily_Life,General_Interactions
3932,bundle up sb/sth,C2,Daily_Life,General_Interactions
3933,burn down,B2,Daily_Life,General_Interactions
3934,burn off sth,C1,Daily_Life,General_Interactions
3935,burn out,B1,Daily_Life,General_Interactions
3936,burn up sth,C1,Daily_Life,General_Interactions
3937,burst in,B1,Daily_Life,General_Interactions
3938,burst into sth,C2,Daily_Life,General_Interactions
3939,burst out,B2,Daily_Life,General_Interactions
3940,butt in,B1,Daily_Life,General_Interactions
3941,button up sth,C2,Daily_Life,General_Interactions
3942,buy into sth,C1,Daily_Life,Shopping_Everyday
3943,buy off sb,B2,Daily_Life,Shopping_Everyday
3944,buy out sb,B2,Daily_Life,Shopping_Everyday
3945,buy up sth,B2,Daily_Life,Shopping_Everyday
3946,buzz off,B1,Daily_Life,General_Interactions
3947,call around,C1,Daily_Life,General_Interactions
3948,call back,B2,Daily_Life,General_Interactions
3949,call by,B1,Daily_Life,General_Interactions
3950,call for sb/sth,C2,Daily_Life,General_Interactions
3951,call in,B1,Daily_Life,General_Interactions
3952,call off sth,C1,Daily_Life,General_Interactions
3953,call on sb,B2,Daily_Life,General_Interactions
3954,call out sb,C1,Daily_Life,General_Interactions
3955,call round,B2,Daily_Life,General_Interactions
3956,call up sb,B2,Daily_Life,General_Interactions
3957,calm down,B2,Psychology_Emotions,Stress_Mental_State
3958,cancel out sth,C2,Daily_Life,General_Interactions
3959,carry off sth,C2,Travel_Transportation,Road_Travel
3960,carry on,B1,Travel_Transportation,Road_Travel
3961,carry out sth,C2,Travel_Transportation,Road_Travel
3962,carry over sth,C2,Travel_Transportation,Road_Travel
3963,carry through sth,C2,Travel_Transportation,Road_Travel
3964,cash in,B1,Daily_Life,General_Interactions
3965,cash in on sth,C2,Daily_Life,General_Interactions
3966,catch on,B1,Daily_Life,General_Interactions
3967,catch out sb,C1,Daily_Life,General_Interactions
3968,catch up,B1,Daily_Life,General_Interactions
3969,catch up with sb/sth,C2,Daily_Life,General_Interactions
3970,change around sth,C2,Daily_Life,General_Interactions
3971,change over,C1,Daily_Life,General_Interactions
3972,charge up sth,C2,Daily_Life,General_Interactions
3973,chase off sb,C1,Daily_Life,General_Interactions
3974,chase up sb/sth,C2,Daily_Life,General_Interactions
3975,chat up sb,B2,Communication_Media_Arts,Speaking_Expressions
3976,check in,B1,Daily_Life,General_Interactions
3977,check into sth,C2,Daily_Life,General_Interactions
3978,check off sth,C2,Daily_Life,General_Interactions
3979,check on sb/sth,C2,Daily_Life,General_Interactions
3980,check out,B2,Daily_Life,General_Interactions
3981,check over sb/sth,C2,Daily_Life,General_Interactions
3982,check through sth,C2,Daily_Life,General_Interactions
3983,check up,B1,Daily_Life,General_Interactions
3984,check up on sb,C2,Daily_Life,General_Interactions
3985,cheer on sb,C1,Daily_Life,General_Interactions
3986,cheer up,B1,Daily_Life,General_Interactions
3987,chicken out,C1,Daily_Life,General_Interactions
3988,chill out,B2,Health_Medicine,Healthcare_Hospital
3989,chip in,B1,Daily_Life,General_Interactions
3990,chop down sth,C2,Daily_Life,General_Interactions
3991,chop up sth,C1,Daily_Life,General_Interactions
3992,clamp down,B2,Daily_Life,General_Interactions
3993,clamp down on sb/sth,C2,Daily_Life,General_Interactions
3994,clean out sth,C2,Daily_Life,General_Interactions
3995,clean up sth,C1,Daily_Life,General_Interactions
3996,clear away sth,C2,Daily_Life,General_Interactions
3997,clear off,B2,Daily_Life,General_Interactions
3998,clear out sth,C2,Daily_Life,General_Interactions
3999,clear up,B1,Daily_Life,General_Interactions
4000,clock in,B1,Daily_Life,Time_Management
4001,clock off,B2,Daily_Life,Time_Management
4002,clock on,B1,Daily_Life,Time_Management
4003,clock out,B2,Daily_Life,Time_Management
4004,clock up sth,C1,Daily_Life,Time_Management
4005,clog up sth,C1,Daily_Life,General_Interactions
4006,close down,B2,Daily_Life,General_Interactions
4007,close in,B1,Daily_Life,General_Interactions
4008,close up,B1,Daily_Life,General_Interactions
4009,cloud over,B2,Technology_Digital,Software_Internet
4010,club together,C2,Daily_Life,General_Interactions
4011,coast along,C1,Daily_Life,General_Interactions
4012,come about,B2,Daily_Life,General_Interactions
4013,come across sb/sth,C2,Daily_Life,General_Interactions
4014,come along,B2,Daily_Life,General_Interactions
4015,come apart,B2,Communication_Media_Arts,Arts_Creativity
4016,come around,C1,Daily_Life,General_Interactions
4017,come back,B2,Daily_Life,General_Interactions
4018,come back to sth,C2,Daily_Life,General_Interactions
4019,come by,B1,Daily_Life,General_Interactions
4020,come down,B2,Daily_Life,General_Interactions
4021,come down to sth,C2,Daily_Life,General_Interactions
4022,come down with sth,C2,Daily_Life,General_Interactions
4023,come forward,C1,Society_Law_Politics,Law_Crime
4024,come from sth,C2,Daily_Life,General_Interactions
4025,come in,B1,Daily_Life,General_Interactions
4026,come into sth,C2,Daily_Life,General_Interactions
4027,come off,B1,Daily_Life,General_Interactions
4028,come on,B1,Daily_Life,General_Interactions
4029,come out,B1,Daily_Life,General_Interactions
4030,come over,B2,Daily_Life,General_Interactions
4031,come round,B2,Daily_Life,General_Interactions
4032,come through,C1,Daily_Life,General_Interactions
4033,come to,B1,Daily_Life,General_Interactions
4034,come under sth,C2,Daily_Life,General_Interactions
4035,come up,B1,Daily_Life,General_Interactions
4036,come up against sb/sth,C2,Technology_Digital,Artificial_Intelligence
4037,come up with sth,C2,Daily_Life,General_Interactions
4038,compare with sb/sth,C2,Daily_Life,General_Interactions
4039,concentrate on sth,C2,Business_Finance_Economy,Economy_Markets
4040,confide in sb,C2,Daily_Life,General_Interactions
4041,cook up sth,C1,Daily_Life,General_Interactions
4042,cool down,B2,Daily_Life,General_Interactions
4043,cool off,B1,Daily_Life,General_Interactions
4044,copy in sb,B2,Daily_Life,General_Interactions
4045,count in sb,C1,Daily_Life,General_Interactions
4046,count on sb/sth,C2,Daily_Life,General_Interactions
4047,count out sb,C1,Daily_Life,General_Interactions
4048,cover up sth,C1,Daily_Life,General_Interactions
4049,crack down on sb/sth,C2,Daily_Life,General_Interactions
4050,crack up,B1,Daily_Life,General_Interactions
4051,cram in sb/sth,C2,Daily_Life,General_Interactions
4052,cram into sth,C2,Daily_Life,General_Interactions
4053,crop up,B1,Daily_Life,General_Interactions
4054,cross out sth,C2,Daily_Life,General_Interactions
4055,cry off,B1,Daily_Life,General_Interactions
4056,cut across sth,C2,Daily_Life,General_Interactions
4057,cut back,B1,Daily_Life,General_Interactions
4058,cut back on sth,C2,Daily_Life,General_Interactions
4059,cut down,B1,Daily_Life,General_Interactions
4060,cut down on sth,C2,Daily_Life,General_Interactions
4061,cut in,A2,Daily_Life,General_Interactions
4062,cut off sb/sth,C2,Daily_Life,General_Interactions
4063,cut out sth,C1,Daily_Life,General_Interactions
4064,cut up sth,B2,Daily_Life,General_Interactions
4065,dawn on sb,B2,Daily_Life,General_Interactions
4066,deal in sth,C1,Daily_Life,General_Interactions
4067,deal with sb/sth,C2,Daily_Life,General_Interactions
4068,decide on sth,C2,Daily_Life,General_Interactions
4069,depend on sb/sth,C2,Daily_Life,General_Interactions
4070,dial out,B1,Daily_Life,General_Interactions
4071,dip into sth,C1,Daily_Life,General_Interactions
4072,disagree with sb/sth,C2,Communication_Media_Arts,Opinion_Discussion
4073,divide up sth,C2,Daily_Life,General_Interactions
4074,do away with sth,C2,Daily_Life,General_Interactions
4075,do out of sb/sth,C2,Daily_Life,General_Interactions
4076,do over sth,C1,Daily_Life,General_Interactions
4077,do up sth,B2,Daily_Life,General_Interactions
4078,do with sth,C1,Daily_Life,General_Interactions
4079,do without sth/sb,C2,Daily_Life,General_Interactions
4080,double back,C1,Daily_Life,General_Interactions
4081,double up,B2,Daily_Life,General_Interactions
4082,doze off,B1,Daily_Life,General_Interactions
4083,drag on,B1,Daily_Life,General_Interactions
4084,drag out sth,C1,Daily_Life,General_Interactions
4085,draw back,B2,Communication_Media_Arts,Speaking_Expressions
4086,draw in sb,B2,Communication_Media_Arts,Speaking_Expressions
4087,draw on sth,C1,Communication_Media_Arts,Speaking_Expressions
4088,draw out sth,C1,Communication_Media_Arts,Speaking_Expressions
4089,draw up,B1,Communication_Media_Arts,Speaking_Expressions
4090,dress down,B2,Daily_Life,General_Interactions
4091,dress up,B1,Daily_Life,General_Interactions
4092,drift apart,C1,Communication_Media_Arts,Arts_Creativity
4093,drink up,B1,Daily_Life,General_Interactions
4094,drive at sth,C1,Psychology_Emotions,Motivation
4095,drive away,B2,Psychology_Emotions,Motivation
4096,drive off,B2,Psychology_Emotions,Motivation
4097,drop around,C1,Daily_Life,General_Interactions
4098,drop back,B2,Daily_Life,General_Interactions
4099,drop by,B1,Daily_Life,General_Interactions
4100,drop in,B1,Daily_Life,General_Interactions
4101,drop off sb/sth,C2,Daily_Life,General_Interactions
4102,drop out,B1,Daily_Life,General_Interactions
4103,drop round,B2,Daily_Life,General_Interactions
4104,dry out,B1,Daily_Life,General_Interactions
4105,dry up,A2,Daily_Life,General_Interactions
4106,dwell on sth,C1,Daily_Life,General_Interactions
4107,ease off,B1,Daily_Life,General_Interactions
4108,eat in,A2,Health_Medicine,Healthcare_Hospital
4109,eat out,B1,Health_Medicine,Healthcare_Hospital
4110,eat up sth,B2,Health_Medicine,Healthcare_Hospital
4111,edge out sb/sth,C2,Daily_Life,General_Interactions
4112,end in sth,B2,Daily_Life,General_Interactions
4113,end up,A2,Daily_Life,General_Interactions
4114,enter into sth,C2,Daily_Life,General_Interactions
4115,face up to sth,C2,Daily_Life,General_Interactions
4116,fade away,B2,Daily_Life,General_Interactions
4117,fall about,B2,Daily_Life,General_Interactions
4118,fall apart,B2,Communication_Media_Arts,Arts_Creativity
4119,fall back,B2,Daily_Life,General_Interactions
4120,fall behind,C1,Daily_Life,General_Interactions
4121,fall down,B2,Daily_Life,General_Interactions
4122,fall for sb/sth,C2,Daily_Life,General_Interactions
4123,fall in,B1,Daily_Life,General_Interactions
4124,fall into sth,C2,Daily_Life,General_Interactions
4125,fall off,B1,Daily_Life,General_Interactions
4126,fall out,B1,Daily_Life,General_Interactions
4127,fall over,B2,Daily_Life,General_Interactions
4128,fall through,C1,Daily_Life,General_Interactions
4129,feel for sb,C1,Psychology_Emotions,Feelings_Emotions
4130,feel up to sth,C2,Psychology_Emotions,Feelings_Emotions
4131,fight back,B2,Daily_Life,General_Interactions
4132,fight off sb/sth,C2,Daily_Life,General_Interactions
4133,figure on sth,C2,Daily_Life,General_Interactions
4134,figure out sb/sth,C2,Daily_Life,General_Interactions
4135,fill in sth,C1,Health_Medicine,Healthcare_Hospital
4136,fill out sth,C1,Health_Medicine,Healthcare_Hospital
4137,fill up,B1,Health_Medicine,Healthcare_Hospital
4138,filter out sth,C2,Daily_Life,General_Interactions
4139,find out,B1,Daily_Life,General_Interactions
4140,finish off sth,C2,Daily_Life,General_Interactions
4141,finish up,B2,Daily_Life,General_Interactions
4142,finish with sb/sth,C2,Daily_Life,General_Interactions
4143,fire away,B2,Daily_Life,General_Interactions
4144,fire up sb,B2,Daily_Life,General_Interactions
4145,fit in,A2,Health_Medicine,Healthcare_Hospital
4146,fit in with sb/sth,C2,Health_Medicine,Healthcare_Hospital
4147,fit out sb/sth,C2,Health_Medicine,Healthcare_Hospital
4148,fix up sth,B2,Daily_Life,General_Interactions
4149,fizzle out,B2,Daily_Life,General_Interactions
4150,flare up,B1,Daily_Life,General_Interactions
4151,flash back,B2,Daily_Life,General_Interactions
4152,flick through sth,C2,Daily_Life,General_Interactions
4153,flip over sth,C2,Daily_Life,General_Interactions
4154,flip through sth,C2,Daily_Life,General_Interactions
4155,float around,C1,Daily_Life,General_Interactions
4156,flood out,B2,Science_Nature,Natural_Phenomena
4157,flutter around,C2,Daily_Life,General_Interactions
4158,follow on,B2,Daily_Life,General_Interactions
4159,follow through sth,C2,Daily_Life,General_Interactions
4160,follow up sth,C2,Daily_Life,General_Interactions
4161,fool about,B2,Daily_Life,General_Interactions
4162,fool around,C1,Daily_Life,General_Interactions
4163,force back,B2,Science_Nature,Physics_Chemistry
4164,fork out,B1,Daily_Life,General_Interactions
4165,free up sth,C1,Daily_Life,General_Interactions
4166,freshen up,B2,Daily_Life,General_Interactions
4167,frighten away sb/sth,C2,Society_Law_Politics,Law_Crime
4168,frighten off sb/sth,C2,Society_Law_Politics,Law_Crime
4169,front up,B1,Daily_Life,General_Interactions
4170,frown on sth,C1,Daily_Life,General_Interactions
4171,gain on sb/sth,C2,Technology_Digital,Artificial_Intelligence
4172,gather up sth,C2,Daily_Life,General_Interactions
4173,get about,B2,Daily_Life,General_Interactions
4174,get across sth,C2,Daily_Life,General_Interactions
4175,get ahead,B2,Daily_Life,General_Interactions
4176,get along,B2,Daily_Life,General_Interactions
4177,get around,B2,Daily_Life,General_Interactions
4178,get around to sth,C2,Daily_Life,General_Interactions
4179,get at sb/sth,C2,Daily_Life,General_Interactions
4180,get away,B1,Daily_Life,General_Interactions
4181,get away with sth,C2,Daily_Life,General_Interactions
4182,get back,B1,Daily_Life,General_Interactions
4183,get back at sb,C2,Daily_Life,General_Interactions
4184,get back to sb,C2,Daily_Life,General_Interactions
4185,get behind,B2,Daily_Life,General_Interactions
4186,get by,A2,Daily_Life,General_Interactions
4187,get down,B1,Daily_Life,General_Interactions
4188,get down to sth,C2,Daily_Life,General_Interactions
4189,get in,A2,Daily_Life,General_Interactions
4190,get into sth,C1,Daily_Life,General_Interactions
4191,get off,B1,Daily_Life,General_Interactions
4192,get on,A2,Daily_Life,General_Interactions
4193,get on for sth,C2,Daily_Life,General_Interactions
4194,get on to sth,C2,Daily_Life,General_Interactions
4195,get out,B1,Daily_Life,General_Interactions
4196,get out of sth,C2,Daily_Life,General_Interactions
4197,get over sth,C1,Daily_Life,General_Interactions
4198,get round sth,C2,Daily_Life,General_Interactions
4199,get round to sth,C2,Daily_Life,General_Interactions
4200,get through,C1,Daily_Life,General_Interactions
4201,get together,C1,Daily_Life,General_Interactions
4202,get up,A2,Daily_Life,General_Interactions
4203,give away sth,C2,Daily_Life,General_Interactions
4204,give back sth,C2,Daily_Life,General_Interactions
4205,give in,B1,Daily_Life,General_Interactions
4206,give off sth,C1,Daily_Life,General_Interactions
4207,give out sth,C1,Daily_Life,General_Interactions
4208,give over,B2,Daily_Life,General_Interactions
4209,give up sth,C1,Daily_Life,General_Interactions
4210,go about sth,C1,Daily_Life,General_Interactions
4211,go after sb/sth,C2,Daily_Life,General_Interactions
4212,go against sb/sth,C2,Technology_Digital,Artificial_Intelligence
4213,go ahead,B1,Daily_Life,General_Interactions
4214,go along,B1,Daily_Life,General_Interactions
4215,go along with sb/sth,C2,Daily_Life,General_Interactions
4216,go around,B2,Daily_Life,General_Interactions
4217,go at sb/sth,C1,Daily_Life,General_Interactions
4218,go away,B1,Daily_Life,General_Interactions
4219,go back,B1,Daily_Life,General_Interactions
4220,go back on sth,C2,Daily_Life,General_Interactions
4221,go by,A2,Daily_Life,General_Interactions
4222,go down,B1,Daily_Life,General_Interactions
4223,go for sb/sth,C2,Daily_Life,General_Interactions
4224,go in,A2,Daily_Life,General_Interactions
4225,go in for sth,C2,Daily_Life,General_Interactions
4226,go into sth,C1,Daily_Life,General_Interactions
4227,go off,A2,Daily_Life,General_Interactions
4228,go on,A2,Daily_Life,General_Interactions
4229,go out,A2,Daily_Life,General_Interactions
4230,go over sth,C1,Daily_Life,General_Interactions
4231,go round,B1,Daily_Life,General_Interactions
4232,go through sth,C2,Daily_Life,General_Interactions
4233,go through with sth,C2,Daily_Life,General_Interactions
4234,go together,C1,Daily_Life,General_Interactions
4235,go under,B1,Daily_Life,General_Interactions
4236,go up,A2,Daily_Life,General_Interactions
4237,go with sb/sth,C2,Daily_Life,General_Interactions
4238,go without sth,C2,Daily_Life,General_Interactions
4239,grow apart,B2,Communication_Media_Arts,Arts_Creativity
4240,grow into sth,C2,Daily_Life,General_Interactions
4241,grow on sb,B2,Daily_Life,General_Interactions
4242,grow out of sth,C2,Daily_Life,General_Interactions
4243,grow up,B1,Daily_Life,General_Interactions
4244,hammer out sth,C2,Daily_Life,General_Interactions
4245,hand back sth,C2,Daily_Life,General_Interactions
4246,hand down sth,C2,Daily_Life,General_Interactions
4247,hand in sth,C1,Daily_Life,General_Interactions
4248,hand on sth,C1,Daily_Life,General_Interactions
4249,hand out sth,C1,Daily_Life,General_Interactions
4250,hand over sb/sth,C2,Daily_Life,General_Interactions
4251,hand round sth,C2,Daily_Life,General_Interactions
4252,hang about,B2,Daily_Life,General_Interactions
4253,hang around,C1,Daily_Life,General_Interactions
4254,hang back,B2,Daily_Life,General_Interactions
4255,hang on,B1,Daily_Life,General_Interactions
4256,hang on to sb/sth,C2,Daily_Life,General_Interactions
4257,hang out,B1,Daily_Life,General_Interactions
4258,hang round,B2,Daily_Life,General_Interactions
4259,hang up,B1,Daily_Life,General_Interactions
4260,have against sb/sth,C2,Technology_Digital,Artificial_Intelligence
4261,have on sth,C1,Daily_Life,General_Interactions
4262,have over sb,C1,Daily_Life,General_Interactions
4263,head back,B2,Daily_Life,General_Interactions
4264,head for,B1,Daily_Life,General_Interactions
4265,head off,B1,Daily_Life,General_Interactions
4266,heat up sth,C1,Health_Medicine,Healthcare_Hospital
4267,help off with sth,C2,Daily_Life,General_Interactions
4268,help on with sth,C2,Daily_Life,General_Interactions
4269,help out sb,C1,Daily_Life,General_Interactions
4270,hide away,B2,Daily_Life,General_Interactions
4271,hide out,B1,Daily_Life,General_Interactions
4272,hire out sth,C1,Daily_Life,General_Interactions
4273,hit back,B1,Daily_Life,General_Interactions
4274,hit it off,B2,Daily_Life,General_Interactions
4275,hit on sb/sth,C2,Daily_Life,General_Interactions
4276,hit out,B1,Daily_Life,General_Interactions
4277,hit upon sth,C1,Daily_Life,General_Interactions
4278,hold against sb/sth,C2,Technology_Digital,Artificial_Intelligence
4279,hold back sb/sth,C2,Daily_Life,General_Interactions
4280,hold down sb/sth,C2,Daily_Life,General_Interactions
4281,hold forth,B2,Daily_Life,General_Interactions
4282,hold off sb/sth,C2,Daily_Life,General_Interactions
4283,hold on,B1,Daily_Life,General_Interactions
4284,hold out sth,C1,Daily_Life,General_Interactions
4285,hold over,B2,Daily_Life,General_Interactions
4286,hold up sb/sth,C2,Daily_Life,General_Interactions
4287,hurry up,B1,Daily_Life,General_Interactions
4288,hush up sth,C1,Daily_Life,General_Interactions
4289,improve on sth,C2,Daily_Life,General_Interactions
4290,indulge in sth,C2,Daily_Life,General_Interactions
4291,insist on sth,C2,Daily_Life,General_Interactions
4292,interfere with sth/sb,C2,Daily_Life,General_Interactions
4293,iron out sth,C1,Daily_Life,General_Interactions
4294,join in,B1,Daily_Life,General_Interactions
4295,join up,B1,Daily_Life,General_Interactions
4296,jot down sth,C1,Daily_Life,General_Interactions
4297,jumble up sth,C2,Daily_Life,General_Interactions
4298,jump at sth,C1,Daily_Life,General_Interactions
4299,jump on sb/sth,C2,Daily_Life,General_Interactions
4300,jump out,B1,Daily_Life,General_Interactions
4301,keep at sb/sth,C2,Daily_Life,General_Interactions
4302,keep away,B2,Daily_Life,General_Interactions
4303,keep back sth,C2,Daily_Life,General_Interactions
4304,keep down sb/sth,C2,Daily_Life,General_Interactions
4305,keep from sb/sth,C2,Daily_Life,General_Interactions
4306,keep in sb/sth,C2,Daily_Life,General_Interactions
4307,keep off sb/sth,C2,Daily_Life,General_Interactions
4308,keep on doing sth,C2,Daily_Life,General_Interactions
4309,keep out sb/sth,C2,Daily_Life,General_Interactions
4310,keep to sth,C1,Daily_Life,General_Interactions
4311,keep up sb/sth,C2,Daily_Life,General_Interactions
4312,key in sth,B2,Daily_Life,General_Interactions
4313,kick about,B2,Daily_Life,General_Interactions
4314,kick around,C1,Daily_Life,General_Interactions
4315,kick off,B1,Daily_Life,General_Interactions
4316,kick out sb,C1,Daily_Life,General_Interactions
4317,knock about,C1,Daily_Life,General_Interactions
4318,knock around,C1,Daily_Life,General_Interactions
4319,knock back sth,C2,Daily_Life,General_Interactions
4320,knock down sb/sth,C2,Daily_Life,General_Interactions
4321,knock off,B2,Daily_Life,General_Interactions
4322,knock out sb/sth,C2,Daily_Life,General_Interactions
4323,knock over sb/sth,C2,Daily_Life,General_Interactions
4324,knock up sb,C1,Daily_Life,General_Interactions
4325,lapse into sth,C2,Daily_Life,General_Interactions
4326,lash out,B1,Daily_Life,General_Interactions
4327,latch on,B1,Daily_Life,General_Interactions
4328,latch on to sb/sth,C2,Daily_Life,General_Interactions
4329,laugh at sb/sth,C2,Daily_Life,General_Interactions
4330,laugh off sth,C2,Daily_Life,General_Interactions
4331,launch into sth,C2,Daily_Life,General_Interactions
4332,lay down sth,C1,Daily_Life,General_Interactions
4333,lay into sb,C1,Daily_Life,General_Interactions
4334,lay off sb,B2,Daily_Life,General_Interactions
4335,lay on sth,B2,Daily_Life,General_Interactions
4336,lay out sth,C1,Daily_Life,General_Interactions
4337,lay up sb/sth,C2,Daily_Life,General_Interactions
4338,laze about,B2,Daily_Life,General_Interactions
4339,laze around,C1,Daily_Life,General_Interactions
4340,lead on sb,B2,Daily_Life,General_Interactions
4341,lead to sth,C1,Daily_Life,General_Interactions
4342,leak out,B1,Daily_Life,General_Interactions
4343,lean on sb/sth,C2,Daily_Life,General_Interactions
4344,leap at sth,C1,Daily_Life,General_Interactions
4345,leave about sth,C2,Daily_Life,General_Interactions
4346,leave aside sth,C2,Daily_Life,General_Interactions
4347,leave behind sb/sth,C2,Daily_Life,General_Interactions
4348,leave in sth,C1,Daily_Life,General_Interactions
4349,leave off,B2,Daily_Life,General_Interactions
4350,leave on sth,C1,Daily_Life,General_Interactions
4351,leave out of sth,C2,Daily_Life,General_Interactions
4352,leave out sb/sth,C2,Daily_Life,General_Interactions
4353,leave over,B2,Daily_Life,General_Interactions
4354,leave to sb/sth,C2,Daily_Life,General_Interactions
4355,let down sb,C1,Daily_Life,General_Interactions
4356,let in for sth,C2,Daily_Life,General_Interactions
4357,let in on sth,C2,Daily_Life,General_Interactions
4358,let in sb,B2,Daily_Life,General_Interactions
4359,let off sb,B2,Daily_Life,General_Interactions
4360,let on,A2,Daily_Life,General_Interactions
4361,let out sb/sth,C2,Daily_Life,General_Interactions
4362,let up,A2,Daily_Life,General_Interactions
4363,level off,B2,Daily_Life,General_Interactions
4364,lie about,B2,Daily_Life,General_Interactions
4365,lie ahead,B2,Daily_Life,General_Interactions
4366,lie behind sth,C2,Daily_Life,General_Interactions
4367,lie down,B1,Daily_Life,General_Interactions
4368,lie in,A2,Daily_Life,General_Interactions
4369,lie with sb/sth,C2,Daily_Life,General_Interactions
4370,lift off,B1,Daily_Life,General_Interactions
4371,light up sth,C1,Daily_Life,General_Interactions
4372,lighten up,B2,Daily_Life,General_Interactions
4373,line up,B1,Daily_Life,General_Interactions
4374,listen in,B2,Daily_Life,General_Interactions
4375,listen to sb/sth,C2,Daily_Life,General_Interactions
4376,listen up,B2,Daily_Life,General_Interactions
4377,live down sth,C2,Daily_Life,General_Interactions
4378,live for sb/sth,C2,Daily_Life,General_Interactions
4379,live in,B1,Daily_Life,General_Interactions
4380,live off sb/sth,C2,Daily_Life,General_Interactions
4381,live on sth,C1,Daily_Life,General_Interactions
4382,live out sth,C1,Daily_Life,General_Interactions
4383,live through sth,C2,Daily_Life,General_Interactions
4384,live together,C2,Daily_Life,General_Interactions
4385,live up to sth,C2,Daily_Life,General_Interactions
4386,live with sb/sth,C2,Daily_Life,General_Interactions
4387,load down sb,C1,Daily_Life,General_Interactions
4388,load up sth,C1,Daily_Life,General_Interactions
4389,lock away sb/sth,C2,Daily_Life,General_Interactions
4390,lock in sb,B2,Daily_Life,General_Interactions
4391,lock out sb,C1,Daily_Life,General_Interactions
4392,lock up,B1,Daily_Life,General_Interactions
4393,log in,A2,Daily_Life,General_Interactions
4394,log off,B1,Daily_Life,General_Interactions
4395,log on,A2,Daily_Life,General_Interactions
4396,log out,B1,Daily_Life,General_Interactions
4397,look after sb/sth,C2,Daily_Life,General_Interactions
4398,look ahead,B2,Daily_Life,General_Interactions
4399,look around,C1,Daily_Life,General_Interactions
4400,look at sb/sth,C2,Daily_Life,General_Interactions
4401,look back,B2,Daily_Life,General_Interactions
4402,look down,B2,Daily_Life,General_Interactions
4403,look down on sb/sth,C2,Daily_Life,General_Interactions
4404,look for sb/sth,C2,Daily_Life,General_Interactions
4405,look forward to sth,C2,Society_Law_Politics,Law_Crime
4406,look in,B1,Daily_Life,General_Interactions
4407,look into sth,C2,Daily_Life,General_Interactions
4408,look on,B1,Daily_Life,General_Interactions
4409,look out,B1,Daily_Life,General_Interactions
4410,look out for sb/sth,C2,Daily_Life,General_Interactions
4411,look over sb/sth,C2,Daily_Life,General_Interactions
4412,look round,B2,Daily_Life,General_Interactions
4413,look through sth,C2,Daily_Life,General_Interactions
4414,look to sb/sth,C2,Daily_Life,General_Interactions
4415,look up,B1,Daily_Life,General_Interactions
4416,look up sb,B2,Daily_Life,General_Interactions
4417,look up sth,C1,Daily_Life,General_Interactions
4418,look up to sb,C2,Daily_Life,General_Interactions
4419,lose out,B1,Daily_Life,General_Interactions
4420,lose out on sth,C2,Daily_Life,General_Interactions
4421,luck out,B1,Daily_Life,General_Interactions
4422,make after sb,C2,Daily_Life,General_Interactions
4423,make away with sth,C2,Daily_Life,General_Interactions
4424,make do with sth,C2,Daily_Life,General_Interactions
4425,make for sth,C1,Daily_Life,General_Interactions
4426,make into sth,C2,Daily_Life,General_Interactions
4427,make it up to sb,C2,Daily_Life,General_Interactions
4428,make of sth,C1,Daily_Life,General_Interactions
4429,make off,B1,Daily_Life,General_Interactions
4430,make out sb/sth,C2,Daily_Life,General_Interactions
4431,make over sth,C2,Daily_Life,General_Interactions
4432,make up for sth,C2,Daily_Life,General_Interactions
4433,make up sth,C1,Daily_Life,General_Interactions
4434,mark down sth,C2,Daily_Life,General_Interactions
4435,mark up sth,C1,Daily_Life,General_Interactions
4436,match up,B1,Daily_Life,General_Interactions
4437,match up to sb/sth,C2,Daily_Life,General_Interactions
4438,measure out sth,C2,Daily_Life,General_Interactions
4439,measure up,B2,Daily_Life,General_Interactions
4440,measure up to sb/sth,C2,Daily_Life,General_Interactions
4441,meet up,B1,Daily_Life,General_Interactions
4442,meet with sb,C1,Daily_Life,General_Interactions
4443,melt down,B2,Daily_Life,General_Interactions
4444,mess about,B2,Daily_Life,General_Interactions
4445,mess around,C1,Daily_Life,General_Interactions
4446,mess up sth,C1,Daily_Life,General_Interactions
4447,mess with sb/sth,C2,Daily_Life,General_Interactions
4448,mill about,B2,Health_Medicine,Healthcare_Hospital
4449,mind out,B1,Health_Medicine,Mental_Health
4450,miss out sb/sth,C2,Daily_Life,General_Interactions
4451,mix up sb/sth,C2,Daily_Life,General_Interactions
4452,mouth off,B2,Daily_Life,General_Interactions
4453,move about,B2,Daily_Life,General_Interactions
4454,move along,B2,Daily_Life,General_Interactions
4455,move around,C1,Daily_Life,General_Interactions
4456,move away,B2,Daily_Life,General_Interactions
4457,move back,B2,Daily_Life,General_Interactions
4458,move down,B2,Daily_Life,General_Interactions
4459,move in,B1,Daily_Life,General_Interactions
4460,move on,B1,Daily_Life,General_Interactions
4461,move out,B1,Daily_Life,General_Interactions
4462,move over,B2,Daily_Life,General_Interactions
4463,move round,B2,Daily_Life,General_Interactions
4464,move up,B1,Daily_Life,General_Interactions
4465,muck about,B2,Daily_Life,General_Interactions
4466,muddle along,C1,Daily_Life,General_Interactions
4467,muddle through,C2,Daily_Life,General_Interactions
4468,muddle up sb/sth,C2,Daily_Life,General_Interactions
4469,mug up,A2,Daily_Life,General_Interactions
4470,name after sb/sth,C2,Daily_Life,General_Interactions
4471,narrow down sth,C2,Daily_Life,General_Interactions
4472,nod off,B1,Daily_Life,General_Interactions
4473,note down sth,C2,Daily_Life,General_Interactions
4474,object to sb/sth,C2,Daily_Life,General_Interactions
4475,occur to sb,C1,Daily_Life,General_Interactions
4476,open into sth,C2,Daily_Life,General_Interactions
4477,open on to sth,C2,Daily_Life,General_Interactions
4478,open out,B1,Daily_Life,General_Interactions
4479,open up,B1,Daily_Life,General_Interactions
4480,opt for sth,C1,Daily_Life,General_Interactions
4481,opt out,B1,Daily_Life,General_Interactions
4482,opt out of sth,C2,Daily_Life,General_Interactions
4483,order about sb,C2,Daily_Life,General_Interactions
4484,own up,A2,Daily_Life,General_Interactions
4485,pack away sth,C2,Daily_Life,General_Interactions
4486,pack in,B1,Daily_Life,General_Interactions
4487,pack off sb,C1,Daily_Life,General_Interactions
4488,pack out,B1,Daily_Life,General_Interactions
4489,pack up,B1,Daily_Life,General_Interactions
4490,pair off,B1,Technology_Digital,Artificial_Intelligence
4491,pair up,B1,Technology_Digital,Artificial_Intelligence
4492,pan out,B1,Daily_Life,General_Interactions
4493,part with sth,C2,Communication_Media_Arts,Arts_Creativity
4494,pass away,B2,Education,Exams_Assessments
4495,pass back sth,C2,Education,Exams_Assessments
4496,pass by sb/sth,C2,Education,Exams_Assessments
4497,pass down sth,C2,Education,Exams_Assessments
4498,pass for sb/sth,C2,Education,Exams_Assessments
4499,pass off,B1,Education,Exams_Assessments
4500,pass on sth,C1,Education,Exams_Assessments
4501,pass out,B1,Education,Exams_Assessments
4502,pass over sb/sth,C2,Education,Exams_Assessments
4503,pass round sth,C2,Education,Exams_Assessments
4504,pass through sth,C2,Education,Exams_Assessments
4505,pass up sth,C1,Education,Exams_Assessments
4506,patch up sth,C1,Daily_Life,General_Interactions
4507,pencil in sb/sth,C2,Daily_Life,General_Interactions
4508,perk up,B1,Daily_Life,General_Interactions
4509,phase in sth,C1,Daily_Life,General_Interactions
4510,phase out sth,C2,Daily_Life,General_Interactions
4511,phone back sb,C2,Technology_Digital,Devices_Hardware
4512,phone in,B1,Technology_Digital,Devices_Hardware
4513,phone up sb,C1,Technology_Digital,Devices_Hardware
4514,pick at sth,C1,Daily_Life,General_Interactions
4515,pick on sb,B2,Daily_Life,General_Interactions
4516,pick out sb/sth,C2,Daily_Life,General_Interactions
4517,pick up sb/sth,C2,Daily_Life,General_Interactions
4518,pile up,B1,Daily_Life,General_Interactions
4519,pin down sb,C1,Daily_Life,General_Interactions
4520,pin on sb/sth,C2,Daily_Life,General_Interactions
4521,pin up sth,B2,Daily_Life,General_Interactions
4522,pitch in,B1,Daily_Life,General_Interactions
4523,play about,B2,Communication_Media_Arts,Speaking_Expressions
4524,play along,B2,Communication_Media_Arts,Speaking_Expressions
4525,play around,C1,Communication_Media_Arts,Speaking_Expressions
4526,play at sth,C1,Communication_Media_Arts,Speaking_Expressions
4527,play back sth,C2,Communication_Media_Arts,Speaking_Expressions
4528,play down sth,C2,Communication_Media_Arts,Speaking_Expressions
4529,play off,B1,Communication_Media_Arts,Speaking_Expressions
4530,play on sth,C1,Communication_Media_Arts,Speaking_Expressions
4531,play out,B1,Communication_Media_Arts,Speaking_Expressions
4532,play up,B1,Communication_Media_Arts,Speaking_Expressions
4533,play with sb/sth,C2,Communication_Media_Arts,Speaking_Expressions
4534,plough into sth,C2,Daily_Life,General_Interactions
4535,pluck up,B1,Daily_Life,General_Interactions
4536,plug in,B1,Daily_Life,General_Interactions
4537,plug into sth,C2,Daily_Life,General_Interactions
4538,point out sb/sth,C2,Daily_Life,General_Interactions
4539,point to sth,C1,Daily_Life,General_Interactions
4540,polish off sth,C2,Daily_Life,General_Interactions
4541,polish up sth,C2,Daily_Life,General_Interactions
4542,pop in,A2,Daily_Life,General_Interactions
4543,pop off,B1,Daily_Life,General_Interactions
4544,pop out,B1,Daily_Life,General_Interactions
4545,pop round,B2,Daily_Life,General_Interactions
4546,pop up,A2,Daily_Life,General_Interactions
4547,pour down,B2,Daily_Life,General_Interactions
4548,pour in,B1,Daily_Life,General_Interactions
4549,pour out sth,C1,Daily_Life,General_Interactions
4550,press for sth,C2,Communication_Media_Arts,Media_Journalism
4551,press on,B1,Communication_Media_Arts,Media_Journalism
4552,press up,B1,Communication_Media_Arts,Media_Journalism
4553,print out sth,C2,Daily_Life,General_Interactions
4554,prop up sth,C1,Daily_Life,General_Interactions
4555,pull ahead,B2,Daily_Life,General_Interactions
4556,pull away,B2,Daily_Life,General_Interactions
4557,pull back,B2,Daily_Life,General_Interactions
4558,pull down sth,C2,Daily_Life,General_Interactions
4559,pull in,B1,Daily_Life,General_Interactions
4560,pull into sth,C2,Daily_Life,General_Interactions
4561,pull off sth,C1,Daily_Life,General_Interactions
4562,pull on sth,C1,Daily_Life,General_Interactions
4563,pull out,B1,Daily_Life,General_Interactions
4564,pull over,B2,Daily_Life,General_Interactions
4565,pull through,C1,Daily_Life,General_Interactions
4566,pull together,C2,Daily_Life,General_Interactions
4567,pull up,B1,Daily_Life,General_Interactions
4568,pump into sth,C2,Daily_Life,General_Interactions
4569,pump up,B1,Daily_Life,General_Interactions
4570,push ahead,B2,Daily_Life,General_Interactions
4571,push around sb,C2,Daily_Life,General_Interactions
4572,push aside sb/sth,C2,Daily_Life,General_Interactions
4573,push back,B2,Daily_Life,General_Interactions
4574,push for sth,C1,Daily_Life,General_Interactions
4575,push in,B1,Daily_Life,General_Interactions
4576,push off,B1,Daily_Life,General_Interactions
4577,push on,B1,Daily_Life,General_Interactions
4578,push over sb/sth,C2,Daily_Life,General_Interactions
4579,push through sth,C2,Daily_Life,General_Interactions
4580,put about,B2,Daily_Life,General_Interactions
4581,put across sth,C2,Daily_Life,General_Interactions
4582,put aside sth,C2,Daily_Life,General_Interactions
4583,put at sth,B2,Daily_Life,General_Interactions
4584,put away sth,C1,Daily_Life,General_Interactions
4585,put back sth,C1,Daily_Life,General_Interactions
4586,put by sth,B2,Daily_Life,General_Interactions
4587,put down sb/sth,C2,Daily_Life,General_Interactions
4588,put forward sth,C2,Society_Law_Politics,Law_Crime
4589,put in sth,B2,Daily_Life,General_Interactions
4590,put off sth/doing sth,C2,Daily_Life,General_Interactions
4591,put on sth,B2,Daily_Life,General_Interactions
4592,put out sth,C1,Daily_Life,General_Interactions
4593,put over sth,C1,Daily_Life,General_Interactions
4594,put sb up to sth,C2,Daily_Life,General_Interactions
4595,put through sb,C2,Daily_Life,General_Interactions
4596,put to sb/sth,C2,Daily_Life,General_Interactions
4597,put together sth,C2,Daily_Life,General_Interactions
4598,put up sth,B2,Daily_Life,General_Interactions
4599,put up with sb/sth,C2,Daily_Life,General_Interactions
4600,puzzle out sth,C2,Daily_Life,General_Interactions
4601,quarrel with sb,C2,Daily_Life,General_Interactions
4602,queue up,B1,Daily_Life,General_Interactions
4603,race off,B1,Daily_Life,General_Interactions
4604,rack up sth,C1,Daily_Life,General_Interactions
4605,rail against sb/sth,C2,Technology_Digital,Artificial_Intelligence
4606,rain off,B1,Technology_Digital,Artificial_Intelligence
4607,rain out,B1,Technology_Digital,Artificial_Intelligence
4608,raise up sb/sth,C2,Technology_Digital,Artificial_Intelligence
4609,ramp up sth,C1,Daily_Life,General_Interactions
4610,range over,B2,Daily_Life,General_Interactions
4611,rank with sb/sth,C2,Daily_Life,General_Interactions
4612,rant at sb,B2,Daily_Life,General_Interactions
4613,rap over,B1,Daily_Life,General_Interactions
4614,rat on sb,B2,Daily_Life,General_Interactions
4615,rate above sb/sth,C2,Business_Finance_Economy,Economy_Markets
4616,rate among sb/sth,C2,Business_Finance_Economy,Economy_Markets
4617,reach down sth,C2,Daily_Life,General_Interactions
4618,reach for sth,C2,Daily_Life,General_Interactions
4619,reach out,B2,Daily_Life,General_Interactions
4620,read back,B2,Communication_Media_Arts,Speaking_Expressions
4621,read into sth,C2,Communication_Media_Arts,Speaking_Expressions
4622,read of sth,C1,Communication_Media_Arts,Speaking_Expressions
4623,read out sth,C1,Communication_Media_Arts,Speaking_Expressions
4624,read over sth,C2,Communication_Media_Arts,Speaking_Expressions
4625,read through sth,C2,Communication_Media_Arts,Speaking_Expressions
4626,read up on sth,C2,Communication_Media_Arts,Speaking_Expressions
4627,reason with sb,C2,Daily_Life,General_Interactions
4628,reckon on sth,C2,Daily_Life,General_Interactions
4629,reckon with sb/sth,C2,Daily_Life,General_Interactions
4630,recover from sth,C2,Health_Medicine,Healthcare_Hospital
4631,refer to sb/sth,C2,Daily_Life,General_Interactions
4632,rely on sb/sth,C2,Daily_Life,General_Interactions
4633,remain in,B2,Technology_Digital,Artificial_Intelligence
4634,remain with sb,C2,Technology_Digital,Artificial_Intelligence
4635,render down,C1,Daily_Life,General_Interactions
4636,repair to,B2,Technology_Digital,Artificial_Intelligence
4637,report back,C1,Communication_Media_Arts,Media_Journalism
4638,resign from sth,C2,Business_Finance_Economy,Jobs_Careers
4639,resort to sth,C2,Travel_Transportation,Hotels_Tourism
4640,rest on sb/sth,C2,Daily_Life,General_Interactions
4641,restore to sb/sth,C2,Daily_Life,Shopping_Everyday
4642,result from sth,C2,Daily_Life,General_Interactions
4643,result in sth,C2,Daily_Life,General_Interactions
4644,retire from sth,C2,Daily_Life,General_Interactions
4645,return to sb/sth,C2,Daily_Life,General_Interactions
4646,revolve around sb/sth,C2,Daily_Life,General_Interactions
4647,ride out sth,C1,Daily_Life,General_Interactions
4648,ring back sb,C1,Daily_Life,General_Interactions
4649,ring in,B1,Daily_Life,General_Interactions
4650,ring off,B1,Daily_Life,General_Interactions
4651,ring round,B2,Daily_Life,General_Interactions
4652,ring up sb,B2,Daily_Life,General_Interactions
4653,rip off sb,B2,Daily_Life,General_Interactions
4654,rise above sth,C2,Daily_Life,General_Interactions
4655,rise to sth,C1,Daily_Life,General_Interactions
4656,roll back sth,C2,Daily_Life,General_Interactions
4657,roll in,B1,Daily_Life,General_Interactions
4658,roll on,B1,Daily_Life,General_Interactions
4659,roll out sth,C1,Daily_Life,General_Interactions
4660,roll over,B2,Daily_Life,General_Interactions
4661,roll up,B1,Daily_Life,General_Interactions
4662,root about,B2,Daily_Life,General_Interactions
4663,root for sb,C1,Daily_Life,General_Interactions
4664,root out sb/sth,C2,Daily_Life,General_Interactions
4665,rope in sb,B2,Daily_Life,General_Interactions
4666,rub along,B2,Daily_Life,General_Interactions
4667,rub down,B1,Daily_Life,General_Interactions
4668,rub in sth,B2,Daily_Life,General_Interactions
4669,rub off,B1,Daily_Life,General_Interactions
4670,rub out sb/sth,C2,Daily_Life,General_Interactions
4671,rub up,A2,Daily_Life,General_Interactions
4672,rule out sb/sth,C2,Society_Law_Politics,Law_Crime
4673,run about,B2,Daily_Life,General_Interactions
4674,run across sb/sth,C2,Daily_Life,General_Interactions
4675,run after sb/sth,C2,Daily_Life,General_Interactions
4676,run against sb/sth,C2,Technology_Digital,Artificial_Intelligence
4677,run along,B2,Daily_Life,General_Interactions
4678,run around,B2,Daily_Life,General_Interactions
4679,run at sb/sth,C2,Daily_Life,General_Interactions
4680,run away,B1,Daily_Life,General_Interactions
4681,run away with sb/sth,C2,Daily_Life,General_Interactions
4682,run back,B1,Daily_Life,General_Interactions
4683,run by sb/sth,C2,Daily_Life,General_Interactions
4684,run down sb/sth,C2,Daily_Life,General_Interactions
4685,run for sth,C1,Daily_Life,General_Interactions
4686,run in,A2,Daily_Life,General_Interactions
4687,run into sb/sth,C2,Daily_Life,General_Interactions
4688,run off,B1,Daily_Life,General_Interactions
4689,run on,A2,Daily_Life,General_Interactions
4690,run out,B1,Daily_Life,General_Interactions
4691,run over sb/sth,C2,Daily_Life,General_Interactions
4692,run through sth,C2,Daily_Life,General_Interactions
4693,run to sth,B2,Daily_Life,General_Interactions
4694,run up against sb/sth,C2,Technology_Digital,Artificial_Intelligence
4695,run up sth,B2,Daily_Life,General_Interactions
4696,rush into sth,C2,Daily_Life,General_Interactions
4697,rush through sth,C2,Daily_Life,General_Interactions
4698,sail through sth,C2,Technology_Digital,Artificial_Intelligence
4699,save up sth,C1,Daily_Life,General_Interactions
4700,scare away sb/sth,C2,Travel_Transportation,Road_Travel
4701,scrape through sth,C2,Daily_Life,General_Interactions
4702,scratch around,C2,Daily_Life,General_Interactions
4703,scratch out sth,C2,Daily_Life,General_Interactions
4704,screw up sth,C1,Daily_Life,General_Interactions
4705,scribble down sth,C2,Daily_Life,General_Interactions
4706,scroll down,C1,Daily_Life,General_Interactions
4707,scroll up,B2,Daily_Life,General_Interactions
4708,search for sb/sth,C2,Technology_Digital,Software_Internet
4709,search out sb/sth,C2,Technology_Digital,Software_Internet
4710,see about sth,C2,Daily_Life,General_Interactions
4711,see around sb,C2,Daily_Life,General_Interactions
4712,see in,A2,Daily_Life,General_Interactions
4713,see off sb,B2,Daily_Life,General_Interactions
4714,see out sb,B2,Daily_Life,General_Interactions
4715,see over sth,C1,Daily_Life,General_Interactions
4716,see through sb/sth,C2,Daily_Life,General_Interactions
4717,see to sb/sth,C2,Daily_Life,General_Interactions
4718,seek after sb/sth,C2,Daily_Life,General_Interactions
4719,seek out sb/sth,C2,Daily_Life,General_Interactions
4720,sell off sth,C1,Business_Finance_Economy,Business_Management
4721,sell out,B1,Business_Finance_Economy,Business_Management
4722,sell up,B1,Business_Finance_Economy,Business_Management
4723,send away,B2,Daily_Life,General_Interactions
4724,send away for sth,C2,Daily_Life,General_Interactions
4725,send back sth,C2,Daily_Life,General_Interactions
4726,send for sb,C1,Daily_Life,General_Interactions
4727,send in sth,C1,Daily_Life,General_Interactions
4728,send off sb/sth,C2,Daily_Life,General_Interactions
4729,send on sth,C1,Daily_Life,General_Interactions
4730,send out sb/sth,C2,Daily_Life,General_Interactions
4731,send round sth,C2,Daily_Life,General_Interactions
4732,send up sb/sth,C2,Daily_Life,General_Interactions
4733,separate out,C1,Business_Finance_Economy,Economy_Markets
4734,serve out,B2,Daily_Life,General_Interactions
4735,serve up,B1,Daily_Life,General_Interactions
4736,set about sth/doing sth,C2,Daily_Life,General_Interactions
4737,set against sb/sth,C2,Technology_Digital,Artificial_Intelligence
4738,set apart sb/sth,C2,Communication_Media_Arts,Arts_Creativity
4739,set aside sth,C2,Daily_Life,General_Interactions
4740,set back sb/sth,C2,Daily_Life,General_Interactions
4741,set down sth,C1,Daily_Life,General_Interactions
4742,set forth,B2,Daily_Life,General_Interactions
4743,set in,A2,Daily_Life,General_Interactions
4744,set off,B1,Daily_Life,General_Interactions
4745,set on sb/sth,C2,Daily_Life,General_Interactions
4746,set out,B1,Daily_Life,General_Interactions
4747,set to,A2,Daily_Life,General_Interactions
4748,set up sth,B2,Daily_Life,General_Interactions
4749,settle down,C1,Daily_Life,General_Interactions
4750,settle for sb/sth,C2,Daily_Life,General_Interactions
4751,settle in,B2,Daily_Life,General_Interactions
4752,settle on sth,C2,Daily_Life,General_Interactions
4753,settle up,B2,Daily_Life,General_Interactions
4754,sex up sth,B2,Daily_Life,General_Interactions
4755,shake down,B2,Daily_Life,General_Interactions
4756,shake off sb/sth,C2,Daily_Life,General_Interactions
4757,shake up sb/sth,C2,Daily_Life,General_Interactions
4758,shoot away,B2,Daily_Life,General_Interactions
4759,shoot down sb/sth,C2,Daily_Life,General_Interactions
4760,shoot out,B2,Daily_Life,General_Interactions
4761,shoot through,C2,Daily_Life,General_Interactions
4762,shoot up,B1,Daily_Life,General_Interactions
4763,shop around,C1,Daily_Life,Shopping_Everyday
4764,shorten down,C1,Daily_Life,General_Interactions
4765,shout down,B2,Daily_Life,General_Interactions
4766,shout out,B2,Daily_Life,General_Interactions
4767,show around sb,C2,Daily_Life,General_Interactions
4768,show in sb,B2,Daily_Life,General_Interactions
4769,show off,B1,Daily_Life,General_Interactions
4770,show out sb,C1,Daily_Life,General_Interactions
4771,show over sb,C1,Daily_Life,General_Interactions
4772,show round sb,C2,Daily_Life,General_Interactions
4773,show up,B1,Daily_Life,General_Interactions
4774,shrug off sth,C2,Daily_Life,General_Interactions
4775,shut away sb/sth,C2,Daily_Life,General_Interactions
4776,shut down,B2,Daily_Life,General_Interactions
4777,shut in sb/sth,C2,Daily_Life,General_Interactions
4778,shut off sth,C1,Daily_Life,General_Interactions
4779,shut out sb/sth,C2,Daily_Life,General_Interactions
4780,shut up,B1,Daily_Life,General_Interactions
4781,side with sb,C1,Daily_Life,General_Interactions
4782,sign away sth,C2,Daily_Life,General_Interactions
4783,sign in,B1,Daily_Life,General_Interactions
4784,sign off,B1,Daily_Life,General_Interactions
4785,sign on,B1,Daily_Life,General_Interactions
4786,sign out,B1,Daily_Life,General_Interactions
4787,sign up,B1,Daily_Life,General_Interactions
4788,sink in,B1,Daily_Life,General_Interactions
4789,sit about,B2,Daily_Life,General_Interactions
4790,sit around,B2,Daily_Life,General_Interactions
4791,sit back,B1,Daily_Life,General_Interactions
4792,sit down,B1,Daily_Life,General_Interactions
4793,sit in,A2,Daily_Life,General_Interactions
4794,sit on sth,B2,Daily_Life,General_Interactions
4795,sit out,B1,Daily_Life,General_Interactions
4796,sit over,B1,Daily_Life,General_Interactions
4797,sit through sth,C2,Daily_Life,General_Interactions
4798,sit up,A2,Daily_Life,General_Interactions
4799,size up sb/sth,C2,Daily_Life,General_Interactions
4800,skate over sth,C2,Daily_Life,General_Interactions
4801,skimp on sth,C1,Daily_Life,General_Interactions
4802,skip over sth,C2,Daily_Life,General_Interactions
4803,slack off,B2,Daily_Life,General_Interactions
4804,slap down,B2,Daily_Life,General_Interactions
4805,slave away,B2,Daily_Life,General_Interactions
4806,sleep around,C1,Health_Medicine,Healthcare_Hospital
4807,sleep in,B1,Health_Medicine,Healthcare_Hospital
4808,sleep on sth,C1,Health_Medicine,Healthcare_Hospital
4809,sleep over,B2,Health_Medicine,Healthcare_Hospital
4810,sleep through sth,C2,Health_Medicine,Healthcare_Hospital
4811,sleep together,C2,Health_Medicine,Healthcare_Hospital
4812,slide by,B1,Daily_Life,General_Interactions
4813,slide over,B2,Daily_Life,General_Interactions
4814,slim down,B2,Daily_Life,General_Interactions
4815,slip away,B2,Daily_Life,General_Interactions
4816,slip back,B2,Daily_Life,General_Interactions
4817,slip down,B2,Daily_Life,General_Interactions
4818,slip in,B1,Daily_Life,General_Interactions
4819,slip off,B1,Daily_Life,General_Interactions
4820,slip out,B1,Daily_Life,General_Interactions
4821,slip over,B2,Daily_Life,General_Interactions
4822,slip through,C1,Daily_Life,General_Interactions
4823,slip up,B1,Daily_Life,General_Interactions
4824,slow down,B2,Daily_Life,General_Interactions
4825,slow up,B1,Daily_Life,General_Interactions
4826,smash down sth,C2,Daily_Life,General_Interactions
4827,smash up sth,C1,Daily_Life,General_Interactions
4828,smell out,B2,Daily_Life,General_Interactions
4829,smooth over sth,C2,Daily_Life,General_Interactions
4830,snap at sb,B2,Daily_Life,General_Interactions
4831,snap off,B1,Daily_Life,General_Interactions
4832,snap out of sth,C2,Daily_Life,General_Interactions
4833,snap up sth,C1,Daily_Life,General_Interactions
4834,sneak up,B1,Daily_Life,General_Interactions
4835,sniff out,B2,Daily_Life,General_Interactions
4836,snow in,B1,Daily_Life,General_Interactions
4837,snow under,B2,Daily_Life,General_Interactions
4838,sober up,B1,Daily_Life,General_Interactions
4839,soften up sb/sth,C2,Daily_Life,General_Interactions
4840,sort out sb/sth,C2,Daily_Life,General_Interactions
4841,sound out sb,C1,Daily_Life,General_Interactions
4842,spark off sth,C2,Daily_Life,General_Interactions
4843,speak for sb/sth,C2,Communication_Media_Arts,Speaking_Expressions
4844,speak out,B2,Communication_Media_Arts,Speaking_Expressions
4845,speak up,B1,Communication_Media_Arts,Speaking_Expressions
4846,spell out sth,C2,Communication_Media_Arts,Writing_Language
4847,spend on sth,C1,Daily_Life,General_Interactions
4848,spin off,B1,Daily_Life,General_Interactions
4849,spin out,B1,Daily_Life,General_Interactions
4850,splash out,B2,Daily_Life,General_Interactions
4851,split off,B2,Daily_Life,General_Interactions
4852,split up,B1,Daily_Life,General_Interactions
4853,sponge off sb/sth,C2,Daily_Life,General_Interactions
4854,spread out,B2,Communication_Media_Arts,Speaking_Expressions
4855,spring from sth,C2,Daily_Life,General_Interactions
4856,spring up,B2,Daily_Life,General_Interactions
4857,spy on sb/sth,C2,Daily_Life,General_Interactions
4858,square up,B2,Daily_Life,General_Interactions
4859,squeeze in sb/sth,C2,Daily_Life,General_Interactions
4860,squeeze out sb/sth,C2,Daily_Life,General_Interactions
4861,stack up,B1,Daily_Life,General_Interactions
4862,stamp out sth,C2,Daily_Life,General_Interactions
4863,stand about,C1,Daily_Life,General_Interactions
4864,stand around,C1,Daily_Life,General_Interactions
4865,stand back,B2,Daily_Life,General_Interactions
4866,stand by sb,C1,Daily_Life,General_Interactions
4867,stand down,B2,Daily_Life,General_Interactions
4868,stand for sb/sth,C2,Daily_Life,General_Interactions
4869,stand in for sb,C2,Daily_Life,General_Interactions
4870,stand off,B2,Daily_Life,General_Interactions
4871,stand on sth,C1,Daily_Life,General_Interactions
4872,stand out,B2,Daily_Life,General_Interactions
4873,stand over sb,C2,Daily_Life,General_Interactions
4874,stand round,C1,Daily_Life,General_Interactions
4875,stand up,B1,Daily_Life,General_Interactions
4876,stand up for sb/sth,C2,Daily_Life,General_Interactions
4877,stand up to sb/sth,C2,Daily_Life,General_Interactions
4878,stare at sb/sth,C2,Science_Nature,Natural_Phenomena
4879,stare out sb,C1,Science_Nature,Natural_Phenomena
4880,start off,B2,Communication_Media_Arts,Arts_Creativity
4881,start on sb/sth,C2,Communication_Media_Arts,Arts_Creativity
4882,start out,B2,Communication_Media_Arts,Arts_Creativity
4883,start over,B2,Communication_Media_Arts,Arts_Creativity
4884,start up,B1,Communication_Media_Arts,Arts_Creativity
4885,starve of,B2,Science_Nature,Natural_Phenomena
4886,stay ahead,B2,Daily_Life,General_Interactions
4887,stay away,B2,Daily_Life,General_Interactions
4888,stay away from sb/sth,C2,Daily_Life,General_Interactions
4889,stay behind,C1,Daily_Life,General_Interactions
4890,stay in,B1,Daily_Life,General_Interactions
4891,stay off sb/sth,C2,Daily_Life,General_Interactions
4892,stay on,B1,Daily_Life,General_Interactions
4893,stay out,B1,Daily_Life,General_Interactions
4894,stay out of sth,C2,Daily_Life,General_Interactions
4895,stay over,B2,Daily_Life,General_Interactions
4896,stay put,B1,Daily_Life,General_Interactions
4897,stay up,B1,Daily_Life,General_Interactions
4898,steal away,B2,Daily_Life,General_Interactions
4899,steam up,B1,Daily_Life,General_Interactions
4900,steer clear of sb/sth,C2,Daily_Life,General_Interactions
4901,stem from sth,C2,Daily_Life,General_Interactions
4902,step aside,B2,Daily_Life,General_Interactions
4903,step back,B2,Daily_Life,General_Interactions
4904,step down,B2,Daily_Life,General_Interactions
4905,step forward,C1,Society_Law_Politics,Law_Crime
4906,step in,B1,Daily_Life,General_Interactions
4907,step on it,B2,Daily_Life,General_Interactions
4908,step out,B1,Daily_Life,General_Interactions
4909,step up,B1,Daily_Life,General_Interactions
4910,stick around,C1,Daily_Life,General_Interactions
4911,stick at sth,C1,Daily_Life,General_Interactions
4912,stick by sb,C1,Daily_Life,General_Interactions
4913,stick down,B2,Daily_Life,General_Interactions
4914,stick out,B2,Daily_Life,General_Interactions
4915,stick to sth,C1,Daily_Life,General_Interactions
4916,stick together,C2,Daily_Life,General_Interactions
4917,stick up,B1,Daily_Life,General_Interactions
4918,stick up for sb/sth,C2,Daily_Life,General_Interactions
4919,stick with sb/sth,C2,Daily_Life,General_Interactions
4920,stir in,B1,Daily_Life,General_Interactions
4921,stir up sth,C1,Daily_Life,General_Interactions
4922,stitch up,B2,Daily_Life,General_Interactions
4923,stock up on sth,C2,Business_Finance_Economy,Business_Management
4924,stop around,C1,Daily_Life,General_Interactions
4925,stop at,B1,Daily_Life,General_Interactions
4926,stop behind,C1,Daily_Life,General_Interactions
4927,stop by,B1,Daily_Life,General_Interactions
4928,stop in,B1,Daily_Life,General_Interactions
4929,stop off,B1,Daily_Life,General_Interactions
4930,stop on,B1,Daily_Life,General_Interactions
4931,stop out,B1,Daily_Life,General_Interactions
4932,stop over,B2,Daily_Life,General_Interactions
4933,stop up,B1,Daily_Life,General_Interactions
4934,store up,B1,Daily_Life,Shopping_Everyday
4935,stow away,B2,Daily_Life,General_Interactions
4936,straighten out,C2,Technology_Digital,Artificial_Intelligence
4937,straighten up,C2,Technology_Digital,Artificial_Intelligence
4938,stretch out,C1,Daily_Life,General_Interactions
4939,stride out,B2,Daily_Life,General_Interactions
4940,strike back,C1,Daily_Life,General_Interactions
4941,strike out,B2,Daily_Life,General_Interactions
4942,string along sb,C2,Daily_Life,General_Interactions
4943,string together,C2,Daily_Life,General_Interactions
4944,strip down,B2,Travel_Transportation,Hotels_Tourism
4945,strip off,B2,Travel_Transportation,Hotels_Tourism
4946,struggle on,C1,Daily_Life,General_Interactions
4947,stub out,B1,Daily_Life,General_Interactions
4948,stuff up,B1,Daily_Life,General_Interactions
4949,stumble across,C2,Daily_Life,General_Interactions
4950,stumble on,B2,Daily_Life,General_Interactions
4951,submit to sb/sth,C2,Daily_Life,General_Interactions
4952,subscribe to sth,C2,Daily_Life,General_Interactions
4953,succeed in sth,C2,Daily_Life,General_Interactions
4954,suffer from sth,C2,Health_Medicine,Illness_Diseases
4955,sum up sb/sth,C2,Daily_Life,General_Interactions
4956,summon up,B2,Daily_Life,General_Interactions
4957,supply with,C1,Business_Finance_Economy,Economy_Markets
4958,surrender to sb/sth,C2,Daily_Life,General_Interactions
4959,surround with sb/sth,C2,Daily_Life,General_Interactions
4960,survive on sth,C2,Daily_Life,General_Interactions
4961,suspect of sb/sth,C2,Daily_Life,General_Interactions
4962,suspend from,C1,Daily_Life,General_Interactions
4963,suss out sb/sth,C2,Daily_Life,General_Interactions
4964,swallow up,B2,Daily_Life,General_Interactions
4965,swear by sb/sth,C2,Daily_Life,General_Interactions
4966,swear in,B1,Daily_Life,General_Interactions
4967,swear off,B2,Daily_Life,General_Interactions
4968,sweat out,B2,Health_Medicine,Healthcare_Hospital
4969,sweep away,B2,Daily_Life,General_Interactions
4970,sweep through,C2,Daily_Life,General_Interactions
4971,sweep up,B1,Daily_Life,General_Interactions
4972,swell up,B1,Daily_Life,General_Interactions
4973,switch off,B2,Daily_Life,General_Interactions
4974,switch on,B2,Daily_Life,General_Interactions
4975,switch over,C1,Daily_Life,General_Interactions
4976,swot up,B1,Daily_Life,General_Interactions
4977,sympathise with sb,C2,Daily_Life,General_Interactions
4978,tack on,B1,Daily_Life,General_Interactions
4979,tag along,B2,Daily_Life,General_Interactions
4980,tail away,B2,Technology_Digital,Artificial_Intelligence
4981,tail off,B1,Technology_Digital,Artificial_Intelligence
4982,take aback,B2,Daily_Life,General_Interactions
4983,take after sb,C2,Daily_Life,General_Interactions
4984,take apart sth,C2,Communication_Media_Arts,Arts_Creativity
4985,take around sb,C2,Daily_Life,General_Interactions
4986,take aside sb,C2,Daily_Life,General_Interactions
4987,take away sth,C2,Daily_Life,General_Interactions
4988,take back sth,C2,Daily_Life,General_Interactions
4989,take down sth,C2,Daily_Life,General_Interactions
4990,take in sb/sth,C2,Daily_Life,General_Interactions
4991,take off sth,C1,Travel_Transportation,Air_Travel
4992,take on sb/sth,C2,Daily_Life,General_Interactions
4993,take out sth,C1,Daily_Life,General_Interactions
4994,take over,B2,Daily_Life,General_Interactions
4995,take round sb,C2,Daily_Life,General_Interactions
4996,take through sb,C2,Daily_Life,General_Interactions
4997,take to sb/sth,C2,Daily_Life,General_Interactions
4998,take up on sth,C2,Daily_Life,General_Interactions
4999,take up sth,C1,Daily_Life,General_Interactions
5000,talk about sb/sth,C2,Education,Classroom_Interaction
5001,talk around/round sb,C2,Education,Classroom_Interaction
5002,talk back,B2,Education,Classroom_Interaction
5003,talk down to sb,C2,Education,Classroom_Interaction
5004,talk into sb,C1,Education,Classroom_Interaction
5005,talk out of sb,C2,Education,Classroom_Interaction
5006,talk over sth,C2,Education,Classroom_Interaction
5007,talk round sb,C2,Education,Classroom_Interaction
5008,talk through sth,C2,Education,Classroom_Interaction
5009,talk to sb,B2,Education,Classroom_Interaction
5010,talk up sb/sth,C2,Education,Classroom_Interaction
5011,tamper with sth,C2,Daily_Life,General_Interactions
5012,tangle with sb/sth,C2,Daily_Life,General_Interactions
5013,taper off,B2,Daily_Life,General_Interactions
5014,team up,B1,Daily_Life,General_Interactions
5015,tear apart sb/sth,C2,Communication_Media_Arts,Arts_Creativity
5016,tear away sb,C1,Daily_Life,General_Interactions
5017,tear down sth,C2,Daily_Life,General_Interactions
5018,tear into sb/sth,C2,Daily_Life,General_Interactions
5019,tear off sth,C1,Daily_Life,General_Interactions
5020,tear out,B1,Daily_Life,General_Interactions
5021,tear up sth,C1,Daily_Life,General_Interactions
5022,tee off,B1,Daily_Life,General_Interactions
5023,tell against sb,C2,Technology_Digital,Artificial_Intelligence
5024,tell apart sb/sth,C2,Communication_Media_Arts,Arts_Creativity
5025,tell from sb/sth,C2,Communication_Media_Arts,Speaking_Expressions
5026,tell off sb,C1,Communication_Media_Arts,Speaking_Expressions
5027,tell on sb,B2,Communication_Media_Arts,Speaking_Expressions
5028,tempt into,B2,Daily_Life,General_Interactions
5029,tend to sb/sth,C2,Daily_Life,General_Interactions
5030,test out sth,C1,Education,Exams_Assessments
5031,text back sb,C1,Daily_Life,General_Interactions
5032,thaw out sth,C1,Daily_Life,General_Interactions
5033,think about sb/sth,C2,Daily_Life,General_Interactions
5034,think ahead,C1,Daily_Life,General_Interactions
5035,think back,B2,Daily_Life,General_Interactions
5036,think of sb/sth,C2,Daily_Life,General_Interactions
5037,think out sth,C2,Daily_Life,General_Interactions
5038,think over sth,C2,Daily_Life,General_Interactions
5039,think through sth,C2,Daily_Life,General_Interactions
5040,think up sth,C1,Daily_Life,General_Interactions
5041,thrash out sth,C2,Daily_Life,General_Interactions
5042,thread through,C2,Communication_Media_Arts,Speaking_Expressions
5043,threaten with,C2,Health_Medicine,Healthcare_Hospital
5044,thrive on sth,C2,Daily_Life,General_Interactions
5045,throw about,C1,Daily_Life,General_Interactions
5046,throw away sth,C2,Daily_Life,General_Interactions
5047,throw back sth,C2,Daily_Life,General_Interactions
5048,throw down,B2,Daily_Life,General_Interactions
5049,throw in,B1,Daily_Life,General_Interactions
5050,throw off sb/sth,C2,Daily_Life,General_Interactions
5051,throw on,B1,Daily_Life,General_Interactions
5052,throw open,B2,Daily_Life,General_Interactions
5053,throw out sb/sth,C2,Daily_Life,General_Interactions
5054,throw over,B2,Daily_Life,General_Interactions
5055,throw together,C2,Daily_Life,General_Interactions
5056,throw up sth,C1,Daily_Life,General_Interactions
5057,tick off sb,C1,Daily_Life,General_Interactions
5058,tide over,B2,Daily_Life,General_Interactions
5059,tidy away sth,C2,Daily_Life,General_Interactions
5060,tidy up,B1,Daily_Life,General_Interactions
5061,tie back,B1,Daily_Life,General_Interactions
5062,tie down,B1,Daily_Life,General_Interactions
5063,tie in,A2,Daily_Life,General_Interactions
5064,tie in with sb/sth,C2,Daily_Life,General_Interactions
5065,tie on,A2,Daily_Life,General_Interactions
5066,tie up,A2,Daily_Life,General_Interactions
5067,time out,B1,Daily_Life,Time_Management
5068,tip off sb,B2,Daily_Life,General_Interactions
5069,tip out,B1,Daily_Life,General_Interactions
5070,tip over,B1,Daily_Life,General_Interactions
5071,tire of sb/sth,C2,Daily_Life,General_Interactions
5072,tire out sb,C1,Daily_Life,General_Interactions
5073,top up,A2,Daily_Life,General_Interactions
5074,toss off,B1,Daily_Life,General_Interactions
5075,toss up,B1,Daily_Life,General_Interactions
5076,total up,B1,Daily_Life,General_Interactions
5077,touch down,B2,Daily_Life,General_Interactions
5078,touch on/upon sth,C2,Daily_Life,General_Interactions
5079,touch up,B1,Daily_Life,General_Interactions
5080,toughen up,B2,Daily_Life,General_Interactions
5081,tow away,B1,Daily_Life,General_Interactions
5082,track down sb/sth,C2,Daily_Life,General_Interactions
5083,trade in,B1,Business_Finance_Economy,Economy_Markets
5084,trade off,B2,Business_Finance_Economy,Economy_Markets
5085,trail off,B2,Technology_Digital,Artificial_Intelligence
5086,train up,B1,Technology_Digital,Artificial_Intelligence
5087,trample on sb/sth,C2,Travel_Transportation,Public_Transport
5088,transfer to,C1,Daily_Life,General_Interactions
5089,transform into,C2,Daily_Life,General_Interactions
5090,translate into,C2,Daily_Life,General_Interactions
5091,treat to,B1,Health_Medicine,Healthcare_Hospital
5092,trick into,B2,Daily_Life,General_Interactions
5093,trick out,B2,Daily_Life,General_Interactions
5094,trim back,B2,Daily_Life,General_Interactions
5095,trim down,B2,Daily_Life,General_Interactions
5096,trip over,B2,Travel_Transportation,Hotels_Tourism
5097,trip up,B1,Travel_Transportation,Hotels_Tourism
5098,triumph over,C1,Daily_Life,General_Interactions
5099,troop in,B1,Daily_Life,General_Interactions
5100,troop out,B2,Daily_Life,General_Interactions
5101,trot out,B1,Daily_Life,General_Interactions
5102,trouble with,C1,Daily_Life,General_Interactions
5103,trust in sb/sth,C2,Daily_Life,General_Interactions
5104,trust to,B1,Daily_Life,General_Interactions
5105,try back,B1,Daily_Life,General_Interactions
5106,try for,B1,Daily_Life,General_Interactions
5107,try on sth,B2,Daily_Life,General_Interactions
5108,try out sth,C1,Daily_Life,General_Interactions
5109,tuck away,B2,Daily_Life,General_Interactions
5110,tuck in,B1,Daily_Life,General_Interactions
5111,tuck up,B1,Daily_Life,General_Interactions
5112,tumble down,C1,Daily_Life,General_Interactions
5113,tune in,B1,Daily_Life,General_Interactions
5114,tune up,B1,Daily_Life,General_Interactions
5115,turn against sb/sth,C2,Technology_Digital,Artificial_Intelligence
5116,turn around,C1,Daily_Life,General_Interactions
5117,turn away sb,C1,Daily_Life,General_Interactions
5118,turn back,B2,Daily_Life,General_Interactions
5119,turn down,B2,Daily_Life,General_Interactions
5120,turn in,B1,Daily_Life,General_Interactions
5121,turn into sth,C2,Daily_Life,General_Interactions
5122,turn off,B1,Daily_Life,General_Interactions
5123,turn on,B1,Daily_Life,General_Interactions
5124,turn out,B1,Daily_Life,General_Interactions
5125,turn over,B2,Daily_Life,General_Interactions
5126,turn round,B2,Daily_Life,General_Interactions
5127,turn to sb/sth,C2,Daily_Life,General_Interactions
5128,turn up,B1,Daily_Life,General_Interactions
5129,type in sth,C1,Daily_Life,General_Interactions
5130,type out,B1,Daily_Life,General_Interactions
5131,type up,B1,Daily_Life,General_Interactions
5132,unite with,B2,Daily_Life,General_Interactions
5133,urge on,B1,Daily_Life,General_Interactions
5134,use up,A2,Daily_Life,General_Interactions
5135,usher in,B1,Daily_Life,General_Interactions
5136,vary with,B2,Daily_Life,General_Interactions
5137,veg out,B1,Daily_Life,General_Interactions
5138,venture into,C1,Business_Finance_Economy,Entrepreneurship
5139,visit with,B2,Daily_Life,General_Interactions
5140,vouch for,B2,Daily_Life,General_Interactions
5141,wait about,B2,Technology_Digital,Artificial_Intelligence
5142,wait around,C1,Technology_Digital,Artificial_Intelligence
5143,wait behind,C1,Technology_Digital,Artificial_Intelligence
5144,wait for sb/sth,C2,Technology_Digital,Artificial_Intelligence
5145,wait on,B1,Technology_Digital,Artificial_Intelligence
5146,wait up,B1,Technology_Digital,Artificial_Intelligence
5147,wake up,B1,Daily_Life,General_Interactions
5148,wake up to sth,C2,Daily_Life,General_Interactions
5149,walk away,B2,Daily_Life,General_Interactions
5150,walk back,B2,Daily_Life,General_Interactions
5151,walk in,B1,Daily_Life,General_Interactions
5152,walk into sth,C2,Daily_Life,General_Interactions
5153,walk off,B1,Daily_Life,General_Interactions
5154,walk off with sth,C2,Daily_Life,General_Interactions
5155,walk on,B1,Daily_Life,General_Interactions
5156,walk out,B1,Daily_Life,General_Interactions
5157,walk out on sb,C2,Daily_Life,General_Interactions
5158,walk over sb,C1,Daily_Life,General_Interactions
5159,walk round,B2,Daily_Life,General_Interactions
5160,walk through,C1,Daily_Life,General_Interactions
5161,walk up,B1,Daily_Life,General_Interactions
5162,wander off,B2,Daily_Life,General_Interactions
5163,warm over,B2,Society_Law_Politics,Law_Crime
5164,warm to sb/sth,C2,Society_Law_Politics,Law_Crime
5165,warm up,B1,Society_Law_Politics,Law_Crime
5166,warn against,C1,Technology_Digital,Artificial_Intelligence
5167,warn off,B1,Society_Law_Politics,Law_Crime
5168,wash away,B2,Daily_Life,General_Interactions
5169,wash down,B2,Daily_Life,General_Interactions
5170,wash off,B1,Daily_Life,General_Interactions
5171,wash out,B1,Daily_Life,General_Interactions
5172,wash over,B2,Daily_Life,General_Interactions
5173,wash up,B1,Daily_Life,General_Interactions
5174,waste away,B2,Daily_Life,General_Interactions
5175,watch for sb/sth,C2,Daily_Life,General_Interactions
5176,watch out,B2,Daily_Life,General_Interactions
5177,watch out for sb/sth,C2,Daily_Life,General_Interactions
5178,watch over sb/sth,C2,Daily_Life,General_Interactions
5179,water down,B2,Daily_Life,General_Interactions
5180,wave aside,B2,Daily_Life,General_Interactions
5181,wave away,B2,Daily_Life,General_Interactions
5182,wave on,B1,Daily_Life,General_Interactions
5183,wave through,C1,Daily_Life,General_Interactions
5184,wear away,B2,Daily_Life,General_Interactions
5185,wear down,B2,Daily_Life,General_Interactions
5186,wear off,B1,Daily_Life,General_Interactions
5187,wear on,B1,Daily_Life,General_Interactions
5188,wear out,B1,Daily_Life,General_Interactions
5189,wear through,C1,Daily_Life,General_Interactions
5190,weary of,B1,Daily_Life,General_Interactions
5191,weave through,C2,Daily_Life,General_Interactions
5192,weed out,B1,Daily_Life,General_Interactions
5193,weigh down sb,C2,Daily_Life,General_Interactions
5194,weigh in,B1,Daily_Life,General_Interactions
5195,weigh out,B2,Daily_Life,General_Interactions
5196,weigh up,B1,Daily_Life,General_Interactions
5197,welcome back,C1,Daily_Life,General_Interactions
5198,welcome in,B2,Daily_Life,General_Interactions
5199,well up,B1,Daily_Life,General_Interactions
5200,while away,B2,Daily_Life,General_Interactions
5201,while on,B1,Daily_Life,General_Interactions
5202,whisper about,C2,Daily_Life,General_Interactions
5203,whistle up,B2,Daily_Life,General_Interactions
5204,win around/round sb,C2,Daily_Life,General_Interactions
5205,win back,B1,Daily_Life,General_Interactions
5206,win out,B1,Daily_Life,General_Interactions
5207,win over,B1,Daily_Life,General_Interactions
5208,win through,C1,Daily_Life,General_Interactions
5209,wind back,B2,Daily_Life,General_Interactions
5210,wind down,B2,Daily_Life,General_Interactions
5211,wind on,B1,Daily_Life,General_Interactions
5212,wind up,B1,Daily_Life,General_Interactions
5213,wipe away,B2,Daily_Life,General_Interactions
5214,wipe off,B1,Daily_Life,General_Interactions
5215,wipe out,B1,Daily_Life,General_Interactions
5216,wipe over,B2,Daily_Life,General_Interactions
5217,wipe up,B1,Daily_Life,General_Interactions
5218,wire up,B1,Daily_Life,General_Interactions
5219,wish for,B1,Daily_Life,General_Interactions
5220,withdraw from,C2,Business_Finance_Economy,Finance_Banking
5221,wonder at,B2,Daily_Life,General_Interactions
5222,work against,C1,Business_Finance_Economy,Jobs_Careers
5223,work around,C1,Business_Finance_Economy,Jobs_Careers
5224,work at,B1,Business_Finance_Economy,Jobs_Careers
5225,work in,B1,Business_Finance_Economy,Jobs_Careers
5226,work off,B1,Business_Finance_Economy,Jobs_Careers
5227,work on,B1,Business_Finance_Economy,Jobs_Careers
5228,work over,B2,Business_Finance_Economy,Jobs_Careers
5229,work through,C1,Business_Finance_Economy,Jobs_Careers
5230,work towards,C1,Business_Finance_Economy,Jobs_Careers
5231,work up,B1,Business_Finance_Economy,Jobs_Careers
5232,worry about sb/sth,C2,Psychology_Emotions,Stress_Mental_State
5233,worry over,B2,Psychology_Emotions,Stress_Mental_State
5234,worse off,B2,Daily_Life,General_Interactions
5235,wrap around,C1,Daily_Life,General_Interactions
5236,wrap up,B1,Daily_Life,General_Interactions
5237,write down,B2,Communication_Media_Arts,Writing_Language
5238,write in,B1,Communication_Media_Arts,Writing_Language
5239,write off,B2,Communication_Media_Arts,Writing_Language
5240,write out,B2,Communication_Media_Arts,Writing_Language
5241,write up,B1,Communication_Media_Arts,Writing_Language
5242,wrong foot,B2,Daily_Life,General_Interactions
5243,yield to,B1,Daily_Life,General_Interactions
5244,zero in,B1,Daily_Life,General_Interactions
5245,zero in on,B2,Daily_Life,General_Interactions
5246,zip around,B2,Daily_Life,General_Interactions
5247,zip up,A2,Daily_Life,General_Interactions
5248,zone in,B1,Daily_Life,General_Interactions
5249,zone out,B1,Daily_Life,General_Interactions
5250,zoom in,B1,Daily_Life,General_Interactions
5251,zoom out,B1,Daily_Life,General_Interactions
5252,assess,B1,Daily_Life,General_Interactions
5253,carefully,B2,Travel_Transportation,Road_Travel
5254,concept,B1,Daily_Life,General_Interactions
5255,deduct,A2,Daily_Life,General_Interactions
5256,dispersal,B2,Daily_Life,General_Interactions
5257,emphasis,A2,Daily_Life,General_Interactions
5258,esthetic,B1,Daily_Life,General_Interactions
5259,forfeiture,B2,Daily_Life,General_Interactions
5260,inhabit,B1,Psychology_Emotions,Behavior
5261,intelligent,B1,Communication_Media_Arts,Speaking_Expressions
5262,liberal,A2,Daily_Life,General_Interactions
5263,mass,A1,Daily_Life,General_Interactions
5264,negate,B2,Daily_Life,General_Interactions
5265,obligation,B2,Daily_Life,General_Interactions
5266,obstacle,B1,Daily_Life,General_Interactions
5267,oval,A1,Daily_Life,General_Interactions
5268,sustain,B1,Technology_Digital,Artificial_Intelligence
5269,(of) great importance,B1,Health_Medicine,Healthcare_Hospital
5270,learned,B1,Education,Learning_Skills
5271,"a ""yawning gap",B1,Daily_Life,General_Interactions
5272,abandon,B1,Daily_Life,General_Interactions
5273,abbey,B1,Daily_Life,General_Interactions
5274,abstract,B1,Psychology_Emotions,Behavior
5275,academy,B1,Daily_Life,General_Interactions
5276,access,B1,Daily_Life,General_Interactions
5277,accommodate,B1,Daily_Life,General_Interactions
5278,accompany,B1,Business_Finance_Economy,Business_Management
5279,accumulate,B1,Daily_Life,General_Interactions
5280,accurate,B1,Business_Finance_Economy,Economy_Markets
5281,achieve,B1,Daily_Life,General_Interactions
5282,acknowledge,B1,Education,Learning_Skills
5283,acquire,B1,Daily_Life,General_Interactions
5284,act,B1,Psychology_Emotions,Behavior
5285,adapt,B1,Daily_Life,General_Interactions
5286,adequate,B1,Daily_Life,General_Interactions
5287,adjacent,B1,Daily_Life,General_Interactions
5288,adjust,B1,Daily_Life,General_Interactions
5289,administer,B1,Society_Law_Politics,Government_Politics
5290,advocate,B1,Daily_Life,General_Interactions
5291,affect,B1,Daily_Life,General_Interactions
5292,afghanistan,B1,Daily_Life,General_Interactions
5293,african,B1,Daily_Life,General_Interactions
5294,aggregate,B1,Daily_Life,General_Interactions
5295,aid,B1,Technology_Digital,Artificial_Intelligence
5296,albeit,B1,Daily_Life,General_Interactions
5297,allocate,B1,Daily_Life,General_Interactions
5298,alter,B1,Daily_Life,General_Interactions
5299,alternative,B1,Daily_Life,General_Interactions
5300,ambiguous,B1,Daily_Life,General_Interactions
5301,amend,B1,Daily_Life,General_Interactions
5302,american,B1,Daily_Life,General_Interactions
5303,analogy,B1,Daily_Life,General_Interactions
5304,analyze,B1,Daily_Life,General_Interactions
5305,andalusia,B1,Daily_Life,General_Interactions
5306,annual,B1,Daily_Life,General_Interactions
5307,anthony,B1,Daily_Life,General_Interactions
5308,anticipate,B1,Daily_Life,General_Interactions
5309,antique,B1,Daily_Life,General_Interactions
5310,apparent,B1,Daily_Life,Home_Housing
5311,append,B1,Technology_Digital,Software_Internet
5312,appreciate,B1,Technology_Digital,Software_Internet
5313,approach,B1,Technology_Digital,Software_Internet
5314,approximate,B1,Technology_Digital,Software_Internet
5315,arbitrary,B1,Daily_Life,General_Interactions
5316,area,B1,Daily_Life,General_Interactions
5317,aspect,B1,Daily_Life,General_Interactions
5318,assemble,B1,Daily_Life,General_Interactions
5319,assess,B1,Daily_Life,General_Interactions
5320,assign,B1,Daily_Life,General_Interactions
5321,assist,B1,Daily_Life,General_Interactions
5322,assume,B1,Daily_Life,General_Interactions
5323,assure,B1,Daily_Life,General_Interactions
5324,atlantic,B1,Daily_Life,General_Interactions
5325,attach,B1,Daily_Life,General_Interactions
5326,attain,B1,Technology_Digital,Artificial_Intelligence
5327,attitude,B1,Psychology_Emotions,Behavior
5328,attribute,B1,Daily_Life,General_Interactions
5329,author,B1,Daily_Life,General_Interactions
5330,authority,B1,Daily_Life,General_Interactions
5331,automate,B1,Daily_Life,General_Interactions
5332,available,B1,Technology_Digital,Artificial_Intelligence
5333,aware,B1,Society_Law_Politics,Law_Crime
5334,bank,B1,Business_Finance_Economy,Finance_Banking
5335,behalf,B1,Daily_Life,General_Interactions
5336,belgium,B1,Daily_Life,General_Interactions
5337,benefit,B1,Health_Medicine,Healthcare_Hospital
5338,bias,B1,Daily_Life,General_Interactions
5339,bond,B1,Daily_Life,General_Interactions
5340,brief,B1,Daily_Life,General_Interactions
5341,british,B1,Daily_Life,General_Interactions
5342,bronze,B1,Daily_Life,General_Interactions
5343,bulk,B1,Daily_Life,General_Interactions
5344,canal,B1,Daily_Life,General_Interactions
5345,capable,B1,Daily_Life,General_Interactions
5346,capacity,B1,Daily_Life,General_Interactions
5347,category,B1,Daily_Life,General_Interactions
5348,cease,B1,Daily_Life,General_Interactions
5349,challenge,B1,Daily_Life,General_Interactions
5350,channel,B1,Daily_Life,General_Interactions
5351,chapter,B1,Daily_Life,General_Interactions
5352,chart,B1,Communication_Media_Arts,Arts_Creativity
5353,chemical,B1,Daily_Life,General_Interactions
5354,chemistry,B1,Science_Nature,Physics_Chemistry
5355,circumstance,B1,Daily_Life,General_Interactions
5356,cite,B1,Daily_Life,General_Interactions
5357,civil,B1,Daily_Life,General_Interactions
5358,clarify,B1,Daily_Life,General_Interactions
5359,classic,B1,Education,University_School
5360,clause,B1,Daily_Life,General_Interactions
5361,club,B1,Daily_Life,General_Interactions
5362,code,B1,Technology_Digital,Software_Internet
5363,coherent,B1,Daily_Life,Home_Housing
5364,coincide,B1,Daily_Life,General_Interactions
5365,collapse,B1,Daily_Life,General_Interactions
5366,colleague,B1,Daily_Life,General_Interactions
5367,commence,B1,Daily_Life,General_Interactions
5368,comment,B1,Communication_Media_Arts,Opinion_Discussion
5369,commission,B1,Daily_Life,General_Interactions
5370,commit,B1,Daily_Life,General_Interactions
5371,commodity,B1,Daily_Life,General_Interactions
5372,communicate,B1,Communication_Media_Arts,Speaking_Expressions
5373,community,B1,Daily_Life,General_Interactions
5374,company,B1,Business_Finance_Economy,Business_Management
5375,compatible,B1,Daily_Life,General_Interactions
5376,compensate,B1,Daily_Life,General_Interactions
5377,compile,B1,Daily_Life,General_Interactions
5378,complement,B1,Daily_Life,General_Interactions
5379,complex,B1,Daily_Life,General_Interactions
5380,component,B1,Daily_Life,General_Interactions
5381,compound,B1,Daily_Life,General_Interactions
5382,comprehensive,B1,Daily_Life,General_Interactions
5383,comprise,B1,Daily_Life,General_Interactions
5384,compute,B1,Daily_Life,General_Interactions
5385,conceive,B1,Daily_Life,General_Interactions
5386,concentrate,B1,Business_Finance_Economy,Economy_Markets
5387,concept,B1,Daily_Life,General_Interactions
5388,conclude,B1,Daily_Life,General_Interactions
5389,concurrent,B1,Daily_Life,Home_Housing
5390,conduct,B1,Daily_Life,General_Interactions
5391,confer,B1,Daily_Life,General_Interactions
5392,confine,B1,Daily_Life,General_Interactions
5393,confirm,B1,Daily_Life,General_Interactions
5394,conflict,B1,Society_Law_Politics,Law_Crime
5395,conform,B1,Daily_Life,General_Interactions
5396,consent,B1,Daily_Life,General_Interactions
5397,consequent,B1,Daily_Life,General_Interactions
5398,consequently,B1,Daily_Life,General_Interactions
5399,considerable,B1,Daily_Life,General_Interactions
5400,consist,B1,Daily_Life,General_Interactions
5401,constant,B1,Daily_Life,General_Interactions
5402,constitute,B1,Daily_Life,General_Interactions
5403,constrain,B1,Technology_Digital,Artificial_Intelligence
5404,construct,B1,Daily_Life,General_Interactions
5405,consult,B1,Daily_Life,General_Interactions
5406,consume,B1,Daily_Life,General_Interactions
5407,contact,B1,Psychology_Emotions,Behavior
5408,contemporary,B1,Daily_Life,General_Interactions
5409,context,B1,Daily_Life,General_Interactions
5410,contract,B1,Psychology_Emotions,Behavior
5411,contradict,B1,Daily_Life,General_Interactions
5412,contrary,B1,Daily_Life,General_Interactions
5413,contrast,B1,Daily_Life,General_Interactions
5414,contribute,B1,Daily_Life,General_Interactions
5415,controversy,B1,Daily_Life,General_Interactions
5416,convene,B1,Daily_Life,General_Interactions
5417,converse,B1,Daily_Life,General_Interactions
5418,conversely,B1,Daily_Life,General_Interactions
5419,convert,B1,Daily_Life,General_Interactions
5420,convince,B1,Daily_Life,General_Interactions
5421,cooperate,B1,Business_Finance_Economy,Economy_Markets
5422,coordinate,B1,Daily_Life,General_Interactions
5423,core,B1,Daily_Life,General_Interactions
5424,corporate,B1,Business_Finance_Economy,Economy_Markets
5425,correspond,B1,Daily_Life,General_Interactions
5426,couple,B1,Daily_Life,General_Interactions
5427,create,B1,Health_Medicine,Healthcare_Hospital
5428,credit,B1,Daily_Life,General_Interactions
5429,crikey,B1,Daily_Life,General_Interactions
5430,criteria,B1,Daily_Life,General_Interactions
5431,crucial,B1,Daily_Life,General_Interactions
5432,culture,B1,Daily_Life,General_Interactions
5433,currency,B1,Daily_Life,General_Interactions
5434,cut,B1,Daily_Life,General_Interactions
5435,cycle,B1,Daily_Life,General_Interactions
5436,d-shaped,B1,Daily_Life,General_Interactions
5437,data,B1,Science_Nature,Research_Methods
5438,debate,B1,Communication_Media_Arts,Opinion_Discussion
5439,decade,B1,Daily_Life,General_Interactions
5440,decline,B1,Daily_Life,General_Interactions
5441,deduce,B1,Daily_Life,General_Interactions
5442,define,B1,Daily_Life,General_Interactions
5443,definite,B1,Daily_Life,General_Interactions
5444,demonstrate,B1,Business_Finance_Economy,Economy_Markets
5445,denote,B1,Daily_Life,General_Interactions
5446,deny,B1,Daily_Life,General_Interactions
5447,depress,B1,Communication_Media_Arts,Media_Journalism
5448,derive,B1,Daily_Life,General_Interactions
5449,design,B1,Communication_Media_Arts,Arts_Creativity
5450,despite,B1,Daily_Life,General_Interactions
5451,detect,B1,Daily_Life,General_Interactions
5452,deviate,B1,Daily_Life,General_Interactions
5453,device,B1,Technology_Digital,Devices_Hardware
5454,devote,B1,Society_Law_Politics,Government_Politics
5455,differentiate,B1,Daily_Life,Home_Housing
5456,dimension,B1,Daily_Life,General_Interactions
5457,diminish,B1,Daily_Life,General_Interactions
5458,discrete,B1,Daily_Life,General_Interactions
5459,discriminate,B1,Daily_Life,General_Interactions
5460,displace,B1,Daily_Life,General_Interactions
5461,display,B1,Communication_Media_Arts,Speaking_Expressions
5462,dispose,B1,Daily_Life,General_Interactions
5463,dissenting,B1,Daily_Life,General_Interactions
5464,distinct,B1,Daily_Life,General_Interactions
5465,distort,B1,Daily_Life,General_Interactions
5466,distribute,B1,Daily_Life,General_Interactions
5467,diverse,B1,Daily_Life,General_Interactions
5468,document,B1,Daily_Life,General_Interactions
5469,domain,B1,Technology_Digital,Artificial_Intelligence
5470,domestic,B1,Daily_Life,General_Interactions
5471,dominate,B1,Daily_Life,General_Interactions
5472,draft,B1,Daily_Life,General_Interactions
5473,drama,B1,Daily_Life,General_Interactions
5474,duration,B1,Daily_Life,General_Interactions
5475,dutch,B1,Daily_Life,General_Interactions
5476,dynamic,B1,Daily_Life,General_Interactions
5477,earth,B1,Communication_Media_Arts,Arts_Creativity
5478,ecole,B1,Daily_Life,General_Interactions
5479,economy,B1,Business_Finance_Economy,Economy_Markets
5480,edit,B1,Daily_Life,General_Interactions
5481,effect,B1,Daily_Life,General_Interactions
5482,efforts,B1,Daily_Life,General_Interactions
5483,element,B1,Daily_Life,General_Interactions
5484,eliminate,B1,Daily_Life,General_Interactions
5485,emerge,B1,Daily_Life,General_Interactions
5486,emphasis,B1,Daily_Life,General_Interactions
5487,empirical,B1,Daily_Life,General_Interactions
5488,enable,B1,Daily_Life,General_Interactions
5489,encounter,B1,Daily_Life,General_Interactions
5490,energy,B1,Science_Nature,Physics_Chemistry
5491,enforce,B1,Science_Nature,Physics_Chemistry
5492,engine,B1,Daily_Life,General_Interactions
5493,enhance,B1,Daily_Life,General_Interactions
5494,enormous,B1,Daily_Life,General_Interactions
5495,ensure,B1,Daily_Life,General_Interactions
5496,entity,B1,Daily_Life,General_Interactions
5497,environment,B1,Science_Nature,Environment_Ecology
5498,equate,B1,Daily_Life,General_Interactions
5499,equip,B1,Daily_Life,General_Interactions
5500,equivalent,B1,Daily_Life,General_Interactions
5501,erode,B1,Daily_Life,General_Interactions
5502,error,B1,Daily_Life,General_Interactions
5503,establish,B1,Daily_Life,General_Interactions
5504,estate,B1,Daily_Life,General_Interactions
5505,estimate,B1,Daily_Life,General_Interactions
5506,ethic,B1,Daily_Life,General_Interactions
5507,ethnic,B1,Daily_Life,General_Interactions
5508,european,B1,Daily_Life,General_Interactions
5509,evaluate,B1,Daily_Life,General_Interactions
5510,eventual,B1,Daily_Life,General_Interactions
5511,evidence,B1,Daily_Life,General_Interactions
5512,evolve,B1,Daily_Life,General_Interactions
5513,exceed,B1,Daily_Life,General_Interactions
5514,exclude,B1,Daily_Life,General_Interactions
5515,exhibit,B1,Daily_Life,General_Interactions
5516,expand,B1,Daily_Life,General_Interactions
5517,expert,B1,Daily_Life,General_Interactions
5518,explicit,B1,Daily_Life,General_Interactions
5519,exploit,B1,Daily_Life,General_Interactions
5520,export,B1,Daily_Life,General_Interactions
5521,expose,B1,Daily_Life,General_Interactions
5522,extensive,B1,Daily_Life,General_Interactions
5523,external,B1,Daily_Life,General_Interactions
5524,extract,B1,Psychology_Emotions,Behavior
5525,facilitate,B1,Daily_Life,General_Interactions
5526,factor,B1,Psychology_Emotions,Behavior
5527,feature,B1,Health_Medicine,Healthcare_Hospital
5528,federal,B1,Daily_Life,General_Interactions
5529,fee,B1,Daily_Life,General_Interactions
5530,file,B1,Daily_Life,General_Interactions
5531,final,B1,Daily_Life,General_Interactions
5532,finance,B1,Business_Finance_Economy,Finance_Banking
5533,finite,B1,Daily_Life,General_Interactions
5534,flexible,B1,Daily_Life,General_Interactions
5535,flight,B1,Travel_Transportation,Air_Travel
5536,fluctuate,B1,Daily_Life,General_Interactions
5537,flying,B1,Daily_Life,General_Interactions
5538,focus,B1,Daily_Life,General_Interactions
5539,format,B1,Daily_Life,General_Interactions
5540,formula,B1,Daily_Life,General_Interactions
5541,forthcoming,B1,Daily_Life,General_Interactions
5542,found,B1,Daily_Life,General_Interactions
5543,foundation,B1,Daily_Life,General_Interactions
5544,framework,B1,Business_Finance_Economy,Jobs_Careers
5545,function,B1,Daily_Life,General_Interactions
5546,fund,B1,Business_Finance_Economy,Business_Management
5547,fundamental,B1,Health_Medicine,Mental_Health
5548,furthermore,B1,Daily_Life,General_Interactions
5549,gender,B1,Society_Law_Politics,Social_Issues
5550,generate,B1,Business_Finance_Economy,Economy_Markets
5551,generation,B1,Science_Nature,Biology_Life_Sciences
5552,globe,B1,Daily_Life,General_Interactions
5553,goal,B1,Psychology_Emotions,Motivation
5554,graceful,B1,Daily_Life,General_Interactions
5555,grade,B1,Education,Exams_Assessments
5556,grant,B1,Daily_Life,General_Interactions
5557,guarantee,B1,Daily_Life,General_Interactions
5558,guideline,B1,Travel_Transportation,Navigation_Directions
5559,hence,B1,Daily_Life,General_Interactions
5560,hierarchy,B1,Daily_Life,General_Interactions
5561,highlight,B1,Daily_Life,General_Interactions
5562,hypothesis,B1,Science_Nature,Research_Methods
5563,ice,B1,Daily_Life,General_Interactions
5564,identical,B1,Daily_Life,General_Interactions
5565,identify,B1,Daily_Life,General_Interactions
5566,ideology,B1,Daily_Life,General_Interactions
5567,ignorant,B1,Daily_Life,General_Interactions
5568,illustrate,B1,Business_Finance_Economy,Economy_Markets
5569,image,B1,Daily_Life,General_Interactions
5570,immense,B1,Daily_Life,General_Interactions
5571,immigrate,B1,Business_Finance_Economy,Economy_Markets
5572,impact,B1,Psychology_Emotions,Behavior
5573,implement,B1,Daily_Life,General_Interactions
5574,implicate,B1,Daily_Life,General_Interactions
5575,implicit,B1,Daily_Life,General_Interactions
5576,imply,B1,Daily_Life,General_Interactions
5577,impose,B1,Daily_Life,General_Interactions
5578,incentive,B1,Daily_Life,General_Interactions
5579,incidence,B1,Daily_Life,General_Interactions
5580,incline,B1,Daily_Life,General_Interactions
5581,income,B1,Business_Finance_Economy,Business_Management
5582,incorporate,B1,Business_Finance_Economy,Economy_Markets
5583,index,B1,Daily_Life,General_Interactions
5584,indicate,B1,Daily_Life,General_Interactions
5585,individual,B1,Daily_Life,General_Interactions
5586,induce,B1,Daily_Life,General_Interactions
5587,inevitable,B1,Daily_Life,General_Interactions
5588,infer,B1,Daily_Life,General_Interactions
5589,information,B1,Daily_Life,General_Interactions
5590,infrastructure,B1,Daily_Life,General_Interactions
5591,inherent,B1,Daily_Life,Home_Housing
5592,inhibit,B1,Daily_Life,General_Interactions
5593,initial,B1,Daily_Life,General_Interactions
5594,initiate,B1,Daily_Life,General_Interactions
5595,injure,B1,Daily_Life,General_Interactions
5596,innovate,B1,Daily_Life,General_Interactions
5597,input,B1,Daily_Life,General_Interactions
5598,insert,B1,Daily_Life,General_Interactions
5599,insight,B1,Daily_Life,General_Interactions
5600,inspect,B1,Daily_Life,General_Interactions
5601,instance,B1,Daily_Life,General_Interactions
5602,institute,B1,Daily_Life,General_Interactions
5603,instruct,B1,Daily_Life,General_Interactions
5604,integral,B1,Daily_Life,General_Interactions
5605,integrate,B1,Business_Finance_Economy,Economy_Markets
5606,integrity,B1,Daily_Life,General_Interactions
5607,intelligent,B1,Communication_Media_Arts,Speaking_Expressions
5608,intense,B1,Daily_Life,General_Interactions
5609,interact,B1,Psychology_Emotions,Behavior
5610,intermediate,B1,Communication_Media_Arts,Media_Journalism
5611,internal,B1,Daily_Life,General_Interactions
5612,international,B1,Daily_Life,General_Interactions
5613,interpret,B1,Daily_Life,General_Interactions
5614,interval,B1,Daily_Life,General_Interactions
5615,intervene,B1,Daily_Life,General_Interactions
5616,intrinsic,B1,Daily_Life,General_Interactions
5617,invest,B1,Business_Finance_Economy,Finance_Banking
5618,investigate,B1,Business_Finance_Economy,Finance_Banking
5619,invoke,B1,Daily_Life,General_Interactions
5620,involve,B1,Daily_Life,General_Interactions
5621,isolate,B1,Daily_Life,General_Interactions
5622,issue,B1,Daily_Life,General_Interactions
5623,it is a venomous snake,B1,Daily_Life,General_Interactions
5624,item,B1,Daily_Life,General_Interactions
5625,job,B1,Business_Finance_Economy,Jobs_Careers
5626,journal,B1,Communication_Media_Arts,Speaking_Expressions
5627,justify,B1,Daily_Life,General_Interactions
5628,label,B1,Science_Nature,Natural_Phenomena
5629,labor,B1,Science_Nature,Natural_Phenomena
5630,layer,B1,Daily_Life,General_Interactions
5631,lecture,B1,Education,University_School
5632,legal,B1,Society_Law_Politics,Law_Crime
5633,legislate,B1,Daily_Life,General_Interactions
5634,lego,B1,Daily_Life,General_Interactions
5635,levy,B1,Daily_Life,General_Interactions
5636,liberal,B1,Daily_Life,General_Interactions
5637,license,B1,Daily_Life,General_Interactions
5638,likewise,B1,Technology_Digital,Social_Media
5639,link,B1,Daily_Life,General_Interactions
5640,locate,B1,Daily_Life,General_Interactions
5641,logic,B1,Daily_Life,General_Interactions
5642,maintain,B1,Technology_Digital,Artificial_Intelligence
5643,major,B1,Daily_Life,General_Interactions
5644,manipulate,B1,Daily_Life,General_Interactions
5645,manual,B1,Daily_Life,General_Interactions
5646,margin,B1,Daily_Life,General_Interactions
5647,mature,B1,Daily_Life,General_Interactions
5648,maximize,B1,Daily_Life,General_Interactions
5649,mechanism,B1,Daily_Life,General_Interactions
5650,media,B1,Communication_Media_Arts,Media_Journalism
5651,mediate,B1,Communication_Media_Arts,Media_Journalism
5652,medical,B1,Daily_Life,General_Interactions
5653,medium,B1,Daily_Life,General_Interactions
5654,mental,B1,Health_Medicine,Mental_Health
5655,method,B1,Daily_Life,General_Interactions
5656,middle,B1,Daily_Life,General_Interactions
5657,migrate,B1,Business_Finance_Economy,Economy_Markets
5658,military,B1,Daily_Life,General_Interactions
5659,minimal,B1,Daily_Life,General_Interactions
5660,minimize,B1,Daily_Life,General_Interactions
5661,minimum,B1,Daily_Life,General_Interactions
5662,ministry,B1,Daily_Life,General_Interactions
5663,minor,B1,Daily_Life,General_Interactions
5664,mode,B1,Daily_Life,General_Interactions
5665,modify,B1,Daily_Life,General_Interactions
5666,monitor,B1,Daily_Life,General_Interactions
5667,motive,B1,Daily_Life,General_Interactions
5668,mounting,B1,Daily_Life,General_Interactions
5669,mutual,B1,Daily_Life,General_Interactions
5670,national,B1,Daily_Life,General_Interactions
5671,natural,B1,Science_Nature,Natural_Phenomena
5672,nature,B1,Science_Nature,Environment_Ecology
5673,negate,B1,Daily_Life,General_Interactions
5674,network,B1,Business_Finance_Economy,Jobs_Careers
5675,neutral,B1,Daily_Life,General_Interactions
5676,nevertheless,B1,Daily_Life,General_Interactions
5677,niagara,B1,Daily_Life,General_Interactions
5678,nonetheless,B1,Daily_Life,General_Interactions
5679,norm,B1,Daily_Life,General_Interactions
5680,normal,B1,Daily_Life,General_Interactions
5681,normale,B1,Daily_Life,General_Interactions
5682,notion,B1,Daily_Life,General_Interactions
5683,notwithstanding,B1,Daily_Life,General_Interactions
5684,nuclear,B1,Daily_Life,General_Interactions
5685,objective,B1,Daily_Life,General_Interactions
5686,obtain,B1,Technology_Digital,Artificial_Intelligence
5687,obvious,B1,Daily_Life,General_Interactions
5688,occasionally,B1,Daily_Life,General_Interactions
5689,occupy,B1,Daily_Life,General_Interactions
5690,occur,B1,Daily_Life,General_Interactions
5691,odd,B1,Daily_Life,General_Interactions
5692,offset,B1,Daily_Life,General_Interactions
5693,ongoing,B1,Daily_Life,General_Interactions
5694,option,B1,Daily_Life,General_Interactions
5695,orient,B1,Daily_Life,General_Interactions
5696,origin,B1,Daily_Life,General_Interactions
5697,outcome,B1,Daily_Life,General_Interactions
5698,output,B1,Daily_Life,General_Interactions
5699,overall,B1,Daily_Life,General_Interactions
5700,overlap,B1,Daily_Life,General_Interactions
5701,overseas,B1,Daily_Life,General_Interactions
5702,pacific,B1,Daily_Life,General_Interactions
5703,panel,B1,Daily_Life,General_Interactions
5704,paradigm,B1,Daily_Life,General_Interactions
5705,paragraph,B1,Daily_Life,General_Interactions
5706,parallel,B1,Daily_Life,General_Interactions
5707,parameter,B1,Daily_Life,General_Interactions
5708,participate,B1,Communication_Media_Arts,Arts_Creativity
5709,partner,B1,Communication_Media_Arts,Arts_Creativity
5710,passive,B1,Education,Exams_Assessments
5711,perceive,B1,Daily_Life,General_Interactions
5712,percent,B1,Daily_Life,General_Interactions
5713,period,B1,Daily_Life,General_Interactions
5714,persia,B1,Daily_Life,General_Interactions
5715,persist,B1,Daily_Life,General_Interactions
5716,perspective,B1,Communication_Media_Arts,Opinion_Discussion
5717,phase,B1,Daily_Life,General_Interactions
5718,phenomenon,B1,Science_Nature,Natural_Phenomena
5719,philosophy,B1,Daily_Life,General_Interactions
5720,physical,B1,Daily_Life,General_Interactions
5721,plus,B1,Daily_Life,General_Interactions
5722,policy,B1,Society_Law_Politics,Government_Politics
5723,poor,B1,Daily_Life,General_Interactions
5724,portion,B1,Daily_Life,General_Interactions
5725,pose,B1,Daily_Life,General_Interactions
5726,positive,B1,Daily_Life,General_Interactions
5727,post-it,B1,Technology_Digital,Social_Media
5728,potential,B1,Daily_Life,General_Interactions
5729,practitioner,B1,Psychology_Emotions,Behavior
5730,precede,B1,Daily_Life,General_Interactions
5731,precise,B1,Daily_Life,General_Interactions
5732,predict,B1,Daily_Life,General_Interactions
5733,predominant,B1,Daily_Life,General_Interactions
5734,preliminary,B1,Daily_Life,General_Interactions
5735,presume,B1,Daily_Life,General_Interactions
5736,previous,B1,Daily_Life,General_Interactions
5737,primary,B1,Daily_Life,General_Interactions
5738,prime,B1,Daily_Life,General_Interactions
5739,principal,B1,Daily_Life,General_Interactions
5740,principle,B1,Daily_Life,General_Interactions
5741,prior,B1,Daily_Life,General_Interactions
5742,priority,B1,Daily_Life,General_Interactions
5743,proceed,B1,Daily_Life,General_Interactions
5744,process,B1,Daily_Life,General_Interactions
5745,professional,B1,Business_Finance_Economy,Jobs_Careers
5746,professor,B1,Daily_Life,General_Interactions
5747,profit,B1,Business_Finance_Economy,Finance_Banking
5748,prohibit,B1,Daily_Life,General_Interactions
5749,project,B1,Daily_Life,General_Interactions
5750,promote,B1,Daily_Life,General_Interactions
5751,proportion,B1,Daily_Life,General_Interactions
5752,prospect,B1,Daily_Life,General_Interactions
5753,protocol,B1,Daily_Life,General_Interactions
5754,psychology,B1,Health_Medicine,Mental_Health
5755,publication,B1,Daily_Life,General_Interactions
5756,publish,B1,Communication_Media_Arts,Speaking_Expressions
5757,purchase,B1,Daily_Life,Shopping_Everyday
5758,pursue,B1,Daily_Life,General_Interactions
5759,qualitative,B1,Daily_Life,General_Interactions
5760,quote,B1,Daily_Life,General_Interactions
5761,radical,B1,Daily_Life,General_Interactions
5762,railway,B1,Technology_Digital,Artificial_Intelligence
5763,random,B1,Daily_Life,General_Interactions
5764,range,B1,Daily_Life,General_Interactions
5765,ratio,B1,Daily_Life,General_Interactions
5766,rational,B1,Daily_Life,General_Interactions
5767,react,B1,Psychology_Emotions,Behavior
5768,refine,B1,Daily_Life,General_Interactions
5769,regime,B1,Society_Law_Politics,Government_Politics
5770,region,B1,Daily_Life,General_Interactions
5771,register,B1,Daily_Life,General_Interactions
5772,regulate,B1,Daily_Life,General_Interactions
5773,reinforce,B1,Science_Nature,Physics_Chemistry
5774,reject,B1,Daily_Life,General_Interactions
5775,relax,B1,Psychology_Emotions,Stress_Mental_State
5776,release,B1,Daily_Life,General_Interactions
5777,relevant,B1,Daily_Life,General_Interactions
5778,reluctance,B1,Daily_Life,General_Interactions
5779,rely,B1,Daily_Life,General_Interactions
5780,remove,B1,Daily_Life,General_Interactions
5781,removing,B1,Daily_Life,General_Interactions
5782,renowned,B1,Daily_Life,General_Interactions
5783,require,B1,Daily_Life,General_Interactions
5784,research,B1,Education,Academic_Study
5785,reside,B1,Daily_Life,General_Interactions
5786,resolve,B1,Daily_Life,General_Interactions
5787,resource,B1,Daily_Life,General_Interactions
5788,respond,B1,Daily_Life,General_Interactions
5789,restore,B1,Daily_Life,Shopping_Everyday
5790,restrain,B1,Technology_Digital,Artificial_Intelligence
5791,restrict,B1,Daily_Life,General_Interactions
5792,retain,B1,Technology_Digital,Artificial_Intelligence
5793,reveal,B1,Daily_Life,General_Interactions
5794,revenue,B1,Business_Finance_Economy,Business_Management
5795,reverse,B1,Daily_Life,General_Interactions
5796,revise,B1,Daily_Life,General_Interactions
5797,revolution,B1,Science_Nature,Biology_Life_Sciences
5798,rigid,B1,Daily_Life,General_Interactions
5799,role,B1,Daily_Life,General_Interactions
5800,route,B1,Travel_Transportation,Road_Travel
5801,rover,B1,Daily_Life,General_Interactions
5802,scenario,B1,Daily_Life,General_Interactions
5803,schedule,B1,Daily_Life,Routine_Activities
5804,scheme,B1,Daily_Life,General_Interactions
5805,scope,B1,Daily_Life,General_Interactions
5806,section,B1,Daily_Life,General_Interactions
5807,sector,B1,Daily_Life,General_Interactions
5808,secure,B1,Health_Medicine,Illness_Diseases
5809,seek,B1,Daily_Life,General_Interactions
5810,select,B1,Daily_Life,General_Interactions
5811,sequence,B1,Daily_Life,General_Interactions
5812,series,B1,Daily_Life,General_Interactions
5813,sex,B1,Daily_Life,General_Interactions
5814,shift,B1,Daily_Life,General_Interactions
5815,significant,B1,Daily_Life,General_Interactions
5816,similar,B1,Daily_Life,General_Interactions
5817,simulate,B1,Daily_Life,General_Interactions
5818,site,B1,Daily_Life,General_Interactions
5819,snowflakes,B1,Daily_Life,General_Interactions
5820,society,B1,Society_Law_Politics,Law_Crime
5821,sole,B1,Daily_Life,General_Interactions
5822,somewhat,B1,Daily_Life,General_Interactions
5823,source,B1,Daily_Life,General_Interactions
5824,southwestern,B1,Daily_Life,General_Interactions
5825,space,B1,Science_Nature,Natural_Phenomena
5826,spain,B1,Health_Medicine,Illness_Diseases
5827,specific,B1,Daily_Life,General_Interactions
5828,specify,B1,Daily_Life,General_Interactions
5829,sphere,B1,Daily_Life,General_Interactions
5830,stable,B1,Daily_Life,General_Interactions
5831,stand,B1,Daily_Life,General_Interactions
5832,station,B1,Travel_Transportation,Public_Transport
5833,statistics,B1,Education,Academic_Study
5834,status,B1,Daily_Life,General_Interactions
5835,straightforward,B1,Technology_Digital,Artificial_Intelligence
5836,strategy,B1,Business_Finance_Economy,Economy_Markets
5837,stress,B1,Health_Medicine,Mental_Health
5838,structure,B1,Daily_Life,General_Interactions
5839,style,B1,Daily_Life,General_Interactions
5840,submit,B1,Daily_Life,General_Interactions
5841,subordinate,B1,Daily_Life,General_Interactions
5842,subsequent,B1,Daily_Life,General_Interactions
5843,subsidy,B1,Daily_Life,General_Interactions
5844,substitute,B1,Daily_Life,General_Interactions
5845,successor,B1,Daily_Life,General_Interactions
5846,suez,B1,Daily_Life,General_Interactions
5847,sufficient,B1,Daily_Life,General_Interactions
5848,sum,B1,Daily_Life,General_Interactions
5849,summary,B1,Daily_Life,General_Interactions
5850,supplement,B1,Daily_Life,General_Interactions
5851,survey,B1,Daily_Life,General_Interactions
5852,survive,B1,Daily_Life,General_Interactions
5853,suspend,B1,Daily_Life,General_Interactions
5854,sustain,B1,Technology_Digital,Artificial_Intelligence
5855,symbol,B1,Daily_Life,General_Interactions
5856,system,B1,Technology_Digital,Software_Internet
5857,tape,B1,Daily_Life,General_Interactions
5858,target,B1,Daily_Life,General_Interactions
5859,task,B1,Daily_Life,Routine_Activities
5860,tasmanian,B1,Daily_Life,General_Interactions
5861,team,B1,Daily_Life,General_Interactions
5862,technical,B1,Technology_Digital,Software_Internet
5863,technique,B1,Technology_Digital,Software_Internet
5864,technology,B1,Technology_Digital,Software_Internet
5865,temporary,B1,Daily_Life,General_Interactions
5866,tense,B1,Daily_Life,General_Interactions
5867,terminate,B1,Daily_Life,General_Interactions
5868,text,B1,Daily_Life,General_Interactions
5869,the large olive snake is a reptile,B1,Daily_Life,General_Interactions
5870,theme,B1,Daily_Life,General_Interactions
5871,theory,B1,Education,Academic_Study
5872,thereby,B1,Daily_Life,General_Interactions
5873,thesis,B1,Education,Academic_Study
5874,they curl around their feet,B1,Daily_Life,General_Interactions
5875,timid,B1,Daily_Life,General_Interactions
5876,tiny objects,B1,Daily_Life,General_Interactions
5877,topic,B1,Daily_Life,General_Interactions
5878,trace,B1,Daily_Life,General_Interactions
5879,tradition,B1,Daily_Life,General_Interactions
5880,traditionally,B1,Daily_Life,General_Interactions
5881,transfer,B1,Daily_Life,General_Interactions
5882,transform,B1,Daily_Life,General_Interactions
5883,transit,B1,Daily_Life,General_Interactions
5884,transmit,B1,Daily_Life,General_Interactions
5885,transport,B1,Health_Medicine,Fitness_Exercise
5886,trash,B1,Daily_Life,General_Interactions
5887,trend,B1,Daily_Life,General_Interactions
5888,trigger,B1,Daily_Life,General_Interactions
5889,turbulent,B1,Daily_Life,General_Interactions
5890,ultimate,B1,Daily_Life,General_Interactions
5891,undergo,B1,Daily_Life,General_Interactions
5892,underlie,B1,Daily_Life,General_Interactions
5893,undertake,B1,Daily_Life,General_Interactions
5894,uniform,B1,Daily_Life,General_Interactions
5895,unify,B1,Daily_Life,General_Interactions
5896,union,B1,Daily_Life,General_Interactions
5897,unique,B1,Daily_Life,General_Interactions
5898,unit,B1,Daily_Life,General_Interactions
5899,united,B1,Daily_Life,General_Interactions
5900,utilize,B1,Daily_Life,General_Interactions
5901,vfr,B1,Daily_Life,General_Interactions
5902,valid,B1,Daily_Life,General_Interactions
5903,value,B1,Daily_Life,General_Interactions
5904,vary,B1,Daily_Life,General_Interactions
5905,vast,B1,Daily_Life,General_Interactions
5906,vehicle,B1,Daily_Life,General_Interactions
5907,version,B1,Daily_Life,General_Interactions
5908,via,B1,Daily_Life,General_Interactions
5909,viking,B1,Daily_Life,General_Interactions
5910,violate,B1,Daily_Life,General_Interactions
5911,virtual,B1,Daily_Life,General_Interactions
5912,visible,B1,Daily_Life,General_Interactions
5913,vision,B1,Daily_Life,General_Interactions
5914,visual,B1,Daily_Life,General_Interactions
5915,voluntary,B1,Daily_Life,General_Interactions
5916,weight,B1,Health_Medicine,Healthcare_Hospital
5917,warsaw,B1,Society_Law_Politics,Law_Crime
5918,welfare,B1,Society_Law_Politics,Public_Policies
5919,whereas,B1,Daily_Life,General_Interactions
5920,whereby,B1,Daily_Life,General_Interactions
5921,wi-fi hotspots,B1,Daily_Life,General_Interactions
5922,widespread,B1,Communication_Media_Arts,Speaking_Expressions
5923,a considerable reputation,B1,Daily_Life,General_Interactions
5924,a decent night's sleep,B1,Health_Medicine,Healthcare_Hospital
5925,a shoal of sardines,B1,Daily_Life,General_Interactions
5926,a vociferous opponent,B1,Daily_Life,General_Interactions
5927,a well-deserved reputation,B1,Daily_Life,General_Interactions
5928,abandon a policy,B1,Society_Law_Politics,Government_Politics
5929,abandon an attempt,B1,Daily_Life,General_Interactions
5930,abandoned,B1,Daily_Life,General_Interactions
5931,abase,B1,Daily_Life,General_Interactions
5932,abash,B1,Daily_Life,General_Interactions
5933,abate,B1,Daily_Life,General_Interactions
5934,abbreviate,B1,Daily_Life,General_Interactions
5935,abdicate,B1,Daily_Life,General_Interactions
5936,aberrant,B1,Daily_Life,General_Interactions
5937,abhor,B1,Daily_Life,General_Interactions
5938,abide by a decision,B1,Daily_Life,General_Interactions
5939,abilities,B1,Daily_Life,General_Interactions
5940,ability,B1,Education,Learning_Skills
5941,abject,B1,Daily_Life,General_Interactions
5942,abject apology,B1,Daily_Life,General_Interactions
5943,abjure,B1,Daily_Life,General_Interactions
5944,able,B1,Daily_Life,General_Interactions
5945,ablution,B1,Daily_Life,General_Interactions
5946,abnegation,B1,Daily_Life,General_Interactions
5947,abnormality,B1,Daily_Life,General_Interactions
5948,aboard,B1,Daily_Life,General_Interactions
5949,abode,B1,Daily_Life,General_Interactions
5950,abolished,B1,Daily_Life,General_Interactions
5951,abolishing,B1,Daily_Life,General_Interactions
5952,abolition,B1,Daily_Life,General_Interactions
5953,abominable,B1,Daily_Life,General_Interactions
5954,aboriginal,B1,Daily_Life,General_Interactions
5955,abort,B1,Daily_Life,General_Interactions
5956,abortive,B1,Daily_Life,General_Interactions
5957,abortive attempt,B1,Daily_Life,General_Interactions
5958,abound,B1,Daily_Life,General_Interactions
5959,abrasive,B1,Daily_Life,General_Interactions
5960,abrasive manner,B1,Psychology_Emotions,Behavior
5961,abridge,B1,Daily_Life,General_Interactions
5962,abrogate,B1,Daily_Life,General_Interactions
5963,abruptly,B1,Daily_Life,General_Interactions
5964,abscond,B1,Daily_Life,General_Interactions
5965,absent,B1,Daily_Life,General_Interactions
5966,absolute,B1,Daily_Life,General_Interactions
5967,absolutely,B1,Daily_Life,General_Interactions
5968,absolutely delighted,B1,Daily_Life,General_Interactions
5969,absolutely essential,B1,Daily_Life,General_Interactions
5970,absolutely furious,B1,Daily_Life,General_Interactions
5971,absolutely vital,B1,Daily_Life,General_Interactions
5972,absolutely wonderful,B1,Daily_Life,General_Interactions
5973,absolve,B1,Daily_Life,General_Interactions
5974,absorb,B1,Daily_Life,General_Interactions
5975,absorbed,B1,Daily_Life,General_Interactions
5976,abstain,B1,Technology_Digital,Artificial_Intelligence
5977,abstemious,B1,Daily_Life,General_Interactions
5978,abstinence,B1,Daily_Life,General_Interactions
5979,abstruse,B1,Daily_Life,General_Interactions
5980,abundance,B1,Communication_Media_Arts,Arts_Creativity
5981,abundant,B1,Daily_Life,General_Interactions
5982,abundantly,B1,Daily_Life,General_Interactions
5983,abuse,B1,Travel_Transportation,Public_Transport
5984,abuse trust,B1,Travel_Transportation,Public_Transport
5985,academic,B1,Education,Academic_Study
5986,academic year,B1,Education,Academic_Study
5987,academics,B1,Education,Academic_Study
5988,accede,B1,Daily_Life,General_Interactions
5989,accelerated,B1,Business_Finance_Economy,Economy_Markets
5990,accelerating,B1,Daily_Life,General_Interactions
5991,accept,B1,Daily_Life,General_Interactions
5992,acceptance,B1,Daily_Life,General_Interactions
5993,accepted,B1,Daily_Life,General_Interactions
5994,accepting,B1,Daily_Life,General_Interactions
5995,access,B1,Daily_Life,General_Interactions
5996,accessed,B1,Daily_Life,General_Interactions
5997,accessible,B1,Daily_Life,General_Interactions
5998,accident,B1,Daily_Life,General_Interactions
5999,accidental,B1,Daily_Life,General_Interactions
6000,acclaimed,B1,Technology_Digital,Artificial_Intelligence
6001,accommodate,B1,Daily_Life,General_Interactions
6002,accommodations,B1,Travel_Transportation,Hotels_Tourism
6003,accompany,B1,Business_Finance_Economy,Business_Management
6004,accomplice,B1,Daily_Life,General_Interactions
6005,accomplish,B1,Daily_Life,General_Interactions
6006,accomplished,B1,Daily_Life,General_Interactions
6007,accomplished actor,B1,Psychology_Emotions,Behavior
6008,accord,B1,Daily_Life,General_Interactions
6009,according,B1,Daily_Life,General_Interactions
6010,accost,B1,Business_Finance_Economy,Economy_Markets
6011,accountability,B1,Education,Learning_Skills
6012,accounts,B1,Business_Finance_Economy,Business_Management
6013,accredit,B1,Daily_Life,General_Interactions
6014,accumulate experience,B1,Daily_Life,General_Interactions
6015,accumulating,B1,Daily_Life,General_Interactions
6016,accumulation,B1,Daily_Life,General_Interactions
6017,accumulations,B1,Daily_Life,General_Interactions
6018,accuse,B1,Daily_Life,General_Interactions
6019,accustomed to,B1,Daily_Life,General_Interactions
6020,ache,B1,Daily_Life,General_Interactions
6021,achieve,B1,Daily_Life,General_Interactions
6022,achieved,B1,Daily_Life,General_Interactions
6023,achievement,B1,Daily_Life,General_Interactions
6024,achievements,B1,Daily_Life,General_Interactions
6025,acid,B1,Daily_Life,General_Interactions
6026,acidification,B1,Daily_Life,General_Interactions
6027,acoustic,B1,Daily_Life,General_Interactions
6028,acquiesce,B1,Daily_Life,General_Interactions
6029,acquire a taste for,B1,Daily_Life,General_Interactions
6030,acquire a taste for knowledge,B1,Education,Learning_Skills
6031,acquire knowledge,B1,Education,Learning_Skills
6032,acquiring,B1,Daily_Life,General_Interactions
6033,acquisitions,B1,Daily_Life,General_Interactions
6034,acrimonious,B1,Daily_Life,General_Interactions
6035,across,B1,Daily_Life,General_Interactions
6036,act,B1,Psychology_Emotions,Behavior
6037,act as a go-between,B1,Psychology_Emotions,Behavior
6038,act as a referee,B1,Psychology_Emotions,Behavior
6039,act on a suggestion,B1,Psychology_Emotions,Behavior
6040,act on a tip-off,B1,Psychology_Emotions,Behavior
6041,act your age,B1,Psychology_Emotions,Behavior
6042,acted,B1,Psychology_Emotions,Behavior
6043,acting,B1,Psychology_Emotions,Behavior
6044,action,B1,Psychology_Emotions,Behavior
6045,actions,B1,Psychology_Emotions,Behavior
6046,activation,B1,Psychology_Emotions,Behavior
6047,active,B1,Psychology_Emotions,Behavior
6048,actor,B1,Psychology_Emotions,Behavior
6049,actual,B1,Psychology_Emotions,Behavior
6050,actuators,B1,Psychology_Emotions,Behavior
6051,adapt to changing circumstances,B1,Daily_Life,General_Interactions
6052,adaptability,B1,Education,Learning_Skills
6053,adaptation,B1,Daily_Life,General_Interactions
6054,adaptations,B1,Daily_Life,General_Interactions
6055,adapted,B1,Daily_Life,General_Interactions
6056,adaptive,B1,Daily_Life,General_Interactions
6057,add,B1,Daily_Life,General_Interactions
6058,added,B1,Daily_Life,General_Interactions
6059,addition,B1,Daily_Life,General_Interactions
6060,additional,B1,Daily_Life,General_Interactions
6061,additionally,B1,Daily_Life,General_Interactions
6062,address,B1,Daily_Life,General_Interactions
6063,address a problem,B1,Daily_Life,General_Interactions
6064,address an issue,B1,Daily_Life,General_Interactions
6065,addressed,B1,Daily_Life,General_Interactions
6066,addressing,B1,Communication_Media_Arts,Speaking_Expressions
6067,adequate,B1,Daily_Life,General_Interactions
6068,adequately,B1,Daily_Life,General_Interactions
6069,adhere to a philosophy,B1,Daily_Life,General_Interactions
6070,adhere to beliefs,B1,Daily_Life,General_Interactions
6071,adhere to ideals,B1,Daily_Life,General_Interactions
6072,adhere to principles,B1,Daily_Life,General_Interactions
6073,adhere to standards,B1,Daily_Life,General_Interactions
6074,adherent,B1,Daily_Life,Home_Housing
6075,adjacency,B1,Daily_Life,General_Interactions
6076,adjourn a meeting,B1,Daily_Life,General_Interactions
6077,adjourn a trial,B1,Daily_Life,General_Interactions
6078,adjustment,B1,Daily_Life,General_Interactions
6079,administer,B1,Society_Law_Politics,Government_Politics
6080,administrative,B1,Daily_Life,General_Interactions
6081,administrator,B1,Daily_Life,General_Interactions
6082,admire,B1,Daily_Life,General_Interactions
6083,admired,B1,Daily_Life,General_Interactions
6084,admission,B1,Daily_Life,General_Interactions
6085,admit,B1,Daily_Life,General_Interactions
6086,admit defeat,B1,Health_Medicine,Healthcare_Hospital
6087,admonish,B1,Daily_Life,General_Interactions
6088,adobe,B1,Daily_Life,General_Interactions
6089,adopt,B1,Daily_Life,General_Interactions
6090,adopt a method,B1,Daily_Life,General_Interactions
6091,adopting,B1,Daily_Life,General_Interactions
6092,adoption,B1,Daily_Life,General_Interactions
6093,adored,B1,Daily_Life,General_Interactions
6094,adroit,B1,Daily_Life,General_Interactions
6095,adulate,B1,Daily_Life,General_Interactions
6096,adult,B1,Daily_Life,General_Interactions
6097,adulterate,B1,Business_Finance_Economy,Economy_Markets
6098,adults,B1,Daily_Life,General_Interactions
6099,advance,B1,Daily_Life,General_Interactions
6100,advanced computer skills,B1,Education,Learning_Skills
6101,advanced knowledge,B1,Education,Learning_Skills
6102,advancement,B1,Daily_Life,General_Interactions
6103,advancements,B1,Daily_Life,General_Interactions
6104,advances,B1,Daily_Life,General_Interactions
6105,advantageous,B1,Daily_Life,General_Interactions
6106,advantages outweigh the disadvantages,B1,Psychology_Emotions,Feelings_Emotions
6107,adventure,B1,Business_Finance_Economy,Entrepreneurship
6108,adventures,B1,Business_Finance_Economy,Entrepreneurship
6109,adverse reaction,B1,Science_Nature,Physics_Chemistry
6110,adverse weather conditions,B1,Science_Nature,Natural_Phenomena
6111,advertise,B1,Daily_Life,General_Interactions
6112,advertisement,B1,Daily_Life,General_Interactions
6113,advised,B1,Daily_Life,General_Interactions
6114,aeration,B1,Daily_Life,General_Interactions
6115,aeroplane,B1,Travel_Transportation,Air_Travel
6116,aesthetic,B1,Daily_Life,General_Interactions
6117,affable,B1,Daily_Life,General_Interactions
6118,affair,B1,Technology_Digital,Artificial_Intelligence
6119,affect,B1,Daily_Life,General_Interactions
6120,affect the bottom line,B1,Daily_Life,General_Interactions
6121,affected,B1,Daily_Life,General_Interactions
6122,affiliate,B1,Daily_Life,General_Interactions
6123,affinity,B1,Daily_Life,General_Interactions
6124,affirm,B1,Daily_Life,General_Interactions
6125,affliction,B1,Daily_Life,General_Interactions
6126,afford,B1,Daily_Life,General_Interactions
6127,affordability,B1,Education,Learning_Skills
6128,afraid,B1,Technology_Digital,Artificial_Intelligence
6129,african,B1,Daily_Life,General_Interactions
6130,after careful consideration,B1,Travel_Transportation,Road_Travel
6131,afternoon,B1,Daily_Life,General_Interactions
6132,against,B1,Technology_Digital,Artificial_Intelligence
6133,against your better judgement,B1,Technology_Digital,Artificial_Intelligence
6134,against your better judgment,B1,Technology_Digital,Artificial_Intelligence
6135,age,B1,Daily_Life,General_Interactions
6136,age-old tradition,B1,Daily_Life,General_Interactions
6137,aged,B1,Daily_Life,General_Interactions
6138,agencies,B1,Daily_Life,General_Interactions
6139,agenda,B1,Daily_Life,General_Interactions
6140,aggravation,B1,Daily_Life,General_Interactions
6141,aggregation,B1,Daily_Life,General_Interactions
6142,aggressive,B1,Daily_Life,General_Interactions
6143,ago,B1,Daily_Life,General_Interactions
6144,agony,B1,Daily_Life,General_Interactions
6145,agree,B1,Communication_Media_Arts,Opinion_Discussion
6146,agreeable,B1,Communication_Media_Arts,Opinion_Discussion
6147,agreed,B1,Communication_Media_Arts,Opinion_Discussion
6148,agreed credit limit,B1,Communication_Media_Arts,Opinion_Discussion
6149,ahead,B1,Daily_Life,General_Interactions
6150,aid,B1,Technology_Digital,Artificial_Intelligence
6151,aim,B1,Technology_Digital,Artificial_Intelligence
6152,aimed,B1,Technology_Digital,Artificial_Intelligence
6153,aiming,B1,Technology_Digital,Artificial_Intelligence
6154,air,B1,Technology_Digital,Artificial_Intelligence
6155,air a grievance,B1,Technology_Digital,Artificial_Intelligence
6156,air quality,B1,Technology_Digital,Artificial_Intelligence
6157,air-conditioning,B1,Technology_Digital,Artificial_Intelligence
6158,airline,B1,Technology_Digital,Artificial_Intelligence
6159,airplane,B1,Technology_Digital,Artificial_Intelligence
6160,airport,B1,Technology_Digital,Artificial_Intelligence
6161,alarm,B1,Daily_Life,General_Interactions
6162,alcohol,B1,Daily_Life,General_Interactions
6163,alert,B1,Daily_Life,General_Interactions
6164,algae,B1,Daily_Life,General_Interactions
6165,algebra,B1,Daily_Life,General_Interactions
6166,algorithm,B1,Technology_Digital,Artificial_Intelligence
6167,algorithms,B1,Technology_Digital,Artificial_Intelligence
6168,alien,B1,Daily_Life,General_Interactions
6169,align,B1,Daily_Life,General_Interactions
6170,alike,B1,Technology_Digital,Social_Media
6171,alive,B1,Daily_Life,General_Interactions
6172,all-star cast,B1,Science_Nature,Natural_Phenomena
6173,allay fears,B1,Psychology_Emotions,Feelings_Emotions
6174,allege,B1,Daily_Life,General_Interactions
6175,alleviate bottlenecks,B1,Daily_Life,General_Interactions
6176,alliances,B1,Daily_Life,General_Interactions
6177,allocate part of a budget,B1,Business_Finance_Economy,Finance_Banking
6178,allocate resources,B1,Daily_Life,General_Interactions
6179,allocating,B1,Daily_Life,General_Interactions
6180,allow,B1,Daily_Life,General_Interactions
6181,allowed,B1,Daily_Life,General_Interactions
6182,allowing,B1,Daily_Life,General_Interactions
6183,alloy,B1,Daily_Life,General_Interactions
6184,ally,B1,Daily_Life,General_Interactions
6185,almost,B1,Daily_Life,General_Interactions
6186,alone,B1,Daily_Life,General_Interactions
6187,along,B1,Daily_Life,General_Interactions
6188,alongside,B1,Daily_Life,General_Interactions
6189,aloof,B1,Daily_Life,General_Interactions
6190,alphabet,B1,Daily_Life,General_Interactions
6191,alphabeticall,B1,Daily_Life,General_Interactions
6192,already,B1,Communication_Media_Arts,Speaking_Expressions
6193,alteration,B1,Daily_Life,General_Interactions
6194,altering,B1,Daily_Life,General_Interactions
6195,alternative,B1,Daily_Life,General_Interactions
6196,alternative energy source,B1,Science_Nature,Physics_Chemistry
6197,although,B1,Daily_Life,General_Interactions
6198,altitudes,B1,Daily_Life,General_Interactions
6199,altruistic,B1,Daily_Life,General_Interactions
6200,alumni,B1,Daily_Life,General_Interactions
6201,amass,B1,Daily_Life,General_Interactions
6202,amateur,B1,Daily_Life,General_Interactions
6203,amaze,B1,Daily_Life,General_Interactions
6204,amazing,B1,Daily_Life,General_Interactions
6205,amazing chain of events,B1,Technology_Digital,Artificial_Intelligence
6206,amazing degree of accuracy,B1,Education,University_School
6207,ambition,B1,Psychology_Emotions,Motivation
6208,ambitious,B1,Daily_Life,General_Interactions
6209,ambivalence,B1,Daily_Life,General_Interactions
6210,amble,B1,Daily_Life,General_Interactions
6211,ambulance,B1,Daily_Life,General_Interactions
6212,ameliorate,B1,Business_Finance_Economy,Economy_Markets
6213,amenable,B1,Daily_Life,General_Interactions
6214,amiable,B1,Daily_Life,General_Interactions
6215,amicable,B1,Daily_Life,General_Interactions
6216,amnesty,B1,Daily_Life,General_Interactions
6217,among,B1,Daily_Life,General_Interactions
6218,amorphous,B1,Daily_Life,General_Interactions
6219,amount,B1,Daily_Life,General_Interactions
6220,ample room,B1,Daily_Life,Home_Housing
6221,amplifies,B1,Daily_Life,General_Interactions
6222,amplify,B1,Daily_Life,General_Interactions
6223,amputees,B1,Daily_Life,General_Interactions
6224,amuse,B1,Daily_Life,General_Interactions
6225,amused,B1,Daily_Life,General_Interactions
6226,analogy,B1,Daily_Life,General_Interactions
6227,analysis,B1,Education,Academic_Study
6228,analytic,B1,Daily_Life,General_Interactions
6229,analytical,B1,Daily_Life,General_Interactions
6230,analyzing,B1,Daily_Life,General_Interactions
6231,anarchy,B1,Daily_Life,General_Interactions
6232,anatomist,B1,Science_Nature,Physics_Chemistry
6233,anatomy,B1,Science_Nature,Physics_Chemistry
6234,ancestor,B1,Daily_Life,General_Interactions
6235,ancestors,B1,Daily_Life,General_Interactions
6236,ancestry,B1,Daily_Life,General_Interactions
6237,anchor,B1,Daily_Life,General_Interactions
6238,anchored,B1,Daily_Life,General_Interactions
6239,anchoring,B1,Daily_Life,General_Interactions
6240,ancillary,B1,Health_Medicine,Healthcare_Hospital
6241,anecdote,B1,Daily_Life,General_Interactions
6242,angel,B1,Daily_Life,General_Interactions
6243,anger,B1,Daily_Life,General_Interactions
6244,angle,B1,Daily_Life,General_Interactions
6245,angles,B1,Daily_Life,General_Interactions
6246,angry,B1,Psychology_Emotions,Feelings_Emotions
6247,animal,B1,Science_Nature,Biology_Life_Sciences
6248,animosity,B1,Daily_Life,General_Interactions
6249,anisotropies,B1,Daily_Life,General_Interactions
6250,annihilate,B1,Daily_Life,General_Interactions
6251,annihilated,B1,Daily_Life,General_Interactions
6252,announce,B1,Daily_Life,General_Interactions
6253,announce record profits,B1,Business_Finance_Economy,Finance_Banking
6254,announcement,B1,Daily_Life,General_Interactions
6255,annual,B1,Daily_Life,General_Interactions
6256,annual tradition,B1,Daily_Life,General_Interactions
6257,annually,B1,Daily_Life,General_Interactions
6258,anomalies,B1,Daily_Life,General_Interactions
6259,anonymity,B1,Daily_Life,General_Interactions
6260,anonymous,B1,Daily_Life,General_Interactions
6261,another,B1,Daily_Life,General_Interactions
6262,answer,B1,Education,Classroom_Interaction
6263,answered,B1,Education,Classroom_Interaction
6264,answering,B1,Education,Classroom_Interaction
6265,antagonist,B1,Daily_Life,General_Interactions
6266,antagonize,B1,Daily_Life,General_Interactions
6267,antecedent,B1,Daily_Life,General_Interactions
6268,antedate,B1,Daily_Life,General_Interactions
6269,antelope,B1,Daily_Life,General_Interactions
6270,anthology,B1,Daily_Life,General_Interactions
6271,anthropologists,B1,Daily_Life,General_Interactions
6272,anti-aging properties,B1,Daily_Life,General_Interactions
6273,antimicrobial,B1,Daily_Life,General_Interactions
6274,antiseptic,B1,Daily_Life,General_Interactions
6275,antisocial behaviour,B1,Society_Law_Politics,Social_Issues
6276,antithesis,B1,Education,Academic_Study
6277,antler,B1,Daily_Life,General_Interactions
6278,anxiety,B1,Health_Medicine,Mental_Health
6279,anxious,B1,Daily_Life,General_Interactions
6280,anyway,B1,Daily_Life,General_Interactions
6281,anywhere,B1,Daily_Life,General_Interactions
6282,apart,B1,Communication_Media_Arts,Arts_Creativity
6283,apathetic,B1,Daily_Life,General_Interactions
6284,apocryphal,B1,Daily_Life,General_Interactions
6285,apologist,B1,Daily_Life,General_Interactions
6286,apologize,B1,Daily_Life,General_Interactions
6287,apostate,B1,Technology_Digital,Social_Media
6288,apotheosis,B1,Daily_Life,General_Interactions
6289,appall,B1,Technology_Digital,Software_Internet
6290,apparatus,B1,Technology_Digital,Software_Internet
6291,apparent,B1,Daily_Life,Home_Housing
6292,apparently,B1,Daily_Life,Home_Housing
6293,appeal,B1,Technology_Digital,Software_Internet
6294,appear,B1,Technology_Digital,Software_Internet
6295,appearance,B1,Technology_Digital,Software_Internet
6296,appeared,B1,Technology_Digital,Software_Internet
6297,appearing,B1,Technology_Digital,Software_Internet
6298,appease,B1,Technology_Digital,Software_Internet
6299,appendix,B1,Technology_Digital,Software_Internet
6300,appliance,B1,Technology_Digital,Software_Internet
6301,appliances,B1,Technology_Digital,Software_Internet
6302,application,B1,Technology_Digital,Software_Internet
6303,apply,B1,Technology_Digital,Software_Internet
6304,applying,B1,Technology_Digital,Software_Internet
6305,appointment,B1,Technology_Digital,Software_Internet
6306,apportion,B1,Technology_Digital,Software_Internet
6307,appraisal,B1,Technology_Digital,Artificial_Intelligence
6308,appraise,B1,Technology_Digital,Artificial_Intelligence
6309,appreciable,B1,Technology_Digital,Software_Internet
6310,appreciate,B1,Technology_Digital,Software_Internet
6311,appreciated,B1,Technology_Digital,Software_Internet
6312,appreciation,B1,Technology_Digital,Software_Internet
6313,apprehensive,B1,Technology_Digital,Software_Internet
6314,apprise,B1,Technology_Digital,Software_Internet
6315,approach,B1,Technology_Digital,Software_Internet
6316,approached,B1,Technology_Digital,Software_Internet
6317,approaches,B1,Technology_Digital,Software_Internet
6318,approaching,B1,Technology_Digital,Software_Internet
6319,approbation,B1,Technology_Digital,Software_Internet
6320,appropriate,B1,Technology_Digital,Software_Internet
6321,approve a plan,B1,Technology_Digital,Software_Internet
6322,approved,B1,Technology_Digital,Software_Internet
6323,approximating,B1,Technology_Digital,Software_Internet
6324,approximation,B1,Technology_Digital,Software_Internet
6325,aptitude,B1,Daily_Life,General_Interactions
6326,aquatic,B1,Daily_Life,General_Interactions
6327,aqueducts,B1,Daily_Life,General_Interactions
6328,arbitrate,B1,Business_Finance_Economy,Economy_Markets
6329,arc,B1,Daily_Life,General_Interactions
6330,archaeological,B1,Daily_Life,General_Interactions
6331,archaeologists,B1,Daily_Life,General_Interactions
6332,archetype,B1,Daily_Life,General_Interactions
6333,archetypes,B1,Daily_Life,General_Interactions
6334,architect,B1,Daily_Life,General_Interactions
6335,archive,B1,Daily_Life,General_Interactions
6336,archives,B1,Daily_Life,General_Interactions
6337,ardent,B1,Daily_Life,General_Interactions
6338,arduous journey,B1,Travel_Transportation,Road_Travel
6339,area,B1,Daily_Life,General_Interactions
6340,argentinian,B1,Daily_Life,General_Interactions
6341,argue,B1,Communication_Media_Arts,Speaking_Expressions
6342,argued,B1,Communication_Media_Arts,Speaking_Expressions
6343,argument,B1,Communication_Media_Arts,Opinion_Discussion
6344,argumentation,B1,Communication_Media_Arts,Opinion_Discussion
6345,arguments,B1,Communication_Media_Arts,Opinion_Discussion
6346,arise,B1,Daily_Life,General_Interactions
6347,aristocracy,B1,Daily_Life,General_Interactions
6348,aristocratic,B1,Daily_Life,General_Interactions
6349,armchair,B1,Technology_Digital,Artificial_Intelligence
6350,armpit,B1,Daily_Life,General_Interactions
6351,army,B1,Daily_Life,General_Interactions
6352,aroma,B1,Daily_Life,General_Interactions
6353,around,B1,Daily_Life,General_Interactions
6354,arouse someone's interest,B1,Daily_Life,General_Interactions
6355,arrange,B1,Daily_Life,General_Interactions
6356,arranged,B1,Daily_Life,General_Interactions
6357,arrangement,B1,Daily_Life,General_Interactions
6358,arrangements,B1,Daily_Life,General_Interactions
6359,array,B1,Daily_Life,General_Interactions
6360,arrival,B1,Daily_Life,General_Interactions
6361,arrive,B1,Daily_Life,General_Interactions
6362,arrive at a conclusion,B1,Daily_Life,General_Interactions
6363,arrive at an agreement,B1,Communication_Media_Arts,Opinion_Discussion
6364,arrived,B1,Daily_Life,General_Interactions
6365,arrives,B1,Daily_Life,General_Interactions
6366,arriving,B1,Daily_Life,General_Interactions
6367,arrogate,B1,Daily_Life,General_Interactions
6368,art,B1,Communication_Media_Arts,Arts_Creativity
6369,article,B1,Communication_Media_Arts,Writing_Language
6370,articulate,B1,Communication_Media_Arts,Arts_Creativity
6371,articulation,B1,Communication_Media_Arts,Arts_Creativity
6372,artifacts,B1,Communication_Media_Arts,Arts_Creativity
6373,artificial,B1,Communication_Media_Arts,Arts_Creativity
6374,artist,B1,Communication_Media_Arts,Arts_Creativity
6375,artwork,B1,Business_Finance_Economy,Jobs_Careers
6376,artworks,B1,Business_Finance_Economy,Jobs_Careers
6377,ascend,B1,Daily_Life,General_Interactions
6378,ascetic,B1,Daily_Life,General_Interactions
6379,ascribe,B1,Daily_Life,General_Interactions
6380,ash,B1,Daily_Life,General_Interactions
6381,ashore,B1,Daily_Life,General_Interactions
6382,asia,B1,Daily_Life,General_Interactions
6383,aside,B1,Daily_Life,General_Interactions
6384,ask for an extension,B1,Daily_Life,General_Interactions
6385,asked,B1,Daily_Life,General_Interactions
6386,asking,B1,Daily_Life,General_Interactions
6387,asleep,B1,Health_Medicine,Healthcare_Hospital
6388,aspects,B1,Daily_Life,General_Interactions
6389,aspects of the job,B1,Business_Finance_Economy,Jobs_Careers
6390,aspersion,B1,Daily_Life,General_Interactions
6391,aspirant,B1,Daily_Life,General_Interactions
6392,assemble,B1,Daily_Life,General_Interactions
6393,assent,B1,Daily_Life,General_Interactions
6394,asserted,B1,Daily_Life,General_Interactions
6395,assertion,B1,Daily_Life,General_Interactions
6396,assess something's value,B1,Daily_Life,General_Interactions
6397,assessing,B1,Communication_Media_Arts,Speaking_Expressions
6398,assiduous,B1,Daily_Life,General_Interactions
6399,assign,B1,Daily_Life,General_Interactions
6400,assignment,B1,Daily_Life,General_Interactions
6401,assist,B1,Daily_Life,General_Interactions
6402,assistance,B1,Daily_Life,General_Interactions
6403,assistant,B1,Daily_Life,General_Interactions
6404,assisted,B1,Daily_Life,General_Interactions
6405,assisting,B1,Daily_Life,General_Interactions
6406,associated,B1,Daily_Life,General_Interactions
6407,assorted,B1,Daily_Life,General_Interactions
6408,assuage,B1,Daily_Life,General_Interactions
6409,assume,B1,Daily_Life,General_Interactions
6410,assumed,B1,Daily_Life,General_Interactions
6411,assumption,B1,Daily_Life,General_Interactions
6412,assumptions,B1,Daily_Life,General_Interactions
6413,assure,B1,Daily_Life,General_Interactions
6414,assured,B1,Daily_Life,General_Interactions
6415,asteroid,B1,Daily_Life,General_Interactions
6416,astonish,B1,Daily_Life,General_Interactions
6417,astonishing,B1,Daily_Life,General_Interactions
6418,astoundingly,B1,Daily_Life,General_Interactions
6419,astronomical fees,B1,Daily_Life,General_Interactions
6420,astronomy,B1,Daily_Life,General_Interactions
6421,ate,B1,Daily_Life,General_Interactions
6422,atlantic,B1,Daily_Life,General_Interactions
6423,atmosphere,B1,Daily_Life,General_Interactions
6424,atmospheric,B1,Daily_Life,General_Interactions
6425,atone,B1,Daily_Life,General_Interactions
6426,atrocity,B1,Daily_Life,General_Interactions
6427,atrophy,B1,Daily_Life,General_Interactions
6428,attach,B1,Daily_Life,General_Interactions
6429,attached,B1,Daily_Life,General_Interactions
6430,attaches,B1,Daily_Life,General_Interactions
6431,attachment,B1,Daily_Life,General_Interactions
6432,attack,B1,Daily_Life,General_Interactions
6433,attacked,B1,Daily_Life,General_Interactions
6434,attacking,B1,Daily_Life,General_Interactions
6435,attain,B1,Technology_Digital,Artificial_Intelligence
6436,attainment,B1,Technology_Digital,Artificial_Intelligence
6437,attains,B1,Technology_Digital,Artificial_Intelligence
6438,attempt,B1,Daily_Life,General_Interactions
6439,attend,B1,Daily_Life,General_Interactions
6440,attend a formal function,B1,Daily_Life,General_Interactions
6441,attend school,B1,Education,University_School
6442,attended,B1,Daily_Life,General_Interactions
6443,attendee,B1,Daily_Life,General_Interactions
6444,attendees,B1,Daily_Life,General_Interactions
6445,attending,B1,Daily_Life,General_Interactions
6446,attention,B1,Daily_Life,General_Interactions
6447,attention wanders,B1,Daily_Life,General_Interactions
6448,attenuate,B1,Daily_Life,General_Interactions
6449,attest,B1,Education,Exams_Assessments
6450,attire,B1,Daily_Life,General_Interactions
6451,attract,B1,Psychology_Emotions,Behavior
6452,attracted,B1,Psychology_Emotions,Behavior
6453,attraction,B1,Psychology_Emotions,Behavior
6454,attractions,B1,Psychology_Emotions,Behavior
6455,attributed,B1,Daily_Life,General_Interactions
6456,attributes,B1,Daily_Life,General_Interactions
6457,attribution,B1,Daily_Life,General_Interactions
6458,audacious,B1,Daily_Life,General_Interactions
6459,audiences,B1,Daily_Life,General_Interactions
6460,audio,B1,Daily_Life,General_Interactions
6461,auditory,B1,Daily_Life,General_Interactions
6462,augur,B1,Daily_Life,General_Interactions
6463,auspicious,B1,Daily_Life,General_Interactions
6464,austere,B1,Daily_Life,General_Interactions
6465,authentic,B1,Daily_Life,General_Interactions
6466,authenticity,B1,Daily_Life,General_Interactions
6467,author,B1,Daily_Life,General_Interactions
6468,authoritarian,B1,Daily_Life,General_Interactions
6469,authoritative,B1,Daily_Life,General_Interactions
6470,authorship,B1,Daily_Life,General_Interactions
6471,automate,B1,Daily_Life,General_Interactions
6472,automatic,B1,Daily_Life,General_Interactions
6473,automatic car,B1,Travel_Transportation,Road_Travel
6474,automatically,B1,Daily_Life,General_Interactions
6475,automation,B1,Technology_Digital,Artificial_Intelligence
6476,autonomy,B1,Daily_Life,General_Interactions
6477,autumn,B1,Daily_Life,General_Interactions
6478,availability,B1,Education,Learning_Skills
6479,available,B1,Technology_Digital,Artificial_Intelligence
6480,avarice,B1,Daily_Life,General_Interactions
6481,aver,B1,Daily_Life,General_Interactions
6482,average,B1,Daily_Life,General_Interactions
6483,averaged,B1,Daily_Life,General_Interactions
6484,aversion,B1,Daily_Life,General_Interactions
6485,avid,B1,Daily_Life,General_Interactions
6486,avoid,B1,Daily_Life,General_Interactions
6487,avoided,B1,Daily_Life,General_Interactions
6488,avoiding,B1,Daily_Life,General_Interactions
6489,awaken your interest,B1,Daily_Life,General_Interactions
6490,awakening,B1,Daily_Life,General_Interactions
6491,award damages,B1,Society_Law_Politics,Law_Crime
6492,aware,B1,Society_Law_Politics,Law_Crime
6493,aware of,B1,Society_Law_Politics,Law_Crime
6494,awareness,B1,Society_Law_Politics,Law_Crime
6495,away,B1,Daily_Life,General_Interactions
6496,awkward,B1,Society_Law_Politics,Law_Crime
6497,axe,B1,Daily_Life,General_Interactions
6498,axle,B1,Daily_Life,General_Interactions
6499,bachelor,B1,Daily_Life,General_Interactions
6500,back,B1,Daily_Life,General_Interactions
6501,back in fashion,B1,Daily_Life,General_Interactions
6502,back of beyond,B1,Daily_Life,General_Interactions
6503,back up conclusions,B1,Daily_Life,General_Interactions
6504,back-up,B1,Daily_Life,General_Interactions
6505,backed,B1,Daily_Life,General_Interactions
6506,background reading,B1,Communication_Media_Arts,Speaking_Expressions
6507,backside,B1,Daily_Life,General_Interactions
6508,backup,B1,Daily_Life,General_Interactions
6509,bacteria,B1,Psychology_Emotions,Behavior
6510,bad language,B1,Communication_Media_Arts,Writing_Language
6511,baffled,B1,Daily_Life,General_Interactions
6512,balance,B1,Psychology_Emotions,Stress_Mental_State
6513,balance the books,B1,Psychology_Emotions,Stress_Mental_State
6514,balancing,B1,Daily_Life,General_Interactions
6515,baleful,B1,Daily_Life,General_Interactions
6516,ball,B1,Daily_Life,General_Interactions
6517,ball-strike,B1,Daily_Life,General_Interactions
6518,balloon,B1,Daily_Life,General_Interactions
6519,ballot,B1,Daily_Life,General_Interactions
6520,bamboo,B1,Daily_Life,General_Interactions
6521,ban,B1,Daily_Life,General_Interactions
6522,banal,B1,Daily_Life,General_Interactions
6523,bane,B1,Daily_Life,General_Interactions
6524,banged,B1,Daily_Life,General_Interactions
6525,banish wrinkles,B1,Daily_Life,General_Interactions
6526,bank,B1,Business_Finance_Economy,Finance_Banking
6527,bar,B1,Daily_Life,General_Interactions
6528,bare,B1,Daily_Life,General_Interactions
6529,barely,B1,Daily_Life,General_Interactions
6530,barge,B1,Daily_Life,General_Interactions
6531,barking,B1,Daily_Life,General_Interactions
6532,baroque,B1,Daily_Life,General_Interactions
6533,barrage,B1,Daily_Life,General_Interactions
6534,barrage of insults,B1,Daily_Life,General_Interactions
6535,barrage of questions,B1,Education,Classroom_Interaction
6536,barrier,B1,Daily_Life,General_Interactions
6537,barriers,B1,Daily_Life,General_Interactions
6538,base,B1,Daily_Life,General_Interactions
6539,based,B1,Daily_Life,General_Interactions
6540,basic,B1,Daily_Life,General_Interactions
6541,basic principle,B1,Daily_Life,General_Interactions
6542,basil,B1,Daily_Life,General_Interactions
6543,basis,B1,Daily_Life,General_Interactions
6544,bath,B1,Daily_Life,General_Interactions
6545,batter,B1,Daily_Life,General_Interactions
6546,battery,B1,Daily_Life,General_Interactions
6547,battle,B1,Daily_Life,General_Interactions
6548,be awarded a penalty,B1,Society_Law_Politics,Law_Crime
6549,be drawn into an argument,B1,Communication_Media_Arts,Opinion_Discussion
6550,be given a sentence,B1,Daily_Life,General_Interactions
6551,be given a yellow card,B1,Travel_Transportation,Road_Travel
6552,be given leave,B1,Daily_Life,General_Interactions
6553,be in for a shock,B1,Daily_Life,General_Interactions
6554,be in poor health,B1,Health_Medicine,Healthcare_Hospital
6555,be joined in matrimony,B1,Daily_Life,General_Interactions
6556,be left with little alternative,B1,Daily_Life,General_Interactions
6557,be on the go,B1,Daily_Life,General_Interactions
6558,be open to offers,B1,Daily_Life,General_Interactions
6559,be prospects for,B1,Daily_Life,General_Interactions
6560,be the only option open to someone,B1,Daily_Life,General_Interactions
6561,be up for doing something,B1,Daily_Life,General_Interactions
6562,beak,B1,Daily_Life,General_Interactions
6563,beaked,B1,Daily_Life,General_Interactions
6564,beam,B1,Daily_Life,General_Interactions
6565,beamed,B1,Daily_Life,General_Interactions
6566,bear in mind,B1,Health_Medicine,Mental_Health
6567,bear left,B1,Daily_Life,General_Interactions
6568,bear little resemblance to,B1,Daily_Life,General_Interactions
6569,bear the suspense,B1,Daily_Life,General_Interactions
6570,beat,B1,Health_Medicine,Healthcare_Hospital
6571,beating,B1,Health_Medicine,Healthcare_Hospital
6572,beauty,B1,Daily_Life,General_Interactions
6573,beckon,B1,Daily_Life,General_Interactions
6574,become,B1,Daily_Life,General_Interactions
6575,become a habit,B1,Psychology_Emotions,Behavior
6576,become aware,B1,Society_Law_Politics,Law_Crime
6577,becoming,B1,Daily_Life,General_Interactions
6578,bed,B1,Daily_Life,General_Interactions
6579,bed of rice,B1,Daily_Life,General_Interactions
6580,bee,B1,Daily_Life,General_Interactions
6581,beef,B1,Daily_Life,General_Interactions
6582,beetle,B1,Daily_Life,General_Interactions
6583,beetroot,B1,Daily_Life,General_Interactions
6584,beforehand,B1,Daily_Life,General_Interactions
6585,beg,B1,Daily_Life,General_Interactions
6586,began,B1,Daily_Life,General_Interactions
6587,begin,B1,Daily_Life,General_Interactions
6588,beginning,B1,Daily_Life,General_Interactions
6589,beguile,B1,Daily_Life,General_Interactions
6590,begun,B1,Daily_Life,General_Interactions
6591,behalf,B1,Daily_Life,General_Interactions
6592,behave,B1,Daily_Life,General_Interactions
6593,behaved,B1,Daily_Life,General_Interactions
6594,behavior,B1,Psychology_Emotions,Behavior
6595,behavioral,B1,Psychology_Emotions,Behavior
6596,behaviors,B1,Psychology_Emotions,Behavior
6597,behind,B1,Daily_Life,General_Interactions
6598,being,B1,Daily_Life,General_Interactions
6599,belabor,B1,Science_Nature,Natural_Phenomena
6600,belie,B1,Daily_Life,General_Interactions
6601,belief,B1,Daily_Life,General_Interactions
6602,beliefs,B1,Daily_Life,General_Interactions
6603,believe,B1,Daily_Life,General_Interactions
6604,believed,B1,Daily_Life,General_Interactions
6605,believing,B1,Daily_Life,General_Interactions
6606,belittle,B1,Daily_Life,General_Interactions
6607,belittle someone's achievements,B1,Daily_Life,General_Interactions
6608,bellicose,B1,Daily_Life,General_Interactions
6609,belligerent,B1,Daily_Life,Home_Housing
6610,belong,B1,Daily_Life,General_Interactions
6611,belonging,B1,Daily_Life,General_Interactions
6612,belongings,B1,Daily_Life,General_Interactions
6613,below,B1,Daily_Life,General_Interactions
6614,belt,B1,Daily_Life,General_Interactions
6615,bemoan,B1,Daily_Life,General_Interactions
6616,bemused,B1,Daily_Life,General_Interactions
6617,beneath,B1,Health_Medicine,Healthcare_Hospital
6618,benediction,B1,Daily_Life,General_Interactions
6619,benefactor,B1,Psychology_Emotions,Behavior
6620,beneficent,B1,Daily_Life,General_Interactions
6621,beneficial,B1,Daily_Life,General_Interactions
6622,benefits,B1,Health_Medicine,Healthcare_Hospital
6623,benevolent,B1,Daily_Life,General_Interactions
6624,bent,B1,Daily_Life,General_Interactions
6625,beside,B1,Daily_Life,General_Interactions
6626,besiege,B1,Daily_Life,General_Interactions
6627,bestow,B1,Daily_Life,General_Interactions
6628,betray,B1,Daily_Life,General_Interactions
6629,betray someone's trust,B1,Daily_Life,General_Interactions
6630,better,B1,Daily_Life,General_Interactions
6631,beware,B1,Society_Law_Politics,Law_Crime
6632,bewilder,B1,Daily_Life,General_Interactions
6633,beyond reasonable doubt,B1,Daily_Life,General_Interactions
6634,bias,B1,Daily_Life,General_Interactions
6635,biases,B1,Daily_Life,General_Interactions
6636,bicameral,B1,Daily_Life,General_Interactions
6637,bicycle,B1,Daily_Life,General_Interactions
6638,biennial,B1,Daily_Life,General_Interactions
6639,big,B1,Daily_Life,General_Interactions
6640,bigger,B1,Daily_Life,General_Interactions
6641,biggest,B1,Daily_Life,General_Interactions
6642,bigot,B1,Daily_Life,General_Interactions
6643,biking,B1,Daily_Life,General_Interactions
6644,bilk,B1,Daily_Life,General_Interactions
6645,billion,B1,Health_Medicine,Healthcare_Hospital
6646,binary,B1,Daily_Life,General_Interactions
6647,bind,B1,Daily_Life,General_Interactions
6648,biodegradable,B1,Daily_Life,General_Interactions
6649,biodiversity,B1,Daily_Life,General_Interactions
6650,biological,B1,Daily_Life,General_Interactions
6651,biotechnology,B1,Technology_Digital,Software_Internet
6652,birch,B1,Daily_Life,General_Interactions
6653,bird-like,B1,Technology_Digital,Social_Media
6654,birth,B1,Daily_Life,General_Interactions
6655,birthday,B1,Daily_Life,General_Interactions
6656,biscuit,B1,Daily_Life,General_Interactions
6657,bison,B1,Daily_Life,General_Interactions
6658,bit,B1,Daily_Life,General_Interactions
6659,bits,B1,Daily_Life,General_Interactions
6660,bitter enemy,B1,Daily_Life,General_Interactions
6661,bitterly,B1,Daily_Life,General_Interactions
6662,black economy,B1,Business_Finance_Economy,Economy_Markets
6663,blame,B1,Daily_Life,General_Interactions
6664,blame rests with,B1,Daily_Life,General_Interactions
6665,blandishment,B1,Daily_Life,General_Interactions
6666,blank,B1,Daily_Life,General_Interactions
6667,blank expression,B1,Communication_Media_Arts,Speaking_Expressions
6668,blasphemy,B1,Daily_Life,General_Interactions
6669,blatant,B1,Daily_Life,General_Interactions
6670,blatantly obvious,B1,Daily_Life,General_Interactions
6671,bleaching,B1,Daily_Life,General_Interactions
6672,blight,B1,Daily_Life,General_Interactions
6673,blink,B1,Daily_Life,General_Interactions
6674,blithe,B1,Daily_Life,General_Interactions
6675,blob,B1,Daily_Life,General_Interactions
6676,block,B1,Daily_Life,General_Interactions
6677,blocked,B1,Daily_Life,General_Interactions
6678,blocks,B1,Daily_Life,General_Interactions
6679,blond hair,B1,Technology_Digital,Artificial_Intelligence
6680,blood,B1,Daily_Life,General_Interactions
6681,bloodstream,B1,Daily_Life,General_Interactions
6682,blossom,B1,Business_Finance_Economy,Finance_Banking
6683,blow,B1,Daily_Life,General_Interactions
6684,blowing,B1,Daily_Life,General_Interactions
6685,blown,B1,Daily_Life,General_Interactions
6686,blue-green,B1,Science_Nature,Environment_Ecology
6687,blunder,B1,Daily_Life,General_Interactions
6688,bluster,B1,Daily_Life,General_Interactions
6689,boar,B1,Daily_Life,General_Interactions
6690,board,B1,Daily_Life,General_Interactions
6691,boards,B1,Daily_Life,General_Interactions
6692,boast,B1,Daily_Life,General_Interactions
6693,boat,B1,Daily_Life,General_Interactions
6694,bodies,B1,Daily_Life,General_Interactions
6695,body,B1,Daily_Life,General_Interactions
6696,bogus,B1,Daily_Life,General_Interactions
6697,boil,B1,Daily_Life,General_Interactions
6698,boiled,B1,Daily_Life,General_Interactions
6699,boiling,B1,Daily_Life,General_Interactions
6700,bold experiment,B1,Science_Nature,Research_Methods
6701,bolster,B1,Daily_Life,General_Interactions
6702,bolt,B1,Daily_Life,General_Interactions
6703,bolted,B1,Daily_Life,General_Interactions
6704,bombard,B1,Daily_Life,General_Interactions
6705,bombard someone with questions,B1,Education,Classroom_Interaction
6706,bombastic,B1,Daily_Life,General_Interactions
6707,bone idle,B1,Daily_Life,General_Interactions
6708,bones,B1,Daily_Life,General_Interactions
6709,booked,B1,Communication_Media_Arts,Speaking_Expressions
6710,bookmark,B1,Communication_Media_Arts,Speaking_Expressions
6711,bookmarks,B1,Communication_Media_Arts,Speaking_Expressions
6712,bookseller,B1,Business_Finance_Economy,Business_Management
6713,boom,B1,Daily_Life,General_Interactions
6714,booming voice,B1,Communication_Media_Arts,Speaking_Expressions
6715,boon,B1,Daily_Life,General_Interactions
6716,boost,B1,Daily_Life,General_Interactions
6717,boost profits,B1,Business_Finance_Economy,Finance_Banking
6718,boost sales,B1,Business_Finance_Economy,Business_Management
6719,boost spirits,B1,Daily_Life,General_Interactions
6720,boost your confidence,B1,Daily_Life,General_Interactions
6721,booth,B1,Daily_Life,General_Interactions
6722,bore,B1,Daily_Life,General_Interactions
6723,bored,B1,Daily_Life,General_Interactions
6724,bored rigid,B1,Daily_Life,General_Interactions
6725,boring,B1,Daily_Life,General_Interactions
6726,borrow,B1,Daily_Life,General_Interactions
6727,borrow heavily,B1,Daily_Life,General_Interactions
6728,borrowed,B1,Daily_Life,General_Interactions
6729,bother,B1,Daily_Life,General_Interactions
6730,bothered,B1,Daily_Life,General_Interactions
6731,bottle,B1,Daily_Life,General_Interactions
6732,bottle up your feelings,B1,Psychology_Emotions,Feelings_Emotions
6733,bottom,B1,Daily_Life,General_Interactions
6734,bought,B1,Daily_Life,General_Interactions
6735,bounce,B1,Daily_Life,General_Interactions
6736,bound,B1,Daily_Life,General_Interactions
6737,boundary,B1,Daily_Life,General_Interactions
6738,boundless energy,B1,Science_Nature,Physics_Chemistry
6739,bountiful,B1,Daily_Life,General_Interactions
6740,bourgeois,B1,Daily_Life,General_Interactions
6741,bow,B1,Daily_Life,General_Interactions
6742,bow to pressure,B1,Communication_Media_Arts,Media_Journalism
6743,bowing,B1,Daily_Life,General_Interactions
6744,boxing,B1,Daily_Life,General_Interactions
6745,braggart,B1,Communication_Media_Arts,Arts_Creativity
6746,brain,B1,Technology_Digital,Artificial_Intelligence
6747,brainchild,B1,Technology_Digital,Artificial_Intelligence
6748,brand,B1,Daily_Life,General_Interactions
6749,brand identity,B1,Daily_Life,General_Interactions
6750,bravado,B1,Daily_Life,General_Interactions
6751,breach a contract,B1,Psychology_Emotions,Behavior
6752,break,B1,Daily_Life,General_Interactions
6753,break a promise,B1,Daily_Life,General_Interactions
6754,break a task down,B1,Daily_Life,Routine_Activities
6755,break diplomatic relations,B1,Education,University_School
6756,break into a run,B1,Daily_Life,General_Interactions
6757,break into song,B1,Daily_Life,General_Interactions
6758,break news,B1,Communication_Media_Arts,Media_Journalism
6759,break the cycle,B1,Daily_Life,General_Interactions
6760,break the journey,B1,Travel_Transportation,Road_Travel
6761,break through the defence,B1,Daily_Life,General_Interactions
6762,break with tradition,B1,Daily_Life,General_Interactions
6763,breakdowns,B1,Daily_Life,General_Interactions
6764,breakfast,B1,Daily_Life,General_Interactions
6765,breaking,B1,Daily_Life,General_Interactions
6766,breakthrough,B1,Daily_Life,General_Interactions
6767,breath,B1,Health_Medicine,Healthcare_Hospital
6768,breathe,B1,Health_Medicine,Healthcare_Hospital
6769,breathing,B1,Health_Medicine,Healthcare_Hospital
6770,breed,B1,Daily_Life,General_Interactions
6771,breed resentment,B1,Daily_Life,General_Interactions
6772,breeding,B1,Daily_Life,General_Interactions
6773,brevity,B1,Daily_Life,General_Interactions
6774,brew,B1,Daily_Life,General_Interactions
6775,bribe,B1,Daily_Life,General_Interactions
6776,bridge the gap,B1,Daily_Life,General_Interactions
6777,brief,B1,Daily_Life,General_Interactions
6778,bright,B1,Society_Law_Politics,Law_Crime
6779,bright idea,B1,Society_Law_Politics,Law_Crime
6780,brighter,B1,Society_Law_Politics,Law_Crime
6781,brightest,B1,Education,Exams_Assessments
6782,bring,B1,Daily_Life,General_Interactions
6783,bring back memories,B1,Daily_Life,General_Interactions
6784,bring stability,B1,Education,Learning_Skills
6785,bring to a close,B1,Daily_Life,General_Interactions
6786,bring to a halt,B1,Daily_Life,General_Interactions
6787,bring to justice,B1,Society_Law_Politics,Law_Crime
6788,bring traffic to a standstill,B1,Travel_Transportation,Road_Travel
6789,bring up the subject,B1,Daily_Life,General_Interactions
6790,bringing,B1,Daily_Life,General_Interactions
6791,bristle,B1,Daily_Life,General_Interactions
6792,brittle,B1,Daily_Life,General_Interactions
6793,broach,B1,Daily_Life,General_Interactions
6794,broach the subject,B1,Daily_Life,General_Interactions
6795,broad,B1,Travel_Transportation,Road_Travel
6796,broad accent,B1,Travel_Transportation,Road_Travel
6797,broad appeal,B1,Travel_Transportation,Road_Travel
6798,broad avenue,B1,Travel_Transportation,Road_Travel
6799,broad generalisation,B1,Science_Nature,Biology_Life_Sciences
6800,broad outline,B1,Travel_Transportation,Road_Travel
6801,broad range,B1,Travel_Transportation,Road_Travel
6802,broad smile,B1,Travel_Transportation,Road_Travel
6803,broadcast,B1,Travel_Transportation,Road_Travel
6804,broader,B1,Travel_Transportation,Road_Travel
6805,broadly,B1,Travel_Transportation,Road_Travel
6806,brochure,B1,Daily_Life,General_Interactions
6807,broke,B1,Daily_Life,General_Interactions
6808,broken,B1,Daily_Life,General_Interactions
6809,broker an agreement,B1,Communication_Media_Arts,Opinion_Discussion
6810,bromide,B1,Daily_Life,General_Interactions
6811,bronze,B1,Daily_Life,General_Interactions
6812,brood,B1,Daily_Life,General_Interactions
6813,brought,B1,Daily_Life,General_Interactions
6814,browser,B1,Technology_Digital,Software_Internet
6815,browsing,B1,Communication_Media_Arts,Speaking_Expressions
6816,brush,B1,Daily_Life,General_Interactions
6817,brusque,B1,Daily_Life,General_Interactions
6818,brutal,B1,Daily_Life,General_Interactions
6819,bubbly,B1,Daily_Life,General_Interactions
6820,bubbly personality,B1,Psychology_Emotions,Personality
6821,bucolic,B1,Daily_Life,General_Interactions
6822,bud,B1,Daily_Life,General_Interactions
6823,budget,B1,Business_Finance_Economy,Finance_Banking
6824,budget doesn't stretch to,B1,Business_Finance_Economy,Finance_Banking
6825,buffalo,B1,Daily_Life,General_Interactions
6826,buffer,B1,Daily_Life,General_Interactions
6827,buffoon,B1,Daily_Life,General_Interactions
6828,bug,B1,Daily_Life,General_Interactions
6829,build,B1,Daily_Life,General_Interactions
6830,build brand awareness,B1,Society_Law_Politics,Law_Crime
6831,build on the success,B1,Daily_Life,General_Interactions
6832,build up resistance,B1,Daily_Life,General_Interactions
6833,build up your strength,B1,Health_Medicine,Fitness_Exercise
6834,building,B1,Daily_Life,General_Interactions
6835,builds,B1,Daily_Life,General_Interactions
6836,built,B1,Daily_Life,General_Interactions
6837,bulb,B1,Daily_Life,General_Interactions
6838,bulging,B1,Daily_Life,General_Interactions
6839,bulwark,B1,Society_Law_Politics,Law_Crime
6840,bumper crop,B1,Daily_Life,General_Interactions
6841,bumping,B1,Daily_Life,General_Interactions
6842,buoyancy,B1,Daily_Life,General_Interactions
6843,bureaucracy,B1,Daily_Life,General_Interactions
6844,buried,B1,Daily_Life,General_Interactions
6845,burlesque,B1,Daily_Life,General_Interactions
6846,burn,B1,Daily_Life,General_Interactions
6847,burned,B1,Daily_Life,General_Interactions
6848,burning,B1,Daily_Life,General_Interactions
6849,burst into laughter,B1,Daily_Life,General_Interactions
6850,burst of energy,B1,Science_Nature,Physics_Chemistry
6851,bursting with energy,B1,Science_Nature,Physics_Chemistry
6852,bus network,B1,Business_Finance_Economy,Jobs_Careers
6853,businesses,B1,Business_Finance_Economy,Business_Management
6854,businessmen,B1,Business_Finance_Economy,Business_Management
6855,bustling,B1,Travel_Transportation,Public_Transport
6856,bustling centre,B1,Travel_Transportation,Public_Transport
6857,butter,B1,Daily_Life,General_Interactions
6858,buttress,B1,Daily_Life,General_Interactions
6859,buy,B1,Daily_Life,Shopping_Everyday
6860,buying,B1,Daily_Life,Shopping_Everyday
6861,buying habit,B1,Psychology_Emotions,Behavior
6862,buzz,B1,Daily_Life,General_Interactions
6863,by remote control,B1,Daily_Life,General_Interactions
6864,bygone era,B1,Daily_Life,General_Interactions
6865,bypass,B1,Education,Exams_Assessments
6866,cabbage,B1,Daily_Life,General_Interactions
6867,cabin,B1,Daily_Life,General_Interactions
6868,cabinet,B1,Daily_Life,General_Interactions
6869,cable,B1,Daily_Life,General_Interactions
6870,cacophony,B1,Daily_Life,General_Interactions
6871,cajole,B1,Daily_Life,General_Interactions
6872,calamity,B1,Daily_Life,General_Interactions
6873,calcium,B1,Daily_Life,General_Interactions
6874,calculate,B1,Daily_Life,General_Interactions
6875,calculations,B1,Daily_Life,General_Interactions
6876,calendar,B1,Daily_Life,Time_Management
6877,calibrate,B1,Business_Finance_Economy,Economy_Markets
6878,call,B1,Daily_Life,General_Interactions
6879,call a halt to,B1,Daily_Life,General_Interactions
6880,call a to halt,B1,Daily_Life,General_Interactions
6881,call an election,B1,Society_Law_Politics,Government_Politics
6882,call for a ceasefire,B1,Daily_Life,General_Interactions
6883,call for a celebration,B1,Daily_Life,General_Interactions
6884,call in a loan,B1,Business_Finance_Economy,Finance_Banking
6885,call in the receivers,B1,Daily_Life,General_Interactions
6886,call off a match,B1,Daily_Life,General_Interactions
6887,call off a search,B1,Technology_Digital,Software_Internet
6888,called,B1,Daily_Life,General_Interactions
6889,calling,B1,Daily_Life,General_Interactions
6890,callous,B1,Daily_Life,General_Interactions
6891,calm,B1,Psychology_Emotions,Stress_Mental_State
6892,calorie,B1,Health_Medicine,Nutrition_Diet
6893,calories,B1,Health_Medicine,Nutrition_Diet
6894,calumny,B1,Daily_Life,General_Interactions
6895,camaraderie,B1,Daily_Life,General_Interactions
6896,came,B1,Daily_Life,General_Interactions
6897,cameo,B1,Daily_Life,General_Interactions
6898,camera,B1,Daily_Life,General_Interactions
6899,camouflage,B1,Daily_Life,General_Interactions
6900,campaign,B1,Technology_Digital,Artificial_Intelligence
6901,campaigns,B1,Technology_Digital,Artificial_Intelligence
6902,camping,B1,Daily_Life,General_Interactions
6903,campus,B1,Daily_Life,General_Interactions
6904,canal,B1,Daily_Life,General_Interactions
6905,canard,B1,Daily_Life,General_Interactions
6906,canary,B1,Daily_Life,General_Interactions
6907,cancel,B1,Daily_Life,General_Interactions
6908,cancelled,B1,Science_Nature,Biology_Life_Sciences
6909,cancelling,B1,Science_Nature,Biology_Life_Sciences
6910,cancer,B1,Daily_Life,General_Interactions
6911,candid,B1,Daily_Life,General_Interactions
6912,candlewax,B1,Daily_Life,General_Interactions
6913,candor,B1,Daily_Life,General_Interactions
6914,canned,B1,Daily_Life,General_Interactions
6915,cannot,B1,Daily_Life,General_Interactions
6916,canoe,B1,Daily_Life,General_Interactions
6917,cantankerous,B1,Daily_Life,General_Interactions
6918,canvass,B1,Daily_Life,General_Interactions
6919,cap,B1,Daily_Life,General_Interactions
6920,capable,B1,Daily_Life,General_Interactions
6921,capacious,B1,Daily_Life,General_Interactions
6922,capacity,B1,Daily_Life,General_Interactions
6923,capital,B1,Business_Finance_Economy,Finance_Banking
6924,capitalize,B1,Business_Finance_Economy,Finance_Banking
6925,capitulate,B1,Daily_Life,General_Interactions
6926,captain,B1,Technology_Digital,Artificial_Intelligence
6927,captivate,B1,Daily_Life,General_Interactions
6928,captive,B1,Daily_Life,General_Interactions
6929,capture,B1,Daily_Life,General_Interactions
6930,captured,B1,Daily_Life,General_Interactions
6931,car,B1,Travel_Transportation,Road_Travel
6932,car-sharing programmes,B1,Travel_Transportation,Road_Travel
6933,carbon,B1,Travel_Transportation,Road_Travel
6934,carbonate,B1,Travel_Transportation,Road_Travel
6935,cardinal,B1,Travel_Transportation,Road_Travel
6936,cardio,B1,Travel_Transportation,Road_Travel
6937,care,B1,Travel_Transportation,Road_Travel
6938,careen,B1,Travel_Transportation,Road_Travel
6939,career,B1,Business_Finance_Economy,Jobs_Careers
6940,careers,B1,Business_Finance_Economy,Jobs_Careers
6941,careful,B1,Travel_Transportation,Road_Travel
6942,caregivers,B1,Travel_Transportation,Road_Travel
6943,caretaker,B1,Travel_Transportation,Road_Travel
6944,cargo,B1,Travel_Transportation,Road_Travel
6945,caricature,B1,Travel_Transportation,Road_Travel
6946,carnage,B1,Travel_Transportation,Road_Travel
6947,carnal,B1,Travel_Transportation,Road_Travel
6948,carping,B1,Travel_Transportation,Road_Travel
6949,carried,B1,Travel_Transportation,Road_Travel
6950,carrot,B1,Travel_Transportation,Road_Travel
6951,carry,B1,Travel_Transportation,Road_Travel
6952,carry a risk,B1,Business_Finance_Economy,Entrepreneurship
6953,carry on a conversation,B1,Travel_Transportation,Road_Travel
6954,carry out a risk assessment,B1,Education,Exams_Assessments
6955,carry out a survey,B1,Travel_Transportation,Road_Travel
6956,carrying,B1,Travel_Transportation,Road_Travel
6957,carting,B1,Travel_Transportation,Road_Travel
6958,cartographer,B1,Travel_Transportation,Road_Travel
6959,cartoon,B1,Travel_Transportation,Road_Travel
6960,carve,B1,Travel_Transportation,Road_Travel
6961,carve a niche for yourself,B1,Travel_Transportation,Road_Travel
6962,carved,B1,Travel_Transportation,Road_Travel
6963,carving,B1,Travel_Transportation,Road_Travel
6964,cascade,B1,Daily_Life,General_Interactions
6965,cascading,B1,Daily_Life,General_Interactions
6966,case,B1,Daily_Life,General_Interactions
6967,cast,B1,Daily_Life,General_Interactions
6968,cast in the role of,B1,Daily_Life,General_Interactions
6969,cast light on a situation,B1,Daily_Life,General_Interactions
6970,castigate,B1,Daily_Life,General_Interactions
6971,casual,B1,Daily_Life,General_Interactions
6972,casualty,B1,Daily_Life,General_Interactions
6973,cataclysm,B1,Daily_Life,General_Interactions
6974,catalysis,B1,Daily_Life,General_Interactions
6975,catalyst,B1,Daily_Life,General_Interactions
6976,catalysts,B1,Daily_Life,General_Interactions
6977,catastrophic results,B1,Daily_Life,General_Interactions
6978,catch,B1,Daily_Life,General_Interactions
6979,category,B1,Daily_Life,General_Interactions
6980,cater,B1,Daily_Life,General_Interactions
6981,caterpillar,B1,Health_Medicine,Healthcare_Hospital
6982,catharsis,B1,Daily_Life,General_Interactions
6983,caucus,B1,Daily_Life,General_Interactions
6984,caught,B1,Daily_Life,General_Interactions
6985,caught in the crossfire,B1,Daily_Life,General_Interactions
6986,caulk,B1,Daily_Life,General_Interactions
6987,causality,B1,Daily_Life,General_Interactions
6988,cause,B1,Daily_Life,General_Interactions
6989,cause any trouble,B1,Daily_Life,General_Interactions
6990,caused,B1,Daily_Life,General_Interactions
6991,caustic,B1,Daily_Life,General_Interactions
6992,cauterize,B1,Daily_Life,General_Interactions
6993,cautious,B1,Daily_Life,General_Interactions
6994,cautiously optimistic,B1,Psychology_Emotions,Personality
6995,cavalcade,B1,Daily_Life,General_Interactions
6996,cave,B1,Daily_Life,General_Interactions
6997,caveman,B1,Daily_Life,General_Interactions
6998,cavil,B1,Daily_Life,General_Interactions
6999,cease,B1,Daily_Life,General_Interactions
7000,ceasefire comes into effect,B1,Daily_Life,General_Interactions
7001,cede,B1,Daily_Life,General_Interactions
7002,ceiling,B1,Daily_Life,General_Interactions
7003,celebrate,B1,Business_Finance_Economy,Economy_Markets
7004,celebrating,B1,Daily_Life,General_Interactions
7005,celebrity,B1,Daily_Life,General_Interactions
7006,celebrity endorsement,B1,Daily_Life,General_Interactions
7007,celestial,B1,Daily_Life,General_Interactions
7008,cell,B1,Science_Nature,Biology_Life_Sciences
7009,cells,B1,Science_Nature,Biology_Life_Sciences
7010,cellular,B1,Science_Nature,Biology_Life_Sciences
7011,cementation,B1,Daily_Life,General_Interactions
7012,cemetery,B1,Daily_Life,General_Interactions
7013,censor,B1,Daily_Life,General_Interactions
7014,censure,B1,Daily_Life,General_Interactions
7015,cent,B1,Daily_Life,General_Interactions
7016,center,B1,Daily_Life,General_Interactions
7017,centimetre,B1,Daily_Life,Time_Management
7018,central,B1,Daily_Life,General_Interactions
7019,centralized,B1,Daily_Life,General_Interactions
7020,centre,B1,Daily_Life,General_Interactions
7021,cerebral,B1,Daily_Life,General_Interactions
7022,certain,B1,Technology_Digital,Artificial_Intelligence
7023,certificates,B1,Daily_Life,General_Interactions
7024,certification,B1,Daily_Life,General_Interactions
7025,certitude,B1,Daily_Life,General_Interactions
7026,cessation,B1,Daily_Life,General_Interactions
7027,cetaceans,B1,Daily_Life,General_Interactions
7028,chagrin,B1,Daily_Life,General_Interactions
7029,chain,B1,Technology_Digital,Artificial_Intelligence
7030,chained,B1,Technology_Digital,Artificial_Intelligence
7031,chair,B1,Technology_Digital,Artificial_Intelligence
7032,chair a committee,B1,Technology_Digital,Artificial_Intelligence
7033,chalice,B1,Daily_Life,General_Interactions
7034,chalk,B1,Daily_Life,General_Interactions
7035,challenge,B1,Daily_Life,General_Interactions
7036,challenges,B1,Daily_Life,General_Interactions
7037,challenging,B1,Daily_Life,General_Interactions
7038,chamber,B1,Daily_Life,General_Interactions
7039,chambers,B1,Daily_Life,General_Interactions
7040,champ,B1,Daily_Life,General_Interactions
7041,champion,B1,Daily_Life,General_Interactions
7042,championed,B1,Daily_Life,General_Interactions
7043,chance,B1,Daily_Life,General_Interactions
7044,chancy,B1,Daily_Life,General_Interactions
7045,change,B1,Daily_Life,General_Interactions
7046,change beyond recognition,B1,Daily_Life,General_Interactions
7047,change comes about,B1,Daily_Life,General_Interactions
7048,change dramatically,B1,Daily_Life,General_Interactions
7049,change fundamentally,B1,Health_Medicine,Mental_Health
7050,change gear,B1,Daily_Life,General_Interactions
7051,change imperceptibly,B1,Daily_Life,General_Interactions
7052,change radically,B1,Daily_Life,General_Interactions
7053,change takes place,B1,Daily_Life,General_Interactions
7054,change your ways,B1,Daily_Life,General_Interactions
7055,changed,B1,Daily_Life,General_Interactions
7056,changed man,B1,Daily_Life,General_Interactions
7057,changed woman,B1,Daily_Life,General_Interactions
7058,changes,B1,Daily_Life,General_Interactions
7059,changing,B1,Daily_Life,General_Interactions
7060,channel,B1,Daily_Life,General_Interactions
7061,channel of communication,B1,Communication_Media_Arts,Speaking_Expressions
7062,channels,B1,Daily_Life,General_Interactions
7063,chaos,B1,Daily_Life,General_Interactions
7064,character,B1,Psychology_Emotions,Personality
7065,characteristics,B1,Psychology_Emotions,Personality
7066,characterize,B1,Psychology_Emotions,Personality
7067,characterized,B1,Psychology_Emotions,Personality
7068,charcoal,B1,Daily_Life,General_Interactions
7069,charge,B1,Daily_Life,General_Interactions
7070,charity,B1,Daily_Life,General_Interactions
7071,charlatan,B1,Daily_Life,General_Interactions
7072,charm,B1,Daily_Life,General_Interactions
7073,charming,B1,Daily_Life,General_Interactions
7074,chart,B1,Communication_Media_Arts,Arts_Creativity
7075,chase,B1,Daily_Life,General_Interactions
7076,chased,B1,Daily_Life,General_Interactions
7077,chasm,B1,Daily_Life,General_Interactions
7078,chasten,B1,Daily_Life,General_Interactions
7079,chastise,B1,Daily_Life,General_Interactions
7080,chauvinist,B1,Daily_Life,General_Interactions
7081,cheap source,B1,Daily_Life,General_Interactions
7082,cheaper,B1,Daily_Life,General_Interactions
7083,check,B1,Daily_Life,General_Interactions
7084,check-out,B1,Daily_Life,General_Interactions
7085,checked,B1,Daily_Life,General_Interactions
7086,checking,B1,Daily_Life,General_Interactions
7087,checkup,B1,Daily_Life,General_Interactions
7088,cheek,B1,Daily_Life,General_Interactions
7089,cheerful,B1,Daily_Life,General_Interactions
7090,chemical,B1,Daily_Life,General_Interactions
7091,chemically,B1,Daily_Life,General_Interactions
7092,chemicals,B1,Daily_Life,General_Interactions
7093,cherish,B1,Daily_Life,General_Interactions
7094,cherry,B1,Daily_Life,General_Interactions
7095,chessboard,B1,Daily_Life,General_Interactions
7096,chicanery,B1,Daily_Life,General_Interactions
7097,chide,B1,Daily_Life,General_Interactions
7098,chief,B1,Daily_Life,General_Interactions
7099,child,B1,Daily_Life,General_Interactions
7100,child prodigy,B1,Daily_Life,General_Interactions
7101,childhood,B1,Daily_Life,General_Interactions
7102,childhood friends,B1,Daily_Life,General_Interactions
7103,children,B1,Daily_Life,General_Interactions
7104,chin,B1,Daily_Life,General_Interactions
7105,chip,B1,Daily_Life,General_Interactions
7106,chisel,B1,Daily_Life,General_Interactions
7107,chivalrous,B1,Daily_Life,General_Interactions
7108,chocolatey,B1,Daily_Life,General_Interactions
7109,choice,B1,Daily_Life,General_Interactions
7110,choleric,B1,Daily_Life,General_Interactions
7111,choose,B1,Daily_Life,General_Interactions
7112,choreography,B1,Daily_Life,General_Interactions
7113,chronically,B1,Daily_Life,General_Interactions
7114,chronicle,B1,Daily_Life,General_Interactions
7115,chunk,B1,Daily_Life,General_Interactions
7116,church,B1,Daily_Life,General_Interactions
7117,churlish,B1,Daily_Life,General_Interactions
7118,cinema,B1,Daily_Life,General_Interactions
7119,cinnamon,B1,Daily_Life,General_Interactions
7120,circadian,B1,Daily_Life,General_Interactions
7121,circle,B1,Daily_Life,General_Interactions
7122,circle of friends,B1,Daily_Life,General_Interactions
7123,circuitous,B1,Daily_Life,General_Interactions
7124,circulation,B1,Daily_Life,General_Interactions
7125,circulatory,B1,Daily_Life,General_Interactions
7126,circumlocution,B1,Daily_Life,General_Interactions
7127,circumnavigate,B1,Travel_Transportation,Road_Travel
7128,circumscribe,B1,Daily_Life,General_Interactions
7129,circumspect,B1,Daily_Life,General_Interactions
7130,circumstance,B1,Daily_Life,General_Interactions
7131,circumstances,B1,Daily_Life,General_Interactions
7132,citadel,B1,Daily_Life,General_Interactions
7133,cite,B1,Daily_Life,General_Interactions
7134,cited,B1,Daily_Life,General_Interactions
7135,city,B1,Daily_Life,General_Interactions
7136,city bus,B1,Travel_Transportation,Public_Transport
7137,civilization,B1,Daily_Life,General_Interactions
7138,civilizations,B1,Daily_Life,General_Interactions
7139,claim,B1,Technology_Digital,Artificial_Intelligence
7140,claim benefits,B1,Technology_Digital,Artificial_Intelligence
7141,claimed,B1,Technology_Digital,Artificial_Intelligence
7142,clairvoyant,B1,Technology_Digital,Artificial_Intelligence
7143,clam,B1,Daily_Life,General_Interactions
7144,clamber,B1,Daily_Life,General_Interactions
7145,clamor,B1,Daily_Life,General_Interactions
7146,clandestine,B1,Daily_Life,General_Interactions
7147,clap of thunder,B1,Daily_Life,General_Interactions
7148,clarify a position,B1,Daily_Life,General_Interactions
7149,clarion,B1,Daily_Life,General_Interactions
7150,clarity,B1,Daily_Life,General_Interactions
7151,clash,B1,Daily_Life,General_Interactions
7152,classic,B1,Education,University_School
7153,classical,B1,Education,University_School
7154,clause,B1,Daily_Life,General_Interactions
7155,claustrophobia,B1,Daily_Life,General_Interactions
7156,clay,B1,Daily_Life,General_Interactions
7157,clean,B1,Daily_Life,General_Interactions
7158,clean-shaven face,B1,Daily_Life,General_Interactions
7159,clean-up,B1,Daily_Life,General_Interactions
7160,cleaned,B1,Daily_Life,General_Interactions
7161,cleanliness,B1,Daily_Life,General_Interactions
7162,cleanup,B1,Daily_Life,General_Interactions
7163,clear,B1,Daily_Life,General_Interactions
7164,clear a debt,B1,Business_Finance_Economy,Finance_Banking
7165,clear distinction,B1,Daily_Life,General_Interactions
7166,clear up confusion,B1,Daily_Life,General_Interactions
7167,clear your desk,B1,Daily_Life,General_Interactions
7168,cleared,B1,Daily_Life,General_Interactions
7169,clearer,B1,Daily_Life,General_Interactions
7170,clearly,B1,Daily_Life,General_Interactions
7171,clemency,B1,Daily_Life,General_Interactions
7172,cliche,B1,Daily_Life,General_Interactions
7173,clientele,B1,Daily_Life,General_Interactions
7174,climactic,B1,Psychology_Emotions,Behavior
7175,climatic,B1,Daily_Life,General_Interactions
7176,climb,B1,Daily_Life,General_Interactions
7177,climbed,B1,Daily_Life,General_Interactions
7178,clinic,B1,Health_Medicine,Healthcare_Hospital
7179,clinical,B1,Health_Medicine,Healthcare_Hospital
7180,clinically proven,B1,Health_Medicine,Healthcare_Hospital
7181,clipper,B1,Daily_Life,General_Interactions
7182,clock,B1,Daily_Life,Time_Management
7183,cloister,B1,Daily_Life,General_Interactions
7184,close,B1,Daily_Life,General_Interactions
7185,close confidant,B1,Daily_Life,General_Interactions
7186,close friends,B1,Daily_Life,General_Interactions
7187,close off a street,B1,Daily_Life,General_Interactions
7188,closed,B1,Daily_Life,General_Interactions
7189,closely,B1,Daily_Life,General_Interactions
7190,closer,B1,Daily_Life,General_Interactions
7191,closest,B1,Daily_Life,General_Interactions
7192,closing,B1,Communication_Media_Arts,Speaking_Expressions
7193,closure,B1,Daily_Life,General_Interactions
7194,cloth,B1,Daily_Life,General_Interactions
7195,clothing,B1,Daily_Life,General_Interactions
7196,cloud,B1,Technology_Digital,Software_Internet
7197,cloud your judgement,B1,Society_Law_Politics,Law_Crime
7198,cloudier,B1,Technology_Digital,Software_Internet
7199,clouds,B1,Technology_Digital,Software_Internet
7200,clove of garlic,B1,Psychology_Emotions,Feelings_Emotions
7201,clownfish,B1,Daily_Life,General_Interactions
7202,club,B1,Daily_Life,General_Interactions
7203,clue,B1,Daily_Life,General_Interactions
7204,clusters,B1,Daily_Life,General_Interactions
7205,co-operate,B1,Business_Finance_Economy,Economy_Markets
7206,co-worker,B1,Business_Finance_Economy,Jobs_Careers
7207,coalesce,B1,Daily_Life,General_Interactions
7208,coastal,B1,Daily_Life,General_Interactions
7209,coastlines,B1,Daily_Life,General_Interactions
7210,coat,B1,Daily_Life,General_Interactions
7211,coated,B1,Daily_Life,General_Interactions
7212,coating,B1,Daily_Life,General_Interactions
7213,cocktail,B1,Technology_Digital,Artificial_Intelligence
7214,coconut,B1,Daily_Life,General_Interactions
7215,cod,B1,Daily_Life,General_Interactions
7216,coddle,B1,Daily_Life,General_Interactions
7217,code,B1,Technology_Digital,Software_Internet
7218,codfish,B1,Daily_Life,General_Interactions
7219,coercive,B1,Daily_Life,General_Interactions
7220,coeval,B1,Daily_Life,General_Interactions
7221,coexistence,B1,Daily_Life,General_Interactions
7222,cogent,B1,Daily_Life,General_Interactions
7223,cognition,B1,Daily_Life,General_Interactions
7224,cognitive,B1,Psychology_Emotions,Feelings_Emotions
7225,cognizant,B1,Daily_Life,General_Interactions
7226,coherence,B1,Daily_Life,General_Interactions
7227,cohesion,B1,Daily_Life,General_Interactions
7228,cohesive,B1,Daily_Life,General_Interactions
7229,cohort,B1,Daily_Life,General_Interactions
7230,coil,B1,Daily_Life,General_Interactions
7231,coin,B1,Daily_Life,General_Interactions
7232,coin a phrase,B1,Daily_Life,General_Interactions
7233,coin a term,B1,Daily_Life,General_Interactions
7234,coincidence,B1,Daily_Life,General_Interactions
7235,coke,B1,Daily_Life,General_Interactions
7236,cold,B1,Daily_Life,General_Interactions
7237,colder,B1,Daily_Life,General_Interactions
7238,collaborate,B1,Business_Finance_Economy,Economy_Markets
7239,collaboration,B1,Science_Nature,Natural_Phenomena
7240,collaborative,B1,Science_Nature,Natural_Phenomena
7241,collapse,B1,Daily_Life,General_Interactions
7242,collateral,B1,Daily_Life,General_Interactions
7243,collateral damage,B1,Daily_Life,General_Interactions
7244,colleague,B1,Daily_Life,General_Interactions
7245,collect,B1,Daily_Life,General_Interactions
7246,collected,B1,Daily_Life,General_Interactions
7247,collecting,B1,Daily_Life,General_Interactions
7248,collection,B1,Daily_Life,General_Interactions
7249,collections,B1,Daily_Life,General_Interactions
7250,collective,B1,Daily_Life,General_Interactions
7251,collectively,B1,Daily_Life,General_Interactions
7252,collector,B1,Daily_Life,General_Interactions
7253,collectors,B1,Daily_Life,General_Interactions
7254,collision,B1,Daily_Life,General_Interactions
7255,collisions,B1,Daily_Life,General_Interactions
7256,colloquial,B1,Daily_Life,General_Interactions
7257,collusion,B1,Daily_Life,General_Interactions
7258,colonies,B1,Daily_Life,General_Interactions
7259,colonization,B1,Daily_Life,General_Interactions
7260,colonize,B1,Daily_Life,General_Interactions
7261,colony,B1,Daily_Life,General_Interactions
7262,color,B1,Daily_Life,General_Interactions
7263,colorful,B1,Daily_Life,General_Interactions
7264,colossal,B1,Business_Finance_Economy,Finance_Banking
7265,colour,B1,Daily_Life,General_Interactions
7266,coloured,B1,Daily_Life,General_Interactions
7267,column,B1,Daily_Life,General_Interactions
7268,combat,B1,Daily_Life,General_Interactions
7269,combination,B1,Daily_Life,General_Interactions
7270,combine,B1,Daily_Life,General_Interactions
7271,combined,B1,Daily_Life,General_Interactions
7272,combing,B1,Daily_Life,General_Interactions
7273,combining,B1,Daily_Life,General_Interactions
7274,come as a bit of a shock,B1,Daily_Life,General_Interactions
7275,come down heavily on,B1,Daily_Life,General_Interactions
7276,come out of a coma,B1,Daily_Life,General_Interactions
7277,come to a conclusion,B1,Daily_Life,General_Interactions
7278,come up to standard,B1,Daily_Life,General_Interactions
7279,come up with a suggestion,B1,Daily_Life,General_Interactions
7280,come up with an alternative,B1,Daily_Life,General_Interactions
7281,come up with an idea,B1,Daily_Life,General_Interactions
7282,comely,B1,Daily_Life,General_Interactions
7283,comfort,B1,Daily_Life,General_Interactions
7284,comic,B1,Daily_Life,General_Interactions
7285,coming,B1,Daily_Life,General_Interactions
7286,commemorate,B1,Business_Finance_Economy,Economy_Markets
7287,commence,B1,Daily_Life,General_Interactions
7288,commend,B1,Daily_Life,General_Interactions
7289,commensurate,B1,Business_Finance_Economy,Economy_Markets
7290,comment,B1,Communication_Media_Arts,Opinion_Discussion
7291,commentary,B1,Communication_Media_Arts,Opinion_Discussion
7292,commented,B1,Communication_Media_Arts,Opinion_Discussion
7293,commercial,B1,Daily_Life,General_Interactions
7294,commit,B1,Daily_Life,General_Interactions
7295,commit a minor offence,B1,Society_Law_Politics,Law_Crime
7296,commitment,B1,Daily_Life,General_Interactions
7297,committed,B1,Daily_Life,General_Interactions
7298,commodious,B1,Daily_Life,General_Interactions
7299,commodities,B1,Daily_Life,General_Interactions
7300,common,B1,Daily_Life,General_Interactions
7301,common knowledge,B1,Education,Learning_Skills
7302,commonest,B1,Daily_Life,General_Interactions
7303,commonly,B1,Daily_Life,General_Interactions
7304,commonsense,B1,Daily_Life,General_Interactions
7305,communicate,B1,Communication_Media_Arts,Speaking_Expressions
7306,communicated,B1,Communication_Media_Arts,Speaking_Expressions
7307,communicating,B1,Communication_Media_Arts,Speaking_Expressions
7308,communication,B1,Communication_Media_Arts,Speaking_Expressions
7309,communist,B1,Daily_Life,General_Interactions
7310,communities,B1,Daily_Life,General_Interactions
7311,community,B1,Daily_Life,General_Interactions
7312,commuter,B1,Travel_Transportation,Public_Transport
7313,commuter route,B1,Travel_Transportation,Public_Transport
7314,commuter town,B1,Travel_Transportation,Public_Transport
7315,commuter train,B1,Technology_Digital,Artificial_Intelligence
7316,compact,B1,Psychology_Emotions,Behavior
7317,compacted,B1,Psychology_Emotions,Behavior
7318,compaction,B1,Psychology_Emotions,Behavior
7319,company,B1,Business_Finance_Economy,Business_Management
7320,comparable,B1,Daily_Life,General_Interactions
7321,comparative,B1,Daily_Life,General_Interactions
7322,compare,B1,Daily_Life,General_Interactions
7323,compare favourably with,B1,Daily_Life,General_Interactions
7324,compared,B1,Daily_Life,General_Interactions
7325,comparing,B1,Daily_Life,General_Interactions
7326,compassion,B1,Education,Exams_Assessments
7327,compatible,B1,Daily_Life,General_Interactions
7328,compelling,B1,Daily_Life,General_Interactions
7329,compelling reason,B1,Daily_Life,General_Interactions
7330,compendium,B1,Daily_Life,General_Interactions
7331,compete,B1,Daily_Life,General_Interactions
7332,competed,B1,Daily_Life,General_Interactions
7333,competing,B1,Daily_Life,General_Interactions
7334,competitive,B1,Daily_Life,General_Interactions
7335,complacent,B1,Daily_Life,General_Interactions
7336,complain,B1,Technology_Digital,Artificial_Intelligence
7337,complained,B1,Technology_Digital,Artificial_Intelligence
7338,complaint,B1,Technology_Digital,Artificial_Intelligence
7339,complaisant,B1,Technology_Digital,Artificial_Intelligence
7340,complement,B1,Daily_Life,General_Interactions
7341,complete,B1,Daily_Life,General_Interactions
7342,complete disaster,B1,Daily_Life,General_Interactions
7343,complete stranger,B1,Daily_Life,General_Interactions
7344,completed,B1,Daily_Life,General_Interactions
7345,completely,B1,Daily_Life,General_Interactions
7346,completely dependent,B1,Daily_Life,General_Interactions
7347,completely different,B1,Daily_Life,Home_Housing
7348,completely separate,B1,Business_Finance_Economy,Economy_Markets
7349,completing,B1,Daily_Life,General_Interactions
7350,complexities,B1,Daily_Life,General_Interactions
7351,complexity,B1,Daily_Life,General_Interactions
7352,compliance,B1,Daily_Life,General_Interactions
7353,complicate,B1,Daily_Life,General_Interactions
7354,complicated,B1,Daily_Life,General_Interactions
7355,complicit,B1,Daily_Life,General_Interactions
7356,compliment,B1,Daily_Life,General_Interactions
7357,complimentary,B1,Daily_Life,General_Interactions
7358,comply with the law,B1,Society_Law_Politics,Law_Crime
7359,components,B1,Daily_Life,General_Interactions
7360,composed,B1,Daily_Life,General_Interactions
7361,composition,B1,Daily_Life,General_Interactions
7362,composure,B1,Daily_Life,General_Interactions
7363,compounds,B1,Daily_Life,General_Interactions
7364,comprehensive,B1,Daily_Life,General_Interactions
7365,comprehensive knowledge,B1,Education,Learning_Skills
7366,compresses,B1,Communication_Media_Arts,Media_Journalism
7367,compression,B1,Communication_Media_Arts,Media_Journalism
7368,comprise,B1,Daily_Life,General_Interactions
7369,comprising,B1,Communication_Media_Arts,Speaking_Expressions
7370,compromise,B1,Daily_Life,General_Interactions
7371,compulsorily,B1,Daily_Life,General_Interactions
7372,compunction,B1,Daily_Life,General_Interactions
7373,computational,B1,Daily_Life,General_Interactions
7374,compute,B1,Daily_Life,General_Interactions
7375,computer,B1,Technology_Digital,Devices_Hardware
7376,computing,B1,Daily_Life,General_Interactions
7377,concede,B1,Daily_Life,General_Interactions
7378,conceive,B1,Daily_Life,General_Interactions
7379,conceiving,B1,Daily_Life,General_Interactions
7380,concelt,B1,Daily_Life,General_Interactions
7381,concentrate,B1,Business_Finance_Economy,Economy_Markets
7382,concentrate the mind,B1,Business_Finance_Economy,Economy_Markets
7383,concentration,B1,Daily_Life,General_Interactions
7384,concentration wavers,B1,Daily_Life,General_Interactions
7385,concentric,B1,Daily_Life,General_Interactions
7386,concepts,B1,Daily_Life,General_Interactions
7387,conceptual,B1,Daily_Life,General_Interactions
7388,concern,B1,Daily_Life,General_Interactions
7389,concerns,B1,Daily_Life,General_Interactions
7390,concerted effort,B1,Daily_Life,General_Interactions
7391,concession,B1,Daily_Life,General_Interactions
7392,conciliatory,B1,Daily_Life,General_Interactions
7393,concise,B1,Daily_Life,General_Interactions
7394,conclave,B1,Daily_Life,General_Interactions
7395,conclude,B1,Daily_Life,General_Interactions
7396,conclusion,B1,Daily_Life,General_Interactions
7397,conclusions,B1,Daily_Life,General_Interactions
7398,conclusive,B1,Daily_Life,General_Interactions
7399,concoct,B1,Daily_Life,General_Interactions
7400,concomitant,B1,Daily_Life,General_Interactions
7401,concord,B1,Daily_Life,General_Interactions
7402,concurrent,B1,Daily_Life,Home_Housing
7403,condemn,B1,Daily_Life,General_Interactions
7404,condensing,B1,Communication_Media_Arts,Speaking_Expressions
7405,condescend,B1,Daily_Life,General_Interactions
7406,condign,B1,Daily_Life,General_Interactions
7407,condition,B1,Daily_Life,General_Interactions
7408,conditions,B1,Daily_Life,General_Interactions
7409,condolence,B1,Daily_Life,General_Interactions
7410,condone,B1,Daily_Life,General_Interactions
7411,conduce,B1,Daily_Life,General_Interactions
7412,conducive,B1,Daily_Life,General_Interactions
7413,conduct,B1,Daily_Life,General_Interactions
7414,conduct an investigation into a crime,B1,Education,Academic_Study
7415,conduct an investigation into an arms deal,B1,Education,Academic_Study
7416,conducted,B1,Daily_Life,General_Interactions
7417,conduit,B1,Daily_Life,General_Interactions
7418,cone-shaped,B1,Daily_Life,General_Interactions
7419,confer,B1,Daily_Life,General_Interactions
7420,conference,B1,Daily_Life,General_Interactions
7421,confidant,B1,Daily_Life,General_Interactions
7422,confidentiality,B1,Psychology_Emotions,Feelings_Emotions
7423,configuration,B1,Daily_Life,General_Interactions
7424,confine,B1,Daily_Life,General_Interactions
7425,confined,B1,Daily_Life,General_Interactions
7426,confined space,B1,Science_Nature,Natural_Phenomena
7427,confinement,B1,Daily_Life,General_Interactions
7428,confiscate,B1,Daily_Life,General_Interactions
7429,conflagration,B1,Daily_Life,General_Interactions
7430,conflict,B1,Society_Law_Politics,Law_Crime
7431,conflicting,B1,Society_Law_Politics,Law_Crime
7432,conflicts,B1,Society_Law_Politics,Law_Crime
7433,confluence,B1,Daily_Life,General_Interactions
7434,conform to safety regulations,B1,Society_Law_Politics,Public_Policies
7435,confound,B1,Daily_Life,General_Interactions
7436,confront,B1,Daily_Life,General_Interactions
7437,confront an issue,B1,Daily_Life,General_Interactions
7438,confront issues,B1,Daily_Life,General_Interactions
7439,confuse,B1,Daily_Life,General_Interactions
7440,confute,B1,Daily_Life,General_Interactions
7441,congeal,B1,Daily_Life,General_Interactions
7442,congenital,B1,Daily_Life,General_Interactions
7443,congested road,B1,Travel_Transportation,Road_Travel
7444,congestion charge,B1,Daily_Life,General_Interactions
7445,conglomerate,B1,Business_Finance_Economy,Economy_Markets
7446,congregate,B1,Daily_Life,General_Interactions
7447,congregation,B1,Daily_Life,General_Interactions
7448,congruent,B1,Daily_Life,General_Interactions
7449,conjecture,B1,Daily_Life,General_Interactions
7450,conjoin,B1,Daily_Life,General_Interactions
7451,conjugal,B1,Daily_Life,General_Interactions
7452,conjunction,B1,Daily_Life,General_Interactions
7453,conjure,B1,Daily_Life,General_Interactions
7454,connect,B1,Daily_Life,General_Interactions
7455,connected,B1,Daily_Life,General_Interactions
7456,connecting,B1,Daily_Life,General_Interactions
7457,connection,B1,Daily_Life,General_Interactions
7458,connectivity,B1,Daily_Life,General_Interactions
7459,connive,B1,Daily_Life,General_Interactions
7460,connoisseur,B1,Daily_Life,General_Interactions
7461,connubial,B1,Daily_Life,General_Interactions
7462,conquests,B1,Daily_Life,General_Interactions
7463,consanguinity,B1,Daily_Life,General_Interactions
7464,conscience,B1,Education,Academic_Study
7465,consciousness,B1,Daily_Life,General_Interactions
7466,consecrate,B1,Business_Finance_Economy,Economy_Markets
7467,consecutive,B1,Daily_Life,General_Interactions
7468,consensus,B1,Daily_Life,General_Interactions
7469,consent,B1,Daily_Life,General_Interactions
7470,consequences,B1,Daily_Life,General_Interactions
7471,consequent,B1,Daily_Life,General_Interactions
7472,consequential,B1,Daily_Life,General_Interactions
7473,consequentialist,B1,Daily_Life,General_Interactions
7474,consequently,B1,Daily_Life,General_Interactions
7475,conservation,B1,Science_Nature,Environment_Ecology
7476,conservationists,B1,Science_Nature,Environment_Ecology
7477,conservatory,B1,Daily_Life,General_Interactions
7478,conserve,B1,Daily_Life,General_Interactions
7479,consider,B1,Daily_Life,General_Interactions
7480,considerable,B1,Daily_Life,General_Interactions
7481,considerable experience,B1,Daily_Life,General_Interactions
7482,considerable reputation,B1,Daily_Life,General_Interactions
7483,considerably,B1,Daily_Life,General_Interactions
7484,considerations,B1,Daily_Life,General_Interactions
7485,considered,B1,Daily_Life,General_Interactions
7486,consign,B1,Daily_Life,General_Interactions
7487,consist,B1,Daily_Life,General_Interactions
7488,consisted,B1,Daily_Life,General_Interactions
7489,consistency,B1,Daily_Life,General_Interactions
7490,consistent,B1,Daily_Life,General_Interactions
7491,consists,B1,Daily_Life,General_Interactions
7492,console,B1,Daily_Life,General_Interactions
7493,consolidate,B1,Daily_Life,General_Interactions
7494,consonant,B1,Daily_Life,General_Interactions
7495,consort,B1,Daily_Life,General_Interactions
7496,conspicuous,B1,Daily_Life,General_Interactions
7497,conspiracy,B1,Daily_Life,General_Interactions
7498,constant,B1,Daily_Life,General_Interactions
7499,constant nagging,B1,Daily_Life,General_Interactions
7500,constant struggle,B1,Daily_Life,General_Interactions
7501,constantly,B1,Daily_Life,General_Interactions
7502,constellation,B1,Communication_Media_Arts,Speaking_Expressions
7503,constellations,B1,Communication_Media_Arts,Speaking_Expressions
7504,consternation,B1,Daily_Life,General_Interactions
7505,constituent,B1,Daily_Life,General_Interactions
7506,constitute,B1,Daily_Life,General_Interactions
7507,constitution,B1,Daily_Life,General_Interactions
7508,constrain,B1,Technology_Digital,Artificial_Intelligence
7509,constraints,B1,Technology_Digital,Artificial_Intelligence
7510,construct,B1,Daily_Life,General_Interactions
7511,constructed,B1,Daily_Life,General_Interactions
7512,construction,B1,Daily_Life,General_Interactions
7513,constructive,B1,Daily_Life,General_Interactions
7514,construe,B1,Daily_Life,General_Interactions
7515,consult,B1,Daily_Life,General_Interactions
7516,consultation,B1,Daily_Life,General_Interactions
7517,consume,B1,Daily_Life,General_Interactions
7518,consumed,B1,Daily_Life,General_Interactions
7519,consumer,B1,Daily_Life,General_Interactions
7520,consumers,B1,Daily_Life,General_Interactions
7521,consummate,B1,Daily_Life,General_Interactions
7522,consummate professional,B1,Business_Finance_Economy,Jobs_Careers
7523,consumption,B1,Daily_Life,General_Interactions
7524,contact,B1,Psychology_Emotions,Behavior
7525,contacted,B1,Psychology_Emotions,Behavior
7526,contain,B1,Technology_Digital,Artificial_Intelligence
7527,contain your excitement,B1,Technology_Digital,Artificial_Intelligence
7528,contained,B1,Technology_Digital,Artificial_Intelligence
7529,container,B1,Technology_Digital,Artificial_Intelligence
7530,containing,B1,Technology_Digital,Artificial_Intelligence
7531,contaminate,B1,Daily_Life,General_Interactions
7532,contempt,B1,Daily_Life,General_Interactions
7533,contend,B1,Daily_Life,General_Interactions
7534,contention,B1,Daily_Life,General_Interactions
7535,contentious,B1,Daily_Life,General_Interactions
7536,contest a verdict,B1,Education,Exams_Assessments
7537,contexts,B1,Daily_Life,General_Interactions
7538,contiguous,B1,Daily_Life,General_Interactions
7539,continence,B1,Daily_Life,General_Interactions
7540,continent,B1,Daily_Life,General_Interactions
7541,contingency,B1,Daily_Life,General_Interactions
7542,contingent,B1,Daily_Life,General_Interactions
7543,continual,B1,Daily_Life,General_Interactions
7544,continually,B1,Daily_Life,General_Interactions
7545,continue,B1,Daily_Life,General_Interactions
7546,continued,B1,Daily_Life,General_Interactions
7547,continues,B1,Daily_Life,General_Interactions
7548,continuing,B1,Daily_Life,General_Interactions
7549,continuity,B1,Daily_Life,General_Interactions
7550,continuous,B1,Daily_Life,General_Interactions
7551,contortion,B1,Daily_Life,General_Interactions
7552,contour,B1,Travel_Transportation,Road_Travel
7553,contraband,B1,Daily_Life,General_Interactions
7554,contracted,B1,Psychology_Emotions,Behavior
7555,contradict,B1,Daily_Life,General_Interactions
7556,contrary,B1,Daily_Life,General_Interactions
7557,contrast,B1,Daily_Life,General_Interactions
7558,contrasts,B1,Daily_Life,General_Interactions
7559,contravene,B1,Daily_Life,General_Interactions
7560,contribute,B1,Daily_Life,General_Interactions
7561,contributed,B1,Daily_Life,General_Interactions
7562,contributes,B1,Daily_Life,General_Interactions
7563,contributing,B1,Daily_Life,General_Interactions
7564,contributing factor,B1,Psychology_Emotions,Behavior
7565,contributions,B1,Daily_Life,General_Interactions
7566,contributors,B1,Daily_Life,General_Interactions
7567,contrite,B1,Daily_Life,General_Interactions
7568,contrive,B1,Daily_Life,General_Interactions
7569,control,B1,Daily_Life,General_Interactions
7570,controlled,B1,Daily_Life,General_Interactions
7571,controlling,B1,Daily_Life,General_Interactions
7572,controversy,B1,Daily_Life,General_Interactions
7573,controvert,B1,Daily_Life,General_Interactions
7574,contumacious,B1,Daily_Life,General_Interactions
7575,contusion,B1,Daily_Life,General_Interactions
7576,conundrum,B1,Daily_Life,General_Interactions
7577,convalesce,B1,Daily_Life,General_Interactions
7578,convene,B1,Daily_Life,General_Interactions
7579,convention,B1,Daily_Life,General_Interactions
7580,converge,B1,Daily_Life,General_Interactions
7581,converging,B1,Daily_Life,General_Interactions
7582,conversant,B1,Daily_Life,General_Interactions
7583,conversation,B1,Communication_Media_Arts,Speaking_Expressions
7584,conversations,B1,Communication_Media_Arts,Speaking_Expressions
7585,converse,B1,Daily_Life,General_Interactions
7586,conversely,B1,Daily_Life,General_Interactions
7587,conversion,B1,Daily_Life,General_Interactions
7588,converting,B1,Daily_Life,General_Interactions
7589,convex,B1,Daily_Life,General_Interactions
7590,conviction,B1,Daily_Life,General_Interactions
7591,convinced,B1,Daily_Life,General_Interactions
7592,convincing victory,B1,Daily_Life,General_Interactions
7593,convivial,B1,Daily_Life,General_Interactions
7594,convivial atmosphere,B1,Daily_Life,General_Interactions
7595,convoke,B1,Daily_Life,General_Interactions
7596,convoluted,B1,Daily_Life,General_Interactions
7597,cooked,B1,Daily_Life,General_Interactions
7598,cooking,B1,Daily_Life,General_Interactions
7599,cool reception,B1,Daily_Life,General_Interactions
7600,cooled,B1,Daily_Life,General_Interactions
7601,cooler,B1,Daily_Life,General_Interactions
7602,cooling,B1,Daily_Life,General_Interactions
7603,cooperate,B1,Business_Finance_Economy,Economy_Markets
7604,cooperation,B1,Daily_Life,General_Interactions
7605,cooperative,B1,Daily_Life,General_Interactions
7606,coordinate,B1,Daily_Life,General_Interactions
7607,coordinated,B1,Daily_Life,General_Interactions
7608,coordination,B1,Daily_Life,General_Interactions
7609,cope,B1,Daily_Life,General_Interactions
7610,copied,B1,Daily_Life,General_Interactions
7611,coping,B1,Daily_Life,General_Interactions
7612,copious,B1,Daily_Life,General_Interactions
7613,copy,B1,Daily_Life,General_Interactions
7614,copying,B1,Daily_Life,General_Interactions
7615,coquette,B1,Daily_Life,General_Interactions
7616,coral,B1,Daily_Life,General_Interactions
7617,cordial,B1,Daily_Life,General_Interactions
7618,cordial relations,B1,Daily_Life,General_Interactions
7619,core subject,B1,Daily_Life,General_Interactions
7620,corkboard,B1,Daily_Life,General_Interactions
7621,corn,B1,Daily_Life,General_Interactions
7622,corner,B1,Daily_Life,General_Interactions
7623,cornerstone,B1,Daily_Life,General_Interactions
7624,corollary,B1,Daily_Life,General_Interactions
7625,corporate,B1,Business_Finance_Economy,Economy_Markets
7626,corporeal,B1,Daily_Life,General_Interactions
7627,corpulent,B1,Daily_Life,General_Interactions
7628,correct,B1,Daily_Life,General_Interactions
7629,corrected,B1,Daily_Life,General_Interactions
7630,correcting,B1,Daily_Life,General_Interactions
7631,correlate,B1,Daily_Life,General_Interactions
7632,correspond,B1,Daily_Life,General_Interactions
7633,correspondence,B1,Daily_Life,General_Interactions
7634,correspondingly,B1,Daily_Life,General_Interactions
7635,corridor,B1,Daily_Life,General_Interactions
7636,corroborate,B1,Business_Finance_Economy,Economy_Markets
7637,corrosive,B1,Daily_Life,General_Interactions
7638,corrugated,B1,Daily_Life,General_Interactions
7639,cosmic,B1,Daily_Life,General_Interactions
7640,cosmology,B1,Daily_Life,General_Interactions
7641,cosmopolitan,B1,Daily_Life,General_Interactions
7642,cost,B1,Business_Finance_Economy,Economy_Markets
7643,cost-cutting measure,B1,Business_Finance_Economy,Economy_Markets
7644,costing,B1,Business_Finance_Economy,Economy_Markets
7645,costly,B1,Business_Finance_Economy,Economy_Markets
7646,costs,B1,Business_Finance_Economy,Economy_Markets
7647,costume,B1,Business_Finance_Economy,Economy_Markets
7648,coterie,B1,Daily_Life,General_Interactions
7649,coughing,B1,Daily_Life,General_Interactions
7650,council,B1,Daily_Life,General_Interactions
7651,counsel,B1,Daily_Life,General_Interactions
7652,counseling,B1,Daily_Life,General_Interactions
7653,countenance,B1,Daily_Life,General_Interactions
7654,counter,B1,Daily_Life,General_Interactions
7655,counter of,B1,Daily_Life,General_Interactions
7656,counteract,B1,Psychology_Emotions,Behavior
7657,counterfeit,B1,Daily_Life,General_Interactions
7658,countering,B1,Daily_Life,General_Interactions
7659,counterintuitive,B1,Daily_Life,General_Interactions
7660,countermand,B1,Daily_Life,General_Interactions
7661,counterpart,B1,Communication_Media_Arts,Arts_Creativity
7662,countervail,B1,Technology_Digital,Artificial_Intelligence
7663,counting,B1,Daily_Life,General_Interactions
7664,countless,B1,Daily_Life,General_Interactions
7665,country,B1,Daily_Life,General_Interactions
7666,countryside,B1,Daily_Life,General_Interactions
7667,coup,B1,Daily_Life,General_Interactions
7668,couple,B1,Daily_Life,General_Interactions
7669,courage,B1,Daily_Life,General_Interactions
7670,courageous,B1,Daily_Life,General_Interactions
7671,course,B1,Education,University_School
7672,course of medication,B1,Education,University_School
7673,courses,B1,Education,University_School
7674,courteous,B1,Society_Law_Politics,Law_Crime
7675,cover,B1,Daily_Life,General_Interactions
7676,cover a lot of ground,B1,Daily_Life,General_Interactions
7677,cover every eventuality,B1,Daily_Life,General_Interactions
7678,covered,B1,Daily_Life,General_Interactions
7679,covering,B1,Daily_Life,General_Interactions
7680,covert,B1,Daily_Life,General_Interactions
7681,covet,B1,Daily_Life,General_Interactions
7682,cow,B1,Daily_Life,General_Interactions
7683,cower,B1,Daily_Life,General_Interactions
7684,coy,B1,Daily_Life,General_Interactions
7685,crack,B1,Daily_Life,General_Interactions
7686,cracked,B1,Daily_Life,General_Interactions
7687,craft,B1,Daily_Life,General_Interactions
7688,crafters,B1,Daily_Life,General_Interactions
7689,crafts,B1,Daily_Life,General_Interactions
7690,craftsmanship,B1,Daily_Life,General_Interactions
7691,cramped,B1,Daily_Life,General_Interactions
7692,cramped conditions,B1,Daily_Life,General_Interactions
7693,crane,B1,Daily_Life,General_Interactions
7694,crash,B1,Daily_Life,General_Interactions
7695,crate,B1,Business_Finance_Economy,Economy_Markets
7696,craven,B1,Daily_Life,General_Interactions
7697,crawl,B1,Daily_Life,General_Interactions
7698,crawled,B1,Daily_Life,General_Interactions
7699,crawling,B1,Daily_Life,General_Interactions
7700,crazy,B1,Daily_Life,General_Interactions
7701,create,B1,Health_Medicine,Healthcare_Hospital
7702,create a good impression,B1,Communication_Media_Arts,Media_Journalism
7703,create an atmosphere,B1,Health_Medicine,Healthcare_Hospital
7704,create an effect,B1,Health_Medicine,Healthcare_Hospital
7705,create an impression,B1,Communication_Media_Arts,Media_Journalism
7706,create instability,B1,Education,Learning_Skills
7707,created,B1,Health_Medicine,Healthcare_Hospital
7708,creating,B1,Health_Medicine,Healthcare_Hospital
7709,creative,B1,Communication_Media_Arts,Arts_Creativity
7710,creators,B1,Health_Medicine,Healthcare_Hospital
7711,credence,B1,Daily_Life,General_Interactions
7712,credibility,B1,Daily_Life,General_Interactions
7713,credible,B1,Daily_Life,General_Interactions
7714,credit,B1,Daily_Life,General_Interactions
7715,credit-card fraud,B1,Travel_Transportation,Road_Travel
7716,credulity,B1,Daily_Life,General_Interactions
7717,crept,B1,Daily_Life,General_Interactions
7718,crescendo,B1,Daily_Life,General_Interactions
7719,crest,B1,Daily_Life,General_Interactions
7720,crew,B1,Daily_Life,General_Interactions
7721,crinkly eyes,B1,Daily_Life,General_Interactions
7722,crises,B1,Daily_Life,General_Interactions
7723,crisis,B1,Daily_Life,General_Interactions
7724,criteria,B1,Daily_Life,General_Interactions
7725,criterion,B1,Daily_Life,General_Interactions
7726,critical analysis,B1,Education,Academic_Study
7727,critically,B1,Daily_Life,General_Interactions
7728,critically ill,B1,Health_Medicine,Healthcare_Hospital
7729,criticism,B1,Daily_Life,General_Interactions
7730,criticize,B1,Daily_Life,General_Interactions
7731,critics,B1,Daily_Life,General_Interactions
7732,crop,B1,Daily_Life,General_Interactions
7733,crops,B1,Daily_Life,General_Interactions
7734,cross,B1,Daily_Life,General_Interactions
7735,cross-country,B1,Daily_Life,General_Interactions
7736,crossed,B1,Daily_Life,General_Interactions
7737,crossing,B1,Communication_Media_Arts,Speaking_Expressions
7738,crowd,B1,Daily_Life,General_Interactions
7739,crowded,B1,Daily_Life,General_Interactions
7740,crowded street,B1,Daily_Life,General_Interactions
7741,crucially,B1,Daily_Life,General_Interactions
7742,crucible,B1,Daily_Life,General_Interactions
7743,crude,B1,Daily_Life,General_Interactions
7744,crudest,B1,Daily_Life,General_Interactions
7745,crumble,B1,Daily_Life,General_Interactions
7746,crushed,B1,Daily_Life,General_Interactions
7747,crust,B1,Daily_Life,General_Interactions
7748,crux,B1,Daily_Life,General_Interactions
7749,cryptic,B1,Daily_Life,General_Interactions
7750,cryptography,B1,Daily_Life,General_Interactions
7751,crystal,B1,Daily_Life,General_Interactions
7752,crystalline,B1,Daily_Life,General_Interactions
7753,crystallize,B1,Daily_Life,General_Interactions
7754,crystals,B1,Daily_Life,General_Interactions
7755,cuddle,B1,Daily_Life,General_Interactions
7756,cudgel,B1,Daily_Life,General_Interactions
7757,cue,B1,Daily_Life,General_Interactions
7758,cueing,B1,Daily_Life,General_Interactions
7759,cues,B1,Daily_Life,General_Interactions
7760,cuisine,B1,Daily_Life,General_Interactions
7761,culinary,B1,Daily_Life,General_Interactions
7762,culminating,B1,Daily_Life,General_Interactions
7763,culmination,B1,Daily_Life,General_Interactions
7764,culpable,B1,Daily_Life,General_Interactions
7765,culprit,B1,Daily_Life,General_Interactions
7766,cult,B1,Daily_Life,General_Interactions
7767,cultural,B1,Daily_Life,General_Interactions
7768,cultural heritage,B1,Daily_Life,General_Interactions
7769,cultures,B1,Daily_Life,General_Interactions
7770,cupboard,B1,Daily_Life,General_Interactions
7771,cupidity,B1,Daily_Life,General_Interactions
7772,curator,B1,Daily_Life,General_Interactions
7773,curb,B1,Daily_Life,General_Interactions
7774,curb inflation,B1,Business_Finance_Economy,Economy_Markets
7775,curiosity,B1,Daily_Life,General_Interactions
7776,curled,B1,Daily_Life,General_Interactions
7777,curmudgeon,B1,Daily_Life,General_Interactions
7778,current,B1,Daily_Life,Home_Housing
7779,current economic climate,B1,Science_Nature,Environment_Ecology
7780,currently,B1,Daily_Life,Home_Housing
7781,currents,B1,Daily_Life,Home_Housing
7782,curriculum vitae,B1,Education,Academic_Study
7783,cursory,B1,Daily_Life,General_Interactions
7784,curtail,B1,Technology_Digital,Artificial_Intelligence
7785,curve,B1,Daily_Life,General_Interactions
7786,cushion,B1,Daily_Life,General_Interactions
7787,cushioned,B1,Daily_Life,General_Interactions
7788,custodial sentence,B1,Daily_Life,General_Interactions
7789,custom,B1,Daily_Life,General_Interactions
7790,customer loyalty,B1,Daily_Life,Shopping_Everyday
7791,customer satisfaction,B1,Psychology_Emotions,Behavior
7792,customs,B1,Daily_Life,General_Interactions
7793,cut down on luxuries,B1,Daily_Life,General_Interactions
7794,cut through red tape,B1,Daily_Life,General_Interactions
7795,cutting-edge design,B1,Communication_Media_Arts,Arts_Creativity
7796,cybernetic,B1,Technology_Digital,Software_Internet
7797,cybernetics,B1,Technology_Digital,Software_Internet
7798,cycle,B1,Daily_Life,General_Interactions
7799,cycle network,B1,Business_Finance_Economy,Jobs_Careers
7800,cyclist,B1,Daily_Life,General_Interactions
7801,cynical,B1,Daily_Life,General_Interactions
7802,dabbed,B1,Daily_Life,General_Interactions
7803,daft,B1,Daily_Life,General_Interactions
7804,daily,B1,Technology_Digital,Artificial_Intelligence
7805,damage,B1,Daily_Life,General_Interactions
7806,damaged,B1,Daily_Life,General_Interactions
7807,damaging disclosure,B1,Daily_Life,General_Interactions
7808,damp,B1,Daily_Life,General_Interactions
7809,dance,B1,Communication_Media_Arts,Arts_Creativity
7810,dances,B1,Communication_Media_Arts,Arts_Creativity
7811,dancing,B1,Daily_Life,General_Interactions
7812,danger,B1,Daily_Life,General_Interactions
7813,dangle,B1,Daily_Life,General_Interactions
7814,daring,B1,Daily_Life,General_Interactions
7815,dark,B1,Daily_Life,General_Interactions
7816,darker,B1,Daily_Life,General_Interactions
7817,dash of cream,B1,Daily_Life,General_Interactions
7818,dashboards,B1,Daily_Life,General_Interactions
7819,data,B1,Science_Nature,Research_Methods
7820,database,B1,Science_Nature,Research_Methods
7821,dataset,B1,Science_Nature,Research_Methods
7822,datasets,B1,Science_Nature,Research_Methods
7823,date,B1,Daily_Life,General_Interactions
7824,dating,B1,Daily_Life,General_Interactions
7825,daunt,B1,Daily_Life,General_Interactions
7826,daunting task,B1,Daily_Life,Routine_Activities
7827,dawdle,B1,Daily_Life,General_Interactions
7828,dawn,B1,Daily_Life,General_Interactions
7829,dawn breaks,B1,Daily_Life,General_Interactions
7830,day,B1,Daily_Life,General_Interactions
7831,day-by,B1,Daily_Life,General_Interactions
7832,dazzling display,B1,Communication_Media_Arts,Speaking_Expressions
7833,dazzling smile,B1,Daily_Life,General_Interactions
7834,dead,B1,Daily_Life,General_Interactions
7835,dead easy,B1,Daily_Life,General_Interactions
7836,deaf,B1,Daily_Life,General_Interactions
7837,deal,B1,Daily_Life,General_Interactions
7838,deal with the complexities,B1,Daily_Life,General_Interactions
7839,dealer,B1,Daily_Life,General_Interactions
7840,dealing,B1,Daily_Life,General_Interactions
7841,dearth,B1,Communication_Media_Arts,Arts_Creativity
7842,death,B1,Health_Medicine,Healthcare_Hospital
7843,deathly hush,B1,Health_Medicine,Healthcare_Hospital
7844,debacle,B1,Daily_Life,General_Interactions
7845,debase,B1,Daily_Life,General_Interactions
7846,debate,B1,Communication_Media_Arts,Opinion_Discussion
7847,debates,B1,Communication_Media_Arts,Opinion_Discussion
7848,debating,B1,Daily_Life,General_Interactions
7849,debauch,B1,Daily_Life,General_Interactions
7850,debilitate,B1,Daily_Life,General_Interactions
7851,debonair,B1,Technology_Digital,Artificial_Intelligence
7852,debris,B1,Daily_Life,General_Interactions
7853,debunk,B1,Daily_Life,General_Interactions
7854,debut,B1,Daily_Life,General_Interactions
7855,decadent,B1,Daily_Life,General_Interactions
7856,decades,B1,Daily_Life,General_Interactions
7857,decades elapse,B1,Daily_Life,General_Interactions
7858,decay,B1,Daily_Life,General_Interactions
7859,deceiving,B1,Daily_Life,General_Interactions
7860,decentralization,B1,Daily_Life,General_Interactions
7861,decide,B1,Daily_Life,General_Interactions
7862,decided,B1,Daily_Life,General_Interactions
7863,deciding,B1,Daily_Life,General_Interactions
7864,deciding factor,B1,Psychology_Emotions,Behavior
7865,decimate,B1,Daily_Life,General_Interactions
7866,decimation,B1,Daily_Life,General_Interactions
7867,decision-making,B1,Daily_Life,General_Interactions
7868,decisions,B1,Daily_Life,General_Interactions
7869,decisive,B1,Daily_Life,General_Interactions
7870,declare independence,B1,Daily_Life,General_Interactions
7871,declare outright hostility,B1,Society_Law_Politics,Law_Crime
7872,declare outright opposition,B1,Society_Law_Politics,Law_Crime
7873,declare someone the winner,B1,Daily_Life,General_Interactions
7874,declared,B1,Daily_Life,General_Interactions
7875,decline in demand,B1,Business_Finance_Economy,Economy_Markets
7876,decline to comment,B1,Communication_Media_Arts,Opinion_Discussion
7877,declining,B1,Daily_Life,General_Interactions
7878,decoding,B1,Daily_Life,General_Interactions
7879,decompose,B1,Daily_Life,General_Interactions
7880,decomposition,B1,Daily_Life,General_Interactions
7881,decorate,B1,Business_Finance_Economy,Economy_Markets
7882,decorating,B1,Daily_Life,General_Interactions
7883,decorum,B1,Daily_Life,General_Interactions
7884,decrease,B1,Daily_Life,General_Interactions
7885,decreasing,B1,Communication_Media_Arts,Speaking_Expressions
7886,decree,B1,Daily_Life,General_Interactions
7887,dedicate,B1,Daily_Life,General_Interactions
7888,dedicated,B1,Daily_Life,General_Interactions
7889,deduce,B1,Daily_Life,General_Interactions
7890,deductive,B1,Daily_Life,General_Interactions
7891,deed,B1,Daily_Life,General_Interactions
7892,deepen,B1,Daily_Life,General_Interactions
7893,deeper,B1,Daily_Life,General_Interactions
7894,deepest,B1,Daily_Life,General_Interactions
7895,deeply offensive,B1,Daily_Life,General_Interactions
7896,deer,B1,Daily_Life,General_Interactions
7897,deface,B1,Daily_Life,General_Interactions
7898,defame,B1,Daily_Life,General_Interactions
7899,default,B1,Daily_Life,General_Interactions
7900,default on repayments,B1,Business_Finance_Economy,Business_Management
7901,defeated,B1,Health_Medicine,Healthcare_Hospital
7902,defection,B1,Daily_Life,General_Interactions
7903,defend,B1,Daily_Life,General_Interactions
7904,defending,B1,Daily_Life,General_Interactions
7905,defense,B1,Daily_Life,General_Interactions
7906,deference,B1,Daily_Life,General_Interactions
7907,defiance,B1,Daily_Life,General_Interactions
7908,define,B1,Daily_Life,General_Interactions
7909,definite,B1,Daily_Life,General_Interactions
7910,definitive,B1,Daily_Life,General_Interactions
7911,deflect,B1,Daily_Life,General_Interactions
7912,deft,B1,Daily_Life,General_Interactions
7913,defunct,B1,Daily_Life,General_Interactions
7914,degenerate,B1,Business_Finance_Economy,Economy_Markets
7915,degrading,B1,Daily_Life,General_Interactions
7916,degree,B1,Education,University_School
7917,deign,B1,Daily_Life,General_Interactions
7918,delay,B1,Daily_Life,General_Interactions
7919,delayed,B1,Daily_Life,General_Interactions
7920,delectable,B1,Daily_Life,General_Interactions
7921,delete,B1,Daily_Life,General_Interactions
7922,deleterious,B1,Daily_Life,General_Interactions
7923,deliberate,B1,Business_Finance_Economy,Economy_Markets
7924,delight,B1,Daily_Life,General_Interactions
7925,delineate,B1,Health_Medicine,Healthcare_Hospital
7926,deliriously happy,B1,Psychology_Emotions,Feelings_Emotions
7927,deliver,B1,Daily_Life,General_Interactions
7928,deliver a speech,B1,Daily_Life,General_Interactions
7929,delivered,B1,Daily_Life,General_Interactions
7930,delivering,B1,Daily_Life,General_Interactions
7931,delivery,B1,Daily_Life,General_Interactions
7932,deluge,B1,Daily_Life,General_Interactions
7933,delusion,B1,Daily_Life,General_Interactions
7934,deluxe,B1,Daily_Life,General_Interactions
7935,delve,B1,Daily_Life,General_Interactions
7936,delves,B1,Daily_Life,General_Interactions
7937,demagogue,B1,Daily_Life,General_Interactions
7938,demand,B1,Business_Finance_Economy,Economy_Markets
7939,demand an explanation,B1,Business_Finance_Economy,Economy_Markets
7940,demands,B1,Business_Finance_Economy,Economy_Markets
7941,demented,B1,Daily_Life,General_Interactions
7942,demise,B1,Daily_Life,General_Interactions
7943,democracy,B1,Society_Law_Politics,Government_Politics
7944,demographic,B1,Daily_Life,General_Interactions
7945,demographic profile,B1,Daily_Life,General_Interactions
7946,demography,B1,Daily_Life,General_Interactions
7947,demolish,B1,Daily_Life,General_Interactions
7948,demonstrate,B1,Business_Finance_Economy,Economy_Markets
7949,demonstrate an ability,B1,Education,Learning_Skills
7950,demonstrations,B1,Daily_Life,General_Interactions
7951,demure,B1,Daily_Life,General_Interactions
7952,denied,B1,Daily_Life,General_Interactions
7953,denigrate,B1,Business_Finance_Economy,Economy_Markets
7954,denizen,B1,Daily_Life,General_Interactions
7955,denouement,B1,Daily_Life,General_Interactions
7956,densities,B1,Daily_Life,General_Interactions
7957,density,B1,Daily_Life,General_Interactions
7958,dent,B1,Daily_Life,General_Interactions
7959,deny,B1,Daily_Life,General_Interactions
7960,deny all knowledge,B1,Education,Learning_Skills
7961,depart from a pattern,B1,Communication_Media_Arts,Arts_Creativity
7962,departure,B1,Communication_Media_Arts,Arts_Creativity
7963,depend,B1,Daily_Life,General_Interactions
7964,dependable,B1,Daily_Life,General_Interactions
7965,depended,B1,Daily_Life,General_Interactions
7966,dependence,B1,Daily_Life,General_Interactions
7967,dependent,B1,Daily_Life,General_Interactions
7968,depending,B1,Daily_Life,General_Interactions
7969,depicted,B1,Daily_Life,General_Interactions
7970,depicts,B1,Daily_Life,General_Interactions
7971,depleted,B1,Daily_Life,General_Interactions
7972,depletion,B1,Daily_Life,General_Interactions
7973,deplore,B1,Daily_Life,General_Interactions
7974,deploy,B1,Daily_Life,General_Interactions
7975,deploy troops,B1,Daily_Life,General_Interactions
7976,depose,B1,Daily_Life,General_Interactions
7977,deposition,B1,Daily_Life,General_Interactions
7978,depot,B1,Daily_Life,General_Interactions
7979,deprave,B1,Daily_Life,General_Interactions
7980,depreciate,B1,Daily_Life,General_Interactions
7981,depredation,B1,Daily_Life,General_Interactions
7982,depress,B1,Communication_Media_Arts,Media_Journalism
7983,deprivation,B1,Daily_Life,General_Interactions
7984,deranged,B1,Daily_Life,General_Interactions
7985,derelict,B1,Daily_Life,General_Interactions
7986,derelict building,B1,Daily_Life,General_Interactions
7987,deride,B1,Daily_Life,General_Interactions
7988,derivative,B1,Daily_Life,General_Interactions
7989,derive pleasure from,B1,Daily_Life,General_Interactions
7990,derives,B1,Daily_Life,General_Interactions
7991,derogatory,B1,Daily_Life,General_Interactions
7992,describe,B1,Daily_Life,General_Interactions
7993,described,B1,Daily_Life,General_Interactions
7994,describes,B1,Daily_Life,General_Interactions
7995,descry,B1,Daily_Life,General_Interactions
7996,desecrate,B1,Business_Finance_Economy,Economy_Markets
7997,deserts,B1,Daily_Life,General_Interactions
7998,desiccate,B1,Daily_Life,General_Interactions
7999,desiccated,B1,Daily_Life,General_Interactions
8000,design,B1,Communication_Media_Arts,Arts_Creativity
8001,designated,B1,Communication_Media_Arts,Arts_Creativity
8002,designation,B1,Communication_Media_Arts,Arts_Creativity
8003,designed,B1,Communication_Media_Arts,Arts_Creativity
8004,designer,B1,Communication_Media_Arts,Arts_Creativity
8005,designer label,B1,Communication_Media_Arts,Arts_Creativity
8006,designing,B1,Communication_Media_Arts,Arts_Creativity
8007,desirability,B1,Education,Learning_Skills
8008,desirable place to live,B1,Daily_Life,General_Interactions
8009,desire,B1,Psychology_Emotions,Motivation
8010,desired effect,B1,Psychology_Emotions,Motivation
8011,desk,B1,Daily_Life,General_Interactions
8012,desolate,B1,Daily_Life,General_Interactions
8013,despite,B1,Daily_Life,General_Interactions
8014,despot,B1,Daily_Life,General_Interactions
8015,destitute,B1,Daily_Life,General_Interactions
8016,destroy,B1,Daily_Life,General_Interactions
8017,destroyed,B1,Daily_Life,General_Interactions
8018,destroying,B1,Daily_Life,General_Interactions
8019,destruction,B1,Daily_Life,General_Interactions
8020,desultory,B1,Daily_Life,General_Interactions
8021,detach,B1,Daily_Life,General_Interactions
8022,detail,B1,Technology_Digital,Artificial_Intelligence
8023,detailed account,B1,Technology_Digital,Artificial_Intelligence
8024,details,B1,Technology_Digital,Artificial_Intelligence
8025,detect,B1,Daily_Life,General_Interactions
8026,detected,B1,Daily_Life,General_Interactions
8027,detecting,B1,Daily_Life,General_Interactions
8028,deter,B1,Daily_Life,General_Interactions
8029,deteriorate,B1,Business_Finance_Economy,Economy_Markets
8030,deteriorated,B1,Business_Finance_Economy,Economy_Markets
8031,determinate,B1,Daily_Life,General_Interactions
8032,determine,B1,Daily_Life,General_Interactions
8033,determined effort,B1,Daily_Life,General_Interactions
8034,determines,B1,Daily_Life,General_Interactions
8035,deterrent,B1,Daily_Life,Home_Housing
8036,detonate,B1,Daily_Life,General_Interactions
8037,detract,B1,Psychology_Emotions,Behavior
8038,detractor,B1,Psychology_Emotions,Behavior
8039,detriment,B1,Daily_Life,General_Interactions
8040,detrimental,B1,Health_Medicine,Mental_Health
8041,devastate,B1,Daily_Life,General_Interactions
8042,devastated,B1,Daily_Life,General_Interactions
8043,devastating,B1,Daily_Life,General_Interactions
8044,develop,B1,Daily_Life,General_Interactions
8045,develop a good relationship,B1,Daily_Life,General_Interactions
8046,developed,B1,Daily_Life,General_Interactions
8047,developer,B1,Daily_Life,General_Interactions
8048,developing,B1,Daily_Life,General_Interactions
8049,development,B1,Daily_Life,General_Interactions
8050,deviate,B1,Daily_Life,General_Interactions
8051,deviates,B1,Daily_Life,General_Interactions
8052,deviation,B1,Daily_Life,General_Interactions
8053,devices,B1,Technology_Digital,Devices_Hardware
8054,devised,B1,Daily_Life,General_Interactions
8055,devoid,B1,Daily_Life,General_Interactions
8056,devote,B1,Society_Law_Politics,Government_Politics
8057,devoted,B1,Society_Law_Politics,Government_Politics
8058,devotee,B1,Society_Law_Politics,Government_Politics
8059,devour,B1,Daily_Life,General_Interactions
8060,devout,B1,Daily_Life,General_Interactions
8061,dexterous,B1,Daily_Life,General_Interactions
8062,diabolical,B1,Daily_Life,General_Interactions
8063,diagnose,B1,Health_Medicine,Healthcare_Hospital
8064,diagnosing,B1,Health_Medicine,Healthcare_Hospital
8065,diagnosis,B1,Health_Medicine,Illness_Diseases
8066,diagnostics,B1,Health_Medicine,Healthcare_Hospital
8067,diamonds,B1,Daily_Life,General_Interactions
8068,diatribe,B1,Daily_Life,General_Interactions
8069,dice,B1,Daily_Life,General_Interactions
8070,dichotomy,B1,Daily_Life,General_Interactions
8071,dictum,B1,Daily_Life,General_Interactions
8072,didactic,B1,Psychology_Emotions,Behavior
8073,died,B1,Daily_Life,General_Interactions
8074,diehard,B1,Daily_Life,General_Interactions
8075,diet,B1,Health_Medicine,Nutrition_Diet
8076,dietary,B1,Health_Medicine,Nutrition_Diet
8077,differ,B1,Daily_Life,General_Interactions
8078,differ widely,B1,Daily_Life,General_Interactions
8079,differed,B1,Daily_Life,General_Interactions
8080,differences,B1,Daily_Life,General_Interactions
8081,different,B1,Daily_Life,Home_Housing
8082,differential,B1,Daily_Life,Home_Housing
8083,differentiate,B1,Daily_Life,Home_Housing
8084,differently,B1,Daily_Life,Home_Housing
8085,differing,B1,Daily_Life,General_Interactions
8086,differs,B1,Daily_Life,General_Interactions
8087,difficult,B1,Daily_Life,General_Interactions
8088,difficult to pin down,B1,Daily_Life,General_Interactions
8089,difficulty arises,B1,Daily_Life,General_Interactions
8090,diffract,B1,Psychology_Emotions,Behavior
8091,diffuse,B1,Daily_Life,General_Interactions
8092,diffused,B1,Daily_Life,General_Interactions
8093,diffusion,B1,Daily_Life,General_Interactions
8094,dig out info,B1,Daily_Life,General_Interactions
8095,dig out info about a crime,B1,Society_Law_Politics,Law_Crime
8096,digest,B1,Daily_Life,General_Interactions
8097,digging,B1,Daily_Life,General_Interactions
8098,digit,B1,Daily_Life,General_Interactions
8099,digital,B1,Technology_Digital,Software_Internet
8100,digress,B1,Daily_Life,General_Interactions
8101,dilapidated,B1,Daily_Life,General_Interactions
8102,dilate,B1,Daily_Life,General_Interactions
8103,diligently,B1,Daily_Life,General_Interactions
8104,dilute,B1,Daily_Life,General_Interactions
8105,dim and distant memory,B1,Psychology_Emotions,Feelings_Emotions
8106,diminution,B1,Daily_Life,General_Interactions
8107,diminutive,B1,Daily_Life,General_Interactions
8108,dingy,B1,Daily_Life,General_Interactions
8109,dining,B1,Daily_Life,General_Interactions
8110,dinner,B1,Daily_Life,General_Interactions
8111,dioxide,B1,Daily_Life,General_Interactions
8112,dip,B1,Daily_Life,General_Interactions
8113,dip into emergency funds,B1,Business_Finance_Economy,Business_Management
8114,dip into funds,B1,Business_Finance_Economy,Business_Management
8115,dip into savings,B1,Daily_Life,General_Interactions
8116,dipping,B1,Daily_Life,General_Interactions
8117,dire,B1,Daily_Life,General_Interactions
8118,dire consequences,B1,Daily_Life,General_Interactions
8119,direct,B1,Daily_Life,General_Interactions
8120,directed,B1,Daily_Life,General_Interactions
8121,directing,B1,Daily_Life,General_Interactions
8122,direction,B1,Travel_Transportation,Road_Travel
8123,directional,B1,Travel_Transportation,Road_Travel
8124,directions,B1,Travel_Transportation,Navigation_Directions
8125,directly,B1,Daily_Life,General_Interactions
8126,director,B1,Daily_Life,General_Interactions
8127,dirt,B1,Daily_Life,General_Interactions
8128,dirty,B1,Daily_Life,General_Interactions
8129,disabled,B1,Daily_Life,General_Interactions
8130,disadvantage,B1,Psychology_Emotions,Feelings_Emotions
8131,disaffected youth,B1,Daily_Life,General_Interactions
8132,disagree,B1,Communication_Media_Arts,Opinion_Discussion
8133,disappear,B1,Technology_Digital,Software_Internet
8134,disappeared,B1,Technology_Digital,Software_Internet
8135,disappearing,B1,Technology_Digital,Software_Internet
8136,disarming,B1,Daily_Life,General_Interactions
8137,disarray,B1,Daily_Life,General_Interactions
8138,disassemble,B1,Daily_Life,General_Interactions
8139,disaster strikes,B1,Daily_Life,General_Interactions
8140,disastrous consequences,B1,Daily_Life,General_Interactions
8141,disavow,B1,Daily_Life,General_Interactions
8142,disband,B1,Daily_Life,General_Interactions
8143,disband an army,B1,Daily_Life,General_Interactions
8144,disc,B1,Daily_Life,General_Interactions
8145,discard,B1,Travel_Transportation,Road_Travel
8146,discarded,B1,Travel_Transportation,Road_Travel
8147,discern,B1,Daily_Life,General_Interactions
8148,discerning,B1,Daily_Life,General_Interactions
8149,discharge,B1,Daily_Life,General_Interactions
8150,discipline,B1,Daily_Life,General_Interactions
8151,disciplines,B1,Daily_Life,General_Interactions
8152,disclaim,B1,Technology_Digital,Artificial_Intelligence
8153,disclose,B1,Daily_Life,General_Interactions
8154,discombobulate,B1,Daily_Life,General_Interactions
8155,discomfit,B1,Health_Medicine,Healthcare_Hospital
8156,disconcert,B1,Daily_Life,General_Interactions
8157,disconnect,B1,Daily_Life,General_Interactions
8158,disconnected,B1,Daily_Life,General_Interactions
8159,disconsolate,B1,Daily_Life,General_Interactions
8160,discord,B1,Daily_Life,General_Interactions
8161,discounted,B1,Daily_Life,Shopping_Everyday
8162,discountenance,B1,Daily_Life,Shopping_Everyday
8163,discounts,B1,Daily_Life,Shopping_Everyday
8164,discourse,B1,Education,University_School
8165,discover,B1,Science_Nature,Natural_Phenomena
8166,discovered,B1,Science_Nature,Natural_Phenomena
8167,discoveries,B1,Science_Nature,Natural_Phenomena
8168,discovering,B1,Science_Nature,Natural_Phenomena
8169,discovery,B1,Science_Nature,Natural_Phenomena
8170,discredit,B1,Daily_Life,General_Interactions
8171,discreet,B1,Daily_Life,General_Interactions
8172,discrete,B1,Daily_Life,General_Interactions
8173,discriminating,B1,Daily_Life,General_Interactions
8174,discursive,B1,Daily_Life,General_Interactions
8175,discuss,B1,Education,Classroom_Interaction
8176,discussed,B1,Education,Classroom_Interaction
8177,discussing,B1,Education,Classroom_Interaction
8178,discussion,B1,Education,Classroom_Interaction
8179,discussions,B1,Education,Classroom_Interaction
8180,disdain,B1,Technology_Digital,Artificial_Intelligence
8181,diseases,B1,Health_Medicine,Illness_Diseases
8182,disembark,B1,Daily_Life,General_Interactions
8183,disentangle,B1,Daily_Life,General_Interactions
8184,disgruntle,B1,Daily_Life,General_Interactions
8185,disgust,B1,Daily_Life,General_Interactions
8186,dish,B1,Daily_Life,General_Interactions
8187,disheveled,B1,Daily_Life,General_Interactions
8188,disillusion,B1,Health_Medicine,Healthcare_Hospital
8189,disillusioned,B1,Health_Medicine,Healthcare_Hospital
8190,disinclined,B1,Daily_Life,General_Interactions
8191,disinfectant,B1,Daily_Life,General_Interactions
8192,disingenuous,B1,Communication_Media_Arts,Speaking_Expressions
8193,disintegrate,B1,Business_Finance_Economy,Economy_Markets
8194,disinter,B1,Daily_Life,General_Interactions
8195,disinterested,B1,Daily_Life,General_Interactions
8196,disjointed,B1,Daily_Life,General_Interactions
8197,dislike,B1,Technology_Digital,Social_Media
8198,dislodge,B1,Daily_Life,General_Interactions
8199,dismal,B1,Daily_Life,General_Interactions
8200,dismantle,B1,Daily_Life,General_Interactions
8201,dismantled,B1,Daily_Life,General_Interactions
8202,dismember,B1,Daily_Life,General_Interactions
8203,dismiss,B1,Daily_Life,General_Interactions
8204,dismiss a case,B1,Daily_Life,General_Interactions
8205,disorder,B1,Daily_Life,General_Interactions
8206,disorderly behaviour,B1,Daily_Life,General_Interactions
8207,disorders,B1,Daily_Life,General_Interactions
8208,disorientation,B1,Daily_Life,General_Interactions
8209,disparage,B1,Daily_Life,General_Interactions
8210,disparaging remark,B1,Daily_Life,General_Interactions
8211,disparate,B1,Business_Finance_Economy,Economy_Markets
8212,disparities,B1,Daily_Life,General_Interactions
8213,dispassionate,B1,Education,Exams_Assessments
8214,dispatch,B1,Daily_Life,General_Interactions
8215,dispel,B1,Daily_Life,General_Interactions
8216,dispel a rumour,B1,Daily_Life,General_Interactions
8217,dispensable,B1,Daily_Life,General_Interactions
8218,dispense,B1,Daily_Life,General_Interactions
8219,dispersed,B1,Daily_Life,General_Interactions
8220,dispersing,B1,Communication_Media_Arts,Speaking_Expressions
8221,dispirited,B1,Daily_Life,General_Interactions
8222,displace,B1,Daily_Life,General_Interactions
8223,displacement,B1,Daily_Life,General_Interactions
8224,display characteristics,B1,Psychology_Emotions,Personality
8225,displayed,B1,Communication_Media_Arts,Speaking_Expressions
8226,disposal,B1,Daily_Life,General_Interactions
8227,disposal of household waste,B1,Daily_Life,Home_Housing
8228,dispose,B1,Daily_Life,General_Interactions
8229,disposition,B1,Daily_Life,General_Interactions
8230,disputatious,B1,Daily_Life,General_Interactions
8231,dispute,B1,Daily_Life,General_Interactions
8232,dispute arises,B1,Daily_Life,General_Interactions
8233,disquiet,B1,Daily_Life,General_Interactions
8234,disreputable,B1,Daily_Life,General_Interactions
8235,disrupted,B1,Daily_Life,General_Interactions
8236,disruption,B1,Daily_Life,General_Interactions
8237,disruptions,B1,Daily_Life,General_Interactions
8238,disruptive influence,B1,Daily_Life,General_Interactions
8239,dissemble,B1,Daily_Life,General_Interactions
8240,disseminate,B1,Daily_Life,General_Interactions
8241,disseminate information,B1,Daily_Life,General_Interactions
8242,disseminating,B1,Daily_Life,General_Interactions
8243,dissemination,B1,Daily_Life,General_Interactions
8244,dissent,B1,Daily_Life,General_Interactions
8245,dissenting voice,B1,Communication_Media_Arts,Speaking_Expressions
8246,dissident,B1,Daily_Life,General_Interactions
8247,dissimulate,B1,Daily_Life,General_Interactions
8248,dissipate,B1,Daily_Life,General_Interactions
8249,dissipated,B1,Daily_Life,General_Interactions
8250,dissipation,B1,Daily_Life,General_Interactions
8251,dissociate,B1,Daily_Life,General_Interactions
8252,dissolute,B1,Daily_Life,General_Interactions
8253,dissuade,B1,Daily_Life,General_Interactions
8254,distance,B1,Daily_Life,General_Interactions
8255,distances,B1,Daily_Life,General_Interactions
8256,distant,B1,Daily_Life,General_Interactions
8257,distant echo,B1,Daily_Life,General_Interactions
8258,distend,B1,Daily_Life,General_Interactions
8259,distinction,B1,Daily_Life,General_Interactions
8260,distinctive,B1,Daily_Life,General_Interactions
8261,distinctly,B1,Daily_Life,General_Interactions
8262,distinguished scholar,B1,Daily_Life,General_Interactions
8263,distorted,B1,Daily_Life,General_Interactions
8264,distracted,B1,Psychology_Emotions,Behavior
8265,distraught,B1,Daily_Life,General_Interactions
8266,distributed,B1,Daily_Life,General_Interactions
8267,distribution,B1,Daily_Life,General_Interactions
8268,district,B1,Daily_Life,General_Interactions
8269,disturb,B1,Daily_Life,General_Interactions
8270,disturbance,B1,Daily_Life,General_Interactions
8271,disturbances,B1,Daily_Life,General_Interactions
8272,disturbing,B1,Daily_Life,General_Interactions
8273,ditch,B1,Daily_Life,General_Interactions
8274,dive,B1,Daily_Life,General_Interactions
8275,dived,B1,Daily_Life,General_Interactions
8276,diver,B1,Daily_Life,General_Interactions
8277,diverge,B1,Daily_Life,General_Interactions
8278,divergence,B1,Daily_Life,General_Interactions
8279,diversification,B1,Daily_Life,General_Interactions
8280,diversified,B1,Daily_Life,General_Interactions
8281,diversify,B1,Daily_Life,General_Interactions
8282,diversity,B1,Daily_Life,General_Interactions
8283,divert,B1,Daily_Life,General_Interactions
8284,diverted,B1,Daily_Life,General_Interactions
8285,divest,B1,Daily_Life,General_Interactions
8286,divide,B1,Daily_Life,General_Interactions
8287,divided,B1,Daily_Life,General_Interactions
8288,divided opinions,B1,Communication_Media_Arts,Opinion_Discussion
8289,dividing,B1,Daily_Life,General_Interactions
8290,divine,B1,Daily_Life,General_Interactions
8291,division,B1,Daily_Life,General_Interactions
8292,divisional,B1,Daily_Life,General_Interactions
8293,divisions,B1,Daily_Life,General_Interactions
8294,divorce,B1,Daily_Life,General_Interactions
8295,divulge,B1,Daily_Life,General_Interactions
8296,divulge a secret,B1,Daily_Life,General_Interactions
8297,divulge a source,B1,Daily_Life,General_Interactions
8298,do a job-share,B1,Business_Finance_Economy,Jobs_Careers
8299,do a survey,B1,Daily_Life,General_Interactions
8300,do extreme sports,B1,Health_Medicine,Fitness_Exercise
8301,do plenty of exercise,B1,Health_Medicine,Fitness_Exercise
8302,do the sights,B1,Daily_Life,General_Interactions
8303,do work,B1,Business_Finance_Economy,Jobs_Careers
8304,dock,B1,Daily_Life,General_Interactions
8305,doctrinaire,B1,Technology_Digital,Artificial_Intelligence
8306,doctrine,B1,Daily_Life,General_Interactions
8307,document,B1,Daily_Life,General_Interactions
8308,documentary,B1,Daily_Life,General_Interactions
8309,documenting,B1,Daily_Life,General_Interactions
8310,documents,B1,Daily_Life,General_Interactions
8311,dodge the question,B1,Education,Classroom_Interaction
8312,doesnt,B1,Daily_Life,General_Interactions
8313,dog,B1,Daily_Life,General_Interactions
8314,dogged,B1,Daily_Life,General_Interactions
8315,dogma,B1,Daily_Life,General_Interactions
8316,doleful,B1,Daily_Life,General_Interactions
8317,dollop of cream,B1,Daily_Life,General_Interactions
8318,dolt,B1,Daily_Life,General_Interactions
8319,domain,B1,Technology_Digital,Artificial_Intelligence
8320,domestic,B1,Daily_Life,General_Interactions
8321,domestication,B1,Daily_Life,General_Interactions
8322,dominance,B1,Daily_Life,General_Interactions
8323,dominated,B1,Daily_Life,General_Interactions
8324,dominion,B1,Daily_Life,General_Interactions
8325,donate,B1,Daily_Life,General_Interactions
8326,donations,B1,Daily_Life,General_Interactions
8327,doom,B1,Daily_Life,General_Interactions
8328,door,B1,Daily_Life,General_Interactions
8329,dorm,B1,Daily_Life,General_Interactions
8330,dossier,B1,Daily_Life,General_Interactions
8331,dote,B1,Daily_Life,General_Interactions
8332,dotted,B1,Daily_Life,General_Interactions
8333,double,B1,Daily_Life,General_Interactions
8334,doubled,B1,Daily_Life,General_Interactions
8335,dour,B1,Daily_Life,General_Interactions
8336,dowdy,B1,Daily_Life,General_Interactions
8337,download an app,B1,Technology_Digital,Software_Internet
8338,downloads,B1,Technology_Digital,Software_Internet
8339,downright disgrace,B1,Society_Law_Politics,Law_Crime
8340,downright rude,B1,Society_Law_Politics,Law_Crime
8341,downtime,B1,Daily_Life,Time_Management
8342,downtown,B1,Daily_Life,General_Interactions
8343,downward,B1,Society_Law_Politics,Law_Crime
8344,dozen,B1,Daily_Life,General_Interactions
8345,draconian measures,B1,Daily_Life,General_Interactions
8346,draft,B1,Daily_Life,General_Interactions
8347,drag,B1,Daily_Life,General_Interactions
8348,dragged,B1,Daily_Life,General_Interactions
8349,drain,B1,Technology_Digital,Artificial_Intelligence
8350,drama,B1,Daily_Life,General_Interactions
8351,dramatic change,B1,Daily_Life,General_Interactions
8352,dramatic shift,B1,Daily_Life,General_Interactions
8353,dramatically,B1,Daily_Life,General_Interactions
8354,drastic,B1,Daily_Life,General_Interactions
8355,drastically,B1,Daily_Life,General_Interactions
8356,draw,B1,Communication_Media_Arts,Speaking_Expressions
8357,draw a between comparison,B1,Communication_Media_Arts,Speaking_Expressions
8358,draw a comparison between,B1,Communication_Media_Arts,Speaking_Expressions
8359,draw up a contract,B1,Psychology_Emotions,Behavior
8360,draw up a list,B1,Communication_Media_Arts,Speaking_Expressions
8361,draw up a schedule,B1,Daily_Life,Routine_Activities
8362,drawback,B1,Communication_Media_Arts,Speaking_Expressions
8363,drawbacks,B1,Communication_Media_Arts,Speaking_Expressions
8364,drawing,B1,Communication_Media_Arts,Speaking_Expressions
8365,drawl,B1,Communication_Media_Arts,Speaking_Expressions
8366,drawn,B1,Communication_Media_Arts,Speaking_Expressions
8367,dreadful,B1,Communication_Media_Arts,Speaking_Expressions
8368,dream,B1,Daily_Life,General_Interactions
8369,dream comes true,B1,Daily_Life,General_Interactions
8370,dregs,B1,Daily_Life,General_Interactions
8371,dressed,B1,Daily_Life,General_Interactions
8372,dressing,B1,Communication_Media_Arts,Speaking_Expressions
8373,dribble,B1,Daily_Life,General_Interactions
8374,dried,B1,Daily_Life,General_Interactions
8375,drier,B1,Daily_Life,General_Interactions
8376,driest,B1,Daily_Life,General_Interactions
8377,drift,B1,Daily_Life,General_Interactions
8378,drill,B1,Health_Medicine,Healthcare_Hospital
8379,drilled,B1,Health_Medicine,Healthcare_Hospital
8380,drinking,B1,Daily_Life,General_Interactions
8381,dripped,B1,Daily_Life,General_Interactions
8382,drive,B1,Psychology_Emotions,Motivation
8383,drive recklessly,B1,Psychology_Emotions,Motivation
8384,drive someone crazy,B1,Psychology_Emotions,Motivation
8385,drivel,B1,Psychology_Emotions,Motivation
8386,driven,B1,Psychology_Emotions,Motivation
8387,driver,B1,Psychology_Emotions,Motivation
8388,driving,B1,Travel_Transportation,Road_Travel
8389,droll,B1,Daily_Life,General_Interactions
8390,drop of brandy,B1,Daily_Life,General_Interactions
8391,drop someone an email,B1,Technology_Digital,Software_Internet
8392,drop the subject,B1,Daily_Life,General_Interactions
8393,droplets,B1,Daily_Life,General_Interactions
8394,dropped,B1,Daily_Life,General_Interactions
8395,dropping,B1,Daily_Life,General_Interactions
8396,dross,B1,Daily_Life,General_Interactions
8397,drown,B1,Daily_Life,General_Interactions
8398,drudgery,B1,Daily_Life,General_Interactions
8399,drug,B1,Health_Medicine,Healthcare_Hospital
8400,drugstore,B1,Daily_Life,Shopping_Everyday
8401,drum up support,B1,Daily_Life,General_Interactions
8402,dry,B1,Daily_Life,General_Interactions
8403,dual,B1,Daily_Life,General_Interactions
8404,dubious,B1,Daily_Life,General_Interactions
8405,due,B1,Daily_Life,General_Interactions
8406,duel,B1,Daily_Life,General_Interactions
8407,dug,B1,Daily_Life,General_Interactions
8408,dulcet,B1,Daily_Life,General_Interactions
8409,duller,B1,Daily_Life,General_Interactions
8410,dumbfound,B1,Daily_Life,General_Interactions
8411,dump waste,B1,Daily_Life,General_Interactions
8412,dupe,B1,Daily_Life,General_Interactions
8413,duplicate,B1,Daily_Life,General_Interactions
8414,duplicated,B1,Daily_Life,General_Interactions
8415,duplicity,B1,Daily_Life,General_Interactions
8416,duration,B1,Daily_Life,General_Interactions
8417,dutiful,B1,Daily_Life,General_Interactions
8418,duty,B1,Daily_Life,General_Interactions
8419,dwell,B1,Daily_Life,General_Interactions
8420,dwindle,B1,Daily_Life,General_Interactions
8421,dyed,B1,Daily_Life,General_Interactions
8422,dying,B1,Daily_Life,General_Interactions
8423,dynamics,B1,Daily_Life,General_Interactions
8424,eager,B1,Daily_Life,General_Interactions
8425,eager anticipation,B1,Daily_Life,General_Interactions
8426,earlier,B1,Daily_Life,General_Interactions
8427,earliest,B1,Daily_Life,General_Interactions
8428,early,B1,Daily_Life,General_Interactions
8429,earn,B1,Daily_Life,General_Interactions
8430,earn a good living,B1,Daily_Life,General_Interactions
8431,earned,B1,Daily_Life,General_Interactions
8432,earnest,B1,Daily_Life,General_Interactions
8433,earning,B1,Daily_Life,General_Interactions
8434,earpiece,B1,Daily_Life,General_Interactions
8435,earth,B1,Communication_Media_Arts,Arts_Creativity
8436,earthly,B1,Communication_Media_Arts,Arts_Creativity
8437,ease,B1,Daily_Life,General_Interactions
8438,ease traffic congestion,B1,Travel_Transportation,Road_Travel
8439,easier,B1,Daily_Life,General_Interactions
8440,easily,B1,Daily_Life,General_Interactions
8441,east,B1,Daily_Life,General_Interactions
8442,eastern,B1,Daily_Life,General_Interactions
8443,eastward,B1,Society_Law_Politics,Law_Crime
8444,easy,B1,Daily_Life,General_Interactions
8445,easy option,B1,Daily_Life,General_Interactions
8446,eaten,B1,Health_Medicine,Healthcare_Hospital
8447,eating,B1,Health_Medicine,Healthcare_Hospital
8448,ebb,B1,Daily_Life,General_Interactions
8449,ebullient,B1,Daily_Life,General_Interactions
8450,eccentric,B1,Daily_Life,General_Interactions
8451,echelon,B1,Daily_Life,General_Interactions
8452,echo,B1,Daily_Life,General_Interactions
8453,echolocation,B1,Travel_Transportation,Navigation_Directions
8454,eclipse,B1,Daily_Life,General_Interactions
8455,eco-friendly,B1,Daily_Life,General_Interactions
8456,eco-friendly design,B1,Communication_Media_Arts,Arts_Creativity
8457,ecological,B1,Daily_Life,General_Interactions
8458,economic,B1,Daily_Life,General_Interactions
8459,economically,B1,Daily_Life,General_Interactions
8460,economies,B1,Daily_Life,General_Interactions
8461,economists,B1,Daily_Life,General_Interactions
8462,economy,B1,Business_Finance_Economy,Economy_Markets
8463,ecosystem,B1,Science_Nature,Biology_Life_Sciences
8464,ecosystems,B1,Science_Nature,Biology_Life_Sciences
8465,ecstasy,B1,Daily_Life,General_Interactions
8466,edge,B1,Daily_Life,General_Interactions
8467,edible,B1,Daily_Life,General_Interactions
8468,edify,B1,Daily_Life,General_Interactions
8469,edinburgh,B1,Daily_Life,General_Interactions
8470,edit,B1,Daily_Life,General_Interactions
8471,educate,B1,Daily_Life,General_Interactions
8472,educated,B1,Daily_Life,General_Interactions
8473,education,B1,Education,Learning_Skills
8474,educational,B1,Education,Learning_Skills
8475,educator,B1,Daily_Life,General_Interactions
8476,eerie,B1,Daily_Life,General_Interactions
8477,efface,B1,Daily_Life,General_Interactions
8478,effect,B1,Daily_Life,General_Interactions
8479,effective,B1,Daily_Life,General_Interactions
8480,effectively,B1,Daily_Life,General_Interactions
8481,effeminate,B1,Daily_Life,General_Interactions
8482,effervescent,B1,Daily_Life,General_Interactions
8483,efficacy,B1,Daily_Life,General_Interactions
8484,effigy,B1,Daily_Life,General_Interactions
8485,effluvium,B1,Daily_Life,General_Interactions
8486,effort,B1,Daily_Life,General_Interactions
8487,efforts,B1,Daily_Life,General_Interactions
8488,effrontery,B1,Daily_Life,General_Interactions
8489,effulgence,B1,Daily_Life,General_Interactions
8490,effusive,B1,Daily_Life,General_Interactions
8491,egg,B1,Daily_Life,General_Interactions
8492,egg-shaped,B1,Daily_Life,General_Interactions
8493,eggshell,B1,Daily_Life,General_Interactions
8494,egotistical,B1,Daily_Life,General_Interactions
8495,egregious,B1,Daily_Life,General_Interactions
8496,egyptian,B1,Daily_Life,General_Interactions
8497,eighth,B1,Daily_Life,General_Interactions
8498,either,B1,Daily_Life,General_Interactions
8499,ejaculate,B1,Daily_Life,General_Interactions
8500,elaboration,B1,Science_Nature,Natural_Phenomena
8501,elapse,B1,Daily_Life,General_Interactions
8502,elapsed,B1,Daily_Life,General_Interactions
8503,elastic,B1,Daily_Life,General_Interactions
8504,elasticity,B1,Daily_Life,General_Interactions
8505,elated,B1,Daily_Life,General_Interactions
8506,election,B1,Society_Law_Politics,Government_Politics
8507,electric,B1,Daily_Life,General_Interactions
8508,electrical,B1,Daily_Life,General_Interactions
8509,electricity,B1,Daily_Life,General_Interactions
8510,electromagnetic,B1,Daily_Life,General_Interactions
8511,electronic,B1,Daily_Life,General_Interactions
8512,electronics,B1,Daily_Life,General_Interactions
8513,electrons,B1,Daily_Life,General_Interactions
8514,elegy,B1,Daily_Life,General_Interactions
8515,elements,B1,Daily_Life,General_Interactions
8516,elevate,B1,Daily_Life,General_Interactions
8517,elevated,B1,Daily_Life,General_Interactions
8518,eligible,B1,Daily_Life,General_Interactions
8519,elimination,B1,Daily_Life,General_Interactions
8520,elucidate,B1,Daily_Life,General_Interactions
8521,elusive,B1,Daily_Life,General_Interactions
8522,emaciated,B1,Daily_Life,General_Interactions
8523,email,B1,Technology_Digital,Software_Internet
8524,emanate,B1,Daily_Life,General_Interactions
8525,emancipate,B1,Daily_Life,General_Interactions
8526,embargo,B1,Daily_Life,General_Interactions
8527,embark,B1,Daily_Life,General_Interactions
8528,embed,B1,Daily_Life,General_Interactions
8529,embellish,B1,Daily_Life,General_Interactions
8530,embellishing,B1,Daily_Life,General_Interactions
8531,embezzle,B1,Daily_Life,General_Interactions
8532,embrace,B1,Daily_Life,General_Interactions
8533,embroil,B1,Daily_Life,General_Interactions
8534,embryonic,B1,Daily_Life,General_Interactions
8535,emend,B1,Daily_Life,General_Interactions
8536,emerged,B1,Daily_Life,General_Interactions
8537,emergence,B1,Daily_Life,General_Interactions
8538,emergency,B1,Daily_Life,General_Interactions
8539,emergency meeting,B1,Daily_Life,General_Interactions
8540,emergent,B1,Daily_Life,General_Interactions
8541,emigrate,B1,Business_Finance_Economy,Economy_Markets
8542,eminent,B1,Daily_Life,General_Interactions
8543,emissary,B1,Daily_Life,General_Interactions
8544,emissions,B1,Daily_Life,General_Interactions
8545,emits,B1,Daily_Life,General_Interactions
8546,emollient,B1,Daily_Life,General_Interactions
8547,emolument,B1,Daily_Life,General_Interactions
8548,emotional,B1,Health_Medicine,Mental_Health
8549,empathy,B1,Daily_Life,General_Interactions
8550,emphasized,B1,Daily_Life,General_Interactions
8551,emphasizes,B1,Daily_Life,General_Interactions
8552,emphasizing,B1,Daily_Life,General_Interactions
8553,empire,B1,Daily_Life,General_Interactions
8554,empirical,B1,Daily_Life,General_Interactions
8555,employ,B1,Business_Finance_Economy,Business_Management
8556,employed,B1,Business_Finance_Economy,Business_Management
8557,employment,B1,Business_Finance_Economy,Jobs_Careers
8558,empty,B1,Daily_Life,General_Interactions
8559,empty promise,B1,Daily_Life,General_Interactions
8560,enable,B1,Daily_Life,General_Interactions
8561,enabled,B1,Daily_Life,General_Interactions
8562,enabling,B1,Daily_Life,General_Interactions
8563,enactment,B1,Psychology_Emotions,Behavior
8564,encapsulate,B1,Daily_Life,General_Interactions
8565,enchant,B1,Daily_Life,General_Interactions
8566,enclose,B1,Daily_Life,General_Interactions
8567,encoding,B1,Daily_Life,General_Interactions
8568,encompasses,B1,Education,Exams_Assessments
8569,encore,B1,Daily_Life,General_Interactions
8570,encounter,B1,Daily_Life,General_Interactions
8571,encounter a difficulty,B1,Daily_Life,General_Interactions
8572,encounters,B1,Daily_Life,General_Interactions
8573,encourages,B1,Daily_Life,General_Interactions
8574,encroach,B1,Daily_Life,General_Interactions
8575,encryption,B1,Technology_Digital,Cybersecurity
8576,encumber,B1,Daily_Life,General_Interactions
8577,encyclopaedic knowledge,B1,Education,Learning_Skills
8578,encyclopedic knowledge,B1,Education,Learning_Skills
8579,end,B1,Daily_Life,General_Interactions
8580,endangered,B1,Daily_Life,General_Interactions
8581,endeavor,B1,Daily_Life,General_Interactions
8582,endeavors,B1,Daily_Life,General_Interactions
8583,ended,B1,Daily_Life,General_Interactions
8584,endemic,B1,Daily_Life,General_Interactions
8585,endings,B1,Daily_Life,General_Interactions
8586,endless supply,B1,Business_Finance_Economy,Economy_Markets
8587,endow,B1,Daily_Life,General_Interactions
8588,endowed,B1,Daily_Life,General_Interactions
8589,endowing,B1,Daily_Life,General_Interactions
8590,endured,B1,Daily_Life,General_Interactions
8591,enduring,B1,Daily_Life,General_Interactions
8592,enemy,B1,Daily_Life,General_Interactions
8593,energize,B1,Daily_Life,General_Interactions
8594,energy,B1,Science_Nature,Physics_Chemistry
8595,enervate,B1,Daily_Life,General_Interactions
8596,enforce,B1,Science_Nature,Physics_Chemistry
8597,enforcement,B1,Science_Nature,Physics_Chemistry
8598,enfranchise,B1,Daily_Life,General_Interactions
8599,engage,B1,Daily_Life,General_Interactions
8600,engage in hostilities,B1,Daily_Life,General_Interactions
8601,engage someone in conversation,B1,Communication_Media_Arts,Speaking_Expressions
8602,engage with customers,B1,Daily_Life,Shopping_Everyday
8603,engagement,B1,Daily_Life,General_Interactions
8604,engaging,B1,Daily_Life,General_Interactions
8605,engine,B1,Daily_Life,General_Interactions
8606,engineer,B1,Daily_Life,General_Interactions
8607,engineering,B1,Daily_Life,General_Interactions
8608,engineering works,B1,Business_Finance_Economy,Jobs_Careers
8609,engineers,B1,Daily_Life,General_Interactions
8610,english,B1,Daily_Life,General_Interactions
8611,engraved,B1,Daily_Life,General_Interactions
8612,engulf,B1,Daily_Life,General_Interactions
8613,enhanced,B1,Daily_Life,General_Interactions
8614,enhances,B1,Daily_Life,General_Interactions
8615,enhancing,B1,Daily_Life,General_Interactions
8616,enigma,B1,Daily_Life,General_Interactions
8617,enigmatic,B1,Daily_Life,General_Interactions
8618,enjoin,B1,Daily_Life,General_Interactions
8619,enjoy,B1,Psychology_Emotions,Feelings_Emotions
8620,enjoy good health,B1,Psychology_Emotions,Feelings_Emotions
8621,enjoyable,B1,Psychology_Emotions,Feelings_Emotions
8622,enjoyed,B1,Psychology_Emotions,Feelings_Emotions
8623,enjoys,B1,Psychology_Emotions,Feelings_Emotions
8624,enlarged,B1,Daily_Life,General_Interactions
8625,enlarging,B1,Daily_Life,General_Interactions
8626,enlist,B1,Daily_Life,General_Interactions
8627,enlist help,B1,Daily_Life,General_Interactions
8628,enmity,B1,Daily_Life,General_Interactions
8629,ennui,B1,Daily_Life,General_Interactions
8630,enormity,B1,Daily_Life,General_Interactions
8631,enough,B1,Daily_Life,General_Interactions
8632,enrage,B1,Daily_Life,General_Interactions
8633,enroll,B1,Education,Academic_Study
8634,enrolling,B1,Education,Academic_Study
8635,ensconce,B1,Daily_Life,General_Interactions
8636,ensemble,B1,Daily_Life,General_Interactions
8637,enshrine,B1,Daily_Life,General_Interactions
8638,ensnare,B1,Daily_Life,General_Interactions
8639,ensue,B1,Daily_Life,General_Interactions
8640,ensuing,B1,Daily_Life,General_Interactions
8641,ensure,B1,Daily_Life,General_Interactions
8642,ensures,B1,Daily_Life,General_Interactions
8643,entail,B1,Technology_Digital,Artificial_Intelligence
8644,enter,B1,Daily_Life,General_Interactions
8645,enter into a contract,B1,Psychology_Emotions,Behavior
8646,enter into a discussion,B1,Education,Classroom_Interaction
8647,enter into an agreement,B1,Communication_Media_Arts,Opinion_Discussion
8648,enter into talks,B1,Education,Classroom_Interaction
8649,enter your pin,B1,Daily_Life,General_Interactions
8650,enter your pln,B1,Daily_Life,General_Interactions
8651,entered,B1,Daily_Life,General_Interactions
8652,entering,B1,Daily_Life,General_Interactions
8653,entertain,B1,Technology_Digital,Artificial_Intelligence
8654,entertainment,B1,Technology_Digital,Artificial_Intelligence
8655,enthrall,B1,Daily_Life,General_Interactions
8656,enthusiasm,B1,Daily_Life,General_Interactions
8657,enthusiastic,B1,Daily_Life,General_Interactions
8658,entice,B1,Daily_Life,General_Interactions
8659,entire,B1,Daily_Life,General_Interactions
8660,entirely dependent,B1,Daily_Life,General_Interactions
8661,entirely different,B1,Daily_Life,Home_Housing
8662,entirely separate,B1,Business_Finance_Economy,Economy_Markets
8663,entitle,B1,Daily_Life,General_Interactions
8664,entity,B1,Daily_Life,General_Interactions
8665,entomology,B1,Daily_Life,General_Interactions
8666,entourage,B1,Travel_Transportation,Road_Travel
8667,entreat,B1,Health_Medicine,Healthcare_Hospital
8668,entrenched,B1,Daily_Life,General_Interactions
8669,entrepreneur,B1,Business_Finance_Economy,Business_Management
8670,entry,B1,Daily_Life,General_Interactions
8671,enumerate,B1,Business_Finance_Economy,Economy_Markets
8672,enunciate,B1,Daily_Life,General_Interactions
8673,environmental,B1,Health_Medicine,Mental_Health
8674,environmental catastrophe,B1,Health_Medicine,Mental_Health
8675,environments,B1,Science_Nature,Environment_Ecology
8676,envisage,B1,Travel_Transportation,Road_Travel
8677,envision,B1,Daily_Life,General_Interactions
8678,enzyme,B1,Daily_Life,General_Interactions
8679,ephemeral,B1,Daily_Life,General_Interactions
8680,epic,B1,Daily_Life,General_Interactions
8681,epic proportions,B1,Daily_Life,General_Interactions
8682,epicure,B1,Health_Medicine,Illness_Diseases
8683,epidemic,B1,Daily_Life,General_Interactions
8684,epigram,B1,Daily_Life,General_Interactions
8685,epilogue,B1,Daily_Life,General_Interactions
8686,episode,B1,Daily_Life,General_Interactions
8687,episodes,B1,Daily_Life,General_Interactions
8688,episodic,B1,Daily_Life,General_Interactions
8689,epistle,B1,Daily_Life,General_Interactions
8690,epitaph,B1,Daily_Life,General_Interactions
8691,epithet,B1,Daily_Life,General_Interactions
8692,epitome,B1,Daily_Life,General_Interactions
8693,epitomize,B1,Daily_Life,General_Interactions
8694,epoch,B1,Daily_Life,General_Interactions
8695,equable,B1,Daily_Life,General_Interactions
8696,equal,B1,Daily_Life,General_Interactions
8697,equally,B1,Daily_Life,General_Interactions
8698,equanimity,B1,Daily_Life,General_Interactions
8699,equate,B1,Daily_Life,General_Interactions
8700,equestrian,B1,Daily_Life,General_Interactions
8701,equilibrium,B1,Daily_Life,General_Interactions
8702,equine,B1,Daily_Life,General_Interactions
8703,equip,B1,Daily_Life,General_Interactions
8704,equipment,B1,Daily_Life,General_Interactions
8705,equipped,B1,Daily_Life,General_Interactions
8706,equitable,B1,Daily_Life,General_Interactions
8707,equivalent,B1,Daily_Life,General_Interactions
8708,equivocal,B1,Daily_Life,General_Interactions
8709,era,B1,Daily_Life,General_Interactions
8710,eradicate,B1,Daily_Life,General_Interactions
8711,erect,B1,Daily_Life,General_Interactions
8712,erected,B1,Daily_Life,General_Interactions
8713,eroded,B1,Daily_Life,General_Interactions
8714,erotic,B1,Daily_Life,General_Interactions
8715,err,B1,Daily_Life,General_Interactions
8716,errant,B1,Daily_Life,General_Interactions
8717,errol on a course,B1,Education,University_School
8718,erroneous,B1,Daily_Life,General_Interactions
8719,error,B1,Daily_Life,General_Interactions
8720,error of judgement,B1,Society_Law_Politics,Law_Crime
8721,error-correcting,B1,Daily_Life,General_Interactions
8722,escalate,B1,Daily_Life,General_Interactions
8723,escalated,B1,Daily_Life,General_Interactions
8724,escape,B1,Daily_Life,General_Interactions
8725,escape punishment,B1,Daily_Life,General_Interactions
8726,escaped,B1,Daily_Life,General_Interactions
8727,escaping,B1,Daily_Life,General_Interactions
8728,eschew,B1,Daily_Life,General_Interactions
8729,esoteric,B1,Daily_Life,General_Interactions
8730,especially,B1,Daily_Life,General_Interactions
8731,espouse,B1,Daily_Life,General_Interactions
8732,essential,B1,Daily_Life,General_Interactions
8733,essentially,B1,Daily_Life,General_Interactions
8734,establish,B1,Daily_Life,General_Interactions
8735,establish a cause,B1,Daily_Life,General_Interactions
8736,establish a good relationship,B1,Daily_Life,General_Interactions
8737,establish communication,B1,Communication_Media_Arts,Speaking_Expressions
8738,established,B1,Daily_Life,General_Interactions
8739,establishes,B1,Daily_Life,General_Interactions
8740,establishment,B1,Daily_Life,General_Interactions
8741,esteem,B1,Daily_Life,General_Interactions
8742,estimable,B1,Daily_Life,General_Interactions
8743,estimate,B1,Daily_Life,General_Interactions
8744,estimation,B1,Daily_Life,General_Interactions
8745,estrange,B1,Daily_Life,General_Interactions
8746,eternal,B1,Daily_Life,General_Interactions
8747,ethic,B1,Daily_Life,General_Interactions
8748,ethical,B1,Daily_Life,General_Interactions
8749,ethics,B1,Daily_Life,General_Interactions
8750,ethnic,B1,Daily_Life,General_Interactions
8751,ethos,B1,Daily_Life,General_Interactions
8752,etiquette,B1,Daily_Life,General_Interactions
8753,etymology,B1,Daily_Life,General_Interactions
8754,eulogize,B1,Daily_Life,General_Interactions
8755,euphemism,B1,Daily_Life,General_Interactions
8756,euphonious,B1,Daily_Life,General_Interactions
8757,euphoria,B1,Daily_Life,General_Interactions
8758,euphoric,B1,Daily_Life,General_Interactions
8759,europe,B1,Daily_Life,General_Interactions
8760,european,B1,Daily_Life,General_Interactions
8761,euthanasia,B1,Daily_Life,General_Interactions
8762,evaluate,B1,Daily_Life,General_Interactions
8763,evaluating,B1,Daily_Life,General_Interactions
8764,evaluation,B1,Daily_Life,General_Interactions
8765,evanescent,B1,Daily_Life,General_Interactions
8766,evaporation,B1,Daily_Life,General_Interactions
8767,evasive,B1,Daily_Life,General_Interactions
8768,event marks,B1,Daily_Life,General_Interactions
8769,events,B1,Daily_Life,General_Interactions
8770,eventual,B1,Daily_Life,General_Interactions
8771,ever-shifting,B1,Daily_Life,General_Interactions
8772,evergreen,B1,Science_Nature,Environment_Ecology
8773,everlasting,B1,Daily_Life,General_Interactions
8774,everybody,B1,Daily_Life,General_Interactions
8775,everyday,B1,Daily_Life,Routine_Activities
8776,everyone,B1,Daily_Life,General_Interactions
8777,everything,B1,Daily_Life,General_Interactions
8778,everywhere,B1,Daily_Life,General_Interactions
8779,evict,B1,Daily_Life,General_Interactions
8780,evidence,B1,Daily_Life,General_Interactions
8781,evidence emerges,B1,Daily_Life,General_Interactions
8782,evil,B1,Daily_Life,General_Interactions
8783,evince,B1,Daily_Life,General_Interactions
8784,evoke an atmosphere,B1,Daily_Life,General_Interactions
8785,evolutionary,B1,Science_Nature,Biology_Life_Sciences
8786,evolved,B1,Daily_Life,General_Interactions
8787,evolves,B1,Daily_Life,General_Interactions
8788,exacerbate,B1,Daily_Life,General_Interactions
8789,exact,B1,Psychology_Emotions,Behavior
8790,exact opposite,B1,Psychology_Emotions,Behavior
8791,exacting standards,B1,Psychology_Emotions,Behavior
8792,exactly,B1,Psychology_Emotions,Behavior
8793,exaggerated the recommended dose,B1,Business_Finance_Economy,Economy_Markets
8794,exaggeration,B1,Daily_Life,General_Interactions
8795,examination,B1,Education,Exams_Assessments
8796,examine,B1,Education,Exams_Assessments
8797,examines,B1,Education,Exams_Assessments
8798,example,B1,Education,Exams_Assessments
8799,exasperate,B1,Business_Finance_Economy,Economy_Markets
8800,excavate,B1,Daily_Life,General_Interactions
8801,excavation,B1,Daily_Life,General_Interactions
8802,exceed,B1,Daily_Life,General_Interactions
8803,exceed the recommended dose,B1,Daily_Life,General_Interactions
8804,excel,B1,Daily_Life,General_Interactions
8805,excellent,B1,Science_Nature,Biology_Life_Sciences
8806,exceptionally,B1,Daily_Life,General_Interactions
8807,excerpt,B1,Daily_Life,General_Interactions
8808,excess,B1,Daily_Life,General_Interactions
8809,excessive,B1,Daily_Life,General_Interactions
8810,exchange,B1,Daily_Life,General_Interactions
8811,exchange news,B1,Communication_Media_Arts,Media_Journalism
8812,exchange pleasantries,B1,Daily_Life,General_Interactions
8813,exchange rates fluctuate,B1,Business_Finance_Economy,Economy_Markets
8814,exchanged,B1,Daily_Life,General_Interactions
8815,exchanges,B1,Daily_Life,General_Interactions
8816,exchequer,B1,Daily_Life,General_Interactions
8817,excision,B1,Daily_Life,General_Interactions
8818,excite,B1,Daily_Life,General_Interactions
8819,excite speculation,B1,Daily_Life,General_Interactions
8820,excited,B1,Daily_Life,General_Interactions
8821,exclaim,B1,Technology_Digital,Artificial_Intelligence
8822,exclude,B1,Daily_Life,General_Interactions
8823,excluded,B1,Daily_Life,General_Interactions
8824,exclusion,B1,Daily_Life,General_Interactions
8825,exclusive beauty salon,B1,Daily_Life,General_Interactions
8826,excoriate,B1,Daily_Life,General_Interactions
8827,excrete,B1,Daily_Life,General_Interactions
8828,excruciatingly uncomfortable,B1,Daily_Life,General_Interactions
8829,exculpate,B1,Daily_Life,General_Interactions
8830,excursion,B1,Daily_Life,General_Interactions
8831,excursive,B1,Daily_Life,General_Interactions
8832,execute,B1,Daily_Life,General_Interactions
8833,executive,B1,Daily_Life,General_Interactions
8834,exegesis,B1,Daily_Life,General_Interactions
8835,exemplary,B1,Daily_Life,General_Interactions
8836,exempt,B1,Daily_Life,General_Interactions
8837,exercise,B1,Health_Medicine,Fitness_Exercise
8838,exercise authority,B1,Health_Medicine,Fitness_Exercise
8839,exercise greater control over,B1,Health_Medicine,Fitness_Exercise
8840,exercised,B1,Health_Medicine,Fitness_Exercise
8841,exercising,B1,Communication_Media_Arts,Speaking_Expressions
8842,exhale,B1,Daily_Life,General_Interactions
8843,exhausted,B1,Daily_Life,General_Interactions
8844,exhaustive,B1,Daily_Life,General_Interactions
8845,exhaustive account,B1,Business_Finance_Economy,Business_Management
8846,exhibited,B1,Daily_Life,General_Interactions
8847,exhibits,B1,Daily_Life,General_Interactions
8848,exhilarate,B1,Business_Finance_Economy,Economy_Markets
8849,exhort,B1,Daily_Life,General_Interactions
8850,exhume,B1,Daily_Life,General_Interactions
8851,exigent,B1,Daily_Life,General_Interactions
8852,exiguous,B1,Daily_Life,General_Interactions
8853,exile,B1,Daily_Life,General_Interactions
8854,exist,B1,Daily_Life,General_Interactions
8855,existed,B1,Daily_Life,General_Interactions
8856,existential,B1,Daily_Life,General_Interactions
8857,exit,B1,Daily_Life,General_Interactions
8858,exodus,B1,Daily_Life,General_Interactions
8859,exonerate,B1,Business_Finance_Economy,Economy_Markets
8860,exorbitant,B1,Daily_Life,General_Interactions
8861,exorcise,B1,Daily_Life,General_Interactions
8862,exosystem,B1,Technology_Digital,Software_Internet
8863,expand,B1,Daily_Life,General_Interactions
8864,expandable,B1,Daily_Life,General_Interactions
8865,expanded,B1,Daily_Life,General_Interactions
8866,expanding,B1,Daily_Life,General_Interactions
8867,expands,B1,Daily_Life,General_Interactions
8868,expanse,B1,Daily_Life,General_Interactions
8869,expatriate,B1,Daily_Life,General_Interactions
8870,expect,B1,Daily_Life,General_Interactions
8871,expectation,B1,Daily_Life,General_Interactions
8872,expectations,B1,Daily_Life,General_Interactions
8873,expectorate,B1,Business_Finance_Economy,Economy_Markets
8874,expediency,B1,Daily_Life,General_Interactions
8875,expedient,B1,Daily_Life,General_Interactions
8876,expedite,B1,Daily_Life,General_Interactions
8877,expend,B1,Daily_Life,General_Interactions
8878,expendable,B1,Daily_Life,General_Interactions
8879,expenditure,B1,Daily_Life,General_Interactions
8880,expense,B1,Business_Finance_Economy,Business_Management
8881,experience a decline,B1,Daily_Life,General_Interactions
8882,experience a fall,B1,Daily_Life,General_Interactions
8883,experience a growth,B1,Daily_Life,General_Interactions
8884,experience a rise,B1,Daily_Life,General_Interactions
8885,experience a rising,B1,Communication_Media_Arts,Speaking_Expressions
8886,experience difficulties,B1,Daily_Life,General_Interactions
8887,experienced,B1,Daily_Life,General_Interactions
8888,experiences,B1,Daily_Life,General_Interactions
8889,experiencing,B1,Daily_Life,General_Interactions
8890,expert,B1,Daily_Life,General_Interactions
8891,expertise,B1,Daily_Life,General_Interactions
8892,experts,B1,Daily_Life,General_Interactions
8893,expiate,B1,Daily_Life,General_Interactions
8894,expire,B1,Daily_Life,General_Interactions
8895,explain,B1,Technology_Digital,Artificial_Intelligence
8896,explained,B1,Technology_Digital,Artificial_Intelligence
8897,explains,B1,Technology_Digital,Artificial_Intelligence
8898,explanations,B1,Daily_Life,General_Interactions
8899,explicit,B1,Daily_Life,General_Interactions
8900,explode,B1,Daily_Life,General_Interactions
8901,exploitation,B1,Daily_Life,General_Interactions
8902,exploited,B1,Daily_Life,General_Interactions
8903,exploiting,B1,Daily_Life,General_Interactions
8904,exploits,B1,Daily_Life,General_Interactions
8905,exploration,B1,Daily_Life,General_Interactions
8906,explore,B1,Daily_Life,General_Interactions
8907,explore different ways,B1,Daily_Life,Home_Housing
8908,explore ways,B1,Daily_Life,General_Interactions
8909,explorer,B1,Daily_Life,General_Interactions
8910,explores,B1,Daily_Life,General_Interactions
8911,exploring,B1,Daily_Life,General_Interactions
8912,explosion,B1,Daily_Life,General_Interactions
8913,exponent,B1,Daily_Life,General_Interactions
8914,export,B1,Daily_Life,General_Interactions
8915,exported,B1,Daily_Life,General_Interactions
8916,exports are five times greater than imports,B1,Daily_Life,Time_Management
8917,expose,B1,Daily_Life,General_Interactions
8918,exposed,B1,Daily_Life,General_Interactions
8919,exposes,B1,Daily_Life,General_Interactions
8920,expostulate,B1,Technology_Digital,Social_Media
8921,exposure,B1,Daily_Life,General_Interactions
8922,expound,B1,Daily_Life,General_Interactions
8923,express,B1,Communication_Media_Arts,Speaking_Expressions
8924,express admiration,B1,Communication_Media_Arts,Speaking_Expressions
8925,expressing,B1,Communication_Media_Arts,Speaking_Expressions
8926,expression,B1,Communication_Media_Arts,Speaking_Expressions
8927,expressly,B1,Communication_Media_Arts,Speaking_Expressions
8928,expunge,B1,Daily_Life,General_Interactions
8929,expurgate,B1,Daily_Life,General_Interactions
8930,exquisite,B1,Daily_Life,General_Interactions
8931,extant,B1,Daily_Life,General_Interactions
8932,extemporaneous,B1,Daily_Life,General_Interactions
8933,extend,B1,Daily_Life,General_Interactions
8934,extend opportunity,B1,Business_Finance_Economy,Entrepreneurship
8935,extend over spark,B1,Daily_Life,General_Interactions
8936,extended,B1,Daily_Life,General_Interactions
8937,extends,B1,Daily_Life,General_Interactions
8938,extensive knowledge,B1,Education,Learning_Skills
8939,extenuating,B1,Daily_Life,General_Interactions
8940,extenuating circumstances,B1,Daily_Life,General_Interactions
8941,exterior,B1,Daily_Life,General_Interactions
8942,exterminate,B1,Daily_Life,General_Interactions
8943,external,B1,Daily_Life,General_Interactions
8944,extinctions,B1,Daily_Life,General_Interactions
8945,extirpate,B1,Daily_Life,General_Interactions
8946,extol,B1,Daily_Life,General_Interactions
8947,extort,B1,Daily_Life,General_Interactions
8948,extracted,B1,Psychology_Emotions,Behavior
8949,extracurricular,B1,Daily_Life,General_Interactions
8950,extradite,B1,Daily_Life,General_Interactions
8951,extraneous,B1,Daily_Life,General_Interactions
8952,extraordinary,B1,Daily_Life,Routine_Activities
8953,extrapolate,B1,Daily_Life,General_Interactions
8954,extraterrestrial,B1,Business_Finance_Economy,Economy_Markets
8955,extreme,B1,Daily_Life,General_Interactions
8956,extremely,B1,Daily_Life,General_Interactions
8957,extricate,B1,Daily_Life,General_Interactions
8958,extrovert,B1,Psychology_Emotions,Personality
8959,exuberant,B1,Daily_Life,General_Interactions
8960,exudates,B1,Daily_Life,General_Interactions
8961,exude,B1,Daily_Life,General_Interactions
8962,exult,B1,Daily_Life,General_Interactions
8963,eye,B1,Daily_Life,General_Interactions
8964,eye-,B1,Daily_Life,General_Interactions
8965,fabrication,B1,Daily_Life,General_Interactions
8966,facade,B1,Daily_Life,General_Interactions
8967,face (up to) the facts,B1,Psychology_Emotions,Behavior
8968,face a grilling,B1,Health_Medicine,Healthcare_Hospital
8969,face a hike,B1,Daily_Life,General_Interactions
8970,face a problem,B1,Daily_Life,General_Interactions
8971,face severe weather conditions,B1,Science_Nature,Natural_Phenomena
8972,face the challenge,B1,Daily_Life,General_Interactions
8973,face the consequences,B1,Daily_Life,General_Interactions
8974,face the thought of,B1,Psychology_Emotions,Feelings_Emotions
8975,face trial,B1,Daily_Life,General_Interactions
8976,face-to-face,B1,Daily_Life,General_Interactions
8977,faced,B1,Daily_Life,General_Interactions
8978,faceless bureaucrats,B1,Daily_Life,General_Interactions
8979,facetious,B1,Daily_Life,General_Interactions
8980,facile,B1,Daily_Life,General_Interactions
8981,facilitated,B1,Daily_Life,General_Interactions
8982,facilitates,B1,Daily_Life,General_Interactions
8983,facility,B1,Daily_Life,General_Interactions
8984,facsimile,B1,Daily_Life,General_Interactions
8985,fact,B1,Psychology_Emotions,Behavior
8986,faction,B1,Psychology_Emotions,Behavior
8987,factious,B1,Psychology_Emotions,Behavior
8988,factitious,B1,Psychology_Emotions,Behavior
8989,factor,B1,Psychology_Emotions,Behavior
8990,factors,B1,Psychology_Emotions,Behavior
8991,factory,B1,Psychology_Emotions,Behavior
8992,factotum,B1,Psychology_Emotions,Behavior
8993,fade,B1,Daily_Life,General_Interactions
8994,faded,B1,Daily_Life,General_Interactions
8995,fail,B1,Education,Exams_Assessments
8996,failed,B1,Education,Exams_Assessments
8997,faint,B1,Technology_Digital,Artificial_Intelligence
8998,faintly ridiculous,B1,Technology_Digital,Artificial_Intelligence
8999,fair,B1,Technology_Digital,Artificial_Intelligence
9000,fair comment,B1,Technology_Digital,Artificial_Intelligence
9001,fair few,B1,Technology_Digital,Artificial_Intelligence
9002,fair number (of),B1,Technology_Digital,Artificial_Intelligence
9003,fairground,B1,Technology_Digital,Artificial_Intelligence
9004,fairness,B1,Technology_Digital,Artificial_Intelligence
9005,fairytale wedding,B1,Technology_Digital,Artificial_Intelligence
9006,faithful,B1,Technology_Digital,Artificial_Intelligence
9007,fake,B1,Daily_Life,General_Interactions
9008,fall,B1,Daily_Life,General_Interactions
9009,fall into a coma,B1,Daily_Life,General_Interactions
9010,fall into a pattern,B1,Daily_Life,General_Interactions
9011,fallacies,B1,Daily_Life,General_Interactions
9012,fallen,B1,Daily_Life,General_Interactions
9013,fallible,B1,Daily_Life,General_Interactions
9014,falling,B1,Daily_Life,General_Interactions
9015,fallow,B1,Daily_Life,General_Interactions
9016,false,B1,Daily_Life,General_Interactions
9017,falsify,B1,Daily_Life,General_Interactions
9018,falsify records,B1,Daily_Life,General_Interactions
9019,fame,B1,Daily_Life,General_Interactions
9020,familiar,B1,Daily_Life,General_Interactions
9021,familiarity,B1,Daily_Life,General_Interactions
9022,family gathering,B1,Daily_Life,General_Interactions
9023,famine,B1,Daily_Life,General_Interactions
9024,fanatic,B1,Daily_Life,General_Interactions
9025,fanciful,B1,Daily_Life,General_Interactions
9026,far,B1,Daily_Life,General_Interactions
9027,far-reaching,B1,Daily_Life,General_Interactions
9028,faraway,B1,Daily_Life,General_Interactions
9029,farce,B1,Daily_Life,General_Interactions
9030,fare,B1,Daily_Life,General_Interactions
9031,farm,B1,Daily_Life,General_Interactions
9032,farm-work,B1,Business_Finance_Economy,Jobs_Careers
9033,farmed,B1,Daily_Life,General_Interactions
9034,farmer,B1,Daily_Life,General_Interactions
9035,farming,B1,Daily_Life,General_Interactions
9036,farms,B1,Daily_Life,General_Interactions
9037,fascinating,B1,Daily_Life,General_Interactions
9038,fashion,B1,Daily_Life,General_Interactions
9039,fashion victim,B1,Daily_Life,General_Interactions
9040,fashionable,B1,Daily_Life,General_Interactions
9041,fast-food,B1,Health_Medicine,Nutrition_Diet
9042,fast-track scheme,B1,Daily_Life,General_Interactions
9043,faster,B1,Daily_Life,General_Interactions
9044,fastest,B1,Education,Exams_Assessments
9045,fastidious,B1,Daily_Life,General_Interactions
9046,fat,B1,Daily_Life,General_Interactions
9047,fat chance,B1,Daily_Life,General_Interactions
9048,fatal,B1,Daily_Life,General_Interactions
9049,fatalism,B1,Daily_Life,General_Interactions
9050,father,B1,Daily_Life,General_Interactions
9051,fathom,B1,Daily_Life,General_Interactions
9052,fatigue,B1,Daily_Life,General_Interactions
9053,fatuous,B1,Daily_Life,General_Interactions
9054,faults,B1,Daily_Life,General_Interactions
9055,fauna,B1,Daily_Life,General_Interactions
9056,favor,B1,Daily_Life,General_Interactions
9057,favored,B1,Daily_Life,General_Interactions
9058,favour,B1,Daily_Life,General_Interactions
9059,favourite,B1,Daily_Life,General_Interactions
9060,faze,B1,Daily_Life,General_Interactions
9061,fear,B1,Psychology_Emotions,Feelings_Emotions
9062,feared,B1,Psychology_Emotions,Feelings_Emotions
9063,fearing,B1,Psychology_Emotions,Feelings_Emotions
9064,feasibility,B1,Daily_Life,General_Interactions
9065,feasible alternative,B1,Daily_Life,General_Interactions
9066,feast,B1,Daily_Life,General_Interactions
9067,feat,B1,Health_Medicine,Healthcare_Hospital
9068,feathers,B1,Health_Medicine,Healthcare_Hospital
9069,feats,B1,Health_Medicine,Healthcare_Hospital
9070,featured,B1,Health_Medicine,Healthcare_Hospital
9071,features,B1,Health_Medicine,Healthcare_Hospital
9072,fecund,B1,Daily_Life,General_Interactions
9073,fed,B1,Daily_Life,General_Interactions
9074,federal,B1,Daily_Life,General_Interactions
9075,federation,B1,Daily_Life,General_Interactions
9076,fee,B1,Daily_Life,General_Interactions
9077,feeble excuse,B1,Daily_Life,General_Interactions
9078,feed,B1,Daily_Life,General_Interactions
9079,feeding,B1,Daily_Life,General_Interactions
9080,feel,B1,Psychology_Emotions,Feelings_Emotions
9081,feel peckish,B1,Psychology_Emotions,Feelings_Emotions
9082,feel the full effect,B1,Psychology_Emotions,Feelings_Emotions
9083,feel your age,B1,Psychology_Emotions,Feelings_Emotions
9084,feeling,B1,Psychology_Emotions,Feelings_Emotions
9085,feint,B1,Daily_Life,General_Interactions
9086,felicitous,B1,Daily_Life,General_Interactions
9087,fell,B1,Daily_Life,General_Interactions
9088,felon,B1,Daily_Life,General_Interactions
9089,felt,B1,Daily_Life,General_Interactions
9090,female,B1,Daily_Life,General_Interactions
9091,ferment,B1,Daily_Life,General_Interactions
9092,fern,B1,Daily_Life,General_Interactions
9093,ferocious,B1,Daily_Life,General_Interactions
9094,ferry,B1,Daily_Life,General_Interactions
9095,fertile imagination,B1,Daily_Life,General_Interactions
9096,fertility,B1,Daily_Life,General_Interactions
9097,fertilization,B1,Daily_Life,General_Interactions
9098,fertilizers,B1,Daily_Life,General_Interactions
9099,fervent,B1,Daily_Life,General_Interactions
9100,fervid,B1,Daily_Life,General_Interactions
9101,fervor,B1,Daily_Life,General_Interactions
9102,festal,B1,Daily_Life,General_Interactions
9103,fester,B1,Daily_Life,General_Interactions
9104,festival celebrates,B1,Business_Finance_Economy,Economy_Markets
9105,festival falls on,B1,Daily_Life,General_Interactions
9106,festival hold a,B1,Daily_Life,General_Interactions
9107,festival marks,B1,Daily_Life,General_Interactions
9108,festival observe a,B1,Daily_Life,General_Interactions
9109,festive mood,B1,Health_Medicine,Mental_Health
9110,festive season,B1,Daily_Life,General_Interactions
9111,festoon,B1,Daily_Life,General_Interactions
9112,feudalism,B1,Daily_Life,General_Interactions
9113,fever,B1,Daily_Life,General_Interactions
9114,few,B1,Daily_Life,General_Interactions
9115,fewer,B1,Daily_Life,General_Interactions
9116,fiasco,B1,Daily_Life,General_Interactions
9117,fiber,B1,Daily_Life,General_Interactions
9118,fibre,B1,Daily_Life,General_Interactions
9119,fickle,B1,Daily_Life,General_Interactions
9120,fiction,B1,Daily_Life,General_Interactions
9121,fictional,B1,Daily_Life,General_Interactions
9122,fictitious,B1,Daily_Life,General_Interactions
9123,fidelity,B1,Daily_Life,General_Interactions
9124,field questions,B1,Education,Classroom_Interaction
9125,fierce competition,B1,Daily_Life,General_Interactions
9126,fiercely,B1,Daily_Life,General_Interactions
9127,fight,B1,Daily_Life,General_Interactions
9128,fight for survival,B1,Daily_Life,General_Interactions
9129,fight for your life,B1,Science_Nature,Biology_Life_Sciences
9130,fighting,B1,Daily_Life,General_Interactions
9131,figurative,B1,Daily_Life,General_Interactions
9132,figure,B1,Daily_Life,General_Interactions
9133,figure out,B1,Daily_Life,General_Interactions
9134,figured,B1,Daily_Life,General_Interactions
9135,filch,B1,Daily_Life,General_Interactions
9136,file,B1,Daily_Life,General_Interactions
9137,file for divorce,B1,Daily_Life,General_Interactions
9138,filed,B1,Daily_Life,General_Interactions
9139,filial,B1,Daily_Life,General_Interactions
9140,fill,B1,Health_Medicine,Healthcare_Hospital
9141,fill someone with dread,B1,Health_Medicine,Healthcare_Hospital
9142,filled,B1,Health_Medicine,Healthcare_Hospital
9143,filling,B1,Health_Medicine,Healthcare_Hospital
9144,film,B1,Communication_Media_Arts,Arts_Creativity
9145,filter,B1,Daily_Life,General_Interactions
9146,filtered,B1,Daily_Life,General_Interactions
9147,filthy,B1,Daily_Life,General_Interactions
9148,fin,B1,Daily_Life,General_Interactions
9149,final,B1,Daily_Life,General_Interactions
9150,finale,B1,Daily_Life,General_Interactions
9151,finally,B1,Daily_Life,General_Interactions
9152,finance,B1,Business_Finance_Economy,Finance_Banking
9153,financial,B1,Business_Finance_Economy,Business_Management
9154,financial acumen,B1,Business_Finance_Economy,Business_Management
9155,find a solution,B1,Daily_Life,General_Interactions
9156,find guilty,B1,Daily_Life,General_Interactions
9157,find happiness,B1,Technology_Digital,Software_Internet
9158,find not guilty,B1,Daily_Life,General_Interactions
9159,find time,B1,Daily_Life,Time_Management
9160,finding,B1,Daily_Life,General_Interactions
9161,findings,B1,Daily_Life,General_Interactions
9162,fine,B1,Daily_Life,General_Interactions
9163,fine bone structure,B1,Daily_Life,General_Interactions
9164,fine lines,B1,Daily_Life,General_Interactions
9165,finish,B1,Daily_Life,General_Interactions
9166,finished,B1,Daily_Life,General_Interactions
9167,finite number,B1,Daily_Life,General_Interactions
9168,fire,B1,Daily_Life,General_Interactions
9169,fire someone's imagination,B1,Daily_Life,General_Interactions
9170,fired,B1,Daily_Life,General_Interactions
9171,firefighter,B1,Daily_Life,General_Interactions
9172,firm conviction,B1,Daily_Life,General_Interactions
9173,firm friends,B1,Daily_Life,General_Interactions
9174,firmer,B1,Daily_Life,General_Interactions
9175,first hand knowledge,B1,Education,Learning_Skills
9176,first-hand knowledge,B1,Education,Learning_Skills
9177,first-name,B1,Daily_Life,General_Interactions
9178,fiscal,B1,Daily_Life,General_Interactions
9179,fishermen,B1,Daily_Life,General_Interactions
9180,fishing,B1,Daily_Life,General_Interactions
9181,fit,B1,Health_Medicine,Healthcare_Hospital
9182,fit for purpose,B1,Psychology_Emotions,Motivation
9183,fit in with plans,B1,Health_Medicine,Healthcare_Hospital
9184,fit of jealousy,B1,Health_Medicine,Healthcare_Hospital
9185,fit the job description,B1,Business_Finance_Economy,Jobs_Careers
9186,fitness,B1,Health_Medicine,Fitness_Exercise
9187,fitted,B1,Health_Medicine,Healthcare_Hospital
9188,fitting,B1,Health_Medicine,Healthcare_Hospital
9189,fixed,B1,Daily_Life,General_Interactions
9190,fjords,B1,Daily_Life,General_Interactions
9191,flaccid,B1,Daily_Life,General_Interactions
9192,flag,B1,Daily_Life,General_Interactions
9193,flagrant,B1,Daily_Life,General_Interactions
9194,flair,B1,Technology_Digital,Artificial_Intelligence
9195,flake,B1,Daily_Life,General_Interactions
9196,flamboyant,B1,Daily_Life,General_Interactions
9197,flap,B1,Daily_Life,General_Interactions
9198,flash,B1,Daily_Life,General_Interactions
9199,flashing,B1,Daily_Life,General_Interactions
9200,flat-screen tv,B1,Technology_Digital,Devices_Hardware
9201,flatly contradict,B1,Daily_Life,General_Interactions
9202,flatly reject,B1,Daily_Life,General_Interactions
9203,flattened,B1,Daily_Life,General_Interactions
9204,flattery,B1,Daily_Life,General_Interactions
9205,flaunt,B1,Daily_Life,General_Interactions
9206,flavor,B1,Daily_Life,General_Interactions
9207,flavour,B1,Daily_Life,General_Interactions
9208,flavoured,B1,Daily_Life,General_Interactions
9209,flawed,B1,Society_Law_Politics,Law_Crime
9210,flawless complexion,B1,Society_Law_Politics,Law_Crime
9211,fledgling,B1,Daily_Life,General_Interactions
9212,flee,B1,Daily_Life,General_Interactions
9213,fleeing,B1,Daily_Life,General_Interactions
9214,fleet,B1,Daily_Life,General_Interactions
9215,fleeting,B1,Daily_Life,General_Interactions
9216,flesh,B1,Daily_Life,General_Interactions
9217,flexibility,B1,Daily_Life,General_Interactions
9218,flicker of emotion,B1,Health_Medicine,Mental_Health
9219,flicker of hope,B1,Daily_Life,General_Interactions
9220,flicker of interest,B1,Daily_Life,General_Interactions
9221,flight,B1,Travel_Transportation,Air_Travel
9222,flinch,B1,Daily_Life,General_Interactions
9223,flint,B1,Daily_Life,General_Interactions
9224,flippant,B1,Daily_Life,General_Interactions
9225,float,B1,Daily_Life,General_Interactions
9226,floated,B1,Daily_Life,General_Interactions
9227,floating,B1,Daily_Life,General_Interactions
9228,flock,B1,Daily_Life,General_Interactions
9229,flock of birds,B1,Daily_Life,General_Interactions
9230,flock of sheep,B1,Daily_Life,General_Interactions
9231,floor,B1,Daily_Life,General_Interactions
9232,flooring,B1,Daily_Life,General_Interactions
9233,flop,B1,Daily_Life,General_Interactions
9234,flopping,B1,Daily_Life,General_Interactions
9235,florid,B1,Daily_Life,General_Interactions
9236,flounder,B1,Daily_Life,General_Interactions
9237,flour,B1,Daily_Life,General_Interactions
9238,flourish,B1,Daily_Life,General_Interactions
9239,flout,B1,Daily_Life,General_Interactions
9240,flout a rule,B1,Society_Law_Politics,Law_Crime
9241,flow,B1,Daily_Life,General_Interactions
9242,flown,B1,Daily_Life,General_Interactions
9243,flu,B1,Daily_Life,General_Interactions
9244,fluctuate wildly,B1,Daily_Life,General_Interactions
9245,fluctuation,B1,Daily_Life,General_Interactions
9246,fluctuations,B1,Daily_Life,General_Interactions
9247,fluent,B1,Daily_Life,General_Interactions
9248,fluffy,B1,Daily_Life,General_Interactions
9249,fluid,B1,Daily_Life,General_Interactions
9250,fluke,B1,Daily_Life,General_Interactions
9251,flurry of activity,B1,Psychology_Emotions,Behavior
9252,flurry of excitement,B1,Daily_Life,General_Interactions
9253,flurry of snow,B1,Daily_Life,General_Interactions
9254,flurry of speculation,B1,Daily_Life,General_Interactions
9255,flush,B1,Daily_Life,General_Interactions
9256,fluster,B1,Daily_Life,General_Interactions
9257,fly,B1,Daily_Life,General_Interactions
9258,flying,B1,Daily_Life,General_Interactions
9259,flying visit,B1,Daily_Life,General_Interactions
9260,foam,B1,Daily_Life,General_Interactions
9261,foam at the mouth,B1,Daily_Life,General_Interactions
9262,focal point,B1,Daily_Life,General_Interactions
9263,focus,B1,Daily_Life,General_Interactions
9264,focus groups,B1,Daily_Life,General_Interactions
9265,focused,B1,Daily_Life,General_Interactions
9266,focusing,B1,Communication_Media_Arts,Speaking_Expressions
9267,foible,B1,Daily_Life,General_Interactions
9268,foil,B1,Daily_Life,General_Interactions
9269,foist,B1,Daily_Life,General_Interactions
9270,folded,B1,Daily_Life,General_Interactions
9271,foliage,B1,Daily_Life,General_Interactions
9272,folk,B1,Daily_Life,General_Interactions
9273,follow,B1,Daily_Life,General_Interactions
9274,follow-up,B1,Daily_Life,General_Interactions
9275,followed,B1,Daily_Life,General_Interactions
9276,following,B1,Daily_Life,General_Interactions
9277,follows,B1,Daily_Life,General_Interactions
9278,foment,B1,Daily_Life,General_Interactions
9279,font,B1,Daily_Life,General_Interactions
9280,food,B1,Health_Medicine,Nutrition_Diet
9281,food miles,B1,Health_Medicine,Nutrition_Diet
9282,foolhardy,B1,Daily_Life,General_Interactions
9283,foot,B1,Daily_Life,General_Interactions
9284,foot the bill,B1,Health_Medicine,Healthcare_Hospital
9285,foothold,B1,Daily_Life,General_Interactions
9286,footwear,B1,Daily_Life,General_Interactions
9287,fop,B1,Daily_Life,General_Interactions
9288,forage,B1,Daily_Life,General_Interactions
9289,foraging,B1,Daily_Life,General_Interactions
9290,foray,B1,Daily_Life,General_Interactions
9291,forbearance,B1,Daily_Life,General_Interactions
9292,force for change,B1,Science_Nature,Physics_Chemistry
9293,force for good,B1,Science_Nature,Physics_Chemistry
9294,forced,B1,Science_Nature,Physics_Chemistry
9295,forcing,B1,Daily_Life,General_Interactions
9296,ford,B1,Daily_Life,General_Interactions
9297,forebear,B1,Daily_Life,General_Interactions
9298,foreboding,B1,Daily_Life,General_Interactions
9299,forecast,B1,Daily_Life,General_Interactions
9300,forecasting,B1,Daily_Life,General_Interactions
9301,foreclose,B1,Daily_Life,General_Interactions
9302,foregone conclusion,B1,Daily_Life,General_Interactions
9303,foreign,B1,Daily_Life,General_Interactions
9304,foreigners,B1,Daily_Life,General_Interactions
9305,foremost,B1,Daily_Life,General_Interactions
9306,forensic,B1,Daily_Life,General_Interactions
9307,forerunner,B1,Daily_Life,General_Interactions
9308,foreseeable future,B1,Daily_Life,General_Interactions
9309,foreshadow,B1,Daily_Life,General_Interactions
9310,foresight,B1,Daily_Life,General_Interactions
9311,forestall,B1,Science_Nature,Natural_Phenomena
9312,forever,B1,Daily_Life,General_Interactions
9313,forge new relationships,B1,Daily_Life,General_Interactions
9314,forgery,B1,Daily_Life,General_Interactions
9315,forget,B1,Daily_Life,General_Interactions
9316,forgive,B1,Daily_Life,General_Interactions
9317,forgotten,B1,Daily_Life,General_Interactions
9318,forlorn,B1,Daily_Life,General_Interactions
9319,form,B1,Daily_Life,General_Interactions
9320,formal,B1,Daily_Life,General_Interactions
9321,formal attire,B1,Daily_Life,General_Interactions
9322,formal dress,B1,Daily_Life,General_Interactions
9323,formal education,B1,Education,Learning_Skills
9324,formality,B1,Daily_Life,General_Interactions
9325,format,B1,Daily_Life,General_Interactions
9326,formation,B1,Daily_Life,General_Interactions
9327,formed,B1,Daily_Life,General_Interactions
9328,former,B1,Daily_Life,General_Interactions
9329,forming,B1,Daily_Life,General_Interactions
9330,forms,B1,Daily_Life,General_Interactions
9331,formula,B1,Daily_Life,General_Interactions
9332,formulas,B1,Daily_Life,General_Interactions
9333,formulate,B1,Daily_Life,General_Interactions
9334,formulate a theory,B1,Education,Academic_Study
9335,forsake,B1,Daily_Life,General_Interactions
9336,forthcoming,B1,Daily_Life,General_Interactions
9337,forthright,B1,Society_Law_Politics,Law_Crime
9338,forthright manner,B1,Psychology_Emotions,Behavior
9339,fortuitous,B1,Daily_Life,General_Interactions
9340,fortune,B1,Daily_Life,General_Interactions
9341,forum,B1,Daily_Life,General_Interactions
9342,forward,B1,Society_Law_Politics,Law_Crime
9343,fossil,B1,Daily_Life,General_Interactions
9344,fossils,B1,Daily_Life,General_Interactions
9345,fostered,B1,Daily_Life,General_Interactions
9346,fostering,B1,Daily_Life,General_Interactions
9347,fought,B1,Daily_Life,General_Interactions
9348,foul,B1,Daily_Life,General_Interactions
9349,foul language,B1,Communication_Media_Arts,Writing_Language
9350,foundation,B1,Daily_Life,General_Interactions
9351,foundational,B1,Daily_Life,General_Interactions
9352,foundations,B1,Daily_Life,General_Interactions
9353,founded,B1,Daily_Life,General_Interactions
9354,founder,B1,Daily_Life,General_Interactions
9355,four-legged,B1,Daily_Life,General_Interactions
9356,four-letter word,B1,Communication_Media_Arts,Writing_Language
9357,fourth,B1,Daily_Life,General_Interactions
9358,fraction,B1,Psychology_Emotions,Behavior
9359,fractious,B1,Psychology_Emotions,Behavior
9360,fractures,B1,Psychology_Emotions,Behavior
9361,fragile,B1,Daily_Life,General_Interactions
9362,fragile peace,B1,Psychology_Emotions,Stress_Mental_State
9363,fragility,B1,Daily_Life,General_Interactions
9364,fragment,B1,Daily_Life,General_Interactions
9365,fragmentation,B1,Daily_Life,General_Interactions
9366,fragmented,B1,Daily_Life,General_Interactions
9367,fragments,B1,Daily_Life,General_Interactions
9368,frame,B1,Daily_Life,General_Interactions
9369,frame a question,B1,Education,Classroom_Interaction
9370,framework,B1,Business_Finance_Economy,Jobs_Careers
9371,franchise,B1,Daily_Life,General_Interactions
9372,frankly,B1,Daily_Life,General_Interactions
9373,frantic,B1,Daily_Life,General_Interactions
9374,fraudulent,B1,Daily_Life,General_Interactions
9375,fraudulent claim,B1,Technology_Digital,Artificial_Intelligence
9376,fraught,B1,Daily_Life,General_Interactions
9377,free,B1,Daily_Life,General_Interactions
9378,free airtime,B1,Technology_Digital,Artificial_Intelligence
9379,free kick,B1,Daily_Life,General_Interactions
9380,free up time,B1,Daily_Life,Time_Management
9381,freed,B1,Daily_Life,General_Interactions
9382,freedom,B1,Society_Law_Politics,Human_Rights
9383,freely,B1,Daily_Life,General_Interactions
9384,freestanding,B1,Daily_Life,General_Interactions
9385,freeze,B1,Daily_Life,General_Interactions
9386,freezing,B1,Daily_Life,General_Interactions
9387,french,B1,Daily_Life,General_Interactions
9388,frenetic,B1,Daily_Life,General_Interactions
9389,frenzy,B1,Daily_Life,General_Interactions
9390,frequencies,B1,Daily_Life,General_Interactions
9391,frequent,B1,Daily_Life,General_Interactions
9392,fresco,B1,Daily_Life,General_Interactions
9393,fresh,B1,Daily_Life,General_Interactions
9394,fresh drive,B1,Psychology_Emotions,Motivation
9395,freshwater,B1,Daily_Life,General_Interactions
9396,fret,B1,Daily_Life,General_Interactions
9397,friction,B1,Daily_Life,General_Interactions
9398,friend,B1,Daily_Life,General_Interactions
9399,friend for life,B1,Science_Nature,Biology_Life_Sciences
9400,friendly,B1,Daily_Life,General_Interactions
9401,friendly smile,B1,Daily_Life,General_Interactions
9402,friendship,B1,Daily_Life,General_Interactions
9403,frightened,B1,Society_Law_Politics,Law_Crime
9404,frigid,B1,Daily_Life,General_Interactions
9405,fringes,B1,Daily_Life,General_Interactions
9406,frivolous,B1,Daily_Life,General_Interactions
9407,fro,B1,Daily_Life,General_Interactions
9408,frolicsome,B1,Daily_Life,General_Interactions
9409,front,B1,Daily_Life,General_Interactions
9410,frontier,B1,Daily_Life,General_Interactions
9411,frozen,B1,Daily_Life,General_Interactions
9412,frugal,B1,Daily_Life,General_Interactions
9413,fruitful,B1,Daily_Life,General_Interactions
9414,fruiting,B1,Daily_Life,General_Interactions
9415,frustrate,B1,Business_Finance_Economy,Economy_Markets
9416,frustration,B1,Daily_Life,General_Interactions
9417,fuel,B1,Daily_Life,General_Interactions
9418,fuel fears,B1,Psychology_Emotions,Feelings_Emotions
9419,fuel speculation,B1,Daily_Life,General_Interactions
9420,fueling,B1,Daily_Life,General_Interactions
9421,fuels,B1,Daily_Life,General_Interactions
9422,fugitive,B1,Daily_Life,General_Interactions
9423,fulcrum,B1,Daily_Life,General_Interactions
9424,fulfill,B1,Health_Medicine,Healthcare_Hospital
9425,fulfillment,B1,Health_Medicine,Healthcare_Hospital
9426,full,B1,Daily_Life,General_Interactions
9427,full explanation,B1,Daily_Life,General_Interactions
9428,full lips,B1,Daily_Life,General_Interactions
9429,full marks,B1,Daily_Life,General_Interactions
9430,full refund,B1,Business_Finance_Economy,Business_Management
9431,fulltime,B1,Daily_Life,Time_Management
9432,fully,B1,Daily_Life,General_Interactions
9433,fulminate,B1,Daily_Life,General_Interactions
9434,fulsome,B1,Daily_Life,General_Interactions
9435,fumble,B1,Daily_Life,General_Interactions
9436,fun,B1,Daily_Life,General_Interactions
9437,functional,B1,Daily_Life,General_Interactions
9438,functionality,B1,Daily_Life,General_Interactions
9439,functions,B1,Daily_Life,General_Interactions
9440,fund,B1,Business_Finance_Economy,Business_Management
9441,fundamental change,B1,Health_Medicine,Mental_Health
9442,fundamentally,B1,Health_Medicine,Mental_Health
9443,fundamentally change,B1,Health_Medicine,Mental_Health
9444,fundamentally different,B1,Health_Medicine,Mental_Health
9445,fundamentally similar,B1,Health_Medicine,Mental_Health
9446,funding,B1,Business_Finance_Economy,Business_Management
9447,funereal,B1,Daily_Life,General_Interactions
9448,funnel,B1,Daily_Life,General_Interactions
9449,furnish,B1,Daily_Life,General_Interactions
9450,furniture,B1,Daily_Life,Home_Housing
9451,furor,B1,Daily_Life,General_Interactions
9452,further,B1,Daily_Life,General_Interactions
9453,furthermore,B1,Daily_Life,General_Interactions
9454,furtive,B1,Daily_Life,General_Interactions
9455,fuse,B1,Daily_Life,General_Interactions
9456,fusion,B1,Daily_Life,General_Interactions
9457,futile,B1,Daily_Life,General_Interactions
9458,future,B1,Daily_Life,General_Interactions
9459,gain marks,B1,Technology_Digital,Artificial_Intelligence
9460,gain respect,B1,Technology_Digital,Artificial_Intelligence
9461,gained,B1,Technology_Digital,Artificial_Intelligence
9462,gaining,B1,Technology_Digital,Artificial_Intelligence
9463,gains,B1,Technology_Digital,Artificial_Intelligence
9464,gainsay,B1,Technology_Digital,Artificial_Intelligence
9465,galaxies,B1,Daily_Life,General_Interactions
9466,gallant,B1,Daily_Life,General_Interactions
9467,gallery,B1,Daily_Life,General_Interactions
9468,galvanize,B1,Daily_Life,General_Interactions
9469,gambit,B1,Daily_Life,General_Interactions
9470,gambling,B1,Daily_Life,General_Interactions
9471,game,B1,Daily_Life,General_Interactions
9472,gaming,B1,Daily_Life,General_Interactions
9473,gamut,B1,Daily_Life,General_Interactions
9474,garbage,B1,Daily_Life,General_Interactions
9475,gardened,B1,Daily_Life,Home_Housing
9476,gargantuan,B1,Daily_Life,General_Interactions
9477,garish,B1,Daily_Life,General_Interactions
9478,garner,B1,Daily_Life,General_Interactions
9479,garnish,B1,Daily_Life,General_Interactions
9480,garrulous,B1,Daily_Life,General_Interactions
9481,gas,B1,Daily_Life,General_Interactions
9482,gases,B1,Daily_Life,General_Interactions
9483,gathered,B1,Daily_Life,General_Interactions
9484,gathering,B1,Daily_Life,General_Interactions
9485,gauche,B1,Daily_Life,General_Interactions
9486,gaudy,B1,Daily_Life,General_Interactions
9487,gauge reaction,B1,Science_Nature,Physics_Chemistry
9488,gaunt,B1,Daily_Life,General_Interactions
9489,gazette,B1,Daily_Life,General_Interactions
9490,gear,B1,Daily_Life,General_Interactions
9491,geared,B1,Daily_Life,General_Interactions
9492,genealogy,B1,Science_Nature,Biology_Life_Sciences
9493,general,B1,Science_Nature,Biology_Life_Sciences
9494,generalizations,B1,Science_Nature,Biology_Life_Sciences
9495,generally speaking,B1,Science_Nature,Biology_Life_Sciences
9496,generate,B1,Business_Finance_Economy,Economy_Markets
9497,generate business,B1,Business_Finance_Economy,Business_Management
9498,generated,B1,Business_Finance_Economy,Economy_Markets
9499,generating,B1,Science_Nature,Biology_Life_Sciences
9500,generational,B1,Science_Nature,Biology_Life_Sciences
9501,genetics,B1,Science_Nature,Biology_Life_Sciences
9502,genial,B1,Daily_Life,General_Interactions
9503,genre,B1,Daily_Life,General_Interactions
9504,genres,B1,Daily_Life,General_Interactions
9505,genteel,B1,Daily_Life,General_Interactions
9506,gentility,B1,Daily_Life,General_Interactions
9507,gentle,B1,Daily_Life,General_Interactions
9508,gentle exercise,B1,Health_Medicine,Fitness_Exercise
9509,gentlemen,B1,Daily_Life,General_Interactions
9510,gently,B1,Daily_Life,General_Interactions
9511,genuflect,B1,Daily_Life,General_Interactions
9512,genuinely,B1,Daily_Life,General_Interactions
9513,geoengineering,B1,Daily_Life,General_Interactions
9514,geographic,B1,Daily_Life,General_Interactions
9515,geological,B1,Daily_Life,General_Interactions
9516,geologist,B1,Daily_Life,General_Interactions
9517,geology,B1,Daily_Life,General_Interactions
9518,geometry,B1,Daily_Life,General_Interactions
9519,geothermal,B1,Daily_Life,General_Interactions
9520,germane,B1,Daily_Life,General_Interactions
9521,germinate,B1,Daily_Life,General_Interactions
9522,gerrymander,B1,Daily_Life,General_Interactions
9523,gesticulate,B1,Daily_Life,General_Interactions
9524,gesture,B1,Daily_Life,General_Interactions
9525,get a message across,B1,Daily_Life,General_Interactions
9526,get accustomed to,B1,Daily_Life,General_Interactions
9527,get hitched,B1,Daily_Life,General_Interactions
9528,get into debt,B1,Business_Finance_Economy,Finance_Banking
9529,get into reverse,B1,Daily_Life,General_Interactions
9530,get itchy feet,B1,Daily_Life,General_Interactions
9531,get off the bus,B1,Travel_Transportation,Public_Transport
9532,get the hang of,B1,Daily_Life,General_Interactions
9533,get the recognition you deserve,B1,Daily_Life,General_Interactions
9534,get the sack,B1,Daily_Life,General_Interactions
9535,get your (hands) dirty,B1,Daily_Life,General_Interactions
9536,get your hands dirty,B1,Daily_Life,General_Interactions
9537,get your priorities right,B1,Society_Law_Politics,Law_Crime
9538,getting,B1,Daily_Life,General_Interactions
9539,getting stuck in traffic,B1,Travel_Transportation,Road_Travel
9540,ghastly,B1,Daily_Life,General_Interactions
9541,giant,B1,Daily_Life,General_Interactions
9542,gibberish,B1,Daily_Life,General_Interactions
9543,gibe,B1,Daily_Life,General_Interactions
9544,gift,B1,Daily_Life,General_Interactions
9545,gift for languages,B1,Communication_Media_Arts,Writing_Language
9546,gifted,B1,Daily_Life,General_Interactions
9547,gifted children,B1,Daily_Life,General_Interactions
9548,gin,B1,Daily_Life,General_Interactions
9549,girls' night out,B1,Daily_Life,General_Interactions
9550,gist,B1,Daily_Life,General_Interactions
9551,give,B1,Daily_Life,General_Interactions
9552,give a full apology,B1,Daily_Life,General_Interactions
9553,give a reason,B1,Daily_Life,General_Interactions
9554,give a straight answer,B1,Education,Classroom_Interaction
9555,give an of account,B1,Business_Finance_Economy,Business_Management
9556,give evidence,B1,Daily_Life,General_Interactions
9557,give it your best shot,B1,Daily_Life,General_Interactions
9558,give permission,B1,Daily_Life,General_Interactions
9559,give repeated assurances,B1,Health_Medicine,Healthcare_Hospital
9560,give rise to,B1,Daily_Life,General_Interactions
9561,give someone a good send-off,B1,Daily_Life,General_Interactions
9562,give something some thought,B1,Psychology_Emotions,Feelings_Emotions
9563,give vent to your frustration,B1,Daily_Life,General_Interactions
9564,given,B1,Daily_Life,General_Interactions
9565,giving,B1,Daily_Life,General_Interactions
9566,glacial,B1,Daily_Life,General_Interactions
9567,glaciers,B1,Daily_Life,General_Interactions
9568,glad to see the back of,B1,Daily_Life,General_Interactions
9569,glamor,B1,Daily_Life,General_Interactions
9570,glance,B1,Daily_Life,General_Interactions
9571,glib,B1,Daily_Life,General_Interactions
9572,glider,B1,Daily_Life,General_Interactions
9573,glimmer,B1,Daily_Life,General_Interactions
9574,glimmer of hope,B1,Daily_Life,General_Interactions
9575,glimmer of interest,B1,Daily_Life,General_Interactions
9576,glimmer of light,B1,Daily_Life,General_Interactions
9577,glimmer of understanding,B1,Daily_Life,General_Interactions
9578,gloat,B1,Daily_Life,General_Interactions
9579,global,B1,Daily_Life,General_Interactions
9580,globe,B1,Daily_Life,General_Interactions
9581,glory,B1,Daily_Life,General_Interactions
9582,gloss,B1,Business_Finance_Economy,Finance_Banking
9583,glossary,B1,Business_Finance_Economy,Finance_Banking
9584,glossy,B1,Business_Finance_Economy,Finance_Banking
9585,glossy magazine,B1,Business_Finance_Economy,Finance_Banking
9586,glove,B1,Psychology_Emotions,Feelings_Emotions
9587,glower,B1,Daily_Life,General_Interactions
9588,glowing review,B1,Daily_Life,General_Interactions
9589,glut,B1,Daily_Life,General_Interactions
9590,glutton,B1,Daily_Life,General_Interactions
9591,gnarl,B1,Daily_Life,General_Interactions
9592,gnome,B1,Daily_Life,General_Interactions
9593,go back on a promise,B1,Daily_Life,General_Interactions
9594,go clubbing,B1,Daily_Life,General_Interactions
9595,go down in history,B1,Communication_Media_Arts,Writing_Language
9596,go freelance,B1,Daily_Life,General_Interactions
9597,go hand in hand with,B1,Daily_Life,General_Interactions
9598,go into production,B1,Daily_Life,Shopping_Everyday
9599,go on a diet,B1,Health_Medicine,Nutrition_Diet
9600,go on an economy drive,B1,Business_Finance_Economy,Economy_Markets
9601,go on strike,B1,Daily_Life,General_Interactions
9602,go on the offensive,B1,Daily_Life,General_Interactions
9603,go out for a meal,B1,Health_Medicine,Nutrition_Diet
9604,go part-time,B1,Communication_Media_Arts,Arts_Creativity
9605,go part~time,B1,Communication_Media_Arts,Arts_Creativity
9606,go shopping,B1,Daily_Life,Shopping_Everyday
9607,go through a midlife crisis,B1,Science_Nature,Biology_Life_Sciences
9608,go through a phase,B1,Daily_Life,General_Interactions
9609,go to any trouble,B1,Daily_Life,General_Interactions
9610,go trekking,B1,Daily_Life,General_Interactions
9611,go viral,B1,Technology_Digital,Social_Media
9612,go wild,B1,Daily_Life,General_Interactions
9613,goad,B1,Daily_Life,General_Interactions
9614,goal,B1,Psychology_Emotions,Motivation
9615,goals,B1,Psychology_Emotions,Motivation
9616,goat,B1,Daily_Life,General_Interactions
9617,gobble,B1,Daily_Life,General_Interactions
9618,golden,B1,Daily_Life,General_Interactions
9619,golden era,B1,Daily_Life,General_Interactions
9620,gone,B1,Daily_Life,General_Interactions
9621,good,B1,Daily_Life,General_Interactions
9622,good behaviour,B1,Daily_Life,General_Interactions
9623,good computer skills,B1,Education,Learning_Skills
9624,good few,B1,Daily_Life,General_Interactions
9625,good knowledge,B1,Education,Learning_Skills
9626,good level of education,B1,Education,Learning_Skills
9627,good number (of),B1,Daily_Life,General_Interactions
9628,good size,B1,Daily_Life,General_Interactions
9629,good-quality,B1,Daily_Life,General_Interactions
9630,goods,B1,Daily_Life,General_Interactions
9631,gooseberry,B1,Daily_Life,General_Interactions
9632,gorge,B1,Daily_Life,General_Interactions
9633,gory,B1,Daily_Life,General_Interactions
9634,gossamer,B1,Daily_Life,General_Interactions
9635,gossip,B1,Daily_Life,General_Interactions
9636,gouge,B1,Daily_Life,General_Interactions
9637,gourmet,B1,Daily_Life,General_Interactions
9638,govern,B1,Daily_Life,General_Interactions
9639,governance,B1,Daily_Life,General_Interactions
9640,governments,B1,Society_Law_Politics,Government_Politics
9641,gown,B1,Daily_Life,General_Interactions
9642,grab,B1,Daily_Life,General_Interactions
9643,grab a seat,B1,Health_Medicine,Healthcare_Hospital
9644,grab a snack,B1,Daily_Life,General_Interactions
9645,gracious,B1,Daily_Life,General_Interactions
9646,gradation,B1,Daily_Life,General_Interactions
9647,grade,B1,Education,Exams_Assessments
9648,grading,B1,Daily_Life,General_Interactions
9649,graduate from university,B1,Education,University_School
9650,graduated,B1,Education,Academic_Study
9651,graft,B1,Daily_Life,General_Interactions
9652,grafts,B1,Daily_Life,General_Interactions
9653,grain,B1,Technology_Digital,Artificial_Intelligence
9654,grammar,B1,Communication_Media_Arts,Writing_Language
9655,grams,B1,Daily_Life,General_Interactions
9656,grand,B1,Daily_Life,General_Interactions
9657,grandchildren,B1,Daily_Life,General_Interactions
9658,grandfather,B1,Daily_Life,General_Interactions
9659,grandiloquent,B1,Daily_Life,General_Interactions
9660,grandiose,B1,Daily_Life,General_Interactions
9661,grandmother,B1,Daily_Life,General_Interactions
9662,grant,B1,Daily_Life,General_Interactions
9663,grant permission,B1,Daily_Life,General_Interactions
9664,grap a seat,B1,Health_Medicine,Healthcare_Hospital
9665,graphic,B1,Daily_Life,General_Interactions
9666,grasp,B1,Daily_Life,General_Interactions
9667,grasp the importance of,B1,Daily_Life,General_Interactions
9668,grasp the of importance,B1,Daily_Life,General_Interactions
9669,grassland,B1,Daily_Life,General_Interactions
9670,grateful,B1,Business_Finance_Economy,Economy_Markets
9671,gratify,B1,Daily_Life,General_Interactions
9672,gratis,B1,Daily_Life,General_Interactions
9673,gratuitous,B1,Daily_Life,General_Interactions
9674,grave,B1,Daily_Life,General_Interactions
9675,grave danger,B1,Daily_Life,General_Interactions
9676,gravel,B1,Daily_Life,General_Interactions
9677,gravitational,B1,Daily_Life,General_Interactions
9678,gravity,B1,Daily_Life,General_Interactions
9679,grazing,B1,Daily_Life,General_Interactions
9680,grease,B1,Daily_Life,General_Interactions
9681,great,B1,Health_Medicine,Healthcare_Hospital
9682,great significance,B1,Health_Medicine,Healthcare_Hospital
9683,great-grandchildren,B1,Health_Medicine,Healthcare_Hospital
9684,greater,B1,Health_Medicine,Healthcare_Hospital
9685,greatest,B1,Education,Exams_Assessments
9686,greatly appreciate,B1,Health_Medicine,Healthcare_Hospital
9687,greatly influence,B1,Health_Medicine,Healthcare_Hospital
9688,greece,B1,Daily_Life,General_Interactions
9689,greener,B1,Science_Nature,Environment_Ecology
9690,greenhouse,B1,Science_Nature,Environment_Ecology
9691,gregarious,B1,Daily_Life,General_Interactions
9692,grew,B1,Daily_Life,General_Interactions
9693,grid,B1,Daily_Life,General_Interactions
9694,grievance,B1,Daily_Life,General_Interactions
9695,grievous,B1,Daily_Life,General_Interactions
9696,grill,B1,Health_Medicine,Healthcare_Hospital
9697,grim,B1,Daily_Life,General_Interactions
9698,grimace,B1,Daily_Life,General_Interactions
9699,grind,B1,Daily_Life,General_Interactions
9700,gripe,B1,Daily_Life,General_Interactions
9701,gripped,B1,Daily_Life,General_Interactions
9702,grisly,B1,Daily_Life,General_Interactions
9703,groceries,B1,Daily_Life,General_Interactions
9704,grocery,B1,Daily_Life,General_Interactions
9705,groom,B1,Daily_Life,Home_Housing
9706,groove,B1,Daily_Life,General_Interactions
9707,gross,B1,Daily_Life,General_Interactions
9708,ground,B1,Daily_Life,General_Interactions
9709,groundbreaking,B1,Daily_Life,General_Interactions
9710,groundless,B1,Daily_Life,General_Interactions
9711,grounds,B1,Daily_Life,General_Interactions
9712,grounds for complaint,B1,Technology_Digital,Artificial_Intelligence
9713,groundwork,B1,Business_Finance_Economy,Jobs_Careers
9714,group,B1,Daily_Life,General_Interactions
9715,grouse,B1,Daily_Life,General_Interactions
9716,grovel,B1,Daily_Life,General_Interactions
9717,grow,B1,Daily_Life,General_Interactions
9718,growing,B1,Daily_Life,General_Interactions
9719,growing disparity,B1,Daily_Life,General_Interactions
9720,grown,B1,Daily_Life,General_Interactions
9721,growth,B1,Daily_Life,General_Interactions
9722,grudge,B1,Daily_Life,General_Interactions
9723,grudging,B1,Daily_Life,General_Interactions
9724,grueling,B1,Daily_Life,General_Interactions
9725,gruesome,B1,Daily_Life,General_Interactions
9726,gruff,B1,Daily_Life,General_Interactions
9727,gruff exterior,B1,Daily_Life,General_Interactions
9728,gruff voice,B1,Communication_Media_Arts,Speaking_Expressions
9729,grumble,B1,Daily_Life,General_Interactions
9730,grumpy old man,B1,Daily_Life,General_Interactions
9731,grunt,B1,Daily_Life,General_Interactions
9732,grunted,B1,Daily_Life,General_Interactions
9733,guard,B1,Daily_Life,General_Interactions
9734,guarding,B1,Daily_Life,General_Interactions
9735,guerrilla marketing,B1,Business_Finance_Economy,Economy_Markets
9736,guessed,B1,Daily_Life,General_Interactions
9737,guessing,B1,Communication_Media_Arts,Speaking_Expressions
9738,guidance,B1,Communication_Media_Arts,Arts_Creativity
9739,guide,B1,Travel_Transportation,Navigation_Directions
9740,guided,B1,Travel_Transportation,Navigation_Directions
9741,guideline,B1,Travel_Transportation,Navigation_Directions
9742,guiding,B1,Daily_Life,General_Interactions
9743,guile,B1,Daily_Life,General_Interactions
9744,guileless,B1,Daily_Life,General_Interactions
9745,guise,B1,Daily_Life,General_Interactions
9746,gullible,B1,Daily_Life,General_Interactions
9747,gun,B1,Daily_Life,General_Interactions
9748,gusto,B1,Daily_Life,General_Interactions
9749,guttural,B1,Daily_Life,General_Interactions
9750,habit,B1,Psychology_Emotions,Behavior
9751,habitability,B1,Education,Learning_Skills
9752,habitat,B1,Psychology_Emotions,Behavior
9753,habitats,B1,Psychology_Emotions,Behavior
9754,habits,B1,Psychology_Emotions,Behavior
9755,hackneyed,B1,Daily_Life,General_Interactions
9756,haiku,B1,Technology_Digital,Artificial_Intelligence
9757,hail a taxi,B1,Technology_Digital,Artificial_Intelligence
9758,hair,B1,Technology_Digital,Artificial_Intelligence
9759,hairline,B1,Technology_Digital,Artificial_Intelligence
9760,hale,B1,Daily_Life,General_Interactions
9761,half,B1,Daily_Life,General_Interactions
9762,halfway,B1,Daily_Life,General_Interactions
9763,hall,B1,Daily_Life,General_Interactions
9764,hallmark,B1,Daily_Life,General_Interactions
9765,hallowed,B1,Daily_Life,General_Interactions
9766,hallucination,B1,Daily_Life,General_Interactions
9767,halt production,B1,Daily_Life,Shopping_Everyday
9768,halted,B1,Daily_Life,General_Interactions
9769,hamper,B1,Daily_Life,General_Interactions
9770,hand,B1,Daily_Life,General_Interactions
9771,hand in assignments,B1,Daily_Life,General_Interactions
9772,hand in your resignation,B1,Business_Finance_Economy,Jobs_Careers
9773,handed,B1,Daily_Life,General_Interactions
9774,handful,B1,Daily_Life,General_Interactions
9775,handle a complaint,B1,Technology_Digital,Artificial_Intelligence
9776,handle a difficult situation,B1,Daily_Life,General_Interactions
9777,handled,B1,Daily_Life,General_Interactions
9778,handwritten,B1,Daily_Life,General_Interactions
9779,handy,B1,Daily_Life,General_Interactions
9780,hang,B1,Daily_Life,General_Interactions
9781,hanging,B1,Daily_Life,General_Interactions
9782,haphazard,B1,Daily_Life,General_Interactions
9783,hapless,B1,Daily_Life,General_Interactions
9784,happened,B1,Technology_Digital,Software_Internet
9785,happening,B1,Technology_Digital,Software_Internet
9786,happier,B1,Technology_Digital,Software_Internet
9787,happy,B1,Psychology_Emotions,Feelings_Emotions
9788,haptic,B1,Daily_Life,General_Interactions
9789,harangue,B1,Daily_Life,General_Interactions
9790,harass,B1,Daily_Life,General_Interactions
9791,harbinger,B1,Daily_Life,General_Interactions
9792,harbour,B1,Daily_Life,General_Interactions
9793,hard,B1,Daily_Life,General_Interactions
9794,hard slog,B1,Daily_Life,General_Interactions
9795,hardness,B1,Daily_Life,General_Interactions
9796,hardship,B1,Daily_Life,General_Interactions
9797,hardware,B1,Technology_Digital,Devices_Hardware
9798,hardwood,B1,Daily_Life,General_Interactions
9799,hardy,B1,Daily_Life,General_Interactions
9800,harebrained scheme,B1,Technology_Digital,Artificial_Intelligence
9801,harm,B1,Daily_Life,General_Interactions
9802,harmed,B1,Daily_Life,General_Interactions
9803,harmful to the environment,B1,Science_Nature,Environment_Ecology
9804,harming,B1,Daily_Life,General_Interactions
9805,harmony,B1,Daily_Life,General_Interactions
9806,harness,B1,Daily_Life,General_Interactions
9807,harness technology,B1,Technology_Digital,Software_Internet
9808,harnessing,B1,Communication_Media_Arts,Speaking_Expressions
9809,harping,B1,Daily_Life,General_Interactions
9810,harridan,B1,Daily_Life,General_Interactions
9811,harrow,B1,Daily_Life,General_Interactions
9812,harry,B1,Daily_Life,General_Interactions
9813,harsh,B1,Daily_Life,General_Interactions
9814,hassle,B1,Daily_Life,General_Interactions
9815,hasten someone's death,B1,Health_Medicine,Healthcare_Hospital
9816,hasty,B1,Daily_Life,General_Interactions
9817,hatch,B1,Daily_Life,General_Interactions
9818,hated,B1,Psychology_Emotions,Feelings_Emotions
9819,haughty,B1,Daily_Life,General_Interactions
9820,haul,B1,Daily_Life,General_Interactions
9821,have (got) the chance,B1,Daily_Life,General_Interactions
9822,have a barbecue,B1,Daily_Life,General_Interactions
9823,have a change of heart,B1,Communication_Media_Arts,Arts_Creativity
9824,have a go at,B1,Daily_Life,General_Interactions
9825,have a knock-on effect,B1,Daily_Life,General_Interactions
9826,have a knock-oneffect,B1,Daily_Life,General_Interactions
9827,have a of heart change,B1,Communication_Media_Arts,Arts_Creativity
9828,have a quality,B1,Daily_Life,General_Interactions
9829,have a snack,B1,Daily_Life,General_Interactions
9830,have a specal charm,B1,Daily_Life,General_Interactions
9831,have a special charm,B1,Daily_Life,General_Interactions
9832,have a stopover,B1,Daily_Life,General_Interactions
9833,have a whale of a time,B1,Daily_Life,Time_Management
9834,have a word with,B1,Daily_Life,General_Interactions
9835,have absolutely no idea,B1,Daily_Life,General_Interactions
9836,have an attitude problem,B1,Psychology_Emotions,Behavior
9837,have an eye for,B1,Daily_Life,General_Interactions
9838,have an obligation,B1,Daily_Life,General_Interactions
9839,have an operation,B1,Daily_Life,General_Interactions
9840,have difficulties,B1,Daily_Life,General_Interactions
9841,have every confidence in,B1,Daily_Life,General_Interactions
9842,have got the chance,B1,Daily_Life,General_Interactions
9843,have no respect for,B1,Society_Law_Politics,Human_Rights
9844,have nothing to do with,B1,Daily_Life,General_Interactions
9845,have the backbone to,B1,Daily_Life,General_Interactions
9846,have the muscle to,B1,Daily_Life,General_Interactions
9847,haven,B1,Daily_Life,General_Interactions
9848,haven't a clue,B1,Daily_Life,General_Interactions
9849,haven't the foggiest idea,B1,Daily_Life,General_Interactions
9850,having,B1,Daily_Life,General_Interactions
9851,havoc,B1,Daily_Life,General_Interactions
9852,hazard,B1,Daily_Life,General_Interactions
9853,hazards,B1,Daily_Life,General_Interactions
9854,hazel,B1,Daily_Life,General_Interactions
9855,hazy memory,B1,Psychology_Emotions,Feelings_Emotions
9856,head,B1,Daily_Life,General_Interactions
9857,head a team,B1,Daily_Life,General_Interactions
9858,headache,B1,Daily_Life,General_Interactions
9859,headed,B1,Daily_Life,General_Interactions
9860,headlight,B1,Daily_Life,General_Interactions
9861,headline,B1,Daily_Life,General_Interactions
9862,headlong,B1,Daily_Life,General_Interactions
9863,headstrong,B1,Daily_Life,General_Interactions
9864,heal the rift,B1,Health_Medicine,Healthcare_Hospital
9865,healing,B1,Health_Medicine,Healthcare_Hospital
9866,health,B1,Health_Medicine,Healthcare_Hospital
9867,healthcare,B1,Society_Law_Politics,Public_Policies
9868,healthier,B1,Health_Medicine,Healthcare_Hospital
9869,healthy,B1,Health_Medicine,Healthcare_Hospital
9870,healthy competition,B1,Health_Medicine,Healthcare_Hospital
9871,heap praise on,B1,Technology_Digital,Artificial_Intelligence
9872,hear,B1,Daily_Life,General_Interactions
9873,hearing,B1,Daily_Life,General_Interactions
9874,heart,B1,Communication_Media_Arts,Arts_Creativity
9875,heart leaps,B1,Communication_Media_Arts,Arts_Creativity
9876,heart-to-heart chat,B1,Communication_Media_Arts,Speaking_Expressions
9877,hearty,B1,Communication_Media_Arts,Arts_Creativity
9878,heat,B1,Health_Medicine,Healthcare_Hospital
9879,heat book,B1,Health_Medicine,Healthcare_Hospital
9880,heat workload,B1,Business_Finance_Economy,Jobs_Careers
9881,heated,B1,Health_Medicine,Healthcare_Hospital
9882,heathen,B1,Health_Medicine,Healthcare_Hospital
9883,heating,B1,Health_Medicine,Healthcare_Hospital
9884,heavier,B1,Daily_Life,General_Interactions
9885,heavily,B1,Daily_Life,General_Interactions
9886,heavily influenced,B1,Daily_Life,General_Interactions
9887,heavy,B1,Daily_Life,General_Interactions
9888,heavy book,B1,Communication_Media_Arts,Speaking_Expressions
9889,heavy burden,B1,Daily_Life,General_Interactions
9890,heavy responsibility,B1,Daily_Life,General_Interactions
9891,heavy traffic,B1,Travel_Transportation,Road_Travel
9892,heavy workload,B1,Business_Finance_Economy,Jobs_Careers
9893,hectic pace of life,B1,Science_Nature,Biology_Life_Sciences
9894,hector,B1,Daily_Life,General_Interactions
9895,hedge,B1,Daily_Life,General_Interactions
9896,hedonism,B1,Daily_Life,General_Interactions
9897,heed,B1,Daily_Life,General_Interactions
9898,hefty,B1,Daily_Life,General_Interactions
9899,hegemony,B1,Daily_Life,General_Interactions
9900,heinous,B1,Daily_Life,General_Interactions
9901,heir,B1,Daily_Life,General_Interactions
9902,held,B1,Daily_Life,General_Interactions
9903,helicopter,B1,Daily_Life,General_Interactions
9904,help,B1,Daily_Life,General_Interactions
9905,helped,B1,Daily_Life,General_Interactions
9906,helpful,B1,Daily_Life,General_Interactions
9907,helping,B1,Daily_Life,General_Interactions
9908,hence,B1,Daily_Life,General_Interactions
9909,herald,B1,Daily_Life,General_Interactions
9910,herbivorous,B1,Daily_Life,General_Interactions
9911,herd,B1,Daily_Life,General_Interactions
9912,herd of cattle,B1,Daily_Life,General_Interactions
9913,herd of elephants,B1,Daily_Life,General_Interactions
9914,herds,B1,Daily_Life,General_Interactions
9915,heresy,B1,Daily_Life,General_Interactions
9916,heritage,B1,Daily_Life,General_Interactions
9917,hermetic,B1,Daily_Life,General_Interactions
9918,hero,B1,Daily_Life,General_Interactions
9919,hesitate,B1,Daily_Life,General_Interactions
9920,heterodox,B1,Daily_Life,General_Interactions
9921,heterogeneous,B1,Science_Nature,Biology_Life_Sciences
9922,heuristic,B1,Daily_Life,General_Interactions
9923,hew,B1,Daily_Life,General_Interactions
9924,hiatus,B1,Daily_Life,General_Interactions
9925,hibernate,B1,Daily_Life,General_Interactions
9926,hibernation,B1,Daily_Life,General_Interactions
9927,hiccup,B1,Daily_Life,General_Interactions
9928,hidden,B1,Daily_Life,General_Interactions
9929,hide,B1,Daily_Life,General_Interactions
9930,hiding,B1,Daily_Life,General_Interactions
9931,high,B1,Daily_Life,General_Interactions
9932,high hopes,B1,Daily_Life,General_Interactions
9933,high percentage,B1,Daily_Life,General_Interactions
9934,high risk,B1,Business_Finance_Economy,Entrepreneurship
9935,high turnover of staff,B1,Daily_Life,General_Interactions
9936,high-,B1,Daily_Life,General_Interactions
9937,high-definition tv,B1,Communication_Media_Arts,Speaking_Expressions
9938,high-rise,B1,Daily_Life,General_Interactions
9939,high-street fashion,B1,Daily_Life,General_Interactions
9940,higher,B1,Daily_Life,General_Interactions
9941,highest,B1,Daily_Life,General_Interactions
9942,highlights,B1,Daily_Life,General_Interactions
9943,highly,B1,Daily_Life,General_Interactions
9944,highly recommend,B1,Daily_Life,General_Interactions
9945,highly speak very of,B1,Communication_Media_Arts,Speaking_Expressions
9946,highly valued,B1,Daily_Life,General_Interactions
9947,hike,B1,Daily_Life,General_Interactions
9948,hike in prices,B1,Business_Finance_Economy,Economy_Markets
9949,hiking,B1,Daily_Life,General_Interactions
9950,hilarity,B1,Daily_Life,General_Interactions
9951,hillside,B1,Health_Medicine,Healthcare_Hospital
9952,hilly,B1,Health_Medicine,Healthcare_Hospital
9953,himalayan,B1,Daily_Life,General_Interactions
9954,himself,B1,Psychology_Emotions,Feelings_Emotions
9955,hind,B1,Daily_Life,General_Interactions
9956,hinder,B1,Daily_Life,General_Interactions
9957,hinder progress,B1,Daily_Life,General_Interactions
9958,hindrance,B1,Daily_Life,General_Interactions
9959,hinge,B1,Daily_Life,General_Interactions
9960,hint,B1,Daily_Life,General_Interactions
9961,hinted,B1,Daily_Life,General_Interactions
9962,hints,B1,Daily_Life,General_Interactions
9963,hire,B1,Daily_Life,General_Interactions
9964,hired,B1,Daily_Life,General_Interactions
9965,hiring,B1,Daily_Life,General_Interactions
9966,hirsute,B1,Daily_Life,General_Interactions
9967,historians,B1,Daily_Life,General_Interactions
9968,historic,B1,Daily_Life,General_Interactions
9969,historical,B1,Daily_Life,General_Interactions
9970,histrionic,B1,Daily_Life,General_Interactions
9971,hit,B1,Daily_Life,General_Interactions
9972,hit the high street,B1,Daily_Life,General_Interactions
9973,hit the rocks,B1,Daily_Life,General_Interactions
9974,hitherto,B1,Daily_Life,General_Interactions
9975,hive,B1,Daily_Life,General_Interactions
9976,hoard,B1,Daily_Life,General_Interactions
9977,hoary,B1,Daily_Life,General_Interactions
9978,hoax,B1,Daily_Life,General_Interactions
9979,hobble,B1,Daily_Life,General_Interactions
9980,hobby,B1,Daily_Life,General_Interactions
9981,hodgepodge,B1,Daily_Life,General_Interactions
9982,hold,B1,Daily_Life,General_Interactions
9983,hold a conversation,B1,Communication_Media_Arts,Speaking_Expressions
9984,hold a demonstration,B1,Daily_Life,General_Interactions
9985,hold a festival,B1,Daily_Life,General_Interactions
9986,hold a position,B1,Daily_Life,General_Interactions
9987,hold a press conference,B1,Communication_Media_Arts,Media_Journalism
9988,hold someone's attention,B1,Daily_Life,General_Interactions
9989,hold someone/something in contempt,B1,Daily_Life,General_Interactions
9990,holding,B1,Daily_Life,General_Interactions
9991,hole,B1,Daily_Life,General_Interactions
9992,holes,B1,Daily_Life,General_Interactions
9993,holistic,B1,Daily_Life,General_Interactions
9994,hollow,B1,Daily_Life,General_Interactions
9995,holocaust,B1,Daily_Life,General_Interactions
9996,hologram,B1,Daily_Life,General_Interactions
9997,holster,B1,Daily_Life,General_Interactions
9998,homage,B1,Daily_Life,General_Interactions
9999,home,B1,Daily_Life,Home_Housing
10000,home leave,B1,Daily_Life,Home_Housing
10001,home second,B1,Daily_Life,Home_Housing
10002,homily,B1,Daily_Life,General_Interactions
10003,homogeneous,B1,Science_Nature,Biology_Life_Sciences
10004,homophily,B1,Daily_Life,General_Interactions
10005,hon our a commitment,B1,Daily_Life,General_Interactions
10006,hone,B1,Daily_Life,General_Interactions
10007,hone your skills,B1,Education,Learning_Skills
10008,honest,B1,Psychology_Emotions,Personality
10009,honestly think,B1,Psychology_Emotions,Personality
10010,honey,B1,Daily_Life,General_Interactions
10011,honor,B1,Daily_Life,General_Interactions
10012,honour a commitment,B1,Daily_Life,General_Interactions
10013,hoodwink,B1,Daily_Life,General_Interactions
10014,hook,B1,Daily_Life,General_Interactions
10015,hope,B1,Daily_Life,General_Interactions
10016,hoped,B1,Daily_Life,General_Interactions
10017,hopelessly lost,B1,Daily_Life,General_Interactions
10018,hopping,B1,Daily_Life,General_Interactions
10019,hopping mad,B1,Daily_Life,General_Interactions
10020,horde,B1,Daily_Life,General_Interactions
10021,hormone,B1,Daily_Life,General_Interactions
10022,horrendous,B1,Daily_Life,General_Interactions
10023,horror,B1,Daily_Life,General_Interactions
10024,horrror,B1,Daily_Life,General_Interactions
10025,horse,B1,Daily_Life,General_Interactions
10026,horse-drawn,B1,Communication_Media_Arts,Speaking_Expressions
10027,horticulture,B1,Daily_Life,General_Interactions
10028,host,B1,Daily_Life,General_Interactions
10029,host of,B1,Daily_Life,General_Interactions
10030,hostile,B1,Daily_Life,General_Interactions
10031,hot-air,B1,Technology_Digital,Artificial_Intelligence
10032,hotel,B1,Travel_Transportation,Hotels_Tourism
10033,hotter,B1,Daily_Life,General_Interactions
10034,hour,B1,Daily_Life,Time_Management
10035,house,B1,Daily_Life,Home_Housing
10036,housed,B1,Daily_Life,Home_Housing
10037,household,B1,Daily_Life,Home_Housing
10038,households,B1,Daily_Life,Home_Housing
10039,housing,B1,Communication_Media_Arts,Speaking_Expressions
10040,hovel,B1,Daily_Life,General_Interactions
10041,hover,B1,Daily_Life,General_Interactions
10042,however,B1,Daily_Life,General_Interactions
10043,hub,B1,Daily_Life,General_Interactions
10044,hubris,B1,Daily_Life,General_Interactions
10045,hubs,B1,Daily_Life,General_Interactions
10046,huge,B1,Daily_Life,General_Interactions
10047,hugely popular look,B1,Daily_Life,General_Interactions
10048,hull,B1,Daily_Life,General_Interactions
10049,human,B1,Daily_Life,General_Interactions
10050,human-induced,B1,Daily_Life,General_Interactions
10051,humane,B1,Daily_Life,General_Interactions
10052,humanism,B1,Daily_Life,General_Interactions
10053,humans,B1,Daily_Life,General_Interactions
10054,humble,B1,Daily_Life,General_Interactions
10055,humid,B1,Daily_Life,General_Interactions
10056,humidity,B1,Daily_Life,General_Interactions
10057,humiliating defeat,B1,Health_Medicine,Healthcare_Hospital
10058,humility,B1,Daily_Life,General_Interactions
10059,hummock,B1,Daily_Life,General_Interactions
10060,humor,B1,Daily_Life,General_Interactions
10061,hundred,B1,Daily_Life,General_Interactions
10062,hundredth,B1,Daily_Life,General_Interactions
10063,hung,B1,Daily_Life,General_Interactions
10064,hunger,B1,Daily_Life,General_Interactions
10065,hunk of bread,B1,Communication_Media_Arts,Speaking_Expressions
10066,hunt,B1,Daily_Life,General_Interactions
10067,hunted,B1,Daily_Life,General_Interactions
10068,hunter,B1,Daily_Life,General_Interactions
10069,hunter-gatherer,B1,Daily_Life,General_Interactions
10070,hunting,B1,Daily_Life,General_Interactions
10071,hurdle,B1,Daily_Life,General_Interactions
10072,hurl insults,B1,Daily_Life,General_Interactions
10073,hurting,B1,Daily_Life,General_Interactions
10074,hurtle,B1,Daily_Life,General_Interactions
10075,husbandry,B1,Daily_Life,General_Interactions
10076,husky voice,B1,Communication_Media_Arts,Speaking_Expressions
10077,hybrid,B1,Daily_Life,General_Interactions
10078,hybrid car,B1,Travel_Transportation,Road_Travel
10079,hydration,B1,Daily_Life,General_Interactions
10080,hydrogen,B1,Daily_Life,General_Interactions
10081,hydrophobia,B1,Daily_Life,General_Interactions
10082,hydrothermal,B1,Daily_Life,General_Interactions
10083,hygiene,B1,Daily_Life,General_Interactions
10084,hyperbole,B1,Daily_Life,General_Interactions
10085,hypochondriac,B1,Daily_Life,General_Interactions
10086,hypocrisy,B1,Daily_Life,General_Interactions
10087,hypothesis,B1,Science_Nature,Research_Methods
10088,hypothetical,B1,Daily_Life,General_Interactions
10089,hysteria,B1,Daily_Life,General_Interactions
10090,ice sheet,B1,Daily_Life,General_Interactions
10091,iceberg,B1,Daily_Life,General_Interactions
10092,iconoclast,B1,Daily_Life,General_Interactions
10093,icy,B1,Daily_Life,General_Interactions
10094,idea,B1,Daily_Life,General_Interactions
10095,identical,B1,Daily_Life,General_Interactions
10096,identification,B1,Daily_Life,General_Interactions
10097,identified,B1,Daily_Life,General_Interactions
10098,identify,B1,Daily_Life,General_Interactions
10099,identity,B1,Daily_Life,General_Interactions
10100,identity theft,B1,Daily_Life,General_Interactions
10101,ideology,B1,Daily_Life,General_Interactions
10102,idiom,B1,Daily_Life,General_Interactions
10103,idiosyncrasies,B1,Daily_Life,General_Interactions
10104,idiosyncrasy,B1,Daily_Life,General_Interactions
10105,idiosyncratic,B1,Daily_Life,General_Interactions
10106,idiot,B1,Daily_Life,General_Interactions
10107,idle chatter,B1,Communication_Media_Arts,Speaking_Expressions
10108,idle threat,B1,Health_Medicine,Healthcare_Hospital
10109,idolatry,B1,Daily_Life,General_Interactions
10110,idyllic,B1,Daily_Life,General_Interactions
10111,igneous,B1,Daily_Life,General_Interactions
10112,ignoble,B1,Daily_Life,General_Interactions
10113,ignominious,B1,Daily_Life,General_Interactions
10114,ignorance,B1,Daily_Life,General_Interactions
10115,ignore,B1,Daily_Life,General_Interactions
10116,ignoring,B1,Daily_Life,General_Interactions
10117,ill,B1,Health_Medicine,Healthcare_Hospital
10118,ill effects,B1,Health_Medicine,Healthcare_Hospital
10119,illegal,B1,Society_Law_Politics,Law_Crime
10120,illegal substance,B1,Society_Law_Politics,Law_Crime
10121,illicit,B1,Health_Medicine,Healthcare_Hospital
10122,illness,B1,Health_Medicine,Illness_Diseases
10123,illuminate,B1,Health_Medicine,Healthcare_Hospital
10124,illuminates,B1,Health_Medicine,Healthcare_Hospital
10125,illusion,B1,Health_Medicine,Healthcare_Hospital
10126,illusory,B1,Health_Medicine,Healthcare_Hospital
10127,illustrate,B1,Business_Finance_Economy,Economy_Markets
10128,illustrated,B1,Business_Finance_Economy,Economy_Markets
10129,illustrious,B1,Health_Medicine,Healthcare_Hospital
10130,image,B1,Daily_Life,General_Interactions
10131,imagery,B1,Daily_Life,General_Interactions
10132,imaginative,B1,Daily_Life,General_Interactions
10133,imagine,B1,Daily_Life,General_Interactions
10134,imbalances,B1,Psychology_Emotions,Stress_Mental_State
10135,imbibe,B1,Daily_Life,General_Interactions
10136,imbroglio,B1,Daily_Life,General_Interactions
10137,imitate,B1,Daily_Life,General_Interactions
10138,immaculate,B1,Daily_Life,General_Interactions
10139,immediate,B1,Communication_Media_Arts,Media_Journalism
10140,immediately,B1,Communication_Media_Arts,Media_Journalism
10141,immense asset,B1,Daily_Life,General_Interactions
10142,immensely,B1,Daily_Life,General_Interactions
10143,immersed,B1,Daily_Life,General_Interactions
10144,immigrate,B1,Business_Finance_Economy,Economy_Markets
10145,immigration,B1,Society_Law_Politics,Social_Issues
10146,imminent,B1,Daily_Life,General_Interactions
10147,immobile,B1,Technology_Digital,Software_Internet
10148,immobility,B1,Daily_Life,General_Interactions
10149,immolate,B1,Daily_Life,General_Interactions
10150,immoral,B1,Daily_Life,General_Interactions
10151,immortal,B1,Daily_Life,General_Interactions
10152,immutable,B1,Daily_Life,General_Interactions
10153,impact,B1,Psychology_Emotions,Behavior
10154,impacting,B1,Psychology_Emotions,Behavior
10155,impacts,B1,Psychology_Emotions,Behavior
10156,impale,B1,Daily_Life,General_Interactions
10157,impart knowledge,B1,Education,Learning_Skills
10158,impart wisdom,B1,Communication_Media_Arts,Arts_Creativity
10159,imparts,B1,Communication_Media_Arts,Arts_Creativity
10160,impasse,B1,Education,Exams_Assessments
10161,impassioned,B1,Education,Exams_Assessments
10162,impassive,B1,Education,Exams_Assessments
10163,impeach,B1,Daily_Life,General_Interactions
10164,impeccable,B1,Daily_Life,General_Interactions
10165,impecunious,B1,Daily_Life,General_Interactions
10166,impede,B1,Daily_Life,General_Interactions
10167,impediment,B1,Daily_Life,General_Interactions
10168,impel,B1,Daily_Life,General_Interactions
10169,impending,B1,Daily_Life,General_Interactions
10170,impenetrable,B1,Daily_Life,General_Interactions
10171,impenitent,B1,Daily_Life,General_Interactions
10172,imperative,B1,Daily_Life,General_Interactions
10173,imperceptible,B1,Daily_Life,General_Interactions
10174,imperfection,B1,Daily_Life,General_Interactions
10175,imperial,B1,Daily_Life,General_Interactions
10176,imperious,B1,Daily_Life,General_Interactions
10177,impermeable,B1,Daily_Life,General_Interactions
10178,impersonal,B1,Psychology_Emotions,Feelings_Emotions
10179,impertinent,B1,Daily_Life,General_Interactions
10180,imperturbable,B1,Daily_Life,General_Interactions
10181,impervious,B1,Daily_Life,General_Interactions
10182,impetuous,B1,Daily_Life,General_Interactions
10183,impetus,B1,Daily_Life,General_Interactions
10184,impiety,B1,Daily_Life,General_Interactions
10185,impinge,B1,Daily_Life,General_Interactions
10186,impious,B1,Daily_Life,General_Interactions
10187,implacable,B1,Daily_Life,General_Interactions
10188,implants,B1,Science_Nature,Biology_Life_Sciences
10189,implausible,B1,Daily_Life,General_Interactions
10190,implement a change,B1,Daily_Life,General_Interactions
10191,implement a plan,B1,Daily_Life,General_Interactions
10192,implementation,B1,Daily_Life,General_Interactions
10193,implementing,B1,Daily_Life,General_Interactions
10194,implements,B1,Daily_Life,General_Interactions
10195,implication,B1,Daily_Life,General_Interactions
10196,implicit,B1,Daily_Life,General_Interactions
10197,implies,B1,Daily_Life,General_Interactions
10198,imply,B1,Daily_Life,General_Interactions
10199,import,B1,Daily_Life,General_Interactions
10200,importance,B1,Daily_Life,General_Interactions
10201,important,B1,Daily_Life,General_Interactions
10202,imported,B1,Daily_Life,General_Interactions
10203,importunate,B1,Daily_Life,General_Interactions
10204,impose,B1,Daily_Life,General_Interactions
10205,impose censorship,B1,Daily_Life,General_Interactions
10206,imposing,B1,Communication_Media_Arts,Speaking_Expressions
10207,impossible,B1,Daily_Life,General_Interactions
10208,impostor,B1,Technology_Digital,Social_Media
10209,impotent,B1,Daily_Life,General_Interactions
10210,imprecise,B1,Daily_Life,General_Interactions
10211,impregnable,B1,Daily_Life,General_Interactions
10212,impress,B1,Communication_Media_Arts,Media_Journalism
10213,imprint,B1,Daily_Life,General_Interactions
10214,imprison,B1,Society_Law_Politics,Law_Crime
10215,improbable,B1,Daily_Life,General_Interactions
10216,impromptu,B1,Daily_Life,General_Interactions
10217,impropriety,B1,Daily_Life,General_Interactions
10218,improve,B1,Daily_Life,General_Interactions
10219,improvement,B1,Daily_Life,General_Interactions
10220,improvements,B1,Daily_Life,General_Interactions
10221,improves,B1,Daily_Life,General_Interactions
10222,improvident,B1,Daily_Life,General_Interactions
10223,improving,B1,Daily_Life,General_Interactions
10224,improvise,B1,Daily_Life,General_Interactions
10225,imprudent,B1,Daily_Life,General_Interactions
10226,impudent,B1,Daily_Life,General_Interactions
10227,impugn,B1,Daily_Life,General_Interactions
10228,impulse,B1,Daily_Life,General_Interactions
10229,impulsive,B1,Daily_Life,General_Interactions
10230,impulsivity,B1,Daily_Life,General_Interactions
10231,impunity,B1,Daily_Life,General_Interactions
10232,in a position of authority,B1,Daily_Life,General_Interactions
10233,in a state of shock,B1,Daily_Life,General_Interactions
10234,in a straightforward way,B1,Technology_Digital,Artificial_Intelligence
10235,in breach of the law,B1,Society_Law_Politics,Law_Crime
10236,in broad agreement,B1,Travel_Transportation,Road_Travel
10237,in marked contrast to,B1,Daily_Life,General_Interactions
10238,in the full glare of publicity,B1,Daily_Life,General_Interactions
10239,in the middle of nowhere,B1,Daily_Life,General_Interactions
10240,in-depth critique,B1,Daily_Life,General_Interactions
10241,in-depth critque,B1,Daily_Life,General_Interactions
10242,in-house marketing team,B1,Business_Finance_Economy,Economy_Markets
10243,inaccurate,B1,Business_Finance_Economy,Economy_Markets
10244,inadvertent,B1,Daily_Life,General_Interactions
10245,inalienable,B1,Daily_Life,General_Interactions
10246,inane,B1,Daily_Life,General_Interactions
10247,inanimate,B1,Daily_Life,General_Interactions
10248,inarticulate,B1,Communication_Media_Arts,Arts_Creativity
10249,inasmuch,B1,Daily_Life,General_Interactions
10250,inaugurated,B1,Business_Finance_Economy,Economy_Markets
10251,inauspicious,B1,Daily_Life,General_Interactions
10252,incarnate,B1,Travel_Transportation,Road_Travel
10253,incendiary,B1,Daily_Life,General_Interactions
10254,incense,B1,Daily_Life,General_Interactions
10255,inception,B1,Daily_Life,General_Interactions
10256,incessant noise,B1,Daily_Life,General_Interactions
10257,inchdate,B1,Daily_Life,General_Interactions
10258,incidence,B1,Daily_Life,General_Interactions
10259,incident,B1,Daily_Life,General_Interactions
10260,incidental,B1,Daily_Life,General_Interactions
10261,incidentally,B1,Daily_Life,General_Interactions
10262,incipient,B1,Daily_Life,General_Interactions
10263,incisive,B1,Daily_Life,General_Interactions
10264,incite,B1,Daily_Life,General_Interactions
10265,incite violence,B1,Daily_Life,General_Interactions
10266,inclement,B1,Daily_Life,General_Interactions
10267,inclement weather,B1,Science_Nature,Natural_Phenomena
10268,inclination,B1,Daily_Life,General_Interactions
10269,inclined,B1,Daily_Life,General_Interactions
10270,include,B1,Daily_Life,General_Interactions
10271,included,B1,Daily_Life,General_Interactions
10272,includes,B1,Daily_Life,General_Interactions
10273,including,B1,Daily_Life,General_Interactions
10274,inclusions,B1,Daily_Life,General_Interactions
10275,inclusive,B1,Daily_Life,General_Interactions
10276,inclusivity,B1,Daily_Life,General_Interactions
10277,incognito,B1,Daily_Life,General_Interactions
10278,incoherent,B1,Daily_Life,Home_Housing
10279,incompatible,B1,Daily_Life,General_Interactions
10280,incomplete,B1,Daily_Life,General_Interactions
10281,incomprehensible,B1,Daily_Life,General_Interactions
10282,inconceivable,B1,Daily_Life,General_Interactions
10283,inconclusive,B1,Daily_Life,General_Interactions
10284,incongruous,B1,Daily_Life,General_Interactions
10285,inconsequential,B1,Daily_Life,General_Interactions
10286,inconsiderable,B1,Daily_Life,General_Interactions
10287,inconsistent,B1,Daily_Life,General_Interactions
10288,inconsolable,B1,Science_Nature,Natural_Phenomena
10289,inconsolable grief,B1,Science_Nature,Natural_Phenomena
10290,inconspicuous,B1,Daily_Life,General_Interactions
10291,incontrovertible,B1,Daily_Life,General_Interactions
10292,inconvenience,B1,Daily_Life,General_Interactions
10293,incorporate,B1,Business_Finance_Economy,Economy_Markets
10294,incorrect,B1,Daily_Life,General_Interactions
10295,incorrigible,B1,Daily_Life,General_Interactions
10296,increase,B1,Daily_Life,General_Interactions
10297,increase dramatically,B1,Daily_Life,General_Interactions
10298,increase output,B1,Daily_Life,General_Interactions
10299,increase significantly,B1,Daily_Life,General_Interactions
10300,increase your stress levels,B1,Health_Medicine,Mental_Health
10301,increased,B1,Daily_Life,General_Interactions
10302,increases,B1,Daily_Life,General_Interactions
10303,increasing,B1,Communication_Media_Arts,Speaking_Expressions
10304,increasingly,B1,Communication_Media_Arts,Speaking_Expressions
10305,incredible,B1,Daily_Life,General_Interactions
10306,increment,B1,Daily_Life,General_Interactions
10307,incriminate,B1,Daily_Life,General_Interactions
10308,incubate,B1,Daily_Life,General_Interactions
10309,inculcate,B1,Daily_Life,General_Interactions
10310,incumbent,B1,Daily_Life,General_Interactions
10311,incursion,B1,Daily_Life,General_Interactions
10312,indebted,B1,Business_Finance_Economy,Finance_Banking
10313,indecisive,B1,Daily_Life,General_Interactions
10314,indefatigable,B1,Daily_Life,General_Interactions
10315,indelible,B1,Daily_Life,General_Interactions
10316,indelible impression,B1,Communication_Media_Arts,Media_Journalism
10317,indelible impressions,B1,Communication_Media_Arts,Media_Journalism
10318,indemnify,B1,Daily_Life,General_Interactions
10319,indent,B1,Daily_Life,General_Interactions
10320,indeterminate,B1,Daily_Life,General_Interactions
10321,index,B1,Daily_Life,General_Interactions
10322,indicate,B1,Daily_Life,General_Interactions
10323,indicated,B1,Daily_Life,General_Interactions
10324,indication,B1,Daily_Life,General_Interactions
10325,indications,B1,Daily_Life,General_Interactions
10326,indicators,B1,Daily_Life,General_Interactions
10327,indict,B1,Daily_Life,General_Interactions
10328,indigent,B1,Daily_Life,General_Interactions
10329,indignant,B1,Daily_Life,General_Interactions
10330,indirect,B1,Daily_Life,General_Interactions
10331,indiscriminately,B1,Daily_Life,General_Interactions
10332,indispensable,B1,Daily_Life,General_Interactions
10333,indissoluble,B1,Daily_Life,General_Interactions
10334,indistinct,B1,Daily_Life,General_Interactions
10335,indite,B1,Daily_Life,General_Interactions
10336,individually,B1,Daily_Life,General_Interactions
10337,individuals,B1,Daily_Life,General_Interactions
10338,indoctrinate,B1,Daily_Life,General_Interactions
10339,indolent,B1,Daily_Life,General_Interactions
10340,indomitable,B1,Daily_Life,General_Interactions
10341,indoor,B1,Daily_Life,General_Interactions
10342,indubitable,B1,Daily_Life,General_Interactions
10343,induce,B1,Daily_Life,General_Interactions
10344,inducement,B1,Daily_Life,General_Interactions
10345,induct,B1,Daily_Life,General_Interactions
10346,inductive,B1,Daily_Life,General_Interactions
10347,indulge,B1,Daily_Life,General_Interactions
10348,indurate,B1,Business_Finance_Economy,Economy_Markets
10349,industrial,B1,Daily_Life,General_Interactions
10350,industry,B1,Daily_Life,General_Interactions
10351,ineffable,B1,Daily_Life,General_Interactions
10352,ineffectively,B1,Daily_Life,General_Interactions
10353,ineluctable,B1,Daily_Life,General_Interactions
10354,inept,B1,Daily_Life,General_Interactions
10355,inequalities,B1,Daily_Life,General_Interactions
10356,inequality,B1,Society_Law_Politics,Social_Issues
10357,inequity,B1,Daily_Life,General_Interactions
10358,inert,B1,Daily_Life,General_Interactions
10359,inestimable,B1,Daily_Life,General_Interactions
10360,inevitability,B1,Education,Learning_Skills
10361,inevitably,B1,Daily_Life,General_Interactions
10362,inexorable,B1,Daily_Life,General_Interactions
10363,inexpensive,B1,Daily_Life,General_Interactions
10364,infallible,B1,Daily_Life,General_Interactions
10365,infamous,B1,Daily_Life,General_Interactions
10366,infant,B1,Daily_Life,General_Interactions
10367,infantile,B1,Daily_Life,General_Interactions
10368,infants,B1,Daily_Life,General_Interactions
10369,infatuate,B1,Daily_Life,General_Interactions
10370,infectious,B1,Daily_Life,General_Interactions
10371,infectious disease,B1,Health_Medicine,Illness_Diseases
10372,infer,B1,Daily_Life,General_Interactions
10373,infernal,B1,Daily_Life,General_Interactions
10374,inferno,B1,Daily_Life,General_Interactions
10375,infinite,B1,Daily_Life,General_Interactions
10376,infinite patience,B1,Daily_Life,General_Interactions
10377,infirm,B1,Daily_Life,General_Interactions
10378,infirmary,B1,Daily_Life,General_Interactions
10379,inflamed,B1,Daily_Life,General_Interactions
10380,inflate,B1,Daily_Life,General_Interactions
10381,inflating,B1,Daily_Life,General_Interactions
10382,inflexible,B1,Daily_Life,General_Interactions
10383,inflict,B1,Daily_Life,General_Interactions
10384,influence,B1,Daily_Life,General_Interactions
10385,influenced,B1,Daily_Life,General_Interactions
10386,influences,B1,Daily_Life,General_Interactions
10387,influencing,B1,Daily_Life,General_Interactions
10388,influential,B1,Daily_Life,General_Interactions
10389,inform,B1,Daily_Life,General_Interactions
10390,informal,B1,Daily_Life,General_Interactions
10391,information,B1,Daily_Life,General_Interactions
10392,infraction,B1,Psychology_Emotions,Behavior
10393,infrastructure,B1,Daily_Life,General_Interactions
10394,infrequent,B1,Daily_Life,General_Interactions
10395,infringe,B1,Daily_Life,General_Interactions
10396,infringe the regulations,B1,Society_Law_Politics,Public_Policies
10397,infuriate,B1,Daily_Life,General_Interactions
10398,infuse,B1,Daily_Life,General_Interactions
10399,ingenuity,B1,Daily_Life,General_Interactions
10400,ingenuous,B1,Daily_Life,General_Interactions
10401,ingest,B1,Daily_Life,General_Interactions
10402,ingrate,B1,Business_Finance_Economy,Economy_Markets
10403,ingredient,B1,Daily_Life,General_Interactions
10404,inherently,B1,Daily_Life,Home_Housing
10405,inherit,B1,Daily_Life,General_Interactions
10406,inhibited,B1,Daily_Life,General_Interactions
10407,inhibits,B1,Daily_Life,General_Interactions
10408,inhospitable,B1,Daily_Life,General_Interactions
10409,inhuman,B1,Daily_Life,General_Interactions
10410,inimical,B1,Daily_Life,General_Interactions
10411,iniquitous,B1,Daily_Life,General_Interactions
10412,initial,B1,Daily_Life,General_Interactions
10413,initially,B1,Daily_Life,General_Interactions
10414,initiated,B1,Daily_Life,General_Interactions
10415,initiatives,B1,Daily_Life,General_Interactions
10416,injunction,B1,Daily_Life,General_Interactions
10417,injured,B1,Daily_Life,General_Interactions
10418,injuries,B1,Daily_Life,General_Interactions
10419,injuring,B1,Daily_Life,General_Interactions
10420,injurious,B1,Daily_Life,General_Interactions
10421,injury,B1,Health_Medicine,Healthcare_Hospital
10422,ink,B1,Daily_Life,General_Interactions
10423,inland,B1,Daily_Life,General_Interactions
10424,innate,B1,Daily_Life,General_Interactions
10425,inner,B1,Daily_Life,General_Interactions
10426,innocent,B1,Daily_Life,General_Interactions
10427,innocuous,B1,Daily_Life,General_Interactions
10428,innovate,B1,Daily_Life,General_Interactions
10429,innovation,B1,Business_Finance_Economy,Entrepreneurship
10430,innovations,B1,Business_Finance_Economy,Entrepreneurship
10431,innuendo,B1,Daily_Life,General_Interactions
10432,inopportune,B1,Daily_Life,General_Interactions
10433,inordinate amount,B1,Daily_Life,General_Interactions
10434,input,B1,Daily_Life,General_Interactions
10435,inquire,B1,Daily_Life,General_Interactions
10436,inquiries,B1,Daily_Life,General_Interactions
10437,inquisitive,B1,Daily_Life,General_Interactions
10438,insatiable,B1,Daily_Life,General_Interactions
10439,inscribe,B1,Daily_Life,General_Interactions
10440,inscrutable,B1,Daily_Life,General_Interactions
10441,insect,B1,Daily_Life,General_Interactions
10442,inseminate,B1,Daily_Life,General_Interactions
10443,insensate,B1,Daily_Life,General_Interactions
10444,insert,B1,Daily_Life,General_Interactions
10445,inside,B1,Daily_Life,General_Interactions
10446,insidious,B1,Daily_Life,General_Interactions
10447,insight,B1,Daily_Life,General_Interactions
10448,insight into,B1,Daily_Life,General_Interactions
10449,insights,B1,Daily_Life,General_Interactions
10450,insignia,B1,Daily_Life,General_Interactions
10451,insinuate,B1,Daily_Life,General_Interactions
10452,insipid,B1,Daily_Life,General_Interactions
10453,insistent,B1,Daily_Life,General_Interactions
10454,insolent,B1,Daily_Life,General_Interactions
10455,insoluble,B1,Daily_Life,General_Interactions
10456,insolvent,B1,Daily_Life,General_Interactions
10457,insomnia,B1,Daily_Life,General_Interactions
10458,inspect,B1,Daily_Life,General_Interactions
10459,inspiration,B1,Daily_Life,General_Interactions
10460,inspire,B1,Psychology_Emotions,Motivation
10461,instability,B1,Education,Learning_Skills
10462,install equipment,B1,Daily_Life,General_Interactions
10463,installed,B1,Daily_Life,General_Interactions
10464,installing,B1,Daily_Life,General_Interactions
10465,instance,B1,Daily_Life,General_Interactions
10466,instant,B1,Daily_Life,General_Interactions
10467,instantly recall,B1,Daily_Life,General_Interactions
10468,instead,B1,Daily_Life,General_Interactions
10469,instigate measures,B1,Daily_Life,General_Interactions
10470,instigated,B1,Daily_Life,General_Interactions
10471,instill,B1,Health_Medicine,Healthcare_Hospital
10472,instinctively,B1,Daily_Life,General_Interactions
10473,institute,B1,Daily_Life,General_Interactions
10474,institutions,B1,Daily_Life,General_Interactions
10475,instruct,B1,Daily_Life,General_Interactions
10476,instructed,B1,Daily_Life,General_Interactions
10477,instructions,B1,Daily_Life,General_Interactions
10478,instructive,B1,Daily_Life,General_Interactions
10479,instructor,B1,Daily_Life,General_Interactions
10480,instrumental,B1,Health_Medicine,Mental_Health
10481,instruments,B1,Daily_Life,General_Interactions
10482,insular,B1,Daily_Life,General_Interactions
10483,insulate,B1,Daily_Life,General_Interactions
10484,insulation,B1,Daily_Life,General_Interactions
10485,insuperable,B1,Daily_Life,General_Interactions
10486,insurgent,B1,Daily_Life,General_Interactions
10487,insurmountable,B1,Daily_Life,General_Interactions
10488,insurrection,B1,Daily_Life,General_Interactions
10489,intangible,B1,Daily_Life,General_Interactions
10490,integrate,B1,Business_Finance_Economy,Economy_Markets
10491,integration,B1,Daily_Life,General_Interactions
10492,intellect,B1,Communication_Media_Arts,Speaking_Expressions
10493,intellectual,B1,Communication_Media_Arts,Speaking_Expressions
10494,intelligence,B1,Communication_Media_Arts,Speaking_Expressions
10495,intelligible,B1,Communication_Media_Arts,Speaking_Expressions
10496,intemperate,B1,Business_Finance_Economy,Economy_Markets
10497,intend,B1,Daily_Life,General_Interactions
10498,intended,B1,Daily_Life,General_Interactions
10499,intense,B1,Daily_Life,General_Interactions
10500,intensely personal,B1,Psychology_Emotions,Feelings_Emotions
10501,intensity,B1,Daily_Life,General_Interactions
10502,intent,B1,Daily_Life,General_Interactions
10503,inter,B1,Daily_Life,General_Interactions
10504,interact,B1,Psychology_Emotions,Behavior
10505,interacting,B1,Psychology_Emotions,Behavior
10506,interaction,B1,Psychology_Emotions,Behavior
10507,interactions,B1,Psychology_Emotions,Behavior
10508,intercede,B1,Daily_Life,General_Interactions
10509,interchangeable,B1,Daily_Life,General_Interactions
10510,intercollegiate,B1,Daily_Life,General_Interactions
10511,interconnected,B1,Daily_Life,General_Interactions
10512,intercourse,B1,Education,University_School
10513,interdisciplinary,B1,Daily_Life,General_Interactions
10514,interest,B1,Daily_Life,General_Interactions
10515,interest-free overdraft,B1,Daily_Life,General_Interactions
10516,interested,B1,Daily_Life,General_Interactions
10517,interesting,B1,Daily_Life,General_Interactions
10518,interests,B1,Daily_Life,General_Interactions
10519,interfere,B1,Daily_Life,General_Interactions
10520,interference,B1,Daily_Life,General_Interactions
10521,interim,B1,Daily_Life,General_Interactions
10522,interior,B1,Daily_Life,General_Interactions
10523,interlocked,B1,Daily_Life,General_Interactions
10524,interloper,B1,Daily_Life,General_Interactions
10525,interminable,B1,Daily_Life,General_Interactions
10526,intermingle,B1,Daily_Life,General_Interactions
10527,intermittent,B1,Daily_Life,General_Interactions
10528,intern,B1,Daily_Life,General_Interactions
10529,internal,B1,Daily_Life,General_Interactions
10530,internecine,B1,Daily_Life,General_Interactions
10531,internet,B1,Technology_Digital,Software_Internet
10532,interns,B1,Daily_Life,General_Interactions
10533,internship,B1,Daily_Life,General_Interactions
10534,internships,B1,Daily_Life,General_Interactions
10535,interpersonal skills,B1,Education,Learning_Skills
10536,interplay,B1,Communication_Media_Arts,Speaking_Expressions
10537,interpolate,B1,Daily_Life,General_Interactions
10538,interpose,B1,Daily_Life,General_Interactions
10539,interpretative,B1,Daily_Life,General_Interactions
10540,interpreted,B1,Daily_Life,General_Interactions
10541,interrogate,B1,Daily_Life,General_Interactions
10542,interrupt,B1,Daily_Life,General_Interactions
10543,interrupted,B1,Daily_Life,General_Interactions
10544,interruptions,B1,Daily_Life,General_Interactions
10545,interval,B1,Daily_Life,General_Interactions
10546,interventions,B1,Daily_Life,General_Interactions
10547,interview exclusive,B1,Communication_Media_Arts,Media_Journalism
10548,interview in-depth,B1,Communication_Media_Arts,Media_Journalism
10549,interviewed,B1,Communication_Media_Arts,Media_Journalism
10550,intimate,B1,Daily_Life,General_Interactions
10551,intimidate,B1,Daily_Life,General_Interactions
10552,intoxicate,B1,Daily_Life,General_Interactions
10553,intractable,B1,Psychology_Emotions,Behavior
10554,intransigent,B1,Daily_Life,General_Interactions
10555,intrepid explorer,B1,Daily_Life,General_Interactions
10556,intriguing,B1,Daily_Life,General_Interactions
10557,intrinsically,B1,Daily_Life,General_Interactions
10558,introduce,B1,Daily_Life,General_Interactions
10559,introduce a levy,B1,Daily_Life,General_Interactions
10560,introduce a neighbourhood watch scheme,B1,Daily_Life,General_Interactions
10561,introduce green taxes,B1,Science_Nature,Environment_Ecology
10562,introduce new legislation,B1,Daily_Life,General_Interactions
10563,introduce regulations,B1,Society_Law_Politics,Public_Policies
10564,introduced,B1,Daily_Life,General_Interactions
10565,introducing,B1,Daily_Life,General_Interactions
10566,introduction,B1,Daily_Life,General_Interactions
10567,introspective,B1,Daily_Life,General_Interactions
10568,intrude,B1,Daily_Life,General_Interactions
10569,intruders,B1,Daily_Life,General_Interactions
10570,intuitive,B1,Daily_Life,General_Interactions
10571,inure,B1,Daily_Life,General_Interactions
10572,invade,B1,Daily_Life,General_Interactions
10573,invaled,B1,Daily_Life,General_Interactions
10574,invaluable,B1,Daily_Life,General_Interactions
10575,invariably,B1,Daily_Life,General_Interactions
10576,invective,B1,Daily_Life,General_Interactions
10577,invent,B1,Daily_Life,General_Interactions
10578,invented,B1,Daily_Life,General_Interactions
10579,inventing,B1,Daily_Life,General_Interactions
10580,invention,B1,Daily_Life,General_Interactions
10581,inventor,B1,Daily_Life,General_Interactions
10582,invertebrates,B1,Business_Finance_Economy,Economy_Markets
10583,invest in infrastructure,B1,Business_Finance_Economy,Finance_Banking
10584,invest in the long-term,B1,Business_Finance_Economy,Finance_Banking
10585,invest in the long~term,B1,Business_Finance_Economy,Finance_Banking
10586,investigate,B1,Business_Finance_Economy,Finance_Banking
10587,investigate a crime,B1,Business_Finance_Economy,Finance_Banking
10588,investigate an arms deal,B1,Business_Finance_Economy,Finance_Banking
10589,investigates,B1,Business_Finance_Economy,Finance_Banking
10590,investigations,B1,Education,Academic_Study
10591,investment,B1,Business_Finance_Economy,Finance_Banking
10592,investor,B1,Business_Finance_Economy,Finance_Banking
10593,inveterate,B1,Business_Finance_Economy,Economy_Markets
10594,invidious,B1,Daily_Life,General_Interactions
10595,invigorate,B1,Business_Finance_Economy,Economy_Markets
10596,invincible,B1,Daily_Life,General_Interactions
10597,inviolable,B1,Science_Nature,Natural_Phenomena
10598,invisible,B1,Daily_Life,General_Interactions
10599,invite,B1,Daily_Life,General_Interactions
10600,invited,B1,Daily_Life,General_Interactions
10601,invoked,B1,Daily_Life,General_Interactions
10602,involuntary,B1,Daily_Life,General_Interactions
10603,involve,B1,Daily_Life,General_Interactions
10604,involved,B1,Daily_Life,General_Interactions
10605,involvement,B1,Daily_Life,General_Interactions
10606,involving,B1,Daily_Life,General_Interactions
10607,invulnerable,B1,Daily_Life,General_Interactions
10608,iota,B1,Daily_Life,General_Interactions
10609,irascible,B1,Daily_Life,General_Interactions
10610,irate,B1,Business_Finance_Economy,Economy_Markets
10611,ire,B1,Daily_Life,General_Interactions
10612,iridescent,B1,Daily_Life,General_Interactions
10613,iron,B1,Daily_Life,General_Interactions
10614,ironic,B1,Daily_Life,General_Interactions
10615,ironically,B1,Daily_Life,General_Interactions
10616,irony,B1,Daily_Life,General_Interactions
10617,irrational,B1,Daily_Life,General_Interactions
10618,irreconcilable,B1,Science_Nature,Natural_Phenomena
10619,irrecoverable,B1,Health_Medicine,Healthcare_Hospital
10620,irrefutable,B1,Daily_Life,General_Interactions
10621,irregular,B1,Daily_Life,Routine_Activities
10622,irrelevant,B1,Daily_Life,General_Interactions
10623,irreparable,B1,Daily_Life,General_Interactions
10624,irrepressible,B1,Communication_Media_Arts,Media_Journalism
10625,irreproachable,B1,Daily_Life,General_Interactions
10626,irresolute,B1,Daily_Life,General_Interactions
10627,irreverent,B1,Daily_Life,Home_Housing
10628,irreversible climate change,B1,Science_Nature,Environment_Ecology
10629,irrevocable,B1,Daily_Life,General_Interactions
10630,irritated,B1,Daily_Life,General_Interactions
10631,irritation,B1,Daily_Life,General_Interactions
10632,isolate,B1,Daily_Life,General_Interactions
10633,isolation,B1,Daily_Life,General_Interactions
10634,isotope,B1,Daily_Life,General_Interactions
10635,issue,B1,Daily_Life,General_Interactions
10636,issue a denial,B1,Daily_Life,General_Interactions
10637,issued,B1,Daily_Life,General_Interactions
10638,issues,B1,Daily_Life,General_Interactions
10639,it goes without saying,B1,Communication_Media_Arts,Speaking_Expressions
10640,it is my firm conviction,B1,Daily_Life,General_Interactions
10641,it is the snake's breeding season,B1,Daily_Life,General_Interactions
10642,it would make a change,B1,Daily_Life,General_Interactions
10643,item,B1,Daily_Life,General_Interactions
10644,item of information,B1,Daily_Life,General_Interactions
10645,itinerant,B1,Daily_Life,General_Interactions
10646,itself,B1,Psychology_Emotions,Feelings_Emotions
10647,jaded,B1,Daily_Life,General_Interactions
10648,jar,B1,Daily_Life,General_Interactions
10649,jaundice,B1,Daily_Life,General_Interactions
10650,jaunt,B1,Daily_Life,General_Interactions
10651,jaw,B1,Daily_Life,General_Interactions
10652,jealous,B1,Daily_Life,General_Interactions
10653,jenny,B1,Daily_Life,General_Interactions
10654,jeopardize,B1,Daily_Life,General_Interactions
10655,jeopardy,B1,Daily_Life,General_Interactions
10656,jet lag,B1,Daily_Life,General_Interactions
10657,jettison,B1,Daily_Life,General_Interactions
10658,jewellery,B1,Daily_Life,General_Interactions
10659,jewelry,B1,Daily_Life,General_Interactions
10660,jingoist,B1,Daily_Life,General_Interactions
10661,job,B1,Business_Finance_Economy,Jobs_Careers
10662,job fair,B1,Business_Finance_Economy,Jobs_Careers
10663,jocose,B1,Daily_Life,General_Interactions
10664,jocular,B1,Daily_Life,General_Interactions
10665,join,B1,Daily_Life,General_Interactions
10666,join (in) the festivities,B1,Daily_Life,General_Interactions
10667,join in the festivities,B1,Daily_Life,General_Interactions
10668,join the staff,B1,Daily_Life,General_Interactions
10669,joined,B1,Daily_Life,General_Interactions
10670,joining,B1,Daily_Life,General_Interactions
10671,joint effort,B1,Daily_Life,General_Interactions
10672,joke,B1,Daily_Life,General_Interactions
10673,joked,B1,Daily_Life,General_Interactions
10674,joking,B1,Daily_Life,General_Interactions
10675,jolt,B1,Daily_Life,General_Interactions
10676,jostle,B1,Daily_Life,General_Interactions
10677,jot down a number room,B1,Daily_Life,Home_Housing
10678,jot down a phone number,B1,Technology_Digital,Devices_Hardware
10679,jot down a room number,B1,Daily_Life,Home_Housing
10680,jot down an address,B1,Daily_Life,General_Interactions
10681,journal,B1,Communication_Media_Arts,Speaking_Expressions
10682,journey,B1,Travel_Transportation,Road_Travel
10683,jovial,B1,Daily_Life,General_Interactions
10684,joy,B1,Psychology_Emotions,Feelings_Emotions
10685,jubilation,B1,Daily_Life,General_Interactions
10686,judge,B1,Society_Law_Politics,Law_Crime
10687,judge someone harshly,B1,Society_Law_Politics,Law_Crime
10688,judging,B1,Daily_Life,General_Interactions
10689,judicious,B1,Daily_Life,General_Interactions
10690,juggernaut,B1,Daily_Life,General_Interactions
10691,juicy gossip,B1,Daily_Life,General_Interactions
10692,jump,B1,Daily_Life,General_Interactions
10693,jump at the chance,B1,Daily_Life,General_Interactions
10694,jump for joy,B1,Psychology_Emotions,Feelings_Emotions
10695,jump to a conclusion,B1,Daily_Life,General_Interactions
10696,jump to conclusions,B1,Daily_Life,General_Interactions
10697,jumped,B1,Daily_Life,General_Interactions
10698,jumping,B1,Daily_Life,General_Interactions
10699,junction,B1,Daily_Life,General_Interactions
10700,juncture,B1,Daily_Life,General_Interactions
10701,jungle-dad,B1,Daily_Life,General_Interactions
10702,junk,B1,Daily_Life,General_Interactions
10703,junta,B1,Daily_Life,General_Interactions
10704,jurisprudence,B1,Daily_Life,General_Interactions
10705,jurors,B1,Daily_Life,General_Interactions
10706,just,B1,Daily_Life,General_Interactions
10707,justice,B1,Society_Law_Politics,Law_Crime
10708,justice is served,B1,Society_Law_Politics,Law_Crime
10709,justification,B1,Daily_Life,General_Interactions
10710,justified,B1,Daily_Life,General_Interactions
10711,justly,B1,Daily_Life,General_Interactions
10712,juvenile,B1,Daily_Life,General_Interactions
10713,juvenile delinquent,B1,Daily_Life,General_Interactions
10714,kaleidoscope,B1,Daily_Life,General_Interactions
10715,keen,B1,Daily_Life,General_Interactions
10716,keen interest,B1,Daily_Life,General_Interactions
10717,keep,B1,Daily_Life,General_Interactions
10718,keep a promise,B1,Daily_Life,General_Interactions
10719,keep afloat,B1,Daily_Life,General_Interactions
10720,keep in shape,B1,Daily_Life,General_Interactions
10721,keep someone on their toes,B1,Daily_Life,General_Interactions
10722,keep tune to,B1,Daily_Life,General_Interactions
10723,keep up a foreign language,B1,Communication_Media_Arts,Writing_Language
10724,keep up the tradition,B1,Daily_Life,General_Interactions
10725,keep your balance,B1,Psychology_Emotions,Stress_Mental_State
10726,keep your eyes peeled,B1,Daily_Life,General_Interactions
10727,keeper,B1,Daily_Life,General_Interactions
10728,keeping,B1,Daily_Life,General_Interactions
10729,kept,B1,Daily_Life,General_Interactions
10730,kernel,B1,Daily_Life,General_Interactions
10731,kettle,B1,Daily_Life,General_Interactions
10732,key,B1,Daily_Life,General_Interactions
10733,keyboard,B1,Daily_Life,General_Interactions
10734,keynote,B1,Daily_Life,General_Interactions
10735,kick up a fuss,B1,Daily_Life,General_Interactions
10736,kill,B1,Health_Medicine,Healthcare_Hospital
10737,killed,B1,Health_Medicine,Healthcare_Hospital
10738,killing,B1,Health_Medicine,Healthcare_Hospital
10739,kiln,B1,Daily_Life,General_Interactions
10740,kilogram,B1,Daily_Life,General_Interactions
10741,kilometer,B1,Daily_Life,General_Interactions
10742,kilometre,B1,Daily_Life,General_Interactions
10743,kin,B1,Daily_Life,General_Interactions
10744,kind,B1,Psychology_Emotions,Personality
10745,kindle,B1,Psychology_Emotions,Personality
10746,kinetic,B1,Daily_Life,General_Interactions
10747,kingdom,B1,Daily_Life,General_Interactions
10748,kismet,B1,Daily_Life,General_Interactions
10749,kleptomania,B1,Daily_Life,General_Interactions
10750,knack,B1,Daily_Life,General_Interactions
10751,knead,B1,Daily_Life,General_Interactions
10752,knell,B1,Daily_Life,General_Interactions
10753,knitting,B1,Daily_Life,General_Interactions
10754,knob of butter,B1,Daily_Life,General_Interactions
10755,knocking,B1,Daily_Life,General_Interactions
10756,knoll,B1,Daily_Life,General_Interactions
10757,knot,B1,Daily_Life,General_Interactions
10758,knotty,B1,Daily_Life,General_Interactions
10759,know,B1,Daily_Life,General_Interactions
10760,know the feeling,B1,Psychology_Emotions,Feelings_Emotions
10761,known,B1,Daily_Life,General_Interactions
10762,kowtow,B1,Daily_Life,General_Interactions
10763,lab,B1,Science_Nature,Natural_Phenomena
10764,label,B1,Science_Nature,Natural_Phenomena
10765,labeled,B1,Science_Nature,Natural_Phenomena
10766,labor,B1,Science_Nature,Natural_Phenomena
10767,labor-intensive,B1,Science_Nature,Natural_Phenomena
10768,laboratory,B1,Science_Nature,Natural_Phenomena
10769,labyrinth,B1,Science_Nature,Natural_Phenomena
10770,lacerate,B1,Business_Finance_Economy,Economy_Markets
10771,lachrymose,B1,Daily_Life,General_Interactions
10772,lack experience,B1,Daily_Life,General_Interactions
10773,lack of judgement,B1,Society_Law_Politics,Law_Crime
10774,lackadaisical,B1,Technology_Digital,Artificial_Intelligence
10775,lacked,B1,Daily_Life,General_Interactions
10776,laconic,B1,Daily_Life,General_Interactions
10777,lading,B1,Daily_Life,General_Interactions
10778,laggard,B1,Daily_Life,General_Interactions
10779,laid,B1,Technology_Digital,Artificial_Intelligence
10780,lament,B1,Daily_Life,General_Interactions
10781,lampoon,B1,Daily_Life,General_Interactions
10782,land,B1,Daily_Life,General_Interactions
10783,land a job,B1,Business_Finance_Economy,Jobs_Careers
10784,land-use,B1,Daily_Life,General_Interactions
10785,landed,B1,Daily_Life,General_Interactions
10786,landing,B1,Travel_Transportation,Air_Travel
10787,landmarks,B1,Travel_Transportation,Navigation_Directions
10788,landscape,B1,Daily_Life,General_Interactions
10789,language,B1,Communication_Media_Arts,Writing_Language
10790,languid,B1,Daily_Life,General_Interactions
10791,languish,B1,Daily_Life,General_Interactions
10792,lantern,B1,Daily_Life,General_Interactions
10793,lap,B1,Daily_Life,General_Interactions
10794,lapse of judgement,B1,Society_Law_Politics,Law_Crime
10795,larceny,B1,Daily_Life,General_Interactions
10796,large,B1,Daily_Life,General_Interactions
10797,large percentage,B1,Daily_Life,General_Interactions
10798,largely,B1,Daily_Life,General_Interactions
10799,larger,B1,Daily_Life,General_Interactions
10800,largess,B1,Daily_Life,General_Interactions
10801,largest,B1,Daily_Life,General_Interactions
10802,lascivious,B1,Daily_Life,General_Interactions
10803,lassitude,B1,Daily_Life,General_Interactions
10804,last,B1,Daily_Life,General_Interactions
10805,lasted,B1,Daily_Life,General_Interactions
10806,lasting contribution,B1,Daily_Life,General_Interactions
10807,lasting impression,B1,Communication_Media_Arts,Media_Journalism
10808,latent,B1,Daily_Life,General_Interactions
10809,later,B1,Daily_Life,General_Interactions
10810,lateral,B1,Daily_Life,General_Interactions
10811,latest,B1,Education,Exams_Assessments
10812,latitude,B1,Daily_Life,General_Interactions
10813,laud,B1,Daily_Life,General_Interactions
10814,laudable,B1,Daily_Life,General_Interactions
10815,laugh,B1,Daily_Life,General_Interactions
10816,laughable idea,B1,Daily_Life,General_Interactions
10817,launch a counter-attack,B1,Daily_Life,General_Interactions
10818,launch a new collection,B1,Daily_Life,General_Interactions
10819,launch a scheme,B1,Daily_Life,General_Interactions
10820,launched,B1,Daily_Life,General_Interactions
10821,lava,B1,Daily_Life,General_Interactions
10822,lavish,B1,Daily_Life,General_Interactions
10823,lavish lifestyle,B1,Science_Nature,Biology_Life_Sciences
10824,law and order break down,B1,Society_Law_Politics,Law_Crime
10825,law and order breaks down,B1,Society_Law_Politics,Law_Crime
10826,lax,B1,Daily_Life,General_Interactions
10827,lay,B1,Daily_Life,General_Interactions
10828,lay off staff,B1,Daily_Life,General_Interactions
10829,lay out the results,B1,Daily_Life,General_Interactions
10830,layer,B1,Daily_Life,General_Interactions
10831,layered,B1,Daily_Life,General_Interactions
10832,layers,B1,Daily_Life,General_Interactions
10833,layout,B1,Daily_Life,General_Interactions
10834,lead,B1,Daily_Life,General_Interactions
10835,lead a seminar,B1,Daily_Life,General_Interactions
10836,leader,B1,Daily_Life,General_Interactions
10837,leaders,B1,Daily_Life,General_Interactions
10838,leading,B1,Daily_Life,General_Interactions
10839,leading authority,B1,Daily_Life,General_Interactions
10840,leads,B1,Daily_Life,General_Interactions
10841,leaf,B1,Daily_Life,General_Interactions
10842,leafy suburbs,B1,Daily_Life,General_Interactions
10843,learn,B1,Education,Learning_Skills
10844,learn by heart,B1,Education,Learning_Skills
10845,learner,B1,Education,Learning_Skills
10846,learning,B1,Education,Learning_Skills
10847,learnt,B1,Education,Learning_Skills
10848,leased,B1,Daily_Life,General_Interactions
10849,leasing,B1,Communication_Media_Arts,Speaking_Expressions
10850,least,B1,Daily_Life,General_Interactions
10851,leave,B1,Daily_Life,General_Interactions
10852,leave room,B1,Daily_Life,Home_Housing
10853,leave something to someone's discretion,B1,Daily_Life,General_Interactions
10854,leave unchecked,B1,Daily_Life,General_Interactions
10855,leaving,B1,Daily_Life,General_Interactions
10856,lecherous,B1,Daily_Life,General_Interactions
10857,lectern,B1,Daily_Life,General_Interactions
10858,led,B1,Daily_Life,General_Interactions
10859,left,B1,Daily_Life,General_Interactions
10860,left-hand,B1,Daily_Life,General_Interactions
10861,leftover,B1,Daily_Life,General_Interactions
10862,leg of a journey,B1,Travel_Transportation,Road_Travel
10863,legacy,B1,Daily_Life,General_Interactions
10864,legal,B1,Society_Law_Politics,Law_Crime
10865,legend,B1,Daily_Life,General_Interactions
10866,legendary,B1,Daily_Life,General_Interactions
10867,legible,B1,Daily_Life,General_Interactions
10868,legion,B1,Daily_Life,General_Interactions
10869,legislate,B1,Daily_Life,General_Interactions
10870,legislation,B1,Daily_Life,General_Interactions
10871,legitimacy,B1,Daily_Life,General_Interactions
10872,legitimately,B1,Daily_Life,General_Interactions
10873,leisure,B1,Daily_Life,General_Interactions
10874,leisurely,B1,Daily_Life,General_Interactions
10875,lend,B1,Daily_Life,General_Interactions
10876,lengthy delays,B1,Daily_Life,General_Interactions
10877,lengthy tailbacks,B1,Technology_Digital,Artificial_Intelligence
10878,lenient,B1,Daily_Life,General_Interactions
10879,lens,B1,Daily_Life,General_Interactions
10880,lenses,B1,Daily_Life,General_Interactions
10881,leonine,B1,Daily_Life,General_Interactions
10882,lessons,B1,Daily_Life,General_Interactions
10883,let,B1,Daily_Life,General_Interactions
10884,let out a cry,B1,Daily_Life,General_Interactions
10885,let someone in on the secrets,B1,Daily_Life,General_Interactions
10886,let someone out of your sight,B1,Daily_Life,General_Interactions
10887,lethal,B1,Daily_Life,General_Interactions
10888,letting,B1,Daily_Life,General_Interactions
10889,levee,B1,Daily_Life,General_Interactions
10890,level,B1,Daily_Life,General_Interactions
10891,levelled,B1,Daily_Life,General_Interactions
10892,levels,B1,Daily_Life,General_Interactions
10893,lever,B1,Daily_Life,General_Interactions
10894,levity,B1,Daily_Life,General_Interactions
10895,levy,B1,Daily_Life,General_Interactions
10896,levy a tax,B1,Society_Law_Politics,Public_Policies
10897,lexicographer,B1,Daily_Life,General_Interactions
10898,liable,B1,Daily_Life,General_Interactions
10899,libel,B1,Daily_Life,General_Interactions
10900,libertine,B1,Daily_Life,General_Interactions
10901,libidinous,B1,Daily_Life,General_Interactions
10902,libretto,B1,Daily_Life,General_Interactions
10903,license,B1,Daily_Life,General_Interactions
10904,licentious,B1,Daily_Life,General_Interactions
10905,lick of paint,B1,Health_Medicine,Illness_Diseases
10906,lid,B1,Daily_Life,General_Interactions
10907,lie,B1,Daily_Life,General_Interactions
10908,lien,B1,Daily_Life,General_Interactions
10909,life,B1,Science_Nature,Biology_Life_Sciences
10910,life is turned upside-down,B1,Science_Nature,Biology_Life_Sciences
10911,lifelong ambition,B1,Science_Nature,Biology_Life_Sciences
10912,lifelong friends,B1,Science_Nature,Biology_Life_Sciences
10913,lifespan,B1,Science_Nature,Biology_Life_Sciences
10914,lifestyle,B1,Science_Nature,Biology_Life_Sciences
10915,lifestyles,B1,Science_Nature,Biology_Life_Sciences
10916,lift,B1,Daily_Life,General_Interactions
10917,lift a blockade,B1,Daily_Life,General_Interactions
10918,lifted,B1,Daily_Life,General_Interactions
10919,lifting,B1,Daily_Life,General_Interactions
10920,light reading,B1,Communication_Media_Arts,Speaking_Expressions
10921,light-coloured,B1,Daily_Life,General_Interactions
10922,light-grey,B1,Daily_Life,General_Interactions
10923,lighter,B1,Daily_Life,General_Interactions
10924,lighting,B1,Daily_Life,General_Interactions
10925,like-minded,B1,Health_Medicine,Mental_Health
10926,liked,B1,Technology_Digital,Social_Media
10927,likelihood,B1,Technology_Digital,Social_Media
10928,likely,B1,Technology_Digital,Social_Media
10929,liken,B1,Technology_Digital,Social_Media
10930,likewise,B1,Technology_Digital,Social_Media
10931,limbs,B1,Daily_Life,General_Interactions
10932,lime,B1,Daily_Life,General_Interactions
10933,limit,B1,Daily_Life,General_Interactions
10934,limitations,B1,Daily_Life,General_Interactions
10935,limited,B1,Daily_Life,General_Interactions
10936,limn,B1,Daily_Life,General_Interactions
10937,limpid,B1,Daily_Life,General_Interactions
10938,line,B1,Daily_Life,General_Interactions
10939,lineage,B1,Daily_Life,General_Interactions
10940,linen,B1,Daily_Life,General_Interactions
10941,linger,B1,Daily_Life,General_Interactions
10942,linguistic,B1,Daily_Life,General_Interactions
10943,liniment,B1,Daily_Life,General_Interactions
10944,link,B1,Daily_Life,General_Interactions
10945,linked,B1,Daily_Life,General_Interactions
10946,linking,B1,Daily_Life,General_Interactions
10947,lionize,B1,Daily_Life,General_Interactions
10948,lip,B1,Daily_Life,General_Interactions
10949,liquid,B1,Daily_Life,General_Interactions
10950,liquidate,B1,Daily_Life,General_Interactions
10951,list,B1,Daily_Life,General_Interactions
10952,listed,B1,Daily_Life,General_Interactions
10953,listened,B1,Daily_Life,General_Interactions
10954,listener,B1,Daily_Life,General_Interactions
10955,listening,B1,Daily_Life,General_Interactions
10956,listing,B1,Daily_Life,General_Interactions
10957,listless,B1,Daily_Life,General_Interactions
10958,lit,B1,Daily_Life,General_Interactions
10959,litany,B1,Daily_Life,General_Interactions
10960,literal,B1,Daily_Life,General_Interactions
10961,literati,B1,Daily_Life,General_Interactions
10962,literature review,B1,Daily_Life,General_Interactions
10963,lithe,B1,Daily_Life,General_Interactions
10964,lithification,B1,Daily_Life,General_Interactions
10965,litigant,B1,Daily_Life,General_Interactions
10966,litigation,B1,Daily_Life,General_Interactions
10967,litigious,B1,Daily_Life,General_Interactions
10968,litotes,B1,Daily_Life,General_Interactions
10969,litter,B1,Daily_Life,General_Interactions
10970,little,B1,Daily_Life,General_Interactions
10971,little short miraculous,B1,Daily_Life,General_Interactions
10972,live,B1,Daily_Life,General_Interactions
10973,live a comfortable life,B1,Science_Nature,Biology_Life_Sciences
10974,live up to expectations,B1,Daily_Life,General_Interactions
10975,lived,B1,Daily_Life,General_Interactions
10976,livelihood,B1,Daily_Life,General_Interactions
10977,livid,B1,Daily_Life,General_Interactions
10978,living,B1,Daily_Life,General_Interactions
10979,living wage,B1,Daily_Life,General_Interactions
10980,load,B1,Daily_Life,General_Interactions
10981,loading,B1,Daily_Life,General_Interactions
10982,loath,B1,Daily_Life,General_Interactions
10983,loathe,B1,Daily_Life,General_Interactions
10984,lobby,B1,Daily_Life,General_Interactions
10985,local,B1,Daily_Life,General_Interactions
10986,local transport links/services,B1,Health_Medicine,Fitness_Exercise
10987,locale,B1,Daily_Life,General_Interactions
10988,localization,B1,Daily_Life,General_Interactions
10989,localized,B1,Daily_Life,General_Interactions
10990,locals,B1,Daily_Life,General_Interactions
10991,locate,B1,Daily_Life,General_Interactions
10992,located,B1,Daily_Life,General_Interactions
10993,locating,B1,Daily_Life,General_Interactions
10994,location,B1,Travel_Transportation,Navigation_Directions
10995,lock,B1,Daily_Life,General_Interactions
10996,locked,B1,Daily_Life,General_Interactions
10997,locker,B1,Daily_Life,General_Interactions
10998,lockers,B1,Daily_Life,General_Interactions
10999,locution,B1,Daily_Life,General_Interactions
11000,lodge a complaint,B1,Technology_Digital,Artificial_Intelligence
11001,lodging,B1,Daily_Life,General_Interactions
11002,logical,B1,Daily_Life,General_Interactions
11003,logistics,B1,Daily_Life,General_Interactions
11004,logo,B1,Daily_Life,General_Interactions
11005,loiter,B1,Daily_Life,General_Interactions
11006,loll,B1,Daily_Life,General_Interactions
11007,lonely,B1,Daily_Life,General_Interactions
11008,long,B1,Daily_Life,General_Interactions
11009,long opening hours,B1,Daily_Life,Time_Management
11010,long-lasting color,B1,Daily_Life,General_Interactions
11011,long-lasting colour,B1,Daily_Life,General_Interactions
11012,long-standing tradition,B1,Daily_Life,General_Interactions
11013,long-term,B1,Daily_Life,General_Interactions
11014,long-term relationship,B1,Daily_Life,General_Interactions
11015,long-term solution,B1,Daily_Life,General_Interactions
11016,longer,B1,Daily_Life,General_Interactions
11017,longest,B1,Daily_Life,General_Interactions
11018,longest-distance,B1,Daily_Life,General_Interactions
11019,longevity,B1,Daily_Life,General_Interactions
11020,longing,B1,Daily_Life,General_Interactions
11021,look into a crime,B1,Society_Law_Politics,Law_Crime
11022,look into an arms deal,B1,Daily_Life,General_Interactions
11023,look your age,B1,Daily_Life,General_Interactions
11024,looked,B1,Daily_Life,General_Interactions
11025,looking,B1,Daily_Life,General_Interactions
11026,loop,B1,Daily_Life,General_Interactions
11027,loose,B1,Daily_Life,General_Interactions
11028,loosely based on,B1,Daily_Life,General_Interactions
11029,lope,B1,Daily_Life,General_Interactions
11030,loquacious,B1,Daily_Life,General_Interactions
11031,lose,B1,Daily_Life,General_Interactions
11032,lose an argument,B1,Communication_Media_Arts,Opinion_Discussion
11033,lose your livelihood,B1,Daily_Life,General_Interactions
11034,lose your voice,B1,Communication_Media_Arts,Speaking_Expressions
11035,losing,B1,Communication_Media_Arts,Speaking_Expressions
11036,loss,B1,Business_Finance_Economy,Finance_Banking
11037,lost,B1,Daily_Life,General_Interactions
11038,lottery,B1,Daily_Life,General_Interactions
11039,loudly,B1,Daily_Life,General_Interactions
11040,loved,B1,Psychology_Emotions,Feelings_Emotions
11041,low,B1,Daily_Life,General_Interactions
11042,low-cost,B1,Business_Finance_Economy,Economy_Markets
11043,low-cost airline,B1,Business_Finance_Economy,Economy_Markets
11044,low-income family,B1,Daily_Life,General_Interactions
11045,lower,B1,Daily_Life,General_Interactions
11046,lowered,B1,Daily_Life,General_Interactions
11047,lowering,B1,Daily_Life,General_Interactions
11048,lowest,B1,Daily_Life,General_Interactions
11049,loyal,B1,Daily_Life,General_Interactions
11050,loyalty,B1,Daily_Life,General_Interactions
11051,lucid,B1,Daily_Life,General_Interactions
11052,lucky,B1,Daily_Life,General_Interactions
11053,lucrative,B1,Daily_Life,General_Interactions
11054,ludicrous,B1,Daily_Life,General_Interactions
11055,lug,B1,Daily_Life,General_Interactions
11056,lugubrious,B1,Daily_Life,General_Interactions
11057,lull,B1,Daily_Life,General_Interactions
11058,lull in the fighting,B1,Daily_Life,General_Interactions
11059,lull someone to sleep,B1,Health_Medicine,Healthcare_Hospital
11060,luminary,B1,Daily_Life,General_Interactions
11061,luminosity,B1,Daily_Life,General_Interactions
11062,luminous,B1,Daily_Life,General_Interactions
11063,lunatic,B1,Daily_Life,General_Interactions
11064,lung,B1,Daily_Life,General_Interactions
11065,lungs,B1,Daily_Life,General_Interactions
11066,lurid,B1,Daily_Life,General_Interactions
11067,luxuriant,B1,Daily_Life,General_Interactions
11068,luxury,B1,Daily_Life,General_Interactions
11069,luxury cream,B1,Daily_Life,General_Interactions
11070,lying,B1,Daily_Life,General_Interactions
11071,machine,B1,Daily_Life,General_Interactions
11072,macrosystem,B1,Technology_Digital,Software_Internet
11073,made,B1,Daily_Life,General_Interactions
11074,magic,B1,Daily_Life,General_Interactions
11075,magnanimous,B1,Daily_Life,General_Interactions
11076,magnate,B1,Daily_Life,General_Interactions
11077,magnetic,B1,Daily_Life,General_Interactions
11078,magnify,B1,Daily_Life,General_Interactions
11079,main,B1,Technology_Digital,Artificial_Intelligence
11080,mainland,B1,Technology_Digital,Artificial_Intelligence
11081,mainly,B1,Technology_Digital,Artificial_Intelligence
11082,maintain quality,B1,Technology_Digital,Artificial_Intelligence
11083,maintaining,B1,Technology_Digital,Artificial_Intelligence
11084,maize,B1,Technology_Digital,Artificial_Intelligence
11085,majestic,B1,Daily_Life,General_Interactions
11086,major,B1,Daily_Life,General_Interactions
11087,majority,B1,Daily_Life,General_Interactions
11088,make,B1,Daily_Life,General_Interactions
11089,make a complaint,B1,Technology_Digital,Artificial_Intelligence
11090,make a difference,B1,Daily_Life,General_Interactions
11091,make a discovery,B1,Science_Nature,Natural_Phenomena
11092,make a full recovery,B1,Health_Medicine,Healthcare_Hospital
11093,make a habit of,B1,Psychology_Emotions,Behavior
11094,make a living,B1,Daily_Life,General_Interactions
11095,make a payment,B1,Business_Finance_Economy,Business_Management
11096,make a plea,B1,Daily_Life,General_Interactions
11097,make a proposal,B1,Daily_Life,General_Interactions
11098,make a relationship work,B1,Business_Finance_Economy,Jobs_Careers
11099,make a stand against,B1,Technology_Digital,Artificial_Intelligence
11100,make a success of,B1,Daily_Life,General_Interactions
11101,make an apology,B1,Daily_Life,General_Interactions
11102,make an attempt,B1,Daily_Life,General_Interactions
11103,make an escape,B1,Daily_Life,General_Interactions
11104,make an offer,B1,Daily_Life,General_Interactions
11105,make arrangements,B1,Daily_Life,General_Interactions
11106,make calculations,B1,Daily_Life,General_Interactions
11107,make enemies,B1,Daily_Life,General_Interactions
11108,make for room,B1,Daily_Life,Home_Housing
11109,make friens,B1,Daily_Life,General_Interactions
11110,make mistakes,B1,Daily_Life,General_Interactions
11111,make plans,B1,Daily_Life,General_Interactions
11112,make room for,B1,Daily_Life,Home_Housing
11113,make some suggestions,B1,Daily_Life,General_Interactions
11114,make someone welcome,B1,Daily_Life,General_Interactions
11115,make someone's acquaintance,B1,Technology_Digital,Artificial_Intelligence
11116,make sound business sense,B1,Business_Finance_Economy,Business_Management
11117,make the case for,B1,Daily_Life,General_Interactions
11118,make their way,B1,Daily_Life,General_Interactions
11119,make-up,B1,Daily_Life,General_Interactions
11120,makeup,B1,Daily_Life,General_Interactions
11121,making,B1,Daily_Life,General_Interactions
11122,malapropism,B1,Daily_Life,General_Interactions
11123,male,B1,Daily_Life,General_Interactions
11124,malevolent,B1,Daily_Life,General_Interactions
11125,malign,B1,Daily_Life,General_Interactions
11126,malleable,B1,Daily_Life,General_Interactions
11127,manage,B1,Daily_Life,General_Interactions
11128,manageable chunk,B1,Daily_Life,General_Interactions
11129,managed,B1,Daily_Life,General_Interactions
11130,manager,B1,Daily_Life,General_Interactions
11131,managing,B1,Daily_Life,General_Interactions
11132,mandate,B1,Daily_Life,General_Interactions
11133,mandating,B1,Daily_Life,General_Interactions
11134,maneuver,B1,Daily_Life,General_Interactions
11135,manifest,B1,Daily_Life,General_Interactions
11136,manifestation,B1,Travel_Transportation,Public_Transport
11137,manipulate,B1,Daily_Life,General_Interactions
11138,manner,B1,Psychology_Emotions,Behavior
11139,mansion,B1,Daily_Life,General_Interactions
11140,manufacturing,B1,Psychology_Emotions,Behavior
11141,manuscripts,B1,Daily_Life,General_Interactions
11142,map,B1,Travel_Transportation,Navigation_Directions
11143,mapped,B1,Travel_Transportation,Navigation_Directions
11144,marathon,B1,Daily_Life,General_Interactions
11145,marble,B1,Daily_Life,General_Interactions
11146,march,B1,Daily_Life,General_Interactions
11147,margin,B1,Daily_Life,General_Interactions
11148,marine,B1,Daily_Life,General_Interactions
11149,marital,B1,Daily_Life,General_Interactions
11150,maritime,B1,Daily_Life,Time_Management
11151,mark,B1,Daily_Life,General_Interactions
11152,marked,B1,Daily_Life,General_Interactions
11153,marked improvement,B1,Daily_Life,General_Interactions
11154,markedly,B1,Daily_Life,General_Interactions
11155,market,B1,Business_Finance_Economy,Economy_Markets
11156,market segmentation,B1,Business_Finance_Economy,Economy_Markets
11157,market share,B1,Business_Finance_Economy,Economy_Markets
11158,marketing,B1,Business_Finance_Economy,Economy_Markets
11159,marketing campaign,B1,Business_Finance_Economy,Economy_Markets
11160,markets,B1,Business_Finance_Economy,Economy_Markets
11161,markings,B1,Daily_Life,General_Interactions
11162,marriage,B1,Daily_Life,General_Interactions
11163,married,B1,Daily_Life,General_Interactions
11164,martial,B1,Communication_Media_Arts,Arts_Creativity
11165,marvelously,B1,Daily_Life,General_Interactions
11166,mask,B1,Daily_Life,General_Interactions
11167,massive,B1,Daily_Life,General_Interactions
11168,massive heart attack,B1,Communication_Media_Arts,Arts_Creativity
11169,massive overdose,B1,Daily_Life,General_Interactions
11170,master new skills,B1,Education,Learning_Skills
11171,mastery,B1,Daily_Life,General_Interactions
11172,match,B1,Daily_Life,General_Interactions
11173,matched,B1,Daily_Life,General_Interactions
11174,matches,B1,Daily_Life,General_Interactions
11175,matching,B1,Daily_Life,General_Interactions
11176,mate,B1,Daily_Life,General_Interactions
11177,material,B1,Daily_Life,General_Interactions
11178,materialize,B1,Daily_Life,General_Interactions
11179,maternity leave,B1,Daily_Life,General_Interactions
11180,mating,B1,Daily_Life,General_Interactions
11181,matter,B1,Daily_Life,General_Interactions
11182,mature,B1,Daily_Life,General_Interactions
11183,mature student,B1,Education,Classroom_Interaction
11184,mawkish,B1,Daily_Life,General_Interactions
11185,maxim,B1,Daily_Life,General_Interactions
11186,maximization,B1,Daily_Life,General_Interactions
11187,maximum,B1,Daily_Life,General_Interactions
11188,meager,B1,Daily_Life,General_Interactions
11189,mean,B1,Daily_Life,General_Interactions
11190,meander,B1,Daily_Life,General_Interactions
11191,meaning,B1,Daily_Life,General_Interactions
11192,meant,B1,Daily_Life,General_Interactions
11193,meanwhile,B1,Daily_Life,General_Interactions
11194,measurable,B1,Daily_Life,General_Interactions
11195,measure,B1,Daily_Life,General_Interactions
11196,measured,B1,Daily_Life,General_Interactions
11197,measures,B1,Daily_Life,General_Interactions
11198,mechanical,B1,Daily_Life,General_Interactions
11199,mechanics,B1,Daily_Life,General_Interactions
11200,mechanism,B1,Daily_Life,General_Interactions
11201,mechanisms,B1,Daily_Life,General_Interactions
11202,medal,B1,Daily_Life,General_Interactions
11203,media,B1,Communication_Media_Arts,Media_Journalism
11204,mediate,B1,Communication_Media_Arts,Media_Journalism
11205,medical,B1,Daily_Life,General_Interactions
11206,medieval,B1,Daily_Life,General_Interactions
11207,meditation,B1,Daily_Life,General_Interactions
11208,medium-sized,B1,Daily_Life,General_Interactions
11209,meet,B1,Daily_Life,General_Interactions
11210,meet a target,B1,Daily_Life,General_Interactions
11211,meet the challenges,B1,Daily_Life,General_Interactions
11212,meet the entry requirements,B1,Daily_Life,General_Interactions
11213,meet with a stony silence,B1,Daily_Life,General_Interactions
11214,meet with success,B1,Daily_Life,General_Interactions
11215,meeting,B1,Daily_Life,General_Interactions
11216,mellifluous,B1,Daily_Life,General_Interactions
11217,melt,B1,Daily_Life,General_Interactions
11218,melted,B1,Daily_Life,General_Interactions
11219,melting,B1,Daily_Life,General_Interactions
11220,member,B1,Daily_Life,General_Interactions
11221,member of staff,B1,Daily_Life,General_Interactions
11222,membership,B1,Daily_Life,General_Interactions
11223,memberships,B1,Daily_Life,General_Interactions
11224,menace,B1,Daily_Life,General_Interactions
11225,mend,B1,Daily_Life,General_Interactions
11226,mendacious,B1,Daily_Life,General_Interactions
11227,menial tasks,B1,Daily_Life,Routine_Activities
11228,mental,B1,Health_Medicine,Mental_Health
11229,mental agility,B1,Health_Medicine,Mental_Health
11230,mentioned,B1,Daily_Life,General_Interactions
11231,menu,B1,Daily_Life,General_Interactions
11232,mercury,B1,Daily_Life,General_Interactions
11233,mere subsistence,B1,Daily_Life,General_Interactions
11234,merely,B1,Daily_Life,General_Interactions
11235,merge,B1,Daily_Life,General_Interactions
11236,mesosystem,B1,Technology_Digital,Software_Internet
11237,message,B1,Daily_Life,General_Interactions
11238,met,B1,Daily_Life,General_Interactions
11239,metabolic,B1,Daily_Life,General_Interactions
11240,metallic,B1,Daily_Life,General_Interactions
11241,meteoric rise to fame,B1,Daily_Life,General_Interactions
11242,meteorologists,B1,Daily_Life,General_Interactions
11243,method,B1,Daily_Life,General_Interactions
11244,methodological,B1,Daily_Life,General_Interactions
11245,methodology,B1,Science_Nature,Research_Methods
11246,methods,B1,Daily_Life,General_Interactions
11247,meticulous,B1,Daily_Life,General_Interactions
11248,meticulously,B1,Daily_Life,General_Interactions
11249,metre,B1,Daily_Life,General_Interactions
11250,metric,B1,Daily_Life,General_Interactions
11251,mice,B1,Daily_Life,General_Interactions
11252,micro,B1,Daily_Life,General_Interactions
11253,microbial,B1,Daily_Life,General_Interactions
11254,microhabitat,B1,Psychology_Emotions,Behavior
11255,microorganism,B1,Science_Nature,Biology_Life_Sciences
11256,microorganisms,B1,Science_Nature,Biology_Life_Sciences
11257,microscopic,B1,Daily_Life,General_Interactions
11258,microsystem,B1,Technology_Digital,Software_Internet
11259,mid-nineteenth,B1,Daily_Life,General_Interactions
11260,middle,B1,Daily_Life,General_Interactions
11261,might,B1,Daily_Life,General_Interactions
11262,migrate,B1,Business_Finance_Economy,Economy_Markets
11263,mild,B1,Daily_Life,General_Interactions
11264,milder,B1,Daily_Life,General_Interactions
11265,mildly surprised,B1,Psychology_Emotions,Feelings_Emotions
11266,milestone,B1,Daily_Life,General_Interactions
11267,milestones,B1,Daily_Life,General_Interactions
11268,military,B1,Daily_Life,General_Interactions
11269,militate,B1,Daily_Life,General_Interactions
11270,mill,B1,Health_Medicine,Healthcare_Hospital
11271,millennia,B1,Health_Medicine,Healthcare_Hospital
11272,million,B1,Health_Medicine,Healthcare_Hospital
11273,mind,B1,Health_Medicine,Mental_Health
11274,mindfulness,B1,Health_Medicine,Mental_Health
11275,mindless violence,B1,Health_Medicine,Mental_Health
11276,mindset,B1,Health_Medicine,Mental_Health
11277,mine,B1,Daily_Life,General_Interactions
11278,mineral,B1,Daily_Life,General_Interactions
11279,miniature,B1,Daily_Life,General_Interactions
11280,minimal,B1,Daily_Life,General_Interactions
11281,minimalism,B1,Daily_Life,General_Interactions
11282,minimise a risk,B1,Business_Finance_Economy,Entrepreneurship
11283,minimise danger,B1,Daily_Life,General_Interactions
11284,minimize,B1,Daily_Life,General_Interactions
11285,ministry,B1,Daily_Life,General_Interactions
11286,minor,B1,Daily_Life,General_Interactions
11287,minor niggles,B1,Daily_Life,General_Interactions
11288,minority,B1,Daily_Life,General_Interactions
11289,minute,B1,Daily_Life,General_Interactions
11290,minutely,B1,Daily_Life,General_Interactions
11291,minutiae,B1,Daily_Life,General_Interactions
11292,misanthrope,B1,Daily_Life,General_Interactions
11293,miscarriage of justice,B1,Society_Law_Politics,Law_Crime
11294,misinformation,B1,Daily_Life,General_Interactions
11295,misinterpret,B1,Daily_Life,General_Interactions
11296,mislead the electorate,B1,Business_Finance_Economy,Economy_Markets
11297,misleading,B1,Daily_Life,General_Interactions
11298,misnomer,B1,Daily_Life,General_Interactions
11299,miss a penalty,B1,Daily_Life,General_Interactions
11300,missed,B1,Daily_Life,General_Interactions
11301,missing,B1,Communication_Media_Arts,Speaking_Expressions
11302,missions,B1,Daily_Life,General_Interactions
11303,mist,B1,Daily_Life,General_Interactions
11304,misunderstanding,B1,Daily_Life,General_Interactions
11305,mitigate,B1,Daily_Life,General_Interactions
11306,mitigating,B1,Daily_Life,General_Interactions
11307,mitigating circumstances,B1,Daily_Life,General_Interactions
11308,mitigating factor,B1,Psychology_Emotions,Behavior
11309,mix,B1,Daily_Life,General_Interactions
11310,mixed,B1,Daily_Life,General_Interactions
11311,mixer,B1,Daily_Life,General_Interactions
11312,mixture,B1,Daily_Life,General_Interactions
11313,mobile,B1,Technology_Digital,Software_Internet
11314,mock,B1,Daily_Life,General_Interactions
11315,mode,B1,Daily_Life,General_Interactions
11316,modeling,B1,Daily_Life,General_Interactions
11317,models,B1,Daily_Life,General_Interactions
11318,moderator,B1,Daily_Life,General_Interactions
11319,modern,B1,Daily_Life,General_Interactions
11320,modest,B1,Daily_Life,General_Interactions
11321,modest gain,B1,Technology_Digital,Artificial_Intelligence
11322,modest improvement,B1,Daily_Life,General_Interactions
11323,modest increase,B1,Daily_Life,General_Interactions
11324,modest recovery,B1,Health_Medicine,Healthcare_Hospital
11325,modestly,B1,Daily_Life,General_Interactions
11326,modicum,B1,Daily_Life,General_Interactions
11327,modification,B1,Daily_Life,General_Interactions
11328,modified,B1,Daily_Life,General_Interactions
11329,modifies,B1,Daily_Life,General_Interactions
11330,modulate,B1,Daily_Life,General_Interactions
11331,moist,B1,Daily_Life,General_Interactions
11332,moisture,B1,Daily_Life,General_Interactions
11333,mole,B1,Daily_Life,General_Interactions
11334,molecular,B1,Daily_Life,General_Interactions
11335,mollify,B1,Daily_Life,General_Interactions
11336,moment,B1,Daily_Life,General_Interactions
11337,momentous,B1,Daily_Life,General_Interactions
11338,money,B1,Business_Finance_Economy,Finance_Banking
11339,monitor,B1,Daily_Life,General_Interactions
11340,monitored,B1,Daily_Life,General_Interactions
11341,monk,B1,Daily_Life,General_Interactions
11342,monopolize,B1,Daily_Life,General_Interactions
11343,monopoly,B1,Daily_Life,General_Interactions
11344,monopoly in,B1,Daily_Life,General_Interactions
11345,monotone,B1,Daily_Life,General_Interactions
11346,monotonous,B1,Daily_Life,General_Interactions
11347,monster,B1,Daily_Life,General_Interactions
11348,month,B1,Daily_Life,General_Interactions
11349,monthly,B1,Daily_Life,General_Interactions
11350,monumental,B1,Health_Medicine,Mental_Health
11351,mood,B1,Health_Medicine,Mental_Health
11352,moody,B1,Health_Medicine,Mental_Health
11353,moon,B1,Daily_Life,General_Interactions
11354,moons,B1,Daily_Life,General_Interactions
11355,moose,B1,Daily_Life,General_Interactions
11356,moral,B1,Daily_Life,General_Interactions
11357,moratorium,B1,Daily_Life,General_Interactions
11358,more,B1,Daily_Life,General_Interactions
11359,more elaborate,B1,Business_Finance_Economy,Economy_Markets
11360,moreover,B1,Daily_Life,General_Interactions
11361,mores,B1,Daily_Life,General_Interactions
11362,morph,B1,Daily_Life,General_Interactions
11363,mortal,B1,Daily_Life,General_Interactions
11364,mortality,B1,Daily_Life,General_Interactions
11365,moth,B1,Daily_Life,General_Interactions
11366,mother,B1,Daily_Life,General_Interactions
11367,motif,B1,Daily_Life,General_Interactions
11368,motivation,B1,Psychology_Emotions,Motivation
11369,motor,B1,Daily_Life,General_Interactions
11370,motoring,B1,Daily_Life,General_Interactions
11371,mould,B1,Daily_Life,General_Interactions
11372,mount,B1,Daily_Life,General_Interactions
11373,mounted,B1,Daily_Life,General_Interactions
11374,mounting,B1,Daily_Life,General_Interactions
11375,mounting concern,B1,Daily_Life,General_Interactions
11376,mounting criticism,B1,Daily_Life,General_Interactions
11377,mounting fury,B1,Daily_Life,General_Interactions
11378,mouth,B1,Daily_Life,General_Interactions
11379,movable feast,B1,Daily_Life,General_Interactions
11380,move,B1,Daily_Life,General_Interactions
11381,move up the ladder,B1,Daily_Life,General_Interactions
11382,moved,B1,Daily_Life,General_Interactions
11383,movement,B1,Daily_Life,General_Interactions
11384,movements,B1,Daily_Life,General_Interactions
11385,moving,B1,Daily_Life,General_Interactions
11386,much,B1,Daily_Life,General_Interactions
11387,mud,B1,Daily_Life,General_Interactions
11388,muffled voice,B1,Communication_Media_Arts,Speaking_Expressions
11389,mulberry,B1,Daily_Life,General_Interactions
11390,multi-storey,B1,Daily_Life,Shopping_Everyday
11391,multiple,B1,Daily_Life,General_Interactions
11392,munificent,B1,Daily_Life,General_Interactions
11393,muscle,B1,Daily_Life,General_Interactions
11394,music,B1,Communication_Media_Arts,Arts_Creativity
11395,musical,B1,Communication_Media_Arts,Arts_Creativity
11396,musician,B1,Communication_Media_Arts,Arts_Creativity
11397,mustard,B1,Science_Nature,Natural_Phenomena
11398,mutter under your breath,B1,Health_Medicine,Healthcare_Hospital
11399,mutually,B1,Daily_Life,General_Interactions
11400,mutually exclusive,B1,Daily_Life,General_Interactions
11401,mycelium,B1,Daily_Life,General_Interactions
11402,myoelectric,B1,Daily_Life,General_Interactions
11403,myriad,B1,Daily_Life,General_Interactions
11404,mystery,B1,Daily_Life,General_Interactions
11405,nadir,B1,Daily_Life,General_Interactions
11406,nagging doubt,B1,Daily_Life,General_Interactions
11407,naive,B1,Technology_Digital,Artificial_Intelligence
11408,naked,B1,Daily_Life,General_Interactions
11409,named,B1,Daily_Life,General_Interactions
11410,narratives,B1,Daily_Life,General_Interactions
11411,narrow profit margins,B1,Business_Finance_Economy,Finance_Banking
11412,narrow the list down,B1,Daily_Life,General_Interactions
11413,nasal,B1,Daily_Life,General_Interactions
11414,nascent,B1,Daily_Life,General_Interactions
11415,nasty piece of work,B1,Business_Finance_Economy,Jobs_Careers
11416,nasty shock,B1,Daily_Life,General_Interactions
11417,nation,B1,Daily_Life,General_Interactions
11418,national,B1,Daily_Life,General_Interactions
11419,nationwide search,B1,Technology_Digital,Software_Internet
11420,native,B1,Daily_Life,General_Interactions
11421,natural,B1,Science_Nature,Natural_Phenomena
11422,natural highlights,B1,Science_Nature,Natural_Phenomena
11423,natural talent,B1,Science_Nature,Natural_Phenomena
11424,nature,B1,Science_Nature,Environment_Ecology
11425,navigate,B1,Travel_Transportation,Road_Travel
11426,navigation,B1,Travel_Transportation,Navigation_Directions
11427,navy,B1,Daily_Life,General_Interactions
11428,near completion,B1,Daily_Life,General_Interactions
11429,nearby,B1,Daily_Life,General_Interactions
11430,nearer,B1,Daily_Life,General_Interactions
11431,nearest,B1,Daily_Life,General_Interactions
11432,nearing,B1,Daily_Life,General_Interactions
11433,nearly,B1,Daily_Life,General_Interactions
11434,neatly,B1,Health_Medicine,Healthcare_Hospital
11435,necessarily,B1,Daily_Life,General_Interactions
11436,necessary groundwork,B1,Business_Finance_Economy,Jobs_Careers
11437,necessitated,B1,Daily_Life,General_Interactions
11438,necessity,B1,Daily_Life,General_Interactions
11439,neck,B1,Daily_Life,General_Interactions
11440,need,B1,Daily_Life,General_Interactions
11441,needed,B1,Daily_Life,General_Interactions
11442,needing,B1,Daily_Life,General_Interactions
11443,nefarious,B1,Daily_Life,General_Interactions
11444,negative,B1,Daily_Life,General_Interactions
11445,neglected,B1,Daily_Life,General_Interactions
11446,negligent,B1,Daily_Life,General_Interactions
11447,negotiate a settlement,B1,Daily_Life,General_Interactions
11448,neighbors,B1,Daily_Life,General_Interactions
11449,neighbourhood,B1,Daily_Life,General_Interactions
11450,neighbouring,B1,Daily_Life,General_Interactions
11451,nemesis,B1,Daily_Life,General_Interactions
11452,neologism,B1,Daily_Life,General_Interactions
11453,neophyte,B1,Daily_Life,General_Interactions
11454,nepotism,B1,Daily_Life,General_Interactions
11455,nerve,B1,Daily_Life,General_Interactions
11456,nervous,B1,Daily_Life,General_Interactions
11457,nest,B1,Daily_Life,General_Interactions
11458,network,B1,Business_Finance_Economy,Jobs_Careers
11459,network of contacts,B1,Business_Finance_Economy,Jobs_Careers
11460,neural,B1,Daily_Life,General_Interactions
11461,neuroscience,B1,Education,Academic_Study
11462,neutral,B1,Daily_Life,General_Interactions
11463,new,B1,Daily_Life,General_Interactions
11464,new season's look,B1,Daily_Life,General_Interactions
11465,newborn,B1,Daily_Life,General_Interactions
11466,newborn baby,B1,Daily_Life,General_Interactions
11467,newer,B1,Daily_Life,General_Interactions
11468,newest,B1,Daily_Life,General_Interactions
11469,newly,B1,Daily_Life,General_Interactions
11470,newly qualified,B1,Daily_Life,General_Interactions
11471,news travels fast,B1,Communication_Media_Arts,Media_Journalism
11472,next-day delivery,B1,Daily_Life,General_Interactions
11473,next-day service,B1,Daily_Life,General_Interactions
11474,nickel,B1,Daily_Life,General_Interactions
11475,night vision,B1,Daily_Life,General_Interactions
11476,night-time,B1,Daily_Life,Time_Management
11477,no wonder,B1,Daily_Life,General_Interactions
11478,nocturnal,B1,Daily_Life,General_Interactions
11479,noise,B1,Daily_Life,General_Interactions
11480,noisome,B1,Daily_Life,General_Interactions
11481,noisy,B1,Daily_Life,General_Interactions
11482,nominalism,B1,Daily_Life,General_Interactions
11483,non-human,B1,Daily_Life,General_Interactions
11484,non-invasive,B1,Daily_Life,General_Interactions
11485,non-stop,B1,Daily_Life,General_Interactions
11486,nonchalant,B1,Daily_Life,General_Interactions
11487,nondescript,B1,Daily_Life,General_Interactions
11488,nonetheless,B1,Daily_Life,General_Interactions
11489,noon,B1,Daily_Life,General_Interactions
11490,norm,B1,Daily_Life,General_Interactions
11491,normal,B1,Daily_Life,General_Interactions
11492,norms,B1,Daily_Life,General_Interactions
11493,north,B1,Daily_Life,General_Interactions
11494,northern,B1,Daily_Life,General_Interactions
11495,northward,B1,Society_Law_Politics,Law_Crime
11496,not bear comparison with,B1,Daily_Life,General_Interactions
11497,not bear thethought of,B1,Psychology_Emotions,Feelings_Emotions
11498,not come to any harm,B1,Daily_Life,General_Interactions
11499,not find guilty,B1,Daily_Life,General_Interactions
11500,not have much luck,B1,Daily_Life,General_Interactions
11501,not lose any sleep,B1,Health_Medicine,Healthcare_Hospital
11502,not mean any harm,B1,Daily_Life,General_Interactions
11503,not say a word,B1,Communication_Media_Arts,Speaking_Expressions
11504,not trust an inch,B1,Daily_Life,General_Interactions
11505,not utter a word,B1,Daily_Life,General_Interactions
11506,not-so-distant future,B1,Daily_Life,General_Interactions
11507,notable,B1,Daily_Life,General_Interactions
11508,notably,B1,Daily_Life,General_Interactions
11509,note,B1,Daily_Life,General_Interactions
11510,notebook,B1,Communication_Media_Arts,Speaking_Expressions
11511,notice,B1,Daily_Life,General_Interactions
11512,noticeable,B1,Daily_Life,General_Interactions
11513,noticed,B1,Daily_Life,General_Interactions
11514,notification,B1,Daily_Life,General_Interactions
11515,notify,B1,Daily_Life,General_Interactions
11516,notify the police,B1,Society_Law_Politics,Law_Crime
11517,noting,B1,Daily_Life,General_Interactions
11518,notions,B1,Daily_Life,General_Interactions
11519,notorious,B1,Daily_Life,General_Interactions
11520,notwithstanding,B1,Daily_Life,General_Interactions
11521,nourish,B1,Daily_Life,General_Interactions
11522,nourishing,B1,Daily_Life,General_Interactions
11523,novel solution,B1,Daily_Life,General_Interactions
11524,novelty value,B1,Daily_Life,General_Interactions
11525,novice,B1,Daily_Life,General_Interactions
11526,nuance,B1,Daily_Life,General_Interactions
11527,nuanced,B1,Daily_Life,General_Interactions
11528,nuclear,B1,Daily_Life,General_Interactions
11529,nuisance,B1,Daily_Life,General_Interactions
11530,nullify,B1,Daily_Life,General_Interactions
11531,number,B1,Daily_Life,General_Interactions
11532,numbered,B1,Daily_Life,General_Interactions
11533,numerous,B1,Daily_Life,General_Interactions
11534,nurseries,B1,Health_Medicine,Healthcare_Hospital
11535,nut,B1,Daily_Life,General_Interactions
11536,nutrient,B1,Daily_Life,General_Interactions
11537,nutrients,B1,Daily_Life,General_Interactions
11538,nutrition,B1,Health_Medicine,Nutrition_Diet
11539,oak,B1,Daily_Life,General_Interactions
11540,oath,B1,Daily_Life,General_Interactions
11541,obdurate,B1,Business_Finance_Economy,Economy_Markets
11542,obey,B1,Daily_Life,General_Interactions
11543,obfuscate,B1,Daily_Life,General_Interactions
11544,object,B1,Daily_Life,General_Interactions
11545,objection,B1,Daily_Life,General_Interactions
11546,objective,B1,Daily_Life,General_Interactions
11547,oblique,B1,Daily_Life,General_Interactions
11548,obliterate,B1,Business_Finance_Economy,Economy_Markets
11549,obscure,B1,Health_Medicine,Illness_Diseases
11550,obsequious,B1,Daily_Life,General_Interactions
11551,observation,B1,Science_Nature,Research_Methods
11552,observations,B1,Science_Nature,Research_Methods
11553,observatories,B1,Daily_Life,General_Interactions
11554,observatory,B1,Daily_Life,General_Interactions
11555,observe,B1,Daily_Life,General_Interactions
11556,observe a festival,B1,Daily_Life,General_Interactions
11557,observed,B1,Daily_Life,General_Interactions
11558,obsession,B1,Daily_Life,General_Interactions
11559,obsession with,B1,Daily_Life,General_Interactions
11560,obsolescent,B1,Daily_Life,General_Interactions
11561,obstacles,B1,Daily_Life,General_Interactions
11562,obstinate,B1,Daily_Life,General_Interactions
11563,obstreperous,B1,Daily_Life,General_Interactions
11564,obtain permission,B1,Technology_Digital,Artificial_Intelligence
11565,obtrusive,B1,Daily_Life,General_Interactions
11566,obtuse,B1,Daily_Life,General_Interactions
11567,obviate,B1,Daily_Life,General_Interactions
11568,obvious,B1,Daily_Life,General_Interactions
11569,occasion,B1,Daily_Life,General_Interactions
11570,occasional twinge,B1,Daily_Life,General_Interactions
11571,occasionally,B1,Daily_Life,General_Interactions
11572,occult,B1,Daily_Life,General_Interactions
11573,occupation,B1,Business_Finance_Economy,Jobs_Careers
11574,occur,B1,Daily_Life,General_Interactions
11575,occurred,B1,Daily_Life,General_Interactions
11576,occurrence,B1,Daily_Life,General_Interactions
11577,occurring,B1,Daily_Life,General_Interactions
11578,occurs,B1,Daily_Life,General_Interactions
11579,ocean,B1,Science_Nature,Natural_Phenomena
11580,oceanography,B1,Science_Nature,Natural_Phenomena
11581,oceans,B1,Science_Nature,Natural_Phenomena
11582,oddness,B1,Daily_Life,General_Interactions
11583,odious,B1,Daily_Life,General_Interactions
11584,of legitimacy,B1,Daily_Life,General_Interactions
11585,of likelihood,B1,Technology_Digital,Social_Media
11586,of paramount importance,B1,Daily_Life,General_Interactions
11587,off the beaten track,B1,Health_Medicine,Healthcare_Hospital
11588,offender,B1,Daily_Life,General_Interactions
11589,offer,B1,Daily_Life,General_Interactions
11590,offer a discount,B1,Daily_Life,Shopping_Everyday
11591,offer an explanation,B1,Daily_Life,General_Interactions
11592,offered,B1,Daily_Life,General_Interactions
11593,offering,B1,Daily_Life,General_Interactions
11594,offers,B1,Daily_Life,General_Interactions
11595,office,B1,Daily_Life,General_Interactions
11596,officer,B1,Daily_Life,General_Interactions
11597,officious,B1,Daily_Life,General_Interactions
11598,offline,B1,Daily_Life,General_Interactions
11599,offset,B1,Daily_Life,General_Interactions
11600,offset carbon emissions,B1,Travel_Transportation,Road_Travel
11601,offshore wind farm,B1,Daily_Life,General_Interactions
11602,offspring,B1,Daily_Life,General_Interactions
11603,often,B1,Daily_Life,General_Interactions
11604,oil,B1,Daily_Life,General_Interactions
11605,old,B1,Daily_Life,General_Interactions
11606,old male,B1,Daily_Life,General_Interactions
11607,older,B1,Daily_Life,General_Interactions
11608,ominous,B1,Daily_Life,General_Interactions
11609,omnipotent,B1,Daily_Life,General_Interactions
11610,omnivorous,B1,Daily_Life,General_Interactions
11611,on bad terms,B1,Daily_Life,General_Interactions
11612,on the spur of the moment,B1,Daily_Life,General_Interactions
11613,on-site,B1,Daily_Life,General_Interactions
11614,one-quarter,B1,Communication_Media_Arts,Arts_Creativity
11615,one-third,B1,Daily_Life,General_Interactions
11616,one-way,B1,Daily_Life,General_Interactions
11617,onerous,B1,Daily_Life,General_Interactions
11618,online,B1,Technology_Digital,Software_Internet
11619,online banking,B1,Business_Finance_Economy,Finance_Banking
11620,online shopping,B1,Technology_Digital,Software_Internet
11621,onset,B1,Daily_Life,General_Interactions
11622,onto,B1,Daily_Life,General_Interactions
11623,opaque,B1,Daily_Life,General_Interactions
11624,open,B1,Daily_Life,General_Interactions
11625,open a current account,B1,Daily_Life,Home_Housing
11626,open all hours,B1,Daily_Life,Time_Management
11627,open hostility,B1,Daily_Life,General_Interactions
11628,open your heart to,B1,Communication_Media_Arts,Arts_Creativity
11629,opened,B1,Daily_Life,General_Interactions
11630,opening,B1,Daily_Life,General_Interactions
11631,opening gambit,B1,Daily_Life,General_Interactions
11632,opening remarks,B1,Daily_Life,General_Interactions
11633,opera,B1,Daily_Life,General_Interactions
11634,operate,B1,Business_Finance_Economy,Economy_Markets
11635,operated,B1,Business_Finance_Economy,Economy_Markets
11636,operation,B1,Daily_Life,General_Interactions
11637,opinion,B1,Communication_Media_Arts,Opinion_Discussion
11638,opinions,B1,Communication_Media_Arts,Opinion_Discussion
11639,opponent,B1,Daily_Life,General_Interactions
11640,opponents,B1,Daily_Life,General_Interactions
11641,opportunist,B1,Daily_Life,General_Interactions
11642,opportunities,B1,Daily_Life,General_Interactions
11643,opportunity arises,B1,Business_Finance_Economy,Entrepreneurship
11644,opposite,B1,Daily_Life,General_Interactions
11645,opposite number,B1,Daily_Life,General_Interactions
11646,opprobrious,B1,Daily_Life,General_Interactions
11647,opt,B1,Daily_Life,General_Interactions
11648,optical,B1,Daily_Life,General_Interactions
11649,optimal,B1,Daily_Life,General_Interactions
11650,optimize,B1,Daily_Life,General_Interactions
11651,option,B1,Daily_Life,General_Interactions
11652,opulent,B1,Daily_Life,General_Interactions
11653,oral,B1,Daily_Life,General_Interactions
11654,orator,B1,Daily_Life,General_Interactions
11655,orbit,B1,Daily_Life,General_Interactions
11656,orbital,B1,Daily_Life,General_Interactions
11657,orchestra,B1,Daily_Life,General_Interactions
11658,orchestrate,B1,Business_Finance_Economy,Economy_Markets
11659,orchestrated,B1,Business_Finance_Economy,Economy_Markets
11660,ordain,B1,Technology_Digital,Artificial_Intelligence
11661,ordeal,B1,Daily_Life,General_Interactions
11662,order a takeaway,B1,Daily_Life,General_Interactions
11663,ordered,B1,Daily_Life,General_Interactions
11664,ordinary,B1,Daily_Life,Routine_Activities
11665,ore,B1,Daily_Life,General_Interactions
11666,organ,B1,Daily_Life,General_Interactions
11667,organic,B1,Daily_Life,General_Interactions
11668,organise,B1,Daily_Life,General_Interactions
11669,organise a barbecue,B1,Daily_Life,General_Interactions
11670,organising,B1,Communication_Media_Arts,Speaking_Expressions
11671,organisms,B1,Science_Nature,Biology_Life_Sciences
11672,organization,B1,Daily_Life,General_Interactions
11673,organizations,B1,Daily_Life,General_Interactions
11674,organized,B1,Daily_Life,Time_Management
11675,organizer,B1,Daily_Life,Time_Management
11676,organizers,B1,Daily_Life,Time_Management
11677,orient,B1,Daily_Life,General_Interactions
11678,orientation,B1,Daily_Life,General_Interactions
11679,origin,B1,Daily_Life,General_Interactions
11680,original,B1,Daily_Life,General_Interactions
11681,originally,B1,Daily_Life,General_Interactions
11682,originate from,B1,Daily_Life,General_Interactions
11683,originated,B1,Daily_Life,General_Interactions
11684,origins,B1,Daily_Life,General_Interactions
11685,ornament,B1,Daily_Life,General_Interactions
11686,ornamental,B1,Health_Medicine,Mental_Health
11687,ornamentation,B1,Daily_Life,General_Interactions
11688,ornate,B1,Daily_Life,General_Interactions
11689,orthodox,B1,Daily_Life,General_Interactions
11690,oscillate,B1,Health_Medicine,Healthcare_Hospital
11691,oscillation,B1,Health_Medicine,Healthcare_Hospital
11692,ostensible,B1,Daily_Life,General_Interactions
11693,ostentatious,B1,Daily_Life,General_Interactions
11694,other side of the argument,B1,Communication_Media_Arts,Opinion_Discussion
11695,ought,B1,Daily_Life,General_Interactions
11696,oust,B1,Daily_Life,General_Interactions
11697,out of sight,B1,Daily_Life,General_Interactions
11698,outages,B1,Daily_Life,General_Interactions
11699,outbreak,B1,Daily_Life,General_Interactions
11700,outcome,B1,Daily_Life,General_Interactions
11701,outdated,B1,Daily_Life,General_Interactions
11702,outdoor,B1,Daily_Life,General_Interactions
11703,outer,B1,Daily_Life,General_Interactions
11704,outermost,B1,Daily_Life,General_Interactions
11705,outgoing,B1,Daily_Life,General_Interactions
11706,outline,B1,Daily_Life,General_Interactions
11707,outlook,B1,Daily_Life,General_Interactions
11708,outmoded,B1,Daily_Life,General_Interactions
11709,outpouring of grief,B1,Daily_Life,General_Interactions
11710,output,B1,Daily_Life,General_Interactions
11711,outright,B1,Society_Law_Politics,Law_Crime
11712,outside,B1,Daily_Life,General_Interactions
11713,outsider,B1,Daily_Life,General_Interactions
11714,outstanding debt,B1,Business_Finance_Economy,Finance_Banking
11715,outward,B1,Society_Law_Politics,Law_Crime
11716,over the course of time,B1,Education,University_School
11717,overall,B1,Daily_Life,General_Interactions
11718,overcome a hurdle,B1,Daily_Life,General_Interactions
11719,overcrowded train,B1,Technology_Digital,Artificial_Intelligence
11720,overfishing,B1,Daily_Life,General_Interactions
11721,overground,B1,Daily_Life,General_Interactions
11722,overhunting,B1,Daily_Life,General_Interactions
11723,overlie,B1,Daily_Life,General_Interactions
11724,overnight,B1,Daily_Life,General_Interactions
11725,override,B1,Daily_Life,General_Interactions
11726,overriding,B1,Daily_Life,General_Interactions
11727,oversaw,B1,Daily_Life,General_Interactions
11728,overseas,B1,Daily_Life,General_Interactions
11729,overshadowed,B1,Daily_Life,General_Interactions
11730,overstate a case,B1,Daily_Life,General_Interactions
11731,overstates,B1,Daily_Life,General_Interactions
11732,overtime,B1,Daily_Life,Time_Management
11733,overturn a verdict,B1,Daily_Life,General_Interactions
11734,overview,B1,Daily_Life,General_Interactions
11735,overwhelm,B1,Daily_Life,General_Interactions
11736,overwhelmed,B1,Daily_Life,General_Interactions
11737,overwhelming,B1,Daily_Life,General_Interactions
11738,overwhelming majority,B1,Daily_Life,General_Interactions
11739,overwrought,B1,Daily_Life,General_Interactions
11740,owl,B1,Daily_Life,General_Interactions
11741,owned,B1,Daily_Life,General_Interactions
11742,owner,B1,Daily_Life,General_Interactions
11743,owners,B1,Daily_Life,General_Interactions
11744,ownership,B1,Daily_Life,General_Interactions
11745,oxen,B1,Daily_Life,General_Interactions
11746,pace,B1,Daily_Life,General_Interactions
11747,pacifier,B1,Daily_Life,General_Interactions
11748,pacify,B1,Daily_Life,General_Interactions
11749,pack,B1,Daily_Life,General_Interactions
11750,pack of dogs,B1,Daily_Life,General_Interactions
11751,pack of hounds,B1,Daily_Life,General_Interactions
11752,pack of wolves,B1,Daily_Life,General_Interactions
11753,package,B1,Daily_Life,General_Interactions
11754,packaged,B1,Daily_Life,General_Interactions
11755,packed,B1,Daily_Life,General_Interactions
11756,packing,B1,Daily_Life,General_Interactions
11757,paddy,B1,Daily_Life,General_Interactions
11758,paean,B1,Daily_Life,General_Interactions
11759,page,B1,Daily_Life,General_Interactions
11760,paid,B1,Technology_Digital,Artificial_Intelligence
11761,pain,B1,Health_Medicine,Illness_Diseases
11762,painful,B1,Health_Medicine,Illness_Diseases
11763,paint,B1,Health_Medicine,Illness_Diseases
11764,paintbrush,B1,Health_Medicine,Illness_Diseases
11765,painted,B1,Health_Medicine,Illness_Diseases
11766,pair,B1,Technology_Digital,Artificial_Intelligence
11767,palate,B1,Daily_Life,General_Interactions
11768,palatial,B1,Daily_Life,General_Interactions
11769,pale,B1,Daily_Life,General_Interactions
11770,pale in comparison,B1,Daily_Life,General_Interactions
11771,paleontologist,B1,Daily_Life,General_Interactions
11772,paleontologists,B1,Daily_Life,General_Interactions
11773,paleontology,B1,Daily_Life,General_Interactions
11774,pales,B1,Daily_Life,General_Interactions
11775,palliate,B1,Daily_Life,General_Interactions
11776,palm,B1,Daily_Life,General_Interactions
11777,palpable,B1,Daily_Life,General_Interactions
11778,panache,B1,Daily_Life,General_Interactions
11779,pander to someone's every whim,B1,Daily_Life,General_Interactions
11780,pane,B1,Daily_Life,General_Interactions
11781,panel,B1,Daily_Life,General_Interactions
11782,panic,B1,Psychology_Emotions,Stress_Mental_State
11783,paperback,B1,Daily_Life,General_Interactions
11784,paradox,B1,Daily_Life,General_Interactions
11785,paradoxically,B1,Daily_Life,General_Interactions
11786,paragon,B1,Daily_Life,General_Interactions
11787,paragraph,B1,Daily_Life,General_Interactions
11788,parameter,B1,Daily_Life,General_Interactions
11789,parameters,B1,Daily_Life,General_Interactions
11790,parcel out,B1,Daily_Life,General_Interactions
11791,pare away,B1,Daily_Life,General_Interactions
11792,pariah,B1,Daily_Life,General_Interactions
11793,parish,B1,Daily_Life,General_Interactions
11794,park-and-ride scheme,B1,Daily_Life,General_Interactions
11795,parked,B1,Daily_Life,General_Interactions
11796,parking,B1,Daily_Life,General_Interactions
11797,parliamentary,B1,Society_Law_Politics,Government_Politics
11798,parody,B1,Daily_Life,General_Interactions
11799,parrot,B1,Daily_Life,General_Interactions
11800,parsimonious,B1,Daily_Life,General_Interactions
11801,part,B1,Communication_Media_Arts,Arts_Creativity
11802,partake,B1,Communication_Media_Arts,Arts_Creativity
11803,participant,B1,Communication_Media_Arts,Arts_Creativity
11804,participants,B1,Communication_Media_Arts,Arts_Creativity
11805,participate,B1,Communication_Media_Arts,Arts_Creativity
11806,participation,B1,Communication_Media_Arts,Arts_Creativity
11807,participatory,B1,Communication_Media_Arts,Arts_Creativity
11808,particles,B1,Science_Nature,Physics_Chemistry
11809,particularly,B1,Communication_Media_Arts,Arts_Creativity
11810,partly,B1,Communication_Media_Arts,Arts_Creativity
11811,partnerships,B1,Communication_Media_Arts,Arts_Creativity
11812,partridge,B1,Communication_Media_Arts,Arts_Creativity
11813,party,B1,Communication_Media_Arts,Arts_Creativity
11814,pass a milestone,B1,Education,Exams_Assessments
11815,pass judgment on,B1,Education,Exams_Assessments
11816,pass laws,B1,Education,Exams_Assessments
11817,pass on judgement,B1,Education,Exams_Assessments
11818,pass up a chance,B1,Education,Exams_Assessments
11819,pass up an opportunity,B1,Education,Exams_Assessments
11820,passages,B1,Education,Exams_Assessments
11821,passed,B1,Education,Exams_Assessments
11822,passenger,B1,Education,Exams_Assessments
11823,passersby,B1,Education,Exams_Assessments
11824,passing,B1,Education,Exams_Assessments
11825,passionate,B1,Education,Exams_Assessments
11826,passionate entreaty,B1,Education,Exams_Assessments
11827,passive,B1,Education,Exams_Assessments
11828,past,B1,Daily_Life,General_Interactions
11829,patch,B1,Daily_Life,General_Interactions
11830,patent,B1,Daily_Life,General_Interactions
11831,path,B1,Daily_Life,General_Interactions
11832,pathetic,B1,Daily_Life,General_Interactions
11833,pathos,B1,Daily_Life,General_Interactions
11834,paths,B1,Daily_Life,General_Interactions
11835,pathway,B1,Daily_Life,General_Interactions
11836,patience,B1,Daily_Life,General_Interactions
11837,patient,B1,Health_Medicine,Healthcare_Hospital
11838,patients,B1,Health_Medicine,Healthcare_Hospital
11839,patio,B1,Daily_Life,General_Interactions
11840,patriarch,B1,Daily_Life,General_Interactions
11841,patrols,B1,Daily_Life,General_Interactions
11842,patronage,B1,Daily_Life,General_Interactions
11843,patrons,B1,Daily_Life,General_Interactions
11844,patterns,B1,Daily_Life,General_Interactions
11845,pause,B1,Daily_Life,General_Interactions
11846,paved,B1,Daily_Life,General_Interactions
11847,pavement,B1,Daily_Life,General_Interactions
11848,pay,B1,Business_Finance_Economy,Business_Management
11849,pay back a loan,B1,Business_Finance_Economy,Finance_Banking
11850,pay dividends,B1,Business_Finance_Economy,Business_Management
11851,pay someone a visit,B1,Daily_Life,General_Interactions
11852,pay to tribute,B1,Business_Finance_Economy,Business_Management
11853,payable,B1,Business_Finance_Economy,Business_Management
11854,paying,B1,Business_Finance_Economy,Business_Management
11855,payment,B1,Business_Finance_Economy,Business_Management
11856,pea-sized,B1,Daily_Life,General_Interactions
11857,peace,B1,Psychology_Emotions,Stress_Mental_State
11858,peak,B1,Daily_Life,General_Interactions
11859,peak time,B1,Daily_Life,Time_Management
11860,peccadillo,B1,Health_Medicine,Healthcare_Hospital
11861,pedantic,B1,Daily_Life,General_Interactions
11862,pedestrian,B1,Daily_Life,General_Interactions
11863,pedometer,B1,Daily_Life,General_Interactions
11864,peel,B1,Daily_Life,General_Interactions
11865,peers,B1,Daily_Life,General_Interactions
11866,pen,B1,Daily_Life,General_Interactions
11867,penalty,B1,Daily_Life,General_Interactions
11868,penchant,B1,Daily_Life,General_Interactions
11869,pencil in a meeting,B1,Daily_Life,General_Interactions
11870,pending the outcome,B1,Daily_Life,General_Interactions
11871,pending the response,B1,Psychology_Emotions,Behavior
11872,pending the results,B1,Daily_Life,General_Interactions
11873,penetrate,B1,Business_Finance_Economy,Economy_Markets
11874,penitent,B1,Daily_Life,General_Interactions
11875,pensive,B1,Daily_Life,General_Interactions
11876,pent-up anger,B1,Daily_Life,General_Interactions
11877,people,B1,Daily_Life,General_Interactions
11878,peoples,B1,Daily_Life,General_Interactions
11879,peppermint,B1,Daily_Life,General_Interactions
11880,per,B1,Daily_Life,General_Interactions
11881,percent,B1,Daily_Life,General_Interactions
11882,perceptible,B1,Daily_Life,General_Interactions
11883,perception,B1,Daily_Life,General_Interactions
11884,peremptory,B1,Daily_Life,General_Interactions
11885,perennial,B1,Daily_Life,General_Interactions
11886,perfect,B1,Daily_Life,General_Interactions
11887,perfect a technique,B1,Technology_Digital,Software_Internet
11888,perfect venue,B1,Daily_Life,General_Interactions
11889,perfectly friendly,B1,Daily_Life,General_Interactions
11890,perform,B1,Communication_Media_Arts,Speaking_Expressions
11891,perform a dance,B1,Communication_Media_Arts,Arts_Creativity
11892,perform a task,B1,Daily_Life,Routine_Activities
11893,performance,B1,Communication_Media_Arts,Speaking_Expressions
11894,performed,B1,Communication_Media_Arts,Speaking_Expressions
11895,performing,B1,Communication_Media_Arts,Speaking_Expressions
11896,perfume,B1,Daily_Life,General_Interactions
11897,perfunctory,B1,Daily_Life,General_Interactions
11898,peril,B1,Daily_Life,General_Interactions
11899,period,B1,Daily_Life,General_Interactions
11900,periodically,B1,Daily_Life,General_Interactions
11901,periods,B1,Daily_Life,General_Interactions
11902,peripheral,B1,Daily_Life,General_Interactions
11903,perishable,B1,Daily_Life,General_Interactions
11904,perk,B1,Daily_Life,General_Interactions
11905,permission,B1,Daily_Life,General_Interactions
11906,permit,B1,Daily_Life,General_Interactions
11907,permitted,B1,Daily_Life,General_Interactions
11908,pernicious,B1,Daily_Life,General_Interactions
11909,perpendicular,B1,Daily_Life,General_Interactions
11910,perpetual,B1,Daily_Life,General_Interactions
11911,perpetuate,B1,Daily_Life,General_Interactions
11912,perplexed,B1,Daily_Life,General_Interactions
11913,persisted,B1,Daily_Life,General_Interactions
11914,persistence,B1,Daily_Life,General_Interactions
11915,person,B1,Psychology_Emotions,Feelings_Emotions
11916,personal,B1,Psychology_Emotions,Feelings_Emotions
11917,personality,B1,Psychology_Emotions,Personality
11918,personality traits,B1,Technology_Digital,Artificial_Intelligence
11919,personalized,B1,Psychology_Emotions,Feelings_Emotions
11920,personnel,B1,Psychology_Emotions,Feelings_Emotions
11921,perspectives,B1,Communication_Media_Arts,Opinion_Discussion
11922,perspicacious,B1,Daily_Life,General_Interactions
11923,persuasive,B1,Daily_Life,General_Interactions
11924,persuasively,B1,Daily_Life,General_Interactions
11925,pertain,B1,Technology_Digital,Artificial_Intelligence
11926,pertinent,B1,Daily_Life,General_Interactions
11927,perturb,B1,Daily_Life,General_Interactions
11928,peruse,B1,Daily_Life,General_Interactions
11929,pervasive,B1,Daily_Life,General_Interactions
11930,pest,B1,Daily_Life,General_Interactions
11931,pests,B1,Daily_Life,General_Interactions
11932,petulant,B1,Daily_Life,General_Interactions
11933,phase,B1,Daily_Life,General_Interactions
11934,phenomenal,B1,Daily_Life,General_Interactions
11935,phenomenon,B1,Science_Nature,Natural_Phenomena
11936,pheromones,B1,Daily_Life,General_Interactions
11937,philosophical,B1,Daily_Life,General_Interactions
11938,phlegmatic,B1,Daily_Life,General_Interactions
11939,photo,B1,Daily_Life,General_Interactions
11940,photographer,B1,Daily_Life,General_Interactions
11941,photoperiod,B1,Daily_Life,General_Interactions
11942,photoperiodism,B1,Daily_Life,General_Interactions
11943,photovoltaic,B1,Technology_Digital,Artificial_Intelligence
11944,phrase,B1,Daily_Life,General_Interactions
11945,physical exertion,B1,Daily_Life,General_Interactions
11946,physically,B1,Daily_Life,General_Interactions
11947,physiognomy,B1,Daily_Life,General_Interactions
11948,physiological,B1,Daily_Life,General_Interactions
11949,piano,B1,Daily_Life,General_Interactions
11950,pick a fight,B1,Daily_Life,General_Interactions
11951,picked,B1,Daily_Life,General_Interactions
11952,picture,B1,Daily_Life,General_Interactions
11953,picturesque location,B1,Travel_Transportation,Navigation_Directions
11954,picturesque town,B1,Daily_Life,General_Interactions
11955,picturesque village,B1,Health_Medicine,Healthcare_Hospital
11956,picturing,B1,Daily_Life,General_Interactions
11957,piece,B1,Daily_Life,General_Interactions
11958,piece together,B1,Daily_Life,General_Interactions
11959,piety,B1,Daily_Life,General_Interactions
11960,pigeon,B1,Daily_Life,General_Interactions
11961,pigment,B1,Daily_Life,General_Interactions
11962,pigmentation,B1,Daily_Life,General_Interactions
11963,pilot,B1,Travel_Transportation,Air_Travel
11964,pilots',B1,Travel_Transportation,Air_Travel
11965,pin,B1,Daily_Life,General_Interactions
11966,pinch,B1,Daily_Life,General_Interactions
11967,pinnacle,B1,Daily_Life,General_Interactions
11968,pioneer,B1,Daily_Life,General_Interactions
11969,pioneered,B1,Daily_Life,General_Interactions
11970,pioneers,B1,Daily_Life,General_Interactions
11971,pitfalls,B1,Daily_Life,General_Interactions
11972,pivotal,B1,Daily_Life,General_Interactions
11973,placate,B1,Daily_Life,General_Interactions
11974,place,B1,Daily_Life,General_Interactions
11975,place an order,B1,Daily_Life,General_Interactions
11976,place great value on,B1,Health_Medicine,Healthcare_Hospital
11977,placed,B1,Daily_Life,General_Interactions
11978,placement,B1,Daily_Life,General_Interactions
11979,placing,B1,Daily_Life,General_Interactions
11980,plague,B1,Daily_Life,General_Interactions
11981,plain food,B1,Health_Medicine,Nutrition_Diet
11982,plain truth,B1,Technology_Digital,Artificial_Intelligence
11983,plains,B1,Technology_Digital,Artificial_Intelligence
11984,plaintive,B1,Technology_Digital,Artificial_Intelligence
11985,plan,B1,Daily_Life,General_Interactions
11986,plane,B1,Travel_Transportation,Air_Travel
11987,planet,B1,Travel_Transportation,Air_Travel
11988,planets,B1,Travel_Transportation,Air_Travel
11989,planking,B1,Daily_Life,General_Interactions
11990,planned,B1,Daily_Life,General_Interactions
11991,planner,B1,Daily_Life,General_Interactions
11992,planners,B1,Daily_Life,General_Interactions
11993,planning,B1,Daily_Life,Time_Management
11994,plans,B1,Daily_Life,General_Interactions
11995,plant,B1,Science_Nature,Biology_Life_Sciences
11996,plant doubts,B1,Science_Nature,Biology_Life_Sciences
11997,plant-cutting,B1,Science_Nature,Biology_Life_Sciences
11998,planted,B1,Science_Nature,Biology_Life_Sciences
11999,planting,B1,Science_Nature,Biology_Life_Sciences
12000,plasma,B1,Daily_Life,General_Interactions
12001,plate,B1,Daily_Life,General_Interactions
12002,plates,B1,Daily_Life,General_Interactions
12003,platforms,B1,Travel_Transportation,Public_Transport
12004,platonic relationships,B1,Daily_Life,General_Interactions
12005,plausible,B1,Daily_Life,General_Interactions
12006,play,B1,Communication_Media_Arts,Speaking_Expressions
12007,play a dirty trick,B1,Communication_Media_Arts,Speaking_Expressions
12008,play brilliantly,B1,Health_Medicine,Healthcare_Hospital
12009,play host to,B1,Communication_Media_Arts,Speaking_Expressions
12010,play the stock market,B1,Business_Finance_Economy,Economy_Markets
12011,play truant,B1,Communication_Media_Arts,Speaking_Expressions
12012,played,B1,Communication_Media_Arts,Speaking_Expressions
12013,playing,B1,Communication_Media_Arts,Speaking_Expressions
12014,playlist,B1,Communication_Media_Arts,Speaking_Expressions
12015,plays,B1,Communication_Media_Arts,Speaking_Expressions
12016,plead,B1,Daily_Life,General_Interactions
12017,pleasant,B1,Daily_Life,General_Interactions
12018,please,B1,Daily_Life,General_Interactions
12019,pleased,B1,Daily_Life,General_Interactions
12020,pleasure,B1,Daily_Life,General_Interactions
12021,plethora,B1,Daily_Life,General_Interactions
12022,pliable,B1,Daily_Life,General_Interactions
12023,plowing,B1,Daily_Life,General_Interactions
12024,plucky,B1,Daily_Life,General_Interactions
12025,plugged,B1,Daily_Life,General_Interactions
12026,plumage,B1,Daily_Life,General_Interactions
12027,plumbing,B1,Daily_Life,General_Interactions
12028,plummeting profits,B1,Business_Finance_Economy,Finance_Banking
12029,pluralism,B1,Daily_Life,General_Interactions
12030,poaching,B1,Daily_Life,General_Interactions
12031,pocket,B1,Daily_Life,General_Interactions
12032,pocketbook,B1,Communication_Media_Arts,Speaking_Expressions
12033,pod of dolphins,B1,Daily_Life,General_Interactions
12034,pod of whales,B1,Daily_Life,General_Interactions
12035,poem,B1,Communication_Media_Arts,Writing_Language
12036,poetry,B1,Daily_Life,General_Interactions
12037,point,B1,Daily_Life,General_Interactions
12038,pointed,B1,Daily_Life,General_Interactions
12039,pointing,B1,Daily_Life,General_Interactions
12040,poison the atmosphere,B1,Daily_Life,General_Interactions
12041,poisonous,B1,Daily_Life,General_Interactions
12042,polar opposite,B1,Daily_Life,General_Interactions
12043,polarize,B1,Daily_Life,General_Interactions
12044,polemic,B1,Daily_Life,General_Interactions
12045,police,B1,Society_Law_Politics,Law_Crime
12046,policies,B1,Daily_Life,General_Interactions
12047,policymakers,B1,Society_Law_Politics,Government_Politics
12048,polite,B1,Daily_Life,General_Interactions
12049,political,B1,Society_Law_Politics,Law_Crime
12050,pollination,B1,Daily_Life,General_Interactions
12051,pollinator,B1,Daily_Life,General_Interactions
12052,pollutant,B1,Daily_Life,General_Interactions
12053,pollutants,B1,Daily_Life,General_Interactions
12054,polynomial,B1,Daily_Life,General_Interactions
12055,polyps,B1,Daily_Life,General_Interactions
12056,ponder,B1,Daily_Life,General_Interactions
12057,pool,B1,Daily_Life,General_Interactions
12058,poor,B1,Daily_Life,General_Interactions
12059,poor judgement,B1,Society_Law_Politics,Law_Crime
12060,poor sanitary conditions,B1,Daily_Life,General_Interactions
12061,poorer,B1,Daily_Life,General_Interactions
12062,poorly,B1,Daily_Life,General_Interactions
12063,pop,B1,Daily_Life,General_Interactions
12064,popular,B1,Daily_Life,General_Interactions
12065,population,B1,Daily_Life,General_Interactions
12066,populations,B1,Daily_Life,General_Interactions
12067,porch,B1,Daily_Life,General_Interactions
12068,pore,B1,Daily_Life,General_Interactions
12069,port,B1,Daily_Life,General_Interactions
12070,portable,B1,Daily_Life,General_Interactions
12071,portfolio,B1,Daily_Life,General_Interactions
12072,portion,B1,Daily_Life,General_Interactions
12073,portrait,B1,Technology_Digital,Artificial_Intelligence
12074,pose,B1,Daily_Life,General_Interactions
12075,pose a threat,B1,Health_Medicine,Healthcare_Hospital
12076,posed,B1,Daily_Life,General_Interactions
12077,posit,B1,Daily_Life,General_Interactions
12078,position,B1,Daily_Life,General_Interactions
12079,positioned,B1,Daily_Life,General_Interactions
12080,positive,B1,Daily_Life,General_Interactions
12081,posits,B1,Daily_Life,General_Interactions
12082,possess,B1,Daily_Life,General_Interactions
12083,possibilities,B1,Daily_Life,General_Interactions
12084,possible,B1,Daily_Life,General_Interactions
12085,possibly,B1,Daily_Life,General_Interactions
12086,post,B1,Technology_Digital,Social_Media
12087,posted,B1,Technology_Digital,Social_Media
12088,poster,B1,Technology_Digital,Social_Media
12089,postponed,B1,Technology_Digital,Social_Media
12090,postulate,B1,Technology_Digital,Social_Media
12091,postulated,B1,Technology_Digital,Social_Media
12092,potato,B1,Daily_Life,General_Interactions
12093,potentially,B1,Daily_Life,General_Interactions
12094,pottery,B1,Daily_Life,General_Interactions
12095,pouch,B1,Daily_Life,General_Interactions
12096,poured,B1,Daily_Life,General_Interactions
12097,pouring,B1,Daily_Life,General_Interactions
12098,powder,B1,Daily_Life,General_Interactions
12099,power,B1,Daily_Life,General_Interactions
12100,power cut,B1,Daily_Life,General_Interactions
12101,powerful,B1,Daily_Life,General_Interactions
12102,practical value,B1,Psychology_Emotions,Behavior
12103,practically,B1,Psychology_Emotions,Behavior
12104,practices,B1,Education,Learning_Skills
12105,practicing,B1,Psychology_Emotions,Behavior
12106,practise,B1,Psychology_Emotions,Behavior
12107,practise medicine,B1,Health_Medicine,Healthcare_Hospital
12108,practised,B1,Psychology_Emotions,Behavior
12109,practising,B1,Psychology_Emotions,Behavior
12110,practitioner,B1,Psychology_Emotions,Behavior
12111,practitioners,B1,Psychology_Emotions,Behavior
12112,pragmatic,B1,Daily_Life,General_Interactions
12113,praise,B1,Technology_Digital,Artificial_Intelligence
12114,pre-emptive strike,B1,Daily_Life,General_Interactions
12115,pre-wedding nerves,B1,Daily_Life,General_Interactions
12116,precarity,B1,Travel_Transportation,Road_Travel
12117,precede,B1,Daily_Life,General_Interactions
12118,precedent,B1,Daily_Life,General_Interactions
12119,preceding,B1,Daily_Life,General_Interactions
12120,precious little chance,B1,Daily_Life,General_Interactions
12121,precipitated,B1,Daily_Life,General_Interactions
12122,precise,B1,Daily_Life,General_Interactions
12123,precisely,B1,Daily_Life,General_Interactions
12124,precision,B1,Daily_Life,General_Interactions
12125,preclude,B1,Daily_Life,General_Interactions
12126,precludes,B1,Daily_Life,General_Interactions
12127,precocious,B1,Daily_Life,General_Interactions
12128,predatory,B1,Daily_Life,General_Interactions
12129,predict,B1,Daily_Life,General_Interactions
12130,predicting,B1,Daily_Life,General_Interactions
12131,prediction,B1,Daily_Life,General_Interactions
12132,predictions,B1,Daily_Life,General_Interactions
12133,predictors,B1,Daily_Life,General_Interactions
12134,predilection,B1,Daily_Life,General_Interactions
12135,predominantly,B1,Daily_Life,General_Interactions
12136,predominate,B1,Daily_Life,General_Interactions
12137,preeminent,B1,Daily_Life,General_Interactions
12138,prefatory,B1,Daily_Life,General_Interactions
12139,prefer,B1,Daily_Life,General_Interactions
12140,preference,B1,Daily_Life,General_Interactions
12141,preferences,B1,Daily_Life,General_Interactions
12142,preferred,B1,Daily_Life,General_Interactions
12143,pregnant,B1,Daily_Life,General_Interactions
12144,prehistoric,B1,Daily_Life,General_Interactions
12145,prehistory,B1,Communication_Media_Arts,Writing_Language
12146,preliminary,B1,Daily_Life,General_Interactions
12147,premature,B1,Daily_Life,General_Interactions
12148,premature death,B1,Health_Medicine,Healthcare_Hospital
12149,premise,B1,Daily_Life,General_Interactions
12150,premium,B1,Daily_Life,General_Interactions
12151,prenuptial agreement,B1,Communication_Media_Arts,Opinion_Discussion
12152,preoccupation,B1,Business_Finance_Economy,Jobs_Careers
12153,preordain,B1,Technology_Digital,Artificial_Intelligence
12154,preparations are underway,B1,Daily_Life,General_Interactions
12155,prepare,B1,Daily_Life,General_Interactions
12156,prepared,B1,Daily_Life,General_Interactions
12157,preparedness,B1,Daily_Life,General_Interactions
12158,preparing,B1,Daily_Life,General_Interactions
12159,preponderance,B1,Daily_Life,General_Interactions
12160,preposterous,B1,Technology_Digital,Social_Media
12161,preregistration,B1,Daily_Life,General_Interactions
12162,prerequisite,B1,Daily_Life,General_Interactions
12163,prerogative,B1,Daily_Life,General_Interactions
12164,presence,B1,Daily_Life,General_Interactions
12165,present,B1,Communication_Media_Arts,Speaking_Expressions
12166,present findings,B1,Communication_Media_Arts,Speaking_Expressions
12167,presentation,B1,Education,Classroom_Interaction
12168,presentations,B1,Education,Classroom_Interaction
12169,presented,B1,Communication_Media_Arts,Speaking_Expressions
12170,presenting,B1,Communication_Media_Arts,Speaking_Expressions
12171,presenting an award,B1,Society_Law_Politics,Law_Crime
12172,preservation,B1,Daily_Life,General_Interactions
12173,preservative,B1,Daily_Life,General_Interactions
12174,preserve,B1,Daily_Life,General_Interactions
12175,preserve for posterity,B1,Technology_Digital,Social_Media
12176,preserved,B1,Daily_Life,General_Interactions
12177,preserving,B1,Daily_Life,General_Interactions
12178,president,B1,Daily_Life,General_Interactions
12179,press coverage,B1,Communication_Media_Arts,Media_Journalism
12180,pressed,B1,Communication_Media_Arts,Media_Journalism
12181,pressing,B1,Communication_Media_Arts,Media_Journalism
12182,pressure,B1,Communication_Media_Arts,Media_Journalism
12183,pressures,B1,Communication_Media_Arts,Media_Journalism
12184,presumable,B1,Daily_Life,General_Interactions
12185,presumptuous,B1,Daily_Life,General_Interactions
12186,pretending,B1,Daily_Life,General_Interactions
12187,pretty,B1,Daily_Life,General_Interactions
12188,pretty fit,B1,Health_Medicine,Healthcare_Hospital
12189,prevail,B1,Technology_Digital,Artificial_Intelligence
12190,prevailed,B1,Technology_Digital,Artificial_Intelligence
12191,prevaricate,B1,Daily_Life,General_Interactions
12192,prevent,B1,Daily_Life,General_Interactions
12193,prevented,B1,Daily_Life,General_Interactions
12194,preventing,B1,Daily_Life,General_Interactions
12195,previous,B1,Daily_Life,General_Interactions
12196,previously,B1,Daily_Life,General_Interactions
12197,prey,B1,Daily_Life,General_Interactions
12198,price,B1,Business_Finance_Economy,Economy_Markets
12199,priced,B1,Business_Finance_Economy,Economy_Markets
12200,pride,B1,Daily_Life,General_Interactions
12201,pride of lions,B1,Daily_Life,General_Interactions
12202,primarily,B1,Daily_Life,General_Interactions
12203,primary cause,B1,Daily_Life,General_Interactions
12204,prime-time television,B1,Daily_Life,Time_Management
12205,primitive,B1,Daily_Life,General_Interactions
12206,primordial,B1,Daily_Life,General_Interactions
12207,principal,B1,Daily_Life,General_Interactions
12208,principle,B1,Daily_Life,General_Interactions
12209,principles,B1,Daily_Life,General_Interactions
12210,print,B1,Daily_Life,General_Interactions
12211,printed,B1,Daily_Life,General_Interactions
12212,printing,B1,Daily_Life,General_Interactions
12213,prior,B1,Daily_Life,General_Interactions
12214,prior to,B1,Daily_Life,General_Interactions
12215,prioritize,B1,Daily_Life,General_Interactions
12216,priority,B1,Daily_Life,General_Interactions
12217,prison,B1,Society_Law_Politics,Law_Crime
12218,pristine,B1,Daily_Life,General_Interactions
12219,privacy,B1,Technology_Digital,Cybersecurity
12220,private,B1,Daily_Life,General_Interactions
12221,privilege,B1,Daily_Life,General_Interactions
12222,privileges,B1,Daily_Life,General_Interactions
12223,prized,B1,Daily_Life,General_Interactions
12224,probability,B1,Education,Learning_Skills
12225,probably,B1,Daily_Life,General_Interactions
12226,probe,B1,Daily_Life,General_Interactions
12227,probe a crime,B1,Society_Law_Politics,Law_Crime
12228,probe an arms deal,B1,Daily_Life,General_Interactions
12229,probity,B1,Daily_Life,General_Interactions
12230,problem,B1,Daily_Life,General_Interactions
12231,problem occurs,B1,Daily_Life,General_Interactions
12232,problem-solving,B1,Daily_Life,General_Interactions
12233,proceed,B1,Daily_Life,General_Interactions
12234,proceeds,B1,Daily_Life,General_Interactions
12235,processes,B1,Daily_Life,General_Interactions
12236,processing,B1,Communication_Media_Arts,Speaking_Expressions
12237,proclaim a victory,B1,Technology_Digital,Artificial_Intelligence
12238,proclivity,B1,Daily_Life,General_Interactions
12239,procrastinate,B1,Daily_Life,General_Interactions
12240,procure,B1,Health_Medicine,Illness_Diseases
12241,procuring,B1,Daily_Life,General_Interactions
12242,prodigal,B1,Daily_Life,General_Interactions
12243,prodigious,B1,Daily_Life,General_Interactions
12244,produce,B1,Daily_Life,General_Interactions
12245,produce a result,B1,Daily_Life,General_Interactions
12246,produced,B1,Daily_Life,General_Interactions
12247,producer,B1,Daily_Life,General_Interactions
12248,producing,B1,Daily_Life,General_Interactions
12249,product,B1,Daily_Life,Shopping_Everyday
12250,product development,B1,Daily_Life,Shopping_Everyday
12251,product placement,B1,Daily_Life,Shopping_Everyday
12252,production,B1,Daily_Life,Shopping_Everyday
12253,productive,B1,Daily_Life,Shopping_Everyday
12254,productivity,B1,Daily_Life,Shopping_Everyday
12255,profess ignorance,B1,Daily_Life,General_Interactions
12256,professional,B1,Business_Finance_Economy,Jobs_Careers
12257,professional misconduct,B1,Business_Finance_Economy,Jobs_Careers
12258,professionals,B1,Business_Finance_Economy,Jobs_Careers
12259,professor,B1,Daily_Life,General_Interactions
12260,professors,B1,Daily_Life,General_Interactions
12261,profile,B1,Daily_Life,General_Interactions
12262,profit,B1,Business_Finance_Economy,Finance_Banking
12263,profits,B1,Business_Finance_Economy,Finance_Banking
12264,profligate,B1,Daily_Life,General_Interactions
12265,profound,B1,Daily_Life,General_Interactions
12266,profound admiration,B1,Daily_Life,General_Interactions
12267,program,B1,Technology_Digital,Software_Internet
12268,programmed,B1,Technology_Digital,Software_Internet
12269,progress,B1,Daily_Life,General_Interactions
12270,progressive,B1,Daily_Life,General_Interactions
12271,progressively,B1,Daily_Life,General_Interactions
12272,prohibit,B1,Daily_Life,General_Interactions
12273,prohibitive,B1,Daily_Life,General_Interactions
12274,prohibitively,B1,Daily_Life,General_Interactions
12275,project,B1,Daily_Life,General_Interactions
12276,projected,B1,Daily_Life,General_Interactions
12277,projection,B1,Daily_Life,General_Interactions
12278,projector,B1,Daily_Life,General_Interactions
12279,projects,B1,Daily_Life,General_Interactions
12280,proliferate,B1,Business_Finance_Economy,Economy_Markets
12281,prolifically,B1,Daily_Life,General_Interactions
12282,prolix,B1,Daily_Life,General_Interactions
12283,prolong,B1,Daily_Life,General_Interactions
12284,prolonged,B1,Daily_Life,General_Interactions
12285,promise,B1,Daily_Life,General_Interactions
12286,promised,B1,Daily_Life,General_Interactions
12287,promote interests,B1,Daily_Life,General_Interactions
12288,promoted,B1,Daily_Life,General_Interactions
12289,promotes,B1,Daily_Life,General_Interactions
12290,promoting,B1,Daily_Life,General_Interactions
12291,promotional,B1,Business_Finance_Economy,Jobs_Careers
12292,prompt service,B1,Daily_Life,General_Interactions
12293,prompt speculation,B1,Daily_Life,General_Interactions
12294,prompted,B1,Daily_Life,General_Interactions
12295,promulgate,B1,Daily_Life,General_Interactions
12296,pronounce someone dead,B1,Communication_Media_Arts,Speaking_Expressions
12297,pronounced,B1,Communication_Media_Arts,Speaking_Expressions
12298,proof,B1,Daily_Life,General_Interactions
12299,propagate,B1,Daily_Life,General_Interactions
12300,propel,B1,Daily_Life,General_Interactions
12301,proper,B1,Daily_Life,General_Interactions
12302,properly,B1,Daily_Life,General_Interactions
12303,property,B1,Daily_Life,General_Interactions
12304,propitiate,B1,Daily_Life,General_Interactions
12305,proponent,B1,Daily_Life,General_Interactions
12306,proponents,B1,Daily_Life,General_Interactions
12307,proposal,B1,Daily_Life,General_Interactions
12308,propose a toast,B1,Daily_Life,General_Interactions
12309,proposed,B1,Daily_Life,General_Interactions
12310,propriety,B1,Daily_Life,General_Interactions
12311,propulsion,B1,Daily_Life,General_Interactions
12312,prosaic,B1,Technology_Digital,Artificial_Intelligence
12313,proscribe,B1,Daily_Life,General_Interactions
12314,proselytize,B1,Daily_Life,General_Interactions
12315,prosody,B1,Daily_Life,General_Interactions
12316,prospect,B1,Daily_Life,General_Interactions
12317,prosperity,B1,Daily_Life,General_Interactions
12318,prosthetics,B1,Daily_Life,General_Interactions
12319,protagonist,B1,Daily_Life,General_Interactions
12320,protean,B1,Daily_Life,General_Interactions
12321,protect,B1,Daily_Life,General_Interactions
12322,protected,B1,Daily_Life,General_Interactions
12323,protecting,B1,Daily_Life,General_Interactions
12324,protection,B1,Daily_Life,General_Interactions
12325,proteins,B1,Health_Medicine,Nutrition_Diet
12326,protest,B1,Education,Exams_Assessments
12327,protest innocence,B1,Education,Exams_Assessments
12328,protocol,B1,Daily_Life,General_Interactions
12329,protocols,B1,Daily_Life,General_Interactions
12330,protract,B1,Psychology_Emotions,Behavior
12331,protrude,B1,Daily_Life,General_Interactions
12332,proud tradition,B1,Daily_Life,General_Interactions
12333,prove,B1,Daily_Life,General_Interactions
12334,proved,B1,Daily_Life,General_Interactions
12335,proven ability,B1,Education,Learning_Skills
12336,provide,B1,Daily_Life,General_Interactions
12337,provide a rationale,B1,Daily_Life,General_Interactions
12338,provide a reference for,B1,Daily_Life,General_Interactions
12339,provide an excellent service,B1,Science_Nature,Biology_Life_Sciences
12340,provide an explanation,B1,Daily_Life,General_Interactions
12341,provide entertainment,B1,Technology_Digital,Artificial_Intelligence
12342,provide moral support,B1,Daily_Life,General_Interactions
12343,provide relief,B1,Daily_Life,General_Interactions
12344,provide shelter,B1,Daily_Life,General_Interactions
12345,provide simultaneous translation,B1,Daily_Life,General_Interactions
12346,provided,B1,Daily_Life,General_Interactions
12347,provident,B1,Daily_Life,General_Interactions
12348,provides,B1,Daily_Life,General_Interactions
12349,providing,B1,Daily_Life,General_Interactions
12350,province,B1,Daily_Life,General_Interactions
12351,provincial,B1,Daily_Life,General_Interactions
12352,proving,B1,Daily_Life,General_Interactions
12353,provisional,B1,Daily_Life,General_Interactions
12354,provocative,B1,Daily_Life,General_Interactions
12355,provoke an outcry,B1,Daily_Life,General_Interactions
12356,provoked,B1,Daily_Life,General_Interactions
12357,prowess,B1,Daily_Life,General_Interactions
12358,proximity,B1,Daily_Life,General_Interactions
12359,prudence,B1,Daily_Life,General_Interactions
12360,prune,B1,Daily_Life,General_Interactions
12361,psychological,B1,Psychology_Emotions,Feelings_Emotions
12362,psychologist,B1,Psychology_Emotions,Feelings_Emotions
12363,public,B1,Daily_Life,General_Interactions
12364,public disorder,B1,Daily_Life,General_Interactions
12365,public pronouncement,B1,Communication_Media_Arts,Speaking_Expressions
12366,public spending,B1,Daily_Life,General_Interactions
12367,publicize,B1,Daily_Life,General_Interactions
12368,publish,B1,Communication_Media_Arts,Speaking_Expressions
12369,publish findings,B1,Communication_Media_Arts,Speaking_Expressions
12370,publish research,B1,Education,Academic_Study
12371,puerile,B1,Daily_Life,General_Interactions
12372,pugnacious,B1,Daily_Life,General_Interactions
12373,pulchritude,B1,Daily_Life,General_Interactions
12374,pull,B1,Daily_Life,General_Interactions
12375,pulled,B1,Daily_Life,General_Interactions
12376,pulley,B1,Daily_Life,General_Interactions
12377,pulling,B1,Daily_Life,General_Interactions
12378,pump,B1,Daily_Life,General_Interactions
12379,punch,B1,Daily_Life,General_Interactions
12380,punitive,B1,Daily_Life,General_Interactions
12381,pupil,B1,Daily_Life,General_Interactions
12382,puppet,B1,Daily_Life,General_Interactions
12383,puppy,B1,Daily_Life,General_Interactions
12384,purchases,B1,Daily_Life,Shopping_Everyday
12385,pure,B1,Daily_Life,General_Interactions
12386,pure luck,B1,Daily_Life,General_Interactions
12387,purification,B1,Daily_Life,General_Interactions
12388,purity,B1,Daily_Life,General_Interactions
12389,purple-brown,B1,Daily_Life,General_Interactions
12390,purport,B1,Daily_Life,General_Interactions
12391,purpose,B1,Psychology_Emotions,Motivation
12392,purposes,B1,Psychology_Emotions,Motivation
12393,purse,B1,Daily_Life,General_Interactions
12394,pursue,B1,Daily_Life,General_Interactions
12395,pursue your interests,B1,Daily_Life,General_Interactions
12396,pursuing,B1,Daily_Life,General_Interactions
12397,purveyor,B1,Daily_Life,General_Interactions
12398,push,B1,Daily_Life,General_Interactions
12399,push back the frontiers,B1,Daily_Life,General_Interactions
12400,push up costs,B1,Business_Finance_Economy,Economy_Markets
12401,push yourself to the limits,B1,Psychology_Emotions,Feelings_Emotions
12402,pushed,B1,Daily_Life,General_Interactions
12403,pushing,B1,Daily_Life,General_Interactions
12404,put,B1,Daily_Life,General_Interactions
12405,put a question to someone,B1,Education,Classroom_Interaction
12406,put a stop to,B1,Daily_Life,General_Interactions
12407,put down a deposit,B1,Daily_Life,General_Interactions
12408,put in an appearance,B1,Technology_Digital,Software_Internet
12409,put in an application,B1,Technology_Digital,Software_Internet
12410,put into practice,B1,Education,Learning_Skills
12411,put on a display,B1,Communication_Media_Arts,Speaking_Expressions
12412,put on standby,B1,Daily_Life,General_Interactions
12413,put on trial,B1,Daily_Life,General_Interactions
12414,put some distance between,B1,Daily_Life,General_Interactions
12415,put someone on hold,B1,Daily_Life,General_Interactions
12416,put someone to any trouble,B1,Daily_Life,General_Interactions
12417,put the case for,B1,Daily_Life,General_Interactions
12418,put the nose to the grindstone,B1,Daily_Life,General_Interactions
12419,put the past behind you,B1,Daily_Life,General_Interactions
12420,put together a cv,B1,Daily_Life,General_Interactions
12421,put together a cv,B1,Daily_Life,General_Interactions
12422,put up a determined performance,B1,Communication_Media_Arts,Speaking_Expressions
12423,put up a performance,B1,Communication_Media_Arts,Speaking_Expressions
12424,put your back into,B1,Daily_Life,General_Interactions
12425,put your best foot forward,B1,Society_Law_Politics,Law_Crime
12426,putting,B1,Daily_Life,General_Interactions
12427,quagmire,B1,Daily_Life,General_Interactions
12428,quaint,B1,Technology_Digital,Artificial_Intelligence
12429,qualify,B1,Daily_Life,General_Interactions
12430,qualify fully,B1,Daily_Life,General_Interactions
12431,qualitatively,B1,Daily_Life,General_Interactions
12432,quality,B1,Daily_Life,General_Interactions
12433,quandary,B1,Daily_Life,General_Interactions
12434,quantifiable,B1,Daily_Life,General_Interactions
12435,quantities,B1,Daily_Life,General_Interactions
12436,quantum-resistant,B1,Daily_Life,General_Interactions
12437,quarter,B1,Communication_Media_Arts,Arts_Creativity
12438,quarterly,B1,Communication_Media_Arts,Arts_Creativity
12439,qubits,B1,Daily_Life,General_Interactions
12440,quell,B1,Daily_Life,General_Interactions
12441,quell unrest,B1,Daily_Life,General_Interactions
12442,queue,B1,Daily_Life,General_Interactions
12443,quick,B1,Daily_Life,General_Interactions
12444,quick learner,B1,Education,Learning_Skills
12445,quicker,B1,Daily_Life,General_Interactions
12446,quickest,B1,Daily_Life,General_Interactions
12447,quickly,B1,Daily_Life,General_Interactions
12448,quiet backwater,B1,Daily_Life,General_Interactions
12449,quieter,B1,Daily_Life,General_Interactions
12450,quintessential,B1,Daily_Life,General_Interactions
12451,quit,B1,Daily_Life,General_Interactions
12452,quite,B1,Daily_Life,General_Interactions
12453,quixotic,B1,Daily_Life,General_Interactions
12454,quote,B1,Daily_Life,General_Interactions
12455,quotidian,B1,Daily_Life,General_Interactions
12456,race,B1,Daily_Life,General_Interactions
12457,raconteur,B1,Daily_Life,General_Interactions
12458,radiate,B1,Daily_Life,General_Interactions
12459,radiation,B1,Daily_Life,General_Interactions
12460,radical,B1,Daily_Life,General_Interactions
12461,radical change,B1,Daily_Life,General_Interactions
12462,radically,B1,Daily_Life,General_Interactions
12463,radiometric,B1,Communication_Media_Arts,Speaking_Expressions
12464,rail,B1,Technology_Digital,Artificial_Intelligence
12465,rail network,B1,Business_Finance_Economy,Jobs_Careers
12466,railway,B1,Technology_Digital,Artificial_Intelligence
12467,rain,B1,Technology_Digital,Artificial_Intelligence
12468,rain sets in,B1,Technology_Digital,Artificial_Intelligence
12469,rainfall,B1,Technology_Digital,Artificial_Intelligence
12470,rainwater,B1,Technology_Digital,Artificial_Intelligence
12471,rainy,B1,Technology_Digital,Artificial_Intelligence
12472,raise,B1,Technology_Digital,Artificial_Intelligence
12473,raise interest rates,B1,Business_Finance_Economy,Economy_Markets
12474,raise your glasses,B1,Technology_Digital,Artificial_Intelligence
12475,raise your voice,B1,Technology_Digital,Artificial_Intelligence
12476,raised,B1,Technology_Digital,Artificial_Intelligence
12477,raises,B1,Technology_Digital,Artificial_Intelligence
12478,raising,B1,Technology_Digital,Artificial_Intelligence
12479,ram,B1,Daily_Life,General_Interactions
12480,rampant inflation,B1,Business_Finance_Economy,Economy_Markets
12481,ran,B1,Daily_Life,General_Interactions
12482,rancor,B1,Daily_Life,General_Interactions
12483,random,B1,Daily_Life,General_Interactions
12484,range,B1,Daily_Life,General_Interactions
12485,ranged,B1,Daily_Life,General_Interactions
12486,rapacious,B1,Daily_Life,General_Interactions
12487,rapid,B1,Daily_Life,General_Interactions
12488,rapidly,B1,Daily_Life,General_Interactions
12489,rare,B1,Daily_Life,General_Interactions
12490,rare illness,B1,Health_Medicine,Illness_Diseases
12491,rarest,B1,Daily_Life,General_Interactions
12492,rash,B1,Daily_Life,General_Interactions
12493,rash promise,B1,Daily_Life,General_Interactions
12494,rat,B1,Daily_Life,General_Interactions
12495,rate,B1,Business_Finance_Economy,Economy_Markets
12496,rated,B1,Business_Finance_Economy,Economy_Markets
12497,rather,B1,Daily_Life,General_Interactions
12498,rational,B1,Daily_Life,General_Interactions
12499,rationale,B1,Daily_Life,General_Interactions
12500,ravage,B1,Daily_Life,General_Interactions
12501,raw,B1,Daily_Life,General_Interactions
12502,re-open a debate,B1,Communication_Media_Arts,Opinion_Discussion
12503,reach,B1,Daily_Life,General_Interactions
12504,reach agreement,B1,Communication_Media_Arts,Opinion_Discussion
12505,reach fever pitch,B1,Daily_Life,General_Interactions
12506,reach the decision,B1,Daily_Life,General_Interactions
12507,reached,B1,Daily_Life,General_Interactions
12508,reaching,B1,Daily_Life,General_Interactions
12509,react,B1,Psychology_Emotions,Behavior
12510,reacted,B1,Psychology_Emotions,Behavior
12511,reactions,B1,Science_Nature,Physics_Chemistry
12512,reactor,B1,Psychology_Emotions,Behavior
12513,read a subject at university,B1,Education,University_School
12514,reader,B1,Communication_Media_Arts,Speaking_Expressions
12515,readiness,B1,Communication_Media_Arts,Speaking_Expressions
12516,reading,B1,Communication_Media_Arts,Speaking_Expressions
12517,ready,B1,Communication_Media_Arts,Speaking_Expressions
12518,reaffirm a commitment,B1,Daily_Life,General_Interactions
12519,real-time,B1,Daily_Life,Time_Management
12520,realise your potential,B1,Daily_Life,General_Interactions
12521,realised,B1,Daily_Life,General_Interactions
12522,realize,B1,Daily_Life,General_Interactions
12523,realized,B1,Daily_Life,General_Interactions
12524,realizing,B1,Daily_Life,General_Interactions
12525,reallocate,B1,Daily_Life,General_Interactions
12526,really,B1,Daily_Life,General_Interactions
12527,really / very much look forward to,B1,Society_Law_Politics,Law_Crime
12528,really get to someone,B1,Daily_Life,General_Interactions
12529,really good,B1,Daily_Life,General_Interactions
12530,realm,B1,Daily_Life,General_Interactions
12531,reappear,B1,Technology_Digital,Software_Internet
12532,rear,B1,Daily_Life,General_Interactions
12533,reason,B1,Daily_Life,General_Interactions
12534,reasoning,B1,Daily_Life,General_Interactions
12535,rebellion,B1,Daily_Life,General_Interactions
12536,rebirth,B1,Daily_Life,General_Interactions
12537,rebound,B1,Daily_Life,General_Interactions
12538,rebuilt,B1,Daily_Life,General_Interactions
12539,recalcitrant,B1,Daily_Life,General_Interactions
12540,recant,B1,Daily_Life,General_Interactions
12541,received,B1,Daily_Life,General_Interactions
12542,receiver,B1,Daily_Life,General_Interactions
12543,receiving,B1,Daily_Life,General_Interactions
12544,recent,B1,Daily_Life,General_Interactions
12545,recently,B1,Daily_Life,General_Interactions
12546,reception,B1,Daily_Life,General_Interactions
12547,receptivity to,B1,Daily_Life,General_Interactions
12548,recharge,B1,Daily_Life,General_Interactions
12549,recipe,B1,Daily_Life,General_Interactions
12550,recipes,B1,Daily_Life,General_Interactions
12551,recipients,B1,Daily_Life,General_Interactions
12552,recklessness,B1,Daily_Life,General_Interactions
12553,recluse,B1,Daily_Life,General_Interactions
12554,recognize,B1,Daily_Life,General_Interactions
12555,recognized,B1,Daily_Life,General_Interactions
12556,recollect,B1,Daily_Life,General_Interactions
12557,recommend,B1,Daily_Life,General_Interactions
12558,recommendation,B1,Daily_Life,General_Interactions
12559,reconcile,B1,Daily_Life,General_Interactions
12560,recondite,B1,Daily_Life,General_Interactions
12561,reconnaissance,B1,Technology_Digital,Artificial_Intelligence
12562,reconsider,B1,Daily_Life,General_Interactions
12563,reconstruct,B1,Daily_Life,General_Interactions
12564,recorded,B1,Daily_Life,General_Interactions
12565,recorder,B1,Daily_Life,General_Interactions
12566,recording,B1,Daily_Life,General_Interactions
12567,recordings,B1,Daily_Life,General_Interactions
12568,records,B1,Daily_Life,General_Interactions
12569,recount,B1,Daily_Life,General_Interactions
12570,recourse,B1,Education,University_School
12571,recovered,B1,Health_Medicine,Healthcare_Hospital
12572,recovering,B1,Health_Medicine,Healthcare_Hospital
12573,recovery,B1,Health_Medicine,Healthcare_Hospital
12574,recovery of money,B1,Business_Finance_Economy,Finance_Banking
12575,recreate,B1,Health_Medicine,Healthcare_Hospital
12576,recruit,B1,Daily_Life,General_Interactions
12577,rectangle,B1,Daily_Life,General_Interactions
12578,rectify,B1,Daily_Life,General_Interactions
12579,recumbent,B1,Daily_Life,General_Interactions
12580,recuperate,B1,Business_Finance_Economy,Economy_Markets
12581,recur,B1,Daily_Life,General_Interactions
12582,recycle,B1,Daily_Life,General_Interactions
12583,recycle waste,B1,Daily_Life,General_Interactions
12584,reddest,B1,Daily_Life,General_Interactions
12585,rediscover,B1,Science_Nature,Natural_Phenomena
12586,redolent,B1,Daily_Life,General_Interactions
12587,reduce,B1,Daily_Life,General_Interactions
12588,reduce your carbon footprint,B1,Travel_Transportation,Road_Travel
12589,reduce your stress level,B1,Health_Medicine,Mental_Health
12590,reduced,B1,Daily_Life,General_Interactions
12591,reduces,B1,Daily_Life,General_Interactions
12592,reducing,B1,Daily_Life,General_Interactions
12593,reduction,B1,Daily_Life,General_Interactions
12594,redundancy,B1,Daily_Life,General_Interactions
12595,reel,B1,Daily_Life,General_Interactions
12596,refer,B1,Daily_Life,General_Interactions
12597,references,B1,Daily_Life,General_Interactions
12598,referred,B1,Daily_Life,General_Interactions
12599,refined,B1,Daily_Life,General_Interactions
12600,reflects,B1,Daily_Life,General_Interactions
12601,reflexivity,B1,Daily_Life,General_Interactions
12602,reformation,B1,Society_Law_Politics,Public_Policies
12603,refractory,B1,Psychology_Emotions,Behavior
12604,refrain,B1,Technology_Digital,Artificial_Intelligence
12605,refreshments,B1,Daily_Life,General_Interactions
12606,refrigeration,B1,Daily_Life,General_Interactions
12607,refuge,B1,Daily_Life,General_Interactions
12608,refulgent,B1,Daily_Life,General_Interactions
12609,refuse,B1,Daily_Life,General_Interactions
12610,refuse point-blank,B1,Daily_Life,General_Interactions
12611,refused,B1,Daily_Life,General_Interactions
12612,regale,B1,Daily_Life,General_Interactions
12613,regarded,B1,Daily_Life,General_Interactions
12614,regardless,B1,Daily_Life,General_Interactions
12615,regenerate,B1,Business_Finance_Economy,Economy_Markets
12616,regime topples,B1,Society_Law_Politics,Government_Politics
12617,region,B1,Daily_Life,General_Interactions
12618,regions,B1,Daily_Life,General_Interactions
12619,register,B1,Daily_Life,General_Interactions
12620,registered,B1,Daily_Life,General_Interactions
12621,registering,B1,Daily_Life,General_Interactions
12622,registrar,B1,Daily_Life,General_Interactions
12623,registration,B1,Daily_Life,General_Interactions
12624,regrettable,B1,Daily_Life,General_Interactions
12625,regrettably,B1,Daily_Life,General_Interactions
12626,regular,B1,Daily_Life,Routine_Activities
12627,regular customer,B1,Daily_Life,Routine_Activities
12628,regular update,B1,Daily_Life,Routine_Activities
12629,regularly,B1,Daily_Life,Routine_Activities
12630,regulates,B1,Daily_Life,General_Interactions
12631,regulating,B1,Daily_Life,General_Interactions
12632,regulation,B1,Society_Law_Politics,Public_Policies
12633,regulations,B1,Society_Law_Politics,Public_Policies
12634,regulatory,B1,Daily_Life,General_Interactions
12635,rehearse,B1,Daily_Life,General_Interactions
12636,reign,B1,Daily_Life,General_Interactions
12637,reinforce,B1,Science_Nature,Physics_Chemistry
12638,reintroduce,B1,Daily_Life,General_Interactions
12639,reiterate,B1,Business_Finance_Economy,Economy_Markets
12640,reject a charge,B1,Daily_Life,General_Interactions
12641,reject out of hand,B1,Daily_Life,General_Interactions
12642,rejection,B1,Daily_Life,General_Interactions
12643,rekindle memories,B1,Psychology_Emotions,Personality
12644,related,B1,Daily_Life,General_Interactions
12645,relating,B1,Daily_Life,General_Interactions
12646,relationship,B1,Daily_Life,General_Interactions
12647,relationship breaks down,B1,Daily_Life,General_Interactions
12648,relationships,B1,Daily_Life,General_Interactions
12649,relative,B1,Daily_Life,General_Interactions
12650,relatively,B1,Daily_Life,General_Interactions
12651,relax,B1,Psychology_Emotions,Stress_Mental_State
12652,relaxation,B1,Psychology_Emotions,Stress_Mental_State
12653,relaxed,B1,Psychology_Emotions,Stress_Mental_State
12654,relaxing,B1,Psychology_Emotions,Stress_Mental_State
12655,released,B1,Daily_Life,General_Interactions
12656,releasing,B1,Communication_Media_Arts,Speaking_Expressions
12657,relegate,B1,Daily_Life,General_Interactions
12658,relevant,B1,Daily_Life,General_Interactions
12659,reliability,B1,Education,Learning_Skills
12660,reliable public transport,B1,Health_Medicine,Fitness_Exercise
12661,reliable source,B1,Daily_Life,General_Interactions
12662,relics,B1,Daily_Life,General_Interactions
12663,relied,B1,Daily_Life,General_Interactions
12664,relief,B1,Daily_Life,General_Interactions
12665,relieve,B1,Daily_Life,General_Interactions
12666,relieve someone of their duties,B1,Daily_Life,General_Interactions
12667,relieved,B1,Daily_Life,General_Interactions
12668,relieves,B1,Daily_Life,General_Interactions
12669,religion,B1,Daily_Life,General_Interactions
12670,religious,B1,Daily_Life,General_Interactions
12671,relish,B1,Daily_Life,General_Interactions
12672,relish a challenge,B1,Daily_Life,General_Interactions
12673,relocate,B1,Daily_Life,General_Interactions
12674,relocation,B1,Travel_Transportation,Navigation_Directions
12675,reluctance,B1,Daily_Life,General_Interactions
12676,reluctant,B1,Daily_Life,General_Interactions
12677,rely,B1,Daily_Life,General_Interactions
12678,rely on,B1,Daily_Life,General_Interactions
12679,remain,B1,Technology_Digital,Artificial_Intelligence
12680,remain on friendly terms,B1,Technology_Digital,Artificial_Intelligence
12681,remain unchanged,B1,Technology_Digital,Artificial_Intelligence
12682,remained,B1,Technology_Digital,Artificial_Intelligence
12683,remaining,B1,Technology_Digital,Artificial_Intelligence
12684,remains,B1,Technology_Digital,Artificial_Intelligence
12685,remand in custody,B1,Daily_Life,General_Interactions
12686,remarkably,B1,Daily_Life,General_Interactions
12687,remediable,B1,Communication_Media_Arts,Media_Journalism
12688,remember,B1,Daily_Life,General_Interactions
12689,remembered,B1,Daily_Life,General_Interactions
12690,remind,B1,Health_Medicine,Mental_Health
12691,reminded,B1,Health_Medicine,Mental_Health
12692,reminder,B1,Health_Medicine,Mental_Health
12693,reminding,B1,Health_Medicine,Mental_Health
12694,remnant,B1,Daily_Life,General_Interactions
12695,remnants,B1,Daily_Life,General_Interactions
12696,remonstrate,B1,Business_Finance_Economy,Economy_Markets
12697,remote,B1,Daily_Life,General_Interactions
12698,remote access your email,B1,Technology_Digital,Software_Internet
12699,removal,B1,Daily_Life,General_Interactions
12700,remove,B1,Daily_Life,General_Interactions
12701,removed,B1,Daily_Life,General_Interactions
12702,removing,B1,Daily_Life,General_Interactions
12703,render,B1,Daily_Life,General_Interactions
12704,render obsolete,B1,Daily_Life,General_Interactions
12705,rendering,B1,Daily_Life,General_Interactions
12706,renew,B1,Daily_Life,General_Interactions
12707,renewable energy,B1,Science_Nature,Physics_Chemistry
12708,renewal,B1,Daily_Life,General_Interactions
12709,renewed,B1,Daily_Life,General_Interactions
12710,renounce,B1,Daily_Life,General_Interactions
12711,renovation,B1,Daily_Life,General_Interactions
12712,renovations,B1,Daily_Life,General_Interactions
12713,renowned,B1,Daily_Life,General_Interactions
12714,renting,B1,Daily_Life,Home_Housing
12715,reopen,B1,Daily_Life,General_Interactions
12716,rep,B1,Daily_Life,General_Interactions
12717,repair,B1,Technology_Digital,Artificial_Intelligence
12718,repairing,B1,Technology_Digital,Artificial_Intelligence
12719,repairs,B1,Technology_Digital,Artificial_Intelligence
12720,reparation,B1,Daily_Life,General_Interactions
12721,repeat,B1,Health_Medicine,Healthcare_Hospital
12722,repeated,B1,Health_Medicine,Healthcare_Hospital
12723,repel,B1,Daily_Life,General_Interactions
12724,repercussion,B1,Daily_Life,General_Interactions
12725,replace,B1,Daily_Life,General_Interactions
12726,replaced,B1,Daily_Life,General_Interactions
12727,replacement bus service,B1,Travel_Transportation,Public_Transport
12728,replacing,B1,Daily_Life,General_Interactions
12729,replay,B1,Communication_Media_Arts,Speaking_Expressions
12730,replaying,B1,Communication_Media_Arts,Speaking_Expressions
12731,replenish,B1,Daily_Life,General_Interactions
12732,replete,B1,Daily_Life,General_Interactions
12733,replicas,B1,Daily_Life,General_Interactions
12734,replicate,B1,Daily_Life,General_Interactions
12735,replicating,B1,Daily_Life,General_Interactions
12736,report,B1,Communication_Media_Arts,Media_Journalism
12737,repose,B1,Daily_Life,General_Interactions
12738,reprehensible,B1,Daily_Life,General_Interactions
12739,represent,B1,Communication_Media_Arts,Speaking_Expressions
12740,representation,B1,Education,Classroom_Interaction
12741,repress,B1,Communication_Media_Arts,Media_Journalism
12742,reproach,B1,Daily_Life,General_Interactions
12743,reprobate,B1,Daily_Life,General_Interactions
12744,reproduce,B1,Daily_Life,General_Interactions
12745,reproduction,B1,Daily_Life,Shopping_Everyday
12746,republic,B1,Daily_Life,General_Interactions
12747,repudiate,B1,Daily_Life,General_Interactions
12748,repugnant,B1,Daily_Life,General_Interactions
12749,reputation,B1,Daily_Life,General_Interactions
12750,request an extension,B1,Daily_Life,General_Interactions
12751,requesting,B1,Daily_Life,General_Interactions
12752,require,B1,Daily_Life,General_Interactions
12753,required,B1,Daily_Life,General_Interactions
12754,requirement,B1,Daily_Life,General_Interactions
12755,requirements,B1,Daily_Life,General_Interactions
12756,requires,B1,Daily_Life,General_Interactions
12757,rescheduled,B1,Daily_Life,Routine_Activities
12758,rescind,B1,Daily_Life,General_Interactions
12759,rescue,B1,Daily_Life,General_Interactions
12760,rescued,B1,Daily_Life,General_Interactions
12761,rescuing,B1,Daily_Life,General_Interactions
12762,research ethics,B1,Education,Academic_Study
12763,research indicates,B1,Education,Academic_Study
12764,researcher,B1,Education,Academic_Study
12765,researchers,B1,Education,Academic_Study
12766,resembling,B1,Daily_Life,General_Interactions
12767,reserve,B1,Daily_Life,General_Interactions
12768,reshape,B1,Daily_Life,General_Interactions
12769,reshaped,B1,Daily_Life,General_Interactions
12770,reshelve,B1,Daily_Life,General_Interactions
12771,resident,B1,Daily_Life,General_Interactions
12772,residential,B1,Daily_Life,General_Interactions
12773,residential dwellings,B1,Daily_Life,General_Interactions
12774,residents,B1,Daily_Life,General_Interactions
12775,resign from office,B1,Business_Finance_Economy,Jobs_Careers
12776,resignation,B1,Business_Finance_Economy,Jobs_Careers
12777,resilience,B1,Daily_Life,General_Interactions
12778,resolute,B1,Daily_Life,General_Interactions
12779,resolution,B1,Daily_Life,General_Interactions
12780,resolve,B1,Daily_Life,General_Interactions
12781,resonant,B1,Daily_Life,General_Interactions
12782,resonates,B1,Daily_Life,General_Interactions
12783,resort,B1,Travel_Transportation,Hotels_Tourism
12784,resource,B1,Daily_Life,General_Interactions
12785,resources,B1,Daily_Life,General_Interactions
12786,respect,B1,Society_Law_Politics,Human_Rights
12787,respect someone's wishes,B1,Society_Law_Politics,Human_Rights
12788,respective,B1,Society_Law_Politics,Human_Rights
12789,respectively,B1,Society_Law_Politics,Human_Rights
12790,respiration,B1,Daily_Life,General_Interactions
12791,respiratory,B1,Daily_Life,General_Interactions
12792,respite,B1,Daily_Life,General_Interactions
12793,resplendent,B1,Daily_Life,General_Interactions
12794,respond,B1,Daily_Life,General_Interactions
12795,respond to an emergency,B1,Daily_Life,General_Interactions
12796,respond well to treatment,B1,Health_Medicine,Healthcare_Hospital
12797,responded,B1,Daily_Life,General_Interactions
12798,response,B1,Psychology_Emotions,Behavior
12799,responsibility,B1,Daily_Life,General_Interactions
12800,responsible,B1,Daily_Life,General_Interactions
12801,rest,B1,Daily_Life,General_Interactions
12802,resting,B1,Daily_Life,General_Interactions
12803,restoration,B1,Daily_Life,General_Interactions
12804,restorative,B1,Daily_Life,General_Interactions
12805,restore peace,B1,Psychology_Emotions,Stress_Mental_State
12806,restore power,B1,Daily_Life,Shopping_Everyday
12807,restore to its former glory,B1,Daily_Life,Shopping_Everyday
12808,restrain,B1,Technology_Digital,Artificial_Intelligence
12809,restraint,B1,Technology_Digital,Artificial_Intelligence
12810,restrict,B1,Daily_Life,General_Interactions
12811,restricted,B1,Daily_Life,General_Interactions
12812,restricts,B1,Daily_Life,General_Interactions
12813,result,B1,Daily_Life,General_Interactions
12814,result problem,B1,Daily_Life,General_Interactions
12815,resulted,B1,Daily_Life,General_Interactions
12816,resulting,B1,Daily_Life,General_Interactions
12817,resume,B1,Daily_Life,General_Interactions
12818,resurgence,B1,Daily_Life,General_Interactions
12819,retail,B1,Technology_Digital,Artificial_Intelligence
12820,retained,B1,Technology_Digital,Artificial_Intelligence
12821,retarded,B1,Daily_Life,General_Interactions
12822,retention,B1,Daily_Life,General_Interactions
12823,reticent,B1,Daily_Life,General_Interactions
12824,retired,B1,Daily_Life,General_Interactions
12825,retrain,B1,Technology_Digital,Artificial_Intelligence
12826,retreat,B1,Health_Medicine,Healthcare_Hospital
12827,retrospect,B1,Daily_Life,General_Interactions
12828,retrospective,B1,Daily_Life,General_Interactions
12829,return,B1,Daily_Life,General_Interactions
12830,returned,B1,Daily_Life,General_Interactions
12831,returning,B1,Daily_Life,General_Interactions
12832,returns,B1,Daily_Life,General_Interactions
12833,reusable,B1,Daily_Life,General_Interactions
12834,reusing,B1,Communication_Media_Arts,Speaking_Expressions
12835,reveal a talent,B1,Daily_Life,General_Interactions
12836,reveal secrets,B1,Daily_Life,General_Interactions
12837,reveal the truth,B1,Daily_Life,General_Interactions
12838,revealed,B1,Daily_Life,General_Interactions
12839,revealing,B1,Daily_Life,General_Interactions
12840,reveals,B1,Daily_Life,General_Interactions
12841,revel,B1,Daily_Life,General_Interactions
12842,revenue,B1,Business_Finance_Economy,Business_Management
12843,reverent,B1,Daily_Life,Home_Housing
12844,reverse,B1,Daily_Life,General_Interactions
12845,reversing,B1,Communication_Media_Arts,Speaking_Expressions
12846,review,B1,Daily_Life,General_Interactions
12847,reviews,B1,Daily_Life,General_Interactions
12848,revile,B1,Daily_Life,General_Interactions
12849,revise,B1,Daily_Life,General_Interactions
12850,revised,B1,Daily_Life,General_Interactions
12851,revision,B1,Daily_Life,General_Interactions
12852,revitalization,B1,Daily_Life,General_Interactions
12853,revival,B1,Daily_Life,General_Interactions
12854,revolt,B1,Daily_Life,General_Interactions
12855,revolutionize,B1,Science_Nature,Biology_Life_Sciences
12856,revolutionized,B1,Science_Nature,Biology_Life_Sciences
12857,rewarding,B1,Society_Law_Politics,Law_Crime
12858,rewrote,B1,Daily_Life,General_Interactions
12859,rhetoric,B1,Daily_Life,General_Interactions
12860,rhyme,B1,Daily_Life,General_Interactions
12861,ribbon,B1,Daily_Life,General_Interactions
12862,rich,B1,Daily_Life,General_Interactions
12863,rich source,B1,Daily_Life,General_Interactions
12864,rich tradition,B1,Daily_Life,General_Interactions
12865,richer,B1,Daily_Life,General_Interactions
12866,richest,B1,Daily_Life,General_Interactions
12867,rid,B1,Daily_Life,General_Interactions
12868,riding,B1,Daily_Life,General_Interactions
12869,right,B1,Society_Law_Politics,Law_Crime
12870,rights,B1,Society_Law_Politics,Law_Crime
12871,rigidly,B1,Daily_Life,General_Interactions
12872,rigorous,B1,Daily_Life,General_Interactions
12873,rigors,B1,Daily_Life,General_Interactions
12874,rim,B1,Daily_Life,General_Interactions
12875,ring,B1,Daily_Life,General_Interactions
12876,ringed,B1,Daily_Life,General_Interactions
12877,riot erupts,B1,Daily_Life,General_Interactions
12878,rip,B1,Daily_Life,General_Interactions
12879,ripe,B1,Daily_Life,General_Interactions
12880,rise,B1,Daily_Life,General_Interactions
12881,rising,B1,Communication_Media_Arts,Speaking_Expressions
12882,rising unemployment,B1,Business_Finance_Economy,Jobs_Careers
12883,risk,B1,Business_Finance_Economy,Entrepreneurship
12884,risk to public health,B1,Business_Finance_Economy,Entrepreneurship
12885,risky,B1,Business_Finance_Economy,Entrepreneurship
12886,ritual,B1,Daily_Life,General_Interactions
12887,rituals,B1,Daily_Life,General_Interactions
12888,rival,B1,Daily_Life,General_Interactions
12889,road,B1,Travel_Transportation,Road_Travel
12890,road closure,B1,Travel_Transportation,Road_Travel
12891,roam,B1,Daily_Life,General_Interactions
12892,roasted,B1,Daily_Life,General_Interactions
12893,rock,B1,Daily_Life,General_Interactions
12894,rocket,B1,Daily_Life,General_Interactions
12895,rocky,B1,Daily_Life,General_Interactions
12896,rod,B1,Daily_Life,General_Interactions
12897,rode,B1,Daily_Life,General_Interactions
12898,role,B1,Daily_Life,General_Interactions
12899,roll,B1,Daily_Life,General_Interactions
12900,rolled,B1,Daily_Life,General_Interactions
12901,rolling,B1,Daily_Life,General_Interactions
12902,roof,B1,Daily_Life,General_Interactions
12903,rooftop,B1,Daily_Life,General_Interactions
12904,room,B1,Daily_Life,Home_Housing
12905,room for improvement,B1,Daily_Life,Home_Housing
12906,root,B1,Daily_Life,General_Interactions
12907,root cause,B1,Daily_Life,General_Interactions
12908,rooted,B1,Daily_Life,General_Interactions
12909,rose,B1,Daily_Life,General_Interactions
12910,rotated,B1,Daily_Life,General_Interactions
12911,rotation,B1,Daily_Life,General_Interactions
12912,rough idea,B1,Daily_Life,General_Interactions
12913,roughly,B1,Daily_Life,General_Interactions
12914,round,B1,Daily_Life,General_Interactions
12915,rounded,B1,Daily_Life,General_Interactions
12916,rousing,B1,Communication_Media_Arts,Speaking_Expressions
12917,route,B1,Travel_Transportation,Road_Travel
12918,routes,B1,Travel_Transportation,Road_Travel
12919,routine,B1,Daily_Life,Routine_Activities
12920,row,B1,Daily_Life,General_Interactions
12921,royal,B1,Daily_Life,General_Interactions
12922,rub sth out,B1,Daily_Life,General_Interactions
12923,rubbed,B1,Daily_Life,General_Interactions
12924,rubbish,B1,Daily_Life,General_Interactions
12925,rudiment,B1,Daily_Life,General_Interactions
12926,rugged,B1,Daily_Life,General_Interactions
12927,ruin,B1,Daily_Life,General_Interactions
12928,ruined,B1,Daily_Life,General_Interactions
12929,ruining,B1,Daily_Life,General_Interactions
12930,rule,B1,Society_Law_Politics,Law_Crime
12931,ruled,B1,Society_Law_Politics,Law_Crime
12932,rules,B1,Society_Law_Politics,Law_Crime
12933,rum our flies around,B1,Daily_Life,General_Interactions
12934,rumour flies around,B1,Daily_Life,General_Interactions
12935,run,B1,Daily_Life,General_Interactions
12936,run dry,B1,Daily_Life,General_Interactions
12937,run errands,B1,Daily_Life,General_Interactions
12938,run into difficulties,B1,Daily_Life,General_Interactions
12939,run into trouble,B1,Daily_Life,General_Interactions
12940,run late,B1,Daily_Life,General_Interactions
12941,run smoothly,B1,Daily_Life,General_Interactions
12942,run up a bill,B1,Health_Medicine,Healthcare_Hospital
12943,run up a huge debt,B1,Business_Finance_Economy,Finance_Banking
12944,run up an overdraft,B1,Daily_Life,General_Interactions
12945,run up curtains,B1,Technology_Digital,Artificial_Intelligence
12946,run-down area,B1,Daily_Life,General_Interactions
12947,running,B1,Health_Medicine,Fitness_Exercise
12948,runoff,B1,Daily_Life,General_Interactions
12949,rupture,B1,Daily_Life,General_Interactions
12950,rural,B1,Daily_Life,General_Interactions
12951,rural idyll,B1,Daily_Life,General_Interactions
12952,rush,B1,Daily_Life,General_Interactions
12953,rush hour,B1,Daily_Life,Time_Management
12954,rust,B1,Daily_Life,General_Interactions
12955,rustic charm,B1,Daily_Life,General_Interactions
12956,rustle up a meal,B1,Health_Medicine,Nutrition_Diet
12957,saccharine,B1,Daily_Life,General_Interactions
12958,sacred,B1,Daily_Life,General_Interactions
12959,sacrilege,B1,Daily_Life,General_Interactions
12960,safeguard someone's interests,B1,Daily_Life,General_Interactions
12961,safely,B1,Daily_Life,General_Interactions
12962,safer,B1,Daily_Life,General_Interactions
12963,safety,B1,Daily_Life,General_Interactions
12964,sagacious,B1,Daily_Life,General_Interactions
12965,sail,B1,Technology_Digital,Artificial_Intelligence
12966,sailed,B1,Technology_Digital,Artificial_Intelligence
12967,sailing,B1,Technology_Digital,Artificial_Intelligence
12968,salary,B1,Business_Finance_Economy,Jobs_Careers
12969,sale,B1,Business_Finance_Economy,Business_Management
12970,salient,B1,Daily_Life,General_Interactions
12971,salinity,B1,Daily_Life,General_Interactions
12972,salmon,B1,Daily_Life,General_Interactions
12973,salt,B1,Daily_Life,General_Interactions
12974,salubrious,B1,Daily_Life,General_Interactions
12975,salvation,B1,Daily_Life,General_Interactions
12976,sample,B1,Daily_Life,General_Interactions
12977,samples,B1,Daily_Life,General_Interactions
12978,sampling,B1,Daily_Life,General_Interactions
12979,sanction,B1,Daily_Life,General_Interactions
12980,sanctuary,B1,Daily_Life,General_Interactions
12981,sanguine,B1,Daily_Life,General_Interactions
12982,sanitation,B1,Daily_Life,General_Interactions
12983,sap,B1,Daily_Life,General_Interactions
12984,satellites,B1,Communication_Media_Arts,Speaking_Expressions
12985,satiate,B1,Daily_Life,General_Interactions
12986,satisfied customer,B1,Daily_Life,Shopping_Everyday
12987,satisfy a demand,B1,Business_Finance_Economy,Economy_Markets
12988,satisfy the requirements,B1,Daily_Life,General_Interactions
12989,savannah,B1,Daily_Life,General_Interactions
12990,save,B1,Daily_Life,General_Interactions
12991,saved,B1,Daily_Life,General_Interactions
12992,saving,B1,Daily_Life,General_Interactions
12993,savings,B1,Daily_Life,General_Interactions
12994,saw,B1,Daily_Life,General_Interactions
12995,sawdust,B1,Daily_Life,General_Interactions
12996,scale,B1,Daily_Life,General_Interactions
12997,scanned,B1,Daily_Life,General_Interactions
12998,scanner,B1,Daily_Life,General_Interactions
12999,scanning,B1,Daily_Life,General_Interactions
13000,scant,B1,Daily_Life,General_Interactions
13001,scanty,B1,Daily_Life,General_Interactions
13002,scarce,B1,Travel_Transportation,Road_Travel
13003,scarcity,B1,Travel_Transportation,Road_Travel
13004,scathing,B1,Daily_Life,General_Interactions
13005,scatter,B1,Daily_Life,General_Interactions
13006,scenario,B1,Daily_Life,General_Interactions
13007,scenarios,B1,Daily_Life,General_Interactions
13008,scene,B1,Daily_Life,General_Interactions
13009,scenery,B1,Daily_Life,General_Interactions
13010,scent,B1,Daily_Life,General_Interactions
13011,scented,B1,Daily_Life,General_Interactions
13012,scheduled,B1,Daily_Life,Routine_Activities
13013,scheduling,B1,Daily_Life,General_Interactions
13014,scheme,B1,Daily_Life,General_Interactions
13015,scholars,B1,Daily_Life,General_Interactions
13016,scholarship,B1,Daily_Life,General_Interactions
13017,school,B1,Education,University_School
13018,school of fish,B1,Education,University_School
13019,school of sardines,B1,Education,University_School
13020,schoolchildren,B1,Education,University_School
13021,schooling,B1,Education,University_School
13022,sciences,B1,Education,Academic_Study
13023,scientific,B1,Daily_Life,General_Interactions
13024,scientist,B1,Daily_Life,General_Interactions
13025,scooping,B1,Daily_Life,General_Interactions
13026,scope,B1,Daily_Life,General_Interactions
13027,scorching,B1,Daily_Life,General_Interactions
13028,score,B1,Education,Exams_Assessments
13029,score an own goal,B1,Education,Exams_Assessments
13030,score stands at,B1,Education,Exams_Assessments
13031,scored,B1,Education,Exams_Assessments
13032,scores,B1,Education,Exams_Assessments
13033,scorn,B1,Daily_Life,General_Interactions
13034,scorpion,B1,Daily_Life,General_Interactions
13035,scotland,B1,Daily_Life,General_Interactions
13036,scottish,B1,Daily_Life,General_Interactions
13037,scrap,B1,Daily_Life,General_Interactions
13038,scraped,B1,Daily_Life,General_Interactions
13039,scraping,B1,Daily_Life,General_Interactions
13040,scratch,B1,Daily_Life,General_Interactions
13041,scratched,B1,Daily_Life,General_Interactions
13042,scream,B1,Daily_Life,General_Interactions
13043,screamed,B1,Daily_Life,General_Interactions
13044,screw,B1,Daily_Life,General_Interactions
13045,screws,B1,Daily_Life,General_Interactions
13046,scroll,B1,Daily_Life,General_Interactions
13047,scrutinize,B1,Daily_Life,General_Interactions
13048,scrutiny,B1,Daily_Life,General_Interactions
13049,sculpt,B1,Daily_Life,General_Interactions
13050,sculptures,B1,Communication_Media_Arts,Arts_Creativity
13051,scurvy,B1,Daily_Life,General_Interactions
13052,sea-creature,B1,Health_Medicine,Healthcare_Hospital
13053,seabed,B1,Daily_Life,General_Interactions
13054,sealed,B1,Daily_Life,General_Interactions
13055,seamen,B1,Daily_Life,General_Interactions
13056,seamlessly,B1,Daily_Life,General_Interactions
13057,search,B1,Technology_Digital,Software_Internet
13058,searching,B1,Technology_Digital,Software_Internet
13059,searing heat,B1,Health_Medicine,Healthcare_Hospital
13060,seashore,B1,Daily_Life,General_Interactions
13061,season,B1,Daily_Life,General_Interactions
13062,season ticket,B1,Travel_Transportation,Public_Transport
13063,seasonal,B1,Daily_Life,General_Interactions
13064,seasonality,B1,Daily_Life,General_Interactions
13065,seat of learning,B1,Education,Learning_Skills
13066,seating,B1,Health_Medicine,Healthcare_Hospital
13067,seawater,B1,Daily_Life,General_Interactions
13068,second,B1,Daily_Life,General_Interactions
13069,second-hand,B1,Daily_Life,General_Interactions
13070,secondhand,B1,Daily_Life,General_Interactions
13071,secret,B1,Daily_Life,General_Interactions
13072,secretary,B1,Daily_Life,General_Interactions
13073,secrete,B1,Daily_Life,General_Interactions
13074,section,B1,Daily_Life,General_Interactions
13075,sections,B1,Daily_Life,General_Interactions
13076,sector,B1,Daily_Life,General_Interactions
13077,sectors,B1,Daily_Life,General_Interactions
13078,secure,B1,Health_Medicine,Illness_Diseases
13079,secure a majority,B1,Health_Medicine,Illness_Diseases
13080,secure a place,B1,Health_Medicine,Illness_Diseases
13081,secured,B1,Health_Medicine,Illness_Diseases
13082,sedentary,B1,Daily_Life,General_Interactions
13083,sediment,B1,Daily_Life,General_Interactions
13084,sedimentary,B1,Daily_Life,General_Interactions
13085,sediments,B1,Daily_Life,General_Interactions
13086,sedulous,B1,Daily_Life,General_Interactions
13087,see a decline,B1,Daily_Life,General_Interactions
13088,see a fall,B1,Daily_Life,General_Interactions
13089,see a growth,B1,Daily_Life,General_Interactions
13090,see a rise,B1,Daily_Life,General_Interactions
13091,see a rising,B1,Communication_Media_Arts,Speaking_Expressions
13092,see off an intruder,B1,Daily_Life,General_Interactions
13093,see off an opponent,B1,Daily_Life,General_Interactions
13094,see the error of your ways,B1,Daily_Life,General_Interactions
13095,seeds,B1,Daily_Life,General_Interactions
13096,seeing,B1,Daily_Life,General_Interactions
13097,seek,B1,Daily_Life,General_Interactions
13098,seek permission,B1,Daily_Life,General_Interactions
13099,seeking,B1,Daily_Life,General_Interactions
13100,seemed,B1,Daily_Life,General_Interactions
13101,seen,B1,Daily_Life,General_Interactions
13102,seesaw,B1,Daily_Life,General_Interactions
13103,seething,B1,Daily_Life,General_Interactions
13104,segment,B1,Daily_Life,General_Interactions
13105,seismic,B1,Daily_Life,General_Interactions
13106,seismometers,B1,Daily_Life,General_Interactions
13107,seize,B1,Daily_Life,General_Interactions
13108,seize power,B1,Daily_Life,General_Interactions
13109,seldom,B1,Daily_Life,General_Interactions
13110,select,B1,Daily_Life,General_Interactions
13111,select a research topic,B1,Education,Academic_Study
13112,selected,B1,Daily_Life,General_Interactions
13113,selecting,B1,Daily_Life,General_Interactions
13114,selection,B1,Society_Law_Politics,Government_Politics
13115,self,B1,Psychology_Emotions,Feelings_Emotions
13116,sell,B1,Business_Finance_Economy,Business_Management
13117,sell your story,B1,Communication_Media_Arts,Writing_Language
13118,selling,B1,Business_Finance_Economy,Business_Management
13119,semester,B1,Education,Academic_Study
13120,semiconductor,B1,Daily_Life,General_Interactions
13121,seminal,B1,Daily_Life,General_Interactions
13122,send out a search party,B1,Technology_Digital,Software_Internet
13123,sender,B1,Daily_Life,General_Interactions
13124,sending,B1,Daily_Life,General_Interactions
13125,senior moment,B1,Daily_Life,General_Interactions
13126,seniority,B1,Daily_Life,General_Interactions
13127,sensation,B1,Daily_Life,General_Interactions
13128,sensational,B1,Daily_Life,General_Interactions
13129,sense,B1,Daily_Life,General_Interactions
13130,sense of achievement,B1,Daily_Life,General_Interactions
13131,sense of adventure,B1,Business_Finance_Economy,Entrepreneurship
13132,sense of purpose,B1,Psychology_Emotions,Motivation
13133,sensitive,B1,Daily_Life,General_Interactions
13134,sensor,B1,Daily_Life,General_Interactions
13135,sensors,B1,Daily_Life,General_Interactions
13136,sensory,B1,Daily_Life,General_Interactions
13137,sent,B1,Daily_Life,General_Interactions
13138,sentence,B1,Daily_Life,General_Interactions
13139,sentient,B1,Daily_Life,General_Interactions
13140,sentimental value,B1,Health_Medicine,Mental_Health
13141,separate,B1,Business_Finance_Economy,Economy_Markets
13142,separated,B1,Business_Finance_Economy,Economy_Markets
13143,separating,B1,Daily_Life,General_Interactions
13144,september,B1,Daily_Life,General_Interactions
13145,sequent,B1,Daily_Life,General_Interactions
13146,sequential,B1,Daily_Life,General_Interactions
13147,sequester,B1,Daily_Life,General_Interactions
13148,serendipity,B1,Daily_Life,General_Interactions
13149,serene,B1,Daily_Life,General_Interactions
13150,sergeant,B1,Daily_Life,General_Interactions
13151,serialized,B1,Daily_Life,General_Interactions
13152,series,B1,Daily_Life,General_Interactions
13153,series of events,B1,Daily_Life,General_Interactions
13154,serious medical condition,B1,Daily_Life,General_Interactions
13155,servant,B1,Daily_Life,General_Interactions
13156,serve,B1,Daily_Life,General_Interactions
13157,serve out a sentence,B1,Daily_Life,General_Interactions
13158,served,B1,Daily_Life,General_Interactions
13159,service,B1,Daily_Life,General_Interactions
13160,services,B1,Daily_Life,General_Interactions
13161,servile,B1,Daily_Life,General_Interactions
13162,serving,B1,Daily_Life,General_Interactions
13163,session,B1,Daily_Life,General_Interactions
13164,sessions,B1,Daily_Life,General_Interactions
13165,set,B1,Daily_Life,General_Interactions
13166,set a trend,B1,Daily_Life,General_Interactions
13167,set off a fire alarm,B1,Daily_Life,General_Interactions
13168,set text,B1,Daily_Life,General_Interactions
13169,set the wheels in motion,B1,Daily_Life,General_Interactions
13170,set to work,B1,Business_Finance_Economy,Jobs_Careers
13171,set yourself clear objectives,B1,Psychology_Emotions,Feelings_Emotions
13172,setback,B1,Daily_Life,General_Interactions
13173,setting,B1,Daily_Life,General_Interactions
13174,settled,B1,Daily_Life,General_Interactions
13175,settlers,B1,Daily_Life,General_Interactions
13176,settling,B1,Daily_Life,General_Interactions
13177,setup,B1,Daily_Life,General_Interactions
13178,seven-metre-wide,B1,Daily_Life,General_Interactions
13179,seventeenth,B1,Daily_Life,General_Interactions
13180,seventy,B1,Daily_Life,General_Interactions
13181,sever,B1,Daily_Life,General_Interactions
13182,several,B1,Daily_Life,General_Interactions
13183,severe blow,B1,Daily_Life,General_Interactions
13184,severed,B1,Daily_Life,General_Interactions
13185,severely,B1,Daily_Life,General_Interactions
13186,severity,B1,Daily_Life,General_Interactions
13187,sew,B1,Daily_Life,General_Interactions
13188,sewage,B1,Daily_Life,General_Interactions
13189,sewn,B1,Daily_Life,General_Interactions
13190,sex,B1,Daily_Life,General_Interactions
13191,shade,B1,Daily_Life,General_Interactions
13192,shadow,B1,Daily_Life,General_Interactions
13193,shake,B1,Daily_Life,General_Interactions
13194,shake off a cold,B1,Daily_Life,General_Interactions
13195,shape,B1,Daily_Life,General_Interactions
13196,shape someone's life,B1,Science_Nature,Biology_Life_Sciences
13197,shape your destiny,B1,Daily_Life,General_Interactions
13198,shaped,B1,Daily_Life,General_Interactions
13199,shapes,B1,Daily_Life,General_Interactions
13200,share,B1,Technology_Digital,Social_Media
13201,share prices fluctuate,B1,Business_Finance_Economy,Economy_Markets
13202,shared,B1,Technology_Digital,Social_Media
13203,sharing,B1,Daily_Life,General_Interactions
13204,sharp,B1,Daily_Life,General_Interactions
13205,sharp wit,B1,Daily_Life,General_Interactions
13206,shatter,B1,Daily_Life,General_Interactions
13207,shatter someone's confidence,B1,Daily_Life,General_Interactions
13208,sheep,B1,Daily_Life,General_Interactions
13209,sheer,B1,Daily_Life,General_Interactions
13210,sheer epic grandeur,B1,Daily_Life,General_Interactions
13211,sheer quantity,B1,Daily_Life,General_Interactions
13212,sheer size,B1,Daily_Life,General_Interactions
13213,sheet,B1,Daily_Life,General_Interactions
13214,shelf,B1,Daily_Life,General_Interactions
13215,shell,B1,Daily_Life,General_Interactions
13216,shellfish,B1,Daily_Life,General_Interactions
13217,shells,B1,Daily_Life,General_Interactions
13218,shelter,B1,Daily_Life,General_Interactions
13219,shield,B1,Daily_Life,General_Interactions
13220,shielded,B1,Daily_Life,General_Interactions
13221,shifts,B1,Daily_Life,General_Interactions
13222,shine,B1,Daily_Life,General_Interactions
13223,shining,B1,Daily_Life,General_Interactions
13224,shiny,B1,Daily_Life,General_Interactions
13225,ship,B1,Daily_Life,General_Interactions
13226,shipped,B1,Daily_Life,General_Interactions
13227,shipping,B1,Daily_Life,General_Interactions
13228,shirk responsibilities,B1,Daily_Life,General_Interactions
13229,shiver,B1,Daily_Life,General_Interactions
13230,shiver down your spine,B1,Daily_Life,General_Interactions
13231,shoal of fish,B1,Daily_Life,General_Interactions
13232,shoal of sardines,B1,Daily_Life,General_Interactions
13233,shock,B1,Daily_Life,General_Interactions
13234,shoe,B1,Daily_Life,General_Interactions
13235,shoemaker,B1,Daily_Life,General_Interactions
13236,shopper,B1,Daily_Life,Shopping_Everyday
13237,shore,B1,Daily_Life,General_Interactions
13238,short,B1,Daily_Life,General_Interactions
13239,short of space,B1,Science_Nature,Natural_Phenomena
13240,shortage,B1,Daily_Life,General_Interactions
13241,shot,B1,Daily_Life,General_Interactions
13242,shoulder the blame,B1,Daily_Life,General_Interactions
13243,shouted,B1,Daily_Life,General_Interactions
13244,shoveling,B1,Daily_Life,General_Interactions
13245,show,B1,Daily_Life,General_Interactions
13246,show a decline,B1,Daily_Life,General_Interactions
13247,show a decrease,B1,Daily_Life,General_Interactions
13248,show a downward trend,B1,Society_Law_Politics,Law_Crime
13249,show a fall,B1,Daily_Life,General_Interactions
13250,show a growth,B1,Daily_Life,General_Interactions
13251,show a rise,B1,Daily_Life,General_Interactions
13252,show a rising,B1,Communication_Media_Arts,Speaking_Expressions
13253,show an improvement,B1,Daily_Life,General_Interactions
13254,show an increase,B1,Daily_Life,General_Interactions
13255,show an upward trend,B1,Society_Law_Politics,Law_Crime
13256,show initiative,B1,Daily_Life,General_Interactions
13257,show of unity,B1,Daily_Life,General_Interactions
13258,showcase,B1,Daily_Life,General_Interactions
13259,showcasing,B1,Communication_Media_Arts,Speaking_Expressions
13260,showed,B1,Daily_Life,General_Interactions
13261,showing,B1,Daily_Life,General_Interactions
13262,shown,B1,Daily_Life,General_Interactions
13263,shrewd,B1,Daily_Life,General_Interactions
13264,shut down a computer,B1,Technology_Digital,Devices_Hardware
13265,shy away from,B1,Daily_Life,General_Interactions
13266,sick,B1,Health_Medicine,Healthcare_Hospital
13267,sick with worry,B1,Psychology_Emotions,Stress_Mental_State
13268,side,B1,Daily_Life,General_Interactions
13269,side effects,B1,Daily_Life,General_Interactions
13270,siege,B1,Daily_Life,General_Interactions
13271,sigh of relief,B1,Daily_Life,General_Interactions
13272,sight,B1,Daily_Life,General_Interactions
13273,sighted,B1,Daily_Life,General_Interactions
13274,sign,B1,Daily_Life,General_Interactions
13275,sign up for a course,B1,Education,University_School
13276,signal,B1,Daily_Life,General_Interactions
13277,signals,B1,Daily_Life,General_Interactions
13278,signature,B1,Science_Nature,Environment_Ecology
13279,significance,B1,Daily_Life,General_Interactions
13280,significant,B1,Daily_Life,General_Interactions
13281,significant amount (of),B1,Daily_Life,General_Interactions
13282,significant number (of),B1,Daily_Life,General_Interactions
13283,significant quantity (of),B1,Daily_Life,General_Interactions
13284,significantly,B1,Daily_Life,General_Interactions
13285,signs,B1,Daily_Life,General_Interactions
13286,silence,B1,Daily_Life,General_Interactions
13287,silence descends,B1,Daily_Life,General_Interactions
13288,silence reigns,B1,Daily_Life,General_Interactions
13289,silent,B1,Daily_Life,General_Interactions
13290,silica,B1,Daily_Life,General_Interactions
13291,silicon,B1,Daily_Life,General_Interactions
13292,silk,B1,Daily_Life,General_Interactions
13293,silly,B1,Health_Medicine,Healthcare_Hospital
13294,similar,B1,Daily_Life,General_Interactions
13295,similarity,B1,Daily_Life,General_Interactions
13296,simple,B1,Daily_Life,General_Interactions
13297,simple rule,B1,Society_Law_Politics,Law_Crime
13298,simple truth,B1,Daily_Life,General_Interactions
13299,simpler,B1,Daily_Life,General_Interactions
13300,simplest,B1,Daily_Life,General_Interactions
13301,simplicity,B1,Daily_Life,General_Interactions
13302,simplicity itself,B1,Psychology_Emotions,Feelings_Emotions
13303,simply,B1,Daily_Life,General_Interactions
13304,simulacrum,B1,Daily_Life,General_Interactions
13305,simulate,B1,Daily_Life,General_Interactions
13306,simulated,B1,Daily_Life,General_Interactions
13307,simultaneous equation,B1,Daily_Life,General_Interactions
13308,simultaneously,B1,Daily_Life,General_Interactions
13309,since,B1,Daily_Life,General_Interactions
13310,sincerely hope,B1,Daily_Life,General_Interactions
13311,singer,B1,Communication_Media_Arts,Speaking_Expressions
13312,single,B1,Communication_Media_Arts,Speaking_Expressions
13313,single-storey,B1,Daily_Life,Shopping_Everyday
13314,singularly,B1,Communication_Media_Arts,Speaking_Expressions
13315,sinister,B1,Daily_Life,General_Interactions
13316,sink,B1,Daily_Life,General_Interactions
13317,sinking,B1,Daily_Life,General_Interactions
13318,sipped,B1,Daily_Life,General_Interactions
13319,site,B1,Daily_Life,General_Interactions
13320,sites,B1,Daily_Life,General_Interactions
13321,sitting,B1,Daily_Life,General_Interactions
13322,situation,B1,Daily_Life,General_Interactions
13323,sixty,B1,Daily_Life,General_Interactions
13324,size,B1,Daily_Life,General_Interactions
13325,size up,B1,Daily_Life,General_Interactions
13326,skeleton,B1,Daily_Life,General_Interactions
13327,skepticism,B1,Daily_Life,General_Interactions
13328,sketch,B1,Daily_Life,General_Interactions
13329,sketched,B1,Daily_Life,General_Interactions
13330,skew,B1,Daily_Life,General_Interactions
13331,skiing,B1,Daily_Life,General_Interactions
13332,skill,B1,Education,Learning_Skills
13333,skin,B1,Daily_Life,General_Interactions
13334,skirt,B1,Daily_Life,General_Interactions
13335,sky,B1,Daily_Life,General_Interactions
13336,slave,B1,Daily_Life,General_Interactions
13337,sleep,B1,Health_Medicine,Healthcare_Hospital
13338,sliced,B1,Daily_Life,General_Interactions
13339,slight,B1,Daily_Life,General_Interactions
13340,slight change of plan,B1,Daily_Life,General_Interactions
13341,slight decrease,B1,Daily_Life,General_Interactions
13342,slight increase,B1,Daily_Life,General_Interactions
13343,slightht decrease,B1,Daily_Life,General_Interactions
13344,slightly,B1,Daily_Life,General_Interactions
13345,slightly different,B1,Daily_Life,Home_Housing
13346,slightly offensive,B1,Daily_Life,General_Interactions
13347,slim chance,B1,Daily_Life,General_Interactions
13348,slim majority,B1,Daily_Life,General_Interactions
13349,slippery,B1,Daily_Life,General_Interactions
13350,slippery customer,B1,Daily_Life,Shopping_Everyday
13351,slope,B1,Daily_Life,General_Interactions
13352,sloping,B1,Daily_Life,General_Interactions
13353,slot,B1,Daily_Life,General_Interactions
13354,slow,B1,Daily_Life,General_Interactions
13355,slow-moving,B1,Daily_Life,General_Interactions
13356,slower,B1,Daily_Life,General_Interactions
13357,slowing,B1,Daily_Life,General_Interactions
13358,slowly,B1,Daily_Life,General_Interactions
13359,slur your words,B1,Daily_Life,General_Interactions
13360,slurping,B1,Daily_Life,General_Interactions
13361,small,B1,Daily_Life,General_Interactions
13362,small minority,B1,Daily_Life,General_Interactions
13363,small percentage,B1,Daily_Life,General_Interactions
13364,smaller,B1,Daily_Life,General_Interactions
13365,smallest,B1,Daily_Life,General_Interactions
13366,smart,B1,Technology_Digital,Artificial_Intelligence
13367,smarter,B1,Technology_Digital,Artificial_Intelligence
13368,smell,B1,Daily_Life,General_Interactions
13369,smelling,B1,Daily_Life,General_Interactions
13370,smile,B1,Daily_Life,General_Interactions
13371,smoke,B1,Daily_Life,General_Interactions
13372,smoking,B1,Daily_Life,General_Interactions
13373,smooth,B1,Daily_Life,General_Interactions
13374,snake,B1,Daily_Life,General_Interactions
13375,snaking,B1,Daily_Life,General_Interactions
13376,snap,B1,Daily_Life,General_Interactions
13377,sneak,B1,Daily_Life,General_Interactions
13378,sniff,B1,Daily_Life,General_Interactions
13379,sniffed,B1,Daily_Life,General_Interactions
13380,snippet of information,B1,Daily_Life,General_Interactions
13381,snow,B1,Daily_Life,General_Interactions
13382,so-called,B1,Daily_Life,General_Interactions
13383,soak,B1,Daily_Life,General_Interactions
13384,soak up atmosphere,B1,Daily_Life,General_Interactions
13385,soak up the atmosphere,B1,Daily_Life,General_Interactions
13386,soaked,B1,Daily_Life,General_Interactions
13387,soap,B1,Daily_Life,General_Interactions
13388,soaring crime rates,B1,Business_Finance_Economy,Economy_Markets
13389,social exclusion,B1,Society_Law_Politics,Social_Issues
13390,social fabric,B1,Society_Law_Politics,Social_Issues
13391,social network,B1,Business_Finance_Economy,Jobs_Careers
13392,social whirl,B1,Society_Law_Politics,Social_Issues
13393,socialise,B1,Society_Law_Politics,Social_Issues
13394,societal,B1,Daily_Life,General_Interactions
13395,societies,B1,Daily_Life,General_Interactions
13396,society,B1,Society_Law_Politics,Law_Crime
13397,sociologists,B1,Daily_Life,General_Interactions
13398,sociology,B1,Daily_Life,General_Interactions
13399,soft,B1,Daily_Life,General_Interactions
13400,soft whisper,B1,Daily_Life,General_Interactions
13401,soften,B1,Daily_Life,General_Interactions
13402,softer,B1,Daily_Life,General_Interactions
13403,software,B1,Technology_Digital,Software_Internet
13404,soil,B1,Daily_Life,General_Interactions
13405,solar heating,B1,Health_Medicine,Healthcare_Hospital
13406,sold,B1,Daily_Life,General_Interactions
13407,soldier,B1,Daily_Life,General_Interactions
13408,sole,B1,Daily_Life,General_Interactions
13409,solely,B1,Daily_Life,General_Interactions
13410,solicit,B1,Daily_Life,General_Interactions
13411,solipsistic,B1,Daily_Life,General_Interactions
13412,solitary,B1,Daily_Life,General_Interactions
13413,solo,B1,Daily_Life,General_Interactions
13414,solution,B1,Daily_Life,General_Interactions
13415,solutions,B1,Daily_Life,General_Interactions
13416,solve,B1,Daily_Life,General_Interactions
13417,solved,B1,Daily_Life,General_Interactions
13418,solvents,B1,Daily_Life,General_Interactions
13419,solving,B1,Daily_Life,General_Interactions
13420,someplace,B1,Daily_Life,General_Interactions
13421,something,B1,Daily_Life,General_Interactions
13422,somnolent,B1,Daily_Life,General_Interactions
13423,son,B1,Daily_Life,General_Interactions
13424,sonar,B1,Daily_Life,General_Interactions
13425,sooner,B1,Daily_Life,General_Interactions
13426,sophisticated,B1,Daily_Life,General_Interactions
13427,sophistication,B1,Daily_Life,General_Interactions
13428,sophistry,B1,Daily_Life,General_Interactions
13429,soporific,B1,Daily_Life,General_Interactions
13430,sort,B1,Daily_Life,General_Interactions
13431,sought-after,B1,Daily_Life,General_Interactions
13432,sound,B1,Daily_Life,General_Interactions
13433,sound travels,B1,Travel_Transportation,Road_Travel
13434,sounds like hard work,B1,Business_Finance_Economy,Jobs_Careers
13435,soup,B1,Daily_Life,General_Interactions
13436,source of amusement,B1,Daily_Life,General_Interactions
13437,source of entertainment,B1,Technology_Digital,Artificial_Intelligence
13438,source of fun,B1,Daily_Life,General_Interactions
13439,source of funding,B1,Business_Finance_Economy,Business_Management
13440,source of income,B1,Business_Finance_Economy,Business_Management
13441,sources close to,B1,Daily_Life,General_Interactions
13442,south,B1,Daily_Life,General_Interactions
13443,south-central,B1,Daily_Life,General_Interactions
13444,southern,B1,Daily_Life,General_Interactions
13445,southward,B1,Society_Law_Politics,Law_Crime
13446,southwest,B1,Daily_Life,General_Interactions
13447,sovereign,B1,Daily_Life,General_Interactions
13448,space,B1,Science_Nature,Natural_Phenomena
13449,spacecraft,B1,Science_Nature,Natural_Phenomena
13450,spaced,B1,Science_Nature,Natural_Phenomena
13451,spare,B1,Daily_Life,General_Interactions
13452,spark,B1,Daily_Life,General_Interactions
13453,spark fears,B1,Psychology_Emotions,Feelings_Emotions
13454,sparked,B1,Daily_Life,General_Interactions
13455,sparse,B1,Daily_Life,General_Interactions
13456,spate of attacks,B1,Daily_Life,General_Interactions
13457,spate of thefts,B1,Daily_Life,General_Interactions
13458,spatial,B1,Daily_Life,General_Interactions
13459,spawn,B1,Daily_Life,General_Interactions
13460,speak,B1,Communication_Media_Arts,Speaking_Expressions
13461,speak of,B1,Communication_Media_Arts,Speaking_Expressions
13462,speak properly,B1,Communication_Media_Arts,Speaking_Expressions
13463,speak very highly of,B1,Communication_Media_Arts,Speaking_Expressions
13464,speaking,B1,Communication_Media_Arts,Speaking_Expressions
13465,special,B1,Daily_Life,General_Interactions
13466,special occasion,B1,Daily_Life,General_Interactions
13467,specialization,B1,Daily_Life,General_Interactions
13468,specialize,B1,Daily_Life,General_Interactions
13469,specialized,B1,Daily_Life,General_Interactions
13470,specializes,B1,Daily_Life,General_Interactions
13471,specially,B1,Daily_Life,General_Interactions
13472,speciation,B1,Daily_Life,General_Interactions
13473,specific,B1,Daily_Life,General_Interactions
13474,specifically,B1,Daily_Life,General_Interactions
13475,specify,B1,Daily_Life,General_Interactions
13476,specious,B1,Daily_Life,General_Interactions
13477,spectacular mountains,B1,Technology_Digital,Artificial_Intelligence
13478,spectacularly successful,B1,Daily_Life,General_Interactions
13479,spectator,B1,Daily_Life,General_Interactions
13480,speculate,B1,Daily_Life,General_Interactions
13481,speculation,B1,Daily_Life,General_Interactions
13482,speculation excite,B1,Daily_Life,General_Interactions
13483,speed,B1,Daily_Life,General_Interactions
13484,speedy,B1,Daily_Life,General_Interactions
13485,spell,B1,Communication_Media_Arts,Writing_Language
13486,spell disaster,B1,Communication_Media_Arts,Writing_Language
13487,spelling,B1,Communication_Media_Arts,Writing_Language
13488,spend,B1,Daily_Life,General_Interactions
13489,spend a fortune,B1,Daily_Life,General_Interactions
13490,spend quality time,B1,Daily_Life,Time_Management
13491,spending,B1,Daily_Life,General_Interactions
13492,spendthrift,B1,Daily_Life,General_Interactions
13493,spent,B1,Daily_Life,General_Interactions
13494,sphere,B1,Daily_Life,General_Interactions
13495,spheres,B1,Daily_Life,General_Interactions
13496,spice,B1,Daily_Life,General_Interactions
13497,spices,B1,Daily_Life,General_Interactions
13498,spilled,B1,Health_Medicine,Healthcare_Hospital
13499,spilling,B1,Health_Medicine,Healthcare_Hospital
13500,spine,B1,Daily_Life,General_Interactions
13501,spinning,B1,Daily_Life,General_Interactions
13502,spinning fast,B1,Daily_Life,General_Interactions
13503,spirits are high,B1,Daily_Life,General_Interactions
13504,spiritual,B1,Daily_Life,General_Interactions
13505,spirituality,B1,Daily_Life,General_Interactions
13506,splendid,B1,Daily_Life,General_Interactions
13507,splendor,B1,Daily_Life,General_Interactions
13508,split,B1,Daily_Life,General_Interactions
13509,spoil,B1,Daily_Life,General_Interactions
13510,spoilage,B1,Daily_Life,General_Interactions
13511,spoilt,B1,Daily_Life,General_Interactions
13512,spoilt brat,B1,Daily_Life,General_Interactions
13513,spoken,B1,Daily_Life,General_Interactions
13514,sponsor,B1,Daily_Life,General_Interactions
13515,sponsored,B1,Daily_Life,General_Interactions
13516,spontaneously,B1,Daily_Life,General_Interactions
13517,sporadically,B1,Daily_Life,General_Interactions
13518,spores,B1,Daily_Life,General_Interactions
13519,sport,B1,Health_Medicine,Fitness_Exercise
13520,sporting,B1,Health_Medicine,Fitness_Exercise
13521,sportsmen,B1,Health_Medicine,Fitness_Exercise
13522,sportspeople,B1,Health_Medicine,Fitness_Exercise
13523,spot,B1,Daily_Life,General_Interactions
13524,spot an error,B1,Daily_Life,General_Interactions
13525,spotlessly clean,B1,Daily_Life,General_Interactions
13526,spottily,B1,Daily_Life,General_Interactions
13527,sprained,B1,Technology_Digital,Artificial_Intelligence
13528,spray,B1,Daily_Life,General_Interactions
13529,spread,B1,Communication_Media_Arts,Speaking_Expressions
13530,spread a rum our,B1,Communication_Media_Arts,Speaking_Expressions
13531,spread a rumour,B1,Communication_Media_Arts,Speaking_Expressions
13532,spreadsheet,B1,Communication_Media_Arts,Speaking_Expressions
13533,spreadsheets,B1,Communication_Media_Arts,Speaking_Expressions
13534,spring,B1,Daily_Life,General_Interactions
13535,spring a surprise on,B1,Psychology_Emotions,Feelings_Emotions
13536,spring to someone's defence,B1,Daily_Life,General_Interactions
13537,sprinkling of cinnamon,B1,Daily_Life,General_Interactions
13538,sprint,B1,Daily_Life,General_Interactions
13539,spun,B1,Daily_Life,General_Interactions
13540,spur,B1,Daily_Life,General_Interactions
13541,spurious,B1,Daily_Life,General_Interactions
13542,square,B1,Daily_Life,General_Interactions
13543,squashed,B1,Daily_Life,General_Interactions
13544,squeeze,B1,Daily_Life,General_Interactions
13545,squeezed,B1,Daily_Life,General_Interactions
13546,stability,B1,Education,Learning_Skills
13547,stabilize,B1,Daily_Life,General_Interactions
13548,stabilizes,B1,Daily_Life,General_Interactions
13549,stable environment,B1,Science_Nature,Environment_Ecology
13550,stable relationship,B1,Daily_Life,General_Interactions
13551,stack,B1,Daily_Life,General_Interactions
13552,stacked,B1,Daily_Life,General_Interactions
13553,stacking,B1,Daily_Life,General_Interactions
13554,stage,B1,Daily_Life,General_Interactions
13555,stage a protest,B1,Education,Exams_Assessments
13556,stage a strike,B1,Daily_Life,General_Interactions
13557,stages,B1,Daily_Life,General_Interactions
13558,staggering,B1,Daily_Life,General_Interactions
13559,stagnation,B1,Daily_Life,General_Interactions
13560,stained,B1,Technology_Digital,Artificial_Intelligence
13561,stand,B1,Daily_Life,General_Interactions
13562,stand trial,B1,Daily_Life,General_Interactions
13563,standardise procedures,B1,Daily_Life,General_Interactions
13564,standardized,B1,Daily_Life,General_Interactions
13565,standards slip,B1,Daily_Life,General_Interactions
13566,standing,B1,Daily_Life,General_Interactions
13567,star,B1,Science_Nature,Natural_Phenomena
13568,star-studded cast,B1,Science_Nature,Natural_Phenomena
13569,stark,B1,Science_Nature,Natural_Phenomena
13570,stars,B1,Science_Nature,Natural_Phenomena
13571,started,B1,Communication_Media_Arts,Arts_Creativity
13572,starter,B1,Communication_Media_Arts,Arts_Creativity
13573,starting,B1,Communication_Media_Arts,Arts_Creativity
13574,startling originality,B1,Communication_Media_Arts,Arts_Creativity
13575,starvation,B1,Science_Nature,Natural_Phenomena
13576,stasis,B1,Daily_Life,General_Interactions
13577,state a goal,B1,Psychology_Emotions,Motivation
13578,state a purpose,B1,Psychology_Emotions,Motivation
13579,state an aim,B1,Technology_Digital,Artificial_Intelligence
13580,state of confusion,B1,Daily_Life,General_Interactions
13581,state of euphoria,B1,Daily_Life,General_Interactions
13582,state your business,B1,Business_Finance_Economy,Business_Management
13583,stated,B1,Daily_Life,General_Interactions
13584,statements,B1,Daily_Life,General_Interactions
13585,states,B1,Daily_Life,General_Interactions
13586,static,B1,Daily_Life,General_Interactions
13587,station,B1,Travel_Transportation,Public_Transport
13588,stationary,B1,Travel_Transportation,Public_Transport
13589,status,B1,Daily_Life,General_Interactions
13590,staunch,B1,Daily_Life,General_Interactions
13591,stay the course,B1,Education,University_School
13592,stay the same,B1,Daily_Life,General_Interactions
13593,stayed,B1,Daily_Life,General_Interactions
13594,staying,B1,Daily_Life,General_Interactions
13595,steadfast,B1,Daily_Life,General_Interactions
13596,steady growth,B1,Daily_Life,General_Interactions
13597,steak,B1,Daily_Life,General_Interactions
13598,steal,B1,Daily_Life,General_Interactions
13599,stealth,B1,Daily_Life,General_Interactions
13600,stealthily,B1,Daily_Life,General_Interactions
13601,steam,B1,Daily_Life,General_Interactions
13602,steamer,B1,Daily_Life,General_Interactions
13603,steep learning curve,B1,Education,Learning_Skills
13604,steeper,B1,Daily_Life,General_Interactions
13605,steer the economy,B1,Business_Finance_Economy,Economy_Markets
13606,stentorian,B1,Daily_Life,General_Interactions
13607,step,B1,Daily_Life,General_Interactions
13608,step-by-step approach,B1,Technology_Digital,Software_Internet
13609,stepped,B1,Daily_Life,General_Interactions
13610,stepping,B1,Daily_Life,General_Interactions
13611,stick,B1,Daily_Life,General_Interactions
13612,stick to a diet,B1,Health_Medicine,Nutrition_Diet
13613,stick to a schedule,B1,Daily_Life,Routine_Activities
13614,stifle,B1,Daily_Life,General_Interactions
13615,stigma,B1,Daily_Life,General_Interactions
13616,still,B1,Health_Medicine,Healthcare_Hospital
13617,stimulate,B1,Daily_Life,General_Interactions
13618,stimulate growth,B1,Daily_Life,General_Interactions
13619,stimulating,B1,Daily_Life,General_Interactions
13620,sting,B1,Daily_Life,General_Interactions
13621,stinking rich,B1,Daily_Life,General_Interactions
13622,stipulate,B1,Daily_Life,General_Interactions
13623,stipulated,B1,Daily_Life,General_Interactions
13624,stock,B1,Business_Finance_Economy,Business_Management
13625,stockpile,B1,Business_Finance_Economy,Business_Management
13626,stockpile weapons,B1,Business_Finance_Economy,Business_Management
13627,stockpiled,B1,Business_Finance_Economy,Business_Management
13628,stole,B1,Daily_Life,General_Interactions
13629,stolen,B1,Daily_Life,General_Interactions
13630,stomach,B1,Daily_Life,General_Interactions
13631,stomata,B1,Daily_Life,General_Interactions
13632,stoop to that level,B1,Daily_Life,General_Interactions
13633,stopped,B1,Daily_Life,General_Interactions
13634,storage,B1,Daily_Life,General_Interactions
13635,store,B1,Daily_Life,Shopping_Everyday
13636,store music,B1,Communication_Media_Arts,Arts_Creativity
13637,stored,B1,Daily_Life,Shopping_Everyday
13638,storing,B1,Daily_Life,General_Interactions
13639,story,B1,Communication_Media_Arts,Writing_Language
13640,storytelling,B1,Communication_Media_Arts,Writing_Language
13641,straight -a student,B1,Education,Classroom_Interaction
13642,straight-a student,B1,Education,Classroom_Interaction
13643,strain,B1,Technology_Digital,Artificial_Intelligence
13644,stranding,B1,Daily_Life,General_Interactions
13645,strange,B1,Daily_Life,General_Interactions
13646,stranger,B1,Daily_Life,General_Interactions
13647,stratagem,B1,Daily_Life,General_Interactions
13648,strategy,B1,Business_Finance_Economy,Economy_Markets
13649,streaming cold,B1,Daily_Life,General_Interactions
13650,strength,B1,Health_Medicine,Fitness_Exercise
13651,strengthen,B1,Health_Medicine,Fitness_Exercise
13652,strenuous effort,B1,Daily_Life,General_Interactions
13653,stress,B1,Health_Medicine,Mental_Health
13654,stressed,B1,Health_Medicine,Mental_Health
13655,stressful,B1,Health_Medicine,Mental_Health
13656,stretch,B1,Daily_Life,General_Interactions
13657,stretched,B1,Daily_Life,General_Interactions
13658,stretching,B1,Daily_Life,General_Interactions
13659,strewn,B1,Daily_Life,General_Interactions
13660,strict,B1,Daily_Life,General_Interactions
13661,strictly,B1,Daily_Life,General_Interactions
13662,strictly speaking,B1,Communication_Media_Arts,Speaking_Expressions
13663,stride,B1,Daily_Life,General_Interactions
13664,strident,B1,Daily_Life,General_Interactions
13665,strike a balance (between),B1,Psychology_Emotions,Stress_Mental_State
13666,strikingly,B1,Daily_Life,General_Interactions
13667,strikingly different,B1,Daily_Life,Home_Housing
13668,string,B1,Daily_Life,General_Interactions
13669,stringent,B1,Daily_Life,General_Interactions
13670,strip,B1,Travel_Transportation,Hotels_Tourism
13671,strive,B1,Daily_Life,General_Interactions
13672,stroke of genius,B1,Daily_Life,General_Interactions
13673,stroke of luck,B1,Daily_Life,General_Interactions
13674,stroke of work,B1,Business_Finance_Economy,Jobs_Careers
13675,stroll,B1,Daily_Life,General_Interactions
13676,strong,B1,Daily_Life,General_Interactions
13677,strong language,B1,Communication_Media_Arts,Writing_Language
13678,strong point,B1,Daily_Life,General_Interactions
13679,stronger,B1,Daily_Life,General_Interactions
13680,strongest,B1,Daily_Life,General_Interactions
13681,strongly,B1,Daily_Life,General_Interactions
13682,strongly influenced,B1,Daily_Life,General_Interactions
13683,structural,B1,Daily_Life,General_Interactions
13684,structured,B1,Daily_Life,General_Interactions
13685,structures,B1,Daily_Life,General_Interactions
13686,stubborn streak,B1,Daily_Life,General_Interactions
13687,stuck,B1,Daily_Life,General_Interactions
13688,stuck in traffic,B1,Travel_Transportation,Road_Travel
13689,student,B1,Education,Classroom_Interaction
13690,students,B1,Education,Classroom_Interaction
13691,studied,B1,Daily_Life,General_Interactions
13692,studies,B1,Daily_Life,General_Interactions
13693,studio,B1,Daily_Life,General_Interactions
13694,study,B1,Education,Academic_Study
13695,studying,B1,Education,Academic_Study
13696,stuff,B1,Daily_Life,General_Interactions
13697,stultify,B1,Daily_Life,General_Interactions
13698,stumble,B1,Daily_Life,General_Interactions
13699,stunning,B1,Daily_Life,General_Interactions
13700,stunning range,B1,Daily_Life,General_Interactions
13701,stunningly attractive,B1,Psychology_Emotions,Behavior
13702,stupefy,B1,Daily_Life,General_Interactions
13703,stupid,B1,Daily_Life,General_Interactions
13704,sturdy,B1,Daily_Life,General_Interactions
13705,style,B1,Daily_Life,General_Interactions
13706,stylus,B1,Daily_Life,General_Interactions
13707,stymie,B1,Daily_Life,General_Interactions
13708,sub,B1,Daily_Life,General_Interactions
13709,subject,B1,Daily_Life,General_Interactions
13710,subject  to police investigation,B1,Education,Academic_Study
13711,subject to police investigation,B1,Education,Academic_Study
13712,subjected,B1,Daily_Life,General_Interactions
13713,subjected to,B1,Daily_Life,General_Interactions
13714,subjective,B1,Daily_Life,General_Interactions
13715,subjects,B1,Daily_Life,General_Interactions
13716,sublime,B1,Daily_Life,General_Interactions
13717,submerged,B1,Daily_Life,General_Interactions
13718,submit,B1,Daily_Life,General_Interactions
13719,submit a report,B1,Communication_Media_Arts,Media_Journalism
13720,submit assignments,B1,Daily_Life,General_Interactions
13721,suboptimal,B1,Daily_Life,General_Interactions
13722,subordinate,B1,Daily_Life,General_Interactions
13723,subscribe to the theory,B1,Education,Academic_Study
13724,subsequent,B1,Daily_Life,General_Interactions
13725,subsidiary,B1,Daily_Life,General_Interactions
13726,subspecies,B1,Science_Nature,Biology_Life_Sciences
13727,substance,B1,Daily_Life,General_Interactions
13728,substantial amount (of),B1,Daily_Life,General_Interactions
13729,substantial decrease,B1,Daily_Life,General_Interactions
13730,substantial increase,B1,Daily_Life,General_Interactions
13731,substantial number (of),B1,Daily_Life,General_Interactions
13732,substantial quantity (of),B1,Daily_Life,General_Interactions
13733,substantial reward,B1,Society_Law_Politics,Law_Crime
13734,substantially,B1,Daily_Life,General_Interactions
13735,substantiate,B1,Daily_Life,General_Interactions
13736,substantiated,B1,Daily_Life,General_Interactions
13737,substantive,B1,Daily_Life,General_Interactions
13738,substitute,B1,Daily_Life,General_Interactions
13739,subsume,B1,Daily_Life,General_Interactions
13740,subterfuge,B1,Daily_Life,General_Interactions
13741,subterranean,B1,Daily_Life,General_Interactions
13742,subtle,B1,Daily_Life,General_Interactions
13743,subtle difference,B1,Daily_Life,General_Interactions
13744,subtle distinction,B1,Daily_Life,General_Interactions
13745,subtopics,B1,Daily_Life,General_Interactions
13746,subversive,B1,Daily_Life,General_Interactions
13747,succeed,B1,Daily_Life,General_Interactions
13748,succeeded,B1,Daily_Life,General_Interactions
13749,success,B1,Daily_Life,General_Interactions
13750,successful,B1,Daily_Life,General_Interactions
13751,successfully,B1,Daily_Life,General_Interactions
13752,succession,B1,Daily_Life,General_Interactions
13753,successive,B1,Daily_Life,General_Interactions
13754,successively,B1,Daily_Life,General_Interactions
13755,successor,B1,Daily_Life,General_Interactions
13756,succulents,B1,Daily_Life,General_Interactions
13757,succumb,B1,Daily_Life,General_Interactions
13758,suck,B1,Daily_Life,General_Interactions
13759,sucked,B1,Daily_Life,General_Interactions
13760,sucking,B1,Daily_Life,General_Interactions
13761,sudden,B1,Daily_Life,General_Interactions
13762,sudden shift,B1,Daily_Life,General_Interactions
13763,suddenly,B1,Daily_Life,General_Interactions
13764,sue,B1,Daily_Life,General_Interactions
13765,suffer,B1,Health_Medicine,Illness_Diseases
13766,suffer at the hands of,B1,Health_Medicine,Illness_Diseases
13767,suffer casualties,B1,Health_Medicine,Illness_Diseases
13768,suffer from a chronic disease,B1,Health_Medicine,Illness_Diseases
13769,suffer from chronic a disease,B1,Health_Medicine,Illness_Diseases
13770,suffer from chronic disease,B1,Health_Medicine,Illness_Diseases
13771,suffered,B1,Health_Medicine,Illness_Diseases
13772,suffering,B1,Health_Medicine,Illness_Diseases
13773,sufficient,B1,Daily_Life,General_Interactions
13774,suffuse,B1,Daily_Life,General_Interactions
13775,sugar,B1,Daily_Life,General_Interactions
13776,suggest,B1,Daily_Life,General_Interactions
13777,suggested,B1,Daily_Life,General_Interactions
13778,suggestions,B1,Daily_Life,General_Interactions
13779,suggests,B1,Daily_Life,General_Interactions
13780,suit,B1,Daily_Life,General_Interactions
13781,suited,B1,Daily_Life,General_Interactions
13782,sullen,B1,Daily_Life,General_Interactions
13783,sum,B1,Daily_Life,General_Interactions
13784,summarily,B1,Daily_Life,General_Interactions
13785,summarize,B1,Daily_Life,General_Interactions
13786,summer,B1,Daily_Life,General_Interactions
13787,summertime,B1,Daily_Life,Time_Management
13788,summon,B1,Daily_Life,General_Interactions
13789,summon up the energy,B1,Science_Nature,Physics_Chemistry
13790,sumptuous,B1,Daily_Life,General_Interactions
13791,sun,B1,Daily_Life,General_Interactions
13792,sun-damaged hair,B1,Technology_Digital,Artificial_Intelligence
13793,sunblock,B1,Daily_Life,General_Interactions
13794,sundown,B1,Daily_Life,General_Interactions
13795,sunk,B1,Daily_Life,General_Interactions
13796,sunlight,B1,Daily_Life,General_Interactions
13797,sunny,B1,Daily_Life,General_Interactions
13798,sunny spells,B1,Communication_Media_Arts,Writing_Language
13799,sunrise,B1,Daily_Life,General_Interactions
13800,sunset,B1,Daily_Life,General_Interactions
13801,sunshine,B1,Daily_Life,General_Interactions
13802,super,B1,Daily_Life,General_Interactions
13803,super-rotation,B1,Daily_Life,General_Interactions
13804,superb,B1,Daily_Life,General_Interactions
13805,supercilious,B1,Daily_Life,General_Interactions
13806,superficially,B1,Daily_Life,General_Interactions
13807,superfluous,B1,Daily_Life,General_Interactions
13808,supermarket,B1,Business_Finance_Economy,Economy_Markets
13809,superposition,B1,Daily_Life,General_Interactions
13810,supersede,B1,Daily_Life,General_Interactions
13811,superseded,B1,Daily_Life,General_Interactions
13812,supervise,B1,Daily_Life,General_Interactions
13813,supplant,B1,Science_Nature,Biology_Life_Sciences
13814,supplement,B1,Daily_Life,General_Interactions
13815,supplement your income,B1,Business_Finance_Economy,Business_Management
13816,supplemental,B1,Health_Medicine,Mental_Health
13817,supplied,B1,Daily_Life,General_Interactions
13818,suppliers,B1,Daily_Life,General_Interactions
13819,supplies,B1,Daily_Life,General_Interactions
13820,supply,B1,Business_Finance_Economy,Economy_Markets
13821,support,B1,Daily_Life,General_Interactions
13822,support a family,B1,Daily_Life,General_Interactions
13823,support the hypothesis,B1,Science_Nature,Research_Methods
13824,supported,B1,Daily_Life,General_Interactions
13825,supporting,B1,Daily_Life,General_Interactions
13826,supports,B1,Daily_Life,General_Interactions
13827,supports the hypothesis,B1,Science_Nature,Research_Methods
13828,supposed,B1,Daily_Life,General_Interactions
13829,suppress,B1,Communication_Media_Arts,Media_Journalism
13830,sure,B1,Daily_Life,General_Interactions
13831,surface,B1,Daily_Life,General_Interactions
13832,surgeon,B1,Daily_Life,General_Interactions
13833,surgery,B1,Health_Medicine,Healthcare_Hospital
13834,surgical strike,B1,Daily_Life,General_Interactions
13835,surmise,B1,Daily_Life,General_Interactions
13836,surpassing,B1,Education,Exams_Assessments
13837,surplus,B1,Daily_Life,General_Interactions
13838,surpluses,B1,Daily_Life,General_Interactions
13839,surprise,B1,Psychology_Emotions,Feelings_Emotions
13840,surprise party,B1,Communication_Media_Arts,Arts_Creativity
13841,surprised,B1,Psychology_Emotions,Feelings_Emotions
13842,surrogate,B1,Daily_Life,General_Interactions
13843,surround,B1,Daily_Life,General_Interactions
13844,surrounded,B1,Daily_Life,General_Interactions
13845,surrounding,B1,Daily_Life,General_Interactions
13846,survival,B1,Daily_Life,General_Interactions
13847,survived,B1,Daily_Life,General_Interactions
13848,surviving,B1,Daily_Life,General_Interactions
13849,suspended,B1,Daily_Life,General_Interactions
13850,suspense,B1,Daily_Life,General_Interactions
13851,suspense builds up,B1,Daily_Life,General_Interactions
13852,sustainability,B1,Education,Learning_Skills
13853,sustainable,B1,Technology_Digital,Artificial_Intelligence
13854,sustaining,B1,Technology_Digital,Artificial_Intelligence
13855,sustenance,B1,Daily_Life,General_Interactions
13856,swam,B1,Daily_Life,General_Interactions
13857,swap,B1,Daily_Life,General_Interactions
13858,swapping,B1,Technology_Digital,Software_Internet
13859,swarm of bees,B1,Society_Law_Politics,Law_Crime
13860,swarm of locusts,B1,Society_Law_Politics,Law_Crime
13861,swarthy,B1,Communication_Media_Arts,Arts_Creativity
13862,sweat,B1,Health_Medicine,Healthcare_Hospital
13863,sweat blood,B1,Health_Medicine,Healthcare_Hospital
13864,sweat our guts out,B1,Health_Medicine,Healthcare_Hospital
13865,sweated labour,B1,Health_Medicine,Healthcare_Hospital
13866,sweating,B1,Health_Medicine,Healthcare_Hospital
13867,sweeping change,B1,Daily_Life,General_Interactions
13868,sweet,B1,Daily_Life,General_Interactions
13869,swell,B1,Daily_Life,General_Interactions
13870,swiftly,B1,Daily_Life,General_Interactions
13871,swim,B1,Daily_Life,General_Interactions
13872,swipe a card,B1,Travel_Transportation,Road_Travel
13873,switch,B1,Daily_Life,General_Interactions
13874,switch channels,B1,Daily_Life,General_Interactions
13875,switched,B1,Daily_Life,General_Interactions
13876,switching,B1,Daily_Life,General_Interactions
13877,swung,B1,Daily_Life,General_Interactions
13878,sycophant,B1,Daily_Life,General_Interactions
13879,symbolically,B1,Daily_Life,General_Interactions
13880,symbolize,B1,Daily_Life,General_Interactions
13881,symmetric,B1,Daily_Life,General_Interactions
13882,symposium,B1,Daily_Life,General_Interactions
13883,symptom,B1,Health_Medicine,Illness_Diseases
13884,syndrome,B1,Daily_Life,General_Interactions
13885,synergy,B1,Daily_Life,General_Interactions
13886,synthesize,B1,Daily_Life,General_Interactions
13887,synthetic,B1,Daily_Life,General_Interactions
13888,syrup,B1,Daily_Life,General_Interactions
13889,system,B1,Technology_Digital,Software_Internet
13890,systematic,B1,Technology_Digital,Software_Internet
13891,systems,B1,Technology_Digital,Software_Internet
13892,systems crash,B1,Technology_Digital,Software_Internet
13893,tabby,B1,Daily_Life,General_Interactions
13894,table,B1,Daily_Life,General_Interactions
13895,taciturn,B1,Daily_Life,General_Interactions
13896,tack,B1,Daily_Life,General_Interactions
13897,tackle,B1,Daily_Life,General_Interactions
13898,tackle a problem,B1,Daily_Life,General_Interactions
13899,tackle the issue,B1,Daily_Life,General_Interactions
13900,tact,B1,Psychology_Emotions,Behavior
13901,tactic,B1,Psychology_Emotions,Behavior
13902,tadpole,B1,Daily_Life,General_Interactions
13903,tag,B1,Daily_Life,General_Interactions
13904,tail,B1,Technology_Digital,Artificial_Intelligence
13905,tailor,B1,Technology_Digital,Artificial_Intelligence
13906,tailspin,B1,Technology_Digital,Artificial_Intelligence
13907,take,B1,Daily_Life,General_Interactions
13908,take a boat,B1,Daily_Life,General_Interactions
13909,take a complaint seriously,B1,Technology_Digital,Artificial_Intelligence
13910,take a firm stance against,B1,Technology_Digital,Artificial_Intelligence
13911,take a sideswipe,B1,Daily_Life,General_Interactions
13912,take an overdose,B1,Daily_Life,General_Interactions
13913,take exception to,B1,Daily_Life,General_Interactions
13914,take for granted,B1,Daily_Life,General_Interactions
13915,take industrial action,B1,Psychology_Emotions,Behavior
13916,take issue with,B1,Daily_Life,General_Interactions
13917,take it easy for a while,B1,Daily_Life,General_Interactions
13918,take on responsibility,B1,Daily_Life,General_Interactions
13919,take place,B1,Daily_Life,General_Interactions
13920,take priority over,B1,Daily_Life,General_Interactions
13921,take someone seriously,B1,Daily_Life,General_Interactions
13922,take someone's point,B1,Daily_Life,General_Interactions
13923,take something badly,B1,Daily_Life,General_Interactions
13924,take something the wrong way,B1,Daily_Life,General_Interactions
13925,take the easy way out,B1,Daily_Life,General_Interactions
13926,take the field,B1,Daily_Life,General_Interactions
13927,take the flak,B1,Daily_Life,General_Interactions
13928,take the time to,B1,Daily_Life,Time_Management
13929,take the view that,B1,Daily_Life,General_Interactions
13930,take up a challenge,B1,Daily_Life,General_Interactions
13931,take up a lot of room,B1,Daily_Life,Home_Housing
13932,take up a lot of space,B1,Science_Nature,Natural_Phenomena
13933,take up a post,B1,Technology_Digital,Social_Media
13934,take up office,B1,Daily_Life,General_Interactions
13935,take up references,B1,Daily_Life,General_Interactions
13936,take your custom elsewhere,B1,Daily_Life,General_Interactions
13937,taken,B1,Daily_Life,General_Interactions
13938,taking,B1,Daily_Life,General_Interactions
13939,tale,B1,Daily_Life,General_Interactions
13940,talent,B1,Daily_Life,General_Interactions
13941,talented,B1,Daily_Life,General_Interactions
13942,talk a lot of sense,B1,Education,Classroom_Interaction
13943,talk business,B1,Education,Classroom_Interaction
13944,talk nonsense,B1,Education,Classroom_Interaction
13945,talks collapse,B1,Education,Classroom_Interaction
13946,tall,B1,Daily_Life,General_Interactions
13947,taller,B1,Daily_Life,General_Interactions
13948,tame,B1,Daily_Life,General_Interactions
13949,tang,B1,Daily_Life,General_Interactions
13950,tangential,B1,Daily_Life,General_Interactions
13951,tank,B1,Daily_Life,General_Interactions
13952,tantalizing,B1,Daily_Life,General_Interactions
13953,tap,B1,Daily_Life,General_Interactions
13954,tape-record,B1,Daily_Life,General_Interactions
13955,taper,B1,Daily_Life,General_Interactions
13956,tar,B1,Daily_Life,General_Interactions
13957,target,B1,Daily_Life,General_Interactions
13958,target market,B1,Business_Finance_Economy,Economy_Markets
13959,taro,B1,Daily_Life,General_Interactions
13960,task,B1,Daily_Life,Routine_Activities
13961,taste,B1,Daily_Life,General_Interactions
13962,tasty snack,B1,Daily_Life,General_Interactions
13963,taught,B1,Daily_Life,General_Interactions
13964,tawdry,B1,Daily_Life,General_Interactions
13965,tax,B1,Society_Law_Politics,Public_Policies
13966,teacher,B1,Education,Learning_Skills
13967,teaching,B1,Education,Learning_Skills
13968,team effort,B1,Daily_Life,General_Interactions
13969,team of experts,B1,Daily_Life,General_Interactions
13970,teamed,B1,Daily_Life,General_Interactions
13971,tear,B1,Daily_Life,General_Interactions
13972,technical,B1,Technology_Digital,Software_Internet
13973,technique,B1,Technology_Digital,Software_Internet
13974,techniques,B1,Technology_Digital,Software_Internet
13975,technological,B1,Technology_Digital,Software_Internet
13976,technologies,B1,Technology_Digital,Software_Internet
13977,technology,B1,Technology_Digital,Software_Internet
13978,tectonic,B1,Daily_Life,General_Interactions
13979,teem with,B1,Daily_Life,General_Interactions
13980,teeth,B1,Daily_Life,General_Interactions
13981,telephone,B1,Technology_Digital,Devices_Hardware
13982,telescopes,B1,Daily_Life,General_Interactions
13983,tell,B1,Communication_Media_Arts,Speaking_Expressions
13984,tell a secret,B1,Communication_Media_Arts,Speaking_Expressions
13985,tell someone's fortune,B1,Communication_Media_Arts,Speaking_Expressions
13986,tell your concerns,B1,Communication_Media_Arts,Speaking_Expressions
13987,teller,B1,Communication_Media_Arts,Speaking_Expressions
13988,telling,B1,Communication_Media_Arts,Speaking_Expressions
13989,temerity,B1,Daily_Life,General_Interactions
13990,temper,B1,Daily_Life,General_Interactions
13991,temperance,B1,Daily_Life,General_Interactions
13992,temperature soars,B1,Daily_Life,General_Interactions
13993,temperatures,B1,Daily_Life,General_Interactions
13994,temperatures fluctuate,B1,Daily_Life,General_Interactions
13995,tempestuous,B1,Daily_Life,General_Interactions
13996,temporarily,B1,Daily_Life,General_Interactions
13997,tempting,B1,Daily_Life,General_Interactions
13998,tempting offer,B1,Daily_Life,General_Interactions
13999,tenacious,B1,Daily_Life,General_Interactions
14000,tenacity,B1,Daily_Life,General_Interactions
14001,tend,B1,Daily_Life,General_Interactions
14002,tended,B1,Daily_Life,General_Interactions
14003,tendency,B1,Psychology_Emotions,Behavior
14004,tendentious,B1,Daily_Life,General_Interactions
14005,tending,B1,Daily_Life,General_Interactions
14006,tenet,B1,Daily_Life,General_Interactions
14007,tense,B1,Daily_Life,General_Interactions
14008,tension,B1,Daily_Life,General_Interactions
14009,tent,B1,Daily_Life,General_Interactions
14010,tent-shaped,B1,Daily_Life,General_Interactions
14011,tentative,B1,Daily_Life,General_Interactions
14012,tentative suggestion,B1,Daily_Life,General_Interactions
14013,tenuous,B1,Daily_Life,General_Interactions
14014,tepid,B1,Daily_Life,General_Interactions
14015,termed,B1,Daily_Life,General_Interactions
14016,terminate,B1,Daily_Life,General_Interactions
14017,terminate a contract,B1,Psychology_Emotions,Behavior
14018,terminate a pregnancy,B1,Daily_Life,General_Interactions
14019,terminated,B1,Daily_Life,General_Interactions
14020,terminology,B1,Daily_Life,General_Interactions
14021,terrain,B1,Technology_Digital,Artificial_Intelligence
14022,terrestrial,B1,Daily_Life,General_Interactions
14023,terrible,B1,Daily_Life,General_Interactions
14024,terrifying,B1,Daily_Life,General_Interactions
14025,territorial,B1,Daily_Life,General_Interactions
14026,territories,B1,Daily_Life,General_Interactions
14027,terse,B1,Daily_Life,General_Interactions
14028,test,B1,Education,Exams_Assessments
14029,test a theory,B1,Education,Exams_Assessments
14030,test of strength,B1,Education,Exams_Assessments
14031,tested,B1,Education,Exams_Assessments
14032,testify,B1,Education,Exams_Assessments
14033,testimony,B1,Education,Exams_Assessments
14034,testing,B1,Education,Exams_Assessments
14035,text,B1,Daily_Life,General_Interactions
14036,textures,B1,Daily_Life,General_Interactions
14037,the advantages outweigh the disadvantages,B1,Psychology_Emotions,Feelings_Emotions
14038,the blame rests with,B1,Daily_Life,General_Interactions
14039,the deciding factor,B1,Psychology_Emotions,Behavior
14040,the high street,B1,Daily_Life,General_Interactions
14041,the highest bidder,B1,Daily_Life,General_Interactions
14042,the latest scores,B1,Education,Exams_Assessments
14043,the not-so-distant future,B1,Daily_Life,General_Interactions
14044,the other side of the argument,B1,Communication_Media_Arts,Opinion_Discussion
14045,the perfect venue,B1,Daily_Life,General_Interactions
14046,the rocks,B1,Daily_Life,General_Interactions
14047,the root cause,B1,Daily_Life,General_Interactions
14048,the simple reason,B1,Daily_Life,General_Interactions
14049,the social fabric,B1,Society_Law_Politics,Social_Issues
14050,theme,B1,Daily_Life,General_Interactions
14051,themed,B1,Daily_Life,General_Interactions
14052,theoretical,B1,Daily_Life,General_Interactions
14053,theories,B1,Daily_Life,General_Interactions
14054,theory,B1,Education,Academic_Study
14055,therapeutic,B1,Daily_Life,General_Interactions
14056,therapist,B1,Daily_Life,General_Interactions
14057,therapy,B1,Health_Medicine,Healthcare_Hospital
14058,there's no place like home,B1,Technology_Digital,Social_Media
14059,thereby,B1,Daily_Life,General_Interactions
14060,therefore,B1,Daily_Life,General_Interactions
14061,thesis,B1,Education,Academic_Study
14062,thick,B1,Daily_Life,General_Interactions
14063,thicker,B1,Daily_Life,General_Interactions
14064,think,B1,Daily_Life,General_Interactions
14065,think highly of,B1,Daily_Life,General_Interactions
14066,think laterally,B1,Daily_Life,General_Interactions
14067,thinking,B1,Daily_Life,General_Interactions
14068,thinly disguised,B1,Daily_Life,General_Interactions
14069,thinned,B1,Daily_Life,General_Interactions
14070,thinner,B1,Daily_Life,General_Interactions
14071,third,B1,Daily_Life,General_Interactions
14072,thirst for adventure,B1,Business_Finance_Economy,Entrepreneurship
14073,thirst for knowledge,B1,Education,Learning_Skills
14074,thirty-seven,B1,Daily_Life,General_Interactions
14075,thorny,B1,Daily_Life,General_Interactions
14076,thorough,B1,Daily_Life,General_Interactions
14077,thoroughly,B1,Daily_Life,General_Interactions
14078,thoroughly ashamed,B1,Daily_Life,General_Interactions
14079,thoroughly recommend,B1,Daily_Life,General_Interactions
14080,thought,B1,Psychology_Emotions,Feelings_Emotions
14081,thought occurred to me,B1,Psychology_Emotions,Feelings_Emotions
14082,thoughts,B1,Psychology_Emotions,Feelings_Emotions
14083,thousand,B1,Daily_Life,General_Interactions
14084,thread,B1,Communication_Media_Arts,Speaking_Expressions
14085,threat,B1,Health_Medicine,Healthcare_Hospital
14086,threat hangs over,B1,Health_Medicine,Healthcare_Hospital
14087,threaten,B1,Health_Medicine,Healthcare_Hospital
14088,threatened,B1,Health_Medicine,Healthcare_Hospital
14089,threats,B1,Health_Medicine,Healthcare_Hospital
14090,three-hour,B1,Daily_Life,Time_Management
14091,three-pieced,B1,Daily_Life,General_Interactions
14092,threshold,B1,Daily_Life,General_Interactions
14093,thrill,B1,Health_Medicine,Healthcare_Hospital
14094,thrive,B1,Daily_Life,General_Interactions
14095,thriving industry,B1,Daily_Life,General_Interactions
14096,throat,B1,Daily_Life,General_Interactions
14097,through,B1,Daily_Life,General_Interactions
14098,throughout,B1,Daily_Life,General_Interactions
14099,throw a party,B1,Communication_Media_Arts,Arts_Creativity
14100,throw a sickie,B1,Health_Medicine,Healthcare_Hospital
14101,throwaway comment,B1,Communication_Media_Arts,Opinion_Discussion
14102,thrown,B1,Daily_Life,General_Interactions
14103,thrust of an argument,B1,Communication_Media_Arts,Opinion_Discussion
14104,thunder,B1,Daily_Life,General_Interactions
14105,thus,B1,Daily_Life,General_Interactions
14106,thwart,B1,Communication_Media_Arts,Arts_Creativity
14107,tick,B1,Daily_Life,General_Interactions
14108,ticked,B1,Daily_Life,General_Interactions
14109,tickled,B1,Daily_Life,General_Interactions
14110,tidal,B1,Daily_Life,General_Interactions
14111,tide,B1,Daily_Life,General_Interactions
14112,tie,B1,Daily_Life,General_Interactions
14113,tie the knot,B1,Daily_Life,General_Interactions
14114,tied,B1,Daily_Life,General_Interactions
14115,ties,B1,Daily_Life,General_Interactions
14116,tiger,B1,Daily_Life,General_Interactions
14117,tight,B1,Daily_Life,General_Interactions
14118,tighten controls,B1,Daily_Life,General_Interactions
14119,tighter,B1,Daily_Life,General_Interactions
14120,time,B1,Daily_Life,Time_Management
14121,timeless,B1,Daily_Life,Time_Management
14122,timely,B1,Daily_Life,Time_Management
14123,timid,B1,Daily_Life,General_Interactions
14124,timing,B1,Daily_Life,General_Interactions
14125,tin,B1,Daily_Life,General_Interactions
14126,tinder,B1,Daily_Life,General_Interactions
14127,tiniest,B1,Daily_Life,General_Interactions
14128,tiny,B1,Daily_Life,General_Interactions
14129,tip,B1,Daily_Life,General_Interactions
14130,tipped,B1,Daily_Life,General_Interactions
14131,tirade,B1,Daily_Life,General_Interactions
14132,tire,B1,Daily_Life,General_Interactions
14133,tissue,B1,Daily_Life,General_Interactions
14134,tissues,B1,Daily_Life,General_Interactions
14135,titanic,B1,Daily_Life,General_Interactions
14136,title,B1,Daily_Life,General_Interactions
14137,to and fro,B1,Daily_Life,General_Interactions
14138,to be brutally honest,B1,Psychology_Emotions,Personality
14139,toady,B1,Daily_Life,General_Interactions
14140,today,B1,Daily_Life,General_Interactions
14141,toed,B1,Daily_Life,General_Interactions
14142,together,B1,Daily_Life,General_Interactions
14143,toil,B1,Daily_Life,General_Interactions
14144,toilet,B1,Daily_Life,General_Interactions
14145,token,B1,Daily_Life,General_Interactions
14146,tome,B1,Daily_Life,General_Interactions
14147,tongue,B1,Daily_Life,General_Interactions
14148,took,B1,Daily_Life,General_Interactions
14149,tool,B1,Daily_Life,General_Interactions
14150,tools,B1,Daily_Life,General_Interactions
14151,tooth,B1,Daily_Life,General_Interactions
14152,toothed,B1,Daily_Life,General_Interactions
14153,top quality,B1,Daily_Life,General_Interactions
14154,torch,B1,Daily_Life,General_Interactions
14155,torpor,B1,Daily_Life,General_Interactions
14156,tortoise,B1,Daily_Life,General_Interactions
14157,tortuous,B1,Daily_Life,General_Interactions
14158,tossed,B1,Daily_Life,General_Interactions
14159,total,B1,Daily_Life,General_Interactions
14160,totalled,B1,Daily_Life,General_Interactions
14161,totally,B1,Daily_Life,General_Interactions
14162,totally awesome,B1,Daily_Life,General_Interactions
14163,totally dependent,B1,Daily_Life,General_Interactions
14164,totally different,B1,Daily_Life,Home_Housing
14165,totally out of order,B1,Daily_Life,General_Interactions
14166,totally separate,B1,Business_Finance_Economy,Economy_Markets
14167,toting,B1,Daily_Life,General_Interactions
14168,touch,B1,Daily_Life,General_Interactions
14169,touch of class,B1,Education,University_School
14170,touch of humour,B1,Daily_Life,General_Interactions
14171,touch of irony,B1,Daily_Life,General_Interactions
14172,touch of sadness,B1,Psychology_Emotions,Feelings_Emotions
14173,touched,B1,Daily_Life,General_Interactions
14174,touching,B1,Daily_Life,General_Interactions
14175,tough,B1,Daily_Life,General_Interactions
14176,tough challenge,B1,Daily_Life,General_Interactions
14177,tough question,B1,Education,Classroom_Interaction
14178,tougher,B1,Daily_Life,General_Interactions
14179,tour,B1,Travel_Transportation,Road_Travel
14180,tourism,B1,Travel_Transportation,Road_Travel
14181,tourist,B1,Travel_Transportation,Hotels_Tourism
14182,tourists,B1,Travel_Transportation,Hotels_Tourism
14183,tournament,B1,Travel_Transportation,Road_Travel
14184,tours,B1,Travel_Transportation,Road_Travel
14185,towed,B1,Daily_Life,General_Interactions
14186,tower,B1,Daily_Life,General_Interactions
14187,town,B1,Daily_Life,General_Interactions
14188,toxic waste,B1,Daily_Life,General_Interactions
14189,toy,B1,Daily_Life,General_Interactions
14190,toy with an idea,B1,Daily_Life,General_Interactions
14191,trace,B1,Daily_Life,General_Interactions
14192,trace of an accent,B1,Daily_Life,General_Interactions
14193,traced,B1,Daily_Life,General_Interactions
14194,traces,B1,Daily_Life,General_Interactions
14195,trachea,B1,Daily_Life,General_Interactions
14196,tracing,B1,Daily_Life,General_Interactions
14197,track,B1,Daily_Life,General_Interactions
14198,tracked,B1,Daily_Life,General_Interactions
14199,tracking,B1,Daily_Life,General_Interactions
14200,tract,B1,Psychology_Emotions,Behavior
14201,tractable,B1,Psychology_Emotions,Behavior
14202,trade,B1,Business_Finance_Economy,Economy_Markets
14203,trade-offs,B1,Business_Finance_Economy,Economy_Markets
14204,traded,B1,Business_Finance_Economy,Economy_Markets
14205,tradition,B1,Daily_Life,General_Interactions
14206,tradition dates back to,B1,Daily_Life,General_Interactions
14207,traditional,B1,Daily_Life,General_Interactions
14208,traditions,B1,Daily_Life,General_Interactions
14209,traffic,B1,Travel_Transportation,Road_Travel
14210,traffic builds up,B1,Travel_Transportation,Road_Travel
14211,traffic eases off,B1,Travel_Transportation,Road_Travel
14212,traffic gridlock,B1,Travel_Transportation,Road_Travel
14213,traffic tails back,B1,Technology_Digital,Artificial_Intelligence
14214,tragic,B1,Daily_Life,General_Interactions
14215,trail,B1,Technology_Digital,Artificial_Intelligence
14216,trailing,B1,Technology_Digital,Artificial_Intelligence
14217,train,B1,Technology_Digital,Artificial_Intelligence
14218,train operator,B1,Technology_Digital,Artificial_Intelligence
14219,train strike,B1,Technology_Digital,Artificial_Intelligence
14220,trained,B1,Technology_Digital,Artificial_Intelligence
14221,trainer,B1,Technology_Digital,Artificial_Intelligence
14222,trainers,B1,Technology_Digital,Artificial_Intelligence
14223,traits,B1,Technology_Digital,Artificial_Intelligence
14224,trajectory,B1,Daily_Life,General_Interactions
14225,tram,B1,Travel_Transportation,Public_Transport
14226,transcend,B1,Daily_Life,General_Interactions
14227,transfer,B1,Daily_Life,General_Interactions
14228,transferred,B1,Daily_Life,General_Interactions
14229,transferring,B1,Daily_Life,General_Interactions
14230,transformation,B1,Daily_Life,General_Interactions
14231,transformations,B1,Daily_Life,General_Interactions
14232,transformative,B1,Daily_Life,General_Interactions
14233,transformed,B1,Daily_Life,General_Interactions
14234,transforming,B1,Daily_Life,General_Interactions
14235,transgress,B1,Daily_Life,General_Interactions
14236,transient,B1,Daily_Life,General_Interactions
14237,transit,B1,Daily_Life,General_Interactions
14238,transition,B1,Daily_Life,General_Interactions
14239,transitory,B1,Daily_Life,General_Interactions
14240,translate,B1,Daily_Life,General_Interactions
14241,translated,B1,Daily_Life,General_Interactions
14242,transmit,B1,Daily_Life,General_Interactions
14243,transparency,B1,Daily_Life,General_Interactions
14244,transparent,B1,Daily_Life,Home_Housing
14245,transportation,B1,Health_Medicine,Fitness_Exercise
14246,transported,B1,Health_Medicine,Fitness_Exercise
14247,transporting,B1,Health_Medicine,Fitness_Exercise
14248,trapped,B1,Technology_Digital,Software_Internet
14249,trapping,B1,Technology_Digital,Software_Internet
14250,trappings,B1,Technology_Digital,Software_Internet
14251,trash,B1,Daily_Life,General_Interactions
14252,trauma,B1,Daily_Life,General_Interactions
14253,traumatic,B1,Daily_Life,General_Interactions
14254,travel,B1,Travel_Transportation,Road_Travel
14255,travelled,B1,Travel_Transportation,Road_Travel
14256,traveller,B1,Travel_Transportation,Road_Travel
14257,travelling,B1,Travel_Transportation,Road_Travel
14258,traverse,B1,Daily_Life,General_Interactions
14259,travesty,B1,Daily_Life,General_Interactions
14260,tray,B1,Daily_Life,General_Interactions
14261,treasure,B1,Daily_Life,General_Interactions
14262,treat,B1,Health_Medicine,Healthcare_Hospital
14263,treated,B1,Health_Medicine,Healthcare_Hospital
14264,treating,B1,Health_Medicine,Healthcare_Hospital
14265,treatments,B1,Health_Medicine,Healthcare_Hospital
14266,tree,B1,Daily_Life,General_Interactions
14267,tree-,B1,Daily_Life,General_Interactions
14268,tree-planting scheme,B1,Science_Nature,Biology_Life_Sciences
14269,trek,B1,Daily_Life,General_Interactions
14270,tremendous,B1,Daily_Life,General_Interactions
14271,trenchant,B1,Daily_Life,General_Interactions
14272,trend,B1,Daily_Life,General_Interactions
14273,trends,B1,Daily_Life,General_Interactions
14274,trepidation,B1,Daily_Life,General_Interactions
14275,trial,B1,Daily_Life,General_Interactions
14276,triangle,B1,Daily_Life,General_Interactions
14277,tribunal,B1,Daily_Life,General_Interactions
14278,trick,B1,Daily_Life,General_Interactions
14279,tricky,B1,Daily_Life,General_Interactions
14280,tried,B1,Daily_Life,General_Interactions
14281,triggered,B1,Daily_Life,General_Interactions
14282,trim,B1,Daily_Life,General_Interactions
14283,triple,B1,Travel_Transportation,Hotels_Tourism
14284,trivial,B1,Daily_Life,General_Interactions
14285,trolley,B1,Daily_Life,General_Interactions
14286,troop of baboons,B1,Daily_Life,General_Interactions
14287,troop of monkeys,B1,Daily_Life,General_Interactions
14288,tropical,B1,Daily_Life,General_Interactions
14289,trouble,B1,Daily_Life,General_Interactions
14290,trouble breaks out,B1,Daily_Life,General_Interactions
14291,truck,B1,Daily_Life,General_Interactions
14292,truculent,B1,Daily_Life,General_Interactions
14293,true,B1,Daily_Life,General_Interactions
14294,trumped-up charges,B1,Daily_Life,General_Interactions
14295,trust,B1,Daily_Life,General_Interactions
14296,trust someone implicitly,B1,Daily_Life,General_Interactions
14297,trusted,B1,Daily_Life,General_Interactions
14298,truth,B1,Daily_Life,General_Interactions
14299,trying,B1,Daily_Life,General_Interactions
14300,tube,B1,Daily_Life,General_Interactions
14301,tuck,B1,Daily_Life,General_Interactions
14302,tucked,B1,Daily_Life,General_Interactions
14303,tug-of-war,B1,Society_Law_Politics,Law_Crime
14304,tumultuous,B1,Daily_Life,General_Interactions
14305,tune,B1,Daily_Life,General_Interactions
14306,tunnel,B1,Daily_Life,General_Interactions
14307,turbid,B1,Daily_Life,General_Interactions
14308,turbine,B1,Daily_Life,General_Interactions
14309,turbulence,B1,Daily_Life,General_Interactions
14310,turgid,B1,Daily_Life,General_Interactions
14311,turkey,B1,Daily_Life,General_Interactions
14312,turn,B1,Daily_Life,General_Interactions
14313,turn a profit,B1,Business_Finance_Economy,Finance_Banking
14314,turn your thoughts to,B1,Psychology_Emotions,Feelings_Emotions
14315,turned,B1,Daily_Life,General_Interactions
14316,turning,B1,Daily_Life,General_Interactions
14317,turnover,B1,Daily_Life,General_Interactions
14318,turpitude,B1,Daily_Life,General_Interactions
14319,twenty,B1,Daily_Life,General_Interactions
14320,twice,B1,Daily_Life,General_Interactions
14321,twist,B1,Daily_Life,General_Interactions
14322,two-metre-wide,B1,Daily_Life,General_Interactions
14323,two-parent,B1,Daily_Life,Home_Housing
14324,type,B1,Daily_Life,General_Interactions
14325,types,B1,Daily_Life,General_Interactions
14326,typical,B1,Daily_Life,General_Interactions
14327,typically,B1,Daily_Life,General_Interactions
14328,typing,B1,Daily_Life,General_Interactions
14329,tyro,B1,Daily_Life,General_Interactions
14330,ubiquitous,B1,Daily_Life,General_Interactions
14331,ulterior,B1,Daily_Life,General_Interactions
14332,ultimate,B1,Daily_Life,General_Interactions
14333,ultimately,B1,Daily_Life,General_Interactions
14334,ultraviolet,B1,Daily_Life,General_Interactions
14335,umbrage,B1,Daily_Life,General_Interactions
14336,unabashed,B1,Daily_Life,General_Interactions
14337,unable,B1,Daily_Life,General_Interactions
14338,unacceptable behaviour,B1,Daily_Life,General_Interactions
14339,unaccustomed,B1,Daily_Life,General_Interactions
14340,unadorned,B1,Daily_Life,General_Interactions
14341,unadulterated,B1,Business_Finance_Economy,Economy_Markets
14342,unalloyed,B1,Daily_Life,General_Interactions
14343,unambiguous,B1,Daily_Life,General_Interactions
14344,unanimity,B1,Daily_Life,General_Interactions
14345,unanimous,B1,Daily_Life,General_Interactions
14346,unanimous verdict,B1,Daily_Life,General_Interactions
14347,unanticipated,B1,Daily_Life,General_Interactions
14348,unassuming,B1,Daily_Life,General_Interactions
14349,unbounded enthusiasm,B1,Daily_Life,General_Interactions
14350,unbridled,B1,Daily_Life,General_Interactions
14351,uncertain,B1,Technology_Digital,Artificial_Intelligence
14352,uncertainty,B1,Technology_Digital,Artificial_Intelligence
14353,unclean,B1,Daily_Life,General_Interactions
14354,uncleaned,B1,Daily_Life,General_Interactions
14355,uncomfortable,B1,Daily_Life,General_Interactions
14356,uncommon,B1,Daily_Life,General_Interactions
14357,unconditional,B1,Daily_Life,General_Interactions
14358,unconscionable,B1,Daily_Life,General_Interactions
14359,unconsolidated,B1,Daily_Life,General_Interactions
14360,uncover,B1,Daily_Life,General_Interactions
14361,unctuous,B1,Daily_Life,General_Interactions
14362,undeclared earnings,B1,Daily_Life,General_Interactions
14363,under a lot of pressure,B1,Communication_Media_Arts,Media_Journalism
14364,under considerable pressure,B1,Communication_Media_Arts,Media_Journalism
14365,underage drinking,B1,Daily_Life,General_Interactions
14366,underestimate the value of,B1,Daily_Life,General_Interactions
14367,undergo,B1,Daily_Life,General_Interactions
14368,undergo a revival,B1,Daily_Life,General_Interactions
14369,undergo a transformation,B1,Daily_Life,General_Interactions
14370,undergoes,B1,Daily_Life,General_Interactions
14371,undergraduate,B1,Education,Academic_Study
14372,undergraduates,B1,Education,Academic_Study
14373,underground,B1,Daily_Life,General_Interactions
14374,underlie,B1,Daily_Life,General_Interactions
14375,underline,B1,Daily_Life,General_Interactions
14376,underlying,B1,Daily_Life,General_Interactions
14377,underneath,B1,Health_Medicine,Healthcare_Hospital
14378,underpinning,B1,Daily_Life,General_Interactions
14379,underrate,B1,Business_Finance_Economy,Economy_Markets
14380,undersea,B1,Daily_Life,General_Interactions
14381,underserved,B1,Daily_Life,General_Interactions
14382,underside,B1,Daily_Life,General_Interactions
14383,understand,B1,Daily_Life,General_Interactions
14384,understanding,B1,Daily_Life,General_Interactions
14385,understood,B1,Daily_Life,General_Interactions
14386,undertake,B1,Daily_Life,General_Interactions
14387,undertake a study,B1,Education,Academic_Study
14388,undertaking,B1,Daily_Life,General_Interactions
14389,underwater,B1,Daily_Life,General_Interactions
14390,undisputed,B1,Daily_Life,General_Interactions
14391,undivided attention,B1,Daily_Life,General_Interactions
14392,undo,B1,Daily_Life,General_Interactions
14393,undoubtedly,B1,Daily_Life,General_Interactions
14394,undulate,B1,Daily_Life,General_Interactions
14395,unearthed,B1,Communication_Media_Arts,Arts_Creativity
14396,uneasy,B1,Daily_Life,General_Interactions
14397,uneasy truce,B1,Daily_Life,General_Interactions
14398,unemployment,B1,Business_Finance_Economy,Jobs_Careers
14399,unerring,B1,Daily_Life,General_Interactions
14400,unethical,B1,Daily_Life,General_Interactions
14401,uneven,B1,Daily_Life,General_Interactions
14402,unexplored wilderness,B1,Daily_Life,General_Interactions
14403,unfair,B1,Technology_Digital,Artificial_Intelligence
14404,unfathomable,B1,Daily_Life,General_Interactions
14405,unfeigned,B1,Daily_Life,General_Interactions
14406,unfit for human habitation,B1,Psychology_Emotions,Behavior
14407,unforeseen,B1,Daily_Life,General_Interactions
14408,unhealthy,B1,Health_Medicine,Healthcare_Hospital
14409,unified,B1,Daily_Life,General_Interactions
14410,uniformity,B1,Daily_Life,General_Interactions
14411,uniformly,B1,Daily_Life,General_Interactions
14412,unilateral,B1,Daily_Life,General_Interactions
14413,unimpeachable,B1,Daily_Life,General_Interactions
14414,unintelligible,B1,Communication_Media_Arts,Speaking_Expressions
14415,unintendedly,B1,Daily_Life,General_Interactions
14416,uninterrupted,B1,Daily_Life,General_Interactions
14417,uninterrupted economic growth,B1,Daily_Life,General_Interactions
14418,unique selling point,B1,Business_Finance_Economy,Business_Management
14419,unique to,B1,Daily_Life,General_Interactions
14420,uniquely,B1,Daily_Life,General_Interactions
14421,unit,B1,Daily_Life,General_Interactions
14422,uniting,B1,Daily_Life,General_Interactions
14423,universal,B1,Daily_Life,General_Interactions
14424,universally,B1,Daily_Life,General_Interactions
14425,universals,B1,Daily_Life,General_Interactions
14426,universe,B1,Daily_Life,General_Interactions
14427,university,B1,Education,University_School
14428,unknown,B1,Daily_Life,General_Interactions
14429,unknown quantity,B1,Daily_Life,General_Interactions
14430,unlike,B1,Technology_Digital,Social_Media
14431,unmitigated,B1,Daily_Life,General_Interactions
14432,unmitigated disaster,B1,Daily_Life,General_Interactions
14433,unobtrusive,B1,Daily_Life,General_Interactions
14434,unpaid overtime,B1,Technology_Digital,Artificial_Intelligence
14435,unpalatable,B1,Daily_Life,General_Interactions
14436,unplanned,B1,Daily_Life,General_Interactions
14437,unpopular,B1,Daily_Life,General_Interactions
14438,unprecedented,B1,Daily_Life,General_Interactions
14439,unpredictable,B1,Daily_Life,General_Interactions
14440,unpretentious,B1,Daily_Life,General_Interactions
14441,unprotected,B1,Daily_Life,General_Interactions
14442,unprovoked attack,B1,Daily_Life,General_Interactions
14443,unqualified,B1,Daily_Life,General_Interactions
14444,unreal,B1,Daily_Life,General_Interactions
14445,unreceptive,B1,Daily_Life,General_Interactions
14446,unreliable evidence,B1,Daily_Life,General_Interactions
14447,unreliable witness,B1,Daily_Life,General_Interactions
14448,unremitting,B1,Daily_Life,General_Interactions
14449,unresolved,B1,Daily_Life,General_Interactions
14450,unrestricted,B1,Daily_Life,General_Interactions
14451,unrivalled service,B1,Daily_Life,General_Interactions
14452,unsafe,B1,Daily_Life,General_Interactions
14453,unscathed,B1,Daily_Life,General_Interactions
14454,unskilled,B1,Education,Learning_Skills
14455,unsocial hours,B1,Society_Law_Politics,Social_Issues
14456,unsophisticated,B1,Daily_Life,General_Interactions
14457,unstable,B1,Daily_Life,General_Interactions
14458,unstinting,B1,Daily_Life,General_Interactions
14459,unsuitable,B1,Daily_Life,General_Interactions
14460,unsurpassed,B1,Education,Exams_Assessments
14461,untenable,B1,Daily_Life,General_Interactions
14462,untimely death,B1,Daily_Life,Time_Management
14463,untoward,B1,Society_Law_Politics,Law_Crime
14464,unused,B1,Daily_Life,General_Interactions
14465,unusual,B1,Daily_Life,General_Interactions
14466,unveil a plan,B1,Daily_Life,General_Interactions
14467,unwieldy,B1,Daily_Life,General_Interactions
14468,unwind,B1,Daily_Life,General_Interactions
14469,unwitting,B1,Daily_Life,General_Interactions
14470,upbraid,B1,Technology_Digital,Artificial_Intelligence
14471,upcoming,B1,Daily_Life,General_Interactions
14472,updated,B1,Daily_Life,General_Interactions
14473,updates,B1,Daily_Life,General_Interactions
14474,upgrades,B1,Education,Exams_Assessments
14475,uphill struggle,B1,Health_Medicine,Healthcare_Hospital
14476,uphold a tradition,B1,Daily_Life,General_Interactions
14477,upper,B1,Daily_Life,General_Interactions
14478,upset,B1,Daily_Life,General_Interactions
14479,upside,B1,Daily_Life,General_Interactions
14480,uptake,B1,Daily_Life,General_Interactions
14481,upward,B1,Society_Law_Politics,Law_Crime
14482,urban,B1,Daily_Life,General_Interactions
14483,urban living,B1,Daily_Life,General_Interactions
14484,urban regeneration,B1,Science_Nature,Biology_Life_Sciences
14485,urbane,B1,Daily_Life,General_Interactions
14486,urgency,B1,Daily_Life,General_Interactions
14487,urn,B1,Daily_Life,General_Interactions
14488,use satnav,B1,Daily_Life,General_Interactions
14489,use satnav,B1,Daily_Life,General_Interactions
14490,used,B1,Daily_Life,General_Interactions
14491,useful,B1,Daily_Life,General_Interactions
14492,user-friendly,B1,Daily_Life,General_Interactions
14493,users,B1,Daily_Life,General_Interactions
14494,using,B1,Communication_Media_Arts,Speaking_Expressions
14495,usual,B1,Daily_Life,General_Interactions
14496,usually,B1,Daily_Life,General_Interactions
14497,usurp,B1,Daily_Life,General_Interactions
14498,utilitarian,B1,Daily_Life,General_Interactions
14499,utilitarianism,B1,Daily_Life,General_Interactions
14500,utility,B1,Daily_Life,General_Interactions
14501,utilize,B1,Daily_Life,General_Interactions
14502,utopia,B1,Daily_Life,General_Interactions
14503,utterly,B1,Daily_Life,General_Interactions
14504,utterly absurd,B1,Daily_Life,General_Interactions
14505,vacant,B1,Daily_Life,General_Interactions
14506,vacant parking space,B1,Science_Nature,Natural_Phenomena
14507,vacation,B1,Travel_Transportation,Hotels_Tourism
14508,vaccination,B1,Daily_Life,General_Interactions
14509,vacillate,B1,Health_Medicine,Healthcare_Hospital
14510,vagary,B1,Daily_Life,General_Interactions
14511,vaguely,B1,Daily_Life,General_Interactions
14512,vain hope,B1,Technology_Digital,Artificial_Intelligence
14513,valiant effort,B1,Daily_Life,General_Interactions
14514,validity,B1,Daily_Life,General_Interactions
14515,valleys,B1,Daily_Life,General_Interactions
14516,valuable,B1,Daily_Life,General_Interactions
14517,valuable source,B1,Daily_Life,General_Interactions
14518,value,B1,Daily_Life,General_Interactions
14519,value for money,B1,Business_Finance_Economy,Finance_Banking
14520,valued,B1,Daily_Life,General_Interactions
14521,valuing,B1,Daily_Life,General_Interactions
14522,vanished,B1,Daily_Life,General_Interactions
14523,vantage,B1,Daily_Life,General_Interactions
14524,vapid,B1,Daily_Life,General_Interactions
14525,vapor,B1,Daily_Life,General_Interactions
14526,variability,B1,Education,Learning_Skills
14527,variables,B1,Daily_Life,General_Interactions
14528,variation,B1,Daily_Life,General_Interactions
14529,variegated,B1,Daily_Life,General_Interactions
14530,vary,B1,Daily_Life,General_Interactions
14531,vast expanse,B1,Daily_Life,General_Interactions
14532,vastly,B1,Daily_Life,General_Interactions
14533,vegetable,B1,Daily_Life,General_Interactions
14534,vehement,B1,Daily_Life,General_Interactions
14535,vehicle,B1,Daily_Life,General_Interactions
14536,vehicle emissions,B1,Daily_Life,General_Interactions
14537,venal,B1,Daily_Life,General_Interactions
14538,vendors,B1,Daily_Life,General_Interactions
14539,venerate,B1,Business_Finance_Economy,Economy_Markets
14540,venom,B1,Daily_Life,General_Interactions
14541,vents,B1,Daily_Life,General_Interactions
14542,venture,B1,Business_Finance_Economy,Entrepreneurship
14543,veracious,B1,Daily_Life,General_Interactions
14544,verbal,B1,Daily_Life,General_Interactions
14545,verbose,B1,Daily_Life,General_Interactions
14546,verdant,B1,Daily_Life,General_Interactions
14547,verdict,B1,Daily_Life,General_Interactions
14548,verify,B1,Daily_Life,General_Interactions
14549,verisimilitude,B1,Daily_Life,General_Interactions
14550,veritable,B1,Daily_Life,General_Interactions
14551,verity,B1,Daily_Life,General_Interactions
14552,vernacular,B1,Daily_Life,General_Interactions
14553,versatile,B1,Daily_Life,General_Interactions
14554,versatility,B1,Daily_Life,General_Interactions
14555,version,B1,Daily_Life,General_Interactions
14556,very much hope,B1,Daily_Life,General_Interactions
14557,veto,B1,Daily_Life,General_Interactions
14558,vexation,B1,Daily_Life,General_Interactions
14559,via,B1,Daily_Life,General_Interactions
14560,viability,B1,Education,Learning_Skills
14561,viable,B1,Daily_Life,General_Interactions
14562,viable option,B1,Daily_Life,General_Interactions
14563,vial,B1,Daily_Life,General_Interactions
14564,vibrations,B1,Daily_Life,General_Interactions
14565,vicarious,B1,Travel_Transportation,Road_Travel
14566,vice,B1,Daily_Life,General_Interactions
14567,vicinity,B1,Daily_Life,General_Interactions
14568,vicious,B1,Daily_Life,General_Interactions
14569,vicissitude,B1,Daily_Life,General_Interactions
14570,video,B1,Daily_Life,General_Interactions
14571,viewed,B1,Daily_Life,General_Interactions
14572,viewer,B1,Daily_Life,General_Interactions
14573,vigilant,B1,Daily_Life,General_Interactions
14574,vigor,B1,Daily_Life,General_Interactions
14575,vigorous defence,B1,Daily_Life,General_Interactions
14576,vilify,B1,Daily_Life,General_Interactions
14577,vindicate,B1,Daily_Life,General_Interactions
14578,violence erupts,B1,Daily_Life,General_Interactions
14579,violence escalates,B1,Daily_Life,General_Interactions
14580,violet,B1,Daily_Life,General_Interactions
14581,virtual,B1,Daily_Life,General_Interactions
14582,virtually,B1,Daily_Life,General_Interactions
14583,virtue,B1,Daily_Life,General_Interactions
14584,virulent,B1,Society_Law_Politics,Law_Crime
14585,virus,B1,Health_Medicine,Illness_Diseases
14586,visceral,B1,Daily_Life,General_Interactions
14587,visibility,B1,Daily_Life,General_Interactions
14588,visible,B1,Daily_Life,General_Interactions
14589,vision,B1,Daily_Life,General_Interactions
14590,visit,B1,Daily_Life,General_Interactions
14591,visited,B1,Daily_Life,General_Interactions
14592,visiting,B1,Daily_Life,General_Interactions
14593,visitor,B1,Daily_Life,General_Interactions
14594,visitors,B1,Daily_Life,General_Interactions
14595,visual,B1,Daily_Life,General_Interactions
14596,visual barrier,B1,Daily_Life,General_Interactions
14597,visualization,B1,Daily_Life,General_Interactions
14598,visualized,B1,Daily_Life,General_Interactions
14599,vital clue,B1,Daily_Life,General_Interactions
14600,vivid,B1,Daily_Life,General_Interactions
14601,vocal,B1,Daily_Life,General_Interactions
14602,vocalization,B1,Daily_Life,General_Interactions
14603,vocalizations,B1,Daily_Life,General_Interactions
14604,vociferous,B1,Daily_Life,General_Interactions
14605,vociferous opponent,B1,Daily_Life,General_Interactions
14606,voice,B1,Communication_Media_Arts,Speaking_Expressions
14607,volatile,B1,Daily_Life,General_Interactions
14608,volcanic,B1,Daily_Life,General_Interactions
14609,volume of work,B1,Business_Finance_Economy,Jobs_Careers
14610,volunteer,B1,Daily_Life,General_Interactions
14611,volunteers,B1,Daily_Life,General_Interactions
14612,vote,B1,Society_Law_Politics,Government_Politics
14613,voted,B1,Society_Law_Politics,Government_Politics
14614,vouchsafe,B1,Daily_Life,General_Interactions
14615,voyages,B1,Daily_Life,General_Interactions
14616,vulgar,B1,Daily_Life,General_Interactions
14617,vulgarian,B1,Daily_Life,General_Interactions
14618,vulnerability,B1,Education,Learning_Skills
14619,wages,B1,Daily_Life,General_Interactions
14620,wagging,B1,Daily_Life,General_Interactions
14621,wait,B1,Technology_Digital,Artificial_Intelligence
14622,waived,B1,Technology_Digital,Artificial_Intelligence
14623,wake,B1,Daily_Life,General_Interactions
14624,walk,B1,Daily_Life,General_Interactions
14625,walk straight into a job,B1,Business_Finance_Economy,Jobs_Careers
14626,walked,B1,Daily_Life,General_Interactions
14627,wall,B1,Daily_Life,General_Interactions
14628,walled,B1,Daily_Life,General_Interactions
14629,walnut,B1,Daily_Life,General_Interactions
14630,wander,B1,Daily_Life,General_Interactions
14631,wandered,B1,Daily_Life,General_Interactions
14632,wanted,B1,Daily_Life,General_Interactions
14633,wanting,B1,Daily_Life,General_Interactions
14634,war,B1,Society_Law_Politics,Law_Crime
14635,ward,B1,Society_Law_Politics,Law_Crime
14636,wardrobe,B1,Society_Law_Politics,Law_Crime
14637,warehouse,B1,Daily_Life,Home_Housing
14638,warm,B1,Society_Law_Politics,Law_Crime
14639,warm smile,B1,Society_Law_Politics,Law_Crime
14640,warmed,B1,Society_Law_Politics,Law_Crime
14641,warmer,B1,Society_Law_Politics,Law_Crime
14642,warming,B1,Society_Law_Politics,Law_Crime
14643,warmth,B1,Society_Law_Politics,Law_Crime
14644,warn,B1,Society_Law_Politics,Law_Crime
14645,warned,B1,Society_Law_Politics,Law_Crime
14646,warning,B1,Society_Law_Politics,Law_Crime
14647,warrant,B1,Society_Law_Politics,Law_Crime
14648,wary,B1,Society_Law_Politics,Law_Crime
14649,washed,B1,Daily_Life,General_Interactions
14650,washing,B1,Daily_Life,General_Interactions
14651,wasp,B1,Daily_Life,General_Interactions
14652,waste,B1,Daily_Life,General_Interactions
14653,waste of space,B1,Science_Nature,Natural_Phenomena
14654,wasting,B1,Daily_Life,General_Interactions
14655,watch,B1,Daily_Life,General_Interactions
14656,watch what you eat,B1,Health_Medicine,Healthcare_Hospital
14657,watched,B1,Daily_Life,General_Interactions
14658,watching,B1,Daily_Life,General_Interactions
14659,water,B1,Daily_Life,General_Interactions
14660,water-filled,B1,Health_Medicine,Healthcare_Hospital
14661,waterfront,B1,Daily_Life,General_Interactions
14662,waterproof,B1,Daily_Life,General_Interactions
14663,waterway,B1,Daily_Life,General_Interactions
14664,wave,B1,Daily_Life,General_Interactions
14665,waved,B1,Daily_Life,General_Interactions
14666,wavelength,B1,Daily_Life,General_Interactions
14667,waver,B1,Daily_Life,General_Interactions
14668,waves,B1,Daily_Life,General_Interactions
14669,wavy,B1,Daily_Life,General_Interactions
14670,waxy,B1,Daily_Life,General_Interactions
14671,weaker,B1,Daily_Life,General_Interactions
14672,wealth,B1,Daily_Life,General_Interactions
14673,wealthier,B1,Daily_Life,General_Interactions
14674,wear,B1,Daily_Life,General_Interactions
14675,wear and tear,B1,Daily_Life,General_Interactions
14676,wear traditional dress,B1,Daily_Life,General_Interactions
14677,wearing,B1,Daily_Life,General_Interactions
14678,weather,B1,Science_Nature,Natural_Phenomena
14679,weather patterns,B1,Science_Nature,Natural_Phenomena
14680,weave,B1,Daily_Life,General_Interactions
14681,web,B1,Technology_Digital,Software_Internet
14682,wedded bliss,B1,Daily_Life,General_Interactions
14683,weed,B1,Daily_Life,General_Interactions
14684,week,B1,Daily_Life,General_Interactions
14685,weekday,B1,Daily_Life,General_Interactions
14686,weekends,B1,Daily_Life,General_Interactions
14687,weigh,B1,Daily_Life,General_Interactions
14688,weight,B1,Health_Medicine,Healthcare_Hospital
14689,weighty matters,B1,Health_Medicine,Healthcare_Hospital
14690,weighty problems,B1,Health_Medicine,Healthcare_Hospital
14691,weighty tome,B1,Health_Medicine,Healthcare_Hospital
14692,welcome,B1,Daily_Life,General_Interactions
14693,welcome relief,B1,Daily_Life,General_Interactions
14694,welcomed,B1,Daily_Life,General_Interactions
14695,well,B1,Daily_Life,General_Interactions
14696,well good,B1,Daily_Life,General_Interactions
14697,well qualified,B1,Daily_Life,General_Interactions
14698,well-being,B1,Daily_Life,General_Interactions
14699,well-known,B1,Daily_Life,General_Interactions
14700,wellness,B1,Health_Medicine,Mental_Health
14701,werent,B1,Daily_Life,Home_Housing
14702,west,B1,Daily_Life,General_Interactions
14703,western,B1,Daily_Life,General_Interactions
14704,western-style,B1,Daily_Life,General_Interactions
14705,wet,B1,Daily_Life,General_Interactions
14706,wetter,B1,Daily_Life,General_Interactions
14707,what's in fashion,B1,Daily_Life,General_Interactions
14708,whatever,B1,Psychology_Emotions,Feelings_Emotions
14709,wheat,B1,Health_Medicine,Healthcare_Hospital
14710,wheedle,B1,Daily_Life,General_Interactions
14711,wheel,B1,Daily_Life,General_Interactions
14712,wheelbarrow,B1,Daily_Life,General_Interactions
14713,whenever,B1,Daily_Life,General_Interactions
14714,whereas,B1,Daily_Life,General_Interactions
14715,whereby,B1,Daily_Life,General_Interactions
14716,whether,B1,Daily_Life,General_Interactions
14717,while,B1,Daily_Life,General_Interactions
14718,whimsical,B1,Daily_Life,General_Interactions
14719,whirlwind visit,B1,Daily_Life,General_Interactions
14720,whistle,B1,Daily_Life,General_Interactions
14721,whistled,B1,Daily_Life,General_Interactions
14722,whole,B1,Daily_Life,General_Interactions
14723,whole gamut of emotions,B1,Health_Medicine,Mental_Health
14724,wholeheartedly recommend,B1,Communication_Media_Arts,Arts_Creativity
14725,wholly,B1,Daily_Life,General_Interactions
14726,wide,B1,Daily_Life,General_Interactions
14727,wide choice,B1,Daily_Life,General_Interactions
14728,wide range,B1,Daily_Life,General_Interactions
14729,wide range l,B1,Daily_Life,General_Interactions
14730,wide variation,B1,Daily_Life,General_Interactions
14731,wide variety,B1,Daily_Life,General_Interactions
14732,wide-ranging,B1,Daily_Life,General_Interactions
14733,widely,B1,Daily_Life,General_Interactions
14734,widen,B1,Daily_Life,General_Interactions
14735,wider,B1,Daily_Life,General_Interactions
14736,widespread belief,B1,Communication_Media_Arts,Speaking_Expressions
14737,widespread flooding,B1,Science_Nature,Natural_Phenomena
14738,widespread looting,B1,Communication_Media_Arts,Speaking_Expressions
14739,width,B1,Daily_Life,General_Interactions
14740,wield,B1,Daily_Life,General_Interactions
14741,wild,B1,Daily_Life,General_Interactions
14742,wilder,B1,Daily_Life,General_Interactions
14743,wildlife,B1,Science_Nature,Biology_Life_Sciences
14744,wildly exaggerated,B1,Business_Finance_Economy,Economy_Markets
14745,wildly inaccurate,B1,Business_Finance_Economy,Economy_Markets
14746,win a scholarship,B1,Daily_Life,General_Interactions
14747,win an argument,B1,Communication_Media_Arts,Opinion_Discussion
14748,win someone's trust,B1,Daily_Life,General_Interactions
14749,win the battle,B1,Daily_Life,General_Interactions
14750,wind,B1,Daily_Life,General_Interactions
14751,window,B1,Daily_Life,General_Interactions
14752,wine and dine,B1,Daily_Life,General_Interactions
14753,wining and dining,B1,Daily_Life,General_Interactions
14754,winner,B1,Daily_Life,General_Interactions
14755,winning,B1,Daily_Life,General_Interactions
14756,winter,B1,Daily_Life,General_Interactions
14757,wipe,B1,Daily_Life,General_Interactions
14758,wiped,B1,Daily_Life,General_Interactions
14759,wiping,B1,Daily_Life,General_Interactions
14760,wireless hotspot,B1,Daily_Life,General_Interactions
14761,wisdom impart,B1,Communication_Media_Arts,Arts_Creativity
14762,wistful,B1,Daily_Life,General_Interactions
14763,witch,B1,Daily_Life,General_Interactions
14764,with a light heart,B1,Communication_Media_Arts,Arts_Creativity
14765,with all due respect,B1,Society_Law_Politics,Human_Rights
14766,with good qualifications,B1,Daily_Life,General_Interactions
14767,with remarkable ease,B1,Daily_Life,General_Interactions
14768,withdraw troops,B1,Business_Finance_Economy,Finance_Banking
14769,within,B1,Daily_Life,General_Interactions
14770,within living memory,B1,Psychology_Emotions,Feelings_Emotions
14771,withstand pressure,B1,Communication_Media_Arts,Media_Journalism
14772,withstand the impact,B1,Psychology_Emotions,Behavior
14773,wizened,B1,Daily_Life,General_Interactions
14774,wobbly,B1,Daily_Life,General_Interactions
14775,wolf,B1,Daily_Life,General_Interactions
14776,woman,B1,Daily_Life,General_Interactions
14777,women,B1,Daily_Life,General_Interactions
14778,wonder,B1,Daily_Life,General_Interactions
14779,wondered,B1,Daily_Life,General_Interactions
14780,wonderful,B1,Daily_Life,General_Interactions
14781,woodcutter,B1,Daily_Life,General_Interactions
14782,wooded,B1,Daily_Life,General_Interactions
14783,wooden,B1,Daily_Life,General_Interactions
14784,woodland,B1,Daily_Life,General_Interactions
14785,woody,B1,Daily_Life,General_Interactions
14786,words of wisdom,B1,Daily_Life,General_Interactions
14787,work,B1,Business_Finance_Economy,Jobs_Careers
14788,work as a team,B1,Business_Finance_Economy,Jobs_Careers
14789,work from home,B1,Business_Finance_Economy,Jobs_Careers
14790,work up an appetite,B1,Business_Finance_Economy,Jobs_Careers
14791,workday,B1,Business_Finance_Economy,Jobs_Careers
14792,worked,B1,Business_Finance_Economy,Jobs_Careers
14793,working,B1,Business_Finance_Economy,Jobs_Careers
14794,working hypothesis,B1,Business_Finance_Economy,Jobs_Careers
14795,workload,B1,Business_Finance_Economy,Jobs_Careers
14796,works,B1,Business_Finance_Economy,Jobs_Careers
14797,workshop,B1,Business_Finance_Economy,Jobs_Careers
14798,workshops,B1,Business_Finance_Economy,Jobs_Careers
14799,world,B1,Daily_Life,General_Interactions
14800,world of difference,B1,Daily_Life,General_Interactions
14801,world-wide,B1,Daily_Life,General_Interactions
14802,worldwide,B1,Daily_Life,General_Interactions
14803,worn,B1,Daily_Life,General_Interactions
14804,worried,B1,Daily_Life,General_Interactions
14805,worries,B1,Daily_Life,General_Interactions
14806,worry,B1,Psychology_Emotions,Stress_Mental_State
14807,worrying,B1,Psychology_Emotions,Stress_Mental_State
14808,worse,B1,Daily_Life,General_Interactions
14809,worship,B1,Daily_Life,General_Interactions
14810,worth,B1,Daily_Life,General_Interactions
14811,worth the effort,B1,Daily_Life,General_Interactions
14812,wouldn't say no to,B1,Communication_Media_Arts,Speaking_Expressions
14813,wrangle,B1,Daily_Life,General_Interactions
14814,wrapped,B1,Technology_Digital,Software_Internet
14815,wreak havoc,B1,Daily_Life,General_Interactions
14816,wrestle with a problem,B1,Daily_Life,General_Interactions
14817,wrestling,B1,Daily_Life,General_Interactions
14818,write,B1,Communication_Media_Arts,Writing_Language
14819,write off a debt,B1,Business_Finance_Economy,Finance_Banking
14820,writer,B1,Communication_Media_Arts,Writing_Language
14821,writhe,B1,Daily_Life,General_Interactions
14822,writing,B1,Daily_Life,General_Interactions
14823,written,B1,Daily_Life,General_Interactions
14824,wrong,B1,Daily_Life,General_Interactions
14825,wrongfully dismiss,B1,Daily_Life,General_Interactions
14826,xenophobia,B1,Daily_Life,General_Interactions
14827,yacht,B1,Daily_Life,General_Interactions
14828,yarn,B1,Daily_Life,General_Interactions
14829,yawning gap,B1,Daily_Life,General_Interactions
14830,year,B1,Daily_Life,General_Interactions
14831,year-round,B1,Daily_Life,General_Interactions
14832,yearly,B1,Daily_Life,General_Interactions
14833,yearning,B1,Daily_Life,General_Interactions
14834,yellow-green,B1,Science_Nature,Environment_Ecology
14835,yet,B1,Daily_Life,General_Interactions
14836,yield,B1,Daily_Life,General_Interactions
14837,yields,B1,Daily_Life,General_Interactions
14838,yoke,B1,Daily_Life,General_Interactions
14839,yolk,B1,Daily_Life,General_Interactions
14840,young,B1,Daily_Life,General_Interactions
14841,younger,B1,Daily_Life,General_Interactions
14842,youngest,B1,Daily_Life,General_Interactions
14843,youth,B1,Daily_Life,General_Interactions
14844,zealot,B1,Daily_Life,General_Interactions
14845,zigzaggy,B1,Daily_Life,General_Interactions
14846,zone,B1,Daily_Life,General_Interactions
14847,zones,B1,Daily_Life,General_Interactions
14848,zooplankton,B1,Daily_Life,General_Interactions
